seq,mono_ms,src_pts,d_pts_us,exp_us,cx,cy,roi,cost_us,captured_fps,pbm,radius,state,roi_x,roi_y,roi_w,roi_h
1,2243,2227253,0,250,-1,-1,1,565,50.0,1,-1.0,0,0,0,640,360
2,2288,2271692,44439,250,-1,-1,1,562,31.2,0,-1.0,0,0,0,640,360
3,2304,2293927,22235,250,-1,-1,1,2147,36.6,0,-1.0,0,0,0,640,360
4,2312,2305027,11100,250,-1,-1,1,1068,46.5,0,-1.0,0,0,0,640,360
5,2317,2316144,11117,250,-1,-1,1,527,55.6,0,-1.0,0,0,0,640,360
6,2328,2327244,11100,250,-1,-1,1,525,58.8,0,-1.0,0,0,0,640,360
7,2339,2338350,11106,250,-1,-1,1,526,61.9,0,-1.0,0,0,0,640,360
8,2350,2349461,11111,250,-1,-1,1,527,64.5,0,-1.0,0,0,0,640,360
9,2361,2360568,11107,250,-1,-1,1,526,66.7,0,-1.0,0,0,0,640,360
10,2373,2371679,11111,250,-1,-1,1,530,68.5,1,-1.0,0,0,0,640,360
11,2384,2382792,11113,250,-1,-1,1,538,70.1,0,-1.0,0,0,0,640,360
12,2395,2393901,11109,250,-1,-1,1,530,71.4,0,-1.0,0,0,0,640,360
13,2406,2405063,11162,250,-1,-1,1,606,72.2,0,-1.0,0,0,0,640,360
14,2417,2416119,11056,250,-1,-1,1,526,73.7,0,-1.0,0,0,0,640,360
15,2428,2427223,11104,250,-1,-1,1,526,74.3,0,-1.0,0,0,0,640,360
16,2439,2438338,11115,250,-1,-1,1,524,75.1,0,-1.0,0,0,0,640,360
17,2450,2449447,11109,250,-1,-1,1,524,75.9,0,-1.0,0,0,0,640,360
18,2461,2460556,11109,250,-1,-1,1,526,76.6,0,-1.0,0,0,0,640,360
19,2472,2471663,11107,250,-1,-1,1,525,77.2,1,-1.0,0,0,0,640,360
20,2484,2482773,11110,250,-1,-1,1,547,77.8,0,-1.0,0,0,0,640,360
21,2495,2493884,11111,250,-1,-1,1,544,78.4,0,-1.0,0,0,0,640,360
22,2506,2505160,11276,250,-1,-1,1,525,78.6,0,-1.0,0,0,0,640,360
23,2517,2516101,10941,250,-1,-1,1,523,79.3,0,-1.0,0,0,0,640,360
24,2528,2527208,11107,250,-1,-1,1,526,79.5,0,-1.0,0,0,0,640,360
25,2539,2538317,11109,250,-1,-1,1,527,79.9,0,-1.0,0,0,0,640,360
26,2550,2549427,11110,250,-1,-1,1,527,80.2,0,-1.0,0,0,0,640,360
27,2561,2560567,11140,250,-1,-1,1,526,80.6,0,-1.0,0,0,0,640,360
28,2573,2571644,11077,250,-1,-1,1,526,80.9,1,-1.0,0,0,0,640,360
29,2584,2582759,11115,250,-1,-1,1,545,81.2,0,-1.0,0,0,0,640,360
30,2595,2593867,11108,250,-1,-1,1,543,81.5,0,-1.0,0,0,0,640,360
31,2606,2605139,11272,250,-1,-1,1,523,81.6,0,-1.0,0,0,0,640,360
32,2617,2616085,10946,250,-1,-1,1,525,81.8,0,-1.0,0,0,0,640,360
33,2628,2627190,11105,250,-1,-1,1,524,82.1,0,-1.0,0,0,0,640,360
34,2639,2638296,11106,250,-1,-1,1,526,82.3,0,-1.0,0,0,0,640,360
35,2650,2649407,11111,250,-1,-1,1,526,82.5,0,-1.0,0,0,0,640,360
36,2661,2660519,11112,250,-1,-1,1,527,82.8,0,-1.0,0,0,0,640,360
37,2672,2671628,11109,250,-1,-1,1,525,83.0,1,-1.0,0,0,0,640,360
38,2684,2682741,11113,250,-1,-1,1,529,83.2,0,-1.0,0,0,0,640,360
39,2695,2693847,11106,250,-1,-1,1,547,83.3,0,-1.0,0,0,0,640,360
40,2706,2705089,11242,250,-1,-1,1,526,83.3,0,-1.0,0,0,0,640,360
41,2717,2716067,10978,250,-1,-1,1,524,83.7,0,-1.0,0,0,0,640,360
42,2728,2727175,11108,250,-1,-1,1,527,83.8,0,-1.0,0,0,0,640,360
43,2739,2738280,11105,250,-1,-1,1,525,83.8,0,-1.0,0,0,0,640,360
44,2750,2749391,11111,250,-1,-1,1,527,84.0,0,-1.0,0,0,0,640,360
45,2761,2760499,11108,250,-1,-1,1,527,84.1,0,-1.0,0,0,0,640,360
46,2772,2771609,11110,250,-1,-1,1,527,84.2,1,-1.0,0,0,0,640,360
47,2784,2782720,11111,250,-1,-1,1,539,84.4,0,-1.0,0,0,0,640,360
48,2795,2793833,11113,250,-1,-1,1,538,84.5,0,-1.0,0,0,0,640,360
49,2806,2805097,11264,250,-1,-1,1,601,84.5,0,-1.0,0,0,0,640,360
50,2817,2816049,10952,250,-1,-1,1,526,84.7,0,-1.0,0,0,0,640,360
51,2828,2827153,11104,250,-1,-1,1,525,84.9,0,-1.0,0,0,0,640,360
52,2839,2838269,11116,250,-1,-1,1,525,84.8,0,-1.0,0,0,0,640,360
53,2850,2849377,11108,250,-1,-1,1,525,84.9,0,-1.0,0,0,0,640,360
54,2861,2860484,11107,250,-1,-1,1,525,85.0,0,-1.0,0,0,0,640,360
55,2872,2871590,11106,250,-1,-1,1,524,85.1,1,-1.0,0,0,0,640,360
56,2884,2882703,11113,250,-1,-1,1,538,85.2,0,-1.0,0,0,0,640,360
57,2895,2893813,11110,250,-1,-1,1,539,85.3,0,-1.0,0,0,0,640,360
58,2906,2904951,11138,250,-1,-1,1,605,85.4,0,-1.0,0,0,0,640,360
59,2917,2916035,11084,250,-1,-1,1,526,85.5,0,-1.0,0,0,0,640,360
60,2928,2927137,11102,250,-1,-1,1,529,85.5,0,-1.0,0,0,0,640,360
61,2939,2938247,11110,250,-1,-1,1,527,85.6,0,-1.0,0,0,0,640,360
62,2950,2949358,11111,250,-1,-1,1,524,85.6,0,-1.0,0,0,0,640,360
63,2961,2960470,11112,250,-1,-1,1,524,85.7,0,-1.0,0,0,0,640,360
64,2972,2971576,11106,250,-1,-1,1,524,85.8,1,-1.0,0,0,0,640,360
65,2984,2982689,11113,250,-1,-1,1,543,85.9,0,-1.0,0,0,0,640,360
66,2995,2993798,11109,250,-1,-1,1,549,85.9,0,-1.0,0,0,0,640,360
67,3006,3004953,11155,250,-1,-1,1,582,86.0,0,-1.0,0,0,0,640,360
68,3017,3016017,11064,250,-1,-1,1,528,86.1,0,-1.0,0,0,0,640,360
69,3028,3027117,11100,250,-1,-1,1,527,86.1,0,-1.0,0,0,0,640,360
70,3039,3038232,11115,250,-1,-1,1,524,86.1,0,-1.0,0,0,0,640,360
71,3050,3049334,11102,250,-1,-1,1,524,86.2,0,-1.0,0,0,0,640,360
72,3061,3060450,11116,250,-1,-1,1,527,86.2,0,-1.0,0,0,0,640,360
73,3072,3071554,11104,250,-1,-1,1,527,86.3,1,-1.0,0,0,0,640,360
74,3083,3082672,11118,250,-1,-1,1,548,86.3,0,-1.0,0,0,0,640,360
75,3095,3093782,11110,250,-1,-1,1,544,86.4,0,-1.0,0,0,0,640,360
76,3106,3104889,11107,250,-1,-1,1,524,86.5,0,-1.0,0,0,0,640,360
77,3117,3115995,11106,250,-1,-1,1,525,86.5,0,-1.0,0,0,0,640,360
78,3128,3127107,11112,250,-1,-1,1,526,86.6,0,-1.0,0,0,0,640,360
79,3139,3138225,11118,250,-1,-1,1,527,86.5,0,-1.0,0,0,0,640,360
80,3150,3149321,11096,250,-1,-1,1,526,86.6,0,-1.0,0,0,0,640,360
81,3161,3160431,11110,250,-1,-1,1,524,86.6,0,-1.0,0,0,0,640,360
82,3172,3171541,11110,250,-1,-1,1,526,86.7,1,-1.0,0,0,0,640,360
83,3183,3182650,11109,250,-1,-1,1,529,86.7,0,-1.0,0,0,0,640,360
84,3195,3193763,11113,250,-1,-1,1,548,86.8,0,-1.0,0,0,0,640,360
85,3206,3204912,11149,250,-1,-1,1,605,86.8,0,-1.0,0,0,0,640,360
86,3217,3215982,11070,250,-1,-1,1,525,86.9,0,-1.0,0,0,0,640,360
87,3228,3227086,11104,250,-1,-1,1,527,86.9,0,-1.0,0,0,0,640,360
88,3242,3238198,11112,250,-1,-1,1,526,71.4,0,-1.0,0,0,0,640,360
89,3250,3249313,11115,250,-1,-1,1,525,87.0,0,-1.0,0,0,0,640,360
90,3331,3260415,11102,250,-1,-1,1,526,28.8,0,-1.0,0,0,0,640,360
91,3332,3327053,66638,250,-1,-1,1,522,38.1,1,-1.0,0,0,0,640,360
92,3340,3338275,11222,250,-1,-1,1,526,44.6,0,-1.0,0,0,0,640,360
93,3350,3349291,11016,250,-1,-1,1,543,48.8,0,-1.0,0,0,0,640,360
94,3361,3360401,11110,250,-1,-1,1,525,52.2,0,-1.0,0,0,0,640,360
95,3372,3371512,11111,250,-1,-1,1,525,55.2,0,-1.0,0,0,0,640,360
96,3383,3382613,11101,250,-1,-1,1,524,57.7,0,-1.0,0,0,0,640,360
97,3395,3393726,11113,250,-1,-1,1,526,59.9,0,-1.0,0,0,0,640,360
98,3406,3404835,11109,250,-1,-1,1,524,61.8,0,-1.0,0,0,0,640,360
99,3417,3415946,11111,250,-1,-1,1,524,63.5,0,-1.0,0,0,0,640,360
100,3428,3427052,11106,250,-1,-1,1,526,65.0,1,-1.0,0,0,0,640,360
101,3439,3438165,11113,250,-1,-1,1,542,66.0,0,-1.0,0,0,0,640,360
102,3450,3449273,11108,250,-1,-1,1,549,67.3,0,-1.0,0,0,0,640,360
103,3461,3460388,11115,250,-1,-1,1,629,68.4,0,-1.0,0,0,0,640,360
104,3472,3471492,11104,250,-1,-1,1,527,69.4,0,-1.0,0,0,0,640,360
105,3483,3482597,11105,250,-1,-1,1,526,70.3,0,-1.0,0,0,0,640,360
106,3494,3493707,11110,250,-1,-1,1,526,71.2,0,-1.0,0,0,0,640,360
107,3506,3504815,11108,250,-1,-1,1,526,71.9,0,-1.0,0,0,0,640,360
108,3517,3515924,11109,250,-1,-1,1,525,72.7,0,-1.0,0,0,0,640,360
109,3528,3527042,11118,250,-1,-1,1,524,73.3,1,-1.0,0,0,0,640,360
110,3539,3538149,11107,250,-1,-1,1,547,73.7,0,-1.0,0,0,0,640,360
111,3550,3549261,11112,250,-1,-1,1,547,74.3,0,-1.0,0,0,0,640,360
112,3561,3560368,11107,250,-1,-1,1,636,74.9,0,-1.0,0,0,0,640,360
113,3572,3571476,11108,250,-1,-1,1,526,75.4,0,-1.0,0,0,0,640,360
114,3583,3582579,11103,250,-1,-1,1,529,75.8,0,-1.0,0,0,0,640,360
115,3595,3593690,11111,250,-1,-1,1,524,76.3,0,-1.0,0,0,0,640,360
116,3606,3604800,11110,250,-1,-1,1,526,76.7,0,-1.0,0,0,0,640,360
117,3617,3615912,11112,250,-1,-1,1,524,77.1,0,-1.0,0,0,0,640,360
118,3628,3627015,11103,250,-1,-1,1,525,77.5,1,-1.0,0,0,0,640,360
119,3639,3638135,11120,250,-1,-1,1,545,77.7,0,-1.0,0,0,0,640,360
120,3650,3649239,11104,250,-1,-1,1,544,78.0,0,-1.0,0,0,0,640,360
121,3661,3660351,11112,250,-1,-1,1,633,78.3,0,-1.0,0,0,0,640,360
122,3672,3671456,11105,250,-1,-1,1,524,78.7,0,-1.0,0,0,0,640,360
123,3683,3682566,11110,250,-1,-1,1,524,78.9,0,-1.0,0,0,0,640,360
124,3695,3693670,11104,250,-1,-1,1,524,79.1,0,-1.0,0,0,0,640,360
125,3706,3704786,11116,250,-1,-1,1,530,79.5,0,-1.0,0,0,0,640,360
126,3717,3715890,11104,250,-1,-1,1,528,79.8,0,-1.0,0,0,0,640,360
127,3728,3727000,11110,250,-1,-1,1,527,80.0,1,-1.0,0,0,0,640,360
128,3739,3738113,11113,250,-1,-1,1,529,80.2,0,-1.0,0,0,0,640,360
129,3750,3749223,11110,250,-1,-1,1,526,80.3,0,-1.0,0,0,0,640,360
130,3761,3760330,11107,250,-1,-1,1,634,80.5,0,-1.0,0,0,0,640,360
131,3772,3771442,11112,250,-1,-1,1,526,80.7,0,-1.0,0,0,0,640,360
132,3783,3782547,11105,250,-1,-1,1,527,80.9,0,-1.0,0,0,0,640,360
133,3794,3793657,11110,250,-1,-1,1,525,81.1,0,-1.0,0,0,0,640,360
134,3806,3804765,11108,250,-1,-1,1,525,81.3,0,-1.0,0,0,0,640,360
135,3817,3815873,11108,250,-1,-1,1,524,81.5,0,-1.0,0,0,0,640,360
136,3828,3826987,11114,250,-1,-1,1,525,81.7,1,-1.0,0,0,0,640,360
137,3839,3838099,11112,250,-1,-1,1,544,81.8,0,-1.0,0,0,0,640,360
138,3850,3849203,11104,250,-1,-1,1,546,81.9,0,-1.0,0,0,0,640,360
139,3861,3860315,11112,250,-1,-1,1,527,82.0,0,-1.0,0,0,0,640,360
140,3872,3871426,11111,250,-1,-1,1,525,82.2,0,-1.0,0,0,0,640,360
141,3883,3882532,11106,250,-1,-1,1,524,82.3,0,-1.0,0,0,0,640,360
142,3894,3893641,11109,250,-1,-1,1,527,82.5,0,-1.0,0,0,0,640,360
143,3906,3904751,11110,250,-1,-1,1,524,82.6,0,-1.0,0,0,0,640,360
144,3917,3915859,11108,250,-1,-1,1,523,82.7,0,-1.0,0,0,0,640,360
145,3928,3926968,11109,250,-1,-1,1,524,82.9,1,-1.0,0,0,0,640,360
146,3939,3938079,11111,250,-1,-1,1,546,83.0,0,-1.0,0,0,0,640,360
147,3950,3949191,11112,250,-1,-1,1,545,83.0,0,-1.0,0,0,0,640,360
148,3961,3960300,11109,250,-1,-1,1,637,83.1,0,-1.0,0,0,0,640,360
149,3972,3971409,11109,250,-1,-1,1,527,83.2,0,-1.0,0,0,0,640,360
150,3983,3982513,11104,250,-1,-1,1,526,83.3,0,-1.0,0,0,0,640,360
151,3995,3993621,11108,250,-1,-1,1,526,83.4,0,-1.0,0,0,0,640,360
152,4006,4004729,11108,250,-1,-1,1,525,83.5,0,-1.0,0,0,0,640,360
153,4017,4015843,11114,250,-1,-1,1,525,83.7,0,-1.0,0,0,0,640,360
154,4028,4026950,11107,250,-1,-1,1,526,83.8,1,-1.0,0,0,0,640,360
155,4039,4038068,11118,250,-1,-1,1,549,83.7,0,-1.0,0,0,0,640,360
156,4050,4049176,11108,250,-1,-1,1,546,83.8,0,-1.0,0,0,0,640,360
157,4061,4060281,11105,250,-1,-1,1,636,83.9,0,-1.0,0,0,0,640,360
158,4072,4071388,11107,250,-1,-1,1,526,84.0,0,-1.0,0,0,0,640,360
159,4083,4082495,11107,250,-1,-1,1,528,84.1,0,-1.0,0,0,0,640,360
160,4094,4093602,11107,250,-1,-1,1,526,84.2,0,-1.0,0,0,0,640,360
161,4105,4104713,11111,250,-1,-1,1,525,84.3,0,-1.0,0,0,0,640,360
162,4117,4115818,11105,250,-1,-1,1,525,84.4,0,-1.0,0,0,0,640,360
163,4128,4126934,11116,250,-1,-1,1,527,84.4,1,-1.0,0,0,0,640,360
164,4140,4138045,11111,250,-1,-1,1,526,84.3,0,-1.0,0,0,0,640,360
165,4150,4149153,11108,250,-1,-1,1,528,84.5,0,-1.0,0,0,0,640,360
166,4161,4160263,11110,250,-1,-1,1,526,84.6,0,-1.0,0,0,0,640,360
167,4172,4171374,11111,250,-1,-1,1,525,84.7,0,-1.0,0,0,0,640,360
168,4183,4182478,11104,250,-1,-1,1,524,84.7,0,-1.0,0,0,0,640,360
169,4194,4193590,11112,250,-1,-1,1,525,84.8,0,-1.0,0,0,0,640,360
170,4205,4204697,11107,250,-1,-1,1,525,84.9,0,-1.0,0,0,0,640,360
171,4217,4215805,11108,250,-1,-1,1,526,84.9,0,-1.0,0,0,0,640,360
172,4228,4226917,11112,250,-1,-1,1,526,85.0,1,-1.0,0,0,0,640,360
173,4266,4260243,33326,250,-1,-1,1,633,27.0,0,-1.0,0,0,0,640,360
174,4272,4271357,11114,250,-1,-1,1,526,45.5,0,-1.0,0,0,0,640,360
175,4283,4282463,11106,250,-1,-1,1,526,54.5,0,-1.0,0,0,0,640,360
176,4294,4293570,11107,250,-1,-1,1,524,60.6,0,-1.0,0,0,0,640,360
177,4306,4304682,11112,250,-1,-1,1,523,64.9,0,-1.0,0,0,0,640,360
178,4317,4315789,11107,250,-1,-1,1,525,68.2,0,-1.0,0,0,0,640,360
179,4328,4326899,11110,250,-1,-1,1,524,70.7,0,-1.0,0,0,0,640,360
180,4417,4338003,11104,250,-1,-1,1,526,42.3,0,-1.0,0,0,0,640,360
181,4418,4415752,77749,250,-1,-1,1,519,47.6,1,-1.0,0,0,0,640,360
182,4428,4426886,11134,250,-1,-1,1,544,50.3,0,-1.0,0,0,0,640,360
183,4439,4437995,11109,250,-1,-1,1,547,52.4,0,-1.0,0,0,0,640,360
184,4450,4449102,11107,250,-1,-1,1,525,54.3,0,-1.0,0,0,0,640,360
185,4461,4460209,11107,250,-1,-1,1,525,55.8,0,-1.0,0,0,0,640,360
186,4472,4471316,11107,250,-1,-1,1,529,57.4,0,-1.0,0,0,0,640,360
187,4483,4482429,11113,250,-1,-1,1,526,58.8,0,-1.0,0,0,0,640,360
188,4494,4493536,11107,250,-1,-1,1,525,60.2,0,-1.0,0,0,0,640,360
189,4505,4504646,11110,250,-1,-1,1,525,61.4,0,-1.0,0,0,0,640,360
190,4517,4515755,11109,250,-1,-1,1,526,62.5,1,-1.0,0,0,0,640,360
191,4528,4526866,11111,250,-1,-1,1,545,63.5,0,-1.0,0,0,0,640,360
192,4539,4537978,11112,250,-1,-1,1,547,64.5,0,-1.0,0,0,0,640,360
193,4550,4549088,11110,250,-1,-1,1,634,65.2,0,-1.0,0,0,0,640,360
194,4561,4560194,11106,250,-1,-1,1,524,66.1,0,-1.0,0,0,0,640,360
195,4572,4571299,11105,250,-1,-1,1,525,66.9,0,-1.0,0,0,0,640,360
196,4583,4582412,11113,250,-1,-1,1,525,67.6,0,-1.0,0,0,0,640,360
197,4594,4593519,11107,250,-1,-1,1,525,68.3,0,-1.0,0,0,0,640,360
198,4605,4604627,11108,250,-1,-1,1,527,69.0,0,-1.0,0,0,0,640,360
199,4617,4615736,11109,250,-1,-1,1,526,69.6,1,-1.0,0,0,0,640,360
200,4628,4626851,11115,250,-1,-1,1,536,70.2,0,-1.0,0,0,0,640,360
201,4639,4637960,11109,250,-1,-1,1,531,70.7,0,-1.0,0,0,0,640,360
202,4650,4649068,11108,250,-1,-1,1,612,71.1,0,-1.0,0,0,0,640,360
203,4661,4660176,11108,250,-1,-1,1,526,71.6,0,-1.0,0,0,0,640,360
204,4672,4671281,11105,250,-1,-1,1,527,72.1,0,-1.0,0,0,0,640,360
205,4683,4682392,11111,250,-1,-1,1,525,72.5,0,-1.0,0,0,0,640,360
206,4694,4693503,11111,250,-1,-1,1,525,73.0,0,-1.0,0,0,0,640,360
207,4705,4704612,11109,250,-1,-1,1,524,73.4,0,-1.0,0,0,0,640,360
208,4717,4715717,11105,250,-1,-1,1,525,73.8,1,-1.0,0,0,0,640,360
209,4728,4726832,11115,250,-1,-1,1,546,74.1,0,-1.0,0,0,0,640,360
210,4739,4737940,11108,250,-1,-1,1,546,74.5,0,-1.0,0,0,0,640,360
211,4750,4749056,11116,250,-1,-1,1,639,74.7,0,-1.0,0,0,0,640,360
212,4761,4760158,11102,250,-1,-1,1,528,75.0,0,-1.0,0,0,0,640,360
213,4772,4771269,11111,250,-1,-1,1,525,75.4,0,-1.0,0,0,0,640,360
214,4783,4782373,11104,250,-1,-1,1,526,75.7,0,-1.0,0,0,0,640,360
215,4794,4793483,11110,250,-1,-1,1,525,76.0,0,-1.0,0,0,0,640,360
216,4805,4804591,11108,250,-1,-1,1,524,76.3,0,-1.0,0,0,0,640,360
217,4817,4815706,11115,250,-1,-1,1,525,76.5,1,-1.0,0,0,0,640,360
218,4828,4826816,11110,250,-1,-1,1,546,76.8,0,-1.0,0,0,0,640,360
219,4839,4837923,11107,250,-1,-1,1,549,77.0,0,-1.0,0,0,0,640,360
220,4850,4849035,11112,250,-1,-1,1,615,77.2,0,-1.0,0,0,0,640,360
221,4861,4860141,11106,250,-1,-1,1,526,77.5,0,-1.0,0,0,0,640,360
222,4872,4871248,11107,250,-1,-1,1,528,77.6,0,-1.0,0,0,0,640,360
223,4883,4882359,11111,250,-1,-1,1,525,77.9,0,-1.0,0,0,0,640,360
224,4894,4893465,11106,250,-1,-1,1,526,78.1,0,-1.0,0,0,0,640,360
225,4905,4904572,11107,250,-1,-1,1,526,78.3,0,-1.0,0,0,0,640,360
226,4916,4915683,11111,250,-1,-1,1,526,78.5,1,-1.0,0,0,0,640,360
227,4928,4926803,11120,250,-1,-1,1,545,78.7,0,-1.0,0,0,0,640,360
228,4939,4937908,11105,250,-1,-1,1,546,78.9,0,-1.0,0,0,0,640,360
229,4950,4949016,11108,250,-1,-1,1,525,79.1,0,-1.0,0,0,0,640,360
230,4961,4960122,11106,250,-1,-1,1,524,79.2,0,-1.0,0,0,0,640,360
231,4972,4971232,11110,250,-1,-1,1,528,79.3,0,-1.0,0,0,0,640,360
232,4983,4982341,11109,250,-1,-1,1,527,79.5,0,-1.0,0,0,0,640,360
233,4994,4993453,11112,250,-1,-1,1,528,79.6,0,-1.0,0,0,0,640,360
234,5005,5004558,11105,250,-1,-1,1,525,79.8,0,-1.0,0,0,0,640,360
235,5017,5015667,11109,250,-1,-1,1,527,79.9,1,-1.0,0,0,0,640,360
236,5028,5026780,11113,250,-1,-1,1,546,80.1,0,-1.0,0,0,0,640,360
237,5039,5037894,11114,250,-1,-1,1,545,80.2,0,-1.0,0,0,0,640,360
238,5050,5048995,11101,250,-1,-1,1,524,80.4,0,-1.0,0,0,0,640,360
239,5061,5060106,11111,250,-1,-1,1,524,80.4,0,-1.0,0,0,0,640,360
240,5072,5071210,11104,250,-1,-1,1,524,80.6,0,-1.0,0,0,0,640,360
241,5083,5082323,11113,250,-1,-1,1,525,80.7,0,-1.0,0,0,0,640,360
242,5094,5093432,11109,250,-1,-1,1,525,80.8,0,-1.0,0,0,0,640,360
243,5105,5104542,11110,250,-1,-1,1,524,81.0,0,-1.0,0,0,0,640,360
244,5116,5115652,11110,250,-1,-1,1,527,81.1,1,-1.0,0,0,0,640,360
245,5128,5126766,11114,250,-1,-1,1,542,81.2,0,-1.0,0,0,0,640,360
246,5139,5137875,11109,250,-1,-1,1,589,81.3,0,-1.0,0,0,0,640,360
247,5150,5148982,11107,250,-1,-1,1,667,81.3,0,-1.0,0,0,0,640,360
248,5161,5160086,11104,250,-1,-1,1,527,81.5,0,-1.0,0,0,0,640,360
249,5172,5171196,11110,250,-1,-1,1,527,81.6,0,-1.0,0,0,0,640,360
250,5183,5182300,11104,250,-1,-1,1,525,81.7,0,-1.0,0,0,0,640,360
251,5194,5193416,11116,250,-1,-1,1,523,81.8,0,-1.0,0,0,0,640,360
252,5205,5204525,11109,250,-1,-1,1,524,81.9,0,-1.0,0,0,0,640,360
253,5216,5215672,11147,250,-1,-1,1,525,82.0,1,-1.0,0,0,0,640,360
254,5228,5226746,11074,250,-1,-1,1,546,82.1,0,-1.0,0,0,0,640,360
255,5239,5237855,11109,250,-1,-1,1,541,82.2,0,-1.0,0,0,0,640,360
256,5261,5260065,22210,250,-1,-1,1,527,43.5,0,-1.0,0,0,0,640,360
257,5272,5271183,11118,250,-1,-1,1,525,60.6,0,-1.0,0,0,0,640,360
258,5283,5282289,11106,250,-1,-1,1,525,66.7,0,-1.0,0,0,0,640,360
259,5294,5293396,11107,250,-1,-1,1,524,71.4,0,-1.0,0,0,0,640,360
260,5305,5304508,11112,250,-1,-1,1,527,74.6,0,-1.0,0,0,0,640,360
261,5316,5315614,11106,250,-1,-1,1,525,76.9,0,-1.0,0,0,0,640,360
262,5328,5326726,11112,250,-1,-1,1,525,78.7,1,-1.0,0,0,0,640,360
263,5339,5337840,11114,250,-1,-1,1,546,80.0,0,-1.0,0,0,0,640,360
264,5350,5348949,11109,250,-1,-1,1,545,81.1,0,-1.0,0,0,0,640,360
265,5361,5360053,11104,250,-1,-1,1,523,82.0,0,-1.0,0,0,0,640,360
266,5372,5371168,11115,250,-1,-1,1,526,82.1,0,-1.0,0,0,0,640,360
267,5383,5382270,11102,250,-1,-1,1,526,82.8,0,-1.0,0,0,0,640,360
268,5394,5393385,11115,250,-1,-1,1,524,83.3,0,-1.0,0,0,0,640,360
269,5405,5404491,11106,250,-1,-1,1,524,83.8,0,-1.0,0,0,0,640,360
270,5487,5415597,11106,250,-1,-1,1,524,60.5,0,-1.0,0,0,0,640,360
271,5488,5482236,66639,250,-1,-1,1,522,64.3,1,-1.0,0,0,0,640,360
272,5494,5493467,11231,250,-1,-1,1,528,66.4,0,-1.0,0,0,0,640,360
273,5505,5504478,11011,250,-1,-1,1,543,67.4,0,-1.0,0,0,0,640,360
274,5516,5515587,11109,250,-1,-1,1,587,68.3,0,-1.0,0,0,0,640,360
275,5528,5526697,11110,250,-1,-1,1,605,69.2,0,-1.0,0,0,0,640,360
276,5539,5537807,11110,250,-1,-1,1,527,70.0,0,-1.0,0,0,0,640,360
277,5550,5548910,11103,250,-1,-1,1,556,70.7,0,-1.0,0,0,0,640,360
278,5561,5560018,11108,250,-1,-1,1,528,71.4,0,-1.0,0,0,0,640,360
279,5572,5571132,11114,250,-1,-1,1,525,72.1,0,-1.0,0,0,0,640,360
280,5583,5582236,11104,250,-1,-1,1,528,72.5,1,-1.0,0,0,0,640,360
281,5594,5593352,11116,250,-1,-1,1,545,73.0,0,-1.0,0,0,0,640,360
282,5605,5604462,11110,250,-1,-1,1,546,73.6,0,-1.0,0,0,0,640,360
283,5616,5615570,11108,250,-1,-1,1,668,74.1,0,-1.0,0,0,0,640,360
284,5627,5626676,11106,250,-1,-1,1,525,74.6,0,-1.0,0,0,0,640,360
285,5639,5637786,11110,250,-1,-1,1,525,75.0,0,-1.0,0,0,0,640,360
286,5650,5648893,11107,250,-1,-1,1,525,75.4,0,-1.0,0,0,0,640,360
287,5661,5660000,11107,250,-1,-1,1,527,75.8,0,-1.0,0,0,0,640,360
288,5672,5671114,11114,250,-1,-1,1,527,76.2,0,-1.0,0,0,0,640,360
289,5683,5682223,11109,250,-1,-1,1,524,76.4,1,-1.0,0,0,0,640,360
290,5694,5693331,11108,250,-1,-1,1,531,76.8,0,-1.0,0,0,0,640,360
291,5705,5704442,11111,250,-1,-1,1,547,77.1,0,-1.0,0,0,0,640,360
292,5716,5715551,11109,250,-1,-1,1,599,77.4,0,-1.0,0,0,0,640,360
293,5728,5726660,11109,250,-1,-1,1,525,77.7,0,-1.0,0,0,0,640,360
294,5739,5737766,11106,250,-1,-1,1,525,78.0,0,-1.0,0,0,0,640,360
295,5750,5748876,11110,250,-1,-1,1,526,78.3,0,-1.0,0,0,0,640,360
296,5761,5759984,11108,250,-1,-1,1,525,78.5,0,-1.0,0,0,0,640,360
297,5772,5771095,11111,250,-1,-1,1,527,78.7,0,-1.0,0,0,0,640,360
298,5783,5782201,11106,250,-1,-1,1,530,78.9,1,-1.0,0,0,0,640,360
299,5794,5793318,11117,250,-1,-1,1,540,79.1,0,-1.0,0,0,0,640,360
300,5805,5804423,11105,250,-1,-1,1,538,79.4,0,-1.0,0,0,0,640,360
301,5817,5815534,11111,250,-1,-1,1,639,79.6,0,-1.0,0,0,0,640,360
302,5827,5826638,11104,250,-1,-1,1,528,79.8,0,-1.0,0,0,0,640,360
303,5839,5837749,11111,250,-1,-1,1,527,80.0,0,-1.0,0,0,0,640,360
304,5850,5848856,11107,250,-1,-1,1,523,80.2,0,-1.0,0,0,0,640,360
305,5861,5859968,11112,250,-1,-1,1,525,80.4,0,-1.0,0,0,0,640,360
306,5872,5871076,11108,250,-1,-1,1,528,80.6,0,-1.0,0,0,0,640,360
307,5883,5882184,11108,250,-1,-1,1,524,80.6,1,-1.0,0,0,0,640,360
308,5894,5893302,11118,250,-1,-1,1,546,80.8,0,-1.0,0,0,0,640,360
309,5905,5904411,11109,250,-1,-1,1,546,81.0,0,-1.0,0,0,0,640,360
310,5916,5915514,11103,250,-1,-1,1,525,81.1,0,-1.0,0,0,0,640,360
311,5927,5926625,11111,250,-1,-1,1,525,81.3,0,-1.0,0,0,0,640,360
312,5939,5937731,11106,250,-1,-1,1,524,81.4,0,-1.0,0,0,0,640,360
313,5950,5948844,11113,250,-1,-1,1,529,81.6,0,-1.0,0,0,0,640,360
314,5961,5959952,11108,250,-1,-1,1,528,81.7,0,-1.0,0,0,0,640,360
315,5972,5971064,11112,250,-1,-1,1,525,81.9,0,-1.0,0,0,0,640,360
316,5983,5982169,11105,250,-1,-1,1,526,81.9,1,-1.0,0,0,0,640,360
317,5994,5993282,11113,250,-1,-1,1,547,82.0,0,-1.0,0,0,0,640,360
318,6005,6004393,11111,250,-1,-1,1,547,82.1,0,-1.0,0,0,0,640,360
319,6016,6015499,11106,250,-1,-1,1,640,82.3,0,-1.0,0,0,0,640,360
320,6027,6026606,11107,250,-1,-1,1,524,82.4,0,-1.0,0,0,0,640,360
321,6039,6037717,11111,250,-1,-1,1,524,82.5,0,-1.0,0,0,0,640,360
322,6050,6048823,11106,250,-1,-1,1,525,82.6,0,-1.0,0,0,0,640,360
323,6061,6059934,11111,250,-1,-1,1,525,82.7,0,-1.0,0,0,0,640,360
324,6072,6071040,11106,250,-1,-1,1,527,82.8,0,-1.0,0,0,0,640,360
325,6083,6082153,11113,250,-1,-1,1,526,82.8,1,-1.0,0,0,0,640,360
326,6094,6093267,11114,250,-1,-1,1,530,82.9,0,-1.0,0,0,0,640,360
327,6105,6104374,11107,250,-1,-1,1,533,83.0,0,-1.0,0,0,0,640,360
328,6116,6115479,11105,250,-1,-1,1,525,83.1,0,-1.0,0,0,0,640,360
329,6127,6126589,11110,250,-1,-1,1,527,83.2,0,-1.0,0,0,0,640,360
330,6138,6137698,11109,250,-1,-1,1,528,83.3,0,-1.0,0,0,0,640,360
331,6150,6148810,11112,250,-1,-1,1,525,83.4,0,-1.0,0,0,0,640,360
332,6161,6159917,11107,250,-1,-1,1,525,83.5,0,-1.0,0,0,0,640,360
333,6172,6171027,11110,250,-1,-1,1,525,83.6,0,-1.0,0,0,0,640,360
334,6183,6182130,11103,250,-1,-1,1,525,83.7,1,-1.0,0,0,0,640,360
335,6194,6193248,11118,250,-1,-1,1,548,83.7,0,-1.0,0,0,0,640,360
336,6205,6204354,11106,250,-1,-1,1,544,83.8,0,-1.0,0,0,0,640,360
337,6216,6215464,11110,250,-1,-1,1,662,83.8,0,-1.0,0,0,0,640,360
338,6227,6226572,11108,250,-1,-1,1,528,83.9,0,-1.0,0,0,0,640,360
339,6238,6237681,11109,250,-1,-1,1,527,84.0,0,-1.0,0,0,0,640,360
340,6253,6248789,11108,250,-1,-1,1,526,71.4,0,-1.0,0,0,0,640,360
341,6261,6259904,11115,250,-1,-1,1,527,90.9,0,-1.0,0,0,0,640,360
342,6272,6271008,11104,250,-1,-1,1,525,90.9,0,-1.0,0,0,0,640,360
343,6283,6282116,11108,250,-1,-1,1,525,90.9,1,-1.0,0,0,0,640,360
344,6294,6293231,11115,250,-1,-1,1,531,89.3,0,-1.0,0,0,0,640,360
345,6305,6304339,11108,250,-1,-1,1,529,89.6,0,-1.0,0,0,0,640,360
346,6316,6315446,11107,250,-1,-1,1,643,89.7,0,-1.0,0,0,0,640,360
347,6327,6326557,11111,250,-1,-1,1,529,89.9,0,-1.0,0,0,0,640,360
348,6338,6337659,11102,250,-1,-1,1,524,90.0,0,-1.0,0,0,0,640,360
349,6350,6348772,11113,250,-1,-1,1,524,90.1,0,-1.0,0,0,0,640,360
350,6361,6359880,11108,250,-1,-1,1,523,90.2,0,-1.0,0,0,0,640,360
351,6372,6370991,11111,250,-1,-1,1,525,90.2,0,-1.0,0,0,0,640,360
352,6383,6382100,11109,250,-1,-1,1,524,90.3,1,-1.0,0,0,0,640,360
353,6394,6393211,11111,250,-1,-1,1,539,89.7,0,-1.0,0,0,0,640,360
354,6405,6404320,11109,250,-1,-1,1,541,89.8,0,-1.0,0,0,0,640,360
355,6416,6415431,11111,250,-1,-1,1,545,89.9,0,-1.0,0,0,0,640,360
356,6427,6426539,11108,250,-1,-1,1,525,89.9,0,-1.0,0,0,0,640,360
357,6439,6437646,11107,250,-1,-1,1,526,90.0,0,-1.0,0,0,0,640,360
358,6450,6448751,11105,250,-1,-1,1,527,90.0,0,-1.0,0,0,0,640,360
359,6461,6459863,11112,250,-1,-1,1,526,90.1,0,-1.0,0,0,0,640,360
360,6514,6470969,11106,250,-1,-1,1,2209,75.8,0,-1.0,0,0,0,640,360
361,6517,6515394,44425,250,-1,-1,1,522,79.1,1,-1.0,0,0,0,640,360
362,6527,6526527,11133,250,-1,-1,1,525,79.6,0,-1.0,0,0,0,640,360
363,6538,6537627,11100,250,-1,-1,1,527,80.0,0,-1.0,0,0,0,640,360
364,6550,6548743,11116,250,-1,-1,1,526,80.4,0,-1.0,0,0,0,640,360
365,6561,6559850,11107,250,-1,-1,1,533,80.7,0,-1.0,0,0,0,640,360
366,6572,6570960,11110,250,-1,-1,1,634,80.8,0,-1.0,0,0,0,640,360
367,6583,6582063,11103,250,-1,-1,1,528,81.2,0,-1.0,0,0,0,640,360
368,6594,6593180,11117,250,-1,-1,1,525,81.7,0,-1.0,0,0,0,640,360
369,6605,6604286,11106,250,-1,-1,1,524,81.7,0,-1.0,0,0,0,640,360
370,6616,6615396,11110,250,-1,-1,1,525,82.0,1,-1.0,0,0,0,640,360
371,6627,6626508,11112,250,-1,-1,1,544,82.3,0,-1.0,0,0,0,640,360
372,6638,6637616,11108,250,-1,-1,1,545,82.5,0,-1.0,0,0,0,640,360
373,6650,6648721,11105,250,-1,-1,1,525,82.7,0,-1.0,0,0,0,640,360
374,6661,6659836,11115,250,-1,-1,1,525,82.9,0,-1.0,0,0,0,640,360
375,6672,6670937,11101,250,-1,-1,1,525,83.1,0,-1.0,0,0,0,640,360
376,6683,6682050,11113,250,-1,-1,1,527,83.3,0,-1.0,0,0,0,640,360
377,6694,6693155,11105,250,-1,-1,1,527,83.5,0,-1.0,0,0,0,640,360
378,6705,6704267,11112,250,-1,-1,1,528,83.5,0,-1.0,0,0,0,640,360
379,6716,6715373,11106,250,-1,-1,1,527,83.7,1,-1.0,0,0,0,640,360
380,6727,6726488,11115,250,-1,-1,1,546,83.8,0,-1.0,0,0,0,640,360
381,6738,6737593,11105,250,-1,-1,1,545,84.0,0,-1.0,0,0,0,640,360
382,6750,6748707,11114,250,-1,-1,1,525,84.1,0,-1.0,0,0,0,640,360
383,6761,6759814,11107,250,-1,-1,1,525,84.3,0,-1.0,0,0,0,640,360
384,6772,6770924,11110,250,-1,-1,1,524,84.4,0,-1.0,0,0,0,640,360
385,6783,6782029,11105,250,-1,-1,1,524,84.6,0,-1.0,0,0,0,640,360
386,6794,6793140,11111,250,-1,-1,1,527,84.5,0,-1.0,0,0,0,640,360
387,6805,6804245,11105,250,-1,-1,1,526,84.7,0,-1.0,0,0,0,640,360
388,6816,6815358,11113,250,-1,-1,1,524,84.8,1,-1.0,0,0,0,640,360
389,6827,6826471,11113,250,-1,-1,1,529,84.9,0,-1.0,0,0,0,640,360
390,6838,6837583,11112,250,-1,-1,1,547,85.0,0,-1.0,0,0,0,640,360
391,6850,6848690,11107,250,-1,-1,1,525,85.1,0,-1.0,0,0,0,640,360
392,6861,6859801,11111,250,-1,-1,1,525,85.2,0,-1.0,0,0,0,640,360
393,6872,6870908,11107,250,-1,-1,1,525,85.3,0,-1.0,0,0,0,640,360
394,6883,6882017,11109,250,-1,-1,1,525,85.4,0,-1.0,0,0,0,640,360
395,6894,6893125,11108,250,-1,-1,1,524,85.5,0,-1.0,0,0,0,640,360
396,6905,6904233,11108,250,-1,-1,1,626,85.5,0,-1.0,0,0,0,640,360
397,6916,6915339,11106,250,-1,-1,1,526,85.5,1,-1.0,0,0,0,640,360
398,6927,6926455,11116,250,-1,-1,1,531,85.6,0,-1.0,0,0,0,640,360
399,6938,6937563,11108,250,-1,-1,1,532,85.7,0,-1.0,0,0,0,640,360
400,6949,6948671,11108,250,-1,-1,1,526,85.8,0,-1.0,0,0,0,640,360
401,6961,6959779,11108,250,-1,-1,1,526,85.9,0,-1.0,0,0,0,640,360
402,6972,6970884,11105,250,-1,-1,1,526,85.9,0,-1.0,0,0,0,640,360
403,6983,6981996,11112,250,-1,-1,1,524,86.0,0,-1.0,0,0,0,640,360
404,6994,6993107,11111,250,-1,-1,1,526,86.1,0,-1.0,0,0,0,640,360
405,7005,7004215,11108,250,-1,-1,1,526,86.0,0,-1.0,0,0,0,640,360
406,7016,7015324,11109,250,-1,-1,1,529,86.1,1,-1.0,0,0,0,640,360
407,7027,7026439,11115,250,-1,-1,1,544,86.2,0,-1.0,0,0,0,640,360
408,7038,7037546,11107,250,-1,-1,1,542,86.2,0,-1.0,0,0,0,640,360
409,7049,7048651,11105,250,-1,-1,1,538,86.3,0,-1.0,0,0,0,640,360
410,7061,7059768,11117,250,-1,-1,1,526,86.4,0,-1.0,0,0,0,640,360
411,7072,7070872,11104,250,-1,-1,1,524,86.4,0,-1.0,0,0,0,640,360
412,7083,7081981,11109,250,-1,-1,1,527,86.5,0,-1.0,0,0,0,640,360
413,7094,7093088,11107,250,-1,-1,1,526,86.5,0,-1.0,0,0,0,640,360
414,7105,7104199,11111,250,-1,-1,1,525,86.5,0,-1.0,0,0,0,640,360
415,7116,7115305,11106,250,-1,-1,1,525,86.6,1,-1.0,0,0,0,640,360
416,7127,7126423,11118,250,-1,-1,1,546,86.6,0,-1.0,0,0,0,640,360
417,7138,7137527,11104,250,-1,-1,1,544,86.7,0,-1.0,0,0,0,640,360
418,7150,7148640,11113,250,-1,-1,1,526,86.7,0,-1.0,0,0,0,640,360
419,7161,7159747,11107,250,-1,-1,1,524,86.8,0,-1.0,0,0,0,640,360
420,7172,7170856,11109,250,-1,-1,1,525,86.8,0,-1.0,0,0,0,640,360
421,7183,7181960,11104,250,-1,-1,1,527,86.9,0,-1.0,0,0,0,640,360
422,7194,7193072,11112,250,-1,-1,1,539,86.8,0,-1.0,0,0,0,640,360
423,7205,7204179,11107,250,-1,-1,1,526,87.0,0,-1.0,0,0,0,640,360
424,7216,7215290,11111,250,-1,-1,1,525,86.9,1,-1.0,0,0,0,640,360
425,7227,7226404,11114,250,-1,-1,1,546,87.0,0,-1.0,0,0,0,640,360
426,7238,7237515,11111,250,-1,-1,1,548,87.0,0,-1.0,0,0,0,640,360
427,7260,7248622,11107,250,-1,-1,1,526,45.5,0,-1.0,0,0,0,640,360
428,7261,7259720,11098,250,-1,-1,1,521,87.0,0,-1.0,0,0,0,640,360
429,7272,7270840,11120,250,-1,-1,1,524,90.9,0,-1.0,0,0,0,640,360
430,7283,7281946,11106,250,-1,-1,1,525,90.9,0,-1.0,0,0,0,640,360
431,7294,7293055,11109,250,-1,-1,1,530,90.9,0,-1.0,0,0,0,640,360
432,7305,7304164,11109,250,-1,-1,1,555,89.6,0,-1.0,0,0,0,640,360
433,7316,7315269,11105,250,-1,-1,1,571,89.7,1,-1.0,0,0,0,640,360
434,7327,7326386,11117,250,-1,-1,1,556,89.9,0,-1.0,0,0,0,640,360
435,7338,7337491,11105,250,-1,-1,1,531,90.0,0,-1.0,0,0,0,640,360
436,7349,7348604,11113,250,-1,-1,1,535,90.1,0,-1.0,0,0,0,640,360
437,7360,7359711,11107,250,-1,-1,1,543,90.2,0,-1.0,0,0,0,640,360
438,7372,7370819,11108,250,-1,-1,1,560,90.2,0,-1.0,0,0,0,640,360
439,7383,7381929,11110,250,-1,-1,1,551,90.3,0,-1.0,0,0,0,640,360
440,7394,7393035,11106,250,-1,-1,1,566,90.3,0,-1.0,0,0,0,640,360
441,7405,7404146,11111,250,-1,-1,1,566,90.4,0,-1.0,0,0,0,640,360
442,7416,7415258,11112,250,-1,-1,1,568,89.9,1,-1.0,0,0,0,640,360
443,7427,7426369,11111,250,-1,-1,1,585,89.9,0,-1.0,0,0,0,640,360
444,7438,7437476,11107,250,-1,-1,1,556,90.0,0,-1.0,0,0,0,640,360
445,7449,7448584,11108,250,-1,-1,1,573,90.0,0,-1.0,0,0,0,640,360
446,7461,7459695,11111,250,-1,-1,1,527,90.1,0,-1.0,0,0,0,640,360
447,7472,7470800,11105,250,-1,-1,1,526,90.1,0,-1.0,0,0,0,640,360
448,7483,7481912,11112,250,-1,-1,1,526,90.2,0,-1.0,0,0,0,640,360
449,7494,7493018,11106,250,-1,-1,1,526,90.2,0,-1.0,0,0,0,640,360
450,7548,7504131,11113,250,-1,-1,1,2032,77.2,0,-1.0,0,0,0,640,360
451,7550,7548549,44418,250,-1,-1,1,522,80.1,1,-1.0,0,0,0,640,360
452,7561,7559678,11129,250,-1,-1,1,527,80.7,0,-1.0,0,0,0,640,360
453,7572,7570785,11107,250,-1,-1,1,526,81.1,0,-1.0,0,0,0,640,360
454,7583,7581890,11105,250,-1,-1,1,527,81.4,0,-1.0,0,0,0,640,360
455,7594,7593008,11118,250,-1,-1,1,564,81.5,0,-1.0,0,0,0,640,360
456,7605,7604115,11107,250,-1,-1,1,629,81.7,0,-1.0,0,0,0,640,360
457,7617,7615226,11111,250,-1,-1,1,531,82.0,0,-1.0,0,0,0,640,360
458,7627,7626332,11106,250,-1,-1,1,527,82.3,0,-1.0,0,0,0,640,360
459,7638,7637443,11111,250,-1,-1,1,524,82.5,0,-1.0,0,0,0,640,360
460,7649,7648547,11104,250,-1,-1,1,524,82.7,1,-1.0,0,0,0,640,360
461,7660,7659663,11116,250,-1,-1,1,543,82.9,0,-1.0,0,0,0,640,360
462,7672,7670773,11110,250,-1,-1,1,548,83.1,0,-1.0,0,0,0,640,360
463,7683,7681881,11108,250,-1,-1,1,525,83.3,0,-1.0,0,0,0,640,360
464,7694,7692987,11106,250,-1,-1,1,525,83.5,0,-1.0,0,0,0,640,360
465,7705,7704097,11110,250,-1,-1,1,524,83.7,0,-1.0,0,0,0,640,360
466,7716,7715206,11109,250,-1,-1,1,525,83.7,0,-1.0,0,0,0,640,360
467,7727,7726315,11109,250,-1,-1,1,528,83.8,0,-1.0,0,0,0,640,360
468,7738,7737418,11103,250,-1,-1,1,527,84.0,0,-1.0,0,0,0,640,360
469,7749,7748533,11115,250,-1,-1,1,527,84.1,1,-1.0,0,0,0,640,360
470,7760,7759645,11112,250,-1,-1,1,531,84.3,0,-1.0,0,0,0,640,360
471,7772,7770755,11110,250,-1,-1,1,545,84.4,0,-1.0,0,0,0,640,360
472,7783,7781862,11107,250,-1,-1,1,527,84.6,0,-1.0,0,0,0,640,360
473,7794,7792970,11108,250,-1,-1,1,524,84.7,0,-1.0,0,0,0,640,360
474,7805,7804077,11107,250,-1,-1,1,525,84.8,0,-1.0,0,0,0,640,360
475,7816,7815186,11109,250,-1,-1,1,524,84.8,0,-1.0,0,0,0,640,360
476,7827,7826295,11109,250,-1,-1,1,525,84.9,0,-1.0,0,0,0,640,360
477,7838,7837406,11111,250,-1,-1,1,524,85.0,0,-1.0,0,0,0,640,360
478,7849,7848513,11107,250,-1,-1,1,527,85.1,1,-1.0,0,0,0,640,360
479,7860,7859631,11118,250,-1,-1,1,540,85.2,0,-1.0,0,0,0,640,360
480,7872,7870734,11103,250,-1,-1,1,536,85.3,0,-1.0,0,0,0,640,360
481,7883,7881846,11112,250,-1,-1,1,522,85.4,0,-1.0,0,0,0,640,360
482,7894,7892951,11105,250,-1,-1,1,528,85.5,0,-1.0,0,0,0,640,360
483,7905,7904061,11110,250,-1,-1,1,527,85.6,0,-1.0,0,0,0,640,360
484,7916,7915170,11109,250,-1,-1,1,527,85.5,0,-1.0,0,0,0,640,360
485,7927,7926280,11110,250,-1,-1,1,524,85.6,0,-1.0,0,0,0,640,360
486,7938,7937391,11111,250,-1,-1,1,526,85.7,0,-1.0,0,0,0,640,360
487,7949,7948500,11109,250,-1,-1,1,526,85.8,1,-1.0,0,0,0,640,360
488,7960,7959610,11110,250,-1,-1,1,544,85.9,0,-1.0,0,0,0,640,360
489,7972,7970721,11111,250,-1,-1,1,549,85.9,0,-1.0,0,0,0,640,360
490,7983,7981829,11108,250,-1,-1,1,527,86.0,0,-1.0,0,0,0,640,360
491,7994,7992940,11111,250,-1,-1,1,525,86.1,0,-1.0,0,0,0,640,360
492,8005,8004041,11101,250,-1,-1,1,523,86.2,0,-1.0,0,0,0,640,360
493,8016,8015151,11110,250,-1,-1,1,525,86.2,0,-1.0,0,0,0,640,360
494,8027,8026263,11112,250,-1,-1,1,527,86.2,0,-1.0,0,0,0,640,360
495,8038,8037369,11106,250,-1,-1,1,527,86.2,0,-1.0,0,0,0,640,360
496,8049,8048478,11109,250,-1,-1,1,526,86.3,1,-1.0,0,0,0,640,360
497,8060,8059591,11113,250,-1,-1,1,522,86.4,0,-1.0,0,0,0,640,360
498,8072,8070703,11112,250,-1,-1,1,547,86.4,0,-1.0,0,0,0,640,360
499,8083,8081812,11109,250,-1,-1,1,526,86.5,0,-1.0,0,0,0,640,360
500,8094,8092915,11103,250,-1,-1,1,525,86.5,0,-1.0,0,0,0,640,360
501,8105,8104031,11116,250,-1,-1,1,525,86.6,0,-1.0,0,0,0,640,360
502,8116,8115134,11103,250,-1,-1,1,613,86.6,0,-1.0,0,0,0,640,360
503,8127,8126247,11113,250,-1,-1,1,526,86.6,0,-1.0,0,0,0,640,360
504,8138,8137352,11105,250,-1,-1,1,542,86.7,0,-1.0,0,0,0,640,360
505,8149,8148463,11111,250,-1,-1,1,556,86.7,1,-1.0,0,0,0,640,360
506,8161,8159576,11113,250,-1,-1,1,587,86.8,0,-1.0,0,0,0,640,360
507,8172,8170688,11112,250,-1,-1,1,577,86.8,0,-1.0,0,0,0,640,360
508,8183,8181793,11105,250,-1,-1,1,580,86.9,0,-1.0,0,0,0,640,360
509,8194,8192903,11110,250,-1,-1,1,658,86.9,0,-1.0,0,0,0,640,360
510,8205,8204013,11110,250,-1,-1,1,589,86.9,0,-1.0,0,0,0,640,360
511,8216,8215122,11109,250,-1,-1,1,583,86.9,0,-1.0,0,0,0,640,360
512,8227,8226229,11107,250,-1,-1,1,571,87.0,0,-1.0,0,0,0,640,360
513,8238,8237339,11110,250,-1,-1,1,558,87.0,0,-1.0,0,0,0,640,360
514,8253,8248450,11111,250,-1,-1,1,526,71.4,1,-1.0,0,0,0,640,360
515,8260,8259563,11113,250,-1,-1,1,538,90.9,0,-1.0,0,0,0,640,360
516,8272,8270668,11105,250,-1,-1,1,561,88.2,0,-1.0,0,0,0,640,360
517,8283,8281782,11114,250,-1,-1,1,554,90.9,0,-1.0,0,0,0,640,360
518,8294,8292886,11104,250,-1,-1,1,538,90.9,0,-1.0,0,0,0,640,360
519,8305,8303997,11111,250,-1,-1,1,524,90.9,0,-1.0,0,0,0,640,360
520,8316,8315100,11103,250,-1,-1,1,526,90.9,0,-1.0,0,0,0,640,360
521,8327,8326214,11114,250,-1,-1,1,526,89.9,0,-1.0,0,0,0,640,360
522,8338,8337318,11104,250,-1,-1,1,525,90.0,0,-1.0,0,0,0,640,360
523,8349,8348433,11115,250,-1,-1,1,542,90.1,1,-1.0,0,0,0,640,360
524,8360,8359544,11111,250,-1,-1,1,579,90.2,0,-1.0,0,0,0,640,360
525,8371,8370655,11111,250,-1,-1,1,579,90.2,0,-1.0,0,0,0,640,360
526,8383,8381758,11103,250,-1,-1,1,566,90.3,0,-1.0,0,0,0,640,360
527,8394,8392867,11109,250,-1,-1,1,562,90.3,0,-1.0,0,0,0,640,360
528,8405,8403976,11109,250,-1,-1,1,565,90.4,0,-1.0,0,0,0,640,360
529,8416,8415084,11108,250,-1,-1,1,564,90.4,0,-1.0,0,0,0,640,360
530,8427,8426194,11110,250,-1,-1,1,569,89.9,0,-1.0,0,0,0,640,360
531,8438,8437303,11109,250,-1,-1,1,567,90.0,0,-1.0,0,0,0,640,360
532,8449,8448412,11109,250,-1,-1,1,571,90.0,1,-1.0,0,0,0,640,360
533,8460,8459526,11114,250,-1,-1,1,585,90.1,0,-1.0,0,0,0,640,360
534,8471,8470631,11105,250,-1,-1,1,591,90.1,0,-1.0,0,0,0,640,360
535,8483,8481739,11108,250,-1,-1,1,572,90.2,0,-1.0,0,0,0,640,360
536,8494,8492852,11113,250,-1,-1,1,568,90.2,0,-1.0,0,0,0,640,360
537,8505,8503961,11109,250,-1,-1,1,569,90.2,0,-1.0,0,0,0,640,360
538,8516,8515064,11103,250,-1,-1,1,564,90.3,0,-1.0,0,0,0,640,360
539,8527,8526179,11115,250,-1,-1,1,572,90.0,0,-1.0,0,0,0,640,360
540,8583,8537285,11106,250,-1,-1,1,673,78.3,0,-1.0,0,0,0,640,360
541,8584,8581717,44432,250,-1,-1,1,603,80.9,1,-1.0,0,0,0,640,360
542,8594,8592838,11121,250,-1,-1,1,570,81.7,0,-1.0,0,0,0,640,360
543,8605,8603942,11104,250,-1,-1,1,570,82.0,0,-1.0,0,0,0,640,360
544,8616,8615054,11112,250,-1,-1,1,573,82.0,0,-1.0,0,0,0,640,360
545,8627,8626163,11109,250,-1,-1,1,590,82.3,0,-1.0,0,0,0,640,360
546,8638,8637275,11112,250,-1,-1,1,590,82.5,0,-1.0,0,0,0,640,360
547,8649,8648377,11102,250,-1,-1,1,541,82.7,0,-1.0,0,0,0,640,360
548,8660,8659492,11115,250,-1,-1,1,573,82.9,0,-1.0,0,0,0,640,360
549,8671,8670595,11103,250,-1,-1,1,568,83.1,0,-1.0,0,0,0,640,360
550,8683,8681705,11110,250,380,295,0,575,81.5,1,23.8,1,0,0,640,360
551,8694,8692819,11114,250,382,302,0,174,83.5,0,24.1,1,298,206,154,154
552,8705,8703930,11111,250,-1,-1,1,138,83.7,0,-1.0,1,304,211,149,149
553,8716,8715036,11106,250,387,317,2,147,83.9,0,24.0,1,297,204,156,156
554,8727,8726142,11106,250,-1,-1,1,562,83.8,0,-1.0,1,0,0,640,360
555,8738,8737251,11109,250,-1,-1,1,139,84.2,0,-1.0,1,309,200,160,160
556,8749,8748353,11102,250,-1,-1,1,528,82.4,0,-1.0,2,0,0,640,360
557,8761,8759471,11118,250,-1,-1,1,528,84.3,0,-1.0,2,0,0,640,360
558,8771,8770580,11109,250,-1,-1,1,536,84.4,0,-1.0,2,0,0,640,360
559,8783,8781686,11106,250,-1,-1,1,574,84.6,1,-1.0,2,0,0,640,360
560,8794,8792801,11115,250,-1,-1,1,565,84.7,0,-1.0,2,0,0,640,360
561,8805,8803910,11109,250,-1,-1,1,567,84.8,0,-1.0,2,0,0,640,360
562,8816,8815019,11109,250,-1,-1,1,549,84.8,0,-1.0,2,0,0,640,360
563,8827,8826129,11110,250,-1,-1,1,552,85.0,0,-1.0,2,0,0,640,360
564,8838,8837236,11107,250,-1,-1,1,550,85.0,0,-1.0,2,0,0,640,360
565,8849,8848343,11107,250,-1,-1,1,554,85.1,0,-1.0,2,0,0,640,360
566,8860,8859453,11110,250,-1,-1,1,557,85.2,0,-1.0,2,0,0,640,360
567,8871,8870558,11105,250,-1,-1,1,559,85.3,0,-1.0,2,0,0,640,360
568,8882,8881671,11113,250,-1,-1,1,560,85.4,1,-1.0,2,0,0,640,360
569,8894,8892781,11110,250,-1,-1,1,583,85.5,0,-1.0,2,0,0,640,360
570,8905,8903893,11112,250,-1,-1,1,589,85.5,0,-1.0,2,0,0,640,360
571,8916,8915002,11109,250,-1,-1,1,565,85.7,0,-1.0,2,0,0,640,360
572,8927,8926111,11109,250,-1,-1,1,566,85.8,0,-1.0,2,0,0,640,360
573,8938,8937216,11105,250,-1,-1,1,564,85.7,0,-1.0,2,0,0,640,360
574,8949,8948325,11109,250,-1,-1,1,564,85.8,0,-1.0,2,0,0,640,360
575,8960,8959432,11107,250,-1,-1,1,565,85.9,0,-1.0,2,0,0,640,360
576,8971,8970545,11113,250,-1,-1,1,560,85.9,0,-1.0,2,0,0,640,360
577,8982,8981656,11111,250,-1,-1,1,556,86.0,1,-1.0,2,0,0,640,360
578,8994,8992770,11114,250,327,73,0,582,83.2,0,51.8,1,0,0,640,360
579,9020,9014974,22204,250,-1,-1,1,563,84.5,0,-1.0,1,0,0,640,360
580,9027,9026095,11121,250,324,80,0,569,84.9,0,54.5,1,0,0,640,360
581,9038,9037202,11107,250,-1,-1,1,564,85.0,0,-1.0,1,0,0,640,360
582,9049,9048308,11106,250,-1,-1,1,565,85.1,0,-1.0,1,0,0,640,360
583,9060,9059421,11113,250,-1,-1,1,567,84.2,0,-1.0,2,0,0,640,360
584,9071,9070531,11110,250,-1,-1,1,570,85.2,0,-1.0,2,0,0,640,360
585,9083,9081638,11107,250,-1,-1,1,578,85.3,0,-1.0,2,0,0,640,360
586,9094,9092743,11105,250,-1,-1,1,577,85.4,1,-1.0,2,0,0,640,360
587,9105,9103860,11117,250,-1,-1,1,591,85.5,0,-1.0,2,0,0,640,360
588,9116,9114970,11110,250,-1,-1,1,587,85.5,0,-1.0,2,0,0,640,360
589,9127,9126076,11106,250,-1,-1,1,586,85.5,0,-1.0,2,0,0,640,360
590,9138,9137184,11108,250,-1,-1,1,585,85.6,0,-1.0,2,0,0,640,360
591,9149,9148294,11110,250,-1,-1,1,585,85.6,0,-1.0,2,0,0,640,360
592,9160,9159405,11111,250,-1,-1,1,587,85.7,0,-1.0,2,0,0,640,360
593,9172,9170511,11106,250,-1,-1,1,586,85.7,0,-1.0,2,0,0,640,360
594,9182,9181620,11109,250,287,176,0,588,84.8,0,78.8,1,0,0,640,360
595,9194,9192733,11113,250,-1,-1,1,589,85.8,1,-1.0,1,0,0,640,360
596,9205,9203843,11110,250,-1,-1,1,605,85.9,0,-1.0,1,0,0,640,360
597,9216,9215029,11186,250,-1,-1,1,582,84.9,0,-1.0,2,0,0,640,360
598,9228,9226060,11031,250,-1,-1,1,657,85.9,0,-1.0,2,0,0,640,360
599,9238,9237168,11108,250,-1,-1,1,571,86.0,0,-1.0,2,0,0,640,360
600,9249,9248278,11110,250,-1,-1,1,563,90.9,0,-1.0,2,0,0,640,360
601,9260,9259384,11106,250,-1,-1,1,554,90.9,0,-1.0,2,0,0,640,360
602,9271,9270490,11106,250,-1,-1,1,552,90.9,0,-1.0,2,0,0,640,360
603,9282,9281604,11114,250,-1,-1,1,554,90.9,0,-1.0,2,0,0,640,360
604,9293,9292708,11104,250,-1,-1,1,555,90.9,1,-1.0,2,0,0,640,360
605,9305,9303824,11116,250,-1,-1,1,578,90.9,0,-1.0,2,0,0,640,360
606,9316,9314935,11111,250,-1,-1,1,582,90.9,0,-1.0,2,0,0,640,360
607,9327,9326045,11110,250,-1,-1,1,558,90.9,0,-1.0,2,0,0,640,360
608,9338,9337155,11110,250,-1,-1,1,563,90.0,0,-1.0,2,0,0,640,360
609,9349,9348262,11107,250,-1,-1,1,574,90.1,0,-1.0,2,0,0,640,360
610,9360,9359370,11108,250,-1,-1,1,579,90.2,0,-1.0,2,0,0,640,360
611,9371,9370476,11106,250,-1,-1,1,584,90.2,0,-1.0,2,0,0,640,360
612,9382,9381585,11109,250,-1,-1,1,564,90.3,0,-1.0,2,0,0,640,360
613,9394,9392695,11110,250,-1,-1,1,571,90.3,1,-1.0,2,0,0,640,360
614,9405,9403804,11109,250,-1,-1,1,571,90.4,0,-1.0,2,0,0,640,360
615,9416,9414915,11111,250,-1,-1,1,607,90.4,0,-1.0,2,0,0,640,360
616,9427,9426079,11164,250,-1,-1,1,588,90.4,0,-1.0,2,0,0,640,360
617,9438,9437142,11063,250,-1,-1,1,593,90.0,0,-1.0,2,0,0,640,360
618,9449,9448243,11101,250,-1,-1,1,588,90.0,0,-1.0,2,0,0,640,360
619,9460,9459350,11107,250,-1,-1,1,571,90.1,0,-1.0,2,0,0,640,360
620,9471,9470457,11107,250,-1,-1,1,580,90.1,0,-1.0,2,0,0,640,360
621,9482,9481571,11114,250,-1,-1,1,586,90.2,0,-1.0,2,0,0,640,360
622,9493,9492677,11106,250,-1,-1,1,591,90.2,1,-1.0,2,0,0,640,360
623,9505,9503790,11113,250,-1,-1,1,628,90.2,0,-1.0,2,0,0,640,360
624,9516,9514903,11113,250,-1,-1,1,611,90.3,0,-1.0,2,0,0,640,360
625,9527,9526008,11105,250,-1,-1,1,579,90.0,0,-1.0,2,0,0,640,360
626,9538,9537118,11110,250,-1,-1,1,573,90.3,0,-1.0,2,0,0,640,360
627,9549,9548222,11104,250,-1,-1,1,586,90.0,0,-1.0,2,0,0,640,360
628,9560,9559333,11111,250,-1,-1,1,580,90.1,0,-1.0,2,0,0,640,360
629,9571,9570445,11112,250,-1,-1,1,558,90.1,0,-1.0,2,0,0,640,360
630,9627,9581554,11109,250,-1,-1,1,690,73.1,0,-1.0,0,0,0,640,360
631,9663,9659302,77748,250,-1,-1,1,662,75.3,1,-1.0,0,0,0,640,360
632,9671,9670427,11125,250,-1,-1,1,590,76.2,0,-1.0,0,0,0,640,360
633,9682,9681540,11113,250,-1,-1,1,595,76.6,0,-1.0,0,0,0,640,360
634,9693,9692643,11103,250,-1,-1,1,589,76.9,0,-1.0,0,0,0,640,360
635,9705,9703755,11112,250,-1,-1,1,581,77.3,0,-1.0,0,0,0,640,360
636,9716,9714862,11107,250,-1,-1,1,583,77.6,0,-1.0,0,0,0,640,360
637,9727,9725971,11109,250,-1,-1,1,580,77.9,0,-1.0,0,0,0,640,360
638,9738,9737080,11109,250,-1,-1,1,570,78.2,0,-1.0,0,0,0,640,360
639,9749,9748190,11110,250,-1,-1,1,560,78.3,0,-1.0,0,0,0,640,360
640,9760,9759296,11106,250,-1,-1,1,590,78.5,1,-1.0,0,0,0,640,360
641,9771,9770411,11115,250,-1,-1,1,575,78.8,0,-1.0,0,0,0,640,360
642,9782,9781518,11107,250,-1,-1,1,565,79.0,0,-1.0,0,0,0,640,360
643,9794,9792629,11111,250,-1,-1,1,555,79.3,0,-1.0,0,0,0,640,360
644,9805,9803738,11109,250,-1,-1,1,558,79.5,0,-1.0,0,0,0,640,360
645,9816,9814842,11104,250,-1,-1,1,575,79.7,0,-1.0,0,0,0,640,360
646,9827,9825954,11112,250,-1,-1,1,578,79.9,0,-1.0,0,0,0,640,360
647,9838,9837064,11110,250,-1,-1,1,577,80.0,0,-1.0,0,0,0,640,360
648,9849,9848169,11105,250,-1,-1,1,575,80.2,0,-1.0,0,0,0,640,360
649,9860,9859281,11112,250,-1,-1,1,607,80.4,1,-1.0,0,0,0,640,360
650,9871,9870390,11109,250,-1,-1,1,594,80.6,0,-1.0,0,0,0,640,360
651,9883,9881505,11115,250,-1,-1,1,570,80.7,0,-1.0,0,0,0,640,360
652,9893,9892606,11101,250,-1,-1,1,563,80.9,0,-1.0,0,0,0,640,360
653,9905,9903788,11182,250,-1,-1,1,565,81.1,0,-1.0,0,0,0,640,360
654,9916,9914827,11039,250,-1,-1,1,559,81.2,0,-1.0,0,0,0,640,360
655,9927,9925939,11112,250,-1,-1,1,570,81.4,0,-1.0,0,0,0,640,360
656,9938,9937046,11107,250,-1,-1,1,566,81.5,0,-1.0,0,0,0,640,360
657,9949,9948156,11110,250,-1,-1,1,571,81.6,0,-1.0,0,0,0,640,360
658,9960,9959263,11107,250,-1,-1,1,573,81.7,1,-1.0,0,0,0,640,360
659,9971,9970380,11117,250,-1,-1,1,688,81.9,0,-1.0,0,0,0,640,360
660,9982,9981489,11109,250,-1,-1,1,589,82.0,0,-1.0,0,0,0,640,360
661,9993,9992597,11108,250,-1,-1,1,567,82.1,0,-1.0,0,0,0,640,360
662,10004,10003702,11105,250,-1,-1,1,564,82.2,0,-1.0,0,0,0,640,360
663,10016,10014811,11109,250,-1,-1,1,567,82.4,0,-1.0,0,0,0,640,360
664,10027,10025920,11109,250,-1,-1,1,567,82.5,0,-1.0,0,0,0,640,360
665,10038,10037027,11107,250,-1,-1,1,579,82.6,0,-1.0,0,0,0,640,360
666,10049,10048134,11107,250,-1,-1,1,579,82.6,0,-1.0,0,0,0,640,360
667,10060,10059248,11114,250,-1,-1,1,618,82.7,1,-1.0,0,0,0,640,360
668,10071,10070357,11109,250,-1,-1,1,609,82.8,0,-1.0,0,0,0,640,360
669,10082,10081465,11108,250,-1,-1,1,572,82.9,0,-1.0,0,0,0,640,360
670,10093,10092575,11110,250,-1,-1,1,573,83.0,0,-1.0,0,0,0,640,360
671,10105,10103687,11112,250,-1,-1,1,573,83.1,0,-1.0,0,0,0,640,360
672,10116,10114792,11105,250,-1,-1,1,574,83.2,0,-1.0,0,0,0,640,360
673,10127,10125902,11110,250,-1,-1,1,574,83.3,0,-1.0,0,0,0,640,360
674,10138,10137014,11112,250,-1,-1,1,583,83.4,0,-1.0,0,0,0,640,360
675,10149,10148124,11110,250,-1,-1,1,584,83.4,0,-1.0,0,0,0,640,360
676,10160,10159233,11109,250,-1,-1,1,584,83.5,1,-1.0,0,0,0,640,360
677,10171,10170345,11112,250,-1,-1,1,591,83.6,0,-1.0,0,0,0,640,360
678,10182,10181449,11104,250,-1,-1,1,570,83.7,0,-1.0,0,0,0,640,360
679,10194,10192559,11110,250,-1,-1,1,564,83.8,0,-1.0,0,0,0,640,360
680,10204,10203671,11112,250,-1,-1,1,568,83.9,0,-1.0,0,0,0,640,360
681,10216,10214779,11108,250,-1,-1,1,572,83.9,0,-1.0,0,0,0,640,360
682,10227,10225882,11103,250,-1,-1,1,576,84.0,0,-1.0,0,0,0,640,360
683,10238,10236998,11116,250,-1,-1,1,580,84.0,0,-1.0,0,0,0,640,360
684,10252,10248103,11105,250,-1,-1,1,576,71.4,0,-1.0,0,0,0,640,360
685,10260,10259220,11117,250,-1,-1,1,574,90.9,1,-1.0,0,0,0,640,360
686,10271,10270324,11104,250,-1,-1,1,594,90.9,0,-1.0,0,0,0,640,360
687,10283,10281434,11110,250,-1,-1,1,584,90.9,0,-1.0,0,0,0,640,360
688,10293,10292542,11108,250,-1,-1,1,575,90.9,0,-1.0,0,0,0,640,360
689,10304,10303653,11111,250,-1,-1,1,576,90.9,0,-1.0,0,0,0,640,360
690,10316,10314759,11106,250,-1,-1,1,578,90.9,0,-1.0,0,0,0,640,360
691,10327,10325868,11109,250,-1,-1,1,580,89.9,0,-1.0,0,0,0,640,360
692,10338,10336979,11111,250,-1,-1,1,583,90.9,0,-1.0,0,0,0,640,360
693,10349,10348089,11110,250,-1,-1,1,583,90.9,0,-1.0,0,0,0,640,360
694,10360,10359193,11104,250,-1,-1,1,585,90.2,1,-1.0,0,0,0,640,360
695,10372,10370312,11119,250,-1,-1,1,606,90.2,0,-1.0,0,0,0,640,360
696,10382,10381418,11106,250,-1,-1,1,617,90.3,0,-1.0,0,0,0,640,360
697,10393,10392526,11108,250,-1,-1,1,593,90.3,0,-1.0,0,0,0,640,360
698,10404,10403634,11108,250,-1,-1,1,597,90.4,0,-1.0,0,0,0,640,360
699,10416,10414742,11108,250,134,171,0,598,85.1,0,87.9,1,0,0,640,360
700,10428,10425853,11111,250,-1,-1,1,598,89.9,0,-1.0,1,0,0,640,360
701,10438,10436963,11110,250,-1,-1,1,596,90.5,0,-1.0,1,0,0,640,360
702,10449,10448070,11107,250,-1,-1,1,595,86.8,0,-1.0,2,0,0,640,360
703,10460,10459179,11109,250,-1,-1,1,595,90.1,1,-1.0,2,0,0,640,360
704,10471,10470292,11113,250,-1,-1,1,602,90.1,0,-1.0,2,0,0,640,360
705,10482,10481496,11204,250,-1,-1,1,594,90.2,0,-1.0,2,0,0,640,360
706,10493,10492509,11013,250,-1,-1,1,590,90.2,0,-1.0,2,0,0,640,360
707,10505,10503619,11110,250,-1,-1,1,592,90.2,0,-1.0,2,0,0,640,360
708,10516,10514725,11106,250,-1,-1,1,592,90.3,0,-1.0,2,0,0,640,360
709,10527,10525834,11109,250,-1,-1,1,594,90.3,0,-1.0,2,0,0,640,360
710,10538,10536945,11111,250,-1,-1,1,593,90.3,0,-1.0,2,0,0,640,360
711,10549,10548055,11110,250,-1,-1,1,591,90.0,0,-1.0,2,0,0,640,360
712,10560,10559162,11107,250,-1,-1,1,591,90.1,1,-1.0,2,0,0,640,360
713,10571,10570275,11113,250,-1,-1,1,612,90.1,0,-1.0,2,0,0,640,360
714,10582,10581384,11109,250,-1,-1,1,612,90.1,0,-1.0,2,0,0,640,360
715,10594,10592493,11109,250,-1,-1,1,593,90.1,0,-1.0,2,0,0,640,360
716,10604,10603601,11108,250,-1,-1,1,592,90.2,0,-1.0,2,0,0,640,360
717,10616,10614706,11105,250,-1,-1,1,591,90.2,0,-1.0,2,0,0,640,360
718,10627,10625815,11109,250,-1,-1,1,587,90.2,0,-1.0,2,0,0,640,360
719,10638,10636926,11111,250,-1,-1,1,583,90.0,0,-1.0,2,0,0,640,360
720,10723,10648033,11107,250,-1,-1,1,586,76.3,0,-1.0,2,0,0,640,360
721,10724,10714669,66636,250,-1,-1,1,556,78.2,1,-1.0,2,0,0,640,360
722,10727,10725785,11116,250,-1,-1,1,570,79.8,0,-1.0,2,0,0,640,360
723,10738,10736913,11128,250,349,221,0,591,76.3,0,71.0,1,0,0,640,360
724,10763,10759265,22352,250,-1,-1,1,608,78.1,0,-1.0,1,0,0,640,360
725,10771,10770241,10976,250,344,227,0,660,78.8,0,69.2,1,0,0,640,360
726,10782,10781345,11104,250,-1,-1,1,576,79.0,0,-1.0,1,0,0,640,360
727,10793,10792456,11111,250,-1,-1,1,572,79.3,0,-1.0,1,0,0,640,360
728,10804,10803562,11106,250,-1,-1,1,567,78.0,0,-1.0,2,0,0,640,360
729,10817,10814673,11111,250,-1,-1,1,582,79.6,0,-1.0,2,0,0,640,360
730,10827,10825780,11107,250,-1,-1,1,566,79.9,1,-1.0,2,0,0,640,360
731,10838,10836894,11114,250,-1,-1,1,589,80.1,0,-1.0,2,0,0,640,360
732,10849,10848003,11109,250,-1,-1,1,581,80.3,0,-1.0,2,0,0,640,360
733,10860,10859111,11108,250,-1,-1,1,561,80.4,0,-1.0,2,0,0,640,360
734,10871,10870240,11129,250,-1,-1,1,561,80.6,0,-1.0,2,0,0,640,360
735,10882,10881328,11088,250,-1,-1,1,562,80.7,0,-1.0,2,0,0,640,360
736,10893,10892436,11108,250,-1,-1,1,568,80.9,0,-1.0,2,0,0,640,360
737,10905,10903546,11110,250,-1,-1,1,568,81.1,0,-1.0,2,0,0,640,360
738,10915,10914654,11108,250,-1,-1,1,571,81.2,0,-1.0,2,0,0,640,360
739,10927,10925765,11111,250,-1,-1,1,575,81.4,1,-1.0,2,0,0,640,360
740,10938,10936876,11111,250,-1,-1,1,584,81.5,0,-1.0,2,0,0,640,360
741,10949,10947989,11113,250,-1,-1,1,610,81.6,0,-1.0,2,0,0,640,360
742,10960,10959094,11105,250,-1,-1,1,587,81.7,0,-1.0,2,0,0,640,360
743,10971,10970281,11187,250,-1,-1,1,586,81.9,0,-1.0,2,0,0,640,360
744,10982,10981312,11031,250,-1,-1,1,583,82.0,0,-1.0,2,0,0,640,360
745,10994,10992426,11114,250,-1,-1,1,585,82.1,0,-1.0,2,0,0,640,360
746,11004,11003529,11103,250,-1,-1,1,578,82.2,0,-1.0,2,0,0,640,360
747,11015,11014639,11110,250,-1,-1,1,578,82.4,0,-1.0,2,0,0,640,360
748,11027,11025747,11108,250,-1,-1,1,569,82.5,1,-1.0,2,0,0,640,360
749,11038,11036859,11112,250,-1,-1,1,562,82.6,0,-1.0,2,0,0,640,360
750,11049,11047964,11105,250,-1,-1,1,552,82.7,0,-1.0,2,0,0,640,360
751,11060,11059079,11115,250,-1,-1,1,540,82.8,0,-1.0,2,0,0,640,360
752,11071,11070185,11106,250,-1,-1,1,525,82.9,0,-1.0,2,0,0,640,360
753,11082,11081293,11108,250,-1,-1,1,526,82.9,0,-1.0,2,0,0,640,360
754,11093,11092402,11109,250,-1,-1,1,525,83.0,0,-1.0,2,0,0,640,360
755,11104,11103515,11113,250,-1,-1,1,526,83.1,0,-1.0,2,0,0,640,360
756,11115,11114622,11107,250,-1,-1,1,524,83.2,0,-1.0,2,0,0,640,360
757,11127,11125734,11112,250,-1,-1,1,526,83.3,1,-1.0,2,0,0,640,360
758,11138,11136846,11112,250,-1,-1,1,546,83.4,0,-1.0,2,0,0,640,360
759,11149,11147950,11104,250,-1,-1,1,545,83.5,0,-1.0,2,0,0,640,360
760,11160,11159057,11107,250,-1,-1,1,525,83.6,0,-1.0,2,0,0,640,360
761,11171,11170172,11115,250,-1,-1,1,530,83.3,0,-1.0,0,0,0,640,360
762,11182,11181276,11104,250,-1,-1,1,541,83.7,0,-1.0,0,0,0,640,360
763,11193,11192385,11109,250,-1,-1,1,553,83.8,0,-1.0,0,0,0,640,360
764,11204,11203493,11108,250,-1,-1,1,567,83.9,0,-1.0,0,0,0,640,360
765,11216,11214605,11112,250,-1,-1,1,566,83.9,0,-1.0,0,0,0,640,360
766,11227,11225716,11111,250,-1,-1,1,537,84.0,1,-1.0,0,0,0,640,360
767,11238,11236828,11112,250,-1,-1,1,564,84.1,0,-1.0,0,0,0,640,360
768,11249,11247933,11105,250,-1,-1,1,565,84.2,0,-1.0,0,0,0,640,360
769,11273,11270141,22208,250,-1,-1,1,533,41.7,0,-1.0,0,0,0,640,360
770,11282,11281263,11122,250,-1,-1,1,527,58.8,0,-1.0,0,0,0,640,360
771,11293,11292367,11104,250,-1,-1,1,525,66.7,0,-1.0,0,0,0,640,360
772,11304,11303477,11110,250,-1,-1,1,525,71.4,0,-1.0,0,0,0,640,360
773,11315,11314586,11109,250,-1,-1,1,525,74.6,0,-1.0,0,0,0,640,360
774,11326,11325694,11108,250,-1,-1,1,525,76.9,0,-1.0,0,0,0,640,360
775,11338,11336804,11110,250,-1,-1,1,526,78.7,1,-1.0,0,0,0,640,360
776,11349,11347919,11115,250,-1,-1,1,546,80.0,0,-1.0,0,0,0,640,360
777,11360,11359026,11107,250,-1,-1,1,526,81.1,0,-1.0,0,0,0,640,360
778,11371,11370138,11112,250,-1,-1,1,525,82.0,0,-1.0,0,0,0,640,360
779,11382,11381238,11100,250,-1,-1,1,524,82.1,0,-1.0,0,0,0,640,360
780,11393,11392349,11111,250,-1,-1,1,524,82.8,0,-1.0,0,0,0,640,360
781,11404,11403459,11110,250,-1,-1,1,527,83.3,0,-1.0,0,0,0,640,360
782,11415,11414571,11112,250,-1,-1,1,527,83.8,0,-1.0,0,0,0,640,360
783,11426,11425675,11104,250,-1,-1,1,525,84.3,0,-1.0,0,0,0,640,360
784,11438,11436787,11112,250,-1,-1,1,526,84.7,1,-1.0,0,0,0,640,360
785,11449,11447900,11113,250,-1,-1,1,545,85.0,0,-1.0,0,0,0,640,360
786,11460,11459008,11108,250,-1,-1,1,528,85.3,0,-1.0,0,0,0,640,360
787,11471,11470116,11108,250,-1,-1,1,524,85.6,0,-1.0,0,0,0,640,360
788,11482,11481231,11115,250,-1,-1,1,525,85.5,0,-1.0,0,0,0,640,360
789,11493,11492334,11103,250,-1,-1,1,524,85.7,0,-1.0,0,0,0,640,360
790,11504,11503441,11107,250,-1,-1,1,525,85.9,0,-1.0,0,0,0,640,360
791,11515,11514551,11110,250,-1,-1,1,525,86.1,0,-1.0,0,0,0,640,360
792,11526,11525660,11109,250,-1,-1,1,529,86.3,0,-1.0,0,0,0,640,360
793,11538,11536769,11109,250,-1,-1,1,525,86.5,1,-1.0,0,0,0,640,360
794,11549,11547882,11113,250,-1,-1,1,537,86.7,0,-1.0,0,0,0,640,360
795,11560,11558990,11108,250,-1,-1,1,534,86.8,0,-1.0,0,0,0,640,360
796,11571,11570104,11114,250,-1,-1,1,524,87.0,0,-1.0,0,0,0,640,360
797,11582,11581244,11140,250,-1,-1,1,526,86.8,0,-1.0,0,0,0,640,360
798,11593,11592316,11072,250,-1,-1,1,525,87.0,0,-1.0,0,0,0,640,360
799,11604,11603423,11107,250,-1,-1,1,527,87.1,0,-1.0,0,0,0,640,360
800,11615,11614534,11111,250,-1,-1,1,525,87.2,0,-1.0,0,0,0,640,360
801,11626,11625642,11108,250,-1,-1,1,523,87.3,0,-1.0,0,0,0,640,360
802,11638,11636754,11112,250,-1,-1,1,526,87.4,1,-1.0,0,0,0,640,360
803,11649,11647865,11111,250,-1,-1,1,546,87.5,0,-1.0,0,0,0,640,360
804,11660,11658972,11107,250,-1,-1,1,546,87.6,0,-1.0,0,0,0,640,360
805,11671,11670082,11110,250,-1,-1,1,525,87.7,0,-1.0,0,0,0,640,360
806,11682,11681197,11115,250,-1,-1,1,529,87.6,0,-1.0,0,0,0,640,360
807,11693,11692299,11102,250,-1,-1,1,525,87.6,0,-1.0,0,0,0,640,360
808,11704,11703410,11111,250,-1,-1,1,524,87.7,0,-1.0,0,0,0,640,360
809,11715,11714516,11106,250,-1,-1,1,525,87.8,0,-1.0,0,0,0,640,360
810,11773,11725627,11111,250,-1,-1,1,608,80.0,0,-1.0,0,0,0,640,360
811,11774,11770050,44423,250,-1,-1,1,608,81.7,1,-1.0,0,0,0,640,360
812,11782,11781177,11127,250,-1,-1,1,527,82.4,0,-1.0,0,0,0,640,360
813,11793,11792282,11105,250,-1,-1,1,527,82.6,0,-1.0,0,0,0,640,360
814,11805,11803388,11106,250,-1,-1,1,524,82.7,0,-1.0,0,0,0,640,360
815,11816,11814506,11118,250,-1,-1,1,526,82.9,0,-1.0,0,0,0,640,360
816,11826,11825613,11107,250,-1,-1,1,531,83.0,0,-1.0,0,0,0,640,360
817,11838,11836721,11108,250,-1,-1,1,634,83.2,0,-1.0,0,0,0,640,360
818,11849,11847831,11110,250,-1,-1,1,556,83.3,0,-1.0,0,0,0,640,360
819,11860,11858938,11107,250,-1,-1,1,527,83.5,0,-1.0,0,0,0,640,360
820,11871,11870047,11109,250,-1,-1,1,525,83.6,1,-1.0,0,0,0,640,360
821,11882,11881160,11113,250,-1,-1,1,546,83.6,0,-1.0,0,0,0,640,360
822,11893,11892267,11107,250,-1,-1,1,544,83.7,0,-1.0,0,0,0,640,360
823,11904,11903378,11111,250,-1,-1,1,525,83.8,0,-1.0,0,0,0,640,360
824,11915,11914485,11107,250,-1,-1,1,525,84.0,0,-1.0,0,0,0,640,360
825,11926,11925595,11110,250,-1,-1,1,525,84.1,0,-1.0,0,0,0,640,360
826,11937,11936699,11104,250,-1,-1,1,527,84.2,0,-1.0,0,0,0,640,360
827,11949,11947810,11111,250,-1,-1,1,524,84.3,0,-1.0,0,0,0,640,360
828,11960,11958919,11109,250,-1,-1,1,529,84.4,0,-1.0,0,0,0,640,360
829,11971,11970031,11112,250,-1,-1,1,526,84.5,1,-1.0,0,0,0,640,360
830,11982,11981141,11110,250,-1,-1,1,526,84.5,0,-1.0,0,0,0,640,360
831,11993,11992251,11110,250,-1,-1,1,547,84.6,0,-1.0,0,0,0,640,360
832,12004,12003357,11106,250,-1,-1,1,524,84.7,0,-1.0,0,0,0,640,360
833,12015,12014602,11245,250,-1,-1,1,524,84.7,0,-1.0,0,0,0,640,360
834,12026,12025571,10969,250,-1,-1,1,525,84.8,0,-1.0,0,0,0,640,360
835,12037,12036682,11111,250,-1,-1,1,525,84.9,0,-1.0,0,0,0,640,360
836,12049,12047791,11109,250,-1,-1,1,525,85.0,0,-1.0,0,0,0,640,360
837,12060,12058901,11110,250,-1,-1,1,528,85.1,0,-1.0,0,0,0,640,360
838,12071,12070009,11108,250,-1,-1,1,526,85.2,1,-1.0,0,0,0,640,360
839,12082,12081128,11119,250,-1,-1,1,538,85.1,0,-1.0,0,0,0,640,360
840,12093,12092231,11103,250,-1,-1,1,532,85.2,0,-1.0,0,0,0,640,360
841,12104,12103341,11110,250,-1,-1,1,526,85.3,0,-1.0,0,0,0,640,360
842,12115,12114452,11111,250,-1,-1,1,530,85.4,0,-1.0,0,0,0,640,360
843,12126,12125560,11108,250,-1,-1,1,526,85.4,0,-1.0,0,0,0,640,360
844,12137,12136662,11102,250,-1,-1,1,550,85.5,0,-1.0,0,0,0,640,360
845,12149,12147778,11116,250,-1,-1,1,525,85.6,0,-1.0,0,0,0,640,360
846,12160,12158883,11105,250,-1,-1,1,526,85.6,0,-1.0,0,0,0,640,360
847,12171,12169998,11115,250,-1,-1,1,524,85.7,1,-1.0,0,0,0,640,360
848,12182,12181107,11109,250,-1,-1,1,545,85.7,0,-1.0,0,0,0,640,360
849,12193,12192216,11109,250,-1,-1,1,545,85.7,0,-1.0,0,0,0,640,360
850,12204,12203322,11106,250,-1,-1,1,525,85.8,0,-1.0,0,0,0,640,360
851,12215,12214435,11113,250,-1,-1,1,526,85.8,0,-1.0,0,0,0,640,360
852,12226,12225537,11102,250,-1,-1,1,527,85.9,0,-1.0,0,0,0,640,360
853,12237,12236650,11113,250,-1,-1,1,524,85.9,0,-1.0,0,0,0,640,360
854,12249,12247759,11109,250,-1,-1,1,526,86.0,0,-1.0,0,0,0,640,360
855,12262,12258869,11110,250,-1,-1,1,525,71.4,0,-1.0,0,0,0,640,360
856,12271,12269980,11111,250,-1,-1,1,526,90.9,1,-1.0,0,0,0,640,360
857,12282,12281094,11114,250,-1,-1,1,527,90.9,0,-1.0,0,0,0,640,360
858,12293,12292198,11104,250,-1,-1,1,548,88.9,0,-1.0,0,0,0,640,360
859,12304,12303312,11114,250,-1,-1,1,526,90.9,0,-1.0,0,0,0,640,360
860,12315,12314418,11106,250,-1,-1,1,525,89.6,0,-1.0,0,0,0,640,360
861,12326,12325526,11108,250,-1,-1,1,524,89.7,0,-1.0,0,0,0,640,360
862,12337,12336632,11106,250,-1,-1,1,524,89.9,0,-1.0,0,0,0,640,360
863,12349,12347743,11111,250,-1,-1,1,523,90.0,0,-1.0,0,0,0,640,360
864,12360,12358851,11108,250,-1,-1,1,526,90.1,0,-1.0,0,0,0,640,360
865,12371,12369961,11110,250,-1,-1,1,524,90.2,1,-1.0,0,0,0,640,360
866,12382,12381071,11110,250,-1,-1,1,534,90.2,0,-1.0,0,0,0,640,360
867,12393,12392183,11112,250,-1,-1,1,531,89.7,0,-1.0,0,0,0,640,360
868,12404,12403289,11106,250,-1,-1,1,526,89.7,0,-1.0,0,0,0,640,360
869,12415,12414402,11113,250,-1,-1,1,528,89.8,0,-1.0,0,0,0,640,360
870,12426,12425507,11105,250,-1,-1,1,527,89.9,0,-1.0,0,0,0,640,360
871,12437,12436613,11106,250,-1,-1,1,525,89.9,0,-1.0,0,0,0,640,360
872,12449,12447724,11111,250,-1,-1,1,524,90.0,0,-1.0,0,0,0,640,360
873,12460,12458836,11112,250,-1,-1,1,526,90.0,0,-1.0,0,0,0,640,360
874,12471,12469944,11108,250,-1,-1,1,526,90.1,1,-1.0,0,0,0,640,360
875,12482,12481056,11112,250,-1,-1,1,546,90.1,0,-1.0,0,0,0,640,360
876,12493,12492163,11107,250,-1,-1,1,542,89.8,0,-1.0,0,0,0,640,360
877,12504,12503275,11112,250,-1,-1,1,524,89.8,0,-1.0,0,0,0,640,360
878,12515,12514551,11276,250,-1,-1,1,527,89.9,0,-1.0,0,0,0,640,360
879,12526,12525488,10937,250,-1,-1,1,541,89.9,0,-1.0,0,0,0,640,360
880,12537,12536598,11110,250,-1,-1,1,525,90.0,0,-1.0,0,0,0,640,360
881,12549,12547710,11112,250,-1,-1,1,526,90.0,0,-1.0,0,0,0,640,360
882,12560,12558815,11105,250,-1,-1,1,525,90.0,0,-1.0,0,0,0,640,360
883,12571,12569926,11111,250,-1,-1,1,524,90.1,1,-1.0,0,0,0,640,360
884,12582,12581038,11112,250,-1,-1,1,547,90.1,0,-1.0,0,0,0,640,360
885,12593,12592149,11111,250,-1,-1,1,546,89.9,0,-1.0,0,0,0,640,360
886,12604,12603258,11109,250,-1,-1,1,527,89.9,0,-1.0,0,0,0,640,360
887,12615,12614370,11112,250,-1,-1,1,525,89.9,0,-1.0,0,0,0,640,360
888,12626,12625472,11102,250,-1,-1,1,532,89.9,0,-1.0,0,0,0,640,360
889,12637,12636583,11111,250,-1,-1,1,526,90.0,0,-1.0,0,0,0,640,360
890,12649,12647690,11107,250,-1,-1,1,527,90.0,0,-1.0,0,0,0,640,360
891,12660,12658804,11114,250,-1,-1,1,525,90.0,0,-1.0,0,0,0,640,360
892,12671,12669908,11104,250,-1,-1,1,527,90.0,1,-1.0,0,0,0,640,360
893,12682,12681022,11114,250,-1,-1,1,547,90.1,0,-1.0,0,0,0,640,360
894,12693,12692130,11108,250,-1,-1,1,545,89.9,0,-1.0,0,0,0,640,360
895,12704,12703241,11111,250,-1,-1,1,525,89.9,0,-1.0,0,0,0,640,360
896,12715,12714414,11173,250,-1,-1,1,525,89.9,0,-1.0,0,0,0,640,360
897,12726,12725458,11044,250,-1,-1,1,524,90.0,0,-1.0,0,0,0,640,360
898,12737,12736565,11107,250,-1,-1,1,529,90.0,0,-1.0,0,0,0,640,360
899,12748,12747673,11108,250,-1,-1,1,525,90.0,0,-1.0,0,0,0,640,360
900,12806,12758780,11107,250,-1,-1,1,610,82.4,0,-1.0,0,0,0,640,360
901,12807,12803204,44424,250,-1,-1,1,601,84.1,1,-1.0,0,0,0,640,360
902,12815,12814331,11127,250,-1,-1,1,524,84.7,0,-1.0,0,0,0,640,360
903,12826,12825443,11112,250,-1,-1,1,525,84.8,0,-1.0,0,0,0,640,360
904,12838,12836547,11104,250,-1,-1,1,525,84.9,0,-1.0,0,0,0,640,360
905,12849,12847777,11230,250,-1,-1,1,547,85.0,0,-1.0,0,0,0,640,360
906,12860,12858772,10995,250,-1,-1,1,545,85.1,0,-1.0,0,0,0,640,360
907,12871,12869877,11105,250,-1,-1,1,529,85.2,0,-1.0,0,0,0,640,360
908,12882,12880989,11112,250,-1,-1,1,596,85.3,0,-1.0,0,0,0,640,360
909,12893,12892090,11101,250,-1,-1,1,525,85.3,0,-1.0,0,0,0,640,360
910,12904,12903202,11112,250,-1,-1,1,526,85.4,1,-1.0,0,0,0,640,360
911,12915,12914314,11112,250,-1,-1,1,538,85.5,0,-1.0,0,0,0,640,360
912,12926,12925424,11110,250,-1,-1,1,532,85.5,0,-1.0,0,0,0,640,360
913,12937,12936535,11111,250,-1,-1,1,524,85.6,0,-1.0,0,0,0,640,360
914,12948,12947641,11106,250,-1,-1,1,527,85.7,0,-1.0,0,0,0,640,360
915,12960,12958745,11104,250,-1,-1,1,526,85.8,0,-1.0,0,0,0,640,360
916,12971,12969857,11112,250,-1,-1,1,523,85.9,0,-1.0,0,0,0,640,360
917,12982,12980970,11113,250,-1,-1,1,525,85.9,0,-1.0,0,0,0,640,360
918,12993,12992078,11108,250,-1,-1,1,525,86.0,0,-1.0,0,0,0,640,360
919,13004,13003181,11103,250,-1,-1,1,525,86.0,1,-1.0,0,0,0,640,360
920,13015,13014300,11119,250,-1,-1,1,544,86.0,0,-1.0,0,0,0,640,360
921,13026,13025409,11109,250,-1,-1,1,543,86.1,0,-1.0,0,0,0,640,360
922,13037,13036514,11105,250,-1,-1,1,526,86.2,0,-1.0,0,0,0,640,360
923,13048,13047628,11114,250,-1,-1,1,526,86.2,0,-1.0,0,0,0,640,360
924,13060,13058733,11105,250,-1,-1,1,525,86.3,0,-1.0,0,0,0,640,360
925,13071,13069839,11106,250,-1,-1,1,525,86.4,0,-1.0,0,0,0,640,360
926,13082,13080948,11109,250,-1,-1,1,525,86.4,0,-1.0,0,0,0,640,360
927,13093,13092058,11110,250,-1,-1,1,525,86.5,0,-1.0,0,0,0,640,360
928,13104,13103167,11109,250,-1,-1,1,524,86.5,1,-1.0,0,0,0,640,360
929,13115,13114280,11113,250,-1,-1,1,543,86.5,0,-1.0,0,0,0,640,360
930,13126,13125393,11113,250,-1,-1,1,547,86.6,0,-1.0,0,0,0,640,360
931,13137,13136500,11107,250,-1,-1,1,527,86.6,0,-1.0,0,0,0,640,360
932,13149,13147769,11269,250,-1,-1,1,526,86.7,0,-1.0,0,0,0,640,360
933,13160,13158713,10944,250,-1,-1,1,526,86.7,0,-1.0,0,0,0,640,360
934,13171,13169824,11111,250,-1,-1,1,526,86.8,0,-1.0,0,0,0,640,360
935,13182,13180930,11106,250,-1,-1,1,525,86.8,0,-1.0,0,0,0,640,360
936,13193,13192040,11110,250,-1,-1,1,527,86.9,0,-1.0,0,0,0,640,360
937,13204,13203148,11108,250,-1,-1,1,527,86.9,1,-1.0,0,0,0,640,360
938,13215,13214305,11157,250,-1,-1,1,547,86.9,0,-1.0,0,0,0,640,360
939,13226,13225370,11065,250,-1,-1,1,546,86.9,0,-1.0,0,0,0,640,360
940,13237,13236482,11112,250,-1,-1,1,526,87.0,0,-1.0,0,0,0,640,360
941,13249,13247716,11234,250,-1,-1,1,527,87.0,0,-1.0,0,0,0,640,360
942,13260,13258702,10986,250,-1,-1,1,527,90.9,0,-1.0,0,0,0,640,360
943,13271,13269804,11102,250,-1,-1,1,527,90.9,0,-1.0,0,0,0,640,360
944,13282,13280914,11110,250,-1,-1,1,527,90.9,0,-1.0,0,0,0,640,360
945,13293,13292024,11110,250,-1,-1,1,524,90.9,0,-1.0,0,0,0,640,360
946,13304,13303133,11109,250,-1,-1,1,527,90.9,1,-1.0,0,0,0,640,360
947,13315,13314246,11113,250,-1,-1,1,529,89.6,0,-1.0,0,0,0,640,360
948,13326,13325354,11108,250,-1,-1,1,555,89.7,0,-1.0,0,0,0,640,360
949,13337,13336465,11111,250,-1,-1,1,524,89.9,0,-1.0,0,0,0,640,360
950,13348,13347573,11108,250,-1,-1,1,526,90.0,0,-1.0,0,0,0,640,360
951,13360,13358678,11105,250,-1,-1,1,525,90.1,0,-1.0,0,0,0,640,360
952,13371,13369794,11116,250,-1,-1,1,525,90.2,0,-1.0,0,0,0,640,360
953,13382,13380896,11102,250,-1,-1,1,526,90.2,0,-1.0,0,0,0,640,360
954,13393,13392005,11109,250,-1,-1,1,528,90.3,0,-1.0,0,0,0,640,360
955,13404,13403116,11111,250,-1,-1,1,525,89.7,1,-1.0,0,0,0,640,360
956,13415,13414229,11113,250,-1,-1,1,532,89.8,0,-1.0,0,0,0,640,360
957,13426,13425335,11106,250,-1,-1,1,530,89.9,0,-1.0,0,0,0,640,360
958,13438,13436450,11115,250,-1,-1,1,526,89.9,0,-1.0,0,0,0,640,360
959,13449,13447553,11103,250,-1,-1,1,567,90.0,0,-1.0,0,0,0,640,360
960,13459,13458663,11110,250,-1,-1,1,524,90.0,0,-1.0,0,0,0,640,360
961,13471,13469772,11109,250,-1,-1,1,523,90.1,0,-1.0,0,0,0,640,360
962,13482,13480881,11109,250,-1,-1,1,524,90.1,0,-1.0,0,0,0,640,360
963,13493,13491991,11110,250,-1,-1,1,526,90.2,0,-1.0,0,0,0,640,360
964,13504,13503101,11110,250,-1,-1,1,525,90.2,1,-1.0,0,0,0,640,360
965,13515,13514212,11111,250,-1,-1,1,545,89.9,0,-1.0,0,0,0,640,360
966,13526,13525321,11109,250,-1,-1,1,544,89.9,0,-1.0,0,0,0,640,360
967,13537,13536429,11108,250,-1,-1,1,526,90.0,0,-1.0,0,0,0,640,360
968,13548,13547654,11225,250,-1,-1,1,527,90.0,0,-1.0,0,0,0,640,360
969,13559,13558647,10993,250,-1,-1,1,524,90.0,0,-1.0,0,0,0,640,360
970,13571,13569754,11107,250,-1,-1,1,527,90.1,0,-1.0,0,0,0,640,360
971,13582,13580860,11106,250,-1,-1,1,535,90.1,0,-1.0,0,0,0,640,360
972,13593,13591972,11112,250,-1,-1,1,524,90.1,0,-1.0,0,0,0,640,360
973,13604,13603083,11111,250,-1,-1,1,524,90.1,1,-1.0,0,0,0,640,360
974,13615,13614197,11114,250,-1,-1,1,545,89.9,0,-1.0,0,0,0,640,360
975,13626,13625303,11106,250,-1,-1,1,545,89.9,0,-1.0,0,0,0,640,360
976,13638,13636414,11111,250,-1,-1,1,526,90.0,0,-1.0,0,0,0,640,360
977,13648,13647522,11108,250,-1,-1,1,524,90.0,0,-1.0,0,0,0,640,360
978,13659,13658629,11107,250,-1,-1,1,527,90.0,0,-1.0,0,0,0,640,360
979,13671,13669735,11106,250,-1,-1,1,527,90.0,0,-1.0,0,0,0,640,360
980,13682,13680846,11111,250,-1,-1,1,525,90.1,0,-1.0,0,0,0,640,360
981,13693,13691953,11107,250,-1,-1,1,526,90.1,0,-1.0,0,0,0,640,360
982,13704,13703068,11115,250,-1,-1,1,525,90.1,1,-1.0,0,0,0,640,360
983,13715,13714175,11107,250,-1,-1,1,546,89.9,0,-1.0,0,0,0,640,360
984,13726,13725286,11111,250,-1,-1,1,545,90.0,0,-1.0,0,0,0,640,360
985,13738,13736397,11111,250,-1,-1,1,527,90.0,0,-1.0,0,0,0,640,360
986,13748,13747506,11109,250,-1,-1,1,525,90.0,0,-1.0,0,0,0,640,360
987,13759,13758609,11103,250,-1,-1,1,527,90.0,0,-1.0,0,0,0,640,360
988,13771,13769721,11112,250,-1,-1,1,526,90.0,0,-1.0,0,0,0,640,360
989,13782,13780827,11106,250,-1,-1,1,527,90.1,0,-1.0,0,0,0,640,360
990,13840,13791937,11110,250,-1,-1,1,612,82.9,0,-1.0,0,0,0,640,360
991,13841,13836358,44421,250,-1,-1,1,601,84.5,1,-1.0,0,0,0,640,360
992,13848,13847488,11130,250,-1,-1,1,525,85.0,0,-1.0,0,0,0,640,360
993,13859,13858596,11108,250,-1,-1,1,524,85.1,0,-1.0,0,0,0,640,360
994,13871,13869701,11105,250,-1,-1,1,528,85.1,0,-1.0,0,0,0,640,360
995,13882,13880820,11119,250,-1,-1,1,528,85.2,0,-1.0,0,0,0,640,360
996,13893,13891927,11107,250,-1,-1,1,545,85.4,0,-1.0,0,0,0,640,360
997,13904,13903035,11108,250,-1,-1,1,626,85.4,0,-1.0,0,0,0,640,360
998,13915,13914138,11103,250,-1,-1,1,528,85.6,0,-1.0,0,0,0,640,360
999,13926,13925253,11115,250,-1,-1,1,527,85.5,0,-1.0,0,0,0,640,360
1000,13937,13936354,11101,250,-1,-1,1,527,85.6,1,-1.0,0,0,0,640,360
1001,13948,13947473,11119,250,-1,-1,1,531,85.7,0,-1.0,0,0,0,640,360
1002,13959,13958576,11103,250,-1,-1,1,547,85.8,0,-1.0,0,0,0,640,360
1003,13971,13969690,11114,250,-1,-1,1,525,85.9,0,-1.0,0,0,0,640,360
1004,13982,13980802,11112,250,-1,-1,1,523,85.9,0,-1.0,0,0,0,640,360
1005,13993,13991908,11106,250,-1,-1,1,526,86.0,0,-1.0,0,0,0,640,360
1006,14004,14003014,11106,250,-1,-1,1,525,86.1,0,-1.0,0,0,0,640,360
1007,14015,14014122,11108,250,-1,-1,1,525,86.2,0,-1.0,0,0,0,640,360
1008,14026,14025229,11107,250,-1,-1,1,528,86.1,0,-1.0,0,0,0,640,360
1009,14037,14036339,11110,250,-1,-1,1,525,86.2,1,-1.0,0,0,0,640,360
1010,14048,14047451,11112,250,-1,-1,1,537,86.2,0,-1.0,0,0,0,640,360
1011,14059,14058560,11109,250,-1,-1,1,534,86.3,0,-1.0,0,0,0,640,360
1012,14071,14069672,11112,250,-1,-1,1,574,86.4,0,-1.0,0,0,0,640,360
1013,14082,14080779,11107,250,-1,-1,1,528,86.4,0,-1.0,0,0,0,640,360
1014,14093,14091881,11102,250,-1,-1,1,526,86.5,0,-1.0,0,0,0,640,360
1015,14104,14102995,11114,250,-1,-1,1,525,86.5,0,-1.0,0,0,0,640,360
1016,14115,14114104,11109,250,-1,-1,1,524,86.6,0,-1.0,0,0,0,640,360
1017,14126,14125216,11112,250,-1,-1,1,525,86.6,0,-1.0,0,0,0,640,360
1018,14137,14136321,11105,250,-1,-1,1,524,86.6,1,-1.0,0,0,0,640,360
1019,14148,14147436,11115,250,-1,-1,1,548,86.7,0,-1.0,0,0,0,640,360
1020,14159,14158544,11108,250,-1,-1,1,545,86.7,0,-1.0,0,0,0,640,360
1021,14171,14169656,11112,250,-1,-1,1,568,86.8,0,-1.0,0,0,0,640,360
1022,14182,14180765,11109,250,-1,-1,1,528,86.8,0,-1.0,0,0,0,640,360
1023,14193,14191870,11105,250,-1,-1,1,524,86.9,0,-1.0,0,0,0,640,360
1024,14204,14202978,11108,250,-1,-1,1,526,86.9,0,-1.0,0,0,0,640,360
1025,14215,14214089,11111,250,-1,-1,1,526,86.9,0,-1.0,0,0,0,640,360
1026,14226,14225196,11107,250,-1,-1,1,526,86.9,0,-1.0,0,0,0,640,360
1027,14237,14236308,11112,250,-1,-1,1,524,87.0,1,-1.0,0,0,0,640,360
1028,14248,14247420,11112,250,-1,-1,1,545,87.0,0,-1.0,0,0,0,640,360
1029,14283,14280738,33318,250,-1,-1,1,525,29.4,0,-1.0,0,0,0,640,360
1030,14293,14291852,11114,250,-1,-1,1,527,45.5,0,-1.0,0,0,0,640,360
1031,14304,14302964,11112,250,-1,-1,1,524,54.5,0,-1.0,0,0,0,640,360
1032,14315,14314069,11105,250,-1,-1,1,525,60.6,0,-1.0,0,0,0,640,360
1033,14326,14325181,11112,250,-1,-1,1,528,64.1,0,-1.0,0,0,0,640,360
1034,14337,14336292,11111,250,-1,-1,1,527,67.4,0,-1.0,0,0,0,640,360
1035,14348,14347401,11109,250,-1,-1,1,526,70.0,0,-1.0,0,0,0,640,360
1036,14359,14358507,11106,250,-1,-1,1,524,72.1,1,-1.0,0,0,0,640,360
1037,14370,14369623,11116,250,-1,-1,1,545,73.8,0,-1.0,0,0,0,640,360
1038,14382,14380728,11105,250,-1,-1,1,548,75.2,0,-1.0,0,0,0,640,360
1039,14393,14391845,11117,250,-1,-1,1,524,75.9,0,-1.0,0,0,0,640,360
1040,14404,14402948,11103,250,-1,-1,1,527,77.4,0,-1.0,0,0,0,640,360
1041,14415,14414057,11109,250,-1,-1,1,526,78.3,0,-1.0,0,0,0,640,360
1042,14426,14425162,11105,250,-1,-1,1,527,79.1,0,-1.0,0,0,0,640,360
1043,14437,14436272,11110,250,-1,-1,1,526,79.4,0,-1.0,0,0,0,640,360
1044,14448,14447381,11109,250,-1,-1,1,526,80.0,0,-1.0,0,0,0,640,360
1045,14459,14458493,11112,250,-1,-1,1,524,80.6,1,-1.0,0,0,0,640,360
1046,14470,14469602,11109,250,-1,-1,1,547,81.1,0,-1.0,0,0,0,640,360
1047,14482,14480716,11114,250,-1,-1,1,546,81.5,0,-1.0,0,0,0,640,360
1048,14493,14491819,11103,250,-1,-1,1,527,81.6,0,-1.0,0,0,0,640,360
1049,14504,14502931,11112,250,-1,-1,1,597,82.4,0,-1.0,0,0,0,640,360
1050,14515,14514036,11105,250,-1,-1,1,529,82.7,0,-1.0,0,0,0,640,360
1051,14526,14525144,11108,250,-1,-1,1,632,82.7,0,-1.0,0,0,0,640,360
1052,14537,14536256,11112,250,-1,-1,1,526,83.0,0,-1.0,0,0,0,640,360
1053,14548,14547362,11106,250,-1,-1,1,526,83.3,0,-1.0,0,0,0,640,360
1054,14559,14558471,11109,250,-1,-1,1,528,83.6,1,-1.0,0,0,0,640,360
1055,14570,14569587,11116,250,-1,-1,1,550,83.9,0,-1.0,0,0,0,640,360
1056,14582,14580694,11107,250,-1,-1,1,546,84.1,0,-1.0,0,0,0,640,360
1057,14593,14591810,11116,250,-1,-1,1,537,84.1,0,-1.0,0,0,0,640,360
1058,14604,14602921,11111,250,-1,-1,1,525,84.5,0,-1.0,0,0,0,640,360
1059,14615,14614019,11098,250,-1,-1,1,526,84.5,0,-1.0,0,0,0,640,360
1060,14626,14625129,11110,250,-1,-1,1,526,84.9,0,-1.0,0,0,0,640,360
1061,14637,14636238,11109,250,-1,-1,1,631,84.8,0,-1.0,0,0,0,640,360
1062,14648,14647349,11111,250,-1,-1,1,529,85.0,0,-1.0,0,0,0,640,360
1063,14659,14658522,11173,250,-1,-1,1,525,85.2,1,-1.0,0,0,0,640,360
1064,14670,14669568,11046,250,-1,-1,1,548,85.3,0,-1.0,0,0,0,640,360
1065,14682,14680677,11109,250,-1,-1,1,558,85.5,0,-1.0,0,0,0,640,360
1066,14693,14691791,11114,250,-1,-1,1,527,85.6,0,-1.0,0,0,0,640,360
1067,14704,14703038,11247,250,-1,-1,1,527,85.7,0,-1.0,0,0,0,640,360
1068,14715,14714006,10968,250,-1,-1,1,524,85.8,0,-1.0,0,0,0,640,360
1069,14726,14725114,11108,250,-1,-1,1,524,86.0,0,-1.0,0,0,0,640,360
1070,14737,14736217,11103,250,-1,-1,1,527,85.9,0,-1.0,0,0,0,640,360
1071,14748,14747330,11113,250,-1,-1,1,525,86.0,0,-1.0,0,0,0,640,360
1072,14759,14758438,11108,250,-1,-1,1,527,86.1,1,-1.0,0,0,0,640,360
1073,14770,14769552,11114,250,-1,-1,1,529,86.2,0,-1.0,0,0,0,640,360
1074,14781,14780659,11107,250,-1,-1,1,549,86.3,0,-1.0,0,0,0,640,360
1075,14793,14791770,11111,250,-1,-1,1,526,86.2,0,-1.0,0,0,0,640,360
1076,14804,14802877,11107,250,-1,-1,1,526,86.5,0,-1.0,0,0,0,640,360
1077,14815,14813986,11109,250,-1,-1,1,524,86.6,0,-1.0,0,0,0,640,360
1078,14826,14825097,11111,250,-1,-1,1,524,86.7,0,-1.0,0,0,0,640,360
1079,14837,14836204,11107,250,-1,-1,1,529,86.6,0,-1.0,0,0,0,640,360
1080,14891,14847312,11108,250,-1,-1,1,2033,80.7,0,-1.0,0,0,0,640,360
1081,14893,14891733,44421,250,-1,-1,1,603,82.2,1,-1.0,0,0,0,640,360
1082,14904,14902864,11131,250,-1,-1,1,526,82.4,0,-1.0,0,0,0,640,360
1083,14915,14913968,11104,250,-1,-1,1,526,82.6,0,-1.0,0,0,0,640,360
1084,14926,14925076,11108,250,-1,-1,1,632,82.6,0,-1.0,0,0,0,640,360
1085,14937,14936192,11116,250,-1,-1,1,544,82.7,0,-1.0,0,0,0,640,360
1086,14948,14947300,11108,250,-1,-1,1,547,82.9,0,-1.0,0,0,0,640,360
1087,14959,14958407,11107,250,-1,-1,1,525,83.0,0,-1.0,0,0,0,640,360
1088,14970,14969515,11108,250,-1,-1,1,528,83.1,0,-1.0,0,0,0,640,360
1089,14981,14980623,11108,250,-1,-1,1,634,83.2,0,-1.0,0,0,0,640,360
1090,14993,14991737,11114,250,-1,-1,1,531,83.3,1,-1.0,0,0,0,640,360
1091,15004,15002845,11108,250,-1,-1,1,537,83.4,0,-1.0,0,0,0,640,360
1092,15015,15013954,11109,250,-1,-1,1,529,83.6,0,-1.0,0,0,0,640,360
1093,15026,15025065,11111,250,-1,-1,1,529,83.7,0,-1.0,0,0,0,640,360
1094,15038,15036176,11111,250,-1,-1,1,530,83.7,0,-1.0,0,0,0,640,360
1095,15048,15047278,11102,250,-1,-1,1,525,83.8,0,-1.0,0,0,0,640,360
1096,15059,15058388,11110,250,-1,-1,1,524,83.8,0,-1.0,0,0,0,640,360
1097,15070,15069495,11107,250,-1,-1,1,525,83.9,0,-1.0,0,0,0,640,360
1098,15081,15080610,11115,250,-1,-1,1,524,84.0,0,-1.0,0,0,0,640,360
1099,15093,15091713,11103,250,-1,-1,1,527,84.1,1,-1.0,0,0,0,640,360
1100,15104,15102828,11115,250,-1,-1,1,532,84.2,0,-1.0,0,0,0,640,360
1101,15115,15113939,11111,250,-1,-1,1,536,84.3,0,-1.0,0,0,0,640,360
1102,15126,15125046,11107,250,-1,-1,1,524,84.3,0,-1.0,0,0,0,640,360
1103,15137,15136154,11108,250,-1,-1,1,527,84.5,0,-1.0,0,0,0,640,360
1104,15148,15147356,11202,250,-1,-1,1,525,84.4,0,-1.0,0,0,0,640,360
1105,15159,15158371,11015,250,-1,-1,1,523,84.5,0,-1.0,0,0,0,640,360
1106,15170,15169485,11114,250,-1,-1,1,525,84.6,0,-1.0,0,0,0,640,360
1107,15181,15180589,11104,250,-1,-1,1,525,84.7,0,-1.0,0,0,0,640,360
1108,15193,15191702,11113,250,-1,-1,1,527,84.7,1,-1.0,0,0,0,640,360
1109,15204,15202808,11106,250,-1,-1,1,547,84.8,0,-1.0,0,0,0,640,360
1110,15215,15213920,11112,250,-1,-1,1,546,84.9,0,-1.0,0,0,0,640,360
1111,15226,15225030,11110,250,-1,-1,1,524,84.9,0,-1.0,0,0,0,640,360
1112,15237,15236143,11113,250,-1,-1,1,528,84.9,0,-1.0,0,0,0,640,360
1113,15248,15247241,11098,250,-1,-1,1,524,85.0,0,-1.0,0,0,0,640,360
1114,15263,15258492,11251,250,-1,-1,1,525,71.4,0,-1.0,0,0,0,640,360
1115,15270,15269463,10971,250,-1,-1,1,526,90.9,0,-1.0,0,0,0,640,360
1116,15281,15280570,11107,250,-1,-1,1,526,90.9,0,-1.0,0,0,0,640,360
1117,15292,15291682,11112,250,-1,-1,1,524,90.9,1,-1.0,0,0,0,640,360
1118,15304,15302792,11110,250,-1,-1,1,527,90.9,0,-1.0,0,0,0,640,360
1119,15315,15313905,11113,250,-1,-1,1,545,90.9,0,-1.0,0,0,0,640,360
1120,15327,15325015,11110,250,-1,-1,1,527,89.7,0,-1.0,0,0,0,640,360
1121,15337,15336118,11103,250,-1,-1,1,524,90.9,0,-1.0,0,0,0,640,360
1122,15348,15347224,11106,250,-1,-1,1,524,90.0,0,-1.0,0,0,0,640,360
1123,15359,15358336,11112,250,-1,-1,1,524,90.1,0,-1.0,0,0,0,640,360
1124,15370,15369446,11110,250,-1,-1,1,525,90.2,0,-1.0,0,0,0,640,360
1125,15381,15380554,11108,250,-1,-1,1,526,90.2,0,-1.0,0,0,0,640,360
1126,15392,15391664,11110,250,-1,-1,1,528,90.3,1,-1.0,0,0,0,640,360
1127,15404,15402776,11112,250,-1,-1,1,530,90.3,0,-1.0,0,0,0,640,360
1128,15415,15413883,11107,250,-1,-1,1,546,90.4,0,-1.0,0,0,0,640,360
1129,15426,15424995,11112,250,-1,-1,1,525,90.4,0,-1.0,0,0,0,640,360
1130,15437,15436107,11112,250,-1,-1,1,525,89.9,0,-1.0,0,0,0,640,360
1131,15448,15447209,11102,250,-1,-1,1,523,90.0,0,-1.0,0,0,0,640,360
1132,15459,15458318,11109,250,-1,-1,1,523,90.0,0,-1.0,0,0,0,640,360
1133,15470,15469427,11109,250,-1,-1,1,524,90.1,0,-1.0,0,0,0,640,360
1134,15481,15480540,11113,250,-1,-1,1,525,90.1,0,-1.0,0,0,0,640,360
1135,15492,15491644,11104,250,-1,-1,1,524,90.2,1,-1.0,0,0,0,640,360
1136,15504,15502760,11116,250,-1,-1,1,535,90.2,0,-1.0,0,0,0,640,360
1137,15515,15513869,11109,250,-1,-1,1,536,90.2,0,-1.0,0,0,0,640,360
1138,15526,15524983,11114,250,-1,-1,1,525,90.3,0,-1.0,0,0,0,640,360
1139,15537,15536085,11102,250,-1,-1,1,533,90.3,0,-1.0,0,0,0,640,360
1140,15548,15547198,11113,250,-1,-1,1,526,90.0,0,-1.0,0,0,0,640,360
1141,15559,15558303,11105,250,-1,-1,1,528,90.0,0,-1.0,0,0,0,640,360
1142,15570,15569411,11108,250,-1,-1,1,526,90.1,0,-1.0,0,0,0,640,360
1143,15581,15580519,11108,250,-1,-1,1,524,90.1,0,-1.0,0,0,0,640,360
1144,15593,15591633,11114,250,-1,-1,1,525,90.1,1,-1.0,0,0,0,640,360
1145,15604,15602747,11114,250,-1,-1,1,545,90.1,0,-1.0,0,0,0,640,360
1146,15615,15613851,11104,250,-1,-1,1,548,90.2,0,-1.0,0,0,0,640,360
1147,15626,15624957,11106,250,-1,-1,1,525,89.9,0,-1.0,0,0,0,640,360
1148,15637,15636069,11112,250,-1,-1,1,527,90.0,0,-1.0,0,0,0,640,360
1149,15648,15647173,11104,250,-1,-1,1,528,90.0,0,-1.0,0,0,0,640,360
1150,15659,15658285,11112,250,-1,-1,1,528,90.0,0,-1.0,0,0,0,640,360
1151,15670,15669392,11107,250,-1,-1,1,525,90.0,0,-1.0,0,0,0,640,360
1152,15681,15680507,11115,250,-1,-1,1,526,90.1,0,-1.0,0,0,0,640,360
1153,15692,15691609,11102,250,-1,-1,1,524,90.1,1,-1.0,0,0,0,640,360
1154,15704,15702729,11120,250,-1,-1,1,527,90.1,0,-1.0,0,0,0,640,360
1155,15715,15713831,11102,250,-1,-1,1,548,90.1,0,-1.0,0,0,0,640,360
1156,15726,15724946,11115,250,-1,-1,1,527,90.0,0,-1.0,0,0,0,640,360
1157,15737,15736053,11107,250,-1,-1,1,525,90.2,0,-1.0,0,0,0,640,360
1158,15748,15747160,11107,250,-1,-1,1,526,90.2,0,-1.0,0,0,0,640,360
1159,15759,15758266,11106,250,-1,-1,1,525,90.0,0,-1.0,0,0,0,640,360
1160,15770,15769376,11110,250,-1,-1,1,525,90.0,0,-1.0,0,0,0,640,360
1161,15781,15780485,11109,250,-1,-1,1,527,90.1,0,-1.0,0,0,0,640,360
1162,15792,15791595,11110,250,-1,-1,1,528,90.1,1,-1.0,0,0,0,640,360
1163,15804,15802707,11112,250,-1,-1,1,533,90.1,0,-1.0,0,0,0,640,360
1164,15815,15813819,11112,250,-1,-1,1,574,90.1,0,-1.0,0,0,0,640,360
1165,15826,15824926,11107,250,-1,-1,1,528,90.0,0,-1.0,0,0,0,640,360
1166,15837,15836033,11107,250,-1,-1,1,525,90.1,0,-1.0,0,0,0,640,360
1167,15848,15847140,11107,250,-1,-1,1,524,90.2,0,-1.0,0,0,0,640,360
1168,15859,15858251,11111,250,-1,-1,1,524,90.0,0,-1.0,0,0,0,640,360
1169,15870,15869360,11109,250,-1,-1,1,523,90.0,0,-1.0,0,0,0,640,360
1170,15960,15880471,11111,250,-1,-1,1,524,80.2,0,-1.0,0,0,0,640,360
1171,15960,15958215,77744,250,-1,-1,1,519,81.5,1,-1.0,0,0,0,640,360
1172,15970,15969347,11132,250,-1,-1,1,618,81.7,0,-1.0,0,0,0,640,360
1173,15981,15980454,11107,250,-1,-1,1,544,81.9,0,-1.0,0,0,0,640,360
1174,15993,15991565,11111,250,-1,-1,1,525,82.0,0,-1.0,0,0,0,640,360
1175,16004,16002673,11108,250,-1,-1,1,527,82.0,0,-1.0,0,0,0,640,360
1176,16015,16013781,11108,250,-1,-1,1,526,82.2,0,-1.0,0,0,0,640,360
1177,16026,16024889,11108,250,-1,-1,1,541,82.4,0,-1.0,0,0,0,640,360
1178,16037,16035999,11110,250,-1,-1,1,527,82.5,0,-1.0,0,0,0,640,360
1179,16048,16047105,11106,250,-1,-1,1,527,82.6,0,-1.0,0,0,0,640,360
1180,16059,16058218,11113,250,-1,-1,1,526,82.6,1,-1.0,0,0,0,640,360
1181,16070,16069327,11109,250,-1,-1,1,527,82.7,0,-1.0,0,0,0,640,360
1182,16081,16080435,11108,250,-1,-1,1,546,82.8,0,-1.0,0,0,0,640,360
1183,16092,16091548,11113,250,-1,-1,1,525,82.9,0,-1.0,0,0,0,640,360
1184,16104,16102657,11109,250,-1,-1,1,607,83.0,0,-1.0,0,0,0,640,360
1185,16115,16113762,11105,250,-1,-1,1,524,83.1,0,-1.0,0,0,0,640,360
1186,16126,16124871,11109,250,-1,-1,1,525,83.2,0,-1.0,0,0,0,640,360
1187,16137,16135980,11109,250,-1,-1,1,525,83.3,0,-1.0,0,0,0,640,360
1188,16148,16147094,11114,250,-1,-1,1,528,83.4,0,-1.0,0,0,0,640,360
1189,16159,16158198,11104,250,-1,-1,1,527,83.4,1,-1.0,0,0,0,640,360
1190,16170,16169318,11120,250,-1,-1,1,531,83.5,0,-1.0,0,0,0,640,360
1191,16181,16180419,11101,250,-1,-1,1,531,83.6,0,-1.0,0,0,0,640,360
1192,16193,16191533,11114,250,-1,-1,1,525,83.7,0,-1.0,0,0,0,640,360
1193,16203,16202637,11104,250,-1,-1,1,525,83.8,0,-1.0,0,0,0,640,360
1194,16215,16213745,11108,250,-1,-1,1,525,83.9,0,-1.0,0,0,0,640,360
1195,16226,16224853,11108,250,-1,-1,1,525,83.9,0,-1.0,0,0,0,640,360
1196,16237,16235965,11112,250,-1,-1,1,524,84.0,0,-1.0,0,0,0,640,360
1197,16248,16247070,11105,250,-1,-1,1,524,84.1,0,-1.0,0,0,0,640,360
1198,16259,16258181,11111,250,-1,-1,1,529,84.1,1,-1.0,0,0,0,640,360
1199,16301,16291508,33327,250,-1,-1,1,2283,22.7,0,-1.0,0,0,0,640,360
1200,16304,16302604,11096,250,-1,-1,1,627,45.5,0,-1.0,0,0,0,640,360
1201,16315,16313731,11127,250,-1,-1,1,525,54.5,0,-1.0,0,0,0,640,360
1202,16326,16324838,11107,250,-1,-1,1,526,60.6,0,-1.0,0,0,0,640,360
1203,16337,16335943,11105,250,-1,-1,1,526,64.9,0,-1.0,0,0,0,640,360
1204,16348,16347054,11111,250,-1,-1,1,527,67.4,0,-1.0,0,0,0,640,360
1205,16359,16358162,11108,250,-1,-1,1,525,70.7,0,-1.0,0,0,0,640,360
1206,16370,16369274,11112,250,-1,-1,1,525,72.1,0,-1.0,0,0,0,640,360
1207,16381,16380382,11108,250,-1,-1,1,525,73.8,1,-1.0,0,0,0,640,360
1208,16392,16391497,11115,250,-1,-1,1,544,75.2,0,-1.0,0,0,0,640,360
1209,16403,16402605,11108,250,-1,-1,1,544,76.4,0,-1.0,0,0,0,640,360
1210,16415,16413714,11109,250,-1,-1,1,528,77.4,0,-1.0,0,0,0,640,360
1211,16426,16424824,11110,250,-1,-1,1,607,78.3,0,-1.0,0,0,0,640,360
1212,16437,16435935,11111,250,-1,-1,1,527,79.1,0,-1.0,0,0,0,640,360
1213,16448,16447038,11103,250,-1,-1,1,530,79.8,0,-1.0,0,0,0,640,360
1214,16459,16458148,11110,250,-1,-1,1,524,80.4,0,-1.0,0,0,0,640,360
1215,16470,16469256,11108,250,-1,-1,1,527,80.6,0,-1.0,0,0,0,640,360
1216,16481,16480366,11110,250,-1,-1,1,527,81.1,1,-1.0,0,0,0,640,360
1217,16492,16491479,11113,250,-1,-1,1,546,81.5,0,-1.0,0,0,0,640,360
1218,16503,16502585,11106,250,-1,-1,1,547,82.0,0,-1.0,0,0,0,640,360
1219,16515,16513697,11112,250,-1,-1,1,525,82.4,0,-1.0,0,0,0,640,360
1220,16526,16524810,11113,250,-1,-1,1,528,82.7,0,-1.0,0,0,0,640,360
1221,16537,16535916,11106,250,-1,-1,1,525,83.0,0,-1.0,0,0,0,640,360
1222,16548,16547022,11106,250,-1,-1,1,525,83.3,0,-1.0,0,0,0,640,360
1223,16559,16558130,11108,250,-1,-1,1,525,83.6,0,-1.0,0,0,0,640,360
1224,16570,16569240,11110,250,-1,-1,1,528,83.6,0,-1.0,0,0,0,640,360
1225,16581,16580348,11108,250,-1,-1,1,527,83.9,1,-1.0,0,0,0,640,360
1226,16592,16591461,11113,250,-1,-1,1,535,84.1,0,-1.0,0,0,0,640,360
1227,16603,16602568,11107,250,-1,-1,1,531,84.3,0,-1.0,0,0,0,640,360
1228,16615,16613680,11112,250,-1,-1,1,524,84.5,0,-1.0,0,0,0,640,360
1229,16626,16624789,11109,250,-1,-1,1,527,84.7,0,-1.0,0,0,0,640,360
1230,16637,16635899,11110,250,-1,-1,1,525,84.9,0,-1.0,0,0,0,640,360
1231,16648,16647002,11103,250,-1,-1,1,526,85.1,0,-1.0,0,0,0,640,360
1232,16659,16658115,11113,250,-1,-1,1,525,85.0,0,-1.0,0,0,0,640,360
1233,16670,16669222,11107,250,-1,-1,1,524,85.2,0,-1.0,0,0,0,640,360
1234,16681,16680334,11112,250,-1,-1,1,524,85.3,1,-1.0,0,0,0,640,360
1235,16692,16691442,11108,250,-1,-1,1,546,85.5,0,-1.0,0,0,0,640,360
1236,16703,16702554,11112,250,-1,-1,1,538,85.6,0,-1.0,0,0,0,640,360
1237,16715,16713660,11106,250,-1,-1,1,526,85.7,0,-1.0,0,0,0,640,360
1238,16726,16724773,11113,250,-1,-1,1,609,85.8,0,-1.0,0,0,0,640,360
1239,16737,16735880,11107,250,-1,-1,1,527,86.0,0,-1.0,0,0,0,640,360
1240,16748,16746988,11108,250,-1,-1,1,524,86.1,0,-1.0,0,0,0,640,360
1241,16759,16758095,11107,250,-1,-1,1,526,86.2,0,-1.0,0,0,0,640,360
1242,16770,16769207,11112,250,-1,-1,1,525,86.1,0,-1.0,0,0,0,640,360
1243,16781,16780312,11105,250,-1,-1,1,524,86.2,1,-1.0,0,0,0,640,360
1244,16792,16791430,11118,250,-1,-1,1,544,86.3,0,-1.0,0,0,0,640,360
1245,16803,16802536,11106,250,-1,-1,1,546,86.4,0,-1.0,0,0,0,640,360
1246,16814,16813644,11108,250,-1,-1,1,526,86.5,0,-1.0,0,0,0,640,360
1247,16826,16824754,11110,250,-1,-1,1,596,86.6,0,-1.0,0,0,0,640,360
1248,16837,16835863,11109,250,-1,-1,1,527,86.7,0,-1.0,0,0,0,640,360
1249,16848,16846971,11108,250,-1,-1,1,526,86.7,0,-1.0,0,0,0,640,360
1250,16859,16858080,11109,250,-1,-1,1,525,86.8,0,-1.0,0,0,0,640,360
1251,16870,16869188,11108,250,-1,-1,1,524,86.9,0,-1.0,0,0,0,640,360
1252,16881,16880302,11114,250,-1,-1,1,525,86.8,1,-1.0,0,0,0,640,360
1253,16892,16891411,11109,250,-1,-1,1,547,86.9,0,-1.0,0,0,0,640,360
1254,16903,16902524,11113,250,-1,-1,1,545,87.0,0,-1.0,0,0,0,640,360
1255,16915,16913628,11104,250,-1,-1,1,526,86.9,0,-1.0,0,0,0,640,360
1256,16926,16924739,11111,250,-1,-1,1,525,87.1,0,-1.0,0,0,0,640,360
1257,16937,16935843,11104,250,-1,-1,1,527,87.1,0,-1.0,0,0,0,640,360
1258,16948,16946954,11111,250,-1,-1,1,526,87.2,0,-1.0,0,0,0,640,360
1259,16959,16958058,11104,250,-1,-1,1,526,87.3,0,-1.0,0,0,0,640,360
1260,17018,16969173,11115,250,-1,-1,1,607,81.7,0,-1.0,0,0,0,640,360
1261,17019,17013595,44422,250,-1,-1,1,601,82.9,1,-1.0,0,0,0,640,360
1262,17026,17024725,11130,250,-1,-1,1,525,83.6,0,-1.0,0,0,0,640,360
1263,17037,17035827,11102,250,-1,-1,1,527,83.7,0,-1.0,0,0,0,640,360
1264,17048,17046933,11106,250,-1,-1,1,526,83.7,0,-1.0,0,0,0,640,360
1265,17059,17058050,11117,250,-1,-1,1,526,83.8,0,-1.0,0,0,0,640,360
1266,17070,17069156,11106,250,-1,-1,1,531,84.0,0,-1.0,0,0,0,640,360
1267,17081,17080271,11115,250,-1,-1,1,527,83.9,0,-1.0,0,0,0,640,360
1268,17093,17091377,11106,250,-1,-1,1,526,84.0,0,-1.0,0,0,0,640,360
1269,17103,17102485,11108,250,-1,-1,1,526,84.1,0,-1.0,0,0,0,640,360
1270,17114,17113588,11103,250,-1,-1,1,526,84.2,1,-1.0,0,0,0,640,360
1271,17126,17124704,11116,250,-1,-1,1,544,84.3,0,-1.0,0,0,0,640,360
1272,17137,17135811,11107,250,-1,-1,1,546,84.4,0,-1.0,0,0,0,640,360
1273,17148,17146924,11113,250,-1,-1,1,525,84.5,0,-1.0,0,0,0,640,360
1274,17159,17158033,11109,250,-1,-1,1,525,84.5,0,-1.0,0,0,0,640,360
1275,17170,17169142,11109,250,-1,-1,1,524,84.6,0,-1.0,0,0,0,640,360
1276,17181,17180245,11103,250,-1,-1,1,525,84.6,0,-1.0,0,0,0,640,360
1277,17192,17191357,11112,250,-1,-1,1,536,84.7,0,-1.0,0,0,0,640,360
1278,17203,17202465,11108,250,-1,-1,1,529,84.7,0,-1.0,0,0,0,640,360
1279,17214,17213573,11108,250,-1,-1,1,527,84.8,1,-1.0,0,0,0,640,360
1280,17226,17224686,11113,250,-1,-1,1,534,84.9,0,-1.0,0,0,0,640,360
1281,17237,17235797,11111,250,-1,-1,1,526,85.0,0,-1.0,0,0,0,640,360
1282,17248,17246904,11107,250,-1,-1,1,525,84.9,0,-1.0,0,0,0,640,360
1283,17259,17258012,11108,250,-1,-1,1,524,85.1,0,-1.0,0,0,0,640,360
1284,17270,17269119,11107,250,-1,-1,1,526,85.1,0,-1.0,0,0,0,640,360
1285,17284,17280228,11109,250,-1,-1,1,524,66.7,0,-1.0,0,0,0,640,360
1286,17292,17291340,11112,250,-1,-1,1,526,87.0,0,-1.0,0,0,0,640,360
1287,17303,17302449,11109,250,-1,-1,1,525,88.2,0,-1.0,0,0,0,640,360
1288,17314,17313556,11107,250,-1,-1,1,524,88.9,1,-1.0,0,0,0,640,360
1289,17326,17324672,11116,250,-1,-1,1,528,89.3,0,-1.0,0,0,0,640,360
1290,17337,17335773,11101,250,-1,-1,1,544,89.6,0,-1.0,0,0,0,640,360
1291,17348,17346888,11115,250,-1,-1,1,525,89.7,0,-1.0,0,0,0,640,360
1292,17359,17357995,11107,250,-1,-1,1,528,89.9,0,-1.0,0,0,0,640,360
1293,17370,17369102,11107,250,-1,-1,1,527,89.1,0,-1.0,0,0,0,640,360
1294,17381,17380208,11106,250,-1,-1,1,525,89.3,0,-1.0,0,0,0,640,360
1295,17392,17391322,11114,250,-1,-1,1,526,89.4,0,-1.0,0,0,0,640,360
1296,17403,17402426,11104,250,-1,-1,1,526,89.6,0,-1.0,0,0,0,640,360
1297,17414,17413540,11114,250,-1,-1,1,525,89.7,1,-1.0,0,0,0,640,360
1298,17425,17424653,11113,250,-1,-1,1,544,89.7,0,-1.0,0,0,0,640,360
1299,17437,17435764,11111,250,-1,-1,1,546,89.8,0,-1.0,0,0,0,640,360
1300,17448,17446871,11107,250,-1,-1,1,524,89.9,0,-1.0,0,0,0,640,360
1301,17459,17457983,11112,250,-1,-1,1,592,89.5,0,-1.0,0,0,0,640,360
1302,17470,17469086,11103,250,-1,-1,1,526,90.0,0,-1.0,0,0,0,640,360
1303,17481,17480199,11113,250,-1,-1,1,526,89.6,0,-1.0,0,0,0,640,360
1304,17492,17491304,11105,250,-1,-1,1,524,89.7,0,-1.0,0,0,0,640,360
1305,17503,17502414,11110,250,-1,-1,1,529,89.7,0,-1.0,0,0,0,640,360
1306,17514,17513518,11104,250,-1,-1,1,528,89.8,1,-1.0,0,0,0,640,360
1307,17525,17524637,11119,250,-1,-1,1,544,89.8,0,-1.0,0,0,0,640,360
1308,17537,17535743,11106,250,-1,-1,1,539,89.9,0,-1.0,0,0,0,640,360
1309,17548,17546857,11114,250,-1,-1,1,527,89.9,0,-1.0,0,0,0,640,360
1310,17559,17557962,11105,250,-1,-1,1,529,90.0,0,-1.0,0,0,0,640,360
1311,17570,17569072,11110,250,-1,-1,1,526,90.0,0,-1.0,0,0,0,640,360
1312,17581,17580175,11103,250,-1,-1,1,527,89.7,0,-1.0,0,0,0,640,360
1313,17592,17591288,11113,250,-1,-1,1,523,89.8,0,-1.0,0,0,0,640,360
1314,17603,17602396,11108,250,-1,-1,1,524,89.8,0,-1.0,0,0,0,640,360
1315,17614,17613508,11112,250,-1,-1,1,523,89.9,1,-1.0,0,0,0,640,360
1316,17625,17624618,11110,250,-1,-1,1,546,89.9,0,-1.0,0,0,0,640,360
1317,17637,17635724,11106,250,-1,-1,1,544,89.9,0,-1.0,0,0,0,640,360
1318,17648,17646833,11109,250,-1,-1,1,527,89.9,0,-1.0,0,0,0,640,360
1319,17659,17657945,11112,250,-1,-1,1,525,89.7,0,-1.0,0,0,0,640,360
1320,17670,17669051,11106,250,-1,-1,1,523,90.0,0,-1.0,0,0,0,640,360
1321,17681,17680163,11112,250,-1,-1,1,526,89.8,0,-1.0,0,0,0,640,360
1322,17692,17691268,11105,250,-1,-1,1,527,89.8,0,-1.0,0,0,0,640,360
1323,17703,17702379,11111,250,-1,-1,1,526,89.9,0,-1.0,0,0,0,640,360
1324,17714,17713488,11109,250,-1,-1,1,524,89.9,1,-1.0,0,0,0,640,360
1325,17726,17724601,11113,250,-1,-1,1,545,89.9,0,-1.0,0,0,0,640,360
1326,17737,17735711,11110,250,-1,-1,1,545,89.9,0,-1.0,0,0,0,640,360
1327,17748,17746821,11110,250,-1,-1,1,527,90.0,0,-1.0,0,0,0,640,360
1328,17759,17757930,11109,250,-1,-1,1,525,89.8,0,-1.0,0,0,0,640,360
1329,17770,17769035,11105,250,-1,-1,1,525,90.0,0,-1.0,0,0,0,640,360
1330,17781,17780141,11106,250,-1,-1,1,528,90.0,0,-1.0,0,0,0,640,360
1331,17792,17791254,11113,250,-1,-1,1,528,89.9,0,-1.0,0,0,0,640,360
1332,17803,17802364,11110,250,-1,-1,1,526,89.9,0,-1.0,0,0,0,640,360
1333,17814,17813473,11109,250,-1,-1,1,525,89.9,1,-1.0,0,0,0,640,360
1334,17825,17824584,11111,250,-1,-1,1,545,89.9,0,-1.0,0,0,0,640,360
1335,17836,17835692,11108,250,-1,-1,1,546,89.9,0,-1.0,0,0,0,640,360
1336,17848,17846801,11109,250,-1,-1,1,524,90.0,0,-1.0,0,0,0,640,360
1337,17859,17857913,11112,250,-1,-1,1,529,90.0,0,-1.0,0,0,0,640,360
1338,17870,17869019,11106,250,-1,-1,1,526,90.0,0,-1.0,0,0,0,640,360
1339,17881,17880128,11109,250,-1,-1,1,524,90.0,0,-1.0,0,0,0,640,360
1340,17892,17891236,11108,250,-1,-1,1,524,89.9,0,-1.0,0,0,0,640,360
1341,17903,17902343,11107,250,-1,-1,1,524,89.9,0,-1.0,0,0,0,640,360
1342,17914,17913451,11108,250,-1,-1,1,525,89.9,1,-1.0,0,0,0,640,360
1343,17925,17924568,11117,250,-1,-1,1,539,89.9,0,-1.0,0,0,0,640,360
1344,17936,17935673,11105,250,-1,-1,1,531,90.0,0,-1.0,0,0,0,640,360
1345,17948,17946782,11109,250,-1,-1,1,523,90.0,0,-1.0,0,0,0,640,360
1346,17959,17957887,11105,250,-1,-1,1,552,90.0,0,-1.0,0,0,0,640,360
1347,17970,17969002,11115,250,-1,-1,1,526,90.0,0,-1.0,0,0,0,640,360
1348,17981,17980107,11105,250,-1,-1,1,524,90.0,0,-1.0,0,0,0,640,360
1349,17992,17991217,11110,250,-1,-1,1,524,89.9,0,-1.0,0,0,0,640,360
1350,18053,18002330,11113,250,-1,-1,1,611,84.2,0,-1.0,0,0,0,640,360
1351,18054,18046752,44422,250,-1,-1,1,1187,85.4,1,-1.0,0,0,0,640,360
1352,18059,18057886,11134,250,-1,-1,1,524,86.2,0,-1.0,0,0,0,640,360
1353,18070,18068987,11101,250,-1,-1,1,526,86.2,0,-1.0,0,0,0,640,360
1354,18081,18080094,11107,250,-1,-1,1,525,86.2,0,-1.0,0,0,0,640,360
1355,18093,18091206,11112,250,-1,-1,1,527,86.3,0,-1.0,0,0,0,640,360
1356,18103,18102313,11107,250,-1,-1,1,545,86.3,0,-1.0,0,0,0,640,360
1357,18114,18113423,11110,250,-1,-1,1,631,86.4,0,-1.0,0,0,0,640,360
1358,18126,18124533,11110,250,-1,-1,1,631,86.4,0,-1.0,0,0,0,640,360
1359,18136,18135641,11108,250,-1,-1,1,526,86.5,0,-1.0,0,0,0,640,360
1360,18148,18146747,11106,250,-1,-1,1,525,86.6,1,-1.0,0,0,0,640,360
1361,18159,18157857,11110,250,-1,-1,1,545,86.6,0,-1.0,0,0,0,640,360
1362,18171,18168973,11116,250,-1,-1,1,526,86.5,0,-1.0,0,0,0,640,360
1363,18181,18180082,11109,250,-1,-1,1,536,86.7,0,-1.0,0,0,0,640,360
1364,18192,18191191,11109,250,-1,-1,1,595,86.7,0,-1.0,0,0,0,640,360
1365,18203,18202295,11104,250,-1,-1,1,525,86.7,0,-1.0,0,0,0,640,360
1366,18214,18213401,11106,250,-1,-1,1,526,86.8,0,-1.0,0,0,0,640,360
1367,18225,18224512,11111,250,-1,-1,1,527,86.8,0,-1.0,0,0,0,640,360
1368,18236,18235620,11108,250,-1,-1,1,525,86.9,0,-1.0,0,0,0,640,360
1369,18248,18246731,11111,250,-1,-1,1,524,86.9,1,-1.0,0,0,0,640,360
1370,18259,18257843,11112,250,-1,-1,1,544,87.0,0,-1.0,0,0,0,640,360
1371,18270,18268948,11105,250,-1,-1,1,545,87.0,0,-1.0,0,0,0,640,360
1372,18299,18291159,22211,250,-1,-1,1,648,33.3,0,-1.0,0,0,0,640,360
1373,18303,18302274,11115,250,-1,-1,1,595,58.8,0,-1.0,0,0,0,640,360
1374,18314,18313384,11110,250,-1,-1,1,527,66.7,0,-1.0,0,0,0,640,360
1375,18325,18324496,11112,250,-1,-1,1,527,71.4,0,-1.0,0,0,0,640,360
1376,18336,18335602,11106,250,-1,-1,1,526,74.6,0,-1.0,0,0,0,640,360
1377,18348,18346717,11115,250,-1,-1,1,525,76.9,0,-1.0,0,0,0,640,360
1378,18359,18357820,11103,250,-1,-1,1,524,78.7,1,-1.0,0,0,0,640,360
1379,18370,18368935,11115,250,-1,-1,1,544,80.0,0,-1.0,0,0,0,640,360
1380,18381,18380046,11111,250,-1,-1,1,545,81.1,0,-1.0,0,0,0,640,360
1381,18392,18391157,11111,250,-1,-1,1,528,81.3,0,-1.0,0,0,0,640,360
1382,18403,18402264,11107,250,-1,-1,1,526,82.7,0,-1.0,0,0,0,640,360
1383,18414,18413370,11106,250,-1,-1,1,527,82.8,0,-1.0,0,0,0,640,360
1384,18425,18424479,11109,250,-1,-1,1,526,83.3,0,-1.0,0,0,0,640,360
1385,18436,18435588,11109,250,-1,-1,1,526,83.8,0,-1.0,0,0,0,640,360
1386,18448,18446696,11108,250,-1,-1,1,527,84.3,0,-1.0,0,0,0,640,360
1387,18459,18457804,11108,250,-1,-1,1,526,84.7,1,-1.0,0,0,0,640,360
1388,18470,18468918,11114,250,-1,-1,1,545,85.0,0,-1.0,0,0,0,640,360
1389,18481,18480029,11111,250,-1,-1,1,544,84.9,0,-1.0,0,0,0,640,360
1390,18492,18491137,11108,250,-1,-1,1,525,85.2,0,-1.0,0,0,0,640,360
1391,18503,18502250,11113,250,-1,-1,1,525,85.5,0,-1.0,0,0,0,640,360
1392,18514,18513350,11100,250,-1,-1,1,525,85.7,0,-1.0,0,0,0,640,360
1393,18525,18524461,11111,250,-1,-1,1,527,85.9,0,-1.0,0,0,0,640,360
1394,18536,18535567,11106,250,-1,-1,1,528,86.1,0,-1.0,0,0,0,640,360
1395,18547,18546681,11114,250,-1,-1,1,526,86.3,0,-1.0,0,0,0,640,360
1396,18559,18557788,11107,250,-1,-1,1,527,86.5,1,-1.0,0,0,0,640,360
1397,18570,18568900,11112,250,-1,-1,1,546,86.7,0,-1.0,0,0,0,640,360
1398,18581,18580009,11109,250,-1,-1,1,546,86.8,0,-1.0,0,0,0,640,360
1399,18592,18591118,11109,250,-1,-1,1,527,87.0,0,-1.0,0,0,0,640,360
1400,18603,18602227,11109,250,-1,-1,1,544,86.8,0,-1.0,0,0,0,640,360
1401,18614,18613335,11108,250,-1,-1,1,525,87.0,0,-1.0,0,0,0,640,360
1402,18625,18624444,11109,250,-1,-1,1,526,87.1,0,-1.0,0,0,0,640,360
1403,18636,18635550,11106,250,-1,-1,1,524,87.2,0,-1.0,0,0,0,640,360
1404,18647,18646660,11110,250,-1,-1,1,525,87.3,0,-1.0,0,0,0,640,360
1405,18659,18657771,11111,250,-1,-1,1,525,87.4,1,-1.0,0,0,0,640,360
1406,18670,18668889,11118,250,-1,-1,1,548,87.5,0,-1.0,0,0,0,640,360
1407,18681,18679992,11103,250,-1,-1,1,545,87.6,0,-1.0,0,0,0,640,360
1408,18692,18691101,11109,250,-1,-1,1,528,87.7,0,-1.0,0,0,0,640,360
1409,18704,18702213,11112,250,-1,-1,1,523,87.6,0,-1.0,0,0,0,640,360
1410,18714,18713321,11108,250,-1,-1,1,529,87.6,0,-1.0,0,0,0,640,360
1411,18725,18724425,11104,250,-1,-1,1,525,87.7,0,-1.0,0,0,0,640,360
1412,18736,18735533,11108,250,-1,-1,1,528,87.8,0,-1.0,0,0,0,640,360
1413,18748,18746646,11113,250,-1,-1,1,524,87.9,0,-1.0,0,0,0,640,360
1414,18759,18757751,11105,250,-1,-1,1,525,87.9,1,-1.0,0,0,0,640,360
1415,18770,18768869,11118,250,-1,-1,1,545,88.0,0,-1.0,0,0,0,640,360
1416,18781,18779976,11107,250,-1,-1,1,544,88.1,0,-1.0,0,0,0,640,360
1417,18792,18791084,11108,250,-1,-1,1,528,88.0,0,-1.0,0,0,0,640,360
1418,18803,18802196,11112,250,-1,-1,1,525,88.0,0,-1.0,0,0,0,640,360
1419,18814,18813302,11106,250,-1,-1,1,527,88.1,0,-1.0,0,0,0,640,360
1420,18825,18824405,11103,250,-1,-1,1,527,88.1,0,-1.0,0,0,0,640,360
1421,18836,18835518,11113,250,-1,-1,1,526,88.2,0,-1.0,0,0,0,640,360
1422,18847,18846625,11107,250,-1,-1,1,525,88.2,0,-1.0,0,0,0,640,360
1423,18859,18857738,11113,250,-1,-1,1,527,88.3,1,-1.0,0,0,0,640,360
1424,18870,18868849,11111,250,-1,-1,1,527,88.3,0,-1.0,0,0,0,640,360
1425,18881,18879956,11107,250,-1,-1,1,544,88.4,0,-1.0,0,0,0,640,360
1426,18892,18891067,11111,250,-1,-1,1,526,88.4,0,-1.0,0,0,0,640,360
1427,18903,18902178,11111,250,-1,-1,1,595,88.3,0,-1.0,0,0,0,640,360
1428,18914,18913284,11106,250,-1,-1,1,524,88.4,0,-1.0,0,0,0,640,360
1429,18925,18924395,11111,250,-1,-1,1,528,88.4,0,-1.0,0,0,0,640,360
1430,18936,18935503,11108,250,-1,-1,1,527,88.5,0,-1.0,0,0,0,640,360
1431,18947,18946611,11108,250,-1,-1,1,527,88.5,0,-1.0,0,0,0,640,360
1432,18959,18957719,11108,250,-1,-1,1,528,88.5,1,-1.0,0,0,0,640,360
1433,18970,18968834,11115,250,-1,-1,1,545,88.6,0,-1.0,0,0,0,640,360
1434,18981,18979943,11109,250,-1,-1,1,580,88.6,0,-1.0,0,0,0,640,360
1435,18992,18991053,11110,250,-1,-1,1,527,88.6,0,-1.0,0,0,0,640,360
1436,19003,19002160,11107,250,-1,-1,1,528,88.7,0,-1.0,0,0,0,640,360
1437,19014,19013271,11111,250,-1,-1,1,525,88.6,0,-1.0,0,0,0,640,360
1438,19025,19024373,11102,250,-1,-1,1,525,88.6,0,-1.0,0,0,0,640,360
1439,19036,19035484,11111,250,-1,-1,1,524,88.7,0,-1.0,0,0,0,640,360
1440,19100,19046593,11109,250,-1,-1,1,613,83.0,0,-1.0,0,0,0,640,360
1441,19102,19091011,44418,250,-1,-1,1,2132,83.9,1,-1.0,0,0,0,640,360
1442,19105,19102295,11284,250,-1,-1,1,524,85.0,0,-1.0,0,0,0,640,360
1443,19114,19113251,10956,250,-1,-1,1,527,85.2,0,-1.0,0,0,0,640,360
1444,19125,19124359,11108,250,-1,-1,1,526,85.3,0,-1.0,0,0,0,640,360
1445,19136,19135468,11109,250,-1,-1,1,633,85.4,0,-1.0,0,0,0,640,360
1446,19148,19146584,11116,250,-1,-1,1,527,85.4,0,-1.0,0,0,0,640,360
1447,19159,19157684,11100,250,-1,-1,1,545,85.5,0,-1.0,0,0,0,640,360
1448,19170,19168801,11117,250,-1,-1,1,525,85.6,0,-1.0,0,0,0,640,360
1449,19181,19179907,11106,250,-1,-1,1,525,85.6,0,-1.0,0,0,0,640,360
1450,19192,19191015,11108,250,-1,-1,1,524,85.7,1,-1.0,0,0,0,640,360
1451,19203,19202125,11110,250,-1,-1,1,545,85.7,0,-1.0,0,0,0,640,360
1452,19214,19213233,11108,250,-1,-1,1,546,85.7,0,-1.0,0,0,0,640,360
1453,19225,19224341,11108,250,-1,-1,1,529,85.8,0,-1.0,0,0,0,640,360
1454,19236,19235454,11113,250,-1,-1,1,529,85.8,0,-1.0,0,0,0,640,360
1455,19247,19246559,11105,250,-1,-1,1,526,85.9,0,-1.0,0,0,0,640,360
1456,19258,19257668,11109,250,-1,-1,1,527,85.9,0,-1.0,0,0,0,640,360
1457,19270,19268778,11110,250,-1,-1,1,523,86.0,0,-1.0,0,0,0,640,360
1458,19285,19279888,11110,250,-1,-1,1,524,66.7,0,-1.0,0,0,0,640,360
1459,19292,19290998,11110,250,-1,-1,1,526,90.9,1,-1.0,0,0,0,640,360
1460,19303,19302113,11115,250,-1,-1,1,531,90.9,0,-1.0,0,0,0,640,360
1461,19314,19313222,11109,250,-1,-1,1,528,88.9,0,-1.0,0,0,0,640,360
1462,19325,19324330,11108,250,-1,-1,1,525,89.3,0,-1.0,0,0,0,640,360
1463,19336,19335435,11105,250,-1,-1,1,526,89.6,0,-1.0,0,0,0,640,360
1464,19347,19346544,11109,250,-1,-1,1,525,89.7,0,-1.0,0,0,0,640,360
1465,19358,19357654,11110,250,-1,-1,1,525,89.9,0,-1.0,0,0,0,640,360
1466,19370,19368763,11109,250,-1,-1,1,524,90.0,0,-1.0,0,0,0,640,360
1467,19381,19379870,11107,250,-1,-1,1,526,90.1,0,-1.0,0,0,0,640,360
1468,19392,19390980,11110,250,-1,-1,1,525,90.2,1,-1.0,0,0,0,640,360
1469,19403,19402092,11112,250,-1,-1,1,544,90.2,0,-1.0,0,0,0,640,360
1470,19414,19413198,11106,250,-1,-1,1,534,89.7,0,-1.0,0,0,0,640,360
1471,19425,19424307,11109,250,-1,-1,1,525,89.7,0,-1.0,0,0,0,640,360
1472,19436,19435491,11184,250,-1,-1,1,527,89.8,0,-1.0,0,0,0,640,360
1473,19447,19446527,11036,250,-1,-1,1,530,89.9,0,-1.0,0,0,0,640,360
1474,19459,19457636,11109,250,-1,-1,1,525,89.9,0,-1.0,0,0,0,640,360
1475,19470,19468748,11112,250,-1,-1,1,525,90.0,0,-1.0,0,0,0,640,360
1476,19481,19479854,11106,250,-1,-1,1,525,90.0,0,-1.0,0,0,0,640,360
1477,19492,19490966,11112,250,-1,-1,1,524,90.1,1,-1.0,0,0,0,640,360
1478,19503,19502077,11111,250,-1,-1,1,550,89.7,0,-1.0,0,0,0,640,360
1479,19514,19513182,11105,250,-1,-1,1,546,89.8,0,-1.0,0,0,0,640,360
1480,19525,19524295,11113,250,-1,-1,1,527,89.8,0,-1.0,0,0,0,640,360
1481,19536,19535401,11106,250,-1,-1,1,525,89.9,0,-1.0,0,0,0,640,360
1482,19547,19546514,11113,250,-1,-1,1,528,89.9,0,-1.0,0,0,0,640,360
1483,19558,19557617,11103,250,-1,-1,1,529,90.0,0,-1.0,0,0,0,640,360
1484,19570,19568724,11107,250,-1,-1,1,525,90.0,0,-1.0,0,0,0,640,360
1485,19581,19579832,11108,250,-1,-1,1,526,90.0,0,-1.0,0,0,0,640,360
1486,19592,19590947,11115,250,-1,-1,1,525,90.1,1,-1.0,0,0,0,640,360
1487,19603,19602060,11113,250,-1,-1,1,543,90.1,0,-1.0,0,0,0,640,360
1488,19614,19613168,11108,250,-1,-1,1,547,89.9,0,-1.0,0,0,0,640,360
1489,19625,19624273,11105,250,-1,-1,1,523,89.9,0,-1.0,0,0,0,640,360
1490,19637,19635390,11117,250,-1,-1,1,526,89.9,0,-1.0,0,0,0,640,360
1491,19647,19646493,11103,250,-1,-1,1,528,89.9,0,-1.0,0,0,0,640,360
1492,19658,19657599,11106,250,-1,-1,1,527,90.0,0,-1.0,0,0,0,640,360
1493,19669,19668712,11113,250,-1,-1,1,527,90.0,0,-1.0,0,0,0,640,360
1494,19681,19679817,11105,250,-1,-1,1,526,90.0,0,-1.0,0,0,0,640,360
1495,19692,19690926,11109,250,-1,-1,1,526,90.0,1,-1.0,0,0,0,640,360
1496,19703,19702040,11114,250,-1,-1,1,527,90.1,0,-1.0,0,0,0,640,360
1497,19714,19713149,11109,250,-1,-1,1,546,89.9,0,-1.0,0,0,0,640,360
1498,19725,19724259,11110,250,-1,-1,1,524,89.9,0,-1.0,0,0,0,640,360
1499,19737,19735367,11108,250,-1,-1,1,527,89.9,0,-1.0,0,0,0,640,360
1500,19747,19746479,11112,250,-1,-1,1,525,90.0,0,-1.0,0,0,0,640,360
1501,19758,19757582,11103,250,-1,-1,1,524,90.0,0,-1.0,0,0,0,640,360
1502,19770,19768690,11108,250,-1,-1,1,527,90.0,0,-1.0,0,0,0,640,360
1503,19781,19779797,11107,250,-1,-1,1,530,90.0,0,-1.0,0,0,0,640,360
1504,19792,19790915,11118,250,-1,-1,1,527,90.0,1,-1.0,0,0,0,640,360
1505,19803,19802021,11106,250,-1,-1,1,535,90.1,0,-1.0,0,0,0,640,360
1506,19814,19813129,11108,250,-1,-1,1,529,89.9,0,-1.0,0,0,0,640,360
1507,19825,19824238,11109,250,-1,-1,1,526,89.9,0,-1.0,0,0,0,640,360
1508,19836,19835352,11114,250,-1,-1,1,527,89.9,0,-1.0,0,0,0,640,360
1509,19847,19846457,11105,250,-1,-1,1,526,90.0,0,-1.0,0,0,0,640,360
1510,19859,19857567,11110,250,-1,-1,1,524,90.0,0,-1.0,0,0,0,640,360
1511,19869,19868671,11104,250,-1,-1,1,525,90.0,0,-1.0,0,0,0,640,360
1512,19881,19879784,11113,250,-1,-1,1,524,90.0,0,-1.0,0,0,0,640,360
1513,19892,19890896,11112,250,-1,-1,1,634,90.0,1,-1.0,0,0,0,640,360
1514,19903,19902011,11115,250,-1,-1,1,546,89.9,0,-1.0,0,0,0,640,360
1515,19914,19913113,11102,250,-1,-1,1,545,90.1,0,-1.0,0,0,0,640,360
1516,19925,19924222,11109,250,-1,-1,1,528,89.9,0,-1.0,0,0,0,640,360
1517,19936,19935330,11108,250,-1,-1,1,526,90.0,0,-1.0,0,0,0,640,360
1518,19947,19946441,11111,250,-1,-1,1,526,90.0,0,-1.0,0,0,0,640,360
1519,19958,19957548,11107,250,-1,-1,1,527,90.0,0,-1.0,0,0,0,640,360
1520,19969,19968661,11113,250,-1,-1,1,525,90.0,0,-1.0,0,0,0,640,360
1521,19981,19979764,11103,250,-1,-1,1,524,90.0,0,-1.0,0,0,0,640,360
1522,19992,19990878,11114,250,-1,-1,1,524,90.0,1,-1.0,0,0,0,640,360
1523,20003,20001989,11111,250,-1,-1,1,544,90.0,0,-1.0,0,0,0,640,360
1524,20014,20013100,11111,250,-1,-1,1,524,89.9,0,-1.0,0,0,0,640,360
1525,20025,20024211,11111,250,-1,-1,1,526,89.9,0,-1.0,0,0,0,640,360
1526,20036,20035320,11109,250,-1,-1,1,526,90.0,0,-1.0,0,0,0,640,360
1527,20047,20046427,11107,250,-1,-1,1,526,90.0,0,-1.0,0,0,0,640,360
1528,20058,20057531,11104,250,-1,-1,1,526,90.0,0,-1.0,0,0,0,640,360
1529,20069,20068642,11111,250,-1,-1,1,527,90.0,0,-1.0,0,0,0,640,360
1530,20166,20079750,11108,250,-1,-1,1,528,81.4,0,-1.0,0,0,0,640,360
1531,20167,20157496,77746,250,-1,-1,1,828,82.4,1,-1.0,0,0,0,640,360
1532,20170,20168608,11112,250,-1,-1,1,524,83.2,0,-1.0,0,0,0,640,360
1533,20181,20179738,11130,250,-1,-1,1,529,83.4,0,-1.0,0,0,0,640,360
1534,20192,20190846,11108,250,-1,-1,1,543,83.5,0,-1.0,0,0,0,640,360
1535,20203,20201952,11106,250,-1,-1,1,630,83.6,0,-1.0,0,0,0,640,360
1536,20214,20213068,11116,250,-1,-1,1,556,83.6,0,-1.0,0,0,0,640,360
1537,20225,20224172,11104,250,-1,-1,1,525,83.7,0,-1.0,0,0,0,640,360
1538,20236,20235280,11108,250,-1,-1,1,525,83.8,0,-1.0,0,0,0,640,360
1539,20247,20246387,11107,250,-1,-1,1,526,83.8,0,-1.0,0,0,0,640,360
1540,20258,20257499,11112,250,-1,-1,1,524,83.9,1,-1.0,0,0,0,640,360
1541,20269,20268613,11114,250,-1,-1,1,526,84.0,0,-1.0,0,0,0,640,360
1542,20308,20301926,33313,250,-1,-1,1,575,26.3,0,-1.0,0,0,0,640,360
1543,20314,20313062,11136,250,-1,-1,1,525,45.5,0,-1.0,0,0,0,640,360
1544,20325,20324155,11093,250,-1,-1,1,525,54.5,0,-1.0,0,0,0,640,360
1545,20336,20335259,11104,250,-1,-1,1,524,59.7,0,-1.0,0,0,0,640,360
1546,20347,20346372,11113,250,-1,-1,1,526,64.1,0,-1.0,0,0,0,640,360
1547,20358,20357476,11104,250,-1,-1,1,528,67.4,0,-1.0,0,0,0,640,360
1548,20369,20368591,11115,250,-1,-1,1,524,70.0,0,-1.0,0,0,0,640,360
1549,20381,20379699,11108,250,-1,-1,1,525,72.1,1,-1.0,0,0,0,640,360
1550,20392,20390814,11115,250,-1,-1,1,547,73.8,0,-1.0,0,0,0,640,360
1551,20403,20401918,11104,250,-1,-1,1,530,75.2,0,-1.0,0,0,0,640,360
1552,20414,20413030,11112,250,-1,-1,1,524,76.4,0,-1.0,0,0,0,640,360
1553,20425,20424136,11106,250,-1,-1,1,525,76.9,0,-1.0,0,0,0,640,360
1554,20436,20435248,11112,250,-1,-1,1,524,77.8,0,-1.0,0,0,0,640,360
1555,20447,20446355,11107,250,-1,-1,1,525,78.7,0,-1.0,0,0,0,640,360
1556,20458,20457461,11106,250,-1,-1,1,525,79.4,0,-1.0,0,0,0,640,360
1557,20469,20468572,11111,250,-1,-1,1,523,80.0,0,-1.0,0,0,0,640,360
1558,20481,20479679,11107,250,-1,-1,1,524,80.6,1,-1.0,0,0,0,640,360
1559,20492,20490793,11114,250,-1,-1,1,545,81.1,0,-1.0,0,0,0,640,360
1560,20503,20501905,11112,250,-1,-1,1,539,81.5,0,-1.0,0,0,0,640,360
1561,20514,20513012,11107,250,-1,-1,1,527,82.0,0,-1.0,0,0,0,640,360
1562,20526,20524124,11112,250,-1,-1,1,527,82.0,0,-1.0,0,0,0,640,360
1563,20536,20535228,11104,250,-1,-1,1,526,82.4,0,-1.0,0,0,0,640,360
1564,20547,20546336,11108,250,-1,-1,1,524,82.7,0,-1.0,0,0,0,640,360
1565,20558,20557445,11109,250,-1,-1,1,525,83.0,0,-1.0,0,0,0,640,360
1566,20569,20568555,11110,250,-1,-1,1,524,83.3,0,-1.0,0,0,0,640,360
1567,20580,20579664,11109,250,-1,-1,1,524,83.6,1,-1.0,0,0,0,640,360
1568,20592,20590782,11118,250,-1,-1,1,547,83.9,0,-1.0,0,0,0,640,360
1569,20603,20601885,11103,250,-1,-1,1,545,84.1,0,-1.0,0,0,0,640,360
1570,20614,20612996,11111,250,-1,-1,1,526,84.1,0,-1.0,0,0,0,640,360
1571,20625,20624104,11108,250,-1,-1,1,528,84.3,0,-1.0,0,0,0,640,360
1572,20636,20635209,11105,250,-1,-1,1,527,84.5,0,-1.0,0,0,0,640,360
1573,20647,20646318,11109,250,-1,-1,1,527,84.7,0,-1.0,0,0,0,640,360
1574,20658,20657425,11107,250,-1,-1,1,527,84.8,0,-1.0,0,0,0,640,360
1575,20669,20668535,11110,250,-1,-1,1,525,85.0,0,-1.0,0,0,0,640,360
1576,20680,20679643,11108,250,-1,-1,1,525,85.2,1,-1.0,0,0,0,640,360
1577,20692,20690761,11118,250,-1,-1,1,546,85.3,0,-1.0,0,0,0,640,360
1578,20703,20701870,11109,250,-1,-1,1,548,85.5,0,-1.0,0,0,0,640,360
1579,20714,20712980,11110,250,-1,-1,1,535,85.6,0,-1.0,0,0,0,640,360
1580,20725,20724088,11108,250,-1,-1,1,525,85.5,0,-1.0,0,0,0,640,360
1581,20736,20735195,11107,250,-1,-1,1,525,85.7,0,-1.0,0,0,0,640,360
1582,20747,20746300,11105,250,-1,-1,1,525,85.8,0,-1.0,0,0,0,640,360
1583,20758,20757410,11110,250,-1,-1,1,527,85.9,0,-1.0,0,0,0,640,360
1584,20769,20768521,11111,250,-1,-1,1,527,86.0,0,-1.0,0,0,0,640,360
1585,20780,20779627,11106,250,-1,-1,1,524,86.1,1,-1.0,0,0,0,640,360
1586,20792,20790741,11114,250,-1,-1,1,529,86.2,0,-1.0,0,0,0,640,360
1587,20803,20801852,11111,250,-1,-1,1,548,86.3,0,-1.0,0,0,0,640,360
1588,20814,20812962,11110,250,-1,-1,1,524,86.4,0,-1.0,0,0,0,640,360
1589,20825,20824073,11111,250,-1,-1,1,528,86.3,0,-1.0,0,0,0,640,360
1590,20836,20835176,11103,250,-1,-1,1,524,86.4,0,-1.0,0,0,0,640,360
1591,20847,20846284,11108,250,-1,-1,1,524,86.5,0,-1.0,0,0,0,640,360
1592,20858,20857395,11111,250,-1,-1,1,524,86.6,0,-1.0,0,0,0,640,360
1593,20869,20868504,11109,250,-1,-1,1,525,86.7,0,-1.0,0,0,0,640,360
1594,20881,20879610,11106,250,-1,-1,1,528,86.7,1,-1.0,0,0,0,640,360
1595,20892,20890728,11118,250,-1,-1,1,546,86.8,0,-1.0,0,0,0,640,360
1596,20903,20901832,11104,250,-1,-1,1,539,86.9,0,-1.0,0,0,0,640,360
1597,20914,20912943,11111,250,-1,-1,1,525,87.0,0,-1.0,0,0,0,640,360
1598,20925,20924054,11111,250,-1,-1,1,525,86.9,0,-1.0,0,0,0,640,360
1599,20936,20935160,11106,250,-1,-1,1,545,87.1,0,-1.0,0,0,0,640,360
1600,20947,20946266,11106,250,-1,-1,1,526,87.0,0,-1.0,0,0,0,640,360
1601,20958,20957377,11111,250,-1,-1,1,525,87.1,0,-1.0,0,0,0,640,360
1602,20969,20968488,11111,250,-1,-1,1,526,87.1,0,-1.0,0,0,0,640,360
1603,20980,20979594,11106,250,-1,-1,1,525,87.2,1,-1.0,0,0,0,640,360
1604,20992,20990715,11121,250,-1,-1,1,546,87.3,0,-1.0,0,0,0,640,360
1605,21003,21001817,11102,250,-1,-1,1,547,87.3,0,-1.0,0,0,0,640,360
1606,21014,21012927,11110,250,-1,-1,1,526,87.4,0,-1.0,0,0,0,640,360
1607,21025,21024037,11110,250,-1,-1,1,525,87.3,0,-1.0,0,0,0,640,360
1608,21036,21035145,11108,250,-1,-1,1,527,87.5,0,-1.0,0,0,0,640,360
1609,21047,21046247,11102,250,-1,-1,1,526,87.4,0,-1.0,0,0,0,640,360
1610,21058,21057362,11115,250,-1,-1,1,525,87.5,0,-1.0,0,0,0,640,360
1611,21069,21068467,11105,250,-1,-1,1,524,87.5,0,-1.0,0,0,0,640,360
1612,21080,21079581,11114,250,-1,-1,1,524,87.5,1,-1.0,0,0,0,640,360
1613,21092,21090692,11111,250,-1,-1,1,546,87.6,0,-1.0,0,0,0,640,360
1614,21103,21101803,11111,250,-1,-1,1,546,87.6,0,-1.0,0,0,0,640,360
1615,21114,21112911,11108,250,-1,-1,1,543,87.7,0,-1.0,0,0,0,640,360
1616,21125,21124022,11111,250,-1,-1,1,524,87.6,0,-1.0,0,0,0,640,360
1617,21136,21135124,11102,250,-1,-1,1,526,87.8,0,-1.0,0,0,0,640,360
1618,21147,21146232,11108,250,-1,-1,1,526,87.7,0,-1.0,0,0,0,640,360
1619,21158,21157341,11109,250,-1,-1,1,528,87.7,0,-1.0,0,0,0,640,360
1620,21227,21168452,11111,250,-1,-1,1,608,82.5,0,-1.0,0,0,0,640,360
1621,21228,21223980,55528,250,-1,-1,1,601,83.5,1,-1.0,0,0,0,640,360
1622,21236,21235117,11137,250,-1,-1,1,528,83.8,0,-1.0,0,0,0,640,360
1623,21247,21246217,11100,250,-1,-1,1,527,83.8,0,-1.0,0,0,0,640,360
1624,21259,21257331,11114,250,-1,-1,1,526,83.9,0,-1.0,0,0,0,640,360
1625,21269,21268434,11103,250,-1,-1,1,526,84.0,0,-1.0,0,0,0,640,360
1626,21315,21313033,44599,250,-1,-1,1,559,21.7,0,-1.0,0,0,0,640,360
1627,21325,21323985,10952,250,-1,-1,1,526,36.4,0,-1.0,0,0,0,640,360
1628,21336,21335091,11106,250,-1,-1,1,527,45.5,0,-1.0,0,0,0,640,360
1629,21347,21346200,11109,250,-1,-1,1,524,51.3,0,-1.0,0,0,0,640,360
1630,21358,21357344,11144,250,-1,-1,1,525,56.2,1,-1.0,0,0,0,640,360
1631,21369,21368425,11081,250,-1,-1,1,545,60.0,0,-1.0,0,0,0,640,360
1632,21380,21379533,11108,250,-1,-1,1,546,63.1,0,-1.0,0,0,0,640,360
1633,21391,21390646,11113,250,-1,-1,1,586,65.6,0,-1.0,0,0,0,640,360
1634,21403,21401753,11107,250,-1,-1,1,526,67.2,0,-1.0,0,0,0,640,360
1635,21414,21412859,11106,250,-1,-1,1,525,69.4,0,-1.0,0,0,0,640,360
1636,21425,21423963,11104,250,-1,-1,1,525,71.0,0,-1.0,0,0,0,640,360
1637,21436,21435071,11108,250,-1,-1,1,526,72.3,0,-1.0,0,0,0,640,360
1638,21447,21446181,11110,250,-1,-1,1,526,73.0,0,-1.0,0,0,0,640,360
1639,21458,21457293,11112,250,-1,-1,1,528,74.1,1,-1.0,0,0,0,640,360
1640,21469,21468414,11121,250,-1,-1,1,532,75.0,0,-1.0,0,0,0,640,360
1641,21480,21479515,11101,250,-1,-1,1,531,75.8,0,-1.0,0,0,0,640,360
1642,21491,21490622,11107,250,-1,-1,1,529,76.6,0,-1.0,0,0,0,640,360
1643,21503,21501733,11111,250,-1,-1,1,525,77.3,0,-1.0,0,0,0,640,360
1644,21514,21512840,11107,250,-1,-1,1,524,77.9,0,-1.0,0,0,0,640,360
1645,21525,21523948,11108,250,-1,-1,1,525,78.4,0,-1.0,0,0,0,640,360
1646,21536,21535055,11107,250,-1,-1,1,525,78.9,0,-1.0,0,0,0,640,360
1647,21547,21546167,11112,250,-1,-1,1,527,79.1,0,-1.0,0,0,0,640,360
1648,21558,21557275,11108,250,-1,-1,1,527,79.6,1,-1.0,0,0,0,640,360
1649,21569,21568386,11111,250,-1,-1,1,540,80.0,0,-1.0,0,0,0,640,360
1650,21580,21579495,11109,250,-1,-1,1,536,80.4,0,-1.0,0,0,0,640,360
1651,21592,21590607,11112,250,-1,-1,1,527,80.7,0,-1.0,0,0,0,640,360
1652,21603,21601717,11110,250,-1,-1,1,527,81.1,0,-1.0,0,0,0,640,360
1653,21614,21612823,11106,250,-1,-1,1,528,81.4,0,-1.0,0,0,0,640,360
1654,21625,21623927,11104,250,-1,-1,1,524,81.7,0,-1.0,0,0,0,640,360
1655,21636,21635040,11113,250,-1,-1,1,525,82.0,0,-1.0,0,0,0,640,360
1656,21647,21646149,11109,250,-1,-1,1,525,82.2,0,-1.0,0,0,0,640,360
1657,21658,21657255,11106,250,-1,-1,1,526,82.3,1,-1.0,0,0,0,640,360
1658,21669,21668368,11113,250,-1,-1,1,550,82.5,0,-1.0,0,0,0,640,360
1659,21680,21679478,11110,250,-1,-1,1,538,82.7,0,-1.0,0,0,0,640,360
1660,21691,21690586,11108,250,-1,-1,1,528,82.9,0,-1.0,0,0,0,640,360
1661,21703,21701702,11116,250,-1,-1,1,527,83.1,0,-1.0,0,0,0,640,360
1662,21714,21712806,11104,250,-1,-1,1,525,83.3,0,-1.0,0,0,0,640,360
1663,21725,21723914,11108,250,-1,-1,1,527,83.5,0,-1.0,0,0,0,640,360
1664,21736,21735022,11108,250,-1,-1,1,527,83.7,0,-1.0,0,0,0,640,360
1665,21747,21746133,11111,250,-1,-1,1,526,83.9,0,-1.0,0,0,0,640,360
1666,21758,21757237,11104,250,-1,-1,1,524,83.8,1,-1.0,0,0,0,640,360
1667,21769,21768354,11117,250,-1,-1,1,545,84.0,0,-1.0,0,0,0,640,360
1668,21780,21779460,11106,250,-1,-1,1,545,84.1,0,-1.0,0,0,0,640,360
1669,21791,21790578,11118,250,-1,-1,1,544,84.3,0,-1.0,0,0,0,640,360
1670,21803,21801682,11104,250,-1,-1,1,526,84.3,0,-1.0,0,0,0,640,360
1671,21814,21812790,11108,250,-1,-1,1,526,84.6,0,-1.0,0,0,0,640,360
1672,21825,21823894,11104,250,-1,-1,1,526,84.7,0,-1.0,0,0,0,640,360
1673,21836,21835004,11110,250,-1,-1,1,525,84.8,0,-1.0,0,0,0,640,360
1674,21847,21846112,11108,250,-1,-1,1,526,84.9,0,-1.0,0,0,0,640,360
1675,21858,21857223,11111,250,-1,-1,1,528,84.9,1,-1.0,0,0,0,640,360
1676,21869,21868336,11113,250,-1,-1,1,546,85.0,0,-1.0,0,0,0,640,360
1677,21880,21879446,11110,250,-1,-1,1,545,85.1,0,-1.0,0,0,0,640,360
1678,21891,21890558,11112,250,-1,-1,1,525,85.2,0,-1.0,0,0,0,640,360
1679,21903,21901667,11109,250,-1,-1,1,526,85.3,0,-1.0,0,0,0,640,360
1680,21914,21912771,11104,250,-1,-1,1,525,85.4,0,-1.0,0,0,0,640,360
1681,21925,21923877,11106,250,-1,-1,1,523,85.5,0,-1.0,0,0,0,640,360
1682,21936,21934987,11110,250,-1,-1,1,526,85.6,0,-1.0,0,0,0,640,360
1683,21947,21946096,11109,250,-1,-1,1,526,85.5,0,-1.0,0,0,0,640,360
1684,21958,21957205,11109,250,-1,-1,1,525,85.6,1,-1.0,0,0,0,640,360
1685,21969,21968323,11118,250,-1,-1,1,548,85.7,0,-1.0,0,0,0,640,360
1686,21980,21979426,11103,250,-1,-1,1,531,85.8,0,-1.0,0,0,0,640,360
1687,21992,21990539,11113,250,-1,-1,1,527,85.8,0,-1.0,0,0,0,640,360
1688,22002,22001643,11104,250,-1,-1,1,630,85.9,0,-1.0,0,0,0,640,360
1689,22014,22012754,11111,250,-1,-1,1,525,86.0,0,-1.0,0,0,0,640,360
1690,22025,22023862,11108,250,-1,-1,1,526,86.1,0,-1.0,0,0,0,640,360
1691,22036,22034971,11109,250,-1,-1,1,525,86.2,0,-1.0,0,0,0,640,360
1692,22047,22046078,11107,250,-1,-1,1,524,86.2,0,-1.0,0,0,0,640,360
1693,22058,22057193,11115,250,-1,-1,1,524,86.2,1,-1.0,0,0,0,640,360
1694,22069,22068300,11107,250,-1,-1,1,545,86.2,0,-1.0,0,0,0,640,360
1695,22080,22079408,11108,250,-1,-1,1,535,86.3,0,-1.0,0,0,0,640,360
1696,22091,22090517,11109,250,-1,-1,1,526,86.4,0,-1.0,0,0,0,640,360
1697,22102,22101631,11114,250,-1,-1,1,526,86.4,0,-1.0,0,0,0,640,360
1698,22114,22112735,11104,250,-1,-1,1,527,86.5,0,-1.0,0,0,0,640,360
1699,22125,22123847,11112,250,-1,-1,1,526,86.5,0,-1.0,0,0,0,640,360
1700,22136,22134954,11107,250,-1,-1,1,524,86.6,0,-1.0,0,0,0,640,360
1701,22147,22146063,11109,250,-1,-1,1,525,86.7,0,-1.0,0,0,0,640,360
1702,22158,22157173,11110,250,-1,-1,1,525,86.7,1,-1.0,0,0,0,640,360
1703,22169,22168288,11115,250,-1,-1,1,544,86.7,0,-1.0,0,0,0,640,360
1704,22181,22179392,11104,250,-1,-1,1,527,86.6,0,-1.0,0,0,0,640,360
1705,22191,22190506,11114,250,-1,-1,1,609,86.8,0,-1.0,0,0,0,640,360
1706,22202,22201609,11103,250,-1,-1,1,608,86.8,0,-1.0,0,0,0,640,360
1707,22214,22212722,11113,250,-1,-1,1,526,86.9,0,-1.0,0,0,0,640,360
1708,22225,22223826,11104,250,-1,-1,1,527,86.9,0,-1.0,0,0,0,640,360
1709,22236,22234935,11109,250,-1,-1,1,524,87.0,0,-1.0,0,0,0,640,360
1710,22304,22246046,11111,250,-1,-1,1,607,82.1,0,-1.0,0,0,0,640,360
1711,22353,22346028,99982,250,-1,-1,1,608,20.8,1,-1.0,0,0,0,640,360
1712,22358,22357156,11128,250,-1,-1,1,530,37.0,0,-1.0,0,0,0,640,360
1713,22369,22368252,11096,250,-1,-1,1,528,46.2,0,-1.0,0,0,0,640,360
1714,22380,22379359,11107,250,-1,-1,1,526,52.6,0,-1.0,0,0,0,640,360
1715,22392,22390469,11110,250,-1,-1,1,526,57.5,0,-1.0,0,0,0,640,360
1716,22402,22401574,11105,250,-1,-1,1,526,61.2,0,-1.0,0,0,0,640,360
1717,22414,22412684,11110,250,-1,-1,1,524,64.2,0,-1.0,0,0,0,640,360
1718,22425,22423792,11108,250,-1,-1,1,526,66.7,0,-1.0,0,0,0,640,360
1719,22436,22434899,11107,250,-1,-1,1,528,68.7,0,-1.0,0,0,0,640,360
1720,22447,22446010,11111,250,-1,-1,1,527,70.4,1,-1.0,0,0,0,640,360
1721,22458,22457124,11114,250,-1,-1,1,539,71.9,0,-1.0,0,0,0,640,360
1722,22469,22468228,11104,250,-1,-1,1,534,72.7,0,-1.0,0,0,0,640,360
1723,22480,22479340,11112,250,-1,-1,1,524,73.9,0,-1.0,0,0,0,640,360
1724,22492,22490450,11110,250,-1,-1,1,524,74.9,0,-1.0,0,0,0,640,360
1725,22502,22501558,11108,250,-1,-1,1,527,75.8,0,-1.0,0,0,0,640,360
1726,22513,22512661,11103,250,-1,-1,1,523,76.6,0,-1.0,0,0,0,640,360
1727,22525,22523777,11116,250,-1,-1,1,524,77.3,0,-1.0,0,0,0,640,360
1728,22536,22534885,11108,250,-1,-1,1,524,77.9,0,-1.0,0,0,0,640,360
1729,22547,22545996,11111,250,-1,-1,1,523,78.5,1,-1.0,0,0,0,640,360
1730,22558,22557105,11109,250,-1,-1,1,546,79.1,0,-1.0,0,0,0,640,360
1731,22569,22568216,11111,250,-1,-1,1,535,79.2,0,-1.0,0,0,0,640,360
1732,22580,22579323,11107,250,-1,-1,1,545,79.7,0,-1.0,0,0,0,640,360
1733,22591,22590437,11114,250,-1,-1,1,525,80.1,0,-1.0,0,0,0,640,360
1734,22602,22601540,11103,250,-1,-1,1,526,80.5,0,-1.0,0,0,0,640,360
1735,22614,22612648,11108,250,-1,-1,1,525,80.9,0,-1.0,0,0,0,640,360
1736,22625,22623759,11111,250,-1,-1,1,525,81.2,0,-1.0,0,0,0,640,360
1737,22636,22634871,11112,250,-1,-1,1,526,81.6,0,-1.0,0,0,0,640,360
1738,22647,22645975,11104,250,-1,-1,1,525,81.9,1,-1.0,0,0,0,640,360
1739,22658,22657092,11117,250,-1,-1,1,546,81.9,0,-1.0,0,0,0,640,360
1740,22669,22668197,11105,250,-1,-1,1,546,82.2,0,-1.0,0,0,0,640,360
1741,22680,22679308,11111,250,-1,-1,1,534,82.4,0,-1.0,0,0,0,640,360
1742,22692,22690416,11108,250,-1,-1,1,525,82.7,0,-1.0,0,0,0,640,360
1743,22702,22701526,11110,250,-1,-1,1,526,82.9,0,-1.0,0,0,0,640,360
1744,22713,22712631,11105,250,-1,-1,1,525,83.1,0,-1.0,0,0,0,640,360
1745,22725,22723741,11110,250,-1,-1,1,526,83.3,0,-1.0,0,0,0,640,360
1746,22736,22734850,11109,250,-1,-1,1,526,83.5,0,-1.0,0,0,0,640,360
1747,22747,22745959,11109,250,-1,-1,1,524,83.7,1,-1.0,0,0,0,640,360
1748,22758,22757075,11116,250,-1,-1,1,546,83.9,0,-1.0,0,0,0,640,360
1749,22769,22768183,11108,250,-1,-1,1,545,83.9,0,-1.0,0,0,0,640,360
1750,22780,22779292,11109,250,-1,-1,1,534,84.0,0,-1.0,0,0,0,640,360
1751,22791,22790404,11112,250,-1,-1,1,526,84.2,0,-1.0,0,0,0,640,360
1752,22802,22801508,11104,250,-1,-1,1,525,84.3,0,-1.0,0,0,0,640,360
1753,22813,22812616,11108,250,-1,-1,1,527,84.5,0,-1.0,0,0,0,640,360
1754,22825,22823719,11103,250,-1,-1,1,525,84.6,0,-1.0,0,0,0,640,360
1755,22836,22834834,11115,250,-1,-1,1,526,84.7,0,-1.0,0,0,0,640,360
1756,22847,22845942,11108,250,-1,-1,1,526,84.9,1,-1.0,0,0,0,640,360
1757,22858,22857058,11116,250,-1,-1,1,547,85.0,0,-1.0,0,0,0,640,360
1758,22869,22868162,11104,250,-1,-1,1,547,85.0,0,-1.0,0,0,0,640,360
1759,22880,22879276,11114,250,-1,-1,1,547,85.1,0,-1.0,0,0,0,640,360
1760,22892,22890384,11108,250,-1,-1,1,526,85.2,0,-1.0,0,0,0,640,360
1761,22902,22901492,11108,250,-1,-1,1,524,85.3,0,-1.0,0,0,0,640,360
1762,22913,22912597,11105,250,-1,-1,1,525,85.4,0,-1.0,0,0,0,640,360
1763,22925,22923707,11110,250,-1,-1,1,528,85.5,0,-1.0,0,0,0,640,360
1764,22936,22934813,11106,250,-1,-1,1,527,85.6,0,-1.0,0,0,0,640,360
1765,22947,22945923,11110,250,-1,-1,1,527,85.7,1,-1.0,0,0,0,640,360
1766,22958,22957037,11114,250,-1,-1,1,564,85.8,0,-1.0,0,0,0,640,360
1767,22969,22968150,11113,250,-1,-1,1,544,85.7,0,-1.0,0,0,0,640,360
1768,22980,22979256,11106,250,-1,-1,1,535,85.8,0,-1.0,0,0,0,640,360
1769,22991,22990368,11112,250,-1,-1,1,526,85.9,0,-1.0,0,0,0,640,360
1770,23002,23001473,11105,250,-1,-1,1,524,86.0,0,-1.0,0,0,0,640,360
1771,23014,23012582,11109,250,-1,-1,1,524,86.0,0,-1.0,0,0,0,640,360
1772,23024,23023688,11106,250,-1,-1,1,524,86.1,0,-1.0,0,0,0,640,360
1773,23036,23034802,11114,250,-1,-1,1,525,86.2,0,-1.0,0,0,0,640,360
1774,23047,23045907,11105,250,-1,-1,1,524,86.3,1,-1.0,0,0,0,640,360
1775,23058,23057023,11116,250,-1,-1,1,538,86.2,0,-1.0,0,0,0,640,360
1776,23069,23068130,11107,250,-1,-1,1,540,86.4,0,-1.0,0,0,0,640,360
1777,23080,23079241,11111,250,-1,-1,1,532,86.3,0,-1.0,0,0,0,640,360
1778,23091,23090351,11110,250,-1,-1,1,525,86.4,0,-1.0,0,0,0,640,360
1779,23102,23101457,11106,250,-1,-1,1,525,86.5,0,-1.0,0,0,0,640,360
1780,23113,23112563,11106,250,-1,-1,1,526,86.5,0,-1.0,0,0,0,640,360
1781,23124,23123673,11110,250,-1,-1,1,524,86.6,0,-1.0,0,0,0,640,360
1782,23136,23134781,11108,250,-1,-1,1,525,86.6,0,-1.0,0,0,0,640,360
1783,23147,23145891,11110,250,-1,-1,1,527,86.7,1,-1.0,0,0,0,640,360
1784,23158,23157003,11112,250,-1,-1,1,547,86.8,0,-1.0,0,0,0,640,360
1785,23169,23168110,11107,250,-1,-1,1,546,86.8,0,-1.0,0,0,0,640,360
1786,23180,23179222,11112,250,-1,-1,1,586,86.8,0,-1.0,0,0,0,640,360
1787,23192,23190331,11109,250,-1,-1,1,525,86.8,0,-1.0,0,0,0,640,360
1788,23202,23201440,11109,250,-1,-1,1,526,86.9,0,-1.0,0,0,0,640,360
1789,23213,23212550,11110,250,-1,-1,1,526,86.9,0,-1.0,0,0,0,640,360
1790,23224,23223656,11106,250,-1,-1,1,527,87.0,0,-1.0,0,0,0,640,360
1791,23236,23234765,11109,250,-1,-1,1,524,87.0,0,-1.0,0,0,0,640,360
1792,23247,23245872,11107,250,-1,-1,1,525,87.0,1,-1.0,0,0,0,640,360
1793,23258,23256987,11115,250,-1,-1,1,544,87.1,0,-1.0,0,0,0,640,360
1794,23269,23268096,11109,250,-1,-1,1,546,87.1,0,-1.0,0,0,0,640,360
1795,23280,23279205,11109,250,-1,-1,1,526,87.1,0,-1.0,0,0,0,640,360
1796,23291,23290312,11107,250,-1,-1,1,629,87.1,0,-1.0,0,0,0,640,360
1797,23302,23301424,11112,250,-1,-1,1,528,87.2,0,-1.0,0,0,0,640,360
1798,23313,23312527,11103,250,-1,-1,1,526,87.2,0,-1.0,0,0,0,640,360
1799,23328,23323643,11116,250,-1,-1,1,523,66.7,0,-1.0,0,0,0,640,360
1800,23393,23334750,11107,250,-1,-1,1,609,25.3,0,-1.0,0,0,0,640,360
1801,23394,23390282,55532,250,-1,-1,1,602,37.5,1,-1.0,0,0,0,640,360
1802,23402,23401410,11128,250,-1,-1,1,526,44.9,0,-1.0,0,0,0,640,360
1803,23413,23412515,11105,250,-1,-1,1,525,50.0,0,-1.0,0,0,0,640,360
1804,23425,23423621,11106,250,-1,-1,1,527,53.6,0,-1.0,0,0,0,640,360
1805,23436,23434737,11116,250,-1,-1,1,524,57.4,0,-1.0,0,0,0,640,360
1806,23447,23445844,11107,250,-1,-1,1,545,60.2,0,-1.0,0,0,0,640,360
1807,23458,23456956,11112,250,-1,-1,1,546,62.5,0,-1.0,0,0,0,640,360
1808,23469,23468061,11105,250,-1,-1,1,525,64.5,0,-1.0,0,0,0,640,360
1809,23480,23479174,11113,250,-1,-1,1,523,65.9,0,-1.0,0,0,0,640,360
1810,23491,23490276,11102,250,-1,-1,1,525,67.4,1,-1.0,0,0,0,640,360
1811,23502,23501389,11113,250,-1,-1,1,537,68.8,0,-1.0,0,0,0,640,360
1812,23513,23512497,11108,250,-1,-1,1,538,70.0,0,-1.0,0,0,0,640,360
1813,23524,23523608,11111,250,-1,-1,1,526,71.1,0,-1.0,0,0,0,640,360
1814,23536,23534716,11108,250,-1,-1,1,633,72.1,0,-1.0,0,0,0,640,360
1815,23547,23545827,11111,250,-1,-1,1,525,73.0,0,-1.0,0,0,0,640,360
1816,23558,23556931,11104,250,-1,-1,1,525,73.8,0,-1.0,0,0,0,640,360
1817,23569,23568043,11112,250,-1,-1,1,525,74.5,0,-1.0,0,0,0,640,360
1818,23580,23579150,11107,250,-1,-1,1,525,75.2,0,-1.0,0,0,0,640,360
1819,23591,23590262,11112,250,-1,-1,1,525,75.5,1,-1.0,0,0,0,640,360
1820,23602,23601376,11114,250,-1,-1,1,546,76.1,0,-1.0,0,0,0,640,360
1821,23613,23612480,11104,250,-1,-1,1,546,76.7,0,-1.0,0,0,0,640,360
1822,23624,23623589,11109,250,-1,-1,1,526,77.2,0,-1.0,0,0,0,640,360
1823,23636,23634699,11110,250,-1,-1,1,635,77.6,0,-1.0,0,0,0,640,360
1824,23647,23645805,11106,250,-1,-1,1,528,78.1,0,-1.0,0,0,0,640,360
1825,23658,23656915,11110,250,-1,-1,1,525,78.5,0,-1.0,0,0,0,640,360
1826,23669,23668024,11109,250,-1,-1,1,527,78.9,0,-1.0,0,0,0,640,360
1827,23680,23679134,11110,250,-1,-1,1,524,79.0,0,-1.0,0,0,0,640,360
1828,23691,23690244,11110,250,-1,-1,1,524,79.4,1,-1.0,0,0,0,640,360
1829,23702,23701356,11112,250,-1,-1,1,545,79.7,0,-1.0,0,0,0,640,360
1830,23713,23712461,11105,250,-1,-1,1,546,80.0,0,-1.0,0,0,0,640,360
1831,23725,23723577,11116,250,-1,-1,1,528,80.3,0,-1.0,0,0,0,640,360
1832,23736,23734686,11109,250,-1,-1,1,528,80.6,0,-1.0,0,0,0,640,360
1833,23747,23745791,11105,250,-1,-1,1,528,80.8,0,-1.0,0,0,0,640,360
1834,23758,23756898,11107,250,-1,-1,1,528,81.1,0,-1.0,0,0,0,640,360
1835,23769,23768007,11109,250,-1,-1,1,525,81.3,0,-1.0,0,0,0,640,360
1836,23780,23779113,11106,250,-1,-1,1,525,81.5,0,-1.0,0,0,0,640,360
1837,23791,23790228,11115,250,-1,-1,1,525,81.6,1,-1.0,0,0,0,640,360
1838,23802,23801336,11108,250,-1,-1,1,547,81.8,0,-1.0,0,0,0,640,360
1839,23813,23812447,11111,250,-1,-1,1,546,82.0,0,-1.0,0,0,0,640,360
1840,23824,23823562,11115,250,-1,-1,1,525,82.2,0,-1.0,0,0,0,640,360
1841,23835,23834669,11107,250,-1,-1,1,608,82.4,0,-1.0,0,0,0,640,360
1842,23847,23845777,11108,250,-1,-1,1,524,82.6,0,-1.0,0,0,0,640,360
1843,23858,23856881,11104,250,-1,-1,1,525,82.7,0,-1.0,0,0,0,640,360
1844,23869,23867988,11107,250,-1,-1,1,524,82.9,0,-1.0,0,0,0,640,360
1845,23880,23879102,11114,250,-1,-1,1,526,83.0,0,-1.0,0,0,0,640,360
1846,23891,23890208,11106,250,-1,-1,1,526,83.0,1,-1.0,0,0,0,640,360
1847,23902,23901323,11115,250,-1,-1,1,533,83.2,0,-1.0,0,0,0,640,360
1848,23913,23912426,11103,250,-1,-1,1,528,83.3,0,-1.0,0,0,0,640,360
1849,23924,23923544,11118,250,-1,-1,1,525,83.5,0,-1.0,0,0,0,640,360
1850,23935,23934645,11101,250,-1,-1,1,632,83.6,0,-1.0,0,0,0,640,360
1851,23947,23945760,11115,250,-1,-1,1,524,83.7,0,-1.0,0,0,0,640,360
1852,23958,23956863,11103,250,-1,-1,1,524,83.9,0,-1.0,0,0,0,640,360
1853,23969,23967974,11111,250,-1,-1,1,525,84.0,0,-1.0,0,0,0,640,360
1854,23980,23979079,11105,250,-1,-1,1,527,84.1,0,-1.0,0,0,0,640,360
1855,23991,23990193,11114,250,-1,-1,1,526,84.1,1,-1.0,0,0,0,640,360
1856,24002,24001303,11110,250,-1,-1,1,524,84.2,0,-1.0,0,0,0,640,360
1857,24013,24012412,11109,250,-1,-1,1,532,84.3,0,-1.0,0,0,0,640,360
1858,24024,24023522,11110,250,-1,-1,1,526,84.4,0,-1.0,0,0,0,640,360
1859,24036,24034630,11108,250,-1,-1,1,526,84.4,0,-1.0,0,0,0,640,360
1860,24047,24045741,11111,250,-1,-1,1,526,84.6,0,-1.0,0,0,0,640,360
1861,24058,24056845,11104,250,-1,-1,1,528,84.7,0,-1.0,0,0,0,640,360
1862,24069,24067953,11108,250,-1,-1,1,525,84.8,0,-1.0,0,0,0,640,360
1863,24080,24079064,11111,250,-1,-1,1,525,84.9,0,-1.0,0,0,0,640,360
1864,24091,24090174,11110,250,-1,-1,1,523,84.8,1,-1.0,0,0,0,640,360
1865,24102,24101291,11117,250,-1,-1,1,546,84.9,0,-1.0,0,0,0,640,360
1866,24113,24112396,11105,250,-1,-1,1,545,85.0,0,-1.0,0,0,0,640,360
1867,24124,24123505,11109,250,-1,-1,1,525,85.1,0,-1.0,0,0,0,640,360
1868,24135,24134610,11105,250,-1,-1,1,630,85.2,0,-1.0,0,0,0,640,360
1869,24147,24145724,11114,250,-1,-1,1,526,85.2,0,-1.0,0,0,0,640,360
1870,24158,24156832,11108,250,-1,-1,1,528,85.3,0,-1.0,0,0,0,640,360
1871,24169,24167937,11105,250,-1,-1,1,524,85.4,0,-1.0,0,0,0,640,360
1872,24180,24179045,11108,250,-1,-1,1,527,85.5,0,-1.0,0,0,0,640,360
1873,24191,24190163,11118,250,-1,-1,1,525,85.4,1,-1.0,0,0,0,640,360
1874,24202,24201271,11108,250,-1,-1,1,546,85.5,0,-1.0,0,0,0,640,360
1875,24213,24212379,11108,250,-1,-1,1,544,85.6,0,-1.0,0,0,0,640,360
1876,24224,24223492,11113,250,-1,-1,1,524,85.6,0,-1.0,0,0,0,640,360
1877,24235,24234595,11103,250,-1,-1,1,631,85.7,0,-1.0,0,0,0,640,360
1878,24247,24245705,11110,250,-1,-1,1,527,85.7,0,-1.0,0,0,0,640,360
1879,24258,24256813,11108,250,-1,-1,1,528,85.8,0,-1.0,0,0,0,640,360
1880,24269,24267922,11109,250,-1,-1,1,526,85.9,0,-1.0,0,0,0,640,360
1881,24280,24279035,11113,250,-1,-1,1,527,85.9,0,-1.0,0,0,0,640,360
1882,24291,24290139,11104,250,-1,-1,1,525,86.0,1,-1.0,0,0,0,640,360
1883,24302,24301255,11116,250,-1,-1,1,529,85.9,0,-1.0,0,0,0,640,360
1884,24313,24312363,11108,250,-1,-1,1,545,86.0,0,-1.0,0,0,0,640,360
1885,24347,24345682,33319,250,-1,-1,1,561,30.3,0,-1.0,0,0,0,640,360
1886,24358,24356794,11112,250,-1,-1,1,525,45.5,0,-1.0,0,0,0,640,360
1887,24369,24367905,11111,250,-1,-1,1,524,54.5,0,-1.0,0,0,0,640,360
1888,24380,24379012,11107,250,-1,-1,1,525,60.6,0,-1.0,0,0,0,640,360
1889,24391,24390123,11111,250,-1,-1,1,526,64.9,0,-1.0,0,0,0,640,360
1890,24460,24401229,11106,250,-1,-1,1,610,41.1,0,-1.0,0,0,0,640,360
1891,24460,24456769,55540,250,-1,-1,1,598,47.6,1,-1.0,0,0,0,640,360
1892,24469,24467888,11119,250,-1,-1,1,525,51.6,0,-1.0,0,0,0,640,360
1893,24480,24479006,11118,250,-1,-1,1,526,54.2,0,-1.0,0,0,0,640,360
1894,24491,24490106,11100,250,-1,-1,1,528,56.2,0,-1.0,0,0,0,640,360
1895,24502,24501219,11113,250,-1,-1,1,620,58.2,0,-1.0,0,0,0,640,360
1896,24513,24512326,11107,250,-1,-1,1,557,60.0,0,-1.0,0,0,0,640,360
1897,24524,24523438,11112,250,-1,-1,1,637,61.6,0,-1.0,0,0,0,640,360
1898,24535,24534546,11108,250,-1,-1,1,641,63.1,0,-1.0,0,0,0,640,360
1899,24546,24545658,11112,250,-1,-1,1,535,64.4,0,-1.0,0,0,0,640,360
1900,24558,24556759,11101,250,-1,-1,1,535,65.6,1,-1.0,0,0,0,640,360
1901,24569,24567874,11115,250,-1,-1,1,551,66.7,0,-1.0,0,0,0,640,360
1902,24580,24578981,11107,250,-1,-1,1,541,67.7,0,-1.0,0,0,0,640,360
1903,24591,24590097,11116,250,-1,-1,1,599,68.3,0,-1.0,0,0,0,640,360
1904,24602,24601198,11101,250,-1,-1,1,636,69.2,0,-1.0,0,0,0,640,360
1905,24613,24612306,11108,250,-1,-1,1,528,70.0,0,-1.0,0,0,0,640,360
1906,24624,24623415,11109,250,-1,-1,1,529,70.7,0,-1.0,0,0,0,640,360
1907,24635,24634526,11111,250,-1,-1,1,525,71.4,0,-1.0,0,0,0,640,360
1908,24647,24645632,11106,250,-1,-1,1,531,72.1,0,-1.0,0,0,0,640,360
1909,24658,24656743,11111,250,-1,-1,1,526,72.7,1,-1.0,0,0,0,640,360
1910,24669,24667857,11114,250,-1,-1,1,548,73.2,0,-1.0,0,0,0,640,360
1911,24680,24678965,11108,250,-1,-1,1,547,73.8,0,-1.0,0,0,0,640,360
1912,24691,24690072,11107,250,-1,-1,1,524,74.1,0,-1.0,0,0,0,640,360
1913,24702,24701185,11113,250,-1,-1,1,625,74.6,0,-1.0,0,0,0,640,360
1914,24713,24712293,11108,250,-1,-1,1,526,75.0,0,-1.0,0,0,0,640,360
1915,24724,24723399,11106,250,-1,-1,1,528,75.4,0,-1.0,0,0,0,640,360
1916,24735,24734507,11108,250,-1,-1,1,528,75.8,0,-1.0,0,0,0,640,360
1917,24746,24745618,11111,250,-1,-1,1,526,76.2,0,-1.0,0,0,0,640,360
1918,24758,24756725,11107,250,-1,-1,1,526,76.6,1,-1.0,0,0,0,640,360
1919,24769,24767841,11116,250,-1,-1,1,545,76.9,0,-1.0,0,0,0,640,360
1920,24780,24778953,11112,250,-1,-1,1,548,77.3,0,-1.0,0,0,0,640,360
1921,24791,24790062,11109,250,-1,-1,1,588,77.6,0,-1.0,0,0,0,640,360
1922,24802,24801167,11105,250,-1,-1,1,628,77.7,0,-1.0,0,0,0,640,360
1923,24813,24812275,11108,250,-1,-1,1,644,78.0,0,-1.0,0,0,0,640,360
1924,24824,24823385,11110,250,-1,-1,1,529,78.3,0,-1.0,0,0,0,640,360
1925,24835,24834492,11107,250,-1,-1,1,528,78.5,0,-1.0,0,0,0,640,360
1926,24846,24845600,11108,250,-1,-1,1,526,78.8,0,-1.0,0,0,0,640,360
1927,24857,24856710,11110,250,-1,-1,1,525,79.0,1,-1.0,0,0,0,640,360
1928,24869,24867823,11113,250,-1,-1,1,529,79.3,0,-1.0,0,0,0,640,360
1929,24880,24878930,11107,250,-1,-1,1,529,79.5,0,-1.0,0,0,0,640,360
1930,24891,24890040,11110,250,-1,-1,1,593,79.7,0,-1.0,0,0,0,640,360
1931,24902,24901157,11117,250,-1,-1,1,613,79.8,0,-1.0,0,0,0,640,360
1932,24913,24912261,11104,250,-1,-1,1,526,80.0,0,-1.0,0,0,0,640,360
1933,24924,24923364,11103,250,-1,-1,1,526,80.2,0,-1.0,0,0,0,640,360
1934,24935,24934474,11110,250,-1,-1,1,525,80.4,0,-1.0,0,0,0,640,360
1935,24946,24945584,11110,250,-1,-1,1,531,80.6,0,-1.0,0,0,0,640,360
1936,24957,24956689,11105,250,-1,-1,1,530,80.7,1,-1.0,0,0,0,640,360
1937,24969,24967810,11121,250,-1,-1,1,533,80.9,0,-1.0,0,0,0,640,360
1938,24980,24978916,11106,250,-1,-1,1,533,81.1,0,-1.0,0,0,0,640,360
1939,24991,24990027,11111,250,-1,-1,1,600,81.2,0,-1.0,0,0,0,640,360
1940,25002,25001134,11107,250,-1,-1,1,638,81.3,0,-1.0,0,0,0,640,360
1941,25013,25012241,11107,250,-1,-1,1,528,81.4,0,-1.0,0,0,0,640,360
1942,25024,25023347,11106,250,-1,-1,1,527,81.6,0,-1.0,0,0,0,640,360
1943,25035,25034458,11111,250,-1,-1,1,527,81.7,0,-1.0,0,0,0,640,360
1944,25046,25045564,11106,250,-1,-1,1,526,81.9,0,-1.0,0,0,0,640,360
1945,25057,25056678,11114,250,-1,-1,1,524,82.0,1,-1.0,0,0,0,640,360
1946,25069,25067789,11111,250,-1,-1,1,548,82.1,0,-1.0,0,0,0,640,360
1947,25080,25078897,11108,250,-1,-1,1,547,82.2,0,-1.0,0,0,0,640,360
1948,25091,25090006,11109,250,-1,-1,1,589,82.4,0,-1.0,0,0,0,640,360
1949,25102,25101114,11108,250,-1,-1,1,629,82.4,0,-1.0,0,0,0,640,360
1950,25113,25112225,11111,250,-1,-1,1,527,82.5,0,-1.0,0,0,0,640,360
1951,25124,25123331,11106,250,-1,-1,1,526,82.6,0,-1.0,0,0,0,640,360
1952,25135,25134438,11107,250,-1,-1,1,525,82.7,0,-1.0,0,0,0,640,360
1953,25146,25145550,11112,250,-1,-1,1,524,82.8,0,-1.0,0,0,0,640,360
1954,25157,25156658,11108,250,-1,-1,1,526,82.9,1,-1.0,0,0,0,640,360
1955,25169,25167772,11114,250,-1,-1,1,549,83.0,0,-1.0,0,0,0,640,360
1956,25180,25178880,11108,250,-1,-1,1,547,83.1,0,-1.0,0,0,0,640,360
1957,25191,25189991,11111,250,-1,-1,1,601,83.2,0,-1.0,0,0,0,640,360
1958,25202,25201099,11108,250,-1,-1,1,630,83.2,0,-1.0,0,0,0,640,360
1959,25213,25212209,11110,250,-1,-1,1,526,83.3,0,-1.0,0,0,0,640,360
1960,25224,25223309,11100,250,-1,-1,1,526,83.4,0,-1.0,0,0,0,640,360
1961,25235,25234425,11116,250,-1,-1,1,526,83.5,0,-1.0,0,0,0,640,360
1962,25246,25245533,11108,250,-1,-1,1,528,83.6,0,-1.0,0,0,0,640,360
1963,25257,25256641,11108,250,-1,-1,1,526,83.7,1,-1.0,0,0,0,640,360
1964,25269,25267753,11112,250,-1,-1,1,544,83.8,0,-1.0,0,0,0,640,360
1965,25280,25278867,11114,250,-1,-1,1,545,83.9,0,-1.0,0,0,0,640,360
1966,25291,25289976,11109,250,-1,-1,1,523,83.9,0,-1.0,0,0,0,640,360
1967,25302,25301081,11105,250,-1,-1,1,627,83.9,0,-1.0,0,0,0,640,360
1968,25313,25312191,11110,250,-1,-1,1,524,84.0,0,-1.0,0,0,0,640,360
1969,25324,25323298,11107,250,-1,-1,1,523,90.9,0,-1.0,0,0,0,640,360
1970,25335,25334406,11108,250,-1,-1,1,523,90.9,0,-1.0,0,0,0,640,360
1971,25346,25345516,11110,250,-1,-1,1,524,90.9,0,-1.0,0,0,0,640,360
1972,25357,25356624,11108,250,-1,-1,1,526,90.9,1,-1.0,0,0,0,640,360
1973,25369,25367736,11112,250,-1,-1,1,532,90.9,0,-1.0,0,0,0,640,360
1974,25380,25378844,11108,250,-1,-1,1,528,90.9,0,-1.0,0,0,0,640,360
1975,25391,25389955,11111,250,-1,-1,1,524,90.9,0,-1.0,0,0,0,640,360
1976,25402,25401064,11109,250,-1,-1,1,630,89.9,0,-1.0,0,0,0,640,360
1977,25413,25412177,11113,250,-1,-1,1,526,90.0,0,-1.0,0,0,0,640,360
1978,25424,25423281,11104,250,-1,-1,1,524,90.1,0,-1.0,0,0,0,640,360
1979,25435,25434389,11108,250,-1,-1,1,525,90.2,0,-1.0,0,0,0,640,360
1980,25504,25445496,11107,250,-1,-1,1,610,62.8,0,-1.0,0,0,0,640,360
1981,25505,25501030,55534,250,-1,-1,1,597,68.1,1,-1.0,0,0,0,640,360
1982,25513,25512157,11127,250,-1,-1,1,525,70.0,0,-1.0,0,0,0,640,360
1983,25524,25523263,11106,250,-1,-1,1,525,71.1,0,-1.0,0,0,0,640,360
1984,25536,25534370,11107,250,-1,-1,1,526,72.1,0,-1.0,0,0,0,640,360
1985,25546,25545488,11118,250,-1,-1,1,618,73.0,0,-1.0,0,0,0,640,360
1986,25557,25556594,11106,250,-1,-1,1,525,73.8,0,-1.0,0,0,0,640,360
1987,25569,25567702,11108,250,-1,-1,1,630,74.5,0,-1.0,0,0,0,640,360
1988,25580,25578812,11110,250,-1,-1,1,632,75.2,0,-1.0,0,0,0,640,360
1989,25591,25589923,11111,250,-1,-1,1,525,75.8,0,-1.0,0,0,0,640,360
1990,25602,25601026,11103,250,-1,-1,1,525,76.4,1,-1.0,0,0,0,640,360
1991,25613,25612144,11118,250,-1,-1,1,547,76.7,0,-1.0,0,0,0,640,360
1992,25624,25623249,11105,250,-1,-1,1,545,77.2,0,-1.0,0,0,0,640,360
1993,25635,25634358,11109,250,-1,-1,1,527,77.6,0,-1.0,0,0,0,640,360
1994,25646,25645464,11106,250,-1,-1,1,627,78.1,0,-1.0,0,0,0,640,360
1995,25657,25656574,11110,250,-1,-1,1,527,78.5,0,-1.0,0,0,0,640,360
1996,25668,25667680,11106,250,-1,-1,1,525,78.9,0,-1.0,0,0,0,640,360
1997,25680,25678792,11112,250,-1,-1,1,526,79.2,0,-1.0,0,0,0,640,360
1998,25691,25689899,11107,250,-1,-1,1,526,79.6,0,-1.0,0,0,0,640,360
1999,25702,25701011,11112,250,-1,-1,1,525,79.9,1,-1.0,0,0,0,640,360
2000,25713,25712123,11112,250,-1,-1,1,545,80.0,0,-1.0,0,0,0,640,360
2001,25724,25723234,11111,250,-1,-1,1,544,80.3,0,-1.0,0,0,0,640,360
2002,25735,25734339,11105,250,-1,-1,1,525,80.6,0,-1.0,0,0,0,640,360
2003,25746,25745449,11110,250,-1,-1,1,632,80.8,0,-1.0,0,0,0,640,360
2004,25757,25756556,11107,250,-1,-1,1,528,81.1,0,-1.0,0,0,0,640,360
2005,25768,25767665,11109,250,-1,-1,1,526,81.3,0,-1.0,0,0,0,640,360
2006,25780,25778772,11107,250,-1,-1,1,525,81.5,0,-1.0,0,0,0,640,360
2007,25791,25789884,11112,250,-1,-1,1,525,81.8,0,-1.0,0,0,0,640,360
2008,25802,25800997,11113,250,-1,-1,1,525,82.0,1,-1.0,0,0,0,640,360
2009,25813,25812107,11110,250,-1,-1,1,547,82.2,0,-1.0,0,0,0,640,360
2010,25824,25823213,11106,250,-1,-1,1,546,82.2,0,-1.0,0,0,0,640,360
2011,25835,25834327,11114,250,-1,-1,1,525,82.4,0,-1.0,0,0,0,640,360
2012,25846,25845429,11102,250,-1,-1,1,634,82.6,0,-1.0,0,0,0,640,360
2013,25857,25856546,11117,250,-1,-1,1,525,82.7,0,-1.0,0,0,0,640,360
2014,25869,25867647,11101,250,-1,-1,1,524,82.9,0,-1.0,0,0,0,640,360
2015,25880,25878756,11109,250,-1,-1,1,525,83.0,0,-1.0,0,0,0,640,360
2016,25891,25889869,11113,250,-1,-1,1,525,83.2,0,-1.0,0,0,0,640,360
2017,25902,25900978,11109,250,-1,-1,1,526,83.3,1,-1.0,0,0,0,640,360
2018,25913,25912087,11109,250,-1,-1,1,535,83.3,0,-1.0,0,0,0,640,360
2019,25924,25923199,11112,250,-1,-1,1,536,83.5,0,-1.0,0,0,0,640,360
2020,25935,25934306,11107,250,-1,-1,1,525,83.6,0,-1.0,0,0,0,640,360
2021,25946,25945416,11110,250,-1,-1,1,630,83.7,0,-1.0,0,0,0,640,360
2022,25957,25956523,11107,250,-1,-1,1,525,83.9,0,-1.0,0,0,0,640,360
2023,25968,25967636,11113,250,-1,-1,1,524,84.0,0,-1.0,0,0,0,640,360
2024,25980,25978743,11107,250,-1,-1,1,525,84.1,0,-1.0,0,0,0,640,360
2025,25991,25989851,11108,250,-1,-1,1,524,84.2,0,-1.0,0,0,0,640,360
2026,26002,26000957,11106,250,-1,-1,1,528,84.3,1,-1.0,0,0,0,640,360
2027,26013,26012072,11115,250,-1,-1,1,547,84.4,0,-1.0,0,0,0,640,360
2028,26024,26023182,11110,250,-1,-1,1,542,84.4,0,-1.0,0,0,0,640,360
2029,26035,26034294,11112,250,-1,-1,1,610,84.5,0,-1.0,0,0,0,640,360
2030,26046,26045396,11102,250,-1,-1,1,607,84.6,0,-1.0,0,0,0,640,360
2031,26057,26056506,11110,250,-1,-1,1,527,84.7,0,-1.0,0,0,0,640,360
2032,26068,26067612,11106,250,-1,-1,1,526,84.8,0,-1.0,0,0,0,640,360
2033,26080,26078724,11112,250,-1,-1,1,526,84.9,0,-1.0,0,0,0,640,360
2034,26091,26089828,11104,250,-1,-1,1,525,84.9,0,-1.0,0,0,0,640,360
2035,26102,26100944,11116,250,-1,-1,1,526,85.0,1,-1.0,0,0,0,640,360
2036,26113,26112054,11110,250,-1,-1,1,545,85.1,0,-1.0,0,0,0,640,360
2037,26124,26123165,11111,250,-1,-1,1,543,85.1,0,-1.0,0,0,0,640,360
2038,26135,26134314,11149,250,-1,-1,1,610,85.2,0,-1.0,0,0,0,640,360
2039,26146,26145378,11064,250,-1,-1,1,630,85.2,0,-1.0,0,0,0,640,360
2040,26157,26156487,11109,250,-1,-1,1,527,85.3,0,-1.0,0,0,0,640,360
2041,26168,26167596,11109,250,-1,-1,1,525,85.4,0,-1.0,0,0,0,640,360
2042,26180,26178708,11112,250,-1,-1,1,529,85.5,0,-1.0,0,0,0,640,360
2043,26191,26189815,11107,250,-1,-1,1,527,85.5,0,-1.0,0,0,0,640,360
2044,26202,26200923,11108,250,-1,-1,1,528,85.6,1,-1.0,0,0,0,640,360
2045,26213,26212039,11116,250,-1,-1,1,544,85.7,0,-1.0,0,0,0,640,360
2046,26224,26223146,11107,250,-1,-1,1,551,85.6,0,-1.0,0,0,0,640,360
2047,26235,26234261,11115,250,-1,-1,1,633,85.7,0,-1.0,0,0,0,640,360
2048,26246,26245422,11161,250,-1,-1,1,627,85.7,0,-1.0,0,0,0,640,360
2049,26257,26256477,11055,250,-1,-1,1,524,85.8,0,-1.0,0,0,0,640,360
2050,26269,26267582,11105,250,-1,-1,1,528,85.9,0,-1.0,0,0,0,640,360
2051,26280,26278691,11109,250,-1,-1,1,527,85.9,0,-1.0,0,0,0,640,360
2052,26291,26289800,11109,250,-1,-1,1,527,86.0,0,-1.0,0,0,0,640,360
2053,26302,26300908,11108,250,-1,-1,1,526,86.0,1,-1.0,0,0,0,640,360
2054,26313,26312020,11112,250,-1,-1,1,547,86.0,0,-1.0,0,0,0,640,360
2055,26359,26356486,44466,250,-1,-1,1,582,22.2,0,-1.0,0,0,0,640,360
2056,26368,26367566,11080,250,-1,-1,1,525,36.4,0,-1.0,0,0,0,640,360
2057,26379,26378675,11109,250,-1,-1,1,525,45.5,0,-1.0,0,0,0,640,360
2058,26391,26389783,11108,250,-1,-1,1,525,51.9,0,-1.0,0,0,0,640,360
2059,26402,26400888,11105,250,-1,-1,1,526,56.8,0,-1.0,0,0,0,640,360
2060,26413,26412004,11116,250,-1,-1,1,527,60.6,0,-1.0,0,0,0,640,360
2061,26424,26423107,11103,250,-1,-1,1,527,63.6,0,-1.0,0,0,0,640,360
2062,26435,26434220,11113,250,-1,-1,1,525,65.6,1,-1.0,0,0,0,640,360
2063,26446,26445328,11108,250,-1,-1,1,545,67.7,0,-1.0,0,0,0,640,360
2064,26457,26456440,11112,250,-1,-1,1,530,69.4,0,-1.0,0,0,0,640,360
2065,26468,26467546,11106,250,-1,-1,1,627,71.0,0,-1.0,0,0,0,640,360
2066,26479,26478662,11116,250,-1,-1,1,629,72.3,0,-1.0,0,0,0,640,360
2067,26491,26489763,11101,250,-1,-1,1,525,73.4,0,-1.0,0,0,0,640,360
2068,26502,26500873,11110,250,-1,-1,1,525,74.5,0,-1.0,0,0,0,640,360
2069,26513,26511981,11108,250,-1,-1,1,524,75.4,0,-1.0,0,0,0,640,360
2070,26570,26523097,11116,250,-1,-1,1,607,62.5,0,-1.0,0,0,0,640,360
2071,26571,26567520,44423,250,-1,-1,1,598,66.1,1,-1.0,0,0,0,640,360
2072,26580,26578642,11122,250,-1,-1,1,527,67.7,0,-1.0,0,0,0,640,360
2073,26591,26589748,11106,250,-1,-1,1,526,68.6,0,-1.0,0,0,0,640,360
2074,26602,26600858,11110,250,-1,-1,1,526,69.2,0,-1.0,0,0,0,640,360
2075,26613,26611969,11111,250,-1,-1,1,527,70.2,0,-1.0,0,0,0,640,360
2076,26624,26623078,11109,250,-1,-1,1,547,70.7,0,-1.0,0,0,0,640,360
2077,26635,26634191,11113,250,-1,-1,1,545,71.4,0,-1.0,0,0,0,640,360
2078,26647,26645294,11103,250,-1,-1,1,527,72.1,0,-1.0,0,0,0,640,360
2079,26657,26656409,11115,250,-1,-1,1,527,72.7,0,-1.0,0,0,0,640,360
2080,26668,26667513,11104,250,-1,-1,1,525,73.2,1,-1.0,0,0,0,640,360
2081,26679,26678625,11112,250,-1,-1,1,544,73.8,0,-1.0,0,0,0,640,360
2082,26691,26689732,11107,250,-1,-1,1,546,74.3,0,-1.0,0,0,0,640,360
2083,26702,26700846,11114,250,-1,-1,1,611,74.7,0,-1.0,0,0,0,640,360
2084,26713,26711950,11104,250,-1,-1,1,625,75.0,0,-1.0,0,0,0,640,360
2085,26724,26723060,11110,250,-1,-1,1,526,75.6,0,-1.0,0,0,0,640,360
2086,26735,26734166,11106,250,-1,-1,1,525,76.0,0,-1.0,0,0,0,640,360
2087,26746,26745273,11107,250,-1,-1,1,525,76.2,0,-1.0,0,0,0,640,360
2088,26757,26756388,11115,250,-1,-1,1,527,76.6,0,-1.0,0,0,0,640,360
2089,26768,26767499,11111,250,-1,-1,1,526,76.9,1,-1.0,0,0,0,640,360
2090,26779,26778605,11106,250,-1,-1,1,544,77.3,0,-1.0,0,0,0,640,360
2091,26791,26789716,11111,250,-1,-1,1,538,77.6,0,-1.0,0,0,0,640,360
2092,26802,26800826,11110,250,-1,-1,1,614,77.9,0,-1.0,0,0,0,640,360
2093,26813,26811934,11108,250,-1,-1,1,630,78.2,0,-1.0,0,0,0,640,360
2094,26824,26823043,11109,250,-1,-1,1,528,78.4,0,-1.0,0,0,0,640,360
2095,26835,26834150,11107,250,-1,-1,1,528,78.7,0,-1.0,0,0,0,640,360
2096,26846,26845259,11109,250,-1,-1,1,524,78.8,0,-1.0,0,0,0,640,360
2097,26857,26856372,11113,250,-1,-1,1,524,79.0,0,-1.0,0,0,0,640,360
2098,26868,26867478,11106,250,-1,-1,1,525,79.3,1,-1.0,0,0,0,640,360
2099,26879,26878589,11111,250,-1,-1,1,544,79.5,0,-1.0,0,0,0,640,360
2100,26891,26889698,11109,250,-1,-1,1,540,79.7,0,-1.0,0,0,0,640,360
2101,26902,26900812,11114,250,-1,-1,1,635,79.9,0,-1.0,0,0,0,640,360
2102,26913,26911914,11102,250,-1,-1,1,625,80.1,0,-1.0,0,0,0,640,360
2103,26924,26923024,11110,250,-1,-1,1,527,80.3,0,-1.0,0,0,0,640,360
2104,26935,26934132,11108,250,-1,-1,1,525,80.4,0,-1.0,0,0,0,640,360
2105,26946,26945243,11111,250,-1,-1,1,524,80.6,0,-1.0,0,0,0,640,360
2106,26957,26956352,11109,250,-1,-1,1,525,80.7,0,-1.0,0,0,0,640,360
2107,26968,26967463,11111,250,-1,-1,1,525,80.9,1,-1.0,0,0,0,640,360
2108,26980,26978573,11110,250,-1,-1,1,548,81.1,0,-1.0,0,0,0,640,360
2109,26991,26989687,11114,250,-1,-1,1,544,81.2,0,-1.0,0,0,0,640,360
2110,27002,27000789,11102,250,-1,-1,1,631,81.4,0,-1.0,0,0,0,640,360
2111,27013,27011899,11110,250,-1,-1,1,626,81.5,0,-1.0,0,0,0,640,360
2112,27024,27023008,11109,250,-1,-1,1,529,81.7,0,-1.0,0,0,0,640,360
2113,27035,27034114,11106,250,-1,-1,1,525,81.8,0,-1.0,0,0,0,640,360
2114,27046,27045221,11107,250,-1,-1,1,526,81.9,0,-1.0,0,0,0,640,360
2115,27057,27056331,11110,250,-1,-1,1,528,82.0,0,-1.0,0,0,0,640,360
2116,27068,27067442,11111,250,-1,-1,1,525,82.1,1,-1.0,0,0,0,640,360
2117,27079,27078559,11117,250,-1,-1,1,546,82.2,0,-1.0,0,0,0,640,360
2118,27090,27089664,11105,250,-1,-1,1,546,82.4,0,-1.0,0,0,0,640,360
2119,27102,27100777,11113,250,-1,-1,1,612,82.5,0,-1.0,0,0,0,640,360
2120,27113,27111882,11105,250,-1,-1,1,626,82.5,0,-1.0,0,0,0,640,360
2121,27124,27122994,11112,250,-1,-1,1,526,82.7,0,-1.0,0,0,0,640,360
2122,27135,27134098,11104,250,-1,-1,1,526,82.8,0,-1.0,0,0,0,640,360
2123,27146,27145205,11107,250,-1,-1,1,527,82.8,0,-1.0,0,0,0,640,360
2124,27157,27156316,11111,250,-1,-1,1,527,82.9,0,-1.0,0,0,0,640,360
2125,27168,27167423,11107,250,-1,-1,1,526,83.0,1,-1.0,0,0,0,640,360
2126,27179,27178538,11115,250,-1,-1,1,544,83.1,0,-1.0,0,0,0,640,360
2127,27190,27189648,11110,250,-1,-1,1,525,83.2,0,-1.0,0,0,0,640,360
2128,27202,27200756,11108,250,-1,-1,1,614,83.3,0,-1.0,0,0,0,640,360
2129,27213,27211868,11112,250,-1,-1,1,626,83.4,0,-1.0,0,0,0,640,360
2130,27224,27222973,11105,250,-1,-1,1,525,83.5,0,-1.0,0,0,0,640,360
2131,27235,27234078,11105,250,-1,-1,1,524,83.6,0,-1.0,0,0,0,640,360
2132,27246,27245188,11110,250,-1,-1,1,527,83.6,0,-1.0,0,0,0,640,360
2133,27257,27256302,11114,250,-1,-1,1,527,83.7,0,-1.0,0,0,0,640,360
2134,27268,27267406,11104,250,-1,-1,1,528,83.8,1,-1.0,0,0,0,640,360
2135,27279,27278524,11118,250,-1,-1,1,536,83.9,0,-1.0,0,0,0,640,360
2136,27291,27289631,11107,250,-1,-1,1,547,83.9,0,-1.0,0,0,0,640,360
2137,27302,27300745,11114,250,-1,-1,1,636,84.0,0,-1.0,0,0,0,640,360
2138,27313,27311848,11103,250,-1,-1,1,629,84.1,0,-1.0,0,0,0,640,360
2139,27324,27322957,11109,250,-1,-1,1,527,84.2,0,-1.0,0,0,0,640,360
2140,27335,27334065,11108,250,-1,-1,1,534,83.3,0,-1.0,0,0,0,640,360
2141,27346,27345174,11109,250,-1,-1,1,526,87.0,0,-1.0,0,0,0,640,360
2142,27357,27356278,11104,250,-1,-1,1,525,88.2,0,-1.0,0,0,0,640,360
2143,27368,27367395,11117,250,-1,-1,1,527,88.9,1,-1.0,0,0,0,640,360
2144,27379,27378503,11108,250,-1,-1,1,546,89.3,0,-1.0,0,0,0,640,360
2145,27390,27389612,11109,250,-1,-1,1,543,89.6,0,-1.0,0,0,0,640,360
2146,27402,27400720,11108,250,-1,-1,1,636,89.7,0,-1.0,0,0,0,640,360
2147,27413,27411833,11113,250,-1,-1,1,629,89.9,0,-1.0,0,0,0,640,360
2148,27424,27422938,11105,250,-1,-1,1,527,90.0,0,-1.0,0,0,0,640,360
2149,27435,27434045,11107,250,-1,-1,1,528,90.1,0,-1.0,0,0,0,640,360
2150,27446,27445155,11110,250,-1,-1,1,525,90.2,0,-1.0,0,0,0,640,360
2151,27457,27456266,11111,250,-1,-1,1,527,89.6,0,-1.0,0,0,0,640,360
2152,27468,27467374,11108,250,-1,-1,1,524,89.7,1,-1.0,0,0,0,640,360
2153,27479,27478489,11115,250,-1,-1,1,545,89.7,0,-1.0,0,0,0,640,360
2154,27490,27489591,11102,250,-1,-1,1,546,89.8,0,-1.0,0,0,0,640,360
2155,27502,27500711,11120,250,-1,-1,1,628,89.9,0,-1.0,0,0,0,640,360
2156,27513,27511814,11103,250,-1,-1,1,628,89.9,0,-1.0,0,0,0,640,360
2157,27524,27522926,11112,250,-1,-1,1,526,90.0,0,-1.0,0,0,0,640,360
2158,27535,27534027,11101,250,-1,-1,1,525,90.0,0,-1.0,0,0,0,640,360
2159,27546,27545138,11111,250,-1,-1,1,528,90.1,0,-1.0,0,0,0,640,360
2160,27607,27556247,11109,250,-1,-1,1,631,74.2,0,-1.0,0,0,0,640,360
2161,27607,27600667,44420,250,-1,-1,1,597,77.5,1,-1.0,0,0,0,640,360
2162,27613,27611810,11143,250,-1,-1,1,545,79.6,0,-1.0,0,0,0,640,360
2163,27624,27622905,11095,250,-1,-1,1,525,80.0,0,-1.0,0,0,0,640,360
2164,27635,27634016,11111,250,-1,-1,1,524,80.4,0,-1.0,0,0,0,640,360
2165,27646,27645122,11106,250,-1,-1,1,617,80.5,0,-1.0,0,0,0,640,360
2166,27657,27656236,11114,250,-1,-1,1,544,80.8,0,-1.0,0,0,0,640,360
2167,27668,27667344,11108,250,-1,-1,1,552,81.2,0,-1.0,0,0,0,640,360
2168,27679,27678451,11107,250,-1,-1,1,528,81.5,0,-1.0,0,0,0,640,360
2169,27691,27689560,11109,250,-1,-1,1,567,81.7,0,-1.0,0,0,0,640,360
2170,27701,27700674,11114,250,-1,-1,1,563,82.0,1,-1.0,0,0,0,640,360
2171,27713,27711780,11106,250,-1,-1,1,544,82.3,0,-1.0,0,0,0,640,360
2172,27724,27722889,11109,250,-1,-1,1,546,82.5,0,-1.0,0,0,0,640,360
2173,27735,27733999,11110,250,-1,-1,1,629,82.5,0,-1.0,0,0,0,640,360
2174,27746,27745107,11108,250,-1,-1,1,627,82.7,0,-1.0,0,0,0,640,360
2175,27757,27756218,11111,250,-1,-1,1,526,82.9,0,-1.0,0,0,0,640,360
2176,27768,27767323,11105,250,-1,-1,1,527,83.1,0,-1.0,0,0,0,640,360
2177,27779,27778429,11106,250,-1,-1,1,525,83.3,0,-1.0,0,0,0,640,360
2178,27790,27789542,11113,250,-1,-1,1,529,83.5,0,-1.0,0,0,0,640,360
2179,27801,27800648,11106,250,-1,-1,1,562,83.7,1,-1.0,0,0,0,640,360
2180,27813,27811764,11116,250,-1,-1,1,529,83.8,0,-1.0,0,0,0,640,360
2181,27824,27822870,11106,250,-1,-1,1,545,84.0,0,-1.0,0,0,0,640,360
2182,27835,27833987,11117,250,-1,-1,1,627,84.1,0,-1.0,0,0,0,640,360
2183,27846,27845088,11101,250,-1,-1,1,627,84.1,0,-1.0,0,0,0,640,360
2184,27857,27856200,11112,250,-1,-1,1,525,84.3,0,-1.0,0,0,0,640,360
2185,27868,27867315,11115,250,-1,-1,1,526,84.4,0,-1.0,0,0,0,640,360
2186,27879,27878417,11102,250,-1,-1,1,526,84.5,0,-1.0,0,0,0,640,360
2187,27890,27889525,11108,250,-1,-1,1,525,84.7,0,-1.0,0,0,0,640,360
2188,27901,27900633,11108,250,-1,-1,1,556,84.8,1,-1.0,0,0,0,640,360
2189,27913,27911741,11108,250,-1,-1,1,541,84.9,0,-1.0,0,0,0,640,360
2190,27924,27922859,11118,250,-1,-1,1,535,85.0,0,-1.0,0,0,0,640,360
2191,27935,27933965,11106,250,-1,-1,1,630,85.1,0,-1.0,0,0,0,640,360
2192,27946,27945073,11108,250,-1,-1,1,629,85.1,0,-1.0,0,0,0,640,360
2193,27957,27956180,11107,250,-1,-1,1,524,85.2,0,-1.0,0,0,0,640,360
2194,27968,27967289,11109,250,-1,-1,1,524,85.3,0,-1.0,0,0,0,640,360
2195,27979,27978399,11110,250,-1,-1,1,525,85.4,0,-1.0,0,0,0,640,360
2196,27990,27989509,11110,250,-1,-1,1,525,85.5,0,-1.0,0,0,0,640,360
2197,28002,28000617,11108,250,-1,-1,1,551,85.5,1,-1.0,0,0,0,640,360
2198,28013,28011729,11112,250,-1,-1,1,547,85.6,0,-1.0,0,0,0,640,360
2199,28024,28022835,11106,250,-1,-1,1,544,85.7,0,-1.0,0,0,0,640,360
2200,28035,28033951,11116,250,-1,-1,1,629,85.8,0,-1.0,0,0,0,640,360
2201,28046,28045058,11107,250,-1,-1,1,630,85.8,0,-1.0,0,0,0,640,360
2202,28057,28056164,11106,250,-1,-1,1,526,85.8,0,-1.0,0,0,0,640,360
2203,28068,28067272,11108,250,-1,-1,1,527,85.9,0,-1.0,0,0,0,640,360
2204,28079,28078383,11111,250,-1,-1,1,527,86.0,0,-1.0,0,0,0,640,360
2205,28090,28089488,11105,250,-1,-1,1,525,86.0,0,-1.0,0,0,0,640,360
2206,28101,28100601,11113,250,-1,-1,1,524,86.1,1,-1.0,0,0,0,640,360
2207,28113,28111711,11110,250,-1,-1,1,544,86.2,0,-1.0,0,0,0,640,360
2208,28124,28122821,11110,250,-1,-1,1,545,86.2,0,-1.0,0,0,0,640,360
2209,28135,28133928,11107,250,-1,-1,1,626,86.2,0,-1.0,0,0,0,640,360
2210,28146,28145040,11112,250,-1,-1,1,626,86.3,0,-1.0,0,0,0,640,360
2211,28157,28156149,11109,250,-1,-1,1,533,86.4,0,-1.0,0,0,0,640,360
2212,28168,28167257,11108,250,-1,-1,1,527,86.4,0,-1.0,0,0,0,640,360
2213,28179,28178362,11105,250,-1,-1,1,527,86.4,0,-1.0,0,0,0,640,360
2214,28190,28189473,11111,250,-1,-1,1,527,86.5,0,-1.0,0,0,0,640,360
2215,28201,28200584,11111,250,-1,-1,1,530,86.6,1,-1.0,0,0,0,640,360
2216,28213,28211698,11114,250,-1,-1,1,546,86.6,0,-1.0,0,0,0,640,360
2217,28224,28222799,11101,250,-1,-1,1,545,86.7,0,-1.0,0,0,0,640,360
2218,28235,28233919,11120,250,-1,-1,1,627,86.7,0,-1.0,0,0,0,640,360
2219,28246,28245019,11100,250,-1,-1,1,629,86.8,0,-1.0,0,0,0,640,360
2220,28257,28256131,11112,250,-1,-1,1,524,86.8,0,-1.0,0,0,0,640,360
2221,28268,28267236,11105,250,-1,-1,1,527,86.8,0,-1.0,0,0,0,640,360
2222,28279,28278346,11110,250,-1,-1,1,527,86.8,0,-1.0,0,0,0,640,360
2223,28290,28289454,11108,250,-1,-1,1,526,86.9,0,-1.0,0,0,0,640,360
2224,28301,28300568,11114,250,-1,-1,1,526,86.9,1,-1.0,0,0,0,640,360
2225,28313,28311675,11107,250,-1,-1,1,544,87.0,0,-1.0,0,0,0,640,360
2226,28324,28322787,11112,250,-1,-1,1,548,87.0,0,-1.0,0,0,0,640,360
2227,28359,28356105,33318,250,-1,-1,1,561,27.8,0,-1.0,0,0,0,640,360
2228,28368,28367226,11121,250,-1,-1,1,525,44.4,0,-1.0,0,0,0,640,360
2229,28379,28378328,11102,250,-1,-1,1,525,53.6,0,-1.0,0,0,0,640,360
2230,28390,28389441,11113,250,-1,-1,1,525,59.7,0,-1.0,0,0,0,640,360
2231,28401,28400544,11103,250,-1,-1,1,527,64.1,0,-1.0,0,0,0,640,360
2232,28412,28411658,11114,250,-1,-1,1,529,67.4,0,-1.0,0,0,0,640,360
2233,28424,28422764,11106,250,-1,-1,1,527,70.0,1,-1.0,0,0,0,640,360
2234,28435,28433879,11115,250,-1,-1,1,532,72.1,0,-1.0,0,0,0,640,360
2235,28446,28444988,11109,250,-1,-1,1,548,73.2,0,-1.0,0,0,0,640,360
2236,28457,28456100,11112,250,-1,-1,1,626,74.6,0,-1.0,0,0,0,640,360
2237,28468,28467202,11102,250,-1,-1,1,628,75.9,0,-1.0,0,0,0,640,360
2238,28479,28478318,11116,250,-1,-1,1,525,76.9,0,-1.0,0,0,0,640,360
2239,28490,28489418,11100,250,-1,-1,1,526,77.8,0,-1.0,0,0,0,640,360
2240,28501,28500532,11114,250,-1,-1,1,524,78.7,0,-1.0,0,0,0,640,360
2241,28512,28511638,11106,250,-1,-1,1,523,79.4,0,-1.0,0,0,0,640,360
2242,28524,28522749,11111,250,-1,-1,1,527,80.0,1,-1.0,0,0,0,640,360
2243,28535,28533863,11114,250,-1,-1,1,533,80.6,0,-1.0,0,0,0,640,360
2244,28546,28544969,11106,250,-1,-1,1,532,81.1,0,-1.0,0,0,0,640,360
2245,28557,28556082,11113,250,-1,-1,1,635,81.2,0,-1.0,0,0,0,640,360
2246,28568,28567187,11105,250,-1,-1,1,632,81.6,0,-1.0,0,0,0,640,360
2247,28579,28578296,11109,250,-1,-1,1,524,82.0,0,-1.0,0,0,0,640,360
2248,28590,28589407,11111,250,-1,-1,1,527,82.4,0,-1.0,0,0,0,640,360
2249,28601,28600512,11105,250,-1,-1,1,525,82.7,0,-1.0,0,0,0,640,360
2250,28670,28611622,11110,250,-1,-1,1,606,69.4,0,-1.0,0,0,0,640,360
2251,28670,28667154,55532,250,-1,-1,1,621,72.0,1,-1.0,0,0,0,640,360
2252,28679,28678285,11131,250,-1,-1,1,525,73.0,0,-1.0,0,0,0,640,360
2253,28690,28689389,11104,250,-1,-1,1,525,73.6,0,-1.0,0,0,0,640,360
2254,28701,28700495,11106,250,-1,-1,1,525,74.1,0,-1.0,0,0,0,640,360
2255,28713,28711607,11112,250,-1,-1,1,526,74.6,0,-1.0,0,0,0,640,360
2256,28724,28722718,11111,250,-1,-1,1,527,75.0,0,-1.0,0,0,0,640,360
2257,28735,28733824,11106,250,-1,-1,1,524,75.2,0,-1.0,0,0,0,640,360
2258,28746,28744942,11118,250,-1,-1,1,525,75.8,0,-1.0,0,0,0,640,360
2259,28757,28756047,11105,250,-1,-1,1,526,76.0,0,-1.0,0,0,0,640,360
2260,28768,28767156,11109,250,-1,-1,1,525,76.6,1,-1.0,0,0,0,640,360
2261,28779,28778264,11108,250,-1,-1,1,543,76.8,0,-1.0,0,0,0,640,360
2262,28790,28789375,11111,250,-1,-1,1,546,77.1,0,-1.0,0,0,0,640,360
2263,28802,28800485,11110,250,-1,-1,1,641,77.4,0,-1.0,0,0,0,640,360
2264,28812,28811589,11104,250,-1,-1,1,625,77.7,0,-1.0,0,0,0,640,360
2265,28823,28822699,11110,250,-1,-1,1,524,78.0,0,-1.0,0,0,0,640,360
2266,28835,28833804,11105,250,-1,-1,1,527,78.3,0,-1.0,0,0,0,640,360
2267,28846,28844914,11110,250,-1,-1,1,526,78.5,0,-1.0,0,0,0,640,360
2268,28857,28856025,11111,250,-1,-1,1,527,78.8,0,-1.0,0,0,0,640,360
2269,28868,28867134,11109,250,-1,-1,1,526,79.0,1,-1.0,0,0,0,640,360
2270,28879,28878249,11115,250,-1,-1,1,528,79.1,0,-1.0,0,0,0,640,360
2271,28890,28889356,11107,250,-1,-1,1,544,79.4,0,-1.0,0,0,0,640,360
2272,28901,28900470,11114,250,-1,-1,1,637,79.6,0,-1.0,0,0,0,640,360
2273,28912,28911574,11104,250,-1,-1,1,603,79.8,0,-1.0,0,0,0,640,360
2274,28923,28922685,11111,250,-1,-1,1,526,80.0,0,-1.0,0,0,0,640,360
2275,28935,28933787,11102,250,-1,-1,1,527,80.2,0,-1.0,0,0,0,640,360
2276,28946,28944905,11118,250,-1,-1,1,524,80.4,0,-1.0,0,0,0,640,360
2277,28957,28956006,11101,250,-1,-1,1,526,80.6,0,-1.0,0,0,0,640,360
2278,28968,28967120,11114,250,-1,-1,1,526,80.7,1,-1.0,0,0,0,640,360
2279,28979,28978229,11109,250,-1,-1,1,547,80.8,0,-1.0,0,0,0,640,360
2280,28990,28989340,11111,250,-1,-1,1,543,81.0,0,-1.0,0,0,0,640,360
2281,29001,29000447,11107,250,-1,-1,1,629,81.1,0,-1.0,0,0,0,640,360
2282,29012,29011559,11112,250,-1,-1,1,627,81.3,0,-1.0,0,0,0,640,360
2283,29024,29022667,11108,250,-1,-1,1,524,81.4,0,-1.0,0,0,0,640,360
2284,29035,29033775,11108,250,-1,-1,1,524,81.6,0,-1.0,0,0,0,640,360
2285,29046,29044882,11107,250,-1,-1,1,526,81.7,0,-1.0,0,0,0,640,360
2286,29057,29055991,11109,250,-1,-1,1,525,81.9,0,-1.0,0,0,0,640,360
2287,29068,29067099,11108,250,-1,-1,1,525,81.9,1,-1.0,0,0,0,640,360
2288,29079,29078220,11121,250,-1,-1,1,542,82.0,0,-1.0,0,0,0,640,360
2289,29090,29089324,11104,250,-1,-1,1,534,82.1,0,-1.0,0,0,0,640,360
2290,29101,29100437,11113,250,-1,-1,1,629,82.3,0,-1.0,0,0,0,640,360
2291,29113,29111613,11176,250,-1,-1,1,629,82.4,0,-1.0,0,0,0,640,360
2292,29123,29122651,11038,250,-1,-1,1,536,82.5,0,-1.0,0,0,0,640,360
2293,29135,29133754,11103,250,-1,-1,1,526,82.6,0,-1.0,0,0,0,640,360
2294,29146,29144865,11111,250,-1,-1,1,527,82.7,0,-1.0,0,0,0,640,360
2295,29157,29155974,11109,250,-1,-1,1,524,82.7,0,-1.0,0,0,0,640,360
2296,29168,29167085,11111,250,-1,-1,1,525,82.9,1,-1.0,0,0,0,640,360
2297,29179,29178198,11113,250,-1,-1,1,546,82.9,0,-1.0,0,0,0,640,360
2298,29190,29189307,11109,250,-1,-1,1,546,83.0,0,-1.0,0,0,0,640,360
2299,29201,29200414,11107,250,-1,-1,1,630,83.1,0,-1.0,0,0,0,640,360
2300,29212,29211523,11109,250,-1,-1,1,631,83.2,0,-1.0,0,0,0,640,360
2301,29223,29222634,11111,250,-1,-1,1,525,83.3,0,-1.0,0,0,0,640,360
2302,29235,29233740,11106,250,-1,-1,1,529,83.4,0,-1.0,0,0,0,640,360
2303,29246,29244847,11107,250,-1,-1,1,524,83.5,0,-1.0,0,0,0,640,360
2304,29257,29255955,11108,250,-1,-1,1,526,83.6,0,-1.0,0,0,0,640,360
2305,29268,29267064,11109,250,-1,-1,1,525,83.7,1,-1.0,0,0,0,640,360
2306,29279,29278181,11117,250,-1,-1,1,545,83.7,0,-1.0,0,0,0,640,360
2307,29290,29289292,11111,250,-1,-1,1,549,83.8,0,-1.0,0,0,0,640,360
2308,29301,29300400,11108,250,-1,-1,1,628,83.8,0,-1.0,0,0,0,640,360
2309,29312,29311506,11106,250,-1,-1,1,630,83.9,0,-1.0,0,0,0,640,360
2310,29323,29322616,11110,250,-1,-1,1,525,84.0,0,-1.0,0,0,0,640,360
2311,29335,29333727,11111,250,-1,-1,1,525,90.9,0,-1.0,0,0,0,640,360
2312,29346,29344833,11106,250,-1,-1,1,524,90.9,0,-1.0,0,0,0,640,360
2313,29357,29355941,11108,250,-1,-1,1,525,90.9,0,-1.0,0,0,0,640,360
2314,29368,29367050,11109,250,-1,-1,1,528,90.9,1,-1.0,0,0,0,640,360
2315,29379,29378161,11111,250,-1,-1,1,533,89.3,0,-1.0,0,0,0,640,360
2316,29390,29389272,11111,250,-1,-1,1,535,89.6,0,-1.0,0,0,0,640,360
2317,29401,29400380,11108,250,-1,-1,1,630,89.7,0,-1.0,0,0,0,640,360
2318,29412,29411489,11109,250,-1,-1,1,630,89.9,0,-1.0,0,0,0,640,360
2319,29424,29422597,11108,250,-1,-1,1,525,90.0,0,-1.0,0,0,0,640,360
2320,29435,29433707,11110,250,-1,-1,1,524,90.1,0,-1.0,0,0,0,640,360
2321,29446,29444815,11108,250,-1,-1,1,524,90.2,0,-1.0,0,0,0,640,360
2322,29457,29455924,11109,250,-1,-1,1,525,90.2,0,-1.0,0,0,0,640,360
2323,29468,29467033,11109,250,-1,-1,1,527,89.7,1,-1.0,0,0,0,640,360
2324,29479,29478147,11114,250,-1,-1,1,547,89.7,0,-1.0,0,0,0,640,360
2325,29490,29489255,11108,250,-1,-1,1,542,89.8,0,-1.0,0,0,0,640,360
2326,29501,29500363,11108,250,-1,-1,1,628,89.9,0,-1.0,0,0,0,640,360
2327,29513,29511473,11110,250,-1,-1,1,630,89.9,0,-1.0,0,0,0,640,360
2328,29523,29522582,11109,250,-1,-1,1,524,90.0,0,-1.0,0,0,0,640,360
2329,29534,29533690,11108,250,-1,-1,1,524,90.0,0,-1.0,0,0,0,640,360
2330,29546,29544796,11106,250,-1,-1,1,528,90.1,0,-1.0,0,0,0,640,360
2331,29557,29555902,11106,250,-1,-1,1,526,90.1,0,-1.0,0,0,0,640,360
2332,29568,29567020,11118,250,-1,-1,1,522,90.2,1,-1.0,0,0,0,640,360
2333,29579,29578129,11109,250,-1,-1,1,545,89.8,0,-1.0,0,0,0,640,360
2334,29590,29589237,11108,250,-1,-1,1,546,89.9,0,-1.0,0,0,0,640,360
2335,29601,29600349,11112,250,-1,-1,1,628,89.9,0,-1.0,0,0,0,640,360
2336,29612,29611456,11107,250,-1,-1,1,626,90.0,0,-1.0,0,0,0,640,360
2337,29623,29622563,11107,250,-1,-1,1,525,90.0,0,-1.0,0,0,0,640,360
2338,29634,29633671,11108,250,-1,-1,1,527,90.0,0,-1.0,0,0,0,640,360
2339,29646,29644779,11108,250,-1,-1,1,526,90.1,0,-1.0,0,0,0,640,360
2340,29715,29655890,11111,250,-1,-1,1,609,76.5,0,-1.0,0,0,0,640,360
2341,29716,29711421,55531,250,-1,-1,1,600,78.9,1,-1.0,0,0,0,640,360
2342,29723,29722551,11130,250,-1,-1,1,528,80.0,0,-1.0,0,0,0,640,360
2343,29735,29733651,11100,250,-1,-1,1,548,80.3,0,-1.0,0,0,0,640,360
2344,29746,29744765,11114,250,-1,-1,1,527,80.6,0,-1.0,0,0,0,640,360
2345,29757,29755874,11109,250,-1,-1,1,526,80.6,0,-1.0,0,0,0,640,360
2346,29768,29766987,11113,250,-1,-1,1,531,81.1,0,-1.0,0,0,0,640,360
2347,29779,29778093,11106,250,-1,-1,1,545,81.1,0,-1.0,0,0,0,640,360
2348,29790,29789202,11109,250,-1,-1,1,526,81.4,0,-1.0,0,0,0,640,360
2349,29801,29800316,11114,250,-1,-1,1,594,81.6,0,-1.0,0,0,0,640,360
2350,29812,29811425,11109,250,-1,-1,1,526,81.8,1,-1.0,0,0,0,640,360
2351,29824,29822531,11106,250,-1,-1,1,547,82.0,0,-1.0,0,0,0,640,360
2352,29834,29833638,11107,250,-1,-1,1,544,82.2,0,-1.0,0,0,0,640,360
2353,29846,29844750,11112,250,-1,-1,1,625,82.4,0,-1.0,0,0,0,640,360
2354,29857,29855856,11106,250,-1,-1,1,626,82.6,0,-1.0,0,0,0,640,360
2355,29868,29866967,11111,250,-1,-1,1,527,82.7,0,-1.0,0,0,0,640,360
2356,29879,29878073,11106,250,-1,-1,1,525,82.9,0,-1.0,0,0,0,640,360
2357,29890,29889181,11108,250,-1,-1,1,526,82.9,0,-1.0,0,0,0,640,360
2358,29901,29900291,11110,250,-1,-1,1,527,83.0,0,-1.0,0,0,0,640,360
2359,29912,29911399,11108,250,-1,-1,1,524,83.2,1,-1.0,0,0,0,640,360
2360,29923,29922515,11116,250,-1,-1,1,546,83.3,0,-1.0,0,0,0,640,360
2361,29934,29933624,11109,250,-1,-1,1,545,83.5,0,-1.0,0,0,0,640,360
2362,29946,29944737,11113,250,-1,-1,1,629,83.6,0,-1.0,0,0,0,640,360
2363,29957,29955842,11105,250,-1,-1,1,630,83.7,0,-1.0,0,0,0,640,360
2364,29968,29966954,11112,250,-1,-1,1,525,83.9,0,-1.0,0,0,0,640,360
2365,29979,29978053,11099,250,-1,-1,1,525,84.0,0,-1.0,0,0,0,640,360
2366,29990,29989162,11109,250,-1,-1,1,525,84.1,0,-1.0,0,0,0,640,360
2367,30001,30000272,11110,250,-1,-1,1,526,84.1,0,-1.0,0,0,0,640,360
2368,30012,30011382,11110,250,-1,-1,1,527,84.2,1,-1.0,0,0,0,640,360
2369,30023,30022496,11114,250,-1,-1,1,538,84.3,0,-1.0,0,0,0,640,360
2370,30034,30033608,11112,250,-1,-1,1,533,84.4,0,-1.0,0,0,0,640,360
2371,30046,30044713,11105,250,-1,-1,1,629,84.5,0,-1.0,0,0,0,640,360
2372,30057,30055821,11108,250,-1,-1,1,630,84.6,0,-1.0,0,0,0,640,360
2373,30068,30066931,11110,250,-1,-1,1,527,84.7,0,-1.0,0,0,0,640,360
2374,30079,30078039,11108,250,-1,-1,1,528,84.8,0,-1.0,0,0,0,640,360
2375,30090,30089146,11107,250,-1,-1,1,525,84.7,0,-1.0,0,0,0,640,360
2376,30101,30100259,11113,250,-1,-1,1,524,84.8,0,-1.0,0,0,0,640,360
2377,30112,30111365,11106,250,-1,-1,1,525,84.9,1,-1.0,0,0,0,640,360
2378,30123,30122480,11115,250,-1,-1,1,544,85.0,0,-1.0,0,0,0,640,360
2379,30135,30133585,11105,250,-1,-1,1,546,85.1,0,-1.0,0,0,0,640,360
2380,30146,30144703,11118,250,-1,-1,1,627,85.2,0,-1.0,0,0,0,640,360
2381,30157,30155805,11102,250,-1,-1,1,628,85.2,0,-1.0,0,0,0,640,360
2382,30168,30166915,11110,250,-1,-1,1,528,85.3,0,-1.0,0,0,0,640,360
2383,30179,30178019,11104,250,-1,-1,1,526,85.3,0,-1.0,0,0,0,640,360
2384,30190,30189130,11111,250,-1,-1,1,527,85.5,0,-1.0,0,0,0,640,360
2385,30201,30200239,11109,250,-1,-1,1,525,85.4,0,-1.0,0,0,0,640,360
2386,30212,30211347,11108,250,-1,-1,1,527,85.5,1,-1.0,0,0,0,640,360
2387,30223,30222462,11115,250,-1,-1,1,544,85.6,0,-1.0,0,0,0,640,360
2388,30234,30233575,11113,250,-1,-1,1,546,85.6,0,-1.0,0,0,0,640,360
2389,30246,30244679,11104,250,-1,-1,1,629,85.7,0,-1.0,0,0,0,640,360
2390,30257,30255949,11270,250,-1,-1,1,603,85.7,0,-1.0,0,0,0,640,360
2391,30268,30266898,10949,250,-1,-1,1,527,85.8,0,-1.0,0,0,0,640,360
2392,30279,30278007,11109,250,-1,-1,1,527,85.9,0,-1.0,0,0,0,640,360
2393,30290,30289111,11104,250,-1,-1,1,527,85.9,0,-1.0,0,0,0,640,360
2394,30301,30300226,11115,250,-1,-1,1,528,85.9,0,-1.0,0,0,0,640,360
2395,30312,30311329,11103,250,-1,-1,1,525,85.9,1,-1.0,0,0,0,640,360
2396,30323,30322447,11118,250,-1,-1,1,531,86.0,0,-1.0,0,0,0,640,360
2397,30370,30366873,44426,250,-1,-1,1,583,21.7,0,-1.0,0,0,0,640,360
2398,30379,30377988,11115,250,-1,-1,1,527,36.4,0,-1.0,0,0,0,640,360
2399,30390,30389096,11108,250,-1,-1,1,525,45.5,0,-1.0,0,0,0,640,360
2400,30401,30400203,11107,250,-1,-1,1,525,51.3,0,-1.0,0,0,0,640,360
2401,30412,30411316,11113,250,-1,-1,1,524,56.2,0,-1.0,0,0,0,640,360
2402,30423,30422423,11107,250,-1,-1,1,525,60.0,0,-1.0,0,0,0,640,360
2403,30434,30433535,11112,250,-1,-1,1,524,63.1,0,-1.0,0,0,0,640,360
2404,30446,30444639,11104,250,-1,-1,1,528,65.6,1,-1.0,0,0,0,640,360
2405,30457,30455760,11121,250,-1,-1,1,541,67.7,0,-1.0,0,0,0,640,360
2406,30468,30466860,11100,250,-1,-1,1,540,69.4,0,-1.0,0,0,0,640,360
2407,30479,30477975,11115,250,-1,-1,1,630,71.0,0,-1.0,0,0,0,640,360
2408,30490,30489081,11106,250,-1,-1,1,631,71.9,0,-1.0,0,0,0,640,360
2409,30501,30500190,11109,250,-1,-1,1,526,73.0,0,-1.0,0,0,0,640,360
2410,30512,30511297,11107,250,-1,-1,1,528,74.1,0,-1.0,0,0,0,640,360
2411,30523,30522405,11108,250,-1,-1,1,525,75.0,0,-1.0,0,0,0,640,360
2412,30534,30533516,11111,250,-1,-1,1,525,75.8,0,-1.0,0,0,0,640,360
2413,30545,30544630,11114,250,-1,-1,1,525,76.6,1,-1.0,0,0,0,640,360
2414,30557,30555737,11107,250,-1,-1,1,547,77.3,0,-1.0,0,0,0,640,360
2415,30568,30566849,11112,250,-1,-1,1,545,77.9,0,-1.0,0,0,0,640,360
2416,30579,30577960,11111,250,-1,-1,1,630,78.1,0,-1.0,0,0,0,640,360
2417,30590,30589066,11106,250,-1,-1,1,628,78.7,0,-1.0,0,0,0,640,360
2418,30601,30600177,11111,250,-1,-1,1,528,79.4,0,-1.0,0,0,0,640,360
2419,30612,30611283,11106,250,-1,-1,1,525,79.6,0,-1.0,0,0,0,640,360
2420,30623,30622389,11106,250,-1,-1,1,527,80.0,0,-1.0,0,0,0,640,360
2421,30634,30633499,11110,250,-1,-1,1,525,80.4,0,-1.0,0,0,0,640,360
2422,30645,30644605,11106,250,-1,-1,1,526,80.7,1,-1.0,0,0,0,640,360
2423,30657,30655723,11118,250,-1,-1,1,544,81.1,0,-1.0,0,0,0,640,360
2424,30668,30666829,11106,250,-1,-1,1,543,81.4,0,-1.0,0,0,0,640,360
2425,30679,30677943,11114,250,-1,-1,1,627,81.7,0,-1.0,0,0,0,640,360
2426,30690,30689050,11107,250,-1,-1,1,633,81.7,0,-1.0,0,0,0,640,360
2427,30701,30700159,11109,250,-1,-1,1,525,82.2,0,-1.0,0,0,0,640,360
2428,30712,30711262,11103,250,-1,-1,1,525,82.3,0,-1.0,0,0,0,640,360
2429,30723,30722373,11111,250,-1,-1,1,527,82.5,0,-1.0,0,0,0,640,360
2430,30799,30733482,11109,250,-1,-1,1,2180,71.3,0,-1.0,0,0,0,640,360
2431,30802,30800134,66652,250,-1,-1,1,605,73.2,1,-1.0,0,0,0,640,360
2432,30812,30811252,11118,250,-1,-1,1,532,73.6,0,-1.0,0,0,0,640,360
2433,30823,30822353,11101,250,-1,-1,1,527,74.0,0,-1.0,0,0,0,640,360
2434,30835,30833466,11113,250,-1,-1,1,524,74.4,0,-1.0,0,0,0,640,360
2435,30846,30844574,11108,250,-1,-1,1,525,74.7,0,-1.0,0,0,0,640,360
2436,30857,30855690,11116,250,-1,-1,1,534,75.0,0,-1.0,0,0,0,640,360
2437,30868,30866795,11105,250,-1,-1,1,531,75.4,0,-1.0,0,0,0,640,360
2438,30879,30877909,11114,250,-1,-1,1,528,75.5,0,-1.0,0,0,0,640,360
2439,30890,30889015,11106,250,-1,-1,1,525,75.8,0,-1.0,0,0,0,640,360
2440,30901,30900127,11112,250,-1,-1,1,524,76.3,1,-1.0,0,0,0,640,360
2441,30912,30911233,11106,250,-1,-1,1,545,76.4,0,-1.0,0,0,0,640,360
2442,30923,30922346,11113,250,-1,-1,1,545,76.7,0,-1.0,0,0,0,640,360
2443,30935,30933496,11150,250,-1,-1,1,628,76.9,0,-1.0,0,0,0,640,360
2444,30945,30944563,11067,250,-1,-1,1,628,77.2,0,-1.0,0,0,0,640,360
2445,30956,30955670,11107,250,-1,-1,1,526,77.4,0,-1.0,0,0,0,640,360
2446,30968,30966777,11107,250,-1,-1,1,527,77.6,0,-1.0,0,0,0,640,360
2447,30979,30977886,11109,250,-1,-1,1,526,77.9,0,-1.0,0,0,0,640,360
2448,30990,30988993,11107,250,-1,-1,1,525,78.1,0,-1.0,0,0,0,640,360
2449,31001,31000100,11107,250,-1,-1,1,526,78.3,1,-1.0,0,0,0,640,360
2450,31012,31011212,11112,250,-1,-1,1,528,78.4,0,-1.0,0,0,0,640,360
2451,31023,31022326,11114,250,-1,-1,1,546,78.6,0,-1.0,0,0,0,640,360
2452,31034,31033435,11109,250,-1,-1,1,628,78.8,0,-1.0,0,0,0,640,360
2453,31045,31044543,11108,250,-1,-1,1,630,78.9,0,-1.0,0,0,0,640,360
2454,31056,31055658,11115,250,-1,-1,1,527,79.1,0,-1.0,0,0,0,640,360
2455,31068,31066756,11098,250,-1,-1,1,525,79.3,0,-1.0,0,0,0,640,360
2456,31079,31077870,11114,250,-1,-1,1,524,79.5,0,-1.0,0,0,0,640,360
2457,31090,31088978,11108,250,-1,-1,1,527,79.6,0,-1.0,0,0,0,640,360
2458,31101,31100087,11109,250,-1,-1,1,526,79.8,1,-1.0,0,0,0,640,360
2459,31112,31111198,11111,250,-1,-1,1,530,79.8,0,-1.0,0,0,0,640,360
2460,31123,31122308,11110,250,-1,-1,1,526,80.0,0,-1.0,0,0,0,640,360
2461,31134,31133414,11106,250,-1,-1,1,630,80.1,0,-1.0,0,0,0,640,360
2462,31145,31144526,11112,250,-1,-1,1,628,80.3,0,-1.0,0,0,0,640,360
2463,31157,31155635,11109,250,-1,-1,1,527,80.4,0,-1.0,0,0,0,640,360
2464,31168,31166746,11111,250,-1,-1,1,527,80.6,0,-1.0,0,0,0,640,360
2465,31179,31177848,11102,250,-1,-1,1,526,80.7,0,-1.0,0,0,0,640,360
2466,31190,31188959,11111,250,-1,-1,1,526,80.8,0,-1.0,0,0,0,640,360
2467,31201,31200070,11111,250,-1,-1,1,524,80.9,1,-1.0,0,0,0,640,360
2468,31212,31211190,11120,250,-1,-1,1,546,81.0,0,-1.0,0,0,0,640,360
2469,31223,31222291,11101,250,-1,-1,1,546,81.1,0,-1.0,0,0,0,640,360
2470,31234,31233406,11115,250,-1,-1,1,627,81.2,0,-1.0,0,0,0,640,360
2471,31246,31244508,11102,250,-1,-1,1,630,81.3,0,-1.0,0,0,0,640,360
2472,31256,31255618,11110,250,-1,-1,1,527,81.5,0,-1.0,0,0,0,640,360
2473,31268,31266722,11104,250,-1,-1,1,526,81.6,0,-1.0,0,0,0,640,360
2474,31279,31277833,11111,250,-1,-1,1,526,81.7,0,-1.0,0,0,0,640,360
2475,31290,31288944,11111,250,-1,-1,1,525,81.8,0,-1.0,0,0,0,640,360
2476,31301,31300052,11108,250,-1,-1,1,626,81.9,1,-1.0,0,0,0,640,360
2477,31312,31311168,11116,250,-1,-1,1,546,81.9,0,-1.0,0,0,0,640,360
2478,31323,31322277,11109,250,-1,-1,1,545,82.0,0,-1.0,0,0,0,640,360
2479,31357,31355592,33315,250,-1,-1,1,524,29.4,0,-1.0,0,0,0,640,360
2480,31367,31366713,11121,250,-1,-1,1,525,45.5,0,-1.0,0,0,0,640,360
2481,31379,31377816,11103,250,-1,-1,1,525,54.5,0,-1.0,0,0,0,640,360
2482,31390,31388926,11110,250,-1,-1,1,526,60.6,0,-1.0,0,0,0,640,360
2483,31401,31400033,11107,250,-1,-1,1,527,64.9,0,-1.0,0,0,0,640,360
2484,31412,31411149,11116,250,-1,-1,1,524,68.2,0,-1.0,0,0,0,640,360
2485,31423,31422253,11104,250,-1,-1,1,543,70.0,1,-1.0,0,0,0,640,360
2486,31434,31433368,11115,250,-1,-1,1,546,72.1,0,-1.0,0,0,0,640,360
2487,31445,31444475,11107,250,-1,-1,1,543,73.8,0,-1.0,0,0,0,640,360
2488,31456,31455589,11114,250,-1,-1,1,589,75.2,0,-1.0,0,0,0,640,360
2489,31468,31466692,11103,250,-1,-1,1,526,76.4,0,-1.0,0,0,0,640,360
2490,31479,31477809,11117,250,-1,-1,1,525,77.4,0,-1.0,0,0,0,640,360
2491,31490,31488909,11100,250,-1,-1,1,524,78.3,0,-1.0,0,0,0,640,360
2492,31501,31500021,11112,250,-1,-1,1,524,79.1,0,-1.0,0,0,0,640,360
2493,31512,31511126,11105,250,-1,-1,1,527,79.4,0,-1.0,0,0,0,640,360
2494,31523,31522237,11111,250,-1,-1,1,529,80.0,1,-1.0,0,0,0,640,360
2495,31534,31533352,11115,250,-1,-1,1,541,80.6,0,-1.0,0,0,0,640,360
2496,31545,31544459,11107,250,-1,-1,1,535,81.1,0,-1.0,0,0,0,640,360
2497,31557,31555569,11110,250,-1,-1,1,627,81.5,0,-1.0,0,0,0,640,360
2498,31568,31566673,11104,250,-1,-1,1,632,82.0,0,-1.0,0,0,0,640,360
2499,31579,31577784,11111,250,-1,-1,1,528,82.4,0,-1.0,0,0,0,640,360
2500,31590,31588891,11107,250,-1,-1,1,527,82.7,0,-1.0,0,0,0,640,360
2501,31601,31599999,11108,250,-1,-1,1,525,83.0,0,-1.0,0,0,0,640,360
2502,31612,31611113,11114,250,-1,-1,1,524,83.3,0,-1.0,0,0,0,640,360
2503,31623,31622216,11103,250,-1,-1,1,525,83.3,1,-1.0,0,0,0,640,360
2504,31634,31633335,11119,250,-1,-1,1,545,83.6,0,-1.0,0,0,0,640,360
2505,31645,31644444,11109,250,-1,-1,1,545,83.9,0,-1.0,0,0,0,640,360
2506,31656,31655549,11105,250,-1,-1,1,625,84.1,0,-1.0,0,0,0,640,360
2507,31668,31666655,11106,250,-1,-1,1,626,84.3,0,-1.0,0,0,0,640,360
2508,31679,31677770,11115,250,-1,-1,1,525,84.5,0,-1.0,0,0,0,640,360
2509,31690,31688873,11103,250,-1,-1,1,527,84.7,0,-1.0,0,0,0,640,360
2510,31701,31699986,11113,250,-1,-1,1,526,84.9,0,-1.0,0,0,0,640,360
2511,31712,31711095,11109,250,-1,-1,1,526,85.1,0,-1.0,0,0,0,640,360
2512,31723,31722204,11109,250,-1,-1,1,524,85.0,1,-1.0,0,0,0,640,360
2513,31734,31733315,11111,250,-1,-1,1,544,85.2,0,-1.0,0,0,0,640,360
2514,31745,31744425,11110,250,-1,-1,1,547,85.3,0,-1.0,0,0,0,640,360
2515,31756,31755533,11108,250,-1,-1,1,629,85.5,0,-1.0,0,0,0,640,360
2516,31767,31766645,11112,250,-1,-1,1,626,85.6,0,-1.0,0,0,0,640,360
2517,31779,31777752,11107,250,-1,-1,1,529,85.7,0,-1.0,0,0,0,640,360
2518,31790,31788858,11106,250,-1,-1,1,608,85.8,0,-1.0,0,0,0,640,360
2519,31801,31799968,11110,250,-1,-1,1,528,86.0,0,-1.0,0,0,0,640,360
2520,31883,31811076,11108,250,-1,-1,1,609,75.0,0,-1.0,0,0,0,640,360
2521,31884,31877720,66644,250,-1,-1,1,631,76.8,1,-1.0,0,0,0,640,360
2522,31890,31888854,11134,250,-1,-1,1,548,77.7,0,-1.0,0,0,0,640,360
2523,31901,31899951,11097,250,-1,-1,1,527,78.0,0,-1.0,0,0,0,640,360
2524,31912,31911059,11108,250,-1,-1,1,524,78.1,0,-1.0,0,0,0,640,360
2525,31923,31922173,11114,250,-1,-1,1,627,78.3,0,-1.0,0,0,0,640,360
2526,31934,31933280,11107,250,-1,-1,1,536,78.6,0,-1.0,0,0,0,640,360
2527,31945,31944391,11111,250,-1,-1,1,530,78.8,0,-1.0,0,0,0,640,360
2528,31956,31955495,11104,250,-1,-1,1,525,79.0,0,-1.0,0,0,0,640,360
2529,31967,31966608,11113,250,-1,-1,1,626,79.2,0,-1.0,0,0,0,640,360
2530,31979,31977717,11109,250,-1,-1,1,528,79.4,1,-1.0,0,0,0,640,360
2531,31990,31988828,11111,250,-1,-1,1,538,79.6,0,-1.0,0,0,0,640,360
2532,32001,31999932,11104,250,-1,-1,1,524,79.6,0,-1.0,0,0,0,640,360
2533,32012,32011048,11116,250,-1,-1,1,525,79.9,0,-1.0,0,0,0,640,360
2534,32023,32022154,11106,250,-1,-1,1,607,80.0,0,-1.0,0,0,0,640,360
2535,32034,32033266,11112,250,-1,-1,1,525,80.2,0,-1.0,0,0,0,640,360
2536,32045,32044369,11103,250,-1,-1,1,528,80.3,0,-1.0,0,0,0,640,360
2537,32056,32055478,11109,250,-1,-1,1,528,80.5,0,-1.0,0,0,0,640,360
2538,32067,32066588,11110,250,-1,-1,1,529,80.6,0,-1.0,0,0,0,640,360
2539,32079,32077698,11110,250,-1,-1,1,528,80.8,1,-1.0,0,0,0,640,360
2540,32090,32088811,11113,250,-1,-1,1,547,80.9,0,-1.0,0,0,0,640,360
2541,32101,32099919,11108,250,-1,-1,1,526,81.0,0,-1.0,0,0,0,640,360
2542,32112,32111028,11109,250,-1,-1,1,572,81.2,0,-1.0,0,0,0,640,360
2543,32123,32122138,11110,250,-1,-1,1,528,81.4,0,-1.0,0,0,0,640,360
2544,32134,32133242,11104,250,-1,-1,1,524,81.4,0,-1.0,0,0,0,640,360
2545,32145,32144354,11112,250,-1,-1,1,524,81.5,0,-1.0,0,0,0,640,360
2546,32156,32155461,11107,250,-1,-1,1,525,81.6,0,-1.0,0,0,0,640,360
2547,32167,32166570,11109,250,-1,-1,1,524,81.8,0,-1.0,0,0,0,640,360
2548,32179,32177679,11109,250,-1,-1,1,526,81.9,1,-1.0,0,0,0,640,360
2549,32190,32188796,11117,250,-1,-1,1,545,82.0,0,-1.0,0,0,0,640,360
2550,32201,32199898,11102,250,-1,-1,1,541,82.1,0,-1.0,0,0,0,640,360
2551,32212,32211017,11119,250,-1,-1,1,641,82.1,0,-1.0,0,0,0,640,360
2552,32223,32222260,11243,250,-1,-1,1,631,82.2,0,-1.0,0,0,0,640,360
2553,32234,32233230,10970,250,-1,-1,1,525,82.3,0,-1.0,0,0,0,640,360
2554,32245,32244332,11102,250,-1,-1,1,527,82.4,0,-1.0,0,0,0,640,360
2555,32256,32255446,11114,250,-1,-1,1,527,82.5,0,-1.0,0,0,0,640,360
2556,32267,32266552,11106,250,-1,-1,1,526,82.6,0,-1.0,0,0,0,640,360
2557,32278,32277661,11109,250,-1,-1,1,524,82.7,1,-1.0,0,0,0,640,360
2558,32290,32288775,11114,250,-1,-1,1,546,82.8,0,-1.0,0,0,0,640,360
2559,32301,32299885,11110,250,-1,-1,1,547,82.9,0,-1.0,0,0,0,640,360
2560,32312,32310995,11110,250,-1,-1,1,644,82.9,0,-1.0,0,0,0,640,360
2561,32323,32322105,11110,250,-1,-1,1,629,83.0,0,-1.0,0,0,0,640,360
2562,32340,32333210,11105,250,-1,-1,1,524,62.5,0,-1.0,0,0,0,640,360
2563,32345,32344327,11117,250,-1,-1,1,527,90.9,0,-1.0,0,0,0,640,360
2564,32356,32355425,11098,250,-1,-1,1,526,90.9,0,-1.0,0,0,0,640,360
2565,32367,32366537,11112,250,-1,-1,1,526,90.9,0,-1.0,0,0,0,640,360
2566,32378,32377646,11109,250,-1,-1,1,528,90.9,1,-1.0,0,0,0,640,360
2567,32390,32388762,11116,250,-1,-1,1,546,90.9,0,-1.0,0,0,0,640,360
2568,32401,32399869,11107,250,-1,-1,1,545,90.9,0,-1.0,0,0,0,640,360
2569,32412,32410979,11110,250,-1,-1,1,627,90.9,0,-1.0,0,0,0,640,360
2570,32423,32422087,11108,250,-1,-1,1,630,90.0,0,-1.0,0,0,0,640,360
2571,32434,32433197,11110,250,-1,-1,1,526,90.1,0,-1.0,0,0,0,640,360
2572,32445,32444297,11100,250,-1,-1,1,528,90.2,0,-1.0,0,0,0,640,360
2573,32456,32455412,11115,250,-1,-1,1,528,90.2,0,-1.0,0,0,0,640,360
2574,32467,32466517,11105,250,-1,-1,1,527,90.3,0,-1.0,0,0,0,640,360
2575,32478,32477627,11110,250,-1,-1,1,525,90.3,1,-1.0,0,0,0,640,360
2576,32490,32488740,11113,250,-1,-1,1,546,90.4,0,-1.0,0,0,0,640,360
2577,32501,32499853,11113,250,-1,-1,1,526,90.4,0,-1.0,0,0,0,640,360
2578,32512,32510957,11104,250,-1,-1,1,627,90.4,0,-1.0,0,0,0,640,360
2579,32523,32522072,11115,250,-1,-1,1,629,90.0,0,-1.0,0,0,0,640,360
2580,32534,32533176,11104,250,-1,-1,1,525,90.0,0,-1.0,0,0,0,640,360
2581,32545,32544287,11111,250,-1,-1,1,525,90.1,0,-1.0,0,0,0,640,360
2582,32556,32555394,11107,250,-1,-1,1,525,90.1,0,-1.0,0,0,0,640,360
2583,32567,32566505,11111,250,-1,-1,1,528,90.2,0,-1.0,0,0,0,640,360
2584,32579,32577611,11106,250,-1,-1,1,527,90.2,1,-1.0,0,0,0,640,360
2585,32590,32588726,11115,250,-1,-1,1,534,90.2,0,-1.0,0,0,0,640,360
2586,32601,32599833,11107,250,-1,-1,1,532,90.3,0,-1.0,0,0,0,640,360
2587,32612,32610947,11114,250,-1,-1,1,627,90.3,0,-1.0,0,0,0,640,360
2588,32623,32622053,11106,250,-1,-1,1,629,90.0,0,-1.0,0,0,0,640,360
2589,32634,32633162,11109,250,-1,-1,1,527,90.3,0,-1.0,0,0,0,640,360
2590,32645,32644266,11104,250,-1,-1,1,524,90.1,0,-1.0,0,0,0,640,360
2591,32656,32655376,11110,250,-1,-1,1,524,90.1,0,-1.0,0,0,0,640,360
2592,32667,32666482,11106,250,-1,-1,1,528,90.1,0,-1.0,0,0,0,640,360
2593,32678,32677595,11113,250,-1,-1,1,527,90.1,1,-1.0,0,0,0,640,360
2594,32690,32688708,11113,250,-1,-1,1,543,90.2,0,-1.0,0,0,0,640,360
2595,32701,32699813,11105,250,-1,-1,1,541,90.2,0,-1.0,0,0,0,640,360
2596,32712,32710927,11114,250,-1,-1,1,627,90.0,0,-1.0,0,0,0,640,360
2597,32723,32722035,11108,250,-1,-1,1,632,90.0,0,-1.0,0,0,0,640,360
2598,32734,32733143,11108,250,-1,-1,1,525,90.2,0,-1.0,0,0,0,640,360
2599,32745,32744249,11106,250,-1,-1,1,526,90.0,0,-1.0,0,0,0,640,360
2600,32756,32755362,11113,250,-1,-1,1,525,90.1,0,-1.0,0,0,0,640,360
2601,32767,32766472,11110,250,-1,-1,1,525,90.1,0,-1.0,0,0,0,640,360
2602,32778,32777576,11104,250,-1,-1,1,525,90.1,1,-1.0,0,0,0,640,360
2603,32790,32788693,11117,250,-1,-1,1,549,90.1,0,-1.0,0,0,0,640,360
2604,32801,32799795,11102,250,-1,-1,1,537,90.1,0,-1.0,0,0,0,640,360
2605,32812,32810909,11114,250,-1,-1,1,627,90.2,0,-1.0,0,0,0,640,360
2606,32823,32822014,11105,250,-1,-1,1,630,90.2,0,-1.0,0,0,0,640,360
2607,32834,32833129,11115,250,-1,-1,1,528,90.2,0,-1.0,0,0,0,640,360
2608,32845,32844233,11104,250,-1,-1,1,529,90.0,0,-1.0,0,0,0,640,360
2609,32856,32855342,11109,250,-1,-1,1,526,90.1,0,-1.0,0,0,0,640,360
2610,32970,32866446,11104,250,-1,-1,1,525,75.7,0,-1.0,0,0,0,640,360
2611,32971,32966424,99978,250,-1,-1,1,523,77.2,1,-1.0,0,0,0,640,360
2612,32979,32977547,11123,250,-1,-1,1,628,77.9,0,-1.0,0,0,0,640,360
2613,32989,32988658,11111,250,-1,-1,1,529,78.1,0,-1.0,0,0,0,640,360
2614,33001,32999761,11103,250,-1,-1,1,530,78.3,0,-1.0,0,0,0,640,360
2615,33012,33010871,11110,250,-1,-1,1,628,78.5,0,-1.0,0,0,0,640,360
2616,33023,33021981,11110,250,-1,-1,1,628,78.6,0,-1.0,0,0,0,640,360
2617,33034,33033094,11113,250,-1,-1,1,530,78.9,0,-1.0,0,0,0,640,360
2618,33045,33044199,11105,250,-1,-1,1,525,78.9,0,-1.0,0,0,0,640,360
2619,33056,33055310,11111,250,-1,-1,1,524,79.1,0,-1.0,0,0,0,640,360
2620,33067,33066416,11106,250,-1,-1,1,525,79.3,1,-1.0,0,0,0,640,360
2621,33078,33077533,11117,250,-1,-1,1,544,79.5,0,-1.0,0,0,0,640,360
2622,33089,33088639,11106,250,-1,-1,1,549,79.6,0,-1.0,0,0,0,640,360
2623,33101,33099745,11106,250,-1,-1,1,626,79.8,0,-1.0,0,0,0,640,360
2624,33112,33110857,11112,250,-1,-1,1,630,79.9,0,-1.0,0,0,0,640,360
2625,33123,33121969,11112,250,-1,-1,1,526,80.1,0,-1.0,0,0,0,640,360
2626,33134,33133069,11100,250,-1,-1,1,526,80.2,0,-1.0,0,0,0,640,360
2627,33145,33144183,11114,250,-1,-1,1,526,80.3,0,-1.0,0,0,0,640,360
2628,33156,33155296,11113,250,-1,-1,1,524,80.4,0,-1.0,0,0,0,640,360
2629,33167,33166402,11106,250,-1,-1,1,524,80.6,1,-1.0,0,0,0,640,360
2630,33178,33177513,11111,250,-1,-1,1,548,80.7,0,-1.0,0,0,0,640,360
2631,33189,33188623,11110,250,-1,-1,1,545,80.8,0,-1.0,0,0,0,640,360
2632,33201,33199734,11111,250,-1,-1,1,630,81.0,0,-1.0,0,0,0,640,360
2633,33212,33210841,11107,250,-1,-1,1,629,81.1,0,-1.0,0,0,0,640,360
2634,33223,33221947,11106,250,-1,-1,1,526,81.2,0,-1.0,0,0,0,640,360
2635,33234,33233058,11111,250,-1,-1,1,524,81.3,0,-1.0,0,0,0,640,360
2636,33245,33244161,11103,250,-1,-1,1,526,81.3,0,-1.0,0,0,0,640,360
2637,33256,33255275,11114,250,-1,-1,1,526,81.5,0,-1.0,0,0,0,640,360
2638,33267,33266384,11109,250,-1,-1,1,529,81.6,1,-1.0,0,0,0,640,360
2639,33278,33277497,11113,250,-1,-1,1,530,81.7,0,-1.0,0,0,0,640,360
2640,33290,33288604,11107,250,-1,-1,1,545,81.8,0,-1.0,0,0,0,640,360
2641,33301,33299716,11112,250,-1,-1,1,627,81.9,0,-1.0,0,0,0,640,360
2642,33312,33310818,11102,250,-1,-1,1,629,82.0,0,-1.0,0,0,0,640,360
2643,33323,33321931,11113,250,-1,-1,1,522,82.1,0,-1.0,0,0,0,640,360
2644,33334,33333036,11105,250,-1,-1,1,525,82.2,0,-1.0,0,0,0,640,360
2645,33348,33344149,11113,250,-1,-1,1,525,76.9,0,-1.0,0,0,0,640,360
2646,33356,33355257,11108,250,-1,-1,1,525,90.9,0,-1.0,0,0,0,640,360
2647,33367,33366363,11106,250,-1,-1,1,526,90.9,1,-1.0,0,0,0,640,360
2648,33378,33377477,11114,250,-1,-1,1,534,90.9,0,-1.0,0,0,0,640,360
2649,33389,33388592,11115,250,-1,-1,1,539,90.9,0,-1.0,0,0,0,640,360
2650,33401,33399694,11102,250,-1,-1,1,627,90.9,0,-1.0,0,0,0,640,360
2651,33412,33410805,11111,250,-1,-1,1,627,90.9,0,-1.0,0,0,0,640,360
2652,33423,33421912,11107,250,-1,-1,1,527,90.9,0,-1.0,0,0,0,640,360
2653,33434,33433024,11112,250,-1,-1,1,526,90.9,0,-1.0,0,0,0,640,360
2654,33445,33444131,11107,250,-1,-1,1,528,90.9,0,-1.0,0,0,0,640,360
2655,33456,33455237,11106,250,-1,-1,1,524,90.2,0,-1.0,0,0,0,640,360
2656,33467,33466348,11111,250,-1,-1,1,524,90.2,1,-1.0,0,0,0,640,360
2657,33478,33477464,11116,250,-1,-1,1,544,90.3,0,-1.0,0,0,0,640,360
2658,33489,33488570,11106,250,-1,-1,1,545,90.3,0,-1.0,0,0,0,640,360
2659,33501,33499682,11112,250,-1,-1,1,632,90.4,0,-1.0,0,0,0,640,360
2660,33512,33510788,11106,250,-1,-1,1,629,90.4,0,-1.0,0,0,0,640,360
2661,33523,33521899,11111,250,-1,-1,1,526,90.4,0,-1.0,0,0,0,640,360
2662,33534,33533003,11104,250,-1,-1,1,525,90.5,0,-1.0,0,0,0,640,360
2663,33545,33544115,11112,250,-1,-1,1,528,90.5,0,-1.0,0,0,0,640,360
2664,33556,33555219,11104,250,-1,-1,1,525,90.1,0,-1.0,0,0,0,640,360
2665,33567,33566331,11112,250,-1,-1,1,525,90.1,1,-1.0,0,0,0,640,360
2666,33578,33577443,11112,250,-1,-1,1,529,90.2,0,-1.0,0,0,0,640,360
2667,33589,33588552,11109,250,-1,-1,1,546,90.2,0,-1.0,0,0,0,640,360
2668,33601,33599659,11107,250,-1,-1,1,628,90.2,0,-1.0,0,0,0,640,360
2669,33612,33610770,11111,250,-1,-1,1,629,90.3,0,-1.0,0,0,0,640,360
2670,33623,33621883,11113,250,-1,-1,1,526,90.3,0,-1.0,0,0,0,640,360
2671,33634,33632990,11107,250,-1,-1,1,525,90.3,0,-1.0,0,0,0,640,360
2672,33645,33644095,11105,250,-1,-1,1,529,90.0,0,-1.0,0,0,0,640,360
2673,33656,33655207,11112,250,-1,-1,1,528,90.1,0,-1.0,0,0,0,640,360
2674,33667,33666314,11107,250,-1,-1,1,529,90.1,1,-1.0,0,0,0,640,360
2675,33678,33677429,11115,250,-1,-1,1,537,90.1,0,-1.0,0,0,0,640,360
2676,33690,33688538,11109,250,-1,-1,1,528,90.1,0,-1.0,0,0,0,640,360
2677,33700,33699648,11110,250,-1,-1,1,628,90.2,0,-1.0,0,0,0,640,360
2678,33712,33710751,11103,250,-1,-1,1,631,90.2,0,-1.0,0,0,0,640,360
2679,33723,33721864,11113,250,-1,-1,1,527,90.2,0,-1.0,0,0,0,640,360
2680,33734,33732966,11102,250,-1,-1,1,525,90.2,0,-1.0,0,0,0,640,360
2681,33745,33744081,11115,250,-1,-1,1,625,90.0,0,-1.0,0,0,0,640,360
2682,33756,33755189,11108,250,-1,-1,1,525,90.0,0,-1.0,0,0,0,640,360
2683,33767,33766298,11109,250,-1,-1,1,525,90.1,1,-1.0,0,0,0,640,360
2684,33778,33777411,11113,250,-1,-1,1,550,90.1,0,-1.0,0,0,0,640,360
2685,33789,33788521,11110,250,-1,-1,1,565,90.1,0,-1.0,0,0,0,640,360
2686,33800,33799626,11105,250,-1,-1,1,643,90.1,0,-1.0,0,0,0,640,360
2687,33812,33810738,11112,250,-1,-1,1,648,90.1,0,-1.0,0,0,0,640,360
2688,33823,33821844,11106,250,-1,-1,1,553,90.2,0,-1.0,0,0,0,640,360
2689,33834,33832954,11110,250,-1,-1,1,552,90.2,0,-1.0,0,0,0,640,360
2690,33845,33844063,11109,250,-1,-1,1,554,90.2,0,-1.0,0,0,0,640,360
2691,33856,33855171,11108,250,-1,-1,1,548,90.0,0,-1.0,0,0,0,640,360
2692,33867,33866282,11111,250,-1,-1,1,546,90.1,1,-1.0,0,0,0,640,360
2693,33878,33877396,11114,250,-1,-1,1,566,90.1,0,-1.0,0,0,0,640,360
2694,33889,33888506,11110,250,-1,-1,1,564,90.1,0,-1.0,0,0,0,640,360
2695,33900,33899612,11106,250,-1,-1,1,643,90.1,0,-1.0,0,0,0,640,360
2696,33912,33910717,11105,250,-1,-1,1,656,90.1,0,-1.0,0,0,0,640,360
2697,33923,33921830,11113,250,-1,-1,1,537,90.1,0,-1.0,0,0,0,640,360
2698,33934,33932935,11105,250,-1,-1,1,527,90.2,0,-1.0,0,0,0,640,360
2699,33945,33944047,11112,250,-1,-1,1,527,90.2,0,-1.0,0,0,0,640,360
2700,34057,33955150,11103,250,-1,-1,1,527,77.5,0,-1.0,0,0,0,640,360
2701,34058,34055120,99970,250,-1,-1,1,522,78.8,1,-1.0,0,0,0,640,360
2702,34067,34066252,11132,250,-1,-1,1,629,79.1,0,-1.0,0,0,0,640,360
2703,34078,34077364,11112,250,-1,-1,1,535,79.3,0,-1.0,0,0,0,640,360
2704,34089,34088467,11103,250,-1,-1,1,546,79.5,0,-1.0,0,0,0,640,360
2705,34101,34099579,11112,250,-1,-1,1,522,79.6,0,-1.0,0,0,0,640,360
2706,34112,34110685,11106,250,-1,-1,1,625,79.8,0,-1.0,0,0,0,640,360
2707,34123,34121799,11114,250,-1,-1,1,527,79.9,0,-1.0,0,0,0,640,360
2708,34134,34132900,11101,250,-1,-1,1,525,80.1,0,-1.0,0,0,0,640,360
2709,34145,34144007,11107,250,-1,-1,1,526,80.2,0,-1.0,0,0,0,640,360
2710,34156,34155116,11109,250,-1,-1,1,525,80.3,1,-1.0,0,0,0,640,360
2711,34167,34166233,11117,250,-1,-1,1,545,80.4,0,-1.0,0,0,0,640,360
2712,34178,34177342,11109,250,-1,-1,1,548,80.6,0,-1.0,0,0,0,640,360
2713,34189,34188451,11109,250,-1,-1,1,709,80.7,0,-1.0,0,0,0,640,360
2714,34200,34199558,11107,250,-1,-1,1,638,80.8,0,-1.0,0,0,0,640,360
2715,34212,34210705,11147,250,-1,-1,1,526,81.0,0,-1.0,0,0,0,640,360
2716,34223,34221776,11071,250,-1,-1,1,527,81.1,0,-1.0,0,0,0,640,360
2717,34234,34232883,11107,250,-1,-1,1,525,81.2,0,-1.0,0,0,0,640,360
2718,34245,34243991,11108,250,-1,-1,1,526,81.3,0,-1.0,0,0,0,640,360
2719,34256,34255103,11112,250,-1,-1,1,526,81.4,1,-1.0,0,0,0,640,360
2720,34267,34266214,11111,250,-1,-1,1,530,81.5,0,-1.0,0,0,0,640,360
2721,34278,34277331,11117,250,-1,-1,1,529,81.6,0,-1.0,0,0,0,640,360
2722,34289,34288433,11102,250,-1,-1,1,642,81.7,0,-1.0,0,0,0,640,360
2723,34300,34299543,11110,250,-1,-1,1,630,81.8,0,-1.0,0,0,0,640,360
2724,34312,34310650,11107,250,-1,-1,1,526,81.9,0,-1.0,0,0,0,640,360
2725,34323,34321759,11109,250,-1,-1,1,525,82.0,0,-1.0,0,0,0,640,360
2726,34334,34332868,11109,250,-1,-1,1,525,82.1,0,-1.0,0,0,0,640,360
2727,34345,34343976,11108,250,-1,-1,1,524,82.2,0,-1.0,0,0,0,640,360
2728,34359,34355092,11116,250,-1,-1,1,526,71.4,1,-1.0,0,0,0,640,360
2729,34367,34366200,11108,250,-1,-1,1,543,87.0,0,-1.0,0,0,0,640,360
2730,34378,34377307,11107,250,-1,-1,1,547,88.2,0,-1.0,0,0,0,640,360
2731,34389,34388416,11109,250,-1,-1,1,528,88.9,0,-1.0,0,0,0,640,360
2732,34400,34399522,11106,250,-1,-1,1,629,89.3,0,-1.0,0,0,0,640,360
2733,34411,34410633,11111,250,-1,-1,1,528,89.6,0,-1.0,0,0,0,640,360
2734,34423,34421742,11109,250,-1,-1,1,526,89.7,0,-1.0,0,0,0,640,360
2735,34434,34432851,11109,250,-1,-1,1,526,89.9,0,-1.0,0,0,0,640,360
2736,34445,34443956,11105,250,-1,-1,1,527,90.0,0,-1.0,0,0,0,640,360
2737,34456,34455068,11112,250,-1,-1,1,525,90.1,1,-1.0,0,0,0,640,360
2738,34467,34466179,11111,250,-1,-1,1,547,89.4,0,-1.0,0,0,0,640,360
2739,34478,34477288,11109,250,-1,-1,1,545,89.6,0,-1.0,0,0,0,640,360
2740,34489,34488397,11109,250,-1,-1,1,629,89.7,0,-1.0,0,0,0,640,360
2741,34500,34499510,11113,250,-1,-1,1,635,89.7,0,-1.0,0,0,0,640,360
2742,34511,34510616,11106,250,-1,-1,1,525,89.8,0,-1.0,0,0,0,640,360
2743,34523,34521725,11109,250,-1,-1,1,525,89.9,0,-1.0,0,0,0,640,360
2744,34534,34532831,11106,250,-1,-1,1,527,89.9,0,-1.0,0,0,0,640,360
2745,34545,34543943,11112,250,-1,-1,1,530,90.0,0,-1.0,0,0,0,640,360
2746,34556,34555049,11106,250,-1,-1,1,528,90.0,1,-1.0,0,0,0,640,360
2747,34567,34566167,11118,250,-1,-1,1,535,89.7,0,-1.0,0,0,0,640,360
2748,34578,34577272,11105,250,-1,-1,1,538,89.7,0,-1.0,0,0,0,640,360
2749,34589,34588389,11117,250,-1,-1,1,649,89.8,0,-1.0,0,0,0,640,360
2750,34600,34599489,11100,250,-1,-1,1,651,89.8,0,-1.0,0,0,0,640,360
2751,34611,34610602,11113,250,-1,-1,1,549,89.9,0,-1.0,0,0,0,640,360
2752,34623,34621705,11103,250,508,4,0,553,86.5,0,15.3,1,0,0,640,360
2753,34634,34632822,11117,250,516,5,2,92,90.0,0,17.4,1,457,0,117,117
2754,34645,34643921,11099,250,530,7,2,204,90.0,0,21.6,1,422,0,201,201
2755,34656,34655030,11109,250,-1,-1,1,542,90.0,1,-1.0,1,0,0,640,360
2756,34667,34666147,11117,250,549,12,2,132,90.1,0,27.2,1,468,0,156,156
2757,34678,34677254,11107,250,-1,-1,1,566,89.8,0,-1.0,1,0,0,640,360
2758,34689,34688367,11113,250,566,16,2,194,90.1,0,32.4,1,454,0,186,186
2759,34700,34699471,11104,250,-1,-1,1,646,89.9,0,-1.0,1,0,0,640,360
2760,34712,34710582,11111,250,575,21,2,224,89.9,0,35.6,1,426,0,214,214
2761,34722,34721685,11103,250,-1,-1,1,547,89.9,0,-1.0,1,0,0,640,360
2762,34734,34732799,11114,250,-1,-1,1,552,90.0,0,-1.0,1,0,0,640,360
2763,34745,34743909,11110,250,-1,-1,1,529,88.0,0,-1.0,2,0,0,640,360
2764,34756,34755016,11107,250,-1,-1,1,538,89.8,1,-1.0,2,0,0,640,360
2765,34767,34766131,11115,250,-1,-1,1,549,90.0,0,-1.0,2,0,0,640,360
2766,34778,34777236,11105,250,-1,-1,1,530,89.9,0,-1.0,2,0,0,640,360
2767,34790,34788350,11114,250,-1,-1,1,528,89.9,0,-1.0,2,0,0,640,360
2768,34801,34799458,11108,250,-1,-1,1,528,89.7,0,-1.0,2,0,0,640,360
2769,34811,34810569,11111,250,-1,-1,1,523,89.9,0,-1.0,2,0,0,640,360
2770,34822,34821670,11101,250,-1,-1,1,525,90.0,0,-1.0,2,0,0,640,360
2771,34834,34832780,11110,250,-1,-1,1,525,90.0,0,-1.0,2,0,0,640,360
2772,34845,34843887,11107,250,-1,-1,1,525,90.0,0,-1.0,2,0,0,640,360
2773,34856,34855000,11113,250,-1,-1,1,527,90.0,1,-1.0,2,0,0,640,360
2774,34867,34866112,11112,250,-1,-1,1,542,90.0,0,-1.0,2,0,0,640,360
2775,34878,34877221,11109,250,-1,-1,1,534,89.9,0,-1.0,2,0,0,640,360
2776,34889,34888325,11104,250,-1,-1,1,627,89.9,0,-1.0,2,0,0,640,360
2777,34900,34899437,11112,250,-1,-1,1,629,89.9,0,-1.0,2,0,0,640,360
2778,34911,34910550,11113,250,-1,-1,1,528,89.9,0,-1.0,2,0,0,640,360
2779,34922,34921656,11106,250,-1,-1,1,525,90.0,0,-1.0,2,0,0,640,360
2780,34934,34932767,11111,250,-1,-1,1,525,90.0,0,-1.0,2,0,0,640,360
2781,34945,34943874,11107,250,-1,-1,1,525,90.0,0,-1.0,2,0,0,640,360
2782,34956,34954984,11110,250,-1,-1,1,525,90.0,1,-1.0,2,0,0,640,360
2783,34967,34966096,11112,250,-1,-1,1,548,90.0,0,-1.0,2,0,0,640,360
2784,34978,34977201,11105,250,-1,-1,1,538,89.9,0,-1.0,2,0,0,640,360
2785,34989,34988311,11110,250,-1,-1,1,620,89.9,0,-1.0,2,0,0,640,360
2786,35000,34999421,11110,250,-1,-1,1,630,89.9,0,-1.0,2,0,0,640,360
2787,35011,35010530,11109,250,-1,-1,1,527,90.0,0,-1.0,2,0,0,640,360
2788,35023,35021636,11106,250,-1,-1,1,527,90.0,0,-1.0,2,0,0,640,360
2789,35034,35032747,11111,250,-1,-1,1,528,90.0,0,-1.0,2,0,0,640,360
2790,35116,35043854,11107,250,-1,-1,1,665,81.6,0,-1.0,2,0,0,640,360
2791,35117,35110492,66638,250,-1,-1,1,600,82.8,1,-1.0,2,0,0,640,360
2792,35122,35121636,11144,250,-1,-1,1,613,83.5,0,-1.0,2,0,0,640,360
2793,35134,35132730,11094,250,-1,-1,1,528,83.7,0,-1.0,2,0,0,640,360
2794,35145,35143839,11109,250,-1,-1,1,527,83.8,0,-1.0,2,0,0,640,360
2795,35156,35154951,11112,250,-1,-1,1,630,83.7,0,-1.0,2,0,0,640,360
2796,35167,35166065,11114,250,-1,-1,1,531,80.9,0,-1.0,0,0,0,640,360
2797,35198,35188275,22210,250,-1,-1,1,2324,81.8,0,-1.0,0,0,0,640,360
2798,35201,35199382,11107,250,-1,-1,1,602,82.9,0,-1.0,0,0,0,640,360
2799,35211,35210499,11117,250,-1,-1,1,524,83.0,0,-1.0,0,0,0,640,360
2800,35222,35221603,11104,250,-1,-1,1,525,83.1,1,-1.0,0,0,0,640,360
2801,35234,35232716,11113,250,-1,-1,1,548,83.2,0,-1.0,0,0,0,640,360
2802,35245,35243824,11108,250,-1,-1,1,539,83.3,0,-1.0,0,0,0,640,360
2803,35256,35254938,11114,250,-1,-1,1,630,83.4,0,-1.0,0,0,0,640,360
2804,35267,35266042,11104,250,-1,-1,1,626,83.5,0,-1.0,0,0,0,640,360
2805,35278,35277151,11109,250,-1,-1,1,528,83.6,0,-1.0,0,0,0,640,360
2806,35289,35288259,11108,250,-1,-1,1,528,83.6,0,-1.0,0,0,0,640,360
2807,35300,35299367,11108,250,-1,-1,1,530,83.7,0,-1.0,0,0,0,640,360
2808,35311,35310474,11107,250,-1,-1,1,524,83.8,0,-1.0,0,0,0,640,360
2809,35322,35321585,11111,250,-1,-1,1,525,83.8,1,-1.0,0,0,0,640,360
2810,35334,35332698,11113,250,-1,-1,1,548,83.9,0,-1.0,0,0,0,640,360
2811,35345,35343807,11109,250,-1,-1,1,554,84.0,0,-1.0,0,0,0,640,360
2812,35379,35377124,33317,250,-1,-1,1,535,28.6,0,-1.0,0,0,0,640,360
2813,35389,35388246,11122,250,-1,-1,1,532,44.4,0,-1.0,0,0,0,640,360
2814,35400,35399350,11104,250,-1,-1,1,534,53.6,0,-1.0,0,0,0,640,360
2815,35411,35410462,11112,250,-1,-1,1,526,59.7,0,-1.0,0,0,0,640,360
2816,35422,35421569,11107,250,-1,-1,1,524,64.1,0,-1.0,0,0,0,640,360
2817,35433,35432676,11107,250,-1,-1,1,532,67.4,0,-1.0,0,0,0,640,360
2818,35445,35443785,11109,250,-1,-1,1,524,70.0,1,-1.0,0,0,0,640,360
2819,35456,35454901,11116,250,-1,-1,1,525,72.1,0,-1.0,0,0,0,640,360
2820,35467,35466007,11106,250,-1,-1,1,548,73.8,0,-1.0,0,0,0,640,360
2821,35478,35477118,11111,250,-1,-1,1,626,74.6,0,-1.0,0,0,0,640,360
2822,35489,35488223,11105,250,-1,-1,1,630,75.9,0,-1.0,0,0,0,640,360
2823,35500,35499337,11114,250,-1,-1,1,528,76.9,0,-1.0,0,0,0,640,360
2824,35511,35510442,11105,250,-1,-1,1,525,77.8,0,-1.0,0,0,0,640,360
2825,35522,35521553,11111,250,-1,-1,1,528,78.7,0,-1.0,0,0,0,640,360
2826,35533,35532659,11106,250,-1,-1,1,526,79.4,0,-1.0,0,0,0,640,360
2827,35545,35543770,11111,250,-1,-1,1,527,80.0,1,-1.0,0,0,0,640,360
2828,35556,35554882,11112,250,-1,-1,1,544,80.6,0,-1.0,0,0,0,640,360
2829,35567,35565989,11107,250,-1,-1,1,544,81.1,0,-1.0,0,0,0,640,360
2830,35578,35577098,11109,250,-1,-1,1,630,81.2,0,-1.0,0,0,0,640,360
2831,35589,35588213,11115,250,-1,-1,1,629,81.6,0,-1.0,0,0,0,640,360
2832,35600,35599320,11107,250,-1,-1,1,524,82.0,0,-1.0,0,0,0,640,360
2833,35611,35610427,11107,250,-1,-1,1,524,82.4,0,-1.0,0,0,0,640,360
2834,35622,35621534,11107,250,-1,-1,1,525,82.7,0,-1.0,0,0,0,640,360
2835,35633,35632645,11111,250,-1,-1,1,528,83.0,0,-1.0,0,0,0,640,360
2836,35645,35643749,11104,250,-1,-1,1,526,83.3,1,-1.0,0,0,0,640,360
2837,35656,35654868,11119,250,-1,-1,1,537,83.6,0,-1.0,0,0,0,640,360
2838,35667,35665977,11109,250,-1,-1,1,532,83.9,0,-1.0,0,0,0,640,360
2839,35678,35677087,11110,250,-1,-1,1,631,83.8,0,-1.0,0,0,0,640,360
2840,35689,35688192,11105,250,-1,-1,1,629,84.1,0,-1.0,0,0,0,640,360
2841,35700,35699304,11112,250,-1,-1,1,527,84.3,0,-1.0,0,0,0,640,360
2842,35711,35710407,11103,250,-1,-1,1,527,84.5,0,-1.0,0,0,0,640,360
2843,35722,35721516,11109,250,-1,-1,1,523,84.7,0,-1.0,0,0,0,640,360
2844,35734,35732627,11111,250,-1,-1,1,524,84.8,0,-1.0,0,0,0,640,360
2845,35745,35743738,11111,250,-1,-1,1,524,85.0,1,-1.0,0,0,0,640,360
2846,35756,35754850,11112,250,-1,-1,1,545,85.2,0,-1.0,0,0,0,640,360
2847,35767,35765959,11109,250,-1,-1,1,546,85.3,0,-1.0,0,0,0,640,360
2848,35778,35777064,11105,250,-1,-1,1,631,85.3,0,-1.0,0,0,0,640,360
2849,35789,35788176,11112,250,-1,-1,1,628,85.4,0,-1.0,0,0,0,640,360
2850,35800,35799284,11108,250,-1,-1,1,526,85.5,0,-1.0,0,0,0,640,360
2851,35811,35810388,11104,250,-1,-1,1,527,85.7,0,-1.0,0,0,0,640,360
2852,35822,35821500,11112,250,-1,-1,1,524,85.8,0,-1.0,0,0,0,640,360
2853,35833,35832610,11110,250,-1,-1,1,524,85.9,0,-1.0,0,0,0,640,360
2854,35845,35843717,11107,250,-1,-1,1,524,86.0,1,-1.0,0,0,0,640,360
2855,35856,35854834,11117,250,-1,-1,1,547,86.1,0,-1.0,0,0,0,640,360
2856,35867,35865941,11107,250,-1,-1,1,545,86.2,0,-1.0,0,0,0,640,360
2857,35878,35877048,11107,250,-1,-1,1,627,86.1,0,-1.0,0,0,0,640,360
2858,35889,35888156,11108,250,-1,-1,1,630,86.2,0,-1.0,0,0,0,640,360
2859,35900,35899271,11115,250,-1,-1,1,526,86.3,0,-1.0,0,0,0,640,360
2860,35911,35910373,11102,250,-1,-1,1,527,86.4,0,-1.0,0,0,0,640,360
2861,35922,35921485,11112,250,-1,-1,1,527,86.5,0,-1.0,0,0,0,640,360
2862,35933,35932593,11108,250,-1,-1,1,525,86.6,0,-1.0,0,0,0,640,360
2863,35944,35943700,11107,250,-1,-1,1,529,86.7,1,-1.0,0,0,0,640,360
2864,35956,35954814,11114,250,-1,-1,1,545,86.7,0,-1.0,0,0,0,640,360
2865,35967,35965928,11114,250,-1,-1,1,544,86.8,0,-1.0,0,0,0,640,360
2866,35978,35977055,11127,250,-1,-1,1,605,86.8,0,-1.0,0,0,0,640,360
2867,35989,35988141,11086,250,-1,-1,1,524,87.0,0,-1.0,0,0,0,640,360
2868,36000,35999249,11108,250,-1,-1,1,546,86.9,0,-1.0,0,0,0,640,360
2869,36011,36010360,11111,250,-1,-1,1,526,87.0,0,-1.0,0,0,0,640,360
2870,36022,36021466,11106,250,-1,-1,1,527,87.0,0,-1.0,0,0,0,640,360
2871,36033,36032574,11108,250,-1,-1,1,526,87.1,0,-1.0,0,0,0,640,360
2872,36045,36043684,11110,250,-1,-1,1,524,87.1,1,-1.0,0,0,0,640,360
2873,36056,36054799,11115,250,-1,-1,1,546,87.2,0,-1.0,0,0,0,640,360
2874,36067,36065906,11107,250,-1,-1,1,546,87.3,0,-1.0,0,0,0,640,360
2875,36078,36077015,11109,250,-1,-1,1,627,87.3,0,-1.0,0,0,0,640,360
2876,36089,36088121,11106,250,-1,-1,1,627,87.2,0,-1.0,0,0,0,640,360
2877,36100,36099342,11221,250,-1,-1,1,524,87.3,0,-1.0,0,0,0,640,360
2878,36111,36110342,11000,250,-1,-1,1,526,87.4,0,-1.0,0,0,0,640,360
2879,36122,36121453,11111,250,-1,-1,1,526,87.4,0,-1.0,0,0,0,640,360
2880,36202,36132559,11106,250,-1,-1,1,609,80.4,0,-1.0,0,0,0,640,360
2881,36203,36199197,66638,250,-1,-1,1,599,81.6,1,-1.0,0,0,0,640,360
2882,36211,36210333,11136,250,-1,-1,1,525,81.9,0,-1.0,0,0,0,640,360
2883,36222,36221435,11102,250,-1,-1,1,528,82.0,0,-1.0,0,0,0,640,360
2884,36234,36232542,11107,250,-1,-1,1,525,82.1,0,-1.0,0,0,0,640,360
2885,36245,36243654,11112,250,-1,-1,1,527,82.1,0,-1.0,0,0,0,640,360
2886,36256,36254766,11112,250,-1,-1,1,539,82.3,0,-1.0,0,0,0,640,360
2887,36267,36265870,11104,250,-1,-1,1,530,82.4,0,-1.0,0,0,0,640,360
2888,36278,36276983,11113,250,-1,-1,1,527,82.5,0,-1.0,0,0,0,640,360
2889,36289,36288091,11108,250,-1,-1,1,529,82.6,0,-1.0,0,0,0,640,360
2890,36300,36299196,11105,250,-1,-1,1,525,82.6,1,-1.0,0,0,0,640,360
2891,36311,36310308,11112,250,-1,-1,1,547,82.7,0,-1.0,0,0,0,640,360
2892,36322,36321420,11112,250,-1,-1,1,543,82.8,0,-1.0,0,0,0,640,360
2893,36334,36332527,11107,250,-1,-1,1,526,82.9,0,-1.0,0,0,0,640,360
2894,36344,36343640,11113,250,-1,-1,1,527,83.0,0,-1.0,0,0,0,640,360
2895,36358,36354746,11106,250,-1,-1,1,525,76.9,0,-1.0,0,0,0,640,360
2896,36367,36365856,11110,250,-1,-1,1,527,90.9,0,-1.0,0,0,0,640,360
2897,36378,36376960,11104,250,-1,-1,1,525,90.9,0,-1.0,0,0,0,640,360
2898,36389,36388069,11109,250,-1,-1,1,525,90.9,0,-1.0,0,0,0,640,360
2899,36400,36399177,11108,250,-1,-1,1,525,89.3,1,-1.0,0,0,0,640,360
2900,36411,36410290,11113,250,-1,-1,1,527,89.6,0,-1.0,0,0,0,640,360
2901,36422,36421399,11109,250,-1,-1,1,525,89.7,0,-1.0,0,0,0,640,360
2902,36433,36432513,11114,250,-1,-1,1,628,89.9,0,-1.0,0,0,0,640,360
2903,36445,36443767,11254,250,-1,-1,1,630,90.0,0,-1.0,0,0,0,640,360
2904,36456,36454754,10987,250,-1,-1,1,525,90.1,0,-1.0,0,0,0,640,360
2905,36467,36465834,11080,250,-1,-1,1,525,90.2,0,-1.0,0,0,0,640,360
2906,36478,36476942,11108,250,-1,-1,1,527,90.2,0,-1.0,0,0,0,640,360
2907,36489,36488050,11108,250,-1,-1,1,526,89.7,0,-1.0,0,0,0,640,360
2908,36500,36499162,11112,250,-1,-1,1,525,90.3,1,-1.0,0,0,0,640,360
2909,36511,36510275,11113,250,-1,-1,1,529,89.8,0,-1.0,0,0,0,640,360
2910,36522,36521386,11111,250,-1,-1,1,577,89.9,0,-1.0,0,0,0,640,360
2911,36533,36532494,11108,250,-1,-1,1,628,89.9,0,-1.0,0,0,0,640,360
2912,36544,36543601,11107,250,-1,-1,1,630,90.0,0,-1.0,0,0,0,640,360
2913,36556,36554713,11112,250,-1,-1,1,524,90.0,0,-1.0,0,0,0,640,360
2914,36567,36565818,11105,250,-1,-1,1,526,90.1,0,-1.0,0,0,0,640,360
2915,36578,36576927,11109,250,-1,-1,1,524,90.1,0,-1.0,0,0,0,640,360
2916,36589,36588038,11111,250,-1,-1,1,524,90.2,0,-1.0,0,0,0,640,360
2917,36600,36599145,11107,250,-1,-1,1,524,90.2,1,-1.0,0,0,0,640,360
2918,36611,36610261,11116,250,-1,-1,1,546,89.9,0,-1.0,0,0,0,640,360
2919,36622,36621367,11106,250,-1,-1,1,583,89.9,0,-1.0,0,0,0,640,360
2920,36633,36632475,11108,250,-1,-1,1,626,90.0,0,-1.0,0,0,0,640,360
2921,36645,36643691,11216,250,-1,-1,1,605,90.0,0,-1.0,0,0,0,640,360
2922,36656,36654739,11048,250,-1,-1,1,526,90.0,0,-1.0,0,0,0,640,360
2923,36667,36665795,11056,250,-1,-1,1,525,90.1,0,-1.0,0,0,0,640,360
2924,36678,36676908,11113,250,-1,-1,1,525,90.1,0,-1.0,0,0,0,640,360
2925,36689,36688021,11113,250,-1,-1,1,525,90.1,0,-1.0,0,0,0,640,360
2926,36700,36699130,11109,250,-1,-1,1,524,90.1,1,-1.0,0,0,0,640,360
2927,36711,36710241,11111,250,-1,-1,1,548,89.9,0,-1.0,0,0,0,640,360
2928,36722,36721351,11110,250,-1,-1,1,589,89.9,0,-1.0,0,0,0,640,360
2929,36733,36732618,11267,250,-1,-1,1,625,90.0,0,-1.0,0,0,0,640,360
2930,36745,36743670,11052,250,-1,-1,1,633,90.0,0,-1.0,0,0,0,640,360
2931,36756,36754677,11007,250,-1,-1,1,526,89.8,0,-1.0,0,0,0,640,360
2932,36767,36765787,11110,250,-1,-1,1,526,90.0,0,-1.0,0,0,0,640,360
2933,36778,36776894,11107,250,-1,-1,1,526,90.1,0,-1.0,0,0,0,640,360
2934,36789,36788003,11109,250,-1,-1,1,527,90.1,0,-1.0,0,0,0,640,360
2935,36800,36799114,11111,250,-1,-1,1,525,89.9,1,-1.0,0,0,0,640,360
2936,36811,36810227,11113,250,-1,-1,1,545,89.9,0,-1.0,0,0,0,640,360
2937,36822,36821334,11107,250,-1,-1,1,545,90.0,0,-1.0,0,0,0,640,360
2938,36833,36832476,11142,250,-1,-1,1,629,90.0,0,-1.0,0,0,0,640,360
2939,36845,36843707,11231,250,-1,-1,1,632,90.0,0,-1.0,0,0,0,640,360
2940,36856,36854665,10958,250,-1,-1,1,597,90.0,0,-1.0,0,0,0,640,360
2941,36867,36865764,11099,250,-1,-1,1,525,90.0,0,-1.0,0,0,0,640,360
2942,36878,36876873,11109,250,-1,-1,1,527,90.1,0,-1.0,0,0,0,640,360
2943,36889,36887984,11111,250,-1,-1,1,529,90.1,0,-1.0,0,0,0,640,360
2944,36900,36899096,11112,250,-1,-1,1,526,90.1,1,-1.0,0,0,0,640,360
2945,36911,36910208,11112,250,-1,-1,1,528,89.9,0,-1.0,0,0,0,640,360
2946,36922,36921315,11107,250,-1,-1,1,548,90.0,0,-1.0,0,0,0,640,360
2947,36933,36932452,11137,250,-1,-1,1,604,90.0,0,-1.0,0,0,0,640,360
2948,36945,36943654,11202,250,-1,-1,1,635,90.0,0,-1.0,0,0,0,640,360
2949,36956,36954732,11078,250,-1,-1,1,524,90.0,0,-1.0,0,0,0,640,360
2950,36967,36965747,11015,250,-1,-1,1,524,90.0,0,-1.0,0,0,0,640,360
2951,36978,36976858,11111,250,-1,-1,1,526,90.0,0,-1.0,0,0,0,640,360
2952,36989,36987969,11111,250,-1,-1,1,527,90.1,0,-1.0,0,0,0,640,360
2953,37000,36999078,11109,250,-1,-1,1,526,90.1,1,-1.0,0,0,0,640,360
2954,37011,37010191,11113,250,-1,-1,1,532,90.0,0,-1.0,0,0,0,640,360
2955,37022,37021300,11109,250,-1,-1,1,547,90.0,0,-1.0,0,0,0,640,360
2956,37033,37032582,11282,250,-1,-1,1,627,90.0,0,-1.0,0,0,0,640,360
2957,37044,37043539,10957,250,-1,-1,1,632,90.0,0,-1.0,0,0,0,640,360
2958,37056,37054710,11171,250,-1,-1,1,524,90.0,0,-1.0,0,0,0,640,360
2959,37067,37065732,11022,250,-1,-1,1,525,90.0,0,-1.0,0,0,0,640,360
2960,37078,37076843,11111,250,-1,-1,1,525,90.0,0,-1.0,0,0,0,640,360
2961,37089,37087950,11107,250,-1,-1,1,526,90.1,0,-1.0,0,0,0,640,360
2962,37100,37099059,11109,250,-1,-1,1,529,90.1,1,-1.0,0,0,0,640,360
2963,37111,37110174,11115,250,-1,-1,1,530,90.0,0,-1.0,0,0,0,640,360
2964,37122,37121284,11110,250,-1,-1,1,548,90.0,0,-1.0,0,0,0,640,360
2965,37133,37132438,11154,250,-1,-1,1,631,90.0,0,-1.0,0,0,0,640,360
2966,37144,37143500,11062,250,-1,-1,1,635,90.0,0,-1.0,0,0,0,640,360
2967,37156,37154780,11280,250,-1,-1,1,525,90.0,0,-1.0,0,0,0,640,360
2968,37167,37165715,10935,250,-1,-1,1,525,90.0,0,-1.0,0,0,0,640,360
2969,37178,37176826,11111,250,-1,-1,1,525,90.0,0,-1.0,0,0,0,640,360
2970,37258,37187935,11109,250,-1,-1,1,609,83.2,0,-1.0,0,0,0,640,360
2971,37259,37254576,66641,250,-1,-1,1,600,84.2,1,-1.0,0,0,0,640,360
2972,37267,37265705,11129,250,-1,-1,1,527,84.6,0,-1.0,0,0,0,640,360
2973,37278,37276809,11104,250,-1,-1,1,527,84.7,0,-1.0,0,0,0,640,360
2974,37289,37287918,11109,250,-1,-1,1,525,84.7,0,-1.0,0,0,0,640,360
2975,37300,37299031,11113,250,-1,-1,1,606,84.8,0,-1.0,0,0,0,640,360
2976,37311,37310136,11105,250,-1,-1,1,545,84.8,0,-1.0,0,0,0,640,360
2977,37322,37321249,11113,250,-1,-1,1,543,84.9,0,-1.0,0,0,0,640,360
2978,37333,37332358,11109,250,-1,-1,1,629,84.9,0,-1.0,0,0,0,640,360
2979,37344,37343465,11107,250,-1,-1,1,628,85.0,0,-1.0,0,0,0,640,360
2980,37360,37354576,11111,250,-1,-1,1,523,62.5,1,-1.0,0,0,0,640,360
2981,37367,37365701,11125,250,-1,-1,1,547,90.9,0,-1.0,0,0,0,640,360
2982,37378,37376795,11094,250,-1,-1,1,543,90.9,0,-1.0,0,0,0,640,360
2983,37389,37387907,11112,250,-1,-1,1,630,90.9,0,-1.0,0,0,0,640,360
2984,37400,37399078,11171,250,-1,-1,1,631,89.3,0,-1.0,0,0,0,640,360
2985,37411,37410188,11110,250,-1,-1,1,525,89.6,0,-1.0,0,0,0,640,360
2986,37422,37421229,11041,250,-1,-1,1,528,89.7,0,-1.0,0,0,0,640,360
2987,37433,37432340,11111,250,-1,-1,1,527,89.9,0,-1.0,0,0,0,640,360
2988,37444,37443442,11102,250,-1,-1,1,526,90.0,0,-1.0,0,0,0,640,360
2989,37455,37454556,11114,250,-1,-1,1,524,90.1,1,-1.0,0,0,0,640,360
2990,37467,37465669,11113,250,-1,-1,1,544,90.2,0,-1.0,0,0,0,640,360
2991,37478,37476777,11108,250,-1,-1,1,544,90.2,0,-1.0,0,0,0,640,360
2992,37489,37487942,11165,250,-1,-1,1,630,90.3,0,-1.0,0,0,0,640,360
2993,37500,37499175,11233,250,-1,-1,1,630,89.7,0,-1.0,0,0,0,640,360
2994,37511,37510104,10929,250,-1,-1,1,529,89.8,0,-1.0,0,0,0,640,360
2995,37522,37521209,11105,250,-1,-1,1,525,89.9,0,-1.0,0,0,0,640,360
2996,37533,37532318,11109,250,-1,-1,1,525,89.9,0,-1.0,0,0,0,640,360
2997,37544,37543428,11110,250,-1,-1,1,527,90.0,0,-1.0,0,0,0,640,360
2998,37556,37554539,11111,250,-1,-1,1,528,90.0,1,-1.0,0,0,0,640,360
2999,37566,37565654,11115,250,-1,-1,1,533,90.1,0,-1.0,0,0,0,640,360
3000,37578,37576758,11104,250,-1,-1,1,529,90.1,0,-1.0,0,0,0,640,360
3001,37589,37587889,11131,250,-1,-1,1,631,90.2,0,-1.0,0,0,0,640,360
3002,37600,37598975,11086,250,-1,-1,1,635,89.8,0,-1.0,0,0,0,640,360
3003,37611,37610093,11118,250,-1,-1,1,525,90.2,0,-1.0,0,0,0,640,360
3004,37622,37621192,11099,250,-1,-1,1,526,89.9,0,-1.0,0,0,0,640,360
3005,37633,37632301,11109,250,-1,-1,1,524,90.0,0,-1.0,0,0,0,640,360
3006,37644,37643407,11106,250,-1,-1,1,524,90.0,0,-1.0,0,0,0,640,360
3007,37655,37654523,11116,250,-1,-1,1,525,90.0,1,-1.0,0,0,0,640,360
3008,37666,37665633,11110,250,-1,-1,1,546,90.1,0,-1.0,0,0,0,640,360
3009,37678,37676743,11110,250,-1,-1,1,545,90.1,0,-1.0,0,0,0,640,360
3010,37689,37687898,11155,250,-1,-1,1,650,89.9,0,-1.0,0,0,0,640,360
3011,37700,37698963,11065,250,-1,-1,1,630,90.1,0,-1.0,0,0,0,640,360
3012,37711,37710073,11110,250,-1,-1,1,525,90.2,0,-1.0,0,0,0,640,360
3013,37722,37721172,11099,250,-1,-1,1,526,90.2,0,-1.0,0,0,0,640,360
3014,37733,37732284,11112,250,-1,-1,1,526,90.0,0,-1.0,0,0,0,640,360
3015,37744,37743393,11109,250,-1,-1,1,527,90.0,0,-1.0,0,0,0,640,360
3016,37755,37754499,11106,250,-1,-1,1,526,90.0,1,-1.0,0,0,0,640,360
3017,37766,37765619,11120,250,-1,-1,1,530,90.0,0,-1.0,0,0,0,640,360
3018,37778,37776723,11104,250,-1,-1,1,547,90.1,0,-1.0,0,0,0,640,360
3019,37789,37787908,11185,250,-1,-1,1,629,90.1,0,-1.0,0,0,0,640,360
3020,37800,37798945,11037,250,-1,-1,1,632,90.1,0,-1.0,0,0,0,640,360
3021,37811,37810056,11111,250,-1,-1,1,525,90.1,0,-1.0,0,0,0,640,360
3022,37822,37821158,11102,250,-1,-1,1,524,90.0,0,-1.0,0,0,0,640,360
3023,37833,37832272,11114,250,-1,-1,1,524,90.0,0,-1.0,0,0,0,640,360
3024,37844,37843376,11104,250,-1,-1,1,528,90.0,0,-1.0,0,0,0,640,360
3025,37855,37854489,11113,250,-1,-1,1,526,90.0,1,-1.0,0,0,0,640,360
3026,37867,37865597,11108,250,-1,-1,1,531,90.0,0,-1.0,0,0,0,640,360
3027,37878,37876709,11112,250,-1,-1,1,530,90.1,0,-1.0,0,0,0,640,360
3028,37889,37887884,11175,250,-1,-1,1,628,90.1,0,-1.0,0,0,0,640,360
3029,37900,37898926,11042,250,-1,-1,1,525,90.1,0,-1.0,0,0,0,640,360
3030,37911,37910036,11110,250,-1,-1,1,525,89.9,0,-1.0,0,0,0,640,360
3031,37922,37921150,11114,250,-1,-1,1,526,90.1,0,-1.0,0,0,0,640,360
3032,37933,37932249,11099,250,-1,-1,1,524,90.0,0,-1.0,0,0,0,640,360
3033,37944,37943363,11114,250,-1,-1,1,524,90.0,0,-1.0,0,0,0,640,360
3034,37955,37954471,11108,250,-1,-1,1,527,90.0,1,-1.0,0,0,0,640,360
3035,37966,37965585,11114,250,-1,-1,1,546,90.0,0,-1.0,0,0,0,640,360
3036,37978,37976692,11107,250,-1,-1,1,543,90.0,0,-1.0,0,0,0,640,360
3037,37989,37987862,11170,250,-1,-1,1,628,90.1,0,-1.0,0,0,0,640,360
3038,38000,37998910,11048,250,-1,-1,1,638,89.9,0,-1.0,0,0,0,640,360
3039,38011,38010020,11110,250,-1,-1,1,528,90.1,0,-1.0,0,0,0,640,360
3040,38022,38021124,11104,250,-1,-1,1,527,90.1,0,-1.0,0,0,0,640,360
3041,38033,38032233,11109,250,-1,-1,1,524,90.0,0,-1.0,0,0,0,640,360
3042,38044,38043343,11110,250,-1,-1,1,526,90.0,0,-1.0,0,0,0,640,360
3043,38055,38054450,11107,250,-1,-1,1,527,90.0,1,-1.0,0,0,0,640,360
3044,38066,38065565,11115,250,-1,-1,1,545,90.0,0,-1.0,0,0,0,640,360
3045,38078,38076675,11110,250,-1,-1,1,547,90.0,0,-1.0,0,0,0,640,360
3046,38089,38087838,11163,250,-1,-1,1,649,89.9,0,-1.0,0,0,0,640,360
3047,38100,38098896,11058,250,-1,-1,1,634,90.1,0,-1.0,0,0,0,640,360
3048,38111,38110028,11132,250,-1,-1,1,525,90.1,0,-1.0,0,0,0,640,360
3049,38122,38121109,11081,250,-1,-1,1,527,90.1,0,-1.0,0,0,0,640,360
3050,38133,38132215,11106,250,-1,-1,1,526,90.0,0,-1.0,0,0,0,640,360
3051,38144,38143327,11112,250,-1,-1,1,527,90.0,0,-1.0,0,0,0,640,360
3052,38155,38154435,11108,250,-1,-1,1,523,90.0,1,-1.0,0,0,0,640,360
3053,38166,38165550,11115,250,-1,-1,1,530,90.0,0,-1.0,0,0,0,640,360
3054,38178,38176653,11103,250,-1,-1,1,545,90.0,0,-1.0,0,0,0,640,360
3055,38189,38187817,11164,250,-1,-1,1,629,90.0,0,-1.0,0,0,0,640,360
3056,38200,38198878,11061,250,-1,-1,1,634,90.1,0,-1.0,0,0,0,640,360
3057,38211,38210006,11128,250,-1,-1,1,523,90.1,0,-1.0,0,0,0,640,360
3058,38222,38221096,11090,250,-1,-1,1,528,90.0,0,-1.0,0,0,0,640,360
3059,38233,38232203,11107,250,-1,-1,1,527,90.0,0,-1.0,0,0,0,640,360
3060,38292,38243304,11101,250,-1,-1,1,605,85.5,0,-1.0,0,0,0,640,360
3061,38292,38287731,44427,250,-1,-1,1,600,86.5,1,-1.0,0,0,0,640,360
3062,38300,38298860,11129,250,-1,-1,1,527,86.9,0,-1.0,0,0,0,640,360
3063,38311,38309965,11105,250,-1,-1,1,526,87.0,0,-1.0,0,0,0,640,360
3064,38322,38321078,11113,250,-1,-1,1,524,87.0,0,-1.0,0,0,0,640,360
3065,38333,38332190,11112,250,-1,-1,1,606,87.0,0,-1.0,0,0,0,640,360
3066,38344,38343297,11107,250,-1,-1,1,546,87.0,0,-1.0,0,0,0,640,360
3067,38392,38387726,44429,250,-1,-1,1,525,20.8,0,-1.0,0,0,0,640,360
3068,38400,38398840,11114,250,-1,-1,1,526,36.4,0,-1.0,0,0,0,640,360
3069,38411,38409946,11106,250,-1,-1,1,525,45.5,0,-1.0,0,0,0,640,360
3070,38422,38421053,11107,250,-1,-1,1,528,51.9,1,-1.0,0,0,0,640,360
3071,38433,38432171,11118,250,-1,-1,1,528,56.2,0,-1.0,0,0,0,640,360
3072,38444,38443276,11105,250,-1,-1,1,546,60.0,0,-1.0,0,0,0,640,360
3073,38455,38454390,11114,250,-1,-1,1,624,63.1,0,-1.0,0,0,0,640,360
3074,38466,38465494,11104,250,-1,-1,1,630,65.6,0,-1.0,0,0,0,640,360
3075,38477,38476614,11120,250,-1,-1,1,525,67.7,0,-1.0,0,0,0,640,360
3076,38489,38487712,11098,250,-1,-1,1,527,69.4,0,-1.0,0,0,0,640,360
3077,38500,38498822,11110,250,-1,-1,1,525,71.0,0,-1.0,0,0,0,640,360
3078,38511,38509929,11107,250,-1,-1,1,526,72.3,0,-1.0,0,0,0,640,360
3079,38522,38521043,11114,250,-1,-1,1,525,73.4,1,-1.0,0,0,0,640,360
3080,38533,38532153,11110,250,-1,-1,1,545,74.1,0,-1.0,0,0,0,640,360
3081,38544,38543260,11107,250,-1,-1,1,545,75.0,0,-1.0,0,0,0,640,360
3082,38555,38554400,11140,250,-1,-1,1,631,75.8,0,-1.0,0,0,0,640,360
3083,38566,38565480,11080,250,-1,-1,1,632,76.6,0,-1.0,0,0,0,640,360
3084,38578,38576710,11230,250,-1,-1,1,527,77.3,0,-1.0,0,0,0,640,360
3085,38589,38587697,10987,250,-1,-1,1,524,77.9,0,-1.0,0,0,0,640,360
3086,38600,38598799,11102,250,-1,-1,1,526,78.4,0,-1.0,0,0,0,640,360
3087,38611,38609913,11114,250,-1,-1,1,526,78.9,0,-1.0,0,0,0,640,360
3088,38622,38621020,11107,250,-1,-1,1,527,79.4,1,-1.0,0,0,0,640,360
3089,38633,38632137,11117,250,-1,-1,1,533,79.9,0,-1.0,0,0,0,640,360
3090,38644,38643244,11107,250,-1,-1,1,528,80.0,0,-1.0,0,0,0,640,360
3091,38655,38654528,11284,250,-1,-1,1,636,80.4,0,-1.0,0,0,0,640,360
3092,38667,38665608,11080,250,-1,-1,1,633,80.7,0,-1.0,0,0,0,640,360
3093,38677,38676575,10967,250,-1,-1,1,525,81.1,0,-1.0,0,0,0,640,360
3094,38688,38687675,11100,250,-1,-1,1,525,81.4,0,-1.0,0,0,0,640,360
3095,38700,38698786,11111,250,-1,-1,1,525,81.7,0,-1.0,0,0,0,640,360
3096,38711,38709892,11106,250,-1,-1,1,525,82.0,0,-1.0,0,0,0,640,360
3097,38722,38721008,11116,250,-1,-1,1,528,82.2,1,-1.0,0,0,0,640,360
3098,38733,38732121,11113,250,-1,-1,1,540,82.5,0,-1.0,0,0,0,640,360
3099,38744,38743228,11107,250,-1,-1,1,533,82.5,0,-1.0,0,0,0,640,360
3100,38755,38754504,11276,250,-1,-1,1,605,82.7,0,-1.0,0,0,0,640,360
3101,38766,38765589,11085,250,-1,-1,1,633,82.9,0,-1.0,0,0,0,640,360
3102,38777,38776555,10966,250,-1,-1,1,532,83.1,0,-1.0,0,0,0,640,360
3103,38788,38787665,11110,250,-1,-1,1,533,83.3,0,-1.0,0,0,0,640,360
3104,38800,38798771,11106,250,-1,-1,1,535,83.5,0,-1.0,0,0,0,640,360
3105,38811,38809877,11106,250,-1,-1,1,532,83.7,0,-1.0,0,0,0,640,360
3106,38822,38820990,11113,250,-1,-1,1,536,83.9,1,-1.0,0,0,0,640,360
3107,38833,38832104,11114,250,-1,-1,1,552,84.0,0,-1.0,0,0,0,640,360
3108,38844,38843210,11106,250,-1,-1,1,552,84.0,0,-1.0,0,0,0,640,360
3109,38855,38854484,11274,250,-1,-1,1,639,84.1,0,-1.0,0,0,0,640,360
3110,38866,38865426,10942,250,-1,-1,1,641,84.3,0,-1.0,0,0,0,640,360
3111,38877,38876540,11114,250,-1,-1,1,534,84.4,0,-1.0,0,0,0,640,360
3112,38889,38887645,11105,250,-1,-1,1,532,84.6,0,-1.0,0,0,0,640,360
3113,38900,38898752,11107,250,-1,-1,1,532,84.7,0,-1.0,0,0,0,640,360
3114,38911,38909860,11108,250,-1,-1,1,535,84.8,0,-1.0,0,0,0,640,360
3115,38922,38920971,11111,250,-1,-1,1,531,84.9,1,-1.0,0,0,0,640,360
3116,38933,38932086,11115,250,-1,-1,1,552,84.9,0,-1.0,0,0,0,640,360
3117,38944,38943197,11111,250,-1,-1,1,553,85.0,0,-1.0,0,0,0,640,360
3118,38955,38954367,11170,250,-1,-1,1,636,85.1,0,-1.0,0,0,0,640,360
3119,38966,38965409,11042,250,-1,-1,1,536,85.2,0,-1.0,0,0,0,640,360
3120,38978,38976520,11111,250,-1,-1,1,534,85.2,0,-1.0,0,0,0,640,360
3121,38988,38987628,11108,250,-1,-1,1,534,85.4,0,-1.0,0,0,0,640,360
3122,39000,38998732,11104,250,-1,-1,1,532,85.5,0,-1.0,0,0,0,640,360
3123,39011,39009845,11113,250,-1,-1,1,526,85.6,0,-1.0,0,0,0,640,360
3124,39022,39020955,11110,250,-1,-1,1,527,85.7,1,-1.0,0,0,0,640,360
3125,39033,39032068,11113,250,-1,-1,1,527,85.8,0,-1.0,0,0,0,640,360
3126,39044,39043172,11104,250,-1,-1,1,547,85.7,0,-1.0,0,0,0,640,360
3127,39055,39054317,11145,250,-1,-1,1,628,85.8,0,-1.0,0,0,0,640,360
3128,39066,39065390,11073,250,-1,-1,1,632,85.9,0,-1.0,0,0,0,640,360
3129,39077,39076510,11120,250,-1,-1,1,525,85.9,0,-1.0,0,0,0,640,360
3130,39088,39087608,11098,250,-1,-1,1,527,86.0,0,-1.0,0,0,0,640,360
3131,39099,39098721,11113,250,-1,-1,1,527,86.1,0,-1.0,0,0,0,640,360
3132,39111,39109824,11103,250,-1,-1,1,527,86.2,0,-1.0,0,0,0,640,360
3133,39122,39120940,11116,250,-1,-1,1,527,86.2,1,-1.0,0,0,0,640,360
3134,39133,39132050,11110,250,-1,-1,1,530,86.3,0,-1.0,0,0,0,640,360
3135,39144,39143159,11109,250,-1,-1,1,529,86.2,0,-1.0,0,0,0,640,360
3136,39155,39154294,11135,250,-1,-1,1,628,86.3,0,-1.0,0,0,0,640,360
3137,39166,39165379,11085,250,-1,-1,1,629,86.4,0,-1.0,0,0,0,640,360
3138,39177,39176485,11106,250,-1,-1,1,525,86.4,0,-1.0,0,0,0,640,360
3139,39188,39187594,11109,250,-1,-1,1,525,86.5,0,-1.0,0,0,0,640,360
3140,39199,39198700,11106,250,-1,-1,1,527,86.5,0,-1.0,0,0,0,640,360
3141,39211,39209813,11113,250,-1,-1,1,527,86.6,0,-1.0,0,0,0,640,360
3142,39222,39220917,11104,250,-1,-1,1,526,86.7,1,-1.0,0,0,0,640,360
3143,39233,39232033,11116,250,-1,-1,1,532,86.7,0,-1.0,0,0,0,640,360
3144,39244,39243142,11109,250,-1,-1,1,528,86.7,0,-1.0,0,0,0,640,360
3145,39255,39254299,11157,250,-1,-1,1,628,86.7,0,-1.0,0,0,0,640,360
3146,39266,39265354,11055,250,-1,-1,1,527,86.8,0,-1.0,0,0,0,640,360
3147,39277,39276470,11116,250,-1,-1,1,524,86.8,0,-1.0,0,0,0,640,360
3148,39288,39287574,11104,250,-1,-1,1,524,86.9,0,-1.0,0,0,0,640,360
3149,39299,39298685,11111,250,-1,-1,1,525,86.9,0,-1.0,0,0,0,640,360
3150,39363,39309794,11109,250,-1,-1,1,637,82.4,0,-1.0,0,0,0,640,360
3151,39416,39409773,99979,250,-1,-1,1,607,18.9,1,-1.0,0,0,0,640,360
3152,39422,39420906,11133,250,-1,-1,1,546,34.5,0,-1.0,0,0,0,640,360
3153,39433,39432004,11098,250,-1,-1,1,544,43.5,0,-1.0,0,0,0,640,360
3154,39444,39443105,11101,250,-1,-1,1,628,49.4,0,-1.0,0,0,0,640,360
3155,39455,39454214,11109,250,-1,-1,1,636,54.3,0,-1.0,0,0,0,640,360
3156,39466,39465323,11109,250,-1,-1,1,602,58.3,0,-1.0,0,0,0,640,360
3157,39477,39476436,11113,250,-1,-1,1,525,61.4,0,-1.0,0,0,0,640,360
3158,39488,39487540,11104,250,-1,-1,1,527,64.0,0,-1.0,0,0,0,640,360
3159,39499,39498648,11108,250,-1,-1,1,534,66.2,0,-1.0,0,0,0,640,360
3160,39511,39509760,11112,250,-1,-1,1,525,68.0,1,-1.0,0,0,0,640,360
3161,39522,39520872,11112,250,-1,-1,1,530,69.6,0,-1.0,0,0,0,640,360
3162,39533,39531981,11109,250,-1,-1,1,547,71.0,0,-1.0,0,0,0,640,360
3163,39544,39543126,11145,250,-1,-1,1,628,71.8,0,-1.0,0,0,0,640,360
3164,39555,39554202,11076,250,-1,-1,1,632,72.9,0,-1.0,0,0,0,640,360
3165,39566,39565315,11113,250,-1,-1,1,525,73.9,0,-1.0,0,0,0,640,360
3166,39577,39576416,11101,250,-1,-1,1,525,74.8,0,-1.0,0,0,0,640,360
3167,39588,39587524,11108,250,-1,-1,1,524,75.6,0,-1.0,0,0,0,640,360
3168,39599,39598634,11110,250,-1,-1,1,530,76.3,0,-1.0,0,0,0,640,360
3169,39611,39609740,11106,250,-1,-1,1,524,76.9,1,-1.0,0,0,0,640,360
3170,39622,39620855,11115,250,-1,-1,1,534,77.5,0,-1.0,0,0,0,640,360
3171,39633,39631963,11108,250,-1,-1,1,532,78.1,0,-1.0,0,0,0,640,360
3172,39644,39643068,11105,250,-1,-1,1,630,78.3,0,-1.0,0,0,0,640,360
3173,39655,39654181,11113,250,-1,-1,1,633,78.8,0,-1.0,0,0,0,640,360
3174,39666,39665291,11110,250,-1,-1,1,525,79.2,0,-1.0,0,0,0,640,360
3175,39677,39676397,11106,250,-1,-1,1,527,79.6,0,-1.0,0,0,0,640,360
3176,39688,39687503,11106,250,-1,-1,1,525,80.0,0,-1.0,0,0,0,640,360
3177,39699,39698615,11112,250,-1,-1,1,524,80.4,0,-1.0,0,0,0,640,360
3178,39711,39709725,11110,250,-1,-1,1,526,80.7,1,-1.0,0,0,0,640,360
3179,39722,39720841,11116,250,-1,-1,1,547,81.0,0,-1.0,0,0,0,640,360
3180,39733,39731947,11106,250,-1,-1,1,547,81.3,0,-1.0,0,0,0,640,360
3181,39744,39743109,11162,250,-1,-1,1,631,81.4,0,-1.0,0,0,0,640,360
3182,39755,39754164,11055,250,-1,-1,1,633,81.6,0,-1.0,0,0,0,640,360
3183,39766,39765275,11111,250,-1,-1,1,524,81.9,0,-1.0,0,0,0,640,360
3184,39777,39776379,11104,250,-1,-1,1,526,82.1,0,-1.0,0,0,0,640,360
3185,39788,39787490,11111,250,-1,-1,1,525,82.4,0,-1.0,0,0,0,640,360
3186,39799,39798595,11105,250,-1,-1,1,526,82.6,0,-1.0,0,0,0,640,360
3187,39811,39809710,11115,250,-1,-1,1,527,82.8,1,-1.0,0,0,0,640,360
3188,39822,39820823,11113,250,-1,-1,1,528,83.0,0,-1.0,0,0,0,640,360
3189,39833,39831930,11107,250,-1,-1,1,545,83.2,0,-1.0,0,0,0,640,360
3190,39844,39843056,11126,250,-1,-1,1,629,83.2,0,-1.0,0,0,0,640,360
3191,39855,39854148,11092,250,-1,-1,1,633,83.3,0,-1.0,0,0,0,640,360
3192,39866,39865261,11113,250,-1,-1,1,525,83.5,0,-1.0,0,0,0,640,360
3193,39877,39876363,11102,250,-1,-1,1,525,83.7,0,-1.0,0,0,0,640,360
3194,39888,39887472,11109,250,-1,-1,1,527,83.8,0,-1.0,0,0,0,640,360
3195,39899,39898580,11108,250,-1,-1,1,527,84.0,0,-1.0,0,0,0,640,360
3196,39911,39909692,11112,250,-1,-1,1,526,84.1,1,-1.0,0,0,0,640,360
3197,39922,39920806,11114,250,-1,-1,1,531,84.2,0,-1.0,0,0,0,640,360
3198,39933,39931912,11106,250,-1,-1,1,526,84.4,0,-1.0,0,0,0,640,360
3199,39944,39943033,11121,250,-1,-1,1,630,84.3,0,-1.0,0,0,0,640,360
3200,39955,39954128,11095,250,-1,-1,1,637,84.5,0,-1.0,0,0,0,640,360
3201,39966,39965243,11115,250,-1,-1,1,525,84.6,0,-1.0,0,0,0,640,360
3202,39977,39976343,11100,250,-1,-1,1,526,84.7,0,-1.0,0,0,0,640,360
3203,39988,39987456,11113,250,-1,-1,1,525,84.8,0,-1.0,0,0,0,640,360
3204,39999,39998565,11109,250,-1,-1,1,536,84.9,0,-1.0,0,0,0,640,360
3205,40010,40009672,11107,250,-1,-1,1,525,85.0,1,-1.0,0,0,0,640,360
3206,40022,40020787,11115,250,-1,-1,1,545,85.1,0,-1.0,0,0,0,640,360
3207,40033,40031892,11105,250,-1,-1,1,544,85.2,0,-1.0,0,0,0,640,360
3208,40044,40043041,11149,250,-1,-1,1,630,85.2,0,-1.0,0,0,0,640,360
3209,40055,40054112,11071,250,-1,-1,1,633,85.3,0,-1.0,0,0,0,640,360
3210,40066,40065223,11111,250,-1,-1,1,528,85.3,0,-1.0,0,0,0,640,360
3211,40077,40076328,11105,250,-1,-1,1,525,85.4,0,-1.0,0,0,0,640,360
3212,40088,40087438,11110,250,-1,-1,1,528,85.5,0,-1.0,0,0,0,640,360
3213,40099,40098552,11114,250,-1,-1,1,527,85.6,0,-1.0,0,0,0,640,360
3214,40110,40109652,11100,250,-1,-1,1,525,85.7,1,-1.0,0,0,0,640,360
3215,40122,40120770,11118,250,-1,-1,1,544,85.8,0,-1.0,0,0,0,640,360
3216,40133,40131881,11111,250,-1,-1,1,546,85.8,0,-1.0,0,0,0,640,360
3217,40144,40143017,11136,250,-1,-1,1,626,85.8,0,-1.0,0,0,0,640,360
3218,40155,40154097,11080,250,-1,-1,1,528,86.0,0,-1.0,0,0,0,640,360
3219,40166,40165208,11111,250,-1,-1,1,589,85.9,0,-1.0,0,0,0,640,360
3220,40177,40176311,11103,250,-1,-1,1,525,86.0,0,-1.0,0,0,0,640,360
3221,40188,40187423,11112,250,-1,-1,1,526,86.1,0,-1.0,0,0,0,640,360
3222,40199,40198526,11103,250,-1,-1,1,525,86.1,0,-1.0,0,0,0,640,360
3223,40210,40209639,11113,250,-1,-1,1,526,86.2,1,-1.0,0,0,0,640,360
3224,40223,40220754,11115,250,-1,-1,1,526,86.0,0,-1.0,0,0,0,640,360
3225,40233,40231867,11113,250,-1,-1,1,548,86.3,0,-1.0,0,0,0,640,360
3226,40244,40242970,11103,250,-1,-1,1,635,86.4,0,-1.0,0,0,0,640,360
3227,40255,40254082,11112,250,-1,-1,1,525,86.4,0,-1.0,0,0,0,640,360
3228,40267,40265190,11108,250,-1,-1,1,525,86.4,0,-1.0,0,0,0,640,360
3229,40277,40276299,11109,250,-1,-1,1,525,86.4,0,-1.0,0,0,0,640,360
3230,40288,40287402,11103,250,-1,-1,1,527,86.5,0,-1.0,0,0,0,640,360
3231,40299,40298516,11114,250,-1,-1,1,526,86.5,0,-1.0,0,0,0,640,360
3232,40310,40309622,11106,250,-1,-1,1,527,86.6,1,-1.0,0,0,0,640,360
3233,40322,40320738,11116,250,-1,-1,1,530,86.6,0,-1.0,0,0,0,640,360
3234,40333,40331842,11104,250,-1,-1,1,529,86.7,0,-1.0,0,0,0,640,360
3235,40344,40342952,11110,250,-1,-1,1,631,86.7,0,-1.0,0,0,0,640,360
3236,40355,40354061,11109,250,-1,-1,1,527,86.8,0,-1.0,0,0,0,640,360
3237,40366,40365176,11115,250,-1,-1,1,525,86.7,0,-1.0,0,0,0,640,360
3238,40377,40376280,11104,250,-1,-1,1,526,90.9,0,-1.0,0,0,0,640,360
3239,40388,40387388,11108,250,-1,-1,1,524,90.9,0,-1.0,0,0,0,640,360
3240,40458,40398497,11109,250,-1,-1,1,608,32.6,0,-1.0,0,0,0,640,360
3241,40459,40454028,55531,250,-1,-1,1,599,43.0,1,-1.0,0,0,0,640,360
3242,40466,40465161,11133,250,-1,-1,1,541,50.0,0,-1.0,0,0,0,640,360
3243,40477,40476265,11104,250,-1,-1,1,537,54.1,0,-1.0,0,0,0,640,360
3244,40488,40487371,11106,250,-1,-1,1,527,57.4,0,-1.0,0,0,0,640,360
3245,40499,40498482,11111,250,-1,-1,1,606,60.2,0,-1.0,0,0,0,640,360
3246,40510,40509594,11112,250,-1,-1,1,527,62.5,0,-1.0,0,0,0,640,360
3247,40522,40520701,11107,250,-1,-1,1,545,64.5,0,-1.0,0,0,0,640,360
3248,40533,40531810,11109,250,-1,-1,1,629,66.3,0,-1.0,0,0,0,640,360
3249,40544,40542918,11108,250,-1,-1,1,626,67.8,0,-1.0,0,0,0,640,360
3250,40555,40554069,11151,250,-1,-1,1,525,69.1,1,-1.0,0,0,0,640,360
3251,40566,40565143,11074,250,-1,-1,1,544,70.0,0,-1.0,0,0,0,640,360
3252,40577,40576249,11106,250,-1,-1,1,545,71.1,0,-1.0,0,0,0,640,360
3253,40588,40587358,11109,250,-1,-1,1,526,72.1,0,-1.0,0,0,0,640,360
3254,40599,40598465,11107,250,-1,-1,1,611,73.0,0,-1.0,0,0,0,640,360
3255,40610,40609576,11111,250,-1,-1,1,526,73.8,0,-1.0,0,0,0,640,360
3256,40621,40620677,11101,250,-1,-1,1,527,74.5,0,-1.0,0,0,0,640,360
3257,40633,40631793,11116,250,-1,-1,1,525,75.2,0,-1.0,0,0,0,640,360
3258,40644,40642898,11105,250,-1,-1,1,527,75.8,0,-1.0,0,0,0,640,360
3259,40655,40654007,11109,250,-1,-1,1,525,76.4,1,-1.0,0,0,0,640,360
3260,40666,40665120,11113,250,-1,-1,1,529,76.9,0,-1.0,0,0,0,640,360
3261,40677,40676227,11107,250,-1,-1,1,546,77.2,0,-1.0,0,0,0,640,360
3262,40688,40687336,11109,250,-1,-1,1,630,77.6,0,-1.0,0,0,0,640,360
3263,40699,40698450,11114,250,-1,-1,1,525,78.1,0,-1.0,0,0,0,640,360
3264,40710,40709563,11113,250,-1,-1,1,524,78.5,0,-1.0,0,0,0,640,360
3265,40721,40720666,11103,250,-1,-1,1,523,78.9,0,-1.0,0,0,0,640,360
3266,40733,40731771,11105,250,-1,-1,1,526,79.2,0,-1.0,0,0,0,640,360
3267,40744,40742881,11110,250,-1,-1,1,527,79.6,0,-1.0,0,0,0,640,360
3268,40755,40753991,11110,250,-1,-1,1,528,79.9,1,-1.0,0,0,0,640,360
3269,40766,40765103,11112,250,-1,-1,1,539,80.2,0,-1.0,0,0,0,640,360
3270,40777,40776211,11108,250,-1,-1,1,537,80.3,0,-1.0,0,0,0,640,360
3271,40788,40787321,11110,250,-1,-1,1,630,80.6,0,-1.0,0,0,0,640,360
3272,40799,40798426,11105,250,-1,-1,1,527,80.8,0,-1.0,0,0,0,640,360
3273,40810,40809543,11117,250,-1,-1,1,527,81.1,0,-1.0,0,0,0,640,360
3274,40821,40820645,11102,250,-1,-1,1,528,81.3,0,-1.0,0,0,0,640,360
3275,40833,40831756,11111,250,-1,-1,1,526,81.5,0,-1.0,0,0,0,640,360
3276,40844,40842865,11109,250,-1,-1,1,525,81.8,0,-1.0,0,0,0,640,360
3277,40855,40853976,11111,250,-1,-1,1,525,82.0,1,-1.0,0,0,0,640,360
3278,40866,40865086,11110,250,-1,-1,1,546,82.2,0,-1.0,0,0,0,640,360
3279,40877,40876192,11106,250,-1,-1,1,545,82.2,0,-1.0,0,0,0,640,360
3280,40888,40887304,11112,250,-1,-1,1,636,82.4,0,-1.0,0,0,0,640,360
3281,40899,40898414,11110,250,-1,-1,1,536,82.6,0,-1.0,0,0,0,640,360
3282,40910,40909522,11108,250,-1,-1,1,536,82.7,0,-1.0,0,0,0,640,360
3283,40922,40920632,11110,250,-1,-1,1,535,82.9,0,-1.0,0,0,0,640,360
3284,40933,40931738,11106,250,420,358,0,571,81.5,0,4.4,1,0,0,640,360
3285,40944,40942852,11114,250,428,358,2,43,83.2,0,4.2,1,400,304,56,56
3286,40955,40953952,11100,250,437,358,2,59,83.3,1,4.0,1,394,275,85,85
3287,40966,40965070,11118,250,446,358,2,60,83.5,0,3.6,1,405,277,83,83
3288,40977,40976173,11103,250,-1,-1,1,51,83.6,0,-1.0,1,414,280,80,80
3289,40988,40987289,11116,250,-1,-1,1,55,83.7,0,-1.0,1,438,309,51,51
3290,40999,40998390,11101,250,-1,-1,1,58,82.2,0,-1.0,2,445,307,53,53
3291,41012,41009500,11110,250,-1,-1,1,117,83.7,0,-1.0,2,405,208,152,152
3292,41021,41020613,11113,250,-1,-1,1,185,84.0,0,-1.0,2,394,171,189,189
3293,41032,41031717,11104,250,-1,-1,1,527,84.1,0,-1.0,2,0,0,640,360
3294,41044,41042830,11113,250,-1,-1,1,528,84.2,0,-1.0,2,0,0,640,360
3295,41055,41053939,11109,250,-1,-1,1,528,84.3,1,-1.0,2,0,0,640,360
3296,41066,41065052,11113,250,-1,-1,1,537,84.4,0,-1.0,2,0,0,640,360
3297,41077,41076161,11109,250,-1,-1,1,531,84.4,0,-1.0,2,0,0,640,360
3298,41088,41087270,11109,250,-1,-1,1,638,84.5,0,-1.0,2,0,0,640,360
3299,41099,41098380,11110,250,-1,-1,1,536,84.6,0,-1.0,2,0,0,640,360
3300,41110,41109488,11108,250,-1,-1,1,629,84.7,0,-1.0,2,0,0,640,360
3301,41121,41120598,11110,250,-1,-1,1,556,84.8,0,-1.0,2,0,0,640,360
3302,41132,41131703,11105,250,-1,-1,1,560,84.9,0,-1.0,2,0,0,640,360
3303,41144,41142816,11113,250,-1,-1,1,561,84.9,0,-1.0,2,0,0,640,360
3304,41155,41153924,11108,250,-1,-1,1,563,85.0,1,-1.0,2,0,0,640,360
3305,41166,41165036,11112,250,-1,-1,1,581,85.1,0,-1.0,2,0,0,640,360
3306,41177,41176145,11109,250,-1,-1,1,581,85.1,0,-1.0,2,0,0,640,360
3307,41188,41187255,11110,250,-1,-1,1,670,85.2,0,-1.0,2,0,0,640,360
3308,41199,41198358,11103,250,-1,-1,1,524,85.2,0,-1.0,2,0,0,640,360
3309,41210,41209473,11115,250,-1,-1,1,541,85.3,0,-1.0,2,0,0,640,360
3310,41221,41220580,11107,250,-1,-1,1,551,85.4,0,-1.0,2,0,0,640,360
3311,41233,41231690,11110,250,-1,-1,1,537,85.5,0,-1.0,2,0,0,640,360
3312,41244,41242797,11107,250,-1,-1,1,537,85.5,0,-1.0,2,0,0,640,360
3313,41255,41253909,11112,250,636,342,0,541,84.5,1,7.1,1,0,0,640,360
3314,41266,41265015,11106,250,637,341,2,50,85.7,0,5.7,1,575,295,65,65
3315,41277,41276130,11115,250,638,342,2,64,85.7,0,4.2,1,550,270,90,90
3316,41289,41287227,11097,250,-1,-1,1,47,85.7,0,-1.0,1,562,282,78,78
3317,41300,41298341,11114,250,-1,-1,1,29,85.7,0,-1.0,1,594,314,46,46
3318,41310,41309450,11109,250,-1,-1,1,29,85.4,0,-1.0,2,596,316,44,44
3319,41321,41320560,11110,250,-1,-1,1,86,85.9,0,-1.0,2,521,241,119,119
3320,41332,41331663,11103,250,-1,-1,1,167,85.9,0,-1.0,2,486,206,154,154
3321,41344,41342774,11111,250,-1,-1,1,188,86.0,0,-1.0,2,448,168,192,192
3322,41355,41353882,11108,250,-1,-1,1,526,86.0,1,-1.0,2,0,0,640,360
3323,41366,41365005,11123,250,-1,-1,1,546,86.1,0,-1.0,2,0,0,640,360
3324,41414,41409432,44427,250,-1,-1,1,524,20.8,0,-1.0,2,0,0,640,360
3325,41421,41420551,11119,250,-1,-1,1,525,36.4,0,-1.0,2,0,0,640,360
3326,41432,41431654,11103,250,-1,-1,1,525,45.5,0,-1.0,2,0,0,640,360
3327,41444,41442759,11105,250,-1,-1,1,525,51.9,0,-1.0,2,0,0,640,360
3328,41455,41453875,11116,250,-1,-1,1,527,56.8,0,-1.0,2,0,0,640,360
3329,41466,41464981,11106,250,-1,-1,1,524,60.6,0,-1.0,2,0,0,640,360
3330,41544,41476092,11111,250,-1,-1,1,606,39.5,0,-1.0,2,0,0,640,360
3331,41544,41542726,66634,250,-1,-1,1,628,44.9,1,-1.0,2,0,0,640,360
3332,41555,41553859,11133,250,-1,-1,1,524,47.9,0,-1.0,2,0,0,640,360
3333,41566,41564966,11107,250,-1,-1,1,525,50.3,0,-1.0,2,0,0,640,360
3334,41577,41576073,11107,250,-1,-1,1,526,52.4,0,-1.0,2,0,0,640,360
3335,41588,41587187,11114,250,-1,-1,1,630,54.1,0,-1.0,2,0,0,640,360
3336,41599,41598297,11110,250,-1,-1,1,538,55.8,0,-1.0,2,0,0,640,360
3337,41610,41609404,11107,250,-1,-1,1,533,57.4,0,-1.0,2,0,0,640,360
3338,41621,41620512,11108,250,-1,-1,1,631,58.8,0,-1.0,2,0,0,640,360
3339,41633,41631621,11109,250,-1,-1,1,525,60.2,0,-1.0,2,0,0,640,360
3340,41644,41642732,11111,250,-1,-1,1,525,61.4,1,-1.0,2,0,0,640,360
3341,41655,41653846,11114,250,-1,-1,1,546,62.5,0,-1.0,2,0,0,640,360
3342,41666,41664951,11105,250,-1,-1,1,528,63.5,0,-1.0,2,0,0,640,360
3343,41677,41676063,11112,250,-1,-1,1,607,64.3,0,-1.0,2,0,0,640,360
3344,41688,41687167,11104,250,-1,-1,1,650,65.2,0,-1.0,2,0,0,640,360
3345,41699,41698278,11111,250,-1,-1,1,525,66.1,0,-1.0,2,0,0,640,360
3346,41710,41709383,11105,250,-1,-1,1,537,66.9,0,-1.0,2,0,0,640,360
3347,41721,41720495,11112,250,-1,-1,1,547,67.6,0,-1.0,2,0,0,640,360
3348,41732,41731601,11106,250,-1,-1,1,550,68.3,0,-1.0,2,0,0,640,360
3349,41744,41742712,11111,250,-1,-1,1,557,69.0,1,-1.0,2,0,0,640,360
3350,41755,41753826,11114,250,620,329,0,559,64.0,0,19.7,1,0,0,640,360
3351,41789,41787143,33317,250,612,326,2,224,66.2,0,23.7,1,484,204,156,156
3352,41799,41798260,11117,250,-1,-1,1,653,67.0,0,-1.0,1,0,0,640,360
3353,41810,41809373,11113,250,607,328,2,167,67.7,0,25.7,1,473,193,167,167
3354,41821,41820469,11096,250,-1,-1,1,574,68.1,0,-1.0,1,0,0,640,360
3355,41832,41831590,11121,250,600,333,2,161,68.7,0,26.7,1,464,184,176,176
3356,41843,41842686,11096,250,-1,-1,1,567,69.2,0,-1.0,1,0,0,640,360
3357,41855,41853808,11122,250,592,341,2,172,69.7,0,24.9,1,460,180,180,180
3358,41866,41864908,11100,250,-1,-1,1,544,70.1,1,-1.0,1,0,0,640,360
3359,41877,41876030,11122,250,586,349,2,161,70.6,0,21.1,1,474,194,166,166
3360,41888,41887128,11098,250,-1,-1,1,557,70.9,0,-1.0,1,0,0,640,360
3361,41899,41898272,11144,250,585,355,2,137,71.4,0,17.6,1,498,218,142,142
3362,41910,41909354,11082,250,587,358,2,179,71.8,0,15.1,1,449,169,191,191
3363,41921,41920460,11106,250,590,359,2,155,72.2,0,13.1,1,472,192,168,168
3364,41932,41931563,11103,250,-1,-1,1,122,72.6,0,-1.0,1,489,209,151,151
3365,41944,41942670,11107,250,-1,-1,1,132,72.8,0,-1.0,1,482,202,158,158
3366,41955,41953785,11115,250,622,354,2,161,73.1,0,10.9,1,462,182,178,178
3367,41966,41964890,11105,250,626,353,2,183,73.5,1,10.4,1,500,220,140,140
3368,41977,41976009,11119,250,630,352,2,106,73.8,0,8.8,1,508,228,132,132
3369,41988,41987110,11101,250,633,353,2,95,74.1,0,7.0,1,522,242,118,118
3370,41999,41998226,11116,250,-1,-1,1,95,74.4,0,-1.0,1,538,258,102,102
3371,42010,42009349,11123,250,-1,-1,1,64,74.7,0,-1.0,1,578,298,62,62
3372,42021,42020441,11092,250,-1,-1,1,38,74.4,0,-1.0,2,579,299,61,61
3373,42032,42031552,11111,250,-1,-1,1,165,75.1,0,-1.0,2,472,192,168,168
3374,42043,42042652,11100,250,-1,-1,1,205,75.3,0,-1.0,2,440,160,200,200
3375,42055,42053765,11113,250,-1,-1,1,529,75.6,0,-1.0,2,0,0,640,360
3376,42066,42064880,11115,250,-1,-1,1,526,75.8,1,-1.0,2,0,0,640,360
3377,42077,42075996,11116,250,-1,-1,1,545,76.1,0,-1.0,2,0,0,640,360
3378,42088,42087098,11102,250,-1,-1,1,545,76.3,0,-1.0,2,0,0,640,360
3379,42099,42098212,11114,250,-1,-1,1,629,76.4,0,-1.0,2,0,0,640,360
3380,42110,42109315,11103,250,-1,-1,1,528,76.6,0,-1.0,2,0,0,640,360
3381,42122,42120429,11114,250,-1,-1,1,531,76.8,0,-1.0,2,0,0,640,360
3382,42132,42131533,11104,250,-1,-1,1,537,77.0,0,-1.0,2,0,0,640,360
3383,42143,42142644,11111,250,-1,-1,1,536,77.2,0,-1.0,2,0,0,640,360
3384,42155,42153749,11105,250,-1,-1,1,537,77.4,0,-1.0,2,0,0,640,360
3385,42166,42164863,11114,250,516,356,0,543,76.7,1,7.0,1,0,0,640,360
3386,42177,42175972,11109,250,510,356,2,54,77.8,0,7.4,1,473,288,72,72
3387,42188,42187083,11111,250,505,355,2,94,78.0,0,8.2,1,446,245,115,115
3388,42200,42198182,11099,250,500,353,2,91,78.0,0,9.7,1,436,238,122,122
3389,42211,42209300,11118,250,497,350,2,107,78.2,0,11.7,1,426,225,135,135
3390,42221,42220411,11111,250,498,347,2,135,78.5,0,14.0,1,417,210,150,150
3391,42232,42231524,11113,250,499,342,2,254,78.5,0,16.6,1,408,190,170,170
3392,42243,42242622,11098,250,501,339,2,196,78.7,0,19.1,1,401,169,191,191
3393,42255,42253740,11118,250,502,337,2,220,78.8,0,21.3,1,393,148,212,212
3394,42266,42264840,11100,250,-1,-1,1,574,79.0,1,-1.0,1,0,0,640,360
3395,42277,42275957,11117,250,499,335,2,129,79.1,0,23.8,1,424,210,150,150
3396,42288,42287058,11101,250,-1,-1,1,583,79.3,0,-1.0,1,0,0,640,360
3397,42299,42298271,11213,250,493,334,2,167,79.4,0,25.4,1,415,197,163,163
3398,42310,42309279,11008,250,-1,-1,1,571,79.4,0,-1.0,1,0,0,640,360
3399,42321,42320393,11114,250,483,333,2,162,79.7,0,26.7,1,404,190,170,170
3400,42332,42331494,11101,250,-1,-1,1,544,79.7,0,-1.0,1,0,0,640,360
3401,42344,42342612,11118,250,470,328,2,170,79.8,0,29.5,1,390,184,176,176
3402,42355,42353712,11100,250,-1,-1,1,548,80.0,0,-1.0,1,0,0,640,360
3403,42366,42364827,11115,250,-1,-1,1,191,80.1,1,-1.0,1,369,170,190,190
3404,42377,42375940,11113,250,-1,-1,1,563,77.4,0,-1.0,2,0,0,640,360
3405,42434,42431480,55540,250,-1,-1,1,543,50.0,0,-1.0,2,0,0,640,360
3406,42443,42442593,11113,250,-1,-1,1,546,66.7,0,-1.0,2,0,0,640,360
3407,42454,42453704,11111,250,-1,-1,1,551,73.2,0,-1.0,2,0,0,640,360
3408,42466,42464807,11103,250,-1,-1,1,550,76.9,0,-1.0,2,0,0,640,360
3409,42477,42475921,11114,250,-1,-1,1,548,79.4,0,-1.0,2,0,0,640,360
3410,42488,42487034,11113,250,-1,-1,1,549,81.1,0,-1.0,2,0,0,640,360
3411,42499,42498135,11101,250,189,282,0,552,72.9,0,39.1,1,0,0,640,360
3412,42510,42509249,11114,250,-1,-1,1,552,82.5,1,-1.0,1,0,0,640,360
3413,42521,42520363,11114,250,190,274,0,560,83.3,0,41.2,1,0,0,640,360
3414,42532,42531471,11108,250,190,273,0,579,84.0,0,41.7,1,0,0,640,360
3415,42543,42542580,11109,250,189,273,0,560,84.6,0,42.0,1,0,0,640,360
3416,42555,42553685,11105,250,189,274,0,639,85.1,0,42.2,1,0,0,640,360
3417,42566,42564797,11112,250,188,276,0,558,85.5,0,42.1,1,0,0,640,360
3418,42577,42575903,11106,250,187,279,0,554,85.9,0,41.7,1,0,0,640,360
3419,42588,42587012,11109,250,187,283,0,557,86.2,0,41.0,1,0,0,640,360
3420,42673,42598121,11109,250,-1,-1,1,662,61.5,0,-1.0,1,0,0,640,360
3421,42674,42664762,66641,250,-1,-1,1,629,65.1,1,-1.0,1,0,0,640,360
3422,42677,42675882,11120,250,-1,-1,1,631,60.2,0,-1.0,2,0,0,640,360
3423,42714,42709273,33391,250,-1,-1,1,639,63.3,0,-1.0,2,0,0,640,360
3424,42721,42720324,11051,250,-1,-1,1,563,64.9,0,-1.0,2,0,0,640,360
3425,42732,42731436,11112,250,-1,-1,1,581,65.8,0,-1.0,2,0,0,640,360
3426,42744,42742545,11109,250,-1,-1,1,568,66.7,0,-1.0,2,0,0,640,360
3427,42755,42753653,11108,250,369,237,0,645,65.2,0,49.2,1,0,0,640,360
3428,42768,42764775,11122,250,371,236,0,646,67.8,0,49.4,1,0,0,640,360
3429,42777,42775872,11097,250,371,233,0,647,68.9,0,49.4,1,0,0,640,360
3430,42788,42786983,11111,250,370,229,0,566,69.3,1,49.2,1,0,0,640,360
3431,42799,42798089,11106,250,-1,-1,1,565,70.1,0,-1.0,1,0,0,640,360
3432,42810,42809202,11113,250,-1,-1,1,563,70.5,0,-1.0,1,0,0,640,360
3433,42821,42820309,11107,250,-1,-1,1,667,68.7,0,-1.0,2,0,0,640,360
3434,42836,42831420,11111,250,-1,-1,1,643,70.9,0,-1.0,2,0,0,640,360
3435,42843,42842530,11110,250,-1,-1,1,591,72.1,0,-1.0,2,0,0,640,360
3436,42854,42853634,11104,250,-1,-1,1,562,72.6,0,-1.0,2,0,0,640,360
3437,42866,42864740,11106,250,-1,-1,1,562,73.0,0,-1.0,2,0,0,640,360
3438,42877,42875855,11115,250,-1,-1,1,562,73.4,0,-1.0,2,0,0,640,360
3439,42888,42886963,11108,250,-1,-1,1,564,73.8,1,-1.0,2,0,0,640,360
3440,42899,42898073,11110,250,-1,-1,1,579,74.2,0,-1.0,2,0,0,640,360
3441,42910,42909183,11110,250,-1,-1,1,580,74.4,0,-1.0,2,0,0,640,360
3442,42921,42920296,11113,250,-1,-1,1,663,74.8,0,-1.0,2,0,0,640,360
3443,42932,42931401,11105,250,-1,-1,1,558,75.1,0,-1.0,2,0,0,640,360
3444,42943,42942514,11113,250,261,100,0,589,74.8,0,44.2,1,0,0,640,360
3445,42954,42953617,11103,250,253,99,0,563,75.8,0,43.9,1,0,0,640,360
3446,42966,42964726,11109,250,-1,-1,1,559,76.1,0,-1.0,1,0,0,640,360
3447,42977,42975833,11107,250,-1,-1,1,559,76.4,0,-1.0,1,0,0,640,360
3448,42988,42986943,11110,250,-1,-1,1,559,75.5,1,-1.0,2,0,0,640,360
3449,42999,42998201,11258,250,-1,-1,1,559,76.8,0,-1.0,2,0,0,640,360
3450,43010,43009167,10966,250,-1,-1,1,583,77.1,0,-1.0,2,0,0,640,360
3451,43021,43020273,11106,250,-1,-1,1,578,77.3,0,-1.0,2,0,0,640,360
3452,43032,43031384,11111,250,-1,-1,1,564,77.5,0,-1.0,2,0,0,640,360
3453,43043,43042493,11109,250,-1,-1,1,657,77.8,0,-1.0,2,0,0,640,360
3454,43055,43053605,11112,250,308,74,0,554,77.5,0,36.8,1,0,0,640,360
3455,43066,43064708,11103,250,319,72,2,257,78.2,0,36.6,1,208,0,215,215
3456,43077,43075814,11106,250,-1,-1,1,553,78.4,0,-1.0,1,0,0,640,360
3457,43088,43086926,11112,250,334,70,2,227,78.6,1,35.9,1,229,0,211,211
3458,43099,43098042,11116,250,-1,-1,1,575,78.7,0,-1.0,1,0,0,640,360
3459,43110,43109150,11108,250,345,69,2,241,79.0,0,35.6,1,245,0,210,210
3460,43121,43120364,11214,250,-1,-1,1,656,79.1,0,-1.0,1,0,0,640,360
3461,43132,43131363,10999,250,351,69,2,272,79.4,0,35.7,1,253,0,210,210
3462,43144,43142474,11111,250,-1,-1,1,639,79.5,0,-1.0,1,0,0,640,360
3463,43154,43153582,11108,250,356,69,2,226,79.6,0,35.7,1,257,0,211,211
3464,43165,43164688,11106,250,-1,-1,1,551,79.8,0,-1.0,1,0,0,640,360
3465,43177,43175800,11112,250,365,66,2,226,79.9,0,34.8,1,261,0,211,211
3466,43188,43186907,11107,250,-1,-1,1,549,80.1,1,-1.0,1,0,0,640,360
3467,43199,43198022,11115,250,379,60,2,214,80.3,0,33.5,1,272,0,205,205
3468,43210,43209129,11107,250,-1,-1,1,570,80.3,0,-1.0,1,0,0,640,360
3469,43221,43220237,11108,250,390,54,2,284,80.5,0,32.3,1,291,0,197,197
3470,43232,43231346,11109,250,-1,-1,1,546,80.6,0,-1.0,1,0,0,640,360
3471,43244,43242457,11111,250,401,46,2,185,80.7,0,30.6,1,305,0,190,190
3472,43254,43253566,11109,250,-1,-1,1,571,80.9,0,-1.0,1,0,0,640,360
3473,43265,43264672,11106,250,412,36,2,169,81.0,0,28.6,1,321,0,181,181
3474,43277,43275777,11105,250,-1,-1,1,560,81.1,0,-1.0,1,0,0,640,360
3475,43288,43286890,11113,250,417,30,2,179,81.2,1,27.0,1,339,0,169,169
3476,43299,43298007,11117,250,-1,-1,1,579,81.4,0,-1.0,1,0,0,640,360
3477,43310,43309114,11107,250,-1,-1,1,142,81.5,0,-1.0,1,347,0,161,161
3478,43321,43320228,11114,250,-1,-1,1,672,80.2,0,-1.0,2,0,0,640,360
3479,43337,43331334,11106,250,-1,-1,1,680,81.3,0,-1.0,2,0,0,640,360
3480,43343,43342453,11119,250,-1,-1,1,629,81.7,0,-1.0,2,0,0,640,360
3481,43354,43353549,11096,250,-1,-1,1,575,81.8,0,-1.0,2,0,0,640,360
3482,43366,43364657,11108,250,-1,-1,1,525,81.9,0,-1.0,2,0,0,640,360
3483,43377,43375762,11105,250,-1,-1,1,524,82.0,0,-1.0,2,0,0,640,360
3484,43388,43386874,11112,250,-1,-1,1,524,82.1,1,-1.0,2,0,0,640,360
3485,43399,43397987,11113,250,-1,-1,1,546,82.2,0,-1.0,2,0,0,640,360
3486,43410,43409098,11111,250,-1,-1,1,541,82.3,0,-1.0,2,0,0,640,360
3487,43421,43420203,11105,250,-1,-1,1,632,82.3,0,-1.0,2,0,0,640,360
3488,43451,43442413,22210,250,-1,-1,1,587,33.3,0,-1.0,2,0,0,640,360
3489,43454,43453522,11109,250,-1,-1,1,525,60.6,0,-1.0,2,0,0,640,360
3490,43465,43464635,11113,250,-1,-1,1,526,68.2,0,-1.0,2,0,0,640,360
3491,43477,43475750,11115,250,-1,-1,1,525,72.7,0,-1.0,2,0,0,640,360
3492,43488,43486858,11108,250,-1,-1,1,523,75.8,0,-1.0,2,0,0,640,360
3493,43499,43497966,11108,250,-1,-1,1,524,77.9,1,-1.0,2,0,0,640,360
3494,43510,43509079,11113,250,-1,-1,1,546,79.5,0,-1.0,2,0,0,640,360
3495,43521,43520187,11108,250,-1,-1,1,541,80.0,0,-1.0,2,0,0,640,360
3496,43532,43531299,11112,250,-1,-1,1,640,81.1,0,-1.0,2,0,0,640,360
3497,43543,43542406,11107,250,-1,-1,1,528,82.0,0,-1.0,2,0,0,640,360
3498,43554,43553517,11111,250,-1,-1,1,550,82.7,0,-1.0,2,0,0,640,360
3499,43566,43564624,11107,250,-1,-1,1,572,83.3,0,-1.0,2,0,0,640,360
3500,43577,43575729,11105,250,-1,-1,1,547,83.9,0,-1.0,2,0,0,640,360
3501,43588,43586843,11114,250,-1,-1,1,554,84.3,0,-1.0,2,0,0,640,360
3502,43599,43597949,11106,250,-1,-1,1,548,84.7,1,-1.0,2,0,0,640,360
3503,43610,43609063,11114,250,-1,-1,1,574,84.7,0,-1.0,2,0,0,640,360
3504,43621,43620178,11115,250,-1,-1,1,574,85.0,0,-1.0,2,0,0,640,360
3505,43632,43631279,11101,250,-1,-1,1,664,85.3,0,-1.0,2,0,0,640,360
3506,43643,43642388,11109,250,-1,-1,1,572,85.6,0,-1.0,2,0,0,640,360
3507,43655,43653500,11112,250,-1,-1,1,541,85.5,0,-1.0,2,0,0,640,360
3508,43665,43664606,11106,250,-1,-1,1,549,86.1,0,-1.0,2,0,0,640,360
3509,43677,43675719,11113,250,-1,-1,1,549,86.3,0,-1.0,2,0,0,640,360
3510,43768,43686823,11104,250,-1,-1,1,656,66.5,0,-1.0,2,0,0,640,360
3511,43769,43764572,77749,250,-1,-1,1,635,62.2,1,-1.0,0,0,0,640,360
3512,43810,43809014,44442,250,-1,-1,1,626,64.3,0,-1.0,0,0,0,640,360
3513,43821,43820139,11125,250,-1,-1,1,543,65.0,0,-1.0,0,0,0,640,360
3514,43832,43831247,11108,250,-1,-1,1,547,65.7,0,-1.0,0,0,0,640,360
3515,43844,43842354,11107,250,-1,-1,1,525,66.4,0,-1.0,0,0,0,640,360
3516,43854,43853468,11114,250,-1,-1,1,526,67.0,0,-1.0,0,0,0,640,360
3517,43865,43864574,11106,250,-1,-1,1,605,67.6,0,-1.0,0,0,0,640,360
3518,43877,43875682,11108,250,-1,-1,1,525,68.1,0,-1.0,0,0,0,640,360
3519,43888,43886788,11106,250,-1,-1,1,525,68.7,0,-1.0,0,0,0,640,360
3520,43899,43897903,11115,250,-1,-1,1,523,69.2,1,-1.0,0,0,0,640,360
3521,43910,43909011,11108,250,-1,-1,1,544,69.7,0,-1.0,0,0,0,640,360
3522,43921,43920123,11112,250,-1,-1,1,545,70.0,0,-1.0,0,0,0,640,360
3523,43932,43931228,11105,250,-1,-1,1,631,70.5,0,-1.0,0,0,0,640,360
3524,43943,43942337,11109,250,-1,-1,1,526,70.9,0,-1.0,0,0,0,640,360
3525,43954,43953444,11107,250,-1,-1,1,526,71.3,0,-1.0,0,0,0,640,360
3526,43965,43964557,11113,250,-1,-1,1,525,71.7,0,-1.0,0,0,0,640,360
3527,43976,43975659,11102,250,-1,-1,1,525,72.1,0,-1.0,0,0,0,640,360
3528,43988,43986771,11112,250,-1,-1,1,526,72.4,0,-1.0,0,0,0,640,360
3529,43999,43997881,11110,250,-1,-1,1,526,72.8,1,-1.0,0,0,0,640,360
3530,44010,44008995,11114,250,-1,-1,1,547,73.1,0,-1.0,0,0,0,640,360
3531,44021,44020102,11107,250,-1,-1,1,546,73.5,0,-1.0,0,0,0,640,360
3532,44032,44031211,11109,250,-1,-1,1,630,73.6,0,-1.0,0,0,0,640,360
3533,44043,44042324,11113,250,-1,-1,1,526,74.0,0,-1.0,0,0,0,640,360
3534,44054,44053436,11112,250,-1,-1,1,526,74.2,0,-1.0,0,0,0,640,360
3535,44065,44064535,11099,250,-1,-1,1,524,74.5,0,-1.0,0,0,0,640,360
3536,44076,44075651,11116,250,-1,-1,1,525,74.8,0,-1.0,0,0,0,640,360
3537,44088,44086755,11104,250,-1,-1,1,523,75.1,0,-1.0,0,0,0,640,360
3538,44099,44097863,11108,250,-1,-1,1,526,75.3,1,-1.0,0,0,0,640,360
3539,44110,44108978,11115,250,-1,-1,1,540,75.6,0,-1.0,0,0,0,640,360
3540,44121,44120085,11107,250,-1,-1,1,534,75.8,0,-1.0,0,0,0,640,360
3541,44132,44131193,11108,250,-1,-1,1,631,75.9,0,-1.0,0,0,0,640,360
3542,44143,44142303,11110,250,-1,-1,1,526,76.2,0,-1.0,0,0,0,640,360
3543,44155,44153414,11111,250,-1,-1,1,527,76.4,0,-1.0,0,0,0,640,360
3544,44165,44164522,11108,250,-1,-1,1,524,76.6,0,-1.0,0,0,0,640,360
3545,44176,44175629,11107,250,-1,-1,1,523,76.8,0,-1.0,0,0,0,640,360
3546,44188,44186742,11113,250,-1,-1,1,525,77.0,0,-1.0,0,0,0,640,360
3547,44199,44197845,11103,250,-1,-1,1,524,77.2,1,-1.0,0,0,0,640,360
3548,44210,44208961,11116,250,-1,-1,1,547,77.4,0,-1.0,0,0,0,640,360
3549,44221,44220068,11107,250,-1,-1,1,546,77.6,0,-1.0,0,0,0,640,360
3550,44234,44231178,11110,250,-1,-1,1,608,77.6,0,-1.0,0,0,0,640,360
3551,44243,44242285,11107,250,-1,-1,1,525,77.9,0,-1.0,0,0,0,640,360
3552,44254,44253396,11111,250,-1,-1,1,528,78.0,0,-1.0,0,0,0,640,360
3553,44265,44264505,11109,250,-1,-1,1,525,78.2,0,-1.0,0,0,0,640,360
3554,44277,44275611,11106,250,-1,-1,1,525,78.4,0,-1.0,0,0,0,640,360
3555,44288,44286716,11105,250,-1,-1,1,524,78.5,0,-1.0,0,0,0,640,360
3556,44299,44297829,11113,250,-1,-1,1,526,78.7,1,-1.0,0,0,0,640,360
3557,44310,44308943,11114,250,-1,-1,1,546,78.8,0,-1.0,0,0,0,640,360
3558,44321,44320053,11110,250,-1,-1,1,545,78.9,0,-1.0,0,0,0,640,360
3559,44332,44331162,11109,250,-1,-1,1,626,79.0,0,-1.0,0,0,0,640,360
3560,44343,44342269,11107,250,-1,-1,1,524,79.2,0,-1.0,0,0,0,640,360
3561,44354,44353379,11110,250,-1,-1,1,527,79.3,0,-1.0,0,0,0,640,360
3562,44365,44364491,11112,250,-1,-1,1,528,79.4,0,-1.0,0,0,0,640,360
3563,44376,44375594,11103,250,-1,-1,1,528,79.6,0,-1.0,0,0,0,640,360
3564,44387,44386704,11110,250,-1,-1,1,526,79.7,0,-1.0,0,0,0,640,360
3565,44399,44397812,11108,250,-1,-1,1,525,79.8,1,-1.0,0,0,0,640,360
3566,44410,44408926,11114,250,-1,-1,1,546,80.0,0,-1.0,0,0,0,640,360
3567,44421,44420034,11108,250,-1,-1,1,528,80.1,0,-1.0,0,0,0,640,360
3568,44432,44431144,11110,250,-1,-1,1,629,80.1,0,-1.0,0,0,0,640,360
3569,44463,44453356,22212,250,-1,-1,1,585,33.3,0,-1.0,0,0,0,640,360
3570,44465,44464458,11102,250,-1,-1,1,525,60.6,0,-1.0,0,0,0,640,360
3571,44476,44475577,11119,250,-1,-1,1,524,68.2,0,-1.0,0,0,0,640,360
3572,44487,44486687,11110,250,-1,-1,1,525,72.7,0,-1.0,0,0,0,640,360
3573,44499,44497795,11108,250,-1,-1,1,528,75.8,0,-1.0,0,0,0,640,360
3574,44510,44508903,11108,250,-1,-1,1,527,77.9,1,-1.0,0,0,0,640,360
3575,44521,44520019,11116,250,-1,-1,1,543,79.5,0,-1.0,0,0,0,640,360
3576,44532,44531128,11109,250,-1,-1,1,540,80.8,0,-1.0,0,0,0,640,360
3577,44543,44542236,11108,250,-1,-1,1,631,81.1,0,-1.0,0,0,0,640,360
3578,44554,44553342,11106,250,-1,-1,1,527,82.0,0,-1.0,0,0,0,640,360
3579,44565,44564457,11115,250,-1,-1,1,526,82.7,0,-1.0,0,0,0,640,360
3580,44576,44575564,11107,250,-1,-1,1,525,83.3,0,-1.0,0,0,0,640,360
3581,44588,44586673,11109,250,-1,-1,1,525,83.9,0,-1.0,0,0,0,640,360
3582,44599,44597781,11108,250,-1,-1,1,525,84.3,0,-1.0,0,0,0,640,360
3583,44610,44608890,11109,250,-1,-1,1,525,84.7,1,-1.0,0,0,0,640,360
3584,44621,44620002,11112,250,-1,-1,1,547,85.1,0,-1.0,0,0,0,640,360
3585,44632,44631110,11108,250,-1,-1,1,535,85.0,0,-1.0,0,0,0,640,360
3586,44643,44642216,11106,250,-1,-1,1,627,85.3,0,-1.0,0,0,0,640,360
3587,44654,44653328,11112,250,-1,-1,1,524,85.6,0,-1.0,0,0,0,640,360
3588,44666,44664435,11107,250,-1,-1,1,526,85.8,0,-1.0,0,0,0,640,360
3589,44677,44675545,11110,250,-1,-1,1,524,86.1,0,-1.0,0,0,0,640,360
3590,44687,44686652,11107,250,-1,-1,1,525,86.3,0,-1.0,0,0,0,640,360
3591,44699,44697764,11112,250,-1,-1,1,524,86.5,0,-1.0,0,0,0,640,360
3592,44710,44708869,11105,250,-1,-1,1,525,86.6,1,-1.0,0,0,0,640,360
3593,44721,44719987,11118,250,-1,-1,1,544,86.5,0,-1.0,0,0,0,640,360
3594,44732,44731095,11108,250,-1,-1,1,548,87.0,0,-1.0,0,0,0,640,360
3595,44743,44742202,11107,250,-1,-1,1,631,86.8,0,-1.0,0,0,0,640,360
3596,44754,44753313,11111,250,-1,-1,1,526,87.0,0,-1.0,0,0,0,640,360
3597,44765,44764422,11109,250,-1,-1,1,527,87.1,0,-1.0,0,0,0,640,360
3598,44776,44775528,11106,250,-1,-1,1,527,87.2,0,-1.0,0,0,0,640,360
3599,44787,44786633,11105,250,-1,-1,1,528,87.3,0,-1.0,0,0,0,640,360
3600,44879,44797745,11112,250,-1,-1,1,605,71.7,0,-1.0,0,0,0,640,360
3601,44879,44875496,77751,250,-1,-1,1,598,73.8,1,-1.0,0,0,0,640,360
3602,44887,44886624,11128,250,-1,-1,1,540,74.7,0,-1.0,0,0,0,640,360
3603,44899,44897730,11106,250,-1,-1,1,526,75.1,0,-1.0,0,0,0,640,360
3604,44910,44908836,11106,250,-1,-1,1,525,75.5,0,-1.0,0,0,0,640,360
3605,44921,44919952,11116,250,-1,-1,1,603,75.8,0,-1.0,0,0,0,640,360
3606,44932,44931059,11107,250,-1,-1,1,527,76.2,0,-1.0,0,0,0,640,360
3607,44943,44942167,11108,250,-1,-1,1,546,76.3,0,-1.0,0,0,0,640,360
3608,44954,44953276,11109,250,-1,-1,1,629,76.6,0,-1.0,0,0,0,640,360
3609,44965,44964393,11117,250,-1,-1,1,525,76.9,0,-1.0,0,0,0,640,360
3610,44976,44975493,11100,250,-1,-1,1,528,77.2,1,-1.0,0,0,0,640,360
3611,44988,44986609,11116,250,-1,-1,1,538,77.5,0,-1.0,0,0,0,640,360
3612,44999,44997714,11105,250,-1,-1,1,542,77.7,0,-1.0,0,0,0,640,360
3613,45010,45008824,11110,250,-1,-1,1,633,78.0,0,-1.0,0,0,0,640,360
3614,45021,45019930,11106,250,-1,-1,1,627,78.2,0,-1.0,0,0,0,640,360
3615,45032,45031044,11114,250,-1,-1,1,524,78.3,0,-1.0,0,0,0,640,360
3616,45043,45042143,11099,250,-1,-1,1,565,78.6,0,-1.0,0,0,0,640,360
3617,45054,45053258,11115,250,-1,-1,1,524,78.8,0,-1.0,0,0,0,640,360
3618,45065,45064365,11107,250,-1,-1,1,524,79.0,0,-1.0,0,0,0,640,360
3619,45076,45075476,11111,250,-1,-1,1,524,79.2,1,-1.0,0,0,0,640,360
3620,45087,45086586,11110,250,-1,-1,1,545,79.4,0,-1.0,0,0,0,640,360
3621,45098,45097696,11110,250,-1,-1,1,549,79.6,0,-1.0,0,0,0,640,360
3622,45110,45108800,11104,250,-1,-1,1,631,79.8,0,-1.0,0,0,0,640,360
3623,45121,45119916,11116,250,-1,-1,1,528,79.9,0,-1.0,0,0,0,640,360
3624,45132,45131022,11106,250,-1,-1,1,626,80.1,0,-1.0,0,0,0,640,360
3625,45143,45142133,11111,250,-1,-1,1,556,80.2,0,-1.0,0,0,0,640,360
3626,45154,45153240,11107,250,-1,-1,1,526,80.3,0,-1.0,0,0,0,640,360
3627,45165,45164348,11108,250,-1,-1,1,524,80.5,0,-1.0,0,0,0,640,360
3628,45176,45175459,11111,250,-1,-1,1,524,80.6,1,-1.0,0,0,0,640,360
3629,45187,45186571,11112,250,-1,-1,1,546,80.8,0,-1.0,0,0,0,640,360
3630,45198,45197679,11108,250,-1,-1,1,546,80.9,0,-1.0,0,0,0,640,360
3631,45210,45208790,11111,250,-1,-1,1,629,81.1,0,-1.0,0,0,0,640,360
3632,45221,45219896,11106,250,-1,-1,1,524,81.2,0,-1.0,0,0,0,640,360
3633,45232,45231008,11112,250,-1,-1,1,525,81.2,0,-1.0,0,0,0,640,360
3634,45243,45242115,11107,250,-1,-1,1,552,81.5,0,-1.0,0,0,0,640,360
3635,45254,45253226,11111,250,-1,-1,1,526,81.5,0,-1.0,0,0,0,640,360
3636,45265,45264330,11104,250,-1,-1,1,525,81.6,0,-1.0,0,0,0,640,360
3637,45276,45275441,11111,250,-1,-1,1,526,81.8,1,-1.0,0,0,0,640,360
3638,45287,45286553,11112,250,-1,-1,1,530,81.9,0,-1.0,0,0,0,640,360
3639,45299,45297665,11112,250,-1,-1,1,547,82.0,0,-1.0,0,0,0,640,360
3640,45310,45308773,11108,250,-1,-1,1,628,82.1,0,-1.0,0,0,0,640,360
3641,45321,45319884,11111,250,-1,-1,1,525,82.2,0,-1.0,0,0,0,640,360
3642,45332,45330990,11106,250,-1,-1,1,524,82.3,0,-1.0,0,0,0,640,360
3643,45343,45342098,11108,250,-1,-1,1,526,82.3,0,-1.0,0,0,0,640,360
3644,45354,45353203,11105,250,-1,-1,1,524,82.4,0,-1.0,0,0,0,640,360
3645,45365,45364316,11113,250,-1,-1,1,524,82.5,0,-1.0,0,0,0,640,360
3646,45376,45375424,11108,250,-1,-1,1,527,82.6,1,-1.0,0,0,0,640,360
3647,45388,45386537,11113,250,-1,-1,1,535,82.7,0,-1.0,0,0,0,640,360
3648,45398,45397647,11110,250,-1,-1,1,536,82.8,0,-1.0,0,0,0,640,360
3649,45410,45408755,11108,250,-1,-1,1,623,82.9,0,-1.0,0,0,0,640,360
3650,45421,45419864,11109,250,-1,-1,1,524,83.0,0,-1.0,0,0,0,640,360
3651,45432,45430973,11109,250,-1,-1,1,528,83.0,0,-1.0,0,0,0,640,360
3652,45443,45442083,11110,250,-1,-1,1,527,100.0,0,-1.0,0,0,0,640,360
3653,45454,45453188,11105,250,-1,-1,1,526,90.9,0,-1.0,0,0,0,640,360
3654,45465,45464297,11109,250,-1,-1,1,526,90.9,0,-1.0,0,0,0,640,360
3655,45476,45475410,11113,250,-1,-1,1,525,90.9,1,-1.0,0,0,0,640,360
3656,45487,45486521,11111,250,-1,-1,1,544,90.9,0,-1.0,0,0,0,640,360
3657,45498,45497631,11110,250,-1,-1,1,545,90.9,0,-1.0,0,0,0,640,360
3658,45510,45508736,11105,250,-1,-1,1,628,90.9,0,-1.0,0,0,0,640,360
3659,45521,45519846,11110,250,-1,-1,1,525,90.9,0,-1.0,0,0,0,640,360
3660,45532,45530954,11108,250,-1,-1,1,524,90.9,0,-1.0,0,0,0,640,360
3661,45543,45542067,11113,250,-1,-1,1,525,90.9,0,-1.0,0,0,0,640,360
3662,45554,45553171,11104,250,-1,-1,1,525,90.9,0,-1.0,0,0,0,640,360
3663,45565,45564277,11106,250,-1,-1,1,527,90.2,0,-1.0,0,0,0,640,360
3664,45576,45575388,11111,250,-1,-1,1,527,90.3,1,-1.0,0,0,0,640,360
3665,45587,45586506,11118,250,-1,-1,1,533,90.3,0,-1.0,0,0,0,640,360
3666,45598,45597612,11106,250,-1,-1,1,531,90.4,0,-1.0,0,0,0,640,360
3667,45610,45608719,11107,250,-1,-1,1,629,90.4,0,-1.0,0,0,0,640,360
3668,45621,45619832,11113,250,-1,-1,1,525,90.4,0,-1.0,0,0,0,640,360
3669,45632,45630939,11107,250,-1,-1,1,527,90.5,0,-1.0,0,0,0,640,360
3670,45643,45642047,11108,250,-1,-1,1,526,90.5,0,-1.0,0,0,0,640,360
3671,45654,45653156,11109,250,-1,-1,1,524,90.1,0,-1.0,0,0,0,640,360
3672,45665,45664263,11107,250,-1,-1,1,525,90.1,0,-1.0,0,0,0,640,360
3673,45676,45675374,11111,250,-1,-1,1,525,90.2,1,-1.0,0,0,0,640,360
3674,45687,45686484,11110,250,-1,-1,1,546,90.2,0,-1.0,0,0,0,640,360
3675,45699,45697594,11110,250,-1,-1,1,536,90.2,0,-1.0,0,0,0,640,360
3676,45710,45708699,11105,250,-1,-1,1,627,90.3,0,-1.0,0,0,0,640,360
3677,45721,45719813,11114,250,-1,-1,1,526,90.3,0,-1.0,0,0,0,640,360
3678,45732,45730921,11108,250,-1,-1,1,526,90.3,0,-1.0,0,0,0,640,360
3679,45743,45742031,11110,250,-1,-1,1,525,90.0,0,-1.0,0,0,0,640,360
3680,45754,45753134,11103,250,-1,-1,1,524,90.3,0,-1.0,0,0,0,640,360
3681,45765,45764245,11111,250,-1,-1,1,523,90.1,0,-1.0,0,0,0,640,360
3682,45776,45775354,11109,250,-1,-1,1,526,90.1,1,-1.0,0,0,0,640,360
3683,45787,45786469,11115,250,-1,-1,1,546,90.1,0,-1.0,0,0,0,640,360
3684,45798,45797575,11106,250,-1,-1,1,547,90.2,0,-1.0,0,0,0,640,360
3685,45810,45808686,11111,250,-1,-1,1,628,90.2,0,-1.0,0,0,0,640,360
3686,45821,45819797,11111,250,-1,-1,1,527,90.2,0,-1.0,0,0,0,640,360
3687,45832,45830904,11107,250,-1,-1,1,526,90.2,0,-1.0,0,0,0,640,360
3688,45843,45842009,11105,250,-1,-1,1,526,90.2,0,-1.0,0,0,0,640,360
3689,45854,45853122,11113,250,-1,-1,1,527,90.3,0,-1.0,0,0,0,640,360
3690,45945,45864228,11106,250,-1,-1,1,654,76.0,0,-1.0,0,0,0,640,360
3691,45946,45941976,77748,250,-1,-1,1,602,77.8,1,-1.0,0,0,0,640,360
3692,45954,45953110,11134,250,-1,-1,1,529,78.7,0,-1.0,0,0,0,640,360
3693,45965,45964212,11102,250,-1,-1,1,527,78.8,0,-1.0,0,0,0,640,360
3694,45976,45975317,11105,250,-1,-1,1,526,79.0,0,-1.0,0,0,0,640,360
3695,45987,45986439,11122,250,-1,-1,1,606,79.3,0,-1.0,0,0,0,640,360
3696,45998,45997545,11106,250,-1,-1,1,526,79.5,0,-1.0,0,0,0,640,360
3697,46010,46008651,11106,250,-1,-1,1,543,79.7,0,-1.0,0,0,0,640,360
3698,46021,46019764,11113,250,-1,-1,1,631,79.9,0,-1.0,0,0,0,640,360
3699,46032,46030872,11108,250,-1,-1,1,525,80.1,0,-1.0,0,0,0,640,360
3700,46043,46041977,11105,250,-1,-1,1,527,80.3,1,-1.0,0,0,0,640,360
3701,46054,46053091,11114,250,-1,-1,1,539,80.4,0,-1.0,0,0,0,640,360
3702,46065,46064198,11107,250,-1,-1,1,544,80.6,0,-1.0,0,0,0,640,360
3703,46076,46075307,11109,250,-1,-1,1,630,80.7,0,-1.0,0,0,0,640,360
3704,46087,46086413,11106,250,-1,-1,1,630,80.9,0,-1.0,0,0,0,640,360
3705,46098,46097525,11112,250,-1,-1,1,525,81.1,0,-1.0,0,0,0,640,360
3706,46109,46108630,11105,250,-1,-1,1,527,81.2,0,-1.0,0,0,0,640,360
3707,46121,46119741,11111,250,-1,-1,1,525,81.4,0,-1.0,0,0,0,640,360
3708,46132,46130850,11109,250,-1,-1,1,524,81.5,0,-1.0,0,0,0,640,360
3709,46143,46141960,11110,250,-1,-1,1,524,81.7,1,-1.0,0,0,0,640,360
3710,46154,46153074,11114,250,-1,-1,1,546,81.8,0,-1.0,0,0,0,640,360
3711,46165,46164181,11107,250,-1,-1,1,547,81.9,0,-1.0,0,0,0,640,360
3712,46176,46175287,11106,250,-1,-1,1,631,82.0,0,-1.0,0,0,0,640,360
3713,46187,46186399,11112,250,-1,-1,1,525,82.1,0,-1.0,0,0,0,640,360
3714,46198,46197507,11108,250,-1,-1,1,629,82.2,0,-1.0,0,0,0,640,360
3715,46209,46208617,11110,250,-1,-1,1,526,82.4,0,-1.0,0,0,0,640,360
3716,46221,46219722,11105,250,-1,-1,1,526,82.5,0,-1.0,0,0,0,640,360
3717,46232,46230833,11111,250,-1,-1,1,527,82.6,0,-1.0,0,0,0,640,360
3718,46243,46241946,11113,250,-1,-1,1,526,82.7,1,-1.0,0,0,0,640,360
3719,46254,46253055,11109,250,-1,-1,1,545,82.8,0,-1.0,0,0,0,640,360
3720,46265,46264166,11111,250,-1,-1,1,545,82.8,0,-1.0,0,0,0,640,360
3721,46276,46275273,11107,250,-1,-1,1,628,82.9,0,-1.0,0,0,0,640,360
3722,46287,46286381,11108,250,-1,-1,1,526,83.0,0,-1.0,0,0,0,640,360
3723,46298,46297491,11110,250,-1,-1,1,553,83.1,0,-1.0,0,0,0,640,360
3724,46309,46308602,11111,250,-1,-1,1,525,83.2,0,-1.0,0,0,0,640,360
3725,46321,46319707,11105,250,-1,-1,1,528,83.3,0,-1.0,0,0,0,640,360
3726,46332,46330814,11107,250,-1,-1,1,525,83.4,0,-1.0,0,0,0,640,360
3727,46343,46341925,11111,250,-1,-1,1,527,83.5,1,-1.0,0,0,0,640,360
3728,46354,46353033,11108,250,-1,-1,1,529,83.6,0,-1.0,0,0,0,640,360
3729,46365,46364150,11117,250,-1,-1,1,545,83.6,0,-1.0,0,0,0,640,360
3730,46376,46375254,11104,250,-1,-1,1,626,83.7,0,-1.0,0,0,0,640,360
3731,46387,46386366,11112,250,-1,-1,1,524,83.8,0,-1.0,0,0,0,640,360
3732,46398,46397473,11107,250,-1,-1,1,554,83.9,0,-1.0,0,0,0,640,360
3733,46410,46408583,11110,250,-1,-1,1,528,83.9,0,-1.0,0,0,0,640,360
3734,46420,46419688,11105,250,-1,-1,1,525,84.0,0,-1.0,0,0,0,640,360
3735,46432,46430798,11110,250,-1,-1,1,527,84.1,0,-1.0,0,0,0,640,360
3736,46443,46441903,11105,250,-1,-1,1,526,84.2,1,-1.0,0,0,0,640,360
3737,46503,46497452,55549,250,-1,-1,1,525,16.7,0,-1.0,0,0,0,640,360
3738,46510,46508739,11287,250,-1,-1,1,526,30.3,0,-1.0,0,0,0,640,360
3739,46520,46519675,10936,250,-1,-1,1,524,39.0,0,-1.0,0,0,0,640,360
3740,46532,46530782,11107,250,-1,-1,1,523,45.5,0,-1.0,0,0,0,640,360
3741,46543,46541894,11112,250,-1,-1,1,529,50.5,0,-1.0,0,0,0,640,360
3742,46554,46553000,11106,250,-1,-1,1,526,54.5,0,-1.0,0,0,0,640,360
3743,46565,46564107,11107,250,-1,-1,1,527,57.9,0,-1.0,0,0,0,640,360
3744,46576,46575216,11109,250,-1,-1,1,524,60.2,0,-1.0,0,0,0,640,360
3745,46587,46586329,11113,250,-1,-1,1,525,62.5,1,-1.0,0,0,0,640,360
3746,46598,46597439,11110,250,-1,-1,1,546,64.5,0,-1.0,0,0,0,640,360
3747,46609,46608554,11115,250,-1,-1,1,545,66.3,0,-1.0,0,0,0,640,360
3748,46621,46619660,11106,250,-1,-1,1,628,67.8,0,-1.0,0,0,0,640,360
3749,46632,46630772,11112,250,-1,-1,1,526,69.1,0,-1.0,0,0,0,640,360
3750,46643,46641875,11103,250,-1,-1,1,556,70.4,0,-1.0,0,0,0,640,360
3751,46654,46652988,11113,250,-1,-1,1,524,71.4,0,-1.0,0,0,0,640,360
3752,46665,46664095,11107,250,-1,-1,1,527,72.4,0,-1.0,0,0,0,640,360
3753,46676,46675201,11106,250,-1,-1,1,525,73.0,0,-1.0,0,0,0,640,360
3754,46687,46686309,11108,250,-1,-1,1,634,73.8,1,-1.0,0,0,0,640,360
3755,46698,46697425,11116,250,-1,-1,1,533,74.5,0,-1.0,0,0,0,640,360
3756,46709,46708529,11104,250,-1,-1,1,529,75.2,0,-1.0,0,0,0,640,360
3757,46720,46719641,11112,250,-1,-1,1,630,75.8,0,-1.0,0,0,0,640,360
3758,46731,46730750,11109,250,-1,-1,1,527,76.4,0,-1.0,0,0,0,640,360
3759,46743,46741860,11110,250,-1,-1,1,559,76.9,0,-1.0,0,0,0,640,360
3760,46754,46752967,11107,250,-1,-1,1,524,77.4,0,-1.0,0,0,0,640,360
3761,46765,46764077,11110,250,-1,-1,1,523,77.9,0,-1.0,0,0,0,640,360
3762,46776,46775187,11110,250,-1,-1,1,525,78.1,0,-1.0,0,0,0,640,360
3763,46787,46786293,11106,250,-1,-1,1,525,78.5,1,-1.0,0,0,0,640,360
3764,46798,46797404,11111,250,-1,-1,1,548,78.9,0,-1.0,0,0,0,640,360
3765,46809,46808512,11108,250,-1,-1,1,531,79.2,0,-1.0,0,0,0,640,360
3766,46820,46819625,11113,250,-1,-1,1,627,79.6,0,-1.0,0,0,0,640,360
3767,46832,46830737,11112,250,-1,-1,1,527,79.9,0,-1.0,0,0,0,640,360
3768,46843,46841843,11106,250,-1,-1,1,631,80.2,0,-1.0,0,0,0,640,360
3769,46854,46852952,11109,250,-1,-1,1,526,80.5,0,-1.0,0,0,0,640,360
3770,46865,46864056,11104,250,-1,-1,1,525,80.8,0,-1.0,0,0,0,640,360
3771,46876,46875169,11113,250,-1,-1,1,524,80.8,0,-1.0,0,0,0,640,360
3772,46887,46886279,11110,250,-1,-1,1,526,81.1,1,-1.0,0,0,0,640,360
3773,46898,46897391,11112,250,-1,-1,1,544,81.3,0,-1.0,0,0,0,640,360
3774,46909,46908495,11104,250,-1,-1,1,545,81.5,0,-1.0,0,0,0,640,360
3775,46920,46919606,11111,250,-1,-1,1,628,81.8,0,-1.0,0,0,0,640,360
3776,46932,46930717,11111,250,-1,-1,1,525,82.0,0,-1.0,0,0,0,640,360
3777,46943,46941824,11107,250,-1,-1,1,553,82.2,0,-1.0,0,0,0,640,360
3778,46954,46952931,11107,250,-1,-1,1,527,82.4,0,-1.0,0,0,0,640,360
3779,46965,46964040,11109,250,-1,-1,1,527,82.5,0,-1.0,0,0,0,640,360
3780,47056,46975149,11109,250,-1,-1,1,609,71.9,0,-1.0,0,0,0,640,360
3781,47057,47052909,77760,250,-1,-1,1,600,73.4,1,-1.0,0,0,0,640,360
3782,47065,47064032,11123,250,-1,-1,1,526,74.1,0,-1.0,0,0,0,640,360
3783,47076,47075136,11104,250,-1,-1,1,527,74.2,0,-1.0,0,0,0,640,360
3784,47087,47086244,11108,250,-1,-1,1,526,74.5,0,-1.0,0,0,0,640,360
3785,47098,47097359,11115,250,-1,-1,1,631,74.8,0,-1.0,0,0,0,640,360
3786,47109,47108464,11105,250,-1,-1,1,547,75.1,0,-1.0,0,0,0,640,360
3787,47121,47119579,11115,250,-1,-1,1,548,75.3,0,-1.0,0,0,0,640,360
3788,47132,47130844,11265,250,-1,-1,1,632,75.6,0,-1.0,0,0,0,640,360
3789,47143,47141794,10950,250,-1,-1,1,525,75.8,0,-1.0,0,0,0,640,360
3790,47154,47152902,11108,250,-1,-1,1,527,75.9,1,-1.0,0,0,0,640,360
3791,47165,47164013,11111,250,-1,-1,1,530,76.3,0,-1.0,0,0,0,640,360
3792,47176,47175120,11107,250,-1,-1,1,546,76.4,0,-1.0,0,0,0,640,360
3793,47187,47186229,11109,250,-1,-1,1,625,76.6,0,-1.0,0,0,0,640,360
3794,47198,47197338,11109,250,-1,-1,1,629,76.8,0,-1.0,0,0,0,640,360
3795,47209,47208446,11108,250,-1,-1,1,527,77.0,0,-1.0,0,0,0,640,360
3796,47220,47219551,11105,250,-1,-1,1,539,77.2,0,-1.0,0,0,0,640,360
3797,47231,47230661,11110,250,-1,-1,1,526,77.4,0,-1.0,0,0,0,640,360
3798,47243,47241773,11112,250,-1,-1,1,527,77.6,0,-1.0,0,0,0,640,360
3799,47254,47252879,11106,250,-1,-1,1,526,77.8,1,-1.0,0,0,0,640,360
3800,47265,47263997,11118,250,-1,-1,1,544,78.0,0,-1.0,0,0,0,640,360
3801,47276,47275105,11108,250,-1,-1,1,546,78.1,0,-1.0,0,0,0,640,360
3802,47287,47286211,11106,250,-1,-1,1,630,78.2,0,-1.0,0,0,0,640,360
3803,47298,47297323,11112,250,-1,-1,1,528,78.4,0,-1.0,0,0,0,640,360
3804,47309,47308425,11102,250,-1,-1,1,528,78.5,0,-1.0,0,0,0,640,360
3805,47320,47319538,11113,250,-1,-1,1,531,78.7,0,-1.0,0,0,0,640,360
3806,47331,47330647,11109,250,-1,-1,1,524,78.8,0,-1.0,0,0,0,640,360
3807,47343,47341753,11106,250,-1,-1,1,527,79.0,0,-1.0,0,0,0,640,360
3808,47354,47352867,11114,250,-1,-1,1,526,79.1,1,-1.0,0,0,0,640,360
3809,47365,47363976,11109,250,-1,-1,1,526,79.3,0,-1.0,0,0,0,640,360
3810,47376,47375084,11108,250,-1,-1,1,548,79.4,0,-1.0,0,0,0,640,360
3811,47387,47386195,11111,250,-1,-1,1,634,79.4,0,-1.0,0,0,0,640,360
3812,47398,47397305,11110,250,-1,-1,1,525,79.6,0,-1.0,0,0,0,640,360
3813,47409,47408416,11111,250,-1,-1,1,552,79.7,0,-1.0,0,0,0,640,360
3814,47420,47419523,11107,250,-1,-1,1,524,79.8,0,-1.0,0,0,0,640,360
3815,47432,47430629,11106,250,-1,-1,1,526,80.0,0,-1.0,0,0,0,640,360
3816,47443,47441738,11109,250,-1,-1,1,525,80.1,0,-1.0,0,0,0,640,360
3817,47454,47452847,11109,250,-1,-1,1,528,80.2,1,-1.0,0,0,0,640,360
3818,47518,47508387,55540,250,-1,-1,1,527,15.9,0,-1.0,0,0,0,640,360
3819,47521,47519491,11104,250,-1,-1,1,529,30.3,0,-1.0,0,0,0,640,360
3820,47531,47530614,11123,250,-1,-1,1,526,39.0,0,-1.0,0,0,0,640,360
3821,47543,47541718,11104,250,-1,-1,1,525,45.5,0,-1.0,0,0,0,640,360
3822,47554,47552831,11113,250,-1,-1,1,525,50.5,0,-1.0,0,0,0,640,360
3823,47565,47563940,11109,250,-1,-1,1,524,54.5,0,-1.0,0,0,0,640,360
3824,47576,47575046,11106,250,-1,-1,1,524,57.9,0,-1.0,0,0,0,640,360
3825,47587,47586158,11112,250,-1,-1,1,528,60.6,0,-1.0,0,0,0,640,360
3826,47598,47597263,11105,250,-1,-1,1,529,62.5,1,-1.0,0,0,0,640,360
3827,47609,47608378,11115,250,-1,-1,1,536,64.5,0,-1.0,0,0,0,640,360
3828,47620,47619484,11106,250,-1,-1,1,533,66.3,0,-1.0,0,0,0,640,360
3829,47631,47630596,11112,250,-1,-1,1,606,67.8,0,-1.0,0,0,0,640,360
3830,47643,47641707,11111,250,-1,-1,1,525,69.1,0,-1.0,0,0,0,640,360
3831,47654,47652815,11108,250,-1,-1,1,631,70.4,0,-1.0,0,0,0,640,360
3832,47665,47663923,11108,250,-1,-1,1,525,71.4,0,-1.0,0,0,0,640,360
3833,47676,47675032,11109,250,-1,-1,1,525,72.4,0,-1.0,0,0,0,640,360
3834,47687,47686138,11106,250,-1,-1,1,525,73.3,0,-1.0,0,0,0,640,360
3835,47698,47697249,11111,250,-1,-1,1,526,73.8,1,-1.0,0,0,0,640,360
3836,47709,47708363,11114,250,-1,-1,1,544,74.5,0,-1.0,0,0,0,640,360
3837,47720,47719473,11110,250,-1,-1,1,541,75.2,0,-1.0,0,0,0,640,360
3838,47731,47730580,11107,250,-1,-1,1,603,75.8,0,-1.0,0,0,0,640,360
3839,47743,47741689,11109,250,-1,-1,1,527,76.4,0,-1.0,0,0,0,640,360
3840,47754,47752795,11106,250,-1,-1,1,611,76.9,0,-1.0,0,0,0,640,360
3841,47765,47763908,11113,250,-1,-1,1,525,77.4,0,-1.0,0,0,0,640,360
3842,47776,47775010,11102,250,-1,-1,1,524,77.9,0,-1.0,0,0,0,640,360
3843,47787,47786124,11114,250,-1,-1,1,525,78.3,0,-1.0,0,0,0,640,360
3844,47798,47797234,11110,250,-1,-1,1,524,78.5,1,-1.0,0,0,0,640,360
3845,47809,47808345,11111,250,-1,-1,1,545,78.9,0,-1.0,0,0,0,640,360
3846,47820,47819449,11104,250,-1,-1,1,547,79.2,0,-1.0,0,0,0,640,360
3847,47831,47830561,11112,250,-1,-1,1,604,79.6,0,-1.0,0,0,0,640,360
3848,47843,47841669,11108,250,-1,-1,1,526,79.9,0,-1.0,0,0,0,640,360
3849,47854,47852782,11113,250,-1,-1,1,625,80.2,0,-1.0,0,0,0,640,360
3850,47865,47863889,11107,250,-1,-1,1,528,80.5,0,-1.0,0,0,0,640,360
3851,47876,47874995,11106,250,-1,-1,1,534,80.8,0,-1.0,0,0,0,640,360
3852,47887,47886104,11109,250,-1,-1,1,526,81.0,0,-1.0,0,0,0,640,360
3853,47898,47897215,11111,250,-1,-1,1,530,81.1,1,-1.0,0,0,0,640,360
3854,47909,47908328,11113,250,-1,-1,1,546,81.3,0,-1.0,0,0,0,640,360
3855,47920,47919439,11111,250,-1,-1,1,546,81.5,0,-1.0,0,0,0,640,360
3856,47931,47930543,11104,250,-1,-1,1,629,81.8,0,-1.0,0,0,0,640,360
3857,47942,47941657,11114,250,-1,-1,1,525,82.0,0,-1.0,0,0,0,640,360
3858,47954,47952764,11107,250,-1,-1,1,527,82.2,0,-1.0,0,0,0,640,360
3859,47965,47963873,11109,250,-1,-1,1,538,82.4,0,-1.0,0,0,0,640,360
3860,47976,47974980,11107,250,-1,-1,1,527,82.5,0,-1.0,0,0,0,640,360
3861,47987,47986089,11109,250,-1,-1,1,526,82.7,0,-1.0,0,0,0,640,360
3862,47998,47997195,11106,250,-1,-1,1,525,82.7,1,-1.0,0,0,0,640,360
3863,48009,48008311,11116,250,-1,-1,1,533,82.9,0,-1.0,0,0,0,640,360
3864,48020,48019416,11105,250,-1,-1,1,528,83.0,0,-1.0,0,0,0,640,360
3865,48031,48030529,11113,250,-1,-1,1,633,83.2,0,-1.0,0,0,0,640,360
3866,48043,48041639,11110,250,-1,-1,1,526,83.3,0,-1.0,0,0,0,640,360
3867,48054,48052746,11107,250,-1,-1,1,609,83.5,0,-1.0,0,0,0,640,360
3868,48065,48063855,11109,250,-1,-1,1,526,83.6,0,-1.0,0,0,0,640,360
3869,48076,48074964,11109,250,-1,-1,1,525,83.7,0,-1.0,0,0,0,640,360
3870,48201,48086069,11105,250,-1,-1,1,526,71.0,0,-1.0,0,0,0,640,360
3871,48202,48197147,111078,250,-1,-1,1,520,72.2,1,-1.0,0,0,0,640,360
3872,48209,48208291,11144,250,-1,-1,1,632,72.8,0,-1.0,0,0,0,640,360
3873,48220,48219386,11095,250,-1,-1,1,590,73.1,0,-1.0,0,0,0,640,360
3874,48231,48230496,11110,250,-1,-1,1,577,73.4,0,-1.0,0,0,0,640,360
3875,48243,48241603,11107,250,-1,-1,1,1208,73.4,0,-1.0,0,0,0,640,360
3876,48254,48252718,11115,250,-1,-1,1,595,73.8,0,-1.0,0,0,0,640,360
3877,48265,48263824,11106,250,-1,-1,1,629,74.1,0,-1.0,0,0,0,640,360
3878,48276,48274935,11111,250,-1,-1,1,525,74.3,0,-1.0,0,0,0,640,360
3879,48287,48286038,11103,250,-1,-1,1,525,74.5,0,-1.0,0,0,0,640,360
3880,48298,48297148,11110,250,-1,-1,1,529,74.7,1,-1.0,0,0,0,640,360
3881,48309,48308258,11110,250,-1,-1,1,540,74.9,0,-1.0,0,0,0,640,360
3882,48320,48319369,11111,250,-1,-1,1,536,75.1,0,-1.0,0,0,0,640,360
3883,48331,48330477,11108,250,-1,-1,1,604,75.3,0,-1.0,0,0,0,640,360
3884,48343,48341588,11111,250,-1,-1,1,526,75.5,0,-1.0,0,0,0,640,360
3885,48354,48352694,11106,250,-1,-1,1,629,75.6,0,-1.0,0,0,0,640,360
3886,48365,48363805,11111,250,-1,-1,1,526,75.8,0,-1.0,0,0,0,640,360
3887,48376,48374910,11105,250,-1,-1,1,527,76.0,0,-1.0,0,0,0,640,360
3888,48387,48386021,11111,250,-1,-1,1,525,76.2,0,-1.0,0,0,0,640,360
3889,48398,48397131,11110,250,-1,-1,1,524,76.3,1,-1.0,0,0,0,640,360
3890,48409,48408244,11113,250,-1,-1,1,545,76.4,0,-1.0,0,0,0,640,360
3891,48420,48419350,11106,250,-1,-1,1,547,76.6,0,-1.0,0,0,0,640,360
3892,48431,48430460,11110,250,-1,-1,1,606,76.8,0,-1.0,0,0,0,640,360
3893,48443,48441569,11109,250,-1,-1,1,524,76.9,0,-1.0,0,0,0,640,360
3894,48454,48452683,11114,250,-1,-1,1,611,77.1,0,-1.0,0,0,0,640,360
3895,48465,48463788,11105,250,-1,-1,1,527,77.2,0,-1.0,0,0,0,640,360
3896,48476,48474897,11109,250,-1,-1,1,526,90.9,0,-1.0,0,0,0,640,360
3897,48487,48486002,11105,250,-1,-1,1,528,90.9,0,-1.0,0,0,0,640,360
3898,48498,48497112,11110,250,-1,-1,1,525,90.9,1,-1.0,0,0,0,640,360
3899,48509,48508224,11112,250,-1,-1,1,637,88.9,0,-1.0,0,0,0,640,360
3900,48520,48519336,11112,250,-1,-1,1,546,89.3,0,-1.0,0,0,0,640,360
3901,48531,48530441,11105,250,-1,-1,1,629,89.6,0,-1.0,0,0,0,640,360
3902,48543,48541554,11113,250,-1,-1,1,524,89.7,0,-1.0,0,0,0,640,360
3903,48553,48552662,11108,250,-1,-1,1,685,89.9,0,-1.0,0,0,0,640,360
3904,48565,48563772,11110,250,-1,-1,1,524,90.0,0,-1.0,0,0,0,640,360
3905,48576,48574873,11101,250,-1,-1,1,525,90.1,0,-1.0,0,0,0,640,360
3906,48587,48585986,11113,250,-1,-1,1,527,90.2,0,-1.0,0,0,0,640,360
3907,48598,48597097,11111,250,-1,-1,1,527,90.2,1,-1.0,0,0,0,640,360
3908,48609,48608208,11111,250,-1,-1,1,537,89.7,0,-1.0,0,0,0,640,360
3909,48620,48619317,11109,250,-1,-1,1,530,89.7,0,-1.0,0,0,0,640,360
3910,48631,48630431,11114,250,-1,-1,1,634,89.8,0,-1.0,0,0,0,640,360
3911,48643,48641532,11101,250,-1,-1,1,526,89.9,0,-1.0,0,0,0,640,360
3912,48653,48652649,11117,250,-1,-1,1,631,89.9,0,-1.0,0,0,0,640,360
3913,48665,48663754,11105,250,-1,-1,1,539,90.0,0,-1.0,0,0,0,640,360
3914,48676,48674867,11113,250,-1,-1,1,547,90.0,0,-1.0,0,0,0,640,360
3915,48687,48685966,11099,250,-1,-1,1,546,90.1,0,-1.0,0,0,0,640,360
3916,48698,48697078,11112,250,-1,-1,1,545,90.1,1,-1.0,0,0,0,640,360
3917,48709,48708191,11113,250,-1,-1,1,555,89.8,0,-1.0,0,0,0,640,360
3918,48720,48719302,11111,250,-1,-1,1,547,89.8,0,-1.0,0,0,0,640,360
3919,48731,48730411,11109,250,-1,-1,1,645,89.9,0,-1.0,0,0,0,640,360
3920,48743,48741520,11109,250,-1,-1,1,539,89.9,0,-1.0,0,0,0,640,360
3921,48754,48752628,11108,250,-1,-1,1,644,90.0,0,-1.0,0,0,0,640,360
3922,48765,48763736,11108,250,-1,-1,1,526,90.0,0,-1.0,0,0,0,640,360
3923,48776,48774840,11104,250,-1,-1,1,527,90.0,0,-1.0,0,0,0,640,360
3924,48787,48785951,11111,250,-1,-1,1,524,90.1,0,-1.0,0,0,0,640,360
3925,48798,48797062,11111,250,-1,-1,1,525,90.1,1,-1.0,0,0,0,640,360
3926,48809,48808178,11116,250,-1,-1,1,547,89.9,0,-1.0,0,0,0,640,360
3927,48820,48819283,11105,250,-1,-1,1,545,89.9,0,-1.0,0,0,0,640,360
3928,48831,48830392,11109,250,-1,-1,1,602,89.9,0,-1.0,0,0,0,640,360
3929,48843,48841500,11108,250,-1,-1,1,528,89.9,0,-1.0,0,0,0,640,360
3930,48853,48852611,11111,250,-1,-1,1,626,90.0,0,-1.0,0,0,0,640,360
3931,48864,48863718,11107,250,-1,-1,1,527,90.0,0,-1.0,0,0,0,640,360
3932,48876,48874827,11109,250,-1,-1,1,527,90.0,0,-1.0,0,0,0,640,360
3933,48887,48885933,11106,250,-1,-1,1,527,90.0,0,-1.0,0,0,0,640,360
3934,48898,48897045,11112,250,-1,-1,1,527,90.1,1,-1.0,0,0,0,640,360
3935,48909,48908155,11110,250,-1,-1,1,543,89.9,0,-1.0,0,0,0,640,360
3936,48920,48919267,11112,250,-1,-1,1,546,89.9,0,-1.0,0,0,0,640,360
3937,48931,48930376,11109,250,-1,-1,1,601,89.9,0,-1.0,0,0,0,640,360
3938,48943,48941485,11109,250,-1,-1,1,527,90.0,0,-1.0,0,0,0,640,360
3939,48953,48952596,11111,250,-1,-1,1,626,90.0,0,-1.0,0,0,0,640,360
3940,48964,48963704,11108,250,-1,-1,1,524,90.0,0,-1.0,0,0,0,640,360
3941,48976,48974811,11107,250,-1,-1,1,527,90.0,0,-1.0,0,0,0,640,360
3942,48987,48985922,11111,250,-1,-1,1,527,90.0,0,-1.0,0,0,0,640,360
3943,48998,48997026,11104,250,-1,-1,1,526,90.1,1,-1.0,0,0,0,640,360
3944,49009,49008142,11116,250,-1,-1,1,533,89.9,0,-1.0,0,0,0,640,360
3945,49020,49019248,11106,250,-1,-1,1,546,89.9,0,-1.0,0,0,0,640,360
3946,49031,49030359,11111,250,-1,-1,1,631,89.9,0,-1.0,0,0,0,640,360
3947,49042,49041468,11109,250,-1,-1,1,526,90.0,0,-1.0,0,0,0,640,360
3948,49053,49052579,11111,250,-1,-1,1,527,90.0,0,-1.0,0,0,0,640,360
3949,49065,49063685,11106,250,-1,-1,1,525,90.0,0,-1.0,0,0,0,640,360
3950,49076,49074792,11107,250,-1,-1,1,523,90.0,0,-1.0,0,0,0,640,360
3951,49087,49085900,11108,250,-1,-1,1,524,90.0,0,-1.0,0,0,0,640,360
3952,49098,49097017,11117,250,-1,-1,1,525,90.0,1,-1.0,0,0,0,640,360
3953,49109,49108124,11107,250,-1,-1,1,543,89.9,0,-1.0,0,0,0,640,360
3954,49120,49119231,11107,250,-1,-1,1,546,89.9,0,-1.0,0,0,0,640,360
3955,49131,49130338,11107,250,-1,-1,1,631,90.0,0,-1.0,0,0,0,640,360
3956,49143,49141455,11117,250,-1,-1,1,525,90.0,0,-1.0,0,0,0,640,360
3957,49154,49152559,11104,250,-1,-1,1,630,90.0,0,-1.0,0,0,0,640,360
3958,49164,49163669,11110,250,-1,-1,1,526,90.0,0,-1.0,0,0,0,640,360
3959,49176,49174774,11105,250,-1,-1,1,528,90.0,0,-1.0,0,0,0,640,360
3960,49306,49185883,11109,250,-1,-1,1,526,77.3,0,-1.0,0,0,0,640,360
3961,49306,49296959,111076,250,-1,-1,1,522,78.4,1,-1.0,0,0,0,640,360
3962,49309,49308073,11114,250,-1,-1,1,524,79.3,0,-1.0,0,0,0,640,360
3963,49320,49319203,11130,250,-1,-1,1,525,79.4,0,-1.0,0,0,0,640,360
3964,49331,49330310,11107,250,-1,-1,1,545,79.6,0,-1.0,0,0,0,640,360
3965,49342,49341420,11110,250,-1,-1,1,545,79.7,0,-1.0,0,0,0,640,360
3966,49353,49352524,11104,250,-1,-1,1,632,79.9,0,-1.0,0,0,0,640,360
3967,49364,49363635,11111,250,-1,-1,1,635,80.0,0,-1.0,0,0,0,640,360
3968,49376,49374742,11107,250,-1,-1,1,525,80.0,0,-1.0,0,0,0,640,360
3969,49387,49385854,11112,250,-1,-1,1,523,80.3,0,-1.0,0,0,0,640,360
3970,49398,49396960,11106,250,-1,-1,1,525,80.4,1,-1.0,0,0,0,640,360
3971,49409,49408071,11111,250,-1,-1,1,532,80.5,0,-1.0,0,0,0,640,360
3972,49420,49419177,11106,250,-1,-1,1,528,80.5,0,-1.0,0,0,0,640,360
3973,49431,49430293,11116,250,-1,-1,1,633,80.7,0,-1.0,0,0,0,640,360
3974,49443,49441400,11107,250,-1,-1,1,526,80.8,0,-1.0,0,0,0,640,360
3975,49453,49452507,11107,250,-1,-1,1,606,80.9,0,-1.0,0,0,0,640,360
3976,49464,49463618,11111,250,-1,-1,1,524,81.0,0,-1.0,0,0,0,640,360
3977,49476,49474730,11112,250,-1,-1,1,526,90.9,0,-1.0,0,0,0,640,360
3978,49487,49485834,11104,250,-1,-1,1,525,90.9,0,-1.0,0,0,0,640,360
3979,49498,49496943,11109,250,-1,-1,1,524,90.9,1,-1.0,0,0,0,640,360
3980,49509,49508056,11113,250,-1,-1,1,546,90.9,0,-1.0,0,0,0,640,360
3981,49520,49519166,11110,250,-1,-1,1,543,89.3,0,-1.0,0,0,0,640,360
3982,49531,49530271,11105,250,-1,-1,1,630,89.6,0,-1.0,0,0,0,640,360
3983,49543,49541386,11115,250,-1,-1,1,526,89.7,0,-1.0,0,0,0,640,360
3984,49553,49552490,11104,250,-1,-1,1,650,89.9,0,-1.0,0,0,0,640,360
3985,49564,49563602,11112,250,-1,-1,1,527,90.0,0,-1.0,0,0,0,640,360
3986,49576,49574703,11101,250,-1,-1,1,526,90.1,0,-1.0,0,0,0,640,360
3987,49587,49585815,11112,250,-1,-1,1,525,90.2,0,-1.0,0,0,0,640,360
3988,49598,49596924,11109,250,-1,-1,1,524,90.2,1,-1.0,0,0,0,640,360
3989,49609,49608039,11115,250,-1,-1,1,544,90.3,0,-1.0,0,0,0,640,360
3990,49620,49619143,11104,250,-1,-1,1,546,89.7,0,-1.0,0,0,0,640,360
3991,49631,49630258,11115,250,-1,-1,1,631,89.8,0,-1.0,0,0,0,640,360
3992,49643,49641365,11107,250,-1,-1,1,525,89.9,0,-1.0,0,0,0,640,360
3993,49653,49652477,11112,250,-1,-1,1,646,89.9,0,-1.0,0,0,0,640,360
3994,49664,49663580,11103,250,-1,-1,1,526,90.0,0,-1.0,0,0,0,640,360
3995,49676,49674690,11110,250,-1,-1,1,526,90.0,0,-1.0,0,0,0,640,360
3996,49687,49685797,11107,250,-1,-1,1,527,90.1,0,-1.0,0,0,0,640,360
3997,49698,49696910,11113,250,-1,-1,1,525,90.1,1,-1.0,0,0,0,640,360
3998,49709,49708021,11111,250,-1,-1,1,546,90.2,0,-1.0,0,0,0,640,360
3999,49720,49719130,11109,250,-1,-1,1,546,89.8,0,-1.0,0,0,0,640,360
4000,49731,49730240,11110,250,-1,-1,1,632,89.9,0,-1.0,0,0,0,640,360
4001,49743,49741349,11109,250,-1,-1,1,526,89.9,0,-1.0,0,0,0,640,360
4002,49753,49752455,11106,250,-1,-1,1,643,90.0,0,-1.0,0,0,0,640,360
4003,49764,49763569,11114,250,-1,-1,1,527,90.0,0,-1.0,0,0,0,640,360
4004,49775,49774669,11100,250,-1,-1,1,523,90.0,0,-1.0,0,0,0,640,360
4005,49787,49785781,11112,250,-1,-1,1,526,90.1,0,-1.0,0,0,0,640,360
4006,49798,49796889,11108,250,-1,-1,1,526,90.1,1,-1.0,0,0,0,640,360
4007,49809,49808005,11116,250,-1,-1,1,544,90.1,0,-1.0,0,0,0,640,360
4008,49820,49819111,11106,250,-1,-1,1,544,90.1,0,-1.0,0,0,0,640,360
4009,49831,49830224,11113,250,-1,-1,1,633,89.9,0,-1.0,0,0,0,640,360
4010,49843,49841331,11107,250,-1,-1,1,530,89.9,0,-1.0,0,0,0,640,360
4011,49853,49852443,11112,250,-1,-1,1,656,90.0,0,-1.0,0,0,0,640,360
4012,49864,49863547,11104,250,-1,-1,1,525,90.0,0,-1.0,0,0,0,640,360
4013,49875,49874656,11109,250,-1,-1,1,525,90.0,0,-1.0,0,0,0,640,360
4014,49887,49885763,11107,250,-1,-1,1,526,90.0,0,-1.0,0,0,0,640,360
4015,49898,49896873,11110,250,-1,-1,1,525,90.1,1,-1.0,0,0,0,640,360
4016,49909,49907986,11113,250,-1,-1,1,528,90.1,0,-1.0,0,0,0,640,360
4017,49920,49919094,11108,250,-1,-1,1,527,90.1,0,-1.0,0,0,0,640,360
4018,49931,49930204,11110,250,-1,-1,1,634,89.9,0,-1.0,0,0,0,640,360
4019,49943,49941320,11116,250,-1,-1,1,527,90.0,0,-1.0,0,0,0,640,360
4020,49953,49952423,11103,250,-1,-1,1,627,90.0,0,-1.0,0,0,0,640,360
4021,49964,49963532,11109,250,-1,-1,1,525,90.0,0,-1.0,0,0,0,640,360
4022,49975,49974634,11102,250,-1,-1,1,526,90.0,0,-1.0,0,0,0,640,360
4023,49987,49985747,11113,250,-1,-1,1,525,90.0,0,-1.0,0,0,0,640,360
4024,49998,49996857,11110,250,-1,-1,1,526,90.1,1,-1.0,0,0,0,640,360
4025,50009,50007969,11112,250,-1,-1,1,540,90.1,0,-1.0,0,0,0,640,360
4026,50020,50019074,11105,250,-1,-1,1,536,90.1,0,-1.0,0,0,0,640,360
4027,50031,50030186,11112,250,-1,-1,1,633,89.9,0,-1.0,0,0,0,640,360
4028,50043,50041297,11111,250,-1,-1,1,524,90.0,0,-1.0,0,0,0,640,360
4029,50053,50052409,11112,250,-1,-1,1,626,90.0,0,-1.0,0,0,0,640,360
4030,50064,50063513,11104,250,-1,-1,1,527,90.0,0,-1.0,0,0,0,640,360
4031,50075,50074619,11106,250,-1,-1,1,526,90.0,0,-1.0,0,0,0,640,360
4032,50087,50085727,11108,250,-1,-1,1,526,90.0,0,-1.0,0,0,0,640,360
4033,50098,50096839,11112,250,-1,-1,1,523,90.0,1,-1.0,0,0,0,640,360
4034,50109,50107952,11113,250,-1,-1,1,546,90.1,0,-1.0,0,0,0,640,360
4035,50120,50119059,11107,250,-1,-1,1,546,90.1,0,-1.0,0,0,0,640,360
4036,50131,50130169,11110,250,-1,-1,1,632,90.0,0,-1.0,0,0,0,640,360
4037,50143,50141282,11113,250,-1,-1,1,526,90.0,0,-1.0,0,0,0,640,360
4038,50153,50152389,11107,250,-1,-1,1,630,90.0,0,-1.0,0,0,0,640,360
4039,50164,50163499,11110,250,-1,-1,1,526,90.0,0,-1.0,0,0,0,640,360
4040,50175,50174604,11105,250,-1,-1,1,527,90.0,0,-1.0,0,0,0,640,360
4041,50187,50185713,11109,250,-1,-1,1,527,90.0,0,-1.0,0,0,0,640,360
4042,50198,50196820,11107,250,-1,-1,1,526,90.0,1,-1.0,0,0,0,640,360
4043,50209,50207939,11119,250,-1,-1,1,547,90.1,0,-1.0,0,0,0,640,360
4044,50220,50219044,11105,250,-1,-1,1,546,90.1,0,-1.0,0,0,0,640,360
4045,50231,50230154,11110,250,-1,-1,1,633,90.0,0,-1.0,0,0,0,640,360
4046,50243,50241263,11109,250,-1,-1,1,526,90.0,0,-1.0,0,0,0,640,360
4047,50253,50252375,11112,250,-1,-1,1,627,90.0,0,-1.0,0,0,0,640,360
4048,50264,50263479,11104,250,-1,-1,1,525,90.0,0,-1.0,0,0,0,640,360
4049,50276,50274588,11109,250,-1,-1,1,526,90.0,0,-1.0,0,0,0,640,360
4050,50372,50285697,11109,250,-1,-1,1,526,81.5,0,-1.0,0,0,0,640,360
4051,50373,50363447,77750,250,-1,-1,1,730,82.5,1,-1.0,0,0,0,640,360
4052,50376,50374554,11107,250,-1,-1,1,527,83.4,0,-1.0,0,0,0,640,360
4053,50387,50385689,11135,250,-1,-1,1,525,83.5,0,-1.0,0,0,0,640,360
4054,50398,50396790,11101,250,-1,-1,1,546,83.6,0,-1.0,0,0,0,640,360
4055,50409,50407903,11113,250,-1,-1,1,539,83.7,0,-1.0,0,0,0,640,360
4056,50420,50419013,11110,250,-1,-1,1,628,83.8,0,-1.0,0,0,0,640,360
4057,50431,50430120,11107,250,-1,-1,1,630,83.8,0,-1.0,0,0,0,640,360
4058,50442,50441228,11108,250,-1,-1,1,527,83.8,0,-1.0,0,0,0,640,360
4059,50453,50452336,11108,250,-1,-1,1,525,83.9,0,-1.0,0,0,0,640,360
4060,50464,50463442,11106,250,-1,-1,1,526,84.0,1,-1.0,0,0,0,640,360
4061,50521,50518978,55536,250,-1,-1,1,606,17.9,0,-1.0,0,0,0,640,360
4062,50531,50530106,11128,250,-1,-1,1,527,29.9,0,-1.0,0,0,0,640,360
4063,50542,50541209,11103,250,-1,-1,1,527,38.5,0,-1.0,0,0,0,640,360
4064,50553,50552314,11105,250,-1,-1,1,526,44.9,0,-1.0,0,0,0,640,360
4065,50564,50563430,11116,250,-1,-1,1,525,50.0,0,-1.0,0,0,0,640,360
4066,50575,50574533,11103,250,-1,-1,1,523,54.1,0,-1.0,0,0,0,640,360
4067,50587,50585647,11114,250,-1,-1,1,534,57.4,0,-1.0,0,0,0,640,360
4068,50598,50596753,11106,250,-1,-1,1,525,60.2,0,-1.0,0,0,0,640,360
4069,50609,50607866,11113,250,-1,-1,1,526,62.5,1,-1.0,0,0,0,640,360
4070,50620,50618975,11109,250,-1,-1,1,548,64.5,0,-1.0,0,0,0,640,360
4071,50631,50630086,11111,250,-1,-1,1,546,65.9,0,-1.0,0,0,0,640,360
4072,50642,50641190,11104,250,-1,-1,1,634,67.4,0,-1.0,0,0,0,640,360
4073,50654,50652306,11116,250,-1,-1,1,527,68.8,0,-1.0,0,0,0,640,360
4074,50664,50663412,11106,250,-1,-1,1,626,70.0,0,-1.0,0,0,0,640,360
4075,50675,50674522,11110,250,-1,-1,1,525,71.1,0,-1.0,0,0,0,640,360
4076,50686,50685628,11106,250,-1,-1,1,525,72.1,0,-1.0,0,0,0,640,360
4077,50698,50696739,11111,250,-1,-1,1,525,73.0,0,-1.0,0,0,0,640,360
4078,50709,50707842,11103,250,-1,-1,1,526,73.8,1,-1.0,0,0,0,640,360
4079,50720,50718961,11119,250,-1,-1,1,545,74.5,0,-1.0,0,0,0,640,360
4080,50731,50730063,11102,250,-1,-1,1,546,75.2,0,-1.0,0,0,0,640,360
4081,50742,50741177,11114,250,-1,-1,1,630,75.5,0,-1.0,0,0,0,640,360
4082,50754,50752291,11114,250,-1,-1,1,527,76.1,0,-1.0,0,0,0,640,360
4083,50764,50763398,11107,250,-1,-1,1,627,76.7,0,-1.0,0,0,0,640,360
4084,50775,50774507,11109,250,-1,-1,1,525,77.2,0,-1.0,0,0,0,640,360
4085,50786,50785613,11106,250,-1,-1,1,526,77.6,0,-1.0,0,0,0,640,360
4086,50797,50796719,11106,250,-1,-1,1,528,78.1,0,-1.0,0,0,0,640,360
4087,50809,50807830,11111,250,-1,-1,1,528,78.5,1,-1.0,0,0,0,640,360
4088,50820,50818939,11109,250,-1,-1,1,532,78.9,0,-1.0,0,0,0,640,360
4089,50831,50830051,11112,250,-1,-1,1,530,79.2,0,-1.0,0,0,0,640,360
4090,50842,50841153,11102,250,-1,-1,1,633,79.4,0,-1.0,0,0,0,640,360
4091,50854,50852271,11118,250,-1,-1,1,524,79.7,0,-1.0,0,0,0,640,360
4092,50864,50863378,11107,250,-1,-1,1,630,80.0,0,-1.0,0,0,0,640,360
4093,50875,50874486,11108,250,-1,-1,1,525,80.3,0,-1.0,0,0,0,640,360
4094,50886,50885593,11107,250,-1,-1,1,526,80.6,0,-1.0,0,0,0,640,360
4095,50898,50896701,11108,250,-1,-1,1,526,80.8,0,-1.0,0,0,0,640,360
4096,50909,50907810,11109,250,-1,-1,1,527,81.1,1,-1.0,0,0,0,640,360
4097,50920,50918924,11114,250,-1,-1,1,535,81.3,0,-1.0,0,0,0,640,360
4098,50931,50930033,11109,250,-1,-1,1,532,81.5,0,-1.0,0,0,0,640,360
4099,50942,50941141,11108,250,-1,-1,1,631,81.6,0,-1.0,0,0,0,640,360
4100,50954,50952252,11111,250,-1,-1,1,528,81.8,0,-1.0,0,0,0,640,360
4101,50964,50963361,11109,250,-1,-1,1,630,82.0,0,-1.0,0,0,0,640,360
4102,50975,50974467,11106,250,-1,-1,1,527,82.2,0,-1.0,0,0,0,640,360
4103,50986,50985578,11111,250,-1,-1,1,525,82.4,0,-1.0,0,0,0,640,360
4104,50997,50996684,11106,250,-1,-1,1,525,82.6,0,-1.0,0,0,0,640,360
4105,51009,51007796,11112,250,-1,-1,1,524,82.7,1,-1.0,0,0,0,640,360
4106,51020,51018904,11108,250,-1,-1,1,545,82.9,0,-1.0,0,0,0,640,360
4107,51031,51030016,11112,250,-1,-1,1,544,83.0,0,-1.0,0,0,0,640,360
4108,51042,51041124,11108,250,-1,-1,1,630,83.0,0,-1.0,0,0,0,640,360
4109,51054,51052238,11114,250,-1,-1,1,526,83.2,0,-1.0,0,0,0,640,360
4110,51064,51063343,11105,250,-1,-1,1,626,83.3,0,-1.0,0,0,0,640,360
4111,51075,51074451,11108,250,-1,-1,1,526,83.5,0,-1.0,0,0,0,640,360
4112,51086,51085559,11108,250,-1,-1,1,527,83.6,0,-1.0,0,0,0,640,360
4113,51097,51096670,11111,250,-1,-1,1,525,83.7,0,-1.0,0,0,0,640,360
4114,51109,51107776,11106,250,-1,-1,1,525,83.9,1,-1.0,0,0,0,640,360
4115,51120,51118894,11118,250,-1,-1,1,544,84.0,0,-1.0,0,0,0,640,360
4116,51131,51129998,11104,250,-1,-1,1,545,84.1,0,-1.0,0,0,0,640,360
4117,51142,51141107,11109,250,-1,-1,1,570,84.1,0,-1.0,0,0,0,640,360
4118,51154,51152214,11107,250,-1,-1,1,527,84.2,0,-1.0,0,0,0,640,360
4119,51164,51163331,11117,250,-1,-1,1,629,84.3,0,-1.0,0,0,0,640,360
4120,51175,51174435,11104,250,-1,-1,1,526,84.4,0,-1.0,0,0,0,640,360
4121,51186,51185544,11109,250,-1,-1,1,527,84.5,0,-1.0,0,0,0,640,360
4122,51197,51196654,11110,250,-1,-1,1,527,84.6,0,-1.0,0,0,0,640,360
4123,51209,51207761,11107,250,-1,-1,1,525,84.7,1,-1.0,0,0,0,640,360
4124,51220,51218870,11109,250,-1,-1,1,532,84.8,0,-1.0,0,0,0,640,360
4125,51231,51229984,11114,250,-1,-1,1,548,84.9,0,-1.0,0,0,0,640,360
4126,51242,51241090,11106,250,-1,-1,1,632,84.8,0,-1.0,0,0,0,640,360
4127,51254,51252203,11113,250,-1,-1,1,528,84.9,0,-1.0,0,0,0,640,360
4128,51264,51263312,11109,250,-1,-1,1,630,85.0,0,-1.0,0,0,0,640,360
4129,51275,51274421,11109,250,-1,-1,1,524,85.1,0,-1.0,0,0,0,640,360
4130,51286,51285525,11104,250,-1,-1,1,524,85.2,0,-1.0,0,0,0,640,360
4131,51297,51296637,11112,250,-1,-1,1,527,85.2,0,-1.0,0,0,0,640,360
4132,51309,51307746,11109,250,-1,-1,1,526,85.3,1,-1.0,0,0,0,640,360
4133,51320,51318857,11111,250,-1,-1,1,535,85.4,0,-1.0,0,0,0,640,360
4134,51331,51329964,11107,250,-1,-1,1,549,85.5,0,-1.0,0,0,0,640,360
4135,51342,51341075,11111,250,-1,-1,1,634,85.4,0,-1.0,0,0,0,640,360
4136,51354,51352188,11113,250,-1,-1,1,527,85.5,0,-1.0,0,0,0,640,360
4137,51364,51363294,11106,250,-1,-1,1,629,85.6,0,-1.0,0,0,0,640,360
4138,51375,51374400,11106,250,-1,-1,1,526,85.6,0,-1.0,0,0,0,640,360
4139,51386,51385510,11110,250,-1,-1,1,524,85.7,0,-1.0,0,0,0,640,360
4140,51455,51396617,11107,250,-1,-1,1,610,80.8,0,-1.0,0,0,0,640,360
4141,51455,51452149,55532,250,-1,-1,1,601,81.7,1,-1.0,0,0,0,640,360
4142,51464,51463279,11130,250,-1,-1,1,525,82.0,0,-1.0,0,0,0,640,360
4143,51536,51529909,66630,250,-1,-1,1,606,13.9,0,-1.0,0,0,0,640,360
4144,51542,51541051,11142,250,-1,-1,1,630,25.6,0,-1.0,0,0,0,640,360
4145,51553,51552149,11098,250,-1,-1,1,625,33.7,0,-1.0,0,0,0,640,360
4146,51564,51563262,11113,250,-1,-1,1,525,40.0,0,-1.0,0,0,0,640,360
4147,51575,51574366,11104,250,-1,-1,1,524,45.0,0,-1.0,0,0,0,640,360
4148,51586,51585471,11105,250,-1,-1,1,527,49.2,0,-1.0,0,0,0,640,360
4149,51597,51596581,11110,250,-1,-1,1,526,52.6,0,-1.0,0,0,0,640,360
4150,51608,51607691,11110,250,-1,-1,1,526,55.6,1,-1.0,0,0,0,640,360
4151,51620,51618803,11112,250,-1,-1,1,534,58.1,0,-1.0,0,0,0,640,360
4152,51631,51629913,11110,250,-1,-1,1,546,60.2,0,-1.0,0,0,0,640,360
4153,51642,51641021,11108,250,-1,-1,1,632,61.8,0,-1.0,0,0,0,640,360
4154,51653,51652132,11111,250,-1,-1,1,525,63.8,0,-1.0,0,0,0,640,360
4155,51664,51663241,11109,250,-1,-1,1,524,65.0,0,-1.0,0,0,0,640,360
4156,51675,51674352,11111,250,-1,-1,1,530,66.4,0,-1.0,0,0,0,640,360
4157,51686,51685454,11102,250,-1,-1,1,526,67.6,0,-1.0,0,0,0,640,360
4158,51697,51696565,11111,250,-1,-1,1,525,68.7,0,-1.0,0,0,0,640,360
4159,51708,51707673,11108,250,-1,-1,1,525,69.7,1,-1.0,0,0,0,640,360
4160,51720,51718791,11118,250,-1,-1,1,546,70.6,0,-1.0,0,0,0,640,360
4161,51731,51729896,11105,250,-1,-1,1,547,71.4,0,-1.0,0,0,0,640,360
4162,51742,51741004,11108,250,-1,-1,1,631,72.2,0,-1.0,0,0,0,640,360
4163,51753,51752114,11110,250,-1,-1,1,526,72.7,0,-1.0,0,0,0,640,360
4164,51764,51763227,11113,250,-1,-1,1,631,73.3,0,-1.0,0,0,0,640,360
4165,51775,51774332,11105,250,-1,-1,1,527,74.0,0,-1.0,0,0,0,640,360
4166,51786,51785439,11107,250,-1,-1,1,527,74.5,0,-1.0,0,0,0,640,360
4167,51797,51796548,11109,250,-1,-1,1,528,75.1,0,-1.0,0,0,0,640,360
4168,51809,51807658,11110,250,-1,-1,1,524,75.6,1,-1.0,0,0,0,640,360
4169,51820,51818770,11112,250,-1,-1,1,544,76.1,0,-1.0,0,0,0,640,360
4170,51831,51829882,11112,250,-1,-1,1,547,76.5,0,-1.0,0,0,0,640,360
4171,51842,51840987,11105,250,-1,-1,1,632,76.9,0,-1.0,0,0,0,640,360
4172,51854,51852103,11116,250,-1,-1,1,525,77.1,0,-1.0,0,0,0,640,360
4173,51864,51863209,11106,250,-1,-1,1,629,77.5,0,-1.0,0,0,0,640,360
4174,51875,51874319,11110,250,-1,-1,1,525,77.9,0,-1.0,0,0,0,640,360
4175,51886,51885420,11101,250,-1,-1,1,527,78.2,0,-1.0,0,0,0,640,360
4176,51897,51896531,11111,250,-1,-1,1,525,78.5,0,-1.0,0,0,0,640,360
4177,51908,51907640,11109,250,-1,-1,1,526,78.8,1,-1.0,0,0,0,640,360
4178,51920,51918755,11115,250,-1,-1,1,531,79.1,0,-1.0,0,0,0,640,360
4179,51931,51929861,11106,250,-1,-1,1,528,79.4,0,-1.0,0,0,0,640,360
4180,51942,51940972,11111,250,-1,-1,1,630,79.5,0,-1.0,0,0,0,640,360
4181,51953,51952083,11111,250,-1,-1,1,527,79.8,0,-1.0,0,0,0,640,360
4182,51964,51963193,11110,250,-1,-1,1,629,80.0,0,-1.0,0,0,0,640,360
4183,51975,51974300,11107,250,-1,-1,1,525,80.2,0,-1.0,0,0,0,640,360
4184,51986,51985407,11107,250,-1,-1,1,525,80.5,0,-1.0,0,0,0,640,360
4185,51997,51996514,11107,250,-1,-1,1,525,80.7,0,-1.0,0,0,0,640,360
4186,52008,52007625,11111,250,-1,-1,1,525,80.9,1,-1.0,0,0,0,640,360
4187,52020,52018739,11114,250,-1,-1,1,545,81.1,0,-1.0,0,0,0,640,360
4188,52031,52029849,11110,250,-1,-1,1,533,81.3,0,-1.0,0,0,0,640,360
4189,52042,52040957,11108,250,-1,-1,1,634,81.5,0,-1.0,0,0,0,640,360
4190,52053,52052064,11107,250,-1,-1,1,525,81.5,0,-1.0,0,0,0,640,360
4191,52064,52063175,11111,250,-1,-1,1,630,81.7,0,-1.0,0,0,0,640,360
4192,52075,52074284,11109,250,-1,-1,1,524,81.8,0,-1.0,0,0,0,640,360
4193,52086,52085385,11101,250,-1,-1,1,523,82.0,0,-1.0,0,0,0,640,360
4194,52097,52096500,11115,250,-1,-1,1,525,82.1,0,-1.0,0,0,0,640,360
4195,52108,52107606,11106,250,-1,-1,1,525,82.3,1,-1.0,0,0,0,640,360
4196,52120,52118725,11119,250,-1,-1,1,547,82.4,0,-1.0,0,0,0,640,360
4197,52131,52129826,11101,250,-1,-1,1,546,82.6,0,-1.0,0,0,0,640,360
4198,52142,52140937,11111,250,-1,-1,1,632,82.7,0,-1.0,0,0,0,640,360
4199,52153,52152048,11111,250,-1,-1,1,526,82.7,0,-1.0,0,0,0,640,360
4200,52164,52163158,11110,250,-1,-1,1,629,82.9,0,-1.0,0,0,0,640,360
4201,52175,52174263,11105,250,-1,-1,1,526,83.0,0,-1.0,0,0,0,640,360
4202,52186,52185372,11109,250,-1,-1,1,525,83.1,0,-1.0,0,0,0,640,360
4203,52197,52196479,11107,250,-1,-1,1,526,83.2,0,-1.0,0,0,0,640,360
4204,52208,52207591,11112,250,-1,-1,1,526,83.3,1,-1.0,0,0,0,640,360
4205,52220,52218700,11109,250,-1,-1,1,547,83.4,0,-1.0,0,0,0,640,360
4206,52231,52229810,11110,250,-1,-1,1,546,83.6,0,-1.0,0,0,0,640,360
4207,52242,52240920,11110,250,-1,-1,1,632,83.7,0,-1.0,0,0,0,640,360
4208,52253,52252031,11111,250,-1,-1,1,528,83.7,0,-1.0,0,0,0,640,360
4209,52264,52263143,11112,250,-1,-1,1,631,83.8,0,-1.0,0,0,0,640,360
4210,52275,52274249,11106,250,-1,-1,1,565,83.8,0,-1.0,0,0,0,640,360
4211,52286,52285358,11109,250,-1,-1,1,526,83.9,0,-1.0,0,0,0,640,360
4212,52297,52296464,11106,250,-1,-1,1,528,84.0,0,-1.0,0,0,0,640,360
4213,52308,52307570,11106,250,-1,-1,1,527,84.1,1,-1.0,0,0,0,640,360
4214,52320,52318687,11117,250,-1,-1,1,535,84.2,0,-1.0,0,0,0,640,360
4215,52331,52329797,11110,250,-1,-1,1,529,84.3,0,-1.0,0,0,0,640,360
4216,52342,52340904,11107,250,-1,-1,1,633,84.4,0,-1.0,0,0,0,640,360
4217,52353,52352014,11110,250,-1,-1,1,528,84.4,0,-1.0,0,0,0,640,360
4218,52364,52363119,11105,250,-1,-1,1,626,84.4,0,-1.0,0,0,0,640,360
4219,52375,52374229,11110,250,-1,-1,1,525,84.5,0,-1.0,0,0,0,640,360
4220,52386,52385340,11111,250,-1,-1,1,524,84.6,0,-1.0,0,0,0,640,360
4221,52397,52396447,11107,250,-1,-1,1,525,84.7,0,-1.0,0,0,0,640,360
4222,52408,52407556,11109,250,-1,-1,1,525,84.7,1,-1.0,0,0,0,640,360
4223,52419,52418668,11112,250,-1,-1,1,545,84.8,0,-1.0,0,0,0,640,360
4224,52431,52429780,11112,250,-1,-1,1,544,84.9,0,-1.0,0,0,0,640,360
4225,52442,52440882,11102,250,-1,-1,1,625,85.0,0,-1.0,0,0,0,640,360
4226,52453,52451997,11115,250,-1,-1,1,526,84.9,0,-1.0,0,0,0,640,360
4227,52464,52463104,11107,250,-1,-1,1,629,85.0,0,-1.0,0,0,0,640,360
4228,52476,52474215,11111,250,-1,-1,1,525,83.3,0,-1.0,0,0,0,640,360
4229,52486,52485320,11105,250,-1,-1,1,528,90.9,0,-1.0,0,0,0,640,360
4230,52598,52496429,11109,250,-1,-1,1,526,22.6,0,-1.0,0,0,0,640,360
4231,52598,52596392,99963,250,-1,-1,1,522,29.9,1,-1.0,0,0,0,640,360
4232,52608,52607529,11137,250,-1,-1,1,601,34.7,0,-1.0,0,0,0,640,360
4233,52619,52618632,11103,250,-1,-1,1,534,38.7,0,-1.0,0,0,0,640,360
4234,52631,52629745,11113,250,-1,-1,1,527,42.2,0,-1.0,0,0,0,640,360
4235,52642,52640850,11105,250,-1,-1,1,632,45.2,0,-1.0,0,0,0,640,360
4236,52653,52651963,11113,250,-1,-1,1,527,47.9,0,-1.0,0,0,0,640,360
4237,52664,52663068,11105,250,-1,-1,1,620,50.0,0,-1.0,0,0,0,640,360
4238,52675,52674181,11113,250,-1,-1,1,524,52.1,0,-1.0,0,0,0,640,360
4239,52686,52685285,11104,250,-1,-1,1,524,54.1,0,-1.0,0,0,0,640,360
4240,52697,52696400,11115,250,-1,-1,1,525,55.8,1,-1.0,0,0,0,640,360
4241,52708,52707504,11104,250,-1,-1,1,545,57.4,0,-1.0,0,0,0,640,360
4242,52719,52718616,11112,250,-1,-1,1,544,58.8,0,-1.0,0,0,0,640,360
4243,52731,52729722,11106,250,-1,-1,1,635,60.2,0,-1.0,0,0,0,640,360
4244,52742,52740839,11117,250,-1,-1,1,525,61.2,0,-1.0,0,0,0,640,360
4245,52753,52751942,11103,250,-1,-1,1,630,62.5,0,-1.0,0,0,0,640,360
4246,52764,52763054,11112,250,-1,-1,1,527,63.5,0,-1.0,0,0,0,640,360
4247,52775,52774162,11108,250,-1,-1,1,524,64.3,0,-1.0,0,0,0,640,360
4248,52786,52785269,11107,250,-1,-1,1,523,65.2,0,-1.0,0,0,0,640,360
4249,52797,52796378,11109,250,-1,-1,1,525,66.1,1,-1.0,0,0,0,640,360
4250,52808,52807495,11117,250,-1,-1,1,547,66.9,0,-1.0,0,0,0,640,360
4251,52820,52818600,11105,250,-1,-1,1,548,67.6,0,-1.0,0,0,0,640,360
4252,52831,52829710,11110,250,-1,-1,1,525,68.3,0,-1.0,0,0,0,640,360
4253,52842,52840818,11108,250,-1,-1,1,528,69.0,0,-1.0,0,0,0,640,360
4254,52853,52851927,11109,250,-1,-1,1,633,69.6,0,-1.0,0,0,0,640,360
4255,52864,52863035,11108,250,-1,-1,1,526,70.2,0,-1.0,0,0,0,640,360
4256,52875,52874146,11111,250,-1,-1,1,526,70.7,0,-1.0,0,0,0,640,360
4257,52886,52885251,11105,250,-1,-1,1,525,71.1,0,-1.0,0,0,0,640,360
4258,52897,52896360,11109,250,-1,-1,1,527,71.6,1,-1.0,0,0,0,640,360
4259,52908,52907477,11117,250,-1,-1,1,545,72.1,0,-1.0,0,0,0,640,360
4260,52919,52918586,11109,250,-1,-1,1,546,72.5,0,-1.0,0,0,0,640,360
4261,52931,52929691,11105,250,-1,-1,1,631,73.0,0,-1.0,0,0,0,640,360
4262,52942,52940802,11111,250,-1,-1,1,525,73.2,0,-1.0,0,0,0,640,360
4263,52953,52951910,11108,250,-1,-1,1,629,73.8,0,-1.0,0,0,0,640,360
4264,52964,52963019,11109,250,-1,-1,1,526,74.1,0,-1.0,0,0,0,640,360
4265,52975,52974122,11103,250,-1,-1,1,527,74.5,0,-1.0,0,0,0,640,360
4266,52986,52985235,11113,250,-1,-1,1,527,74.7,0,-1.0,0,0,0,640,360
4267,52997,52996341,11106,250,-1,-1,1,525,75.0,1,-1.0,0,0,0,640,360
4268,53008,53007458,11117,250,-1,-1,1,531,75.4,0,-1.0,0,0,0,640,360
4269,53019,53018561,11103,250,-1,-1,1,528,75.7,0,-1.0,0,0,0,640,360
4270,53031,53029676,11115,250,-1,-1,1,634,76.0,0,-1.0,0,0,0,640,360
4271,53042,53040787,11111,250,-1,-1,1,526,76.1,0,-1.0,0,0,0,640,360
4272,53053,53051896,11109,250,-1,-1,1,628,76.5,0,-1.0,0,0,0,640,360
4273,53064,53063000,11104,250,-1,-1,1,525,76.8,0,-1.0,0,0,0,640,360
4274,53075,53074110,11110,250,-1,-1,1,525,77.0,0,-1.0,0,0,0,640,360
4275,53086,53085216,11106,250,-1,-1,1,527,77.2,0,-1.0,0,0,0,640,360
4276,53097,53096326,11110,250,-1,-1,1,529,77.4,1,-1.0,0,0,0,640,360
4277,53108,53107439,11113,250,-1,-1,1,535,77.6,0,-1.0,0,0,0,640,360
4278,53119,53118549,11110,250,-1,-1,1,531,77.9,0,-1.0,0,0,0,640,360
4279,53131,53129653,11104,250,-1,-1,1,633,78.1,0,-1.0,0,0,0,640,360
4280,53142,53140767,11114,250,-1,-1,1,527,78.2,0,-1.0,0,0,0,640,360
4281,53153,53151874,11107,250,-1,-1,1,627,78.5,0,-1.0,0,0,0,640,360
4282,53164,53162988,11114,250,-1,-1,1,526,78.7,0,-1.0,0,0,0,640,360
4283,53175,53174089,11101,250,-1,-1,1,525,78.8,0,-1.0,0,0,0,640,360
4284,53186,53185205,11116,250,-1,-1,1,523,78.9,0,-1.0,0,0,0,640,360
4285,53197,53196307,11102,250,-1,-1,1,524,79.1,1,-1.0,0,0,0,640,360
4286,53208,53207424,11117,250,-1,-1,1,545,79.3,0,-1.0,0,0,0,640,360
4287,53220,53218527,11103,250,-1,-1,1,533,79.5,0,-1.0,0,0,0,640,360
4288,53230,53229638,11111,250,-1,-1,1,635,79.6,0,-1.0,0,0,0,640,360
4289,53242,53240753,11115,250,-1,-1,1,525,79.7,0,-1.0,0,0,0,640,360
4290,53253,53251858,11105,250,-1,-1,1,629,79.9,0,-1.0,0,0,0,640,360
4291,53264,53262964,11106,250,-1,-1,1,528,80.1,0,-1.0,0,0,0,640,360
4292,53275,53274076,11112,250,-1,-1,1,527,80.2,0,-1.0,0,0,0,640,360
4293,53286,53285181,11105,250,-1,-1,1,526,80.3,0,-1.0,0,0,0,640,360
4294,53297,53296292,11111,250,-1,-1,1,525,80.4,1,-1.0,0,0,0,640,360
4295,53308,53307406,11114,250,-1,-1,1,546,80.6,0,-1.0,0,0,0,640,360
4296,53319,53318510,11104,250,-1,-1,1,545,80.7,0,-1.0,0,0,0,640,360
4297,53331,53329623,11113,250,-1,-1,1,527,80.8,0,-1.0,0,0,0,640,360
4298,53342,53340735,11112,250,-1,-1,1,528,81.0,0,-1.0,0,0,0,640,360
4299,53353,53351845,11110,250,-1,-1,1,631,81.1,0,-1.0,0,0,0,640,360
4300,53364,53362950,11105,250,-1,-1,1,526,81.2,0,-1.0,0,0,0,640,360
4301,53375,53374059,11109,250,-1,-1,1,526,81.3,0,-1.0,0,0,0,640,360
4302,53386,53385164,11105,250,-1,-1,1,525,81.4,0,-1.0,0,0,0,640,360
4303,53397,53396273,11109,250,-1,-1,1,526,81.5,1,-1.0,0,0,0,640,360
4304,53408,53407387,11114,250,-1,-1,1,528,81.6,0,-1.0,0,0,0,640,360
4305,53419,53418496,11109,250,-1,-1,1,544,81.7,0,-1.0,0,0,0,640,360
4306,53430,53429608,11112,250,-1,-1,1,632,81.8,0,-1.0,0,0,0,640,360
4307,53442,53440717,11109,250,-1,-1,1,526,81.9,0,-1.0,0,0,0,640,360
4308,53453,53451827,11110,250,-1,-1,1,526,81.9,0,-1.0,0,0,0,640,360
4309,53464,53462938,11111,250,-1,-1,1,627,82.1,0,-1.0,0,0,0,640,360
4310,53475,53474043,11105,250,-1,-1,1,526,82.2,0,-1.0,0,0,0,640,360
4311,53486,53485152,11109,250,-1,-1,1,527,90.9,0,-1.0,0,0,0,640,360
4312,53497,53496261,11109,250,-1,-1,1,525,87.0,1,-1.0,0,0,0,640,360
4313,53508,53507369,11108,250,-1,-1,1,536,88.2,0,-1.0,0,0,0,640,360
4314,53519,53518481,11112,250,-1,-1,1,526,88.9,0,-1.0,0,0,0,640,360
4315,53530,53529587,11106,250,-1,-1,1,526,89.3,0,-1.0,0,0,0,640,360
4316,53542,53540701,11114,250,-1,-1,1,525,89.6,0,-1.0,0,0,0,640,360
4317,53553,53551808,11107,250,-1,-1,1,605,89.7,0,-1.0,0,0,0,640,360
4318,53564,53562973,11165,250,-1,-1,1,525,89.9,0,-1.0,0,0,0,640,360
4319,53575,53574024,11051,250,-1,-1,1,525,90.0,0,-1.0,0,0,0,640,360
4320,53658,53585135,11111,250,-1,-1,1,710,54.3,0,-1.0,0,0,0,640,360
4321,53660,53651777,66642,250,-1,-1,1,603,59.1,1,-1.0,0,0,0,640,360
4322,53664,53662909,11132,250,-1,-1,1,629,63.5,0,-1.0,0,0,0,640,360
4323,53675,53674009,11100,250,-1,-1,1,527,65.0,0,-1.0,0,0,0,640,360
4324,53686,53685118,11109,250,-1,-1,1,527,66.4,0,-1.0,0,0,0,640,360
4325,53697,53696228,11110,250,-1,-1,1,525,67.3,0,-1.0,0,0,0,640,360
4326,53708,53707340,11112,250,-1,-1,1,629,68.4,0,-1.0,0,0,0,640,360
4327,53719,53718448,11108,250,-1,-1,1,545,69.4,0,-1.0,0,0,0,640,360
4328,53730,53729553,11105,250,-1,-1,1,545,70.3,0,-1.0,0,0,0,640,360
4329,53742,53740665,11112,250,-1,-1,1,647,71.2,0,-1.0,0,0,0,640,360
4330,53753,53751776,11111,250,-1,-1,1,626,71.9,1,-1.0,0,0,0,640,360
4331,53764,53762888,11112,250,-1,-1,1,604,72.7,0,-1.0,0,0,0,640,360
4332,53775,53773991,11103,250,-1,-1,1,544,73.3,0,-1.0,0,0,0,640,360
4333,53786,53785103,11112,250,-1,-1,1,547,74.0,0,-1.0,0,0,0,640,360
4334,53797,53796207,11104,250,-1,-1,1,626,74.3,0,-1.0,0,0,0,640,360
4335,53808,53807323,11116,250,-1,-1,1,526,74.9,0,-1.0,0,0,0,640,360
4336,53819,53818426,11103,250,-1,-1,1,528,75.4,0,-1.0,0,0,0,640,360
4337,53830,53829537,11111,250,-1,-1,1,526,75.8,0,-1.0,0,0,0,640,360
4338,53842,53840644,11107,250,-1,-1,1,527,76.3,0,-1.0,0,0,0,640,360
4339,53853,53851755,11111,250,-1,-1,1,526,76.7,1,-1.0,0,0,0,640,360
4340,53864,53862864,11109,250,-1,-1,1,580,77.1,0,-1.0,0,0,0,640,360
4341,53875,53873978,11114,250,-1,-1,1,547,77.5,0,-1.0,0,0,0,640,360
4342,53886,53885082,11104,250,-1,-1,1,639,77.7,0,-1.0,0,0,0,640,360
4343,53897,53896198,11116,250,-1,-1,1,524,78.0,0,-1.0,0,0,0,640,360
4344,53908,53907298,11100,250,-1,-1,1,628,78.3,0,-1.0,0,0,0,640,360
4345,53919,53918414,11116,250,-1,-1,1,525,78.7,0,-1.0,0,0,0,640,360
4346,53930,53929517,11103,250,-1,-1,1,525,78.9,0,-1.0,0,0,0,640,360
4347,53941,53940629,11112,250,-1,-1,1,527,79.2,0,-1.0,0,0,0,640,360
4348,53953,53951741,11112,250,-1,-1,1,528,79.5,1,-1.0,0,0,0,640,360
4349,53964,53962851,11110,250,-1,-1,1,587,79.8,0,-1.0,0,0,0,640,360
4350,53975,53973957,11106,250,-1,-1,1,548,80.0,0,-1.0,0,0,0,640,360
4351,53986,53985067,11110,250,-1,-1,1,633,80.1,0,-1.0,0,0,0,640,360
4352,53998,53996174,11107,250,-1,-1,1,528,80.3,0,-1.0,0,0,0,640,360
4353,54008,54007288,11114,250,-1,-1,1,625,80.5,0,-1.0,0,0,0,640,360
4354,54019,54018394,11106,250,-1,-1,1,524,80.7,0,-1.0,0,0,0,640,360
4355,54030,54029501,11107,250,-1,-1,1,525,80.9,0,-1.0,0,0,0,640,360
4356,54041,54040609,11108,250,-1,-1,1,525,81.1,0,-1.0,0,0,0,640,360
4357,54053,54051720,11111,250,-1,-1,1,528,81.3,1,-1.0,0,0,0,640,360
4358,54064,54062831,11111,250,-1,-1,1,589,81.5,0,-1.0,0,0,0,640,360
4359,54075,54073944,11113,250,-1,-1,1,545,81.7,0,-1.0,0,0,0,640,360
4360,54086,54085045,11101,250,-1,-1,1,633,81.7,0,-1.0,0,0,0,640,360
4361,54097,54096161,11116,250,-1,-1,1,527,81.9,0,-1.0,0,0,0,640,360
4362,54108,54107267,11106,250,-1,-1,1,627,82.0,0,-1.0,0,0,0,640,360
4363,54119,54118379,11112,250,-1,-1,1,526,82.2,0,-1.0,0,0,0,640,360
4364,54130,54129480,11101,250,-1,-1,1,525,82.3,0,-1.0,0,0,0,640,360
4365,54141,54140594,11114,250,-1,-1,1,525,82.5,0,-1.0,0,0,0,640,360
4366,54153,54151703,11109,250,-1,-1,1,528,82.6,1,-1.0,0,0,0,640,360
4367,54164,54162817,11114,250,-1,-1,1,590,82.7,0,-1.0,0,0,0,640,360
4368,54175,54173924,11107,250,-1,-1,1,544,82.9,0,-1.0,0,0,0,640,360
4369,54186,54185034,11110,250,-1,-1,1,627,82.9,0,-1.0,0,0,0,640,360
4370,54197,54196142,11108,250,-1,-1,1,526,83.0,0,-1.0,0,0,0,640,360
4371,54208,54207252,11110,250,-1,-1,1,630,83.1,0,-1.0,0,0,0,640,360
4372,54219,54218359,11107,250,-1,-1,1,525,83.2,0,-1.0,0,0,0,640,360
4373,54230,54229469,11110,250,-1,-1,1,526,83.3,0,-1.0,0,0,0,640,360
4374,54242,54240575,11106,250,-1,-1,1,526,83.4,0,-1.0,0,0,0,640,360
4375,54253,54251684,11109,250,-1,-1,1,525,83.5,1,-1.0,0,0,0,640,360
4376,54264,54262798,11114,250,-1,-1,1,544,83.7,0,-1.0,0,0,0,640,360
4377,54275,54273908,11110,250,-1,-1,1,556,83.8,0,-1.0,0,0,0,640,360
4378,54286,54285016,11108,250,-1,-1,1,634,83.7,0,-1.0,0,0,0,640,360
4379,54297,54296126,11110,250,-1,-1,1,571,83.8,0,-1.0,0,0,0,640,360
4380,54308,54307231,11105,250,-1,-1,1,629,83.9,0,-1.0,0,0,0,640,360
4381,54319,54318344,11113,250,-1,-1,1,526,84.0,0,-1.0,0,0,0,640,360
4382,54330,54329450,11106,250,-1,-1,1,525,84.1,0,-1.0,0,0,0,640,360
4383,54341,54340560,11110,250,-1,-1,1,525,84.2,0,-1.0,0,0,0,640,360
4384,54352,54351669,11109,250,-1,-1,1,526,84.3,1,-1.0,0,0,0,640,360
4385,54364,54362782,11113,250,-1,-1,1,536,84.4,0,-1.0,0,0,0,640,360
4386,54375,54373888,11106,250,-1,-1,1,547,84.4,0,-1.0,0,0,0,640,360
4387,54386,54385001,11113,250,-1,-1,1,633,84.4,0,-1.0,0,0,0,640,360
4388,54397,54396110,11109,250,-1,-1,1,523,84.6,0,-1.0,0,0,0,640,360
4389,54408,54407219,11109,250,-1,-1,1,604,84.6,0,-1.0,0,0,0,640,360
4390,54419,54418323,11104,250,-1,-1,1,525,84.7,0,-1.0,0,0,0,640,360
4391,54430,54429434,11111,250,-1,-1,1,526,84.7,0,-1.0,0,0,0,640,360
4392,54441,54440540,11106,250,-1,-1,1,523,84.8,0,-1.0,0,0,0,640,360
4393,54452,54451651,11111,250,-1,-1,1,527,84.9,1,-1.0,0,0,0,640,360
4394,54464,54462761,11110,250,-1,-1,1,545,84.9,0,-1.0,0,0,0,640,360
4395,54475,54473875,11114,250,-1,-1,1,532,85.0,0,-1.0,0,0,0,640,360
4396,54520,54518295,44420,250,-1,-1,1,527,22.2,0,-1.0,0,0,0,640,360
4397,54530,54529419,11124,250,-1,-1,1,525,35.7,0,-1.0,0,0,0,640,360
4398,54541,54540526,11107,250,-1,-1,1,526,44.8,0,-1.0,0,0,0,640,360
4399,54552,54551631,11105,250,-1,-1,1,525,51.3,0,-1.0,0,0,0,640,360
4400,54564,54562743,11112,250,-1,-1,1,527,56.2,0,-1.0,0,0,0,640,360
4401,54575,54573848,11105,250,-1,-1,1,526,60.0,0,-1.0,0,0,0,640,360
4402,54586,54584962,11114,250,-1,-1,1,526,63.1,1,-1.0,0,0,0,640,360
4403,54597,54596073,11111,250,-1,-1,1,537,65.6,0,-1.0,0,0,0,640,360
4404,54608,54607182,11109,250,-1,-1,1,547,67.2,0,-1.0,0,0,0,640,360
4405,54619,54618292,11110,250,-1,-1,1,635,69.0,0,-1.0,0,0,0,640,360
4406,54630,54629403,11111,250,-1,-1,1,528,70.5,0,-1.0,0,0,0,640,360
4407,54641,54640511,11108,250,-1,-1,1,629,71.9,0,-1.0,0,0,0,640,360
4408,54653,54651620,11109,250,-1,-1,1,532,73.0,0,-1.0,0,0,0,640,360
4409,54664,54662728,11108,250,-1,-1,1,533,74.1,0,-1.0,0,0,0,640,360
4410,54756,54673837,11109,250,76,52,0,644,46.4,0,1.1,1,0,0,640,360
4411,54798,54796023,122186,250,-1,-1,1,36,49.5,1,-1.0,1,55,35,45,45
4412,54809,54807150,11127,250,-1,-1,1,32,50.9,0,-1.0,1,53,34,48,48
4413,54819,54818253,11103,250,-1,-1,1,35,47.5,0,-1.0,2,52,34,50,50
4414,54854,54851574,33321,250,-1,-1,1,139,50.1,0,-1.0,2,0,0,166,166
4415,54864,54862694,11120,250,-1,-1,1,206,51.4,0,-1.0,2,0,0,211,211
4416,54875,54873802,11108,250,-1,-1,1,537,52.5,0,-1.0,2,0,0,640,360
4417,54886,54884911,11109,250,-1,-1,1,536,53.5,0,-1.0,2,0,0,640,360
4418,54897,54896018,11107,250,-1,-1,1,535,54.5,0,-1.0,2,0,0,640,360
4419,54908,54907129,11111,250,-1,-1,1,534,55.4,0,-1.0,2,0,0,640,360
4420,54919,54918239,11110,250,83,51,0,539,55.2,1,1.0,1,0,0,640,360
4421,54931,54929347,11108,250,-1,-1,1,31,57.0,0,-1.0,1,62,28,40,40
4422,54941,54940464,11117,250,-1,-1,1,31,57.9,0,-1.0,1,62,24,41,41
4423,54952,54951560,11096,250,-1,-1,1,34,56.3,0,-1.0,2,60,19,43,43
4424,54972,54962679,11119,250,-1,-1,1,98,58.4,0,-1.0,2,14,0,132,132
4425,54975,54973778,11099,250,-1,-1,1,133,60.0,0,-1.0,2,0,0,163,163
4426,54986,54984894,11116,250,-1,-1,1,192,60.7,0,-1.0,2,0,0,202,202
4427,54997,54996001,11107,250,-1,-1,1,526,61.3,0,-1.0,2,0,0,640,360
4428,55008,55007111,11110,250,-1,-1,1,527,61.8,0,-1.0,2,0,0,640,360
4429,55019,55018221,11110,250,-1,-1,1,527,62.4,1,-1.0,2,0,0,640,360
4430,55030,55029332,11111,250,-1,-1,1,545,62.9,0,-1.0,2,0,0,640,360
4431,55041,55040444,11112,250,-1,-1,1,546,63.5,0,-1.0,2,0,0,640,360
4432,55053,55051554,11110,250,-1,-1,1,525,64.0,0,-1.0,2,0,0,640,360
4433,55063,55062660,11106,250,-1,-1,1,525,64.5,0,-1.0,2,0,0,640,360
4434,55075,55073772,11112,250,-1,-1,1,630,65.0,0,-1.0,2,0,0,640,360
4435,55086,55084877,11105,250,-1,-1,1,526,65.5,0,-1.0,2,0,0,640,360
4436,55097,55095987,11110,250,-1,-1,1,524,65.9,0,-1.0,2,0,0,640,360
4437,55108,55107091,11104,250,-1,-1,1,525,66.2,0,-1.0,2,0,0,640,360
4438,55119,55118205,11114,250,-1,-1,1,524,66.7,1,-1.0,2,0,0,640,360
4439,55130,55129315,11110,250,-1,-1,1,545,67.1,0,-1.0,2,0,0,640,360
4440,55141,55140427,11112,250,-1,-1,1,546,67.5,0,-1.0,2,0,0,640,360
4441,55153,55151531,11104,250,-1,-1,1,523,67.8,0,-1.0,2,0,0,640,360
4442,55163,55162646,11115,250,-1,-1,1,526,68.2,0,-1.0,2,0,0,640,360
4443,55175,55173753,11107,250,-1,-1,1,631,68.6,0,-1.0,2,0,0,640,360
4444,55186,55184860,11107,250,-1,-1,1,528,68.9,0,-1.0,2,0,0,640,360
4445,55197,55195966,11106,250,-1,-1,1,525,69.3,0,-1.0,2,0,0,640,360
4446,55208,55207076,11110,250,-1,-1,1,527,69.6,0,-1.0,2,0,0,640,360
4447,55219,55218183,11107,250,-1,-1,1,525,69.8,1,-1.0,2,0,0,640,360
4448,55230,55229303,11120,250,-1,-1,1,542,70.1,0,-1.0,2,0,0,640,360
4449,55241,55240408,11105,250,-1,-1,1,544,70.4,0,-1.0,2,0,0,640,360
4450,55253,55251520,11112,250,-1,-1,1,526,70.7,0,-1.0,2,0,0,640,360
4451,55263,55262630,11110,250,-1,-1,1,526,71.0,0,-1.0,2,0,0,640,360
4452,55275,55273738,11108,250,-1,-1,1,626,71.2,0,-1.0,2,0,0,640,360
4453,55286,55284846,11108,250,-1,-1,1,527,71.5,0,-1.0,2,0,0,640,360
4454,55297,55295949,11103,250,-1,-1,1,527,71.8,0,-1.0,2,0,0,640,360
4455,55308,55307056,11107,250,-1,-1,1,525,72.0,0,-1.0,2,0,0,640,360
4456,55319,55318168,11112,250,-1,-1,1,525,71.3,1,-1.0,0,0,0,640,360
4457,55331,55329280,11112,250,-1,-1,1,523,72.3,0,-1.0,0,0,0,640,360
4458,55341,55340394,11114,250,-1,-1,1,547,72.7,0,-1.0,0,0,0,640,360
4459,55352,55351504,11110,250,-1,-1,1,546,72.9,0,-1.0,0,0,0,640,360
4460,55364,55362612,11108,250,-1,-1,1,629,73.1,0,-1.0,0,0,0,640,360
4461,55375,55373759,11147,250,-1,-1,1,630,73.3,0,-1.0,0,0,0,640,360
4462,55386,55384827,11068,250,-1,-1,1,526,73.5,0,-1.0,0,0,0,640,360
4463,55397,55395936,11109,250,-1,-1,1,526,73.8,0,-1.0,0,0,0,640,360
4464,55408,55407042,11106,250,-1,-1,1,526,74.0,0,-1.0,0,0,0,640,360
4465,55419,55418153,11111,250,-1,-1,1,524,74.2,1,-1.0,0,0,0,640,360
4466,55430,55429267,11114,250,-1,-1,1,532,74.3,0,-1.0,0,0,0,640,360
4467,55441,55440373,11106,250,-1,-1,1,526,74.5,0,-1.0,0,0,0,640,360
4468,55452,55451484,11111,250,-1,-1,1,526,74.6,0,-1.0,0,0,0,640,360
4469,55463,55462592,11108,250,-1,-1,1,628,74.8,0,-1.0,0,0,0,640,360
4470,55475,55473698,11106,250,-1,-1,1,628,75.0,0,-1.0,0,0,0,640,360
4471,55493,55484813,11115,250,-1,-1,1,527,52.6,0,-1.0,0,0,0,640,360
4472,55497,55495910,11097,250,-1,-1,1,526,90.9,0,-1.0,0,0,0,640,360
4473,55508,55507024,11114,250,-1,-1,1,525,90.9,0,-1.0,0,0,0,640,360
4474,55519,55518137,11113,250,-1,-1,1,526,90.9,1,-1.0,0,0,0,640,360
4475,55530,55529249,11112,250,-1,-1,1,556,89.3,0,-1.0,0,0,0,640,360
4476,55541,55540356,11107,250,-1,-1,1,546,89.6,0,-1.0,0,0,0,640,360
4477,55552,55551464,11108,250,-1,-1,1,526,89.7,0,-1.0,0,0,0,640,360
4478,55563,55562576,11112,250,-1,-1,1,529,89.9,0,-1.0,0,0,0,640,360
4479,55575,55573682,11106,250,-1,-1,1,626,90.0,0,-1.0,0,0,0,640,360
4480,55586,55584795,11113,250,-1,-1,1,527,90.1,0,-1.0,0,0,0,640,360
4481,55597,55595900,11105,250,-1,-1,1,524,90.2,0,-1.0,0,0,0,640,360
4482,55608,55607006,11106,250,-1,-1,1,529,90.2,0,-1.0,0,0,0,640,360
4483,55619,55618118,11112,250,-1,-1,1,526,90.3,1,-1.0,0,0,0,640,360
4484,55630,55629234,11116,250,-1,-1,1,547,89.7,0,-1.0,0,0,0,640,360
4485,55641,55640339,11105,250,-1,-1,1,544,89.8,0,-1.0,0,0,0,640,360
4486,55652,55651452,11113,250,-1,-1,1,526,89.9,0,-1.0,0,0,0,640,360
4487,55663,55662558,11106,250,-1,-1,1,524,89.9,0,-1.0,0,0,0,640,360
4488,55675,55673669,11111,250,-1,-1,1,628,90.0,0,-1.0,0,0,0,640,360
4489,55686,55684780,11111,250,-1,-1,1,528,90.0,0,-1.0,0,0,0,640,360
4490,55697,55695882,11102,250,-1,-1,1,528,90.1,0,-1.0,0,0,0,640,360
4491,55708,55706989,11107,250,-1,-1,1,525,90.1,0,-1.0,0,0,0,640,360
4492,55719,55718102,11113,250,-1,-1,1,527,90.2,1,-1.0,0,0,0,640,360
4493,55730,55729212,11110,250,-1,-1,1,530,89.8,0,-1.0,0,0,0,640,360
4494,55741,55740324,11112,250,-1,-1,1,527,89.9,0,-1.0,0,0,0,640,360
4495,55752,55751432,11108,250,-1,-1,1,524,89.9,0,-1.0,0,0,0,640,360
4496,55763,55762543,11111,250,-1,-1,1,526,90.0,0,-1.0,0,0,0,640,360
4497,55775,55773652,11109,250,-1,-1,1,625,90.0,0,-1.0,0,0,0,640,360
4498,55786,55784764,11112,250,-1,-1,1,525,90.0,0,-1.0,0,0,0,640,360
4499,55797,55795864,11100,250,-1,-1,1,524,90.1,0,-1.0,0,0,0,640,360
4500,55898,55806976,11112,250,-1,-1,1,607,70.8,0,-1.0,0,0,0,640,360
4501,55899,55895835,88859,250,-1,-1,1,600,72.9,1,-1.0,0,0,0,640,360
4502,55908,55906965,11130,250,-1,-1,1,525,73.9,0,-1.0,0,0,0,640,360
4503,55919,55918068,11103,250,-1,-1,1,525,74.3,0,-1.0,0,0,0,640,360
4504,55930,55929178,11110,250,-1,-1,1,543,74.6,0,-1.0,0,0,0,640,360
4505,55941,55940288,11110,250,-1,-1,1,524,74.9,0,-1.0,0,0,0,640,360
4506,55952,55951396,11108,250,-1,-1,1,527,75.3,0,-1.0,0,0,0,640,360
4507,55963,55962502,11106,250,-1,-1,1,527,75.7,0,-1.0,0,0,0,640,360
4508,55975,55973616,11114,250,-1,-1,1,628,76.0,0,-1.0,0,0,0,640,360
4509,55986,55984727,11111,250,-1,-1,1,545,76.3,0,-1.0,0,0,0,640,360
4510,55997,55995832,11105,250,-1,-1,1,546,76.6,1,-1.0,0,0,0,640,360
4511,56008,56006946,11114,250,-1,-1,1,535,76.9,0,-1.0,0,0,0,640,360
4512,56019,56018051,11105,250,-1,-1,1,591,77.2,0,-1.0,0,0,0,640,360
4513,56030,56029165,11114,250,-1,-1,1,627,77.3,0,-1.0,0,0,0,640,360
4514,56041,56040362,11197,250,-1,-1,1,528,77.6,0,-1.0,0,0,0,640,360
4515,56052,56051382,11020,250,-1,-1,1,528,77.9,0,-1.0,0,0,0,640,360
4516,56063,56062488,11106,250,-1,-1,1,528,78.1,0,-1.0,0,0,0,640,360
4517,56074,56073599,11111,250,-1,-1,1,629,78.3,0,-1.0,0,0,0,640,360
4518,56086,56084709,11110,250,-1,-1,1,629,78.6,0,-1.0,0,0,0,640,360
4519,56097,56095969,11260,250,-1,-1,1,525,78.8,1,-1.0,0,0,0,640,360
4520,56108,56106930,10961,250,-1,-1,1,545,79.0,0,-1.0,0,0,0,640,360
4521,56119,56118036,11106,250,-1,-1,1,546,79.2,0,-1.0,0,0,0,640,360
4522,56130,56129147,11111,250,-1,-1,1,632,79.3,0,-1.0,0,0,0,640,360
4523,56141,56140256,11109,250,-1,-1,1,628,79.5,0,-1.0,0,0,0,640,360
4524,56152,56151362,11106,250,-1,-1,1,524,79.6,0,-1.0,0,0,0,640,360
4525,56163,56162468,11106,250,-1,-1,1,526,79.8,0,-1.0,0,0,0,640,360
4526,56174,56173577,11109,250,-1,-1,1,526,80.0,0,-1.0,0,0,0,640,360
4527,56185,56184687,11110,250,-1,-1,1,528,80.2,0,-1.0,0,0,0,640,360
4528,56197,56195795,11108,250,-1,-1,1,523,80.3,1,-1.0,0,0,0,640,360
4529,56208,56206910,11115,250,-1,-1,1,543,80.5,0,-1.0,0,0,0,640,360
4530,56219,56218019,11109,250,-1,-1,1,547,80.6,0,-1.0,0,0,0,640,360
4531,56230,56229127,11108,250,-1,-1,1,524,80.7,0,-1.0,0,0,0,640,360
4532,56241,56240236,11109,250,-1,-1,1,526,80.8,0,-1.0,0,0,0,640,360
4533,56252,56251346,11110,250,-1,-1,1,627,81.0,0,-1.0,0,0,0,640,360
4534,56263,56262455,11109,250,-1,-1,1,528,81.1,0,-1.0,0,0,0,640,360
4535,56274,56273562,11107,250,-1,-1,1,527,81.2,0,-1.0,0,0,0,640,360
4536,56286,56284666,11104,250,-1,-1,1,526,81.4,0,-1.0,0,0,0,640,360
4537,56297,56295779,11113,250,-1,-1,1,527,81.5,1,-1.0,0,0,0,640,360
4538,56308,56306891,11112,250,-1,-1,1,532,81.6,0,-1.0,0,0,0,640,360
4539,56319,56318003,11112,250,-1,-1,1,544,81.8,0,-1.0,0,0,0,640,360
4540,56330,56329110,11107,250,-1,-1,1,524,81.8,0,-1.0,0,0,0,640,360
4541,56341,56340223,11113,250,-1,-1,1,525,81.9,0,-1.0,0,0,0,640,360
4542,56352,56351330,11107,250,-1,-1,1,628,82.0,0,-1.0,0,0,0,640,360
4543,56363,56362443,11113,250,-1,-1,1,525,82.1,0,-1.0,0,0,0,640,360
4544,56374,56373546,11103,250,-1,-1,1,524,82.2,0,-1.0,0,0,0,640,360
4545,56385,56384657,11111,250,-1,-1,1,524,82.3,0,-1.0,0,0,0,640,360
4546,56397,56395762,11105,250,-1,-1,1,528,82.4,1,-1.0,0,0,0,640,360
4547,56408,56406878,11116,250,-1,-1,1,542,82.5,0,-1.0,0,0,0,640,360
4548,56419,56417985,11107,250,-1,-1,1,531,82.6,0,-1.0,0,0,0,640,360
4549,56430,56429099,11114,250,-1,-1,1,526,82.6,0,-1.0,0,0,0,640,360
4550,56441,56440206,11107,250,-1,-1,1,546,82.7,0,-1.0,0,0,0,640,360
4551,56452,56451317,11111,250,-1,-1,1,630,82.8,0,-1.0,0,0,0,640,360
4552,56463,56462423,11106,250,-1,-1,1,526,82.9,0,-1.0,0,0,0,640,360
4553,56474,56473530,11107,250,-1,-1,1,525,83.0,0,-1.0,0,0,0,640,360
4554,56489,56484639,11109,250,-1,-1,1,527,71.4,0,-1.0,0,0,0,640,360
4555,56497,56495750,11111,250,-1,-1,1,524,90.9,1,-1.0,0,0,0,640,360
4556,56508,56506859,11109,250,-1,-1,1,545,90.9,0,-1.0,0,0,0,640,360
4557,56519,56517967,11108,250,-1,-1,1,545,90.9,0,-1.0,0,0,0,640,360
4558,56530,56529075,11108,250,-1,-1,1,526,89.3,0,-1.0,0,0,0,640,360
4559,56541,56540187,11112,250,-1,-1,1,528,89.6,0,-1.0,0,0,0,640,360
4560,56552,56551292,11105,250,-1,-1,1,628,89.7,0,-1.0,0,0,0,640,360
4561,56563,56562408,11116,250,-1,-1,1,523,89.9,0,-1.0,0,0,0,640,360
4562,56574,56573508,11100,250,-1,-1,1,528,90.0,0,-1.0,0,0,0,640,360
4563,56585,56584619,11111,250,-1,-1,1,525,90.1,0,-1.0,0,0,0,640,360
4564,56597,56595728,11109,250,-1,-1,1,525,90.2,1,-1.0,0,0,0,640,360
4565,56608,56606843,11115,250,-1,-1,1,532,90.2,0,-1.0,0,0,0,640,360
4566,56619,56617951,11108,250,-1,-1,1,530,90.3,0,-1.0,0,0,0,640,360
4567,56630,56629061,11110,250,-1,-1,1,524,89.7,0,-1.0,0,0,0,640,360
4568,56641,56640167,11106,250,-1,-1,1,538,89.8,0,-1.0,0,0,0,640,360
4569,56652,56651281,11114,250,-1,-1,1,634,89.9,0,-1.0,0,0,0,640,360
4570,56663,56662384,11103,250,-1,-1,1,525,89.9,0,-1.0,0,0,0,640,360
4571,56674,56673494,11110,250,-1,-1,1,526,90.0,0,-1.0,0,0,0,640,360
4572,56686,56684602,11108,250,-1,-1,1,525,90.0,0,-1.0,0,0,0,640,360
4573,56697,56695714,11112,250,-1,-1,1,525,90.1,1,-1.0,0,0,0,640,360
4574,56708,56706824,11110,250,-1,-1,1,546,90.1,0,-1.0,0,0,0,640,360
4575,56719,56717935,11111,250,-1,-1,1,541,90.2,0,-1.0,0,0,0,640,360
4576,56730,56729043,11108,250,-1,-1,1,526,89.8,0,-1.0,0,0,0,640,360
4577,56741,56740156,11113,250,-1,-1,1,524,89.9,0,-1.0,0,0,0,640,360
4578,56752,56751260,11104,250,-1,-1,1,634,89.9,0,-1.0,0,0,0,640,360
4579,56763,56762372,11112,250,-1,-1,1,525,90.0,0,-1.0,0,0,0,640,360
4580,56774,56773476,11104,250,-1,-1,1,525,90.0,0,-1.0,0,0,0,640,360
4581,56785,56784584,11108,250,-1,-1,1,525,90.0,0,-1.0,0,0,0,640,360
4582,56796,56795695,11111,250,-1,-1,1,524,90.1,1,-1.0,0,0,0,640,360
4583,56808,56806806,11111,250,-1,-1,1,545,90.1,0,-1.0,0,0,0,640,360
4584,56819,56817915,11109,250,-1,-1,1,544,90.1,0,-1.0,0,0,0,640,360
4585,56830,56829025,11110,250,-1,-1,1,526,89.9,0,-1.0,0,0,0,640,360
4586,56841,56840139,11114,250,-1,-1,1,542,89.9,0,-1.0,0,0,0,640,360
4587,56852,56851247,11108,250,-1,-1,1,630,89.9,0,-1.0,0,0,0,640,360
4588,56863,56862355,11108,250,-1,-1,1,526,90.0,0,-1.0,0,0,0,640,360
4589,56874,56873461,11106,250,-1,-1,1,525,90.0,0,-1.0,0,0,0,640,360
4590,56980,56884568,11107,250,-1,-1,1,608,73.1,0,-1.0,0,0,0,640,360
4591,56982,56973423,88855,250,-1,-1,1,607,75.0,1,-1.0,0,0,0,640,360
4592,56986,56984569,11146,250,-1,-1,1,631,76.3,0,-1.0,0,0,0,640,360
4593,56996,56995660,11091,250,-1,-1,1,524,76.6,0,-1.0,0,0,0,640,360
4594,57008,57006772,11112,250,-1,-1,1,526,76.9,0,-1.0,0,0,0,640,360
4595,57019,57017879,11107,250,-1,-1,1,526,77.1,0,-1.0,0,0,0,640,360
4596,57030,57028994,11115,250,-1,-1,1,630,77.3,0,-1.0,0,0,0,640,360
4597,57041,57040103,11109,250,-1,-1,1,544,77.7,0,-1.0,0,0,0,640,360
4598,57052,57051211,11108,250,-1,-1,1,549,77.9,0,-1.0,0,0,0,640,360
4599,57063,57062318,11107,250,-1,-1,1,629,78.1,0,-1.0,0,0,0,640,360
4600,57074,57073433,11115,250,-1,-1,1,525,78.3,1,-1.0,0,0,0,640,360
4601,57085,57084540,11107,250,-1,-1,1,635,78.6,0,-1.0,0,0,0,640,360
4602,57096,57095650,11110,250,-1,-1,1,547,78.8,0,-1.0,0,0,0,640,360
4603,57108,57106755,11105,250,-1,-1,1,545,79.0,0,-1.0,0,0,0,640,360
4604,57119,57117864,11109,250,-1,-1,1,524,79.1,0,-1.0,0,0,0,640,360
4605,57130,57128975,11111,250,-1,-1,1,524,79.4,0,-1.0,0,0,0,640,360
4606,57141,57140085,11110,250,-1,-1,1,632,79.5,0,-1.0,0,0,0,640,360
4607,57152,57151192,11107,250,-1,-1,1,528,79.6,0,-1.0,0,0,0,640,360
4608,57163,57162299,11107,250,-1,-1,1,524,79.8,0,-1.0,0,0,0,640,360
4609,57174,57173407,11108,250,-1,-1,1,524,80.0,1,-1.0,0,0,0,640,360
4610,57185,57184525,11118,250,-1,-1,1,547,80.2,0,-1.0,0,0,0,640,360
4611,57196,57195627,11102,250,-1,-1,1,545,80.3,0,-1.0,0,0,0,640,360
4612,57208,57206737,11110,250,-1,-1,1,524,80.4,0,-1.0,0,0,0,640,360
4613,57219,57217849,11112,250,-1,-1,1,534,80.6,0,-1.0,0,0,0,640,360
4614,57230,57228960,11111,250,-1,-1,1,632,80.8,0,-1.0,0,0,0,640,360
4615,57241,57240067,11107,250,-1,-1,1,526,80.9,0,-1.0,0,0,0,640,360
4616,57252,57251172,11105,250,-1,-1,1,524,81.0,0,-1.0,0,0,0,640,360
4617,57263,57262280,11108,250,-1,-1,1,527,81.1,0,-1.0,0,0,0,640,360
4618,57274,57273390,11110,250,-1,-1,1,526,81.2,1,-1.0,0,0,0,640,360
4619,57285,57284504,11114,250,-1,-1,1,545,81.4,0,-1.0,0,0,0,640,360
4620,57297,57295614,11110,250,-1,-1,1,541,81.5,0,-1.0,0,0,0,640,360
4621,57308,57306722,11108,250,-1,-1,1,525,81.5,0,-1.0,0,0,0,640,360
4622,57319,57317835,11113,250,-1,-1,1,534,81.8,0,-1.0,0,0,0,640,360
4623,57330,57328943,11108,250,-1,-1,1,624,81.9,0,-1.0,0,0,0,640,360
4624,57341,57340052,11109,250,-1,-1,1,527,81.9,0,-1.0,0,0,0,640,360
4625,57352,57351155,11103,250,-1,-1,1,525,82.0,0,-1.0,0,0,0,640,360
4626,57363,57362264,11109,250,-1,-1,1,526,82.1,0,-1.0,0,0,0,640,360
4627,57374,57373372,11108,250,-1,-1,1,527,82.2,1,-1.0,0,0,0,640,360
4628,57385,57384488,11116,250,-1,-1,1,547,82.3,0,-1.0,0,0,0,640,360
4629,57396,57395597,11109,250,-1,-1,1,545,82.4,0,-1.0,0,0,0,640,360
4630,57408,57406707,11110,250,-1,-1,1,524,82.5,0,-1.0,0,0,0,640,360
4631,57419,57417815,11108,250,-1,-1,1,533,82.6,0,-1.0,0,0,0,640,360
4632,57430,57428924,11109,250,-1,-1,1,628,82.7,0,-1.0,0,0,0,640,360
4633,57441,57440027,11103,250,-1,-1,1,607,82.7,0,-1.0,0,0,0,640,360
4634,57452,57451140,11113,250,-1,-1,1,525,82.9,0,-1.0,0,0,0,640,360
4635,57463,57462246,11106,250,-1,-1,1,527,82.9,0,-1.0,0,0,0,640,360
4636,57474,57473356,11110,250,-1,-1,1,526,83.0,1,-1.0,0,0,0,640,360
4637,57531,57528893,55537,250,-1,-1,1,629,17.5,0,-1.0,0,0,0,640,360
4638,57541,57540019,11126,250,-1,-1,1,524,30.3,0,-1.0,0,0,0,640,360
4639,57552,57551124,11105,250,-1,-1,1,525,39.0,0,-1.0,0,0,0,640,360
4640,57563,57562229,11105,250,-1,-1,1,525,44.9,0,-1.0,0,0,0,640,360
4641,57574,57573336,11107,250,-1,-1,1,534,50.0,0,-1.0,0,0,0,640,360
4642,57585,57584447,11111,250,-1,-1,1,528,54.1,0,-1.0,0,0,0,640,360
4643,57596,57595556,11109,250,-1,-1,1,526,57.4,0,-1.0,0,0,0,640,360
4644,57608,57606667,11111,250,-1,-1,1,526,60.2,0,-1.0,0,0,0,640,360
4645,57619,57617775,11108,250,-1,-1,1,524,62.5,1,-1.0,0,0,0,640,360
4646,57630,57628889,11114,250,-1,-1,1,547,64.5,0,-1.0,0,0,0,640,360
4647,57641,57639995,11106,250,-1,-1,1,545,66.3,0,-1.0,0,0,0,640,360
4648,57652,57651108,11113,250,-1,-1,1,528,67.4,0,-1.0,0,0,0,640,360
4649,57663,57662218,11110,250,-1,-1,1,534,68.8,0,-1.0,0,0,0,640,360
4650,57674,57673329,11111,250,-1,-1,1,628,70.0,0,-1.0,0,0,0,640,360
4651,57685,57684435,11106,250,-1,-1,1,525,71.1,0,-1.0,0,0,0,640,360
4652,57696,57695541,11106,250,-1,-1,1,524,72.1,0,-1.0,0,0,0,640,360
4653,57707,57706650,11109,250,-1,-1,1,524,73.0,0,-1.0,0,0,0,640,360
4654,57719,57717759,11109,250,-1,-1,1,527,73.8,1,-1.0,0,0,0,640,360
4655,57730,57728868,11109,250,-1,-1,1,542,74.5,0,-1.0,0,0,0,640,360
4656,57741,57739980,11112,250,-1,-1,1,534,75.2,0,-1.0,0,0,0,640,360
4657,57752,57751091,11111,250,-1,-1,1,524,75.5,0,-1.0,0,0,0,640,360
4658,57763,57762198,11107,250,-1,-1,1,525,76.1,0,-1.0,0,0,0,640,360
4659,57774,57773311,11113,250,-1,-1,1,628,76.7,0,-1.0,0,0,0,640,360
4660,57785,57784420,11109,250,-1,-1,1,527,77.2,0,-1.0,0,0,0,640,360
4661,57796,57795519,11099,250,-1,-1,1,525,77.6,0,-1.0,0,0,0,640,360
4662,57808,57806633,11114,250,-1,-1,1,524,78.1,0,-1.0,0,0,0,640,360
4663,57819,57817741,11108,250,-1,-1,1,526,78.5,1,-1.0,0,0,0,640,360
4664,57830,57828856,11115,250,-1,-1,1,547,78.9,0,-1.0,0,0,0,640,360
4665,57841,57839961,11105,250,-1,-1,1,545,79.2,0,-1.0,0,0,0,640,360
4666,57852,57851073,11112,250,-1,-1,1,526,79.4,0,-1.0,0,0,0,640,360
4667,57863,57862180,11107,250,-1,-1,1,527,79.7,0,-1.0,0,0,0,640,360
4668,57874,57873291,11111,250,-1,-1,1,630,80.0,0,-1.0,0,0,0,640,360
4669,57885,57884400,11109,250,-1,-1,1,527,80.3,0,-1.0,0,0,0,640,360
4670,57896,57895507,11107,250,-1,-1,1,526,80.6,0,-1.0,0,0,0,640,360
4671,57907,57906613,11106,250,-1,-1,1,525,80.8,0,-1.0,0,0,0,640,360
4672,57919,57917731,11118,250,-1,-1,1,523,81.1,1,-1.0,0,0,0,640,360
4673,57930,57928835,11104,250,-1,-1,1,528,81.3,0,-1.0,0,0,0,640,360
4674,57941,57939949,11114,250,-1,-1,1,548,81.5,0,-1.0,0,0,0,640,360
4675,57952,57951057,11108,250,-1,-1,1,526,81.6,0,-1.0,0,0,0,640,360
4676,57963,57962167,11110,250,-1,-1,1,525,81.8,0,-1.0,0,0,0,640,360
4677,57974,57973278,11111,250,-1,-1,1,605,82.0,0,-1.0,0,0,0,640,360
4678,57985,57984386,11108,250,-1,-1,1,525,82.2,0,-1.0,0,0,0,640,360
4679,57996,57995490,11104,250,-1,-1,1,524,82.4,0,-1.0,0,0,0,640,360
4680,58103,58006598,11108,250,-1,-1,1,1179,70.0,0,-1.0,0,0,0,640,360
4681,58104,58095460,88862,250,-1,-1,1,604,71.4,1,-1.0,0,0,0,640,360
4682,58107,58106586,11126,250,-1,-1,1,628,72.7,0,-1.0,0,0,0,640,360
4683,58119,58117695,11109,250,-1,-1,1,525,73.0,0,-1.0,0,0,0,640,360
4684,58130,58128801,11106,250,-1,-1,1,524,73.3,0,-1.0,0,0,0,640,360
4685,58141,58139907,11106,250,-1,-1,1,525,73.6,0,-1.0,0,0,0,640,360
4686,58152,58151024,11117,250,-1,-1,1,628,73.9,0,-1.0,0,0,0,640,360
4687,58163,58162130,11106,250,-1,-1,1,545,74.0,0,-1.0,0,0,0,640,360
4688,58174,58173241,11111,250,-1,-1,1,591,74.3,0,-1.0,0,0,0,640,360
4689,58185,58184349,11108,250,-1,-1,1,625,74.5,0,-1.0,0,0,0,640,360
4690,58197,58195455,11106,250,-1,-1,1,525,74.8,1,-1.0,0,0,0,640,360
4691,58208,58206572,11117,250,-1,-1,1,631,75.0,0,-1.0,0,0,0,640,360
4692,58219,58217677,11105,250,-1,-1,1,529,75.3,0,-1.0,0,0,0,640,360
4693,58230,58228786,11109,250,-1,-1,1,535,75.5,0,-1.0,0,0,0,640,360
4694,58241,58239898,11112,250,-1,-1,1,634,75.7,0,-1.0,0,0,0,640,360
4695,58252,58251007,11109,250,-1,-1,1,526,75.8,0,-1.0,0,0,0,640,360
4696,58263,58262118,11111,250,-1,-1,1,631,76.0,0,-1.0,0,0,0,640,360
4697,58274,58273226,11108,250,-1,-1,1,528,76.2,0,-1.0,0,0,0,640,360
4698,58285,58284325,11099,250,-1,-1,1,525,76.4,0,-1.0,0,0,0,640,360
4699,58296,58295440,11115,250,-1,-1,1,524,76.6,1,-1.0,0,0,0,640,360
4700,58307,58306551,11111,250,-1,-1,1,546,76.8,0,-1.0,0,0,0,640,360
4701,58318,58317666,11115,250,-1,-1,1,545,77.0,0,-1.0,0,0,0,640,360
4702,58330,58328767,11101,250,-1,-1,1,525,77.1,0,-1.0,0,0,0,640,360
4703,58341,58339882,11115,250,-1,-1,1,527,77.4,0,-1.0,0,0,0,640,360
4704,58352,58350993,11111,250,-1,-1,1,629,77.5,0,-1.0,0,0,0,640,360
4705,58363,58362100,11107,250,-1,-1,1,539,77.7,0,-1.0,0,0,0,640,360
4706,58374,58373203,11103,250,-1,-1,1,526,77.8,0,-1.0,0,0,0,640,360
4707,58385,58384317,11114,250,-1,-1,1,527,77.9,0,-1.0,0,0,0,640,360
4708,58396,58395419,11102,250,-1,-1,1,525,78.1,1,-1.0,0,0,0,640,360
4709,58407,58406533,11114,250,-1,-1,1,546,78.2,0,-1.0,0,0,0,640,360
4710,58418,58417641,11108,250,-1,-1,1,547,78.4,0,-1.0,0,0,0,640,360
4711,58430,58428753,11112,250,-1,-1,1,525,78.5,0,-1.0,0,0,0,640,360
4712,58441,58439860,11107,250,-1,-1,1,524,78.7,0,-1.0,0,0,0,640,360
4713,58452,58450975,11115,250,-1,-1,1,633,78.8,0,-1.0,0,0,0,640,360
4714,58463,58462131,11156,250,-1,-1,1,526,78.9,0,-1.0,0,0,0,640,360
4715,58474,58473186,11055,250,-1,-1,1,526,79.0,0,-1.0,0,0,0,640,360
4716,58491,58484298,11112,250,-1,-1,1,958,58.8,0,-1.0,0,0,0,640,360
4717,58496,58495411,11113,250,-1,-1,1,524,90.9,1,-1.0,0,0,0,640,360
4718,58507,58506519,11108,250,-1,-1,1,537,90.9,0,-1.0,0,0,0,640,360
4719,58519,58517630,11111,250,-1,-1,1,547,90.9,0,-1.0,0,0,0,640,360
4720,58530,58528732,11102,250,-1,-1,1,630,90.9,0,-1.0,0,0,0,640,360
4721,58541,58539952,11220,250,-1,-1,1,629,90.9,0,-1.0,0,0,0,640,360
4722,58552,58550954,11002,250,-1,-1,1,525,89.7,0,-1.0,0,0,0,640,360
4723,58563,58562063,11109,250,-1,-1,1,527,90.9,0,-1.0,0,0,0,640,360
4724,58574,58573169,11106,250,-1,-1,1,526,90.0,0,-1.0,0,0,0,640,360
4725,58585,58584282,11113,250,-1,-1,1,525,90.1,0,-1.0,0,0,0,640,360
4726,58596,58595384,11102,250,-1,-1,1,524,90.2,1,-1.0,0,0,0,640,360
4727,58607,58606506,11122,250,-1,-1,1,645,90.2,0,-1.0,0,0,0,640,360
4728,58618,58617610,11104,250,-1,-1,1,548,90.3,0,-1.0,0,0,0,640,360
4729,58630,58628719,11109,250,-1,-1,1,525,89.7,0,-1.0,0,0,0,640,360
4730,58641,58639828,11109,250,-1,-1,1,526,90.4,0,-1.0,0,0,0,640,360
4731,58652,58650939,11111,250,-1,-1,1,630,89.9,0,-1.0,0,0,0,640,360
4732,58663,58662041,11102,250,-1,-1,1,527,90.4,0,-1.0,0,0,0,640,360
4733,58674,58673151,11110,250,-1,-1,1,527,90.5,0,-1.0,0,0,0,640,360
4734,58685,58684258,11107,250,-1,-1,1,527,90.0,0,-1.0,0,0,0,640,360
4735,58696,58695374,11116,250,-1,-1,1,525,90.1,1,-1.0,0,0,0,640,360
4736,58707,58706481,11107,250,-1,-1,1,546,90.1,0,-1.0,0,0,0,640,360
4737,58718,58717594,11113,250,-1,-1,1,545,90.2,0,-1.0,0,0,0,640,360
4738,58730,58728699,11105,250,-1,-1,1,527,90.2,0,-1.0,0,0,0,640,360
4739,58741,58739811,11112,250,-1,-1,1,584,90.2,0,-1.0,0,0,0,640,360
4740,58752,58750918,11107,250,-1,-1,1,632,90.3,0,-1.0,0,0,0,640,360
4741,58763,58762034,11116,250,-1,-1,1,529,90.3,0,-1.0,0,0,0,640,360
4742,58774,58773134,11100,250,-1,-1,1,527,90.3,0,-1.0,0,0,0,640,360
4743,58785,58784246,11112,250,-1,-1,1,526,90.0,0,-1.0,0,0,0,640,360
4744,58796,58795350,11104,250,-1,-1,1,526,90.1,1,-1.0,0,0,0,640,360
4745,58807,58806470,11120,250,-1,-1,1,531,90.1,0,-1.0,0,0,0,640,360
4746,58818,58817574,11104,250,-1,-1,1,529,90.1,0,-1.0,0,0,0,640,360
4747,58830,58828686,11112,250,-1,-1,1,525,89.9,0,-1.0,0,0,0,640,360
4748,58841,58839797,11111,250,-1,-1,1,525,90.2,0,-1.0,0,0,0,640,360
4749,58852,58850910,11113,250,-1,-1,1,628,90.2,0,-1.0,0,0,0,640,360
4750,58863,58862012,11102,250,-1,-1,1,525,90.2,0,-1.0,0,0,0,640,360
4751,58874,58873119,11107,250,-1,-1,1,525,90.0,0,-1.0,0,0,0,640,360
4752,58885,58884226,11107,250,-1,-1,1,526,90.0,0,-1.0,0,0,0,640,360
4753,58896,58895336,11110,250,-1,-1,1,525,90.0,1,-1.0,0,0,0,640,360
4754,58907,58906448,11112,250,-1,-1,1,532,90.1,0,-1.0,0,0,0,640,360
4755,58918,58917559,11111,250,-1,-1,1,545,90.1,0,-1.0,0,0,0,640,360
4756,58930,58928668,11109,250,-1,-1,1,527,89.9,0,-1.0,0,0,0,640,360
4757,58941,58939779,11111,250,-1,-1,1,525,90.1,0,-1.0,0,0,0,640,360
4758,58952,58950884,11105,250,-1,-1,1,629,90.1,0,-1.0,0,0,0,640,360
4759,58963,58961998,11114,250,-1,-1,1,526,90.2,0,-1.0,0,0,0,640,360
4760,58974,58973100,11102,250,-1,-1,1,524,90.2,0,-1.0,0,0,0,640,360
4761,58985,58984214,11114,250,-1,-1,1,525,90.0,0,-1.0,0,0,0,640,360
4762,58996,58995319,11105,250,-1,-1,1,524,90.0,1,-1.0,0,0,0,640,360
4763,59007,59006435,11116,250,-1,-1,1,535,90.1,0,-1.0,0,0,0,640,360
4764,59018,59017541,11106,250,-1,-1,1,540,90.1,0,-1.0,0,0,0,640,360
4765,59030,59028652,11111,250,-1,-1,1,525,89.9,0,-1.0,0,0,0,640,360
4766,59041,59039760,11108,250,-1,-1,1,525,90.1,0,-1.0,0,0,0,640,360
4767,59052,59050867,11107,250,-1,-1,1,525,90.1,0,-1.0,0,0,0,640,360
4768,59063,59061981,11114,250,-1,-1,1,553,90.1,0,-1.0,0,0,0,640,360
4769,59074,59073086,11105,250,-1,-1,1,524,90.2,0,-1.0,0,0,0,640,360
4770,59177,59084189,11103,250,-1,-1,1,649,78.2,0,-1.0,0,0,0,640,360
4771,59178,59173048,88859,250,-1,-1,1,596,79.5,1,-1.0,0,0,0,640,360
4772,59185,59184184,11136,250,-1,-1,1,627,80.2,0,-1.0,0,0,0,640,360
4773,59196,59195286,11102,250,-1,-1,1,527,80.3,0,-1.0,0,0,0,640,360
4774,59207,59206393,11107,250,-1,-1,1,525,80.5,0,-1.0,0,0,0,640,360
4775,59218,59217500,11107,250,-1,-1,1,634,80.6,0,-1.0,0,0,0,640,360
4776,59230,59228618,11118,250,-1,-1,1,527,80.7,0,-1.0,0,0,0,640,360
4777,59241,59239726,11108,250,-1,-1,1,544,80.9,0,-1.0,0,0,0,640,360
4778,59252,59250837,11111,250,-1,-1,1,529,81.1,0,-1.0,0,0,0,640,360
4779,59263,59261942,11105,250,-1,-1,1,627,81.2,0,-1.0,0,0,0,640,360
4780,59274,59273054,11112,250,-1,-1,1,526,81.2,1,-1.0,0,0,0,640,360
4781,59285,59284161,11107,250,-1,-1,1,635,81.4,0,-1.0,0,0,0,640,360
4782,59296,59295272,11111,250,-1,-1,1,532,81.5,0,-1.0,0,0,0,640,360
4783,59307,59306381,11109,250,-1,-1,1,545,81.6,0,-1.0,0,0,0,640,360
4784,59318,59317491,11110,250,-1,-1,1,629,81.8,0,-1.0,0,0,0,640,360
4785,59330,59328600,11109,250,-1,-1,1,525,81.9,0,-1.0,0,0,0,640,360
4786,59341,59339708,11108,250,-1,-1,1,627,82.0,0,-1.0,0,0,0,640,360
4787,59352,59350818,11110,250,-1,-1,1,525,82.1,0,-1.0,0,0,0,640,360
4788,59363,59361926,11108,250,-1,-1,1,527,82.2,0,-1.0,0,0,0,640,360
4789,59374,59373032,11106,250,-1,-1,1,527,82.3,1,-1.0,0,0,0,640,360
4790,59385,59384146,11114,250,-1,-1,1,552,82.3,0,-1.0,0,0,0,640,360
4791,59396,59395251,11105,250,-1,-1,1,533,82.4,0,-1.0,0,0,0,640,360
4792,59408,59406362,11111,250,-1,-1,1,526,82.5,0,-1.0,0,0,0,640,360
4793,59418,59417475,11113,250,-1,-1,1,524,82.6,0,-1.0,0,0,0,640,360
4794,59429,59428581,11106,250,-1,-1,1,632,82.7,0,-1.0,0,0,0,640,360
4795,59441,59439691,11110,250,-1,-1,1,526,82.8,0,-1.0,0,0,0,640,360
4796,59452,59450797,11106,250,-1,-1,1,524,82.9,0,-1.0,0,0,0,640,360
4797,59463,59461906,11109,250,-1,-1,1,524,83.0,0,-1.0,0,0,0,640,360
4798,59474,59473014,11108,250,-1,-1,1,525,83.1,1,-1.0,0,0,0,640,360
4799,59535,59528546,55532,250,-1,-1,1,662,16.7,0,-1.0,0,0,0,640,360
4800,59541,59539683,11137,250,-1,-1,1,632,30.3,0,-1.0,0,0,0,640,360
4801,59552,59550784,11101,250,-1,-1,1,526,39.0,0,-1.0,0,0,0,640,360
4802,59563,59561891,11107,250,-1,-1,1,526,45.5,0,-1.0,0,0,0,640,360
4803,59574,59572997,11106,250,-1,-1,1,527,50.5,0,-1.0,0,0,0,640,360
4804,59585,59584108,11111,250,-1,-1,1,524,54.1,0,-1.0,0,0,0,640,360
4805,59596,59595217,11109,250,-1,-1,1,524,57.4,0,-1.0,0,0,0,640,360
4806,59607,59606325,11108,250,-1,-1,1,524,60.2,0,-1.0,0,0,0,640,360
4807,59618,59617435,11110,250,-1,-1,1,524,62.5,1,-1.0,0,0,0,640,360
4808,59629,59628550,11115,250,-1,-1,1,542,64.5,0,-1.0,0,0,0,640,360
4809,59640,59639657,11107,250,-1,-1,1,544,66.3,0,-1.0,0,0,0,640,360
4810,59652,59650767,11110,250,-1,-1,1,526,67.4,0,-1.0,0,0,0,640,360
4811,59663,59661872,11105,250,-1,-1,1,527,69.1,0,-1.0,0,0,0,640,360
4812,59674,59672985,11113,250,-1,-1,1,630,70.0,0,-1.0,0,0,0,640,360
4813,59685,59684092,11107,250,-1,-1,1,526,71.4,0,-1.0,0,0,0,640,360
4814,59696,59695202,11110,250,-1,-1,1,526,72.1,0,-1.0,0,0,0,640,360
4815,59707,59706306,11104,250,-1,-1,1,527,73.0,0,-1.0,0,0,0,640,360
4816,59718,59717416,11110,250,-1,-1,1,525,73.8,1,-1.0,0,0,0,640,360
4817,59729,59728530,11114,250,-1,-1,1,545,74.5,0,-1.0,0,0,0,640,360
4818,59740,59739640,11110,250,-1,-1,1,547,75.2,0,-1.0,0,0,0,640,360
4819,59752,59750747,11107,250,-1,-1,1,526,75.5,0,-1.0,0,0,0,640,360
4820,59763,59761862,11115,250,-1,-1,1,528,76.4,0,-1.0,0,0,0,640,360
4821,59774,59772968,11106,250,-1,-1,1,631,76.9,0,-1.0,0,0,0,640,360
4822,59785,59784076,11108,250,-1,-1,1,525,77.4,0,-1.0,0,0,0,640,360
4823,59796,59795184,11108,250,-1,-1,1,527,77.6,0,-1.0,0,0,0,640,360
4824,59807,59806292,11108,250,-1,-1,1,527,78.1,0,-1.0,0,0,0,640,360
4825,59818,59817401,11109,250,-1,-1,1,526,78.5,1,-1.0,0,0,0,640,360
4826,59829,59828512,11111,250,-1,-1,1,547,78.9,0,-1.0,0,0,0,640,360
4827,59840,59839623,11111,250,-1,-1,1,545,79.2,0,-1.0,0,0,0,640,360
4828,59852,59850734,11111,250,-1,-1,1,527,79.4,0,-1.0,0,0,0,640,360
4829,59863,59861844,11110,250,-1,-1,1,524,79.9,0,-1.0,0,0,0,640,360
4830,59874,59872951,11107,250,-1,-1,1,629,80.0,0,-1.0,0,0,0,640,360
4831,59885,59884057,11106,250,-1,-1,1,525,80.5,0,-1.0,0,0,0,640,360
4832,59896,59895168,11111,250,-1,-1,1,525,80.8,0,-1.0,0,0,0,640,360
4833,59907,59906272,11104,250,-1,-1,1,525,80.8,0,-1.0,0,0,0,640,360
4834,59918,59917385,11113,250,-1,-1,1,527,81.1,1,-1.0,0,0,0,640,360
4835,59929,59928498,11113,250,-1,-1,1,533,81.3,0,-1.0,0,0,0,640,360
4836,59940,59939605,11107,250,-1,-1,1,559,81.5,0,-1.0,0,0,0,640,360
4837,59952,59950711,11106,250,-1,-1,1,535,81.6,0,-1.0,0,0,0,640,360
4838,59963,59961826,11115,250,-1,-1,1,534,82.0,0,-1.0,0,0,0,640,360
4839,59974,59972931,11105,250,8,56,0,645,80.1,0,1.5,1,0,0,640,360
4840,59987,59984048,11117,250,8,56,0,36,82.0,0,1.2,1,0,39,43,43
4841,59996,59995147,11099,250,9,58,0,33,82.5,0,1.2,1,0,41,34,34
4842,60007,60006250,11103,250,-1,-1,1,27,82.7,0,-1.0,1,0,44,35,35
4843,60018,60017356,11106,250,10,64,0,33,82.9,1,1.3,1,0,45,38,38
4844,60029,60028483,11127,250,-1,-1,1,30,83.0,0,-1.0,1,0,51,35,35
4845,60040,60039579,11096,250,-1,-1,1,38,83.2,0,-1.0,1,0,53,36,36
4846,60052,60050689,11110,250,-1,-1,1,29,80.0,0,-1.0,2,0,55,38,38
4847,60075,60072905,22216,250,9,81,0,83,79.5,0,1.3,1,0,24,115,115
4848,60091,60084020,11115,250,-1,-1,1,29,81.2,0,-1.0,1,0,68,34,34
4849,60096,60095136,11116,250,-1,-1,1,27,82.1,0,-1.0,1,0,69,34,34
4850,60107,60106235,11099,250,4,88,0,31,82.3,0,1.3,1,0,73,35,35
4851,60118,60117343,11108,250,-1,-1,1,25,82.4,0,-1.0,1,0,75,33,33
4852,60129,60128448,11105,250,-1,-1,1,25,82.6,1,-1.0,1,0,78,33,33
4853,60141,60139576,11128,250,-1,-1,1,29,78.0,0,-1.0,2,0,80,34,34
4854,60181,60172880,33304,250,-1,-1,1,200,79.3,0,-1.0,2,0,59,99,99
4855,60185,60184003,11123,250,-1,-1,1,107,80.3,0,-1.0,2,0,49,121,121
4856,60196,60195114,11111,250,-1,-1,1,135,80.4,0,-1.0,2,0,40,144,144
4857,60207,60206217,11103,250,-1,-1,1,528,80.5,0,-1.0,2,0,0,640,360
4858,60218,60217331,11114,250,-1,-1,1,526,80.6,0,-1.0,2,0,0,640,360
4859,60229,60228441,11110,250,-1,-1,1,525,80.8,0,-1.0,2,0,0,640,360
4860,60333,60239552,11111,250,-1,-1,1,611,72.2,0,-1.0,2,0,0,640,360
4861,60334,60328416,88864,250,-1,-1,1,634,73.3,1,-1.0,2,0,0,640,360
4862,60340,60339550,11134,250,-1,-1,1,632,73.9,0,-1.0,2,0,0,640,360
4863,60351,60350642,11092,250,-1,-1,1,526,74.1,0,-1.0,2,0,0,640,360
4864,60363,60361753,11111,250,-1,-1,1,524,74.3,0,-1.0,2,0,0,640,360
4865,60374,60372865,11112,250,-1,-1,1,528,74.5,0,-1.0,2,0,0,640,360
4866,60385,60383976,11111,250,-1,-1,1,631,74.7,0,-1.0,2,0,0,640,360
4867,60396,60395085,11109,250,-1,-1,1,547,74.9,0,-1.0,2,0,0,640,360
4868,60407,60406196,11111,250,-1,-1,1,546,75.0,0,-1.0,2,0,0,640,360
4869,60418,60417302,11106,250,-1,-1,1,631,75.2,0,-1.0,2,0,0,640,360
4870,60429,60428416,11114,250,-1,-1,1,525,75.4,1,-1.0,2,0,0,640,360
4871,60440,60439519,11103,250,-1,-1,1,626,75.6,0,-1.0,2,0,0,640,360
4872,60452,60450631,11112,250,-1,-1,1,548,75.7,0,-1.0,2,0,0,640,360
4873,60463,60461741,11110,250,-1,-1,1,547,75.9,0,-1.0,2,0,0,640,360
4874,60474,60472848,11107,250,-1,-1,1,542,76.1,0,-1.0,2,0,0,640,360
4875,60485,60483958,11110,250,-1,-1,1,624,76.2,0,-1.0,2,0,0,640,360
4876,60518,60517281,33323,250,-1,-1,1,588,29.4,0,-1.0,2,0,0,640,360
4877,60529,60528391,11110,250,-1,-1,1,526,44.4,0,-1.0,2,0,0,640,360
4878,60540,60539499,11108,250,-1,-1,1,525,53.6,0,-1.0,2,0,0,640,360
4879,60551,60550610,11111,250,-1,-1,1,525,59.7,1,-1.0,2,0,0,640,360
4880,60563,60561724,11114,250,-1,-1,1,545,64.1,0,-1.0,2,0,0,640,360
4881,60574,60572829,11105,250,-1,-1,1,543,67.4,0,-1.0,2,0,0,640,360
4882,60586,60583940,11111,250,-1,-1,1,525,69.3,0,-1.0,2,0,0,640,360
4883,60596,60595050,11110,250,-1,-1,1,633,71.4,0,-1.0,2,0,0,640,360
4884,60607,60606158,11108,250,-1,-1,1,628,73.2,0,-1.0,2,0,0,640,360
4885,60618,60617319,11161,250,-1,-1,1,528,74.6,0,-1.0,2,0,0,640,360
4886,60629,60628375,11056,250,-1,-1,1,528,71.0,0,-1.0,0,0,0,640,360
4887,60640,60639489,11114,250,-1,-1,1,527,76.9,0,-1.0,0,0,0,640,360
4888,60651,60650594,11105,250,-1,-1,1,524,77.8,1,-1.0,0,0,0,640,360
4889,60663,60661704,11110,250,-1,-1,1,527,78.7,0,-1.0,0,0,0,640,360
4890,60674,60672815,11111,250,-1,-1,1,546,79.4,0,-1.0,0,0,0,640,360
4891,60685,60683925,11110,250,-1,-1,1,527,80.0,0,-1.0,0,0,0,640,360
4892,60696,60695035,11110,250,-1,-1,1,635,80.6,0,-1.0,0,0,0,640,360
4893,60707,60706140,11105,250,-1,-1,1,633,80.7,0,-1.0,0,0,0,640,360
4894,60718,60717257,11117,250,-1,-1,1,524,81.2,0,-1.0,0,0,0,640,360
4895,60729,60728356,11099,250,-1,-1,1,525,81.6,0,-1.0,0,0,0,640,360
4896,60740,60739465,11109,250,-1,-1,1,524,82.0,0,-1.0,0,0,0,640,360
4897,60751,60750575,11110,250,-1,-1,1,527,82.4,1,-1.0,0,0,0,640,360
4898,60763,60761687,11112,250,-1,-1,1,532,82.7,0,-1.0,0,0,0,640,360
4899,60774,60772795,11108,250,-1,-1,1,535,83.0,0,-1.0,0,0,0,640,360
4900,60785,60783904,11109,250,-1,-1,1,528,83.3,0,-1.0,0,0,0,640,360
4901,60796,60795014,11110,250,-1,-1,1,636,83.6,0,-1.0,0,0,0,640,360
4902,60807,60806123,11109,250,-1,-1,1,634,83.6,0,-1.0,0,0,0,640,360
4903,60818,60817234,11111,250,-1,-1,1,525,83.8,0,-1.0,0,0,0,640,360
4904,60829,60828409,11175,250,-1,-1,1,525,84.1,0,-1.0,0,0,0,640,360
4905,60840,60839448,11039,250,-1,-1,1,525,84.3,0,-1.0,0,0,0,640,360
4906,60852,60850557,11109,250,-1,-1,1,528,84.5,1,-1.0,0,0,0,640,360
4907,60862,60861669,11112,250,-1,-1,1,545,84.7,0,-1.0,0,0,0,640,360
4908,60874,60872781,11112,250,-1,-1,1,543,84.8,0,-1.0,0,0,0,640,360
4909,60885,60883887,11106,250,-1,-1,1,538,85.0,0,-1.0,0,0,0,640,360
4910,60896,60894998,11111,250,-1,-1,1,628,85.0,0,-1.0,0,0,0,640,360
4911,60907,60906107,11109,250,-1,-1,1,628,85.1,0,-1.0,0,0,0,640,360
4912,60918,60917220,11113,250,-1,-1,1,527,85.3,0,-1.0,0,0,0,640,360
4913,60929,60928322,11102,250,-1,-1,1,526,85.4,0,-1.0,0,0,0,640,360
4914,60940,60939430,11108,250,-1,-1,1,525,85.5,0,-1.0,0,0,0,640,360
4915,60951,60950541,11111,250,-1,-1,1,524,85.7,1,-1.0,0,0,0,640,360
4916,60962,60961654,11113,250,-1,-1,1,546,85.8,0,-1.0,0,0,0,640,360
4917,60974,60972759,11105,250,-1,-1,1,547,85.9,0,-1.0,0,0,0,640,360
4918,60985,60983873,11114,250,-1,-1,1,540,86.0,0,-1.0,0,0,0,640,360
4919,60996,60994982,11109,250,-1,-1,1,630,86.1,0,-1.0,0,0,0,640,360
4920,61007,61006089,11107,250,-1,-1,1,633,86.0,0,-1.0,0,0,0,640,360
4921,61018,61017198,11109,250,-1,-1,1,525,86.1,0,-1.0,0,0,0,640,360
4922,61029,61028303,11105,250,-1,-1,1,526,86.2,0,-1.0,0,0,0,640,360
4923,61040,61039414,11111,250,-1,-1,1,527,86.3,0,-1.0,0,0,0,640,360
4924,61051,61050522,11108,250,-1,-1,1,526,86.4,1,-1.0,0,0,0,640,360
4925,61062,61061636,11114,250,-1,-1,1,528,86.5,0,-1.0,0,0,0,640,360
4926,61074,61072747,11111,250,-1,-1,1,545,86.6,0,-1.0,0,0,0,640,360
4927,61085,61083854,11107,250,-1,-1,1,528,86.7,0,-1.0,0,0,0,640,360
4928,61096,61094966,11112,250,-1,-1,1,628,86.7,0,-1.0,0,0,0,640,360
4929,61107,61106070,11104,250,-1,-1,1,628,86.7,0,-1.0,0,0,0,640,360
4930,61118,61117184,11114,250,-1,-1,1,525,86.8,0,-1.0,0,0,0,640,360
4931,61129,61128288,11104,250,-1,-1,1,525,86.8,0,-1.0,0,0,0,640,360
4932,61140,61139397,11109,250,-1,-1,1,524,86.9,0,-1.0,0,0,0,640,360
4933,61151,61150505,11108,250,-1,-1,1,528,87.0,1,-1.0,0,0,0,640,360
4934,61163,61161623,11118,250,-1,-1,1,535,87.0,0,-1.0,0,0,0,640,360
4935,61174,61172729,11106,250,-1,-1,1,539,87.1,0,-1.0,0,0,0,640,360
4936,61185,61183840,11111,250,-1,-1,1,528,87.1,0,-1.0,0,0,0,640,360
4937,61196,61194944,11104,250,-1,-1,1,629,87.2,0,-1.0,0,0,0,640,360
4938,61207,61206054,11110,250,-1,-1,1,630,87.1,0,-1.0,0,0,0,640,360
4939,61218,61217164,11110,250,-1,-1,1,526,87.2,0,-1.0,0,0,0,640,360
4940,61229,61228270,11106,250,-1,-1,1,526,87.2,0,-1.0,0,0,0,640,360
4941,61240,61239381,11111,250,-1,-1,1,525,87.3,0,-1.0,0,0,0,640,360
4942,61251,61250489,11108,250,-1,-1,1,525,87.4,1,-1.0,0,0,0,640,360
4943,61262,61261601,11112,250,-1,-1,1,547,87.4,0,-1.0,0,0,0,640,360
4944,61274,61272712,11111,250,-1,-1,1,545,87.5,0,-1.0,0,0,0,640,360
4945,61285,61283819,11107,250,-1,-1,1,543,87.5,0,-1.0,0,0,0,640,360
4946,61296,61294932,11113,250,-1,-1,1,625,87.4,0,-1.0,0,0,0,640,360
4947,61307,61306037,11105,250,-1,-1,1,628,87.5,0,-1.0,0,0,0,640,360
4948,61318,61317149,11112,250,-1,-1,1,526,87.6,0,-1.0,0,0,0,640,360
4949,61329,61328251,11102,250,-1,-1,1,527,87.6,0,-1.0,0,0,0,640,360
4950,61432,61339364,11113,250,-1,-1,1,609,79.1,0,-1.0,0,0,0,640,360
4951,61433,61428220,88856,250,-1,-1,1,603,80.2,1,-1.0,0,0,0,640,360
4952,61440,61439355,11135,250,-1,-1,1,628,80.5,0,-1.0,0,0,0,640,360
4953,61451,61450458,11103,250,-1,-1,1,540,80.7,0,-1.0,0,0,0,640,360
4954,61462,61461565,11107,250,-1,-1,1,525,80.8,0,-1.0,0,0,0,640,360
4955,61474,61472673,11108,250,-1,-1,1,525,80.8,0,-1.0,0,0,0,640,360
4956,61485,61483784,11111,250,-1,-1,1,630,81.0,0,-1.0,0,0,0,640,360
4957,61542,61539319,55535,250,-1,-1,1,604,17.2,0,-1.0,0,0,0,640,360
4958,61551,61550441,11122,250,-1,-1,1,629,29.9,0,-1.0,0,0,0,640,360
4959,61563,61561548,11107,250,-1,-1,1,525,38.5,0,-1.0,0,0,0,640,360
4960,61573,61572656,11108,250,-1,-1,1,524,44.9,1,-1.0,0,0,0,640,360
4961,61585,61583771,11115,250,-1,-1,1,543,50.0,0,-1.0,0,0,0,640,360
4962,61596,61594878,11107,250,-1,-1,1,546,54.1,0,-1.0,0,0,0,640,360
4963,61607,61605989,11111,250,-1,-1,1,543,56.9,0,-1.0,0,0,0,640,360
4964,61618,61617097,11108,250,-1,-1,1,628,59.7,0,-1.0,0,0,0,640,360
4965,61629,61628208,11111,250,-1,-1,1,604,62.1,0,-1.0,0,0,0,640,360
4966,61640,61639312,11104,250,-1,-1,1,526,64.1,0,-1.0,0,0,0,640,360
4967,61651,61650419,11107,250,-1,-1,1,527,65.9,0,-1.0,0,0,0,640,360
4968,61662,61661531,11112,250,-1,-1,1,527,67.4,0,-1.0,0,0,0,640,360
4969,61673,61672641,11110,250,-1,-1,1,527,68.8,1,-1.0,0,0,0,640,360
4970,61685,61683750,11109,250,-1,-1,1,562,70.0,0,-1.0,0,0,0,640,360
4971,61696,61694861,11111,250,-1,-1,1,547,71.1,0,-1.0,0,0,0,640,360
4972,61707,61705967,11106,250,-1,-1,1,526,72.1,0,-1.0,0,0,0,640,360
4973,61718,61717082,11115,250,-1,-1,1,629,72.6,0,-1.0,0,0,0,640,360
4974,61730,61728188,11106,250,-1,-1,1,525,73.5,0,-1.0,0,0,0,640,360
4975,61740,61739301,11113,250,-1,-1,1,629,74.2,0,-1.0,0,0,0,640,360
4976,61751,61750404,11103,250,-1,-1,1,527,74.9,0,-1.0,0,0,0,640,360
4977,61762,61761518,11114,250,-1,-1,1,524,75.5,0,-1.0,0,0,0,640,360
4978,61773,61772621,11103,250,-1,-1,1,526,76.1,1,-1.0,0,0,0,640,360
4979,61785,61783735,11114,250,-1,-1,1,545,76.7,0,-1.0,0,0,0,640,360
4980,61796,61794840,11105,250,-1,-1,1,547,77.2,0,-1.0,0,0,0,640,360
4981,61807,61805954,11114,250,-1,-1,1,527,77.6,0,-1.0,0,0,0,640,360
4982,61818,61817062,11108,250,-1,-1,1,627,77.8,0,-1.0,0,0,0,640,360
4983,61829,61828172,11110,250,-1,-1,1,525,78.3,0,-1.0,0,0,0,640,360
4984,61840,61839278,11106,250,-1,-1,1,632,78.7,0,-1.0,0,0,0,640,360
4985,61851,61850391,11113,250,-1,-1,1,526,79.0,0,-1.0,0,0,0,640,360
4986,61862,61861498,11107,250,-1,-1,1,524,79.4,0,-1.0,0,0,0,640,360
4987,61874,61872604,11106,250,-1,-1,1,529,79.7,1,-1.0,0,0,0,640,360
4988,61885,61883717,11113,250,-1,-1,1,537,80.0,0,-1.0,0,0,0,640,360
4989,61896,61894826,11109,250,-1,-1,1,537,80.3,0,-1.0,0,0,0,640,360
4990,61907,61905933,11107,250,-1,-1,1,530,80.6,0,-1.0,0,0,0,640,360
4991,61918,61917046,11113,250,-1,-1,1,628,80.6,0,-1.0,0,0,0,640,360
4992,61929,61928153,11107,250,-1,-1,1,630,80.9,0,-1.0,0,0,0,640,360
4993,61940,61939266,11113,250,-1,-1,1,523,81.1,0,-1.0,0,0,0,640,360
4994,61951,61950370,11104,250,-1,-1,1,524,81.4,0,-1.0,0,0,0,640,360
4995,61962,61961479,11109,250,-1,-1,1,529,81.6,0,-1.0,0,0,0,640,360
4996,61973,61972585,11106,250,-1,-1,1,524,81.8,1,-1.0,0,0,0,640,360
4997,61985,61983702,11117,250,-1,-1,1,543,82.0,0,-1.0,0,0,0,640,360
4998,61996,61994810,11108,250,-1,-1,1,548,82.2,0,-1.0,0,0,0,640,360
4999,62007,62005919,11109,250,-1,-1,1,535,82.4,0,-1.0,0,0,0,640,360
5000,62018,62017030,11111,250,13,55,0,642,80.7,0,1.0,1,0,0,640,360
5001,62031,62028138,11108,250,-1,-1,1,29,82.4,0,-1.0,1,0,33,40,40
5002,62040,62039243,11105,250,-1,-1,1,29,82.9,0,-1.0,1,4,31,41,41
5003,62051,62050352,11109,250,-1,-1,1,44,82.5,0,-1.0,2,9,28,43,43
5004,62062,62061459,11107,250,-1,-1,1,99,83.2,0,-1.0,2,0,0,127,127
5005,62073,62072563,11104,250,-1,-1,1,142,83.2,1,-1.0,2,0,0,162,162
5006,62085,62083683,11120,250,41,48,0,212,78.4,0,1.1,1,0,0,202,202
5007,62123,62116997,33314,250,58,42,0,41,79.9,0,1.1,1,40,25,36,36
5008,62129,62128141,11144,250,-1,-1,1,52,80.7,0,-1.0,1,45,25,33,33
5009,62140,62139222,11081,250,-1,-1,1,56,80.9,0,-1.0,1,50,23,33,33
5010,62151,62150331,11109,250,-1,-1,1,28,80.6,0,-1.0,2,54,21,34,34
5011,62162,62161444,11113,250,77,35,0,69,80.1,0,1.2,1,27,0,98,98
5012,62173,62172550,11106,250,-1,-1,1,27,81.4,0,-1.0,1,67,17,33,33
5013,62185,62183655,11105,250,87,33,0,32,81.4,0,1.2,1,71,14,34,34
5014,62196,62194763,11108,250,91,32,0,33,81.6,1,1.2,1,76,15,33,33
5015,62207,62205886,11123,250,94,31,0,35,81.7,0,1.2,1,80,14,32,32
5016,62218,62216986,11100,250,-1,-1,1,29,81.9,0,-1.0,1,83,14,32,32
5017,62229,62228098,11112,250,-1,-1,1,58,82.0,0,-1.0,1,88,13,32,32
5018,62240,62239207,11109,250,104,30,0,33,82.1,0,1.2,1,92,10,35,35
5019,62251,62250321,11114,250,107,28,0,58,82.2,0,1.3,1,92,13,33,33
5020,62262,62261429,11108,250,111,25,0,33,82.4,0,1.2,1,96,11,33,33
5021,62273,62272529,11100,250,-1,-1,1,31,82.5,0,-1.0,1,99,7,32,32
5022,62284,62283646,11117,250,-1,-1,1,31,82.6,0,-1.0,1,103,5,35,35
5023,62296,62294749,11103,250,124,8,0,35,82.6,1,1.3,1,104,0,40,40
5024,62307,62305869,11120,250,127,4,0,35,82.7,0,1.4,1,111,0,34,34
5025,62318,62316971,11102,250,131,2,0,36,82.8,0,1.3,1,115,0,35,35
5026,62329,62328076,11105,250,136,-1,2,59,82.9,0,1.3,1,118,0,34,34
5027,62340,62339194,11118,250,140,-3,2,42,83.0,0,1.3,1,112,0,57,57
5028,62351,62350301,11107,250,-1,-1,1,60,83.1,0,-1.0,1,115,0,58,58
5029,62362,62361410,11109,250,150,-6,2,37,83.2,0,1.3,1,130,0,37,37
5030,62373,62372511,11101,250,-1,-1,1,41,83.3,0,-1.0,1,124,0,60,60
5031,62384,62383622,11111,250,-1,-1,1,30,83.4,0,-1.0,1,137,0,45,45
5032,62396,62394738,11116,250,-1,-1,1,29,83.2,1,-1.0,2,140,0,46,46
5033,62407,62405853,11115,250,-1,-1,1,103,83.5,0,-1.0,2,102,0,133,133
5034,62418,62416954,11101,250,-1,-1,1,539,83.6,0,-1.0,2,0,0,640,360
5035,62429,62428200,11246,250,-1,-1,1,641,83.6,0,-1.0,2,0,0,640,360
5036,62440,62439182,10982,250,231,30,0,538,82.1,0,2.0,1,0,0,640,360
5037,62460,62450291,11109,250,236,32,0,43,83.1,0,1.6,1,221,12,47,47
5038,62462,62461383,11092,250,237,33,0,31,83.9,0,1.6,1,220,15,35,35
5039,62473,62472499,11116,250,239,35,0,34,84.0,0,1.6,1,225,17,36,36
5040,62574,62483605,11106,250,-1,-1,1,36,77.1,0,-1.0,1,242,26,59,59
5041,62598,62594698,111093,250,-1,-1,1,40,41.7,1,-1.0,1,247,28,65,65
5042,62607,62605822,11124,250,-1,-1,1,52,27.8,0,-1.0,2,248,29,67,67
5043,62646,62639126,33304,250,-1,-1,1,619,41.7,0,-1.0,2,0,0,640,360
5044,62651,62650269,11143,250,-1,-1,1,640,51.3,0,-1.0,2,0,0,640,360
5045,62662,62661360,11091,250,-1,-1,1,535,56.2,0,-1.0,2,0,0,640,360
5046,62673,62672470,11110,250,-1,-1,1,538,60.0,0,-1.0,2,0,0,640,360
5047,62684,62683578,11108,250,-1,-1,1,536,63.1,0,-1.0,2,0,0,640,360
5048,62695,62694688,11110,250,-1,-1,1,536,65.6,0,-1.0,2,0,0,640,360
5049,62707,62705796,11108,250,-1,-1,1,535,67.7,0,-1.0,2,0,0,640,360
5050,62718,62716904,11108,250,-1,-1,1,539,69.4,1,-1.0,2,0,0,640,360
5051,62729,62728018,11114,250,-1,-1,1,539,71.0,0,-1.0,2,0,0,640,360
5052,62740,62739132,11114,250,-1,-1,1,543,71.9,0,-1.0,2,0,0,640,360
5053,62751,62750238,11106,250,-1,-1,1,547,73.0,0,-1.0,2,0,0,640,360
5054,62762,62761349,11111,250,-1,-1,1,629,74.1,0,-1.0,2,0,0,640,360
5055,62773,62772456,11107,250,-1,-1,1,630,75.0,0,-1.0,2,0,0,640,360
5056,62784,62783568,11112,250,-1,-1,1,529,75.8,0,-1.0,2,0,0,640,360
5057,62795,62794672,11104,250,-1,-1,1,523,76.6,0,-1.0,2,0,0,640,360
5058,62807,62805779,11107,250,-1,-1,1,526,77.3,0,-1.0,2,0,0,640,360
5059,62818,62816889,11110,250,-1,-1,1,527,77.9,1,-1.0,2,0,0,640,360
5060,62829,62828006,11117,250,-1,-1,1,535,78.4,0,-1.0,2,0,0,640,360
5061,62840,62839109,11103,250,-1,-1,1,529,78.9,0,-1.0,2,0,0,640,360
5062,62851,62850219,11110,250,-1,-1,1,545,79.1,0,-1.0,2,0,0,640,360
5063,62862,62861325,11106,250,-1,-1,1,629,79.6,0,-1.0,2,0,0,640,360
5064,62873,62872437,11112,250,-1,-1,1,630,80.0,0,-1.0,2,0,0,640,360
5065,62884,62883548,11111,250,-1,-1,1,592,80.4,0,-1.0,2,0,0,640,360
5066,62896,62894654,11106,250,-1,-1,1,525,80.7,0,-1.0,2,0,0,640,360
5067,62907,62905762,11108,250,-1,-1,1,525,81.1,0,-1.0,2,0,0,640,360
5068,62918,62916873,11111,250,-1,-1,1,524,81.4,1,-1.0,2,0,0,640,360
5069,62929,62927985,11112,250,-1,-1,1,546,81.7,0,-1.0,2,0,0,640,360
5070,62940,62939098,11113,250,-1,-1,1,538,81.7,0,-1.0,2,0,0,640,360
5071,62951,62950202,11104,250,-1,-1,1,530,82.0,0,-1.0,2,0,0,640,360
5072,62962,62961312,11110,250,-1,-1,1,630,82.3,0,-1.0,2,0,0,640,360
5073,62973,62972420,11108,250,-1,-1,1,623,82.5,0,-1.0,2,0,0,640,360
5074,62985,62983531,11111,250,-1,-1,1,555,82.7,0,-1.0,2,0,0,640,360
5075,62995,62994635,11104,250,-1,-1,1,570,82.2,0,-1.0,0,0,0,640,360
5076,63007,63005748,11113,250,-1,-1,1,540,83.1,0,-1.0,0,0,0,640,360
5077,63018,63016857,11109,250,-1,-1,1,541,83.3,1,-1.0,0,0,0,640,360
5078,63029,63027969,11112,250,-1,-1,1,565,83.3,0,-1.0,0,0,0,640,360
5079,63040,63039077,11108,250,-1,-1,1,563,83.7,0,-1.0,0,0,0,640,360
5080,63051,63050185,11108,250,-1,-1,1,545,83.7,0,-1.0,0,0,0,640,360
5081,63062,63061294,11109,250,-1,-1,1,648,83.8,0,-1.0,0,0,0,640,360
5082,63073,63072410,11116,250,-1,-1,1,650,84.0,0,-1.0,0,0,0,640,360
5083,63084,63083516,11106,250,-1,-1,1,545,84.1,0,-1.0,0,0,0,640,360
5084,63095,63094624,11108,250,-1,-1,1,545,84.3,0,-1.0,0,0,0,640,360
5085,63107,63105727,11103,250,-1,-1,1,544,84.4,0,-1.0,0,0,0,640,360
5086,63118,63116837,11110,250,-1,-1,1,573,84.6,1,-1.0,0,0,0,640,360
5087,63129,63127952,11115,250,-1,-1,1,581,84.7,0,-1.0,0,0,0,640,360
5088,63140,63139059,11107,250,-1,-1,1,544,84.8,0,-1.0,0,0,0,640,360
5089,63151,63150170,11111,250,-1,-1,1,554,84.8,0,-1.0,0,0,0,640,360
5090,63162,63161278,11108,250,-1,-1,1,628,84.9,0,-1.0,0,0,0,640,360
5091,63173,63172386,11108,250,-1,-1,1,629,85.0,0,-1.0,0,0,0,640,360
5092,63184,63183500,11114,250,-1,-1,1,592,85.1,0,-1.0,0,0,0,640,360
5093,63195,63194605,11105,250,-1,-1,1,524,85.2,0,-1.0,0,0,0,640,360
5094,63207,63205714,11109,250,-1,-1,1,526,85.3,0,-1.0,0,0,0,640,360
5095,63218,63216819,11105,250,-1,-1,1,528,85.4,1,-1.0,0,0,0,640,360
5096,63229,63227936,11117,250,-1,-1,1,542,85.5,0,-1.0,0,0,0,640,360
5097,63240,63239042,11106,250,-1,-1,1,535,85.6,0,-1.0,0,0,0,640,360
5098,63251,63250153,11111,250,-1,-1,1,547,85.5,0,-1.0,0,0,0,640,360
5099,63262,63261260,11107,250,-1,-1,1,631,85.6,0,-1.0,0,0,0,640,360
5100,63273,63272371,11111,250,-1,-1,1,628,85.7,0,-1.0,0,0,0,640,360
5101,63284,63283483,11112,250,-1,-1,1,592,85.8,0,-1.0,0,0,0,640,360
5102,63296,63294588,11105,250,-1,-1,1,524,85.9,0,-1.0,0,0,0,640,360
5103,63307,63305695,11107,250,-1,-1,1,524,85.9,0,-1.0,0,0,0,640,360
5104,63318,63316805,11110,250,-1,-1,1,525,86.0,1,-1.0,0,0,0,640,360
5105,63329,63327917,11112,250,-1,-1,1,547,86.1,0,-1.0,0,0,0,640,360
5106,63340,63339026,11109,250,-1,-1,1,535,86.0,0,-1.0,0,0,0,640,360
5107,63351,63350132,11106,250,-1,-1,1,529,86.2,0,-1.0,0,0,0,640,360
5108,63362,63361243,11111,250,-1,-1,1,629,86.2,0,-1.0,0,0,0,640,360
5109,63373,63372353,11110,250,-1,-1,1,632,86.2,0,-1.0,0,0,0,640,360
5110,63384,63383463,11110,250,-1,-1,1,606,86.3,0,-1.0,0,0,0,640,360
5111,63395,63394567,11104,250,-1,-1,1,525,86.4,0,-1.0,0,0,0,640,360
5112,63406,63405677,11110,250,-1,-1,1,525,86.4,0,-1.0,0,0,0,640,360
5113,63418,63416788,11111,250,-1,-1,1,525,86.5,1,-1.0,0,0,0,640,360
5114,63429,63427902,11114,250,-1,-1,1,546,86.5,0,-1.0,0,0,0,640,360
5115,63440,63439008,11106,250,-1,-1,1,545,86.6,0,-1.0,0,0,0,640,360
5116,63451,63450120,11112,250,-1,-1,1,537,86.7,0,-1.0,0,0,0,640,360
5117,63462,63461225,11105,250,-1,-1,1,635,86.6,0,-1.0,0,0,0,640,360
5118,63473,63472338,11113,250,-1,-1,1,638,86.7,0,-1.0,0,0,0,640,360
5119,63484,63483446,11108,250,25,115,0,539,86.3,0,1.3,1,0,0,640,360
5120,63495,63494556,11110,250,-1,-1,1,30,86.9,0,-1.0,1,11,91,41,41
5121,63506,63505647,11091,250,-1,-1,1,32,86.9,0,-1.0,1,16,86,43,43
5122,63518,63516758,11111,250,-1,-1,1,33,86.0,1,-1.0,2,21,81,45,45
5123,63529,63527876,11118,250,-1,-1,1,97,86.9,0,-1.0,2,0,33,133,133
5124,63540,63538994,11118,250,52,101,0,164,83.8,0,1.2,1,0,10,171,171
5125,63602,63594516,55522,250,-1,-1,1,27,38.5,0,-1.0,1,61,63,42,42
5126,63607,63605644,11128,250,-1,-1,1,33,64.5,0,-1.0,1,63,61,43,43
5127,63618,63616743,11099,250,-1,-1,1,29,58.8,0,-1.0,2,67,57,45,45
5128,63629,63627859,11116,250,-1,-1,1,106,75.5,0,-1.0,2,30,11,131,131
5129,63640,63638964,11105,250,-1,-1,1,226,78.1,0,-1.0,2,0,0,215,215
5130,63711,63650079,11115,250,-1,-1,1,674,44.1,0,-1.0,2,0,0,640,360
5131,63712,63705610,55531,250,-1,-1,1,606,51.1,1,-1.0,2,0,0,640,360
5132,63718,63716752,11142,250,-1,-1,1,645,56.3,0,-1.0,2,0,0,640,360
5133,63729,63727849,11097,250,-1,-1,1,528,58.8,0,-1.0,2,0,0,640,360
5134,63740,63738951,11102,250,-1,-1,1,536,61.0,0,-1.0,2,0,0,640,360
5135,63751,63750060,11109,250,-1,-1,1,527,62.5,0,-1.0,2,0,0,640,360
5136,63762,63761178,11118,250,-1,-1,1,626,64.2,0,-1.0,2,0,0,640,360
5137,63773,63772285,11107,250,-1,-1,1,544,65.7,0,-1.0,2,0,0,640,360
5138,63784,63783395,11110,250,-1,-1,1,545,67.0,0,-1.0,2,0,0,640,360
5139,63795,63794502,11107,250,-1,-1,1,547,68.2,0,-1.0,2,0,0,640,360
5140,63806,63805614,11112,250,-1,-1,1,628,69.3,1,-1.0,2,0,0,640,360
5141,63818,63816723,11109,250,-1,-1,1,629,70.2,0,-1.0,2,0,0,640,360
5142,63829,63827834,11111,250,-1,-1,1,528,71.1,0,-1.0,2,0,0,640,360
5143,63840,63838937,11103,250,-1,-1,1,554,72.0,0,-1.0,2,0,0,640,360
5144,63851,63850050,11113,250,-1,-1,1,547,72.7,0,-1.0,2,0,0,640,360
5145,63862,63861157,11107,250,-1,-1,1,631,73.2,0,-1.0,2,0,0,640,360
5146,63873,63872264,11107,250,-1,-1,1,527,73.8,0,-1.0,2,0,0,640,360
5147,63884,63883376,11112,250,-1,-1,1,630,74.4,0,-1.0,2,0,0,640,360
5148,63895,63894485,11109,250,-1,-1,1,525,75.0,0,-1.0,2,0,0,640,360
5149,63906,63905591,11106,250,-1,-1,1,528,75.5,1,-1.0,2,0,0,640,360
5150,63918,63916709,11118,250,-1,-1,1,547,76.0,0,-1.0,2,0,0,640,360
5151,63929,63927813,11104,250,-1,-1,1,544,76.5,0,-1.0,2,0,0,640,360
5152,63940,63938922,11109,250,-1,-1,1,527,76.9,0,-1.0,2,0,0,640,360
5153,63951,63950029,11107,250,-1,-1,1,624,77.3,0,-1.0,2,0,0,640,360
5154,63962,63961140,11111,250,-1,-1,1,631,77.5,0,-1.0,2,0,0,640,360
5155,63973,63972250,11110,250,-1,-1,1,525,77.9,0,-1.0,2,0,0,640,360
5156,63984,63983357,11107,250,-1,-1,1,527,78.2,0,-1.0,2,0,0,640,360
5157,63995,63994466,11109,250,-1,-1,1,526,78.6,0,-1.0,2,0,0,640,360
5158,64007,64005573,11107,250,-1,-1,1,527,78.9,1,-1.0,2,0,0,640,360
5159,64018,64016683,11110,250,-1,-1,1,529,79.2,0,-1.0,2,0,0,640,360
5160,64029,64027797,11114,250,-1,-1,1,526,73.6,0,-1.0,0,0,0,640,360
5161,64065,64061106,33309,250,-1,-1,1,526,75.5,0,-1.0,0,0,0,640,360
5162,64073,64072239,11133,250,-1,-1,1,628,76.3,0,-1.0,0,0,0,640,360
5163,64084,64083477,11238,250,-1,-1,1,525,76.6,0,-1.0,0,0,0,640,360
5164,64095,64094447,10970,250,-1,-1,1,526,76.9,0,-1.0,0,0,0,640,360
5165,64106,64105557,11110,250,-1,-1,1,527,77.2,0,-1.0,0,0,0,640,360
5166,64117,64116670,11113,250,-1,-1,1,526,77.5,0,-1.0,0,0,0,640,360
5167,64129,64127774,11104,250,-1,-1,1,525,77.8,1,-1.0,0,0,0,640,360
5168,64140,64138888,11114,250,-1,-1,1,529,78.0,0,-1.0,0,0,0,640,360
5169,64151,64149997,11109,250,-1,-1,1,528,78.3,0,-1.0,0,0,0,640,360
5170,64162,64161109,11112,250,-1,-1,1,527,78.5,0,-1.0,0,0,0,640,360
5171,64173,64172217,11108,250,-1,-1,1,627,78.6,0,-1.0,0,0,0,640,360
5172,64184,64183327,11110,250,-1,-1,1,630,78.8,0,-1.0,0,0,0,640,360
5173,64196,64194438,11111,250,-1,-1,1,525,79.0,0,-1.0,0,0,0,640,360
5174,64206,64205543,11105,250,-1,-1,1,523,79.2,0,-1.0,0,0,0,640,360
5175,64217,64216646,11103,250,-1,-1,1,527,79.4,0,-1.0,0,0,0,640,360
5176,64229,64227756,11110,250,-1,-1,1,528,79.6,1,-1.0,0,0,0,640,360
5177,64240,64238872,11116,250,-1,-1,1,537,79.8,0,-1.0,0,0,0,640,360
5178,64251,64249983,11111,250,-1,-1,1,532,80.0,0,-1.0,0,0,0,640,360
5179,64262,64261085,11102,250,-1,-1,1,529,80.2,0,-1.0,0,0,0,640,360
5180,64273,64272197,11112,250,-1,-1,1,624,80.2,0,-1.0,0,0,0,640,360
5181,64284,64283312,11115,250,-1,-1,1,649,80.4,0,-1.0,0,0,0,640,360
5182,64295,64294421,11109,250,-1,-1,1,525,80.6,0,-1.0,0,0,0,640,360
5183,64306,64305523,11102,250,-1,-1,1,525,80.7,0,-1.0,0,0,0,640,360
5184,64318,64316635,11112,250,-1,-1,1,524,80.9,0,-1.0,0,0,0,640,360
5185,64329,64327741,11106,250,-1,-1,1,523,81.0,1,-1.0,0,0,0,640,360
5186,64340,64338856,11115,250,-1,-1,1,547,81.2,0,-1.0,0,0,0,640,360
5187,64351,64349962,11106,250,-1,-1,1,546,81.3,0,-1.0,0,0,0,640,360
5188,64362,64361073,11111,250,-1,-1,1,532,81.3,0,-1.0,0,0,0,640,360
5189,64373,64372181,11108,250,-1,-1,1,626,81.5,0,-1.0,0,0,0,640,360
5190,64384,64383292,11111,250,-1,-1,1,630,81.6,0,-1.0,0,0,0,640,360
5191,64395,64394401,11109,250,-1,-1,1,527,81.7,0,-1.0,0,0,0,640,360
5192,64406,64405506,11105,250,-1,-1,1,527,81.8,0,-1.0,0,0,0,640,360
5193,64417,64416612,11106,250,-1,-1,1,525,81.9,0,-1.0,0,0,0,640,360
5194,64429,64427723,11111,250,-1,-1,1,527,82.1,1,-1.0,0,0,0,640,360
5195,64440,64438835,11112,250,-1,-1,1,548,82.2,0,-1.0,0,0,0,640,360
5196,64451,64449948,11113,250,-1,-1,1,545,82.3,0,-1.0,0,0,0,640,360
5197,64462,64461055,11107,250,-1,-1,1,527,82.4,0,-1.0,0,0,0,640,360
5198,64473,64472169,11114,250,-1,-1,1,628,82.4,0,-1.0,0,0,0,640,360
5199,64484,64483270,11101,250,-1,-1,1,628,82.5,0,-1.0,0,0,0,640,360
5200,64495,64494384,11114,250,-1,-1,1,527,82.6,0,-1.0,0,0,0,640,360
5201,64506,64505489,11105,250,-1,-1,1,524,82.7,0,-1.0,0,0,0,640,360
5202,64517,64516599,11110,250,-1,-1,1,526,82.8,0,-1.0,0,0,0,640,360
5203,64528,64527706,11107,250,-1,-1,1,526,82.9,1,-1.0,0,0,0,640,360
5204,64540,64538819,11113,250,-1,-1,1,547,83.0,0,-1.0,0,0,0,640,360
5205,64551,64549928,11109,250,-1,-1,1,544,83.1,0,-1.0,0,0,0,640,360
5206,64562,64561041,11113,250,-1,-1,1,527,83.2,0,-1.0,0,0,0,640,360
5207,64573,64572150,11109,250,-1,-1,1,629,83.2,0,-1.0,0,0,0,640,360
5208,64584,64583259,11109,250,-1,-1,1,625,83.3,0,-1.0,0,0,0,640,360
5209,64609,64605466,22207,250,-1,-1,1,525,41.7,0,-1.0,0,0,0,640,360
5210,64617,64616581,11115,250,-1,-1,1,528,60.6,0,-1.0,0,0,0,640,360
5211,64629,64627691,11110,250,-1,-1,1,526,68.2,0,-1.0,0,0,0,640,360
5212,64640,64638798,11107,250,-1,-1,1,524,72.7,1,-1.0,0,0,0,640,360
5213,64651,64649913,11115,250,-1,-1,1,530,75.8,0,-1.0,0,0,0,640,360
5214,64662,64661019,11106,250,-1,-1,1,547,77.9,0,-1.0,0,0,0,640,360
5215,64673,64672131,11112,250,-1,-1,1,555,78.7,0,-1.0,0,0,0,640,360
5216,64684,64683239,11108,250,-1,-1,1,630,80.0,0,-1.0,0,0,0,640,360
5217,64695,64694353,11114,250,-1,-1,1,625,81.1,0,-1.0,0,0,0,640,360
5218,64707,64705459,11106,250,-1,-1,1,527,82.0,0,-1.0,0,0,0,640,360
5219,64718,64716567,11108,250,-1,-1,1,527,82.7,0,-1.0,0,0,0,640,360
5220,64799,64727672,11105,250,-1,-1,1,609,55.8,0,-1.0,0,0,0,640,360
5221,64800,64794312,66640,250,-1,-1,1,632,60.5,1,-1.0,0,0,0,640,360
5222,64806,64805454,11142,250,-1,-1,1,634,63.1,0,-1.0,0,0,0,640,360
5223,64817,64816548,11094,250,-1,-1,1,539,64.4,0,-1.0,0,0,0,640,360
5224,64828,64827659,11111,250,-1,-1,1,524,65.6,0,-1.0,0,0,0,640,360
5225,64840,64838765,11106,250,-1,-1,1,632,66.7,0,-1.0,0,0,0,640,360
5226,64851,64849880,11115,250,-1,-1,1,527,67.4,0,-1.0,0,0,0,640,360
5227,64862,64860986,11106,250,-1,-1,1,544,68.6,0,-1.0,0,0,0,640,360
5228,64873,64872096,11110,250,-1,-1,1,529,69.4,0,-1.0,0,0,0,640,360
5229,64884,64883204,11108,250,-1,-1,1,630,70.0,0,-1.0,0,0,0,640,360
5230,64895,64894315,11111,250,-1,-1,1,526,70.7,1,-1.0,0,0,0,640,360
5231,64906,64905431,11116,250,-1,-1,1,604,71.4,0,-1.0,0,0,0,640,360
5232,64917,64916534,11103,250,-1,-1,1,526,72.1,0,-1.0,0,0,0,640,360
5233,64928,64927639,11105,250,-1,-1,1,544,72.7,0,-1.0,0,0,0,640,360
5234,64940,64938756,11117,250,-1,-1,1,605,73.2,0,-1.0,0,0,0,640,360
5235,64951,64949862,11106,250,-1,-1,1,523,73.8,0,-1.0,0,0,0,640,360
5236,64962,64960974,11112,250,-1,-1,1,645,74.3,0,-1.0,0,0,0,640,360
5237,64973,64972085,11111,250,-1,-1,1,527,74.7,0,-1.0,0,0,0,640,360
5238,64984,64983188,11103,250,-1,-1,1,527,75.0,0,-1.0,0,0,0,640,360
5239,64995,64994296,11108,250,-1,-1,1,525,75.4,1,-1.0,0,0,0,640,360
5240,65006,65005411,11115,250,-1,-1,1,549,75.8,0,-1.0,0,0,0,640,360
5241,65017,65016515,11104,250,-1,-1,1,545,76.2,0,-1.0,0,0,0,640,360
5242,65029,65027627,11112,250,-1,-1,1,537,76.6,0,-1.0,0,0,0,640,360
5243,65040,65038733,11106,250,-1,-1,1,626,76.9,0,-1.0,0,0,0,640,360
5244,65051,65049901,11168,250,-1,-1,1,626,77.3,0,-1.0,0,0,0,640,360
5245,65062,65060952,11051,250,-1,-1,1,529,77.6,0,-1.0,0,0,0,640,360
5246,65073,65072062,11110,250,-1,-1,1,528,77.7,0,-1.0,0,0,0,640,360
5247,65084,65083168,11106,250,-1,-1,1,527,78.2,0,-1.0,0,0,0,640,360
5248,65095,65094279,11111,250,-1,-1,1,525,78.3,1,-1.0,0,0,0,640,360
5249,65106,65105392,11113,250,-1,-1,1,545,78.5,0,-1.0,0,0,0,640,360
5250,65117,65116503,11111,250,-1,-1,1,549,78.8,0,-1.0,0,0,0,640,360
5251,65128,65127609,11106,250,-1,-1,1,528,79.0,0,-1.0,0,0,0,640,360
5252,65140,65138723,11114,250,-1,-1,1,628,79.3,0,-1.0,0,0,0,640,360
5253,65151,65149823,11100,250,-1,-1,1,525,79.5,0,-1.0,0,0,0,640,360
5254,65162,65160937,11114,250,-1,-1,1,554,79.7,0,-1.0,0,0,0,640,360
5255,65173,65172042,11105,250,-1,-1,1,528,79.9,0,-1.0,0,0,0,640,360
5256,65184,65183150,11108,250,-1,-1,1,524,80.1,0,-1.0,0,0,0,640,360
5257,65195,65194264,11114,250,-1,-1,1,525,80.2,1,-1.0,0,0,0,640,360
5258,65206,65205375,11111,250,-1,-1,1,548,80.4,0,-1.0,0,0,0,640,360
5259,65217,65216480,11105,250,-1,-1,1,545,80.6,0,-1.0,0,0,0,640,360
5260,65228,65227594,11114,250,-1,-1,1,528,80.7,0,-1.0,0,0,0,640,360
5261,65240,65238701,11107,250,-1,-1,1,628,80.9,0,-1.0,0,0,0,640,360
5262,65251,65249810,11109,250,-1,-1,1,629,81.1,0,-1.0,0,0,0,640,360
5263,65262,65260921,11111,250,-1,-1,1,527,81.1,0,-1.0,0,0,0,640,360
5264,65273,65272026,11105,250,-1,-1,1,528,81.4,0,-1.0,0,0,0,640,360
5265,65284,65283131,11105,250,-1,-1,1,524,81.5,0,-1.0,0,0,0,640,360
5266,65295,65294244,11113,250,-1,-1,1,527,81.6,1,-1.0,0,0,0,640,360
5267,65306,65305356,11112,250,-1,-1,1,532,81.7,0,-1.0,0,0,0,640,360
5268,65317,65316465,11109,250,-1,-1,1,528,81.9,0,-1.0,0,0,0,640,360
5269,65328,65327574,11109,250,-1,-1,1,546,82.0,0,-1.0,0,0,0,640,360
5270,65340,65338689,11115,250,-1,-1,1,628,82.1,0,-1.0,0,0,0,640,360
5271,65351,65349790,11101,250,-1,-1,1,629,82.2,0,-1.0,0,0,0,640,360
5272,65362,65360904,11114,250,-1,-1,1,529,82.4,0,-1.0,0,0,0,640,360
5273,65373,65372011,11107,250,-1,-1,1,525,82.5,0,-1.0,0,0,0,640,360
5274,65384,65383117,11106,250,-1,-1,1,528,82.5,0,-1.0,0,0,0,640,360
5275,65395,65394225,11108,250,-1,-1,1,525,82.6,1,-1.0,0,0,0,640,360
5276,65406,65405341,11116,250,-1,-1,1,535,82.7,0,-1.0,0,0,0,640,360
5277,65417,65416448,11107,250,-1,-1,1,533,82.8,0,-1.0,0,0,0,640,360
5278,65429,65427558,11110,250,-1,-1,1,548,82.9,0,-1.0,0,0,0,640,360
5279,65440,65438665,11107,250,-1,-1,1,627,83.0,0,-1.0,0,0,0,640,360
5280,65451,65449778,11113,250,-1,-1,1,629,83.1,0,-1.0,0,0,0,640,360
5281,65462,65460887,11109,250,-1,-1,1,524,83.2,0,-1.0,0,0,0,640,360
5282,65473,65471991,11104,250,-1,-1,1,542,83.3,0,-1.0,0,0,0,640,360
5283,65484,65483104,11113,250,-1,-1,1,550,83.4,0,-1.0,0,0,0,640,360
5284,65495,65494212,11108,250,-1,-1,1,548,83.4,1,-1.0,0,0,0,640,360
5285,65506,65505320,11108,250,-1,-1,1,576,83.5,0,-1.0,0,0,0,640,360
5286,65517,65516434,11114,250,-1,-1,1,542,83.6,0,-1.0,0,0,0,640,360
5287,65528,65527540,11106,250,-1,-1,1,534,83.7,0,-1.0,0,0,0,640,360
5288,65540,65538650,11110,250,-1,-1,1,630,83.8,0,-1.0,0,0,0,640,360
5289,65551,65549755,11105,250,-1,-1,1,630,83.9,0,-1.0,0,0,0,640,360
5290,65562,65560869,11114,250,-1,-1,1,527,83.9,0,-1.0,0,0,0,640,360
5291,65573,65571977,11108,250,-1,-1,1,527,84.0,0,-1.0,0,0,0,640,360
5292,65584,65583080,11103,250,-1,-1,1,525,84.0,0,-1.0,0,0,0,640,360
5293,65599,65594193,11113,250,-1,-1,1,543,71.4,1,-1.0,0,0,0,640,360
5294,65606,65605312,11119,250,-1,-1,1,547,90.9,0,-1.0,0,0,0,640,360
5295,65617,65616415,11103,250,-1,-1,1,543,90.9,0,-1.0,0,0,0,640,360
5296,65628,65627526,11111,250,-1,-1,1,633,90.9,0,-1.0,0,0,0,640,360
5297,65639,65638635,11109,250,-1,-1,1,522,90.9,0,-1.0,0,0,0,640,360
5298,65651,65649745,11110,250,-1,-1,1,633,90.9,0,-1.0,0,0,0,640,360
5299,65662,65660851,11106,250,-1,-1,1,527,90.9,0,-1.0,0,0,0,640,360
5300,65673,65671961,11110,250,-1,-1,1,526,90.9,0,-1.0,0,0,0,640,360
5301,65684,65683065,11104,250,-1,-1,1,527,90.9,0,-1.0,0,0,0,640,360
5302,65695,65694181,11116,250,-1,-1,1,528,90.1,1,-1.0,0,0,0,640,360
5303,65706,65705287,11106,250,-1,-1,1,529,90.2,0,-1.0,0,0,0,640,360
5304,65717,65716400,11113,250,-1,-1,1,547,90.2,0,-1.0,0,0,0,640,360
5305,65728,65727507,11107,250,-1,-1,1,524,90.3,0,-1.0,0,0,0,640,360
5306,65739,65738619,11112,250,-1,-1,1,627,90.3,0,-1.0,0,0,0,640,360
5307,65751,65749723,11104,250,-1,-1,1,525,90.4,0,-1.0,0,0,0,640,360
5308,65762,65760834,11111,250,-1,-1,1,630,90.4,0,-1.0,0,0,0,640,360
5309,65773,65771944,11110,250,-1,-1,1,525,90.4,0,-1.0,0,0,0,640,360
5310,65864,65783047,11103,250,-1,-1,1,609,64.3,0,-1.0,0,0,0,640,360
5311,65865,65860797,77750,250,-1,-1,1,596,67.6,1,-1.0,0,0,0,640,360
5312,65873,65871932,11135,250,-1,-1,1,627,69.4,0,-1.0,0,0,0,640,360
5313,65884,65883032,11100,250,-1,-1,1,523,70.2,0,-1.0,0,0,0,640,360
5314,65895,65894144,11112,250,-1,-1,1,525,71.0,0,-1.0,0,0,0,640,360
5315,65906,65905250,11106,250,-1,-1,1,635,71.4,0,-1.0,0,0,0,640,360
5316,65917,65916365,11115,250,-1,-1,1,527,72.1,0,-1.0,0,0,0,640,360
5317,65928,65927475,11110,250,-1,-1,1,546,72.7,0,-1.0,0,0,0,640,360
5318,65939,65938581,11106,250,-1,-1,1,547,73.2,0,-1.0,0,0,0,640,360
5319,65951,65949685,11104,250,-1,-1,1,632,73.8,0,-1.0,0,0,0,640,360
5320,65962,65960800,11115,250,-1,-1,1,524,74.3,1,-1.0,0,0,0,640,360
5321,65973,65971911,11111,250,-1,-1,1,629,74.7,0,-1.0,0,0,0,640,360
5322,65984,65983017,11106,250,-1,-1,1,527,75.2,0,-1.0,0,0,0,640,360
5323,65995,65994124,11107,250,-1,-1,1,526,75.4,0,-1.0,0,0,0,640,360
5324,66006,66005238,11114,250,-1,-1,1,545,75.8,0,-1.0,0,0,0,640,360
5325,66017,66016344,11106,250,-1,-1,1,605,76.2,0,-1.0,0,0,0,640,360
5326,66028,66027455,11111,250,-1,-1,1,628,76.6,0,-1.0,0,0,0,640,360
5327,66040,66038564,11109,250,-1,-1,1,526,76.9,0,-1.0,0,0,0,640,360
5328,66051,66049675,11111,250,-1,-1,1,523,77.3,0,-1.0,0,0,0,640,360
5329,66062,66060782,11107,250,-1,-1,1,523,77.6,1,-1.0,0,0,0,640,360
5330,66073,66071892,11110,250,-1,-1,1,544,77.9,0,-1.0,0,0,0,640,360
5331,66084,66082998,11106,250,-1,-1,1,547,78.2,0,-1.0,0,0,0,640,360
5332,66095,66094107,11109,250,-1,-1,1,549,78.4,0,-1.0,0,0,0,640,360
5333,66106,66105217,11110,250,-1,-1,1,628,78.5,0,-1.0,0,0,0,640,360
5334,66117,66116327,11110,250,-1,-1,1,637,78.8,0,-1.0,0,0,0,640,360
5335,66128,66127437,11110,250,-1,-1,1,525,79.0,0,-1.0,0,0,0,640,360
5336,66139,66138546,11109,250,-1,-1,1,524,79.3,0,-1.0,0,0,0,640,360
5337,66150,66149653,11107,250,-1,-1,1,525,79.5,0,-1.0,0,0,0,640,360
5338,66162,66160764,11111,250,-1,-1,1,526,79.7,1,-1.0,0,0,0,640,360
5339,66173,66171877,11113,250,-1,-1,1,546,79.9,0,-1.0,0,0,0,640,360
5340,66184,66182985,11108,250,-1,-1,1,546,80.1,0,-1.0,0,0,0,640,360
5341,66195,66194090,11105,250,-1,-1,1,545,80.3,0,-1.0,0,0,0,640,360
5342,66206,66205205,11115,250,-1,-1,1,626,80.4,0,-1.0,0,0,0,640,360
5343,66217,66216310,11105,250,-1,-1,1,628,80.6,0,-1.0,0,0,0,640,360
5344,66229,66227423,11113,250,-1,-1,1,524,80.7,0,-1.0,0,0,0,640,360
5345,66239,66238530,11107,250,-1,-1,1,526,80.9,0,-1.0,0,0,0,640,360
5346,66250,66249634,11104,250,-1,-1,1,529,81.1,0,-1.0,0,0,0,640,360
5347,66262,66260745,11111,250,-1,-1,1,528,81.2,1,-1.0,0,0,0,640,360
5348,66273,66271858,11113,250,-1,-1,1,546,81.4,0,-1.0,0,0,0,640,360
5349,66285,66282964,11106,250,-1,-1,1,526,81.4,0,-1.0,0,0,0,640,360
5350,66295,66294079,11115,250,-1,-1,1,546,81.7,0,-1.0,0,0,0,640,360
5351,66306,66305184,11105,250,-1,-1,1,628,81.7,0,-1.0,0,0,0,640,360
5352,66317,66316456,11272,250,-1,-1,1,629,81.9,0,-1.0,0,0,0,640,360
5353,66328,66327406,10950,250,-1,-1,1,526,82.0,0,-1.0,0,0,0,640,360
5354,66339,66338515,11109,250,-1,-1,1,527,82.1,0,-1.0,0,0,0,640,360
5355,66350,66349619,11104,250,-1,-1,1,525,82.2,0,-1.0,0,0,0,640,360
5356,66362,66360730,11111,250,-1,-1,1,526,82.4,1,-1.0,0,0,0,640,360
5357,66373,66371842,11112,250,-1,-1,1,537,82.5,0,-1.0,0,0,0,640,360
5358,66384,66382952,11110,250,-1,-1,1,534,82.6,0,-1.0,0,0,0,640,360
5359,66395,66394055,11103,250,-1,-1,1,530,82.7,0,-1.0,0,0,0,640,360
5360,66406,66405169,11114,250,-1,-1,1,625,82.7,0,-1.0,0,0,0,640,360
5361,66417,66416273,11104,250,-1,-1,1,523,82.8,0,-1.0,0,0,0,640,360
5362,66428,66427391,11118,250,-1,-1,1,626,82.9,0,-1.0,0,0,0,640,360
5363,66439,66438495,11104,250,-1,-1,1,527,83.0,0,-1.0,0,0,0,640,360
5364,66450,66449602,11107,250,-1,-1,1,524,83.1,0,-1.0,0,0,0,640,360
5365,66462,66460710,11108,250,-1,-1,1,525,83.2,1,-1.0,0,0,0,640,360
5366,66473,66471822,11112,250,-1,-1,1,547,83.3,0,-1.0,0,0,0,640,360
5367,66484,66482932,11110,250,-1,-1,1,547,83.4,0,-1.0,0,0,0,640,360
5368,66495,66494043,11111,250,-1,-1,1,566,83.5,0,-1.0,0,0,0,640,360
5369,66506,66505152,11109,250,-1,-1,1,628,83.5,0,-1.0,0,0,0,640,360
5370,66517,66516259,11107,250,-1,-1,1,629,83.6,0,-1.0,0,0,0,640,360
5371,66528,66527370,11111,250,-1,-1,1,543,83.7,0,-1.0,0,0,0,640,360
5372,66539,66538476,11106,250,-1,-1,1,526,83.8,0,-1.0,0,0,0,640,360
5373,66550,66549583,11107,250,-1,-1,1,526,83.9,0,-1.0,0,0,0,640,360
5374,66561,66560692,11109,250,-1,-1,1,524,83.9,1,-1.0,0,0,0,640,360
5375,66573,66571806,11114,250,-1,-1,1,547,84.0,0,-1.0,0,0,0,640,360
5376,66584,66582917,11111,250,-1,-1,1,545,84.1,0,-1.0,0,0,0,640,360
5377,66595,66594025,11108,250,-1,-1,1,540,84.2,0,-1.0,0,0,0,640,360
5378,66634,66627348,33323,250,-1,-1,1,526,25.6,0,-1.0,0,0,0,640,360
5379,66639,66638467,11119,250,-1,-1,1,526,44.4,0,-1.0,0,0,0,640,360
5380,66650,66649568,11101,250,-1,-1,1,526,53.6,0,-1.0,0,0,0,640,360
5381,66661,66660674,11106,250,-1,-1,1,527,59.7,0,-1.0,0,0,0,640,360
5382,66673,66671787,11113,250,-1,-1,1,527,64.1,0,-1.0,0,0,0,640,360
5383,66684,66682895,11108,250,-1,-1,1,527,67.4,1,-1.0,0,0,0,640,360
5384,66695,66694008,11113,250,-1,-1,1,581,70.0,0,-1.0,0,0,0,640,360
5385,66706,66705121,11113,250,-1,-1,1,545,71.4,0,-1.0,0,0,0,640,360
5386,66717,66716228,11107,250,-1,-1,1,546,73.2,0,-1.0,0,0,0,640,360
5387,66728,66727335,11107,250,-1,-1,1,629,74.6,0,-1.0,0,0,0,640,360
5388,66739,66738448,11113,250,-1,-1,1,630,75.9,0,-1.0,0,0,0,640,360
5389,66750,66749552,11104,250,-1,-1,1,525,76.9,0,-1.0,0,0,0,640,360
5390,66761,66760663,11111,250,-1,-1,1,526,77.8,0,-1.0,0,0,0,640,360
5391,66773,66771767,11104,250,-1,-1,1,527,78.7,0,-1.0,0,0,0,640,360
5392,66784,66782881,11114,250,-1,-1,1,527,79.4,1,-1.0,0,0,0,640,360
5393,66795,66793991,11110,250,-1,-1,1,582,80.0,0,-1.0,0,0,0,640,360
5394,66806,66805102,11111,250,-1,-1,1,531,80.6,0,-1.0,0,0,0,640,360
5395,66817,66816208,11106,250,-1,-1,1,528,80.7,0,-1.0,0,0,0,640,360
5396,66828,66827320,11112,250,-1,-1,1,606,81.2,0,-1.0,0,0,0,640,360
5397,66839,66838429,11109,250,-1,-1,1,633,81.6,0,-1.0,0,0,0,640,360
5398,66850,66849540,11111,250,-1,-1,1,525,82.0,0,-1.0,0,0,0,640,360
5399,66861,66860646,11106,250,-1,-1,1,525,82.4,0,-1.0,0,0,0,640,360
5400,66964,66871755,11109,250,-1,-1,1,607,62.3,0,-1.0,0,0,0,640,360
5401,66965,66960613,88858,250,-1,-1,1,601,64.9,1,-1.0,0,0,0,640,360
5402,66973,66971741,11128,250,-1,-1,1,627,66.1,0,-1.0,0,0,0,640,360
5403,66984,66982850,11109,250,-1,-1,1,525,66.8,0,-1.0,0,0,0,640,360
5404,66995,66993955,11105,250,-1,-1,1,525,67.5,0,-1.0,0,0,0,640,360
5405,67006,67005064,11109,250,-1,-1,1,630,68.0,0,-1.0,0,0,0,640,360
5406,67018,67016173,11109,250,-1,-1,1,526,68.6,0,-1.0,0,0,0,640,360
5407,67028,67027310,11137,250,-1,-1,1,543,69.1,0,-1.0,0,0,0,640,360
5408,67039,67038395,11085,250,-1,-1,1,535,69.7,0,-1.0,0,0,0,640,360
5409,67050,67049503,11108,250,-1,-1,1,628,70.2,0,-1.0,0,0,0,640,360
5410,67062,67060613,11110,250,-1,-1,1,525,70.5,1,-1.0,0,0,0,640,360
5411,67073,67071724,11111,250,-1,-1,1,630,71.1,0,-1.0,0,0,0,640,360
5412,67084,67082832,11108,250,-1,-1,1,528,71.6,0,-1.0,0,0,0,640,360
5413,67095,67093940,11108,250,-1,-1,1,528,72.0,0,-1.0,0,0,0,640,360
5414,67106,67105048,11108,250,-1,-1,1,545,72.4,0,-1.0,0,0,0,640,360
5415,67117,67116160,11112,250,-1,-1,1,632,72.7,0,-1.0,0,0,0,640,360
5416,67128,67127269,11109,250,-1,-1,1,605,73.0,0,-1.0,0,0,0,640,360
5417,67139,67138383,11114,250,-1,-1,1,526,73.4,0,-1.0,0,0,0,640,360
5418,67150,67149487,11104,250,-1,-1,1,527,73.7,0,-1.0,0,0,0,640,360
5419,67161,67160592,11105,250,-1,-1,1,526,74.1,1,-1.0,0,0,0,640,360
5420,67173,67171705,11113,250,-1,-1,1,535,74.4,0,-1.0,0,0,0,640,360
5421,67184,67182853,11148,250,-1,-1,1,549,74.7,0,-1.0,0,0,0,640,360
5422,67195,67193917,11064,250,-1,-1,1,526,75.0,0,-1.0,0,0,0,640,360
5423,67206,67205031,11114,250,-1,-1,1,643,75.2,0,-1.0,0,0,0,640,360
5424,67217,67216140,11109,250,-1,-1,1,628,75.4,0,-1.0,0,0,0,640,360
5425,67229,67227254,11114,250,-1,-1,1,524,75.7,0,-1.0,0,0,0,640,360
5426,67239,67238362,11108,250,-1,-1,1,527,76.0,0,-1.0,0,0,0,640,360
5427,67250,67249466,11104,250,-1,-1,1,525,76.2,0,-1.0,0,0,0,640,360
5428,67261,67260573,11107,250,-1,-1,1,524,76.5,1,-1.0,0,0,0,640,360
5429,67273,67271691,11118,250,-1,-1,1,544,76.7,0,-1.0,0,0,0,640,360
5430,67284,67282796,11105,250,-1,-1,1,534,76.9,0,-1.0,0,0,0,640,360
5431,67295,67293907,11111,250,-1,-1,1,535,77.1,0,-1.0,0,0,0,640,360
5432,67306,67305014,11107,250,-1,-1,1,605,77.4,0,-1.0,0,0,0,640,360
5433,67317,67316127,11113,250,-1,-1,1,630,77.5,0,-1.0,0,0,0,640,360
5434,67329,67327232,11105,250,-1,-1,1,529,77.7,0,-1.0,0,0,0,640,360
5435,67339,67338343,11111,250,-1,-1,1,524,77.9,0,-1.0,0,0,0,640,360
5436,67350,67349447,11104,250,-1,-1,1,524,78.0,0,-1.0,0,0,0,640,360
5437,67361,67360559,11112,250,-1,-1,1,524,78.2,1,-1.0,0,0,0,640,360
5438,67373,67371673,11114,250,-1,-1,1,526,78.4,0,-1.0,0,0,0,640,360
5439,67384,67382778,11105,250,-1,-1,1,548,78.6,0,-1.0,0,0,0,640,360
5440,67395,67393887,11109,250,-1,-1,1,545,78.8,0,-1.0,0,0,0,640,360
5441,67406,67404996,11109,250,-1,-1,1,623,78.9,0,-1.0,0,0,0,640,360
5442,67417,67416104,11108,250,-1,-1,1,624,79.0,0,-1.0,0,0,0,640,360
5443,67428,67427220,11116,250,-1,-1,1,526,79.1,0,-1.0,0,0,0,640,360
5444,67439,67438324,11104,250,-1,-1,1,524,79.3,0,-1.0,0,0,0,640,360
5445,67450,67449431,11107,250,-1,-1,1,525,79.4,0,-1.0,0,0,0,640,360
5446,67461,67460542,11111,250,-1,-1,1,526,79.6,1,-1.0,0,0,0,640,360
5447,67472,67471656,11114,250,-1,-1,1,546,79.7,0,-1.0,0,0,0,640,360
5448,67484,67482760,11104,250,-1,-1,1,646,79.9,0,-1.0,0,0,0,640,360
5449,67495,67493876,11116,250,-1,-1,1,558,80.0,0,-1.0,0,0,0,640,360
5450,67506,67504983,11107,250,-1,-1,1,602,80.1,0,-1.0,0,0,0,640,360
5451,67517,67516093,11110,250,-1,-1,1,627,80.2,0,-1.0,0,0,0,640,360
5452,67529,67527200,11107,250,-1,-1,1,525,80.3,0,-1.0,0,0,0,640,360
5453,67539,67538308,11108,250,-1,-1,1,527,80.4,0,-1.0,0,0,0,640,360
5454,67550,67549412,11104,250,-1,-1,1,525,80.5,0,-1.0,0,0,0,640,360
5455,67561,67560527,11115,250,-1,-1,1,526,80.7,1,-1.0,0,0,0,640,360
5456,67572,67571639,11112,250,-1,-1,1,549,80.8,0,-1.0,0,0,0,640,360
5457,67584,67582752,11113,250,-1,-1,1,544,80.9,0,-1.0,0,0,0,640,360
5458,67595,67593855,11103,250,-1,-1,1,547,81.0,0,-1.0,0,0,0,640,360
5459,67637,67627177,33322,250,-1,-1,1,1929,22.7,0,-1.0,0,0,0,640,360
5460,67640,67638279,11102,250,-1,-1,1,525,44.4,0,-1.0,0,0,0,640,360
5461,67650,67649399,11120,250,-1,-1,1,527,53.6,0,-1.0,0,0,0,640,360
5462,67661,67660504,11105,250,-1,-1,1,526,59.7,0,-1.0,0,0,0,640,360
5463,67672,67671615,11111,250,-1,-1,1,526,64.1,0,-1.0,0,0,0,640,360
5464,67684,67682726,11111,250,-1,-1,1,526,67.4,1,-1.0,0,0,0,640,360
5465,67695,67693838,11112,250,-1,-1,1,529,70.0,0,-1.0,0,0,0,640,360
5466,67706,67704943,11105,250,-1,-1,1,547,72.1,0,-1.0,0,0,0,640,360
5467,67717,67716058,11115,250,-1,-1,1,547,73.8,0,-1.0,0,0,0,640,360
5468,67728,67727167,11109,250,-1,-1,1,604,74.6,0,-1.0,0,0,0,640,360
5469,67739,67738276,11109,250,-1,-1,1,631,75.9,0,-1.0,0,0,0,640,360
5470,67751,67749383,11107,250,-1,-1,1,527,76.9,0,-1.0,0,0,0,640,360
5471,67761,67760492,11109,250,-1,-1,1,528,77.8,0,-1.0,0,0,0,640,360
5472,67772,67771596,11104,250,-1,-1,1,527,78.7,0,-1.0,0,0,0,640,360
5473,67783,67782707,11111,250,-1,-1,1,526,79.4,1,-1.0,0,0,0,640,360
5474,67795,67793820,11113,250,-1,-1,1,540,80.0,0,-1.0,0,0,0,640,360
5475,67806,67804935,11115,250,-1,-1,1,532,80.6,0,-1.0,0,0,0,640,360
5476,67817,67816040,11105,250,-1,-1,1,527,81.1,0,-1.0,0,0,0,640,360
5477,67828,67827148,11108,250,-1,-1,1,626,81.2,0,-1.0,0,0,0,640,360
5478,67839,67838258,11110,250,-1,-1,1,630,81.6,0,-1.0,0,0,0,640,360
5479,67851,67849370,11112,250,-1,-1,1,525,82.0,0,-1.0,0,0,0,640,360
5480,67861,67860475,11105,250,-1,-1,1,524,82.4,0,-1.0,0,0,0,640,360
5481,67872,67871581,11106,250,-1,-1,1,525,82.7,0,-1.0,0,0,0,640,360
5482,67883,67882692,11111,250,-1,-1,1,529,83.0,1,-1.0,0,0,0,640,360
5483,67895,67893805,11113,250,-1,-1,1,539,83.3,0,-1.0,0,0,0,640,360
5484,67906,67904912,11107,250,-1,-1,1,536,83.6,0,-1.0,0,0,0,640,360
5485,67917,67916021,11109,250,-1,-1,1,529,83.9,0,-1.0,0,0,0,640,360
5486,67928,67927131,11110,250,-1,-1,1,606,83.8,0,-1.0,0,0,0,640,360
5487,67939,67938240,11109,250,-1,-1,1,633,84.1,0,-1.0,0,0,0,640,360
5488,67950,67949349,11109,250,-1,-1,1,525,84.3,0,-1.0,0,0,0,640,360
5489,67961,67960461,11112,250,-1,-1,1,522,84.5,0,-1.0,0,0,0,640,360
5490,68074,67971562,11101,250,-1,-1,1,608,66.7,0,-1.0,0,0,0,640,360
5491,68075,68071538,99976,250,-1,-1,1,601,68.6,1,-1.0,0,0,0,640,360
5492,68084,68082665,11127,250,-1,-1,1,627,69.5,0,-1.0,0,0,0,640,360
5493,68095,68093770,11105,250,-1,-1,1,524,70.0,0,-1.0,0,0,0,640,360
5494,68106,68104874,11104,250,-1,-1,1,524,70.5,0,-1.0,0,0,0,640,360
5495,68117,68115987,11113,250,-1,-1,1,635,70.9,0,-1.0,0,0,0,640,360
5496,68128,68127097,11110,250,-1,-1,1,528,71.3,0,-1.0,0,0,0,640,360
5497,68139,68138205,11108,250,-1,-1,1,546,71.6,0,-1.0,0,0,0,640,360
5498,68150,68149312,11107,250,-1,-1,1,546,71.9,0,-1.0,0,0,0,640,360
5499,68161,68160425,11113,250,-1,-1,1,632,72.3,0,-1.0,0,0,0,640,360
5500,68172,68171532,11107,250,-1,-1,1,526,72.7,1,-1.0,0,0,0,640,360
5501,68183,68182648,11116,250,-1,-1,1,629,73.0,0,-1.0,0,0,0,640,360
5502,68195,68193774,11126,250,-1,-1,1,534,73.3,0,-1.0,0,0,0,640,360
5503,68206,68204861,11087,250,-1,-1,1,531,73.6,0,-1.0,0,0,0,640,360
5504,68217,68215969,11108,250,-1,-1,1,529,74.0,0,-1.0,0,0,0,640,360
5505,68228,68227080,11111,250,-1,-1,1,628,74.1,0,-1.0,0,0,0,640,360
5506,68239,68238184,11104,250,-1,-1,1,633,74.4,0,-1.0,0,0,0,640,360
5507,68250,68249303,11119,250,-1,-1,1,525,74.7,0,-1.0,0,0,0,640,360
5508,68261,68260410,11107,250,-1,-1,1,525,75.0,0,-1.0,0,0,0,640,360
5509,68272,68271517,11107,250,-1,-1,1,525,75.2,1,-1.0,0,0,0,640,360
5510,68283,68282628,11111,250,-1,-1,1,548,75.5,0,-1.0,0,0,0,640,360
5511,68295,68293740,11112,250,-1,-1,1,543,75.7,0,-1.0,0,0,0,640,360
5512,68306,68304838,11098,250,-1,-1,1,641,75.9,0,-1.0,0,0,0,640,360
5513,68317,68315954,11116,250,-1,-1,1,631,76.2,0,-1.0,0,0,0,640,360
5514,68328,68327058,11104,250,-1,-1,1,528,76.4,0,-1.0,0,0,0,640,360
5515,68339,68338171,11113,250,-1,-1,1,611,76.5,0,-1.0,0,0,0,640,360
5516,68350,68349282,11111,250,-1,-1,1,527,76.7,0,-1.0,0,0,0,640,360
5517,68361,68360388,11106,250,-1,-1,1,528,76.9,0,-1.0,0,0,0,640,360
5518,68372,68371489,11101,250,-1,-1,1,526,77.1,1,-1.0,0,0,0,640,360
5519,68383,68382610,11121,250,-1,-1,1,544,77.3,0,-1.0,0,0,0,640,360
5520,68395,68393719,11109,250,-1,-1,1,542,77.5,0,-1.0,0,0,0,640,360
5521,68406,68404828,11109,250,-1,-1,1,526,77.7,0,-1.0,0,0,0,640,360
5522,68417,68415938,11110,250,-1,-1,1,632,77.9,0,-1.0,0,0,0,640,360
5523,68429,68427151,11213,250,-1,-1,1,653,77.9,0,-1.0,0,0,0,640,360
5524,68439,68438155,11004,250,-1,-1,1,625,78.1,0,-1.0,0,0,0,640,360
5525,68450,68449429,11274,250,-1,-1,1,528,78.3,0,-1.0,0,0,0,640,360
5526,68461,68460368,10939,250,-1,-1,1,525,78.4,0,-1.0,0,0,0,640,360
5527,68472,68471479,11111,250,-1,-1,1,527,78.6,1,-1.0,0,0,0,640,360
5528,68483,68482593,11114,250,-1,-1,1,542,78.7,0,-1.0,0,0,0,640,360
5529,68495,68493702,11109,250,-1,-1,1,539,78.9,0,-1.0,0,0,0,640,360
5530,68506,68504809,11107,250,-1,-1,1,532,79.0,0,-1.0,0,0,0,640,360
5531,68517,68515918,11109,250,-1,-1,1,627,79.2,0,-1.0,0,0,0,640,360
5532,68528,68527028,11110,250,-1,-1,1,628,79.2,0,-1.0,0,0,0,640,360
5533,68540,68538142,11114,250,-1,-1,1,527,79.4,0,-1.0,0,0,0,640,360
5534,68550,68549248,11106,250,-1,-1,1,525,79.5,0,-1.0,0,0,0,640,360
5535,68561,68560352,11104,250,-1,-1,1,525,79.6,0,-1.0,0,0,0,640,360
5536,68572,68571459,11107,250,-1,-1,1,525,79.8,1,-1.0,0,0,0,640,360
5537,68583,68582578,11119,250,-1,-1,1,544,79.9,0,-1.0,0,0,0,640,360
5538,68595,68593686,11108,250,-1,-1,1,549,80.0,0,-1.0,0,0,0,640,360
5539,68648,68638110,44424,250,-1,-1,1,1951,18.2,0,-1.0,0,0,0,640,360
5540,68651,68649217,11107,250,-1,-1,1,521,35.7,0,-1.0,0,0,0,640,360
5541,68661,68660337,11120,250,-1,-1,1,525,44.8,0,-1.0,0,0,0,640,360
5542,68672,68671446,11109,250,-1,-1,1,526,51.3,0,-1.0,0,0,0,640,360
5543,68683,68682554,11108,250,-1,-1,1,526,56.2,0,-1.0,0,0,0,640,360
5544,68694,68693664,11110,250,-1,-1,1,527,60.0,0,-1.0,0,0,0,640,360
5545,68706,68704771,11107,250,-1,-1,1,523,63.1,1,-1.0,0,0,0,640,360
5546,68717,68715890,11119,250,-1,-1,1,546,65.6,0,-1.0,0,0,0,640,360
5547,68728,68726994,11104,250,-1,-1,1,545,67.7,0,-1.0,0,0,0,640,360
5548,68739,68738105,11111,250,-1,-1,1,546,69.4,0,-1.0,0,0,0,640,360
5549,68750,68749213,11108,250,-1,-1,1,632,70.5,0,-1.0,0,0,0,640,360
5550,68761,68760323,11110,250,-1,-1,1,625,71.9,0,-1.0,0,0,0,640,360
5551,68773,68771432,11109,250,-1,-1,1,525,73.0,0,-1.0,0,0,0,640,360
5552,68783,68782541,11109,250,-1,-1,1,529,74.1,0,-1.0,0,0,0,640,360
5553,68794,68793647,11106,250,-1,-1,1,525,75.0,0,-1.0,0,0,0,640,360
5554,68806,68804754,11107,250,-1,-1,1,528,75.8,1,-1.0,0,0,0,640,360
5555,68817,68815868,11114,250,-1,-1,1,531,76.6,0,-1.0,0,0,0,640,360
5556,68828,68826981,11113,250,-1,-1,1,546,77.3,0,-1.0,0,0,0,640,360
5557,68839,68838086,11105,250,-1,-1,1,544,77.9,0,-1.0,0,0,0,640,360
5558,68850,68849198,11112,250,-1,-1,1,633,78.1,0,-1.0,0,0,0,640,360
5559,68861,68860304,11106,250,-1,-1,1,633,78.7,0,-1.0,0,0,0,640,360
5560,68873,68871416,11112,250,-1,-1,1,526,79.1,0,-1.0,0,0,0,640,360
5561,68883,68882519,11103,250,-1,-1,1,525,79.6,0,-1.0,0,0,0,640,360
5562,68895,68893626,11107,250,-1,-1,1,527,80.0,0,-1.0,0,0,0,640,360
5563,68906,68904740,11114,250,-1,-1,1,525,80.4,1,-1.0,0,0,0,640,360
5564,68917,68915853,11113,250,-1,-1,1,532,80.7,0,-1.0,0,0,0,640,360
5565,68928,68926959,11106,250,-1,-1,1,528,81.1,0,-1.0,0,0,0,640,360
5566,68939,68938071,11112,250,-1,-1,1,549,81.4,0,-1.0,0,0,0,640,360
5567,68950,68949181,11110,250,-1,-1,1,629,81.5,0,-1.0,0,0,0,640,360
5568,68961,68960286,11105,250,-1,-1,1,628,81.7,0,-1.0,0,0,0,640,360
5569,68972,68971396,11110,250,-1,-1,1,525,82.0,0,-1.0,0,0,0,640,360
5570,68983,68982509,11113,250,-1,-1,1,527,82.3,0,-1.0,0,0,0,640,360
5571,68995,68993612,11103,250,-1,-1,1,524,82.5,0,-1.0,0,0,0,640,360
5572,69006,69004725,11113,250,-1,-1,1,525,82.7,1,-1.0,0,0,0,640,360
5573,69017,69015835,11110,250,-1,-1,1,546,82.9,0,-1.0,0,0,0,640,360
5574,69028,69026944,11109,250,-1,-1,1,546,83.1,0,-1.0,0,0,0,640,360
5575,69039,69038049,11105,250,-1,-1,1,540,83.3,0,-1.0,0,0,0,640,360
5576,69050,69049160,11111,250,-1,-1,1,630,83.3,0,-1.0,0,0,0,640,360
5577,69061,69060268,11108,250,-1,-1,1,632,83.5,0,-1.0,0,0,0,640,360
5578,69073,69071380,11112,250,-1,-1,1,525,83.7,0,-1.0,0,0,0,640,360
5579,69083,69082487,11107,250,-1,-1,1,527,83.8,0,-1.0,0,0,0,640,360
5580,69197,69093597,11110,250,-1,-1,1,608,69.8,0,-1.0,0,0,0,640,360
5581,69197,69193562,99965,250,-1,-1,1,602,71.3,1,-1.0,0,0,0,640,360
5582,69206,69204695,11133,250,-1,-1,1,630,72.0,0,-1.0,0,0,0,640,360
5583,69217,69215794,11099,250,-1,-1,1,525,72.3,0,-1.0,0,0,0,640,360
5584,69228,69226908,11114,250,-1,-1,1,524,72.7,0,-1.0,0,0,0,640,360
5585,69239,69238016,11108,250,-1,-1,1,630,72.9,0,-1.0,0,0,0,640,360
5586,69250,69249130,11114,250,-1,-1,1,524,73.3,0,-1.0,0,0,0,640,360
5587,69261,69260239,11109,250,-1,-1,1,545,73.5,0,-1.0,0,0,0,640,360
5588,69272,69271346,11107,250,-1,-1,1,543,73.7,0,-1.0,0,0,0,640,360
5589,69283,69282451,11105,250,-1,-1,1,629,74.0,0,-1.0,0,0,0,640,360
5590,69294,69293568,11117,250,-1,-1,1,538,74.3,1,-1.0,0,0,0,640,360
5591,69306,69304678,11110,250,-1,-1,1,628,74.5,0,-1.0,0,0,0,640,360
5592,69317,69315808,11130,250,-1,-1,1,529,74.8,0,-1.0,0,0,0,640,360
5593,69328,69326888,11080,250,-1,-1,1,534,75.0,0,-1.0,0,0,0,640,360
5594,69339,69337999,11111,250,-1,-1,1,532,75.3,0,-1.0,0,0,0,640,360
5595,69350,69349107,11108,250,-1,-1,1,606,75.4,0,-1.0,0,0,0,640,360
5596,69361,69360221,11114,250,-1,-1,1,632,75.6,0,-1.0,0,0,0,640,360
5597,69372,69371328,11107,250,-1,-1,1,525,75.8,0,-1.0,0,0,0,640,360
5598,69383,69382439,11111,250,-1,-1,1,525,76.0,0,-1.0,0,0,0,640,360
5599,69394,69393541,11102,250,-1,-1,1,526,76.2,1,-1.0,0,0,0,640,360
5600,69406,69404659,11118,250,-1,-1,1,547,76.4,0,-1.0,0,0,0,640,360
5601,69417,69415769,11110,250,-1,-1,1,546,76.6,0,-1.0,0,0,0,640,360
5602,69428,69426874,11105,250,-1,-1,1,546,76.8,0,-1.0,0,0,0,640,360
5603,69439,69437981,11107,250,-1,-1,1,603,77.0,0,-1.0,0,0,0,640,360
5604,69450,69449090,11109,250,-1,-1,1,625,77.1,0,-1.0,0,0,0,640,360
5605,69462,69460202,11112,250,-1,-1,1,526,77.3,0,-1.0,0,0,0,640,360
5606,69472,69471312,11110,250,-1,-1,1,527,77.4,0,-1.0,0,0,0,640,360
5607,69483,69482417,11105,250,-1,-1,1,525,77.6,0,-1.0,0,0,0,640,360
5608,69494,69493528,11111,250,-1,-1,1,525,77.8,1,-1.0,0,0,0,640,360
5609,69505,69504639,11111,250,-1,-1,1,528,77.9,0,-1.0,0,0,0,640,360
5610,69517,69515752,11113,250,-1,-1,1,548,78.1,0,-1.0,0,0,0,640,360
5611,69528,69526858,11106,250,-1,-1,1,544,78.2,0,-1.0,0,0,0,640,360
5612,69539,69537969,11111,250,-1,-1,1,604,78.4,0,-1.0,0,0,0,640,360
5613,69550,69549074,11105,250,-1,-1,1,525,78.5,0,-1.0,0,0,0,640,360
5614,69561,69560189,11115,250,-1,-1,1,629,78.6,0,-1.0,0,0,0,640,360
5615,69572,69571291,11102,250,-1,-1,1,527,78.7,0,-1.0,0,0,0,640,360
5616,69583,69582402,11111,250,-1,-1,1,526,78.9,0,-1.0,0,0,0,640,360
5617,69594,69593508,11106,250,-1,-1,1,523,79.0,1,-1.0,0,0,0,640,360
5618,69666,69660158,66650,250,-1,-1,1,525,13.9,0,-1.0,0,0,0,640,360
5619,69672,69671281,11123,250,-1,-1,1,524,25.6,0,-1.0,0,0,0,640,360
5620,69683,69682383,11102,250,-1,-1,1,524,33.7,0,-1.0,0,0,0,640,360
5621,69694,69693490,11107,250,-1,-1,1,525,40.0,0,-1.0,0,0,0,640,360
5622,69705,69704600,11110,250,-1,-1,1,525,45.0,0,-1.0,0,0,0,640,360
5623,69717,69715713,11113,250,-1,-1,1,526,49.2,0,-1.0,0,0,0,640,360
5624,69728,69726816,11103,250,-1,-1,1,528,52.6,0,-1.0,0,0,0,640,360
5625,69739,69737928,11112,250,-1,-1,1,525,55.6,0,-1.0,0,0,0,640,360
5626,69750,69749035,11107,250,-1,-1,1,527,58.1,1,-1.0,0,0,0,640,360
5627,69761,69760152,11117,250,-1,-1,1,533,59.9,0,-1.0,0,0,0,640,360
5628,69772,69771258,11106,250,-1,-1,1,528,61.8,0,-1.0,0,0,0,640,360
5629,69783,69782369,11111,250,-1,-1,1,546,63.5,0,-1.0,0,0,0,640,360
5630,69794,69793480,11111,250,-1,-1,1,628,65.0,0,-1.0,0,0,0,640,360
5631,69805,69804589,11109,250,-1,-1,1,628,66.4,0,-1.0,0,0,0,640,360
5632,69817,69815698,11109,250,-1,-1,1,526,67.6,0,-1.0,0,0,0,640,360
5633,69828,69826809,11111,250,-1,-1,1,523,68.7,0,-1.0,0,0,0,640,360
5634,69839,69837909,11100,250,-1,-1,1,527,69.7,0,-1.0,0,0,0,640,360
5635,69850,69849020,11111,250,-1,-1,1,527,70.6,1,-1.0,0,0,0,640,360
5636,69861,69860136,11116,250,-1,-1,1,542,71.4,0,-1.0,0,0,0,640,360
5637,69872,69871242,11106,250,-1,-1,1,536,71.9,0,-1.0,0,0,0,640,360
5638,69883,69882352,11110,250,-1,-1,1,530,72.7,0,-1.0,0,0,0,640,360
5639,69894,69893462,11110,250,-1,-1,1,634,73.3,0,-1.0,0,0,0,640,360
5640,69905,69904570,11108,250,-1,-1,1,630,74.0,0,-1.0,0,0,0,640,360
5641,69917,69915677,11107,250,-1,-1,1,524,74.3,0,-1.0,0,0,0,640,360
5642,69928,69926788,11111,250,-1,-1,1,528,75.1,0,-1.0,0,0,0,640,360
5643,69939,69937899,11111,250,-1,-1,1,527,75.6,0,-1.0,0,0,0,640,360
5644,69950,69949002,11103,250,-1,-1,1,525,76.1,1,-1.0,0,0,0,640,360
5645,69961,69960118,11116,250,-1,-1,1,546,76.5,0,-1.0,0,0,0,640,360
5646,69972,69971227,11109,250,-1,-1,1,545,76.7,0,-1.0,0,0,0,640,360
5647,69983,69982335,11108,250,-1,-1,1,543,77.1,0,-1.0,0,0,0,640,360
5648,69994,69993445,11110,250,-1,-1,1,631,77.5,0,-1.0,0,0,0,640,360
5649,70005,70004565,11120,250,-1,-1,1,600,77.9,0,-1.0,0,0,0,640,360
5650,70017,70015662,11097,250,-1,-1,1,527,78.2,0,-1.0,0,0,0,640,360
5651,70028,70026773,11111,250,-1,-1,1,526,78.5,0,-1.0,0,0,0,640,360
5652,70039,70037875,11102,250,-1,-1,1,526,78.8,0,-1.0,0,0,0,640,360
5653,70050,70048987,11112,250,-1,-1,1,526,79.1,1,-1.0,0,0,0,640,360
5654,70061,70060099,11112,250,-1,-1,1,533,79.4,0,-1.0,0,0,0,640,360
5655,70072,70071208,11109,250,-1,-1,1,545,79.5,0,-1.0,0,0,0,640,360
5656,70083,70082319,11111,250,-1,-1,1,528,79.8,0,-1.0,0,0,0,640,360
5657,70094,70093427,11108,250,-1,-1,1,625,80.0,0,-1.0,0,0,0,640,360
5658,70105,70104548,11121,250,-1,-1,1,526,80.2,0,-1.0,0,0,0,640,360
5659,70116,70115649,11101,250,-1,-1,1,635,80.5,0,-1.0,0,0,0,640,360
5660,70128,70126755,11106,250,-1,-1,1,526,80.7,0,-1.0,0,0,0,640,360
5661,70139,70137859,11104,250,-1,-1,1,528,80.9,0,-1.0,0,0,0,640,360
5662,70150,70148969,11110,250,-1,-1,1,528,81.1,1,-1.0,0,0,0,640,360
5663,70161,70160083,11114,250,-1,-1,1,542,81.3,0,-1.0,0,0,0,640,360
5664,70172,70171192,11109,250,-1,-1,1,538,81.3,0,-1.0,0,0,0,640,360
5665,70183,70182302,11110,250,-1,-1,1,527,81.5,0,-1.0,0,0,0,640,360
5666,70194,70193410,11108,250,-1,-1,1,626,81.7,0,-1.0,0,0,0,640,360
5667,70205,70204554,11144,250,-1,-1,1,631,81.8,0,-1.0,0,0,0,640,360
5668,70216,70215628,11074,250,-1,-1,1,527,82.0,0,-1.0,0,0,0,640,360
5669,70228,70226741,11113,250,-1,-1,1,525,82.1,0,-1.0,0,0,0,640,360
5670,70380,70237843,11102,250,-1,-1,1,529,67.5,0,-1.0,0,0,0,640,360
5671,70380,70371141,133298,250,-1,-1,1,521,68.7,1,-1.0,0,0,0,640,360
5672,70383,70382253,11112,250,-1,-1,1,527,69.7,0,-1.0,0,0,0,640,360
5673,70394,70393377,11124,250,-1,-1,1,629,70.0,0,-1.0,0,0,0,640,360
5674,70405,70404490,11113,250,-1,-1,1,546,70.3,0,-1.0,0,0,0,640,360
5675,70416,70415593,11103,250,-1,-1,1,546,70.6,0,-1.0,0,0,0,640,360
5676,70428,70426702,11109,250,-1,-1,1,567,70.7,0,-1.0,0,0,0,640,360
5677,70439,70437815,11113,250,-1,-1,1,625,71.1,0,-1.0,0,0,0,640,360
5678,70450,70448927,11112,250,-1,-1,1,635,71.3,0,-1.0,0,0,0,640,360
5679,70461,70460029,11102,250,-1,-1,1,524,71.6,0,-1.0,0,0,0,640,360
5680,70472,70471140,11111,250,-1,-1,1,528,71.8,1,-1.0,0,0,0,640,360
5681,70483,70482252,11112,250,-1,-1,1,525,72.0,0,-1.0,0,0,0,640,360
5682,70494,70493360,11108,250,-1,-1,1,565,72.2,0,-1.0,0,0,0,640,360
5683,70505,70504468,11108,250,-1,-1,1,545,72.4,0,-1.0,0,0,0,640,360
5684,70517,70515581,11113,250,-1,-1,1,629,72.7,0,-1.0,0,0,0,640,360
5685,70528,70526826,11245,250,-1,-1,1,634,72.9,0,-1.0,0,0,0,640,360
5686,70539,70537799,10973,250,-1,-1,1,554,73.1,0,-1.0,0,0,0,640,360
5687,70550,70548905,11106,250,-1,-1,1,525,73.3,0,-1.0,0,0,0,640,360
5688,70561,70560013,11108,250,-1,-1,1,528,73.5,0,-1.0,0,0,0,640,360
5689,70572,70571119,11106,250,-1,-1,1,526,73.7,1,-1.0,0,0,0,640,360
5690,70583,70582235,11116,250,-1,-1,1,542,73.8,0,-1.0,0,0,0,640,360
5691,70594,70593339,11104,250,-1,-1,1,539,74.0,0,-1.0,0,0,0,640,360
5692,70646,70637767,44428,250,-1,-1,1,525,19.2,0,-1.0,0,0,0,640,360
5693,70650,70648880,11113,250,-1,-1,1,525,36.4,0,-1.0,0,0,0,640,360
5694,70661,70659996,11116,250,-1,-1,1,524,45.5,0,-1.0,0,0,0,640,360
5695,70672,70671104,11108,250,-1,-1,1,524,51.9,0,-1.0,0,0,0,640,360
5696,70683,70682211,11107,250,-1,-1,1,527,56.2,0,-1.0,0,0,0,640,360
5697,70694,70693320,11109,250,-1,-1,1,523,60.0,0,-1.0,0,0,0,640,360
5698,70705,70704427,11107,250,-1,-1,1,526,63.1,1,-1.0,0,0,0,640,360
5699,70716,70715544,11117,250,-1,-1,1,531,65.6,0,-1.0,0,0,0,640,360
5700,70727,70726652,11108,250,-1,-1,1,527,67.7,0,-1.0,0,0,0,640,360
5701,70739,70737761,11109,250,-1,-1,1,544,69.4,0,-1.0,0,0,0,640,360
5702,70750,70748872,11111,250,-1,-1,1,628,71.0,0,-1.0,0,0,0,640,360
5703,70761,70760111,11239,250,-1,-1,1,627,71.9,0,-1.0,0,0,0,640,360
5704,70772,70771090,10979,250,-1,-1,1,525,73.4,0,-1.0,0,0,0,640,360
5705,70783,70782199,11109,250,-1,-1,1,525,74.1,0,-1.0,0,0,0,640,360
5706,70794,70793306,11107,250,-1,-1,1,524,75.0,0,-1.0,0,0,0,640,360
5707,70805,70804415,11109,250,-1,-1,1,524,75.8,1,-1.0,0,0,0,640,360
5708,70816,70815524,11109,250,-1,-1,1,546,76.6,0,-1.0,0,0,0,640,360
5709,70827,70826637,11113,250,-1,-1,1,541,77.3,0,-1.0,0,0,0,640,360
5710,70839,70837744,11107,250,-1,-1,1,532,77.9,0,-1.0,0,0,0,640,360
5711,70850,70848855,11111,250,-1,-1,1,632,78.4,0,-1.0,0,0,0,640,360
5712,70861,70859992,11137,250,-1,-1,1,610,78.9,0,-1.0,0,0,0,640,360
5713,70872,70871072,11080,250,-1,-1,1,526,79.4,0,-1.0,0,0,0,640,360
5714,70883,70882178,11106,250,-1,-1,1,525,79.6,0,-1.0,0,0,0,640,360
5715,70894,70893291,11113,250,-1,-1,1,525,80.0,0,-1.0,0,0,0,640,360
5716,70905,70904394,11103,250,-1,-1,1,524,80.4,1,-1.0,0,0,0,640,360
5717,70916,70915511,11117,250,-1,-1,1,546,80.7,0,-1.0,0,0,0,640,360
5718,70928,70926621,11110,250,-1,-1,1,547,81.1,0,-1.0,0,0,0,640,360
5719,70939,70937727,11106,250,-1,-1,1,544,81.4,0,-1.0,0,0,0,640,360
5720,70950,70948834,11107,250,-1,-1,1,633,81.7,0,-1.0,0,0,0,640,360
5721,70961,70960122,11288,250,-1,-1,1,610,81.7,0,-1.0,0,0,0,640,360
5722,70972,70971055,10933,250,-1,-1,1,525,82.2,0,-1.0,0,0,0,640,360
5723,70983,70982169,11114,250,-1,-1,1,528,82.3,0,-1.0,0,0,0,640,360
5724,70994,70993268,11099,250,-1,-1,1,527,82.5,0,-1.0,0,0,0,640,360
5725,71005,71004380,11112,250,-1,-1,1,525,82.7,1,-1.0,0,0,0,640,360
5726,71016,71015493,11113,250,-1,-1,1,527,82.9,0,-1.0,0,0,0,640,360
5727,71028,71026603,11110,250,-1,-1,1,528,83.1,0,-1.0,0,0,0,640,360
5728,71039,71037707,11104,250,-1,-1,1,547,83.3,0,-1.0,0,0,0,640,360
5729,71050,71048821,11114,250,-1,-1,1,629,83.5,0,-1.0,0,0,0,640,360
5730,71061,71060097,11276,250,-1,-1,1,606,83.5,0,-1.0,0,0,0,640,360
5731,71072,71071037,10940,250,-1,-1,1,526,83.9,0,-1.0,0,0,0,640,360
5732,71083,71082147,11110,250,-1,-1,1,527,84.0,0,-1.0,0,0,0,640,360
5733,71094,71093254,11107,250,-1,-1,1,526,84.0,0,-1.0,0,0,0,640,360
5734,71105,71104363,11109,250,-1,-1,1,561,84.1,1,-1.0,0,0,0,640,360
5735,71116,71115475,11112,250,-1,-1,1,527,84.3,0,-1.0,0,0,0,640,360
5736,71127,71126586,11111,250,-1,-1,1,548,84.4,0,-1.0,0,0,0,640,360
5737,71139,71137693,11107,250,-1,-1,1,544,84.6,0,-1.0,0,0,0,640,360
5738,71150,71148802,11109,250,-1,-1,1,631,84.7,0,-1.0,0,0,0,640,360
5739,71161,71160018,11216,250,-1,-1,1,602,84.7,0,-1.0,0,0,0,640,360
5740,71172,71171022,11004,250,-1,-1,1,524,84.9,0,-1.0,0,0,0,640,360
5741,71183,71182128,11106,250,-1,-1,1,528,85.0,0,-1.0,0,0,0,640,360
5742,71194,71193234,11106,250,-1,-1,1,527,85.0,0,-1.0,0,0,0,640,360
5743,71205,71204347,11113,250,-1,-1,1,558,85.1,1,-1.0,0,0,0,640,360
5744,71216,71215455,11108,250,-1,-1,1,533,85.2,0,-1.0,0,0,0,640,360
5745,71227,71226567,11112,250,-1,-1,1,528,85.3,0,-1.0,0,0,0,640,360
5746,71238,71237675,11108,250,-1,-1,1,526,85.4,0,-1.0,0,0,0,640,360
5747,71250,71248786,11111,250,-1,-1,1,626,85.5,0,-1.0,0,0,0,640,360
5748,71261,71259894,11108,250,-1,-1,1,628,85.6,0,-1.0,0,0,0,640,360
5749,71272,71271007,11113,250,-1,-1,1,526,85.7,0,-1.0,0,0,0,640,360
5750,71283,71282114,11107,250,-1,-1,1,526,85.8,0,-1.0,0,0,0,640,360
5751,71294,71293220,11106,250,-1,-1,1,525,85.7,0,-1.0,0,0,0,640,360
5752,71305,71304328,11108,250,-1,-1,1,525,85.8,1,-1.0,0,0,0,640,360
5753,71316,71315442,11114,250,-1,-1,1,547,85.9,0,-1.0,0,0,0,640,360
5754,71327,71326549,11107,250,-1,-1,1,545,85.9,0,-1.0,0,0,0,640,360
5755,71339,71337660,11111,250,-1,-1,1,529,86.0,0,-1.0,0,0,0,640,360
5756,71350,71348768,11108,250,-1,-1,1,625,86.1,0,-1.0,0,0,0,640,360
5757,71361,71360003,11235,250,-1,-1,1,633,86.0,0,-1.0,0,0,0,640,360
5758,71372,71370986,10983,250,-1,-1,1,579,86.2,0,-1.0,0,0,0,640,360
5759,71383,71382099,11113,250,-1,-1,1,527,86.3,0,-1.0,0,0,0,640,360
5760,71535,71393199,11100,250,-1,-1,1,526,73.3,0,-1.0,0,0,0,640,360
5761,71536,71526493,133294,250,-1,-1,1,521,74.4,1,-1.0,0,0,0,640,360
5762,71539,71537612,11119,250,-1,-1,1,526,75.2,0,-1.0,0,0,0,640,360
5763,71550,71548733,11121,250,-1,-1,1,627,75.4,0,-1.0,0,0,0,640,360
5764,71561,71559848,11115,250,-1,-1,1,545,75.6,0,-1.0,0,0,0,640,360
5765,71572,71570952,11104,250,-1,-1,1,543,75.7,0,-1.0,0,0,0,640,360
5766,71583,71582060,11108,250,-1,-1,1,547,75.9,0,-1.0,0,0,0,640,360
5767,71594,71593173,11113,250,-1,-1,1,628,76.0,0,-1.0,0,0,0,640,360
5768,71627,71626489,33316,250,-1,-1,1,586,30.3,0,-1.0,0,0,0,640,360
5769,71638,71637606,11117,250,-1,-1,1,525,45.5,0,-1.0,0,0,0,640,360
5770,71650,71648715,11109,250,-1,-1,1,527,54.5,1,-1.0,0,0,0,640,360
5771,71661,71659827,11112,250,-1,-1,1,532,60.6,0,-1.0,0,0,0,640,360
5772,71672,71670937,11110,250,-1,-1,1,544,64.9,0,-1.0,0,0,0,640,360
5773,71683,71682045,11108,250,-1,-1,1,546,68.2,0,-1.0,0,0,0,640,360
5774,71694,71693158,11113,250,-1,-1,1,629,70.0,0,-1.0,0,0,0,640,360
5775,71705,71704342,11184,250,-1,-1,1,540,72.1,0,-1.0,0,0,0,640,360
5776,71716,71715375,11033,250,-1,-1,1,630,73.8,0,-1.0,0,0,0,640,360
5777,71727,71726483,11108,250,-1,-1,1,523,75.2,0,-1.0,0,0,0,640,360
5778,71738,71737589,11106,250,-1,-1,1,524,76.4,0,-1.0,0,0,0,640,360
5779,71749,71748696,11107,250,-1,-1,1,526,77.4,1,-1.0,0,0,0,640,360
5780,71761,71759813,11117,250,-1,-1,1,539,78.3,0,-1.0,0,0,0,640,360
5781,71772,71770920,11107,250,-1,-1,1,537,79.1,0,-1.0,0,0,0,640,360
5782,71783,71782029,11109,250,-1,-1,1,532,79.8,0,-1.0,0,0,0,640,360
5783,71794,71793138,11109,250,-1,-1,1,630,80.0,0,-1.0,0,0,0,640,360
5784,71805,71804246,11108,250,-1,-1,1,524,80.6,0,-1.0,0,0,0,640,360
5785,71816,71815357,11111,250,-1,-1,1,631,81.1,0,-1.0,0,0,0,640,360
5786,71827,71826475,11118,250,-1,-1,1,525,81.5,0,-1.0,0,0,0,640,360
5787,71838,71837570,11095,250,-1,-1,1,525,82.0,0,-1.0,0,0,0,640,360
5788,71849,71848684,11114,250,-1,-1,1,525,82.4,1,-1.0,0,0,0,640,360
5789,71861,71859791,11107,250,-1,-1,1,549,82.7,0,-1.0,0,0,0,640,360
5790,71872,71870903,11112,250,-1,-1,1,547,83.0,0,-1.0,0,0,0,640,360
5791,71883,71882010,11107,250,-1,-1,1,543,83.3,0,-1.0,0,0,0,640,360
5792,71894,71893121,11111,250,-1,-1,1,632,83.3,0,-1.0,0,0,0,640,360
5793,71905,71904228,11107,250,-1,-1,1,632,83.6,0,-1.0,0,0,0,640,360
5794,71916,71915339,11111,250,-1,-1,1,595,83.9,0,-1.0,0,0,0,640,360
5795,71927,71926448,11109,250,-1,-1,1,528,84.1,0,-1.0,0,0,0,640,360
5796,71938,71937556,11108,250,-1,-1,1,526,84.3,0,-1.0,0,0,0,640,360
5797,71950,71948661,11105,250,-1,-1,1,525,84.5,1,-1.0,0,0,0,640,360
5798,71961,71959780,11119,250,-1,-1,1,547,84.7,0,-1.0,0,0,0,640,360
5799,71972,71970884,11104,250,-1,-1,1,545,84.9,0,-1.0,0,0,0,640,360
5800,71983,71981996,11112,250,-1,-1,1,546,85.1,0,-1.0,0,0,0,640,360
5801,71994,71993103,11107,250,-1,-1,1,629,85.0,0,-1.0,0,0,0,640,360
5802,72005,72004212,11109,250,-1,-1,1,632,85.2,0,-1.0,0,0,0,640,360
5803,72016,72015320,11108,250,-1,-1,1,527,85.3,0,-1.0,0,0,0,640,360
5804,72027,72026432,11112,250,-1,-1,1,528,85.5,0,-1.0,0,0,0,640,360
5805,72038,72037536,11104,250,-1,-1,1,528,85.6,0,-1.0,0,0,0,640,360
5806,72049,72048648,11112,250,-1,-1,1,525,85.7,1,-1.0,0,0,0,640,360
5807,72061,72059758,11110,250,-1,-1,1,530,85.8,0,-1.0,0,0,0,640,360
5808,72072,72070870,11112,250,-1,-1,1,545,86.0,0,-1.0,0,0,0,640,360
5809,72083,72081976,11106,250,-1,-1,1,545,86.1,0,-1.0,0,0,0,640,360
5810,72094,72093086,11110,250,-1,-1,1,626,86.0,0,-1.0,0,0,0,640,360
5811,72105,72104193,11107,250,-1,-1,1,631,86.1,0,-1.0,0,0,0,640,360
5812,72116,72115306,11113,250,-1,-1,1,525,86.2,0,-1.0,0,0,0,640,360
5813,72127,72126414,11108,250,-1,-1,1,524,86.3,0,-1.0,0,0,0,640,360
5814,72138,72137523,11109,250,-1,-1,1,524,86.4,0,-1.0,0,0,0,640,360
5815,72149,72148626,11103,250,-1,-1,1,527,86.5,1,-1.0,0,0,0,640,360
5816,72161,72159743,11117,250,-1,-1,1,544,86.6,0,-1.0,0,0,0,640,360
5817,72172,72170851,11108,250,-1,-1,1,548,86.7,0,-1.0,0,0,0,640,360
5818,72183,72181963,11112,250,-1,-1,1,536,86.7,0,-1.0,0,0,0,640,360
5819,72194,72193067,11104,250,-1,-1,1,631,86.7,0,-1.0,0,0,0,640,360
5820,72205,72204180,11113,250,-1,-1,1,534,86.7,0,-1.0,0,0,0,640,360
5821,72216,72215285,11105,250,-1,-1,1,629,86.8,0,-1.0,0,0,0,640,360
5822,72227,72226399,11114,250,-1,-1,1,526,86.9,0,-1.0,0,0,0,640,360
5823,72238,72237504,11105,250,-1,-1,1,524,87.0,0,-1.0,0,0,0,640,360
5824,72249,72248612,11108,250,-1,-1,1,525,87.0,1,-1.0,0,0,0,640,360
5825,72261,72259724,11112,250,-1,-1,1,546,87.1,0,-1.0,0,0,0,640,360
5826,72272,72270834,11110,250,-1,-1,1,546,87.1,0,-1.0,0,0,0,640,360
5827,72283,72281942,11108,250,-1,-1,1,556,87.2,0,-1.0,0,0,0,640,360
5828,72294,72293052,11110,250,-1,-1,1,631,87.1,0,-1.0,0,0,0,640,360
5829,72305,72304265,11213,250,-1,-1,1,635,87.2,0,-1.0,0,0,0,640,360
5830,72316,72315272,11007,250,-1,-1,1,578,87.3,0,-1.0,0,0,0,640,360
5831,72327,72326380,11108,250,-1,-1,1,526,87.3,0,-1.0,0,0,0,640,360
5832,72338,72337488,11108,250,-1,-1,1,525,87.4,0,-1.0,0,0,0,640,360
5833,72349,72348595,11107,250,-1,-1,1,528,87.4,1,-1.0,0,0,0,640,360
5834,72361,72359708,11113,250,-1,-1,1,548,87.5,0,-1.0,0,0,0,640,360
5835,72372,72370818,11110,250,-1,-1,1,544,87.5,0,-1.0,0,0,0,640,360
5836,72383,72381928,11110,250,-1,-1,1,546,87.6,0,-1.0,0,0,0,640,360
5837,72394,72393034,11106,250,-1,-1,1,629,87.6,0,-1.0,0,0,0,640,360
5838,72405,72404180,11146,250,-1,-1,1,630,87.5,0,-1.0,0,0,0,640,360
5839,72416,72415254,11074,250,-1,-1,1,552,87.6,0,-1.0,0,0,0,640,360
5840,72427,72426363,11109,250,-1,-1,1,529,87.6,0,-1.0,0,0,0,640,360
5841,72438,72437465,11102,250,-1,-1,1,525,87.7,0,-1.0,0,0,0,640,360
5842,72449,72448575,11110,250,-1,-1,1,527,87.7,1,-1.0,0,0,0,640,360
5843,72460,72459689,11114,250,-1,-1,1,533,87.8,0,-1.0,0,0,0,640,360
5844,72472,72470802,11113,250,-1,-1,1,536,87.8,0,-1.0,0,0,0,640,360
5845,72483,72481908,11106,250,-1,-1,1,548,87.8,0,-1.0,0,0,0,640,360
5846,72494,72493018,11110,250,-1,-1,1,629,87.9,0,-1.0,0,0,0,640,360
5847,72506,72504126,11108,250,-1,-1,1,525,87.8,0,-1.0,0,0,0,640,360
5848,72516,72515238,11112,250,-1,-1,1,627,87.9,0,-1.0,0,0,0,640,360
5849,72527,72526347,11109,250,-1,-1,1,525,87.9,0,-1.0,0,0,0,640,360
5850,72641,72537450,11103,250,-1,-1,1,609,79.3,0,-1.0,0,0,0,640,360
5851,72706,72704080,166630,250,-1,-1,1,585,15.4,1,-1.0,0,0,0,640,360
5852,72716,72715207,11127,250,-1,-1,1,545,26.7,0,-1.0,0,0,0,640,360
5853,72727,72726311,11104,250,-1,-1,1,537,34.9,0,-1.0,0,0,0,640,360
5854,72738,72737419,11108,250,-1,-1,1,627,41.2,0,-1.0,0,0,0,640,360
5855,72749,72748531,11112,250,-1,-1,1,527,46.3,0,-1.0,0,0,0,640,360
5856,72760,72759642,11111,250,-1,-1,1,629,50.4,0,-1.0,0,0,0,640,360
5857,72772,72770759,11117,250,-1,-1,1,527,53.8,0,-1.0,0,0,0,640,360
5858,72783,72781852,11093,250,-1,-1,1,527,56.7,0,-1.0,0,0,0,640,360
5859,72794,72792964,11112,250,-1,-1,1,528,59.2,0,-1.0,0,0,0,640,360
5860,72805,72804071,11107,250,-1,-1,1,525,61.3,1,-1.0,0,0,0,640,360
5861,72816,72815187,11116,250,-1,-1,1,543,62.9,0,-1.0,0,0,0,640,360
5862,72827,72826297,11110,250,-1,-1,1,547,64.5,0,-1.0,0,0,0,640,360
5863,72838,72837404,11107,250,-1,-1,1,547,66.0,0,-1.0,0,0,0,640,360
5864,72849,72848514,11110,250,-1,-1,1,632,67.3,0,-1.0,0,0,0,640,360
5865,72861,72859620,11106,250,-1,-1,1,630,68.5,0,-1.0,0,0,0,640,360
5866,72872,72870734,11114,250,-1,-1,1,560,69.6,0,-1.0,0,0,0,640,360
5867,72883,72881842,11108,250,-1,-1,1,525,70.5,0,-1.0,0,0,0,640,360
5868,72894,72892949,11107,250,-1,-1,1,530,71.4,0,-1.0,0,0,0,640,360
5869,72905,72904055,11106,250,-1,-1,1,525,72.0,1,-1.0,0,0,0,640,360
5870,72916,72915171,11116,250,-1,-1,1,533,72.7,0,-1.0,0,0,0,640,360
5871,72927,72926276,11105,250,-1,-1,1,531,73.4,0,-1.0,0,0,0,640,360
5872,72938,72937388,11112,250,-1,-1,1,546,74.1,0,-1.0,0,0,0,640,360
5873,72949,72948491,11103,250,-1,-1,1,625,74.7,0,-1.0,0,0,0,640,360
5874,72960,72959607,11116,250,-1,-1,1,632,75.2,0,-1.0,0,0,0,640,360
5875,72972,72970716,11109,250,-1,-1,1,565,75.8,0,-1.0,0,0,0,640,360
5876,72983,72981825,11109,250,-1,-1,1,524,76.2,0,-1.0,0,0,0,640,360
5877,72994,72992931,11106,250,-1,-1,1,524,76.7,0,-1.0,0,0,0,640,360
5878,73005,73004038,11107,250,-1,-1,1,525,77.1,1,-1.0,0,0,0,640,360
5879,73016,73015149,11111,250,-1,-1,1,545,77.3,0,-1.0,0,0,0,640,360
5880,73027,73026262,11113,250,-1,-1,1,540,77.7,0,-1.0,0,0,0,640,360
5881,73038,73037368,11106,250,-1,-1,1,531,78.1,0,-1.0,0,0,0,640,360
5882,73049,73048480,11112,250,-1,-1,1,633,78.4,0,-1.0,0,0,0,640,360
5883,73060,73059585,11105,250,-1,-1,1,634,78.8,0,-1.0,0,0,0,640,360
5884,73072,73070699,11114,250,-1,-1,1,569,79.1,0,-1.0,0,0,0,640,360
5885,73083,73081802,11103,250,-1,-1,1,524,79.4,0,-1.0,0,0,0,640,360
5886,73094,73092911,11109,250,-1,-1,1,525,79.6,0,-1.0,0,0,0,640,360
5887,73105,73104020,11109,250,-1,-1,1,524,79.9,1,-1.0,0,0,0,640,360
5888,73116,73115134,11114,250,-1,-1,1,544,80.2,0,-1.0,0,0,0,640,360
5889,73127,73126242,11108,250,-1,-1,1,544,80.2,0,-1.0,0,0,0,640,360
5890,73138,73137353,11111,250,-1,-1,1,548,80.5,0,-1.0,0,0,0,640,360
5891,73149,73148461,11108,250,-1,-1,1,633,80.7,0,-1.0,0,0,0,640,360
5892,73160,73159569,11108,250,-1,-1,1,633,80.9,0,-1.0,0,0,0,640,360
5893,73172,73170677,11108,250,-1,-1,1,566,81.1,0,-1.0,0,0,0,640,360
5894,73183,73181790,11113,250,-1,-1,1,527,81.3,0,-1.0,0,0,0,640,360
5895,73194,73192894,11104,250,-1,-1,1,527,81.5,0,-1.0,0,0,0,640,360
5896,73205,73204005,11111,250,-1,-1,1,527,81.7,1,-1.0,0,0,0,640,360
5897,73216,73215115,11110,250,-1,-1,1,529,81.7,0,-1.0,0,0,0,640,360
5898,73227,73226226,11111,250,-1,-1,1,527,81.9,0,-1.0,0,0,0,640,360
5899,73238,73237332,11106,250,-1,-1,1,544,82.1,0,-1.0,0,0,0,640,360
5900,73249,73248451,11119,250,-1,-1,1,628,82.2,0,-1.0,0,0,0,640,360
5901,73260,73259552,11101,250,-1,-1,1,633,82.4,0,-1.0,0,0,0,640,360
5902,73272,73270665,11113,250,-1,-1,1,566,82.5,0,-1.0,0,0,0,640,360
5903,73283,73281769,11104,250,-1,-1,1,524,82.7,0,-1.0,0,0,0,640,360
5904,73294,73292876,11107,250,-1,-1,1,525,82.8,0,-1.0,0,0,0,640,360
5905,73305,73303986,11110,250,-1,-1,1,527,83.0,1,-1.0,0,0,0,640,360
5906,73316,73315101,11115,250,-1,-1,1,544,83.1,0,-1.0,0,0,0,640,360
5907,73327,73326209,11108,250,-1,-1,1,539,83.1,0,-1.0,0,0,0,640,360
5908,73338,73337317,11108,250,-1,-1,1,554,83.2,0,-1.0,0,0,0,640,360
5909,73349,73348426,11109,250,-1,-1,1,631,83.3,0,-1.0,0,0,0,640,360
5910,73360,73359537,11111,250,-1,-1,1,635,83.4,0,-1.0,0,0,0,640,360
5911,73371,73370644,11107,250,-1,-1,1,612,83.6,0,-1.0,0,0,0,640,360
5912,73383,73381756,11112,250,-1,-1,1,527,83.7,0,-1.0,0,0,0,640,360
5913,73394,73392858,11102,250,-1,-1,1,526,83.8,0,-1.0,0,0,0,640,360
5914,73405,73403972,11114,250,-1,-1,1,524,83.9,1,-1.0,0,0,0,640,360
5915,73416,73415086,11114,250,-1,-1,1,544,84.0,0,-1.0,0,0,0,640,360
5916,73427,73426194,11108,250,-1,-1,1,544,84.0,0,-1.0,0,0,0,640,360
5917,73438,73437302,11108,250,-1,-1,1,544,84.1,0,-1.0,0,0,0,640,360
5918,73449,73448411,11109,250,-1,-1,1,625,84.2,0,-1.0,0,0,0,640,360
5919,73460,73459513,11102,250,-1,-1,1,631,84.2,0,-1.0,0,0,0,640,360
5920,73471,73470628,11115,250,-1,-1,1,561,84.3,0,-1.0,0,0,0,640,360
5921,73483,73481737,11109,250,-1,-1,1,525,84.4,0,-1.0,0,0,0,640,360
5922,73494,73492844,11107,250,-1,-1,1,526,84.5,0,-1.0,0,0,0,640,360
5923,73505,73503953,11109,250,-1,-1,1,526,84.6,1,-1.0,0,0,0,640,360
5924,73516,73515070,11117,250,-1,-1,1,531,84.7,0,-1.0,0,0,0,640,360
5925,73527,73526172,11102,250,-1,-1,1,548,84.7,0,-1.0,0,0,0,640,360
5926,73538,73537285,11113,250,-1,-1,1,547,84.7,0,-1.0,0,0,0,640,360
5927,73549,73548390,11105,250,-1,-1,1,627,84.8,0,-1.0,0,0,0,640,360
5928,73560,73559502,11112,250,-1,-1,1,632,84.9,0,-1.0,0,0,0,640,360
5929,73571,73570613,11111,250,-1,-1,1,565,84.9,0,-1.0,0,0,0,640,360
5930,73583,73581722,11109,250,-1,-1,1,526,85.0,0,-1.0,0,0,0,640,360
5931,73594,73592825,11103,250,-1,-1,1,525,85.1,0,-1.0,0,0,0,640,360
5932,73605,73603934,11109,250,-1,-1,1,527,85.2,1,-1.0,0,0,0,640,360
5933,73616,73615047,11113,250,-1,-1,1,535,85.2,0,-1.0,0,0,0,640,360
5934,73627,73626160,11113,250,-1,-1,1,528,85.2,0,-1.0,0,0,0,640,360
5935,73638,73637265,11105,250,-1,-1,1,528,85.3,0,-1.0,0,0,0,640,360
5936,73649,73648377,11112,250,-1,-1,1,627,85.3,0,-1.0,0,0,0,640,360
5937,73684,73681691,33314,250,-1,-1,1,582,28.6,0,-1.0,0,0,0,640,360
5938,73694,73692816,11125,250,-1,-1,1,526,45.5,0,-1.0,0,0,0,640,360
5939,73705,73703918,11102,250,-1,-1,1,528,54.5,0,-1.0,0,0,0,640,360
5940,73857,73715030,11112,250,-1,-1,1,528,19.3,0,-1.0,0,0,0,640,360
5941,73858,73848319,133289,250,-1,-1,1,521,24.0,1,-1.0,0,0,0,640,360
5942,73861,73859435,11116,250,-1,-1,1,528,28.3,0,-1.0,0,0,0,640,360
5943,73871,73870564,11129,250,-1,-1,1,627,31.5,0,-1.0,0,0,0,640,360
5944,73882,73881672,11108,250,-1,-1,1,530,34.3,0,-1.0,0,0,0,640,360
5945,73894,73892779,11107,250,-1,-1,1,542,36.9,0,-1.0,0,0,0,640,360
5946,73905,73903885,11106,250,-1,-1,1,547,39.2,0,-1.0,0,0,0,640,360
5947,73916,73915006,11121,250,-1,-1,1,606,41.4,0,-1.0,0,0,0,640,360
5948,73927,73926108,11102,250,-1,-1,1,628,43.2,0,-1.0,0,0,0,640,360
5949,73938,73937218,11110,250,-1,-1,1,527,45.0,0,-1.0,0,0,0,640,360
5950,73949,73948322,11104,250,-1,-1,1,526,46.7,1,-1.0,0,0,0,640,360
5951,73960,73959436,11114,250,-1,-1,1,545,48.2,0,-1.0,0,0,0,640,360
5952,73971,73970542,11106,250,-1,-1,1,544,49.7,0,-1.0,0,0,0,640,360
5953,73983,73981651,11109,250,-1,-1,1,532,51.1,0,-1.0,0,0,0,640,360
5954,73994,73992762,11111,250,-1,-1,1,634,52.3,0,-1.0,0,0,0,640,360
5955,74005,74003870,11108,250,-1,-1,1,634,53.5,0,-1.0,0,0,0,640,360
5956,74016,74014979,11109,250,-1,-1,1,568,54.6,0,-1.0,0,0,0,640,360
5957,74027,74026089,11110,250,-1,-1,1,525,55.7,0,-1.0,0,0,0,640,360
5958,74038,74037196,11107,250,-1,-1,1,524,56.6,0,-1.0,0,0,0,640,360
5959,74049,74048308,11112,250,-1,-1,1,525,57.5,1,-1.0,0,0,0,640,360
5960,74060,74059419,11111,250,-1,-1,1,547,58.4,0,-1.0,0,0,0,640,360
5961,74071,74070528,11109,250,-1,-1,1,546,59.2,0,-1.0,0,0,0,640,360
5962,74083,74081637,11109,250,-1,-1,1,543,60.0,0,-1.0,0,0,0,640,360
5963,74094,74092746,11109,250,-1,-1,1,630,60.8,0,-1.0,0,0,0,640,360
5964,74105,74103851,11105,250,-1,-1,1,635,61.5,0,-1.0,0,0,0,640,360
5965,74116,74114964,11113,250,-1,-1,1,556,62.2,0,-1.0,0,0,0,640,360
5966,74127,74126073,11109,250,-1,-1,1,533,62.9,0,-1.0,0,0,0,640,360
5967,74138,74137179,11106,250,-1,-1,1,526,63.4,0,-1.0,0,0,0,640,360
5968,74149,74148288,11109,250,-1,-1,1,528,64.0,1,-1.0,0,0,0,640,360
5969,74160,74159398,11110,250,-1,-1,1,527,64.6,0,-1.0,0,0,0,640,360
5970,74171,74170506,11108,250,-1,-1,1,547,65.1,0,-1.0,0,0,0,640,360
5971,74182,74181623,11117,250,-1,-1,1,545,65.7,0,-1.0,0,0,0,640,360
5972,74194,74192729,11106,250,-1,-1,1,629,66.2,0,-1.0,0,0,0,640,360
5973,74205,74203836,11107,250,-1,-1,1,633,66.7,0,-1.0,0,0,0,640,360
5974,74216,74214950,11114,250,-1,-1,1,564,67.1,0,-1.0,0,0,0,640,360
5975,74227,74226056,11106,250,-1,-1,1,528,67.6,0,-1.0,0,0,0,640,360
5976,74238,74237158,11102,250,-1,-1,1,527,68.0,0,-1.0,0,0,0,640,360
5977,74249,74248273,11115,250,-1,-1,1,527,68.3,1,-1.0,0,0,0,640,360
5978,74260,74259384,11111,250,-1,-1,1,530,68.7,0,-1.0,0,0,0,640,360
5979,74271,74270491,11107,250,-1,-1,1,548,69.1,0,-1.0,0,0,0,640,360
5980,74282,74281598,11107,250,-1,-1,1,545,69.5,0,-1.0,0,0,0,640,360
5981,74294,74292712,11114,250,-1,-1,1,626,69.9,0,-1.0,0,0,0,640,360
5982,74306,74303816,11104,250,-1,-1,1,525,70.1,0,-1.0,0,0,0,640,360
5983,74316,74314935,11119,250,-1,-1,1,628,70.6,0,-1.0,0,0,0,640,360
5984,74327,74326033,11098,250,-1,-1,1,524,70.9,0,-1.0,0,0,0,640,360
5985,74338,74337143,11110,250,-1,-1,1,525,71.2,0,-1.0,0,0,0,640,360
5986,74349,74348254,11111,250,-1,-1,1,527,71.4,1,-1.0,0,0,0,640,360
5987,74360,74359370,11116,250,-1,-1,1,545,71.7,0,-1.0,0,0,0,640,360
5988,74371,74370475,11105,250,-1,-1,1,541,72.0,0,-1.0,0,0,0,640,360
5989,74382,74381584,11109,250,-1,-1,1,536,72.3,0,-1.0,0,0,0,640,360
5990,74394,74392696,11112,250,-1,-1,1,631,72.6,0,-1.0,0,0,0,640,360
5991,74405,74403803,11107,250,-1,-1,1,634,72.8,0,-1.0,0,0,0,640,360
5992,74416,74414910,11107,250,-1,-1,1,587,73.1,0,-1.0,0,0,0,640,360
5993,74427,74426025,11115,250,-1,-1,1,540,73.4,0,-1.0,0,0,0,640,360
5994,74438,74437128,11103,250,-1,-1,1,524,73.6,0,-1.0,0,0,0,640,360
5995,74449,74448237,11109,250,-1,-1,1,525,73.8,1,-1.0,0,0,0,640,360
5996,74460,74459348,11111,250,-1,-1,1,547,74.0,0,-1.0,0,0,0,640,360
5997,74471,74470461,11113,250,-1,-1,1,543,74.2,0,-1.0,0,0,0,640,360
5998,74482,74481565,11104,250,-1,-1,1,541,74.4,0,-1.0,0,0,0,640,360
5999,74494,74492677,11112,250,-1,-1,1,633,74.6,0,-1.0,0,0,0,640,360
6000,74505,74503787,11110,250,-1,-1,1,525,74.9,0,-1.0,0,0,0,640,360
6001,74516,74514898,11111,250,-1,-1,1,627,75.1,0,-1.0,0,0,0,640,360
6002,74527,74526002,11104,250,-1,-1,1,528,75.3,0,-1.0,0,0,0,640,360
6003,74538,74537108,11106,250,-1,-1,1,527,75.4,0,-1.0,0,0,0,640,360
6004,74549,74548219,11111,250,-1,-1,1,524,75.6,1,-1.0,0,0,0,640,360
6005,74560,74559333,11114,250,-1,-1,1,543,75.7,0,-1.0,0,0,0,640,360
6006,74571,74570442,11109,250,-1,-1,1,546,75.9,0,-1.0,0,0,0,640,360
6007,74582,74581549,11107,250,-1,-1,1,545,76.1,0,-1.0,0,0,0,640,360
6008,74593,74592661,11112,250,-1,-1,1,635,76.3,0,-1.0,0,0,0,640,360
6009,74605,74603766,11105,250,-1,-1,1,631,76.4,0,-1.0,0,0,0,640,360
6010,74616,74614878,11112,250,-1,-1,1,582,76.6,0,-1.0,0,0,0,640,360
6011,74627,74625988,11110,250,-1,-1,1,526,76.8,0,-1.0,0,0,0,640,360
6012,74638,74637091,11103,250,-1,-1,1,526,76.9,0,-1.0,0,0,0,640,360
6013,74649,74648204,11113,250,-1,-1,1,524,77.0,1,-1.0,0,0,0,640,360
6014,74712,74703733,55529,250,-1,-1,1,627,15.9,0,-1.0,0,0,0,640,360
6015,74716,74714854,11121,250,-1,-1,1,631,30.3,0,-1.0,0,0,0,640,360
6016,74727,74725974,11120,250,-1,-1,1,526,38.5,0,-1.0,0,0,0,640,360
6017,74738,74737076,11102,250,-1,-1,1,524,45.5,0,-1.0,0,0,0,640,360
6018,74749,74748183,11107,250,-1,-1,1,528,50.0,0,-1.0,0,0,0,640,360
6019,74760,74759297,11114,250,-1,-1,1,527,54.1,0,-1.0,0,0,0,640,360
6020,74771,74770401,11104,250,-1,-1,1,527,57.4,0,-1.0,0,0,0,640,360
6021,74782,74781515,11114,250,-1,-1,1,526,60.2,0,-1.0,0,0,0,640,360
6022,74793,74792621,11106,250,-1,-1,1,528,62.5,1,-1.0,0,0,0,640,360
6023,74805,74803732,11111,250,-1,-1,1,525,64.5,0,-1.0,0,0,0,640,360
6024,74816,74814846,11114,250,-1,-1,1,545,66.3,0,-1.0,0,0,0,640,360
6025,74827,74825951,11105,250,-1,-1,1,545,67.8,0,-1.0,0,0,0,640,360
6026,74838,74837062,11111,250,-1,-1,1,628,68.8,0,-1.0,0,0,0,640,360
6027,74849,74848173,11111,250,-1,-1,1,633,70.0,0,-1.0,0,0,0,640,360
6028,74860,74859281,11108,250,-1,-1,1,585,71.1,0,-1.0,0,0,0,640,360
6029,74871,74870389,11108,250,-1,-1,1,524,72.1,0,-1.0,0,0,0,640,360
6030,74935,74881496,11107,250,-1,-1,1,817,59.4,0,-1.0,0,0,0,640,360
6031,74938,74937040,55544,250,-1,-1,1,606,62.3,1,-1.0,0,0,0,640,360
6032,74949,74948155,11115,250,-1,-1,1,525,63.3,0,-1.0,0,0,0,640,360
6033,74960,74959259,11104,250,-1,-1,1,524,64.3,0,-1.0,0,0,0,640,360
6034,74971,74970368,11109,250,-1,-1,1,541,65.2,0,-1.0,0,0,0,640,360
6035,74982,74981486,11118,250,-1,-1,1,628,66.1,0,-1.0,0,0,0,640,360
6036,74993,74992593,11107,250,-1,-1,1,524,66.9,0,-1.0,0,0,0,640,360
6037,75005,75003703,11110,250,-1,-1,1,546,67.6,0,-1.0,0,0,0,640,360
6038,75016,75014806,11103,250,-1,-1,1,547,68.3,0,-1.0,0,0,0,640,360
6039,75027,75025921,11115,250,-1,-1,1,631,69.0,0,-1.0,0,0,0,640,360
6040,75038,75037028,11107,250,-1,-1,1,527,69.6,1,-1.0,0,0,0,640,360
6041,75049,75048138,11110,250,-1,-1,1,634,70.0,0,-1.0,0,0,0,640,360
6042,75060,75059244,11106,250,-1,-1,1,546,70.6,0,-1.0,0,0,0,640,360
6043,75071,75070356,11112,250,-1,-1,1,534,71.1,0,-1.0,0,0,0,640,360
6044,75082,75081464,11108,250,-1,-1,1,532,71.6,0,-1.0,0,0,0,640,360
6045,75093,75092578,11114,250,-1,-1,1,631,72.1,0,-1.0,0,0,0,640,360
6046,75105,75103685,11107,250,-1,-1,1,526,72.5,0,-1.0,0,0,0,640,360
6047,75116,75114796,11111,250,-1,-1,1,604,73.0,0,-1.0,0,0,0,640,360
6048,75127,75125906,11110,250,-1,-1,1,524,73.4,0,-1.0,0,0,0,640,360
6049,75138,75137009,11103,250,-1,-1,1,523,73.8,1,-1.0,0,0,0,640,360
6050,75149,75148122,11113,250,-1,-1,1,545,74.1,0,-1.0,0,0,0,640,360
6051,75160,75159228,11106,250,-1,-1,1,546,74.4,0,-1.0,0,0,0,640,360
6052,75171,75170338,11110,250,-1,-1,1,546,74.7,0,-1.0,0,0,0,640,360
6053,75182,75181446,11108,250,-1,-1,1,629,75.0,0,-1.0,0,0,0,640,360
6054,75194,75192554,11108,250,-1,-1,1,527,75.4,0,-1.0,0,0,0,640,360
6055,75205,75203666,11112,250,-1,-1,1,629,75.7,0,-1.0,0,0,0,640,360
6056,75216,75214776,11110,250,-1,-1,1,554,76.0,0,-1.0,0,0,0,640,360
6057,75227,75225883,11107,250,-1,-1,1,528,76.3,0,-1.0,0,0,0,640,360
6058,75238,75236990,11107,250,-1,-1,1,525,76.5,1,-1.0,0,0,0,640,360
6059,75249,75248102,11112,250,-1,-1,1,529,76.7,0,-1.0,0,0,0,640,360
6060,75260,75259209,11107,250,-1,-1,1,559,76.9,0,-1.0,0,0,0,640,360
6061,75271,75270324,11115,250,-1,-1,1,547,77.2,0,-1.0,0,0,0,640,360
6062,75282,75281430,11106,250,-1,-1,1,629,77.4,0,-1.0,0,0,0,640,360
6063,75293,75292540,11110,250,-1,-1,1,633,77.6,0,-1.0,0,0,0,640,360
6064,75305,75303650,11110,250,-1,-1,1,588,77.9,0,-1.0,0,0,0,640,360
6065,75316,75314761,11111,250,-1,-1,1,523,78.1,0,-1.0,0,0,0,640,360
6066,75327,75325862,11101,250,-1,-1,1,528,78.3,0,-1.0,0,0,0,640,360
6067,75338,75336971,11109,250,-1,-1,1,526,78.5,1,-1.0,0,0,0,640,360
6068,75349,75348087,11116,250,-1,-1,1,534,78.7,0,-1.0,0,0,0,640,360
6069,75360,75359196,11109,250,-1,-1,1,532,78.8,0,-1.0,0,0,0,640,360
6070,75371,75370303,11107,250,-1,-1,1,550,78.9,0,-1.0,0,0,0,640,360
6071,75382,75381414,11111,250,-1,-1,1,631,79.1,0,-1.0,0,0,0,640,360
6072,75393,75392522,11108,250,-1,-1,1,525,79.3,0,-1.0,0,0,0,640,360
6073,75404,75403637,11115,250,-1,-1,1,629,79.5,0,-1.0,0,0,0,640,360
6074,75416,75414743,11106,250,-1,-1,1,526,79.6,0,-1.0,0,0,0,640,360
6075,75427,75425847,11104,250,-1,-1,1,528,79.8,0,-1.0,0,0,0,640,360
6076,75438,75436957,11110,250,-1,-1,1,527,79.9,1,-1.0,0,0,0,640,360
6077,75449,75448069,11112,250,-1,-1,1,544,80.1,0,-1.0,0,0,0,640,360
6078,75460,75459175,11106,250,-1,-1,1,538,80.1,0,-1.0,0,0,0,640,360
6079,75471,75470288,11113,250,-1,-1,1,529,80.3,0,-1.0,0,0,0,640,360
6080,75482,75481396,11108,250,-1,-1,1,631,80.4,0,-1.0,0,0,0,640,360
6081,75493,75492504,11108,250,-1,-1,1,526,80.6,0,-1.0,0,0,0,640,360
6082,75504,75503614,11110,250,-1,-1,1,627,80.7,0,-1.0,0,0,0,640,360
6083,75516,75514726,11112,250,-1,-1,1,525,80.8,0,-1.0,0,0,0,640,360
6084,75527,75525832,11106,250,-1,-1,1,525,81.0,0,-1.0,0,0,0,640,360
6085,75538,75536940,11108,250,-1,-1,1,524,81.1,1,-1.0,0,0,0,640,360
6086,75549,75548052,11112,250,-1,-1,1,546,81.2,0,-1.0,0,0,0,640,360
6087,75560,75559159,11107,250,-1,-1,1,546,81.2,0,-1.0,0,0,0,640,360
6088,75571,75570270,11111,250,-1,-1,1,664,81.3,0,-1.0,0,0,0,640,360
6089,75582,75581384,11114,250,-1,-1,1,629,81.5,0,-1.0,0,0,0,640,360
6090,75593,75592485,11101,250,-1,-1,1,630,81.6,0,-1.0,0,0,0,640,360
6091,75605,75603603,11118,250,-1,-1,1,586,81.7,0,-1.0,0,0,0,640,360
6092,75616,75614705,11102,250,-1,-1,1,525,81.8,0,-1.0,0,0,0,640,360
6093,75627,75625816,11111,250,-1,-1,1,525,81.9,0,-1.0,0,0,0,640,360
6094,75638,75636921,11105,250,-1,-1,1,528,82.0,1,-1.0,0,0,0,640,360
6095,75649,75648037,11116,250,-1,-1,1,528,82.1,0,-1.0,0,0,0,640,360
6096,75712,75703574,55537,250,-1,-1,1,526,15.9,0,-1.0,0,0,0,640,360
6097,75716,75714677,11103,250,-1,-1,1,524,30.3,0,-1.0,0,0,0,640,360
6098,75727,75725796,11119,250,-1,-1,1,528,39.0,0,-1.0,0,0,0,640,360
6099,75738,75736907,11111,250,-1,-1,1,525,45.5,0,-1.0,0,0,0,640,360
6100,75749,75748013,11106,250,-1,-1,1,525,50.5,0,-1.0,0,0,0,640,360
6101,75760,75759124,11111,250,-1,-1,1,526,54.5,0,-1.0,0,0,0,640,360
6102,75771,75770234,11110,250,-1,-1,1,528,57.4,0,-1.0,0,0,0,640,360
6103,75782,75781345,11111,250,-1,-1,1,525,60.2,1,-1.0,0,0,0,640,360
6104,75793,75792453,11108,250,-1,-1,1,546,62.5,0,-1.0,0,0,0,640,360
6105,75804,75803565,11112,250,-1,-1,1,548,64.5,0,-1.0,0,0,0,640,360
6106,75815,75814672,11107,250,-1,-1,1,548,66.3,0,-1.0,0,0,0,640,360
6107,75827,75825785,11113,250,-1,-1,1,628,67.8,0,-1.0,0,0,0,640,360
6108,75838,75836890,11105,250,-1,-1,1,527,69.1,0,-1.0,0,0,0,640,360
6109,75849,75848000,11110,250,-1,-1,1,628,70.4,0,-1.0,0,0,0,640,360
6110,75860,75859108,11108,250,-1,-1,1,525,71.4,0,-1.0,0,0,0,640,360
6111,75871,75870221,11113,250,-1,-1,1,630,72.1,0,-1.0,0,0,0,640,360
6112,75882,75881325,11104,250,-1,-1,1,528,73.0,1,-1.0,0,0,0,640,360
6113,75893,75892438,11113,250,-1,-1,1,533,73.8,0,-1.0,0,0,0,640,360
6114,75904,75903543,11105,250,-1,-1,1,533,74.5,0,-1.0,0,0,0,640,360
6115,75915,75914655,11112,250,-1,-1,1,546,75.2,0,-1.0,0,0,0,640,360
6116,75927,75925763,11108,250,-1,-1,1,632,75.8,0,-1.0,0,0,0,640,360
6117,75938,75936876,11113,250,-1,-1,1,525,76.4,0,-1.0,0,0,0,640,360
6118,75949,75947984,11108,250,-1,-1,1,627,76.9,0,-1.0,0,0,0,640,360
6119,75960,75959095,11111,250,-1,-1,1,525,77.4,0,-1.0,0,0,0,640,360
6120,76036,75970195,11100,250,-1,-1,1,2018,64.4,0,-1.0,0,0,0,640,360
6121,76038,76036842,66647,250,-1,-1,1,604,66.8,1,-1.0,0,0,0,640,360
6122,76049,76047972,11130,250,-1,-1,1,555,67.7,0,-1.0,0,0,0,640,360
6123,76060,76059071,11099,250,-1,-1,1,526,68.3,0,-1.0,0,0,0,640,360
6124,76071,76070188,11117,250,-1,-1,1,524,68.7,0,-1.0,0,0,0,640,360
6125,76082,76081297,11109,250,-1,-1,1,628,69.3,0,-1.0,0,0,0,640,360
6126,76093,76092405,11108,250,-1,-1,1,621,69.8,0,-1.0,0,0,0,640,360
6127,76104,76103513,11108,250,-1,-1,1,544,70.3,0,-1.0,0,0,0,640,360
6128,76115,76114623,11110,250,-1,-1,1,545,70.8,0,-1.0,0,0,0,640,360
6129,76127,76125737,11114,250,-1,-1,1,632,71.3,0,-1.0,0,0,0,640,360
6130,76138,76136843,11106,250,-1,-1,1,526,71.7,1,-1.0,0,0,0,640,360
6131,76149,76147952,11109,250,-1,-1,1,631,72.0,0,-1.0,0,0,0,640,360
6132,76160,76159058,11106,250,-1,-1,1,543,72.5,0,-1.0,0,0,0,640,360
6133,76171,76170167,11109,250,-1,-1,1,530,72.8,0,-1.0,0,0,0,640,360
6134,76182,76181275,11108,250,-1,-1,1,548,73.2,0,-1.0,0,0,0,640,360
6135,76193,76192384,11109,250,-1,-1,1,604,73.5,0,-1.0,0,0,0,640,360
6136,76205,76203499,11115,250,-1,-1,1,528,73.9,0,-1.0,0,0,0,640,360
6137,76215,76214605,11106,250,-1,-1,1,627,74.2,0,-1.0,0,0,0,640,360
6138,76226,76225716,11111,250,-1,-1,1,525,74.5,0,-1.0,0,0,0,640,360
6139,76238,76236819,11103,250,-1,-1,1,525,74.8,1,-1.0,0,0,0,640,360
6140,76249,76247935,11116,250,-1,-1,1,545,75.1,0,-1.0,0,0,0,640,360
6141,76260,76259041,11106,250,-1,-1,1,545,75.4,0,-1.0,0,0,0,640,360
6142,76271,76270152,11111,250,-1,-1,1,548,75.6,0,-1.0,0,0,0,640,360
6143,76282,76281260,11108,250,-1,-1,1,632,75.8,0,-1.0,0,0,0,640,360
6144,76293,76292367,11107,250,-1,-1,1,526,76.1,0,-1.0,0,0,0,640,360
6145,76304,76303480,11113,250,-1,-1,1,627,76.3,0,-1.0,0,0,0,640,360
6146,76315,76314597,11117,250,-1,-1,1,527,76.6,0,-1.0,0,0,0,640,360
6147,76326,76325692,11095,250,-1,-1,1,527,76.8,0,-1.0,0,0,0,640,360
6148,76338,76336802,11110,250,-1,-1,1,527,77.0,1,-1.0,0,0,0,640,360
6149,76349,76347917,11115,250,-1,-1,1,528,77.3,0,-1.0,0,0,0,640,360
6150,76360,76359024,11107,250,-1,-1,1,548,77.5,0,-1.0,0,0,0,640,360
6151,76371,76370135,11111,250,-1,-1,1,545,77.6,0,-1.0,0,0,0,640,360
6152,76382,76381243,11108,250,-1,-1,1,633,77.8,0,-1.0,0,0,0,640,360
6153,76393,76392349,11106,250,-1,-1,1,526,78.0,0,-1.0,0,0,0,640,360
6154,76404,76403461,11112,250,-1,-1,1,525,78.1,0,-1.0,0,0,0,640,360
6155,76415,76414566,11105,250,-1,-1,1,528,78.3,0,-1.0,0,0,0,640,360
6156,76427,76425683,11117,250,-1,-1,1,627,78.5,0,-1.0,0,0,0,640,360
6157,76438,76436791,11108,250,-1,-1,1,525,78.7,1,-1.0,0,0,0,640,360
6158,76449,76447900,11109,250,-1,-1,1,532,78.8,0,-1.0,0,0,0,640,360
6159,76460,76459001,11101,250,-1,-1,1,528,79.0,0,-1.0,0,0,0,640,360
6160,76471,76470120,11119,250,-1,-1,1,629,79.1,0,-1.0,0,0,0,640,360
6161,76482,76481225,11105,250,-1,-1,1,524,79.2,0,-1.0,0,0,0,640,360
6162,76493,76492337,11112,250,-1,-1,1,629,79.4,0,-1.0,0,0,0,640,360
6163,76504,76503469,11132,250,-1,-1,1,525,79.5,0,-1.0,0,0,0,640,360
6164,76515,76514553,11084,250,-1,-1,1,525,79.7,0,-1.0,0,0,0,640,360
6165,76526,76525658,11105,250,-1,-1,1,525,79.8,0,-1.0,0,0,0,640,360
6166,76538,76536765,11107,250,-1,-1,1,529,80.0,1,-1.0,0,0,0,640,360
6167,76549,76547881,11116,250,-1,-1,1,540,80.1,0,-1.0,0,0,0,640,360
6168,76560,76558991,11110,250,-1,-1,1,531,80.2,0,-1.0,0,0,0,640,360
6169,76571,76570237,11246,250,-1,-1,1,649,80.3,0,-1.0,0,0,0,640,360
6170,76582,76581210,10973,250,-1,-1,1,527,80.4,0,-1.0,0,0,0,640,360
6171,76593,76592321,11111,250,-1,-1,1,634,80.5,0,-1.0,0,0,0,640,360
6172,76604,76603430,11109,250,-1,-1,1,533,80.6,0,-1.0,0,0,0,640,360
6173,76615,76614533,11103,250,-1,-1,1,524,80.7,0,-1.0,0,0,0,640,360
6174,76626,76625644,11111,250,-1,-1,1,525,80.9,0,-1.0,0,0,0,640,360
6175,76638,76636752,11108,250,-1,-1,1,525,81.0,1,-1.0,0,0,0,640,360
6176,76649,76647867,11115,250,-1,-1,1,544,81.1,0,-1.0,0,0,0,640,360
6177,76660,76658974,11107,250,-1,-1,1,546,81.2,0,-1.0,0,0,0,640,360
6178,76715,76703401,44427,250,-1,-1,1,528,17.9,0,-1.0,0,0,0,640,360
6179,76716,76714506,11105,250,-1,-1,1,520,35.7,0,-1.0,0,0,0,640,360
6180,76726,76725626,11120,250,-1,-1,1,526,44.8,0,-1.0,0,0,0,640,360
6181,76738,76736736,11110,250,-1,-1,1,525,51.3,0,-1.0,0,0,0,640,360
6182,76749,76747843,11107,250,-1,-1,1,525,56.2,0,-1.0,0,0,0,640,360
6183,76760,76758952,11109,250,-1,-1,1,524,60.0,0,-1.0,0,0,0,640,360
6184,76771,76770064,11112,250,-1,-1,1,524,63.1,1,-1.0,0,0,0,640,360
6185,76782,76781180,11116,250,-1,-1,1,546,65.0,0,-1.0,0,0,0,640,360
6186,76793,76792283,11103,250,-1,-1,1,545,67.2,0,-1.0,0,0,0,640,360
6187,76804,76803392,11109,250,-1,-1,1,548,69.0,0,-1.0,0,0,0,640,360
6188,76815,76814504,11112,250,-1,-1,1,633,70.5,0,-1.0,0,0,0,640,360
6189,76826,76825611,11107,250,-1,-1,1,527,71.9,0,-1.0,0,0,0,640,360
6190,76838,76836719,11108,250,-1,-1,1,623,73.0,0,-1.0,0,0,0,640,360
6191,76849,76847834,11115,250,-1,-1,1,525,74.1,0,-1.0,0,0,0,640,360
6192,76860,76858937,11103,250,-1,-1,1,527,75.0,0,-1.0,0,0,0,640,360
6193,76871,76870046,11109,250,-1,-1,1,525,75.8,1,-1.0,0,0,0,640,360
6194,76882,76881156,11110,250,-1,-1,1,546,76.2,0,-1.0,0,0,0,640,360
6195,76893,76892268,11112,250,-1,-1,1,547,76.9,0,-1.0,0,0,0,640,360
6196,76904,76903375,11107,250,-1,-1,1,529,77.6,0,-1.0,0,0,0,640,360
6197,76915,76914487,11112,250,-1,-1,1,627,78.1,0,-1.0,0,0,0,640,360
6198,76926,76925595,11108,250,-1,-1,1,525,78.7,0,-1.0,0,0,0,640,360
6199,76938,76936704,11109,250,-1,-1,1,628,79.1,0,-1.0,0,0,0,640,360
6200,76949,76947810,11106,250,-1,-1,1,525,79.6,0,-1.0,0,0,0,640,360
6201,76960,76958918,11108,250,-1,-1,1,526,80.0,0,-1.0,0,0,0,640,360
6202,76971,76970025,11107,250,-1,-1,1,527,80.4,1,-1.0,0,0,0,640,360
6203,76982,76981143,11118,250,-1,-1,1,539,80.5,0,-1.0,0,0,0,640,360
6204,76993,76992251,11108,250,-1,-1,1,533,80.8,0,-1.0,0,0,0,640,360
6205,77004,77003359,11108,250,-1,-1,1,530,81.2,0,-1.0,0,0,0,640,360
6206,77015,77014467,11108,250,-1,-1,1,627,81.5,0,-1.0,0,0,0,640,360
6207,77026,77025581,11114,250,-1,-1,1,526,81.7,0,-1.0,0,0,0,640,360
6208,77038,77036683,11102,250,-1,-1,1,605,82.0,0,-1.0,0,0,0,640,360
6209,77049,77047799,11116,250,-1,-1,1,524,82.3,0,-1.0,0,0,0,640,360
6210,77135,77058903,11104,250,-1,-1,1,2206,69.0,0,-1.0,0,0,0,640,360
6211,77138,77136649,77746,250,-1,-1,1,627,71.1,1,-1.0,0,0,0,640,360
6212,77149,77147780,11131,250,-1,-1,1,526,71.6,0,-1.0,0,0,0,640,360
6213,77160,77158891,11111,250,-1,-1,1,526,72.0,0,-1.0,0,0,0,640,360
6214,77171,77169991,11100,250,-1,-1,1,526,72.4,0,-1.0,0,0,0,640,360
6215,77182,77181111,11120,250,-1,-1,1,627,72.7,0,-1.0,0,0,0,640,360
6216,77193,77192216,11105,250,-1,-1,1,526,73.0,0,-1.0,0,0,0,640,360
6217,77204,77203328,11112,250,-1,-1,1,545,73.4,0,-1.0,0,0,0,640,360
6218,77215,77214437,11109,250,-1,-1,1,547,73.7,0,-1.0,0,0,0,640,360
6219,77226,77225552,11115,250,-1,-1,1,627,74.1,0,-1.0,0,0,0,640,360
6220,77237,77236652,11100,250,-1,-1,1,533,74.4,1,-1.0,0,0,0,640,360
6221,77249,77247770,11118,250,-1,-1,1,633,74.7,0,-1.0,0,0,0,640,360
6222,77260,77258869,11099,250,-1,-1,1,545,75.0,0,-1.0,0,0,0,640,360
6223,77271,77269981,11112,250,-1,-1,1,528,75.3,0,-1.0,0,0,0,640,360
6224,77282,77281086,11105,250,-1,-1,1,545,75.6,0,-1.0,0,0,0,640,360
6225,77293,77292201,11115,250,-1,-1,1,630,75.7,0,-1.0,0,0,0,640,360
6226,77304,77303308,11107,250,-1,-1,1,528,76.0,0,-1.0,0,0,0,640,360
6227,77315,77314417,11109,250,-1,-1,1,632,76.2,0,-1.0,0,0,0,640,360
6228,77326,77325526,11109,250,-1,-1,1,527,76.5,0,-1.0,0,0,0,640,360
6229,77338,77336629,11103,250,-1,-1,1,525,76.7,1,-1.0,0,0,0,640,360
6230,77349,77347745,11116,250,-1,-1,1,544,76.9,0,-1.0,0,0,0,640,360
6231,77360,77358856,11111,250,-1,-1,1,545,77.1,0,-1.0,0,0,0,640,360
6232,77371,77369965,11109,250,-1,-1,1,547,77.4,0,-1.0,0,0,0,640,360
6233,77382,77381074,11109,250,-1,-1,1,629,77.5,0,-1.0,0,0,0,640,360
6234,77393,77392177,11103,250,-1,-1,1,529,77.7,0,-1.0,0,0,0,640,360
6235,77404,77403289,11112,250,-1,-1,1,630,77.9,0,-1.0,0,0,0,640,360
6236,77415,77414400,11111,250,-1,-1,1,528,78.0,0,-1.0,0,0,0,640,360
6237,77426,77425505,11105,250,-1,-1,1,526,78.2,0,-1.0,0,0,0,640,360
6238,77437,77436612,11107,250,-1,-1,1,528,78.4,1,-1.0,0,0,0,640,360
6239,77449,77447728,11116,250,-1,-1,1,529,78.6,0,-1.0,0,0,0,640,360
6240,77460,77458836,11108,250,-1,-1,1,530,78.8,0,-1.0,0,0,0,640,360
6241,77471,77469946,11110,250,-1,-1,1,547,78.9,0,-1.0,0,0,0,640,360
6242,77482,77481057,11111,250,-1,-1,1,626,79.0,0,-1.0,0,0,0,640,360
6243,77493,77492162,11105,250,-1,-1,1,526,79.2,0,-1.0,0,0,0,640,360
6244,77504,77503271,11109,250,-1,-1,1,632,79.3,0,-1.0,0,0,0,640,360
6245,77515,77514382,11111,250,-1,-1,1,525,79.4,0,-1.0,0,0,0,640,360
6246,77526,77525492,11110,250,-1,-1,1,525,79.6,0,-1.0,0,0,0,640,360
6247,77537,77536599,11107,250,-1,-1,1,528,79.7,1,-1.0,0,0,0,640,360
6248,77549,77547709,11110,250,-1,-1,1,545,79.9,0,-1.0,0,0,0,640,360
6249,77560,77558822,11113,250,-1,-1,1,536,80.0,0,-1.0,0,0,0,640,360
6250,77571,77569925,11103,250,-1,-1,1,534,80.1,0,-1.0,0,0,0,640,360
6251,77582,77581040,11115,250,-1,-1,1,628,80.2,0,-1.0,0,0,0,640,360
6252,77593,77592145,11105,250,-1,-1,1,524,80.4,0,-1.0,0,0,0,640,360
6253,77604,77603257,11112,250,-1,-1,1,631,80.4,0,-1.0,0,0,0,640,360
6254,77615,77614366,11109,250,-1,-1,1,525,80.5,0,-1.0,0,0,0,640,360
6255,77626,77625480,11114,250,-1,-1,1,524,80.7,0,-1.0,0,0,0,640,360
6256,77637,77636581,11101,250,-1,-1,1,524,80.8,1,-1.0,0,0,0,640,360
6257,77649,77647694,11113,250,-1,-1,1,545,80.9,0,-1.0,0,0,0,640,360
6258,77660,77658802,11108,250,-1,-1,1,547,81.0,0,-1.0,0,0,0,640,360
6259,77715,77714339,55537,250,-1,-1,1,528,17.9,0,-1.0,0,0,0,640,360
6260,77726,77725457,11118,250,-1,-1,1,524,29.9,0,-1.0,0,0,0,640,360
6261,77737,77736562,11105,250,-1,-1,1,526,38.5,0,-1.0,0,0,0,640,360
6262,77749,77747676,11114,250,-1,-1,1,525,44.9,0,-1.0,0,0,0,640,360
6263,77760,77758782,11106,250,-1,-1,1,525,50.0,0,-1.0,0,0,0,640,360
6264,77771,77769892,11110,250,-1,-1,1,526,54.1,0,-1.0,0,0,0,640,360
6265,77782,77781005,11113,250,-1,-1,1,524,57.4,1,-1.0,0,0,0,640,360
6266,77793,77792114,11109,250,-1,-1,1,546,59.7,0,-1.0,0,0,0,640,360
6267,77804,77803223,11109,250,-1,-1,1,545,62.1,0,-1.0,0,0,0,640,360
6268,77815,77814333,11110,250,-1,-1,1,538,64.1,0,-1.0,0,0,0,640,360
6269,77826,77825440,11107,250,-1,-1,1,629,65.9,0,-1.0,0,0,0,640,360
6270,77837,77836548,11108,250,-1,-1,1,525,67.4,0,-1.0,0,0,0,640,360
6271,77849,77847662,11114,250,-1,-1,1,633,68.8,0,-1.0,0,0,0,640,360
6272,77860,77858772,11110,250,-1,-1,1,524,70.0,0,-1.0,0,0,0,640,360
6273,77871,77869877,11105,250,-1,-1,1,525,71.1,0,-1.0,0,0,0,640,360
6274,77882,77880984,11107,250,-1,-1,1,525,72.1,1,-1.0,0,0,0,640,360
6275,77893,77892099,11115,250,-1,-1,1,544,73.0,0,-1.0,0,0,0,640,360
6276,77904,77903207,11108,250,-1,-1,1,546,73.5,0,-1.0,0,0,0,640,360
6277,77915,77914316,11109,250,-1,-1,1,544,74.2,0,-1.0,0,0,0,640,360
6278,77926,77925426,11110,250,-1,-1,1,630,74.9,0,-1.0,0,0,0,640,360
6279,77937,77936531,11105,250,-1,-1,1,527,75.5,0,-1.0,0,0,0,640,360
6280,77948,77947641,11110,250,-1,-1,1,633,76.1,0,-1.0,0,0,0,640,360
6281,77960,77958753,11112,250,-1,-1,1,526,76.7,0,-1.0,0,0,0,640,360
6282,77971,77969857,11104,250,-1,-1,1,526,77.2,0,-1.0,0,0,0,640,360
6283,77982,77980969,11112,250,-1,-1,1,526,77.6,1,-1.0,0,0,0,640,360
6284,77993,77992079,11110,250,-1,-1,1,529,78.1,0,-1.0,0,0,0,640,360
6285,78004,78003187,11108,250,-1,-1,1,545,78.3,0,-1.0,0,0,0,640,360
6286,78015,78014302,11115,250,-1,-1,1,546,78.7,0,-1.0,0,0,0,640,360
6287,78026,78025410,11108,250,-1,-1,1,630,79.0,0,-1.0,0,0,0,640,360
6288,78037,78036516,11106,250,-1,-1,1,525,79.4,0,-1.0,0,0,0,640,360
6289,78048,78047623,11107,250,-1,-1,1,625,79.7,0,-1.0,0,0,0,640,360
6290,78060,78058731,11108,250,-1,-1,1,526,80.0,0,-1.0,0,0,0,640,360
6291,78071,78069842,11111,250,-1,-1,1,528,80.3,0,-1.0,0,0,0,640,360
6292,78082,78080949,11107,250,-1,-1,1,527,80.6,1,-1.0,0,0,0,640,360
6293,78093,78092062,11113,250,-1,-1,1,536,80.8,0,-1.0,0,0,0,640,360
6294,78104,78103171,11109,250,-1,-1,1,548,80.9,0,-1.0,0,0,0,640,360
6295,78115,78114282,11111,250,-1,-1,1,546,81.1,0,-1.0,0,0,0,640,360
6296,78126,78125390,11108,250,-1,-1,1,631,81.4,0,-1.0,0,0,0,640,360
6297,78137,78136498,11108,250,-1,-1,1,525,81.6,0,-1.0,0,0,0,640,360
6298,78149,78147606,11108,250,-1,-1,1,612,81.8,0,-1.0,0,0,0,640,360
6299,78160,78158719,11113,250,-1,-1,1,527,82.0,0,-1.0,0,0,0,640,360
6300,78260,78169821,11102,250,-1,-1,1,607,70.0,0,-1.0,0,0,0,640,360
6301,78260,78258680,88859,250,-1,-1,1,600,71.5,1,-1.0,0,0,0,640,360
6302,78271,78269813,11133,250,-1,-1,1,630,72.0,0,-1.0,0,0,0,640,360
6303,78282,78280921,11108,250,-1,-1,1,529,72.3,0,-1.0,0,0,0,640,360
6304,78293,78292028,11107,250,-1,-1,1,527,72.7,0,-1.0,0,0,0,640,360
6305,78304,78303136,11108,250,-1,-1,1,624,72.9,0,-1.0,0,0,0,640,360
6306,78316,78314250,11114,250,-1,-1,1,524,73.1,0,-1.0,0,0,0,640,360
6307,78326,78325356,11106,250,-1,-1,1,545,73.5,0,-1.0,0,0,0,640,360
6308,78337,78336464,11108,250,-1,-1,1,545,73.7,0,-1.0,0,0,0,640,360
6309,78348,78347574,11110,250,-1,-1,1,542,74.0,0,-1.0,0,0,0,640,360
6310,78360,78358686,11112,250,-1,-1,1,635,74.3,1,-1.0,0,0,0,640,360
6311,78371,78369862,11176,250,-1,-1,1,630,74.5,0,-1.0,0,0,0,640,360
6312,78382,78380901,11039,250,-1,-1,1,628,74.8,0,-1.0,0,0,0,640,360
6313,78393,78392010,11109,250,-1,-1,1,543,75.0,0,-1.0,0,0,0,640,360
6314,78404,78403124,11114,250,-1,-1,1,539,75.3,0,-1.0,0,0,0,640,360
6315,78416,78414228,11104,250,-1,-1,1,563,75.4,0,-1.0,0,0,0,640,360
6316,78426,78425341,11113,250,-1,-1,1,634,75.6,0,-1.0,0,0,0,640,360
6317,78437,78436446,11105,250,-1,-1,1,627,75.8,0,-1.0,0,0,0,640,360
6318,78448,78447559,11113,250,-1,-1,1,527,76.0,0,-1.0,0,0,0,640,360
6319,78459,78458663,11104,250,-1,-1,1,526,76.2,1,-1.0,0,0,0,640,360
6320,78471,78469775,11112,250,-1,-1,1,546,76.4,0,-1.0,0,0,0,640,360
6321,78482,78480885,11110,250,-1,-1,1,545,76.6,0,-1.0,0,0,0,640,360
6322,78493,78492087,11202,250,-1,-1,1,627,76.7,0,-1.0,0,0,0,640,360
6323,78504,78503107,11020,250,-1,-1,1,525,77.0,0,-1.0,0,0,0,640,360
6324,78515,78514214,11107,250,-1,-1,1,602,77.1,0,-1.0,0,0,0,640,360
6325,78526,78525318,11104,250,-1,-1,1,524,77.3,0,-1.0,0,0,0,640,360
6326,78537,78536428,11110,250,-1,-1,1,525,77.4,0,-1.0,0,0,0,640,360
6327,78548,78547534,11106,250,-1,-1,1,527,77.6,0,-1.0,0,0,0,640,360
6328,78559,78558649,11115,250,-1,-1,1,525,77.8,1,-1.0,0,0,0,640,360
6329,78571,78569759,11110,250,-1,-1,1,530,77.9,0,-1.0,0,0,0,640,360
6330,78582,78580865,11106,250,-1,-1,1,528,78.1,0,-1.0,0,0,0,640,360
6331,78593,78591976,11111,250,-1,-1,1,529,78.2,0,-1.0,0,0,0,640,360
6332,78604,78603083,11107,250,-1,-1,1,630,78.3,0,-1.0,0,0,0,640,360
6333,78615,78614199,11116,250,-1,-1,1,525,78.5,0,-1.0,0,0,0,640,360
6334,78626,78625305,11106,250,-1,-1,1,632,78.6,0,-1.0,0,0,0,640,360
6335,78637,78636529,11224,250,-1,-1,1,526,78.7,0,-1.0,0,0,0,640,360
6336,78648,78647517,10988,250,-1,-1,1,526,78.9,0,-1.0,0,0,0,640,360
6337,78659,78658628,11111,250,-1,-1,1,523,79.0,1,-1.0,0,0,0,640,360
6338,78728,78725270,66642,250,-1,-1,1,628,14.7,0,-1.0,0,0,0,640,360
6339,78737,78736397,11127,250,-1,-1,1,634,26.0,0,-1.0,0,0,0,640,360
6340,78748,78747507,11110,250,-1,-1,1,525,34.1,0,-1.0,0,0,0,640,360
6341,78759,78758610,11103,250,-1,-1,1,527,40.4,0,-1.0,0,0,0,640,360
6342,78771,78769718,11108,250,-1,-1,1,526,45.5,0,-1.0,0,0,0,640,360
6343,78782,78780832,11114,250,-1,-1,1,524,49.6,0,-1.0,0,0,0,640,360
6344,78793,78791935,11103,250,-1,-1,1,523,53.0,0,-1.0,0,0,0,640,360
6345,78804,78803053,11118,250,-1,-1,1,525,55.9,0,-1.0,0,0,0,640,360
6346,78815,78814156,11103,250,-1,-1,1,524,58.4,1,-1.0,0,0,0,640,360
6347,78826,78825270,11114,250,-1,-1,1,547,60.2,0,-1.0,0,0,0,640,360
6348,78837,78836377,11107,250,-1,-1,1,542,62.1,0,-1.0,0,0,0,640,360
6349,78848,78847488,11111,250,-1,-1,1,533,63.8,0,-1.0,0,0,0,640,360
6350,78859,78858596,11108,250,-1,-1,1,633,65.3,0,-1.0,0,0,0,640,360
6351,78871,78869707,11111,250,-1,-1,1,525,66.7,0,-1.0,0,0,0,640,360
6352,78882,78880815,11108,250,-1,-1,1,631,67.9,0,-1.0,0,0,0,640,360
6353,78893,78891928,11113,250,-1,-1,1,525,69.0,0,-1.0,0,0,0,640,360
6354,78904,78903027,11099,250,-1,-1,1,530,70.0,0,-1.0,0,0,0,640,360
6355,78915,78914142,11115,250,-1,-1,1,525,70.9,1,-1.0,0,0,0,640,360
6356,78926,78925253,11111,250,-1,-1,1,544,71.4,0,-1.0,0,0,0,640,360
6357,78937,78936364,11111,250,-1,-1,1,541,72.2,0,-1.0,0,0,0,640,360
6358,78948,78947472,11108,250,-1,-1,1,545,72.9,0,-1.0,0,0,0,640,360
6359,78959,78958579,11107,250,-1,-1,1,631,73.6,0,-1.0,0,0,0,640,360
6360,78971,78969692,11113,250,-1,-1,1,529,74.2,0,-1.0,0,0,0,640,360
6361,78982,78980798,11106,250,-1,-1,1,631,74.8,0,-1.0,0,0,0,640,360
6362,78993,78991908,11110,250,-1,-1,1,529,75.3,0,-1.0,0,0,0,640,360
6363,79004,79003017,11109,250,-1,-1,1,526,75.8,0,-1.0,0,0,0,640,360
6364,79015,79014125,11108,250,-1,-1,1,526,76.3,1,-1.0,0,0,0,640,360
6365,79026,79025237,11112,250,-1,-1,1,578,76.5,0,-1.0,0,0,0,640,360
6366,79037,79036347,11110,250,-1,-1,1,546,76.9,0,-1.0,0,0,0,640,360
6367,79048,79047455,11108,250,-1,-1,1,547,77.3,0,-1.0,0,0,0,640,360
6368,79059,79058564,11109,250,-1,-1,1,638,77.7,0,-1.0,0,0,0,640,360
6369,79070,79069673,11109,250,-1,-1,1,524,78.0,0,-1.0,0,0,0,640,360
6370,79082,79080780,11107,250,-1,-1,1,631,78.4,0,-1.0,0,0,0,640,360
6371,79093,79091894,11114,250,-1,-1,1,524,78.7,0,-1.0,0,0,0,640,360
6372,79104,79102994,11100,250,-1,-1,1,527,79.0,0,-1.0,0,0,0,640,360
6373,79115,79114109,11115,250,-1,-1,1,526,79.3,1,-1.0,0,0,0,640,360
6374,79126,79125216,11107,250,-1,-1,1,582,79.4,0,-1.0,0,0,0,640,360
6375,79137,79136329,11113,250,-1,-1,1,532,79.7,0,-1.0,0,0,0,640,360
6376,79148,79147435,11106,250,-1,-1,1,546,79.9,0,-1.0,0,0,0,640,360
6377,79159,79158548,11113,250,-1,-1,1,628,80.2,0,-1.0,0,0,0,640,360
6378,79171,79169656,11108,250,-1,-1,1,526,80.4,0,-1.0,0,0,0,640,360
6379,79182,79180768,11112,250,-1,-1,1,633,80.6,0,-1.0,0,0,0,640,360
6380,79193,79191872,11104,250,-1,-1,1,525,80.8,0,-1.0,0,0,0,640,360
6381,79204,79202985,11113,250,-1,-1,1,524,81.0,0,-1.0,0,0,0,640,360
6382,79215,79214089,11104,250,-1,-1,1,526,81.1,1,-1.0,0,0,0,640,360
6383,79226,79225206,11117,250,-1,-1,1,593,81.3,0,-1.0,0,0,0,640,360
6384,79237,79236308,11102,250,-1,-1,1,543,81.5,0,-1.0,0,0,0,640,360
6385,79248,79247422,11114,250,-1,-1,1,535,81.6,0,-1.0,0,0,0,640,360
6386,79259,79258528,11106,250,-1,-1,1,623,81.8,0,-1.0,0,0,0,640,360
6387,79270,79269638,11110,250,-1,-1,1,528,82.0,0,-1.0,0,0,0,640,360
6388,79282,79280749,11111,250,-1,-1,1,638,82.1,0,-1.0,0,0,0,640,360
6389,79293,79291859,11110,250,-1,-1,1,528,82.3,0,-1.0,0,0,0,640,360
6390,79404,79302960,11101,250,-1,-1,1,611,71.2,0,-1.0,0,0,0,640,360
6391,79405,79402929,99969,250,-1,-1,1,597,72.5,1,-1.0,0,0,0,640,360
6392,79415,79414061,11132,250,-1,-1,1,626,72.8,0,-1.0,0,0,0,640,360
6393,79426,79425168,11107,250,-1,-1,1,525,73.1,0,-1.0,0,0,0,640,360
6394,79437,79436274,11106,250,-1,-1,1,526,73.4,0,-1.0,0,0,0,640,360
6395,79448,79447383,11109,250,-1,-1,1,633,73.6,0,-1.0,0,0,0,640,360
6396,79459,79458495,11112,250,-1,-1,1,604,73.8,0,-1.0,0,0,0,640,360
6397,79471,79469605,11110,250,-1,-1,1,548,74.1,0,-1.0,0,0,0,640,360
6398,79482,79480710,11105,250,-1,-1,1,548,74.3,0,-1.0,0,0,0,640,360
6399,79493,79491822,11112,250,-1,-1,1,545,74.5,0,-1.0,0,0,0,640,360
6400,79504,79502933,11111,250,-1,-1,1,633,74.7,1,-1.0,0,0,0,640,360
6401,79515,79514174,11241,250,-1,-1,1,630,74.9,0,-1.0,0,0,0,640,360
6402,79526,79525151,10977,250,-1,-1,1,632,75.1,0,-1.0,0,0,0,640,360
6403,79537,79536260,11109,250,-1,-1,1,527,75.3,0,-1.0,0,0,0,640,360
6404,79548,79547371,11111,250,-1,-1,1,528,75.5,0,-1.0,0,0,0,640,360
6405,79559,79558478,11107,250,-1,-1,1,563,75.6,0,-1.0,0,0,0,640,360
6406,79570,79569587,11109,250,-1,-1,1,629,75.8,0,-1.0,0,0,0,640,360
6407,79582,79580703,11116,250,-1,-1,1,632,76.0,0,-1.0,0,0,0,640,360
6408,79593,79591808,11105,250,-1,-1,1,604,76.2,0,-1.0,0,0,0,640,360
6409,79604,79602916,11108,250,-1,-1,1,525,76.4,1,-1.0,0,0,0,640,360
6410,79615,79614029,11113,250,-1,-1,1,547,76.5,0,-1.0,0,0,0,640,360
6411,79626,79625133,11104,250,-1,-1,1,545,76.7,0,-1.0,0,0,0,640,360
6412,79637,79636302,11169,250,-1,-1,1,628,76.8,0,-1.0,0,0,0,640,360
6413,79648,79647351,11049,250,-1,-1,1,525,76.9,0,-1.0,0,0,0,640,360
6414,79659,79658464,11113,250,-1,-1,1,605,77.1,0,-1.0,0,0,0,640,360
6415,79670,79669571,11107,250,-1,-1,1,528,77.2,0,-1.0,0,0,0,640,360
6416,79682,79680833,11262,250,-1,-1,1,528,90.9,0,-1.0,0,0,0,640,360
6417,79693,79691785,10952,250,-1,-1,1,526,90.9,0,-1.0,0,0,0,640,360
6418,79704,79702896,11111,250,-1,-1,1,526,90.9,1,-1.0,0,0,0,640,360
6419,79715,79714010,11114,250,-1,-1,1,547,90.9,0,-1.0,0,0,0,640,360
6420,79726,79725115,11105,250,-1,-1,1,529,90.9,0,-1.0,0,0,0,640,360
6421,79737,79736224,11109,250,-1,-1,1,545,89.6,0,-1.0,0,0,0,640,360
6422,79748,79747334,11110,250,-1,-1,1,602,89.7,0,-1.0,0,0,0,640,360
6423,79759,79758447,11113,250,-1,-1,1,524,89.9,0,-1.0,0,0,0,640,360
6424,79770,79769548,11101,250,-1,-1,1,629,90.0,0,-1.0,0,0,0,640,360
6425,79782,79780661,11113,250,-1,-1,1,526,90.1,0,-1.0,0,0,0,640,360
6426,79793,79791766,11105,250,-1,-1,1,525,90.2,0,-1.0,0,0,0,640,360
6427,79804,79802877,11111,250,-1,-1,1,527,90.2,1,-1.0,0,0,0,640,360
6428,79815,79813992,11115,250,-1,-1,1,547,90.3,0,-1.0,0,0,0,640,360
6429,79826,79825101,11109,250,-1,-1,1,536,90.3,0,-1.0,0,0,0,640,360
6430,79837,79836210,11109,250,-1,-1,1,545,89.8,0,-1.0,0,0,0,640,360
6431,79848,79847320,11110,250,-1,-1,1,627,89.9,0,-1.0,0,0,0,640,360
6432,79859,79858428,11108,250,-1,-1,1,525,89.9,0,-1.0,0,0,0,640,360
6433,79870,79869536,11108,250,-1,-1,1,624,90.0,0,-1.0,0,0,0,640,360
6434,79882,79880645,11109,250,-1,-1,1,526,90.0,0,-1.0,0,0,0,640,360
6435,79893,79891751,11106,250,-1,-1,1,524,90.1,0,-1.0,0,0,0,640,360
6436,79904,79902865,11114,250,-1,-1,1,524,90.1,1,-1.0,0,0,0,640,360
6437,79915,79913975,11110,250,-1,-1,1,545,90.2,0,-1.0,0,0,0,640,360
6438,79926,79925081,11106,250,-1,-1,1,546,89.8,0,-1.0,0,0,0,640,360
6439,79937,79936191,11110,250,-1,-1,1,546,89.9,0,-1.0,0,0,0,640,360
6440,79948,79947301,11110,250,-1,-1,1,628,89.9,0,-1.0,0,0,0,640,360
6441,79959,79958411,11110,250,-1,-1,1,525,90.0,0,-1.0,0,0,0,640,360
6442,79970,79969517,11106,250,-1,-1,1,630,90.0,0,-1.0,0,0,0,640,360
6443,79981,79980633,11116,250,-1,-1,1,526,90.0,0,-1.0,0,0,0,640,360
6444,79993,79991734,11101,250,-1,-1,1,525,90.1,0,-1.0,0,0,0,640,360
6445,80004,80002843,11109,250,-1,-1,1,527,90.1,1,-1.0,0,0,0,640,360
6446,80015,80013953,11110,250,-1,-1,1,545,90.1,0,-1.0,0,0,0,640,360
6447,80026,80025069,11116,250,-1,-1,1,545,90.1,0,-1.0,0,0,0,640,360
6448,80037,80036177,11108,250,-1,-1,1,527,89.9,0,-1.0,0,0,0,640,360
6449,80048,80047287,11110,250,-1,-1,1,627,89.9,0,-1.0,0,0,0,640,360
6450,80059,80058390,11103,250,-1,-1,1,528,90.0,0,-1.0,0,0,0,640,360
6451,80070,80069502,11112,250,-1,-1,1,628,90.0,0,-1.0,0,0,0,640,360
6452,80081,80080613,11111,250,-1,-1,1,528,90.0,0,-1.0,0,0,0,640,360
6453,80092,80091718,11105,250,-1,-1,1,527,90.0,0,-1.0,0,0,0,640,360
6454,80104,80102825,11107,250,-1,-1,1,527,90.1,1,-1.0,0,0,0,640,360
6455,80115,80113940,11115,250,-1,-1,1,528,90.1,0,-1.0,0,0,0,640,360
6456,80126,80125047,11107,250,-1,-1,1,529,90.1,0,-1.0,0,0,0,640,360
6457,80137,80136158,11111,250,-1,-1,1,546,89.9,0,-1.0,0,0,0,640,360
6458,80148,80147267,11109,250,-1,-1,1,629,90.0,0,-1.0,0,0,0,640,360
6459,80159,80158379,11112,250,-1,-1,1,545,90.0,0,-1.0,0,0,0,640,360
6460,80170,80169486,11107,250,-1,-1,1,629,90.0,0,-1.0,0,0,0,640,360
6461,80181,80180599,11113,250,-1,-1,1,525,90.0,0,-1.0,0,0,0,640,360
6462,80193,80191699,11100,250,-1,-1,1,524,90.0,0,-1.0,0,0,0,640,360
6463,80204,80202808,11109,250,-1,-1,1,525,90.1,1,-1.0,0,0,0,640,360
6464,80215,80213921,11113,250,-1,-1,1,546,90.1,0,-1.0,0,0,0,640,360
6465,80226,80225031,11110,250,-1,-1,1,543,90.1,0,-1.0,0,0,0,640,360
6466,80237,80236140,11109,250,-1,-1,1,533,89.9,0,-1.0,0,0,0,640,360
6467,80248,80247247,11107,250,-1,-1,1,607,90.0,0,-1.0,0,0,0,640,360
6468,80259,80258358,11111,250,-1,-1,1,524,90.0,0,-1.0,0,0,0,640,360
6469,80270,80269471,11113,250,-1,-1,1,627,90.0,0,-1.0,0,0,0,640,360
6470,80281,80280576,11105,250,-1,-1,1,525,90.0,0,-1.0,0,0,0,640,360
6471,80292,80291683,11107,250,-1,-1,1,524,90.0,0,-1.0,0,0,0,640,360
6472,80304,80302790,11107,250,-1,-1,1,525,90.0,1,-1.0,0,0,0,640,360
6473,80315,80313905,11115,250,-1,-1,1,546,90.1,0,-1.0,0,0,0,640,360
6474,80326,80325020,11115,250,-1,-1,1,548,90.1,0,-1.0,0,0,0,640,360
6475,80337,80336125,11105,250,-1,-1,1,529,90.1,0,-1.0,0,0,0,640,360
6476,80348,80347230,11105,250,-1,-1,1,626,90.0,0,-1.0,0,0,0,640,360
6477,80359,80358349,11119,250,-1,-1,1,527,90.0,0,-1.0,0,0,0,640,360
6478,80370,80369451,11102,250,-1,-1,1,604,90.0,0,-1.0,0,0,0,640,360
6479,80381,80380561,11110,250,-1,-1,1,525,90.0,0,-1.0,0,0,0,640,360
6480,80506,80391667,11106,250,-1,-1,1,606,77.8,0,-1.0,0,0,0,640,360
6481,80507,80502741,111074,250,-1,-1,1,596,78.9,1,-1.0,0,0,0,640,360
6482,80515,80513876,11135,250,-1,-1,1,627,79.4,0,-1.0,0,0,0,640,360
6483,80526,80524979,11103,250,-1,-1,1,524,79.5,0,-1.0,0,0,0,640,360
6484,80537,80536088,11109,250,-1,-1,1,523,79.6,0,-1.0,0,0,0,640,360
6485,80548,80547196,11108,250,-1,-1,1,525,79.7,0,-1.0,0,0,0,640,360
6486,80559,80558309,11113,250,-1,-1,1,633,79.9,0,-1.0,0,0,0,640,360
6487,80570,80569413,11104,250,-1,-1,1,546,80.0,0,-1.0,0,0,0,640,360
6488,80581,80580527,11114,250,-1,-1,1,539,80.1,0,-1.0,0,0,0,640,360
6489,80592,80591633,11106,250,-1,-1,1,540,80.3,0,-1.0,0,0,0,640,360
6490,80604,80602744,11111,250,-1,-1,1,629,80.4,1,-1.0,0,0,0,640,360
6491,80615,80613860,11116,250,-1,-1,1,524,80.4,0,-1.0,0,0,0,640,360
6492,80626,80624966,11106,250,-1,-1,1,630,80.5,0,-1.0,0,0,0,640,360
6493,80637,80636200,11234,250,-1,-1,1,549,80.7,0,-1.0,0,0,0,640,360
6494,80648,80647182,10982,250,-1,-1,1,583,80.8,0,-1.0,0,0,0,640,360
6495,80659,80658291,11109,250,-1,-1,1,578,80.9,0,-1.0,0,0,0,640,360
6496,80670,80669401,11110,250,-1,-1,1,629,81.0,0,-1.0,0,0,0,640,360
6497,80709,80702710,33309,250,-1,-1,1,602,25.6,0,-1.0,0,0,0,640,360
6498,80715,80713846,11136,250,-1,-1,1,526,45.5,0,-1.0,0,0,0,640,360
6499,80726,80724943,11097,250,-1,-1,1,524,54.5,1,-1.0,0,0,0,640,360
6500,80737,80736061,11118,250,-1,-1,1,546,60.6,0,-1.0,0,0,0,640,360
6501,80748,80747166,11105,250,-1,-1,1,548,64.1,0,-1.0,0,0,0,640,360
6502,80759,80758275,11109,250,-1,-1,1,547,67.4,0,-1.0,0,0,0,640,360
6503,80770,80769379,11104,250,-1,-1,1,629,70.0,0,-1.0,0,0,0,640,360
6504,80781,80780497,11118,250,-1,-1,1,529,72.1,0,-1.0,0,0,0,640,360
6505,80792,80791601,11104,250,-1,-1,1,633,73.8,0,-1.0,0,0,0,640,360
6506,80804,80802712,11111,250,-1,-1,1,527,75.2,0,-1.0,0,0,0,640,360
6507,80815,80813814,11102,250,-1,-1,1,526,76.4,0,-1.0,0,0,0,640,360
6508,80826,80824926,11112,250,-1,-1,1,525,77.4,1,-1.0,0,0,0,640,360
6509,80837,80836035,11109,250,-1,-1,1,548,78.3,0,-1.0,0,0,0,640,360
6510,80848,80847146,11111,250,-1,-1,1,546,78.7,0,-1.0,0,0,0,640,360
6511,80859,80858259,11113,250,-1,-1,1,545,79.4,0,-1.0,0,0,0,640,360
6512,80870,80869368,11109,250,-1,-1,1,634,80.0,0,-1.0,0,0,0,640,360
6513,80881,80880475,11107,250,-1,-1,1,528,80.6,0,-1.0,0,0,0,640,360
6514,80892,80891585,11110,250,-1,-1,1,631,81.1,0,-1.0,0,0,0,640,360
6515,80904,80902692,11107,250,-1,-1,1,526,81.5,0,-1.0,0,0,0,640,360
6516,80915,80913796,11104,250,-1,-1,1,527,82.0,0,-1.0,0,0,0,640,360
6517,80926,80924907,11111,250,-1,-1,1,526,82.4,1,-1.0,0,0,0,640,360
6518,80937,80936023,11116,250,-1,-1,1,531,82.7,0,-1.0,0,0,0,640,360
6519,80948,80947126,11103,250,-1,-1,1,547,83.0,0,-1.0,0,0,0,640,360
6520,80959,80958241,11115,250,-1,-1,1,552,83.0,0,-1.0,0,0,0,640,360
6521,80970,80969351,11110,250,-1,-1,1,630,83.3,0,-1.0,0,0,0,640,360
6522,80981,80980458,11107,250,-1,-1,1,527,83.6,0,-1.0,0,0,0,640,360
6523,80992,80991568,11110,250,-1,-1,1,604,83.9,0,-1.0,0,0,0,640,360
6524,81004,81002681,11113,250,-1,-1,1,524,84.1,0,-1.0,0,0,0,640,360
6525,81015,81013781,11100,250,-1,-1,1,526,84.3,0,-1.0,0,0,0,640,360
6526,81026,81024891,11110,250,-1,-1,1,527,84.5,1,-1.0,0,0,0,640,360
6527,81037,81036003,11112,250,-1,-1,1,540,84.7,0,-1.0,0,0,0,640,360
6528,81048,81047116,11113,250,-1,-1,1,530,84.7,0,-1.0,0,0,0,640,360
6529,81059,81058224,11108,250,-1,-1,1,529,84.8,0,-1.0,0,0,0,640,360
6530,81070,81069332,11108,250,-1,-1,1,630,85.0,0,-1.0,0,0,0,640,360
6531,81081,81080440,11108,250,-1,-1,1,526,85.2,0,-1.0,0,0,0,640,360
6532,81092,81091549,11109,250,-1,-1,1,606,85.3,0,-1.0,0,0,0,640,360
6533,81103,81102658,11109,250,-1,-1,1,526,85.5,0,-1.0,0,0,0,640,360
6534,81115,81113769,11111,250,-1,-1,1,525,85.6,0,-1.0,0,0,0,640,360
6535,81126,81124873,11104,250,-1,-1,1,523,85.7,1,-1.0,0,0,0,640,360
6536,81137,81135991,11118,250,-1,-1,1,545,85.8,0,-1.0,0,0,0,640,360
6537,81148,81147100,11109,250,-1,-1,1,546,86.0,0,-1.0,0,0,0,640,360
6538,81159,81158206,11106,250,-1,-1,1,531,85.9,0,-1.0,0,0,0,640,360
6539,81170,81169315,11109,250,-1,-1,1,632,86.0,0,-1.0,0,0,0,640,360
6540,81181,81180425,11110,250,-1,-1,1,526,86.1,0,-1.0,0,0,0,640,360
6541,81192,81191530,11105,250,-1,-1,1,632,86.2,0,-1.0,0,0,0,640,360
6542,81203,81202647,11117,250,-1,-1,1,527,86.3,0,-1.0,0,0,0,640,360
6543,81215,81213747,11100,250,-1,-1,1,526,86.4,0,-1.0,0,0,0,640,360
6544,81226,81224859,11112,250,-1,-1,1,527,86.5,1,-1.0,0,0,0,640,360
6545,81237,81235972,11113,250,-1,-1,1,527,86.6,0,-1.0,0,0,0,640,360
6546,81248,81247079,11107,250,-1,-1,1,545,86.7,0,-1.0,0,0,0,640,360
6547,81259,81258189,11110,250,-1,-1,1,544,86.6,0,-1.0,0,0,0,640,360
6548,81270,81269299,11110,250,-1,-1,1,632,86.7,0,-1.0,0,0,0,640,360
6549,81281,81280408,11109,250,-1,-1,1,526,86.7,0,-1.0,0,0,0,640,360
6550,81292,81291516,11108,250,-1,-1,1,627,86.8,0,-1.0,0,0,0,640,360
6551,81303,81302624,11108,250,-1,-1,1,525,86.9,0,-1.0,0,0,0,640,360
6552,81315,81313730,11106,250,-1,-1,1,527,87.0,0,-1.0,0,0,0,640,360
6553,81326,81324841,11111,250,-1,-1,1,527,87.0,1,-1.0,0,0,0,640,360
6554,81337,81335954,11113,250,-1,-1,1,536,87.1,0,-1.0,0,0,0,640,360
6555,81348,81347059,11105,250,-1,-1,1,533,87.1,0,-1.0,0,0,0,640,360
6556,81359,81358174,11115,250,-1,-1,1,527,87.1,0,-1.0,0,0,0,640,360
6557,81370,81369280,11106,250,-1,-1,1,629,87.1,0,-1.0,0,0,0,640,360
6558,81381,81380391,11111,250,-1,-1,1,526,87.2,0,-1.0,0,0,0,640,360
6559,81392,81391498,11107,250,-1,-1,1,605,87.3,0,-1.0,0,0,0,640,360
6560,81404,81402610,11112,250,-1,-1,1,525,87.3,0,-1.0,0,0,0,640,360
6561,81415,81413715,11105,250,-1,-1,1,524,87.4,0,-1.0,0,0,0,640,360
6562,81426,81424824,11109,250,-1,-1,1,528,87.4,1,-1.0,0,0,0,640,360
6563,81437,81435935,11111,250,-1,-1,1,543,87.5,0,-1.0,0,0,0,640,360
6564,81448,81447047,11112,250,-1,-1,1,530,87.5,0,-1.0,0,0,0,640,360
6565,81459,81458153,11106,250,-1,-1,1,533,87.6,0,-1.0,0,0,0,640,360
6566,81470,81469265,11112,250,-1,-1,1,630,87.5,0,-1.0,0,0,0,640,360
6567,81481,81480371,11106,250,-1,-1,1,526,87.5,0,-1.0,0,0,0,640,360
6568,81492,81491484,11113,250,-1,-1,1,627,87.6,0,-1.0,0,0,0,640,360
6569,81503,81502592,11108,250,-1,-1,1,526,87.6,0,-1.0,0,0,0,640,360
6570,81630,81513701,11109,250,-1,-1,1,608,77.2,0,-1.0,0,0,0,640,360
6571,81631,81624772,111071,250,-1,-1,1,600,78.1,1,-1.0,0,0,0,640,360
6572,81637,81635915,11143,250,-1,-1,1,629,78.7,0,-1.0,0,0,0,640,360
6573,81648,81647013,11098,250,-1,-1,1,549,78.8,0,-1.0,0,0,0,640,360
6574,81659,81658120,11107,250,-1,-1,1,524,78.9,0,-1.0,0,0,0,640,360
6575,81670,81669224,11104,250,-1,-1,1,525,79.0,0,-1.0,0,0,0,640,360
6576,81742,81735867,66643,250,-1,-1,1,527,13.9,0,-1.0,0,0,0,640,360
6577,81748,81746999,11132,250,-1,-1,1,624,26.0,0,-1.0,0,0,0,640,360
6578,81759,81758104,11105,250,-1,-1,1,593,33.7,0,-1.0,0,0,0,640,360
6579,81770,81769209,11105,250,-1,-1,1,524,40.0,0,-1.0,0,0,0,640,360
6580,81781,81780323,11114,250,-1,-1,1,529,45.0,1,-1.0,0,0,0,640,360
6581,81792,81791429,11106,250,-1,-1,1,540,49.2,0,-1.0,0,0,0,640,360
6582,81803,81802540,11111,250,-1,-1,1,540,52.6,0,-1.0,0,0,0,640,360
6583,81814,81813651,11111,250,-1,-1,1,528,55.6,0,-1.0,0,0,0,640,360
6584,81826,81824760,11109,250,-1,-1,1,629,58.1,0,-1.0,0,0,0,640,360
6585,81837,81835866,11106,250,-1,-1,1,525,60.2,0,-1.0,0,0,0,640,360
6586,81848,81846978,11112,250,-1,-1,1,628,62.1,0,-1.0,0,0,0,640,360
6587,81860,81858177,11199,250,-1,-1,1,526,63.5,0,-1.0,0,0,0,640,360
6588,81870,81869192,11015,250,-1,-1,1,524,65.0,0,-1.0,0,0,0,640,360
6589,81881,81880301,11109,250,-1,-1,1,525,66.4,1,-1.0,0,0,0,640,360
6590,81892,81891417,11116,250,-1,-1,1,546,67.6,0,-1.0,0,0,0,640,360
6591,81903,81902523,11106,250,-1,-1,1,550,68.7,0,-1.0,0,0,0,640,360
6592,81914,81913635,11112,250,-1,-1,1,543,69.7,0,-1.0,0,0,0,640,360
6593,81926,81924739,11104,250,-1,-1,1,629,70.6,0,-1.0,0,0,0,640,360
6594,81937,81935853,11114,250,-1,-1,1,526,71.4,0,-1.0,0,0,0,640,360
6595,81948,81946958,11105,250,-1,-1,1,631,72.2,0,-1.0,0,0,0,640,360
6596,81959,81958071,11113,250,-1,-1,1,525,72.9,0,-1.0,0,0,0,640,360
6597,81970,81969174,11103,250,-1,-1,1,527,73.3,0,-1.0,0,0,0,640,360
6598,81981,81980284,11110,250,-1,-1,1,527,74.0,1,-1.0,0,0,0,640,360
6599,81992,81991397,11113,250,-1,-1,1,547,74.5,0,-1.0,0,0,0,640,360
6600,82003,82002505,11108,250,-1,-1,1,545,75.1,0,-1.0,0,0,0,640,360
6601,82014,82013612,11107,250,-1,-1,1,543,75.6,0,-1.0,0,0,0,640,360
6602,82026,82024728,11116,250,-1,-1,1,631,76.1,0,-1.0,0,0,0,640,360
6603,82037,82035832,11104,250,-1,-1,1,528,76.5,0,-1.0,0,0,0,640,360
6604,82048,82046946,11114,250,-1,-1,1,631,76.9,0,-1.0,0,0,0,640,360
6605,82059,82058070,11124,250,-1,-1,1,607,77.1,0,-1.0,0,0,0,640,360
6606,82070,82069159,11089,250,-1,-1,1,527,77.5,0,-1.0,0,0,0,640,360
6607,82081,82080266,11107,250,-1,-1,1,527,77.9,1,-1.0,0,0,0,640,360
6608,82092,82091377,11111,250,-1,-1,1,536,78.2,0,-1.0,0,0,0,640,360
6609,82103,82102487,11110,250,-1,-1,1,533,78.5,0,-1.0,0,0,0,640,360
6610,82115,82113601,11114,250,-1,-1,1,547,78.8,0,-1.0,0,0,0,640,360
6611,82126,82124708,11107,250,-1,-1,1,628,79.1,0,-1.0,0,0,0,640,360
6612,82137,82135821,11113,250,-1,-1,1,525,79.4,0,-1.0,0,0,0,640,360
6613,82148,82146923,11102,250,-1,-1,1,631,79.7,0,-1.0,0,0,0,640,360
6614,82159,82158038,11115,250,-1,-1,1,525,79.9,0,-1.0,0,0,0,640,360
6615,82170,82169139,11101,250,-1,-1,1,524,80.2,0,-1.0,0,0,0,640,360
6616,82181,82180249,11110,250,-1,-1,1,527,80.2,1,-1.0,0,0,0,640,360
6617,82192,82191367,11118,250,-1,-1,1,539,80.5,0,-1.0,0,0,0,640,360
6618,82203,82202476,11109,250,-1,-1,1,530,80.7,0,-1.0,0,0,0,640,360
6619,82214,82213578,11102,250,-1,-1,1,528,80.9,0,-1.0,0,0,0,640,360
6620,82226,82224692,11114,250,-1,-1,1,634,81.1,0,-1.0,0,0,0,640,360
6621,82237,82235799,11107,250,-1,-1,1,526,81.3,0,-1.0,0,0,0,640,360
6622,82248,82246908,11109,250,-1,-1,1,628,81.5,0,-1.0,0,0,0,640,360
6623,82259,82258145,11237,250,-1,-1,1,525,81.6,0,-1.0,0,0,0,640,360
6624,82270,82269126,10981,250,-1,-1,1,526,81.8,0,-1.0,0,0,0,640,360
6625,82281,82280232,11106,250,-1,-1,1,524,81.8,1,-1.0,0,0,0,640,360
6626,82292,82291348,11116,250,-1,-1,1,547,82.0,0,-1.0,0,0,0,640,360
6627,82303,82302454,11106,250,-1,-1,1,544,82.1,0,-1.0,0,0,0,640,360
6628,82314,82313564,11110,250,-1,-1,1,530,82.3,0,-1.0,0,0,0,640,360
6629,82326,82324674,11110,250,-1,-1,1,631,82.3,0,-1.0,0,0,0,640,360
6630,82337,82335786,11112,250,-1,-1,1,526,82.5,0,-1.0,0,0,0,640,360
6631,82348,82346894,11108,250,-1,-1,1,634,82.7,0,-1.0,0,0,0,640,360
6632,82359,82358000,11106,250,-1,-1,1,528,82.8,0,-1.0,0,0,0,640,360
6633,82370,82369103,11103,250,-1,-1,1,527,83.0,0,-1.0,0,0,0,640,360
6634,82381,82380214,11111,250,-1,-1,1,524,83.0,1,-1.0,0,0,0,640,360
6635,82392,82391328,11114,250,-1,-1,1,543,83.1,0,-1.0,0,0,0,640,360
6636,82403,82402439,11111,250,-1,-1,1,545,83.2,0,-1.0,0,0,0,640,360
6637,82414,82413547,11108,250,-1,-1,1,545,83.3,0,-1.0,0,0,0,640,360
6638,82425,82424660,11113,250,-1,-1,1,633,83.4,0,-1.0,0,0,0,640,360
6639,82437,82435765,11105,250,-1,-1,1,528,83.6,0,-1.0,0,0,0,640,360
6640,82448,82446877,11112,250,-1,-1,1,605,83.7,0,-1.0,0,0,0,640,360
6641,82459,82457985,11108,250,-1,-1,1,524,83.8,0,-1.0,0,0,0,640,360
6642,82470,82469089,11104,250,-1,-1,1,528,83.9,0,-1.0,0,0,0,640,360
6643,82481,82480197,11108,250,-1,-1,1,526,83.8,1,-1.0,0,0,0,640,360
6644,82492,82491315,11118,250,-1,-1,1,538,83.9,0,-1.0,0,0,0,640,360
6645,82503,82502424,11109,250,-1,-1,1,530,84.0,0,-1.0,0,0,0,640,360
6646,82514,82513528,11104,250,-1,-1,1,531,84.1,0,-1.0,0,0,0,640,360
6647,82526,82524637,11109,250,-1,-1,1,628,84.2,0,-1.0,0,0,0,640,360
6648,82537,82535751,11114,250,-1,-1,1,525,84.3,0,-1.0,0,0,0,640,360
6649,82548,82546855,11104,250,-1,-1,1,628,84.4,0,-1.0,0,0,0,640,360
6650,82559,82558050,11195,250,-1,-1,1,526,84.5,0,-1.0,0,0,0,640,360
6651,82570,82569072,11022,250,-1,-1,1,524,84.4,0,-1.0,0,0,0,640,360
6652,82581,82580183,11111,250,-1,-1,1,524,84.5,1,-1.0,0,0,0,640,360
6653,82592,82591294,11111,250,-1,-1,1,545,84.6,0,-1.0,0,0,0,640,360
6654,82603,82602406,11112,250,-1,-1,1,546,84.7,0,-1.0,0,0,0,640,360
6655,82614,82613512,11106,250,-1,-1,1,537,84.7,0,-1.0,0,0,0,640,360
6656,82625,82624622,11110,250,-1,-1,1,630,84.8,0,-1.0,0,0,0,640,360
6657,82637,82635730,11108,250,-1,-1,1,524,84.9,0,-1.0,0,0,0,640,360
6658,82648,82646840,11110,250,-1,-1,1,632,85.0,0,-1.0,0,0,0,640,360
6659,82659,82657946,11106,250,-1,-1,1,527,85.0,0,-1.0,0,0,0,640,360
6660,82790,82669057,11111,250,-1,-1,1,2095,75.8,0,-1.0,0,0,0,640,360
6661,82848,82846794,177737,250,-1,-1,1,588,17.9,1,-1.0,0,0,0,640,360
6662,82859,82857917,11123,250,-1,-1,1,529,29.9,0,-1.0,0,0,0,640,360
6663,82870,82869024,11107,250,-1,-1,1,546,38.5,0,-1.0,0,0,0,640,360
6664,82881,82880133,11109,250,-1,-1,1,635,44.4,0,-1.0,0,0,0,640,360
6665,82892,82891247,11114,250,-1,-1,1,592,49.5,0,-1.0,0,0,0,640,360
6666,82903,82902351,11104,250,-1,-1,1,628,53.6,0,-1.0,0,0,0,640,360
6667,82914,82913465,11114,250,-1,-1,1,529,56.9,0,-1.0,0,0,0,640,360
6668,82925,82924570,11105,250,-1,-1,1,525,59.7,0,-1.0,0,0,0,640,360
6669,82937,82935676,11106,250,-1,-1,1,526,62.1,0,-1.0,0,0,0,640,360
6670,82948,82946783,11107,250,-1,-1,1,527,64.1,1,-1.0,0,0,0,640,360
6671,82959,82957901,11118,250,-1,-1,1,533,65.9,0,-1.0,0,0,0,640,360
6672,82970,82969005,11104,250,-1,-1,1,530,67.4,0,-1.0,0,0,0,640,360
6673,82981,82980116,11111,250,-1,-1,1,543,68.4,0,-1.0,0,0,0,640,360
6674,82992,82991227,11111,250,-1,-1,1,633,69.7,0,-1.0,0,0,0,640,360
6675,83003,83002340,11113,250,-1,-1,1,526,70.8,0,-1.0,0,0,0,640,360
6676,83014,83013443,11103,250,-1,-1,1,627,71.7,0,-1.0,0,0,0,640,360
6677,83025,83024557,11114,250,-1,-1,1,524,72.6,0,-1.0,0,0,0,640,360
6678,83036,83035660,11103,250,-1,-1,1,526,73.5,0,-1.0,0,0,0,640,360
6679,83048,83046771,11111,250,-1,-1,1,525,74.2,1,-1.0,0,0,0,640,360
6680,83059,83057882,11111,250,-1,-1,1,539,74.9,0,-1.0,0,0,0,640,360
6681,83070,83068988,11106,250,-1,-1,1,531,75.5,0,-1.0,0,0,0,640,360
6682,83081,83080099,11111,250,-1,-1,1,531,76.1,0,-1.0,0,0,0,640,360
6683,83092,83091211,11112,250,-1,-1,1,631,76.4,0,-1.0,0,0,0,640,360
6684,83103,83102318,11107,250,-1,-1,1,525,76.9,0,-1.0,0,0,0,640,360
6685,83114,83113429,11111,250,-1,-1,1,629,77.4,0,-1.0,0,0,0,640,360
6686,83125,83124555,11126,250,-1,-1,1,524,77.8,0,-1.0,0,0,0,640,360
6687,83136,83135642,11087,250,-1,-1,1,524,78.3,0,-1.0,0,0,0,640,360
6688,83148,83146752,11110,250,-1,-1,1,525,78.7,1,-1.0,0,0,0,640,360
6689,83159,83157867,11115,250,-1,-1,1,545,79.0,0,-1.0,0,0,0,640,360
6690,83170,83168973,11106,250,-1,-1,1,541,79.4,0,-1.0,0,0,0,640,360
6691,83181,83180080,11107,250,-1,-1,1,539,79.7,0,-1.0,0,0,0,640,360
6692,83192,83191196,11116,250,-1,-1,1,631,79.8,0,-1.0,0,0,0,640,360
6693,83203,83202303,11107,250,-1,-1,1,527,80.1,0,-1.0,0,0,0,640,360
6694,83214,83213407,11104,250,-1,-1,1,635,80.4,0,-1.0,0,0,0,640,360
6695,83225,83224518,11111,250,-1,-1,1,597,80.6,0,-1.0,0,0,0,640,360
6696,83236,83235624,11106,250,-1,-1,1,564,80.9,0,-1.0,0,0,0,640,360
6697,83248,83246736,11112,250,-1,-1,1,524,81.1,1,-1.0,0,0,0,640,360
6698,83259,83257848,11112,250,-1,-1,1,547,81.4,0,-1.0,0,0,0,640,360
6699,83270,83268957,11109,250,-1,-1,1,546,81.6,0,-1.0,0,0,0,640,360
6700,83281,83280065,11108,250,-1,-1,1,544,81.8,0,-1.0,0,0,0,640,360
6701,83292,83291176,11111,250,-1,-1,1,630,81.8,0,-1.0,0,0,0,640,360
6702,83303,83302285,11109,250,-1,-1,1,527,82.0,0,-1.0,0,0,0,640,360
6703,83314,83313394,11109,250,-1,-1,1,632,82.2,0,-1.0,0,0,0,640,360
6704,83325,83324512,11118,250,-1,-1,1,525,82.4,0,-1.0,0,0,0,640,360
6705,83336,83335611,11099,250,-1,-1,1,550,82.6,0,-1.0,0,0,0,640,360
6706,83348,83346717,11106,250,-1,-1,1,528,82.7,1,-1.0,0,0,0,640,360
6707,83359,83357831,11114,250,-1,-1,1,534,82.9,0,-1.0,0,0,0,640,360
6708,83370,83368937,11106,250,-1,-1,1,529,83.0,0,-1.0,0,0,0,640,360
6709,83381,83380047,11110,250,-1,-1,1,547,83.2,0,-1.0,0,0,0,640,360
6710,83392,83391155,11108,250,-1,-1,1,630,83.2,0,-1.0,0,0,0,640,360
6711,83404,83402270,11115,250,-1,-1,1,526,83.3,0,-1.0,0,0,0,640,360
6712,83414,83413375,11105,250,-1,-1,1,631,83.5,0,-1.0,0,0,0,640,360
6713,83425,83424487,11112,250,-1,-1,1,525,83.6,0,-1.0,0,0,0,640,360
6714,83436,83435590,11103,250,-1,-1,1,552,83.7,0,-1.0,0,0,0,640,360
6715,83448,83446700,11110,250,-1,-1,1,530,83.8,1,-1.0,0,0,0,640,360
6716,83459,83457809,11109,250,-1,-1,1,540,84.0,0,-1.0,0,0,0,640,360
6717,83470,83468922,11113,250,-1,-1,1,535,84.1,0,-1.0,0,0,0,640,360
6718,83481,83480030,11108,250,-1,-1,1,548,84.2,0,-1.0,0,0,0,640,360
6719,83492,83491143,11113,250,-1,-1,1,629,84.2,0,-1.0,0,0,0,640,360
6720,83504,83502251,11108,250,-1,-1,1,528,84.3,0,-1.0,0,0,0,640,360
6721,83514,83513359,11108,250,-1,-1,1,630,84.4,0,-1.0,0,0,0,640,360
6722,83525,83524471,11112,250,-1,-1,1,526,84.5,0,-1.0,0,0,0,640,360
6723,83536,83535574,11103,250,-1,-1,1,525,84.6,0,-1.0,0,0,0,640,360
6724,83547,83546683,11109,250,-1,-1,1,524,84.7,1,-1.0,0,0,0,640,360
6725,83559,83557798,11115,250,-1,-1,1,548,84.7,0,-1.0,0,0,0,640,360
6726,83570,83568904,11106,250,-1,-1,1,548,84.8,0,-1.0,0,0,0,640,360
6727,83581,83580017,11113,250,-1,-1,1,540,84.9,0,-1.0,0,0,0,640,360
6728,83592,83591124,11107,250,-1,-1,1,630,84.9,0,-1.0,0,0,0,640,360
6729,83604,83602231,11107,250,-1,-1,1,526,85.0,0,-1.0,0,0,0,640,360
6730,83614,83613342,11111,250,-1,-1,1,631,85.1,0,-1.0,0,0,0,640,360
6731,83625,83624456,11114,250,-1,-1,1,526,85.1,0,-1.0,0,0,0,640,360
6732,83636,83635554,11098,250,-1,-1,1,527,85.2,0,-1.0,0,0,0,640,360
6733,83648,83646666,11112,250,-1,-1,1,525,85.3,1,-1.0,0,0,0,640,360
6734,83659,83657782,11116,250,-1,-1,1,561,85.4,0,-1.0,0,0,0,640,360
6735,83670,83668889,11107,250,-1,-1,1,546,85.4,0,-1.0,0,0,0,640,360
6736,83681,83679997,11108,250,-1,-1,1,545,85.5,0,-1.0,0,0,0,640,360
6737,83692,83691109,11112,250,-1,-1,1,629,85.5,0,-1.0,0,0,0,640,360
6738,83704,83702215,11106,250,-1,-1,1,528,85.5,0,-1.0,0,0,0,640,360
6739,83714,83713328,11113,250,-1,-1,1,628,85.6,0,-1.0,0,0,0,640,360
6740,83725,83724434,11106,250,-1,-1,1,526,85.7,0,-1.0,0,0,0,640,360
6741,83736,83735542,11108,250,-1,-1,1,527,85.7,0,-1.0,0,0,0,640,360
6742,83748,83746648,11106,250,-1,-1,1,524,85.8,1,-1.0,0,0,0,640,360
6743,83759,83757761,11113,250,-1,-1,1,530,85.8,0,-1.0,0,0,0,640,360
6744,83770,83768867,11106,250,-1,-1,1,527,85.9,0,-1.0,0,0,0,640,360
6745,83781,83779979,11112,250,-1,-1,1,544,85.9,0,-1.0,0,0,0,640,360
6746,83792,83791090,11111,250,-1,-1,1,632,85.9,0,-1.0,0,0,0,640,360
6747,83831,83824400,33310,250,-1,-1,1,1014,25.6,0,-1.0,0,0,0,640,360
6748,83836,83835533,11133,250,-1,-1,1,528,45.5,0,-1.0,0,0,0,640,360
6749,83847,83846632,11099,250,-1,-1,1,527,54.5,0,-1.0,0,0,0,640,360
6750,83972,83857742,11110,250,-1,-1,1,609,22.2,0,-1.0,0,0,0,640,360
6751,83973,83968814,111072,250,-1,-1,1,597,27.8,1,-1.0,0,0,0,640,360
6752,83981,83979951,11137,250,-1,-1,1,629,31.7,0,-1.0,0,0,0,640,360
6753,83992,83991056,11105,250,-1,-1,1,523,35.2,0,-1.0,0,0,0,640,360
6754,84003,84002163,11107,250,-1,-1,1,524,37.9,0,-1.0,0,0,0,640,360
6755,84014,84013269,11106,250,-1,-1,1,526,40.5,0,-1.0,0,0,0,640,360
6756,84025,84024380,11111,250,-1,-1,1,628,42.9,0,-1.0,0,0,0,640,360
6757,84036,84035613,11233,250,-1,-1,1,545,45.1,0,-1.0,0,0,0,640,360
6758,84047,84046602,10989,250,-1,-1,1,546,47.1,0,-1.0,0,0,0,640,360
6759,84059,84057710,11108,250,-1,-1,1,544,48.9,0,-1.0,0,0,0,640,360
6760,84070,84068824,11114,250,-1,-1,1,631,50.5,1,-1.0,0,0,0,640,360
6761,84081,84079930,11106,250,-1,-1,1,525,52.1,0,-1.0,0,0,0,640,360
6762,84092,84091042,11112,250,-1,-1,1,628,53.3,0,-1.0,0,0,0,640,360
6763,84103,84102146,11104,250,-1,-1,1,526,54.7,0,-1.0,0,0,0,640,360
6764,84114,84113256,11110,250,-1,-1,1,537,55.9,0,-1.0,0,0,0,640,360
6765,84125,84124366,11110,250,-1,-1,1,539,57.1,0,-1.0,0,0,0,640,360
6766,84136,84135526,11160,250,-1,-1,1,631,58.1,0,-1.0,0,0,0,640,360
6767,84147,84146582,11056,250,-1,-1,1,528,59.2,0,-1.0,0,0,0,640,360
6768,84159,84157696,11114,250,-1,-1,1,629,60.1,0,-1.0,0,0,0,640,360
6769,84170,84168798,11102,250,-1,-1,1,527,60.8,1,-1.0,0,0,0,640,360
6770,84181,84179915,11117,250,-1,-1,1,546,61.9,0,-1.0,0,0,0,640,360
6771,84192,84191023,11108,250,-1,-1,1,546,62.7,0,-1.0,0,0,0,640,360
6772,84203,84202133,11110,250,-1,-1,1,569,63.3,0,-1.0,0,0,0,640,360
6773,84214,84213241,11108,250,-1,-1,1,632,64.0,0,-1.0,0,0,0,640,360
6774,84225,84224354,11113,250,-1,-1,1,627,64.7,0,-1.0,0,0,0,640,360
6775,84236,84235457,11103,250,-1,-1,1,631,65.3,0,-1.0,0,0,0,640,360
6776,84247,84246567,11110,250,-1,-1,1,528,65.9,0,-1.0,0,0,0,640,360
6777,84258,84257671,11104,250,-1,-1,1,528,66.5,0,-1.0,0,0,0,640,360
6778,84270,84268782,11111,250,-1,-1,1,528,67.1,1,-1.0,0,0,0,640,360
6779,84281,84279898,11116,250,-1,-1,1,537,67.6,0,-1.0,0,0,0,640,360
6780,84292,84291004,11106,250,-1,-1,1,531,68.1,0,-1.0,0,0,0,640,360
6781,84303,84302110,11106,250,-1,-1,1,545,68.5,0,-1.0,0,0,0,640,360
6782,84314,84313222,11112,250,-1,-1,1,626,69.0,0,-1.0,0,0,0,640,360
6783,84326,84324333,11111,250,-1,-1,1,527,69.4,0,-1.0,0,0,0,640,360
6784,84336,84335446,11113,250,-1,-1,1,627,69.9,0,-1.0,0,0,0,640,360
6785,84347,84346552,11106,250,-1,-1,1,525,70.3,0,-1.0,0,0,0,640,360
6786,84358,84357666,11114,250,-1,-1,1,525,70.7,0,-1.0,0,0,0,640,360
6787,84370,84368763,11097,250,-1,-1,1,525,71.1,1,-1.0,0,0,0,640,360
6788,84381,84379879,11116,250,-1,-1,1,546,71.4,0,-1.0,0,0,0,640,360
6789,84392,84390986,11107,250,-1,-1,1,544,71.8,0,-1.0,0,0,0,640,360
6790,84403,84402098,11112,250,-1,-1,1,544,72.1,0,-1.0,0,0,0,640,360
6791,84414,84413202,11104,250,-1,-1,1,630,72.3,0,-1.0,0,0,0,640,360
6792,84426,84424320,11118,250,-1,-1,1,525,72.7,0,-1.0,0,0,0,640,360
6793,84436,84435425,11105,250,-1,-1,1,629,73.0,0,-1.0,0,0,0,640,360
6794,84447,84446536,11111,250,-1,-1,1,529,73.3,0,-1.0,0,0,0,640,360
6795,84458,84457638,11102,250,-1,-1,1,527,73.6,0,-1.0,0,0,0,640,360
6796,84470,84468746,11108,250,-1,-1,1,524,73.9,1,-1.0,0,0,0,640,360
6797,84481,84479860,11114,250,-1,-1,1,545,74.1,0,-1.0,0,0,0,640,360
6798,84492,84490971,11111,250,-1,-1,1,545,74.4,0,-1.0,0,0,0,640,360
6799,84503,84502076,11105,250,-1,-1,1,527,74.6,0,-1.0,0,0,0,640,360
6800,84514,84513188,11112,250,-1,-1,1,630,74.8,0,-1.0,0,0,0,640,360
6801,84526,84524297,11109,250,-1,-1,1,524,75.0,0,-1.0,0,0,0,640,360
6802,84536,84535410,11113,250,-1,-1,1,626,75.3,0,-1.0,0,0,0,640,360
6803,84547,84546516,11106,250,-1,-1,1,527,75.5,0,-1.0,0,0,0,640,360
6804,84558,84557622,11106,250,-1,-1,1,524,75.7,0,-1.0,0,0,0,640,360
6805,84570,84568729,11107,250,-1,-1,1,524,75.9,1,-1.0,0,0,0,640,360
6806,84581,84579845,11116,250,-1,-1,1,528,76.1,0,-1.0,0,0,0,640,360
6807,84592,84590949,11104,250,-1,-1,1,547,76.3,0,-1.0,0,0,0,640,360
6808,84603,84602062,11113,250,-1,-1,1,546,76.5,0,-1.0,0,0,0,640,360
6809,84614,84613169,11107,250,-1,-1,1,633,76.6,0,-1.0,0,0,0,640,360
6810,84626,84624284,11115,250,-1,-1,1,527,76.8,0,-1.0,0,0,0,640,360
6811,84636,84635393,11109,250,-1,-1,1,627,77.0,0,-1.0,0,0,0,640,360
6812,84647,84646557,11164,250,-1,-1,1,524,77.2,0,-1.0,0,0,0,640,360
6813,84658,84657602,11045,250,-1,-1,1,528,77.4,0,-1.0,0,0,0,640,360
6814,84670,84668712,11110,250,-1,-1,1,525,77.5,1,-1.0,0,0,0,640,360
6815,84681,84679825,11113,250,-1,-1,1,538,77.7,0,-1.0,0,0,0,640,360
6816,84692,84690937,11112,250,-1,-1,1,534,77.9,0,-1.0,0,0,0,640,360
6817,84703,84702045,11108,250,-1,-1,1,544,77.9,0,-1.0,0,0,0,640,360
6818,84714,84713154,11109,250,-1,-1,1,629,78.1,0,-1.0,0,0,0,640,360
6819,84726,84724261,11107,250,-1,-1,1,528,78.2,0,-1.0,0,0,0,640,360
6820,84736,84735372,11111,250,-1,-1,1,643,78.4,0,-1.0,0,0,0,640,360
6821,84748,84746628,11256,250,-1,-1,1,525,78.5,0,-1.0,0,0,0,640,360
6822,84758,84757588,10960,250,-1,-1,1,525,78.7,0,-1.0,0,0,0,640,360
6823,84769,84768697,11109,250,-1,-1,1,525,78.8,1,-1.0,0,0,0,640,360
6824,84781,84779813,11116,250,-1,-1,1,546,78.9,0,-1.0,0,0,0,640,360
6825,84792,84790919,11106,250,-1,-1,1,540,79.1,0,-1.0,0,0,0,640,360
6826,84803,84802029,11110,250,-1,-1,1,536,79.2,0,-1.0,0,0,0,640,360
6827,84859,84857563,55534,250,-1,-1,1,581,17.9,0,-1.0,0,0,0,640,360
6828,84869,84868684,11121,250,-1,-1,1,527,29.9,0,-1.0,0,0,0,640,360
6829,84881,84879790,11106,250,-1,-1,1,528,38.5,0,-1.0,0,0,0,640,360
6830,84892,84890897,11107,250,-1,-1,1,526,44.9,0,-1.0,0,0,0,640,360
6831,84903,84902007,11110,250,-1,-1,1,524,50.0,0,-1.0,0,0,0,640,360
6832,84914,84913117,11110,250,-1,-1,1,526,54.1,1,-1.0,0,0,0,640,360
6833,84925,84924230,11113,250,-1,-1,1,543,56.9,0,-1.0,0,0,0,640,360
6834,84936,84935337,11107,250,-1,-1,1,543,59.7,0,-1.0,0,0,0,640,360
6835,84947,84946447,11110,250,-1,-1,1,544,62.1,0,-1.0,0,0,0,640,360
6836,84958,84957558,11111,250,-1,-1,1,629,64.1,0,-1.0,0,0,0,640,360
6837,84970,84968669,11111,250,-1,-1,1,526,65.9,0,-1.0,0,0,0,640,360
6838,84981,84979777,11108,250,-1,-1,1,605,67.4,0,-1.0,0,0,0,640,360
6839,84992,84990886,11109,250,-1,-1,1,525,68.8,0,-1.0,0,0,0,640,360
6840,85110,85001993,11107,250,-1,-1,1,716,45.5,0,-1.0,0,0,0,640,360
6841,85111,85101956,99963,250,-1,-1,1,606,48.5,1,-1.0,0,0,0,640,360
6842,85114,85113084,11128,250,-1,-1,1,628,51.3,0,-1.0,0,0,0,640,360
6843,85125,85124192,11108,250,-1,-1,1,547,52.6,0,-1.0,0,0,0,640,360
6844,85136,85135306,11114,250,-1,-1,1,525,53.9,0,-1.0,0,0,0,640,360
6845,85147,85146412,11106,250,-1,-1,1,525,55.1,0,-1.0,0,0,0,640,360
6846,85158,85157527,11115,250,-1,-1,1,631,56.2,0,-1.0,0,0,0,640,360
6847,85170,85168635,11108,250,-1,-1,1,526,57.2,0,-1.0,0,0,0,640,360
6848,85181,85179742,11107,250,-1,-1,1,545,58.2,0,-1.0,0,0,0,640,360
6849,85192,85190851,11109,250,-1,-1,1,545,59.1,0,-1.0,0,0,0,640,360
6850,85203,85201962,11111,250,-1,-1,1,526,60.0,1,-1.0,0,0,0,640,360
6851,85214,85213070,11108,250,-1,-1,1,630,60.7,0,-1.0,0,0,0,640,360
6852,85225,85224180,11110,250,-1,-1,1,628,61.5,0,-1.0,0,0,0,640,360
6853,85236,85235288,11108,250,-1,-1,1,627,62.2,0,-1.0,0,0,0,640,360
6854,85247,85246399,11111,250,-1,-1,1,532,62.9,0,-1.0,0,0,0,640,360
6855,85258,85257504,11105,250,-1,-1,1,527,63.6,0,-1.0,0,0,0,640,360
6856,85269,85268615,11111,250,-1,-1,1,543,64.2,0,-1.0,0,0,0,640,360
6857,85281,85279725,11110,250,-1,-1,1,628,64.9,0,-1.0,0,0,0,640,360
6858,85292,85290837,11112,250,-1,-1,1,526,65.4,0,-1.0,0,0,0,640,360
6859,85303,85301941,11104,250,-1,-1,1,631,65.9,1,-1.0,0,0,0,640,360
6860,85314,85313053,11112,250,-1,-1,1,623,66.4,0,-1.0,0,0,0,640,360
6861,85325,85324162,11109,250,-1,-1,1,546,66.9,0,-1.0,0,0,0,640,360
6862,85336,85335273,11111,250,-1,-1,1,549,67.4,0,-1.0,0,0,0,640,360
6863,85347,85346458,11185,250,-1,-1,1,629,67.9,0,-1.0,0,0,0,640,360
6864,85358,85357490,11032,250,-1,-1,1,628,68.3,0,-1.0,0,0,0,640,360
6865,85369,85368595,11105,250,-1,-1,1,629,68.8,0,-1.0,0,0,0,640,360
6866,85381,85379709,11114,250,-1,-1,1,526,69.1,0,-1.0,0,0,0,640,360
6867,85392,85390813,11104,250,-1,-1,1,525,69.6,0,-1.0,0,0,0,640,360
6868,85403,85401925,11112,250,-1,-1,1,524,70.0,1,-1.0,0,0,0,640,360
6869,85414,85413033,11108,250,-1,-1,1,528,70.4,0,-1.0,0,0,0,640,360
6870,85425,85424145,11112,250,-1,-1,1,528,70.7,0,-1.0,0,0,0,640,360
6871,85436,85435254,11109,250,-1,-1,1,546,71.0,0,-1.0,0,0,0,640,360
6872,85447,85446366,11112,250,-1,-1,1,632,71.3,0,-1.0,0,0,0,640,360
6873,85458,85457473,11107,250,-1,-1,1,526,71.6,0,-1.0,0,0,0,640,360
6874,85469,85468583,11110,250,-1,-1,1,634,72.0,0,-1.0,0,0,0,640,360
6875,85481,85479688,11105,250,-1,-1,1,529,72.3,0,-1.0,0,0,0,640,360
6876,85492,85490798,11110,250,-1,-1,1,526,72.6,0,-1.0,0,0,0,640,360
6877,85503,85501905,11107,250,-1,-1,1,526,72.9,1,-1.0,0,0,0,640,360
6878,85514,85513019,11114,250,-1,-1,1,534,73.1,0,-1.0,0,0,0,640,360
6879,85525,85524126,11107,250,-1,-1,1,549,73.3,0,-1.0,0,0,0,640,360
6880,85536,85535238,11112,250,-1,-1,1,527,73.6,0,-1.0,0,0,0,640,360
6881,85547,85546345,11107,250,-1,-1,1,627,73.8,0,-1.0,0,0,0,640,360
6882,85559,85557458,11113,250,-1,-1,1,528,74.1,0,-1.0,0,0,0,640,360
6883,85569,85568563,11105,250,-1,-1,1,634,74.3,0,-1.0,0,0,0,640,360
6884,85580,85579677,11114,250,-1,-1,1,525,74.6,0,-1.0,0,0,0,640,360
6885,85592,85590781,11104,250,-1,-1,1,525,74.8,0,-1.0,0,0,0,640,360
6886,85603,85601887,11106,250,-1,-1,1,526,75.0,1,-1.0,0,0,0,640,360
6887,85614,85612999,11112,250,-1,-1,1,545,75.2,0,-1.0,0,0,0,640,360
6888,85625,85624107,11108,250,-1,-1,1,543,75.4,0,-1.0,0,0,0,640,360
6889,85636,85635218,11111,250,-1,-1,1,529,75.5,0,-1.0,0,0,0,640,360
6890,85647,85646332,11114,250,-1,-1,1,635,75.7,0,-1.0,0,0,0,640,360
6891,85658,85657439,11107,250,-1,-1,1,525,75.9,0,-1.0,0,0,0,640,360
6892,85669,85668548,11109,250,-1,-1,1,631,76.1,0,-1.0,0,0,0,640,360
6893,85681,85679654,11106,250,-1,-1,1,595,76.3,0,-1.0,0,0,0,640,360
6894,85692,85690762,11108,250,-1,-1,1,525,76.5,0,-1.0,0,0,0,640,360
6895,85703,85701872,11110,250,-1,-1,1,525,76.7,1,-1.0,0,0,0,640,360
6896,85714,85712986,11114,250,-1,-1,1,544,76.8,0,-1.0,0,0,0,640,360
6897,85725,85724091,11105,250,-1,-1,1,545,77.0,0,-1.0,0,0,0,640,360
6898,85736,85735205,11114,250,-1,-1,1,548,77.1,0,-1.0,0,0,0,640,360
6899,85747,85746309,11104,250,-1,-1,1,631,77.2,0,-1.0,0,0,0,640,360
6900,85758,85757423,11114,250,-1,-1,1,525,77.4,0,-1.0,0,0,0,640,360
6901,85769,85768526,11103,250,-1,-1,1,619,77.6,0,-1.0,0,0,0,640,360
6902,85780,85779638,11112,250,-1,-1,1,525,77.7,0,-1.0,0,0,0,640,360
6903,85792,85790742,11104,250,-1,-1,1,527,77.9,0,-1.0,0,0,0,640,360
6904,85803,85801852,11110,250,-1,-1,1,524,78.0,1,-1.0,0,0,0,640,360
6905,85883,85879603,77751,250,-1,-1,1,526,12.7,0,-1.0,0,0,0,640,360
6906,85892,85890729,11126,250,-1,-1,1,528,22.7,0,-1.0,0,0,0,640,360
6907,85903,85901836,11107,250,-1,-1,1,527,30.3,0,-1.0,0,0,0,640,360
6908,85914,85912946,11110,250,-1,-1,1,526,36.4,0,-1.0,0,0,0,640,360
6909,85925,85924056,11110,250,-1,-1,1,528,41.3,0,-1.0,0,0,0,640,360
6910,85936,85935163,11107,250,-1,-1,1,528,45.1,0,-1.0,0,0,0,640,360
6911,85947,85946275,11112,250,-1,-1,1,527,48.6,0,-1.0,0,0,0,640,360
6912,85958,85957382,11107,250,-1,-1,1,524,51.6,0,-1.0,0,0,0,640,360
6913,85969,85968492,11110,250,-1,-1,1,523,54.2,1,-1.0,0,0,0,640,360
6914,85980,85979608,11116,250,-1,-1,1,547,56.5,0,-1.0,0,0,0,640,360
6915,85992,85990712,11104,250,-1,-1,1,544,58.5,0,-1.0,0,0,0,640,360
6916,86003,86001823,11111,250,-1,-1,1,545,60.3,0,-1.0,0,0,0,640,360
6917,86014,86012931,11108,250,-1,-1,1,631,61.9,0,-1.0,0,0,0,640,360
6918,86025,86024040,11109,250,-1,-1,1,527,63.3,0,-1.0,0,0,0,640,360
6919,86036,86035152,11112,250,-1,-1,1,630,64.4,0,-1.0,0,0,0,640,360
6920,86047,86046261,11109,250,-1,-1,1,610,65.6,0,-1.0,0,0,0,640,360
6921,86058,86057368,11107,250,-1,-1,1,527,66.7,0,-1.0,0,0,0,640,360
6922,86069,86068475,11107,250,-1,-1,1,527,67.7,1,-1.0,0,0,0,640,360
6923,86081,86079588,11113,250,-1,-1,1,545,68.6,0,-1.0,0,0,0,640,360
6924,86092,86090701,11113,250,-1,-1,1,545,69.4,0,-1.0,0,0,0,640,360
6925,86103,86101806,11105,250,-1,-1,1,527,70.2,0,-1.0,0,0,0,640,360
6926,86114,86112916,11110,250,-1,-1,1,632,71.0,0,-1.0,0,0,0,640,360
6927,86125,86124026,11110,250,-1,-1,1,526,71.7,0,-1.0,0,0,0,640,360
6928,86136,86135136,11110,250,-1,-1,1,626,72.1,0,-1.0,0,0,0,640,360
6929,86147,86146244,11108,250,-1,-1,1,523,72.7,0,-1.0,0,0,0,640,360
6930,86272,86157349,11105,250,-1,-1,1,608,55.4,0,-1.0,0,0,0,640,360
6931,86273,86268426,111077,250,-1,-1,1,601,57.4,1,-1.0,0,0,0,640,360
6932,86280,86279558,11132,250,-1,-1,1,631,58.7,0,-1.0,0,0,0,640,360
6933,86291,86290662,11104,250,-1,-1,1,526,59.4,0,-1.0,0,0,0,640,360
6934,86303,86301766,11104,250,-1,-1,1,526,60.1,0,-1.0,0,0,0,640,360
6935,86314,86312878,11112,250,-1,-1,1,525,60.8,0,-1.0,0,0,0,640,360
6936,86325,86323989,11111,250,-1,-1,1,523,61.4,0,-1.0,0,0,0,640,360
6937,86336,86335102,11113,250,-1,-1,1,626,61.9,0,-1.0,0,0,0,640,360
6938,86347,86346210,11108,250,-1,-1,1,544,62.5,0,-1.0,0,0,0,640,360
6939,86358,86357318,11108,250,-1,-1,1,527,63.1,0,-1.0,0,0,0,640,360
6940,86369,86368424,11106,250,-1,-1,1,548,63.6,1,-1.0,0,0,0,640,360
6941,86380,86379536,11112,250,-1,-1,1,630,64.1,0,-1.0,0,0,0,640,360
6942,86392,86390646,11110,250,-1,-1,1,523,64.6,0,-1.0,0,0,0,640,360
6943,86403,86401755,11109,250,-1,-1,1,604,65.1,0,-1.0,0,0,0,640,360
6944,86414,86412860,11105,250,-1,-1,1,526,65.6,0,-1.0,0,0,0,640,360
6945,86425,86423974,11114,250,-1,-1,1,547,66.0,0,-1.0,0,0,0,640,360
6946,86436,86435081,11107,250,-1,-1,1,546,66.4,0,-1.0,0,0,0,640,360
6947,86447,86446189,11108,250,-1,-1,1,544,66.8,0,-1.0,0,0,0,640,360
6948,86458,86457300,11111,250,-1,-1,1,634,67.2,0,-1.0,0,0,0,640,360
6949,86469,86468407,11107,250,-1,-1,1,632,67.6,1,-1.0,0,0,0,640,360
6950,86480,86479519,11112,250,-1,-1,1,605,67.9,0,-1.0,0,0,0,640,360
6951,86491,86490626,11107,250,-1,-1,1,545,68.3,0,-1.0,0,0,0,640,360
6952,86503,86501737,11111,250,-1,-1,1,546,68.7,0,-1.0,0,0,0,640,360
6953,86514,86512850,11113,250,-1,-1,1,545,69.0,0,-1.0,0,0,0,640,360
6954,86525,86523955,11105,250,-1,-1,1,625,69.3,0,-1.0,0,0,0,640,360
6955,86536,86535068,11113,250,-1,-1,1,524,69.7,0,-1.0,0,0,0,640,360
6956,86547,86546177,11109,250,-1,-1,1,629,69.9,0,-1.0,0,0,0,640,360
6957,86558,86557285,11108,250,-1,-1,1,526,70.2,0,-1.0,0,0,0,640,360
6958,86569,86568389,11104,250,-1,-1,1,524,70.5,1,-1.0,0,0,0,640,360
6959,86580,86579507,11118,250,-1,-1,1,547,70.8,0,-1.0,0,0,0,640,360
6960,86591,86590613,11106,250,-1,-1,1,545,71.1,0,-1.0,0,0,0,640,360
6961,86603,86601723,11110,250,-1,-1,1,545,71.3,0,-1.0,0,0,0,640,360
6962,86614,86612827,11104,250,-1,-1,1,623,71.6,0,-1.0,0,0,0,640,360
6963,86625,86623938,11111,250,-1,-1,1,528,71.9,0,-1.0,0,0,0,640,360
6964,86636,86635047,11109,250,-1,-1,1,631,72.0,0,-1.0,0,0,0,640,360
6965,86647,86646159,11112,250,-1,-1,1,526,72.3,0,-1.0,0,0,0,640,360
6966,86658,86657264,11105,250,-1,-1,1,526,72.5,0,-1.0,0,0,0,640,360
6967,86669,86668377,11113,250,-1,-1,1,527,72.7,1,-1.0,0,0,0,640,360
6968,86680,86679485,11108,250,-1,-1,1,528,73.0,0,-1.0,0,0,0,640,360
6969,86691,86690597,11112,250,-1,-1,1,529,73.2,0,-1.0,0,0,0,640,360
6970,86703,86701703,11106,250,-1,-1,1,546,73.4,0,-1.0,0,0,0,640,360
6971,86714,86712816,11113,250,-1,-1,1,630,73.6,0,-1.0,0,0,0,640,360
6972,86725,86723922,11106,250,-1,-1,1,526,73.8,0,-1.0,0,0,0,640,360
6973,86736,86735036,11114,250,-1,-1,1,629,74.0,0,-1.0,0,0,0,640,360
6974,86747,86746143,11107,250,-1,-1,1,604,74.2,0,-1.0,0,0,0,640,360
6975,86758,86757249,11106,250,-1,-1,1,525,74.3,0,-1.0,0,0,0,640,360
6976,86769,86768355,11106,250,-1,-1,1,528,74.5,1,-1.0,0,0,0,640,360
6977,86780,86779468,11113,250,-1,-1,1,548,74.7,0,-1.0,0,0,0,640,360
6978,86791,86790575,11107,250,-1,-1,1,533,74.9,0,-1.0,0,0,0,640,360
6979,86803,86801687,11112,250,-1,-1,1,545,75.1,0,-1.0,0,0,0,640,360
6980,86814,86812795,11108,250,-1,-1,1,631,75.2,0,-1.0,0,0,0,640,360
6981,86856,86846105,33310,250,-1,-1,1,2713,22.2,0,-1.0,0,0,0,640,360
6982,86859,86857339,11234,250,-1,-1,1,522,44.4,0,-1.0,0,0,0,640,360
6983,86869,86868345,11006,250,-1,-1,1,525,53.6,0,-1.0,0,0,0,640,360
6984,86880,86879445,11100,250,-1,-1,1,525,59.7,0,-1.0,0,0,0,640,360
6985,86891,86890558,11113,250,-1,-1,1,527,64.1,1,-1.0,0,0,0,640,360
6986,86903,86901672,11114,250,-1,-1,1,547,67.4,0,-1.0,0,0,0,640,360
6987,86914,86912777,11105,250,-1,-1,1,542,70.0,0,-1.0,0,0,0,640,360
6988,86925,86923888,11111,250,-1,-1,1,538,72.1,0,-1.0,0,0,0,640,360
6989,86936,86934995,11107,250,-1,-1,1,638,73.2,0,-1.0,0,0,0,640,360
6990,86947,86946104,11109,250,-1,-1,1,526,75.2,0,-1.0,0,0,0,640,360
6991,86958,86957214,11110,250,-1,-1,1,631,75.9,0,-1.0,0,0,0,640,360
6992,86969,86968322,11108,250,-1,-1,1,525,76.9,0,-1.0,0,0,0,640,360
6993,86980,86979434,11112,250,-1,-1,1,524,77.8,0,-1.0,0,0,0,640,360
6994,86991,86990540,11106,250,-1,-1,1,525,78.7,1,-1.0,0,0,0,640,360
6995,87002,87001655,11115,250,-1,-1,1,546,79.4,0,-1.0,0,0,0,640,360
6996,87014,87012765,11110,250,-1,-1,1,545,80.0,0,-1.0,0,0,0,640,360
6997,87025,87023871,11106,250,-1,-1,1,543,80.6,0,-1.0,0,0,0,640,360
6998,87036,87034978,11107,250,-1,-1,1,629,81.1,0,-1.0,0,0,0,640,360
6999,87047,87046096,11118,250,-1,-1,1,525,81.5,0,-1.0,0,0,0,640,360
7000,87058,87057197,11101,250,-1,-1,1,627,81.6,0,-1.0,0,0,0,640,360
7001,87069,87068308,11111,250,-1,-1,1,525,82.0,0,-1.0,0,0,0,640,360
7002,87080,87079410,11102,250,-1,-1,1,526,82.4,0,-1.0,0,0,0,640,360
7003,87091,87090525,11115,250,-1,-1,1,525,82.7,1,-1.0,0,0,0,640,360
7004,87102,87101634,11109,250,-1,-1,1,546,83.0,0,-1.0,0,0,0,640,360
7005,87114,87112746,11112,250,-1,-1,1,546,83.3,0,-1.0,0,0,0,640,360
7006,87125,87123851,11105,250,-1,-1,1,546,83.6,0,-1.0,0,0,0,640,360
7007,87136,87134964,11113,250,-1,-1,1,633,83.6,0,-1.0,0,0,0,640,360
7008,87147,87146072,11108,250,-1,-1,1,527,84.1,0,-1.0,0,0,0,640,360
7009,87158,87157185,11113,250,-1,-1,1,599,84.1,0,-1.0,0,0,0,640,360
7010,87169,87168290,11105,250,-1,-1,1,529,84.3,0,-1.0,0,0,0,640,360
7011,87180,87179400,11110,250,-1,-1,1,527,84.5,0,-1.0,0,0,0,640,360
7012,87191,87190505,11105,250,-1,-1,1,527,84.7,1,-1.0,0,0,0,640,360
7013,87202,87201620,11115,250,-1,-1,1,545,84.8,0,-1.0,0,0,0,640,360
7014,87214,87212726,11106,250,-1,-1,1,545,85.0,0,-1.0,0,0,0,640,360
7015,87225,87223837,11111,250,-1,-1,1,545,85.2,0,-1.0,0,0,0,640,360
7016,87236,87234949,11112,250,-1,-1,1,635,85.3,0,-1.0,0,0,0,640,360
7017,87247,87246057,11108,250,-1,-1,1,526,85.5,0,-1.0,0,0,0,640,360
7018,87258,87257167,11110,250,-1,-1,1,628,85.4,0,-1.0,0,0,0,640,360
7019,87269,87268275,11108,250,-1,-1,1,527,85.5,0,-1.0,0,0,0,640,360
7020,87329,87279377,11102,250,-1,-1,1,607,77.7,0,-1.0,0,0,0,640,360
7021,87330,87323805,44428,250,-1,-1,1,637,79.5,1,-1.0,0,0,0,640,360
7022,87336,87334941,11136,250,-1,-1,1,627,80.5,0,-1.0,0,0,0,640,360
7023,87347,87346040,11099,250,-1,-1,1,525,80.7,0,-1.0,0,0,0,640,360
7024,87358,87357146,11106,250,-1,-1,1,525,80.7,0,-1.0,0,0,0,640,360
7025,87369,87368254,11108,250,-1,-1,1,526,80.9,0,-1.0,0,0,0,640,360
7026,87380,87379368,11114,250,-1,-1,1,632,81.1,0,-1.0,0,0,0,640,360
7027,87391,87390474,11106,250,-1,-1,1,527,81.3,0,-1.0,0,0,0,640,360
7028,87402,87401584,11110,250,-1,-1,1,534,81.5,0,-1.0,0,0,0,640,360
7029,87414,87412692,11108,250,-1,-1,1,530,81.7,0,-1.0,0,0,0,640,360
7030,87425,87423803,11111,250,-1,-1,1,630,81.8,1,-1.0,0,0,0,640,360
7031,87436,87434914,11111,250,-1,-1,1,626,82.0,0,-1.0,0,0,0,640,360
7032,87447,87446022,11108,250,-1,-1,1,629,82.0,0,-1.0,0,0,0,640,360
7033,87458,87457129,11107,250,-1,-1,1,526,82.3,0,-1.0,0,0,0,640,360
7034,87469,87468239,11110,250,-1,-1,1,547,82.3,0,-1.0,0,0,0,640,360
7035,87480,87479350,11111,250,-1,-1,1,542,82.5,0,-1.0,0,0,0,640,360
7036,87491,87490460,11110,250,-1,-1,1,545,82.6,0,-1.0,0,0,0,640,360
7037,87502,87501566,11106,250,-1,-1,1,630,82.7,0,-1.0,0,0,0,640,360
7038,87514,87512679,11113,250,-1,-1,1,631,82.9,0,-1.0,0,0,0,640,360
7039,87525,87523785,11106,250,-1,-1,1,606,83.0,1,-1.0,0,0,0,640,360
7040,87536,87534896,11111,250,-1,-1,1,543,83.1,0,-1.0,0,0,0,640,360
7041,87547,87546003,11107,250,-1,-1,1,523,83.2,0,-1.0,0,0,0,640,360
7042,87558,87557113,11110,250,-1,-1,1,531,83.3,0,-1.0,0,0,0,640,360
7043,87569,87568223,11110,250,-1,-1,1,628,83.3,0,-1.0,0,0,0,640,360
7044,87581,87579329,11106,250,-1,-1,1,527,83.4,0,-1.0,0,0,0,640,360
7045,87591,87590440,11111,250,-1,-1,1,629,83.5,0,-1.0,0,0,0,640,360
7046,87602,87601631,11191,250,-1,-1,1,525,83.7,0,-1.0,0,0,0,640,360
7047,87614,87612656,11025,250,-1,-1,1,525,83.8,0,-1.0,0,0,0,640,360
7048,87625,87623768,11112,250,-1,-1,1,524,83.8,1,-1.0,0,0,0,640,360
7049,87636,87634879,11111,250,-1,-1,1,547,83.9,0,-1.0,0,0,0,640,360
7050,87647,87645988,11109,250,-1,-1,1,543,84.0,0,-1.0,0,0,0,640,360
7051,87658,87657092,11104,250,-1,-1,1,541,84.1,0,-1.0,0,0,0,640,360
7052,87669,87668208,11116,250,-1,-1,1,631,84.1,0,-1.0,0,0,0,640,360
7053,87680,87679314,11106,250,-1,-1,1,526,84.2,0,-1.0,0,0,0,640,360
7054,87691,87690427,11113,250,-1,-1,1,605,84.3,0,-1.0,0,0,0,640,360
7055,87702,87701532,11105,250,-1,-1,1,529,84.4,0,-1.0,0,0,0,640,360
7056,87714,87712642,11110,250,-1,-1,1,523,84.4,0,-1.0,0,0,0,640,360
7057,87725,87723749,11107,250,-1,-1,1,523,84.5,1,-1.0,0,0,0,640,360
7058,87736,87734864,11115,250,-1,-1,1,545,84.6,0,-1.0,0,0,0,640,360
7059,87747,87745969,11105,250,-1,-1,1,527,84.7,0,-1.0,0,0,0,640,360
7060,87758,87757080,11111,250,-1,-1,1,546,84.7,0,-1.0,0,0,0,640,360
7061,87769,87768188,11108,250,-1,-1,1,626,84.7,0,-1.0,0,0,0,640,360
7062,87780,87779297,11109,250,-1,-1,1,527,84.8,0,-1.0,0,0,0,640,360
7063,87791,87790410,11113,250,-1,-1,1,631,84.9,0,-1.0,0,0,0,640,360
7064,87803,87801521,11111,250,-1,-1,1,525,84.9,0,-1.0,0,0,0,640,360
7065,87814,87812623,11102,250,-1,-1,1,528,85.0,0,-1.0,0,0,0,640,360
7066,87825,87823732,11109,250,-1,-1,1,526,90.9,1,-1.0,0,0,0,640,360
7067,87836,87834845,11113,250,-1,-1,1,545,90.9,0,-1.0,0,0,0,640,360
7068,87847,87845951,11106,250,-1,-1,1,525,90.9,0,-1.0,0,0,0,640,360
7069,87858,87857060,11109,250,-1,-1,1,629,88.9,0,-1.0,0,0,0,640,360
7070,87869,87868173,11113,250,-1,-1,1,628,89.3,0,-1.0,0,0,0,640,360
7071,87880,87879280,11107,250,-1,-1,1,628,89.6,0,-1.0,0,0,0,640,360
7072,87891,87890392,11112,250,-1,-1,1,606,89.7,0,-1.0,0,0,0,640,360
7073,87902,87901496,11104,250,-1,-1,1,524,89.9,0,-1.0,0,0,0,640,360
7074,87913,87912605,11109,250,-1,-1,1,526,90.0,0,-1.0,0,0,0,640,360
7075,87924,87923713,11108,250,-1,-1,1,525,90.1,1,-1.0,0,0,0,640,360
7076,87936,87934828,11115,250,-1,-1,1,541,90.2,0,-1.0,0,0,0,640,360
7077,87947,87945934,11106,250,-1,-1,1,579,90.2,0,-1.0,0,0,0,640,360
7078,87958,87957043,11109,250,-1,-1,1,529,90.3,0,-1.0,0,0,0,640,360
7079,87969,87968153,11110,250,-1,-1,1,629,89.7,0,-1.0,0,0,0,640,360
7080,87980,87979265,11112,250,-1,-1,1,524,89.8,0,-1.0,0,0,0,640,360
7081,87991,87990374,11109,250,-1,-1,1,631,89.9,0,-1.0,0,0,0,640,360
7082,88002,88001487,11113,250,-1,-1,1,596,89.9,0,-1.0,0,0,0,640,360
7083,88013,88012588,11101,250,-1,-1,1,525,90.0,0,-1.0,0,0,0,640,360
7084,88024,88023694,11106,250,-1,-1,1,524,90.0,1,-1.0,0,0,0,640,360
7085,88036,88034810,11116,250,-1,-1,1,544,90.1,0,-1.0,0,0,0,640,360
7086,88047,88045919,11109,250,-1,-1,1,593,90.1,0,-1.0,0,0,0,640,360
7087,88058,88057028,11109,250,-1,-1,1,544,90.2,0,-1.0,0,0,0,640,360
7088,88069,88068140,11112,250,-1,-1,1,630,89.8,0,-1.0,0,0,0,640,360
7089,88080,88079245,11105,250,-1,-1,1,525,89.9,0,-1.0,0,0,0,640,360
7090,88091,88090359,11114,250,-1,-1,1,628,89.9,0,-1.0,0,0,0,640,360
7091,88102,88101465,11106,250,-1,-1,1,592,90.0,0,-1.0,0,0,0,640,360
7092,88113,88112572,11107,250,-1,-1,1,525,90.0,0,-1.0,0,0,0,640,360
7093,88125,88123680,11108,250,-1,-1,1,525,90.0,1,-1.0,0,0,0,640,360
7094,88136,88134793,11113,250,-1,-1,1,546,90.1,0,-1.0,0,0,0,640,360
7095,88147,88145904,11111,250,-1,-1,1,592,90.1,0,-1.0,0,0,0,640,360
7096,88158,88157009,11105,250,-1,-1,1,545,90.1,0,-1.0,0,0,0,640,360
7097,88169,88168118,11109,250,-1,-1,1,634,89.9,0,-1.0,0,0,0,640,360
7098,88180,88179232,11114,250,-1,-1,1,527,89.9,0,-1.0,0,0,0,640,360
7099,88191,88190339,11107,250,-1,-1,1,628,89.9,0,-1.0,0,0,0,640,360
7100,88202,88201451,11112,250,-1,-1,1,525,90.0,0,-1.0,0,0,0,640,360
7101,88213,88212554,11103,250,-1,-1,1,527,90.0,0,-1.0,0,0,0,640,360
7102,88224,88223664,11110,250,-1,-1,1,525,90.0,1,-1.0,0,0,0,640,360
7103,88236,88234774,11110,250,-1,-1,1,548,90.0,0,-1.0,0,0,0,640,360
7104,88247,88245888,11114,250,-1,-1,1,546,90.1,0,-1.0,0,0,0,640,360
7105,88258,88256992,11104,250,-1,-1,1,524,90.1,0,-1.0,0,0,0,640,360
7106,88269,88268107,11115,250,-1,-1,1,628,89.9,0,-1.0,0,0,0,640,360
7107,88280,88279211,11104,250,-1,-1,1,527,89.9,0,-1.0,0,0,0,640,360
7108,88291,88290322,11111,250,-1,-1,1,629,90.0,0,-1.0,0,0,0,640,360
7109,88302,88301428,11106,250,-1,-1,1,525,90.0,0,-1.0,0,0,0,640,360
7110,88377,88312541,11113,250,-1,-1,1,634,79.9,0,-1.0,0,0,0,640,360
7111,88378,88368064,55523,250,-1,-1,1,785,81.6,1,-1.0,0,0,0,640,360
7112,88381,88379194,11130,250,-1,-1,1,631,82.9,0,-1.0,0,0,0,640,360
7113,88391,88390304,11110,250,-1,-1,1,590,83.0,0,-1.0,0,0,0,640,360
7114,88402,88401416,11112,250,-1,-1,1,525,83.2,0,-1.0,0,0,0,640,360
7115,88413,88412523,11107,250,-1,-1,1,527,83.3,0,-1.0,0,0,0,640,360
7116,88424,88423634,11111,250,-1,-1,1,626,83.5,0,-1.0,0,0,0,640,360
7117,88436,88434740,11106,250,-1,-1,1,527,83.6,0,-1.0,0,0,0,640,360
7118,88447,88445851,11111,250,-1,-1,1,541,83.7,0,-1.0,0,0,0,640,360
7119,88458,88456957,11106,250,-1,-1,1,532,83.9,0,-1.0,0,0,0,640,360
7120,88469,88468068,11111,250,-1,-1,1,531,84.0,1,-1.0,0,0,0,640,360
7121,88480,88479179,11111,250,-1,-1,1,625,84.0,0,-1.0,0,0,0,640,360
7122,88491,88490289,11110,250,-1,-1,1,526,84.1,0,-1.0,0,0,0,640,360
7123,88502,88501398,11109,250,-1,-1,1,606,84.2,0,-1.0,0,0,0,640,360
7124,88513,88512505,11107,250,-1,-1,1,545,84.3,0,-1.0,0,0,0,640,360
7125,88524,88523617,11112,250,-1,-1,1,527,84.4,0,-1.0,0,0,0,640,360
7126,88536,88534722,11105,250,-1,-1,1,545,84.5,0,-1.0,0,0,0,640,360
7127,88547,88545832,11110,250,-1,-1,1,628,84.6,0,-1.0,0,0,0,640,360
7128,88558,88556946,11114,250,-1,-1,1,525,84.7,0,-1.0,0,0,0,640,360
7129,88569,88568053,11107,250,-1,-1,1,629,84.7,1,-1.0,0,0,0,640,360
7130,88580,88579167,11114,250,-1,-1,1,528,84.7,0,-1.0,0,0,0,640,360
7131,88591,88590269,11102,250,-1,-1,1,540,84.8,0,-1.0,0,0,0,640,360
7132,88602,88601378,11109,250,-1,-1,1,538,84.9,0,-1.0,0,0,0,640,360
7133,88613,88612490,11112,250,-1,-1,1,629,85.0,0,-1.0,0,0,0,640,360
7134,88624,88623600,11110,250,-1,-1,1,630,85.1,0,-1.0,0,0,0,640,360
7135,88636,88634703,11103,250,-1,-1,1,628,85.2,0,-1.0,0,0,0,640,360
7136,88647,88645818,11115,250,-1,-1,1,523,85.2,0,-1.0,0,0,0,640,360
7137,88658,88656922,11104,250,-1,-1,1,523,85.3,0,-1.0,0,0,0,640,360
7138,88669,88668032,11110,250,-1,-1,1,525,85.4,1,-1.0,0,0,0,640,360
7139,88680,88679147,11115,250,-1,-1,1,546,85.4,0,-1.0,0,0,0,640,360
7140,88691,88690255,11108,250,-1,-1,1,549,85.4,0,-1.0,0,0,0,640,360
7141,88702,88701361,11106,250,-1,-1,1,528,85.5,0,-1.0,0,0,0,640,360
7142,88713,88712472,11111,250,-1,-1,1,633,85.6,0,-1.0,0,0,0,640,360
7143,88724,88723582,11110,250,-1,-1,1,527,85.6,0,-1.0,0,0,0,640,360
7144,88736,88734693,11111,250,-1,-1,1,628,85.7,0,-1.0,0,0,0,640,360
7145,88747,88745799,11106,250,-1,-1,1,600,85.7,0,-1.0,0,0,0,640,360
7146,88758,88756907,11108,250,-1,-1,1,527,85.8,0,-1.0,0,0,0,640,360
7147,88769,88768010,11103,250,-1,-1,1,525,85.9,1,-1.0,0,0,0,640,360
7148,88780,88779134,11124,250,-1,-1,1,544,85.8,0,-1.0,0,0,0,640,360
7149,88791,88790236,11102,250,-1,-1,1,543,85.9,0,-1.0,0,0,0,640,360
7150,88802,88801346,11110,250,-1,-1,1,547,85.9,0,-1.0,0,0,0,640,360
7151,88813,88812457,11111,250,-1,-1,1,628,86.0,0,-1.0,0,0,0,640,360
7152,88856,88845771,33314,250,-1,-1,1,2198,22.7,0,-1.0,0,0,0,640,360
7153,88858,88857041,11270,250,-1,-1,1,520,44.4,0,-1.0,0,0,0,640,360
7154,88869,88867997,10956,250,-1,-1,1,526,54.5,0,-1.0,0,0,0,640,360
7155,88880,88879104,11107,250,-1,-1,1,528,60.6,0,-1.0,0,0,0,640,360
7156,88891,88890214,11110,250,-1,-1,1,527,64.1,1,-1.0,0,0,0,640,360
7157,88902,88901325,11111,250,-1,-1,1,543,67.4,0,-1.0,0,0,0,640,360
7158,88913,88912441,11116,250,-1,-1,1,545,70.0,0,-1.0,0,0,0,640,360
7159,88924,88923546,11105,250,-1,-1,1,527,72.1,0,-1.0,0,0,0,640,360
7160,88936,88934661,11115,250,-1,-1,1,629,73.8,0,-1.0,0,0,0,640,360
7161,88947,88945765,11104,250,-1,-1,1,524,75.2,0,-1.0,0,0,0,640,360
7162,88958,88956879,11114,250,-1,-1,1,633,76.4,0,-1.0,0,0,0,640,360
7163,88969,88967982,11103,250,-1,-1,1,527,77.4,0,-1.0,0,0,0,640,360
7164,88980,88979091,11109,250,-1,-1,1,524,78.3,0,-1.0,0,0,0,640,360
7165,88991,88990197,11106,250,-1,-1,1,525,78.7,1,-1.0,0,0,0,640,360
7166,89002,89001313,11116,250,-1,-1,1,530,79.4,0,-1.0,0,0,0,640,360
7167,89013,89012421,11108,250,-1,-1,1,528,80.0,0,-1.0,0,0,0,640,360
7168,89024,89023530,11109,250,-1,-1,1,529,80.6,0,-1.0,0,0,0,640,360
7169,89035,89034636,11106,250,-1,-1,1,626,81.1,0,-1.0,0,0,0,640,360
7170,89047,89045751,11115,250,-1,-1,1,525,81.5,0,-1.0,0,0,0,640,360
7171,89058,89056856,11105,250,-1,-1,1,628,82.0,0,-1.0,0,0,0,640,360
7172,89069,89067969,11113,250,-1,-1,1,606,82.4,0,-1.0,0,0,0,640,360
7173,89080,89079076,11107,250,-1,-1,1,523,82.7,0,-1.0,0,0,0,640,360
7174,89091,89090182,11106,250,-1,-1,1,524,83.0,1,-1.0,0,0,0,640,360
7175,89102,89101294,11112,250,-1,-1,1,545,83.0,0,-1.0,0,0,0,640,360
7176,89113,89112402,11108,250,-1,-1,1,546,83.3,0,-1.0,0,0,0,640,360
7177,89124,89123509,11107,250,-1,-1,1,544,83.6,0,-1.0,0,0,0,640,360
7178,89135,89134620,11111,250,-1,-1,1,656,83.9,0,-1.0,0,0,0,640,360
7179,89147,89145730,11110,250,-1,-1,1,525,84.1,0,-1.0,0,0,0,640,360
7180,89158,89156843,11113,250,-1,-1,1,629,84.3,0,-1.0,0,0,0,640,360
7181,89169,89167951,11108,250,-1,-1,1,594,84.5,0,-1.0,0,0,0,640,360
7182,89180,89179059,11108,250,-1,-1,1,526,84.7,0,-1.0,0,0,0,640,360
7183,89191,89190168,11109,250,-1,-1,1,524,84.7,1,-1.0,0,0,0,640,360
7184,89202,89201281,11113,250,-1,-1,1,546,84.8,0,-1.0,0,0,0,640,360
7185,89213,89212384,11103,250,-1,-1,1,544,85.0,0,-1.0,0,0,0,640,360
7186,89224,89223498,11114,250,-1,-1,1,548,85.2,0,-1.0,0,0,0,640,360
7187,89236,89234605,11107,250,-1,-1,1,630,85.3,0,-1.0,0,0,0,640,360
7188,89247,89245717,11112,250,-1,-1,1,527,85.5,0,-1.0,0,0,0,640,360
7189,89258,89256823,11106,250,-1,-1,1,627,85.6,0,-1.0,0,0,0,640,360
7190,89269,89267931,11108,250,-1,-1,1,594,85.7,0,-1.0,0,0,0,640,360
7191,89280,89279036,11105,250,-1,-1,1,526,85.8,0,-1.0,0,0,0,640,360
7192,89291,89290146,11110,250,-1,-1,1,527,86.0,1,-1.0,0,0,0,640,360
7193,89302,89301259,11113,250,-1,-1,1,528,85.9,0,-1.0,0,0,0,640,360
7194,89313,89312367,11108,250,-1,-1,1,548,86.0,0,-1.0,0,0,0,640,360
7195,89324,89323477,11110,250,-1,-1,1,545,86.1,0,-1.0,0,0,0,640,360
7196,89335,89334590,11113,250,-1,-1,1,633,86.2,0,-1.0,0,0,0,640,360
7197,89347,89345699,11109,250,-1,-1,1,525,86.3,0,-1.0,0,0,0,640,360
7198,89358,89356808,11109,250,-1,-1,1,629,86.4,0,-1.0,0,0,0,640,360
7199,89369,89367916,11108,250,-1,-1,1,527,86.3,0,-1.0,0,0,0,640,360
7200,89454,89379025,11109,250,-1,-1,1,635,76.4,0,-1.0,0,0,0,640,360
7201,89455,89445663,66638,250,-1,-1,1,776,77.9,1,-1.0,0,0,0,640,360
7202,89458,89456780,11117,250,-1,-1,1,626,79.1,0,-1.0,0,0,0,640,360
7203,89469,89467901,11121,250,-1,-1,1,634,79.4,0,-1.0,0,0,0,640,360
7204,89480,89479005,11104,250,-1,-1,1,524,79.6,0,-1.0,0,0,0,640,360
7205,89491,89490115,11110,250,-1,-1,1,526,79.8,0,-1.0,0,0,0,640,360
7206,89502,89501223,11108,250,-1,-1,1,630,79.8,0,-1.0,0,0,0,640,360
7207,89513,89512335,11112,250,-1,-1,1,603,80.0,0,-1.0,0,0,0,640,360
7208,89524,89523445,11110,250,-1,-1,1,543,80.2,0,-1.0,0,0,0,640,360
7209,89535,89534557,11112,250,-1,-1,1,527,80.3,0,-1.0,0,0,0,640,360
7210,89546,89545664,11107,250,-1,-1,1,531,80.5,1,-1.0,0,0,0,640,360
7211,89558,89556773,11109,250,-1,-1,1,630,80.6,0,-1.0,0,0,0,640,360
7212,89569,89567877,11104,250,-1,-1,1,527,80.8,0,-1.0,0,0,0,640,360
7213,89580,89578993,11116,250,-1,-1,1,630,80.9,0,-1.0,0,0,0,640,360
7214,89591,89590098,11105,250,-1,-1,1,528,81.1,0,-1.0,0,0,0,640,360
7215,89602,89601209,11111,250,-1,-1,1,544,81.1,0,-1.0,0,0,0,640,360
7216,89613,89612320,11111,250,-1,-1,1,528,81.2,0,-1.0,0,0,0,640,360
7217,89624,89623425,11105,250,-1,-1,1,638,81.4,0,-1.0,0,0,0,640,360
7218,89635,89634536,11111,250,-1,-1,1,632,81.5,0,-1.0,0,0,0,640,360
7219,89646,89645650,11114,250,-1,-1,1,631,81.6,1,-1.0,0,0,0,640,360
7220,89658,89656755,11105,250,-1,-1,1,606,81.8,0,-1.0,0,0,0,640,360
7221,89669,89667866,11111,250,-1,-1,1,541,81.9,0,-1.0,0,0,0,640,360
7222,89680,89678973,11107,250,-1,-1,1,537,82.0,0,-1.0,0,0,0,640,360
7223,89691,89690084,11111,250,-1,-1,1,532,82.1,0,-1.0,0,0,0,640,360
7224,89702,89701192,11108,250,-1,-1,1,629,82.1,0,-1.0,0,0,0,640,360
7225,89713,89712302,11110,250,-1,-1,1,525,82.2,0,-1.0,0,0,0,640,360
7226,89724,89723408,11106,250,-1,-1,1,632,82.3,0,-1.0,0,0,0,640,360
7227,89735,89734525,11117,250,-1,-1,1,528,82.4,0,-1.0,0,0,0,640,360
7228,89747,89745625,11100,250,-1,-1,1,524,82.5,1,-1.0,0,0,0,640,360
7229,89758,89756742,11117,250,-1,-1,1,544,82.6,0,-1.0,0,0,0,640,360
7230,89769,89767846,11104,250,-1,-1,1,544,82.7,0,-1.0,0,0,0,640,360
7231,89780,89778958,11112,250,-1,-1,1,544,82.8,0,-1.0,0,0,0,640,360
7232,89791,89790065,11107,250,-1,-1,1,634,82.8,0,-1.0,0,0,0,640,360
7233,89802,89801176,11111,250,-1,-1,1,525,82.9,0,-1.0,0,0,0,640,360
7234,89813,89812285,11109,250,-1,-1,1,628,83.0,0,-1.0,0,0,0,640,360
7235,89832,89823392,11107,250,-1,-1,1,529,52.6,0,-1.0,0,0,0,640,360
7236,89835,89834492,11100,250,-1,-1,1,526,90.9,0,-1.0,0,0,0,640,360
7237,89846,89845611,11119,250,-1,-1,1,525,90.9,1,-1.0,0,0,0,640,360
7238,89858,89856721,11110,250,-1,-1,1,531,90.9,0,-1.0,0,0,0,640,360
7239,89869,89867832,11111,250,-1,-1,1,564,90.9,0,-1.0,0,0,0,640,360
7240,89880,89878939,11107,250,-1,-1,1,546,90.9,0,-1.0,0,0,0,640,360
7241,89891,89890052,11113,250,-1,-1,1,629,90.9,0,-1.0,0,0,0,640,360
7242,89902,89901158,11106,250,-1,-1,1,525,89.9,0,-1.0,0,0,0,640,360
7243,89913,89912270,11112,250,-1,-1,1,630,90.0,0,-1.0,0,0,0,640,360
7244,89924,89923376,11106,250,-1,-1,1,538,90.1,0,-1.0,0,0,0,640,360
7245,89935,89934486,11110,250,-1,-1,1,525,90.2,0,-1.0,0,0,0,640,360
7246,89946,89945589,11103,250,-1,-1,1,525,90.2,1,-1.0,0,0,0,640,360
7247,89958,89956704,11115,250,-1,-1,1,542,90.3,0,-1.0,0,0,0,640,360
7248,89969,89967811,11107,250,-1,-1,1,543,90.3,0,-1.0,0,0,0,640,360
7249,89980,89978923,11112,250,-1,-1,1,528,90.4,0,-1.0,0,0,0,640,360
7250,89991,89990028,11105,250,-1,-1,1,633,90.4,0,-1.0,0,0,0,640,360
7251,90002,90001144,11116,250,-1,-1,1,526,89.9,0,-1.0,0,0,0,640,360
7252,90013,90012250,11106,250,-1,-1,1,628,90.0,0,-1.0,0,0,0,640,360
7253,90024,90023364,11114,250,-1,-1,1,525,90.0,0,-1.0,0,0,0,640,360
7254,90035,90034467,11103,250,-1,-1,1,526,90.1,0,-1.0,0,0,0,640,360
7255,90046,90045575,11108,250,-1,-1,1,524,90.1,1,-1.0,0,0,0,640,360
7256,90058,90056689,11114,250,-1,-1,1,545,90.2,0,-1.0,0,0,0,640,360
7257,90069,90067796,11107,250,-1,-1,1,547,90.2,0,-1.0,0,0,0,640,360
7258,90080,90078908,11112,250,-1,-1,1,545,90.2,0,-1.0,0,0,0,640,360
7259,90091,90090018,11110,250,-1,-1,1,645,89.9,0,-1.0,0,0,0,640,360
7260,90102,90101123,11105,250,-1,-1,1,528,90.0,0,-1.0,0,0,0,640,360
7261,90113,90112235,11112,250,-1,-1,1,630,90.0,0,-1.0,0,0,0,640,360
7262,90124,90123341,11106,250,-1,-1,1,525,90.0,0,-1.0,0,0,0,640,360
7263,90135,90134449,11108,250,-1,-1,1,525,90.1,0,-1.0,0,0,0,640,360
7264,90146,90145554,11105,250,-1,-1,1,525,90.1,1,-1.0,0,0,0,640,360
7265,90157,90156671,11117,250,-1,-1,1,544,90.1,0,-1.0,0,0,0,640,360
7266,90169,90167779,11108,250,-1,-1,1,545,90.1,0,-1.0,0,0,0,640,360
7267,90180,90178890,11111,250,-1,-1,1,548,90.2,0,-1.0,0,0,0,640,360
7268,90191,90189994,11104,250,-1,-1,1,634,90.2,0,-1.0,0,0,0,640,360
7269,90202,90201107,11113,250,-1,-1,1,526,90.2,0,-1.0,0,0,0,640,360
7270,90213,90212222,11115,250,-1,-1,1,631,90.0,0,-1.0,0,0,0,640,360
7271,90224,90223327,11105,250,-1,-1,1,527,90.0,0,-1.0,0,0,0,640,360
7272,90235,90234433,11106,250,-1,-1,1,525,90.0,0,-1.0,0,0,0,640,360
7273,90246,90245539,11106,250,-1,-1,1,528,90.1,1,-1.0,0,0,0,640,360
7274,90257,90256653,11114,250,-1,-1,1,534,90.1,0,-1.0,0,0,0,640,360
7275,90269,90267762,11109,250,-1,-1,1,547,90.1,0,-1.0,0,0,0,640,360
7276,90280,90278869,11107,250,-1,-1,1,546,90.1,0,-1.0,0,0,0,640,360
7277,90291,90289986,11117,250,-1,-1,1,629,90.1,0,-1.0,0,0,0,640,360
7278,90302,90301089,11103,250,-1,-1,1,525,90.2,0,-1.0,0,0,0,640,360
7279,90313,90312203,11114,250,-1,-1,1,628,90.0,0,-1.0,0,0,0,640,360
7280,90324,90323309,11106,250,-1,-1,1,528,90.0,0,-1.0,0,0,0,640,360
7281,90335,90334418,11109,250,-1,-1,1,525,90.0,0,-1.0,0,0,0,640,360
7282,90346,90345520,11102,250,-1,-1,1,528,90.1,1,-1.0,0,0,0,640,360
7283,90358,90356641,11121,250,-1,-1,1,537,90.1,0,-1.0,0,0,0,640,360
7284,90369,90367743,11102,250,-1,-1,1,534,90.1,0,-1.0,0,0,0,640,360
7285,90380,90378852,11109,250,-1,-1,1,529,90.1,0,-1.0,0,0,0,640,360
7286,90391,90389964,11112,250,-1,-1,1,632,90.1,0,-1.0,0,0,0,640,360
7287,90402,90401073,11109,250,-1,-1,1,525,90.0,0,-1.0,0,0,0,640,360
7288,90413,90412179,11106,250,-1,-1,1,604,90.0,0,-1.0,0,0,0,640,360
7289,90425,90423294,11115,250,-1,-1,1,528,90.0,0,-1.0,0,0,0,640,360
7290,90526,90434398,11104,250,-1,-1,1,609,78.5,0,-1.0,0,0,0,640,360
7291,90527,90523255,88857,250,-1,-1,1,603,79.8,1,-1.0,0,0,0,640,360
7292,90535,90534386,11131,250,-1,-1,1,627,80.3,0,-1.0,0,0,0,640,360
7293,90546,90545490,11104,250,-1,-1,1,526,80.5,0,-1.0,0,0,0,640,360
7294,90557,90556600,11110,250,-1,-1,1,525,80.6,0,-1.0,0,0,0,640,360
7295,90569,90567704,11104,250,-1,-1,1,1125,80.7,0,-1.0,0,0,0,640,360
7296,90580,90578822,11118,250,-1,-1,1,629,80.9,0,-1.0,0,0,0,640,360
7297,90591,90589928,11106,250,-1,-1,1,542,81.1,0,-1.0,0,0,0,640,360
7298,90602,90601038,11110,250,-1,-1,1,528,81.2,0,-1.0,0,0,0,640,360
7299,90613,90612147,11109,250,-1,-1,1,536,81.2,0,-1.0,0,0,0,640,360
7300,90624,90623290,11143,250,-1,-1,1,630,81.4,1,-1.0,0,0,0,640,360
7301,90635,90634366,11076,250,-1,-1,1,628,81.5,0,-1.0,0,0,0,640,360
7302,90646,90645474,11108,250,-1,-1,1,629,81.6,0,-1.0,0,0,0,640,360
7303,90657,90656582,11108,250,-1,-1,1,525,81.8,0,-1.0,0,0,0,640,360
7304,90669,90667696,11114,250,-1,-1,1,546,81.9,0,-1.0,0,0,0,640,360
7305,90680,90678800,11104,250,-1,-1,1,547,82.0,0,-1.0,0,0,0,640,360
7306,90691,90689915,11115,250,-1,-1,1,545,82.1,0,-1.0,0,0,0,640,360
7307,90702,90701023,11108,250,-1,-1,1,634,82.2,0,-1.0,0,0,0,640,360
7308,90713,90712132,11109,250,-1,-1,1,527,82.2,0,-1.0,0,0,0,640,360
7309,90724,90723238,11106,250,-1,-1,1,629,82.3,1,-1.0,0,0,0,640,360
7310,90735,90734351,11113,250,-1,-1,1,537,82.4,0,-1.0,0,0,0,640,360
7311,90746,90745457,11106,250,-1,-1,1,528,82.5,0,-1.0,0,0,0,640,360
7312,90757,90756567,11110,250,-1,-1,1,529,82.6,0,-1.0,0,0,0,640,360
7313,90769,90767679,11112,250,-1,-1,1,626,82.7,0,-1.0,0,0,0,640,360
7314,90780,90778788,11109,250,-1,-1,1,526,82.8,0,-1.0,0,0,0,640,360
7315,90791,90789893,11105,250,-1,-1,1,639,82.9,0,-1.0,0,0,0,640,360
7316,90802,90801010,11117,250,-1,-1,1,526,83.0,0,-1.0,0,0,0,640,360
7317,90813,90812110,11100,250,-1,-1,1,525,83.1,0,-1.0,0,0,0,640,360
7318,90824,90823221,11111,250,-1,-1,1,525,83.1,1,-1.0,0,0,0,640,360
7319,90908,90900979,77758,250,-1,-1,1,1090,11.9,0,-1.0,0,0,0,640,360
7320,90913,90912093,11114,250,-1,-1,1,525,22.7,0,-1.0,0,0,0,640,360
7321,90924,90923202,11109,250,-1,-1,1,525,30.0,0,-1.0,0,0,0,640,360
7322,90935,90934314,11112,250,-1,-1,1,527,36.0,0,-1.0,0,0,0,640,360
7323,90946,90945422,11108,250,-1,-1,1,546,41.0,0,-1.0,0,0,0,640,360
7324,90957,90956532,11110,250,-1,-1,1,524,45.1,0,-1.0,0,0,0,640,360
7325,90968,90967641,11109,250,-1,-1,1,525,48.6,0,-1.0,0,0,0,640,360
7326,90980,90978749,11108,250,-1,-1,1,525,51.6,0,-1.0,0,0,0,640,360
7327,90991,90989856,11107,250,-1,-1,1,525,54.2,1,-1.0,0,0,0,640,360
7328,91002,91000969,11113,250,-1,-1,1,547,56.5,0,-1.0,0,0,0,640,360
7329,91013,91012075,11106,250,-1,-1,1,546,58.5,0,-1.0,0,0,0,640,360
7330,91024,91023190,11115,250,-1,-1,1,537,60.0,0,-1.0,0,0,0,640,360
7331,91035,91034295,11105,250,-1,-1,1,631,61.6,0,-1.0,0,0,0,640,360
7332,91046,91045408,11113,250,-1,-1,1,546,63.1,0,-1.0,0,0,0,640,360
7333,91057,91056517,11109,250,-1,-1,1,606,64.4,0,-1.0,0,0,0,640,360
7334,91069,91067629,11112,250,-1,-1,1,525,65.6,0,-1.0,0,0,0,640,360
7335,91080,91078733,11104,250,-1,-1,1,525,66.7,0,-1.0,0,0,0,640,360
7336,91091,91089842,11109,250,-1,-1,1,523,67.7,1,-1.0,0,0,0,640,360
7337,91102,91100958,11116,250,-1,-1,1,546,68.6,0,-1.0,0,0,0,640,360
7338,91113,91112061,11103,250,-1,-1,1,546,69.2,0,-1.0,0,0,0,640,360
7339,91124,91123169,11108,250,-1,-1,1,547,70.0,0,-1.0,0,0,0,640,360
7340,91135,91134282,11113,250,-1,-1,1,633,70.7,0,-1.0,0,0,0,640,360
7341,91146,91145387,11105,250,-1,-1,1,534,71.4,0,-1.0,0,0,0,640,360
7342,91157,91156499,11112,250,-1,-1,1,630,72.1,0,-1.0,0,0,0,640,360
7343,91169,91167610,11111,250,-1,-1,1,525,72.7,0,-1.0,0,0,0,640,360
7344,91180,91178720,11110,250,-1,-1,1,526,73.2,0,-1.0,0,0,0,640,360
7345,91191,91189823,11103,250,-1,-1,1,526,73.8,1,-1.0,0,0,0,640,360
7346,91202,91200939,11116,250,-1,-1,1,548,74.3,0,-1.0,0,0,0,640,360
7347,91213,91212045,11106,250,-1,-1,1,548,74.7,0,-1.0,0,0,0,640,360
7348,91224,91223159,11114,250,-1,-1,1,527,75.2,0,-1.0,0,0,0,640,360
7349,91235,91234267,11108,250,-1,-1,1,608,75.4,0,-1.0,0,0,0,640,360
7350,91246,91245375,11108,250,-1,-1,1,548,75.8,0,-1.0,0,0,0,640,360
7351,91257,91256480,11105,250,-1,-1,1,627,76.2,0,-1.0,0,0,0,640,360
7352,91268,91267591,11111,250,-1,-1,1,527,76.6,0,-1.0,0,0,0,640,360
7353,91279,91278698,11107,250,-1,-1,1,628,76.9,0,-1.0,0,0,0,640,360
7354,91291,91289812,11114,250,-1,-1,1,525,77.3,1,-1.0,0,0,0,640,360
7355,91302,91300918,11106,250,-1,-1,1,527,77.6,0,-1.0,0,0,0,640,360
7356,91313,91312024,11106,250,-1,-1,1,527,77.9,0,-1.0,0,0,0,640,360
7357,91324,91323136,11112,250,-1,-1,1,527,78.2,0,-1.0,0,0,0,640,360
7358,91335,91334249,11113,250,-1,-1,1,629,78.3,0,-1.0,0,0,0,640,360
7359,91346,91345356,11107,250,-1,-1,1,538,78.5,0,-1.0,0,0,0,640,360
7360,91357,91356468,11112,250,-1,-1,1,605,78.8,0,-1.0,0,0,0,640,360
7361,91368,91367574,11106,250,-1,-1,1,525,79.0,0,-1.0,0,0,0,640,360
7362,91379,91378681,11107,250,-1,-1,1,525,79.3,0,-1.0,0,0,0,640,360
7363,91391,91389791,11110,250,-1,-1,1,527,79.5,1,-1.0,0,0,0,640,360
7364,91402,91400902,11111,250,-1,-1,1,545,79.7,0,-1.0,0,0,0,640,360
7365,91413,91412009,11107,250,-1,-1,1,545,79.9,0,-1.0,0,0,0,640,360
7366,91424,91423120,11111,250,-1,-1,1,540,80.1,0,-1.0,0,0,0,640,360
7367,91435,91434227,11107,250,-1,-1,1,628,80.2,0,-1.0,0,0,0,640,360
7368,91446,91445338,11111,250,-1,-1,1,537,80.4,0,-1.0,0,0,0,640,360
7369,91457,91456449,11111,250,-1,-1,1,603,80.6,0,-1.0,0,0,0,640,360
7370,91468,91467559,11110,250,-1,-1,1,526,80.7,0,-1.0,0,0,0,640,360
7371,91479,91478669,11110,250,-1,-1,1,524,80.9,0,-1.0,0,0,0,640,360
7372,91491,91489771,11102,250,-1,-1,1,525,81.1,1,-1.0,0,0,0,640,360
7373,91502,91500885,11114,250,-1,-1,1,548,81.2,0,-1.0,0,0,0,640,360
7374,91513,91511996,11111,250,-1,-1,1,547,81.4,0,-1.0,0,0,0,640,360
7375,91524,91523100,11104,250,-1,-1,1,542,81.5,0,-1.0,0,0,0,640,360
7376,91535,91534216,11116,250,-1,-1,1,631,81.6,0,-1.0,0,0,0,640,360
7377,91546,91545323,11107,250,-1,-1,1,525,81.7,0,-1.0,0,0,0,640,360
7378,91557,91556434,11111,250,-1,-1,1,628,81.9,0,-1.0,0,0,0,640,360
7379,91569,91567540,11106,250,-1,-1,1,529,82.0,0,-1.0,0,0,0,640,360
7380,91684,91578648,11108,250,-1,-1,1,666,72.1,0,-1.0,0,0,0,640,360
7381,91685,91678610,99962,250,-1,-1,1,602,73.3,1,-1.0,0,0,0,640,360
7382,91691,91689763,11153,250,-1,-1,1,627,73.9,0,-1.0,0,0,0,640,360
7383,91702,91700853,11090,250,-1,-1,1,525,74.1,0,-1.0,0,0,0,640,360
7384,91713,91711955,11102,250,-1,-1,1,523,74.3,0,-1.0,0,0,0,640,360
7385,91724,91723063,11108,250,-1,-1,1,544,74.5,0,-1.0,0,0,0,640,360
7386,91735,91734178,11115,250,-1,-1,1,634,74.6,0,-1.0,0,0,0,640,360
7387,91746,91745288,11110,250,-1,-1,1,548,74.8,0,-1.0,0,0,0,640,360
7388,91757,91756401,11113,250,-1,-1,1,546,75.0,0,-1.0,0,0,0,640,360
7389,91768,91767508,11107,250,-1,-1,1,544,75.2,0,-1.0,0,0,0,640,360
7390,91779,91778614,11106,250,-1,-1,1,629,75.4,1,-1.0,0,0,0,640,360
7391,91791,91789725,11111,250,-1,-1,1,629,75.6,0,-1.0,0,0,0,640,360
7392,91802,91800832,11107,250,-1,-1,1,630,75.7,0,-1.0,0,0,0,640,360
7393,91813,91811940,11108,250,-1,-1,1,628,75.9,0,-1.0,0,0,0,640,360
7394,91824,91823056,11116,250,-1,-1,1,526,76.1,0,-1.0,0,0,0,640,360
7395,91835,91834161,11105,250,-1,-1,1,547,76.2,0,-1.0,0,0,0,640,360
7396,91895,91889695,55534,250,-1,-1,1,524,16.9,0,-1.0,0,0,0,640,360
7397,91902,91900813,11118,250,-1,-1,1,526,30.3,0,-1.0,0,0,0,640,360
7398,91913,91911926,11113,250,-1,-1,1,526,39.0,0,-1.0,0,0,0,640,360
7399,91924,91923029,11103,250,-1,-1,1,525,45.5,1,-1.0,0,0,0,640,360
7400,91935,91934145,11116,250,-1,-1,1,546,50.0,0,-1.0,0,0,0,640,360
7401,91946,91945251,11106,250,-1,-1,1,547,54.1,0,-1.0,0,0,0,640,360
7402,91957,91956362,11111,250,-1,-1,1,546,57.4,0,-1.0,0,0,0,640,360
7403,91968,91967477,11115,250,-1,-1,1,639,60.2,0,-1.0,0,0,0,640,360
7404,91979,91978584,11107,250,-1,-1,1,531,62.5,0,-1.0,0,0,0,640,360
7405,91991,91989693,11109,250,-1,-1,1,635,64.5,0,-1.0,0,0,0,640,360
7406,92002,92000802,11109,250,-1,-1,1,525,66.3,0,-1.0,0,0,0,640,360
7407,92013,92011906,11104,250,-1,-1,1,527,67.8,0,-1.0,0,0,0,640,360
7408,92024,92023012,11106,250,-1,-1,1,525,69.1,1,-1.0,0,0,0,640,360
7409,92035,92034129,11117,250,-1,-1,1,537,70.0,0,-1.0,0,0,0,640,360
7410,92046,92045237,11108,250,-1,-1,1,540,71.1,0,-1.0,0,0,0,640,360
7411,92057,92056341,11104,250,-1,-1,1,528,72.1,0,-1.0,0,0,0,640,360
7412,92068,92067459,11118,250,-1,-1,1,630,73.0,0,-1.0,0,0,0,640,360
7413,92079,92078563,11104,250,-1,-1,1,524,73.8,0,-1.0,0,0,0,640,360
7414,92091,92089676,11113,250,-1,-1,1,627,74.5,0,-1.0,0,0,0,640,360
7415,92102,92100783,11107,250,-1,-1,1,526,75.2,0,-1.0,0,0,0,640,360
7416,92113,92111894,11111,250,-1,-1,1,525,75.8,0,-1.0,0,0,0,640,360
7417,92124,92122998,11104,250,-1,-1,1,524,76.4,1,-1.0,0,0,0,640,360
7418,92135,92134111,11113,250,-1,-1,1,546,76.7,0,-1.0,0,0,0,640,360
7419,92146,92145217,11106,250,-1,-1,1,546,77.2,0,-1.0,0,0,0,640,360
7420,92157,92156329,11112,250,-1,-1,1,543,77.6,0,-1.0,0,0,0,640,360
7421,92168,92167435,11106,250,-1,-1,1,631,78.1,0,-1.0,0,0,0,640,360
7422,92179,92178548,11113,250,-1,-1,1,548,78.5,0,-1.0,0,0,0,640,360
7423,92190,92189656,11108,250,-1,-1,1,632,78.9,0,-1.0,0,0,0,640,360
7424,92202,92200767,11111,250,-1,-1,1,526,79.2,0,-1.0,0,0,0,640,360
7425,92213,92211872,11105,250,-1,-1,1,525,79.6,0,-1.0,0,0,0,640,360
7426,92224,92222983,11111,250,-1,-1,1,526,79.9,1,-1.0,0,0,0,640,360
7427,92235,92234094,11111,250,-1,-1,1,543,80.0,0,-1.0,0,0,0,640,360
