seq,mono_ms,src_pts,d_pts_us,exp_us,cx,cy,roi,cost_us,captured_fps,pbm,radius,state,roi_x0,roi_y0,roi_x1,roi_y1
1,2246,2232275,0,250,-1,-1,1,569,52.6,1,-1.0,0,0,0,639,359
2,2275,2265603,33328,250,-1,-1,1,2080,39.2,0,-1.0,0,0,0,639,359
3,2293,2276724,11121,250,-1,-1,1,527,45.5,0,-1.0,0,0,0,639,359
4,2300,2298947,22223,250,-1,-1,1,526,56.3,0,-1.0,0,0,0,639,359
5,2311,2310056,11109,250,-1,-1,1,526,61.0,0,-1.0,0,0,0,639,359
6,2322,2321162,11106,250,-1,-1,1,527,65.2,0,-1.0,0,0,0,639,359
7,2333,2332268,11106,250,-1,-1,1,525,67.3,0,-1.0,0,0,0,639,359
8,2344,2343383,11115,250,-1,-1,1,526,69.6,0,-1.0,0,0,0,639,359
9,2355,2354491,11108,250,-1,-1,1,527,71.4,0,-1.0,0,0,0,639,359
10,2366,2365595,11104,250,-1,-1,1,527,73.0,1,-1.0,0,0,0,639,359
11,2378,2376710,11115,250,-1,-1,1,525,74.3,0,-1.0,0,0,0,639,359
12,2389,2387820,11110,250,-1,-1,1,524,75.5,0,-1.0,0,0,0,639,359
13,2400,2398925,11105,250,-1,-1,1,524,76.5,0,-1.0,0,0,0,639,359
14,2411,2410032,11107,250,-1,-1,1,525,77.3,0,-1.0,0,0,0,639,359
15,2422,2421142,11110,250,-1,-1,1,526,78.1,0,-1.0,0,0,0,639,359
16,2433,2432251,11109,250,-1,-1,1,528,78.4,0,-1.0,0,0,0,639,359
17,2444,2443359,11108,250,-1,-1,1,526,79.1,0,-1.0,0,0,0,639,359
18,2455,2454473,11114,250,-1,-1,1,526,79.6,0,-1.0,0,0,0,639,359
19,2466,2465576,11103,250,-1,-1,1,529,80.2,1,-1.0,0,0,0,639,359
20,2478,2476696,11120,250,-1,-1,1,527,80.6,0,-1.0,0,0,0,639,359
21,2489,2487799,11103,250,-1,-1,1,526,81.1,0,-1.0,0,0,0,639,359
22,2500,2498908,11109,250,-1,-1,1,525,81.5,0,-1.0,0,0,0,639,359
23,2511,2510015,11107,250,-1,-1,1,526,81.9,0,-1.0,0,0,0,639,359
24,2522,2521128,11113,250,-1,-1,1,524,82.2,0,-1.0,0,0,0,639,359
25,2533,2532232,11104,250,-1,-1,1,526,82.2,0,-1.0,0,0,0,639,359
26,2544,2543343,11111,250,-1,-1,1,525,82.5,0,-1.0,0,0,0,639,359
27,2555,2554451,11108,250,-1,-1,1,525,82.8,0,-1.0,0,0,0,639,359
28,2566,2565562,11111,250,-1,-1,1,525,83.1,1,-1.0,0,0,0,639,359
29,2578,2576673,11111,250,-1,-1,1,524,83.3,0,-1.0,0,0,0,639,359
30,2589,2587784,11111,250,-1,-1,1,526,83.6,0,-1.0,0,0,0,639,359
31,2600,2598893,11109,250,-1,-1,1,528,83.8,0,-1.0,0,0,0,639,359
32,2611,2609998,11105,250,-1,-1,1,526,84.0,0,-1.0,0,0,0,639,359
33,2622,2621107,11109,250,-1,-1,1,525,84.2,0,-1.0,0,0,0,639,359
34,2633,2632217,11110,250,-1,-1,1,525,84.2,0,-1.0,0,0,0,639,359
35,2644,2643326,11109,250,-1,-1,1,526,84.3,0,-1.0,0,0,0,639,359
36,2655,2654439,11113,250,-1,-1,1,525,84.5,0,-1.0,0,0,0,639,359
37,2666,2665544,11105,250,-1,-1,1,524,84.7,1,-1.0,0,0,0,639,359
38,2678,2676661,11117,250,-1,-1,1,527,84.8,0,-1.0,0,0,0,639,359
39,2689,2687767,11106,250,-1,-1,1,524,85.0,0,-1.0,0,0,0,639,359
40,2700,2698877,11110,250,-1,-1,1,525,85.1,0,-1.0,0,0,0,639,359
41,2711,2709982,11105,250,-1,-1,1,528,85.2,0,-1.0,0,0,0,639,359
42,2722,2721089,11107,250,-1,-1,1,529,85.4,0,-1.0,0,0,0,639,359
43,2733,2732197,11108,250,-1,-1,1,528,85.3,0,-1.0,0,0,0,639,359
44,2744,2743309,11112,250,-1,-1,1,525,85.4,0,-1.0,0,0,0,639,359
45,2755,2754421,11112,250,-1,-1,1,528,85.6,0,-1.0,0,0,0,639,359
46,2766,2765529,11108,250,-1,-1,1,524,85.7,1,-1.0,0,0,0,639,359
47,2778,2776642,11113,250,-1,-1,1,525,85.8,0,-1.0,0,0,0,639,359
48,2789,2787750,11108,250,-1,-1,1,524,85.9,0,-1.0,0,0,0,639,359
49,2800,2798862,11112,250,-1,-1,1,524,86.0,0,-1.0,0,0,0,639,359
50,2811,2809967,11105,250,-1,-1,1,525,86.1,0,-1.0,0,0,0,639,359
51,2822,2821077,11110,250,-1,-1,1,524,86.1,0,-1.0,0,0,0,639,359
52,2833,2832183,11106,250,-1,-1,1,524,86.1,0,-1.0,0,0,0,639,359
53,2844,2843293,11110,250,-1,-1,1,528,86.2,0,-1.0,0,0,0,639,359
54,2855,2854403,11110,250,-1,-1,1,525,86.3,0,-1.0,0,0,0,639,359
55,2866,2865508,11105,250,-1,-1,1,527,86.3,1,-1.0,0,0,0,639,359
56,2877,2876624,11116,250,-1,-1,1,524,86.4,0,-1.0,0,0,0,639,359
57,2889,2887735,11111,250,-1,-1,1,530,86.5,0,-1.0,0,0,0,639,359
58,2900,2898838,11103,250,-1,-1,1,526,86.6,0,-1.0,0,0,0,639,359
59,2911,2909948,11110,250,-1,-1,1,528,86.6,0,-1.0,0,0,0,639,359
60,2922,2921055,11107,250,-1,-1,1,525,86.7,0,-1.0,0,0,0,639,359
61,2933,2932166,11111,250,-1,-1,1,525,86.8,0,-1.0,0,0,0,639,359
62,2944,2943277,11111,250,-1,-1,1,525,86.7,0,-1.0,0,0,0,639,359
63,2955,2954383,11106,250,-1,-1,1,525,86.8,0,-1.0,0,0,0,639,359
64,2966,2965495,11112,250,-1,-1,1,526,86.8,1,-1.0,0,0,0,639,359
65,2977,2976605,11110,250,-1,-1,1,526,86.9,0,-1.0,0,0,0,639,359
66,2989,2987715,11110,250,-1,-1,1,597,87.0,0,-1.0,0,0,0,639,359
67,3000,2998825,11110,250,-1,-1,1,526,87.0,0,-1.0,0,0,0,639,359
68,3011,3009930,11105,250,-1,-1,1,528,87.1,0,-1.0,0,0,0,639,359
69,3022,3021042,11112,250,-1,-1,1,526,87.1,0,-1.0,0,0,0,639,359
70,3033,3032150,11108,250,-1,-1,1,527,87.2,0,-1.0,0,0,0,639,359
71,3044,3043257,11107,250,-1,-1,1,525,87.1,0,-1.0,0,0,0,639,359
72,3055,3054368,11111,250,-1,-1,1,524,87.2,0,-1.0,0,0,0,639,359
73,3066,3065476,11108,250,-1,-1,1,525,87.2,1,-1.0,0,0,0,639,359
74,3077,3076593,11117,250,-1,-1,1,525,87.3,0,-1.0,0,0,0,639,359
75,3089,3087699,11106,250,-1,-1,1,525,87.3,0,-1.0,0,0,0,639,359
76,3100,3098808,11109,250,-1,-1,1,524,87.4,0,-1.0,0,0,0,639,359
77,3111,3109911,11103,250,-1,-1,1,526,87.4,0,-1.0,0,0,0,639,359
78,3122,3121021,11110,250,-1,-1,1,525,87.4,0,-1.0,0,0,0,639,359
79,3133,3132128,11107,250,-1,-1,1,525,87.5,0,-1.0,0,0,0,639,359
80,3144,3143241,11113,250,-1,-1,1,528,87.4,0,-1.0,0,0,0,639,359
81,3155,3154349,11108,250,-1,-1,1,529,87.5,0,-1.0,0,0,0,639,359
82,3166,3165459,11110,250,-1,-1,1,524,87.5,1,-1.0,0,0,0,639,359
83,3177,3176572,11113,250,-1,-1,1,524,87.6,0,-1.0,0,0,0,639,359
84,3189,3187682,11110,250,-1,-1,1,524,87.6,0,-1.0,0,0,0,639,359
85,3200,3198786,11104,250,-1,-1,1,635,87.6,0,-1.0,0,0,0,639,359
86,3211,3209898,11112,250,-1,-1,1,525,87.7,0,-1.0,0,0,0,639,359
87,3222,3221001,11103,250,-1,-1,1,524,87.7,0,-1.0,0,0,0,639,359
88,3233,3232117,11116,250,-1,-1,1,527,87.7,0,-1.0,0,0,0,639,359
89,3247,3243223,11106,250,-1,-1,1,526,66.7,0,-1.0,0,0,0,639,359
90,3268,3254335,11112,250,-1,-1,1,611,55.6,0,-1.0,0,0,0,639,359
91,3269,3265439,11104,250,-1,-1,1,520,83.3,1,-1.0,0,0,0,639,359
92,3277,3276558,11119,250,-1,-1,1,527,88.9,0,-1.0,0,0,0,639,359
93,3289,3287660,11102,250,-1,-1,1,527,89.3,0,-1.0,0,0,0,639,359
94,3300,3298768,11108,250,-1,-1,1,526,89.6,0,-1.0,0,0,0,639,359
95,3311,3309885,11117,250,-1,-1,1,525,89.7,0,-1.0,0,0,0,639,359
96,3322,3320990,11105,250,-1,-1,1,524,89.9,0,-1.0,0,0,0,639,359
97,3333,3332094,11104,250,-1,-1,1,524,90.0,0,-1.0,0,0,0,639,359
98,3344,3343208,11114,250,-1,-1,1,524,89.3,0,-1.0,0,0,0,639,359
99,3355,3354314,11106,250,-1,-1,1,525,89.4,0,-1.0,0,0,0,639,359
100,3366,3365426,11112,250,-1,-1,1,525,89.6,1,-1.0,0,0,0,639,359
101,3377,3376542,11116,250,-1,-1,1,529,89.7,0,-1.0,0,0,0,639,359
102,3388,3387647,11105,250,-1,-1,1,528,89.7,0,-1.0,0,0,0,639,359
103,3400,3398751,11104,250,-1,-1,1,525,89.8,0,-1.0,0,0,0,639,359
104,3411,3409860,11109,250,-1,-1,1,527,89.9,0,-1.0,0,0,0,639,359
105,3422,3420966,11106,250,-1,-1,1,525,89.9,0,-1.0,0,0,0,639,359
106,3433,3432079,11113,250,-1,-1,1,529,90.0,0,-1.0,0,0,0,639,359
107,3444,3443186,11107,250,-1,-1,1,524,89.6,0,-1.0,0,0,0,639,359
108,3455,3454298,11112,250,-1,-1,1,526,89.7,0,-1.0,0,0,0,639,359
109,3466,3465405,11107,250,-1,-1,1,525,89.7,1,-1.0,0,0,0,639,359
110,3477,3476522,11117,250,-1,-1,1,638,89.8,0,-1.0,0,0,0,639,359
111,3489,3487631,11109,250,-1,-1,1,527,89.8,0,-1.0,0,0,0,639,359
112,3500,3498735,11104,250,-1,-1,1,528,89.9,0,-1.0,0,0,0,639,359
113,3511,3509845,11110,250,-1,-1,1,526,89.9,0,-1.0,0,0,0,639,359
114,3522,3520952,11107,250,-1,-1,1,528,90.0,0,-1.0,0,0,0,639,359
115,3533,3532062,11110,250,-1,-1,1,527,90.0,0,-1.0,0,0,0,639,359
116,3544,3543173,11111,250,-1,-1,1,525,89.7,0,-1.0,0,0,0,639,359
117,3555,3554281,11108,250,-1,-1,1,528,89.8,0,-1.0,0,0,0,639,359
118,3566,3565389,11108,250,-1,-1,1,526,89.8,1,-1.0,0,0,0,639,359
119,3577,3576503,11114,250,-1,-1,1,587,89.9,0,-1.0,0,0,0,639,359
120,3589,3587611,11108,250,-1,-1,1,525,89.9,0,-1.0,0,0,0,639,359
121,3600,3598717,11106,250,-1,-1,1,526,89.9,0,-1.0,0,0,0,639,359
122,3611,3609829,11112,250,-1,-1,1,526,89.9,0,-1.0,0,0,0,639,359
123,3622,3620936,11107,250,-1,-1,1,525,90.0,0,-1.0,0,0,0,639,359
124,3633,3632044,11108,250,-1,-1,1,525,90.0,0,-1.0,0,0,0,639,359
125,3644,3643156,11112,250,-1,-1,1,526,89.8,0,-1.0,0,0,0,639,359
126,3655,3654263,11107,250,-1,-1,1,528,89.8,0,-1.0,0,0,0,639,359
127,3666,3665373,11110,250,-1,-1,1,525,89.9,1,-1.0,0,0,0,639,359
128,3677,3676487,11114,250,-1,-1,1,585,89.9,0,-1.0,0,0,0,639,359
129,3688,3687598,11111,250,-1,-1,1,663,89.9,0,-1.0,0,0,0,639,359
130,3700,3698702,11104,250,-1,-1,1,526,89.9,0,-1.0,0,0,0,639,359
131,3711,3709811,11109,250,-1,-1,1,526,90.0,0,-1.0,0,0,0,639,359
132,3722,3720919,11108,250,-1,-1,1,527,90.0,0,-1.0,0,0,0,639,359
133,3733,3732028,11109,250,-1,-1,1,525,90.0,0,-1.0,0,0,0,639,359
134,3744,3743135,11107,250,-1,-1,1,525,89.8,0,-1.0,0,0,0,639,359
135,3755,3754245,11110,250,-1,-1,1,526,89.9,0,-1.0,0,0,0,639,359
136,3766,3765359,11114,250,-1,-1,1,525,89.9,1,-1.0,0,0,0,639,359
137,3777,3776470,11111,250,-1,-1,1,637,89.9,0,-1.0,0,0,0,639,359
138,3789,3787579,11109,250,-1,-1,1,526,89.9,0,-1.0,0,0,0,639,359
139,3799,3798681,11102,250,-1,-1,1,525,89.9,0,-1.0,0,0,0,639,359
140,3811,3809791,11110,250,-1,-1,1,526,90.0,0,-1.0,0,0,0,639,359
141,3822,3820905,11114,250,-1,-1,1,525,90.0,0,-1.0,0,0,0,639,359
142,3833,3832010,11105,250,-1,-1,1,526,90.0,0,-1.0,0,0,0,639,359
143,3844,3843120,11110,250,-1,-1,1,569,89.9,0,-1.0,0,0,0,639,359
144,3855,3854230,11110,250,-1,-1,1,528,89.9,0,-1.0,0,0,0,639,359
145,3866,3865337,11107,250,-1,-1,1,551,89.9,1,-1.0,0,0,0,639,359
146,3877,3876455,11118,250,-1,-1,1,586,89.9,0,-1.0,0,0,0,639,359
147,3889,3887557,11102,250,-1,-1,1,525,89.9,0,-1.0,0,0,0,639,359
148,3899,3898670,11113,250,-1,-1,1,524,90.0,0,-1.0,0,0,0,639,359
149,3911,3909775,11105,250,-1,-1,1,528,90.0,0,-1.0,0,0,0,639,359
150,3922,3920883,11108,250,-1,-1,1,526,90.0,0,-1.0,0,0,0,639,359
151,3933,3931993,11110,250,-1,-1,1,526,90.0,0,-1.0,0,0,0,639,359
152,3944,3943099,11106,250,-1,-1,1,557,90.0,0,-1.0,0,0,0,639,359
153,3955,3954210,11111,250,-1,-1,1,526,89.9,0,-1.0,0,0,0,639,359
154,3966,3965320,11110,250,-1,-1,1,526,89.9,1,-1.0,0,0,0,639,359
155,3977,3976433,11113,250,-1,-1,1,586,89.9,0,-1.0,0,0,0,639,359
156,3989,3987544,11111,250,-1,-1,1,525,89.9,0,-1.0,0,0,0,639,359
157,3999,3998648,11104,250,-1,-1,1,524,90.0,0,-1.0,0,0,0,639,359
158,4011,4009762,11114,250,-1,-1,1,526,90.0,0,-1.0,0,0,0,639,359
159,4022,4020868,11106,250,-1,-1,1,526,90.0,0,-1.0,0,0,0,639,359
160,4033,4031974,11106,250,-1,-1,1,525,90.0,0,-1.0,0,0,0,639,359
161,4044,4043083,11109,250,-1,-1,1,551,90.0,0,-1.0,0,0,0,639,359
162,4055,4054197,11114,250,-1,-1,1,527,89.9,0,-1.0,0,0,0,639,359
163,4066,4065303,11106,250,-1,-1,1,526,89.9,1,-1.0,0,0,0,639,359
164,4077,4076421,11118,250,-1,-1,1,583,89.9,0,-1.0,0,0,0,639,359
165,4089,4087524,11103,250,-1,-1,1,525,90.0,0,-1.0,0,0,0,639,359
166,4099,4098634,11110,250,-1,-1,1,526,90.0,0,-1.0,0,0,0,639,359
167,4111,4109742,11108,250,-1,-1,1,526,90.0,0,-1.0,0,0,0,639,359
168,4122,4120848,11106,250,-1,-1,1,526,90.0,0,-1.0,0,0,0,639,359
169,4133,4131960,11112,250,-1,-1,1,528,90.0,0,-1.0,0,0,0,639,359
170,4144,4143075,11115,250,-1,-1,1,524,90.0,0,-1.0,0,0,0,639,359
171,4155,4154181,11106,250,-1,-1,1,525,89.9,0,-1.0,0,0,0,639,359
172,4166,4165288,11107,250,-1,-1,1,526,89.9,1,-1.0,0,0,0,639,359
173,4177,4176398,11110,250,-1,-1,1,571,89.9,0,-1.0,0,0,0,639,359
174,4189,4187514,11116,250,-1,-1,1,524,90.0,0,-1.0,0,0,0,639,359
175,4199,4198616,11102,250,-1,-1,1,527,90.0,0,-1.0,0,0,0,639,359
176,4211,4209723,11107,250,-1,-1,1,526,90.0,0,-1.0,0,0,0,639,359
177,4222,4220834,11111,250,-1,-1,1,524,90.0,0,-1.0,0,0,0,639,359
178,4233,4231945,11111,250,-1,-1,1,526,90.0,0,-1.0,0,0,0,639,359
179,4247,4243056,11111,250,-1,-1,1,524,66.7,0,-1.0,0,0,0,639,359
180,4269,4254162,11106,250,-1,-1,1,636,55.6,0,-1.0,0,0,0,639,359
181,4270,4265268,11106,250,-1,-1,1,522,81.1,1,-1.0,0,0,0,639,359
182,4277,4276389,11121,250,-1,-1,1,541,88.9,0,-1.0,0,0,0,639,359
183,4288,4287490,11101,250,-1,-1,1,523,89.3,0,-1.0,0,0,0,639,359
184,4299,4298602,11112,250,-1,-1,1,671,89.6,0,-1.0,0,0,0,639,359
185,4311,4309707,11105,250,-1,-1,1,527,88.6,0,-1.0,0,0,0,639,359
186,4322,4320819,11112,250,-1,-1,1,524,89.9,0,-1.0,0,0,0,639,359
187,4333,4331923,11104,250,-1,-1,1,528,90.0,0,-1.0,0,0,0,639,359
188,4344,4343035,11112,250,-1,-1,1,529,90.1,0,-1.0,0,0,0,639,359
189,4355,4354140,11105,250,-1,-1,1,525,90.2,0,-1.0,0,0,0,639,359
190,4366,4365251,11111,250,-1,-1,1,526,89.6,1,-1.0,0,0,0,639,359
191,4377,4376366,11115,250,-1,-1,1,592,89.7,0,-1.0,0,0,0,639,359
192,4388,4387478,11112,250,-1,-1,1,526,89.7,0,-1.0,0,0,0,639,359
193,4399,4398580,11102,250,-1,-1,1,525,89.8,0,-1.0,0,0,0,639,359
194,4411,4409689,11109,250,-1,-1,1,525,89.9,0,-1.0,0,0,0,639,359
195,4422,4420796,11107,250,-1,-1,1,525,89.9,0,-1.0,0,0,0,639,359
196,4433,4431908,11112,250,-1,-1,1,525,90.0,0,-1.0,0,0,0,639,359
197,4444,4443019,11111,250,-1,-1,1,525,90.0,0,-1.0,0,0,0,639,359
198,4455,4454123,11104,250,-1,-1,1,529,90.1,0,-1.0,0,0,0,639,359
199,4466,4465233,11110,250,-1,-1,1,527,89.7,1,-1.0,0,0,0,639,359
200,4477,4476352,11119,250,-1,-1,1,585,89.8,0,-1.0,0,0,0,639,359
201,4488,4487458,11106,250,-1,-1,1,525,89.8,0,-1.0,0,0,0,639,359
202,4499,4498567,11109,250,-1,-1,1,526,89.9,0,-1.0,0,0,0,639,359
203,4511,4509673,11106,250,-1,-1,1,527,89.9,0,-1.0,0,0,0,639,359
204,4522,4520779,11106,250,-1,-1,1,525,90.0,0,-1.0,0,0,0,639,359
205,4533,4531888,11109,250,-1,-1,1,525,90.0,0,-1.0,0,0,0,639,359
206,4544,4542998,11110,250,-1,-1,1,525,90.0,0,-1.0,0,0,0,639,359
207,4555,4554106,11108,250,-1,-1,1,526,90.1,0,-1.0,0,0,0,639,359
208,4566,4565221,11115,250,-1,-1,1,527,89.8,1,-1.0,0,0,0,639,359
209,4577,4576331,11110,250,-1,-1,1,601,89.9,0,-1.0,0,0,0,639,359
210,4588,4587436,11105,250,-1,-1,1,526,89.9,0,-1.0,0,0,0,639,359
211,4599,4598543,11107,250,-1,-1,1,524,89.9,0,-1.0,0,0,0,639,359
212,4611,4609654,11111,250,-1,-1,1,527,89.9,0,-1.0,0,0,0,639,359
213,4622,4620764,11110,250,-1,-1,1,527,90.0,0,-1.0,0,0,0,639,359
214,4633,4631874,11110,250,-1,-1,1,527,90.0,0,-1.0,0,0,0,639,359
215,4644,4642980,11106,250,-1,-1,1,525,90.0,0,-1.0,0,0,0,639,359
216,4655,4654094,11114,250,-1,-1,1,616,89.8,0,-1.0,0,0,0,639,359
217,4666,4665198,11104,250,-1,-1,1,543,89.9,1,-1.0,0,0,0,639,359
218,4677,4676315,11117,250,-1,-1,1,546,89.9,0,-1.0,0,0,0,639,359
219,4688,4687422,11107,250,-1,-1,1,548,89.9,0,-1.0,0,0,0,639,359
220,4699,4698530,11108,250,-1,-1,1,550,89.9,0,-1.0,0,0,0,639,359
221,4710,4709639,11109,250,-1,-1,1,547,90.0,0,-1.0,0,0,0,639,359
222,4722,4720748,11109,250,-1,-1,1,551,90.0,0,-1.0,0,0,0,639,359
223,4733,4731862,11114,250,-1,-1,1,550,90.0,0,-1.0,0,0,0,639,359
224,4744,4742963,11101,250,-1,-1,1,549,90.0,0,-1.0,0,0,0,639,359
225,4755,4754076,11113,250,-1,-1,1,550,90.0,0,-1.0,0,0,0,639,359
226,4766,4765182,11106,250,-1,-1,1,549,89.9,1,-1.0,0,0,0,639,359
227,4777,4776296,11114,250,-1,-1,1,614,89.9,0,-1.0,0,0,0,639,359
228,4789,4787403,11107,250,216,73,0,548,89.1,0,40.0,1,0,0,639,359
229,4799,4798517,11114,250,-1,-1,1,552,89.9,0,-1.0,1,0,0,639,359
230,4810,4809620,11103,250,-1,-1,1,550,90.0,0,-1.0,1,0,0,639,359
231,4822,4820730,11110,250,-1,-1,1,550,88.3,0,-1.0,2,0,0,639,359
232,4833,4831837,11107,250,-1,-1,1,549,89.9,0,-1.0,2,0,0,639,359
233,4844,4842953,11116,250,-1,-1,1,550,90.0,0,-1.0,2,0,0,639,359
234,4855,4854061,11108,250,-1,-1,1,553,90.0,0,-1.0,2,0,0,639,359
235,4866,4865163,11102,250,279,99,0,554,88.5,1,37.8,1,0,0,639,359
236,4878,4876277,11114,250,281,103,0,551,89.9,0,37.6,1,0,0,639,359
237,4888,4887388,11111,250,282,108,0,552,89.9,0,37.4,1,0,0,639,359
238,4899,4898499,11111,250,282,114,0,549,90.0,0,37.1,1,0,0,639,359
239,4910,4909602,11103,250,281,118,0,551,90.0,0,36.8,1,0,0,639,359
240,4922,4920715,11113,250,278,120,0,553,90.0,0,36.7,1,0,0,639,359
241,4933,4931817,11102,250,273,121,0,551,90.0,0,36.6,1,0,0,639,359
242,4944,4942931,11114,250,269,122,0,551,90.0,0,36.8,1,0,0,639,359
243,4955,4954037,11106,250,266,125,0,550,90.0,0,37.1,1,0,0,639,359
244,4966,4965151,11114,250,-1,-1,1,546,89.9,1,-1.0,1,0,0,639,359
245,4977,4976262,11111,250,-1,-1,1,655,89.9,0,-1.0,1,0,0,639,359
246,4988,4987368,11106,250,-1,-1,1,549,89.0,0,-1.0,2,0,0,639,359
247,4999,4998577,11209,250,-1,-1,1,548,90.0,0,-1.0,2,0,0,639,359
248,5011,5009587,11010,250,-1,-1,1,545,90.0,0,-1.0,2,0,0,639,359
249,5022,5020700,11113,250,301,142,0,550,88.8,0,38.0,1,0,0,639,359
250,5033,5031929,11229,250,307,146,0,552,90.0,0,38.1,1,0,0,639,359
251,5044,5042914,10985,250,310,149,0,550,90.0,0,38.3,1,0,0,639,359
252,5055,5054023,11109,250,-1,-1,1,552,89.9,0,-1.0,1,0,0,639,359
253,5066,5065133,11110,250,308,158,0,553,90.0,1,38.6,1,0,0,639,359
254,5077,5076246,11113,250,305,162,0,661,89.9,0,38.9,1,0,0,639,359
255,5088,5087352,11106,250,-1,-1,1,549,90.0,0,-1.0,1,0,0,639,359
256,5099,5098465,11113,250,-1,-1,1,548,90.0,0,-1.0,1,0,0,639,359
257,5110,5109569,11104,250,-1,-1,1,548,89.1,0,-1.0,2,0,0,639,359
258,5122,5120801,11232,250,-1,-1,1,550,90.0,0,-1.0,2,0,0,639,359
259,5133,5131787,10986,250,271,175,0,551,89.1,0,38.8,1,0,0,639,359
260,5144,5142899,11112,250,267,174,0,555,90.0,0,38.7,1,0,0,639,359
261,5155,5154008,11109,250,265,172,0,549,90.0,0,38.6,1,0,0,639,359
262,5166,5165117,11109,250,264,169,0,551,90.0,1,38.6,1,0,0,639,359
263,5177,5176227,11110,250,263,166,0,656,89.9,0,38.5,1,0,0,639,359
264,5189,5187334,11107,250,263,161,0,549,90.0,0,38.4,1,0,0,639,359
265,5199,5198443,11109,250,264,157,0,551,90.0,0,38.5,1,0,0,639,359
266,5210,5209555,11112,250,265,152,0,555,90.0,0,38.4,1,0,0,639,359
267,5221,5220658,11103,250,267,148,0,553,90.0,0,38.2,1,0,0,639,359
268,5233,5231771,11113,250,266,143,0,550,90.0,0,38.2,1,0,0,639,359
269,5247,5242883,11112,250,263,139,0,549,66.7,0,38.3,1,0,0,639,359
270,5270,5253995,11112,250,261,135,0,654,54.1,0,38.4,1,0,0,639,359
271,5271,5265094,11099,250,-1,-1,1,594,78.9,1,-1.0,1,0,0,639,359
272,5277,5276226,11132,250,260,133,0,553,88.9,0,38.5,1,0,0,639,359
273,5288,5287319,11093,250,261,132,0,552,89.3,0,38.5,1,0,0,639,359
274,5300,5298427,11108,250,263,132,0,551,89.6,0,38.5,1,0,0,639,359
275,5311,5309708,11281,250,263,131,0,573,89.7,0,38.6,1,0,0,639,359
276,5322,5320757,11049,250,264,133,0,660,89.9,0,38.7,1,0,0,639,359
277,5333,5331758,11001,250,263,136,0,553,90.0,0,38.8,1,0,0,639,359
278,5344,5342864,11106,250,263,140,0,553,90.1,0,38.9,1,0,0,639,359
279,5355,5353971,11107,250,262,146,0,553,90.2,0,39.0,1,0,0,639,359
280,5366,5365082,11111,250,261,154,0,552,89.6,1,39.0,1,0,0,639,359
281,5377,5376193,11111,250,261,161,0,662,89.7,0,38.9,1,0,0,639,359
282,5388,5387306,11113,250,261,168,0,549,89.7,0,38.9,1,0,0,639,359
283,5399,5398411,11105,250,261,175,0,551,89.8,0,38.9,1,0,0,639,359
284,5411,5409519,11108,250,-1,-1,1,547,89.9,0,-1.0,1,0,0,639,359
285,5421,5420627,11108,250,-1,-1,1,546,89.9,0,-1.0,1,0,0,639,359
286,5433,5431734,11107,250,-1,-1,1,548,85.3,0,-1.0,2,0,0,639,359
287,5444,5442847,11113,250,-1,-1,1,546,90.0,0,-1.0,2,0,0,639,359
288,5455,5453956,11109,250,-1,-1,1,546,89.7,0,-1.0,2,0,0,639,359
289,5466,5465061,11105,250,-1,-1,1,548,90.1,1,-1.0,2,0,0,639,359
290,5477,5476177,11116,250,279,171,0,651,85.9,0,36.3,1,0,0,639,359
291,5489,5487284,11107,250,288,169,0,273,89.5,0,36.0,1,174,61,388,275
292,5499,5498391,11107,250,291,167,0,211,89.9,0,35.7,1,187,63,394,270
293,5510,5509500,11109,250,295,164,0,210,89.9,0,35.1,1,192,63,396,267
294,5521,5520604,11104,250,298,161,0,201,90.0,0,34.4,1,198,62,398,262
295,5532,5531712,11108,250,300,157,0,191,90.0,0,33.5,1,203,60,398,255
296,5544,5542824,11112,250,303,153,0,179,90.0,0,32.3,1,208,59,398,249
297,5555,5553934,11110,250,305,149,0,170,90.1,0,30.8,1,213,58,396,241
298,5566,5565042,11108,250,307,145,0,159,90.1,1,29.0,1,219,58,394,233
299,5577,5576158,11116,250,308,141,0,144,90.1,0,26.7,1,226,58,391,223
300,5589,5587267,11109,250,-1,-1,1,128,89.9,0,-1.0,1,235,61,387,213
301,5599,5598371,11104,250,-1,-1,1,122,90.2,0,-1.0,1,239,59,387,207
302,5610,5609478,11107,250,-1,-1,1,111,87.6,0,-1.0,2,242,56,388,202
303,5622,5620741,11263,250,-1,-1,1,533,90.0,0,-1.0,2,0,0,639,359
304,5633,5631702,10961,250,-1,-1,1,531,90.0,0,-1.0,2,0,0,639,359
305,5644,5642810,11108,250,-1,-1,1,529,90.0,0,-1.0,2,0,0,639,359
306,5655,5653918,11108,250,-1,-1,1,528,90.0,0,-1.0,2,0,0,639,359
307,5666,5665025,11107,250,-1,-1,1,525,90.1,1,-1.0,2,0,0,639,359
308,5677,5676142,11117,250,-1,-1,1,631,89.9,0,-1.0,2,0,0,639,359
309,5689,5687249,11107,250,-1,-1,1,550,89.9,0,-1.0,2,0,0,639,359
310,5699,5698361,11112,250,-1,-1,1,554,89.9,0,-1.0,2,0,0,639,359
311,5710,5709463,11102,250,-1,-1,1,576,90.0,0,-1.0,2,0,0,639,359
312,5722,5720574,11111,250,-1,-1,1,547,90.0,0,-1.0,2,0,0,639,359
313,5732,5731682,11108,250,-1,-1,1,549,90.0,0,-1.0,2,0,0,639,359
314,5744,5742791,11109,250,-1,-1,1,549,90.0,0,-1.0,2,0,0,639,359
315,5755,5753903,11112,250,-1,-1,1,551,90.0,0,-1.0,2,0,0,639,359
316,5766,5765013,11110,250,307,146,0,553,88.2,1,45.5,1,0,0,639,359
317,5778,5776118,11105,250,306,144,0,557,89.9,0,45.4,1,0,0,639,359
318,5788,5787231,11113,250,305,142,0,554,89.9,0,45.4,1,0,0,639,359
319,5799,5798342,11111,250,304,141,0,553,89.9,0,45.5,1,0,0,639,359
320,5810,5809450,11108,250,302,140,0,557,90.0,0,45.5,1,0,0,639,359
321,5821,5820557,11107,250,301,140,0,557,90.0,0,45.5,1,0,0,639,359
322,5832,5831666,11109,250,301,140,0,557,90.0,0,45.5,1,0,0,639,359
323,5844,5842774,11108,250,301,140,0,559,90.0,0,45.5,1,0,0,639,359
324,5855,5853885,11111,250,301,139,0,557,90.0,0,45.5,1,0,0,639,359
325,5866,5864994,11109,250,301,139,0,556,90.0,1,45.5,1,0,0,639,359
326,5877,5876108,11114,250,302,138,0,664,89.9,0,45.5,1,0,0,639,359
327,5888,5887218,11110,250,303,137,0,556,89.9,0,45.5,1,0,0,639,359
328,5899,5898323,11105,250,304,136,0,556,90.0,0,45.4,1,0,0,639,359
329,5910,5909427,11104,250,305,134,0,556,90.0,0,45.5,1,0,0,639,359
330,5921,5920541,11114,250,307,132,0,558,90.0,0,45.5,1,0,0,639,359
331,5932,5931647,11106,250,308,131,0,557,90.0,0,45.5,1,0,0,639,359
332,5944,5942761,11114,250,310,130,0,553,90.0,0,45.5,1,0,0,639,359
333,5955,5953871,11110,250,310,128,0,557,90.0,0,45.5,1,0,0,639,359
334,5966,5964976,11105,250,311,127,0,556,90.0,1,45.5,1,0,0,639,359
335,5977,5976089,11113,250,311,126,0,659,89.9,0,45.5,1,0,0,639,359
336,5989,5987196,11107,250,311,125,0,554,89.9,0,45.5,1,0,0,639,359
337,5999,5998307,11111,250,311,124,0,554,90.0,0,45.6,1,0,0,639,359
338,6010,6009414,11107,250,311,124,0,557,90.0,0,45.6,1,0,0,639,359
339,6021,6020518,11104,250,311,125,0,554,90.0,0,45.6,1,0,0,639,359
340,6033,6031633,11115,250,311,125,0,555,90.0,0,45.5,1,0,0,639,359
341,6044,6042743,11110,250,310,126,0,553,90.0,0,45.5,1,0,0,639,359
342,6055,6053851,11108,250,309,126,0,556,90.0,0,45.6,1,0,0,639,359
343,6066,6064961,11110,250,308,127,0,554,90.0,1,45.6,1,0,0,639,359
344,6077,6076075,11114,250,307,128,0,659,89.9,0,45.6,1,0,0,639,359
345,6089,6087179,11104,250,305,128,0,557,90.0,0,45.6,1,0,0,639,359
346,6099,6098291,11112,250,304,128,0,559,90.0,0,45.5,1,0,0,639,359
347,6110,6109396,11105,250,302,128,0,555,90.0,0,45.5,1,0,0,639,359
348,6122,6120505,11109,250,300,128,0,557,90.0,0,45.5,1,0,0,639,359
349,6132,6131614,11109,250,300,128,0,559,90.0,0,45.5,1,0,0,639,359
350,6144,6142730,11116,250,300,127,0,557,90.0,0,45.5,1,0,0,639,359
351,6155,6153831,11101,250,301,127,0,557,90.0,0,45.5,1,0,0,639,359
352,6166,6164944,11113,250,302,126,0,553,89.9,1,45.6,1,0,0,639,359
353,6177,6176055,11111,250,303,125,0,661,89.9,0,45.5,1,0,0,639,359
354,6188,6187162,11107,250,304,125,0,555,90.0,0,45.5,1,0,0,639,359
355,6199,6198270,11108,250,305,124,0,556,90.0,0,45.5,1,0,0,639,359
356,6210,6209377,11107,250,305,123,0,556,90.0,0,45.5,1,0,0,639,359
357,6221,6220488,11111,250,304,122,0,557,90.0,0,45.5,1,0,0,639,359
358,6232,6231598,11110,250,304,121,0,558,90.0,0,45.6,1,0,0,639,359
359,6246,6242705,11107,250,303,120,0,554,71.4,0,45.5,1,0,0,639,359
360,6303,6253816,11111,250,303,120,0,554,28.6,0,45.5,1,0,0,639,359
361,6304,6298233,44417,250,303,119,0,605,42.3,1,45.5,1,0,0,639,359
362,6311,6309377,11144,250,301,117,0,558,51.3,0,45.5,1,0,0,639,359
363,6322,6320476,11099,250,300,116,0,555,56.2,0,45.5,1,0,0,639,359
364,6332,6331580,11104,250,301,116,0,557,60.0,0,45.6,1,0,0,639,359
365,6344,6342690,11110,250,302,116,0,555,63.1,0,45.6,1,0,0,639,359
366,6355,6353798,11108,250,304,115,0,554,65.6,0,45.6,1,0,0,639,359
367,6366,6364910,11112,250,305,115,0,555,67.7,0,45.5,1,0,0,639,359
368,6377,6376017,11107,250,306,115,0,560,69.4,0,45.6,1,0,0,639,359
369,6388,6387125,11108,250,306,114,0,553,70.5,0,45.6,1,0,0,639,359
370,6399,6398232,11107,250,305,113,0,558,71.9,1,45.6,1,0,0,639,359
371,6410,6409348,11116,250,305,112,0,664,73.0,0,45.6,1,0,0,639,359
372,6422,6420455,11107,250,306,111,0,555,74.1,0,45.6,1,0,0,639,359
373,6433,6431563,11108,250,307,110,0,559,75.0,0,45.6,1,0,0,639,359
374,6443,6442669,11106,250,309,110,0,557,75.8,0,45.7,1,0,0,639,359
375,6455,6453782,11113,250,311,110,0,561,76.6,0,45.7,1,0,0,639,359
376,6466,6464888,11106,250,312,111,0,553,77.3,0,45.7,1,0,0,639,359
377,6477,6476000,11112,250,312,112,0,555,77.6,0,45.7,1,0,0,639,359
378,6488,6487108,11108,250,310,112,0,555,78.4,0,45.7,1,0,0,639,359
379,6499,6498221,11113,250,309,112,0,555,78.7,1,45.6,1,0,0,639,359
380,6510,6509331,11110,250,307,111,0,662,79.1,0,45.5,1,0,0,639,359
381,6522,6520435,11104,250,305,110,0,555,79.3,0,45.6,1,0,0,639,359
382,6532,6531547,11112,250,304,108,0,557,80.0,0,45.6,1,0,0,639,359
383,6543,6542652,11105,250,303,105,0,560,80.4,0,45.5,1,0,0,639,359
384,6555,6553761,11109,250,304,102,0,555,80.7,0,45.6,1,0,0,639,359
385,6566,6564870,11109,250,305,99,0,557,81.1,0,45.6,1,0,0,639,359
386,6577,6575980,11110,250,308,97,0,557,81.4,0,45.6,1,0,0,639,359
387,6588,6587091,11111,250,311,95,0,559,81.7,0,45.7,1,0,0,639,359
388,6599,6598200,11109,250,314,93,0,554,81.7,1,45.8,1,0,0,639,359
389,6610,6609317,11117,250,318,92,0,778,82.0,0,45.9,1,0,0,639,359
390,6622,6620424,11107,250,321,92,0,556,82.3,0,45.9,1,0,0,639,359
391,6632,6631532,11108,250,324,93,0,557,82.5,0,45.9,1,0,0,639,359
392,6643,6642636,11104,250,326,94,0,554,82.7,0,45.9,1,0,0,639,359
393,6655,6653748,11112,250,328,96,0,555,82.9,0,45.8,1,0,0,639,359
394,6666,6664855,11107,250,328,98,0,554,83.1,0,45.8,1,0,0,639,359
395,6677,6675964,11109,250,328,100,0,558,83.3,0,45.8,1,0,0,639,359
396,6688,6687074,11110,250,326,102,0,560,83.5,0,45.8,1,0,0,639,359
397,6699,6698184,11110,250,324,104,0,558,83.5,1,45.8,1,0,0,639,359
398,6710,6709297,11113,250,322,105,0,665,83.7,0,45.7,1,0,0,639,359
399,6722,6720404,11107,250,321,106,0,556,83.8,0,45.6,1,0,0,639,359
400,6732,6731512,11108,250,320,105,0,560,84.0,0,45.6,1,0,0,639,359
401,6744,6742621,11109,250,321,104,0,556,84.1,0,45.6,1,0,0,639,359
402,6755,6753726,11105,250,321,104,0,557,84.3,0,45.6,1,0,0,639,359
403,6766,6764841,11115,250,322,102,0,557,84.4,0,45.6,1,0,0,639,359
404,6777,6775948,11107,250,323,101,0,558,84.6,0,45.7,1,0,0,639,359
405,6788,6787062,11114,250,324,100,0,560,84.5,0,45.7,1,0,0,639,359
406,6799,6798166,11104,250,324,99,0,555,84.7,1,45.6,1,0,0,639,359
407,6810,6809278,11112,250,325,99,0,555,84.8,0,45.7,1,0,0,639,359
408,6821,6820391,11113,250,325,100,0,587,84.9,0,45.7,1,0,0,639,359
409,6833,6831496,11105,250,325,101,0,560,85.0,0,45.7,1,0,0,639,359
410,6844,6842603,11107,250,323,102,0,556,85.1,0,45.7,1,0,0,639,359
411,6855,6853711,11108,250,321,103,0,559,85.2,0,45.7,1,0,0,639,359
412,6866,6864822,11111,250,318,104,0,558,85.3,0,45.7,1,0,0,639,359
413,6877,6875930,11108,250,315,105,0,559,85.3,0,45.6,1,0,0,639,359
414,6888,6887038,11108,250,313,106,0,555,85.5,0,45.6,1,0,0,639,359
415,6899,6898150,11112,250,311,106,0,555,85.6,1,45.6,1,0,0,639,359
416,6910,6909262,11112,250,310,107,0,663,85.5,0,45.6,1,0,0,639,359
417,6922,6920373,11111,250,310,107,0,554,85.5,0,45.6,1,0,0,639,359
418,6932,6931477,11104,250,310,108,0,554,85.7,0,45.6,1,0,0,639,359
419,6943,6942589,11112,250,311,109,0,562,85.8,0,45.6,1,0,0,639,359
420,6955,6953694,11105,250,311,110,0,558,85.9,0,45.5,1,0,0,639,359
421,6966,6964803,11109,250,311,110,0,558,85.9,0,45.5,1,0,0,639,359
422,6977,6975914,11111,250,310,110,0,555,86.0,0,45.5,1,0,0,639,359
423,6988,6987025,11111,250,308,110,0,555,86.1,0,45.5,1,0,0,639,359
424,6999,6998133,11108,250,306,109,0,557,86.2,1,45.5,1,0,0,639,359
425,7010,7009245,11112,250,303,108,0,665,86.1,0,45.5,1,0,0,639,359
426,7022,7020349,11104,250,300,107,0,557,86.2,0,45.5,1,0,0,639,359
427,7032,7031463,11114,250,298,106,0,556,86.2,0,45.6,1,0,0,639,359
428,7043,7042569,11106,250,296,105,0,556,86.3,0,45.6,1,0,0,639,359
429,7055,7053679,11110,250,295,105,0,559,86.4,0,45.6,1,0,0,639,359
430,7066,7064785,11106,250,295,104,0,557,86.4,0,45.6,1,0,0,639,359
431,7077,7075899,11114,250,294,105,0,560,86.5,0,45.6,1,0,0,639,359
432,7088,7087004,11105,250,294,105,0,561,86.5,0,45.7,1,0,0,639,359
433,7099,7098115,11111,250,294,107,0,556,86.5,1,45.7,1,0,0,639,359
434,7110,7109224,11109,250,294,108,0,665,86.6,0,45.7,1,0,0,639,359
435,7122,7120333,11109,250,293,108,0,554,86.6,0,45.6,1,0,0,639,359
436,7132,7131439,11106,250,292,109,0,557,86.7,0,45.6,1,0,0,639,359
437,7144,7142556,11117,250,291,108,0,557,86.7,0,45.6,1,0,0,639,359
438,7154,7153659,11103,250,291,108,0,558,86.8,0,45.5,1,0,0,639,359
439,7166,7164770,11111,250,290,107,0,559,86.8,0,45.5,1,0,0,639,359
440,7177,7175880,11110,250,290,106,0,558,86.9,0,45.6,1,0,0,639,359
441,7188,7186990,11110,250,290,105,0,558,86.8,0,45.6,1,0,0,639,359
442,7199,7198098,11108,250,290,104,0,560,87.0,1,45.6,1,0,0,639,359
443,7210,7209212,11114,250,291,104,0,667,86.9,0,45.7,1,0,0,639,359
444,7222,7220314,11102,250,292,104,0,555,87.0,0,45.7,1,0,0,639,359
445,7232,7231427,11113,250,293,105,0,557,87.0,0,45.7,1,0,0,639,359
446,7247,7242532,11105,250,294,106,0,554,71.4,0,45.7,1,0,0,639,359
447,7254,7253647,11115,250,294,107,0,561,90.9,0,45.6,1,0,0,639,359
448,7266,7264754,11107,250,295,108,0,561,90.9,0,45.6,1,0,0,639,359
449,7277,7275860,11106,250,295,108,0,555,90.9,0,45.6,1,0,0,639,359
450,7305,7286973,11113,250,295,109,0,1108,68.5,0,45.5,1,0,0,639,359
451,7306,7298079,11106,250,294,109,0,592,81.1,1,45.6,1,0,0,639,359
452,7310,7309210,11131,250,293,109,0,556,89.7,0,45.6,1,0,0,639,359
453,7321,7320306,11096,250,293,109,0,580,89.9,0,45.5,1,0,0,639,359
454,7332,7331408,11102,250,292,109,0,576,90.0,0,45.6,1,0,0,639,359
455,7343,7342523,11115,250,292,109,0,565,90.1,0,45.6,1,0,0,639,359
456,7354,7353629,11106,250,292,109,0,558,90.2,0,45.5,1,0,0,639,359
457,7366,7364737,11108,250,292,109,0,557,90.2,0,45.6,1,0,0,639,359
458,7377,7375846,11109,250,292,109,0,557,90.3,0,45.6,1,0,0,639,359
459,7388,7386953,11107,250,292,108,0,556,90.3,0,45.6,1,0,0,639,359
460,7399,7398064,11111,250,293,108,0,559,90.4,1,45.6,1,0,0,639,359
461,7410,7409179,11115,250,293,108,0,663,89.9,0,45.5,1,0,0,639,359
462,7422,7420286,11107,250,293,108,0,556,89.9,0,45.6,1,0,0,639,359
463,7432,7431393,11107,250,293,108,0,560,90.0,0,45.6,1,0,0,639,359
464,7443,7442497,11104,250,293,108,0,559,90.0,0,45.6,1,0,0,639,359
465,7455,7453610,11113,250,293,108,0,555,90.1,0,45.6,1,0,0,639,359
466,7466,7464719,11109,250,293,109,0,557,90.1,0,45.5,1,0,0,639,359
467,7477,7475828,11109,250,292,109,0,557,90.2,0,45.5,1,0,0,639,359
468,7488,7486936,11108,250,293,109,0,557,90.2,0,45.6,1,0,0,639,359
469,7499,7498045,11109,250,293,109,0,557,89.9,1,45.6,1,0,0,639,359
470,7510,7509180,11135,250,293,109,0,553,89.9,0,45.6,1,0,0,639,359
471,7521,7520267,11087,250,294,109,0,556,90.0,0,45.5,1,0,0,639,359
472,7532,7531373,11106,250,294,109,0,554,90.0,0,45.5,1,0,0,639,359
473,7544,7542485,11112,250,295,109,0,556,90.0,0,45.6,1,0,0,639,359
474,7554,7553590,11105,250,295,109,0,554,90.1,0,45.6,1,0,0,639,359
475,7565,7564701,11111,250,295,109,0,558,90.1,0,45.5,1,0,0,639,359
476,7577,7575810,11109,250,295,109,0,557,90.1,0,45.5,1,0,0,639,359
477,7588,7586921,11111,250,296,109,0,555,89.9,0,45.5,1,0,0,639,359
478,7599,7598028,11107,250,296,109,0,556,90.2,1,45.6,1,0,0,639,359
479,7610,7609142,11114,250,296,109,0,555,89.9,0,45.6,1,0,0,639,359
480,7621,7620247,11105,250,296,109,0,553,90.0,0,45.6,1,0,0,639,359
481,7632,7631360,11113,250,297,110,0,554,90.0,0,45.6,1,0,0,639,359
482,7643,7642464,11104,250,298,110,0,553,90.0,0,45.6,1,0,0,639,359
483,7654,7653576,11112,250,298,110,0,555,90.0,0,45.6,1,0,0,639,359
484,7665,7664684,11108,250,299,110,0,556,90.1,0,45.5,1,0,0,639,359
485,7677,7675793,11109,250,299,110,0,558,90.1,0,45.5,1,0,0,639,359
486,7688,7686899,11106,250,299,110,0,557,90.1,0,45.5,1,0,0,639,359
487,7699,7698009,11110,250,299,110,0,662,89.9,1,45.5,1,0,0,639,359
488,7710,7709121,11112,250,299,110,0,1223,90.0,0,45.5,1,0,0,639,359
489,7721,7720395,11274,250,299,110,0,554,90.0,0,45.5,1,0,0,639,359
490,7732,7731339,10944,250,299,110,0,557,90.0,0,45.6,1,0,0,639,359
491,7743,7742451,11112,250,298,109,0,558,90.0,0,45.5,1,0,0,639,359
492,7754,7753557,11106,250,298,109,0,552,90.0,0,45.5,1,0,0,639,359
493,7766,7764667,11110,250,298,109,0,557,90.1,0,45.6,1,0,0,639,359
494,7777,7775778,11111,250,297,108,0,553,90.1,0,45.6,1,0,0,639,359
495,7788,7786888,11110,250,297,108,0,556,90.1,0,45.5,1,0,0,639,359
496,7799,7797995,11107,250,297,107,0,558,90.1,1,45.6,1,0,0,639,359
497,7810,7809109,11114,250,297,107,0,554,90.0,0,45.5,1,0,0,639,359
498,7821,7820214,11105,250,298,107,0,620,90.0,0,45.6,1,0,0,639,359
499,7832,7831323,11109,250,298,108,0,556,90.0,0,45.6,1,0,0,639,359
500,7843,7842428,11105,250,299,108,0,558,90.0,0,45.6,1,0,0,639,359
501,7855,7853542,11114,250,299,108,0,558,90.0,0,45.6,1,0,0,639,359
502,7865,7864650,11108,250,300,108,0,556,90.0,0,45.6,1,0,0,639,359
503,7877,7875761,11111,250,300,108,0,557,90.1,0,45.6,1,0,0,639,359
504,7888,7886867,11106,250,300,108,0,554,90.1,0,45.5,1,0,0,639,359
505,7899,7897979,11112,250,300,108,0,553,90.0,1,45.6,1,0,0,639,359
506,7910,7909089,11110,250,300,108,0,555,90.0,0,45.6,1,0,0,639,359
507,7921,7920196,11107,250,300,108,0,554,90.0,0,45.5,1,0,0,639,359
508,7932,7931304,11108,250,300,108,0,557,90.0,0,45.5,1,0,0,639,359
509,7943,7942416,11112,250,299,108,0,556,90.0,0,45.6,1,0,0,639,359
510,7954,7953523,11107,250,300,108,0,554,90.0,0,45.6,1,0,0,639,359
511,7965,7964631,11108,250,300,108,0,554,90.0,0,45.6,1,0,0,639,359
512,7977,7975742,11111,250,300,108,0,560,90.1,0,45.6,1,0,0,639,359
513,7988,7986849,11107,250,300,108,0,555,90.1,0,45.6,1,0,0,639,359
514,7999,7997961,11112,250,300,108,0,556,90.1,1,45.6,1,0,0,639,359
515,8010,8009072,11111,250,300,108,0,556,90.0,0,45.6,1,0,0,639,359
516,8021,8020179,11107,250,300,108,0,615,90.0,0,45.6,1,0,0,639,359
517,8032,8031289,11110,250,300,108,0,557,90.0,0,45.6,1,0,0,639,359
518,8043,8042396,11107,250,300,108,0,558,90.0,0,45.6,1,0,0,639,359
519,8054,8053507,11111,250,300,108,0,591,90.0,0,45.6,1,0,0,639,359
520,8065,8064615,11108,250,300,108,0,560,90.0,0,45.6,1,0,0,639,359
521,8077,8075724,11109,250,301,109,0,556,90.0,0,45.6,1,0,0,639,359
522,8088,8086835,11111,250,301,109,0,554,90.1,0,45.6,1,0,0,639,359
523,8099,8097947,11112,250,301,109,0,555,90.1,1,45.5,1,0,0,639,359
524,8110,8109055,11108,250,301,109,0,553,90.0,0,45.6,1,0,0,639,359
525,8121,8120167,11112,250,301,109,0,559,90.0,0,45.6,1,0,0,639,359
526,8132,8131269,11102,250,301,109,0,556,90.0,0,45.5,1,0,0,639,359
527,8143,8142383,11114,250,300,109,0,558,90.0,0,45.5,1,0,0,639,359
528,8154,8153493,11110,250,300,109,0,587,90.0,0,45.6,1,0,0,639,359
529,8166,8164601,11108,250,300,109,0,555,90.0,0,45.6,1,0,0,639,359
530,8177,8175705,11104,250,300,109,0,561,90.0,0,45.5,1,0,0,639,359
531,8188,8186815,11110,250,300,108,0,554,90.1,0,45.6,1,0,0,639,359
532,8199,8197922,11107,250,300,108,0,557,90.1,1,45.6,1,0,0,639,359
533,8210,8209038,11116,250,300,108,0,555,90.0,0,45.5,1,0,0,639,359
534,8221,8220146,11108,250,301,109,0,663,90.0,0,45.6,1,0,0,639,359
535,8232,8231254,11108,250,301,109,0,554,90.0,0,45.5,1,0,0,639,359
536,8243,8242367,11113,250,302,109,0,557,90.9,0,45.6,1,0,0,639,359
537,8255,8253471,11104,250,302,109,0,555,90.9,0,45.6,1,0,0,639,359
538,8265,8264581,11110,250,303,110,0,555,90.9,0,45.6,1,0,0,639,359
539,8276,8275690,11109,250,302,110,0,554,90.9,0,45.5,1,0,0,639,359
540,8306,8286801,11111,250,302,110,0,664,67.6,0,45.5,1,0,0,639,359
541,8307,8297908,11107,250,302,110,0,621,80.0,1,45.6,1,0,0,639,359
542,8310,8309016,11108,250,302,110,0,558,89.7,0,45.6,1,0,0,639,359
543,8321,8320129,11113,250,302,110,0,558,90.9,0,45.5,1,0,0,639,359
544,8332,8331236,11107,250,301,110,0,559,90.0,0,45.5,1,0,0,639,359
545,8344,8342349,11113,250,301,110,0,555,90.1,0,45.5,1,0,0,639,359
546,8354,8353457,11108,250,302,110,0,556,90.2,0,45.5,1,0,0,639,359
547,8365,8364564,11107,250,302,110,0,558,90.2,0,45.5,1,0,0,639,359
548,8376,8375670,11106,250,302,110,0,559,90.3,0,45.5,1,0,0,639,359
549,8388,8386784,11114,250,302,110,0,558,90.3,0,45.5,1,0,0,639,359
550,8399,8397890,11106,250,302,110,0,553,90.4,1,45.6,1,0,0,639,359
551,8410,8409007,11117,250,302,111,0,555,89.9,0,45.6,1,0,0,639,359
552,8421,8420110,11103,250,302,111,0,551,89.9,0,45.5,1,0,0,639,359
553,8432,8431222,11112,250,302,111,0,558,90.0,0,45.5,1,0,0,639,359
554,8443,8442331,11109,250,302,111,0,559,90.0,0,45.5,1,0,0,639,359
555,8454,8453437,11106,250,302,111,0,559,90.1,0,45.5,1,0,0,639,359
556,8465,8464543,11106,250,302,111,0,556,90.1,0,45.5,1,0,0,639,359
557,8477,8475658,11115,250,302,111,0,558,90.2,0,45.5,1,0,0,639,359
558,8488,8486765,11107,250,302,111,0,557,90.2,0,45.5,1,0,0,639,359
559,8499,8497874,11109,250,301,111,0,556,90.2,1,45.5,1,0,0,639,359
560,8510,8508989,11115,250,301,111,0,554,89.9,0,45.5,1,0,0,639,359
561,8521,8520094,11105,250,302,111,0,622,90.0,0,45.5,1,0,0,639,359
562,8532,8531200,11106,250,302,111,0,554,90.0,0,45.5,1,0,0,639,359
563,8543,8542312,11112,250,302,111,0,555,90.0,0,45.5,1,0,0,639,359
564,8554,8553419,11107,250,302,111,0,554,90.1,0,45.5,1,0,0,639,359
565,8566,8564530,11111,250,303,111,0,558,90.1,0,45.5,1,0,0,639,359
566,8576,8575638,11108,250,303,112,0,559,90.1,0,45.6,1,0,0,639,359
567,8588,8586747,11109,250,303,111,0,555,90.1,0,45.6,1,0,0,639,359
568,8599,8597854,11107,250,302,111,0,558,90.2,1,45.5,1,0,0,639,359
569,8610,8608969,11115,250,302,111,0,553,89.9,0,45.5,1,0,0,639,359
570,8621,8620076,11107,250,302,111,0,558,90.2,0,45.6,1,0,0,639,359
571,8632,8631189,11113,250,302,111,0,554,90.0,0,45.6,1,0,0,639,359
572,8643,8642295,11106,250,302,111,0,556,90.0,0,45.6,1,0,0,639,359
573,8654,8653400,11105,250,302,111,0,555,90.0,0,45.5,1,0,0,639,359
574,8665,8664512,11112,250,302,111,0,555,90.1,0,45.5,1,0,0,639,359
575,8676,8675621,11109,250,302,111,0,556,90.1,0,45.5,1,0,0,639,359
576,8688,8686730,11109,250,302,111,0,555,90.1,0,45.5,1,0,0,639,359
577,8699,8697840,11110,250,303,111,0,555,90.1,1,45.5,1,0,0,639,359
578,8710,8708951,11111,250,303,111,0,553,90.0,0,45.5,1,0,0,639,359
579,8721,8720060,11109,250,303,111,0,558,90.2,0,45.5,1,0,0,639,359
580,8732,8731164,11104,250,303,111,0,558,90.0,0,45.5,1,0,0,639,359
581,8744,8742278,11114,250,303,111,0,555,90.0,0,45.5,1,0,0,639,359
582,8754,8753385,11107,250,303,111,0,554,90.0,0,45.5,1,0,0,639,359
583,8765,8764495,11110,250,303,111,0,560,90.1,0,45.5,1,0,0,639,359
584,8776,8775606,11111,250,303,111,0,556,90.1,0,45.5,1,0,0,639,359
585,8788,8786717,11111,250,303,111,0,559,90.1,0,45.5,1,0,0,639,359
586,8799,8797817,11100,250,303,111,0,554,90.1,1,45.6,1,0,0,639,359
587,8810,8808936,11119,250,303,111,0,555,90.0,0,45.5,1,0,0,639,359
588,8821,8820041,11105,250,303,111,0,553,90.1,0,45.5,1,0,0,639,359
589,8832,8831149,11108,250,304,111,0,555,90.0,0,45.5,1,0,0,639,359
590,8843,8842257,11108,250,304,111,0,552,90.0,0,45.5,1,0,0,639,359
591,8854,8853367,11110,250,305,111,0,556,90.0,0,45.5,1,0,0,639,359
592,8865,8864479,11112,250,305,111,0,554,90.0,0,45.5,1,0,0,639,359
593,8877,8875588,11109,250,305,112,0,554,90.1,0,45.5,1,0,0,639,359
594,8887,8886692,11104,250,305,112,0,554,90.1,0,45.5,1,0,0,639,359
595,8899,8897805,11113,250,305,112,0,556,90.1,1,45.5,1,0,0,639,359
596,8910,8908917,11112,250,305,112,0,554,90.0,0,45.5,1,0,0,639,359
597,8921,8920027,11110,250,305,112,0,639,90.0,0,45.5,1,0,0,639,359
598,8932,8931132,11105,250,305,112,0,558,90.1,0,45.5,1,0,0,639,359
599,8943,8942240,11108,250,304,112,0,558,90.0,0,45.5,1,0,0,639,359
600,8954,8953350,11110,250,304,111,0,554,90.0,0,45.5,1,0,0,639,359
601,8965,8964463,11113,250,304,111,0,556,90.0,0,45.5,1,0,0,639,359
602,8976,8975567,11104,250,304,111,0,553,90.1,0,45.5,1,0,0,639,359
603,8987,8986679,11112,250,305,111,0,555,90.1,0,45.5,1,0,0,639,359
604,8999,8997788,11109,250,305,111,0,558,90.1,1,45.5,1,0,0,639,359
605,9011,9008903,11115,250,306,111,0,555,90.0,0,45.5,1,0,0,639,359
606,9021,9020008,11105,250,306,112,0,661,90.0,0,45.5,1,0,0,639,359
607,9032,9031116,11108,250,305,112,0,558,90.1,0,45.5,1,0,0,639,359
608,9043,9042224,11108,250,305,112,0,557,90.0,0,45.5,1,0,0,639,359
609,9054,9053335,11111,250,305,112,0,556,90.0,0,45.5,1,0,0,639,359
610,9065,9064441,11106,250,305,112,0,557,90.0,0,45.5,1,0,0,639,359
611,9076,9075553,11112,250,305,112,0,558,90.0,0,45.5,1,0,0,639,359
612,9087,9086659,11106,250,305,112,0,558,90.1,0,45.6,1,0,0,639,359
613,9099,9097773,11114,250,306,112,0,557,90.1,1,45.5,1,0,0,639,359
614,9110,9108886,11113,250,306,111,0,555,90.0,0,45.5,1,0,0,639,359
615,9121,9119995,11109,250,306,111,0,640,90.1,0,45.5,1,0,0,639,359
616,9132,9131099,11104,250,306,111,0,553,90.0,0,45.5,1,0,0,639,359
617,9143,9142206,11107,250,306,111,0,557,90.0,0,45.5,1,0,0,639,359
618,9154,9153317,11111,250,306,111,0,554,90.0,0,45.6,1,0,0,639,359
619,9165,9164427,11110,250,306,111,0,559,90.0,0,45.6,1,0,0,639,359
620,9176,9175533,11106,250,306,112,0,562,90.0,0,45.6,1,0,0,639,359
621,9188,9186644,11111,250,306,112,0,557,90.1,0,45.5,1,0,0,639,359
622,9199,9197750,11106,250,306,112,0,555,90.1,1,45.5,1,0,0,639,359
623,9210,9208868,11118,250,306,112,0,554,90.0,0,45.5,1,0,0,639,359
624,9221,9219971,11103,250,306,112,0,661,90.0,0,45.5,1,0,0,639,359
625,9232,9231085,11114,250,306,112,0,554,90.0,0,45.5,1,0,0,639,359
626,9243,9242264,11179,250,306,112,0,555,90.9,0,45.5,1,0,0,639,359
627,9254,9253301,11037,250,306,112,0,558,90.9,0,45.5,1,0,0,639,359
628,9265,9264408,11107,250,306,112,0,561,90.9,0,45.5,1,0,0,639,359
629,9277,9275519,11111,250,307,112,0,555,90.9,0,45.5,1,0,0,639,359
630,9306,9286629,11110,250,307,112,0,667,67.6,0,45.5,1,0,0,639,359
631,9307,9297736,11107,250,307,112,0,837,80.0,1,45.5,1,0,0,639,359
632,9310,9308840,11104,250,307,112,0,556,89.7,0,45.5,1,0,0,639,359
633,9321,9319962,11122,250,307,112,0,557,89.9,0,45.5,1,0,0,639,359
634,9332,9331067,11105,250,307,112,0,572,90.9,0,45.5,1,0,0,639,359
635,9343,9342176,11109,250,307,113,0,555,90.1,0,45.5,1,0,0,639,359
636,9354,9353286,11110,250,307,113,0,555,90.2,0,45.5,1,0,0,639,359
637,9365,9364394,11108,250,307,113,0,555,90.2,0,45.5,1,0,0,639,359
638,9376,9375502,11108,250,307,112,0,554,90.3,0,45.5,1,0,0,639,359
639,9387,9386612,11110,250,307,112,0,557,90.3,0,45.5,1,0,0,639,359
640,9399,9397718,11106,250,308,112,0,556,90.4,1,45.5,1,0,0,639,359
641,9411,9408837,11119,250,308,112,0,552,89.9,0,45.5,1,0,0,639,359
642,9421,9420036,11199,250,309,112,0,636,89.9,0,45.5,1,0,0,639,359
643,9432,9431049,11013,250,310,112,0,556,90.5,0,45.5,1,0,0,639,359
644,9443,9442155,11106,250,310,112,0,562,90.0,0,45.5,1,0,0,639,359
645,9454,9453269,11114,250,310,112,0,558,90.1,0,45.5,1,0,0,639,359
646,9465,9464375,11106,250,310,113,0,555,90.1,0,45.5,1,0,0,639,359
647,9476,9475484,11109,250,310,113,0,554,90.2,0,45.5,1,0,0,639,359
648,9487,9486593,11109,250,310,113,0,555,90.2,0,45.5,1,0,0,639,359
649,9499,9497703,11110,250,310,113,0,555,90.2,1,45.5,1,0,0,639,359
650,9510,9508814,11111,250,310,113,0,554,89.9,0,45.5,1,0,0,639,359
651,9521,9519923,11109,250,311,113,0,658,90.3,0,45.5,1,0,0,639,359
652,9532,9531029,11106,250,311,112,0,553,90.3,0,45.5,1,0,0,639,359
653,9543,9542139,11110,250,312,112,0,557,90.0,0,45.5,1,0,0,639,359
654,9554,9553246,11107,250,312,112,0,552,90.1,0,45.5,1,0,0,639,359
655,9565,9564353,11107,250,312,112,0,556,90.1,0,45.5,1,0,0,639,359
656,9576,9575463,11110,250,312,112,0,553,90.1,0,45.5,1,0,0,639,359
657,9588,9586575,11112,250,312,112,0,555,90.1,0,45.5,1,0,0,639,359
658,9598,9597682,11107,250,312,112,0,552,90.2,1,45.5,1,0,0,639,359
659,9610,9608799,11117,250,312,113,0,554,89.9,0,45.5,1,0,0,639,359
660,9621,9619904,11105,250,312,113,0,555,90.2,0,45.5,1,0,0,639,359
661,9632,9631015,11111,250,313,113,0,555,90.0,0,45.5,1,0,0,639,359
662,9643,9642122,11107,250,313,113,0,557,90.0,0,45.5,1,0,0,639,359
663,9654,9653230,11108,250,313,113,0,556,90.0,0,45.5,1,0,0,639,359
664,9665,9664339,11109,250,313,113,0,555,90.1,0,45.5,1,0,0,639,359
665,9677,9675451,11112,250,313,113,0,558,90.1,0,45.5,1,0,0,639,359
666,9687,9686558,11107,250,313,113,0,554,90.1,0,45.5,1,0,0,639,359
667,9698,9697669,11111,250,313,113,0,555,90.1,1,45.5,1,0,0,639,359
668,9710,9708780,11111,250,313,113,0,556,90.1,0,45.5,1,0,0,639,359
669,9721,9719892,11112,250,313,113,0,557,90.0,0,45.5,1,0,0,639,359
670,9732,9730997,11105,250,314,113,0,554,90.2,0,45.5,1,0,0,639,359
671,9743,9742101,11104,250,314,113,0,554,90.2,0,45.5,1,0,0,639,359
672,9754,9753212,11111,250,314,114,0,557,90.0,0,45.5,1,0,0,639,359
673,9765,9764324,11112,250,314,114,0,555,90.1,0,45.5,1,0,0,639,359
674,9776,9775428,11104,250,313,114,0,555,90.1,0,45.5,1,0,0,639,359
675,9787,9786542,11114,250,313,114,0,555,90.1,0,45.5,1,0,0,639,359
676,9798,9797651,11109,250,313,114,0,555,90.1,1,45.4,1,0,0,639,359
677,9810,9808769,11118,250,312,114,0,552,90.0,0,45.4,1,0,0,639,359
678,9821,9819975,11206,250,313,114,0,634,90.1,0,45.4,1,0,0,639,359
679,9832,9830979,11004,250,313,114,0,554,90.2,0,45.5,1,0,0,639,359
680,9843,9842089,11110,250,313,114,0,556,90.2,0,45.5,1,0,0,639,359
681,9854,9853195,11106,250,313,114,0,558,90.0,0,45.5,1,0,0,639,359
682,9865,9864307,11112,250,313,114,0,557,90.0,0,45.5,1,0,0,639,359
683,9876,9875420,11113,250,313,114,0,559,90.1,0,45.5,1,0,0,639,359
684,9887,9886523,11103,250,313,114,0,557,90.1,0,45.4,1,0,0,639,359
685,9899,9897633,11110,250,313,114,0,557,90.1,1,45.5,1,0,0,639,359
686,9910,9908748,11115,250,313,114,0,555,90.0,0,45.5,1,0,0,639,359
687,9921,9919855,11107,250,313,114,0,656,90.1,0,45.5,1,0,0,639,359
688,9932,9930961,11106,250,313,114,0,555,90.1,0,45.5,1,0,0,639,359
689,9943,9942071,11110,250,313,114,0,553,90.0,0,45.5,1,0,0,639,359
690,9954,9953182,11111,250,313,114,0,557,90.0,0,45.5,1,0,0,639,359
691,9965,9964289,11107,250,313,114,0,554,90.0,0,45.5,1,0,0,639,359
692,9976,9975398,11109,250,313,114,0,555,90.1,0,45.5,1,0,0,639,359
693,9988,9986506,11108,250,313,115,0,555,90.1,0,45.5,1,0,0,639,359
694,9998,9997617,11111,250,314,115,0,556,90.1,1,45.5,1,0,0,639,359
695,10010,10008728,11111,250,314,115,0,554,90.0,0,45.5,1,0,0,639,359
696,10021,10019835,11107,250,315,115,0,660,90.1,0,45.5,1,0,0,639,359
697,10032,10030946,11111,250,315,115,0,556,90.0,0,45.5,1,0,0,639,359
698,10043,10042053,11107,250,316,114,0,555,90.1,0,45.4,1,0,0,639,359
699,10054,10053163,11110,250,316,114,0,556,90.0,0,45.5,1,0,0,639,359
700,10065,10064272,11109,250,317,114,0,554,90.0,0,45.5,1,0,0,639,359
701,10076,10075380,11108,250,317,114,0,558,90.0,0,45.4,1,0,0,639,359
702,10087,10086489,11109,250,318,114,0,559,90.1,0,45.4,1,0,0,639,359
703,10098,10097601,11112,250,319,114,0,555,90.1,1,45.4,1,0,0,639,359
704,10110,10108712,11111,250,319,114,0,553,90.0,0,45.5,1,0,0,639,359
705,10121,10119816,11104,250,319,114,0,559,90.1,0,45.4,1,0,0,639,359
706,10132,10130927,11111,250,318,114,0,556,90.1,0,45.5,1,0,0,639,359
707,10143,10142037,11110,250,318,113,0,555,90.1,0,45.4,1,0,0,639,359
708,10154,10153147,11110,250,317,113,0,558,90.0,0,45.5,1,0,0,639,359
709,10165,10164255,11108,250,317,114,0,555,90.0,0,45.5,1,0,0,639,359
710,10176,10175363,11108,250,316,114,0,555,90.0,0,45.5,1,0,0,639,359
711,10187,10186472,11109,250,316,114,0,555,90.1,0,45.5,1,0,0,639,359
712,10198,10197579,11107,250,316,114,0,559,90.1,1,45.5,1,0,0,639,359
713,10210,10208694,11115,250,316,114,0,555,90.0,0,45.5,1,0,0,639,359
714,10221,10219883,11189,250,316,114,0,636,90.1,0,45.5,1,0,0,639,359
715,10232,10230908,11025,250,316,114,0,554,90.1,0,45.5,1,0,0,639,359
716,10243,10242015,11107,250,316,113,0,555,90.1,0,45.5,1,0,0,639,359
717,10257,10253129,11114,250,316,113,0,558,71.4,0,45.4,1,0,0,639,359
718,10265,10264238,11109,250,315,112,0,556,87.0,0,45.5,1,0,0,639,359
719,10276,10275346,11108,250,315,112,0,558,88.2,0,45.5,1,0,0,639,359
720,10308,10286451,11105,250,315,113,0,2065,59.7,0,45.5,1,0,0,639,359
721,10310,10308665,22214,250,315,113,0,653,73.5,1,45.5,1,0,0,639,359
722,10321,10319788,11123,250,314,113,0,556,76.9,0,45.5,1,0,0,639,359
723,10332,10330890,11102,250,314,113,0,556,78.7,0,45.5,1,0,0,639,359
724,10343,10342003,11113,250,314,114,0,667,79.2,0,45.5,1,0,0,639,359
725,10354,10353112,11109,250,314,114,0,659,80.4,0,45.5,1,0,0,639,359
726,10366,10364223,11111,250,314,114,0,554,81.3,0,45.5,1,0,0,639,359
727,10376,10375327,11104,250,314,114,0,558,82.1,0,45.5,1,0,0,639,359
728,10387,10386438,11111,250,314,114,0,556,82.8,0,45.5,1,0,0,639,359
729,10398,10397547,11109,250,314,114,0,556,83.3,0,45.5,1,0,0,639,359
730,10409,10408655,11108,250,314,114,0,556,83.8,1,45.5,1,0,0,639,359
731,10421,10419768,11113,250,314,114,0,557,84.3,0,45.5,1,0,0,639,359
732,10432,10430879,11111,250,314,113,0,552,84.7,0,45.5,1,0,0,639,359
733,10443,10441983,11104,250,314,113,0,554,85.0,0,45.5,1,0,0,639,359
734,10454,10453095,11112,250,314,113,0,555,85.3,0,45.5,1,0,0,639,359
735,10465,10464204,11109,250,314,113,0,553,85.2,0,45.5,1,0,0,639,359
736,10476,10475312,11108,250,315,114,0,558,85.5,0,45.5,1,0,0,639,359
737,10487,10486420,11108,250,315,114,0,553,85.7,0,45.5,1,0,0,639,359
738,10498,10497531,11111,250,316,114,0,554,85.9,0,45.5,1,0,0,639,359
739,10509,10508644,11113,250,316,114,0,554,86.1,1,45.5,1,0,0,639,359
740,10521,10519756,11112,250,317,114,0,557,86.3,0,45.5,1,0,0,639,359
741,10532,10530858,11102,250,317,114,0,668,86.5,0,45.4,1,0,0,639,359
742,10543,10541965,11107,250,317,113,0,560,86.7,0,45.5,1,0,0,639,359
743,10554,10553072,11107,250,317,113,0,557,86.8,0,45.5,1,0,0,639,359
744,10565,10564188,11116,250,318,113,0,555,86.7,0,45.4,1,0,0,639,359
745,10576,10575292,11104,250,318,113,0,555,86.8,0,45.4,1,0,0,639,359
746,10587,10586402,11110,250,319,113,0,554,87.0,0,45.5,1,0,0,639,359
747,10598,10597509,11107,250,319,113,0,557,87.1,0,45.5,1,0,0,639,359
748,10610,10608621,11112,250,320,113,0,561,87.2,1,45.5,1,0,0,639,359
749,10621,10619732,11111,250,320,114,0,568,87.3,0,45.5,1,0,0,639,359
750,10632,10630843,11111,250,321,114,0,668,87.4,0,45.5,1,0,0,639,359
751,10643,10641952,11109,250,321,114,0,558,87.5,0,45.5,1,0,0,639,359
752,10654,10653056,11104,250,321,114,0,556,87.4,0,45.5,1,0,0,639,359
753,10665,10664164,11108,250,322,114,0,554,87.5,0,45.5,1,0,0,639,359
754,10676,10675276,11112,250,323,114,0,557,87.6,0,45.5,1,0,0,639,359
755,10687,10686386,11110,250,324,114,0,555,87.6,0,45.5,1,0,0,639,359
756,10699,10697499,11113,250,326,115,0,553,87.7,0,45.5,1,0,0,639,359
757,10709,10708602,11103,250,327,115,0,555,87.8,1,45.5,1,0,0,639,359
758,10721,10719717,11115,250,329,115,0,577,87.9,0,45.5,1,0,0,639,359
759,10732,10730823,11106,250,330,115,0,667,87.9,0,45.5,1,0,0,639,359
760,10743,10741934,11111,250,332,115,0,557,87.8,0,45.5,1,0,0,639,359
761,10754,10753044,11110,250,333,115,0,558,88.1,0,45.5,1,0,0,639,359
762,10765,10764150,11106,250,334,115,0,557,88.1,0,45.5,1,0,0,639,359
763,10776,10775257,11107,250,335,114,0,562,88.0,0,45.5,1,0,0,639,359
764,10787,10786372,11115,250,335,114,0,557,88.1,0,45.5,1,0,0,639,359
765,10798,10797478,11106,250,335,114,0,556,88.1,0,45.5,1,0,0,639,359
766,10809,10808588,11110,250,336,115,0,556,88.2,1,45.5,1,0,0,639,359
767,10821,10819701,11113,250,336,115,0,560,88.2,0,45.5,1,0,0,639,359
768,10832,10830807,11106,250,335,116,0,671,88.1,0,45.5,1,0,0,639,359
769,10843,10841918,11111,250,335,116,0,557,88.3,0,45.4,1,0,0,639,359
770,10854,10853026,11108,250,334,115,0,555,88.4,0,45.4,1,0,0,639,359
771,10865,10864132,11106,250,334,115,0,559,88.4,0,45.4,1,0,0,639,359
772,10876,10875239,11107,250,333,115,0,557,88.3,0,45.4,1,0,0,639,359
773,10887,10886350,11111,250,333,114,0,558,88.4,0,45.4,1,0,0,639,359
774,10898,10897461,11111,250,333,114,0,556,88.4,0,45.5,1,0,0,639,359
775,10909,10908568,11107,250,332,114,0,554,88.5,1,45.5,1,0,0,639,359
776,10921,10919684,11116,250,332,114,0,558,88.5,0,45.5,1,0,0,639,359
777,10932,10930791,11107,250,331,113,0,668,88.5,0,45.5,1,0,0,639,359
778,10943,10941898,11107,250,330,112,0,557,88.6,0,45.5,1,0,0,639,359
779,10954,10953006,11108,250,329,111,0,555,88.6,0,45.5,1,0,0,639,359
780,10965,10964120,11114,250,328,111,0,553,88.5,0,45.5,1,0,0,639,359
781,10976,10975229,11109,250,327,110,0,554,88.6,0,45.6,1,0,0,639,359
782,10987,10986335,11106,250,326,110,0,553,88.6,0,45.6,1,0,0,639,359
783,10998,10997444,11109,250,325,110,0,554,88.6,0,45.6,1,0,0,639,359
784,11010,11008553,11109,250,323,111,0,555,88.7,1,45.6,1,0,0,639,359
785,11020,11019666,11113,250,322,111,0,557,88.7,0,45.6,1,0,0,639,359
786,11032,11030776,11110,250,320,112,0,665,88.7,0,45.6,1,0,0,639,359
787,11043,11041879,11103,250,318,113,0,559,88.8,0,45.6,1,0,0,639,359
788,11054,11052987,11108,250,317,113,0,557,88.7,0,45.6,1,0,0,639,359
789,11065,11064099,11112,250,315,115,0,559,88.8,0,45.4,1,0,0,639,359
790,11076,11075210,11111,250,314,118,0,558,88.7,0,44.1,1,0,0,639,359
791,11087,11086315,11105,250,-1,-1,1,554,88.8,0,-1.0,1,0,0,639,359
792,11098,11097430,11115,250,-1,-1,1,553,88.8,0,-1.0,1,0,0,639,359
793,11109,11108537,11107,250,315,119,0,556,88.8,1,44.0,1,0,0,639,359
794,11120,11119649,11112,250,314,118,0,577,88.8,0,45.2,1,0,0,639,359
795,11132,11130754,11105,250,-1,-1,1,664,88.9,0,-1.0,1,0,0,639,359
796,11143,11141864,11110,250,-1,-1,1,551,88.9,0,-1.0,1,0,0,639,359
797,11154,11152972,11108,250,-1,-1,1,548,88.0,0,-1.0,2,0,0,639,359
798,11165,11164082,11110,250,-1,-1,1,546,88.9,0,-1.0,2,0,0,639,359
799,11176,11175190,11108,250,-1,-1,1,547,88.9,0,-1.0,2,0,0,639,359
800,11187,11186299,11109,250,-1,-1,1,541,88.9,0,-1.0,2,0,0,639,359
801,11198,11197406,11107,250,-1,-1,1,569,88.9,0,-1.0,2,0,0,639,359
802,11209,11208522,11116,250,-1,-1,1,559,88.9,1,-1.0,2,0,0,639,359
803,11220,11219634,11112,250,-1,-1,1,572,89.0,0,-1.0,2,0,0,639,359
804,11232,11230740,11106,250,-1,-1,1,648,89.0,0,-1.0,2,0,0,639,359
805,11243,11241846,11106,250,-1,-1,1,526,89.0,0,-1.0,2,0,0,639,359
806,11254,11252959,11113,250,-1,-1,1,525,90.9,0,-1.0,2,0,0,639,359
807,11265,11264062,11103,250,-1,-1,1,525,90.9,0,-1.0,2,0,0,639,359
808,11276,11275170,11108,250,-1,-1,1,525,88.2,0,-1.0,2,0,0,639,359
809,11287,11286282,11112,250,-1,-1,1,539,88.9,0,-1.0,2,0,0,639,359
810,11317,11297392,11110,250,-1,-1,1,651,66.7,0,-1.0,2,0,0,639,359
811,11318,11308498,11106,250,-1,-1,1,2369,76.9,1,-1.0,2,0,0,639,359
812,11321,11319605,11107,250,-1,-1,1,545,88.6,0,-1.0,2,0,0,639,359
813,11332,11330725,11120,250,-1,-1,1,554,89.9,0,-1.0,2,0,0,639,359
814,11343,11341831,11106,250,-1,-1,1,556,90.0,0,-1.0,2,0,0,639,359
815,11354,11353024,11193,250,-1,-1,1,558,89.3,0,-1.0,2,0,0,639,359
816,11365,11364050,11026,250,320,95,0,584,79.1,0,20.9,1,0,0,639,359
817,11382,11375162,11112,250,320,96,0,128,86.3,0,22.0,1,245,23,393,171
818,11388,11386275,11113,250,320,97,0,115,89.7,0,22.8,1,250,27,389,166
819,11398,11397375,11100,250,320,99,0,123,90.3,0,24.0,1,245,25,392,172
820,11409,11408484,11109,250,320,100,0,131,89.8,1,25.1,1,242,23,395,176
821,11421,11419597,11113,250,320,101,0,135,89.9,0,26.1,1,241,22,399,180
822,11432,11430813,11216,250,321,101,0,174,89.9,0,26.9,1,239,21,401,183
823,11443,11441811,10998,250,321,102,0,148,90.0,0,27.5,1,238,19,403,184
824,11454,11452914,11103,250,322,102,0,152,90.0,0,28.1,1,238,19,406,187
825,11465,11464025,11111,250,322,103,0,153,90.1,0,28.5,1,237,18,407,188
826,11476,11475136,11111,250,323,103,0,157,90.1,0,28.9,1,237,17,409,189
827,11487,11486243,11107,250,323,103,0,161,90.2,0,29.1,1,236,17,409,190
828,11498,11497351,11108,250,323,103,0,160,90.2,0,29.4,1,237,17,411,191
829,11509,11508461,11110,250,324,103,0,160,90.2,1,29.6,1,236,16,411,191
830,11520,11519581,11120,250,324,103,0,166,89.9,0,29.8,1,236,16,412,192
831,11532,11530689,11108,250,324,103,0,214,90.0,0,29.9,1,236,16,412,192
832,11543,11541796,11107,250,323,103,0,165,90.0,0,30.0,1,235,15,412,192
833,11554,11552900,11104,250,323,103,0,164,90.0,0,30.0,1,235,14,412,191
834,11565,11564009,11109,250,323,103,0,163,90.1,0,30.1,1,234,14,411,191
835,11576,11575116,11107,250,323,103,0,162,90.1,0,30.1,1,234,14,411,191
836,11587,11586229,11113,250,322,102,0,162,90.1,0,30.1,1,234,14,411,191
837,11598,11597334,11105,250,322,102,0,163,90.1,0,30.1,1,233,14,410,191
838,11609,11608449,11115,250,322,102,0,161,90.2,1,30.2,1,233,13,410,190
839,11620,11619561,11112,250,322,102,0,165,89.9,0,30.2,1,233,13,410,190
840,11632,11630673,11112,250,322,102,0,212,90.0,0,30.2,1,233,13,410,190
841,11643,11641774,11101,250,322,102,0,162,90.0,0,30.3,1,233,13,410,190
842,11654,11652883,11109,250,322,102,0,162,90.0,0,30.4,1,233,13,410,190
843,11665,11663988,11105,250,322,102,0,161,90.0,0,30.5,1,233,13,410,190
844,11676,11675105,11117,250,322,102,0,162,90.1,0,30.6,1,233,13,411,191
845,11687,11686210,11105,250,322,103,0,163,90.1,0,30.8,1,232,13,411,192
846,11698,11697320,11110,250,323,102,0,164,90.1,0,30.9,1,232,13,411,192
847,11709,11708427,11107,250,323,102,0,166,90.1,1,31.1,1,233,13,413,193
848,11721,11719547,11120,250,323,102,0,171,90.0,0,31.3,1,232,11,413,192
849,11731,11730653,11106,250,324,102,0,171,90.0,0,31.6,1,232,11,414,193
850,11743,11741766,11113,250,324,102,0,241,90.0,0,31.8,1,232,10,415,193
851,11754,11752862,11096,250,324,102,0,174,90.0,0,32.1,1,231,9,416,194
852,11765,11763975,11113,250,324,102,0,174,90.0,0,32.3,1,231,9,417,195
853,11776,11775082,11107,250,323,102,0,177,90.1,0,32.6,1,230,8,417,195
854,11787,11786196,11114,250,323,102,0,178,90.1,0,32.8,1,229,8,417,196
855,11798,11797301,11105,250,322,102,0,181,90.1,0,33.1,1,228,7,418,197
856,11809,11808410,11109,250,321,103,0,182,89.9,1,33.3,1,226,7,417,198
857,11820,11819525,11115,250,321,103,0,186,90.0,0,33.5,1,225,7,417,199
858,11832,11830640,11115,250,320,104,0,234,90.0,0,33.6,1,223,7,416,200
859,11843,11841741,11101,250,320,104,0,187,90.0,0,33.8,1,223,7,417,201
860,11854,11852849,11108,250,319,104,0,192,90.0,0,33.9,1,221,6,416,201
861,11865,11863958,11109,250,319,104,0,189,90.0,0,34.1,1,221,6,416,201
862,11876,11875069,11111,250,320,104,0,194,90.0,0,34.2,1,221,6,417,202
863,11887,11886174,11105,250,320,104,0,194,90.1,0,34.3,1,220,5,417,202
864,11898,11897286,11112,250,320,104,0,193,90.1,0,34.5,1,221,5,418,202
865,11909,11908395,11109,250,320,103,0,193,90.0,1,34.6,1,221,5,419,203
866,11920,11919513,11118,250,320,103,0,195,90.0,0,34.7,1,221,4,419,202
867,11931,11930620,11107,250,321,103,0,246,90.0,0,34.7,1,220,3,419,202
868,11943,11941730,11110,250,321,102,0,194,90.0,0,34.8,1,221,2,420,201
869,11954,11952832,11102,250,321,102,0,194,90.0,0,34.8,1,221,2,420,201
870,11965,11963943,11111,250,321,102,0,197,90.0,0,34.8,1,221,2,421,202
871,11976,11975045,11102,250,321,102,0,195,90.0,0,34.8,1,221,2,420,201
872,11987,11986161,11116,250,321,101,0,197,90.1,0,34.7,1,221,1,420,200
873,11998,11997267,11106,250,321,101,0,198,90.1,0,34.5,1,221,1,420,200
874,12009,12008380,11113,250,-1,-1,1,191,90.1,1,-1.0,1,222,2,420,200
875,12020,12019494,11114,250,-1,-1,1,198,90.0,0,-1.0,1,221,1,421,201
876,12032,12030603,11109,250,-1,-1,1,254,89.1,0,-1.0,2,219,0,423,204
877,12043,12041707,11104,250,-1,-1,1,573,90.0,0,-1.0,2,0,0,639,359
878,12054,12052818,11111,250,-1,-1,1,566,90.0,0,-1.0,2,0,0,639,359
879,12065,12063928,11110,250,-1,-1,1,553,90.0,0,-1.0,2,0,0,639,359
880,12076,12075038,11110,250,-1,-1,1,544,89.9,0,-1.0,2,0,0,639,359
881,12087,12086147,11109,250,-1,-1,1,524,90.0,0,-1.0,2,0,0,639,359
882,12098,12097258,11111,250,-1,-1,1,525,90.0,0,-1.0,2,0,0,639,359
883,12109,12108364,11106,250,-1,-1,1,529,90.0,1,-1.0,2,0,0,639,359
884,12120,12119476,11112,250,-1,-1,1,540,90.0,0,-1.0,2,0,0,639,359
885,12131,12130587,11111,250,-1,-1,1,549,90.0,0,-1.0,2,0,0,639,359
886,12143,12141695,11108,250,-1,-1,1,562,90.0,0,-1.0,2,0,0,639,359
887,12154,12152798,11103,250,-1,-1,1,541,90.0,0,-1.0,2,0,0,639,359
888,12165,12163912,11114,250,-1,-1,1,542,90.0,0,-1.0,2,0,0,639,359
889,12176,12175020,11108,250,-1,-1,1,548,90.0,0,-1.0,2,0,0,639,359
890,12187,12186129,11109,250,-1,-1,1,549,90.0,0,-1.0,2,0,0,639,359
891,12198,12197238,11109,250,-1,-1,1,550,90.0,0,-1.0,2,0,0,639,359
892,12209,12208348,11110,250,317,117,0,556,89.0,1,45.5,1,0,0,639,359
893,12221,12219455,11107,250,317,117,0,555,89.9,0,45.5,1,0,0,639,359
894,12231,12230568,11113,250,318,117,0,560,90.0,0,45.5,1,0,0,639,359
895,12243,12241675,11107,250,318,117,0,556,90.0,0,45.5,1,0,0,639,359
896,12254,12252787,11112,250,318,117,0,555,90.9,0,45.5,1,0,0,639,359
897,12265,12263889,11102,250,318,118,0,581,90.9,0,45.5,1,0,0,639,359
898,12276,12275003,11114,250,317,118,0,556,90.9,0,45.5,1,0,0,639,359
899,12287,12286109,11106,250,317,118,0,556,90.9,0,45.4,1,0,0,639,359
900,12318,12297227,11118,250,317,118,0,2044,64.1,0,45.4,1,0,0,639,359
901,12321,12319425,22198,250,316,118,0,632,76.9,1,45.4,1,0,0,639,359
902,12331,12330550,11125,250,314,118,0,556,78.7,0,45.4,1,0,0,639,359
903,12343,12341662,11112,250,313,118,0,556,80.0,0,45.5,1,0,0,639,359
904,12354,12352769,11107,250,311,119,0,558,81.1,0,45.5,1,0,0,639,359
905,12365,12363882,11113,250,310,119,0,628,81.3,0,45.5,1,0,0,639,359
906,12376,12374988,11106,250,309,119,0,663,82.1,0,45.5,1,0,0,639,359
907,12387,12386097,11109,250,308,119,0,556,82.8,0,45.5,1,0,0,639,359
908,12398,12397200,11103,250,308,119,0,559,83.3,0,45.5,1,0,0,639,359
909,12409,12408311,11111,250,307,119,0,560,83.8,0,45.4,1,0,0,639,359
910,12420,12419420,11109,250,308,119,0,559,84.3,1,45.4,1,0,0,639,359
911,12432,12430538,11118,250,309,119,0,559,84.7,0,45.4,1,0,0,639,359
912,12442,12441640,11102,250,310,119,0,557,85.0,0,45.5,1,0,0,639,359
913,12454,12452748,11108,250,311,119,0,556,85.3,0,45.5,1,0,0,639,359
914,12465,12463858,11110,250,312,119,0,556,85.6,0,45.5,1,0,0,639,359
915,12476,12474968,11110,250,312,120,0,559,85.5,0,45.5,1,0,0,639,359
916,12487,12486079,11111,250,312,121,0,556,86.1,0,45.5,1,0,0,639,359
917,12498,12497191,11112,250,310,121,0,556,85.9,0,45.4,1,0,0,639,359
918,12509,12508299,11108,250,309,121,0,558,86.1,0,45.4,1,0,0,639,359
919,12520,12519404,11105,250,308,121,0,557,86.3,1,45.4,1,0,0,639,359
920,12531,12530514,11110,250,308,120,0,557,86.5,0,45.4,1,0,0,639,359
921,12542,12541623,11109,250,309,120,0,558,86.7,0,45.4,1,0,0,639,359
922,12554,12552731,11108,250,310,121,0,555,86.8,0,45.5,1,0,0,639,359
923,12565,12563843,11112,250,312,121,0,555,87.0,0,45.5,1,0,0,639,359
924,12576,12574951,11108,250,312,122,0,558,87.1,0,45.4,1,0,0,639,359
925,12587,12586061,11110,250,312,122,0,555,87.2,0,45.4,1,0,0,639,359
926,12598,12597169,11108,250,310,122,0,553,87.1,0,45.4,1,0,0,639,359
927,12609,12608280,11111,250,309,121,0,558,87.2,0,45.4,1,0,0,639,359
928,12620,12619387,11107,250,307,121,0,556,87.3,1,45.4,1,0,0,639,359
929,12631,12630502,11115,250,306,121,0,586,87.4,0,45.4,1,0,0,639,359
930,12642,12641608,11106,250,306,121,0,555,87.5,0,45.4,1,0,0,639,359
931,12654,12652719,11111,250,306,121,0,557,87.6,0,45.4,1,0,0,639,359
932,12665,12663822,11103,250,306,121,0,558,87.7,0,45.5,1,0,0,639,359
933,12676,12674937,11115,250,307,121,0,559,87.8,0,45.5,1,0,0,639,359
934,12687,12686040,11103,250,307,121,0,554,87.8,0,45.5,1,0,0,639,359
935,12698,12697152,11112,250,308,121,0,558,87.7,0,45.4,1,0,0,639,359
936,12709,12708258,11106,250,308,120,0,558,87.8,0,45.4,1,0,0,639,359
937,12720,12719369,11111,250,309,119,0,557,87.9,1,45.4,1,0,0,639,359
938,12731,12730482,11113,250,309,119,0,581,87.9,0,45.4,1,0,0,639,359
939,12743,12741593,11111,250,310,118,0,558,88.0,0,45.4,1,0,0,639,359
940,12754,12752702,11109,250,310,118,0,555,88.1,0,45.5,1,0,0,639,359
941,12765,12763807,11105,250,311,118,0,555,88.1,0,45.5,1,0,0,639,359
942,12776,12774921,11114,250,311,118,0,555,88.2,0,45.5,1,0,0,639,359
943,12787,12786025,11104,250,311,118,0,557,88.1,0,45.5,1,0,0,639,359
944,12798,12797134,11109,250,311,119,0,559,88.3,0,45.5,1,0,0,639,359
945,12809,12808243,11109,250,310,120,0,560,88.2,0,45.4,1,0,0,639,359
946,12820,12819355,11112,250,309,120,0,555,88.2,1,45.4,1,0,0,639,359
947,12832,12830468,11113,250,307,121,0,558,88.3,0,45.5,1,0,0,639,359
948,12843,12841573,11105,250,307,122,0,554,88.3,0,45.4,1,0,0,639,359
949,12853,12852684,11111,250,306,122,0,559,88.4,0,45.5,1,0,0,639,359
950,12865,12863789,11105,250,307,123,0,556,88.4,0,45.5,1,0,0,639,359
951,12876,12874904,11115,250,308,124,0,557,88.3,0,45.4,1,0,0,639,359
952,12887,12886008,11104,250,309,126,0,556,88.5,0,45.4,1,0,0,639,359
953,12898,12897118,11110,250,310,127,0,556,88.5,0,45.4,1,0,0,639,359
954,12909,12908222,11104,250,310,128,0,554,88.5,0,45.4,1,0,0,639,359
955,12920,12919339,11117,250,310,128,0,555,88.5,1,45.4,1,0,0,639,359
956,12931,12930447,11108,250,310,128,0,568,88.5,0,45.3,1,0,0,639,359
957,12942,12941557,11110,250,310,128,0,556,88.6,0,45.3,1,0,0,639,359
958,12953,12952661,11104,250,309,127,0,556,88.6,0,45.3,1,0,0,639,359
959,12965,12963774,11113,250,309,126,0,555,88.6,0,45.3,1,0,0,639,359
960,12976,12974883,11109,250,310,125,0,556,88.7,0,45.3,1,0,0,639,359
961,12987,12985989,11106,250,310,124,0,553,88.7,0,45.4,1,0,0,639,359
962,12998,12997099,11110,250,312,123,0,555,88.7,0,45.3,1,0,0,639,359
963,13009,13008211,11112,250,313,123,0,559,88.7,0,45.3,1,0,0,639,359
964,13020,13019317,11106,250,313,122,0,555,88.7,1,45.3,1,0,0,639,359
965,13031,13030434,11117,250,313,121,0,582,88.7,0,45.4,1,0,0,639,359
966,13042,13041538,11104,250,313,119,0,555,88.8,0,45.4,1,0,0,639,359
967,13054,13052649,11111,250,312,117,0,557,88.8,0,45.4,1,0,0,639,359
968,13065,13063758,11109,250,311,116,0,560,88.8,0,45.5,1,0,0,639,359
969,13076,13074865,11107,250,310,115,0,557,88.8,0,45.5,1,0,0,639,359
970,13087,13085970,11105,250,309,115,0,555,88.9,0,45.5,1,0,0,639,359
971,13098,13097082,11112,250,309,116,0,557,88.8,0,45.6,1,0,0,639,359
972,13109,13108190,11108,250,309,118,0,560,88.8,0,45.6,1,0,0,639,359
973,13120,13119303,11113,250,308,119,0,559,88.8,1,45.6,1,0,0,639,359
974,13131,13130415,11112,250,307,120,0,576,88.9,0,45.5,1,0,0,639,359
975,13143,13141526,11111,250,306,121,0,558,88.9,0,45.5,1,0,0,639,359
976,13153,13152633,11107,250,304,122,0,555,88.9,0,45.5,1,0,0,639,359
977,13165,13163741,11108,250,303,122,0,554,88.9,0,45.5,1,0,0,639,359
978,13176,13174847,11106,250,301,123,0,560,89.0,0,45.5,1,0,0,639,359
979,13187,13185957,11110,250,301,124,0,559,88.9,0,45.5,1,0,0,639,359
980,13198,13197064,11107,250,300,125,0,557,89.0,0,45.5,1,0,0,639,359
981,13209,13208173,11109,250,300,126,0,556,88.9,0,45.5,1,0,0,639,359
982,13220,13219283,11110,250,300,127,0,558,89.0,1,45.5,1,0,0,639,359
983,13231,13230399,11116,250,301,128,0,560,89.0,0,45.5,1,0,0,639,359
984,13242,13241502,11103,250,303,130,0,558,89.0,0,45.5,1,0,0,639,359
985,13260,13252616,11114,250,306,131,0,996,55.6,0,45.5,1,0,0,639,359
986,13265,13263734,11118,250,308,132,0,554,90.9,0,45.5,1,0,0,639,359
987,13276,13274829,11095,250,313,134,0,559,90.9,0,45.5,1,0,0,639,359
988,13287,13285940,11111,250,317,136,0,556,90.9,0,45.5,1,0,0,639,359
989,13298,13297053,11113,250,322,139,0,558,90.9,0,45.5,1,0,0,639,359
990,13331,13308157,11104,250,328,143,0,664,67.4,0,45.5,1,0,0,639,359
991,13332,13330360,22203,250,-1,-1,1,626,77.8,1,-1.0,1,0,0,639,359
992,13342,13341488,11128,250,-1,-1,1,554,80.0,0,-1.0,1,0,0,639,359
993,13353,13352589,11101,250,341,156,0,556,81.1,0,45.4,1,0,0,639,359
994,13365,13363708,11119,250,341,158,0,664,82.0,0,45.4,1,0,0,639,359
995,13376,13374818,11110,250,342,160,0,554,82.1,0,45.3,1,0,0,639,359
996,13387,13385925,11107,250,343,161,0,570,83.3,0,45.3,1,0,0,639,359
997,13398,13397035,11110,250,343,163,0,558,83.9,0,45.2,1,0,0,639,359
998,13409,13408143,11108,250,344,164,0,554,83.8,0,45.3,1,0,0,639,359
999,13420,13419251,11108,250,345,165,0,555,84.3,0,45.3,1,0,0,639,359
1000,13431,13430357,11106,250,347,166,0,557,84.7,1,45.3,1,0,0,639,359
1001,13442,13441472,11115,250,349,168,0,578,85.0,0,45.3,1,0,0,639,359
1002,13454,13452580,11108,250,351,169,0,558,85.3,0,45.3,1,0,0,639,359
1003,13464,13463690,11110,250,353,170,0,556,85.6,0,45.3,1,0,0,639,359
1004,13476,13474797,11107,250,355,171,0,559,85.8,0,45.2,1,0,0,639,359
1005,13487,13485903,11106,250,357,172,0,557,86.1,0,45.3,1,0,0,639,359
1006,13498,13497014,11111,250,358,173,0,555,85.9,0,45.3,1,0,0,639,359
1007,13509,13508123,11109,250,359,174,0,558,86.5,0,45.3,1,0,0,639,359
1008,13520,13519233,11110,250,359,174,0,556,86.3,0,45.3,1,0,0,639,359
1009,13531,13530344,11111,250,358,175,0,554,86.5,1,45.2,1,0,0,639,359
1010,13543,13541458,11114,250,357,175,0,558,86.7,0,45.2,1,0,0,639,359
1011,13553,13552565,11107,250,355,174,0,554,86.8,0,45.2,1,0,0,639,359
1012,13564,13563678,11113,250,354,173,0,555,87.0,0,45.1,1,0,0,639,359
1013,13576,13574778,11100,250,353,172,0,555,87.1,0,45.1,1,0,0,639,359
1014,13587,13585893,11115,250,353,170,0,555,87.0,0,45.1,1,0,0,639,359
1015,13598,13597001,11108,250,354,168,0,559,87.3,0,45.1,1,0,0,639,359
1016,13609,13608108,11107,250,356,166,0,556,87.4,0,45.2,1,0,0,639,359
1017,13620,13619212,11104,250,359,163,0,556,87.3,0,45.1,1,0,0,639,359
1018,13631,13630328,11116,250,362,161,0,554,87.4,1,45.1,1,0,0,639,359
1019,13642,13641439,11111,250,364,159,0,560,87.5,0,45.2,1,0,0,639,359
1020,13653,13652545,11106,250,367,157,0,557,87.6,0,45.2,1,0,0,639,359
1021,13664,13663658,11113,250,370,155,0,556,87.7,0,45.3,1,0,0,639,359
1022,13676,13674765,11107,250,372,153,0,561,87.8,0,45.3,1,0,0,639,359
1023,13687,13685869,11104,250,374,151,0,555,87.8,0,45.3,1,0,0,639,359
1024,13698,13696981,11112,250,375,150,0,559,87.9,0,45.4,1,0,0,639,359
1025,13709,13708088,11107,250,375,149,0,558,88.0,0,45.4,1,0,0,639,359
1026,13720,13719199,11111,250,374,149,0,561,87.9,0,45.4,1,0,0,639,359
1027,13731,13730308,11109,250,373,149,0,557,87.9,1,45.4,1,0,0,639,359
1028,13742,13741422,11114,250,373,148,0,563,88.0,0,45.4,1,0,0,639,359
1029,13753,13752530,11108,250,374,148,0,597,88.1,0,45.5,1,0,0,639,359
1030,13765,13763634,11104,250,375,146,0,558,88.1,0,45.4,1,0,0,639,359
1031,13776,13774741,11107,250,375,144,0,554,88.2,0,45.3,1,0,0,639,359
1032,13787,13785852,11111,250,376,142,0,554,88.2,0,45.4,1,0,0,639,359
1033,13798,13796961,11109,250,376,141,0,555,88.3,0,45.4,1,0,0,639,359
1034,13809,13808076,11115,250,375,141,0,555,88.2,0,45.5,1,0,0,639,359
1035,13820,13819182,11106,250,375,142,0,551,88.2,0,45.5,1,0,0,639,359
1036,13831,13830292,11110,250,375,142,0,559,88.3,1,45.6,1,0,0,639,359
1037,13842,13841406,11114,250,373,143,0,558,88.3,0,45.5,1,0,0,639,359
1038,13854,13852513,11107,250,371,144,0,555,88.4,0,45.5,1,0,0,639,359
1039,13865,13863742,11229,250,369,145,0,555,88.4,0,45.5,1,0,0,639,359
1040,13876,13874730,10988,250,367,146,0,559,88.5,0,45.5,1,0,0,639,359
1041,13887,13885836,11106,250,365,148,0,554,88.5,0,45.5,1,0,0,639,359
1042,13898,13896947,11111,250,364,149,0,553,88.4,0,45.5,1,0,0,639,359
1043,13909,13908052,11105,250,363,150,0,556,88.6,0,45.4,1,0,0,639,359
1044,13920,13919163,11111,250,363,151,0,557,88.5,0,45.4,1,0,0,639,359
1045,13931,13930276,11113,250,362,151,0,554,88.5,1,45.4,1,0,0,639,359
1046,13942,13941390,11114,250,362,151,0,577,88.6,0,45.4,1,0,0,639,359
1047,13954,13952493,11103,250,361,150,0,555,88.6,0,45.4,1,0,0,639,359
1048,13964,13963602,11109,250,360,149,0,554,88.6,0,45.3,1,0,0,639,359
1049,13976,13974714,11112,250,358,148,0,557,88.7,0,45.3,1,0,0,639,359
1050,13987,13985820,11106,250,356,147,0,557,88.7,0,45.4,1,0,0,639,359
1051,13998,13996928,11108,250,354,146,0,558,88.7,0,45.3,1,0,0,639,359
1052,14009,14008035,11107,250,352,145,0,557,88.8,0,45.3,1,0,0,639,359
1053,14020,14019151,11116,250,349,144,0,558,88.7,0,45.4,1,0,0,639,359
1054,14031,14030255,11104,250,347,144,0,556,88.7,1,45.4,1,0,0,639,359
1055,14042,14041366,11111,250,345,144,0,557,88.8,0,45.4,1,0,0,639,359
1056,14053,14052478,11112,250,343,144,0,555,88.8,0,45.4,1,0,0,639,359
1057,14064,14063589,11111,250,340,145,0,556,88.8,0,45.4,1,0,0,639,359
1058,14076,14074693,11104,250,337,146,0,556,88.8,0,45.4,1,0,0,639,359
1059,14087,14085798,11105,250,333,147,0,560,88.9,0,45.4,1,0,0,639,359
1060,14098,14096912,11114,250,330,148,0,560,88.9,0,45.4,1,0,0,639,359
1061,14109,14108019,11107,250,326,150,0,557,88.9,0,45.4,1,0,0,639,359
1062,14120,14119129,11110,250,322,151,0,555,88.8,0,45.4,1,0,0,639,359
1063,14131,14130244,11115,250,318,153,0,557,88.9,1,45.4,1,0,0,639,359
1064,14142,14141352,11108,250,315,154,0,578,88.9,0,45.4,1,0,0,639,359
1065,14153,14152458,11106,250,312,155,0,558,88.9,0,45.4,1,0,0,639,359
1066,14165,14163576,11118,250,310,156,0,556,88.9,0,45.3,1,0,0,639,359
1067,14175,14174676,11100,250,308,156,0,556,89.0,0,45.3,1,0,0,639,359
1068,14187,14185785,11109,250,307,156,0,559,89.0,0,45.3,1,0,0,639,359
1069,14198,14196892,11107,250,305,156,0,663,89.0,0,45.3,1,0,0,639,359
1070,14209,14208007,11115,250,305,155,0,556,88.9,0,45.3,1,0,0,639,359
1071,14220,14219112,11105,250,305,154,0,559,89.0,0,45.3,1,0,0,639,359
1072,14231,14230220,11108,250,306,153,0,555,89.0,1,45.4,1,0,0,639,359
1073,14242,14241333,11113,250,307,153,0,558,89.0,0,45.3,1,0,0,639,359
1074,14266,14263543,22210,250,309,152,0,556,43.5,0,45.4,1,0,0,639,359
1075,14275,14274661,11118,250,310,152,0,556,60.6,0,45.4,1,0,0,639,359
1076,14287,14285768,11107,250,311,153,0,557,68.2,0,45.3,1,0,0,639,359
1077,14298,14296882,11114,250,311,153,0,558,72.7,0,45.4,1,0,0,639,359
1078,14309,14307990,11108,250,312,154,0,555,75.8,0,45.4,1,0,0,639,359
1079,14320,14319099,11109,250,312,155,0,559,77.9,0,45.3,1,0,0,639,359
1080,14351,14330203,11104,250,312,156,0,859,64.2,0,45.3,1,0,0,639,359
1081,14353,14352418,22215,250,312,157,0,635,72.1,1,45.3,1,0,0,639,359
1082,14364,14363536,11118,250,312,158,0,555,73.8,0,45.3,1,0,0,639,359
1083,14375,14374641,11105,250,312,159,0,558,75.2,0,45.3,1,0,0,639,359
1084,14387,14385749,11108,250,311,160,0,659,75.9,0,45.3,1,0,0,639,359
1085,14398,14396869,11120,250,310,160,0,557,77.4,0,45.3,1,0,0,639,359
1086,14409,14407971,11102,250,309,161,0,662,77.8,0,45.3,1,0,0,639,359
1087,14420,14419081,11110,250,308,162,0,555,79.1,0,45.3,1,0,0,639,359
1088,14431,14430189,11108,250,307,162,0,554,79.4,0,45.3,1,0,0,639,359
1089,14442,14441301,11112,250,306,163,0,555,80.0,0,45.2,1,0,0,639,359
1090,14453,14452406,11105,250,305,164,0,554,80.6,1,45.3,1,0,0,639,359
1091,14464,14463519,11113,250,305,164,0,582,81.1,0,45.3,1,0,0,639,359
1092,14476,14474628,11109,250,306,165,0,554,81.5,0,45.3,1,0,0,639,359
1093,14487,14485768,11140,250,307,166,0,557,82.0,0,45.2,1,0,0,639,359
1094,14498,14496842,11074,250,307,166,0,556,82.4,0,45.3,1,0,0,639,359
1095,14509,14507949,11107,250,308,167,0,556,82.7,0,45.3,1,0,0,639,359
1096,14520,14519060,11111,250,309,167,0,556,82.7,0,45.2,1,0,0,639,359
1097,14531,14530171,11111,250,310,167,0,553,83.0,0,45.2,1,0,0,639,359
1098,14542,14541283,11112,250,311,166,0,555,83.3,0,45.2,1,0,0,639,359
1099,14553,14552386,11103,250,311,166,0,554,83.6,1,45.1,1,0,0,639,359
1100,14565,14563504,11118,250,312,165,0,559,83.9,0,45.2,1,0,0,639,359
1101,14575,14574608,11104,250,312,165,0,555,84.1,0,45.3,1,0,0,639,359
1102,14587,14585721,11113,250,312,164,0,556,84.3,0,45.2,1,0,0,639,359
1103,14598,14596823,11102,250,312,163,0,559,84.5,0,45.2,1,0,0,639,359
1104,14609,14607939,11116,250,312,163,0,556,84.5,0,45.2,1,0,0,639,359
1105,14620,14619048,11109,250,312,163,0,553,84.9,0,45.2,1,0,0,639,359
1106,14631,14630156,11108,250,312,163,0,572,84.8,0,45.2,1,0,0,639,359
1107,14642,14641264,11108,250,312,163,0,556,85.0,0,45.2,1,0,0,639,359
1108,14653,14652371,11107,250,312,163,0,555,85.2,1,45.2,1,0,0,639,359
1109,14664,14663484,11113,250,312,163,0,576,85.3,0,45.3,1,0,0,639,359
1110,14675,14674595,11111,250,312,164,0,556,85.5,0,45.2,1,0,0,639,359
1111,14687,14685703,11108,250,312,164,0,554,85.6,0,45.2,1,0,0,639,359
1112,14698,14696806,11103,250,312,165,0,559,85.7,0,45.3,1,0,0,639,359
1113,14709,14707917,11111,250,312,167,0,557,85.8,0,45.3,1,0,0,639,359
1114,14720,14719026,11109,250,312,169,0,558,86.0,0,45.3,1,0,0,639,359
1115,14731,14730133,11107,250,311,169,0,567,86.1,0,45.2,1,0,0,639,359
1116,14742,14741248,11115,250,311,170,0,557,86.0,0,45.2,1,0,0,639,359
1117,14753,14752352,11104,250,311,171,0,557,86.1,1,45.2,1,0,0,639,359
1118,14764,14763472,11120,250,310,172,0,578,86.2,0,45.2,1,0,0,639,359
1119,14775,14774574,11102,250,310,172,0,556,86.3,0,45.2,1,0,0,639,359
1120,14787,14785685,11111,250,309,173,0,554,86.4,0,45.2,1,0,0,639,359
1121,14798,14796788,11103,250,309,174,0,554,86.5,0,45.3,1,0,0,639,359
1122,14809,14807904,11116,250,309,174,0,555,86.6,0,45.2,1,0,0,639,359
1123,14820,14819009,11105,250,309,175,0,554,86.7,0,45.3,1,0,0,639,359
1124,14831,14830119,11110,250,309,175,0,559,86.6,0,45.3,1,0,0,639,359
1125,14842,14841227,11108,250,310,176,0,555,86.7,0,45.2,1,0,0,639,359
1126,14853,14852339,11112,250,310,176,0,557,86.7,1,45.2,1,0,0,639,359
1127,14864,14863452,11113,250,310,176,0,574,86.8,0,45.2,1,0,0,639,359
1128,14876,14874556,11104,250,310,177,0,559,86.9,0,45.3,1,0,0,639,359
1129,14887,14885662,11106,250,310,177,0,625,87.0,0,45.3,1,0,0,639,359
1130,14898,14896776,11114,250,310,177,0,556,87.0,0,45.3,1,0,0,639,359
1131,14909,14907880,11104,250,311,178,0,557,87.1,0,45.2,1,0,0,639,359
1132,14920,14918994,11114,250,311,178,0,552,87.0,0,45.2,1,0,0,639,359
1133,14931,14930101,11107,250,311,178,0,553,87.2,0,45.2,1,0,0,639,359
1134,14942,14941215,11114,250,311,178,0,555,87.1,0,45.2,1,0,0,639,359
1135,14953,14952319,11104,250,311,179,0,555,87.2,1,45.2,1,0,0,639,359
1136,14964,14963431,11112,250,312,179,0,560,87.3,0,45.2,1,0,0,639,359
1137,14975,14974545,11114,250,312,179,0,554,87.3,0,45.2,1,0,0,639,359
1138,14986,14985657,11112,250,311,179,0,553,87.4,0,45.2,1,0,0,639,359
1139,14998,14996754,11097,250,311,179,0,558,87.4,0,45.2,1,0,0,639,359
1140,15009,15007870,11116,250,311,180,0,556,87.5,0,45.1,1,0,0,639,359
1141,15020,15018975,11105,250,311,180,0,553,87.5,0,45.1,1,0,0,639,359
1142,15031,15030086,11111,250,311,180,0,555,87.6,0,45.2,1,0,0,639,359
1143,15042,15041195,11109,250,311,181,0,557,87.5,0,45.2,1,0,0,639,359
1144,15053,15052305,11110,250,311,181,0,556,87.5,1,45.2,1,0,0,639,359
1145,15064,15063414,11109,250,311,182,0,575,87.6,0,45.1,1,0,0,639,359
1146,15075,15074528,11114,250,311,182,0,555,87.6,0,45.2,1,0,0,639,359
1147,15086,15085629,11101,250,312,183,0,556,87.7,0,45.2,1,0,0,639,359
1148,15098,15096741,11112,250,313,183,0,556,87.7,0,45.2,1,0,0,639,359
1149,15109,15107849,11108,250,313,184,0,557,87.8,0,45.2,1,0,0,639,359
1150,15120,15118960,11111,250,314,184,0,560,87.8,0,45.2,1,0,0,639,359
1151,15131,15130065,11105,250,314,185,0,557,87.8,0,45.2,1,0,0,639,359
1152,15142,15141176,11111,250,314,186,0,557,87.8,0,45.2,1,0,0,639,359
1153,15153,15152285,11109,250,314,187,0,557,87.8,1,45.3,1,0,0,639,359
1154,15164,15163398,11113,250,315,188,0,559,87.9,0,45.2,1,0,0,639,359
1155,15175,15174502,11104,250,315,189,0,556,87.9,0,45.1,1,0,0,639,359
1156,15187,15185618,11116,250,316,189,0,556,87.9,0,45.2,1,0,0,639,359
1157,15198,15196721,11103,250,317,190,0,558,88.0,0,45.3,1,0,0,639,359
1158,15209,15207832,11111,250,317,190,0,556,88.0,0,45.2,1,0,0,639,359
1159,15220,15218942,11110,250,317,191,0,556,88.0,0,45.1,1,0,0,639,359
1160,15231,15230051,11109,250,317,191,0,556,88.0,0,45.1,1,0,0,639,359
1161,15242,15241161,11110,250,317,192,0,553,88.0,0,45.2,1,0,0,639,359
1162,15256,15252273,11112,250,317,192,0,553,71.4,1,45.2,1,0,0,639,359
1163,15264,15263386,11113,250,318,192,0,556,90.9,0,45.2,1,0,0,639,359
1164,15276,15274488,11102,250,318,192,0,660,90.9,0,45.1,1,0,0,639,359
1165,15286,15285597,11109,250,318,192,0,557,90.9,0,45.1,1,0,0,639,359
1166,15298,15296707,11110,250,318,192,0,557,90.9,0,45.1,1,0,0,639,359
1167,15309,15307811,11104,250,318,193,0,559,90.9,0,45.2,1,0,0,639,359
1168,15320,15318922,11111,250,318,193,0,559,89.7,0,45.2,1,0,0,639,359
1169,15331,15330033,11111,250,319,193,0,555,90.9,0,45.2,1,0,0,639,359
1170,15364,15341141,11108,250,319,193,0,639,73.8,0,45.2,1,0,0,639,359
1171,15365,15363346,22205,250,319,193,0,649,81.3,1,45.2,1,0,0,639,359
1172,15375,15374474,11128,250,320,193,0,555,82.7,0,45.1,1,0,0,639,359
1173,15386,15385578,11104,250,320,193,0,555,83.3,0,45.1,1,0,0,639,359
1174,15398,15396688,11110,250,320,192,0,666,83.9,0,45.2,1,0,0,639,359
1175,15409,15407808,11120,250,321,192,0,570,84.3,0,45.2,1,0,0,639,359
1176,15420,15418907,11099,250,321,193,0,558,84.7,0,45.1,1,0,0,639,359
1177,15431,15430019,11112,250,322,193,0,558,85.1,0,45.2,1,0,0,639,359
1178,15442,15441122,11103,250,323,193,0,557,85.4,0,45.2,1,0,0,639,359
1179,15453,15452236,11114,250,325,193,0,556,85.3,0,45.2,1,0,0,639,359
1180,15464,15463340,11104,250,326,194,0,555,85.6,1,45.1,1,0,0,639,359
1181,15475,15474457,11117,250,327,194,0,575,85.8,0,45.1,1,0,0,639,359
1182,15486,15485564,11107,250,328,195,0,554,86.1,0,45.2,1,0,0,639,359
1183,15498,15496675,11111,250,330,195,0,556,86.3,0,45.2,1,0,0,639,359
1184,15509,15507777,11102,250,332,196,0,556,86.5,0,45.2,1,0,0,639,359
1185,15520,15518892,11115,250,334,196,0,559,86.6,0,45.2,1,0,0,639,359
1186,15531,15529997,11105,250,336,197,0,554,86.8,0,45.2,1,0,0,639,359
1187,15542,15541111,11114,250,339,198,0,557,86.7,0,45.2,1,0,0,639,359
1188,15553,15552219,11108,250,342,198,0,554,86.8,0,45.2,1,0,0,639,359
1189,15564,15563328,11109,250,344,199,0,553,87.0,1,45.3,1,0,0,639,359
1190,15575,15574440,11112,250,345,199,0,574,87.1,0,45.2,1,0,0,639,359
1191,15587,15585552,11112,250,345,199,0,556,87.2,0,45.2,1,0,0,639,359
1192,15598,15596653,11101,250,345,199,0,556,87.3,0,45.2,1,0,0,639,359
1193,15609,15607764,11111,250,346,199,0,556,87.4,0,45.2,1,0,0,639,359
1194,15620,15618874,11110,250,346,199,0,557,87.5,0,45.2,1,0,0,639,359
1195,15631,15629981,11107,250,346,199,0,558,87.4,0,45.2,1,0,0,639,359
1196,15642,15641090,11109,250,346,198,0,560,87.7,0,45.2,1,0,0,639,359
1197,15653,15652200,11110,250,347,198,0,558,87.6,0,45.3,1,0,0,639,359
1198,15664,15663309,11109,250,348,198,0,556,87.7,1,45.2,1,0,0,639,359
1199,15676,15674427,11118,250,349,198,0,560,87.8,0,45.2,1,0,0,639,359
1200,15687,15685531,11104,250,350,198,0,556,87.8,0,45.2,1,0,0,639,359
1201,15697,15696644,11113,250,350,197,0,555,87.9,0,45.2,1,0,0,639,359
1202,15709,15707747,11103,250,350,197,0,560,88.0,0,45.2,1,0,0,639,359
1203,15720,15718858,11111,250,351,197,0,557,88.1,0,45.2,1,0,0,639,359
1204,15731,15729965,11107,250,351,196,0,558,88.1,0,45.2,1,0,0,639,359
1205,15742,15741076,11111,250,350,196,0,557,88.2,0,45.2,1,0,0,639,359
1206,15753,15752184,11108,250,350,196,0,560,88.1,0,45.3,1,0,0,639,359
1207,15764,15763289,11105,250,350,196,0,580,88.1,1,45.2,1,0,0,639,359
1208,15775,15774405,11116,250,350,196,0,638,88.2,0,45.2,1,0,0,639,359
1209,15786,15785514,11109,250,349,195,0,661,88.2,0,45.2,1,0,0,639,359
1210,15797,15796622,11108,250,349,195,0,558,88.3,0,45.2,1,0,0,639,359
1211,15809,15807731,11109,250,348,195,0,556,88.3,0,45.2,1,0,0,639,359
1212,15820,15818837,11106,250,348,195,0,556,88.4,0,45.2,1,0,0,639,359
1213,15831,15829952,11115,250,348,194,0,556,88.4,0,45.2,1,0,0,639,359
1214,15842,15841056,11104,250,348,194,0,556,88.5,0,45.2,1,0,0,639,359
1215,15853,15852165,11109,250,347,194,0,554,88.4,0,45.2,1,0,0,639,359
1216,15864,15863273,11108,250,347,194,0,557,88.4,1,45.2,1,0,0,639,359
1217,15875,15874387,11114,250,348,195,0,562,88.5,0,45.1,1,0,0,639,359
1218,15886,15885493,11106,250,348,195,0,555,88.5,0,45.2,1,0,0,639,359
1219,15898,15896603,11110,250,348,195,0,556,88.5,0,45.2,1,0,0,639,359
1220,15909,15907712,11109,250,348,195,0,555,88.6,0,45.2,1,0,0,639,359
1221,15920,15918822,11110,250,348,195,0,554,88.6,0,45.2,1,0,0,639,359
1222,15931,15929930,11108,250,348,194,0,554,88.7,0,45.2,1,0,0,639,359
1223,15942,15941042,11112,250,348,194,0,554,88.6,0,45.2,1,0,0,639,359
1224,15953,15952149,11107,250,348,194,0,557,88.6,0,45.2,1,0,0,639,359
1225,15964,15963258,11109,250,348,194,0,555,88.6,1,45.1,1,0,0,639,359
1226,15975,15974372,11114,250,348,194,0,568,88.7,0,45.2,1,0,0,639,359
1227,15987,15985478,11106,250,348,194,0,552,88.7,0,45.3,1,0,0,639,359
1228,15997,15996588,11110,250,348,194,0,554,88.7,0,45.3,1,0,0,639,359
1229,16008,16007694,11106,250,348,194,0,556,88.8,0,45.2,1,0,0,639,359
1230,16020,16018803,11109,250,348,194,0,556,88.8,0,45.2,1,0,0,639,359
1231,16031,16029915,11112,250,347,194,0,556,88.7,0,45.2,1,0,0,639,359
1232,16042,16041022,11107,250,347,194,0,554,88.9,0,45.2,1,0,0,639,359
1233,16053,16052133,11111,250,346,194,0,553,88.9,0,45.2,1,0,0,639,359
1234,16064,16063240,11107,250,344,194,0,553,88.8,1,45.2,1,0,0,639,359
1235,16075,16074353,11113,250,343,195,0,560,88.8,0,45.3,1,0,0,639,359
1236,16087,16085461,11108,250,342,196,0,557,88.9,0,45.3,1,0,0,639,359
1237,16097,16096573,11112,250,342,197,0,638,88.9,0,45.2,1,0,0,639,359
1238,16108,16107679,11106,250,343,198,0,556,88.9,0,45.3,1,0,0,639,359
1239,16120,16118787,11108,250,343,198,0,556,88.9,0,45.3,1,0,0,639,359
1240,16131,16129895,11108,250,344,199,0,556,89.0,0,45.2,1,0,0,639,359
1241,16142,16141008,11113,250,344,199,0,554,89.0,0,45.2,1,0,0,639,359
1242,16153,16152114,11106,250,344,199,0,557,89.0,0,45.2,1,0,0,639,359
1243,16166,16163224,11110,250,344,198,0,554,88.7,1,45.2,1,0,0,639,359
1244,16175,16174333,11109,250,343,198,0,556,89.0,0,45.2,1,0,0,639,359
1245,16186,16185445,11112,250,342,197,0,554,89.0,0,45.2,1,0,0,639,359
1246,16197,16196553,11108,250,341,197,0,555,89.0,0,45.2,1,0,0,639,359
1247,16209,16207659,11106,250,341,197,0,555,89.0,0,45.2,1,0,0,639,359
1248,16220,16218769,11110,250,340,196,0,555,89.0,0,45.2,1,0,0,639,359
1249,16231,16229876,11107,250,340,196,0,555,89.1,0,45.2,1,0,0,639,359
1250,16242,16240986,11110,250,339,196,0,556,89.1,0,45.2,1,0,0,639,359
1251,16253,16252096,11110,250,339,195,0,560,89.0,0,45.2,1,0,0,639,359
1252,16267,16263207,11111,250,338,195,0,553,71.4,1,45.2,1,0,0,639,359
1253,16276,16274324,11117,250,338,194,0,555,90.9,0,45.2,1,0,0,639,359
1254,16286,16285571,11247,250,338,194,0,665,90.9,0,45.2,1,0,0,639,359
1255,16298,16296538,10967,250,338,193,0,558,90.9,0,45.2,1,0,0,639,359
1256,16308,16307646,11108,250,337,193,0,558,90.9,0,45.3,1,0,0,639,359
1257,16320,16318749,11103,250,337,193,0,559,90.9,0,45.2,1,0,0,639,359
1258,16331,16329861,11112,250,337,193,0,557,90.9,0,45.2,1,0,0,639,359
1259,16342,16340970,11109,250,338,193,0,556,89.9,0,45.2,1,0,0,639,359
1260,16377,16352074,11104,250,338,192,0,658,72.6,0,45.2,1,0,0,639,359
1261,16378,16374284,22210,250,338,192,0,628,80.0,1,45.2,1,0,0,639,359
1262,16386,16385415,11131,250,337,191,0,557,82.7,0,45.2,1,0,0,639,359
1263,16397,16396518,11103,250,337,191,0,556,83.3,0,45.2,1,0,0,639,359
1264,16408,16407629,11111,250,337,190,0,558,83.9,0,45.2,1,0,0,639,359
1265,16420,16418876,11247,250,336,189,0,576,84.3,0,45.1,1,0,0,639,359
1266,16431,16429849,10973,250,336,188,0,556,84.7,0,45.2,1,0,0,639,359
1267,16442,16440960,11111,250,335,187,0,557,85.1,0,45.2,1,0,0,639,359
1268,16453,16452065,11105,250,335,186,0,562,85.4,0,45.2,1,0,0,639,359
1269,16464,16463170,11105,250,334,185,0,559,85.3,0,45.2,1,0,0,639,359
1270,16475,16474281,11111,250,334,184,0,599,85.6,1,45.2,1,0,0,639,359
1271,16486,16485395,11114,250,334,184,0,563,85.8,0,45.2,1,0,0,639,359
1272,16497,16496502,11107,250,333,184,0,558,86.1,0,45.2,1,0,0,639,359
1273,16508,16507610,11108,250,333,184,0,559,86.3,0,45.2,1,0,0,639,359
1274,16520,16518721,11111,250,333,184,0,557,86.5,0,45.2,1,0,0,639,359
1275,16531,16529826,11105,250,332,185,0,557,86.6,0,45.2,1,0,0,639,359
1276,16542,16540941,11115,250,332,185,0,556,86.8,0,45.3,1,0,0,639,359
1277,16553,16552045,11104,250,332,185,0,557,87.0,0,45.2,1,0,0,639,359
1278,16564,16563158,11113,250,331,185,0,560,86.8,0,45.2,1,0,0,639,359
1279,16575,16574265,11107,250,331,184,0,579,87.0,1,45.3,1,0,0,639,359
1280,16586,16585376,11111,250,331,184,0,560,87.1,0,45.3,1,0,0,639,359
1281,16597,16596485,11109,250,331,184,0,555,87.2,0,45.3,1,0,0,639,359
1282,16609,16607596,11111,250,331,184,0,558,87.3,0,45.3,1,0,0,639,359
1283,16620,16618700,11104,250,331,184,0,558,87.4,0,45.2,1,0,0,639,359
1284,16631,16629809,11109,250,331,184,0,558,87.5,0,45.2,1,0,0,639,359
1285,16642,16640920,11111,250,331,184,0,558,87.6,0,45.2,1,0,0,639,359
1286,16653,16652025,11105,250,331,184,0,554,87.5,0,45.2,1,0,0,639,359
1287,16664,16663133,11108,250,331,184,0,556,87.8,0,45.2,1,0,0,639,359
1288,16675,16674250,11117,250,331,184,0,555,87.7,1,45.2,1,0,0,639,359
1289,16686,16685358,11108,250,331,184,0,579,87.8,0,45.3,1,0,0,639,359
1290,16698,16696468,11110,250,331,184,0,557,87.8,0,45.2,1,0,0,639,359
1291,16708,16707580,11112,250,331,184,0,554,87.9,0,45.2,1,0,0,639,359
1292,16719,16718681,11101,250,331,184,0,555,88.0,0,45.2,1,0,0,639,359
1293,16731,16729793,11112,250,331,184,0,560,88.1,0,45.2,1,0,0,639,359
1294,16742,16740902,11109,250,330,184,0,557,87.9,0,45.2,1,0,0,639,359
1295,16753,16752008,11106,250,330,185,0,556,88.2,0,45.2,1,0,0,639,359
1296,16764,16763119,11111,250,330,185,0,556,88.2,0,45.2,1,0,0,639,359
1297,16775,16774232,11113,250,330,185,0,557,88.1,1,45.2,1,0,0,639,359
1298,16786,16785341,11109,250,330,185,0,575,88.2,0,45.2,1,0,0,639,359
1299,16797,16796449,11108,250,330,185,0,555,88.2,0,45.2,1,0,0,639,359
1300,16808,16807562,11113,250,330,185,0,639,88.3,0,45.2,1,0,0,639,359
1301,16819,16818665,11103,250,330,184,0,554,88.3,0,45.2,1,0,0,639,359
1302,16831,16829780,11115,250,330,184,0,554,88.4,0,45.3,1,0,0,639,359
1303,16842,16840889,11109,250,330,184,0,554,88.4,0,45.2,1,0,0,639,359
1304,16853,16851995,11106,250,331,184,0,555,88.5,0,45.2,1,0,0,639,359
1305,16864,16863101,11106,250,331,184,0,558,88.5,0,45.2,1,0,0,639,359
1306,16875,16874213,11112,250,331,184,0,557,88.4,1,45.2,1,0,0,639,359
1307,16886,16885323,11110,250,331,184,0,570,88.5,0,45.3,1,0,0,639,359
1308,16897,16896435,11112,250,331,184,0,556,88.5,0,45.3,1,0,0,639,359
1309,16908,16907545,11110,250,331,184,0,555,88.5,0,45.2,1,0,0,639,359
1310,16920,16918647,11102,250,331,184,0,555,88.6,0,45.2,1,0,0,639,359
1311,16931,16929756,11109,250,331,184,0,556,88.6,0,45.3,1,0,0,639,359
1312,16942,16940869,11113,250,331,184,0,556,88.7,0,45.3,1,0,0,639,359
1313,16953,16951979,11110,250,331,184,0,553,88.7,0,45.3,1,0,0,639,359
1314,16964,16963087,11108,250,331,184,0,558,88.6,0,45.3,1,0,0,639,359
1315,16975,16974195,11108,250,331,184,0,554,88.6,1,45.2,1,0,0,639,359
1316,16986,16985311,11116,250,331,185,0,560,88.7,0,45.2,1,0,0,639,359
1317,16998,16996415,11104,250,331,185,0,555,88.7,0,45.2,1,0,0,639,359
1318,17009,17007524,11109,250,331,185,0,558,88.7,0,45.3,1,0,0,639,359
1319,17019,17018631,11107,250,331,185,0,560,88.8,0,45.3,1,0,0,639,359
1320,17031,17029742,11111,250,331,185,0,555,88.8,0,45.3,1,0,0,639,359
1321,17042,17040852,11110,250,331,185,0,556,88.8,0,45.3,1,0,0,639,359
1322,17053,17051961,11109,250,331,185,0,556,88.8,0,45.2,1,0,0,639,359
1323,17064,17063069,11108,250,332,184,0,555,88.9,0,45.2,1,0,0,639,359
1324,17075,17074180,11111,250,332,184,0,555,88.8,1,45.3,1,0,0,639,359
1325,17086,17085291,11111,250,333,184,0,561,88.8,0,45.3,1,0,0,639,359
1326,17098,17096400,11109,250,334,185,0,555,88.8,0,45.3,1,0,0,639,359
1327,17108,17107510,11110,250,335,186,0,557,88.9,0,45.3,1,0,0,639,359
1328,17119,17118616,11106,250,336,189,0,559,88.9,0,45.4,1,0,0,639,359
1329,17131,17129722,11106,250,337,192,0,556,88.9,0,45.4,1,0,0,639,359
1330,17142,17140835,11113,250,337,196,0,555,89.0,0,45.5,1,0,0,639,359
1331,17153,17151940,11105,250,336,201,0,558,89.0,0,45.5,1,0,0,639,359
1332,17164,17163051,11111,250,335,205,0,559,89.0,0,45.5,1,0,0,639,359
1333,17175,17174160,11109,250,334,210,0,557,88.9,1,45.5,1,0,0,639,359
1334,17186,17185277,11117,250,334,214,0,560,89.0,0,45.5,1,0,0,639,359
1335,17198,17196385,11108,250,333,219,0,556,89.0,0,45.6,1,0,0,639,359
1336,17208,17207496,11111,250,332,225,0,554,89.0,0,45.7,1,0,0,639,359
1337,17219,17218598,11102,250,-1,-1,1,556,89.0,0,-1.0,1,0,0,639,359
1338,17231,17229705,11107,250,332,219,0,556,89.0,0,45.2,1,0,0,639,359
1339,17242,17240816,11111,250,333,216,0,558,89.1,0,45.0,1,0,0,639,359
1340,17253,17251927,11111,250,-1,-1,1,554,89.1,0,-1.0,1,0,0,639,359
1341,17264,17263036,11109,250,332,216,0,562,89.1,0,45.3,1,0,0,639,359
1342,17279,17274297,11261,250,332,216,0,556,66.7,1,45.3,1,0,0,639,359
1343,17286,17285262,10965,250,331,215,0,559,87.0,0,45.3,1,0,0,639,359
1344,17298,17296372,11110,250,331,215,0,555,88.2,0,45.3,1,0,0,639,359
1345,17308,17307475,11103,250,331,215,0,552,88.9,0,45.3,1,0,0,639,359
1346,17320,17318583,11108,250,331,215,0,555,89.3,0,45.3,1,0,0,639,359
1347,17330,17329688,11105,250,331,215,0,557,89.6,0,45.3,1,0,0,639,359
1348,17342,17340798,11110,250,331,214,0,558,89.7,0,45.2,1,0,0,639,359
1349,17353,17351907,11109,250,331,214,0,558,89.9,0,45.2,1,0,0,639,359
1350,17391,17363021,11114,250,331,213,0,698,70.3,0,45.2,1,0,0,639,359
1351,17392,17385221,22200,250,331,212,0,1100,77.5,1,45.2,1,0,0,639,359
1352,17397,17396362,11141,250,332,210,0,558,82.1,0,45.2,1,0,0,639,359
1353,17409,17407455,11093,250,332,208,0,556,82.8,0,45.2,1,0,0,639,359
1354,17419,17418566,11111,250,333,207,0,555,83.3,0,45.2,1,0,0,639,359
1355,17430,17429679,11113,250,333,206,0,556,83.8,0,45.2,1,0,0,639,359
1356,17442,17440786,11107,250,334,204,0,666,84.3,0,45.2,1,0,0,639,359
1357,17453,17451897,11111,250,334,203,0,661,84.2,0,45.1,1,0,0,639,359
1358,17464,17463003,11106,250,334,201,0,563,85.0,0,45.2,1,0,0,639,359
1359,17475,17474112,11109,250,335,200,0,556,85.3,0,45.2,1,0,0,639,359
1360,17486,17485218,11106,250,335,199,0,559,85.2,1,45.1,1,0,0,639,359
1361,17497,17496330,11112,250,335,198,0,555,85.5,0,45.1,1,0,0,639,359
1362,17509,17507441,11111,250,335,197,0,556,85.7,0,45.2,1,0,0,639,359
1363,17519,17518552,11111,250,335,196,0,556,85.9,0,45.2,1,0,0,639,359
1364,17530,17529653,11101,250,335,196,0,561,86.1,0,45.2,1,0,0,639,359
1365,17542,17540765,11112,250,335,195,0,555,86.3,0,45.2,1,0,0,639,359
1366,17553,17551872,11107,250,335,194,0,647,86.5,0,45.2,1,0,0,639,359
1367,17564,17562989,11117,250,336,194,0,558,86.7,0,45.1,1,0,0,639,359
1368,17575,17574094,11105,250,336,193,0,555,86.8,0,45.2,1,0,0,639,359
1369,17586,17585204,11110,250,336,192,0,557,86.7,1,45.2,1,0,0,639,359
1370,17597,17596317,11113,250,336,191,0,559,86.8,0,45.2,1,0,0,639,359
1371,17609,17607424,11107,250,336,191,0,554,87.0,0,45.2,1,0,0,639,359
1372,17619,17618532,11108,250,336,190,0,556,87.1,0,45.2,1,0,0,639,359
1373,17631,17629645,11113,250,336,189,0,556,87.2,0,45.2,1,0,0,639,359
1374,17642,17640747,11102,250,336,189,0,556,87.3,0,45.2,1,0,0,639,359
1375,17653,17651859,11112,250,336,188,0,557,87.4,0,45.2,1,0,0,639,359
1376,17664,17662964,11105,250,337,187,0,558,87.5,0,45.2,1,0,0,639,359
1377,17675,17674077,11113,250,338,187,0,554,87.4,0,45.2,1,0,0,639,359
1378,17686,17685184,11107,250,338,186,0,555,87.5,1,45.2,1,0,0,639,359
1379,17697,17696296,11112,250,338,185,0,559,87.6,0,45.2,1,0,0,639,359
1380,17708,17707404,11108,250,339,185,0,565,87.6,0,45.2,1,0,0,639,359
1381,17720,17718516,11112,250,339,184,0,556,87.7,0,45.2,1,0,0,639,359
1382,17730,17729619,11103,250,339,184,0,555,87.8,0,45.2,1,0,0,639,359
1383,17742,17740733,11114,250,339,184,0,560,87.9,0,45.2,1,0,0,639,359
1384,17753,17751839,11106,250,339,183,0,560,87.9,0,45.2,1,0,0,639,359
1385,17764,17762950,11111,250,339,183,0,557,87.8,0,45.3,1,0,0,639,359
1386,17775,17774059,11109,250,338,183,0,559,88.1,0,45.3,1,0,0,639,359
1387,17787,17785169,11110,250,338,182,0,555,88.0,1,45.2,1,0,0,639,359
1388,17797,17796280,11111,250,339,182,0,640,88.0,0,45.2,1,0,0,639,359
1389,17808,17807390,11110,250,339,182,0,665,88.1,0,45.2,1,0,0,639,359
1390,17819,17818497,11107,250,339,181,0,557,88.1,0,45.3,1,0,0,639,359
1391,17830,17829606,11109,250,340,181,0,557,88.2,0,45.2,1,0,0,639,359
1392,17842,17840711,11105,250,340,181,0,556,88.2,0,45.2,1,0,0,639,359
1393,17853,17851824,11113,250,340,181,0,559,88.3,0,45.2,1,0,0,639,359
1394,17864,17862930,11106,250,341,181,0,558,88.3,0,45.3,1,0,0,639,359
1395,17875,17874042,11112,250,341,181,0,560,88.4,0,45.2,1,0,0,639,359
1396,17886,17885152,11110,250,341,180,0,556,88.3,1,45.2,1,0,0,639,359
1397,17897,17896264,11112,250,341,180,0,560,88.3,0,45.3,1,0,0,639,359
1398,17909,17907372,11108,250,341,180,0,555,88.4,0,45.2,1,0,0,639,359
1399,17919,17918483,11111,250,341,180,0,556,88.4,0,45.3,1,0,0,639,359
1400,17930,17929585,11102,250,341,180,0,556,88.5,0,45.2,1,0,0,639,359
1401,17942,17940697,11112,250,341,180,0,554,88.5,0,45.1,1,0,0,639,359
1402,17953,17951806,11109,250,341,180,0,555,88.5,0,45.2,1,0,0,639,359
1403,17964,17962915,11109,250,341,179,0,555,88.6,0,45.2,1,0,0,639,359
1404,17975,17974022,11107,250,341,179,0,562,88.6,0,45.2,1,0,0,639,359
1405,17986,17985138,11116,250,341,179,0,557,88.5,1,45.3,1,0,0,639,359
1406,17997,17996247,11109,250,340,179,0,558,88.6,0,45.2,1,0,0,639,359
1407,18009,18007357,11110,250,341,179,0,555,88.6,0,45.2,1,0,0,639,359
1408,18019,18018466,11109,250,341,179,0,555,88.6,0,45.2,1,0,0,639,359
1409,18031,18029570,11104,250,341,179,0,555,88.7,0,45.3,1,0,0,639,359
1410,18041,18040676,11106,250,341,179,0,557,88.7,0,45.3,1,0,0,639,359
1411,18053,18051788,11112,250,340,179,0,558,88.7,0,45.3,1,0,0,639,359
1412,18064,18062900,11112,250,340,179,0,557,88.8,0,45.2,1,0,0,639,359
1413,18075,18074007,11107,250,340,179,0,554,88.7,0,45.2,1,0,0,639,359
1414,18086,18085114,11107,250,340,179,0,556,88.8,1,45.2,1,0,0,639,359
1415,18097,18096230,11116,250,340,179,0,559,88.7,0,45.2,1,0,0,639,359
1416,18109,18107335,11105,250,340,179,0,554,88.8,0,45.2,1,0,0,639,359
1417,18120,18118447,11112,250,341,179,0,556,88.8,0,45.2,1,0,0,639,359
1418,18130,18129552,11105,250,341,179,0,555,88.8,0,45.2,1,0,0,639,359
1419,18141,18140663,11111,250,341,179,0,555,88.8,0,45.2,1,0,0,639,359
1420,18153,18151770,11107,250,341,179,0,556,88.9,0,45.2,1,0,0,639,359
1421,18164,18162882,11112,250,341,179,0,554,88.9,0,45.2,1,0,0,639,359
1422,18175,18173993,11111,250,341,179,0,556,88.9,0,45.2,1,0,0,639,359
1423,18186,18185102,11109,250,341,179,0,559,88.9,1,45.2,1,0,0,639,359
1424,18197,18196213,11111,250,341,179,0,558,88.9,0,45.2,1,0,0,639,359
1425,18209,18207323,11110,250,341,180,0,553,88.9,0,45.2,1,0,0,639,359
1426,18219,18218425,11102,250,341,180,0,555,88.9,0,45.2,1,0,0,639,359
1427,18230,18229539,11114,250,341,180,0,554,88.9,0,45.2,1,0,0,639,359
1428,18241,18240643,11104,250,341,180,0,555,89.0,0,45.2,1,0,0,639,359
1429,18253,18251752,11109,250,341,180,0,556,89.0,0,45.2,1,0,0,639,359
1430,18264,18262865,11113,250,341,180,0,566,89.0,0,45.3,1,0,0,639,359
1431,18279,18273972,11107,250,341,180,0,554,66.7,0,45.3,1,0,0,639,359
1432,18286,18285083,11111,250,341,180,0,557,90.9,1,45.3,1,0,0,639,359
1433,18297,18296194,11111,250,341,180,0,556,88.2,0,45.2,1,0,0,639,359
1434,18309,18307303,11109,250,341,180,0,555,88.9,0,45.2,1,0,0,639,359
1435,18319,18318412,11109,250,341,180,0,554,89.3,0,45.2,1,0,0,639,359
1436,18330,18329515,11103,250,341,181,0,556,89.6,0,45.3,1,0,0,639,359
1437,18342,18340627,11112,250,341,181,0,557,89.7,0,45.2,1,0,0,639,359
1438,18353,18351735,11108,250,341,181,0,555,89.9,0,45.2,1,0,0,639,359
1439,18364,18362851,11116,250,341,181,0,556,90.0,0,45.2,1,0,0,639,359
1440,18405,18373953,11102,250,341,181,0,666,70.9,0,45.2,1,0,0,639,359
1441,18406,18396164,22211,250,341,181,0,838,76.9,1,45.2,1,0,0,639,359
1442,18409,18407276,11112,250,342,181,0,598,82.8,0,45.3,1,0,0,639,359
1443,18419,18418395,11119,250,342,181,0,558,83.3,0,45.2,1,0,0,639,359
1444,18431,18429501,11106,250,342,181,0,555,83.8,0,45.2,1,0,0,639,359
1445,18441,18440614,11113,250,342,181,0,661,84.3,0,45.3,1,0,0,639,359
1446,18453,18451723,11109,250,342,181,0,558,84.7,0,45.2,1,0,0,639,359
1447,18464,18462833,11110,250,343,181,0,558,85.0,0,45.2,1,0,0,639,359
1448,18475,18474089,11256,250,343,181,0,642,84.9,0,45.2,1,0,0,639,359
1449,18486,18485051,10962,250,343,182,0,555,85.6,0,45.2,1,0,0,639,359
1450,18497,18496155,11104,250,343,182,0,555,85.8,1,45.2,1,0,0,639,359
1451,18508,18507272,11117,250,343,182,0,580,85.7,0,45.3,1,0,0,639,359
1452,18519,18518379,11107,250,342,182,0,555,85.9,0,45.2,1,0,0,639,359
1453,18530,18529488,11109,250,342,182,0,620,86.1,0,45.2,1,0,0,639,359
1454,18541,18540594,11106,250,342,182,0,560,86.3,0,45.3,1,0,0,639,359
1455,18552,18551702,11108,250,342,182,0,557,86.5,0,45.3,1,0,0,639,359
1456,18564,18562815,11113,250,342,182,0,560,86.7,0,45.2,1,0,0,639,359
1457,18575,18573921,11106,250,342,182,0,557,86.8,0,45.3,1,0,0,639,359
1458,18586,18585030,11109,250,342,182,0,557,87.0,0,45.2,1,0,0,639,359
1459,18597,18596140,11110,250,342,182,0,556,87.1,1,45.2,1,0,0,639,359
1460,18608,18607255,11115,250,342,182,0,577,87.0,0,45.3,1,0,0,639,359
1461,18619,18618360,11105,250,342,182,0,562,87.1,0,45.2,1,0,0,639,359
1462,18630,18629474,11114,250,342,182,0,556,87.2,0,45.2,1,0,0,639,359
1463,18641,18640578,11104,250,342,182,0,554,87.3,0,45.2,1,0,0,639,359
1464,18653,18651685,11107,250,342,182,0,558,87.4,0,45.3,1,0,0,639,359
1465,18664,18662792,11107,250,342,182,0,558,87.5,0,45.2,1,0,0,639,359
1466,18675,18673903,11111,250,342,182,0,557,87.6,0,45.2,1,0,0,639,359
1467,18686,18685011,11108,250,342,183,0,556,87.7,0,45.2,1,0,0,639,359
1468,18697,18696126,11115,250,342,183,0,554,87.6,1,45.2,1,0,0,639,359
1469,18708,18707237,11111,250,342,183,0,577,87.6,0,45.3,1,0,0,639,359
1470,18719,18718346,11109,250,342,183,0,555,87.7,0,45.2,1,0,0,639,359
1471,18731,18729450,11104,250,342,183,0,557,87.8,0,45.2,1,0,0,639,359
1472,18742,18740560,11110,250,342,183,0,560,87.9,0,45.2,1,0,0,639,359
1473,18752,18751667,11107,250,341,183,0,555,87.9,0,45.2,1,0,0,639,359
1474,18764,18762776,11109,250,341,183,0,556,88.0,0,45.3,1,0,0,639,359
1475,18775,18773884,11108,250,341,183,0,556,88.1,0,45.3,1,0,0,639,359
1476,18786,18784996,11112,250,341,183,0,557,88.0,0,45.3,1,0,0,639,359
1477,18797,18796106,11110,250,341,183,0,556,88.2,1,45.2,1,0,0,639,359
1478,18808,18807221,11115,250,341,183,0,560,88.1,0,45.2,1,0,0,639,359
1479,18819,18818328,11107,250,341,183,0,557,88.1,0,45.2,1,0,0,639,359
1480,18831,18829439,11111,250,341,183,0,554,88.2,0,45.2,1,0,0,639,359
1481,18841,18840544,11105,250,341,183,0,559,88.2,0,45.3,1,0,0,639,359
1482,18852,18851652,11108,250,341,183,0,557,88.3,0,45.2,1,0,0,639,359
1483,18864,18862761,11109,250,341,183,0,557,88.3,0,45.2,1,0,0,639,359
1484,18875,18873872,11111,250,341,183,0,558,88.4,0,45.2,1,0,0,639,359
1485,18886,18884983,11111,250,341,182,0,557,88.4,0,45.2,1,0,0,639,359
1486,18897,18896090,11107,250,340,182,0,556,88.5,1,45.3,1,0,0,639,359
1487,18908,18907202,11112,250,340,182,0,578,88.4,0,45.3,1,0,0,639,359
1488,18919,18918311,11109,250,341,182,0,556,88.4,0,45.2,1,0,0,639,359
1489,18930,18929419,11108,250,341,182,0,554,88.5,0,45.3,1,0,0,639,359
1490,18941,18940526,11107,250,341,182,0,556,88.5,0,45.3,1,0,0,639,359
1491,18952,18951630,11104,250,342,182,0,557,88.5,0,45.3,1,0,0,639,359
1492,18964,18962744,11114,250,342,182,0,554,88.6,0,45.3,1,0,0,639,359
1493,18975,18973854,11110,250,342,182,0,558,88.6,0,45.2,1,0,0,639,359
1494,18986,18984965,11111,250,342,182,0,557,88.6,0,45.3,1,0,0,639,359
1495,18997,18996071,11106,250,342,182,0,555,88.7,1,45.3,1,0,0,639,359
1496,19008,19007190,11119,250,342,182,0,579,88.6,0,45.2,1,0,0,639,359
1497,19019,19018295,11105,250,342,182,0,556,88.6,0,45.2,1,0,0,639,359
1498,19030,19029402,11107,250,342,182,0,554,88.7,0,45.2,1,0,0,639,359
1499,19041,19040510,11108,250,342,182,0,556,88.7,0,45.2,1,0,0,639,359
1500,19053,19051619,11109,250,342,182,0,556,88.7,0,45.2,1,0,0,639,359
1501,19064,19062727,11108,250,342,182,0,558,88.8,0,45.3,1,0,0,639,359
1502,19075,19073839,11112,250,342,182,0,559,88.8,0,45.3,1,0,0,639,359
1503,19086,19084944,11105,250,342,182,0,557,88.8,0,45.3,1,0,0,639,359
1504,19097,19096055,11111,250,342,182,0,556,88.7,1,45.2,1,0,0,639,359
1505,19108,19107168,11113,250,342,182,0,553,88.8,0,45.2,1,0,0,639,359
1506,19119,19118279,11111,250,342,182,0,558,88.8,0,45.3,1,0,0,639,359
1507,19131,19129385,11106,250,342,182,0,556,88.8,0,45.2,1,0,0,639,359
1508,19142,19140491,11106,250,342,182,0,556,88.8,0,45.3,1,0,0,639,359
1509,19152,19151599,11108,250,342,182,0,557,88.9,0,45.3,1,0,0,639,359
1510,19163,19162709,11110,250,342,182,0,557,88.9,0,45.2,1,0,0,639,359
1511,19175,19173813,11104,250,342,182,0,555,88.9,0,45.2,1,0,0,639,359
1512,19186,19184932,11119,250,342,182,0,558,88.8,0,45.3,1,0,0,639,359
1513,19197,19196037,11105,250,342,182,0,556,89.0,1,45.2,1,0,0,639,359
1514,19208,19207150,11113,250,342,182,0,578,88.9,0,45.2,1,0,0,639,359
1515,19219,19218255,11105,250,342,182,0,559,88.9,0,45.2,1,0,0,639,359
1516,19231,19229368,11113,250,342,183,0,555,88.9,0,45.3,1,0,0,639,359
1517,19241,19240475,11107,250,341,183,0,557,89.0,0,45.3,1,0,0,639,359
1518,19252,19251585,11110,250,341,183,0,556,89.0,0,45.3,1,0,0,639,359
1519,19263,19262692,11107,250,341,183,0,555,89.0,0,45.2,1,0,0,639,359
1520,19279,19273807,11115,250,341,183,0,553,66.7,0,45.3,1,0,0,639,359
1521,19286,19284912,11105,250,341,182,0,555,90.9,0,45.2,1,0,0,639,359
1522,19297,19296021,11109,250,341,182,0,556,90.9,1,45.2,1,0,0,639,359
1523,19308,19307134,11113,250,341,182,0,558,88.9,0,45.3,1,0,0,639,359
1524,19319,19318242,11108,250,341,182,0,557,89.3,0,45.2,1,0,0,639,359
1525,19331,19329351,11109,250,341,182,0,555,89.6,0,45.3,1,0,0,639,359
1526,19341,19340460,11109,250,341,182,0,557,89.7,0,45.3,1,0,0,639,359
1527,19352,19351561,11101,250,341,182,0,558,89.9,0,45.2,1,0,0,639,359
1528,19364,19362677,11116,250,341,182,0,558,90.0,0,45.2,1,0,0,639,359
1529,19375,19373782,11105,250,342,182,0,555,90.1,0,45.2,1,0,0,639,359
1530,19420,19384892,11110,250,342,182,0,663,70.5,0,45.2,1,0,0,639,359
1531,19421,19418206,33314,250,342,182,0,632,76.4,1,45.2,1,0,0,639,359
1532,19430,19429337,11131,250,342,182,0,555,77.8,0,45.2,1,0,0,639,359
1533,19441,19440442,11105,250,342,182,0,554,78.7,0,45.2,1,0,0,639,359
1534,19453,19451549,11107,250,341,182,0,556,79.4,0,45.2,1,0,0,639,359
1535,19463,19462659,11110,250,341,182,0,577,80.0,0,45.2,1,0,0,639,359
1536,19475,19473772,11113,250,341,182,0,557,80.6,0,45.2,1,0,0,639,359
1537,19486,19484875,11103,250,341,182,0,554,80.7,0,45.2,1,0,0,639,359
1538,19497,19495986,11111,250,341,182,0,560,81.2,0,45.3,1,0,0,639,359
1539,19508,19507092,11106,250,342,182,0,557,82.0,0,45.3,1,0,0,639,359
1540,19519,19518206,11114,250,342,182,0,557,82.0,1,45.3,1,0,0,639,359
1541,19530,19529316,11110,250,342,182,0,557,82.4,0,45.2,1,0,0,639,359
1542,19542,19540423,11107,250,342,182,0,555,82.7,0,45.2,1,0,0,639,359
1543,19552,19551532,11109,250,342,182,0,555,83.0,0,45.2,1,0,0,639,359
1544,19563,19562642,11110,250,342,182,0,554,83.3,0,45.2,1,0,0,639,359
1545,19575,19573751,11109,250,342,182,0,556,83.6,0,45.2,1,0,0,639,359
1546,19586,19584858,11107,250,342,182,0,555,83.6,0,45.2,1,0,0,639,359
1547,19597,19595969,11111,250,341,181,0,556,84.1,0,45.2,1,0,0,639,359
1548,19608,19607081,11112,250,341,181,0,557,84.3,0,45.2,1,0,0,639,359
1549,19619,19618189,11108,250,341,181,0,558,84.3,1,45.3,1,0,0,639,359
1550,19630,19629300,11111,250,341,181,0,557,84.5,0,45.3,1,0,0,639,359
1551,19641,19640409,11109,250,341,181,0,557,84.7,0,45.3,1,0,0,639,359
1552,19653,19651519,11110,250,342,181,0,556,84.8,0,45.2,1,0,0,639,359
1553,19663,19662622,11103,250,342,182,0,556,85.0,0,45.2,1,0,0,639,359
1554,19675,19673731,11109,250,342,182,0,554,85.2,0,45.2,1,0,0,639,359
1555,19686,19684842,11111,250,342,182,0,556,85.3,0,45.3,1,0,0,639,359
1556,19697,19695951,11109,250,342,182,0,555,85.5,0,45.2,1,0,0,639,359
1557,19708,19707060,11109,250,342,182,0,557,85.6,0,45.2,1,0,0,639,359
1558,19719,19718164,11104,250,342,182,0,557,85.5,1,45.2,1,0,0,639,359
1559,19730,19729286,11122,250,342,182,0,579,85.7,0,45.2,1,0,0,639,359
1560,19741,19740395,11109,250,341,182,0,558,85.8,0,45.2,1,0,0,639,359
1561,19752,19751500,11105,250,341,182,0,554,85.9,0,45.2,1,0,0,639,359
1562,19764,19762608,11108,250,341,181,0,556,86.0,0,45.3,1,0,0,639,359
1563,19775,19773715,11107,250,341,181,0,559,86.1,0,45.3,1,0,0,639,359
1564,19786,19784828,11113,250,341,181,0,561,86.2,0,45.2,1,0,0,639,359
1565,19797,19795934,11106,250,341,181,0,555,86.3,0,45.3,1,0,0,639,359
1566,19809,19807041,11107,250,342,182,0,556,86.2,0,45.2,1,0,0,639,359
1567,19819,19818153,11112,250,342,182,0,557,86.3,1,45.2,1,0,0,639,359
1568,19830,19829267,11114,250,342,182,0,659,86.4,0,45.2,1,0,0,639,359
1569,19841,19840372,11105,250,342,182,0,654,86.5,0,45.2,1,0,0,639,359
1570,19853,19851482,11110,250,342,182,0,555,86.6,0,45.3,1,0,0,639,359
1571,19863,19862590,11108,250,342,182,0,555,86.7,0,45.3,1,0,0,639,359
1572,19875,19873697,11107,250,342,182,0,559,86.7,0,45.3,1,0,0,639,359
1573,19886,19884808,11111,250,342,182,0,556,86.8,0,45.2,1,0,0,639,359
1574,19897,19895917,11109,250,342,182,0,558,86.8,0,45.2,1,0,0,639,359
1575,19908,19907026,11109,250,342,182,0,554,87.0,0,45.2,1,0,0,639,359
1576,19919,19918137,11111,250,342,182,0,556,87.0,1,45.2,1,0,0,639,359
1577,19930,19929247,11110,250,342,182,0,577,87.0,0,45.2,1,0,0,639,359
1578,19941,19940357,11110,250,342,182,0,558,87.0,0,45.3,1,0,0,639,359
1579,19953,19951465,11108,250,342,182,0,556,87.1,0,45.3,1,0,0,639,359
1580,19963,19962576,11111,250,342,182,0,557,87.1,0,45.2,1,0,0,639,359
1581,19974,19973681,11105,250,342,182,0,556,87.2,0,45.2,1,0,0,639,359
1582,19986,19984789,11108,250,342,182,0,554,87.3,0,45.2,1,0,0,639,359
1583,19997,19995899,11110,250,342,182,0,554,87.3,0,45.2,1,0,0,639,359
1584,20008,20007008,11109,250,342,182,0,554,87.4,0,45.2,1,0,0,639,359
1585,20019,20018119,11111,250,342,182,0,554,87.4,1,45.2,1,0,0,639,359
1586,20030,20029233,11114,250,342,182,0,575,87.4,0,45.3,1,0,0,639,359
1587,20041,20040339,11106,250,342,182,0,558,87.4,0,45.3,1,0,0,639,359
1588,20052,20051448,11109,250,342,182,0,554,87.5,0,45.2,1,0,0,639,359
1589,20063,20062557,11109,250,342,182,0,556,87.5,0,45.2,1,0,0,639,359
1590,20075,20073665,11108,250,342,182,0,558,87.5,0,45.2,1,0,0,639,359
1591,20086,20084772,11107,250,342,182,0,554,87.6,0,45.2,1,0,0,639,359
1592,20097,20095882,11110,250,342,181,0,558,87.6,0,45.2,1,0,0,639,359
1593,20108,20106990,11108,250,342,181,0,556,87.7,0,45.2,1,0,0,639,359
1594,20119,20118098,11108,250,342,181,0,557,87.6,1,45.2,1,0,0,639,359
1595,20130,20129216,11118,250,342,181,0,558,87.7,0,45.2,1,0,0,639,359
1596,20141,20140323,11107,250,342,181,0,556,87.7,0,45.3,1,0,0,639,359
1597,20153,20151433,11110,250,342,181,0,554,87.7,0,45.2,1,0,0,639,359
1598,20164,20162540,11107,250,342,182,0,557,87.8,0,45.2,1,0,0,639,359
1599,20176,20173646,11106,250,342,182,0,551,87.6,0,45.2,1,0,0,639,359
1600,20186,20184759,11113,250,342,182,0,553,87.9,0,45.2,1,0,0,639,359
1601,20197,20195866,11107,250,341,182,0,553,87.9,0,45.3,1,0,0,639,359
1602,20208,20206977,11111,250,341,182,0,558,87.8,0,45.3,1,0,0,639,359
1603,20219,20218083,11106,250,341,182,0,556,88.0,1,45.2,1,0,0,639,359
1604,20230,20229198,11115,250,341,182,0,571,87.9,0,45.2,1,0,0,639,359
1605,20241,20240303,11105,250,341,182,0,556,87.9,0,45.2,1,0,0,639,359
1606,20253,20251417,11114,250,341,182,0,556,88.0,0,45.2,1,0,0,639,359
1607,20263,20262521,11104,250,341,181,0,556,88.0,0,45.2,1,0,0,639,359
1608,20280,20273631,11110,250,341,181,0,604,62.5,0,45.2,1,0,0,639,359
1609,20286,20284746,11115,250,341,181,0,555,90.9,0,45.2,1,0,0,639,359
1610,20297,20295851,11105,250,341,181,0,556,90.9,0,45.2,1,0,0,639,359
1611,20308,20306958,11107,250,341,181,0,556,90.9,0,45.2,1,0,0,639,359
1612,20319,20318069,11111,250,341,181,0,554,90.9,1,45.2,1,0,0,639,359
1613,20330,20329181,11112,250,341,182,0,578,89.6,0,45.3,1,0,0,639,359
1614,20341,20340289,11108,250,341,182,0,557,89.7,0,45.3,1,0,0,639,359
1615,20353,20351396,11107,250,341,182,0,557,89.9,0,45.2,1,0,0,639,359
1616,20363,20362505,11109,250,341,182,0,557,90.0,0,45.3,1,0,0,639,359
1617,20374,20373608,11103,250,341,182,0,554,90.1,0,45.2,1,0,0,639,359
1618,20386,20384721,11113,250,341,181,0,555,90.2,0,45.2,1,0,0,639,359
1619,20397,20395834,11113,250,341,181,0,558,90.2,0,45.3,1,0,0,639,359
1620,20443,20406939,11105,250,341,181,0,658,72.6,0,45.2,1,0,0,639,359
1621,20443,20440256,33317,250,341,180,0,628,77.8,1,45.2,1,0,0,639,359
1622,20452,20451383,11127,250,340,179,0,556,79.4,0,45.3,1,0,0,639,359
1623,20463,20462488,11105,250,340,179,0,555,80.0,0,45.2,1,0,0,639,359
1624,20475,20473594,11106,250,340,179,0,556,80.6,0,45.2,1,0,0,639,359
1625,20486,20484706,11112,250,340,179,0,556,81.1,0,45.2,1,0,0,639,359
1626,20497,20495819,11113,250,340,179,0,624,81.5,0,45.2,1,0,0,639,359
1627,20508,20506923,11104,250,341,179,0,587,82.0,0,45.3,1,0,0,639,359
1628,20519,20518033,11110,250,341,179,0,555,82.0,0,45.2,1,0,0,639,359
1629,20530,20529140,11107,250,341,179,0,556,82.4,0,45.2,1,0,0,639,359
1630,20541,20540250,11110,250,341,179,0,555,82.7,1,45.2,1,0,0,639,359
1631,20552,20551361,11111,250,341,179,0,566,83.0,0,45.2,1,0,0,639,359
1632,20564,20562470,11109,250,341,179,0,554,83.3,0,45.2,1,0,0,639,359
1633,20575,20573580,11110,250,341,179,0,553,83.3,0,45.2,1,0,0,639,359
1634,20585,20584692,11112,250,341,179,0,592,83.9,0,45.2,1,0,0,639,359
1635,20597,20595797,11105,250,341,179,0,558,84.1,0,45.2,1,0,0,639,359
1636,20608,20606902,11105,250,341,179,0,555,84.1,0,45.2,1,0,0,639,359
1637,20619,20618015,11113,250,341,179,0,555,84.5,0,45.2,1,0,0,639,359
1638,20630,20629128,11113,250,341,179,0,555,84.7,0,45.3,1,0,0,639,359
1639,20641,20640234,11106,250,341,179,0,553,84.7,1,45.3,1,0,0,639,359
1640,20652,20651347,11113,250,341,179,0,558,84.8,0,45.2,1,0,0,639,359
1641,20663,20662448,11101,250,341,179,0,670,85.0,0,45.2,1,0,0,639,359
1642,20674,20673564,11116,250,341,179,0,642,85.2,0,45.2,1,0,0,639,359
1643,20685,20684668,11104,250,341,179,0,582,85.3,0,45.2,1,0,0,639,359
1644,20697,20695781,11113,250,341,179,0,558,85.5,0,45.2,1,0,0,639,359
1645,20708,20706890,11109,250,341,179,0,558,85.6,0,45.3,1,0,0,639,359
1646,20719,20717997,11107,250,341,179,0,558,85.7,0,45.3,1,0,0,639,359
1647,20730,20729106,11109,250,340,179,0,556,85.8,0,45.2,1,0,0,639,359
1648,20741,20740214,11108,250,340,179,0,555,85.8,1,45.2,1,0,0,639,359
1649,20752,20751333,11119,250,340,178,0,573,85.9,0,45.3,1,0,0,639,359
1650,20763,20762437,11104,250,340,178,0,554,86.0,0,45.2,1,0,0,639,359
1651,20775,20773550,11113,250,340,178,0,554,86.1,0,45.2,1,0,0,639,359
1652,20786,20784657,11107,250,340,177,0,578,86.2,0,45.2,1,0,0,639,359
1653,20797,20795759,11102,250,340,177,0,555,86.3,0,45.2,1,0,0,639,359
1654,20808,20806874,11115,250,340,176,0,554,86.4,0,45.2,1,0,0,639,359
1655,20819,20817979,11105,250,340,176,0,555,86.5,0,45.2,1,0,0,639,359
1656,20830,20829092,11113,250,339,175,0,555,86.4,0,45.2,1,0,0,639,359
1657,20841,20840198,11106,250,339,175,0,557,86.5,1,45.2,1,0,0,639,359
1658,20852,20851313,11115,250,339,175,0,562,86.6,0,45.2,1,0,0,639,359
1659,20863,20862420,11107,250,338,175,0,559,86.7,0,45.2,1,0,0,639,359
1660,20875,20873530,11110,250,338,175,0,557,86.6,0,45.2,1,0,0,639,359
1661,20885,20884639,11109,250,338,175,0,554,86.8,0,45.2,1,0,0,639,359
1662,20897,20895749,11110,250,338,175,0,553,86.9,0,45.3,1,0,0,639,359
1663,20908,20906856,11107,250,338,175,0,555,87.0,0,45.3,1,0,0,639,359
1664,20919,20917965,11109,250,338,175,0,556,86.9,0,45.3,1,0,0,639,359
1665,20930,20929072,11107,250,338,175,0,555,87.1,0,45.3,1,0,0,639,359
1666,20941,20940182,11110,250,338,175,0,555,87.0,1,45.2,1,0,0,639,359
1667,20952,20951296,11114,250,338,175,0,565,87.1,0,45.2,1,0,0,639,359
1668,20963,20962404,11108,250,338,175,0,555,87.1,0,45.2,1,0,0,639,359
1669,20975,20973513,11109,250,338,175,0,555,87.2,0,45.2,1,0,0,639,359
1670,20985,20984621,11108,250,338,175,0,555,87.3,0,45.2,1,0,0,639,359
1671,20997,20995730,11109,250,338,175,0,556,87.3,0,45.3,1,0,0,639,359
1672,21008,21006840,11110,250,338,175,0,554,87.2,0,45.2,1,0,0,639,359
1673,21019,21017950,11110,250,338,174,0,559,87.4,0,45.2,1,0,0,639,359
1674,21030,21029057,11107,250,338,174,0,554,87.5,0,45.2,1,0,0,639,359
1675,21041,21040165,11108,250,338,174,0,556,87.4,1,45.2,1,0,0,639,359
1676,21052,21051279,11114,250,338,174,0,559,87.5,0,45.3,1,0,0,639,359
1677,21063,21062388,11109,250,338,174,0,570,87.5,0,45.2,1,0,0,639,359
1678,21075,21073501,11113,250,338,174,0,556,87.5,0,45.3,1,0,0,639,359
1679,21085,21084602,11101,250,338,174,0,561,87.6,0,45.3,1,0,0,639,359
1680,21097,21095714,11112,250,339,175,0,556,87.6,0,45.3,1,0,0,639,359
1681,21108,21106817,11103,250,338,175,0,556,87.7,0,45.2,1,0,0,639,359
1682,21119,21117930,11113,250,338,175,0,555,87.7,0,45.2,1,0,0,639,359
1683,21130,21129039,11109,250,338,175,0,556,87.8,0,45.3,1,0,0,639,359
1684,21141,21140148,11109,250,338,175,0,553,87.7,1,45.3,1,0,0,639,359
1685,21152,21151262,11114,250,338,175,0,559,87.7,0,45.3,1,0,0,639,359
1686,21163,21162375,11113,250,338,175,0,556,87.8,0,45.2,1,0,0,639,359
1687,21175,21173480,11105,250,338,175,0,556,87.8,0,45.2,1,0,0,639,359
1688,21186,21184585,11105,250,338,175,0,557,87.9,0,45.2,1,0,0,639,359
1689,21196,21195694,11109,250,338,175,0,554,87.9,0,45.3,1,0,0,639,359
1690,21208,21206805,11111,250,338,175,0,555,87.9,0,45.3,1,0,0,639,359
1691,21219,21217916,11111,250,338,175,0,554,88.0,0,45.3,1,0,0,639,359
1692,21230,21229021,11105,250,338,175,0,556,87.9,0,45.3,1,0,0,639,359
1693,21241,21240130,11109,250,338,175,0,557,87.9,1,45.2,1,0,0,639,359
1694,21252,21251245,11115,250,338,175,0,567,88.0,0,45.2,1,0,0,639,359
1695,21263,21262351,11106,250,338,175,0,556,88.0,0,45.2,1,0,0,639,359
1696,21284,21273543,11192,250,338,175,0,1968,45.5,0,45.3,1,0,0,639,359
1697,21286,21284557,11014,250,338,175,0,545,90.9,0,45.3,1,0,0,639,359
1698,21296,21295679,11122,250,338,175,0,555,90.9,0,45.3,1,0,0,639,359
1699,21308,21306785,11106,250,338,175,0,555,90.9,0,45.2,1,0,0,639,359
1700,21319,21317897,11112,250,338,175,0,555,89.3,0,45.2,1,0,0,639,359
1701,21330,21329003,11106,250,338,175,0,552,90.9,0,45.2,1,0,0,639,359
1702,21341,21340114,11111,250,338,175,0,555,90.9,1,45.2,1,0,0,639,359
1703,21352,21351226,11112,250,338,175,0,562,89.9,0,45.3,1,0,0,639,359
1704,21363,21362336,11110,250,338,176,0,558,90.0,0,45.3,1,0,0,639,359
1705,21374,21373444,11108,250,338,176,0,557,90.1,0,45.2,1,0,0,639,359
1706,21385,21384553,11109,250,338,176,0,556,90.2,0,45.2,1,0,0,639,359
1707,21396,21395664,11111,250,338,176,0,558,90.2,0,45.2,1,0,0,639,359
1708,21408,21406766,11102,250,338,176,0,555,90.3,0,45.3,1,0,0,639,359
1709,21419,21417876,11110,250,338,176,0,555,90.3,0,45.3,1,0,0,639,359
1710,21465,21428994,11118,250,338,176,0,655,74.3,0,45.3,1,0,0,639,359
1711,21466,21462298,33304,250,338,176,0,629,78.8,1,45.2,1,0,0,639,359
1712,21474,21473430,11132,250,338,176,0,556,80.6,0,45.2,1,0,0,639,359
1713,21485,21484533,11103,250,338,176,0,571,81.1,0,45.2,1,0,0,639,359
1714,21497,21495644,11111,250,338,176,0,570,81.5,0,45.2,1,0,0,639,359
1715,21508,21506756,11112,250,338,176,0,557,82.0,0,45.2,1,0,0,639,359
1716,21519,21517865,11109,250,338,176,0,656,82.4,0,45.2,1,0,0,639,359
1717,21530,21528970,11105,250,338,176,0,642,82.7,0,45.2,1,0,0,639,359
1718,21541,21540078,11108,250,338,176,0,558,82.7,0,45.2,1,0,0,639,359
1719,21552,21551184,11106,250,338,176,0,558,83.0,0,45.2,1,0,0,639,359
1720,21563,21562297,11113,250,338,176,0,556,83.3,1,45.3,1,0,0,639,359
1721,21574,21573409,11112,250,338,176,0,577,83.6,0,45.2,1,0,0,639,359
1722,21586,21584523,11114,250,338,176,0,556,83.9,0,45.2,1,0,0,639,359
1723,21597,21595632,11109,250,338,176,0,554,83.8,0,45.2,1,0,0,639,359
1724,21608,21606738,11106,250,338,176,0,554,84.3,0,45.2,1,0,0,639,359
1725,21619,21617843,11105,250,337,176,0,558,84.5,0,45.2,1,0,0,639,359
1726,21630,21628956,11113,250,337,176,0,559,84.5,0,45.2,1,0,0,639,359
1727,21641,21640059,11103,250,337,176,0,554,84.9,0,45.2,1,0,0,639,359
1728,21652,21651173,11114,250,337,176,0,561,84.8,0,45.2,1,0,0,639,359
1729,21663,21662277,11104,250,337,176,0,560,85.0,1,45.2,1,0,0,639,359
1730,21674,21673395,11118,250,337,176,0,560,85.2,0,45.2,1,0,0,639,359
1731,21685,21684503,11108,250,337,176,0,572,85.3,0,45.2,1,0,0,639,359
1732,21697,21695613,11110,250,337,176,0,555,85.3,0,45.3,1,0,0,639,359
1733,21708,21706720,11107,250,337,176,0,558,85.6,0,45.2,1,0,0,639,359
1734,21719,21717827,11107,250,337,176,0,555,85.7,0,45.2,1,0,0,639,359
1735,21730,21728936,11109,250,337,176,0,560,85.8,0,45.3,1,0,0,639,359
1736,21741,21740046,11110,250,338,176,0,556,86.0,0,45.3,1,0,0,639,359
1737,21752,21751154,11108,250,338,176,0,556,85.9,0,45.2,1,0,0,639,359
1738,21763,21762267,11113,250,338,176,0,556,86.0,1,45.2,1,0,0,639,359
1739,21774,21773378,11111,250,338,176,0,578,86.1,0,45.2,1,0,0,639,359
1740,21785,21784492,11114,250,338,176,0,554,86.2,0,45.2,1,0,0,639,359
1741,21796,21795592,11100,250,337,176,0,555,86.3,0,45.3,1,0,0,639,359
1742,21808,21806702,11110,250,337,176,0,558,86.4,0,45.3,1,0,0,639,359
1743,21819,21817810,11108,250,337,176,0,558,86.5,0,45.3,1,0,0,639,359
1744,21830,21828924,11114,250,337,176,0,557,86.6,0,45.2,1,0,0,639,359
1745,21841,21840024,11100,250,337,176,0,555,86.7,0,45.3,1,0,0,639,359
1746,21852,21851137,11113,250,337,176,0,554,86.6,0,45.2,1,0,0,639,359
1747,21863,21862245,11108,250,338,176,0,557,86.7,1,45.2,1,0,0,639,359
1748,21874,21873361,11116,250,338,176,0,559,86.7,0,45.3,1,0,0,639,359
1749,21885,21884468,11107,250,338,176,0,557,86.8,0,45.3,1,0,0,639,359
1750,21897,21895575,11107,250,338,176,0,555,86.9,0,45.3,1,0,0,639,359
1751,21908,21906683,11108,250,338,176,0,560,87.0,0,45.2,1,0,0,639,359
1752,21919,21917793,11110,250,337,176,0,555,87.0,0,45.3,1,0,0,639,359
1753,21930,21928904,11111,250,337,176,0,556,87.1,0,45.2,1,0,0,639,359
1754,21941,21940011,11107,250,337,176,0,558,87.0,0,45.3,1,0,0,639,359
1755,21952,21951119,11108,250,337,176,0,559,87.2,0,45.3,1,0,0,639,359
1756,21963,21962228,11109,250,337,176,0,559,87.1,1,45.2,1,0,0,639,359
1757,21974,21973343,11115,250,338,176,0,568,87.2,0,45.2,1,0,0,639,359
1758,21986,21984451,11108,250,338,176,0,554,87.3,0,45.2,1,0,0,639,359
1759,21997,21995558,11107,250,338,176,0,555,87.3,0,45.2,1,0,0,639,359
1760,22007,22006669,11111,250,338,176,0,555,87.4,0,45.2,1,0,0,639,359
1761,22019,22017774,11105,250,337,176,0,555,87.4,0,45.3,1,0,0,639,359
1762,22030,22028883,11109,250,337,176,0,555,87.5,0,45.3,1,0,0,639,359
1763,22041,22039996,11113,250,337,176,0,556,87.5,0,45.2,1,0,0,639,359
1764,22052,22051107,11111,250,337,176,0,555,87.6,0,45.2,1,0,0,639,359
1765,22063,22062212,11105,250,336,176,0,555,87.5,1,45.3,1,0,0,639,359
1766,22074,22073325,11113,250,336,177,0,577,87.5,0,45.3,1,0,0,639,359
1767,22085,22084434,11109,250,336,177,0,566,87.6,0,45.2,1,0,0,639,359
1768,22097,22095545,11111,250,336,177,0,556,87.6,0,45.2,1,0,0,639,359
1769,22107,22106650,11105,250,336,177,0,559,87.7,0,45.2,1,0,0,639,359
1770,22119,22117759,11109,250,336,177,0,558,87.7,0,45.2,1,0,0,639,359
1771,22130,22128868,11109,250,337,177,0,556,87.8,0,45.2,1,0,0,639,359
1772,22141,22139976,11108,250,337,177,0,555,87.8,0,45.3,1,0,0,639,359
1773,22152,22151084,11108,250,337,177,0,556,87.8,0,45.3,1,0,0,639,359
1774,22163,22162194,11110,250,336,177,0,556,87.8,1,45.3,1,0,0,639,359
1775,22174,22173309,11115,250,336,177,0,559,87.8,0,45.2,1,0,0,639,359
1776,22185,22184423,11114,250,336,177,0,574,87.9,0,45.2,1,0,0,639,359
1777,22197,22195527,11104,250,336,177,0,553,87.9,0,45.2,1,0,0,639,359
1778,22208,22206635,11108,250,336,177,0,554,87.9,0,45.3,1,0,0,639,359
1779,22219,22217742,11107,250,336,177,0,556,88.0,0,45.3,1,0,0,639,359
1780,22230,22228851,11109,250,336,177,0,555,88.0,0,45.2,1,0,0,639,359
1781,22241,22239960,11109,250,336,177,0,558,88.0,0,45.2,1,0,0,639,359
1782,22252,22251065,11105,250,336,177,0,557,88.0,0,45.2,1,0,0,639,359
1783,22263,22262177,11112,250,336,177,0,557,88.0,1,45.2,1,0,0,639,359
1784,22304,22295496,33319,250,336,177,0,556,24.4,0,45.3,1,0,0,639,359
1785,22308,22306606,11110,250,336,177,0,554,45.5,0,45.3,1,0,0,639,359
1786,22319,22317725,11119,250,336,177,0,556,54.5,0,45.2,1,0,0,639,359
1787,22330,22328830,11105,250,336,177,0,558,60.6,0,45.2,1,0,0,639,359
1788,22341,22339943,11113,250,336,177,0,554,64.1,0,45.2,1,0,0,639,359
1789,22352,22351053,11110,250,336,177,0,561,68.2,0,45.2,1,0,0,639,359
1790,22363,22362159,11106,250,336,177,0,552,70.0,0,45.3,1,0,0,639,359
1791,22374,22373267,11108,250,336,177,0,556,72.1,0,45.3,1,0,0,639,359
1792,22385,22384378,11111,250,336,177,0,555,73.8,1,45.2,1,0,0,639,359
1793,22396,22395492,11114,250,336,177,0,557,75.2,0,45.2,1,0,0,639,359
1794,22407,22406602,11110,250,336,177,0,555,76.4,0,45.2,1,0,0,639,359
1795,22419,22417710,11108,250,336,177,0,555,77.4,0,45.3,1,0,0,639,359
1796,22430,22428816,11106,250,336,177,0,555,78.3,0,45.3,1,0,0,639,359
1797,22441,22439925,11109,250,336,177,0,556,79.1,0,45.3,1,0,0,639,359
1798,22452,22451037,11112,250,336,177,0,553,79.8,0,45.3,1,0,0,639,359
1799,22463,22462142,11105,250,337,177,0,555,80.4,0,45.2,1,0,0,639,359
1800,22510,22473251,11109,250,337,177,0,662,69.1,0,45.2,1,0,0,639,359
1801,22511,22506565,33314,250,337,177,0,622,72.9,1,45.3,1,0,0,639,359
1802,22519,22517695,11130,250,337,177,0,562,74.5,0,45.3,1,0,0,639,359
1803,22530,22528803,11108,250,337,177,0,559,75.2,0,45.2,1,0,0,639,359
1804,22541,22539912,11109,250,337,177,0,555,75.8,0,45.2,1,0,0,639,359
1805,22552,22551018,11106,250,337,177,0,558,76.4,0,45.2,1,0,0,639,359
1806,22563,22562265,11247,250,337,177,0,638,76.7,0,45.2,1,0,0,639,359
1807,22574,22573234,10969,250,337,177,0,659,77.2,0,45.2,1,0,0,639,359
1808,22585,22584347,11113,250,337,177,0,556,77.6,0,45.3,1,0,0,639,359
1809,22596,22595453,11106,250,337,177,0,555,78.1,0,45.3,1,0,0,639,359
1810,22608,22606564,11111,250,337,177,0,558,78.5,1,45.2,1,0,0,639,359
1811,22619,22617676,11112,250,337,177,0,562,78.9,0,45.2,1,0,0,639,359
1812,22630,22628785,11109,250,337,177,0,556,79.2,0,45.2,1,0,0,639,359
1813,22641,22639892,11107,250,337,177,0,558,79.6,0,45.2,1,0,0,639,359
1814,22652,22651001,11109,250,337,177,0,555,79.7,0,45.2,1,0,0,639,359
1815,22663,22662108,11107,250,337,177,0,555,80.2,0,45.2,1,0,0,639,359
1816,22674,22673219,11111,250,337,177,0,555,80.3,0,45.1,1,0,0,639,359
1817,22685,22684327,11108,250,337,177,0,557,80.6,0,45.1,1,0,0,639,359
1818,22696,22695438,11111,250,337,177,0,556,80.8,0,45.2,1,0,0,639,359
1819,22707,22706543,11105,250,337,177,0,554,81.1,1,45.2,1,0,0,639,359
1820,22718,22717661,11118,250,337,177,0,575,81.3,0,45.2,1,0,0,639,359
1821,22730,22728764,11103,250,337,177,0,559,81.5,0,45.2,1,0,0,639,359
1822,22741,22739879,11115,250,337,177,0,558,81.6,0,45.2,1,0,0,639,359
1823,22752,22750985,11106,250,337,177,0,557,82.0,0,45.2,1,0,0,639,359
1824,22763,22762093,11108,250,337,177,0,554,82.2,0,45.2,1,0,0,639,359
1825,22774,22773199,11106,250,337,176,0,552,82.2,0,45.2,1,0,0,639,359
1826,22785,22784315,11116,250,337,176,0,556,82.4,0,45.2,1,0,0,639,359
1827,22796,22795425,11110,250,337,176,0,556,82.6,0,45.2,1,0,0,639,359
1828,22807,22806530,11105,250,337,176,0,555,82.7,1,45.2,1,0,0,639,359
1829,22818,22817639,11109,250,337,176,0,561,82.9,0,45.2,1,0,0,639,359
1830,22830,22828750,11111,250,337,177,0,559,83.0,0,45.2,1,0,0,639,359
1831,22841,22839856,11106,250,337,177,0,586,83.2,0,45.1,1,0,0,639,359
1832,22852,22850967,11111,250,337,177,0,557,83.3,0,45.2,1,0,0,639,359
1833,22863,22862073,11106,250,337,177,0,559,83.5,0,45.3,1,0,0,639,359
1834,22874,22873185,11112,250,337,177,0,555,83.5,0,45.3,1,0,0,639,359
1835,22885,22884293,11108,250,337,177,0,558,83.6,0,45.3,1,0,0,639,359
1836,22896,22895408,11115,250,337,177,0,558,83.7,0,45.3,1,0,0,639,359
1837,22907,22906510,11102,250,337,177,0,554,83.9,1,45.2,1,0,0,639,359
1838,22919,22917626,11116,250,337,177,0,560,84.0,0,45.2,1,0,0,639,359
1839,22930,22928737,11111,250,337,177,0,554,84.1,0,45.2,1,0,0,639,359
1840,22941,22939842,11105,250,337,176,0,659,84.2,0,45.2,1,0,0,639,359
1841,22952,22950950,11108,250,337,176,0,555,84.3,0,45.2,1,0,0,639,359
1842,22963,22962058,11108,250,337,176,0,557,84.3,0,45.3,1,0,0,639,359
1843,22974,22973167,11109,250,337,176,0,558,84.4,0,45.2,1,0,0,639,359
1844,22985,22984278,11111,250,337,176,0,556,84.5,0,45.2,1,0,0,639,359
1845,22996,22995389,11111,250,337,177,0,558,84.6,0,45.2,1,0,0,639,359
1846,23008,23006494,11105,250,337,177,0,555,84.7,1,45.2,1,0,0,639,359
1847,23018,23017606,11112,250,337,177,0,576,84.8,0,45.2,1,0,0,639,359
1848,23030,23028719,11113,250,337,177,0,555,84.9,0,45.2,1,0,0,639,359
1849,23041,23039825,11106,250,337,177,0,556,84.9,0,45.2,1,0,0,639,359
1850,23052,23050935,11110,250,337,177,0,556,84.9,0,45.2,1,0,0,639,359
1851,23063,23062041,11106,250,337,176,0,555,85.1,0,45.2,1,0,0,639,359
1852,23074,23073148,11107,250,337,176,0,557,85.1,0,45.2,1,0,0,639,359
1853,23085,23084259,11111,250,336,176,0,557,85.2,0,45.2,1,0,0,639,359
1854,23096,23095368,11109,250,336,176,0,558,85.2,0,45.3,1,0,0,639,359
1855,23107,23106476,11108,250,336,177,0,557,85.3,1,45.3,1,0,0,639,359
1856,23118,23117592,11116,250,336,177,0,560,85.4,0,45.2,1,0,0,639,359
1857,23130,23128696,11104,250,336,177,0,554,85.5,0,45.3,1,0,0,639,359
1858,23141,23139805,11109,250,336,177,0,660,85.4,0,45.3,1,0,0,639,359
1859,23152,23150917,11112,250,336,177,0,563,85.6,0,45.2,1,0,0,639,359
1860,23163,23162022,11105,250,336,177,0,559,85.7,0,45.2,1,0,0,639,359
1861,23174,23173131,11109,250,336,177,0,555,85.7,0,45.2,1,0,0,639,359
1862,23185,23184245,11114,250,337,177,0,559,85.7,0,45.2,1,0,0,639,359
1863,23196,23195352,11107,250,337,177,0,555,85.7,0,45.2,1,0,0,639,359
1864,23207,23206466,11114,250,337,177,0,557,85.8,1,45.3,1,0,0,639,359
1865,23218,23217571,11105,250,337,177,0,575,85.9,0,45.3,1,0,0,639,359
1866,23230,23228679,11108,250,338,177,0,578,85.9,0,45.3,1,0,0,639,359
1867,23241,23239792,11113,250,337,176,0,554,85.9,0,45.3,1,0,0,639,359
1868,23252,23250896,11104,250,337,176,0,557,86.0,0,45.2,1,0,0,639,359
1869,23263,23262007,11111,250,337,176,0,558,86.1,0,45.2,1,0,0,639,359
1870,23274,23273115,11108,250,337,176,0,555,86.1,0,45.2,1,0,0,639,359
1871,23289,23284223,11108,250,337,176,0,553,71.4,0,45.2,1,0,0,639,359
1872,23296,23295333,11110,250,337,176,0,555,90.9,0,45.2,1,0,0,639,359
1873,23307,23306441,11108,250,337,177,0,558,90.9,1,45.2,1,0,0,639,359
1874,23319,23317557,11116,250,337,177,0,562,90.9,0,45.2,1,0,0,639,359
1875,23330,23328664,11107,250,337,177,0,554,90.9,0,45.3,1,0,0,639,359
1876,23341,23339777,11113,250,337,177,0,667,90.9,0,45.3,1,0,0,639,359
1877,23352,23350882,11105,250,337,177,0,557,90.9,0,45.3,1,0,0,639,359
1878,23363,23361990,11108,250,337,177,0,557,89.9,0,45.2,1,0,0,639,359
1879,23374,23373099,11109,250,337,177,0,560,90.9,0,45.2,1,0,0,639,359
1880,23385,23384208,11109,250,337,177,0,558,90.1,0,45.2,1,0,0,639,359
1881,23396,23395316,11108,250,337,177,0,557,90.2,0,45.2,1,0,0,639,359
1882,23407,23406428,11112,250,337,177,0,559,90.2,1,45.3,1,0,0,639,359
1883,23418,23417542,11114,250,337,177,0,559,90.3,0,45.2,1,0,0,639,359
1884,23429,23428649,11107,250,337,177,0,558,90.3,0,45.2,1,0,0,639,359
1885,23441,23439755,11106,250,337,177,0,554,90.4,0,45.2,1,0,0,639,359
1886,23452,23450864,11109,250,338,177,0,555,90.4,0,45.2,1,0,0,639,359
1887,23463,23461971,11107,250,338,177,0,555,90.4,0,45.3,1,0,0,639,359
1888,23474,23473083,11112,250,338,177,0,555,90.5,0,45.3,1,0,0,639,359
1889,23485,23484190,11107,250,338,177,0,558,90.0,0,45.3,1,0,0,639,359
1890,23561,23495298,11108,250,338,177,0,2684,69.4,0,45.2,1,0,0,639,359
1891,23564,23561941,66643,250,338,177,0,544,72.7,1,45.3,1,0,0,639,359
1892,23574,23573068,11127,250,337,177,0,554,73.6,0,45.3,1,0,0,639,359
1893,23585,23584177,11109,250,338,177,0,661,74.0,0,45.2,1,0,0,639,359
1894,23596,23595282,11105,250,338,177,0,662,74.5,0,45.2,1,0,0,639,359
1895,23607,23606397,11115,250,338,177,0,555,75.1,0,45.3,1,0,0,639,359
1896,23618,23617501,11104,250,338,177,0,554,75.6,0,45.3,1,0,0,639,359
1897,23630,23628610,11109,250,338,177,0,556,76.1,0,45.2,1,0,0,639,359
1898,23641,23639717,11107,250,338,178,0,558,76.5,0,45.2,1,0,0,639,359
1899,23652,23650829,11112,250,338,177,0,558,76.9,0,45.2,1,0,0,639,359
1900,23663,23661936,11107,250,338,177,0,553,77.3,1,45.2,1,0,0,639,359
1901,23674,23673049,11113,250,338,177,0,557,77.5,0,45.3,1,0,0,639,359
1902,23685,23684160,11111,250,338,177,0,555,77.9,0,45.3,1,0,0,639,359
1903,23696,23695270,11110,250,338,177,0,665,78.2,0,45.2,1,0,0,639,359
1904,23707,23706379,11109,250,338,177,0,557,78.5,0,45.3,1,0,0,639,359
1905,23719,23717487,11108,250,339,177,0,553,78.8,0,45.2,1,0,0,639,359
1906,23729,23728593,11106,250,339,177,0,555,79.1,0,45.2,1,0,0,639,359
1907,23741,23739706,11113,250,340,177,0,555,79.4,0,45.3,1,0,0,639,359
1908,23752,23750809,11103,250,340,177,0,555,79.7,0,45.2,1,0,0,639,359
1909,23763,23761925,11116,250,340,177,0,557,79.8,1,45.2,1,0,0,639,359
1910,23774,23773034,11109,250,340,177,0,560,80.2,0,45.2,1,0,0,639,359
1911,23785,23784145,11111,250,339,177,0,609,80.2,0,45.2,1,0,0,639,359
1912,23796,23795252,11107,250,339,177,0,657,80.5,0,45.3,1,0,0,639,359
1913,23807,23806360,11108,250,338,177,0,557,80.7,0,45.3,1,0,0,639,359
1914,23818,23817471,11111,250,338,178,0,558,80.9,0,45.2,1,0,0,639,359
1915,23829,23828580,11109,250,337,178,0,558,81.1,0,45.2,1,0,0,639,359
1916,23841,23839682,11102,250,337,178,0,643,81.3,0,45.2,1,0,0,639,359
1917,23852,23850794,11112,250,336,179,0,559,81.5,0,45.2,1,0,0,639,359
1918,23863,23861906,11112,250,336,179,0,555,81.6,1,45.2,1,0,0,639,359
1919,23874,23873016,11110,250,336,179,0,559,81.8,0,45.2,1,0,0,639,359
1920,23885,23884127,11111,250,337,179,0,621,81.8,0,45.2,1,0,0,639,359
1921,23896,23895235,11108,250,337,178,0,658,82.0,0,45.2,1,0,0,639,359
1922,23907,23906343,11108,250,338,178,0,553,82.1,0,45.2,1,0,0,639,359
1923,23918,23917453,11110,250,338,178,0,556,82.3,0,45.2,1,0,0,639,359
1924,23929,23928561,11108,250,338,178,0,668,82.4,0,45.2,1,0,0,639,359
1925,23941,23939670,11109,250,338,178,0,561,82.6,0,45.2,1,0,0,639,359
1926,23952,23950776,11106,250,338,178,0,556,82.7,0,45.2,1,0,0,639,359
1927,23963,23961886,11110,250,338,178,0,558,82.8,1,45.2,1,0,0,639,359
1928,23974,23973000,11114,250,338,179,0,559,83.0,0,45.3,1,0,0,639,359
1929,23985,23984111,11111,250,339,179,0,623,83.0,0,45.3,1,0,0,639,359
1930,23996,23995219,11108,250,339,179,0,658,83.1,0,45.2,1,0,0,639,359
1931,24007,24006324,11105,250,339,179,0,553,83.2,0,45.2,1,0,0,639,359
1932,24018,24017434,11110,250,339,180,0,554,83.3,0,45.2,1,0,0,639,359
1933,24030,24028546,11112,250,338,180,0,558,83.4,0,45.3,1,0,0,639,359
1934,24040,24039650,11104,250,338,180,0,563,83.6,0,45.2,1,0,0,639,359
1935,24052,24050759,11109,250,338,180,0,556,83.7,0,45.2,1,0,0,639,359
1936,24063,24061868,11109,250,337,180,0,559,83.8,1,45.3,1,0,0,639,359
1937,24074,24072983,11115,250,337,180,0,557,83.8,0,45.3,1,0,0,639,359
1938,24085,24084091,11108,250,337,180,0,644,83.8,0,45.2,1,0,0,639,359
1939,24096,24095200,11109,250,337,180,0,665,83.9,0,45.3,1,0,0,639,359
1940,24107,24106305,11105,250,338,180,0,558,84.0,0,45.3,1,0,0,639,359
1941,24118,24117415,11110,250,338,180,0,557,84.1,0,45.2,1,0,0,639,359
1942,24129,24128609,11194,250,338,180,0,555,84.2,0,45.2,1,0,0,639,359
1943,24140,24139633,11024,250,338,180,0,555,84.3,0,45.2,1,0,0,639,359
1944,24152,24150745,11112,250,338,180,0,556,84.4,0,45.1,1,0,0,639,359
1945,24163,24161852,11107,250,338,180,0,555,84.4,1,45.2,1,0,0,639,359
1946,24174,24172962,11110,250,337,180,0,578,84.5,0,45.2,1,0,0,639,359
1947,24185,24184072,11110,250,337,180,0,2176,84.4,0,45.2,1,0,0,639,359
1948,24196,24195182,11110,250,337,180,0,664,84.6,0,45.2,1,0,0,639,359
1949,24207,24206290,11108,250,337,180,0,557,84.7,0,45.1,1,0,0,639,359
1950,24218,24217398,11108,250,337,180,0,558,84.7,0,45.2,1,0,0,639,359
1951,24229,24228507,11109,250,337,180,0,558,84.8,0,45.2,1,0,0,639,359
1952,24240,24239613,11106,250,336,179,0,561,84.9,0,45.2,1,0,0,639,359
1953,24252,24250726,11113,250,336,179,0,555,85.0,0,45.1,1,0,0,639,359
1954,24263,24261835,11109,250,335,178,0,555,85.0,1,45.1,1,0,0,639,359
1955,24274,24272954,11119,250,-1,-1,1,554,85.1,0,-1.0,1,0,0,639,359
1956,24285,24284057,11103,250,-1,-1,1,621,85.1,0,-1.0,1,0,0,639,359
1957,24307,24306269,22212,250,-1,-1,1,613,38.5,0,-1.0,2,0,0,639,359
1958,24318,24317386,11117,250,-1,-1,1,553,60.6,0,-1.0,2,0,0,639,359
1959,24329,24328490,11104,250,325,159,0,554,56.6,0,45.2,1,0,0,639,359
1960,24341,24339601,11111,250,324,158,0,553,72.7,0,45.2,1,0,0,639,359
1961,24352,24350708,11107,250,323,157,0,555,75.8,0,45.2,1,0,0,639,359
1962,24363,24361822,11114,250,323,157,0,557,77.9,0,45.2,1,0,0,639,359
1963,24374,24372930,11108,250,323,157,0,553,79.5,1,45.3,1,0,0,639,359
1964,24385,24384043,11113,250,323,157,0,558,80.0,0,45.1,1,0,0,639,359
1965,24396,24395148,11105,250,322,155,0,661,81.1,0,45.1,1,0,0,639,359
1966,24407,24406260,11112,250,-1,-1,1,665,82.0,0,-1.0,1,0,0,639,359
1967,24418,24417362,11102,250,316,144,0,557,82.7,0,45.0,1,0,0,639,359
1968,24430,24428474,11112,250,315,141,0,554,83.3,0,45.0,1,0,0,639,359
1969,24440,24439584,11110,250,313,137,0,558,83.9,0,45.0,1,0,0,639,359
1970,24451,24450695,11111,250,311,133,0,557,84.3,0,45.1,1,0,0,639,359
1971,24463,24461799,11104,250,310,130,0,554,84.7,0,45.2,1,0,0,639,359
1972,24474,24472909,11110,250,309,129,0,554,84.7,1,45.2,1,0,0,639,359
1973,24485,24484022,11113,250,309,128,0,556,85.4,0,45.2,1,0,0,639,359
1974,24496,24495133,11111,250,309,128,0,593,85.3,0,45.3,1,0,0,639,359
1975,24507,24506240,11107,250,309,128,0,660,85.6,0,45.3,1,0,0,639,359
1976,24518,24517347,11107,250,310,128,0,554,85.8,0,45.3,1,0,0,639,359
1977,24529,24528455,11108,250,310,129,0,558,86.1,0,45.3,1,0,0,639,359
1978,24540,24539564,11109,250,311,129,0,555,86.3,0,45.2,1,0,0,639,359
1979,24551,24550672,11108,250,311,129,0,557,86.5,0,45.2,1,0,0,639,359
1980,24599,24561783,11111,250,311,128,0,659,76.4,0,45.3,1,0,0,639,359
1981,24600,24595102,33319,250,311,128,0,627,79.4,1,45.3,1,0,0,639,359
1982,24607,24606228,11126,250,312,129,0,555,80.7,0,45.3,1,0,0,639,359
1983,24618,24617327,11099,250,313,130,0,555,81.1,0,45.3,1,0,0,639,359
1984,24630,24628441,11114,250,314,130,0,552,81.4,0,45.2,1,0,0,639,359
1985,24640,24639553,11112,250,315,129,0,552,81.7,0,45.2,1,0,0,639,359
1986,24652,24650662,11109,250,316,129,0,577,82.0,0,45.2,1,0,0,639,359
1987,24663,24661771,11109,250,316,128,0,555,82.0,0,45.2,1,0,0,639,359
1988,24674,24672880,11109,250,317,128,0,641,82.5,0,45.2,1,0,0,639,359
1989,24685,24683985,11105,250,317,127,0,556,82.7,0,45.2,1,0,0,639,359
1990,24696,24695093,11108,250,318,126,0,555,82.7,1,45.2,1,0,0,639,359
1991,24707,24706206,11113,250,320,126,0,575,82.9,0,45.2,1,0,0,639,359
1992,24718,24717320,11114,250,321,125,0,629,83.1,0,45.2,1,0,0,639,359
1993,24729,24728423,11103,250,322,125,0,667,83.3,0,45.3,1,0,0,639,359
1994,24741,24739535,11112,250,324,125,0,554,83.5,0,45.2,1,0,0,639,359
1995,24751,24750639,11104,250,325,125,0,555,83.7,0,45.2,1,0,0,639,359
1996,24763,24761749,11110,250,326,125,0,556,83.9,0,45.2,1,0,0,639,359
1997,24774,24772859,11110,250,327,125,0,556,84.0,0,45.2,1,0,0,639,359
1998,24785,24783964,11105,250,328,125,0,556,84.0,0,45.3,1,0,0,639,359
1999,24796,24795078,11114,250,330,126,0,555,84.3,1,45.3,1,0,0,639,359
2000,24807,24806190,11112,250,332,128,0,566,84.3,0,45.3,1,0,0,639,359
2001,24818,24817298,11108,250,334,130,0,625,84.4,0,45.3,1,0,0,639,359
2002,24829,24828406,11108,250,337,132,0,660,84.6,0,45.3,1,0,0,639,359
2003,24840,24839513,11107,250,339,135,0,555,84.7,0,45.2,1,0,0,639,359
2004,24851,24850623,11110,250,341,136,0,565,84.8,0,45.3,1,0,0,639,359
2005,24863,24861732,11109,250,342,138,0,556,84.9,0,45.2,1,0,0,639,359
2006,24874,24872845,11113,250,343,139,0,555,85.0,0,45.1,1,0,0,639,359
2007,24885,24883951,11106,250,344,139,0,553,85.1,0,45.2,1,0,0,639,359
2008,24896,24895059,11108,250,344,140,0,555,85.2,1,45.2,1,0,0,639,359
2009,24907,24906177,11118,250,344,140,0,575,85.2,0,45.2,1,0,0,639,359
2010,24918,24917286,11109,250,344,140,0,614,85.3,0,45.2,1,0,0,639,359
2011,24929,24928390,11104,250,344,140,0,657,85.4,0,45.1,1,0,0,639,359
2012,24940,24939495,11105,250,344,140,0,555,85.5,0,45.1,1,0,0,639,359
2013,24951,24950606,11111,250,344,140,0,557,85.6,0,45.1,1,0,0,639,359
2014,24963,24961718,11112,250,344,140,0,557,85.7,0,45.1,1,0,0,639,359
2015,24974,24972825,11107,250,343,140,0,556,85.8,0,45.1,1,0,0,639,359
2016,24985,24983932,11107,250,343,141,0,554,85.8,0,45.1,1,0,0,639,359
2017,24996,24995043,11111,250,343,141,0,555,85.9,1,45.1,1,0,0,639,359
2018,25007,25006158,11115,250,343,140,0,575,85.9,0,45.1,1,0,0,639,359
2019,25018,25017265,11107,250,342,140,0,641,85.9,0,45.1,1,0,0,639,359
2020,25029,25028376,11111,250,342,140,0,659,86.0,0,45.1,1,0,0,639,359
2021,25040,25039482,11106,250,342,140,0,552,86.1,0,45.1,1,0,0,639,359
2022,25052,25050589,11107,250,341,140,0,557,86.2,0,45.1,1,0,0,639,359
2023,25063,25061700,11111,250,341,140,0,553,86.2,0,45.1,1,0,0,639,359
2024,25074,25072807,11107,250,341,140,0,558,86.3,0,45.1,1,0,0,639,359
2025,25085,25083915,11108,250,341,140,0,556,86.4,0,45.2,1,0,0,639,359
2026,25096,25095026,11111,250,341,140,0,559,86.3,1,45.1,1,0,0,639,359
2027,25107,25106137,11111,250,340,140,0,563,86.4,0,45.1,1,0,0,639,359
2028,25118,25117251,11114,250,340,139,0,627,86.4,0,45.1,1,0,0,639,359
2029,25129,25128353,11102,250,339,138,0,664,86.5,0,45.1,1,0,0,639,359
2030,25141,25139468,11115,250,338,137,0,558,86.5,0,45.1,1,0,0,639,359
2031,25151,25150569,11101,250,337,136,0,557,86.6,0,45.1,1,0,0,639,359
2032,25162,25161685,11116,250,337,136,0,555,86.7,0,45.1,1,0,0,639,359
2033,25174,25172791,11106,250,336,135,0,553,86.7,0,45.1,1,0,0,639,359
2034,25185,25183901,11110,250,336,135,0,556,86.7,0,45.1,1,0,0,639,359
2035,25196,25195008,11107,250,335,134,0,559,86.8,1,45.0,1,0,0,639,359
2036,25207,25206120,11112,250,334,132,0,574,86.8,0,45.0,1,0,0,639,359
2037,25218,25217232,11112,250,334,131,0,663,86.8,0,45.1,1,0,0,639,359
2038,25229,25228340,11108,250,333,130,0,661,86.9,0,45.1,1,0,0,639,359
2039,25240,25239448,11108,250,333,130,0,558,86.9,0,45.1,1,0,0,639,359
2040,25251,25250558,11110,250,333,129,0,558,87.0,0,45.1,1,0,0,639,359
2041,25262,25261663,11105,250,333,129,0,556,87.0,0,45.1,1,0,0,639,359
2042,25274,25272773,11110,250,333,129,0,553,87.0,0,45.1,1,0,0,639,359
2043,25285,25283888,11115,250,333,129,0,555,87.1,0,45.1,1,0,0,639,359
2044,25296,25294993,11105,250,332,128,0,557,87.1,1,45.2,1,0,0,639,359
2045,25339,25328309,33316,250,332,129,0,2494,22.7,0,45.2,1,0,0,639,359
2046,25341,25339423,11114,250,332,129,0,543,44.4,0,45.1,1,0,0,639,359
2047,25351,25350540,11117,250,332,130,0,561,54.5,0,45.2,1,0,0,639,359
2048,25363,25361646,11106,250,332,130,0,556,60.6,0,45.1,1,0,0,639,359
2049,25374,25372754,11108,250,332,130,0,553,64.9,0,45.1,1,0,0,639,359
2050,25385,25383864,11110,250,332,130,0,554,68.2,0,45.1,1,0,0,639,359
2051,25396,25394975,11111,250,332,130,0,556,70.7,0,45.2,1,0,0,639,359
2052,25407,25406083,11108,250,332,130,0,555,72.1,0,45.2,1,0,0,639,359
2053,25418,25417192,11109,250,332,130,0,554,73.8,1,45.2,1,0,0,639,359
2054,25429,25428310,11118,250,332,130,0,576,75.2,0,45.2,1,0,0,639,359
2055,25440,25439416,11106,250,332,130,0,660,76.4,0,45.1,1,0,0,639,359
2056,25452,25450524,11108,250,332,130,0,661,77.4,0,45.1,1,0,0,639,359
2057,25462,25461633,11109,250,332,130,0,558,78.3,0,45.1,1,0,0,639,359
2058,25474,25472741,11108,250,332,131,0,558,79.1,0,45.1,1,0,0,639,359
2059,25485,25483849,11108,250,332,131,0,556,79.8,0,45.1,1,0,0,639,359
2060,25496,25494958,11109,250,332,131,0,558,80.0,0,45.2,1,0,0,639,359
2061,25507,25506064,11106,250,332,131,0,559,81.0,0,45.2,1,0,0,639,359
2062,25518,25517176,11112,250,332,131,0,559,81.1,1,45.1,1,0,0,639,359
2063,25529,25528286,11110,250,332,131,0,558,81.5,0,45.1,1,0,0,639,359
2064,25541,25539401,11115,250,332,131,0,659,82.0,0,45.2,1,0,0,639,359
2065,25551,25550506,11105,250,332,131,0,656,82.4,0,45.2,1,0,0,639,359
2066,25562,25561616,11110,250,332,131,0,557,82.7,0,45.2,1,0,0,639,359
2067,25574,25572719,11103,250,332,131,0,556,83.0,0,45.1,1,0,0,639,359
2068,25585,25583830,11111,250,332,131,0,555,83.3,0,45.1,1,0,0,639,359
2069,25596,25594940,11110,250,332,131,0,559,83.6,0,45.1,1,0,0,639,359
2070,25665,25606052,11112,250,332,131,0,557,70.7,0,45.1,1,0,0,639,359
2071,25666,25661579,55527,250,332,132,0,545,73.2,1,45.1,1,0,0,639,359
2072,25674,25672713,11134,250,333,133,0,661,74.3,0,45.1,1,0,0,639,359
2073,25685,25683815,11102,250,333,133,0,579,74.7,0,45.2,1,0,0,639,359
2074,25696,25694928,11113,250,334,133,0,560,75.2,0,45.2,1,0,0,639,359
2075,25707,25706035,11107,250,334,133,0,664,75.4,0,45.1,1,0,0,639,359
2076,25718,25717147,11112,250,334,133,0,559,75.8,0,45.1,1,0,0,639,359
2077,25729,25728251,11104,250,334,133,0,556,76.2,0,45.1,1,0,0,639,359
2078,25740,25739362,11111,250,334,133,0,556,76.6,0,45.1,1,0,0,639,359
2079,25751,25750469,11107,250,334,133,0,559,76.9,0,45.1,1,0,0,639,359
2080,25763,25761580,11111,250,334,133,0,554,77.3,1,45.1,1,0,0,639,359
2081,25774,25772693,11113,250,334,133,0,579,77.6,0,45.1,1,0,0,639,359
2082,25785,25783804,11111,250,334,133,0,658,77.9,0,45.1,1,0,0,639,359
2083,25796,25794910,11106,250,334,134,0,659,78.2,0,45.1,1,0,0,639,359
2084,25807,25806022,11112,250,334,134,0,561,78.3,0,45.1,1,0,0,639,359
2085,25818,25817125,11103,250,334,134,0,559,78.7,0,45.1,1,0,0,639,359
2086,25829,25828230,11105,250,334,134,0,555,78.8,0,45.1,1,0,0,639,359
2087,25840,25839343,11113,250,334,134,0,557,79.0,0,45.2,1,0,0,639,359
2088,25851,25850449,11106,250,334,134,0,556,79.3,0,45.2,1,0,0,639,359
2089,25862,25861559,11110,250,334,134,0,557,79.5,1,45.2,1,0,0,639,359
2090,25874,25872678,11119,250,334,135,0,665,79.7,0,45.1,1,0,0,639,359
2091,25885,25883781,11103,250,335,135,0,667,79.9,0,45.1,1,0,0,639,359
2092,25896,25894891,11110,250,335,135,0,553,80.1,0,45.1,1,0,0,639,359
2093,25907,25906000,11109,250,335,135,0,554,80.3,0,45.1,1,0,0,639,359
2094,25918,25917113,11113,250,335,135,0,555,80.5,0,45.1,1,0,0,639,359
2095,25929,25928215,11102,250,335,135,0,556,80.6,0,45.0,1,0,0,639,359
2096,25940,25939326,11111,250,335,134,0,554,80.7,0,45.1,1,0,0,639,359
2097,25951,25950439,11113,250,335,134,0,554,80.9,0,45.2,1,0,0,639,359
2098,25962,25961543,11104,250,335,135,0,560,81.1,1,45.1,1,0,0,639,359
2099,25973,25972659,11116,250,335,135,0,571,81.2,0,45.1,1,0,0,639,359
2100,25985,25983768,11109,250,335,135,0,662,81.3,0,45.1,1,0,0,639,359
2101,25996,25994872,11104,250,335,136,0,662,81.5,0,45.2,1,0,0,639,359
2102,26007,26005982,11110,250,336,136,0,556,81.7,0,45.1,1,0,0,639,359
2103,26018,26017093,11111,250,336,136,0,556,81.8,0,45.1,1,0,0,639,359
2104,26029,26028199,11106,250,336,136,0,555,81.9,0,45.1,1,0,0,639,359
2105,26040,26039310,11111,250,336,136,0,556,82.0,0,45.1,1,0,0,639,359
2106,26051,26050420,11110,250,336,136,0,557,82.1,0,45.1,1,0,0,639,359
2107,26062,26061526,11106,250,335,136,0,554,82.2,1,45.1,1,0,0,639,359
2108,26074,26072643,11117,250,335,135,0,576,82.4,0,45.1,1,0,0,639,359
2109,26085,26083753,11110,250,335,135,0,659,82.5,0,45.1,1,0,0,639,359
2110,26096,26094861,11108,250,335,135,0,659,82.6,0,45.1,1,0,0,639,359
2111,26107,26105964,11103,250,335,135,0,556,82.7,0,45.1,1,0,0,639,359
2112,26118,26117075,11111,250,335,135,0,555,82.7,0,45.1,1,0,0,639,359
2113,26129,26128181,11106,250,335,136,0,557,82.8,0,45.1,1,0,0,639,359
2114,26140,26139294,11113,250,335,136,0,559,82.9,0,45.1,1,0,0,639,359
2115,26151,26150397,11103,250,335,136,0,556,83.0,0,45.1,1,0,0,639,359
2116,26163,26161511,11114,250,335,136,0,555,83.1,1,45.2,1,0,0,639,359
2117,26174,26172624,11113,250,336,136,0,566,83.2,0,45.1,1,0,0,639,359
2118,26185,26183736,11112,250,336,136,0,662,83.3,0,45.1,1,0,0,639,359
2119,26196,26194846,11110,250,336,136,0,663,83.4,0,45.1,1,0,0,639,359
2120,26207,26205951,11105,250,336,136,0,555,83.4,0,45.1,1,0,0,639,359
2121,26218,26217057,11106,250,335,136,0,555,83.6,0,45.1,1,0,0,639,359
2122,26229,26228164,11107,250,335,136,0,557,83.6,0,45.1,1,0,0,639,359
2123,26240,26239273,11109,250,335,136,0,557,83.7,0,45.1,1,0,0,639,359
2124,26251,26250388,11115,250,335,136,0,556,83.8,0,45.1,1,0,0,639,359
2125,26262,26261491,11103,250,335,136,0,558,83.9,1,45.1,1,0,0,639,359
2126,26273,26272608,11117,250,335,136,0,565,83.9,0,45.2,1,0,0,639,359
2127,26285,26283719,11111,250,335,136,0,661,84.0,0,45.2,1,0,0,639,359
2128,26296,26294824,11105,250,335,136,0,662,84.0,0,45.1,1,0,0,639,359
2129,26307,26305928,11104,250,336,136,0,554,90.9,0,45.1,1,0,0,639,359
2130,26318,26317039,11111,250,336,136,0,558,95.2,0,45.1,1,0,0,639,359
2131,26329,26328145,11106,250,336,136,0,557,93.8,0,45.1,1,0,0,639,359
2132,26340,26339258,11113,250,336,136,0,558,90.9,0,45.1,1,0,0,639,359
2133,26351,26350367,11109,250,336,136,0,556,90.9,0,45.1,1,0,0,639,359
2134,26362,26361475,11108,250,336,136,0,553,90.9,1,45.0,1,0,0,639,359
2135,26373,26372590,11115,250,335,136,0,577,90.9,0,45.1,1,0,0,639,359
2136,26385,26383697,11107,250,335,136,0,662,90.9,0,45.2,1,0,0,639,359
2137,26396,26394808,11111,250,335,136,0,659,90.9,0,45.2,1,0,0,639,359
2138,26407,26405915,11107,250,335,136,0,558,90.9,0,45.1,1,0,0,639,359
2139,26418,26417021,11106,250,335,136,0,560,90.9,0,45.1,1,0,0,639,359
2140,26429,26428132,11111,250,335,136,0,558,90.2,0,45.1,1,0,0,639,359
2141,26440,26439240,11108,250,335,136,0,558,90.3,0,45.1,1,0,0,639,359
2142,26451,26450352,11112,250,335,136,0,557,90.3,0,45.2,1,0,0,639,359
2143,26462,26461455,11103,250,335,136,0,557,90.4,1,45.1,1,0,0,639,359
2144,26474,26472576,11121,250,335,137,0,581,90.4,0,45.1,1,0,0,639,359
2145,26485,26483681,11105,250,335,137,0,657,90.4,0,45.1,1,0,0,639,359
2146,26496,26494788,11107,250,335,137,0,660,90.5,0,45.1,1,0,0,639,359
2147,26507,26505897,11109,250,335,137,0,557,90.5,0,45.1,1,0,0,639,359
2148,26518,26517005,11108,250,335,137,0,555,90.1,0,45.1,1,0,0,639,359
2149,26529,26528112,11107,250,334,137,0,557,90.5,0,45.1,1,0,0,639,359
2150,26540,26539226,11114,250,335,137,0,558,90.2,0,45.1,1,0,0,639,359
2151,26551,26550333,11107,250,335,137,0,560,90.2,0,45.1,1,0,0,639,359
2152,26562,26561439,11106,250,335,137,0,557,90.2,1,45.1,1,0,0,639,359
2153,26573,26572554,11115,250,335,137,0,564,90.3,0,45.1,1,0,0,639,359
2154,26585,26583667,11113,250,335,137,0,657,90.3,0,45.2,1,0,0,639,359
2155,26596,26594770,11103,250,335,137,0,658,90.3,0,45.1,1,0,0,639,359
2156,26607,26605880,11110,250,335,137,0,558,90.3,0,45.1,1,0,0,639,359
2157,26618,26616987,11107,250,335,136,0,558,90.3,0,45.1,1,0,0,639,359
2158,26629,26628097,11110,250,335,136,0,555,90.4,0,45.1,1,0,0,639,359
2159,26640,26639202,11105,250,335,136,0,560,90.1,0,45.1,1,0,0,639,359
2160,26715,26650317,11115,250,335,136,0,560,76.4,0,45.2,1,0,0,639,359
2161,26716,26705846,55529,250,335,136,0,1940,78.4,1,45.2,1,0,0,639,359
2162,26719,26716956,11110,250,335,136,0,552,80.6,0,45.1,1,0,0,639,359
2163,26729,26728085,11129,250,335,136,0,557,80.8,0,45.1,1,0,0,639,359
2164,26740,26739192,11107,250,335,137,0,574,81.1,0,45.1,1,0,0,639,359
2165,26751,26750303,11111,250,335,137,0,555,81.3,0,45.1,1,0,0,639,359
2166,26762,26761412,11109,250,335,137,0,555,81.5,0,45.1,1,0,0,639,359
2167,26773,26772517,11105,250,335,137,0,554,81.8,0,45.1,1,0,0,639,359
2168,26785,26783625,11108,250,335,137,0,557,82.0,0,45.1,1,0,0,639,359
2169,26796,26794735,11110,250,336,137,0,556,82.2,0,45.1,1,0,0,639,359
2170,26807,26805844,11109,250,336,137,0,556,82.4,1,45.1,1,0,0,639,359
2171,26818,26816956,11112,250,336,137,0,565,82.5,0,45.1,1,0,0,639,359
2172,26829,26828070,11114,250,336,137,0,663,82.6,0,45.1,1,0,0,639,359
2173,26840,26839174,11104,250,336,137,0,663,82.7,0,45.1,1,0,0,639,359
2174,26851,26850282,11108,250,336,137,0,559,82.9,0,45.1,1,0,0,639,359
2175,26862,26861387,11105,250,336,137,0,560,83.0,0,45.1,1,0,0,639,359
2176,26874,26872497,11110,250,336,137,0,556,83.2,0,45.1,1,0,0,639,359
2177,26884,26883612,11115,250,336,137,0,554,83.3,0,45.0,1,0,0,639,359
2178,26896,26894717,11105,250,336,137,0,556,83.5,0,45.1,1,0,0,639,359
2179,26907,26905825,11108,250,336,137,0,556,83.6,1,45.1,1,0,0,639,359
2180,26918,26916943,11118,250,336,137,0,564,83.6,0,45.1,1,0,0,639,359
2181,26929,26928046,11103,250,336,137,0,658,83.7,0,45.1,1,0,0,639,359
2182,26940,26939158,11112,250,336,137,0,656,83.9,0,45.1,1,0,0,639,359
2183,26951,26950263,11105,250,336,137,0,555,84.0,0,45.1,1,0,0,639,359
2184,26962,26961374,11111,250,336,137,0,557,84.1,0,45.1,1,0,0,639,359
2185,26973,26972485,11111,250,336,137,0,556,84.2,0,45.1,1,0,0,639,359
2186,26984,26983593,11108,250,336,137,0,556,84.3,0,45.2,1,0,0,639,359
2187,26995,26994700,11107,250,336,137,0,555,84.4,0,45.1,1,0,0,639,359
2188,27007,27005812,11112,250,336,137,0,555,84.5,1,45.1,1,0,0,639,359
2189,27018,27016921,11109,250,336,137,0,578,84.6,0,45.1,1,0,0,639,359
2190,27029,27028030,11109,250,336,138,0,663,84.6,0,45.1,1,0,0,639,359
2191,27040,27039139,11109,250,336,138,0,665,84.7,0,45.1,1,0,0,639,359
2192,27051,27050248,11109,250,336,138,0,560,84.8,0,45.1,1,0,0,639,359
2193,27062,27061352,11104,250,336,138,0,553,84.9,0,45.1,1,0,0,639,359
2194,27073,27072461,11109,250,337,138,0,557,84.9,0,45.1,1,0,0,639,359
2195,27084,27083573,11112,250,337,137,0,557,85.0,0,45.1,1,0,0,639,359
2196,27096,27094682,11109,250,336,137,0,556,85.1,0,45.1,1,0,0,639,359
2197,27107,27105790,11108,250,336,137,0,559,85.2,1,45.1,1,0,0,639,359
2198,27118,27116909,11119,250,336,137,0,562,85.3,0,45.1,1,0,0,639,359
2199,27129,27128013,11104,250,336,137,0,658,85.3,0,45.1,1,0,0,639,359
2200,27140,27139123,11110,250,337,137,0,661,85.3,0,45.1,1,0,0,639,359
2201,27151,27150233,11110,250,337,138,0,555,85.4,0,45.1,1,0,0,639,359
2202,27162,27161340,11107,250,337,138,0,556,85.5,0,45.1,1,0,0,639,359
2203,27173,27172448,11108,250,337,138,0,557,85.5,0,45.1,1,0,0,639,359
2204,27185,27183555,11107,250,337,138,0,557,85.6,0,45.1,1,0,0,639,359
2205,27195,27194664,11109,250,337,138,0,560,85.7,0,45.1,1,0,0,639,359
2206,27207,27205779,11115,250,337,138,0,560,85.7,1,45.1,1,0,0,639,359
2207,27218,27216890,11111,250,338,138,0,565,85.8,0,45.1,1,0,0,639,359
2208,27229,27227996,11106,250,338,138,0,661,85.7,0,45.2,1,0,0,639,359
2209,27240,27239191,11195,250,339,139,0,664,85.8,0,45.1,1,0,0,639,359
2210,27251,27250239,11048,250,340,139,0,560,85.9,0,45.1,1,0,0,639,359
2211,27262,27261322,11083,250,341,139,0,556,85.9,0,45.1,1,0,0,639,359
2212,27273,27272431,11109,250,341,139,0,557,86.0,0,45.1,1,0,0,639,359
2213,27284,27283540,11109,250,342,139,0,553,86.0,0,45.1,1,0,0,639,359
2214,27295,27294650,11110,250,342,139,0,556,86.1,0,45.0,1,0,0,639,359
2215,27307,27305758,11108,250,342,139,0,556,86.1,1,45.1,1,0,0,639,359
2216,27344,27339076,33318,250,342,139,0,695,27.0,0,45.1,1,0,0,639,359
2217,27352,27350197,11121,250,342,138,0,553,45.5,0,45.1,1,0,0,639,359
2218,27362,27361308,11111,250,342,138,0,556,54.5,0,45.1,1,0,0,639,359
2219,27373,27372413,11105,250,342,138,0,555,60.6,0,45.0,1,0,0,639,359
2220,27384,27383524,11111,250,342,138,0,553,64.9,0,45.1,1,0,0,639,359
2221,27395,27394633,11109,250,341,138,0,554,68.2,0,45.1,1,0,0,639,359
2222,27407,27405740,11107,250,340,137,0,561,70.7,0,45.1,1,0,0,639,359
2223,27418,27416850,11110,250,340,137,0,555,72.7,0,45.1,1,0,0,639,359
2224,27429,27427959,11109,250,339,137,0,558,74.4,1,45.1,1,0,0,639,359
2225,27440,27439073,11114,250,339,136,0,573,75.8,0,45.0,1,0,0,639,359
2226,27451,27450184,11111,250,338,136,0,663,76.4,0,45.1,1,0,0,639,359
2227,27462,27461290,11106,250,338,136,0,662,77.4,0,45.1,1,0,0,639,359
2228,27473,27472397,11107,250,337,136,0,557,78.3,0,45.1,1,0,0,639,359
2229,27484,27483506,11109,250,337,136,0,558,79.1,0,45.1,1,0,0,639,359
2230,27496,27494614,11108,250,336,136,0,555,79.8,0,45.1,1,0,0,639,359
2231,27507,27505728,11114,250,336,135,0,555,80.4,0,45.1,1,0,0,639,359
2232,27518,27516837,11109,250,336,134,0,556,81.0,0,45.1,1,0,0,639,359
2233,27529,27527944,11107,250,336,133,0,558,81.4,1,45.1,1,0,0,639,359
2234,27540,27539058,11114,250,337,133,0,566,81.5,0,45.2,1,0,0,639,359
2235,27551,27550162,11104,250,338,133,0,659,82.0,0,45.2,1,0,0,639,359
2236,27562,27561271,11109,250,338,133,0,662,82.4,0,45.1,1,0,0,639,359
2237,27573,27572380,11109,250,338,133,0,557,82.7,0,45.2,1,0,0,639,359
2238,27585,27583491,11111,250,338,134,0,559,83.0,0,45.2,1,0,0,639,359
2239,27595,27594599,11108,250,336,134,0,558,83.3,0,45.1,1,0,0,639,359
2240,27607,27605707,11108,250,335,134,0,555,83.6,0,45.1,1,0,0,639,359
2241,27618,27616816,11109,250,333,133,0,553,83.9,0,45.1,1,0,0,639,359
2242,27629,27627929,11113,250,331,133,0,558,83.9,1,45.1,1,0,0,639,359
2243,27640,27639040,11111,250,330,132,0,576,84.3,0,45.1,1,0,0,639,359
2244,27651,27650147,11107,250,328,132,0,658,84.3,0,45.1,1,0,0,639,359
2245,27662,27661255,11108,250,326,131,0,659,84.5,0,45.2,1,0,0,639,359
2246,27673,27672362,11107,250,324,131,0,555,84.7,0,45.2,1,0,0,639,359
2247,27684,27683468,11106,250,322,131,0,558,84.9,0,45.1,1,0,0,639,359
2248,27695,27694581,11113,250,320,130,0,554,85.1,0,45.1,1,0,0,639,359
2249,27706,27705691,11110,250,318,131,0,555,85.2,0,45.1,1,0,0,639,359
2250,27753,27716801,11110,250,315,131,0,659,78.7,0,45.2,1,0,0,639,359
2251,27754,27750105,33304,250,-1,-1,1,624,80.7,1,-1.0,1,0,0,639,359
2252,27762,27761246,11141,250,-1,-1,1,553,81.3,0,-1.0,1,0,0,639,359
2253,27773,27772347,11101,250,309,134,0,569,81.5,0,45.2,1,0,0,639,359
2254,27784,27783461,11114,250,308,134,0,555,81.8,0,45.2,1,0,0,639,359
2255,27795,27794562,11101,250,307,135,0,556,82.0,0,45.2,1,0,0,639,359
2256,27807,27805678,11116,250,307,136,0,663,82.2,0,45.1,1,0,0,639,359
2257,27818,27816787,11109,250,307,136,0,577,82.4,0,45.2,1,0,0,639,359
2258,27829,27827896,11109,250,306,137,0,556,82.5,0,45.2,1,0,0,639,359
2259,27840,27839000,11104,250,306,137,0,656,82.6,0,45.2,1,0,0,639,359
2260,27851,27850110,11110,250,306,138,0,560,82.7,1,45.2,1,0,0,639,359
2261,27862,27861221,11111,250,307,139,0,569,82.9,0,45.1,1,0,0,639,359
2262,27873,27872339,11118,250,307,140,0,661,83.0,0,45.2,1,0,0,639,359
2263,27884,27883434,11095,250,308,141,0,663,83.2,0,45.2,1,0,0,639,359
2264,27896,27894550,11116,250,308,142,0,554,83.3,0,45.2,1,0,0,639,359
2265,27906,27905654,11104,250,309,144,0,558,83.5,0,45.2,1,0,0,639,359
2266,27918,27916766,11112,250,309,145,0,554,83.6,0,45.2,1,0,0,639,359
2267,27929,27927876,11110,250,310,146,0,556,83.7,0,45.1,1,0,0,639,359
2268,27940,27938985,11109,250,310,146,0,554,83.7,0,45.1,1,0,0,639,359
2269,27951,27950093,11108,250,310,146,0,554,84.0,1,45.1,1,0,0,639,359
2270,27962,27961211,11118,250,311,146,0,579,84.0,0,45.1,1,0,0,639,359
2271,27973,27972312,11101,250,312,145,0,657,84.1,0,45.1,1,0,0,639,359
2272,27985,27983421,11109,250,313,145,0,659,84.2,0,45.1,1,0,0,639,359
2273,27995,27994533,11112,250,315,144,0,554,84.3,0,45.1,1,0,0,639,359
2274,28006,28005643,11110,250,318,143,0,555,84.4,0,45.1,1,0,0,639,359
2275,28018,28016747,11104,250,321,142,0,556,84.5,0,45.0,1,0,0,639,359
2276,28029,28027859,11112,250,323,141,0,554,84.6,0,45.0,1,0,0,639,359
2277,28040,28038967,11108,250,325,140,0,556,84.7,0,45.1,1,0,0,639,359
2278,28051,28050077,11110,250,326,139,0,554,84.8,1,45.1,1,0,0,639,359
2279,28062,28061190,11113,250,327,140,0,575,84.8,0,45.1,1,0,0,639,359
2280,28073,28072301,11111,250,328,139,0,655,84.9,0,45.1,1,0,0,639,359
2281,28084,28083408,11107,250,328,138,0,655,84.9,0,45.1,1,0,0,639,359
2282,28095,28094514,11106,250,330,137,0,556,85.0,0,45.1,1,0,0,639,359
2283,28106,28105623,11109,250,332,136,0,559,85.1,0,45.1,1,0,0,639,359
2284,28118,28116731,11108,250,334,136,0,557,85.2,0,45.1,1,0,0,639,359
2285,28129,28127839,11108,250,337,135,0,559,85.3,0,45.1,1,0,0,639,359
2286,28140,28138950,11111,250,339,134,0,558,85.3,0,45.2,1,0,0,639,359
2287,28151,28150060,11110,250,341,134,0,553,85.4,1,45.1,1,0,0,639,359
2288,28162,28161175,11115,250,342,133,0,576,85.4,0,45.1,1,0,0,639,359
2289,28173,28172275,11100,250,343,133,0,659,85.5,0,45.2,1,0,0,639,359
2290,28184,28183390,11115,250,343,133,0,665,85.5,0,45.2,1,0,0,639,359
2291,28197,28194624,11234,250,344,133,0,553,85.4,0,45.2,1,0,0,639,359
2292,28207,28205608,10984,250,345,133,0,556,85.7,0,45.2,1,0,0,639,359
2293,28218,28216712,11104,250,347,134,0,557,85.7,0,45.2,1,0,0,639,359
2294,28229,28227825,11113,250,348,135,0,554,85.8,0,45.2,1,0,0,639,359
2295,28240,28238933,11108,250,349,135,0,557,85.8,0,45.2,1,0,0,639,359
2296,28251,28250042,11109,250,350,135,0,557,85.8,1,45.1,1,0,0,639,359
2297,28262,28261155,11113,250,350,135,0,581,85.9,0,45.2,1,0,0,639,359
2298,28273,28272264,11109,250,351,135,0,662,85.9,0,45.1,1,0,0,639,359
2299,28284,28283373,11109,250,353,135,0,657,86.0,0,45.2,1,0,0,639,359
2300,28296,28294483,11110,250,355,136,0,557,86.0,0,45.1,1,0,0,639,359
2301,28306,28305587,11104,250,356,137,0,555,86.1,0,45.2,1,0,0,639,359
2302,28317,28316697,11110,250,357,138,0,556,86.1,0,45.2,1,0,0,639,359
2303,28332,28327812,11115,250,358,138,0,555,66.7,0,45.3,1,0,0,639,359
2304,28340,28338919,11107,250,359,139,0,556,87.0,0,45.1,1,0,0,639,359
2305,28351,28350022,11103,250,359,139,0,554,90.9,1,45.1,1,0,0,639,359
2306,28362,28361138,11116,250,359,139,0,566,88.9,0,45.2,1,0,0,639,359
2307,28373,28372245,11107,250,358,139,0,658,89.3,0,45.2,1,0,0,639,359
2308,28384,28383355,11110,250,358,138,0,659,89.6,0,45.2,1,0,0,639,359
2309,28395,28394463,11108,250,358,138,0,560,89.7,0,45.1,1,0,0,639,359
2310,28406,28405572,11109,250,357,138,0,552,89.9,0,45.1,1,0,0,639,359
2311,28417,28416681,11109,250,355,137,0,555,90.0,0,45.2,1,0,0,639,359
2312,28429,28427791,11110,250,354,137,0,557,90.1,0,45.2,1,0,0,639,359
2313,28440,28438898,11107,250,352,137,0,556,90.2,0,45.1,1,0,0,639,359
2314,28451,28450010,11112,250,351,137,0,556,90.2,1,45.1,1,0,0,639,359
2315,28462,28461123,11113,250,350,137,0,578,89.7,0,45.1,1,0,0,639,359
2316,28473,28472230,11107,250,350,136,0,661,89.7,0,45.1,1,0,0,639,359
2317,28484,28483338,11108,250,350,136,0,658,89.8,0,45.2,1,0,0,639,359
2318,28495,28494443,11105,250,350,137,0,560,89.9,0,45.2,1,0,0,639,359
2319,28506,28505555,11112,250,351,137,0,555,89.9,0,45.2,1,0,0,639,359
2320,28518,28516663,11108,250,352,137,0,558,90.0,0,45.2,1,0,0,639,359
2321,28529,28527773,11110,250,353,137,0,556,90.0,0,45.1,1,0,0,639,359
2322,28540,28538884,11111,250,353,137,0,554,90.1,0,45.1,1,0,0,639,359
2323,28551,28549994,11110,250,353,138,0,557,90.1,1,45.1,1,0,0,639,359
2324,28562,28561110,11116,250,354,138,0,580,89.8,0,45.1,1,0,0,639,359
2325,28573,28572212,11102,250,354,138,0,659,89.8,0,45.2,1,0,0,639,359
2326,28584,28583322,11110,250,355,138,0,661,89.9,0,45.2,1,0,0,639,359
2327,28595,28594425,11103,250,355,139,0,556,89.9,0,45.1,1,0,0,639,359
2328,28607,28605538,11113,250,356,139,0,556,90.0,0,45.2,1,0,0,639,359
2329,28617,28616643,11105,250,356,139,0,556,90.0,0,45.1,1,0,0,639,359
2330,28629,28627756,11113,250,356,139,0,554,90.0,0,45.1,1,0,0,639,359
2331,28640,28638866,11110,250,355,139,0,558,90.1,0,45.1,1,0,0,639,359
2332,28651,28649973,11107,250,355,139,0,557,89.8,1,45.1,1,0,0,639,359
2333,28662,28661087,11114,250,354,139,0,576,90.1,0,45.1,1,0,0,639,359
2334,28673,28672197,11110,250,353,139,0,665,89.9,0,45.1,1,0,0,639,359
2335,28684,28683305,11108,250,352,139,0,662,89.9,0,45.1,1,0,0,639,359
2336,28695,28694415,11110,250,351,139,0,557,89.9,0,45.0,1,0,0,639,359
2337,28706,28705522,11107,250,350,139,0,553,90.0,0,45.1,1,0,0,639,359
2338,28717,28716628,11106,250,350,138,0,552,90.0,0,45.2,1,0,0,639,359
2339,28729,28727736,11108,250,350,138,0,554,90.0,0,45.1,1,0,0,639,359
2340,28779,28738847,11111,250,350,138,0,665,82.4,0,45.1,1,0,0,639,359
2341,28779,28772156,33309,250,349,137,0,1206,84.2,1,45.1,1,0,0,639,359
2342,28784,28783298,11142,250,348,136,0,624,85.7,0,45.1,1,0,0,639,359
2343,28795,28794390,11092,250,348,136,0,556,85.8,0,45.1,1,0,0,639,359
2344,28806,28805502,11112,250,349,136,0,552,85.9,0,45.1,1,0,0,639,359
2345,28817,28816612,11110,250,350,135,0,665,86.0,0,45.1,1,0,0,639,359
2346,28829,28827726,11114,250,351,135,0,577,86.1,0,45.1,1,0,0,639,359
2347,28840,28838837,11111,250,352,135,0,660,86.2,0,45.1,1,0,0,639,359
2348,28851,28849941,11104,250,353,135,0,662,86.3,0,45.1,1,0,0,639,359
2349,28862,28861052,11111,250,353,135,0,557,86.4,0,45.1,1,0,0,639,359
2350,28873,28872159,11107,250,354,135,0,557,86.3,1,45.2,1,0,0,639,359
2351,28884,28883268,11109,250,354,135,0,576,86.4,0,45.2,1,0,0,639,359
2352,28895,28894379,11111,250,355,135,0,657,86.5,0,45.1,1,0,0,639,359
2353,28906,28905485,11106,250,356,134,0,677,86.6,0,45.2,1,0,0,639,359
2354,28918,28916598,11113,250,356,135,0,556,86.7,0,45.2,1,0,0,639,359
2355,28928,28927703,11105,250,357,134,0,558,86.7,0,45.1,1,0,0,639,359
2356,28940,28938810,11107,250,358,134,0,562,86.8,0,45.2,1,0,0,639,359
2357,28951,28949922,11112,250,358,134,0,557,86.9,0,45.2,1,0,0,639,359
2358,28962,28961029,11107,250,359,134,0,554,86.8,0,45.2,1,0,0,639,359
2359,28973,28972139,11110,250,360,134,0,554,86.9,1,45.2,1,0,0,639,359
2360,28984,28983253,11114,250,361,135,0,575,87.0,0,45.2,1,0,0,639,359
2361,28995,28994359,11106,250,361,135,0,658,87.0,0,45.2,1,0,0,639,359
2362,29007,29005469,11110,250,362,135,0,674,87.1,0,45.2,1,0,0,639,359
2363,29017,29016580,11111,250,362,136,0,555,87.1,0,45.2,1,0,0,639,359
2364,29028,29027689,11109,250,362,136,0,555,87.2,0,45.2,1,0,0,639,359
2365,29040,29038796,11107,250,362,136,0,556,87.3,0,45.2,1,0,0,639,359
2366,29051,29049907,11111,250,362,137,0,554,87.2,0,45.2,1,0,0,639,359
2367,29062,29061015,11108,250,362,137,0,555,87.4,0,45.2,1,0,0,639,359
2368,29073,29072127,11112,250,362,137,0,556,87.4,1,45.2,1,0,0,639,359
2369,29084,29083237,11110,250,362,137,0,562,87.4,0,45.2,1,0,0,639,359
2370,29095,29094344,11107,250,362,137,0,660,87.4,0,45.2,1,0,0,639,359
2371,29106,29105454,11110,250,363,136,0,666,87.5,0,45.2,1,0,0,639,359
2372,29117,29116567,11113,250,363,136,0,560,87.5,0,45.2,1,0,0,639,359
2373,29128,29127667,11100,250,363,136,0,562,87.5,0,45.2,1,0,0,639,359
2374,29140,29138779,11112,250,363,136,0,554,87.6,0,45.2,1,0,0,639,359
2375,29151,29149888,11109,250,363,135,0,556,87.6,0,45.2,1,0,0,639,359
2376,29162,29160998,11110,250,363,135,0,555,87.7,0,45.1,1,0,0,639,359
2377,29173,29172107,11109,250,362,134,0,555,87.7,1,45.1,1,0,0,639,359
2378,29184,29183221,11114,250,361,133,0,565,87.7,0,45.2,1,0,0,639,359
2379,29195,29194325,11104,250,361,131,0,659,87.7,0,45.1,1,0,0,639,359
2380,29206,29205435,11110,250,359,127,0,658,87.7,0,45.0,1,0,0,639,359
2381,29217,29216547,11112,250,358,123,0,555,87.8,0,45.0,1,0,0,639,359
2382,29229,29227654,11107,250,356,119,0,556,87.8,0,45.0,1,0,0,639,359
2383,29240,29238762,11108,250,355,116,0,558,87.9,0,45.2,1,0,0,639,359
2384,29251,29249870,11108,250,354,114,0,555,87.9,0,45.3,1,0,0,639,359
2385,29262,29260981,11111,250,354,113,0,555,87.9,0,45.2,1,0,0,639,359
2386,29273,29272090,11109,250,354,112,0,558,87.9,1,45.3,1,0,0,639,359
2387,29284,29283200,11110,250,355,111,0,576,87.9,0,45.3,1,0,0,639,359
2388,29295,29294312,11112,250,355,111,0,660,87.9,0,45.3,1,0,0,639,359
2389,29306,29305418,11106,250,356,111,0,664,88.0,0,45.3,1,0,0,639,359
2390,29318,29316528,11110,250,357,111,0,555,88.0,0,45.3,1,0,0,639,359
2391,29328,29327637,11109,250,357,110,0,558,90.9,0,45.4,1,0,0,639,359
2392,29340,29338744,11107,250,358,110,0,555,90.9,0,45.4,1,0,0,639,359
2393,29351,29349855,11111,250,358,109,0,558,90.9,0,45.3,1,0,0,639,359
2394,29362,29360963,11108,250,358,109,0,557,88.9,0,45.4,1,0,0,639,359
2395,29373,29372069,11106,250,358,109,0,557,90.9,1,45.4,1,0,0,639,359
2396,29384,29383183,11114,250,358,108,0,557,89.6,0,45.4,1,0,0,639,359
2397,29395,29394350,11167,250,358,108,0,659,89.7,0,45.3,1,0,0,639,359
2398,29406,29405402,11052,250,358,108,0,559,89.9,0,45.4,1,0,0,639,359
2399,29417,29416511,11109,250,359,108,0,554,90.0,0,45.4,1,0,0,639,359
2400,29428,29427618,11107,250,359,108,0,554,90.1,0,45.4,1,0,0,639,359
2401,29440,29438724,11106,250,359,108,0,554,90.2,0,45.4,1,0,0,639,359
2402,29451,29449836,11112,250,359,108,0,560,90.2,0,45.4,1,0,0,639,359
2403,29462,29460944,11108,250,359,108,0,558,90.3,0,45.4,1,0,0,639,359
2404,29473,29472056,11112,250,359,108,0,554,90.3,1,45.4,1,0,0,639,359
2405,29484,29483168,11112,250,359,108,0,562,89.8,0,45.4,1,0,0,639,359
2406,29495,29494362,11194,250,358,108,0,661,89.9,0,45.4,1,0,0,639,359
2407,29506,29505386,11024,250,357,108,0,659,89.9,0,45.3,1,0,0,639,359
2408,29517,29516495,11109,250,356,108,0,556,90.0,0,45.4,1,0,0,639,359
2409,29528,29527599,11104,250,356,107,0,561,90.0,0,45.4,1,0,0,639,359
2410,29540,29538710,11111,250,355,107,0,559,90.1,0,45.4,1,0,0,639,359
2411,29551,29549816,11106,250,354,107,0,555,90.1,0,45.4,1,0,0,639,359
2412,29562,29560929,11113,250,352,105,0,555,90.2,0,45.4,1,0,0,639,359
2413,29573,29572036,11107,250,351,104,0,556,90.2,1,45.4,1,0,0,639,359
2414,29584,29583150,11114,250,351,104,0,573,89.9,0,45.4,1,0,0,639,359
2415,29595,29594397,11247,250,350,103,0,656,89.9,0,45.4,1,0,0,639,359
2416,29606,29605365,10968,250,350,103,0,658,90.0,0,45.5,1,0,0,639,359
2417,29617,29616478,11113,250,350,103,0,557,90.0,0,45.4,1,0,0,639,359
2418,29629,29627585,11107,250,350,103,0,560,90.0,0,45.4,1,0,0,639,359
2419,29640,29638692,11107,250,350,104,0,557,90.1,0,45.4,1,0,0,639,359
2420,29651,29649803,11111,250,350,104,0,557,90.1,0,45.4,1,0,0,639,359
2421,29662,29660911,11108,250,349,103,0,559,90.1,0,45.4,1,0,0,639,359
2422,29673,29672021,11110,250,349,103,0,560,89.9,1,45.4,1,0,0,639,359
2423,29684,29683128,11107,250,348,103,0,579,89.9,0,45.4,1,0,0,639,359
2424,29695,29694346,11218,250,348,102,0,664,89.9,0,45.4,1,0,0,639,359
2425,29706,29705351,11005,250,348,102,0,664,90.0,0,45.4,1,0,0,639,359
2426,29718,29716460,11109,250,347,100,0,557,90.0,0,45.3,1,0,0,639,359
2427,29728,29727566,11106,250,346,98,0,556,90.0,0,45.3,1,0,0,639,359
2428,29739,29738676,11110,250,-1,-1,1,556,90.0,0,-1.0,1,0,0,639,359
2429,29751,29749784,11108,250,342,88,0,556,90.1,0,45.3,1,0,0,639,359
2430,29807,29760898,11114,250,340,84,0,665,81.8,0,45.4,1,0,0,639,359
2431,29808,29805317,44419,250,-1,-1,1,627,83.7,1,-1.0,1,0,0,639,359
2432,29817,29816448,11131,250,-1,-1,1,561,84.0,0,-1.0,1,0,0,639,359
2433,29828,29827552,11104,250,336,73,0,555,84.1,0,45.7,1,0,0,639,359
2434,29839,29838660,11108,250,336,72,0,560,84.3,0,45.7,1,0,0,639,359
2435,29851,29849772,11112,250,337,72,0,556,84.3,0,45.7,1,0,0,639,359
2436,29862,29860878,11106,250,337,72,0,571,84.6,0,45.7,1,0,0,639,359
2437,29873,29871992,11114,250,337,71,0,557,84.7,0,45.8,1,0,0,639,359
2438,29884,29883098,11106,250,337,71,0,558,84.8,0,45.8,1,0,0,639,359
2439,29895,29894208,11110,250,337,71,0,558,84.8,0,45.7,1,0,0,639,359
2440,29906,29905315,11107,250,336,70,0,556,84.9,1,45.7,1,0,0,639,359
2441,29917,29916428,11113,250,336,70,0,566,85.0,0,45.8,1,0,0,639,359
2442,29928,29927594,11166,250,336,69,0,662,85.1,0,45.7,1,0,0,639,359
2443,29940,29938645,11051,250,335,69,0,663,85.2,0,45.7,1,0,0,639,359
2444,29951,29949757,11112,250,335,68,0,557,85.3,0,45.8,1,0,0,639,359
2445,29962,29960861,11104,250,334,68,0,557,85.4,0,45.7,1,0,0,639,359
2446,29973,29971968,11107,250,334,67,0,557,85.5,0,45.7,1,0,0,639,359
2447,29984,29983083,11115,250,334,67,0,560,85.5,0,45.8,1,0,0,639,359
2448,29995,29994186,11103,250,334,67,0,560,85.5,0,45.8,1,0,0,639,359
2449,30006,30005298,11112,250,335,67,0,556,85.6,1,45.8,1,0,0,639,359
2450,30017,30016412,11114,250,336,67,0,584,85.7,0,45.9,1,0,0,639,359
2451,30029,30027606,11194,250,336,67,0,665,85.8,0,45.8,1,0,0,639,359
2452,30039,30038625,11019,250,337,68,0,659,85.9,0,45.9,1,0,0,639,359
2453,30051,30049739,11114,250,338,70,0,557,85.9,0,46.0,1,0,0,639,359
2454,30062,30060838,11099,250,339,73,0,560,86.0,0,45.9,1,0,0,639,359
2455,30073,30071953,11115,250,340,76,0,558,86.0,0,45.8,1,0,0,639,359
2456,30084,30083061,11108,250,341,79,0,554,86.2,0,45.8,1,0,0,639,359
2457,30095,30094170,11109,250,342,82,0,555,86.1,0,45.8,1,0,0,639,359
2458,30106,30105278,11108,250,343,84,0,557,86.2,1,45.7,1,0,0,639,359
2459,30117,30116394,11116,250,343,86,0,580,86.2,0,45.7,1,0,0,639,359
2460,30129,30127672,11278,250,344,88,0,660,86.3,0,45.6,1,0,0,639,359
2461,30139,30138610,10938,250,344,90,0,658,86.4,0,45.6,1,0,0,639,359
2462,30151,30149718,11108,250,343,91,0,556,86.4,0,45.6,1,0,0,639,359
2463,30162,30160827,11109,250,343,92,0,557,86.5,0,45.5,1,0,0,639,359
2464,30173,30171934,11107,250,342,93,0,555,86.5,0,45.6,1,0,0,639,359
2465,30184,30183044,11110,250,341,94,0,553,86.6,0,45.5,1,0,0,639,359
2466,30195,30194155,11111,250,341,94,0,556,86.7,0,45.5,1,0,0,639,359
2467,30206,30205267,11112,250,341,95,0,554,86.6,1,45.5,1,0,0,639,359
2468,30217,30216374,11107,250,341,96,0,577,86.7,0,45.5,1,0,0,639,359
2469,30228,30227560,11186,250,341,97,0,662,86.7,0,45.5,1,0,0,639,359
2470,30239,30238591,11031,250,341,98,0,663,86.8,0,45.4,1,0,0,639,359
2471,30251,30249869,11278,250,341,99,0,555,86.8,0,45.5,1,0,0,639,359
2472,30262,30260810,10941,250,341,99,0,555,86.9,0,45.5,1,0,0,639,359
2473,30273,30271922,11112,250,341,100,0,554,86.9,0,45.4,1,0,0,639,359
2474,30284,30283028,11106,250,341,100,0,558,87.0,0,45.4,1,0,0,639,359
2475,30295,30294136,11108,250,340,101,0,562,86.9,0,45.5,1,0,0,639,359
2476,30306,30305247,11111,250,340,101,0,559,87.0,1,45.4,1,0,0,639,359
2477,30317,30316360,11113,250,339,101,0,562,87.0,0,45.4,1,0,0,639,359
2478,30352,30349675,33315,250,337,102,0,557,29.4,0,45.4,1,0,0,639,359
2479,30362,30360796,11121,250,337,102,0,557,45.5,0,45.4,1,0,0,639,359
2480,30373,30371899,11103,250,336,103,0,557,54.5,0,45.4,1,0,0,639,359
2481,30384,30383012,11113,250,336,103,0,555,59.7,0,45.4,1,0,0,639,359
2482,30395,30394120,11108,250,335,103,0,555,64.9,0,45.4,1,0,0,639,359
2483,30406,30405229,11109,250,335,103,0,557,67.4,0,45.3,1,0,0,639,359
2484,30417,30416339,11110,250,334,104,0,556,70.0,0,45.4,1,0,0,639,359
2485,30428,30427450,11111,250,333,104,0,560,72.1,1,45.4,1,0,0,639,359
2486,30439,30438559,11109,250,332,104,0,573,73.8,0,45.4,1,0,0,639,359
2487,30451,30449757,11198,250,331,104,0,663,75.2,0,45.4,1,0,0,639,359
2488,30462,30460779,11022,250,330,105,0,655,76.4,0,45.4,1,0,0,639,359
2489,30473,30471885,11106,250,329,105,0,555,76.9,0,45.4,1,0,0,639,359
2490,30484,30482995,11110,250,329,106,0,554,78.3,0,45.4,1,0,0,639,359
2491,30495,30494102,11107,250,328,107,0,558,79.1,0,45.4,1,0,0,639,359
2492,30506,30505211,11109,250,327,108,0,555,79.4,0,45.4,1,0,0,639,359
2493,30517,30516320,11109,250,327,109,0,554,80.0,0,45.4,1,0,0,639,359
2494,30528,30527427,11107,250,327,110,0,553,80.6,1,45.4,1,0,0,639,359
2495,30539,30538546,11119,250,327,112,0,577,81.1,0,45.4,1,0,0,639,359
2496,30551,30549736,11190,250,328,114,0,661,81.5,0,45.4,1,0,0,639,359
2497,30562,30560760,11024,250,328,117,0,659,81.6,0,45.4,1,0,0,639,359
2498,30573,30571868,11108,250,328,119,0,559,82.4,0,45.4,1,0,0,639,359
2499,30584,30582978,11110,250,328,122,0,556,82.7,0,45.4,1,0,0,639,359
2500,30595,30594084,11106,250,328,126,0,555,83.0,0,45.5,1,0,0,639,359
2501,30606,30605198,11114,250,329,131,0,556,83.0,0,45.4,1,0,0,639,359
2502,30617,30616299,11101,250,330,136,0,558,83.3,0,45.4,1,0,0,639,359
2503,30628,30627412,11113,250,332,140,0,556,83.6,1,45.4,1,0,0,639,359
2504,30639,30638526,11114,250,334,145,0,577,83.9,0,45.5,1,0,0,639,359
2505,30651,30649747,11221,250,-1,-1,1,657,84.1,0,-1.0,1,0,0,639,359
2506,30662,30660741,10994,250,-1,-1,1,653,84.3,0,-1.0,1,0,0,639,359
2507,30673,30671854,11113,250,-1,-1,1,553,83.8,0,-1.0,2,0,0,639,359
2508,30684,30682959,11105,250,-1,-1,1,553,84.7,0,-1.0,2,0,0,639,359
2509,30695,30694069,11110,250,-1,-1,1,555,84.7,0,-1.0,2,0,0,639,359
2510,30706,30705177,11108,250,-1,-1,1,553,84.8,0,-1.0,2,0,0,639,359
2511,30717,30716289,11112,250,-1,-1,1,549,85.0,0,-1.0,2,0,0,639,359
2512,30728,30727396,11107,250,-1,-1,1,551,85.2,1,-1.0,2,0,0,639,359
2513,30740,30738510,11114,250,-1,-1,1,569,85.3,0,-1.0,2,0,0,639,359
2514,30751,30749782,11272,250,-1,-1,1,662,85.5,0,-1.0,2,0,0,639,359
2515,30762,30760729,10947,250,-1,-1,1,657,85.6,0,-1.0,2,0,0,639,359
2516,30773,30771838,11109,250,-1,-1,1,549,85.7,0,-1.0,2,0,0,639,359
2517,30784,30782941,11103,250,-1,-1,1,552,85.7,0,-1.0,2,0,0,639,359
2518,30795,30794051,11110,250,-1,-1,1,550,86.0,0,-1.0,2,0,0,639,359
2519,30806,30805161,11110,250,-1,-1,1,549,85.9,0,-1.0,2,0,0,639,359
2520,30867,30816267,11106,250,-1,-1,1,685,78.3,0,-1.0,2,0,0,639,359
2521,30867,30860687,44420,250,-1,-1,1,621,80.0,1,-1.0,2,0,0,639,359
2522,30873,30871834,11147,250,-1,-1,1,574,80.9,0,-1.0,2,0,0,639,359
2523,30884,30882927,11093,250,-1,-1,1,542,81.3,0,-1.0,2,0,0,639,359
2524,30895,30894037,11110,250,-1,-1,1,541,81.5,0,-1.0,2,0,0,639,359
2525,30906,30905147,11110,250,-1,-1,1,648,81.5,0,-1.0,2,0,0,639,359
2526,30917,30916259,11112,250,-1,-1,1,578,81.7,0,-1.0,2,0,0,639,359
2527,30928,30927519,11260,250,-1,-1,1,654,81.8,0,-1.0,2,0,0,639,359
2528,30940,30938628,11109,250,-1,-1,1,614,82.0,0,-1.0,2,0,0,639,359
2529,30950,30949582,10954,250,-1,-1,1,525,82.1,0,-1.0,2,0,0,639,359
2530,30962,30960690,11108,250,-1,-1,1,529,82.3,1,-1.0,2,0,0,639,359
2531,30973,30971802,11112,250,-1,-1,1,544,82.4,0,-1.0,2,0,0,639,359
2532,30984,30982972,11170,250,-1,-1,1,633,82.6,0,-1.0,2,0,0,639,359
2533,30995,30994016,11044,250,-1,-1,1,631,82.6,0,-1.0,2,0,0,639,359
2534,31006,31005131,11115,250,-1,-1,1,527,82.7,0,-1.0,2,0,0,639,359
2535,31017,31016235,11104,250,-1,-1,1,525,82.9,0,-1.0,2,0,0,639,359
2536,31028,31027346,11111,250,-1,-1,1,528,83.0,0,-1.0,2,0,0,639,359
2537,31039,31038448,11102,250,-1,-1,1,527,83.1,0,-1.0,2,0,0,639,359
2538,31051,31049561,11113,250,-1,-1,1,525,83.2,0,-1.0,2,0,0,639,359
2539,31061,31060670,11109,250,-1,-1,1,524,83.3,1,-1.0,2,0,0,639,359
2540,31073,31071789,11119,250,-1,-1,1,547,80.6,0,-1.0,0,0,0,639,359
2541,31100,31093987,22198,250,-1,-1,1,664,81.7,0,-1.0,0,0,0,639,359
2542,31106,31105118,11131,250,-1,-1,1,614,82.4,0,-1.0,0,0,0,639,359
2543,31117,31116222,11104,250,-1,-1,1,539,82.5,0,-1.0,0,0,0,639,359
2544,31128,31127327,11105,250,-1,-1,1,548,82.6,0,-1.0,0,0,0,639,359
2545,31139,31138435,11108,250,-1,-1,1,547,82.7,0,-1.0,0,0,0,639,359
2546,31150,31149546,11111,250,-1,-1,1,550,82.8,0,-1.0,0,0,0,639,359
2547,31161,31160657,11111,250,-1,-1,1,550,82.9,0,-1.0,0,0,0,639,359
2548,31173,31171760,11103,250,-1,-1,1,551,83.0,1,-1.0,0,0,0,639,359
2549,31184,31182878,11118,250,-1,-1,1,550,83.0,0,-1.0,0,0,0,639,359
2550,31195,31193986,11108,250,-1,-1,1,659,83.2,0,-1.0,0,0,0,639,359
2551,31206,31205239,11253,250,-1,-1,1,633,83.2,0,-1.0,0,0,0,639,359
2552,31217,31216223,10984,250,-1,-1,1,548,83.3,0,-1.0,0,0,0,639,359
2553,31228,31227308,11085,250,-1,-1,1,543,83.4,0,-1.0,0,0,0,639,359
2554,31239,31238415,11107,250,-1,-1,1,545,83.5,0,-1.0,0,0,0,639,359
2555,31250,31249528,11113,250,-1,-1,1,544,83.6,0,-1.0,0,0,0,639,359
2556,31261,31260635,11107,250,-1,-1,1,547,83.7,0,-1.0,0,0,0,639,359
2557,31273,31271746,11111,250,-1,-1,1,552,83.8,1,-1.0,0,0,0,639,359
2558,31284,31282858,11112,250,-1,-1,1,562,83.9,0,-1.0,0,0,0,639,359
2559,31295,31294042,11184,250,-1,-1,1,671,83.8,0,-1.0,0,0,0,639,359
2560,31306,31305240,11198,250,-1,-1,1,649,83.9,0,-1.0,0,0,0,639,359
2561,31317,31316324,11084,250,-1,-1,1,547,84.0,0,-1.0,0,0,0,639,359
2562,31328,31327296,10972,250,-1,-1,1,545,90.9,0,-1.0,0,0,0,639,359
2563,31339,31338401,11105,250,-1,-1,1,548,90.9,0,-1.0,0,0,0,639,359
2564,31350,31349512,11111,250,-1,-1,1,549,90.9,0,-1.0,0,0,0,639,359
2565,31362,31360623,11111,250,-1,-1,1,552,90.9,0,-1.0,0,0,0,639,359
2566,31373,31371732,11109,250,-1,-1,1,554,90.9,1,-1.0,0,0,0,639,359
2567,31384,31382844,11112,250,-1,-1,1,563,90.9,0,-1.0,0,0,0,639,359
2568,31395,31394016,11172,250,-1,-1,1,652,90.9,0,-1.0,0,0,0,639,359
2569,31406,31405220,11204,250,-1,-1,1,659,89.9,0,-1.0,0,0,0,639,359
2570,31417,31416266,11046,250,-1,-1,1,555,90.0,0,-1.0,0,0,0,639,359
2571,31428,31427279,11013,250,-1,-1,1,550,90.1,0,-1.0,0,0,0,639,359
2572,31439,31438386,11107,250,-1,-1,1,553,90.2,0,-1.0,0,0,0,639,359
2573,31450,31449492,11106,250,-1,-1,1,553,90.2,0,-1.0,0,0,0,639,359
2574,31461,31460604,11112,250,-1,-1,1,553,90.3,0,-1.0,0,0,0,639,359
2575,31473,31471717,11113,250,-1,-1,1,556,90.3,1,-1.0,0,0,0,639,359
2576,31484,31482825,11108,250,-1,-1,1,581,90.4,0,-1.0,0,0,0,639,359
2577,31495,31494029,11204,250,-1,-1,1,661,89.9,0,-1.0,0,0,0,639,359
2578,31506,31505043,11014,250,-1,-1,1,560,90.4,0,-1.0,0,0,0,639,359
2579,31517,31516155,11112,250,-1,-1,1,632,90.0,0,-1.0,0,0,0,639,359
2580,31528,31527260,11105,250,-1,-1,1,563,90.0,0,-1.0,0,0,0,639,359
2581,31539,31538368,11108,250,-1,-1,1,566,90.1,0,-1.0,0,0,0,639,359
2582,31550,31549475,11107,250,-1,-1,1,562,90.1,0,-1.0,0,0,0,639,359
2583,31561,31560586,11111,250,-1,-1,1,560,90.2,0,-1.0,0,0,0,639,359
2584,31573,31571697,11111,250,-1,-1,1,558,90.2,1,-1.0,0,0,0,639,359
2585,31584,31582812,11115,250,443,131,0,587,83.3,0,51.9,1,0,0,639,359
2586,31606,31605016,22204,250,-1,-1,1,562,86.5,0,-1.0,1,0,0,639,359
2587,31617,31616134,11118,250,-1,-1,1,562,86.7,0,-1.0,1,0,0,639,359
2588,31628,31627247,11113,250,455,144,0,570,86.8,0,51.7,1,0,0,639,359
2589,31639,31638350,11103,250,456,144,0,571,87.0,0,51.6,1,0,0,639,359
2590,31650,31649461,11111,250,456,144,0,571,87.1,0,51.6,1,0,0,639,359
2591,31661,31660570,11109,250,456,144,0,570,87.2,0,51.6,1,0,0,639,359
2592,31673,31671680,11110,250,455,144,0,570,87.3,0,51.6,1,0,0,639,359
2593,31684,31682788,11108,250,456,144,0,565,87.4,1,51.7,1,0,0,639,359
2594,31695,31693903,11115,250,456,145,0,570,87.5,0,51.7,1,0,0,639,359
2595,31706,31705092,11189,250,456,146,0,669,87.4,0,51.7,1,0,0,639,359
2596,31717,31716138,11046,250,457,146,0,681,87.5,0,51.6,1,0,0,639,359
2597,31728,31727246,11108,250,458,147,0,565,87.6,0,51.6,1,0,0,639,359
2598,31739,31738335,11089,250,458,147,0,568,87.7,0,51.7,1,0,0,639,359
2599,31750,31749445,11110,250,458,147,0,567,87.8,0,51.6,1,0,0,639,359
2600,31762,31760555,11110,250,458,147,0,569,87.8,0,51.6,1,0,0,639,359
2601,31772,31771662,11107,250,458,146,0,569,87.9,0,51.6,1,0,0,639,359
2602,31784,31782770,11108,250,458,145,0,566,88.0,1,51.6,1,0,0,639,359
2603,31795,31793882,11112,250,459,145,0,568,88.1,0,51.6,1,0,0,639,359
2604,31806,31805103,11221,250,459,145,0,674,87.9,0,51.6,1,0,0,639,359
2605,31817,31816106,11003,250,459,144,0,676,88.0,0,51.6,1,0,0,639,359
2606,31828,31827212,11106,250,459,144,0,565,88.1,0,51.6,1,0,0,639,359
2607,31839,31838315,11103,250,460,144,0,563,88.1,0,51.7,1,0,0,639,359
2608,31850,31849430,11115,250,460,144,0,569,88.2,0,51.7,1,0,0,639,359
2609,31861,31860535,11105,250,460,144,0,562,88.2,0,51.7,1,0,0,639,359
2610,31922,31871648,11113,250,460,144,0,704,81.0,0,51.7,1,0,0,639,359
2611,31923,31916066,44418,250,461,144,0,643,82.6,1,51.7,1,0,0,639,359
2612,31928,31927205,11139,250,462,145,0,594,83.5,0,51.8,1,0,0,639,359
2613,31939,31938307,11102,250,461,145,0,566,83.6,0,51.7,1,0,0,639,359
2614,31950,31949408,11101,250,461,146,0,588,83.7,0,51.7,1,0,0,639,359
2615,31961,31960520,11112,250,461,145,0,597,83.9,0,51.7,1,0,0,639,359
2616,31972,31971631,11111,250,460,145,0,567,84.0,0,51.7,1,0,0,639,359
2617,31984,31982741,11110,250,459,145,0,578,84.1,0,51.7,1,0,0,639,359
2618,31995,31993848,11107,250,459,145,0,568,84.2,0,51.6,1,0,0,639,359
2619,32006,32004958,11110,250,458,145,0,569,84.3,0,51.6,1,0,0,639,359
2620,32017,32016067,11109,250,457,145,0,566,84.4,1,51.6,1,0,0,639,359
2621,32028,32027179,11112,250,457,145,0,579,84.4,0,51.6,1,0,0,639,359
2622,32039,32038283,11104,250,456,144,0,669,84.5,0,51.6,1,0,0,639,359
2623,32050,32049397,11114,250,456,144,0,673,84.6,0,51.6,1,0,0,639,359
2624,32061,32060502,11105,250,456,143,0,566,84.7,0,51.5,1,0,0,639,359
2625,32073,32071613,11111,250,456,141,0,569,84.8,0,51.5,1,0,0,639,359
2626,32084,32082724,11111,250,456,140,0,568,84.9,0,51.5,1,0,0,639,359
2627,32095,32093831,11107,250,456,139,0,570,84.9,0,51.5,1,0,0,639,359
2628,32106,32104939,11108,250,455,138,0,566,85.0,0,51.5,1,0,0,639,359
2629,32117,32116049,11110,250,455,136,0,568,85.0,1,51.5,1,0,0,639,359
2630,32128,32127157,11108,250,454,134,0,589,85.1,0,51.5,1,0,0,639,359
2631,32139,32138270,11113,250,454,132,0,671,85.2,0,51.5,1,0,0,639,359
2632,32150,32149377,11107,250,453,132,0,674,85.2,0,51.6,1,0,0,639,359
2633,32162,32160669,11292,250,453,132,0,573,85.3,0,51.6,1,0,0,639,359
2634,32172,32171596,10927,250,453,132,0,569,85.4,0,51.6,1,0,0,639,359
2635,32183,32182702,11106,250,453,133,0,570,85.5,0,51.6,1,0,0,639,359
2636,32195,32193809,11107,250,452,133,0,570,85.5,0,51.6,1,0,0,639,359
2637,32208,32204920,11111,250,452,133,0,568,85.4,0,51.6,1,0,0,639,359
2638,32217,32216031,11111,250,451,133,0,570,85.7,1,51.6,1,0,0,639,359
2639,32228,32227145,11114,250,451,133,0,572,85.6,0,51.6,1,0,0,639,359
2640,32239,32238251,11106,250,451,133,0,670,85.7,0,51.5,1,0,0,639,359
2641,32250,32249363,11112,250,451,132,0,673,85.7,0,51.5,1,0,0,639,359
2642,32261,32260490,11127,250,451,132,0,571,85.8,0,51.6,1,0,0,639,359
2643,32272,32271582,11092,250,451,131,0,567,85.9,0,51.6,1,0,0,639,359
2644,32284,32282683,11101,250,451,130,0,565,85.9,0,51.5,1,0,0,639,359
2645,32295,32293793,11110,250,451,129,0,572,86.0,0,51.4,1,0,0,639,359
2646,32306,32304902,11109,250,451,127,0,569,86.0,0,51.5,1,0,0,639,359
2647,32317,32316012,11110,250,451,125,0,566,86.1,1,51.5,1,0,0,639,359
2648,32363,32360446,44434,250,-1,-1,1,567,21.7,0,-1.0,1,0,0,639,359
2649,32372,32371560,11114,250,-1,-1,1,564,36.4,0,-1.0,1,0,0,639,359
2650,32384,32382669,11109,250,453,115,0,565,45.5,0,51.6,1,0,0,639,359
2651,32395,32393773,11104,250,452,113,0,566,51.9,0,51.5,1,0,0,639,359
2652,32406,32404888,11115,250,-1,-1,1,563,56.8,0,-1.0,1,0,0,639,359
2653,32417,32415999,11111,250,-1,-1,1,562,60.6,0,-1.0,1,0,0,639,359
2654,32428,32427105,11106,250,-1,-1,1,567,57.4,0,-1.0,2,0,0,639,359
2655,32440,32438215,11110,250,-1,-1,1,567,65.0,0,-1.0,2,0,0,639,359
2656,32450,32449326,11111,250,-1,-1,1,561,67.7,1,-1.0,2,0,0,639,359
2657,32461,32460438,11112,250,-1,-1,1,565,69.4,0,-1.0,2,0,0,639,359
2658,32473,32471547,11109,250,-1,-1,1,673,71.0,0,-1.0,2,0,0,639,359
2659,32484,32482656,11109,250,-1,-1,1,669,72.3,0,-1.0,2,0,0,639,359
2660,32495,32493760,11104,250,-1,-1,1,562,73.4,0,-1.0,2,0,0,639,359
2661,32506,32504869,11109,250,-1,-1,1,563,74.5,0,-1.0,2,0,0,639,359
2662,32517,32515977,11108,250,-1,-1,1,562,75.0,0,-1.0,2,0,0,639,359
2663,32528,32527088,11111,250,-1,-1,1,562,76.2,0,-1.0,2,0,0,639,359
2664,32539,32538194,11106,250,-1,-1,1,561,76.6,0,-1.0,2,0,0,639,359
2665,32550,32549307,11113,250,-1,-1,1,562,77.3,1,-1.0,2,0,0,639,359
2666,32561,32560421,11114,250,-1,-1,1,572,77.9,0,-1.0,2,0,0,639,359
2667,32572,32571526,11105,250,-1,-1,1,664,78.4,0,-1.0,2,0,0,639,359
2668,32584,32582638,11112,250,-1,-1,1,663,78.9,0,-1.0,2,0,0,639,359
2669,32595,32593897,11259,250,-1,-1,1,555,79.4,0,-1.0,2,0,0,639,359
2670,32606,32604855,10958,250,-1,-1,1,554,79.9,0,-1.0,2,0,0,639,359
2671,32617,32615962,11107,250,-1,-1,1,551,80.3,0,-1.0,2,0,0,639,359
2672,32628,32627068,11106,250,-1,-1,1,549,80.6,0,-1.0,2,0,0,639,359
2673,32639,32638179,11111,250,-1,-1,1,550,80.7,0,-1.0,2,0,0,639,359
2674,32650,32649290,11111,250,-1,-1,1,547,81.1,1,-1.0,2,0,0,639,359
2675,32661,32660403,11113,250,-1,-1,1,572,81.4,0,-1.0,2,0,0,639,359
2676,32672,32671514,11111,250,-1,-1,1,658,81.7,0,-1.0,2,0,0,639,359
2677,32683,32682618,11104,250,-1,-1,1,656,82.0,0,-1.0,2,0,0,639,359
2678,32695,32693789,11171,250,-1,-1,1,548,82.2,0,-1.0,2,0,0,639,359
2679,32706,32704834,11045,250,-1,-1,1,551,82.5,0,-1.0,2,0,0,639,359
2680,32717,32715943,11109,250,-1,-1,1,545,82.7,0,-1.0,2,0,0,639,359
2681,32728,32727052,11109,250,-1,-1,1,544,82.9,0,-1.0,2,0,0,639,359
2682,32739,32738165,11113,250,-1,-1,1,547,82.9,0,-1.0,2,0,0,639,359
2683,32750,32749268,11103,250,-1,-1,1,542,83.1,1,-1.0,2,0,0,639,359
2684,32761,32760385,11117,250,-1,-1,1,585,83.3,0,-1.0,2,0,0,639,359
2685,32772,32771495,11110,250,-1,-1,1,750,83.5,0,-1.0,2,0,0,639,359
2686,32784,32782604,11109,250,-1,-1,1,659,83.7,0,-1.0,2,0,0,639,359
2687,32795,32793854,11250,250,-1,-1,1,549,83.3,0,-1.0,0,0,0,639,359
2688,32806,32804822,10968,250,-1,-1,1,537,84.0,0,-1.0,0,0,0,639,359
2689,32817,32815927,11105,250,-1,-1,1,525,84.2,0,-1.0,0,0,0,639,359
2690,32828,32827033,11106,250,-1,-1,1,527,84.1,0,-1.0,0,0,0,639,359
2691,32839,32838143,11110,250,-1,-1,1,526,84.5,0,-1.0,0,0,0,639,359
2692,32850,32849254,11111,250,-1,-1,1,526,84.4,1,-1.0,0,0,0,639,359
2693,32861,32860367,11113,250,-1,-1,1,531,84.6,0,-1.0,0,0,0,639,359
2694,32873,32871478,11111,250,-1,-1,1,634,84.7,0,-1.0,0,0,0,639,359
2695,32883,32882582,11104,250,-1,-1,1,761,84.8,0,-1.0,0,0,0,639,359
2696,32895,32893776,11194,250,-1,-1,1,606,84.9,0,-1.0,0,0,0,639,359
2697,32906,32904800,11024,250,-1,-1,1,543,85.0,0,-1.0,0,0,0,639,359
2698,32917,32915913,11113,250,-1,-1,1,542,85.0,0,-1.0,0,0,0,639,359
2699,32928,32927020,11107,250,-1,-1,1,545,85.2,0,-1.0,0,0,0,639,359
2700,32989,32938130,11110,250,-1,-1,1,656,78.9,0,-1.0,0,0,0,639,359
2701,32991,32982551,44421,250,-1,-1,1,740,80.2,1,-1.0,0,0,0,639,359
2702,32995,32993681,11130,250,-1,-1,1,626,81.2,0,-1.0,0,0,0,639,359
2703,33006,33004790,11109,250,-1,-1,1,547,81.4,0,-1.0,0,0,0,639,359
2704,33017,33015895,11105,250,-1,-1,1,575,81.5,0,-1.0,0,0,0,639,359
2705,33028,33027006,11111,250,-1,-1,1,647,81.7,0,-1.0,0,0,0,639,359
2706,33039,33038119,11113,250,-1,-1,1,569,81.7,0,-1.0,0,0,0,639,359
2707,33050,33049228,11109,250,-1,-1,1,659,81.9,0,-1.0,0,0,0,639,359
2708,33061,33060331,11103,250,-1,-1,1,659,82.0,0,-1.0,0,0,0,639,359
2709,33072,33071450,11119,250,-1,-1,1,550,82.1,0,-1.0,0,0,0,639,359
2710,33083,33082548,11098,250,-1,-1,1,550,82.2,1,-1.0,0,0,0,639,359
2711,33095,33093662,11114,250,-1,-1,1,552,82.4,0,-1.0,0,0,0,639,359
2712,33106,33104768,11106,250,-1,-1,1,645,82.5,0,-1.0,0,0,0,639,359
2713,33117,33115881,11113,250,-1,-1,1,687,82.6,0,-1.0,0,0,0,639,359
2714,33128,33126993,11112,250,-1,-1,1,528,82.7,0,-1.0,0,0,0,639,359
2715,33139,33138098,11105,250,-1,-1,1,525,82.7,0,-1.0,0,0,0,639,359
2716,33150,33149205,11107,250,-1,-1,1,525,82.8,0,-1.0,0,0,0,639,359
2717,33161,33160311,11106,250,-1,-1,1,527,82.9,0,-1.0,0,0,0,639,359
2718,33172,33171418,11107,250,-1,-1,1,526,83.0,0,-1.0,0,0,0,639,359
2719,33184,33182529,11111,250,-1,-1,1,525,83.1,1,-1.0,0,0,0,639,359
2720,33194,33193644,11115,250,-1,-1,1,544,83.2,0,-1.0,0,0,0,639,359
2721,33206,33204756,11112,250,-1,-1,1,632,83.3,0,-1.0,0,0,0,639,359
2722,33217,33215861,11105,250,-1,-1,1,675,83.4,0,-1.0,0,0,0,639,359
2723,33228,33227033,11172,250,-1,-1,1,527,83.4,0,-1.0,0,0,0,639,359
2724,33239,33238077,11044,250,-1,-1,1,527,83.6,0,-1.0,0,0,0,639,359
2725,33250,33249186,11109,250,-1,-1,1,527,83.6,0,-1.0,0,0,0,639,359
2726,33261,33260294,11108,250,-1,-1,1,529,83.7,0,-1.0,0,0,0,639,359
2727,33273,33271405,11111,250,-1,-1,1,525,83.8,0,-1.0,0,0,0,639,359
2728,33283,33282516,11111,250,-1,-1,1,526,83.9,1,-1.0,0,0,0,639,359
2729,33294,33293631,11115,250,-1,-1,1,527,83.9,0,-1.0,0,0,0,639,359
2730,33306,33304734,11103,250,-1,-1,1,633,84.0,0,-1.0,0,0,0,639,359
2731,33317,33315850,11116,250,-1,-1,1,672,84.0,0,-1.0,0,0,0,639,359
2732,33335,33326956,11106,250,-1,-1,1,632,55.6,0,-1.0,0,0,0,639,359
2733,33339,33338058,11102,250,-1,-1,1,524,95.2,0,-1.0,0,0,0,639,359
2734,33350,33349169,11111,250,-1,-1,1,525,93.8,0,-1.0,0,0,0,639,359
2735,33361,33360279,11110,250,-1,-1,1,529,90.9,0,-1.0,0,0,0,639,359
2736,33372,33371385,11106,250,-1,-1,1,527,90.9,0,-1.0,0,0,0,639,359
2737,33383,33382501,11116,250,-1,-1,1,524,90.9,1,-1.0,0,0,0,639,359
2738,33394,33393608,11107,250,-1,-1,1,535,90.9,0,-1.0,0,0,0,639,359
2739,33406,33404714,11106,250,-1,-1,1,626,90.9,0,-1.0,0,0,0,639,359
2740,33417,33415824,11110,250,-1,-1,1,635,90.9,0,-1.0,0,0,0,639,359
2741,33428,33426983,11159,250,-1,-1,1,526,90.9,0,-1.0,0,0,0,639,359
2742,33439,33438045,11062,250,-1,-1,1,525,90.9,0,-1.0,0,0,0,639,359
2743,33450,33449153,11108,250,-1,-1,1,527,90.2,0,-1.0,0,0,0,639,359
2744,33461,33460259,11106,250,-1,-1,1,526,90.3,0,-1.0,0,0,0,639,359
2745,33472,33471368,11109,250,-1,-1,1,527,90.3,0,-1.0,0,0,0,639,359
2746,33483,33482480,11112,250,-1,-1,1,528,90.4,1,-1.0,0,0,0,639,359
2747,33495,33493593,11113,250,-1,-1,1,529,90.4,0,-1.0,0,0,0,639,359
2748,33506,33504701,11108,250,-1,-1,1,626,90.4,0,-1.0,0,0,0,639,359
2749,33517,33515835,11134,250,-1,-1,1,635,90.5,0,-1.0,0,0,0,639,359
2750,33528,33526921,11086,250,-1,-1,1,526,90.5,0,-1.0,0,0,0,639,359
2751,33539,33538025,11104,250,-1,-1,1,526,90.1,0,-1.0,0,0,0,639,359
2752,33550,33549136,11111,250,-1,-1,1,527,90.5,0,-1.0,0,0,0,639,359
2753,33561,33560246,11110,250,-1,-1,1,527,90.2,0,-1.0,0,0,0,639,359
2754,33572,33571348,11102,250,-1,-1,1,539,90.2,0,-1.0,0,0,0,639,359
2755,33584,33582462,11114,250,-1,-1,1,656,90.2,1,-1.0,0,0,0,639,359
2756,33594,33593575,11113,250,-1,-1,1,571,90.3,0,-1.0,0,0,0,639,359
2757,33606,33604685,11110,250,-1,-1,1,657,90.3,0,-1.0,0,0,0,639,359
2758,33617,33615790,11105,250,-1,-1,1,667,90.3,0,-1.0,0,0,0,639,359
2759,33628,33626999,11209,250,-1,-1,1,561,90.0,0,-1.0,0,0,0,639,359
2760,33639,33638010,11011,250,-1,-1,1,566,90.3,0,-1.0,0,0,0,639,359
2761,33650,33649118,11108,250,-1,-1,1,572,90.4,0,-1.0,0,0,0,639,359
2762,33661,33660226,11108,250,-1,-1,1,577,90.1,0,-1.0,0,0,0,639,359
2763,33672,33671342,11116,250,-1,-1,1,577,90.1,0,-1.0,0,0,0,639,359
2764,33683,33682445,11103,250,-1,-1,1,544,90.2,1,-1.0,0,0,0,639,359
2765,33694,33693559,11114,250,-1,-1,1,567,90.2,0,-1.0,0,0,0,639,359
2766,33706,33704666,11107,250,-1,-1,1,652,90.2,0,-1.0,0,0,0,639,359
2767,33717,33715777,11111,250,-1,-1,1,548,90.2,0,-1.0,0,0,0,639,359
2768,33728,33726886,11109,250,-1,-1,1,621,90.2,0,-1.0,0,0,0,639,359
2769,33739,33737995,11109,250,-1,-1,1,547,90.3,0,-1.0,0,0,0,639,359
2770,33750,33749104,11109,250,-1,-1,1,550,90.3,0,-1.0,0,0,0,639,359
2771,33761,33760211,11107,250,-1,-1,1,557,90.1,0,-1.0,0,0,0,639,359
2772,33772,33771320,11109,250,429,70,0,560,88.0,0,46.5,1,0,0,639,359
2773,33785,33782433,11113,250,430,73,0,559,89.9,1,46.5,1,0,0,639,359
2774,33794,33793541,11108,250,432,77,0,558,90.1,0,46.5,1,0,0,639,359
2775,33806,33804653,11112,250,434,81,0,621,90.2,0,46.4,1,0,0,639,359
2776,33817,33815755,11102,250,435,84,0,662,90.2,0,46.4,1,0,0,639,359
2777,33828,33826867,11112,250,437,87,0,557,90.2,0,46.4,1,0,0,639,359
2778,33839,33837973,11106,250,438,90,0,555,90.2,0,46.4,1,0,0,639,359
2779,33850,33849084,11111,250,440,92,0,555,90.1,0,46.3,1,0,0,639,359
2780,33861,33860195,11111,250,441,95,0,554,90.1,0,46.3,1,0,0,639,359
2781,33872,33871307,11112,250,445,98,0,556,90.1,0,46.5,1,0,0,639,359
2782,33883,33882411,11104,250,449,102,0,558,90.1,1,46.4,1,0,0,639,359
2783,33895,33893524,11113,250,452,106,0,563,90.1,0,46.4,1,0,0,639,359
2784,33905,33904635,11111,250,456,109,0,657,90.1,0,46.5,1,0,0,639,359
2785,33917,33915745,11110,250,461,113,0,555,90.2,0,46.6,1,0,0,639,359
2786,33928,33926850,11105,250,466,117,0,556,90.2,0,46.5,1,0,0,639,359
2787,33939,33937960,11110,250,-1,-1,1,551,90.0,0,-1.0,1,0,0,639,359
2788,33950,33949070,11110,250,-1,-1,1,554,90.2,0,-1.0,1,0,0,639,359
2789,33961,33960176,11106,250,-1,-1,1,554,89.0,0,-1.0,2,0,0,639,359
2790,34051,33971287,11111,250,-1,-1,1,552,80.4,0,-1.0,2,0,0,639,359
2791,34052,34049033,77746,250,-1,-1,1,543,81.7,1,-1.0,2,0,0,639,359
2792,34061,34060161,11128,250,-1,-1,1,635,82.0,0,-1.0,2,0,0,639,359
2793,34072,34071275,11114,250,-1,-1,1,544,82.1,0,-1.0,2,0,0,639,359
2794,34083,34082383,11108,250,-1,-1,1,639,82.2,0,-1.0,2,0,0,639,359
2795,34094,34093489,11106,250,-1,-1,1,642,82.4,0,-1.0,2,0,0,639,359
2796,34105,34104602,11113,250,-1,-1,1,538,82.5,0,-1.0,2,0,0,639,359
2797,34117,34115704,11102,250,-1,-1,1,534,82.6,0,-1.0,2,0,0,639,359
2798,34128,34126813,11109,250,-1,-1,1,536,82.7,0,-1.0,2,0,0,639,359
2799,34139,34137922,11109,250,-1,-1,1,539,82.8,0,-1.0,2,0,0,639,359
2800,34150,34149035,11113,250,-1,-1,1,536,82.9,1,-1.0,2,0,0,639,359
2801,34161,34160152,11117,250,-1,-1,1,557,82.9,0,-1.0,2,0,0,639,359
2802,34172,34171255,11103,250,-1,-1,1,637,83.0,0,-1.0,2,0,0,639,359
2803,34183,34182363,11108,250,-1,-1,1,642,83.1,0,-1.0,2,0,0,639,359
2804,34194,34193598,11235,250,-1,-1,1,536,83.2,0,-1.0,2,0,0,639,359
2805,34205,34204576,10978,250,-1,-1,1,533,83.3,0,-1.0,2,0,0,639,359
2806,34216,34215687,11111,250,-1,-1,1,538,83.4,0,-1.0,2,0,0,639,359
2807,34228,34226798,11111,250,-1,-1,1,534,83.5,0,-1.0,2,0,0,639,359
2808,34239,34237902,11104,250,-1,-1,1,536,83.6,0,-1.0,2,0,0,639,359
2809,34250,34249015,11113,250,-1,-1,1,536,83.7,1,-1.0,2,0,0,639,359
2810,34261,34260129,11114,250,-1,-1,1,554,83.7,0,-1.0,2,0,0,639,359
2811,34272,34271237,11108,250,-1,-1,1,646,83.8,0,-1.0,2,0,0,639,359
2812,34283,34282344,11107,250,-1,-1,1,535,83.9,0,-1.0,2,0,0,639,359
2813,34294,34293458,11114,250,-1,-1,1,534,83.9,0,-1.0,2,0,0,639,359
2814,34305,34304560,11102,250,-1,-1,1,537,84.0,0,-1.0,2,0,0,639,359
2815,34316,34315670,11110,250,-1,-1,1,532,84.1,0,-1.0,2,0,0,639,359
2816,34328,34326779,11109,250,-1,-1,1,534,84.2,0,-1.0,2,0,0,639,359
2817,34342,34337890,11111,250,-1,-1,1,531,66.7,0,-1.0,2,0,0,639,359
2818,34350,34348994,11104,250,-1,-1,1,536,90.9,1,-1.0,2,0,0,639,359
2819,34361,34360113,11119,250,-1,-1,1,543,90.9,0,-1.0,2,0,0,639,359
2820,34372,34371220,11107,250,-1,-1,1,638,88.9,0,-1.0,2,0,0,639,359
2821,34383,34382328,11108,250,-1,-1,1,552,89.3,0,-1.0,2,0,0,639,359
2822,34394,34393436,11108,250,-1,-1,1,548,84.5,0,-1.0,0,0,0,639,359
2823,34405,34404546,11110,250,-1,-1,1,549,89.7,0,-1.0,0,0,0,639,359
2824,34416,34415652,11106,250,-1,-1,1,550,89.9,0,-1.0,0,0,0,639,359
2825,34428,34426764,11112,250,-1,-1,1,549,90.0,0,-1.0,0,0,0,639,359
2826,34439,34437875,11111,250,-1,-1,1,554,90.1,0,-1.0,0,0,0,639,359
2827,34450,34448986,11111,250,-1,-1,1,550,90.2,1,-1.0,0,0,0,639,359
2828,34461,34460095,11109,250,-1,-1,1,574,90.2,0,-1.0,0,0,0,639,359
2829,34472,34471204,11109,250,-1,-1,1,655,89.7,0,-1.0,0,0,0,639,359
2830,34483,34482310,11106,250,-1,-1,1,548,89.7,0,-1.0,0,0,0,639,359
2831,34494,34493421,11111,250,-1,-1,1,547,89.8,0,-1.0,0,0,0,639,359
2832,34505,34504527,11106,250,-1,-1,1,546,89.9,0,-1.0,0,0,0,639,359
2833,34517,34515642,11115,250,-1,-1,1,545,89.9,0,-1.0,0,0,0,639,359
2834,34528,34526744,11102,250,-1,-1,1,548,90.0,0,-1.0,0,0,0,639,359
2835,34539,34537858,11114,250,-1,-1,1,545,90.0,0,-1.0,0,0,0,639,359
2836,34550,34548965,11107,250,-1,-1,1,549,90.1,1,-1.0,0,0,0,639,359
2837,34561,34560084,11119,250,-1,-1,1,571,89.7,0,-1.0,0,0,0,639,359
2838,34572,34571186,11102,250,-1,-1,1,550,89.8,0,-1.0,0,0,0,639,359
2839,34583,34582299,11113,250,-1,-1,1,551,89.8,0,-1.0,0,0,0,639,359
2840,34595,34593404,11105,250,-1,-1,1,550,89.9,0,-1.0,0,0,0,639,359
2841,34606,34604515,11111,250,-1,-1,1,552,89.9,0,-1.0,0,0,0,639,359
2842,34616,34615621,11106,250,121,145,0,554,87.2,0,47.2,1,0,0,639,359
2843,34628,34626730,11109,250,127,144,0,555,90.0,0,47.0,1,0,0,639,359
2844,34639,34637837,11107,250,132,143,0,556,90.0,0,47.0,1,0,0,639,359
2845,34650,34648947,11110,250,136,143,0,557,89.8,1,47.0,1,0,0,639,359
2846,34661,34660058,11111,250,140,143,0,559,90.1,0,46.9,1,0,0,639,359
2847,34672,34671169,11111,250,144,143,0,658,89.9,0,46.8,1,0,0,639,359
2848,34683,34682275,11106,250,149,143,0,665,89.9,0,46.6,1,0,0,639,359
2849,34694,34693395,11120,250,154,143,0,556,89.9,0,46.6,1,0,0,639,359
2850,34705,34704493,11098,250,157,144,0,555,89.9,0,46.6,1,0,0,639,359
2851,34716,34715603,11110,250,161,144,0,559,90.0,0,46.5,1,0,0,639,359
2852,34728,34726710,11107,250,165,145,0,559,90.0,0,46.4,1,0,0,639,359
2853,34739,34737818,11108,250,168,144,0,556,90.0,0,46.4,1,0,0,639,359
2854,34750,34748931,11113,250,170,144,0,557,90.0,1,46.3,1,0,0,639,359
2855,34761,34760043,11112,250,170,144,0,560,90.1,0,46.3,1,0,0,639,359
2856,34772,34771154,11111,250,171,143,0,662,89.9,0,46.2,1,0,0,639,359
2857,34783,34782265,11111,250,172,143,0,665,89.9,0,46.2,1,0,0,639,359
2858,34794,34793493,11228,250,173,142,0,555,89.9,0,46.3,1,0,0,639,359
2859,34805,34804477,10984,250,174,142,0,555,90.0,0,46.3,1,0,0,639,359
2860,34816,34815586,11109,250,175,141,0,554,90.0,0,46.3,1,0,0,639,359
2861,34828,34826696,11110,250,176,141,0,561,90.0,0,46.2,1,0,0,639,359
2862,34839,34837807,11111,250,177,141,0,559,90.0,0,46.2,1,0,0,639,359
2863,34850,34848915,11108,250,179,141,0,557,90.0,1,46.2,1,0,0,639,359
2864,34861,34860028,11113,250,180,141,0,573,90.1,0,46.2,1,0,0,639,359
2865,34872,34871137,11109,250,182,140,0,633,89.9,0,46.1,1,0,0,639,359
2866,34883,34882244,11107,250,183,140,0,557,89.9,0,46.1,1,0,0,639,359
2867,34894,34893354,11110,250,184,139,0,557,89.9,0,46.1,1,0,0,639,359
2868,34905,34904458,11104,250,185,139,0,559,90.0,0,46.1,1,0,0,639,359
2869,34917,34915565,11107,250,186,138,0,555,90.0,0,46.1,1,0,0,639,359
2870,34927,34926679,11114,250,187,138,0,556,90.0,0,46.1,1,0,0,639,359
2871,34939,34937787,11108,250,188,137,0,556,90.0,0,46.0,1,0,0,639,359
2872,34950,34948895,11108,250,191,136,0,555,90.0,1,45.9,1,0,0,639,359
2873,34961,34960010,11115,250,194,134,0,572,89.9,0,45.9,1,0,0,639,359
2874,34972,34971119,11109,250,198,132,0,660,89.9,0,45.9,1,0,0,639,359
2875,34983,34982229,11110,250,-1,-1,1,553,89.9,0,-1.0,1,0,0,639,359
2876,34995,34993335,11106,250,-1,-1,1,549,90.0,0,-1.0,1,0,0,639,359
2877,35005,35004447,11112,250,-1,-1,1,556,89.4,0,-1.0,2,0,0,639,359
2878,35016,35015552,11105,250,-1,-1,1,554,90.0,0,-1.0,2,0,0,639,359
2879,35027,35026659,11107,250,-1,-1,1,552,90.0,0,-1.0,2,0,0,639,359
2880,35124,35037765,11106,250,-1,-1,1,554,80.4,0,-1.0,2,0,0,639,359
2881,35125,35115514,77749,250,-1,-1,1,531,81.6,1,-1.0,2,0,0,639,359
2882,35128,35126632,11118,250,-1,-1,1,537,82.4,0,-1.0,2,0,0,639,359
2883,35139,35137753,11121,250,-1,-1,1,536,82.6,0,-1.0,2,0,0,639,359
2884,35150,35148862,11109,250,-1,-1,1,539,82.7,0,-1.0,2,0,0,639,359
2885,35161,35159978,11116,250,-1,-1,1,534,82.8,0,-1.0,2,0,0,639,359
2886,35172,35171080,11102,250,-1,-1,1,637,82.8,0,-1.0,2,0,0,639,359
2887,35183,35182194,11114,250,-1,-1,1,534,82.9,0,-1.0,2,0,0,639,359
2888,35194,35193297,11103,250,-1,-1,1,535,83.0,0,-1.0,2,0,0,639,359
2889,35205,35204407,11110,250,-1,-1,1,536,83.1,0,-1.0,2,0,0,639,359
2890,35216,35215535,11128,250,-1,-1,1,534,83.2,1,-1.0,2,0,0,639,359
2891,35228,35226631,11096,250,-1,-1,1,554,83.3,0,-1.0,2,0,0,639,359
2892,35239,35237738,11107,250,-1,-1,1,641,83.4,0,-1.0,2,0,0,639,359
2893,35250,35248844,11106,250,361,175,0,542,82.5,0,2.0,1,0,0,639,359
2894,35261,35259959,11115,250,363,174,0,36,83.5,0,1.8,1,340,152,384,196
2895,35272,35271060,11101,250,363,174,0,34,83.7,0,1.8,1,346,155,382,191
2896,35283,35282164,11104,250,361,174,0,33,83.8,0,1.8,1,345,155,382,192
2897,35294,35293274,11110,250,356,173,0,34,83.9,0,1.8,1,343,156,379,192
2898,35305,35304380,11106,250,-1,-1,1,31,83.9,0,-1.0,1,336,154,371,189
2899,35316,35315494,11114,250,-1,-1,1,27,84.0,1,-1.0,1,332,151,372,191
2900,35327,35326614,11120,250,-1,-1,1,29,82.2,0,-1.0,2,329,150,370,191
2901,35374,35371129,44515,250,-1,-1,1,109,41.7,0,-1.0,2,269,96,412,239
2902,35383,35382155,11026,250,-1,-1,1,167,60.6,0,-1.0,2,248,76,429,257
2903,35394,35393259,11104,250,-1,-1,1,551,66.7,0,-1.0,2,0,0,639,359
2904,35405,35404373,11114,250,-1,-1,1,553,71.4,0,-1.0,2,0,0,639,359
2905,35416,35415480,11107,250,-1,-1,1,551,74.6,0,-1.0,2,0,0,639,359
2906,35427,35426596,11116,250,-1,-1,1,552,76.9,0,-1.0,2,0,0,639,359
2907,35439,35437701,11105,250,-1,-1,1,550,78.7,0,-1.0,2,0,0,639,359
2908,35450,35448813,11112,250,-1,-1,1,546,80.0,1,-1.0,2,0,0,639,359
2909,35461,35459922,11109,250,-1,-1,1,548,81.1,0,-1.0,2,0,0,639,359
2910,35472,35471032,11110,250,-1,-1,1,632,81.3,0,-1.0,2,0,0,639,359
2911,35483,35482139,11107,250,-1,-1,1,528,82.7,0,-1.0,2,0,0,639,359
2912,35494,35493252,11113,250,-1,-1,1,575,82.8,0,-1.0,2,0,0,639,359
2913,35505,35504355,11103,250,-1,-1,1,527,83.3,0,-1.0,2,0,0,639,359
2914,35516,35515465,11110,250,-1,-1,1,528,83.8,0,-1.0,2,0,0,639,359
2915,35527,35526570,11105,250,-1,-1,1,528,84.3,0,-1.0,2,0,0,639,359
2916,35539,35537683,11113,250,-1,-1,1,526,84.7,0,-1.0,2,0,0,639,359
2917,35550,35548792,11109,250,-1,-1,1,527,85.0,1,-1.0,2,0,0,639,359
2918,35561,35559909,11117,250,-1,-1,1,545,85.3,0,-1.0,2,0,0,639,359
2919,35572,35571014,11105,250,-1,-1,1,635,85.6,0,-1.0,2,0,0,639,359
2920,35583,35582127,11113,250,-1,-1,1,525,85.5,0,-1.0,2,0,0,639,359
2921,35595,35593234,11107,250,-1,-1,1,527,85.7,0,-1.0,2,0,0,639,359
2922,35605,35604340,11106,250,-1,-1,1,529,85.9,0,-1.0,2,0,0,639,359
2923,35616,35615445,11105,250,-1,-1,1,526,86.1,0,-1.0,2,0,0,639,359
2924,35627,35626558,11113,250,-1,-1,1,526,86.3,0,-1.0,2,0,0,639,359
2925,35638,35637666,11108,250,-1,-1,1,526,86.5,0,-1.0,2,0,0,639,359
2926,35650,35648776,11110,250,-1,-1,1,529,86.7,1,-1.0,2,0,0,639,359
2927,35661,35659885,11109,250,-1,-1,1,546,86.8,0,-1.0,2,0,0,639,359
2928,35672,35671000,11115,250,-1,-1,1,617,86.7,0,-1.0,2,0,0,639,359
2929,35683,35682109,11109,250,-1,-1,1,542,87.1,0,-1.0,2,0,0,639,359
2930,35694,35693217,11108,250,-1,-1,1,628,87.0,0,-1.0,2,0,0,639,359
2931,35705,35704323,11106,250,-1,-1,1,554,87.1,0,-1.0,2,0,0,639,359
2932,35716,35715430,11107,250,-1,-1,1,560,87.2,0,-1.0,2,0,0,639,359
2933,35727,35726540,11110,250,-1,-1,1,565,84.6,0,-1.0,0,0,0,639,359
2934,35740,35737655,11115,250,-1,-1,1,573,87.2,0,-1.0,0,0,0,639,359
2935,35750,35748760,11105,250,-1,-1,1,540,87.5,1,-1.0,0,0,0,639,359
2936,35761,35759874,11114,250,-1,-1,1,542,87.6,0,-1.0,0,0,0,639,359
2937,35772,35770980,11106,250,-1,-1,1,651,87.5,0,-1.0,0,0,0,639,359
2938,35783,35782089,11109,250,-1,-1,1,541,87.8,0,-1.0,0,0,0,639,359
2939,35795,35793200,11111,250,-1,-1,1,540,87.6,0,-1.0,0,0,0,639,359
2940,35805,35804309,11109,250,-1,-1,1,540,87.7,0,-1.0,0,0,0,639,359
2941,35816,35815416,11107,250,-1,-1,1,571,87.8,0,-1.0,0,0,0,639,359
2942,35827,35826527,11111,250,-1,-1,1,553,87.9,0,-1.0,0,0,0,639,359
2943,35838,35837631,11104,250,-1,-1,1,536,87.9,0,-1.0,0,0,0,639,359
2944,35850,35848742,11111,250,-1,-1,1,524,88.0,1,-1.0,0,0,0,639,359
2945,35861,35859856,11114,250,-1,-1,1,544,88.1,0,-1.0,0,0,0,639,359
2946,35872,35870965,11109,250,-1,-1,1,623,88.1,0,-1.0,0,0,0,639,359
2947,35883,35882075,11110,250,-1,-1,1,524,88.2,0,-1.0,0,0,0,639,359
2948,35894,35893181,11106,250,-1,-1,1,526,88.1,0,-1.0,0,0,0,639,359
2949,35905,35904291,11110,250,-1,-1,1,528,88.1,0,-1.0,0,0,0,639,359
2950,35916,35915398,11107,250,-1,-1,1,527,88.2,0,-1.0,0,0,0,639,359
2951,35927,35926503,11105,250,-1,-1,1,526,88.2,0,-1.0,0,0,0,639,359
2952,35939,35937615,11112,250,-1,-1,1,525,88.3,0,-1.0,0,0,0,639,359
2953,35950,35948726,11111,250,-1,-1,1,527,88.3,1,-1.0,0,0,0,639,359
2954,35961,35959840,11114,250,-1,-1,1,548,88.4,0,-1.0,0,0,0,639,359
2955,35972,35970947,11107,250,-1,-1,1,630,88.4,0,-1.0,0,0,0,639,359
2956,35983,35982056,11109,250,-1,-1,1,526,88.3,0,-1.0,0,0,0,639,359
2957,35994,35993165,11109,250,-1,-1,1,597,88.4,0,-1.0,0,0,0,639,359
2958,36005,36004273,11108,250,-1,-1,1,526,88.4,0,-1.0,0,0,0,639,359
2959,36016,36015378,11105,250,-1,-1,1,528,88.5,0,-1.0,0,0,0,639,359
2960,36028,36026490,11112,250,-1,-1,1,524,88.5,0,-1.0,0,0,0,639,359
2961,36038,36037598,11108,250,-1,-1,1,525,88.5,0,-1.0,0,0,0,639,359
2962,36050,36048706,11108,250,-1,-1,1,527,88.6,1,-1.0,0,0,0,639,359
2963,36061,36059822,11116,250,-1,-1,1,544,88.6,0,-1.0,0,0,0,639,359
2964,36072,36070933,11111,250,-1,-1,1,630,88.6,0,-1.0,0,0,0,639,359
2965,36083,36082041,11108,250,-1,-1,1,526,88.7,0,-1.0,0,0,0,639,359
2966,36094,36093149,11108,250,-1,-1,1,528,88.6,0,-1.0,0,0,0,639,359
2967,36105,36104254,11105,250,-1,-1,1,525,88.6,0,-1.0,0,0,0,639,359
2968,36116,36115367,11113,250,-1,-1,1,528,88.7,0,-1.0,0,0,0,639,359
2969,36127,36126472,11105,250,-1,-1,1,527,88.7,0,-1.0,0,0,0,639,359
2970,36190,36137579,11107,250,-1,-1,1,718,83.2,0,-1.0,0,0,0,639,359
2971,36191,36182005,44426,250,-1,-1,1,602,84.3,1,-1.0,0,0,0,639,359
2972,36194,36193132,11127,250,-1,-1,1,628,85.2,0,-1.0,0,0,0,639,359
2973,36205,36204240,11108,250,-1,-1,1,526,85.3,0,-1.0,0,0,0,639,359
2974,36218,36215347,11107,250,-1,-1,1,535,85.3,0,-1.0,0,0,0,639,359
2975,36227,36226458,11111,250,-1,-1,1,636,85.4,0,-1.0,0,0,0,639,359
2976,36238,36237565,11107,250,-1,-1,1,528,85.5,0,-1.0,0,0,0,639,359
2977,36250,36248676,11111,250,-1,-1,1,628,85.6,0,-1.0,0,0,0,639,359
2978,36261,36259783,11107,250,-1,-1,1,525,85.5,0,-1.0,0,0,0,639,359
2979,36272,36270894,11111,250,-1,-1,1,525,85.7,0,-1.0,0,0,0,639,359
2980,36283,36282001,11107,250,-1,-1,1,525,85.7,1,-1.0,0,0,0,639,359
2981,36294,36293115,11114,250,-1,-1,1,529,85.8,0,-1.0,0,0,0,639,359
2982,36305,36304222,11107,250,-1,-1,1,608,85.8,0,-1.0,0,0,0,639,359
2983,36316,36315338,11116,250,-1,-1,1,526,85.8,0,-1.0,0,0,0,639,359
2984,36327,36326439,11101,250,-1,-1,1,595,85.9,0,-1.0,0,0,0,639,359
2985,36338,36337549,11110,250,-1,-1,1,526,85.9,0,-1.0,0,0,0,639,359
2986,36349,36348656,11107,250,-1,-1,1,525,86.0,0,-1.0,0,0,0,639,359
2987,36364,36359768,11112,250,-1,-1,1,526,71.4,0,-1.0,0,0,0,639,359
2988,36372,36370875,11107,250,-1,-1,1,524,90.9,0,-1.0,0,0,0,639,359
2989,36383,36381983,11108,250,-1,-1,1,526,90.9,1,-1.0,0,0,0,639,359
2990,36394,36393095,11112,250,-1,-1,1,546,90.9,0,-1.0,0,0,0,639,359
2991,36405,36404209,11114,250,-1,-1,1,632,89.3,0,-1.0,0,0,0,639,359
2992,36416,36415313,11104,250,-1,-1,1,527,89.6,0,-1.0,0,0,0,639,359
2993,36428,36426423,11110,250,-1,-1,1,524,89.7,0,-1.0,0,0,0,639,359
2994,36438,36437530,11107,250,-1,-1,1,527,89.9,0,-1.0,0,0,0,639,359
2995,36450,36448641,11111,250,-1,-1,1,547,90.0,0,-1.0,0,0,0,639,359
2996,36461,36459749,11108,250,-1,-1,1,550,90.1,0,-1.0,0,0,0,639,359
2997,36472,36470862,11113,250,-1,-1,1,549,90.2,0,-1.0,0,0,0,639,359
2998,36483,36481968,11106,250,-1,-1,1,550,90.2,1,-1.0,0,0,0,639,359
2999,36494,36493084,11116,250,-1,-1,1,568,89.7,0,-1.0,0,0,0,639,359
3000,36505,36504191,11107,250,-1,-1,1,658,89.7,0,-1.0,0,0,0,639,359
3001,36516,36515296,11105,250,-1,-1,1,550,89.8,0,-1.0,0,0,0,639,359
3002,36527,36526405,11109,250,-1,-1,1,549,89.9,0,-1.0,0,0,0,639,359
3003,36539,36537517,11112,250,-1,-1,1,550,89.9,0,-1.0,0,0,0,639,359
3004,36549,36548618,11101,250,-1,-1,1,553,90.0,0,-1.0,0,0,0,639,359
3005,36561,36559734,11116,250,-1,-1,1,552,90.0,0,-1.0,0,0,0,639,359
3006,36572,36570840,11106,250,-1,-1,1,551,90.1,0,-1.0,0,0,0,639,359
3007,36583,36581951,11111,250,-1,-1,1,563,89.7,1,-1.0,0,0,0,639,359
3008,36594,36593061,11110,250,-1,-1,1,557,90.2,0,-1.0,0,0,0,639,359
3009,36605,36604173,11112,250,469,163,0,660,84.6,0,47.1,1,0,0,639,359
3010,36623,36615282,11109,250,462,164,0,1190,87.6,0,46.9,1,0,0,639,359
3011,36628,36626395,11113,250,458,164,0,660,89.9,0,46.9,1,0,0,639,359
3012,36638,36637505,11110,250,449,164,0,555,90.0,0,46.8,1,0,0,639,359
3013,36649,36648606,11101,250,443,164,0,557,90.0,0,46.6,1,0,0,639,359
3014,36660,36659712,11106,250,439,165,0,558,90.0,0,46.6,1,0,0,639,359
3015,36672,36670824,11112,250,437,166,0,557,90.1,0,46.6,1,0,0,639,359
3016,36683,36681935,11111,250,437,166,0,556,90.1,1,46.5,1,0,0,639,359
3017,36694,36693045,11110,250,437,165,0,566,90.1,0,46.4,1,0,0,639,359
3018,36705,36704152,11107,250,437,162,0,664,89.9,0,46.4,1,0,0,639,359
3019,36716,36715265,11113,250,437,159,0,555,89.9,0,46.4,1,0,0,639,359
3020,36728,36726370,11105,250,437,156,0,554,89.9,0,46.4,1,0,0,639,359
3021,36738,36737484,11114,250,436,154,0,557,90.0,0,46.4,1,0,0,639,359
3022,36749,36748587,11103,250,436,152,0,557,90.0,0,46.5,1,0,0,639,359
3023,36761,36759700,11113,250,435,152,0,560,90.0,0,46.5,1,0,0,639,359
3024,36772,36770808,11108,250,435,152,0,554,90.0,0,46.5,1,0,0,639,359
3025,36783,36781917,11109,250,435,152,0,555,90.1,1,46.5,1,0,0,639,359
3026,36794,36793030,11113,250,434,152,0,575,90.1,0,46.5,1,0,0,639,359
3027,36805,36804139,11109,250,434,151,0,664,89.9,0,46.5,1,0,0,639,359
3028,36816,36815245,11106,250,433,151,0,557,89.9,0,46.5,1,0,0,639,359
3029,36827,36826359,11114,250,433,150,0,558,90.0,0,46.5,1,0,0,639,359
3030,36838,36837461,11102,250,433,150,0,558,90.0,0,46.5,1,0,0,639,359
3031,36850,36848571,11110,250,433,149,0,558,90.0,0,46.4,1,0,0,639,359
3032,36860,36859680,11109,250,432,149,0,554,90.0,0,46.5,1,0,0,639,359
3033,36872,36870793,11113,250,432,148,0,561,90.0,0,46.5,1,0,0,639,359
3034,36883,36881900,11107,250,432,148,0,559,90.1,1,46.4,1,0,0,639,359
3035,36894,36893015,11115,250,432,147,0,582,89.9,0,46.5,1,0,0,639,359
3036,36905,36904121,11106,250,432,147,0,663,89.9,0,46.5,1,0,0,639,359
3037,36916,36915231,11110,250,431,146,0,557,89.9,0,46.5,1,0,0,639,359
3038,36928,36926340,11109,250,431,146,0,558,90.0,0,46.5,1,0,0,639,359
3039,36939,36937448,11108,250,431,146,0,556,90.0,0,46.5,1,0,0,639,359
3040,36949,36948553,11105,250,430,145,0,558,90.0,0,46.4,1,0,0,639,359
3041,36960,36959664,11111,250,429,144,0,555,90.0,0,46.3,1,0,0,639,359
3042,36972,36970772,11108,250,-1,-1,1,553,90.0,0,-1.0,1,0,0,639,359
3043,36983,36981883,11111,250,425,133,0,557,89.9,1,46.1,1,0,0,639,359
3044,36994,36992995,11112,250,422,127,0,559,90.1,0,46.2,1,0,0,639,359
3045,37005,37004107,11112,250,420,122,0,669,89.9,0,46.3,1,0,0,639,359
3046,37016,37015215,11108,250,419,119,0,558,90.0,0,46.4,1,0,0,639,359
3047,37028,37026325,11110,250,418,116,0,556,90.0,0,46.4,1,0,0,639,359
3048,37038,37037430,11105,250,418,115,0,556,90.0,0,46.4,1,0,0,639,359
3049,37049,37048541,11111,250,417,115,0,557,90.0,0,46.5,1,0,0,639,359
3050,37060,37059646,11105,250,417,115,0,559,90.0,0,46.5,1,0,0,639,359
3051,37072,37070757,11111,250,418,118,0,558,90.0,0,46.6,1,0,0,639,359
3052,37083,37081861,11104,250,418,121,0,561,90.0,1,46.7,1,0,0,639,359
3053,37094,37092979,11118,250,-1,-1,1,560,90.1,0,-1.0,1,0,0,639,359
3054,37105,37104087,11108,250,-1,-1,1,661,89.9,0,-1.0,1,0,0,639,359
3055,37116,37115195,11108,250,-1,-1,1,553,88.1,0,-1.0,2,0,0,639,359
3056,37133,37126303,11108,250,-1,-1,1,555,89.3,0,-1.0,2,0,0,639,359
3057,37138,37137418,11115,250,-1,-1,1,552,90.0,0,-1.0,2,0,0,639,359
3058,37149,37148518,11100,250,-1,-1,1,551,90.0,0,-1.0,2,0,0,639,359
3059,37161,37159631,11113,250,-1,-1,1,556,90.0,0,-1.0,2,0,0,639,359
3060,37201,37170737,11106,250,-1,-1,1,664,86.9,0,-1.0,2,0,0,639,359
3061,37202,37192941,22204,250,-1,-1,1,850,87.9,1,-1.0,2,0,0,639,359
3062,37206,37204066,11125,250,-1,-1,1,606,88.8,0,-1.0,2,0,0,639,359
3063,37216,37215177,11111,250,-1,-1,1,525,88.8,0,-1.0,2,0,0,639,359
3064,37227,37226284,11107,250,-1,-1,1,569,88.8,0,-1.0,2,0,0,639,359
3065,37238,37237396,11112,250,-1,-1,1,529,88.9,0,-1.0,2,0,0,639,359
3066,37250,37248505,11109,250,-1,-1,1,526,88.9,0,-1.0,2,0,0,639,359
3067,37260,37259615,11110,250,-1,-1,1,528,88.9,0,-1.0,2,0,0,639,359
3068,37272,37270731,11116,250,-1,-1,1,634,88.9,0,-1.0,2,0,0,639,359
3069,37283,37281831,11100,250,-1,-1,1,635,89.0,0,-1.0,2,0,0,639,359
3070,37294,37292948,11117,250,-1,-1,1,525,89.0,1,-1.0,2,0,0,639,359
3071,37305,37304055,11107,250,-1,-1,1,544,89.0,0,-1.0,2,0,0,639,359
3072,37316,37315163,11108,250,-1,-1,1,632,88.9,0,-1.0,2,0,0,639,359
3073,37327,37326268,11105,250,-1,-1,1,525,89.0,0,-1.0,2,0,0,639,359
3074,37338,37337382,11114,250,-1,-1,1,525,89.0,0,-1.0,2,0,0,639,359
3075,37349,37348486,11104,250,-1,-1,1,530,89.0,0,-1.0,2,0,0,639,359
3076,37364,37359597,11111,250,-1,-1,1,525,71.4,0,-1.0,2,0,0,639,359
3077,37372,37370701,11104,250,-1,-1,1,537,90.9,0,-1.0,2,0,0,639,359
3078,37383,37381814,11113,250,-1,-1,1,543,90.9,0,-1.0,2,0,0,639,359
3079,37394,37392920,11106,250,-1,-1,1,545,90.9,1,-1.0,2,0,0,639,359
3080,37405,37404038,11118,250,-1,-1,1,560,90.9,0,-1.0,2,0,0,639,359
3081,37416,37415142,11104,250,-1,-1,1,672,89.6,0,-1.0,2,0,0,639,359
3082,37428,37426252,11110,250,-1,-1,1,580,89.7,0,-1.0,2,0,0,639,359
3083,37438,37437367,11115,250,-1,-1,1,544,89.9,0,-1.0,2,0,0,639,359
3084,37449,37448471,11104,250,-1,-1,1,543,90.0,0,-1.0,2,0,0,639,359
3085,37460,37459575,11104,250,-1,-1,1,546,90.1,0,-1.0,2,0,0,639,359
3086,37472,37470687,11112,250,-1,-1,1,549,90.2,0,-1.0,2,0,0,639,359
3087,37483,37481799,11112,250,-1,-1,1,551,90.2,0,-1.0,2,0,0,639,359
3088,37494,37492909,11110,250,-1,-1,1,549,85.0,1,-1.0,0,0,0,639,359
3089,37505,37504016,11107,250,-1,-1,1,544,89.7,0,-1.0,0,0,0,639,359
3090,37516,37515130,11114,250,-1,-1,1,566,89.8,0,-1.0,0,0,0,639,359
3091,37527,37526237,11107,250,-1,-1,1,581,89.9,0,-1.0,0,0,0,639,359
3092,37538,37537348,11111,250,-1,-1,1,652,89.9,0,-1.0,0,0,0,639,359
3093,37549,37548456,11108,250,-1,-1,1,552,90.0,0,-1.0,0,0,0,639,359
3094,37561,37559557,11101,250,-1,-1,1,544,90.0,0,-1.0,0,0,0,639,359
3095,37571,37570667,11110,250,-1,-1,1,569,90.1,0,-1.0,0,0,0,639,359
3096,37583,37581782,11115,250,-1,-1,1,539,90.1,0,-1.0,0,0,0,639,359
3097,37594,37592888,11106,250,-1,-1,1,524,90.2,1,-1.0,0,0,0,639,359
3098,37605,37604005,11117,250,-1,-1,1,540,89.8,0,-1.0,0,0,0,639,359
3099,37616,37615110,11105,250,-1,-1,1,633,89.9,0,-1.0,0,0,0,639,359
3100,37627,37626219,11109,250,-1,-1,1,524,89.9,0,-1.0,0,0,0,639,359
3101,37638,37637330,11111,250,-1,-1,1,528,90.0,0,-1.0,0,0,0,639,359
3102,37650,37648436,11106,250,-1,-1,1,525,90.0,0,-1.0,0,0,0,639,359
3103,37660,37659545,11109,250,-1,-1,1,526,90.0,0,-1.0,0,0,0,639,359
3104,37671,37670654,11109,250,-1,-1,1,528,90.1,0,-1.0,0,0,0,639,359
3105,37683,37681760,11106,250,-1,-1,1,526,90.1,0,-1.0,0,0,0,639,359
3106,37694,37692871,11111,250,-1,-1,1,526,90.1,1,-1.0,0,0,0,639,359
3107,37705,37703983,11112,250,-1,-1,1,545,90.1,0,-1.0,0,0,0,639,359
3108,37716,37715094,11111,250,-1,-1,1,633,89.9,0,-1.0,0,0,0,639,359
3109,37727,37726200,11106,250,-1,-1,1,526,89.9,0,-1.0,0,0,0,639,359
3110,37739,37737311,11111,250,-1,-1,1,525,89.7,0,-1.0,0,0,0,639,359
3111,37749,37748419,11108,250,-1,-1,1,525,90.0,0,-1.0,0,0,0,639,359
3112,37760,37759529,11110,250,-1,-1,1,527,90.0,0,-1.0,0,0,0,639,359
3113,37771,37770633,11104,250,-1,-1,1,525,90.0,0,-1.0,0,0,0,639,359
3114,37783,37781741,11108,250,-1,-1,1,528,90.1,0,-1.0,0,0,0,639,359
3115,37794,37792854,11113,250,-1,-1,1,528,90.1,1,-1.0,0,0,0,639,359
3116,37805,37803970,11116,250,-1,-1,1,531,90.1,0,-1.0,0,0,0,639,359
3117,37816,37815075,11105,250,-1,-1,1,634,89.9,0,-1.0,0,0,0,639,359
3118,37827,37826185,11110,250,-1,-1,1,524,90.0,0,-1.0,0,0,0,639,359
3119,37839,37837293,11108,250,-1,-1,1,528,90.0,0,-1.0,0,0,0,639,359
3120,37849,37848400,11107,250,-1,-1,1,527,90.0,0,-1.0,0,0,0,639,359
3121,37860,37859508,11108,250,-1,-1,1,523,90.0,0,-1.0,0,0,0,639,359
3122,37872,37870617,11109,250,-1,-1,1,525,90.0,0,-1.0,0,0,0,639,359
3123,37883,37881726,11109,250,-1,-1,1,528,90.1,0,-1.0,0,0,0,639,359
3124,37894,37892837,11111,250,-1,-1,1,526,90.1,1,-1.0,0,0,0,639,359
3125,37905,37903950,11113,250,-1,-1,1,550,90.1,0,-1.0,0,0,0,639,359
3126,37916,37915060,11110,250,-1,-1,1,541,89.9,0,-1.0,0,0,0,639,359
3127,37928,37926167,11107,250,-1,-1,1,550,90.0,0,-1.0,0,0,0,639,359
3128,37938,37937277,11110,250,-1,-1,1,562,90.0,0,-1.0,0,0,0,639,359
3129,37949,37948384,11107,250,-1,-1,1,568,90.0,0,-1.0,0,0,0,639,359
3130,37961,37959495,11111,250,-1,-1,1,574,90.0,0,-1.0,0,0,0,639,359
3131,37971,37970602,11107,250,-1,-1,1,541,90.0,0,-1.0,0,0,0,639,359
3132,37983,37981713,11111,250,-1,-1,1,538,90.0,0,-1.0,0,0,0,639,359
3133,37994,37992820,11107,250,-1,-1,1,539,90.1,1,-1.0,0,0,0,639,359
3134,38005,38003936,11116,250,-1,-1,1,546,89.9,0,-1.0,0,0,0,639,359
3135,38016,38015042,11106,250,-1,-1,1,537,90.1,0,-1.0,0,0,0,639,359
3136,38027,38026152,11110,250,-1,-1,1,540,90.0,0,-1.0,0,0,0,639,359
3137,38038,38037259,11107,250,-1,-1,1,540,90.0,0,-1.0,0,0,0,639,359
3138,38049,38048367,11108,250,-1,-1,1,543,90.0,0,-1.0,0,0,0,639,359
3139,38060,38059478,11111,250,-1,-1,1,542,90.0,0,-1.0,0,0,0,639,359
3140,38071,38070584,11106,250,-1,-1,1,541,90.0,0,-1.0,0,0,0,639,359
3141,38082,38081693,11109,250,-1,-1,1,541,90.0,0,-1.0,0,0,0,639,359
3142,38094,38092802,11109,250,-1,-1,1,544,90.1,1,-1.0,0,0,0,639,359
3143,38105,38103914,11112,250,-1,-1,1,563,90.1,0,-1.0,0,0,0,639,359
3144,38116,38115027,11113,250,-1,-1,1,651,90.0,0,-1.0,0,0,0,639,359
3145,38127,38126129,11102,250,-1,-1,1,543,90.1,0,-1.0,0,0,0,639,359
3146,38138,38137243,11114,250,-1,-1,1,542,90.0,0,-1.0,0,0,0,639,359
3147,38149,38148350,11107,250,-1,-1,1,542,90.0,0,-1.0,0,0,0,639,359
3148,38160,38159457,11107,250,-1,-1,1,541,90.0,0,-1.0,0,0,0,639,359
3149,38171,38170562,11105,250,-1,-1,1,543,90.0,0,-1.0,0,0,0,639,359
3150,38220,38181683,11121,250,-1,-1,1,652,86.1,0,-1.0,0,0,0,639,359
3151,38221,38214991,33308,250,-1,-1,1,649,87.2,1,-1.0,0,0,0,639,359
3152,38227,38226137,11146,250,-1,-1,1,648,87.7,0,-1.0,0,0,0,639,359
3153,38238,38237225,11088,250,-1,-1,1,543,87.7,0,-1.0,0,0,0,639,359
3154,38249,38248334,11109,250,-1,-1,1,540,87.8,0,-1.0,0,0,0,639,359
3155,38260,38259440,11106,250,-1,-1,1,648,87.8,0,-1.0,0,0,0,639,359
3156,38272,38270551,11111,250,-1,-1,1,563,87.9,0,-1.0,0,0,0,639,359
3157,38282,38281664,11113,250,-1,-1,1,545,87.9,0,-1.0,0,0,0,639,359
3158,38294,38292772,11108,250,-1,-1,1,572,87.9,0,-1.0,0,0,0,639,359
3159,38305,38303880,11108,250,-1,-1,1,650,88.0,0,-1.0,0,0,0,639,359
3160,38316,38314987,11107,250,-1,-1,1,542,87.9,1,-1.0,0,0,0,639,359
3161,38327,38326101,11114,250,-1,-1,1,563,88.0,0,-1.0,0,0,0,639,359
3162,38338,38337211,11110,250,-1,-1,1,657,88.0,0,-1.0,0,0,0,639,359
3163,38349,38348318,11107,250,-1,-1,1,545,88.0,0,-1.0,0,0,0,639,359
3164,38369,38359434,11116,250,-1,-1,1,2118,45.5,0,-1.0,0,0,0,639,359
3165,38372,38370573,11139,250,-1,-1,1,541,90.9,0,-1.0,0,0,0,639,359
3166,38382,38381647,11074,250,-1,-1,1,547,90.9,0,-1.0,0,0,0,639,359
3167,38394,38392748,11101,250,-1,-1,1,555,90.9,0,-1.0,0,0,0,639,359
3168,38405,38403863,11115,250,-1,-1,1,553,90.9,0,-1.0,0,0,0,639,359
3169,38416,38414966,11103,250,-1,-1,1,553,90.9,1,-1.0,0,0,0,639,359
3170,38427,38426085,11119,250,-1,-1,1,560,90.9,0,-1.0,0,0,0,639,359
3171,38438,38437190,11105,250,-1,-1,1,658,89.9,0,-1.0,0,0,0,639,359
3172,38449,38448299,11109,250,-1,-1,1,543,90.0,0,-1.0,0,0,0,639,359
3173,38461,38459412,11113,250,-1,-1,1,543,90.1,0,-1.0,0,0,0,639,359
3174,38471,38470519,11107,250,-1,-1,1,528,90.2,0,-1.0,0,0,0,639,359
3175,38482,38481625,11106,250,-1,-1,1,526,90.2,0,-1.0,0,0,0,639,359
3176,38494,38492732,11107,250,-1,-1,1,525,90.3,0,-1.0,0,0,0,639,359
3177,38505,38503843,11111,250,-1,-1,1,526,90.3,0,-1.0,0,0,0,639,359
3178,38516,38514951,11108,250,-1,-1,1,525,90.4,1,-1.0,0,0,0,639,359
3179,38527,38526069,11118,250,-1,-1,1,547,90.4,0,-1.0,0,0,0,639,359
3180,38538,38537173,11104,250,-1,-1,1,631,89.9,0,-1.0,0,0,0,639,359
3181,38549,38548280,11107,250,-1,-1,1,528,90.0,0,-1.0,0,0,0,639,359
3182,38561,38559395,11115,250,-1,-1,1,525,90.0,0,-1.0,0,0,0,639,359
3183,38571,38570501,11106,250,-1,-1,1,527,90.1,0,-1.0,0,0,0,639,359
3184,38583,38581611,11110,250,-1,-1,1,527,90.1,0,-1.0,0,0,0,639,359
3185,38594,38592716,11105,250,-1,-1,1,525,90.2,0,-1.0,0,0,0,639,359
3186,38605,38603830,11114,250,-1,-1,1,526,90.2,0,-1.0,0,0,0,639,359
3187,38616,38614934,11104,250,-1,-1,1,525,90.2,1,-1.0,0,0,0,639,359
3188,38627,38626052,11118,250,-1,-1,1,546,89.9,0,-1.0,0,0,0,639,359
3189,38638,38637158,11106,250,-1,-1,1,658,90.0,0,-1.0,0,0,0,639,359
3190,38649,38648266,11108,250,-1,-1,1,575,90.0,0,-1.0,0,0,0,639,359
3191,38660,38659376,11110,250,-1,-1,1,552,90.0,0,-1.0,0,0,0,639,359
3192,38671,38670483,11107,250,-1,-1,1,558,90.1,0,-1.0,0,0,0,639,359
3193,38682,38681591,11108,250,-1,-1,1,555,90.1,0,-1.0,0,0,0,639,359
3194,38693,38692702,11111,250,-1,-1,1,549,90.1,0,-1.0,0,0,0,639,359
3195,38705,38703813,11111,250,-1,-1,1,551,90.1,0,-1.0,0,0,0,639,359
3196,38716,38714922,11109,250,-1,-1,1,553,89.9,1,-1.0,0,0,0,639,359
3197,38727,38726036,11114,250,-1,-1,1,570,90.2,0,-1.0,0,0,0,639,359
3198,38738,38737141,11105,250,-1,-1,1,548,90.0,0,-1.0,0,0,0,639,359
3199,38749,38748250,11109,250,-1,-1,1,550,90.0,0,-1.0,0,0,0,639,359
3200,38760,38759362,11112,250,-1,-1,1,552,90.0,0,-1.0,0,0,0,639,359
3201,38771,38770466,11104,250,-1,-1,1,550,90.0,0,-1.0,0,0,0,639,359
3202,38782,38781574,11108,250,-1,-1,1,549,90.1,0,-1.0,0,0,0,639,359
3203,38793,38792684,11110,250,-1,-1,1,551,90.1,0,-1.0,0,0,0,639,359
3204,38805,38803791,11107,250,360,121,0,556,88.0,0,45.3,1,0,0,639,359
3205,38817,38814903,11112,250,360,121,0,553,89.9,1,45.3,1,0,0,639,359
3206,38827,38826017,11114,250,359,121,0,562,90.1,0,45.2,1,0,0,639,359
3207,38838,38837119,11102,250,357,121,0,639,90.0,0,45.2,1,0,0,639,359
3208,38849,38848233,11114,250,356,121,0,659,90.0,0,45.1,1,0,0,639,359
3209,38860,38859342,11109,250,354,120,0,559,90.0,0,45.1,1,0,0,639,359
3210,38871,38870453,11111,250,352,119,0,555,90.0,0,45.1,1,0,0,639,359
3211,38882,38881560,11107,250,352,117,0,558,90.1,0,45.1,1,0,0,639,359
3212,38894,38892668,11108,250,351,116,0,559,90.1,0,45.1,1,0,0,639,359
3213,38905,38903780,11112,250,351,115,0,558,90.1,0,45.2,1,0,0,639,359
3214,38916,38914889,11109,250,351,114,0,556,90.1,1,45.2,1,0,0,639,359
3215,38927,38925999,11110,250,350,114,0,576,90.1,0,45.2,1,0,0,639,359
3216,38938,38937106,11107,250,350,113,0,556,90.0,0,45.3,1,0,0,639,359
3217,38950,38948217,11111,250,349,113,0,552,90.0,0,45.2,1,0,0,639,359
3218,38960,38959329,11112,250,348,113,0,582,90.0,0,45.2,1,0,0,639,359
3219,38971,38970433,11104,250,348,113,0,556,90.0,0,45.3,1,0,0,639,359
3220,38983,38981539,11106,250,348,113,0,558,90.0,0,45.3,1,0,0,639,359
3221,38993,38992648,11109,250,348,113,0,556,90.1,0,45.2,1,0,0,639,359
3222,39005,39003762,11114,250,347,112,0,576,90.1,0,45.2,1,0,0,639,359
3223,39016,39014867,11105,250,347,111,0,557,90.1,1,45.2,1,0,0,639,359
3224,39027,39025982,11115,250,347,111,0,581,90.0,0,45.2,1,0,0,639,359
3225,39038,39037090,11108,250,347,110,0,553,90.0,0,45.2,1,0,0,639,359
3226,39050,39048200,11110,250,347,109,0,555,90.0,0,45.2,1,0,0,639,359
3227,39060,39059309,11109,250,347,109,0,587,90.0,0,45.3,1,0,0,639,359
3228,39071,39070418,11109,250,347,109,0,556,90.0,0,45.3,1,0,0,639,359
3229,39082,39081523,11105,250,347,108,0,558,90.0,0,45.2,1,0,0,639,359
3230,39093,39092633,11110,250,347,108,0,559,90.1,0,45.2,1,0,0,639,359
3231,39105,39103742,11109,250,347,108,0,569,90.1,0,45.2,1,0,0,639,359
3232,39116,39114855,11113,250,347,108,0,555,90.1,1,45.2,1,0,0,639,359
3233,39127,39125965,11110,250,347,108,0,557,90.1,0,45.2,1,0,0,639,359
3234,39138,39137073,11108,250,346,108,0,555,90.0,0,45.3,1,0,0,639,359
3235,39149,39148181,11108,250,346,108,0,557,90.0,0,45.3,1,0,0,639,359
3236,39160,39159296,11115,250,345,108,0,662,90.0,0,45.3,1,0,0,639,359
3237,39171,39170400,11104,250,344,108,0,555,90.0,0,45.3,1,0,0,639,359
3238,39182,39181509,11109,250,343,108,0,556,90.0,0,45.3,1,0,0,639,359
3239,39193,39192613,11104,250,342,108,0,557,90.0,0,45.2,1,0,0,639,359
3240,39249,39203725,11112,250,342,108,0,665,85.6,0,45.3,1,0,0,639,359
3241,39250,39248143,44418,250,-1,-1,1,624,86.6,1,-1.0,1,0,0,639,359
3242,39260,39259273,11130,250,348,114,0,557,86.7,0,45.4,1,0,0,639,359
3243,39271,39270377,11104,250,-1,-1,1,562,86.8,0,-1.0,1,0,0,639,359
3244,39282,39281489,11112,250,-1,-1,1,552,86.8,0,-1.0,1,0,0,639,359
3245,39294,39292601,11112,250,-1,-1,1,548,84.2,0,-1.0,2,0,0,639,359
3246,39324,39314814,22213,250,-1,-1,1,556,85.1,0,-1.0,2,0,0,639,359
3247,39327,39325917,11103,250,-1,-1,1,553,85.9,0,-1.0,2,0,0,639,359
3248,39338,39337041,11124,250,-1,-1,1,557,85.9,0,-1.0,2,0,0,639,359
3249,39349,39348144,11103,250,-1,-1,1,544,86.1,0,-1.0,2,0,0,639,359
3250,39364,39359258,11114,250,-1,-1,1,527,71.4,1,-1.0,2,0,0,639,359
3251,39371,39370367,11109,250,-1,-1,1,541,90.9,0,-1.0,2,0,0,639,359
3252,39382,39381475,11108,250,-1,-1,1,633,90.9,0,-1.0,2,0,0,639,359
3253,39393,39392579,11104,250,-1,-1,1,535,90.9,0,-1.0,2,0,0,639,359
3254,39405,39403693,11114,250,-1,-1,1,538,90.9,0,-1.0,2,0,0,639,359
3255,39416,39414802,11109,250,-1,-1,1,534,90.9,0,-1.0,2,0,0,639,359
3256,39427,39425909,11107,250,-1,-1,1,536,90.9,0,-1.0,2,0,0,639,359
3257,39438,39437017,11108,250,-1,-1,1,534,90.9,0,-1.0,2,0,0,639,359
3258,39449,39448125,11108,250,-1,-1,1,534,90.9,0,-1.0,2,0,0,639,359
3259,39460,39459237,11112,250,-1,-1,1,535,90.1,1,-1.0,2,0,0,639,359
3260,39471,39470349,11112,250,-1,-1,1,541,90.2,0,-1.0,2,0,0,639,359
3261,39483,39481457,11108,250,-1,-1,1,535,90.2,0,-1.0,2,0,0,639,359
3262,39494,39492568,11111,250,-1,-1,1,535,90.3,0,-1.0,2,0,0,639,359
3263,39505,39503674,11106,250,-1,-1,1,600,90.3,0,-1.0,2,0,0,639,359
3264,39516,39514785,11111,250,-1,-1,1,535,90.4,0,-1.0,2,0,0,639,359
3265,39527,39525891,11106,250,-1,-1,1,534,90.4,0,-1.0,2,0,0,639,359
3266,39538,39537001,11110,250,-1,-1,1,536,90.4,0,-1.0,2,0,0,639,359
3267,39549,39548108,11107,250,-1,-1,1,534,90.5,0,-1.0,2,0,0,639,359
3268,39560,39559218,11110,250,-1,-1,1,539,90.0,1,-1.0,2,0,0,639,359
3269,39571,39570332,11114,250,-1,-1,1,556,90.1,0,-1.0,2,0,0,639,359
3270,39583,39581442,11110,250,-1,-1,1,537,90.1,0,-1.0,2,0,0,639,359
3271,39594,39592552,11110,250,-1,-1,1,534,90.2,0,-1.0,2,0,0,639,359
3272,39605,39603661,11109,250,-1,-1,1,562,90.2,0,-1.0,2,0,0,639,359
3273,39616,39614767,11106,250,-1,-1,1,537,90.2,0,-1.0,2,0,0,639,359
3274,39627,39625874,11107,250,-1,-1,1,535,90.3,0,-1.0,2,0,0,639,359
3275,39638,39636985,11111,250,-1,-1,1,533,90.3,0,-1.0,2,0,0,639,359
3276,39649,39648093,11108,250,-1,-1,1,532,90.0,0,-1.0,2,0,0,639,359
3277,39660,39659201,11108,250,-1,-1,1,527,90.0,1,-1.0,2,0,0,639,359
3278,39671,39670318,11117,250,-1,-1,1,583,82.6,0,-1.0,0,0,0,639,359
3279,39702,39692528,22210,250,-1,-1,1,550,85.2,0,-1.0,0,0,0,639,359
3280,39704,39703634,11106,250,-1,-1,1,654,87.3,0,-1.0,0,0,0,639,359
3281,39716,39714752,11118,250,-1,-1,1,549,87.4,0,-1.0,0,0,0,639,359
3282,39727,39725854,11102,250,-1,-1,1,552,87.5,0,-1.0,0,0,0,639,359
3283,39738,39736965,11111,250,-1,-1,1,552,87.4,0,-1.0,0,0,0,639,359
3284,39749,39748072,11107,250,-1,-1,1,554,87.7,0,-1.0,0,0,0,639,359
3285,39760,39759184,11112,250,-1,-1,1,554,87.6,0,-1.0,0,0,0,639,359
3286,39771,39770292,11108,250,-1,-1,1,550,87.7,1,-1.0,0,0,0,639,359
3287,39782,39781408,11116,250,-1,-1,1,571,87.8,0,-1.0,0,0,0,639,359
3288,39794,39792515,11107,250,-1,-1,1,544,87.8,0,-1.0,0,0,0,639,359
3289,39805,39803627,11112,250,-1,-1,1,545,87.7,0,-1.0,0,0,0,639,359
3290,39816,39814737,11110,250,-1,-1,1,611,88.0,0,-1.0,0,0,0,639,359
3291,39827,39825844,11107,250,-1,-1,1,550,88.1,0,-1.0,0,0,0,639,359
3292,39838,39836951,11107,250,-1,-1,1,551,88.1,0,-1.0,0,0,0,639,359
3293,39849,39848058,11107,250,-1,-1,1,557,88.2,0,-1.0,0,0,0,639,359
3294,39860,39859167,11109,250,-1,-1,1,552,88.1,0,-1.0,0,0,0,639,359
3295,39871,39870279,11112,250,-1,-1,1,556,88.1,1,-1.0,0,0,0,639,359
3296,39882,39881392,11113,250,-1,-1,1,557,88.2,0,-1.0,0,0,0,639,359
3297,39894,39892502,11110,250,-1,-1,1,546,88.2,0,-1.0,0,0,0,639,359
3298,39905,39903610,11108,250,142,103,0,556,86.0,0,46.9,1,0,0,639,359
3299,39920,39914722,11112,250,148,101,0,557,87.7,0,46.9,1,0,0,639,359
3300,39927,39925826,11104,250,152,101,0,559,88.4,0,46.9,1,0,0,639,359
3301,39938,39936938,11112,250,160,102,0,559,88.4,0,46.8,1,0,0,639,359
3302,39949,39948043,11105,250,166,103,0,557,88.5,0,46.6,1,0,0,639,359
3303,39960,39959153,11110,250,172,104,0,559,88.4,0,46.5,1,0,0,639,359
3304,39971,39970263,11110,250,178,105,0,555,88.4,1,46.4,1,0,0,639,359
3305,39982,39981374,11111,250,183,106,0,575,88.5,0,46.4,1,0,0,639,359
3306,39994,39992481,11107,250,188,107,0,555,88.5,0,46.2,1,0,0,639,359
3307,40005,40003593,11112,250,193,108,0,555,88.4,0,46.2,1,0,0,639,359
3308,40016,40014702,11109,250,198,108,0,639,88.6,0,46.1,1,0,0,639,359
3309,40027,40025808,11106,250,202,108,0,558,88.6,0,46.1,1,0,0,639,359
3310,40038,40036915,11107,250,205,108,0,557,88.7,0,46.0,1,0,0,639,359
3311,40049,40048027,11112,250,208,107,0,558,88.6,0,45.9,1,0,0,639,359
3312,40060,40059242,11215,250,210,106,0,558,88.6,0,46.0,1,0,0,639,359
3313,40071,40070246,11004,250,211,105,0,556,88.6,1,45.9,1,0,0,639,359
3314,40082,40081355,11109,250,212,105,0,579,88.7,0,46.0,1,0,0,639,359
3315,40094,40092470,11115,250,213,105,0,555,88.7,0,46.0,1,0,0,639,359
3316,40105,40103576,11106,250,215,106,0,556,88.6,0,45.9,1,0,0,639,359
3317,40116,40114684,11108,250,216,105,0,589,88.8,0,45.9,1,0,0,639,359
3318,40127,40125792,11108,250,218,105,0,556,88.8,0,45.9,1,0,0,639,359
3319,40138,40136899,11107,250,219,105,0,558,88.8,0,45.8,1,0,0,639,359
3320,40149,40148007,11108,250,220,105,0,559,88.9,0,45.8,1,0,0,639,359
3321,40160,40159116,11109,250,221,105,0,559,88.9,0,45.9,1,0,0,639,359
3322,40171,40170225,11109,250,221,105,0,560,88.8,1,45.9,1,0,0,639,359
3323,40182,40181342,11117,250,221,106,0,578,88.8,0,45.9,1,0,0,639,359
3324,40194,40192449,11107,250,220,108,0,555,88.9,0,46.0,1,0,0,639,359
3325,40205,40203563,11114,250,220,110,0,557,88.9,0,46.0,1,0,0,639,359
3326,40215,40214665,11102,250,218,113,0,583,88.9,0,46.0,1,0,0,639,359
3327,40228,40225773,11108,250,216,116,0,552,88.8,0,46.0,1,0,0,639,359
3328,40238,40236881,11108,250,212,120,0,556,89.0,0,46.1,1,0,0,639,359
3329,40249,40247993,11112,250,-1,-1,1,556,89.0,0,-1.0,1,0,0,639,359
3330,40312,40259099,11106,250,199,132,0,773,84.2,0,46.2,1,0,0,639,359
3331,40313,40303520,44421,250,-1,-1,1,627,85.2,1,-1.0,1,0,0,639,359
3332,40316,40314644,11124,250,-1,-1,1,636,85.9,0,-1.0,1,0,0,639,359
3333,40327,40325758,11114,250,-1,-1,1,553,83.7,0,-1.0,2,0,0,639,359
3334,40402,40392404,66646,250,-1,-1,1,634,20.8,0,-1.0,2,0,0,639,359
3335,40405,40403512,11108,250,-1,-1,1,650,39.2,0,-1.0,2,0,0,639,359
3336,40415,40414634,11122,250,-1,-1,1,552,48.4,0,-1.0,2,0,0,639,359
3337,40427,40425741,11107,250,-1,-1,1,550,54.8,0,-1.0,2,0,0,639,359
3338,40438,40436847,11106,250,-1,-1,1,546,59.5,0,-1.0,2,0,0,639,359
3339,40449,40447959,11112,250,-1,-1,1,544,62.5,0,-1.0,2,0,0,639,359
3340,40460,40459066,11107,250,-1,-1,1,548,66.0,1,-1.0,2,0,0,639,359
3341,40471,40470182,11116,250,-1,-1,1,549,67.8,0,-1.0,2,0,0,639,359
3342,40482,40481287,11105,250,-1,-1,1,546,69.8,0,-1.0,2,0,0,639,359
3343,40494,40492398,11111,250,-1,-1,1,547,70.9,0,-1.0,2,0,0,639,359
3344,40504,40503505,11107,250,-1,-1,1,614,72.8,0,-1.0,2,0,0,639,359
3345,40515,40514614,11109,250,-1,-1,1,547,74.1,0,-1.0,2,0,0,639,359
3346,40527,40525722,11108,250,-1,-1,1,550,75.1,0,-1.0,2,0,0,639,359
3347,40538,40536832,11110,250,-1,-1,1,550,76.1,0,-1.0,2,0,0,639,359
3348,40549,40547934,11102,250,80,302,0,557,73.5,0,47.7,1,0,0,639,359
3349,40560,40559187,11253,250,-1,-1,1,555,77.3,1,-1.0,1,0,0,639,359
3350,40571,40570161,10974,250,-1,-1,1,569,78.0,0,-1.0,1,0,0,639,359
3351,40582,40581274,11113,250,-1,-1,1,657,74.1,0,-1.0,2,0,0,639,359
3352,40597,40592375,11101,250,-1,-1,1,634,78.2,0,-1.0,2,0,0,639,359
3353,40604,40603494,11119,250,-1,-1,1,553,79.7,0,-1.0,2,0,0,639,359
3354,40615,40614595,11101,250,-1,-1,1,556,80.2,0,-1.0,2,0,0,639,359
3355,40627,40625707,11112,250,-1,-1,1,551,80.6,0,-1.0,2,0,0,639,359
3356,40638,40636814,11107,250,-1,-1,1,549,81.0,0,-1.0,2,0,0,639,359
3357,40649,40647923,11109,250,-1,-1,1,548,81.4,0,-1.0,2,0,0,639,359
3358,40660,40659032,11109,250,-1,-1,1,547,81.7,1,-1.0,2,0,0,639,359
3359,40671,40670146,11114,250,-1,-1,1,565,81.8,0,-1.0,2,0,0,639,359
3360,40682,40681256,11110,250,-1,-1,1,572,82.1,0,-1.0,2,0,0,639,359
3361,40693,40692365,11109,250,-1,-1,1,550,82.4,0,-1.0,2,0,0,639,359
3362,40704,40703471,11106,250,-1,-1,1,657,82.6,0,-1.0,2,0,0,639,359
3363,40716,40714582,11111,250,-1,-1,1,551,82.9,0,-1.0,2,0,0,639,359
3364,40726,40725681,11099,250,-1,-1,1,551,83.1,0,-1.0,2,0,0,639,359
3365,40738,40736796,11115,250,-1,-1,1,550,83.3,0,-1.0,2,0,0,639,359
3366,40749,40747901,11105,250,-1,-1,1,546,83.5,0,-1.0,2,0,0,639,359
3367,40760,40759017,11116,250,-1,-1,1,542,83.5,1,-1.0,2,0,0,639,359
3368,40771,40770130,11113,250,-1,-1,1,599,83.7,0,-1.0,2,0,0,639,359
3369,40782,40781237,11107,250,-1,-1,1,593,83.9,0,-1.0,2,0,0,639,359
3370,40793,40792345,11108,250,-1,-1,1,570,84.1,0,-1.0,2,0,0,639,359
3371,40805,40803457,11112,250,-1,-1,1,672,84.3,0,-1.0,2,0,0,639,359
3372,40815,40814558,11101,250,-1,-1,1,541,84.4,0,-1.0,2,0,0,639,359
3373,40826,40825671,11113,250,-1,-1,1,575,84.6,0,-1.0,2,0,0,639,359
3374,40838,40836778,11107,250,-1,-1,1,542,84.7,0,-1.0,2,0,0,639,359
3375,40849,40847890,11112,250,-1,-1,1,541,84.7,0,-1.0,2,0,0,639,359
3376,40860,40858998,11108,250,-1,-1,1,541,85.0,1,-1.0,2,0,0,639,359
3377,40871,40870115,11117,250,-1,-1,1,546,85.1,0,-1.0,2,0,0,639,359
3378,40882,40881219,11104,250,-1,-1,1,543,85.1,0,-1.0,2,0,0,639,359
3379,40893,40892329,11110,250,-1,-1,1,540,85.2,0,-1.0,2,0,0,639,359
3380,40904,40903437,11108,250,-1,-1,1,646,85.3,0,-1.0,2,0,0,639,359
3381,40915,40914546,11109,250,-1,-1,1,542,85.4,0,-1.0,2,0,0,639,359
3382,40926,40925650,11104,250,-1,-1,1,543,85.5,0,-1.0,2,0,0,639,359
3383,40938,40936763,11113,250,-1,-1,1,542,85.6,0,-1.0,2,0,0,639,359
3384,40949,40947873,11110,250,-1,-1,1,542,84.2,0,-1.0,0,0,0,639,359
3385,40960,40958978,11105,250,-1,-1,1,544,85.7,1,-1.0,0,0,0,639,359
3386,40971,40970095,11117,250,-1,-1,1,564,85.9,0,-1.0,0,0,0,639,359
3387,40982,40981202,11107,250,-1,-1,1,654,85.9,0,-1.0,0,0,0,639,359
3388,40993,40992306,11104,250,-1,-1,1,655,85.9,0,-1.0,0,0,0,639,359
3389,41004,41003536,11230,250,-1,-1,1,553,86.0,0,-1.0,0,0,0,639,359
3390,41015,41014524,10988,250,-1,-1,1,544,86.1,0,-1.0,0,0,0,639,359
3391,41027,41025635,11111,250,-1,-1,1,547,86.2,0,-1.0,0,0,0,639,359
3392,41038,41036743,11108,250,-1,-1,1,544,86.3,0,-1.0,0,0,0,639,359
3393,41049,41047857,11114,250,-1,-1,1,545,86.3,0,-1.0,0,0,0,639,359
3394,41060,41058964,11107,250,-1,-1,1,546,86.4,1,-1.0,0,0,0,639,359
3395,41071,41070077,11113,250,-1,-1,1,563,86.4,0,-1.0,0,0,0,639,359
3396,41082,41081186,11109,250,-1,-1,1,573,86.4,0,-1.0,0,0,0,639,359
3397,41093,41092296,11110,250,-1,-1,1,549,86.5,0,-1.0,0,0,0,639,359
3398,41104,41103406,11110,250,-1,-1,1,648,86.6,0,-1.0,0,0,0,639,359
3399,41116,41114512,11106,250,-1,-1,1,548,86.6,0,-1.0,0,0,0,639,359
3400,41126,41125615,11103,250,-1,-1,1,547,86.7,0,-1.0,0,0,0,639,359
3401,41138,41136730,11115,250,-1,-1,1,554,86.7,0,-1.0,0,0,0,639,359
3402,41149,41147837,11107,250,-1,-1,1,549,86.8,0,-1.0,0,0,0,639,359
3403,41160,41158954,11117,250,-1,-1,1,551,86.7,1,-1.0,0,0,0,639,359
3404,41171,41170059,11105,250,-1,-1,1,576,86.9,0,-1.0,0,0,0,639,359
3405,41183,41181169,11110,250,-1,-1,1,550,86.9,0,-1.0,0,0,0,639,359
3406,41193,41192277,11108,250,-1,-1,1,552,86.9,0,-1.0,0,0,0,639,359
3407,41204,41203388,11111,250,-1,-1,1,653,87.0,0,-1.0,0,0,0,639,359
3408,41215,41214493,11105,250,-1,-1,1,551,87.0,0,-1.0,0,0,0,639,359
3409,41226,41225605,11112,250,-1,-1,1,572,87.1,0,-1.0,0,0,0,639,359
3410,41238,41236707,11102,250,-1,-1,1,548,87.1,0,-1.0,0,0,0,639,359
3411,41249,41247818,11111,250,-1,-1,1,551,87.2,0,-1.0,0,0,0,639,359
3412,41260,41258928,11110,250,-1,-1,1,544,87.2,1,-1.0,0,0,0,639,359
3413,41271,41270044,11116,250,-1,-1,1,553,87.2,0,-1.0,0,0,0,639,359
3414,41283,41281159,11115,250,-1,-1,1,533,87.2,0,-1.0,0,0,0,639,359
3415,41293,41292263,11104,250,-1,-1,1,536,87.2,0,-1.0,0,0,0,639,359
3416,41304,41303370,11107,250,-1,-1,1,637,87.3,0,-1.0,0,0,0,639,359
3417,41315,41314478,11108,250,-1,-1,1,538,87.3,0,-1.0,0,0,0,639,359
3418,41326,41325584,11106,250,-1,-1,1,533,87.4,0,-1.0,0,0,0,639,359
3419,41338,41336694,11110,250,-1,-1,1,535,87.4,0,-1.0,0,0,0,639,359
3420,41406,41347801,11107,250,-1,-1,1,619,82.6,0,-1.0,0,0,0,639,359
3421,41464,41458889,111088,250,-1,-1,1,534,17.5,1,-1.0,0,0,0,639,359
3422,41471,41470009,11120,250,-1,-1,1,587,30.8,0,-1.0,0,0,0,639,359
3423,41482,41481117,11108,250,-1,-1,1,575,39.5,0,-1.0,0,0,0,639,359
3424,41493,41492229,11112,250,-1,-1,1,636,46.0,0,-1.0,0,0,0,639,359
3425,41504,41503338,11109,250,-1,-1,1,629,51.0,0,-1.0,0,0,0,639,359
3426,41515,41514444,11106,250,-1,-1,1,534,55.0,0,-1.0,0,0,0,639,359
3427,41526,41525547,11103,250,-1,-1,1,535,58.3,0,-1.0,0,0,0,639,359
3428,41537,41536659,11112,250,-1,-1,1,569,61.1,0,-1.0,0,0,0,639,359
3429,41549,41547770,11111,250,-1,-1,1,537,63.4,0,-1.0,0,0,0,639,359
3430,41560,41558883,11113,250,-1,-1,1,536,65.4,1,-1.0,0,0,0,639,359
3431,41571,41569991,11108,250,-1,-1,1,556,67.1,0,-1.0,0,0,0,639,359
3432,41582,41581099,11108,250,-1,-1,1,554,68.6,0,-1.0,0,0,0,639,359
3433,41593,41592215,11116,250,-1,-1,1,533,69.5,0,-1.0,0,0,0,639,359
3434,41604,41603320,11105,250,-1,-1,1,650,70.7,0,-1.0,0,0,0,639,359
3435,41615,41614424,11104,250,-1,-1,1,554,71.8,0,-1.0,0,0,0,639,359
3436,41626,41625532,11108,250,-1,-1,1,550,72.7,0,-1.0,0,0,0,639,359
3437,41637,41636640,11108,250,-1,-1,1,572,73.6,0,-1.0,0,0,0,639,359
3438,41649,41647755,11115,250,-1,-1,1,542,74.4,0,-1.0,0,0,0,639,359
3439,41660,41658862,11107,250,-1,-1,1,560,75.1,1,-1.0,0,0,0,639,359
3440,41671,41669973,11111,250,-1,-1,1,548,75.8,0,-1.0,0,0,0,639,359
3441,41682,41681082,11109,250,-1,-1,1,541,76.4,0,-1.0,0,0,0,639,359
3442,41693,41692192,11110,250,-1,-1,1,525,76.7,0,-1.0,0,0,0,639,359
3443,41704,41703300,11108,250,-1,-1,1,632,77.2,0,-1.0,0,0,0,639,359
3444,41715,41714406,11106,250,-1,-1,1,524,77.7,0,-1.0,0,0,0,639,359
3445,41726,41725513,11107,250,-1,-1,1,527,78.1,0,-1.0,0,0,0,639,359
3446,41738,41736621,11108,250,-1,-1,1,525,78.5,0,-1.0,0,0,0,639,359
3447,41749,41747735,11114,250,-1,-1,1,535,78.9,0,-1.0,0,0,0,639,359
3448,41760,41758843,11108,250,-1,-1,1,536,79.3,1,-1.0,0,0,0,639,359
3449,41771,41769956,11113,250,-1,-1,1,559,79.7,0,-1.0,0,0,0,639,359
3450,41782,41781070,11114,250,-1,-1,1,552,79.8,0,-1.0,0,0,0,639,359
3451,41793,41792173,11103,250,-1,-1,1,540,80.1,0,-1.0,0,0,0,639,359
3452,41804,41803286,11113,250,-1,-1,1,645,80.4,0,-1.0,0,0,0,639,359
3453,41815,41814390,11104,250,-1,-1,1,539,80.7,0,-1.0,0,0,0,639,359
3454,41827,41825500,11110,250,-1,-1,1,540,81.0,0,-1.0,0,0,0,639,359
3455,41837,41836607,11107,250,-1,-1,1,541,81.2,0,-1.0,0,0,0,639,359
3456,41849,41847720,11113,250,-1,-1,1,540,81.4,0,-1.0,0,0,0,639,359
3457,41860,41858828,11108,250,-1,-1,1,537,81.7,1,-1.0,0,0,0,639,359
3458,41871,41869946,11118,250,-1,-1,1,562,81.7,0,-1.0,0,0,0,639,359
3459,41882,41881051,11105,250,-1,-1,1,558,82.1,0,-1.0,0,0,0,639,359
3460,41893,41892159,11108,250,-1,-1,1,537,82.1,0,-1.0,0,0,0,639,359
3461,41904,41903270,11111,250,-1,-1,1,639,82.3,0,-1.0,0,0,0,639,359
3462,41915,41914376,11106,250,-1,-1,1,537,82.5,0,-1.0,0,0,0,639,359
3463,41926,41925480,11104,250,-1,-1,1,536,82.7,0,-1.0,0,0,0,639,359
3464,41937,41936594,11114,250,-1,-1,1,539,82.9,0,-1.0,0,0,0,639,359
3465,41948,41947700,11106,250,-1,-1,1,534,83.0,0,-1.0,0,0,0,639,359
3466,41960,41958809,11109,250,-1,-1,1,535,83.2,1,-1.0,0,0,0,639,359
3467,41971,41969924,11115,250,-1,-1,1,535,83.3,0,-1.0,0,0,0,639,359
3468,41982,41981030,11106,250,-1,-1,1,539,83.5,0,-1.0,0,0,0,639,359
3469,41993,41992140,11110,250,-1,-1,1,536,83.6,0,-1.0,0,0,0,639,359
3470,42004,42003251,11111,250,-1,-1,1,642,83.6,0,-1.0,0,0,0,639,359
3471,42015,42014399,11148,250,-1,-1,1,537,83.7,0,-1.0,0,0,0,639,359
3472,42026,42025468,11069,250,-1,-1,1,535,83.9,0,-1.0,0,0,0,639,359
3473,42037,42036575,11107,250,-1,-1,1,535,84.0,0,-1.0,0,0,0,639,359
3474,42049,42047686,11111,250,-1,-1,1,538,84.1,0,-1.0,0,0,0,639,359
3475,42060,42058795,11109,250,-1,-1,1,535,84.2,1,-1.0,0,0,0,639,359
3476,42071,42069908,11113,250,-1,-1,1,559,84.3,0,-1.0,0,0,0,639,359
3477,42082,42081015,11107,250,-1,-1,1,553,84.4,0,-1.0,0,0,0,639,359
3478,42093,42092125,11110,250,-1,-1,1,641,84.4,0,-1.0,0,0,0,639,359
3479,42104,42103234,11109,250,-1,-1,1,604,84.5,0,-1.0,0,0,0,639,359
3480,42115,42114342,11108,250,-1,-1,1,528,84.6,0,-1.0,0,0,0,639,359
3481,42126,42125448,11106,250,-1,-1,1,526,84.7,0,-1.0,0,0,0,639,359
3482,42138,42136557,11109,250,-1,-1,1,527,84.8,0,-1.0,0,0,0,639,359
3483,42148,42147667,11110,250,-1,-1,1,526,84.9,0,-1.0,0,0,0,639,359
3484,42160,42158776,11109,250,-1,-1,1,527,85.0,1,-1.0,0,0,0,639,359
3485,42171,42169890,11114,250,-1,-1,1,544,85.1,0,-1.0,0,0,0,639,359
3486,42182,42180999,11109,250,-1,-1,1,546,85.1,0,-1.0,0,0,0,639,359
3487,42193,42192107,11108,250,-1,-1,1,525,85.2,0,-1.0,0,0,0,639,359
3488,42204,42203219,11112,250,-1,-1,1,628,85.2,0,-1.0,0,0,0,639,359
3489,42215,42214322,11103,250,-1,-1,1,524,85.3,0,-1.0,0,0,0,639,359
3490,42226,42225429,11107,250,-1,-1,1,525,85.4,0,-1.0,0,0,0,639,359
3491,42237,42236543,11114,250,-1,-1,1,527,85.4,0,-1.0,0,0,0,639,359
3492,42248,42247652,11109,250,-1,-1,1,526,85.5,0,-1.0,0,0,0,639,359
3493,42260,42258756,11104,250,-1,-1,1,524,85.6,1,-1.0,0,0,0,639,359
3494,42271,42269873,11117,250,-1,-1,1,531,85.6,0,-1.0,0,0,0,639,359
3495,42282,42280979,11106,250,-1,-1,1,529,85.7,0,-1.0,0,0,0,639,359
3496,42293,42292091,11112,250,-1,-1,1,525,85.8,0,-1.0,0,0,0,639,359
3497,42304,42303195,11104,250,-1,-1,1,628,85.7,0,-1.0,0,0,0,639,359
3498,42315,42314307,11112,250,-1,-1,1,526,85.8,0,-1.0,0,0,0,639,359
3499,42326,42325415,11108,250,-1,-1,1,525,85.9,0,-1.0,0,0,0,639,359
3500,42337,42336520,11105,250,-1,-1,1,527,85.9,0,-1.0,0,0,0,639,359
3501,42348,42347634,11114,250,-1,-1,1,526,86.0,0,-1.0,0,0,0,639,359
3502,42360,42358739,11105,250,-1,-1,1,524,86.0,1,-1.0,0,0,0,639,359
3503,42371,42369854,11115,250,-1,-1,1,546,86.1,0,-1.0,0,0,0,639,359
3504,42382,42380962,11108,250,-1,-1,1,543,86.2,0,-1.0,0,0,0,639,359
3505,42393,42392071,11109,250,-1,-1,1,524,86.2,0,-1.0,0,0,0,639,359
3506,42404,42403182,11111,250,-1,-1,1,629,86.2,0,-1.0,0,0,0,639,359
3507,42415,42414288,11106,250,-1,-1,1,539,86.2,0,-1.0,0,0,0,639,359
3508,42428,42425399,11111,250,-1,-1,1,525,76.9,0,-1.0,0,0,0,639,359
3509,42437,42436505,11106,250,-1,-1,1,527,90.9,0,-1.0,0,0,0,639,359
3510,42515,42447614,11109,250,-1,-1,1,613,30.0,0,-1.0,0,0,0,639,359
3511,42516,42514256,66642,250,-1,-1,1,600,39.6,1,-1.0,0,0,0,639,359
3512,42526,42525382,11126,250,-1,-1,1,527,45.0,0,-1.0,0,0,0,639,359
3513,42538,42536493,11111,250,-1,-1,1,526,49.2,0,-1.0,0,0,0,639,359
3514,42548,42547595,11102,250,-1,-1,1,528,52.6,0,-1.0,0,0,0,639,359
3515,42560,42558713,11118,250,-1,-1,1,535,55.6,0,-1.0,0,0,0,639,359
3516,42571,42569817,11104,250,-1,-1,1,528,58.1,0,-1.0,0,0,0,639,359
3517,42582,42580986,11169,250,-1,-1,1,632,59.9,0,-1.0,0,0,0,639,359
3518,42593,42592037,11051,250,-1,-1,1,524,62.1,0,-1.0,0,0,0,639,359
3519,42604,42603149,11112,250,-1,-1,1,529,63.5,0,-1.0,0,0,0,639,359
3520,42615,42614254,11105,250,-1,-1,1,528,65.0,1,-1.0,0,0,0,639,359
3521,42626,42625366,11112,250,-1,-1,1,527,66.4,0,-1.0,0,0,0,639,359
3522,42637,42636476,11110,250,-1,-1,1,534,67.6,0,-1.0,0,0,0,639,359
3523,42648,42647588,11112,250,-1,-1,1,544,68.7,0,-1.0,0,0,0,639,359
3524,42660,42658693,11105,250,-1,-1,1,629,69.7,0,-1.0,0,0,0,639,359
3525,42671,42669799,11106,250,-1,-1,1,526,70.6,0,-1.0,0,0,0,639,359
3526,42682,42680904,11105,250,-1,-1,1,527,71.4,0,-1.0,0,0,0,639,359
3527,42693,42692016,11112,250,-1,-1,1,524,72.2,0,-1.0,0,0,0,639,359
3528,42704,42703128,11112,250,-1,-1,1,524,72.9,0,-1.0,0,0,0,639,359
3529,42715,42714237,11109,250,-1,-1,1,528,73.3,1,-1.0,0,0,0,639,359
3530,42726,42725350,11113,250,-1,-1,1,545,74.0,0,-1.0,0,0,0,639,359
3531,42737,42736455,11105,250,-1,-1,1,545,74.5,0,-1.0,0,0,0,639,359
3532,42748,42747572,11117,250,-1,-1,1,526,75.1,0,-1.0,0,0,0,639,359
3533,42760,42758678,11106,250,-1,-1,1,628,75.6,0,-1.0,0,0,0,639,359
3534,42771,42769783,11105,250,-1,-1,1,528,76.1,0,-1.0,0,0,0,639,359
3535,42782,42780891,11108,250,-1,-1,1,529,76.5,0,-1.0,0,0,0,639,359
3536,42793,42792000,11109,250,-1,-1,1,526,76.9,0,-1.0,0,0,0,639,359
3537,42804,42803113,11113,250,-1,-1,1,524,77.1,0,-1.0,0,0,0,639,359
3538,42815,42814219,11106,250,-1,-1,1,526,77.5,1,-1.0,0,0,0,639,359
3539,42826,42825333,11114,250,-1,-1,1,544,77.9,0,-1.0,0,0,0,639,359
3540,42837,42836442,11109,250,-1,-1,1,546,78.2,0,-1.0,0,0,0,639,359
3541,42849,42847555,11113,250,-1,-1,1,526,78.5,0,-1.0,0,0,0,639,359
3542,42859,42858659,11104,250,-1,-1,1,633,78.8,0,-1.0,0,0,0,639,359
3543,42871,42869765,11106,250,-1,-1,1,528,79.1,0,-1.0,0,0,0,639,359
3544,42882,42880871,11106,250,-1,-1,1,529,79.4,0,-1.0,0,0,0,639,359
3545,42893,42891984,11113,250,-1,-1,1,525,79.5,0,-1.0,0,0,0,639,359
3546,42904,42903086,11102,250,-1,-1,1,526,79.9,0,-1.0,0,0,0,639,359
3547,42915,42914203,11117,250,-1,-1,1,524,80.0,1,-1.0,0,0,0,639,359
3548,42926,42925316,11113,250,-1,-1,1,546,80.2,0,-1.0,0,0,0,639,359
3549,42938,42936424,11108,250,-1,-1,1,543,80.5,0,-1.0,0,0,0,639,359
3550,42948,42947534,11110,250,-1,-1,1,543,80.7,0,-1.0,0,0,0,639,359
3551,42959,42958641,11107,250,-1,-1,1,635,80.9,0,-1.0,0,0,0,639,359
3552,42971,42969748,11107,250,-1,-1,1,525,81.1,0,-1.0,0,0,0,639,359
3553,42982,42980857,11109,250,-1,-1,1,524,81.3,0,-1.0,0,0,0,639,359
3554,42993,42991965,11108,250,-1,-1,1,530,81.5,0,-1.0,0,0,0,639,359
3555,43004,43003074,11109,250,-1,-1,1,527,81.6,0,-1.0,0,0,0,639,359
3556,43015,43014187,11113,250,-1,-1,1,524,81.7,1,-1.0,0,0,0,639,359
3557,43026,43025299,11112,250,-1,-1,1,545,81.8,0,-1.0,0,0,0,639,359
3558,43037,43036407,11108,250,-1,-1,1,547,82.0,0,-1.0,0,0,0,639,359
3559,43048,43047517,11110,250,-1,-1,1,545,82.1,0,-1.0,0,0,0,639,359
3560,43059,43058622,11105,250,-1,-1,1,627,82.3,0,-1.0,0,0,0,639,359
3561,43071,43069731,11109,250,-1,-1,1,527,82.4,0,-1.0,0,0,0,639,359
3562,43082,43080839,11108,250,-1,-1,1,526,82.6,0,-1.0,0,0,0,639,359
3563,43093,43091953,11114,250,-1,-1,1,535,82.7,0,-1.0,0,0,0,639,359
3564,43104,43103064,11111,250,-1,-1,1,538,82.8,0,-1.0,0,0,0,639,359
3565,43115,43114168,11104,250,-1,-1,1,544,82.9,1,-1.0,0,0,0,639,359
3566,43126,43125281,11113,250,-1,-1,1,579,83.0,0,-1.0,0,0,0,639,359
3567,43137,43136390,11109,250,-1,-1,1,587,83.1,0,-1.0,0,0,0,639,359
3568,43148,43147501,11111,250,-1,-1,1,539,83.2,0,-1.0,0,0,0,639,359
3569,43160,43158608,11107,250,-1,-1,1,646,83.3,0,-1.0,0,0,0,639,359
3570,43171,43169717,11109,250,-1,-1,1,546,83.4,0,-1.0,0,0,0,639,359
3571,43182,43180825,11108,250,-1,-1,1,548,83.6,0,-1.0,0,0,0,639,359
3572,43193,43191929,11104,250,-1,-1,1,565,83.7,0,-1.0,0,0,0,639,359
3573,43204,43203044,11115,250,-1,-1,1,534,83.7,0,-1.0,0,0,0,639,359
3574,43215,43214151,11107,250,-1,-1,1,532,83.9,1,-1.0,0,0,0,639,359
3575,43226,43225271,11120,250,-1,-1,1,554,83.8,0,-1.0,0,0,0,639,359
3576,43237,43236374,11103,250,-1,-1,1,554,83.9,0,-1.0,0,0,0,639,359
3577,43248,43247483,11109,250,-1,-1,1,539,84.0,0,-1.0,0,0,0,639,359
3578,43259,43258590,11107,250,-1,-1,1,637,84.1,0,-1.0,0,0,0,639,359
3579,43270,43269698,11108,250,-1,-1,1,536,84.2,0,-1.0,0,0,0,639,359
3580,43282,43280803,11105,250,-1,-1,1,534,84.3,0,-1.0,0,0,0,639,359
3581,43293,43291917,11114,250,-1,-1,1,536,84.4,0,-1.0,0,0,0,639,359
3582,43304,43303023,11106,250,-1,-1,1,536,84.5,0,-1.0,0,0,0,639,359
3583,43315,43314133,11110,250,-1,-1,1,535,84.5,1,-1.0,0,0,0,639,359
3584,43326,43325247,11114,250,-1,-1,1,537,84.5,0,-1.0,0,0,0,639,359
3585,43337,43336358,11111,250,-1,-1,1,552,84.6,0,-1.0,0,0,0,639,359
3586,43348,43347463,11105,250,-1,-1,1,550,84.7,0,-1.0,0,0,0,639,359
3587,43359,43358573,11110,250,-1,-1,1,638,84.7,0,-1.0,0,0,0,639,359
3588,43370,43369683,11110,250,-1,-1,1,535,84.8,0,-1.0,0,0,0,639,359
3589,43382,43380791,11108,250,-1,-1,1,541,84.9,0,-1.0,0,0,0,639,359
3590,43393,43391894,11103,250,-1,-1,1,536,85.0,0,-1.0,0,0,0,639,359
3591,43404,43403009,11115,250,-1,-1,1,536,85.0,0,-1.0,0,0,0,639,359
3592,43415,43414116,11107,250,-1,-1,1,536,85.1,1,-1.0,0,0,0,639,359
3593,43467,43458543,44427,250,-1,-1,1,616,19.2,0,-1.0,0,0,0,639,359
3594,43471,43469651,11108,250,-1,-1,1,636,36.4,0,-1.0,0,0,0,639,359
3595,43482,43480931,11280,250,-1,-1,1,535,45.5,0,-1.0,0,0,0,639,359
3596,43493,43491881,10950,250,-1,-1,1,533,51.9,0,-1.0,0,0,0,639,359
3597,43504,43502986,11105,250,-1,-1,1,534,56.8,0,-1.0,0,0,0,639,359
3598,43515,43514098,11112,250,-1,-1,1,534,60.0,0,-1.0,0,0,0,639,359
3599,43526,43525208,11110,250,-1,-1,1,536,63.1,0,-1.0,0,0,0,639,359
3600,43602,43536319,11111,250,-1,-1,1,2421,42.6,0,-1.0,0,0,0,639,359
3601,43604,43603029,66710,250,-1,-1,1,665,47.6,1,-1.0,0,0,0,639,359
3602,43615,43614087,11058,250,-1,-1,1,551,50.3,0,-1.0,0,0,0,639,359
3603,43626,43625195,11108,250,-1,-1,1,560,52.1,0,-1.0,0,0,0,639,359
3604,43637,43636302,11107,250,-1,-1,1,554,54.1,0,-1.0,0,0,0,639,359
3605,43649,43647414,11112,250,-1,-1,1,551,55.8,0,-1.0,0,0,0,639,359
3606,43659,43658524,11110,250,-1,-1,1,559,57.4,0,-1.0,0,0,0,639,359
3607,43670,43669635,11111,250,-1,-1,1,653,58.8,0,-1.0,0,0,0,639,359
3608,43682,43680742,11107,250,-1,-1,1,550,60.2,0,-1.0,0,0,0,639,359
3609,43693,43691856,11114,250,493,112,0,553,60.1,0,46.6,1,0,0,639,359
3610,43704,43702956,11100,250,488,109,0,560,62.5,1,46.6,1,0,0,639,359
3611,43715,43714068,11112,250,483,107,0,566,63.5,0,46.5,1,0,0,639,359
3612,43726,43725179,11111,250,481,104,0,665,64.3,0,46.5,1,0,0,639,359
3613,43737,43736285,11106,250,479,102,0,660,65.2,0,46.5,1,0,0,639,359
3614,43748,43747395,11110,250,479,100,0,563,66.1,0,46.6,1,0,0,639,359
3615,43759,43758505,11110,250,479,99,0,560,66.9,0,46.6,1,0,0,639,359
3616,43770,43769608,11103,250,479,98,0,558,67.6,0,46.6,1,0,0,639,359
3617,43782,43780721,11113,250,480,98,0,555,68.3,0,46.7,1,0,0,639,359
3618,43793,43791830,11109,250,479,97,0,556,69.0,0,46.7,1,0,0,639,359
3619,43804,43802942,11112,250,479,97,0,556,69.6,1,46.7,1,0,0,639,359
3620,43815,43814052,11110,250,479,97,0,582,70.2,0,46.7,1,0,0,639,359
3621,43826,43825162,11110,250,478,96,0,562,70.6,0,46.7,1,0,0,639,359
3622,43837,43836273,11111,250,478,96,0,561,71.1,0,46.7,1,0,0,639,359
3623,43848,43847376,11103,250,478,96,0,663,71.6,0,46.7,1,0,0,639,359
3624,43859,43858491,11115,250,477,96,0,561,72.1,0,46.7,1,0,0,639,359
3625,43871,43869596,11105,250,477,95,0,560,72.5,0,46.7,1,0,0,639,359
3626,43882,43880703,11107,250,477,94,0,560,73.0,0,46.6,1,0,0,639,359
3627,43893,43891811,11108,250,476,93,0,556,73.4,0,46.7,1,0,0,639,359
3628,43904,43902922,11111,250,476,92,0,557,73.8,1,46.6,1,0,0,639,359
3629,43915,43914037,11115,250,475,91,0,582,74.0,0,46.6,1,0,0,639,359
3630,43926,43925141,11104,250,474,91,0,576,74.4,0,46.6,1,0,0,639,359
3631,43937,43936259,11118,250,473,89,0,557,74.7,0,46.5,1,0,0,639,359
3632,43948,43947361,11102,250,472,88,0,664,75.0,0,46.5,1,0,0,639,359
3633,43960,43958475,11114,250,471,86,0,560,75.4,0,46.6,1,0,0,639,359
3634,43970,43969578,11103,250,471,85,0,559,75.7,0,46.6,1,0,0,639,359
3635,43981,43980686,11108,250,471,84,0,555,76.0,0,46.6,1,0,0,639,359
3636,43993,43991796,11110,250,471,84,0,560,76.3,0,46.6,1,0,0,639,359
3637,44004,44002906,11110,250,472,84,0,558,76.4,1,46.7,1,0,0,639,359
3638,44015,44014016,11110,250,473,84,0,564,76.8,0,46.7,1,0,0,639,359
3639,44026,44025131,11115,250,473,84,0,564,76.9,0,46.7,1,0,0,639,359
3640,44037,44036235,11104,250,474,85,0,560,77.2,0,46.8,1,0,0,639,359
3641,44048,44047347,11112,250,475,85,0,665,77.4,0,46.8,1,0,0,639,359
3642,44059,44058453,11106,250,475,86,0,556,77.6,0,46.7,1,0,0,639,359
3643,44070,44069565,11112,250,475,86,0,557,77.9,0,46.7,1,0,0,639,359
3644,44081,44080670,11105,250,475,87,0,556,78.1,0,46.8,1,0,0,639,359
3645,44093,44091777,11107,250,476,88,0,557,78.3,0,46.7,1,0,0,639,359
3646,44104,44102891,11114,250,477,88,0,557,78.5,1,46.7,1,0,0,639,359
3647,44115,44114000,11109,250,478,88,0,629,78.7,0,46.8,1,0,0,639,359
3648,44126,44125111,11111,250,480,88,0,630,78.8,0,46.8,1,0,0,639,359
3649,44137,44136223,11112,250,482,88,0,662,78.9,0,46.8,1,0,0,639,359
3650,44148,44147327,11104,250,483,89,0,663,79.1,0,46.8,1,0,0,639,359
3651,44159,44158440,11113,250,484,90,0,559,79.3,0,46.9,1,0,0,639,359
3652,44170,44169544,11104,250,484,90,0,562,79.5,0,46.9,1,0,0,639,359
3653,44182,44180654,11110,250,484,91,0,558,79.6,0,46.8,1,0,0,639,359
3654,44193,44191764,11110,250,485,90,0,556,79.8,0,46.8,1,0,0,639,359
3655,44204,44202873,11109,250,486,90,0,558,79.9,1,46.9,1,0,0,639,359
3656,44215,44213989,11116,250,486,89,0,577,80.1,0,46.9,1,0,0,639,359
3657,44226,44225092,11103,250,486,87,0,561,80.1,0,46.8,1,0,0,639,359
3658,44238,44236201,11109,250,486,86,0,560,80.3,0,46.8,1,0,0,639,359
3659,44248,44247311,11110,250,486,83,0,665,80.4,0,46.8,1,0,0,639,359
3660,44259,44258419,11108,250,487,81,0,556,80.6,0,46.9,1,0,0,639,359
3661,44271,44269528,11109,250,487,78,0,558,80.7,0,46.9,1,0,0,639,359
3662,44281,44280634,11106,250,488,74,0,560,80.8,0,47.0,1,0,0,639,359
3663,44293,44291746,11112,250,488,71,0,565,81.0,0,47.0,1,0,0,639,359
3664,44304,44302852,11106,250,487,69,0,560,81.1,1,47.0,1,0,0,639,359
3665,44315,44313970,11118,250,487,67,0,582,81.1,0,47.2,1,0,0,639,359
3666,44326,44325076,11106,250,486,66,0,579,81.3,0,47.2,1,0,0,639,359
3667,44337,44336189,11113,250,484,65,0,587,81.3,0,47.2,1,0,0,639,359
3668,44348,44347292,11103,250,483,66,0,663,81.5,0,47.2,1,0,0,639,359
3669,44359,44358403,11111,250,481,67,0,560,81.6,0,47.2,1,0,0,639,359
3670,44370,44369509,11106,250,479,68,0,558,81.7,0,47.1,1,0,0,639,359
3671,44381,44380621,11112,250,477,70,0,560,81.8,0,47.0,1,0,0,639,359
3672,44393,44391728,11107,250,474,72,0,560,81.9,0,47.0,1,0,0,639,359
3673,44404,44402836,11108,250,472,74,0,557,82.0,1,46.8,1,0,0,639,359
3674,44415,44413947,11111,250,470,76,0,564,82.1,0,46.2,1,0,0,639,359
3675,44426,44425058,11111,250,470,79,0,563,82.2,0,45.2,1,0,0,639,359
3676,44460,44458375,33317,250,-1,-1,1,553,28.6,0,-1.0,1,0,0,639,359
3677,44470,44469494,11119,250,-1,-1,1,548,44.4,0,-1.0,1,0,0,639,359
3678,44481,44480603,11109,250,-1,-1,1,546,44.8,0,-1.0,2,0,0,639,359
3679,44493,44491710,11107,250,-1,-1,1,569,58.8,0,-1.0,2,0,0,639,359
3680,44504,44502820,11110,250,-1,-1,1,564,64.1,0,-1.0,2,0,0,639,359
3681,44515,44513930,11110,250,-1,-1,1,559,67.4,0,-1.0,2,0,0,639,359
3682,44526,44525035,11105,250,-1,-1,1,553,70.0,1,-1.0,2,0,0,639,359
3683,44537,44536150,11115,250,480,125,0,570,57.6,0,13.0,1,0,0,639,359
3684,44566,44558364,22214,250,465,131,0,62,64.3,0,6.8,1,420,88,510,178
3685,44570,44569474,11110,250,-1,-1,1,61,69.4,0,-1.0,1,434,103,492,161
3686,44582,44580582,11108,250,-1,-1,1,35,70.5,0,-1.0,1,429,107,484,162
3687,44592,44591686,11104,250,-1,-1,1,33,68.2,0,-1.0,2,424,111,477,164
3688,44604,44602798,11112,250,-1,-1,1,108,73.0,0,-1.0,2,373,69,516,212
3689,44615,44613907,11109,250,-1,-1,1,140,74.1,0,-1.0,2,355,59,522,226
3690,44693,44625017,11110,250,-1,-1,1,613,56.2,0,-1.0,2,0,0,639,359
3691,44693,44691661,66644,250,-1,-1,1,625,59.7,1,-1.0,2,0,0,639,359
3692,44704,44702790,11129,250,-1,-1,1,528,61.2,0,-1.0,2,0,0,639,359
3693,44715,44713896,11106,250,-1,-1,1,525,62.3,0,-1.0,2,0,0,639,359
3694,44726,44725011,11115,250,-1,-1,1,526,63.1,0,-1.0,2,0,0,639,359
3695,44737,44736118,11107,250,-1,-1,1,590,64.1,0,-1.0,2,0,0,639,359
3696,44748,44747227,11109,250,-1,-1,1,547,65.0,0,-1.0,2,0,0,639,359
3697,44759,44758337,11110,250,-1,-1,1,623,65.9,0,-1.0,2,0,0,639,359
3698,44770,44769442,11105,250,-1,-1,1,526,66.7,0,-1.0,2,0,0,639,359
3699,44782,44780551,11109,250,-1,-1,1,534,67.4,0,-1.0,2,0,0,639,359
3700,44792,44791660,11109,250,-1,-1,1,528,68.1,1,-1.0,2,0,0,639,359
3701,44804,44802771,11111,250,-1,-1,1,528,68.8,0,-1.0,2,0,0,639,359
3702,44815,44813879,11108,250,-1,-1,1,530,69.4,0,-1.0,2,0,0,639,359
3703,44826,44824992,11113,250,-1,-1,1,565,70.0,0,-1.0,2,0,0,639,359
3704,44837,44836098,11106,250,-1,-1,1,626,70.4,0,-1.0,2,0,0,639,359
3705,44848,44847211,11113,250,-1,-1,1,526,70.9,0,-1.0,2,0,0,639,359
3706,44859,44858315,11104,250,-1,-1,1,526,71.4,0,-1.0,2,0,0,639,359
3707,44870,44869423,11108,250,-1,-1,1,526,71.9,0,-1.0,2,0,0,639,359
3708,44881,44880533,11110,250,-1,-1,1,527,72.4,0,-1.0,2,0,0,639,359
3709,44893,44891639,11106,250,-1,-1,1,527,72.8,1,-1.0,2,0,0,639,359
3710,44904,44902755,11116,250,-1,-1,1,539,73.2,0,-1.0,2,0,0,639,359
3711,44915,44913867,11112,250,-1,-1,1,534,73.6,0,-1.0,2,0,0,639,359
3712,44926,44924977,11110,250,-1,-1,1,591,74.0,0,-1.0,2,0,0,639,359
3713,44937,44936081,11104,250,-1,-1,1,633,74.2,0,-1.0,2,0,0,639,359
3714,44948,44947191,11110,250,-1,-1,1,545,74.6,0,-1.0,2,0,0,639,359
3715,44959,44958296,11105,250,-1,-1,1,548,74.9,0,-1.0,2,0,0,639,359
3716,44970,44969408,11112,250,-1,-1,1,553,75.2,0,-1.0,2,0,0,639,359
3717,44982,44980518,11110,250,-1,-1,1,555,75.5,0,-1.0,2,0,0,639,359
3718,44992,44991624,11106,250,476,147,0,559,74.5,1,18.4,1,0,0,639,359
3719,45004,45002736,11112,250,480,145,0,105,76.1,0,17.6,1,415,78,547,210
3720,45015,45013847,11111,250,483,144,0,97,76.4,0,17.0,1,423,81,544,202
3721,45026,45024957,11110,250,484,144,0,117,76.7,0,16.1,1,428,83,546,201
3722,45037,45036060,11103,250,-1,-1,1,122,76.9,0,-1.0,1,432,88,542,198
3723,45048,45047170,11110,250,-1,-1,1,185,77.2,0,-1.0,1,395,47,585,237
3724,45059,45058284,11114,250,472,122,0,106,77.4,0,29.3,1,427,75,559,207
3725,45070,45069382,11098,250,-1,-1,1,176,77.5,0,-1.0,1,378,25,564,211
3726,45081,45080495,11113,250,-1,-1,1,224,77.7,0,-1.0,1,367,10,575,218
3727,45092,45091602,11107,250,-1,-1,1,571,76.7,1,-1.0,2,0,0,639,359
3728,45105,45102720,11118,250,-1,-1,1,574,78.1,0,-1.0,2,0,0,639,359
3729,45115,45113834,11114,250,-1,-1,1,564,78.4,0,-1.0,2,0,0,639,359
3730,45126,45124941,11107,250,-1,-1,1,658,78.6,0,-1.0,2,0,0,639,359
3731,45137,45136052,11111,250,-1,-1,1,659,78.7,0,-1.0,2,0,0,639,359
3732,45148,45147155,11103,250,-1,-1,1,554,78.8,0,-1.0,2,0,0,639,359
3733,45159,45158262,11107,250,-1,-1,1,551,79.0,0,-1.0,2,0,0,639,359
3734,45170,45169372,11110,250,-1,-1,1,551,79.2,0,-1.0,2,0,0,639,359
3735,45181,45180482,11110,250,-1,-1,1,555,79.4,0,-1.0,2,0,0,639,359
3736,45192,45191592,11110,250,-1,-1,1,554,79.5,1,-1.0,2,0,0,639,359
3737,45204,45202710,11118,250,-1,-1,1,573,79.7,0,-1.0,2,0,0,639,359
3738,45215,45213813,11103,250,-1,-1,1,574,79.8,0,-1.0,2,0,0,639,359
3739,45226,45224926,11113,250,-1,-1,1,618,80.0,0,-1.0,2,0,0,639,359
3740,45237,45236031,11105,250,-1,-1,1,663,80.0,0,-1.0,2,0,0,639,359
3741,45248,45247147,11116,250,-1,-1,1,557,80.2,0,-1.0,2,0,0,639,359
3742,45259,45258246,11099,250,-1,-1,1,551,80.3,0,-1.0,2,0,0,639,359
3743,45270,45269358,11112,250,480,69,0,560,79.6,0,47.0,1,0,0,639,359
3744,45281,45280615,11257,250,476,69,0,557,80.6,0,46.9,1,0,0,639,359
3745,45293,45291576,10961,250,473,70,0,556,80.7,1,46.9,1,0,0,639,359
3746,45304,45302684,11108,250,470,70,0,568,80.9,0,46.8,1,0,0,639,359
3747,45315,45313799,11115,250,468,70,0,569,81.0,0,46.8,1,0,0,639,359
3748,45326,45324905,11106,250,466,70,0,585,81.1,0,46.8,1,0,0,639,359
3749,45337,45336019,11114,250,463,70,0,662,81.1,0,46.8,1,0,0,639,359
3750,45348,45347120,11101,250,459,71,0,560,81.3,0,46.7,1,0,0,639,359
3751,45359,45358235,11115,250,454,73,0,559,81.4,0,46.6,1,0,0,639,359
3752,45370,45369341,11106,250,-1,-1,1,555,81.5,0,-1.0,1,0,0,639,359
3753,45381,45380450,11109,250,-1,-1,1,554,81.6,0,-1.0,1,0,0,639,359
3754,45392,45391559,11109,250,-1,-1,1,553,80.8,1,-1.0,2,0,0,639,359
3755,45405,45402667,11108,250,-1,-1,1,546,81.6,0,-1.0,2,0,0,639,359
3756,45415,45413780,11113,250,-1,-1,1,562,81.9,0,-1.0,2,0,0,639,359
3757,45426,45424938,11158,250,-1,-1,1,682,81.9,0,-1.0,2,0,0,639,359
3758,45460,45458201,33263,250,-1,-1,1,600,30.3,0,-1.0,2,0,0,639,359
3759,45470,45469326,11125,250,-1,-1,1,543,45.5,0,-1.0,2,0,0,639,359
3760,45481,45480429,11103,250,-1,-1,1,541,54.5,0,-1.0,2,0,0,639,359
3761,45492,45491543,11114,250,-1,-1,1,542,60.6,0,-1.0,2,0,0,639,359
3762,45503,45502648,11105,250,-1,-1,1,538,64.9,0,-1.0,2,0,0,639,359
3763,45515,45513756,11108,250,-1,-1,1,561,68.2,1,-1.0,2,0,0,639,359
3764,45526,45524869,11113,250,-1,-1,1,568,70.7,0,-1.0,2,0,0,639,359
3765,45537,45535982,11113,250,-1,-1,1,555,72.7,0,-1.0,2,0,0,639,359
3766,45548,45547089,11107,250,-1,-1,1,589,73.8,0,-1.0,2,0,0,639,359
3767,45559,45558202,11113,250,-1,-1,1,639,75.2,0,-1.0,2,0,0,639,359
3768,45570,45569313,11111,250,-1,-1,1,526,76.4,0,-1.0,2,0,0,639,359
3769,45581,45580413,11100,250,-1,-1,1,528,77.4,0,-1.0,2,0,0,639,359
3770,45592,45591521,11108,250,-1,-1,1,528,78.3,0,-1.0,2,0,0,639,359
3771,45604,45602635,11114,250,-1,-1,1,525,79.1,0,-1.0,2,0,0,639,359
3772,45615,45613741,11106,250,-1,-1,1,544,79.8,1,-1.0,2,0,0,639,359
3773,45626,45624857,11116,250,-1,-1,1,543,80.4,0,-1.0,2,0,0,639,359
3774,45637,45635962,11105,250,-1,-1,1,548,81.0,0,-1.0,2,0,0,639,359
3775,45648,45647076,11114,250,-1,-1,1,579,81.1,0,-1.0,2,0,0,639,359
3776,45659,45658179,11103,250,-1,-1,1,632,81.5,0,-1.0,2,0,0,639,359
3777,45670,45669290,11111,250,-1,-1,1,533,82.0,0,-1.0,2,0,0,639,359
3778,45681,45680399,11109,250,-1,-1,1,542,82.4,0,-1.0,2,0,0,639,359
3779,45692,45691508,11109,250,-1,-1,1,542,82.7,0,-1.0,2,0,0,639,359
3780,45770,45702614,11106,250,-1,-1,1,628,66.9,0,-1.0,2,0,0,639,359
3781,45771,45769256,66642,250,-1,-1,1,656,69.6,1,-1.0,2,0,0,639,359
3782,45781,45780384,11128,250,-1,-1,1,562,70.4,0,-1.0,2,0,0,639,359
3783,45792,45791490,11106,250,442,86,0,564,68.2,0,20.4,1,0,0,639,359
3784,45808,45802600,11110,250,441,86,0,115,70.9,0,20.7,1,370,17,511,158
3785,45815,45813709,11109,250,441,87,0,107,72.2,0,20.9,1,375,21,507,153
3786,45826,45824821,11112,250,440,87,0,109,72.7,0,21.2,1,371,20,506,155
3787,45837,45835924,11103,250,439,87,0,136,73.2,0,21.0,1,371,20,506,155
3788,45848,45847036,11112,250,439,86,0,106,73.6,0,20.6,1,372,20,506,154
3789,45859,45858145,11109,250,439,85,0,129,74.1,0,19.9,1,374,21,504,151
3790,45870,45869254,11109,250,440,84,0,98,74.5,1,19.1,1,376,22,501,147
3791,45881,45880367,11113,250,440,82,0,95,74.9,0,18.3,1,380,23,500,143
3792,45892,45891479,11112,250,441,81,0,111,75.3,0,17.5,1,383,24,498,139
3793,45903,45902585,11106,250,442,80,0,108,75.5,0,16.8,1,385,24,496,135
3794,45915,45913717,11132,250,443,78,0,79,75.8,0,16.1,1,388,25,495,132
3795,45926,45924796,11079,250,443,77,0,76,76.2,0,15.5,1,391,25,494,128
3796,45937,45935903,11107,250,443,75,0,72,76.5,0,14.9,1,393,26,493,126
3797,45948,45947010,11107,250,443,74,0,69,76.8,0,14.4,1,394,25,491,122
3798,45959,45958124,11114,250,443,73,0,69,77.1,0,14.0,1,396,26,490,120
3799,45970,45969232,11108,250,442,72,0,69,77.3,1,13.7,1,397,26,489,118
3800,45981,45980352,11120,250,442,71,0,67,77.6,0,13.4,1,396,24,487,115
3801,45992,45991451,11099,250,441,70,0,65,77.9,0,13.2,1,397,25,486,114
3802,46004,46002568,11117,250,441,69,0,65,78.0,0,13.1,1,396,24,485,113
3803,46015,46013675,11107,250,440,69,0,62,78.2,0,13.1,1,396,24,484,112
3804,46026,46024782,11107,250,439,69,0,63,78.5,0,13.2,1,396,24,484,112
3805,46037,46035883,11101,250,438,69,0,65,78.7,0,13.3,1,394,23,483,112
3806,46048,46046994,11111,250,437,69,0,63,78.9,0,13.4,1,393,23,482,112
3807,46059,46058104,11110,250,437,69,0,64,79.1,0,13.6,1,392,23,482,113
3808,46070,46069212,11108,250,436,70,0,65,79.3,1,13.8,1,390,23,481,114
3809,46081,46080330,11118,250,-1,-1,1,68,79.5,0,-1.0,1,390,23,482,115
3810,46092,46091434,11104,250,-1,-1,1,67,79.7,0,-1.0,1,388,22,481,115
3811,46103,46102552,11118,250,437,75,0,70,79.9,0,16.3,1,387,21,482,116
3812,46114,46113663,11111,250,438,75,0,105,79.9,0,16.8,1,384,22,490,128
3813,46126,46124761,11098,250,438,75,0,81,80.1,0,17.1,1,382,20,491,129
3814,46137,46135873,11112,250,439,74,0,82,80.3,0,17.1,1,383,20,493,130
3815,46148,46146980,11107,250,-1,-1,1,81,80.4,0,-1.0,1,384,18,494,128
3816,46159,46158093,11113,250,-1,-1,1,83,80.6,0,-1.0,1,383,16,496,129
3817,46170,46169194,11101,250,-1,-1,1,87,79.6,1,-1.0,2,381,14,499,132
3818,46182,46180306,11112,250,-1,-1,1,558,80.8,0,-1.0,2,0,0,639,359
3819,46192,46191425,11119,250,-1,-1,1,555,80.9,0,-1.0,2,0,0,639,359
3820,46203,46202541,11116,250,445,33,0,659,79.5,0,15.8,1,0,0,639,359
3821,46219,46213647,11106,250,445,31,0,82,80.8,0,15.2,1,390,0,500,110
3822,46226,46224749,11102,250,445,29,0,98,81.4,0,14.9,1,394,0,495,101
3823,46237,46235860,11111,250,445,27,0,73,81.5,0,14.5,1,395,0,494,99
3824,46248,46246973,11113,250,-1,-1,1,70,81.6,0,-1.0,1,396,0,493,97
3825,46259,46258072,11099,250,-1,-1,1,71,81.7,0,-1.0,1,395,0,495,100
3826,46270,46269187,11115,250,446,46,0,81,81.9,1,13.1,1,390,0,499,109
3827,46281,46280301,11114,250,447,48,0,68,82.0,0,12.6,1,399,1,492,94
3828,46292,46291401,11100,250,448,49,0,65,82.1,0,12.1,1,403,4,492,93
3829,46303,46302513,11112,250,450,48,0,59,82.2,0,11.8,1,407,7,493,93
3830,46315,46313624,11111,250,453,47,0,83,82.2,0,11.5,1,410,7,493,90
3831,46326,46324731,11107,250,454,45,0,57,82.3,0,11.1,1,413,6,494,87
3832,46337,46335832,11101,250,456,43,0,57,82.4,0,10.7,1,416,5,495,84
3833,46348,46346942,11110,250,456,40,0,58,82.5,0,10.3,1,418,3,495,80
3834,46359,46358052,11110,250,456,38,0,53,82.6,0,9.9,1,420,1,495,76
3835,46370,46369163,11111,250,456,35,0,53,82.7,1,9.7,1,421,0,494,73
3836,46381,46380284,11121,250,456,32,0,53,82.8,0,9.5,1,421,0,492,71
3837,46392,46391388,11104,250,-1,-1,1,50,82.9,0,-1.0,1,422,0,492,70
3838,46403,46402499,11111,250,453,26,0,52,82.9,0,9.4,1,421,0,492,71
3839,46414,46413608,11109,250,453,24,0,51,83.0,0,9.2,1,418,0,489,71
3840,46425,46424714,11106,250,451,21,0,52,83.1,0,9.3,1,418,0,488,70
3841,46437,46435820,11106,250,451,19,0,51,83.2,0,9.3,1,417,0,487,70
3842,46451,46447047,11227,250,451,18,0,49,71.4,0,9.3,1,416,0,486,70
3843,46459,46458039,10992,250,-1,-1,1,57,90.9,0,-1.0,1,414,0,485,71
3844,46470,46469149,11110,250,-1,-1,1,51,90.9,1,-1.0,1,413,0,486,73
3845,46481,46480262,11113,250,-1,-1,1,56,54.8,0,-1.0,2,411,0,488,77
3846,46511,46502473,22211,250,-1,-1,1,550,67.6,0,-1.0,2,0,0,639,359
3847,46514,46513586,11113,250,-1,-1,1,548,76.9,0,-1.0,2,0,0,639,359
3848,46526,46524697,11111,250,-1,-1,1,548,77.8,0,-1.0,2,0,0,639,359
3849,46537,46535810,11113,250,-1,-1,1,536,80.0,0,-1.0,2,0,0,639,359
3850,46548,46546915,11105,250,-1,-1,1,525,81.1,0,-1.0,2,0,0,639,359
3851,46559,46558028,11113,250,-1,-1,1,524,82.0,0,-1.0,2,0,0,639,359
3852,46570,46569132,11104,250,-1,-1,1,526,82.7,0,-1.0,2,0,0,639,359
3853,46581,46580242,11110,250,-1,-1,1,526,82.8,1,-1.0,2,0,0,639,359
3854,46592,46591356,11114,250,-1,-1,1,545,83.3,0,-1.0,2,0,0,639,359
3855,46603,46602465,11109,250,-1,-1,1,527,83.8,0,-1.0,2,0,0,639,359
3856,46614,46613576,11111,250,-1,-1,1,636,84.3,0,-1.0,2,0,0,639,359
3857,46626,46624680,11104,250,-1,-1,1,649,84.7,0,-1.0,2,0,0,639,359
3858,46637,46635793,11113,250,-1,-1,1,548,85.0,0,-1.0,2,0,0,639,359
3859,46648,46646898,11105,250,-1,-1,1,554,85.3,0,-1.0,2,0,0,639,359
3860,46659,46658008,11110,250,-1,-1,1,553,85.6,0,-1.0,2,0,0,639,359
3861,46670,46669118,11110,250,428,130,0,559,82.0,0,18.9,1,0,0,639,359
3862,46682,46680232,11114,250,421,130,0,108,85.7,1,20.1,1,361,65,493,197
3863,46692,46691340,11108,250,-1,-1,1,108,86.3,0,-1.0,1,354,64,486,196
3864,46703,46702449,11109,250,414,118,0,143,86.5,0,29.3,1,346,59,489,202
3865,46715,46713551,11102,250,-1,-1,1,227,86.3,0,-1.0,1,319,22,503,206
3866,46726,46724663,11112,250,433,108,0,277,86.5,0,30.1,1,307,9,509,211
3867,46737,46735770,11107,250,442,106,0,183,86.7,0,25.0,1,347,10,533,196
3868,46748,46746880,11110,250,452,104,0,120,86.8,0,17.7,1,383,36,517,170
3869,46759,46757987,11107,250,-1,-1,1,60,87.0,0,-1.0,1,418,58,504,144
3870,46837,46769092,11105,250,-1,-1,1,55,72.5,0,-1.0,1,483,41,571,129
3871,46837,46835738,66646,250,507,90,2,47,75.0,1,6.5,1,500,58,554,112
3872,46848,46846870,11132,250,-1,-1,1,93,75.4,0,-1.0,1,456,31,570,145
3873,46859,46857972,11102,250,490,89,2,122,75.8,0,35.1,1,450,17,590,157
3874,46870,46869081,11109,250,-1,-1,1,551,76.0,0,-1.0,1,0,0,639,359
3875,46881,46880199,11118,250,-1,-1,1,654,76.4,0,-1.0,1,0,0,639,359
3876,46892,46891302,11103,250,483,88,0,560,76.8,0,47.0,1,0,0,639,359
3877,46903,46902411,11109,250,-1,-1,1,552,77.1,0,-1.0,1,0,0,639,359
3878,46914,46913527,11116,250,-1,-1,1,556,77.4,0,-1.0,1,0,0,639,359
3879,46926,46924722,11195,250,-1,-1,1,661,75.4,0,-1.0,2,0,0,639,359
3880,46941,46935742,11020,250,-1,-1,1,669,77.2,1,-1.0,2,0,0,639,359
3881,46948,46946862,11120,250,-1,-1,1,655,78.3,0,-1.0,2,0,0,639,359
3882,46959,46957961,11099,250,-1,-1,1,573,78.5,0,-1.0,2,0,0,639,359
3883,46970,46969070,11109,250,-1,-1,1,550,78.8,0,-1.0,2,0,0,639,359
3884,46981,46980179,11109,250,-1,-1,1,551,78.9,0,-1.0,2,0,0,639,359
3885,46992,46991287,11108,250,-1,-1,1,652,79.1,0,-1.0,2,0,0,639,359
3886,47003,47002399,11112,250,-1,-1,1,545,79.4,0,-1.0,2,0,0,639,359
3887,47014,47013501,11102,250,-1,-1,1,547,79.6,0,-1.0,2,0,0,639,359
3888,47026,47024609,11108,250,-1,-1,1,553,79.8,0,-1.0,2,0,0,639,359
3889,47037,47035722,11113,250,-1,-1,1,536,80.0,1,-1.0,2,0,0,639,359
3890,47048,47046833,11111,250,-1,-1,1,544,80.2,0,-1.0,2,0,0,639,359
3891,47059,47057941,11108,250,-1,-1,1,536,80.4,0,-1.0,2,0,0,639,359
3892,47070,47069052,11111,250,-1,-1,1,637,80.4,0,-1.0,2,0,0,639,359
3893,47081,47080156,11104,250,-1,-1,1,639,80.6,0,-1.0,2,0,0,639,359
3894,47092,47091270,11114,250,-1,-1,1,537,80.8,0,-1.0,2,0,0,639,359
3895,47103,47102372,11102,250,-1,-1,1,537,81.0,0,-1.0,2,0,0,639,359
3896,47114,47113485,11113,250,-1,-1,1,533,81.1,0,-1.0,2,0,0,639,359
3897,47125,47124594,11109,250,-1,-1,1,533,81.3,0,-1.0,2,0,0,639,359
3898,47137,47135705,11111,250,-1,-1,1,533,81.4,1,-1.0,2,0,0,639,359
3899,47148,47146816,11111,250,-1,-1,1,560,81.6,0,-1.0,2,0,0,639,359
3900,47159,47157927,11111,250,-1,-1,1,539,81.7,0,-1.0,2,0,0,639,359
3901,47170,47169035,11108,250,-1,-1,1,636,81.7,0,-1.0,2,0,0,639,359
3902,47181,47180139,11104,250,-1,-1,1,641,81.9,0,-1.0,2,0,0,639,359
3903,47192,47191253,11114,250,-1,-1,1,535,82.0,0,-1.0,2,0,0,639,359
3904,47203,47202359,11106,250,-1,-1,1,536,82.1,0,-1.0,2,0,0,639,359
3905,47214,47213470,11111,250,-1,-1,1,537,82.3,0,-1.0,2,0,0,639,359
3906,47225,47224576,11106,250,-1,-1,1,535,82.4,0,-1.0,2,0,0,639,359
3907,47237,47235688,11112,250,-1,-1,1,537,82.5,1,-1.0,2,0,0,639,359
3908,47248,47246801,11113,250,-1,-1,1,558,82.6,0,-1.0,2,0,0,639,359
3909,47259,47257909,11108,250,-1,-1,1,535,82.7,0,-1.0,2,0,0,639,359
3910,47270,47269017,11108,250,-1,-1,1,638,82.7,0,-1.0,2,0,0,639,359
3911,47281,47280128,11111,250,-1,-1,1,636,82.8,0,-1.0,2,0,0,639,359
3912,47292,47291236,11108,250,-1,-1,1,534,82.5,0,-1.0,0,0,0,639,359
3913,47303,47302341,11105,250,-1,-1,1,536,83.0,0,-1.0,0,0,0,639,359
3914,47314,47313449,11108,250,-1,-1,1,533,83.1,0,-1.0,0,0,0,639,359
3915,47325,47324556,11107,250,-1,-1,1,537,83.2,0,-1.0,0,0,0,639,359
3916,47336,47335669,11113,250,-1,-1,1,535,83.3,1,-1.0,0,0,0,639,359
3917,47348,47346782,11113,250,-1,-1,1,538,83.4,0,-1.0,0,0,0,639,359
3918,47359,47357893,11111,250,-1,-1,1,528,83.5,0,-1.0,0,0,0,639,359
3919,47370,47368996,11103,250,-1,-1,1,629,83.6,0,-1.0,0,0,0,639,359
3920,47381,47380112,11116,250,-1,-1,1,657,83.6,0,-1.0,0,0,0,639,359
3921,47392,47391221,11109,250,-1,-1,1,525,83.7,0,-1.0,0,0,0,639,359
3922,47403,47402324,11103,250,-1,-1,1,527,83.8,0,-1.0,0,0,0,639,359
3923,47414,47413432,11108,250,-1,-1,1,526,83.8,0,-1.0,0,0,0,639,359
3924,47425,47424543,11111,250,-1,-1,1,525,83.9,0,-1.0,0,0,0,639,359
3925,47437,47435653,11110,250,-1,-1,1,528,84.0,1,-1.0,0,0,0,639,359
3926,47484,47480075,44422,250,-1,-1,1,631,21.3,0,-1.0,0,0,0,639,359
3927,47492,47491204,11129,250,-1,-1,1,594,36.4,0,-1.0,0,0,0,639,359
3928,47503,47502308,11104,250,-1,-1,1,525,45.5,0,-1.0,0,0,0,639,359
3929,47514,47513415,11107,250,-1,-1,1,525,51.9,0,-1.0,0,0,0,639,359
3930,47526,47524525,11110,250,-1,-1,1,525,56.8,0,-1.0,0,0,0,639,359
3931,47536,47535635,11110,250,-1,-1,1,529,60.6,0,-1.0,0,0,0,639,359
3932,47548,47546745,11110,250,-1,-1,1,525,63.6,0,-1.0,0,0,0,639,359
3933,47559,47557851,11106,250,-1,-1,1,528,66.1,0,-1.0,0,0,0,639,359
3934,47570,47568962,11111,250,-1,-1,1,525,67.7,1,-1.0,0,0,0,639,359
3935,47581,47580080,11118,250,-1,-1,1,534,69.9,0,-1.0,0,0,0,639,359
3936,47592,47591182,11102,250,-1,-1,1,529,71.0,0,-1.0,0,0,0,639,359
3937,47603,47602292,11110,250,-1,-1,1,627,72.3,0,-1.0,0,0,0,639,359
3938,47615,47613403,11111,250,-1,-1,1,633,73.4,0,-1.0,0,0,0,639,359
3939,47625,47624686,11283,250,-1,-1,1,525,74.5,0,-1.0,0,0,0,639,359
3940,47636,47635617,10931,250,-1,-1,1,525,75.4,0,-1.0,0,0,0,639,359
3941,47648,47646730,11113,250,-1,-1,1,526,76.2,0,-1.0,0,0,0,639,359
3942,47659,47657837,11107,250,-1,-1,1,529,76.9,0,-1.0,0,0,0,639,359
3943,47670,47668948,11111,250,-1,-1,1,525,77.6,1,-1.0,0,0,0,639,359
3944,47681,47680057,11109,250,-1,-1,1,545,78.2,0,-1.0,0,0,0,639,359
3945,47692,47691167,11110,250,-1,-1,1,527,78.4,0,-1.0,0,0,0,639,359
3946,47703,47702274,11107,250,-1,-1,1,629,78.9,0,-1.0,0,0,0,639,359
3947,47714,47713387,11113,250,-1,-1,1,634,79.4,0,-1.0,0,0,0,639,359
3948,47725,47724493,11106,250,-1,-1,1,526,79.9,0,-1.0,0,0,0,639,359
3949,47736,47735600,11107,250,-1,-1,1,526,80.3,0,-1.0,0,0,0,639,359
3950,47748,47746706,11106,250,-1,-1,1,526,80.6,0,-1.0,0,0,0,639,359
3951,47759,47757823,11117,250,-1,-1,1,524,81.0,0,-1.0,0,0,0,639,359
3952,47770,47768929,11106,250,-1,-1,1,524,81.3,1,-1.0,0,0,0,639,359
3953,47781,47780044,11115,250,-1,-1,1,542,81.6,0,-1.0,0,0,0,639,359
3954,47792,47791151,11107,250,-1,-1,1,530,81.7,0,-1.0,0,0,0,639,359
3955,47803,47802262,11111,250,-1,-1,1,629,82.0,0,-1.0,0,0,0,639,359
3956,47814,47813366,11104,250,-1,-1,1,632,82.2,0,-1.0,0,0,0,639,359
3957,47825,47824476,11110,250,-1,-1,1,527,82.5,0,-1.0,0,0,0,639,359
3958,47837,47835580,11104,250,-1,-1,1,527,82.7,0,-1.0,0,0,0,639,359
3959,47847,47846694,11114,250,-1,-1,1,536,82.9,0,-1.0,0,0,0,639,359
3960,47926,47857801,11107,250,-1,-1,1,622,71.6,0,-1.0,0,0,0,639,359
3961,47927,47924444,66643,250,-1,-1,1,627,73.5,1,-1.0,0,0,0,639,359
3962,47936,47935574,11130,250,-1,-1,1,559,74.1,0,-1.0,0,0,0,639,359
3963,47947,47946679,11105,250,-1,-1,1,567,74.5,0,-1.0,0,0,0,639,359
3964,47959,47957791,11112,250,-1,-1,1,570,74.9,0,-1.0,0,0,0,639,359
3965,47970,47968898,11107,250,-1,-1,1,682,75.0,0,-1.0,0,0,0,639,359
3966,47981,47980007,11109,250,-1,-1,1,556,75.5,0,-1.0,0,0,0,639,359
3967,47992,47991116,11109,250,-1,-1,1,553,75.8,0,-1.0,0,0,0,639,359
3968,48003,48002230,11114,250,-1,-1,1,630,76.0,0,-1.0,0,0,0,639,359
3969,48014,48013335,11105,250,-1,-1,1,651,76.3,0,-1.0,0,0,0,639,359
3970,48025,48024442,11107,250,-1,-1,1,554,76.5,1,-1.0,0,0,0,639,359
3971,48036,48035556,11114,250,-1,-1,1,580,76.8,0,-1.0,0,0,0,639,359
3972,48047,48046663,11107,250,-1,-1,1,662,77.0,0,-1.0,0,0,0,639,359
3973,48059,48057772,11109,250,-1,-1,1,661,77.2,0,-1.0,0,0,0,639,359
3974,48070,48068883,11111,250,-1,-1,1,594,77.5,0,-1.0,0,0,0,639,359
3975,48081,48079988,11105,250,-1,-1,1,542,77.8,0,-1.0,0,0,0,639,359
3976,48092,48091101,11113,250,-1,-1,1,526,78.0,0,-1.0,0,0,0,639,359
3977,48103,48102203,11102,250,-1,-1,1,526,78.1,0,-1.0,0,0,0,639,359
3978,48114,48113313,11110,250,-1,-1,1,632,78.3,0,-1.0,0,0,0,639,359
3979,48125,48124427,11114,250,-1,-1,1,526,78.5,1,-1.0,0,0,0,639,359
3980,48136,48135535,11108,250,-1,-1,1,534,78.7,0,-1.0,0,0,0,639,359
3981,48148,48146649,11114,250,-1,-1,1,525,78.9,0,-1.0,0,0,0,639,359
3982,48159,48157760,11111,250,-1,-1,1,628,79.1,0,-1.0,0,0,0,639,359
3983,48170,48168864,11104,250,-1,-1,1,634,79.2,0,-1.0,0,0,0,639,359
3984,48181,48179977,11113,250,-1,-1,1,527,79.3,0,-1.0,0,0,0,639,359
3985,48192,48191081,11104,250,-1,-1,1,525,79.6,0,-1.0,0,0,0,639,359
3986,48203,48202188,11107,250,-1,-1,1,524,79.6,0,-1.0,0,0,0,639,359
3987,48214,48213297,11109,250,-1,-1,1,525,79.8,0,-1.0,0,0,0,639,359
3988,48225,48224407,11110,250,-1,-1,1,528,79.9,1,-1.0,0,0,0,639,359
3989,48236,48235519,11112,250,-1,-1,1,539,80.1,0,-1.0,0,0,0,639,359
3990,48247,48246628,11109,250,-1,-1,1,538,80.2,0,-1.0,0,0,0,639,359
3991,48259,48257737,11109,250,-1,-1,1,633,80.4,0,-1.0,0,0,0,639,359
3992,48270,48268984,11247,250,-1,-1,1,634,80.5,0,-1.0,0,0,0,639,359
3993,48281,48279955,10971,250,-1,-1,1,527,80.6,0,-1.0,0,0,0,639,359
3994,48292,48291065,11110,250,-1,-1,1,527,80.8,0,-1.0,0,0,0,639,359
3995,48303,48302167,11102,250,-1,-1,1,525,80.8,0,-1.0,0,0,0,639,359
3996,48314,48313282,11115,250,-1,-1,1,524,81.0,0,-1.0,0,0,0,639,359
3997,48325,48324388,11106,250,-1,-1,1,526,81.1,1,-1.0,0,0,0,639,359
3998,48336,48335504,11116,250,-1,-1,1,547,81.2,0,-1.0,0,0,0,639,359
3999,48347,48346610,11106,250,-1,-1,1,546,81.3,0,-1.0,0,0,0,639,359
4000,48359,48357723,11113,250,-1,-1,1,627,81.4,0,-1.0,0,0,0,639,359
4001,48370,48368830,11107,250,-1,-1,1,644,81.5,0,-1.0,0,0,0,639,359
4002,48381,48379943,11113,250,-1,-1,1,548,81.7,0,-1.0,0,0,0,639,359
4003,48392,48391042,11099,250,-1,-1,1,548,81.8,0,-1.0,0,0,0,639,359
4004,48403,48402158,11116,250,-1,-1,1,550,81.8,0,-1.0,0,0,0,639,359
4005,48414,48413263,11105,250,-1,-1,1,551,81.9,0,-1.0,0,0,0,639,359
4006,48425,48424371,11108,250,-1,-1,1,549,82.0,1,-1.0,0,0,0,639,359
4007,48436,48435486,11115,250,-1,-1,1,572,82.1,0,-1.0,0,0,0,639,359
4008,48447,48446593,11107,250,-1,-1,1,571,82.2,0,-1.0,0,0,0,639,359
4009,48484,48479913,33320,250,-1,-1,1,551,27.0,0,-1.0,0,0,0,639,359
4010,48492,48491033,11120,250,-1,-1,1,551,45.5,0,-1.0,0,0,0,639,359
4011,48503,48502136,11103,250,-1,-1,1,554,53.6,0,-1.0,0,0,0,639,359
4012,48514,48513247,11111,250,-1,-1,1,552,59.7,0,-1.0,0,0,0,639,359
4013,48525,48524360,11113,250,-1,-1,1,552,64.1,0,-1.0,0,0,0,639,359
4014,48536,48535466,11106,250,-1,-1,1,554,67.4,0,-1.0,0,0,0,639,359
4015,48548,48546573,11107,250,-1,-1,1,555,70.0,1,-1.0,0,0,0,639,359
4016,48559,48557685,11112,250,-1,-1,1,577,72.1,0,-1.0,0,0,0,639,359
4017,48570,48568798,11113,250,-1,-1,1,572,73.8,0,-1.0,0,0,0,639,359
4018,48581,48579907,11109,250,75,84,0,660,68.5,0,48.0,1,0,0,639,359
4019,48594,48591015,11108,250,70,81,0,755,74.8,0,48.1,1,0,0,639,359
4020,48603,48602126,11111,250,67,78,0,558,76.9,0,48.2,1,0,0,639,359
4021,48614,48613230,11104,250,66,74,0,557,77.8,0,48.3,1,0,0,639,359
4022,48625,48624339,11109,250,66,71,0,555,78.7,0,48.3,1,0,0,639,359
4023,48637,48635446,11107,250,68,67,0,556,79.4,0,48.3,1,0,0,639,359
4024,48647,48646558,11112,250,70,65,0,555,80.0,1,48.4,1,0,0,639,359
4025,48658,48657668,11110,250,-1,-1,1,578,80.6,0,-1.0,1,0,0,639,359
4026,48670,48668782,11114,250,-1,-1,1,572,81.1,0,-1.0,1,0,0,639,359
4027,48681,48679891,11109,250,-1,-1,1,661,77.2,0,-1.0,2,0,0,639,359
4028,48694,48691000,11109,250,-1,-1,1,636,81.0,0,-1.0,2,0,0,639,359
4029,48703,48702109,11109,250,-1,-1,1,559,82.4,0,-1.0,2,0,0,639,359
4030,48714,48713217,11108,250,-1,-1,1,560,82.4,0,-1.0,2,0,0,639,359
4031,48725,48724324,11107,250,-1,-1,1,551,82.7,0,-1.0,2,0,0,639,359
4032,48736,48735430,11106,250,-1,-1,1,552,83.0,0,-1.0,2,0,0,639,359
4033,48747,48746539,11109,250,-1,-1,1,550,83.3,1,-1.0,2,0,0,639,359
4034,48758,48757654,11115,250,-1,-1,1,575,83.6,0,-1.0,2,0,0,639,359
4035,48770,48768761,11107,250,-1,-1,1,564,83.9,0,-1.0,2,0,0,639,359
4036,48781,48779872,11111,250,-1,-1,1,630,84.1,0,-1.0,2,0,0,639,359
4037,48792,48790978,11106,250,-1,-1,1,659,84.3,0,-1.0,2,0,0,639,359
4038,48803,48802091,11113,250,-1,-1,1,553,84.5,0,-1.0,2,0,0,639,359
4039,48814,48813195,11104,250,-1,-1,1,550,84.5,0,-1.0,2,0,0,639,359
4040,48825,48824303,11108,250,-1,-1,1,551,84.7,0,-1.0,2,0,0,639,359
4041,48836,48835414,11111,250,-1,-1,1,550,84.8,0,-1.0,2,0,0,639,359
4042,48847,48846522,11108,250,-1,-1,1,551,85.0,1,-1.0,2,0,0,639,359
4043,48859,48857635,11113,250,-1,-1,1,570,85.2,0,-1.0,2,0,0,639,359
4044,48870,48868746,11111,250,-1,-1,1,572,85.3,0,-1.0,2,0,0,639,359
4045,48881,48879855,11109,250,-1,-1,1,631,85.5,0,-1.0,2,0,0,639,359
4046,48892,48890964,11109,250,-1,-1,1,657,85.6,0,-1.0,2,0,0,639,359
4047,48903,48902074,11110,250,-1,-1,1,551,85.5,0,-1.0,2,0,0,639,359
4048,48914,48913179,11105,250,-1,-1,1,551,85.7,0,-1.0,2,0,0,639,359
4049,48925,48924287,11108,250,-1,-1,1,546,85.8,0,-1.0,2,0,0,639,359
4050,48972,48935401,11114,250,-1,-1,1,659,80.0,0,-1.0,2,0,0,639,359
4051,48973,48968707,33306,250,-1,-1,1,626,81.7,1,-1.0,2,0,0,639,359
4052,48981,48979844,11137,250,-1,-1,1,582,82.6,0,-1.0,2,0,0,639,359
4053,48992,48990939,11095,250,-1,-1,1,552,82.6,0,-1.0,2,0,0,639,359
4054,49003,49002050,11111,250,-1,-1,1,552,82.9,0,-1.0,2,0,0,639,359
4055,49014,49013161,11111,250,-1,-1,1,657,82.9,0,-1.0,2,0,0,639,359
4056,49025,49024272,11111,250,-1,-1,1,574,83.0,0,-1.0,2,0,0,639,359
4057,49036,49035382,11110,250,-1,-1,1,555,83.2,0,-1.0,2,0,0,639,359
4058,49047,49046495,11113,250,-1,-1,1,659,83.3,0,-1.0,2,0,0,639,359
4059,49059,49057691,11196,250,-1,-1,1,659,83.5,0,-1.0,2,0,0,639,359
4060,49070,49068710,11019,250,-1,-1,1,623,83.1,1,-1.0,0,0,0,639,359
4061,49081,49079822,11112,250,-1,-1,1,570,83.7,0,-1.0,0,0,0,639,359
4062,49092,49090930,11108,250,-1,-1,1,551,83.9,0,-1.0,0,0,0,639,359
4063,49103,49102038,11108,250,-1,-1,1,548,84.0,0,-1.0,0,0,0,639,359
4064,49114,49113146,11108,250,-1,-1,1,655,84.0,0,-1.0,0,0,0,639,359
4065,49125,49124375,11229,250,-1,-1,1,550,84.1,0,-1.0,0,0,0,639,359
4066,49136,49135362,10987,250,-1,-1,1,551,84.2,0,-1.0,0,0,0,639,359
4067,49147,49146471,11109,250,-1,-1,1,550,84.3,0,-1.0,0,0,0,639,359
4068,49158,49157584,11113,250,-1,-1,1,553,84.4,0,-1.0,0,0,0,639,359
4069,49170,49168689,11105,250,350,88,0,556,83.2,1,45.4,1,0,0,639,359
4070,49182,49179801,11112,250,355,90,0,556,84.5,0,45.3,1,0,0,639,359
4071,49192,49190913,11112,250,360,91,0,564,84.7,0,45.3,1,0,0,639,359
4072,49203,49202022,11109,250,364,93,0,662,84.7,0,45.3,1,0,0,639,359
4073,49214,49213131,11109,250,368,94,0,555,84.7,0,45.4,1,0,0,639,359
4074,49225,49224242,11111,250,373,96,0,658,84.8,0,45.4,1,0,0,639,359
4075,49236,49235349,11107,250,380,98,0,555,84.9,0,45.4,1,0,0,639,359
4076,49247,49246456,11107,250,-1,-1,1,553,85.0,0,-1.0,1,0,0,639,359
4077,49259,49257565,11109,250,-1,-1,1,552,85.1,0,-1.0,1,0,0,639,359
4078,49269,49268672,11107,250,-1,-1,1,554,84.2,1,-1.0,2,0,0,639,359
4079,49281,49279784,11112,250,-1,-1,1,555,85.1,0,-1.0,2,0,0,639,359
4080,49292,49290895,11111,250,-1,-1,1,573,85.3,0,-1.0,2,0,0,639,359
4081,49303,49302083,11188,250,-1,-1,1,654,85.3,0,-1.0,2,0,0,639,359
4082,49314,49313110,11027,250,-1,-1,1,549,85.5,0,-1.0,2,0,0,639,359
4083,49325,49324222,11112,250,-1,-1,1,575,85.4,0,-1.0,2,0,0,639,359
4084,49336,49335331,11109,250,-1,-1,1,554,85.5,0,-1.0,2,0,0,639,359
4085,49347,49346437,11106,250,-1,-1,1,551,85.6,0,-1.0,2,0,0,639,359
4086,49358,49357547,11110,250,-1,-1,1,550,85.6,0,-1.0,2,0,0,639,359
4087,49369,49368654,11107,250,-1,-1,1,551,85.7,1,-1.0,2,0,0,639,359
4088,49381,49379772,11118,250,-1,-1,1,572,85.7,0,-1.0,2,0,0,639,359
4089,49392,49390878,11106,250,528,129,0,576,83.6,0,47.2,1,0,0,639,359
4090,49417,49413089,22211,250,-1,-1,1,553,84.6,0,-1.0,1,0,0,639,359
4091,49425,49424206,11117,250,-1,-1,1,662,84.9,0,-1.0,1,0,0,639,359
4092,49436,49435312,11106,250,-1,-1,1,557,84.7,0,-1.0,2,0,0,639,359
4093,49447,49446424,11112,250,-1,-1,1,554,85.0,0,-1.0,2,0,0,639,359
4094,49458,49457535,11111,250,-1,-1,1,550,90.9,0,-1.0,2,0,0,639,359
4095,49469,49468638,11103,250,-1,-1,1,554,90.9,0,-1.0,2,0,0,639,359
4096,49481,49479749,11111,250,-1,-1,1,553,90.9,1,-1.0,2,0,0,639,359
4097,49492,49490869,11120,250,-1,-1,1,570,90.9,0,-1.0,2,0,0,639,359
4098,49503,49501971,11102,250,-1,-1,1,571,90.9,0,-1.0,2,0,0,639,359
4099,49514,49513081,11110,250,-1,-1,1,658,89.6,0,-1.0,2,0,0,639,359
4100,49525,49524345,11264,250,-1,-1,1,656,89.7,0,-1.0,2,0,0,639,359
4101,49536,49535297,10952,250,-1,-1,1,546,89.9,0,-1.0,2,0,0,639,359
4102,49547,49546402,11105,250,-1,-1,1,546,90.0,0,-1.0,2,0,0,639,359
4103,49558,49557515,11113,250,-1,-1,1,543,90.1,0,-1.0,2,0,0,639,359
4104,49570,49568620,11105,250,-1,-1,1,547,90.2,0,-1.0,2,0,0,639,359
4105,49581,49579734,11114,250,-1,-1,1,547,90.2,1,-1.0,2,0,0,639,359
4106,49592,49590843,11109,250,-1,-1,1,584,90.3,0,-1.0,2,0,0,639,359
4107,49603,49601952,11109,250,-1,-1,1,568,90.3,0,-1.0,2,0,0,639,359
4108,49614,49613061,11109,250,-1,-1,1,656,89.8,0,-1.0,2,0,0,639,359
4109,49625,49624173,11112,250,-1,-1,1,641,89.9,0,-1.0,2,0,0,639,359
4110,49636,49635280,11107,250,-1,-1,1,533,89.9,0,-1.0,2,0,0,639,359
4111,49647,49646386,11106,250,-1,-1,1,536,90.0,0,-1.0,2,0,0,639,359
4112,49658,49657496,11110,250,-1,-1,1,534,90.0,0,-1.0,2,0,0,639,359
4113,49669,49668606,11110,250,-1,-1,1,534,90.1,0,-1.0,2,0,0,639,359
4114,49681,49679710,11104,250,-1,-1,1,536,90.1,1,-1.0,2,0,0,639,359
4115,49692,49690828,11118,250,-1,-1,1,547,90.2,0,-1.0,2,0,0,639,359
4116,49703,49701935,11107,250,-1,-1,1,538,90.2,0,-1.0,2,0,0,639,359
4117,49714,49713044,11109,250,-1,-1,1,643,89.9,0,-1.0,2,0,0,639,359
4118,49725,49724152,11108,250,-1,-1,1,638,89.9,0,-1.0,2,0,0,639,359
4119,49736,49735264,11112,250,-1,-1,1,535,90.0,0,-1.0,2,0,0,639,359
4120,49747,49746370,11106,250,181,128,0,540,41.0,0,1.5,1,0,0,639,359
4121,50107,50101842,355472,250,-1,-1,1,53,42.5,0,-1.0,1,110,18,195,103
4122,50114,50112972,11130,250,-1,-1,1,56,43.5,0,-1.0,1,108,15,195,102
4123,50125,50124078,11106,250,-1,-1,1,56,43.6,1,-1.0,2,105,9,196,100
4124,50137,50135185,11107,250,-1,-1,1,547,44.9,0,-1.0,2,0,0,639,359
4125,50147,50146309,11124,250,-1,-1,1,554,45.7,0,-1.0,2,0,0,639,359
4126,50158,50157411,11102,250,-1,-1,1,664,46.4,0,-1.0,2,0,0,639,359
4127,50169,50168521,11110,250,-1,-1,1,539,47.1,0,-1.0,2,0,0,639,359
4128,50180,50179636,11115,250,-1,-1,1,641,47.7,0,-1.0,2,0,0,639,359
4129,50192,50190740,11104,250,-1,-1,1,622,48.4,0,-1.0,2,0,0,639,359
4130,50203,50201848,11108,250,-1,-1,1,543,49.0,0,-1.0,2,0,0,639,359
4131,50214,50212955,11107,250,-1,-1,1,538,49.6,0,-1.0,2,0,0,639,359
4132,50225,50224065,11110,250,-1,-1,1,543,50.2,1,-1.0,2,0,0,639,359
4133,50236,50235177,11112,250,-1,-1,1,563,50.7,0,-1.0,2,0,0,639,359
4134,50247,50246290,11113,250,-1,-1,1,560,51.2,0,-1.0,2,0,0,639,359
4135,50258,50257399,11109,250,-1,-1,1,649,51.8,0,-1.0,2,0,0,639,359
4136,50269,50268621,11222,250,-1,-1,1,650,52.3,0,-1.0,2,0,0,639,359
4137,50280,50279614,10993,250,-1,-1,1,545,52.8,0,-1.0,2,0,0,639,359
4138,50292,50290727,11113,250,-1,-1,1,546,53.3,0,-1.0,2,0,0,639,359
4139,50303,50301829,11102,250,-1,-1,1,557,53.8,0,-1.0,2,0,0,639,359
4140,50359,50312940,11111,250,-1,-1,1,688,51.6,0,-1.0,2,0,0,639,359
4141,50360,50357361,44421,250,-1,-1,1,621,52.6,1,-1.0,2,0,0,639,359
4142,50370,50368489,11128,250,-1,-1,1,547,53.1,0,-1.0,2,0,0,639,359
4143,50380,50379596,11107,250,-1,-1,1,548,53.6,0,-1.0,2,0,0,639,359
4144,50392,50390706,11110,250,-1,-1,1,551,54.0,0,-1.0,2,0,0,639,359
4145,50403,50401812,11106,250,-1,-1,1,656,54.5,0,-1.0,2,0,0,639,359
4146,50414,50412922,11110,250,-1,-1,1,596,54.8,0,-1.0,2,0,0,639,359
4147,50425,50424035,11113,250,-1,-1,1,571,55.3,0,-1.0,2,0,0,639,359
4148,50436,50435144,11109,250,-1,-1,1,663,55.6,0,-1.0,2,0,0,639,359
4149,50447,50446253,11109,250,-1,-1,1,659,56.0,0,-1.0,2,0,0,639,359
4150,50470,50468466,22213,250,-1,-1,1,550,45.5,1,-1.0,2,0,0,639,359
4151,50480,50479584,11118,250,-1,-1,1,551,60.6,0,-1.0,2,0,0,639,359
4152,50492,50490796,11212,250,-1,-1,1,655,68.2,0,-1.0,2,0,0,639,359
4153,50503,50501799,11003,250,-1,-1,1,536,72.7,0,-1.0,2,0,0,639,359
4154,50514,50512908,11109,250,-1,-1,1,537,75.8,0,-1.0,2,0,0,639,359
4155,50525,50524015,11107,250,-1,-1,1,641,77.9,0,-1.0,2,0,0,639,359
4156,50536,50535127,11112,250,-1,-1,1,534,76.1,0,-1.0,0,0,0,639,359
4157,50547,50546231,11104,250,-1,-1,1,533,80.0,0,-1.0,0,0,0,639,359
4158,50558,50557343,11112,250,-1,-1,1,532,81.1,0,-1.0,0,0,0,639,359
4159,50569,50568450,11107,250,-1,-1,1,535,82.0,1,-1.0,0,0,0,639,359
4160,50580,50579563,11113,250,-1,-1,1,554,82.7,0,-1.0,0,0,0,639,359
4161,50592,50590671,11108,250,-1,-1,1,545,83.3,0,-1.0,0,0,0,639,359
4162,50603,50601783,11112,250,-1,-1,1,639,83.9,0,-1.0,0,0,0,639,359
4163,50614,50612889,11106,250,-1,-1,1,639,84.3,0,-1.0,0,0,0,639,359
4164,50625,50624002,11113,250,-1,-1,1,620,84.7,0,-1.0,0,0,0,639,359
4165,50636,50635107,11105,250,-1,-1,1,538,84.7,0,-1.0,0,0,0,639,359
4166,50647,50646215,11108,250,-1,-1,1,538,85.0,0,-1.0,0,0,0,639,359
4167,50658,50657321,11106,250,-1,-1,1,536,85.3,0,-1.0,0,0,0,639,359
4168,50669,50668437,11116,250,-1,-1,1,535,85.6,1,-1.0,0,0,0,639,359
4169,50680,50679550,11113,250,-1,-1,1,552,85.8,0,-1.0,0,0,0,639,359
4170,50691,50690657,11107,250,-1,-1,1,554,86.1,0,-1.0,0,0,0,639,359
4171,50703,50701763,11106,250,-1,-1,1,638,86.3,0,-1.0,0,0,0,639,359
4172,50714,50712870,11107,250,-1,-1,1,535,86.5,0,-1.0,0,0,0,639,359
4173,50725,50723978,11108,250,-1,-1,1,534,86.3,0,-1.0,0,0,0,639,359
4174,50736,50735090,11112,250,-1,-1,1,542,86.8,0,-1.0,0,0,0,639,359
4175,50747,50746199,11109,250,-1,-1,1,549,86.7,0,-1.0,0,0,0,639,359
4176,50758,50757309,11110,250,-1,-1,1,548,86.8,0,-1.0,0,0,0,639,359
4177,50769,50768420,11111,250,-1,-1,1,546,87.0,1,-1.0,0,0,0,639,359
4178,50780,50779531,11111,250,-1,-1,1,551,87.1,0,-1.0,0,0,0,639,359
4179,50791,50790635,11104,250,-1,-1,1,574,87.2,0,-1.0,0,0,0,639,359
4180,50803,50801750,11115,250,-1,-1,1,653,87.3,0,-1.0,0,0,0,639,359
4181,50814,50812855,11105,250,-1,-1,1,660,87.2,0,-1.0,0,0,0,639,359
4182,50825,50823970,11115,250,-1,-1,1,547,87.5,0,-1.0,0,0,0,639,359
4183,50836,50835072,11102,250,-1,-1,1,542,87.6,0,-1.0,0,0,0,639,359
4184,50847,50846183,11111,250,-1,-1,1,541,87.5,0,-1.0,0,0,0,639,359
4185,50858,50857289,11106,250,-1,-1,1,577,87.6,0,-1.0,0,0,0,639,359
4186,50869,50868400,11111,250,-1,-1,1,573,87.7,1,-1.0,0,0,0,639,359
4187,50880,50879510,11110,250,-1,-1,1,577,87.8,0,-1.0,0,0,0,639,359
4188,50891,50890623,11113,250,-1,-1,1,565,87.8,0,-1.0,0,0,0,639,359
4189,50903,50901728,11105,250,-1,-1,1,665,87.9,0,-1.0,0,0,0,639,359
4190,50914,50912837,11109,250,-1,-1,1,556,88.0,0,-1.0,0,0,0,639,359
4191,50925,50923945,11108,250,-1,-1,1,546,87.9,0,-1.0,0,0,0,639,359
4192,50936,50935055,11110,250,-1,-1,1,545,88.1,0,-1.0,0,0,0,639,359
4193,50947,50946166,11111,250,-1,-1,1,539,88.0,0,-1.0,0,0,0,639,359
4194,50958,50957273,11107,250,-1,-1,1,541,88.1,0,-1.0,0,0,0,639,359
4195,50969,50968383,11110,250,-1,-1,1,538,88.1,1,-1.0,0,0,0,639,359
4196,50980,50979496,11113,250,-1,-1,1,558,88.2,0,-1.0,0,0,0,639,359
4197,50992,50990603,11107,250,-1,-1,1,542,88.2,0,-1.0,0,0,0,639,359
4198,51003,51001715,11112,250,-1,-1,1,640,88.3,0,-1.0,0,0,0,639,359
4199,51014,51012818,11103,250,-1,-1,1,635,88.3,0,-1.0,0,0,0,639,359
4200,51025,51023931,11113,250,-1,-1,1,528,88.4,0,-1.0,0,0,0,639,359
4201,51036,51035038,11107,250,-1,-1,1,526,88.3,0,-1.0,0,0,0,639,359
4202,51047,51046144,11106,250,-1,-1,1,528,88.5,0,-1.0,0,0,0,639,359
4203,51058,51057253,11109,250,-1,-1,1,525,88.4,0,-1.0,0,0,0,639,359
4204,51069,51068369,11116,250,-1,-1,1,535,88.4,1,-1.0,0,0,0,639,359
4205,51081,51079480,11111,250,-1,-1,1,557,88.5,0,-1.0,0,0,0,639,359
4206,51091,51090589,11109,250,-1,-1,1,557,88.5,0,-1.0,0,0,0,639,359
4207,51103,51101697,11108,250,-1,-1,1,643,88.5,0,-1.0,0,0,0,639,359
4208,51114,51112807,11110,250,-1,-1,1,650,88.6,0,-1.0,0,0,0,639,359
4209,51125,51123911,11104,250,-1,-1,1,543,88.6,0,-1.0,0,0,0,639,359
4210,51136,51135021,11110,250,-1,-1,1,544,88.7,0,-1.0,0,0,0,639,359
4211,51147,51146128,11107,250,-1,-1,1,546,88.7,0,-1.0,0,0,0,639,359
4212,51158,51157240,11112,250,-1,-1,1,550,88.6,0,-1.0,0,0,0,639,359
4213,51169,51168345,11105,250,-1,-1,1,549,88.6,1,-1.0,0,0,0,639,359
4214,51180,51179465,11120,250,-1,-1,1,573,88.7,0,-1.0,0,0,0,639,359
4215,51191,51190570,11105,250,-1,-1,1,574,88.7,0,-1.0,0,0,0,639,359
4216,51203,51201682,11112,250,-1,-1,1,665,88.7,0,-1.0,0,0,0,639,359
4217,51214,51212786,11104,250,-1,-1,1,560,88.8,0,-1.0,0,0,0,639,359
4218,51225,51223895,11109,250,-1,-1,1,558,88.8,0,-1.0,0,0,0,639,359
4219,51236,51235005,11110,250,-1,-1,1,565,88.8,0,-1.0,0,0,0,639,359
4220,51247,51246112,11107,250,-1,-1,1,574,88.9,0,-1.0,0,0,0,639,359
4221,51258,51257226,11114,250,-1,-1,1,542,88.8,0,-1.0,0,0,0,639,359
4222,51269,51268331,11105,250,-1,-1,1,541,88.8,1,-1.0,0,0,0,639,359
4223,51280,51279444,11113,250,-1,-1,1,548,88.8,0,-1.0,0,0,0,639,359
4224,51291,51290553,11109,250,-1,-1,1,543,88.9,0,-1.0,0,0,0,639,359
4225,51303,51301660,11107,250,-1,-1,1,647,88.9,0,-1.0,0,0,0,639,359
4226,51314,51312773,11113,250,-1,-1,1,644,88.9,0,-1.0,0,0,0,639,359
4227,51325,51323877,11104,250,-1,-1,1,543,88.9,0,-1.0,0,0,0,639,359
4228,51336,51334988,11111,250,-1,-1,1,540,89.0,0,-1.0,0,0,0,639,359
4229,51347,51346093,11105,250,-1,-1,1,542,88.9,0,-1.0,0,0,0,639,359
4230,51410,51357207,11114,250,-1,-1,1,650,84.1,0,-1.0,0,0,0,639,359
4231,51411,51401636,44429,250,-1,-1,1,2193,84.9,1,-1.0,0,0,0,639,359
4232,51414,51412741,11105,250,-1,-1,1,625,85.8,0,-1.0,0,0,0,639,359
4233,51425,51423868,11127,250,-1,-1,1,547,86.0,0,-1.0,0,0,0,639,359
4234,51436,51434969,11101,250,-1,-1,1,543,85.9,0,-1.0,0,0,0,639,359
4235,51447,51446078,11109,250,-1,-1,1,543,86.1,0,-1.0,0,0,0,639,359
4236,51458,51457190,11112,250,-1,-1,1,653,86.1,0,-1.0,0,0,0,639,359
4237,51507,51501619,44429,250,-1,-1,1,649,20.8,0,-1.0,0,0,0,639,359
4238,51514,51512737,11118,250,-1,-1,1,651,36.4,0,-1.0,0,0,0,639,359
4239,51525,51523852,11115,250,-1,-1,1,661,44.8,0,-1.0,0,0,0,639,359
4240,51536,51534956,11104,250,-1,-1,1,547,51.9,1,-1.0,0,0,0,639,359
4241,51547,51546065,11109,250,-1,-1,1,565,56.8,0,-1.0,0,0,0,639,359
4242,51558,51557177,11112,250,-1,-1,1,564,60.0,0,-1.0,0,0,0,639,359
4243,51569,51568283,11106,250,-1,-1,1,647,63.1,0,-1.0,0,0,0,639,359
4244,51580,51579388,11105,250,-1,-1,1,649,65.6,0,-1.0,0,0,0,639,359
4245,51591,51590499,11111,250,-1,-1,1,547,67.7,0,-1.0,0,0,0,639,359
4246,51602,51601606,11107,250,-1,-1,1,546,69.4,0,-1.0,0,0,0,639,359
4247,51614,51612716,11110,250,-1,-1,1,546,71.0,0,-1.0,0,0,0,639,359
4248,51625,51623823,11107,250,-1,-1,1,544,72.3,0,-1.0,0,0,0,639,359
4249,51636,51634934,11111,250,-1,-1,1,545,73.4,1,-1.0,0,0,0,639,359
4250,51647,51646048,11114,250,-1,-1,1,566,74.5,0,-1.0,0,0,0,639,359
4251,51658,51657155,11107,250,-1,-1,1,563,75.0,0,-1.0,0,0,0,639,359
4252,51669,51668271,11116,250,-1,-1,1,650,75.8,0,-1.0,0,0,0,639,359
4253,51680,51679378,11107,250,-1,-1,1,650,76.6,0,-1.0,0,0,0,639,359
4254,51691,51690490,11112,250,-1,-1,1,615,77.3,0,-1.0,0,0,0,639,359
4255,51703,51701590,11100,250,-1,-1,1,545,77.9,0,-1.0,0,0,0,639,359
4256,51714,51712698,11108,250,-1,-1,1,545,78.4,0,-1.0,0,0,0,639,359
4257,51725,51723808,11110,250,-1,-1,1,544,78.9,0,-1.0,0,0,0,639,359
4258,51736,51734918,11110,250,-1,-1,1,542,79.4,1,-1.0,0,0,0,639,359
4259,51747,51746029,11111,250,-1,-1,1,565,79.6,0,-1.0,0,0,0,639,359
4260,51758,51757141,11112,250,-1,-1,1,565,80.0,0,-1.0,0,0,0,639,359
4261,51769,51768250,11109,250,-1,-1,1,649,80.4,0,-1.0,0,0,0,639,359
4262,51780,51779362,11112,250,-1,-1,1,653,80.7,0,-1.0,0,0,0,639,359
4263,51792,51790470,11108,250,-1,-1,1,544,81.1,0,-1.0,0,0,0,639,359
4264,51802,51801576,11106,250,-1,-1,1,542,81.4,0,-1.0,0,0,0,639,359
4265,51813,51812684,11108,250,-1,-1,1,542,81.7,0,-1.0,0,0,0,639,359
4266,51825,51823791,11107,250,-1,-1,1,541,82.0,0,-1.0,0,0,0,639,359
4267,51836,51834901,11110,250,-1,-1,1,542,82.0,1,-1.0,0,0,0,639,359
4268,51847,51846018,11117,250,-1,-1,1,565,82.5,0,-1.0,0,0,0,639,359
4269,51858,51857124,11106,250,-1,-1,1,565,82.7,0,-1.0,0,0,0,639,359
4270,51869,51868234,11110,250,-1,-1,1,652,82.7,0,-1.0,0,0,0,639,359
4271,51880,51879341,11107,250,-1,-1,1,646,82.9,0,-1.0,0,0,0,639,359
4272,51891,51890454,11113,250,-1,-1,1,544,83.1,0,-1.0,0,0,0,639,359
4273,51902,51901556,11102,250,-1,-1,1,546,83.3,0,-1.0,0,0,0,639,359
4274,51913,51912668,11112,250,-1,-1,1,546,83.5,0,-1.0,0,0,0,639,359
4275,51925,51923777,11109,250,-1,-1,1,549,83.7,0,-1.0,0,0,0,639,359
4276,51936,51934885,11108,250,-1,-1,1,551,83.9,1,-1.0,0,0,0,639,359
4277,51947,51945997,11112,250,-1,-1,1,562,84.0,0,-1.0,0,0,0,639,359
4278,51958,51957107,11110,250,-1,-1,1,556,84.2,0,-1.0,0,0,0,639,359
4279,51969,51968214,11107,250,-1,-1,1,655,84.1,0,-1.0,0,0,0,639,359
4280,51980,51979326,11112,250,-1,-1,1,654,84.3,0,-1.0,0,0,0,639,359
4281,51991,51990435,11109,250,-1,-1,1,549,84.4,0,-1.0,0,0,0,639,359
4282,52002,52001542,11107,250,-1,-1,1,550,84.6,0,-1.0,0,0,0,639,359
4283,52014,52012650,11108,250,-1,-1,1,549,84.7,0,-1.0,0,0,0,639,359
4284,52025,52023759,11109,250,331,62,0,552,83.2,0,45.7,1,0,0,639,359
4285,52037,52034868,11109,250,336,65,0,558,84.8,1,45.6,1,0,0,639,359
4286,52047,52045981,11113,250,339,67,0,579,85.0,0,45.5,1,0,0,639,359
4287,52058,52057088,11107,250,342,68,0,639,85.0,0,45.5,1,0,0,639,359
4288,52069,52068203,11115,250,344,69,0,559,85.1,0,45.5,1,0,0,639,359
4289,52080,52079309,11106,250,346,70,0,651,85.2,0,45.5,1,0,0,639,359
4290,52091,52090418,11109,250,348,70,0,559,85.3,0,45.5,1,0,0,639,359
4291,52103,52101522,11104,250,350,70,0,560,85.4,0,45.5,1,0,0,639,359
4292,52113,52112631,11109,250,351,71,0,558,85.5,0,45.5,1,0,0,639,359
4293,52125,52123744,11113,250,352,72,0,556,85.6,0,45.5,1,0,0,639,359
4294,52136,52134854,11110,250,353,73,0,559,85.7,1,45.5,1,0,0,639,359
4295,52147,52145963,11109,250,354,75,0,585,85.6,0,45.5,1,0,0,639,359
4296,52158,52157072,11109,250,354,76,0,580,85.8,0,45.5,1,0,0,639,359
4297,52169,52168181,11109,250,354,76,0,659,85.8,0,45.5,1,0,0,639,359
4298,52180,52179290,11109,250,354,76,0,659,85.9,0,45.4,1,0,0,639,359
4299,52191,52190398,11108,250,354,75,0,559,85.9,0,45.4,1,0,0,639,359
4300,52202,52201507,11109,250,354,74,0,641,86.0,0,45.4,1,0,0,639,359
4301,52213,52212615,11108,250,353,73,0,556,86.1,0,45.3,1,0,0,639,359
4302,52225,52223725,11110,250,352,72,0,555,86.2,0,45.4,1,0,0,639,359
4303,52236,52234833,11108,250,352,71,0,560,86.2,1,45.5,1,0,0,639,359
4304,52247,52245945,11112,250,351,71,0,578,86.3,0,45.5,1,0,0,639,359
4305,52258,52257058,11113,250,351,70,0,575,86.4,0,45.5,1,0,0,639,359
4306,52269,52268169,11111,250,350,70,0,663,86.3,0,45.5,1,0,0,639,359
4307,52280,52279275,11106,250,350,71,0,667,86.4,0,45.5,1,0,0,639,359
4308,52291,52290382,11107,250,350,71,0,557,86.4,0,45.4,1,0,0,639,359
4309,52302,52301487,11105,250,349,71,0,557,86.5,0,45.4,1,0,0,639,359
4310,52313,52312597,11110,250,349,71,0,559,86.5,0,45.4,1,0,0,639,359
4311,52325,52323706,11109,250,349,71,0,563,86.6,0,45.4,1,0,0,639,359
4312,52336,52334814,11108,250,348,70,0,561,86.7,1,45.5,1,0,0,639,359
4313,52347,52345930,11116,250,348,70,0,582,86.7,0,45.5,1,0,0,639,359
4314,52358,52357038,11108,250,347,70,0,579,86.8,0,45.5,1,0,0,639,359
4315,52369,52368150,11112,250,346,70,0,662,86.7,0,45.4,1,0,0,639,359
4316,52380,52379252,11102,250,345,69,0,660,86.8,0,45.5,1,0,0,639,359
4317,52391,52390365,11113,250,345,68,0,557,86.8,0,45.5,1,0,0,639,359
4318,52402,52401472,11107,250,344,68,0,559,86.9,0,45.5,1,0,0,639,359
4319,52414,52412580,11108,250,345,68,0,560,86.9,0,45.4,1,0,0,639,359
4320,52487,52423688,11108,250,345,68,0,1227,81.6,0,45.5,1,0,0,639,359
4321,52548,52546023,122335,250,-1,-1,1,619,16.4,1,-1.0,1,0,0,639,359
4322,52558,52557009,10986,250,347,71,0,561,28.6,0,45.5,1,0,0,639,359
4323,52569,52568113,11104,250,347,72,0,559,36.6,0,45.4,1,0,0,639,359
4324,52580,52579227,11114,250,348,72,0,558,43.0,0,45.4,1,0,0,639,359
4325,52591,52590333,11106,250,348,73,0,663,48.1,0,45.5,1,0,0,639,359
4326,52602,52601439,11106,250,349,74,0,557,52.2,0,45.5,1,0,0,639,359
4327,52613,52612548,11109,250,350,75,0,560,55.6,0,45.4,1,0,0,639,359
4328,52624,52623658,11110,250,350,75,0,558,58.4,0,45.4,1,0,0,639,359
4329,52636,52634764,11106,250,351,75,0,559,60.8,0,45.4,1,0,0,639,359
4330,52647,52645874,11110,250,351,75,0,559,62.9,1,45.4,1,0,0,639,359
4331,52658,52656986,11112,250,351,75,0,582,64.7,0,45.4,1,0,0,639,359
4332,52669,52668097,11111,250,352,75,0,572,66.3,0,45.3,1,0,0,639,359
4333,52680,52679205,11108,250,352,74,0,660,67.4,0,45.4,1,0,0,639,359
4334,52691,52690451,11246,250,353,74,0,665,68.6,0,45.5,1,0,0,639,359
4335,52702,52701422,10971,250,353,74,0,557,69.8,0,45.4,1,0,0,639,359
4336,52713,52712537,11115,250,354,74,0,557,70.8,0,45.4,1,0,0,639,359
4337,52725,52723639,11102,250,354,74,0,556,71.7,0,45.4,1,0,0,639,359
4338,52736,52734748,11109,250,355,75,0,558,72.6,0,45.4,1,0,0,639,359
4339,52747,52745857,11109,250,356,76,0,558,73.4,1,45.5,1,0,0,639,359
4340,52758,52756973,11116,250,357,77,0,580,74.1,0,45.5,1,0,0,639,359
4341,52769,52768075,11102,250,357,78,0,562,74.5,0,45.5,1,0,0,639,359
4342,52780,52779188,11113,250,358,80,0,656,75.1,0,45.4,1,0,0,639,359
4343,52791,52790301,11113,250,359,81,0,552,75.7,0,45.4,1,0,0,639,359
4344,52802,52801407,11106,250,359,81,0,664,76.2,0,45.4,1,0,0,639,359
4345,52814,52812513,11106,250,358,81,0,554,76.7,0,45.4,1,0,0,639,359
4346,52824,52823622,11109,250,358,82,0,558,77.2,0,45.4,1,0,0,639,359
4347,52836,52834735,11113,250,358,82,0,557,77.6,0,45.3,1,0,0,639,359
4348,52847,52845844,11109,250,358,82,0,554,78.0,1,45.4,1,0,0,639,359
4349,52858,52856955,11111,250,358,81,0,580,78.2,0,45.4,1,0,0,639,359
4350,52869,52868063,11108,250,358,81,0,579,78.7,0,45.3,1,0,0,639,359
4351,52880,52879168,11105,250,358,81,0,657,78.9,0,45.4,1,0,0,639,359
4352,52891,52890281,11113,250,357,81,0,555,79.2,0,45.4,1,0,0,639,359
4353,52902,52901391,11110,250,357,81,0,662,79.5,0,45.4,1,0,0,639,359
4354,52913,52912501,11110,250,357,81,0,555,79.8,0,45.3,1,0,0,639,359
4355,52924,52923605,11104,250,357,81,0,560,80.1,0,45.3,1,0,0,639,359
4356,52936,52934714,11109,250,357,81,0,554,80.4,0,45.4,1,0,0,639,359
4357,52947,52945825,11111,250,357,82,0,554,80.6,1,45.4,1,0,0,639,359
4358,52958,52956938,11113,250,356,82,0,579,80.9,0,45.3,1,0,0,639,359
4359,52969,52968044,11106,250,356,82,0,576,81.1,0,45.3,1,0,0,639,359
4360,52980,52979162,11118,250,356,82,0,659,81.1,0,45.3,1,0,0,639,359
4361,52991,52990260,11098,250,356,82,0,664,81.3,0,45.3,1,0,0,639,359
4362,53002,53001375,11115,250,356,81,0,563,81.6,0,45.4,1,0,0,639,359
4363,53013,53012479,11104,250,355,81,0,558,81.7,0,45.4,1,0,0,639,359
4364,53024,53023586,11107,250,355,81,0,557,81.9,0,45.4,1,0,0,639,359
4365,53036,53034693,11107,250,355,81,0,557,82.1,0,45.3,1,0,0,639,359
4366,53047,53045810,11117,250,355,81,0,556,82.3,1,45.4,1,0,0,639,359
4367,53058,53056920,11110,250,355,80,0,560,82.5,0,45.3,1,0,0,639,359
4368,53069,53068035,11115,250,355,81,0,557,82.6,0,45.3,1,0,0,639,359
4369,53080,53079138,11103,250,355,81,0,659,82.6,0,45.4,1,0,0,639,359
4370,53091,53090448,11310,250,354,81,0,639,82.8,0,45.3,1,0,0,639,359
4371,53103,53101357,10909,250,354,81,0,557,82.9,0,45.3,1,0,0,639,359
4372,53113,53112464,11107,250,354,81,0,555,83.1,0,45.3,1,0,0,639,359
4373,53125,53123570,11106,250,354,81,0,558,83.2,0,45.3,1,0,0,639,359
4374,53135,53134679,11109,250,354,81,0,555,83.3,0,45.3,1,0,0,639,359
4375,53147,53145788,11109,250,354,81,0,557,83.5,1,45.3,1,0,0,639,359
4376,53158,53156903,11115,250,354,81,0,564,83.6,0,45.4,1,0,0,639,359
4377,53169,53168009,11106,250,355,81,0,578,83.6,0,45.4,1,0,0,639,359
4378,53180,53179122,11113,250,355,82,0,663,83.7,0,45.3,1,0,0,639,359
4379,53191,53190335,11213,250,355,82,0,665,83.8,0,45.4,1,0,0,639,359
4380,53203,53201344,11009,250,355,83,0,755,83.9,0,45.4,1,0,0,639,359
4381,53214,53212449,11105,250,355,83,0,559,84.0,0,45.3,1,0,0,639,359
4382,53224,53223556,11107,250,355,83,0,555,84.1,0,45.3,1,0,0,639,359
4383,53235,53234665,11109,250,354,84,0,559,84.2,0,45.3,1,0,0,639,359
4384,53247,53245771,11106,250,355,84,0,560,84.3,1,45.3,1,0,0,639,359
4385,53258,53256889,11118,250,354,84,0,560,84.3,0,45.3,1,0,0,639,359
4386,53269,53267995,11106,250,354,83,0,566,84.5,0,45.3,1,0,0,639,359
4387,53280,53279106,11111,250,354,83,0,665,84.5,0,45.3,1,0,0,639,359
4388,53291,53290311,11205,250,354,83,0,557,84.6,0,45.3,1,0,0,639,359
4389,53302,53301318,11007,250,354,83,0,559,84.7,0,45.3,1,0,0,639,359
4390,53313,53312429,11111,250,354,83,0,557,84.7,0,45.3,1,0,0,639,359
4391,53324,53323535,11106,250,354,83,0,557,84.8,0,45.4,1,0,0,639,359
4392,53335,53334647,11112,250,354,83,0,556,84.9,0,45.4,1,0,0,639,359
4393,53347,53345755,11108,250,354,84,0,560,85.0,1,45.3,1,0,0,639,359
4394,53358,53356871,11116,250,354,84,0,575,85.1,0,45.3,1,0,0,639,359
4395,53369,53367980,11109,250,353,84,0,574,85.1,0,45.3,1,0,0,639,359
4396,53380,53379089,11109,250,353,84,0,664,85.1,0,45.3,1,0,0,639,359
4397,53391,53390190,11101,250,353,84,0,557,85.2,0,45.3,1,0,0,639,359
4398,53402,53401303,11113,250,352,84,0,562,85.2,0,45.3,1,0,0,639,359
4399,53413,53412411,11108,250,352,84,0,559,85.3,0,45.3,1,0,0,639,359
4400,53424,53423521,11110,250,352,84,0,557,85.4,0,45.3,1,0,0,639,359
4401,53436,53434627,11106,250,352,84,0,554,85.4,0,45.3,1,0,0,639,359
4402,53447,53445739,11112,250,352,83,0,557,85.5,1,45.3,1,0,0,639,359
4403,53458,53456852,11113,250,352,83,0,580,85.6,0,45.3,1,0,0,639,359
4404,53469,53467963,11111,250,352,82,0,580,85.6,0,45.3,1,0,0,639,359
4405,53480,53479068,11105,250,352,82,0,661,85.6,0,45.3,1,0,0,639,359
4406,53491,53490329,11261,250,352,82,0,661,85.7,0,45.3,1,0,0,639,359
4407,53512,53501286,10957,250,352,82,0,1935,45.5,0,45.3,1,0,0,639,359
4408,53514,53512386,11100,250,352,82,0,550,90.9,0,45.3,1,0,0,639,359
4409,53525,53523504,11118,250,352,83,0,560,90.9,0,45.4,1,0,0,639,359
4410,53605,53534611,11107,250,352,83,0,661,35.1,0,45.3,1,0,0,639,359
4411,53606,53601261,66650,250,351,84,0,665,43.5,1,45.3,1,0,0,639,359
4412,53613,53612388,11127,250,351,85,0,657,49.2,0,45.3,1,0,0,639,359
4413,53624,53623488,11100,250,351,85,0,562,52.6,0,45.3,1,0,0,639,359
4414,53635,53634595,11107,250,351,85,0,555,55.6,0,45.3,1,0,0,639,359
4415,53647,53645711,11116,250,351,85,0,667,58.1,0,45.3,1,0,0,639,359
4416,53658,53656815,11104,250,351,86,0,558,59.9,0,45.3,1,0,0,639,359
4417,53669,53667927,11112,250,351,86,0,576,62.1,0,45.3,1,0,0,639,359
4418,53680,53679032,11105,250,351,86,0,662,63.5,0,45.3,1,0,0,639,359
4419,53691,53690144,11112,250,351,85,0,557,65.0,0,45.3,1,0,0,639,359
4420,53702,53701252,11108,250,351,85,0,660,66.4,1,45.2,1,0,0,639,359
4421,53713,53712363,11111,250,351,85,0,560,67.6,0,45.3,1,0,0,639,359
4422,53724,53723470,11107,250,351,86,0,561,68.7,0,45.3,1,0,0,639,359
4423,53735,53734583,11113,250,351,86,0,640,69.7,0,45.3,1,0,0,639,359
4424,53747,53745690,11107,250,351,86,0,557,70.6,0,45.3,1,0,0,639,359
4425,53758,53756797,11107,250,351,87,0,556,71.4,0,45.3,1,0,0,639,359
4426,53769,53767906,11109,250,351,87,0,556,72.2,0,45.3,1,0,0,639,359
4427,53780,53779016,11110,250,351,87,0,554,72.9,0,45.3,1,0,0,639,359
4428,53791,53790122,11106,250,351,87,0,558,73.3,0,45.3,1,0,0,639,359
4429,53802,53801238,11116,250,351,88,0,559,74.0,1,45.3,1,0,0,639,359
4430,53813,53812345,11107,250,352,88,0,574,74.5,0,45.2,1,0,0,639,359
4431,53824,53823457,11112,250,352,88,0,573,75.1,0,45.3,1,0,0,639,359
4432,53836,53834563,11106,250,352,88,0,663,75.6,0,45.3,1,0,0,639,359
4433,53847,53845671,11108,250,353,88,0,661,76.1,0,45.3,1,0,0,639,359
4434,53858,53856779,11108,250,353,88,0,554,76.3,0,45.3,1,0,0,639,359
4435,53869,53867893,11114,250,354,89,0,556,76.9,0,45.2,1,0,0,639,359
4436,53880,53878998,11105,250,355,89,0,556,77.1,0,45.3,1,0,0,639,359
4437,53891,53890109,11111,250,355,89,0,561,77.7,0,45.3,1,0,0,639,359
4438,53902,53901216,11107,250,356,90,0,557,77.9,1,45.2,1,0,0,639,359
4439,53913,53912328,11112,250,357,90,0,580,78.2,0,45.3,1,0,0,639,359
4440,53925,53923438,11110,250,357,91,0,572,78.5,0,45.3,1,0,0,639,359
4441,53935,53934548,11110,250,358,93,0,654,78.8,0,45.3,1,0,0,639,359
4442,53947,53945651,11103,250,358,94,0,665,79.1,0,45.3,1,0,0,639,359
4443,53958,53956765,11114,250,358,95,0,556,79.4,0,45.3,1,0,0,639,359
4444,53969,53967873,11108,250,359,97,0,553,79.5,0,45.2,1,0,0,639,359
4445,53980,53978982,11109,250,359,98,0,554,79.9,0,45.2,1,0,0,639,359
4446,53991,53990090,11108,250,360,99,0,557,80.2,0,45.2,1,0,0,639,359
4447,54002,54001203,11113,250,361,100,0,556,80.2,1,45.2,1,0,0,639,359
4448,54013,54012312,11109,250,362,100,0,580,80.5,0,45.2,1,0,0,639,359
4449,54024,54023419,11107,250,362,99,0,578,80.7,0,45.1,1,0,0,639,359
4450,54035,54034531,11112,250,362,99,0,662,80.9,0,45.2,1,0,0,639,359
4451,54047,54045638,11107,250,362,98,0,665,81.1,0,45.1,1,0,0,639,359
4452,54058,54056747,11109,250,361,96,0,554,81.3,0,45.1,1,0,0,639,359
4453,54069,54067857,11110,250,361,95,0,554,81.5,0,45.2,1,0,0,639,359
4454,54080,54078962,11105,250,359,94,0,557,81.6,0,45.1,1,0,0,639,359
4455,54091,54090072,11110,250,356,91,0,560,81.8,0,45.0,1,0,0,639,359
4456,54102,54101181,11109,250,352,88,0,558,81.8,1,45.1,1,0,0,639,359
4457,54113,54112295,11114,250,347,84,0,563,82.0,0,45.1,1,0,0,639,359
4458,54124,54123402,11107,250,341,81,0,559,82.1,0,45.0,1,0,0,639,359
4459,54135,54134512,11110,250,334,78,0,660,82.3,0,45.1,1,0,0,639,359
4460,54147,54145623,11111,250,-1,-1,1,662,82.4,0,-1.0,1,0,0,639,359
4461,54158,54156729,11106,250,-1,-1,1,550,82.5,0,-1.0,1,0,0,639,359
4462,54169,54167835,11106,250,-1,-1,1,550,82.0,0,-1.0,2,0,0,639,359
4463,54180,54178948,11113,250,-1,-1,1,554,82.8,0,-1.0,2,0,0,639,359
4464,54191,54190053,11105,250,-1,-1,1,553,82.9,0,-1.0,2,0,0,639,359
4465,54202,54201165,11112,250,-1,-1,1,551,83.0,1,-1.0,2,0,0,639,359
4466,54213,54212278,11113,250,-1,-1,1,578,83.1,0,-1.0,2,0,0,639,359
4467,54224,54223388,11110,250,-1,-1,1,570,83.2,0,-1.0,2,0,0,639,359
4468,54236,54234497,11109,250,-1,-1,1,657,83.3,0,-1.0,2,0,0,639,359
4469,54246,54245605,11108,250,-1,-1,1,547,83.4,0,-1.0,2,0,0,639,359
4470,54258,54256710,11105,250,-1,-1,1,650,83.6,0,-1.0,2,0,0,639,359
4471,54269,54267824,11114,250,-1,-1,1,579,83.7,0,-1.0,2,0,0,639,359
4472,54280,54278927,11103,250,-1,-1,1,548,83.7,0,-1.0,2,0,0,639,359
4473,54291,54290041,11114,250,-1,-1,1,548,83.9,0,-1.0,2,0,0,639,359
4474,54302,54301144,11103,250,-1,-1,1,547,84.0,1,-1.0,2,0,0,639,359
4475,54313,54312263,11119,250,-1,-1,1,570,83.9,0,-1.0,2,0,0,639,359
4476,54324,54323366,11103,250,-1,-1,1,573,84.0,0,-1.0,2,0,0,639,359
4477,54335,54334480,11114,250,-1,-1,1,658,84.1,0,-1.0,2,0,0,639,359
4478,54346,54345587,11107,250,-1,-1,1,656,84.2,0,-1.0,2,0,0,639,359
4479,54358,54356695,11108,250,-1,-1,1,546,84.3,0,-1.0,2,0,0,639,359
4480,54369,54367804,11109,250,-1,-1,1,581,84.4,0,-1.0,2,0,0,639,359
4481,54380,54378948,11144,250,-1,-1,1,545,84.5,0,-1.0,2,0,0,639,359
4482,54391,54390019,11071,250,-1,-1,1,544,84.5,0,-1.0,2,0,0,639,359
4483,54402,54401131,11112,250,-1,-1,1,541,84.6,1,-1.0,2,0,0,639,359
4484,54413,54412242,11111,250,-1,-1,1,567,84.6,0,-1.0,2,0,0,639,359
4485,54424,54423351,11109,250,-1,-1,1,545,84.7,0,-1.0,2,0,0,639,359
4486,54435,54434461,11110,250,-1,-1,1,624,84.7,0,-1.0,2,0,0,639,359
4487,54446,54445572,11111,250,-1,-1,1,544,84.8,0,-1.0,2,0,0,639,359
4488,54458,54456679,11107,250,-1,-1,1,550,84.9,0,-1.0,2,0,0,639,359
4489,54469,54467789,11110,250,-1,-1,1,545,85.0,0,-1.0,2,0,0,639,359
4490,54480,54478889,11100,250,-1,-1,1,550,85.0,0,-1.0,2,0,0,639,359
4491,54491,54490007,11118,250,-1,-1,1,546,85.1,0,-1.0,2,0,0,639,359
4492,54502,54501115,11108,250,-1,-1,1,546,85.1,1,-1.0,2,0,0,639,359
4493,54563,54556655,55540,250,-1,-1,1,545,16.7,0,-1.0,2,0,0,639,359
4494,54569,54567779,11124,250,-1,-1,1,545,30.3,0,-1.0,2,0,0,639,359
4495,54580,54578880,11101,250,-1,-1,1,544,33.3,0,-1.0,0,0,0,639,359
4496,54593,54589989,11109,250,-1,-1,1,542,44.0,0,-1.0,0,0,0,639,359
4497,54602,54601102,11113,250,-1,-1,1,546,50.5,0,-1.0,0,0,0,639,359
4498,54613,54612205,11103,250,-1,-1,1,547,54.1,0,-1.0,0,0,0,639,359
4499,54624,54623313,11108,250,-1,-1,1,542,57.4,0,-1.0,0,0,0,639,359
4500,54715,54634424,11111,250,-1,-1,1,624,37.6,0,-1.0,0,0,0,639,359
4501,54716,54712175,77751,250,-1,-1,1,616,42.1,1,-1.0,0,0,0,639,359
4502,54724,54723303,11128,250,-1,-1,1,631,45.0,0,-1.0,0,0,0,639,359
4503,54735,54734406,11103,250,-1,-1,1,544,47.2,0,-1.0,0,0,0,639,359
4504,54746,54745514,11108,250,-1,-1,1,545,49.2,0,-1.0,0,0,0,639,359
4505,54757,54756625,11111,250,-1,-1,1,649,51.0,0,-1.0,0,0,0,639,359
4506,54769,54767740,11115,250,-1,-1,1,543,52.6,0,-1.0,0,0,0,639,359
4507,54780,54778845,11105,250,-1,-1,1,546,54.2,0,-1.0,0,0,0,639,359
4508,54791,54789955,11110,250,-1,-1,1,651,55.6,0,-1.0,0,0,0,639,359
4509,54802,54801066,11111,250,-1,-1,1,545,56.9,0,-1.0,0,0,0,639,359
4510,54813,54812176,11110,250,-1,-1,1,654,57.9,1,-1.0,0,0,0,639,359
4511,54824,54823288,11112,250,-1,-1,1,566,59.0,0,-1.0,0,0,0,639,359
4512,54835,54834396,11108,250,-1,-1,1,566,60.1,0,-1.0,0,0,0,639,359
4513,54846,54845503,11107,250,-1,-1,1,649,61.0,0,-1.0,0,0,0,639,359
4514,54858,54856624,11121,250,-1,-1,1,656,62.0,0,-1.0,0,0,0,639,359
4515,54869,54867724,11100,250,-1,-1,1,542,62.7,0,-1.0,0,0,0,639,359
4516,54880,54878826,11102,250,-1,-1,1,545,63.7,0,-1.0,0,0,0,639,359
4517,54891,54889935,11109,250,-1,-1,1,547,64.4,0,-1.0,0,0,0,639,359
4518,54902,54901045,11110,250,-1,-1,1,543,65.0,0,-1.0,0,0,0,639,359
4519,54913,54912150,11105,250,-1,-1,1,544,65.7,1,-1.0,0,0,0,639,359
4520,54924,54923265,11115,250,-1,-1,1,548,66.4,0,-1.0,0,0,0,639,359
4521,54935,54934379,11114,250,-1,-1,1,565,67.0,0,-1.0,0,0,0,639,359
4522,54947,54945488,11109,250,-1,-1,1,653,67.6,0,-1.0,0,0,0,639,359
4523,54957,54956594,11106,250,-1,-1,1,544,68.1,0,-1.0,0,0,0,639,359
4524,54969,54967701,11107,250,-1,-1,1,543,68.7,0,-1.0,0,0,0,639,359
4525,54980,54978812,11111,250,-1,-1,1,544,69.2,0,-1.0,0,0,0,639,359
4526,54991,54989919,11107,250,-1,-1,1,544,69.5,0,-1.0,0,0,0,639,359
4527,55002,55001027,11108,250,-1,-1,1,546,70.1,0,-1.0,0,0,0,639,359
4528,55013,55012137,11110,250,-1,-1,1,545,70.6,1,-1.0,0,0,0,639,359
4529,55024,55023253,11116,250,-1,-1,1,551,70.9,0,-1.0,0,0,0,639,359
4530,55035,55034359,11106,250,-1,-1,1,567,71.3,0,-1.0,0,0,0,639,359
4531,55046,55045471,11112,250,-1,-1,1,649,71.7,0,-1.0,0,0,0,639,359
4532,55057,55056572,11101,250,-1,-1,1,544,72.1,0,-1.0,0,0,0,639,359
4533,55069,55067686,11114,250,-1,-1,1,647,72.4,0,-1.0,0,0,0,639,359
4534,55080,55078793,11107,250,-1,-1,1,545,72.8,0,-1.0,0,0,0,639,359
4535,55091,55089901,11108,250,-1,-1,1,542,73.1,0,-1.0,0,0,0,639,359
4536,55102,55101009,11108,250,-1,-1,1,542,73.5,0,-1.0,0,0,0,639,359
4537,55113,55112121,11112,250,-1,-1,1,546,73.8,1,-1.0,0,0,0,639,359
4538,55124,55123234,11113,250,-1,-1,1,546,74.0,0,-1.0,0,0,0,639,359
4539,55135,55134341,11107,250,-1,-1,1,551,74.2,0,-1.0,0,0,0,639,359
4540,55146,55145450,11109,250,-1,-1,1,629,74.5,0,-1.0,0,0,0,639,359
4541,55157,55156560,11110,250,-1,-1,1,652,74.8,0,-1.0,0,0,0,639,359
4542,55169,55167668,11108,250,-1,-1,1,542,75.1,0,-1.0,0,0,0,639,359
4543,55180,55178775,11107,250,-1,-1,1,545,75.3,0,-1.0,0,0,0,639,359
4544,55191,55189884,11109,250,-1,-1,1,542,75.6,0,-1.0,0,0,0,639,359
4545,55202,55200994,11110,250,-1,-1,1,545,75.8,0,-1.0,0,0,0,639,359
4546,55213,55212103,11109,250,-1,-1,1,547,75.9,1,-1.0,0,0,0,639,359
4547,55224,55223219,11116,250,-1,-1,1,563,76.2,0,-1.0,0,0,0,639,359
4548,55235,55234328,11109,250,-1,-1,1,566,76.4,0,-1.0,0,0,0,639,359
4549,55246,55245435,11107,250,-1,-1,1,651,76.6,0,-1.0,0,0,0,639,359
4550,55258,55256542,11107,250,-1,-1,1,653,76.8,0,-1.0,0,0,0,639,359
4551,55269,55267652,11110,250,-1,-1,1,542,76.9,0,-1.0,0,0,0,639,359
4552,55280,55278760,11108,250,-1,-1,1,544,77.2,0,-1.0,0,0,0,639,359
4553,55291,55289871,11111,250,-1,-1,1,545,77.4,0,-1.0,0,0,0,639,359
4554,55302,55300976,11105,250,-1,-1,1,542,77.5,0,-1.0,0,0,0,639,359
4555,55313,55312084,11108,250,-1,-1,1,544,77.8,1,-1.0,0,0,0,639,359
4556,55324,55323199,11115,250,-1,-1,1,566,77.9,0,-1.0,0,0,0,639,359
4557,55335,55334312,11113,250,-1,-1,1,565,78.0,0,-1.0,0,0,0,639,359
4558,55347,55345419,11107,250,-1,-1,1,653,78.2,0,-1.0,0,0,0,639,359
4559,55357,55356528,11109,250,-1,-1,1,542,78.4,0,-1.0,0,0,0,639,359
4560,55368,55367635,11107,250,-1,-1,1,568,78.5,0,-1.0,0,0,0,639,359
4561,55380,55378741,11106,250,-1,-1,1,540,78.7,0,-1.0,0,0,0,639,359
4562,55391,55389849,11108,250,-1,-1,1,541,78.8,0,-1.0,0,0,0,639,359
4563,55402,55400961,11112,250,-1,-1,1,542,79.0,0,-1.0,0,0,0,639,359
4564,55413,55412068,11107,250,-1,-1,1,544,79.1,1,-1.0,0,0,0,639,359
4565,55424,55423180,11112,250,-1,-1,1,552,79.2,0,-1.0,0,0,0,639,359
4566,55435,55434290,11110,250,-1,-1,1,564,79.3,0,-1.0,0,0,0,639,359
4567,55446,55445399,11109,250,-1,-1,1,650,79.4,0,-1.0,0,0,0,639,359
4568,55457,55456505,11106,250,-1,-1,1,544,79.6,0,-1.0,0,0,0,639,359
4569,55468,55467620,11115,250,-1,-1,1,568,79.7,0,-1.0,0,0,0,639,359
4570,55480,55478728,11108,250,-1,-1,1,545,79.8,0,-1.0,0,0,0,639,359
4571,55491,55489835,11107,250,-1,-1,1,541,80.0,0,-1.0,0,0,0,639,359
4572,55502,55500941,11106,250,-1,-1,1,543,80.1,0,-1.0,0,0,0,639,359
4573,55513,55512054,11113,250,-1,-1,1,543,80.2,1,-1.0,0,0,0,639,359
4574,55565,55556474,44420,250,-1,-1,1,625,19.2,0,-1.0,0,0,0,639,359
4575,55569,55567584,11110,250,-1,-1,1,625,36.4,0,-1.0,0,0,0,639,359
4576,55580,55578715,11131,250,-1,-1,1,541,45.5,0,-1.0,0,0,0,639,359
4577,55591,55589813,11098,250,-1,-1,1,541,51.9,0,-1.0,0,0,0,639,359
4578,55602,55600926,11113,250,-1,-1,1,545,56.8,0,-1.0,0,0,0,639,359
4579,55613,55612035,11109,250,-1,-1,1,543,60.0,0,-1.0,0,0,0,639,359
4580,55624,55623146,11111,250,-1,-1,1,542,63.6,0,-1.0,0,0,0,639,359
4581,55635,55634254,11108,250,-1,-1,1,543,65.6,0,-1.0,0,0,0,639,359
4582,55646,55645362,11108,250,-1,-1,1,542,67.7,1,-1.0,0,0,0,639,359
4583,55658,55656475,11113,250,-1,-1,1,557,69.4,0,-1.0,0,0,0,639,359
4584,55668,55667584,11109,250,-1,-1,1,565,71.0,0,-1.0,0,0,0,639,359
4585,55680,55678695,11111,250,-1,-1,1,653,72.3,0,-1.0,0,0,0,639,359
4586,55691,55689804,11109,250,-1,-1,1,542,73.4,0,-1.0,0,0,0,639,359
4587,55702,55700909,11105,250,-1,-1,1,573,74.1,0,-1.0,0,0,0,639,359
4588,55713,55712020,11111,250,-1,-1,1,545,75.4,0,-1.0,0,0,0,639,359
4589,55724,55723126,11106,250,-1,-1,1,544,76.2,0,-1.0,0,0,0,639,359
4590,55816,55734232,11106,250,-1,-1,1,651,56.1,0,-1.0,0,0,0,639,359
4591,55817,55811983,77751,250,-1,-1,1,618,59.2,1,-1.0,0,0,0,639,359
4592,55824,55823124,11141,250,-1,-1,1,651,61.1,0,-1.0,0,0,0,639,359
4593,55835,55834222,11098,250,-1,-1,1,544,62.1,0,-1.0,0,0,0,639,359
4594,55846,55845328,11106,250,-1,-1,1,558,63.1,0,-1.0,0,0,0,639,359
4595,55857,55856435,11107,250,-1,-1,1,544,64.0,0,-1.0,0,0,0,639,359
4596,55868,55867553,11118,250,-1,-1,1,645,64.8,0,-1.0,0,0,0,639,359
4597,55880,55878659,11106,250,-1,-1,1,563,65.6,0,-1.0,0,0,0,639,359
4598,55891,55889770,11111,250,-1,-1,1,567,66.3,0,-1.0,0,0,0,639,359
4599,55902,55900879,11109,250,-1,-1,1,652,67.0,0,-1.0,0,0,0,639,359
4600,55913,55911987,11108,250,-1,-1,1,653,67.5,1,-1.0,0,0,0,639,359
4601,55925,55923100,11113,250,-1,-1,1,544,68.1,0,-1.0,0,0,0,639,359
4602,55935,55934202,11102,250,-1,-1,1,566,68.7,0,-1.0,0,0,0,639,359
4603,55947,55945311,11109,250,-1,-1,1,541,69.3,0,-1.0,0,0,0,639,359
4604,55957,55956426,11115,250,-1,-1,1,545,69.8,0,-1.0,0,0,0,639,359
4605,55969,55967531,11105,250,-1,-1,1,651,70.3,0,-1.0,0,0,0,639,359
4606,55979,55978644,11113,250,-1,-1,1,542,70.8,0,-1.0,0,0,0,639,359
4607,55991,55989747,11103,250,-1,-1,1,545,71.3,0,-1.0,0,0,0,639,359
4608,56002,56000858,11111,250,-1,-1,1,545,71.7,0,-1.0,0,0,0,639,359
4609,56013,56011967,11109,250,-1,-1,1,540,72.0,1,-1.0,0,0,0,639,359
4610,56024,56023084,11117,250,-1,-1,1,566,72.5,0,-1.0,0,0,0,639,359
4611,56035,56034189,11105,250,-1,-1,1,567,72.8,0,-1.0,0,0,0,639,359
4612,56046,56045299,11110,250,-1,-1,1,651,73.2,0,-1.0,0,0,0,639,359
4613,56057,56056406,11107,250,-1,-1,1,544,73.5,0,-1.0,0,0,0,639,359
4614,56068,56067519,11113,250,-1,-1,1,624,73.9,0,-1.0,0,0,0,639,359
4615,56079,56078620,11101,250,-1,-1,1,545,74.2,0,-1.0,0,0,0,639,359
4616,56091,56089733,11113,250,-1,-1,1,546,74.5,0,-1.0,0,0,0,639,359
4617,56102,56100840,11107,250,-1,-1,1,545,74.8,0,-1.0,0,0,0,639,359
4618,56113,56111949,11109,250,-1,-1,1,546,75.1,1,-1.0,0,0,0,639,359
4619,56124,56123061,11112,250,-1,-1,1,551,75.4,0,-1.0,0,0,0,639,359
4620,56135,56134174,11113,250,-1,-1,1,567,75.6,0,-1.0,0,0,0,639,359
4621,56146,56145282,11108,250,-1,-1,1,651,75.8,0,-1.0,0,0,0,639,359
4622,56157,56156393,11111,250,-1,-1,1,544,76.1,0,-1.0,0,0,0,639,359
4623,56168,56167500,11107,250,-1,-1,1,572,76.3,0,-1.0,0,0,0,639,359
4624,56179,56178605,11105,250,-1,-1,1,544,76.6,0,-1.0,0,0,0,639,359
4625,56191,56189709,11104,250,-1,-1,1,541,76.8,0,-1.0,0,0,0,639,359
4626,56202,56200823,11114,250,-1,-1,1,543,77.0,0,-1.0,0,0,0,639,359
4627,56213,56211933,11110,250,-1,-1,1,544,77.3,1,-1.0,0,0,0,639,359
4628,56224,56223047,11114,250,-1,-1,1,552,77.5,0,-1.0,0,0,0,639,359
4629,56235,56234153,11106,250,-1,-1,1,566,77.6,0,-1.0,0,0,0,639,359
4630,56246,56245262,11109,250,-1,-1,1,650,77.8,0,-1.0,0,0,0,639,359
4631,56257,56256372,11110,250,-1,-1,1,544,78.0,0,-1.0,0,0,0,639,359
4632,56268,56267486,11114,250,-1,-1,1,649,78.1,0,-1.0,0,0,0,639,359
4633,56280,56278590,11104,250,-1,-1,1,542,78.3,0,-1.0,0,0,0,639,359
4634,56291,56289699,11109,250,-1,-1,1,543,78.5,0,-1.0,0,0,0,639,359
4635,56302,56300806,11107,250,-1,-1,1,545,78.7,0,-1.0,0,0,0,639,359
4636,56313,56311915,11109,250,-1,-1,1,546,78.8,1,-1.0,0,0,0,639,359
4637,56324,56323029,11114,250,-1,-1,1,554,78.9,0,-1.0,0,0,0,639,359
4638,56335,56334136,11107,250,-1,-1,1,563,79.1,0,-1.0,0,0,0,639,359
4639,56346,56345244,11108,250,-1,-1,1,648,79.2,0,-1.0,0,0,0,639,359
4640,56357,56356357,11113,250,-1,-1,1,554,79.4,0,-1.0,0,0,0,639,359
4641,56369,56367463,11106,250,-1,-1,1,644,79.5,0,-1.0,0,0,0,639,359
4642,56379,56378571,11108,250,-1,-1,1,546,79.7,0,-1.0,0,0,0,639,359
4643,56390,56389677,11106,250,-1,-1,1,542,79.8,0,-1.0,0,0,0,639,359
4644,56402,56400790,11113,250,-1,-1,1,541,80.0,0,-1.0,0,0,0,639,359
4645,56413,56411900,11110,250,-1,-1,1,547,80.1,1,-1.0,0,0,0,639,359
4646,56424,56423013,11113,250,-1,-1,1,567,80.2,0,-1.0,0,0,0,639,359
4647,56435,56434123,11110,250,-1,-1,1,564,80.3,0,-1.0,0,0,0,639,359
4648,56446,56445232,11109,250,-1,-1,1,646,80.4,0,-1.0,0,0,0,639,359
4649,56457,56456335,11103,250,-1,-1,1,544,80.5,0,-1.0,0,0,0,639,359
4650,56468,56467448,11113,250,-1,-1,1,545,80.6,0,-1.0,0,0,0,639,359
4651,56479,56478554,11106,250,-1,-1,1,545,80.7,0,-1.0,0,0,0,639,359
4652,56490,56489665,11111,250,-1,-1,1,546,80.9,0,-1.0,0,0,0,639,359
4653,56502,56500771,11106,250,-1,-1,1,543,81.0,0,-1.0,0,0,0,639,359
4654,56513,56511884,11113,250,-1,-1,1,545,81.1,1,-1.0,0,0,0,639,359
4655,56575,56567421,55537,250,-1,-1,1,1110,16.1,0,-1.0,0,0,0,639,359
4656,56579,56578533,11112,250,-1,-1,1,567,30.3,0,-1.0,0,0,0,639,359
4657,56591,56589646,11113,250,-1,-1,1,541,39.0,0,-1.0,0,0,0,639,359
4658,56602,56600756,11110,250,-1,-1,1,542,45.5,0,-1.0,0,0,0,639,359
4659,56613,56611865,11109,250,-1,-1,1,542,50.5,0,-1.0,0,0,0,639,359
4660,56624,56622974,11109,250,-1,-1,1,543,54.5,0,-1.0,0,0,0,639,359
4661,56635,56634082,11108,250,-1,-1,1,543,57.4,0,-1.0,0,0,0,639,359
4662,56646,56645196,11114,250,-1,-1,1,542,60.2,0,-1.0,0,0,0,639,359
4663,56657,56656300,11104,250,-1,-1,1,543,62.5,1,-1.0,0,0,0,639,359
4664,56668,56667418,11118,250,-1,-1,1,565,64.5,0,-1.0,0,0,0,639,359
4665,56680,56678523,11105,250,-1,-1,1,563,66.3,0,-1.0,0,0,0,639,359
4666,56690,56689638,11115,250,-1,-1,1,646,67.8,0,-1.0,0,0,0,639,359
4667,56702,56700739,11101,250,-1,-1,1,547,69.1,0,-1.0,0,0,0,639,359
4668,56713,56711852,11113,250,-1,-1,1,574,70.4,0,-1.0,0,0,0,639,359
4669,56724,56722953,11101,250,-1,-1,1,545,71.1,0,-1.0,0,0,0,639,359
4670,56735,56734067,11114,250,-1,-1,1,548,72.4,0,-1.0,0,0,0,639,359
4671,56746,56745174,11107,250,-1,-1,1,545,73.0,0,-1.0,0,0,0,639,359
4672,56757,56756287,11113,250,-1,-1,1,544,73.8,1,-1.0,0,0,0,639,359
4673,56768,56767395,11108,250,-1,-1,1,563,74.5,0,-1.0,0,0,0,639,359
4674,56779,56778506,11111,250,-1,-1,1,568,75.2,0,-1.0,0,0,0,639,359
4675,56790,56789615,11109,250,-1,-1,1,648,75.8,0,-1.0,0,0,0,639,359
4676,56802,56800722,11107,250,-1,-1,1,541,76.4,0,-1.0,0,0,0,639,359
4677,56813,56811833,11111,250,-1,-1,1,649,76.7,0,-1.0,0,0,0,639,359
4678,56824,56822943,11110,250,-1,-1,1,543,77.4,0,-1.0,0,0,0,639,359
4679,56835,56834044,11101,250,-1,-1,1,548,77.9,0,-1.0,0,0,0,639,359
4680,56927,56845157,11113,250,-1,-1,1,648,63.0,0,-1.0,0,0,0,639,359
4681,56927,56922908,77751,250,-1,-1,1,619,65.2,1,-1.0,0,0,0,639,359
4682,56935,56934039,11131,250,-1,-1,1,623,66.4,0,-1.0,0,0,0,639,359
4683,56946,56945142,11103,250,-1,-1,1,542,67.0,0,-1.0,0,0,0,639,359
4684,56957,56956252,11110,250,-1,-1,1,542,67.6,0,-1.0,0,0,0,639,359
4685,56968,56967362,11110,250,-1,-1,1,650,68.1,0,-1.0,0,0,0,639,359
4686,56979,56978473,11111,250,-1,-1,1,542,68.7,0,-1.0,0,0,0,639,359
4687,56991,56989579,11106,250,-1,-1,1,564,69.2,0,-1.0,0,0,0,639,359
4688,57002,57000690,11111,250,-1,-1,1,648,69.7,0,-1.0,0,0,0,639,359
4689,57013,57011797,11107,250,-1,-1,1,543,70.1,0,-1.0,0,0,0,639,359
4690,57024,57022913,11116,250,-1,-1,1,654,70.6,1,-1.0,0,0,0,639,359
4691,57035,57034091,11178,250,-1,-1,1,566,70.9,0,-1.0,0,0,0,639,359
4692,57046,57045130,11039,250,-1,-1,1,563,71.3,0,-1.0,0,0,0,639,359
4693,57057,57056339,11209,250,-1,-1,1,651,71.7,0,-1.0,0,0,0,639,359
4694,57069,57067346,11007,250,-1,-1,1,543,72.1,0,-1.0,0,0,0,639,359
4695,57080,57078456,11110,250,-1,-1,1,652,72.4,0,-1.0,0,0,0,639,359
4696,57090,57089559,11103,250,-1,-1,1,546,72.8,0,-1.0,0,0,0,639,359
4697,57101,57100667,11108,250,-1,-1,1,544,73.1,0,-1.0,0,0,0,639,359
4698,57113,57111779,11112,250,-1,-1,1,545,73.5,0,-1.0,0,0,0,639,359
4699,57124,57122886,11107,250,-1,-1,1,541,73.8,1,-1.0,0,0,0,639,359
4700,57135,57134003,11117,250,-1,-1,1,566,74.1,0,-1.0,0,0,0,639,359
4701,57146,57145110,11107,250,-1,-1,1,564,74.2,0,-1.0,0,0,0,639,359
4702,57157,57156224,11114,250,-1,-1,1,651,74.5,0,-1.0,0,0,0,639,359
4703,57168,57167328,11104,250,-1,-1,1,548,74.8,0,-1.0,0,0,0,639,359
4704,57179,57178438,11110,250,-1,-1,1,651,75.1,0,-1.0,0,0,0,639,359
4705,57190,57189542,11104,250,-1,-1,1,542,75.3,0,-1.0,0,0,0,639,359
4706,57201,57200654,11112,250,-1,-1,1,545,75.6,0,-1.0,0,0,0,639,359
4707,57213,57211760,11106,250,-1,-1,1,543,75.8,0,-1.0,0,0,0,639,359
4708,57224,57222873,11113,250,-1,-1,1,543,76.1,1,-1.0,0,0,0,639,359
4709,57235,57233985,11112,250,-1,-1,1,557,76.3,0,-1.0,0,0,0,639,359
4710,57246,57245094,11109,250,-1,-1,1,551,76.5,0,-1.0,0,0,0,639,359
4711,57257,57256204,11110,250,-1,-1,1,646,76.6,0,-1.0,0,0,0,639,359
4712,57268,57267315,11111,250,-1,-1,1,545,76.8,0,-1.0,0,0,0,639,359
4713,57279,57278421,11106,250,-1,-1,1,612,77.0,0,-1.0,0,0,0,639,359
4714,57290,57289528,11107,250,-1,-1,1,542,77.2,0,-1.0,0,0,0,639,359
4715,57302,57300635,11107,250,-1,-1,1,544,77.4,0,-1.0,0,0,0,639,359
4716,57313,57311742,11107,250,-1,-1,1,544,77.6,0,-1.0,0,0,0,639,359
4717,57324,57322856,11114,250,-1,-1,1,544,77.8,1,-1.0,0,0,0,639,359
4718,57335,57333967,11111,250,-1,-1,1,563,78.0,0,-1.0,0,0,0,639,359
4719,57346,57345078,11111,250,-1,-1,1,545,78.0,0,-1.0,0,0,0,639,359
4720,57357,57356189,11111,250,-1,-1,1,648,78.2,0,-1.0,0,0,0,639,359
4721,57368,57367292,11103,250,-1,-1,1,541,78.4,0,-1.0,0,0,0,639,359
4722,57379,57378404,11112,250,-1,-1,1,612,78.5,0,-1.0,0,0,0,639,359
4723,57391,57389508,11104,250,-1,-1,1,544,78.7,0,-1.0,0,0,0,639,359
4724,57401,57400617,11109,250,-1,-1,1,543,78.8,0,-1.0,0,0,0,639,359
4725,57413,57411726,11109,250,-1,-1,1,545,79.0,0,-1.0,0,0,0,639,359
4726,57424,57422837,11111,250,-1,-1,1,544,79.1,1,-1.0,0,0,0,639,359
4727,57435,57433947,11110,250,-1,-1,1,563,79.2,0,-1.0,0,0,0,639,359
4728,57446,57445063,11116,250,-1,-1,1,564,79.4,0,-1.0,0,0,0,639,359
4729,57457,57456167,11104,250,-1,-1,1,651,79.4,0,-1.0,0,0,0,639,359
4730,57468,57467282,11115,250,-1,-1,1,543,79.6,0,-1.0,0,0,0,639,359
4731,57479,57478387,11105,250,-1,-1,1,633,79.7,0,-1.0,0,0,0,639,359
4732,57490,57489495,11108,250,-1,-1,1,541,79.8,0,-1.0,0,0,0,639,359
4733,57501,57500600,11105,250,-1,-1,1,547,80.0,0,-1.0,0,0,0,639,359
4734,57513,57511713,11113,250,-1,-1,1,543,80.1,0,-1.0,0,0,0,639,359
4735,57524,57522819,11106,250,-1,-1,1,543,80.2,1,-1.0,0,0,0,639,359
4736,57588,57578360,55541,250,-1,-1,1,739,15.6,0,-1.0,0,0,0,639,359
4737,57591,57589465,11105,250,-1,-1,1,540,30.3,0,-1.0,0,0,0,639,359
4738,57601,57600587,11122,250,-1,-1,1,544,39.0,0,-1.0,0,0,0,639,359
4739,57613,57611694,11107,250,-1,-1,1,549,45.5,0,-1.0,0,0,0,639,359
4740,57624,57622804,11110,250,-1,-1,1,547,50.5,0,-1.0,0,0,0,639,359
4741,57635,57633909,11105,250,-1,-1,1,546,54.5,0,-1.0,0,0,0,639,359
4742,57646,57645019,11110,250,-1,-1,1,548,57.9,0,-1.0,0,0,0,639,359
4743,57657,57656128,11109,250,-1,-1,1,554,60.2,0,-1.0,0,0,0,639,359
4744,57668,57667241,11113,250,-1,-1,1,553,62.5,1,-1.0,0,0,0,639,359
4745,57679,57678349,11108,250,-1,-1,1,575,64.5,0,-1.0,0,0,0,639,359
4746,57690,57689461,11112,250,-1,-1,1,572,66.3,0,-1.0,0,0,0,639,359
4747,57702,57700574,11113,250,-1,-1,1,654,67.8,0,-1.0,0,0,0,639,359
4748,57713,57711678,11104,250,-1,-1,1,549,69.1,0,-1.0,0,0,0,639,359
4749,57724,57722792,11114,250,-1,-1,1,616,70.4,0,-1.0,0,0,0,639,359
4750,57735,57733899,11107,250,-1,-1,1,549,71.4,0,-1.0,0,0,0,639,359
4751,57746,57745002,11103,250,-1,-1,1,546,72.1,0,-1.0,0,0,0,639,359
4752,57757,57756117,11115,250,-1,-1,1,549,73.3,0,-1.0,0,0,0,639,359
4753,57768,57767221,11104,250,-1,-1,1,549,73.8,1,-1.0,0,0,0,639,359
4754,57779,57778336,11115,250,-1,-1,1,555,74.5,0,-1.0,0,0,0,639,359
4755,57791,57789442,11106,250,476,134,0,576,68.5,0,46.2,1,0,0,639,359
4756,57817,57811643,22201,250,-1,-1,1,679,71.7,0,-1.0,1,0,0,639,359
4757,57824,57822779,11136,250,469,135,0,658,73.6,0,46.1,1,0,0,639,359
4758,57835,57833883,11104,250,463,136,0,562,74.0,0,45.9,1,0,0,639,359
4759,57846,57844987,11104,250,457,136,0,556,74.8,0,45.8,1,0,0,639,359
4760,57857,57856095,11108,250,-1,-1,1,676,75.1,0,-1.0,1,0,0,639,359
4761,57868,57867205,11110,250,-1,-1,1,555,75.6,0,-1.0,1,0,0,639,359
4762,57879,57878314,11109,250,-1,-1,1,551,74.0,1,-1.0,2,0,0,639,359
4763,57891,57889429,11115,250,-1,-1,1,551,76.5,0,-1.0,2,0,0,639,359
4764,57901,57900535,11106,250,-1,-1,1,556,76.9,0,-1.0,2,0,0,639,359
4765,57912,57911648,11113,250,-1,-1,1,663,77.3,0,-1.0,2,0,0,639,359
4766,57924,57922753,11105,250,-1,-1,1,552,77.7,0,-1.0,2,0,0,639,359
4767,57935,57933864,11111,250,-1,-1,1,654,78.0,0,-1.0,2,0,0,639,359
4768,57946,57944977,11113,250,-1,-1,1,550,78.4,0,-1.0,2,0,0,639,359
4769,57957,57956077,11100,250,-1,-1,1,549,78.7,0,-1.0,2,0,0,639,359
4770,58049,57967189,11112,250,-1,-1,1,658,66.7,0,-1.0,2,0,0,639,359
4771,58050,58044932,77743,250,-1,-1,1,617,68.4,1,-1.0,2,0,0,639,359
4772,58057,58056069,11137,250,-1,-1,1,646,69.4,0,-1.0,2,0,0,639,359
4773,58068,58067173,11104,250,-1,-1,1,576,69.9,0,-1.0,2,0,0,639,359
4774,58079,58078278,11105,250,-1,-1,1,547,70.3,0,-1.0,2,0,0,639,359
4775,58090,58089393,11115,250,-1,-1,1,734,70.7,0,-1.0,2,0,0,639,359
4776,58102,58100502,11109,250,-1,-1,1,562,71.1,0,-1.0,2,0,0,639,359
4777,58112,58111614,11112,250,-1,-1,1,563,71.4,0,-1.0,2,0,0,639,359
4778,58124,58122724,11110,250,-1,-1,1,642,71.8,0,-1.0,2,0,0,639,359
4779,58135,58133830,11106,250,-1,-1,1,539,72.1,0,-1.0,2,0,0,639,359
4780,58146,58144939,11109,250,-1,-1,1,650,72.3,1,-1.0,2,0,0,639,359
4781,58157,58156048,11109,250,-1,-1,1,671,72.7,0,-1.0,2,0,0,639,359
4782,58168,58167163,11115,250,-1,-1,1,598,73.0,0,-1.0,2,0,0,639,359
4783,58179,58178267,11104,250,-1,-1,1,657,73.3,0,-1.0,2,0,0,639,359
4784,58190,58189380,11113,250,-1,-1,1,578,73.6,0,-1.0,2,0,0,639,359
4785,58201,58200489,11109,250,-1,-1,1,675,73.9,0,-1.0,2,0,0,639,359
4786,58212,58211592,11103,250,-1,-1,1,538,74.1,0,-1.0,2,0,0,639,359
4787,58223,58222699,11107,250,-1,-1,1,543,74.4,0,-1.0,2,0,0,639,359
4788,58235,58233810,11111,250,-1,-1,1,539,74.6,0,-1.0,2,0,0,639,359
4789,58246,58244921,11111,250,-1,-1,1,542,74.9,1,-1.0,2,0,0,639,359
4790,58257,58256033,11112,250,-1,-1,1,562,75.1,0,-1.0,2,0,0,639,359
4791,58269,58267141,11108,250,-1,-1,1,563,75.2,0,-1.0,2,0,0,639,359
4792,58279,58278246,11105,250,-1,-1,1,643,75.5,0,-1.0,2,0,0,639,359
4793,58290,58289362,11116,250,-1,-1,1,544,75.7,0,-1.0,2,0,0,639,359
4794,58301,58300471,11109,250,-1,-1,1,646,75.9,0,-1.0,2,0,0,639,359
4795,58312,58311577,11106,250,-1,-1,1,546,75.7,0,-1.0,0,0,0,639,359
4796,58324,58322684,11107,250,-1,-1,1,548,76.3,0,-1.0,0,0,0,639,359
4797,58335,58333795,11111,250,-1,-1,1,544,76.5,0,-1.0,0,0,0,639,359
4798,58346,58344904,11109,250,-1,-1,1,545,76.7,1,-1.0,0,0,0,639,359
4799,58357,58356017,11113,250,-1,-1,1,551,76.9,0,-1.0,0,0,0,639,359
4800,58368,58367126,11109,250,-1,-1,1,572,77.0,0,-1.0,0,0,0,639,359
4801,58379,58378234,11108,250,-1,-1,1,652,77.2,0,-1.0,0,0,0,639,359
4802,58390,58389343,11109,250,-1,-1,1,552,77.4,0,-1.0,0,0,0,639,359
4803,58401,58400452,11109,250,-1,-1,1,651,77.5,0,-1.0,0,0,0,639,359
4804,58413,58411557,11105,250,-1,-1,1,554,77.7,0,-1.0,0,0,0,639,359
4805,58423,58422670,11113,250,-1,-1,1,550,77.9,0,-1.0,0,0,0,639,359
4806,58435,58433773,11103,250,-1,-1,1,551,78.0,0,-1.0,0,0,0,639,359
4807,58446,58444884,11111,250,-1,-1,1,552,78.2,1,-1.0,0,0,0,639,359
4808,58457,58455999,11115,250,-1,-1,1,569,78.2,0,-1.0,0,0,0,639,359
4809,58468,58467105,11106,250,-1,-1,1,554,78.4,0,-1.0,0,0,0,639,359
4810,58479,58478216,11111,250,-1,-1,1,659,78.5,0,-1.0,0,0,0,639,359
4811,58490,58489328,11112,250,-1,-1,1,548,78.7,0,-1.0,0,0,0,639,359
4812,58502,58500433,11105,250,-1,-1,1,650,78.8,0,-1.0,0,0,0,639,359
4813,58512,58511546,11113,250,-1,-1,1,550,78.9,0,-1.0,0,0,0,639,359
4814,58523,58522647,11101,250,-1,-1,1,547,79.1,0,-1.0,0,0,0,639,359
4815,58535,58533758,11111,250,462,159,0,553,78.4,0,45.9,1,0,0,639,359
4816,58553,58544869,11111,250,469,160,0,668,125.0,1,46.0,1,0,0,639,359
4817,58557,58555971,11102,250,471,161,0,574,181.8,0,46.0,1,0,0,639,359
4818,58568,58567087,11116,250,475,162,0,576,136.4,0,46.1,1,0,0,639,359
4819,58579,58578335,11248,250,475,162,0,657,117.6,0,46.1,1,0,0,639,359
4820,58591,58589314,10979,250,473,162,0,555,111.1,0,46.0,1,0,0,639,359
4821,58601,58600420,11106,250,469,162,0,655,107.1,0,46.0,1,0,0,639,359
4822,58612,58611524,11104,250,-1,-1,1,552,104.5,0,-1.0,1,0,0,639,359
4823,58623,58622637,11113,250,-1,-1,1,552,102.6,0,-1.0,1,0,0,639,359
4824,58635,58633745,11108,250,-1,-1,1,551,91.8,0,-1.0,2,0,0,639,359
4825,58646,58644856,11111,250,-1,-1,1,554,100.0,1,-1.0,2,0,0,639,359
4826,58657,58655961,11105,250,-1,-1,1,574,99.1,0,-1.0,2,0,0,639,359
4827,58668,58667072,11111,250,-1,-1,1,550,97.6,0,-1.0,2,0,0,639,359
4828,58679,58678176,11104,250,-1,-1,1,635,97.0,0,-1.0,2,0,0,639,359
4829,58690,58689290,11114,250,-1,-1,1,658,96.6,0,-1.0,2,0,0,639,359
4830,58701,58700400,11110,250,-1,-1,1,549,96.2,0,-1.0,2,0,0,639,359
4831,58712,58711512,11112,250,-1,-1,1,552,95.8,0,-1.0,2,0,0,639,359
4832,58724,58722616,11104,250,-1,-1,1,548,95.5,0,-1.0,2,0,0,639,359
4833,58735,58733727,11111,250,-1,-1,1,551,95.2,0,-1.0,2,0,0,639,359
4834,58746,58744835,11108,250,-1,-1,1,548,95.0,1,-1.0,2,0,0,639,359
4835,58757,58755948,11113,250,-1,-1,1,557,94.8,0,-1.0,2,0,0,639,359
4836,58768,58767057,11109,250,-1,-1,1,546,94.2,0,-1.0,2,0,0,639,359
4837,58779,58778167,11110,250,-1,-1,1,668,94.0,0,-1.0,2,0,0,639,359
4838,58790,58789272,11105,250,-1,-1,1,553,93.9,0,-1.0,2,0,0,639,359
4839,58801,58800390,11118,250,-1,-1,1,684,93.8,0,-1.0,2,0,0,639,359
4840,58813,58811491,11101,250,-1,-1,1,540,93.6,0,-1.0,2,0,0,639,359
4841,58823,58822601,11110,250,-1,-1,1,568,93.5,0,-1.0,2,0,0,639,359
4842,58835,58833709,11108,250,-1,-1,1,563,93.4,0,-1.0,2,0,0,639,359
4843,58846,58844821,11112,250,-1,-1,1,562,93.3,1,-1.0,2,0,0,639,359
4844,58857,58855931,11110,250,-1,-1,1,563,92.9,0,-1.0,2,0,0,639,359
4845,58868,58867041,11110,250,-1,-1,1,568,93.2,0,-1.0,2,0,0,639,359
4846,58879,58878149,11108,250,-1,-1,1,673,92.8,0,-1.0,2,0,0,639,359
4847,58890,58889255,11106,250,-1,-1,1,544,92.8,0,-1.0,2,0,0,639,359
4848,58901,58900364,11109,250,-1,-1,1,650,92.7,0,-1.0,2,0,0,639,359
4849,58912,58911472,11108,250,-1,-1,1,544,92.6,0,-1.0,2,0,0,639,359
4850,58923,58922579,11107,250,-1,-1,1,544,92.6,0,-1.0,2,0,0,639,359
4851,58935,58933692,11113,250,-1,-1,1,543,92.5,0,-1.0,2,0,0,639,359
4852,58946,58944803,11111,250,-1,-1,1,543,92.5,1,-1.0,2,0,0,639,359
4853,58957,58955916,11113,250,-1,-1,1,574,92.5,0,-1.0,2,0,0,639,359
4854,58968,58967020,11104,250,-1,-1,1,577,92.4,0,-1.0,2,0,0,639,359
4855,58979,58978132,11112,250,-1,-1,1,687,92.2,0,-1.0,2,0,0,639,359
4856,58990,58989236,11104,250,-1,-1,1,570,92.1,0,-1.0,2,0,0,639,359
4857,59001,59000348,11112,250,-1,-1,1,647,90.5,0,-1.0,0,0,0,639,359
4858,59012,59011476,11128,250,-1,-1,1,544,92.1,0,-1.0,0,0,0,639,359
4859,59023,59022564,11088,250,-1,-1,1,544,92.1,0,-1.0,0,0,0,639,359
4860,59117,59033669,11105,250,-1,-1,1,654,78.8,0,-1.0,0,0,0,639,359
4861,59117,59111421,77752,250,-1,-1,1,664,80.4,1,-1.0,0,0,0,639,359
4862,59124,59122558,11137,250,-1,-1,1,650,81.3,0,-1.0,0,0,0,639,359
4863,59134,59133661,11103,250,-1,-1,1,570,81.5,0,-1.0,0,0,0,639,359
4864,59146,59144764,11103,250,-1,-1,1,549,81.7,0,-1.0,0,0,0,639,359
4865,59157,59155874,11110,250,-1,-1,1,543,81.8,0,-1.0,0,0,0,639,359
4866,59168,59166988,11114,250,-1,-1,1,650,81.9,0,-1.0,0,0,0,639,359
4867,59179,59178097,11109,250,-1,-1,1,576,82.0,0,-1.0,0,0,0,639,359
4868,59190,59189204,11107,250,-1,-1,1,552,82.2,0,-1.0,0,0,0,639,359
4869,59201,59200317,11113,250,480,149,0,661,80.6,0,46.2,1,0,0,639,359
4870,59216,59211419,11102,250,484,150,0,638,82.0,1,46.3,1,0,0,639,359
4871,59223,59222540,11121,250,485,151,0,660,82.6,0,46.3,1,0,0,639,359
4872,59234,59233645,11105,250,484,151,0,562,82.7,0,46.2,1,0,0,639,359
4873,59246,59244752,11107,250,483,151,0,560,82.9,0,46.2,1,0,0,639,359
4874,59257,59255859,11107,250,479,152,0,660,82.9,0,46.1,1,0,0,639,359
4875,59268,59266974,11115,250,-1,-1,1,554,83.1,0,-1.0,1,0,0,639,359
4876,59279,59278078,11104,250,-1,-1,1,637,83.1,0,-1.0,1,0,0,639,359
4877,59290,59289191,11113,250,-1,-1,1,550,82.1,0,-1.0,2,0,0,639,359
4878,59301,59300292,11101,250,-1,-1,1,551,83.3,0,-1.0,2,0,0,639,359
4879,59312,59311406,11114,250,-1,-1,1,549,83.4,1,-1.0,2,0,0,639,359
4880,59323,59322518,11112,250,-1,-1,1,572,83.5,0,-1.0,2,0,0,639,359
4881,59334,59333627,11109,250,-1,-1,1,564,83.7,0,-1.0,2,0,0,639,359
4882,59346,59344735,11108,250,-1,-1,1,652,83.8,0,-1.0,2,0,0,639,359
4883,59357,59355844,11109,250,-1,-1,1,548,83.8,0,-1.0,2,0,0,639,359
4884,59368,59366950,11106,250,-1,-1,1,639,83.9,0,-1.0,2,0,0,639,359
4885,59379,59378060,11110,250,-1,-1,1,552,84.0,0,-1.0,2,0,0,639,359
4886,59390,59389165,11105,250,-1,-1,1,549,84.0,0,-1.0,2,0,0,639,359
4887,59401,59400280,11115,250,-1,-1,1,550,84.1,0,-1.0,2,0,0,639,359
4888,59412,59411389,11109,250,-1,-1,1,659,84.2,1,-1.0,2,0,0,639,359
4889,59423,59422502,11113,250,-1,-1,1,570,84.3,0,-1.0,2,0,0,639,359
4890,59435,59433607,11105,250,-1,-1,1,684,84.4,0,-1.0,2,0,0,639,359
4891,59446,59444723,11116,250,-1,-1,1,654,84.4,0,-1.0,2,0,0,639,359
4892,59457,59455822,11099,250,-1,-1,1,542,84.5,0,-1.0,2,0,0,639,359
4893,59468,59466939,11117,250,-1,-1,1,648,84.6,0,-1.0,2,0,0,639,359
4894,59479,59478041,11102,250,-1,-1,1,545,84.6,0,-1.0,2,0,0,639,359
4895,59490,59489151,11110,250,-1,-1,1,539,84.7,0,-1.0,2,0,0,639,359
4896,59501,59500256,11105,250,-1,-1,1,543,84.7,0,-1.0,2,0,0,639,359
4897,59512,59511369,11113,250,-1,-1,1,574,84.8,1,-1.0,2,0,0,639,359
4898,59524,59522480,11111,250,-1,-1,1,596,84.9,0,-1.0,2,0,0,639,359
4899,59534,59533592,11112,250,-1,-1,1,597,84.9,0,-1.0,2,0,0,639,359
4900,59546,59544704,11112,250,-1,-1,1,678,85.0,0,-1.0,2,0,0,639,359
4901,59582,59578011,33307,250,-1,-1,1,657,27.0,0,-1.0,2,0,0,639,359
4902,59590,59589140,11129,250,-1,-1,1,571,44.4,0,-1.0,2,0,0,639,359
4903,59601,59600246,11106,250,-1,-1,1,569,53.6,0,-1.0,2,0,0,639,359
4904,59612,59611355,11109,250,-1,-1,1,571,59.7,0,-1.0,2,0,0,639,359
4905,59623,59622461,11106,250,-1,-1,1,573,64.1,0,-1.0,2,0,0,639,359
4906,59634,59633569,11108,250,-1,-1,1,569,67.4,1,-1.0,2,0,0,639,359
4907,59646,59644685,11116,250,-1,-1,1,573,70.0,0,-1.0,2,0,0,639,359
4908,59657,59655793,11108,250,-1,-1,1,590,72.1,0,-1.0,2,0,0,639,359
4909,59668,59666907,11114,250,-1,-1,1,671,73.8,0,-1.0,2,0,0,639,359
4910,59679,59678011,11104,250,-1,-1,1,566,67.1,0,-1.0,0,0,0,639,359
4911,59696,59689123,11112,250,-1,-1,1,569,73.3,0,-1.0,0,0,0,639,359
4912,59701,59700234,11111,250,-1,-1,1,571,76.9,0,-1.0,0,0,0,639,359
4913,59712,59711371,11137,250,-1,-1,1,570,77.8,0,-1.0,0,0,0,639,359
4914,59723,59722444,11073,250,-1,-1,1,571,78.7,0,-1.0,0,0,0,639,359
4915,59734,59733555,11111,250,-1,-1,1,540,79.4,1,-1.0,0,0,0,639,359
4916,59746,59744665,11110,250,-1,-1,1,580,80.0,0,-1.0,0,0,0,639,359
4917,59757,59755779,11114,250,-1,-1,1,554,80.6,0,-1.0,0,0,0,639,359
4918,59768,59766882,11103,250,-1,-1,1,651,81.1,0,-1.0,0,0,0,639,359
4919,59779,59777993,11111,250,-1,-1,1,541,81.5,0,-1.0,0,0,0,639,359
4920,59790,59789100,11107,250,-1,-1,1,654,81.6,0,-1.0,0,0,0,639,359
4921,59801,59800212,11112,250,-1,-1,1,547,82.0,0,-1.0,0,0,0,639,359
4922,59812,59811315,11103,250,-1,-1,1,547,82.4,0,-1.0,0,0,0,639,359
4923,59823,59822426,11111,250,-1,-1,1,549,82.7,0,-1.0,0,0,0,639,359
4924,59835,59833537,11111,250,-1,-1,1,554,83.0,1,-1.0,0,0,0,639,359
4925,59845,59844648,11111,250,-1,-1,1,572,83.3,0,-1.0,0,0,0,639,359
4926,59857,59855757,11109,250,-1,-1,1,574,83.6,0,-1.0,0,0,0,639,359
4927,59868,59866867,11110,250,-1,-1,1,654,83.9,0,-1.0,0,0,0,639,359
4928,59879,59877982,11115,250,-1,-1,1,549,83.8,0,-1.0,0,0,0,639,359
4929,59890,59889088,11106,250,-1,-1,1,653,84.1,0,-1.0,0,0,0,639,359
4930,59901,59900192,11104,250,-1,-1,1,550,84.3,0,-1.0,0,0,0,639,359
4931,59912,59911300,11108,250,-1,-1,1,549,84.5,0,-1.0,0,0,0,639,359
4932,59923,59922411,11111,250,-1,-1,1,546,84.7,0,-1.0,0,0,0,639,359
4933,59934,59933519,11108,250,-1,-1,1,553,84.8,1,-1.0,0,0,0,639,359
4934,59946,59944634,11115,250,-1,-1,1,569,85.0,0,-1.0,0,0,0,639,359
4935,59957,59955749,11115,250,-1,-1,1,569,85.2,0,-1.0,0,0,0,639,359
4936,59968,59966850,11101,250,-1,-1,1,655,85.1,0,-1.0,0,0,0,639,359
4937,59979,59977962,11112,250,-1,-1,1,551,85.3,0,-1.0,0,0,0,639,359
4938,59990,59989071,11109,250,-1,-1,1,655,85.4,0,-1.0,0,0,0,639,359
4939,60001,60000174,11103,250,-1,-1,1,554,85.5,0,-1.0,0,0,0,639,359
4940,60012,60011280,11106,250,-1,-1,1,553,85.7,0,-1.0,0,0,0,639,359
4941,60023,60022397,11117,250,529,156,0,556,83.8,0,47.1,1,0,0,639,359
4942,60035,60033503,11106,250,526,157,0,559,85.9,1,47.0,1,0,0,639,359
4943,60045,60044618,11115,250,-1,-1,1,560,86.0,0,-1.0,1,0,0,639,359
4944,60057,60055723,11105,250,-1,-1,1,554,86.1,0,-1.0,1,0,0,639,359
4945,60068,60066892,11169,250,-1,-1,1,652,84.1,0,-1.0,2,0,0,639,359
4946,60081,60077945,11053,250,-1,-1,1,632,85.8,0,-1.0,2,0,0,639,359
4947,60090,60089054,11109,250,-1,-1,1,660,86.2,0,-1.0,2,0,0,639,359
4948,60101,60100155,11101,250,-1,-1,1,551,86.3,0,-1.0,2,0,0,639,359
4949,60112,60111269,11114,250,-1,-1,1,549,86.4,0,-1.0,2,0,0,639,359
4950,60206,60122375,11106,250,-1,-1,1,693,75.8,0,-1.0,2,0,0,639,359
4951,60206,60200131,77756,250,-1,-1,1,627,77.2,1,-1.0,2,0,0,639,359
4952,60212,60211271,11140,250,-1,-1,1,651,78.0,0,-1.0,2,0,0,639,359
4953,60223,60222364,11093,250,-1,-1,1,551,78.2,0,-1.0,2,0,0,639,359
4954,60235,60233465,11101,250,-1,-1,1,546,78.4,0,-1.0,2,0,0,639,359
4955,60245,60244583,11118,250,-1,-1,1,545,78.6,0,-1.0,2,0,0,639,359
4956,60257,60255690,11107,250,-1,-1,1,657,78.8,0,-1.0,2,0,0,639,359
4957,60268,60266801,11111,250,-1,-1,1,570,78.9,0,-1.0,2,0,0,639,359
4958,60279,60277910,11109,250,-1,-1,1,565,79.0,0,-1.0,2,0,0,639,359
4959,60290,60289019,11109,250,-1,-1,1,551,79.3,0,-1.0,2,0,0,639,359
4960,60301,60300127,11108,250,-1,-1,1,651,79.4,1,-1.0,2,0,0,639,359
4961,60312,60311237,11110,250,-1,-1,1,550,79.5,0,-1.0,2,0,0,639,359
4962,60323,60322348,11111,250,-1,-1,1,654,79.7,0,-1.0,2,0,0,639,359
4963,60334,60333457,11109,250,-1,-1,1,554,79.8,0,-1.0,2,0,0,639,359
4964,60345,60344562,11105,250,-1,-1,1,564,80.0,0,-1.0,2,0,0,639,359
4965,60356,60355675,11113,250,-1,-1,1,660,80.1,0,-1.0,2,0,0,639,359
4966,60368,60366781,11106,250,-1,-1,1,748,80.2,0,-1.0,2,0,0,639,359
4967,60379,60377892,11111,250,-1,-1,1,549,80.4,0,-1.0,2,0,0,639,359
4968,60390,60388999,11107,250,-1,-1,1,552,80.6,0,-1.0,2,0,0,639,359
4969,60401,60400109,11110,250,-1,-1,1,551,80.7,1,-1.0,2,0,0,639,359
4970,60412,60411222,11113,250,-1,-1,1,574,80.7,0,-1.0,2,0,0,639,359
4971,60423,60422332,11110,250,-1,-1,1,574,80.9,0,-1.0,2,0,0,639,359
4972,60434,60433436,11104,250,-1,-1,1,660,81.0,0,-1.0,2,0,0,639,359
4973,60446,60444548,11112,250,-1,-1,1,551,81.1,0,-1.0,2,0,0,639,359
4974,60457,60455656,11108,250,311,63,0,659,80.2,0,45.7,1,0,0,639,359
4975,60469,60466767,11111,250,317,66,0,618,81.2,0,45.6,1,0,0,639,359
4976,60479,60477874,11107,250,322,68,0,557,81.5,0,45.6,1,0,0,639,359
4977,60490,60488981,11107,250,327,70,0,553,81.6,0,45.5,1,0,0,639,359
4978,60501,60500089,11108,250,332,72,0,562,81.6,1,45.5,1,0,0,639,359
4979,60512,60511209,11120,250,337,74,0,564,81.7,0,45.5,1,0,0,639,359
4980,60523,60522311,11102,250,344,78,0,559,81.8,0,45.6,1,0,0,639,359
4981,60534,60533420,11109,250,-1,-1,1,658,81.9,0,-1.0,1,0,0,639,359
4982,60546,60544529,11109,250,-1,-1,1,554,82.0,0,-1.0,1,0,0,639,359
4983,60572,60566734,22205,250,-1,-1,1,592,33.3,0,-1.0,2,0,0,639,359
4984,60579,60577866,11132,250,-1,-1,1,555,60.6,0,-1.0,2,0,0,639,359
4985,60590,60588965,11099,250,384,108,0,558,56.6,0,45.3,1,0,0,639,359
4986,60601,60600075,11110,250,389,110,0,554,72.7,0,45.4,1,0,0,639,359
4987,60612,60611179,11104,250,393,112,0,556,74.6,1,45.4,1,0,0,639,359
4988,60623,60622294,11115,250,397,113,0,576,76.9,0,45.4,1,0,0,639,359
4989,60634,60633403,11109,250,400,115,0,563,78.7,0,45.3,1,0,0,639,359
4990,60645,60644514,11111,250,401,116,0,659,80.0,0,45.3,1,0,0,639,359
4991,60656,60655624,11110,250,403,116,0,559,81.1,0,45.4,1,0,0,639,359
4992,60668,60666731,11107,250,404,117,0,662,82.0,0,45.3,1,0,0,639,359
4993,60679,60677837,11106,250,403,117,0,560,82.7,0,45.3,1,0,0,639,359
4994,60690,60688946,11109,250,403,118,0,557,83.3,0,45.3,1,0,0,639,359
4995,60701,60700053,11107,250,401,119,0,556,83.9,0,45.3,1,0,0,639,359
4996,60712,60711166,11113,250,400,120,0,555,83.8,1,45.3,1,0,0,639,359
4997,60723,60722278,11112,250,397,121,0,580,84.3,0,45.3,1,0,0,639,359
4998,60734,60733387,11109,250,395,122,0,578,84.7,0,45.2,1,0,0,639,359
4999,60745,60744494,11107,250,-1,-1,1,657,85.0,0,-1.0,1,0,0,639,359
5000,60757,60755607,11113,250,390,115,0,554,85.3,0,45.0,1,0,0,639,359
5001,60768,60766711,11104,250,-1,-1,1,661,85.6,0,-1.0,1,0,0,639,359
5002,60779,60777824,11113,250,385,112,0,559,85.8,0,45.0,1,0,0,639,359
5003,60790,60788927,11103,250,383,108,0,557,86.1,0,44.9,1,0,0,639,359
5004,60801,60800040,11113,250,381,104,0,556,86.3,0,45.0,1,0,0,639,359
5005,60812,60811148,11108,250,380,101,0,558,86.1,1,45.1,1,0,0,639,359
5006,60823,60822260,11112,250,379,99,0,562,86.3,0,45.2,1,0,0,639,359
5007,60834,60833373,11113,250,379,98,0,578,86.5,0,45.2,1,0,0,639,359
5008,60845,60844479,11106,250,380,96,0,658,86.7,0,45.2,1,0,0,639,359
5009,60857,60855592,11113,250,380,95,0,557,86.8,0,45.2,1,0,0,639,359
5010,60868,60866698,11106,250,381,93,0,662,87.0,0,45.3,1,0,0,639,359
5011,60879,60877809,11111,250,-1,-1,1,553,87.1,0,-1.0,1,0,0,639,359
5012,60890,60888912,11103,250,383,96,0,554,87.2,0,45.5,1,0,0,639,359
5013,60901,60900020,11108,250,-1,-1,1,556,87.1,0,-1.0,1,0,0,639,359
5014,60912,60911131,11111,250,-1,-1,1,557,87.4,1,-1.0,1,0,0,639,359
5015,60923,60922244,11113,250,-1,-1,1,566,79.3,0,-1.0,2,0,0,639,359
5016,60962,60955557,33313,250,-1,-1,1,549,81.5,0,-1.0,2,0,0,639,359
5017,60968,60966687,11130,250,-1,-1,1,662,82.9,0,-1.0,2,0,0,639,359
5018,60979,60977790,11103,250,-1,-1,1,550,83.1,0,-1.0,2,0,0,639,359
5019,60990,60988898,11108,250,-1,-1,1,551,83.1,0,-1.0,2,0,0,639,359
5020,61001,61000007,11109,250,345,113,0,551,81.5,0,45.2,1,0,0,639,359
5021,61012,61011114,11107,250,342,117,0,558,83.5,0,45.3,1,0,0,639,359
5022,61023,61022224,11110,250,337,122,0,557,83.7,0,45.3,1,0,0,639,359
5023,61034,61033329,11105,250,332,126,0,555,83.8,1,45.1,1,0,0,639,359
5024,61045,61044449,11120,250,-1,-1,1,568,84.0,0,-1.0,1,0,0,639,359
5025,61056,61055551,11102,250,323,122,0,570,84.1,0,44.8,1,0,0,639,359
5026,61068,61066662,11111,250,320,119,0,660,84.3,0,44.8,1,0,0,639,359
5027,61079,61077771,11109,250,317,116,0,557,84.4,0,44.9,1,0,0,639,359
5028,61090,61088884,11113,250,313,114,0,660,84.6,0,44.9,1,0,0,639,359
5029,61101,61099989,11105,250,309,110,0,553,84.7,0,44.8,1,0,0,639,359
5030,61112,61111097,11108,250,306,107,0,556,84.8,0,44.9,1,0,0,639,359
5031,61123,61122203,11106,250,304,104,0,559,84.8,0,45.0,1,0,0,639,359
5032,61134,61133315,11112,250,302,102,0,554,84.9,1,45.0,1,0,0,639,359
5033,61145,61144430,11115,250,300,98,0,577,85.0,0,44.9,1,0,0,639,359
5034,61156,61155538,11108,250,-1,-1,1,574,85.1,0,-1.0,1,0,0,639,359
5035,61168,61166642,11104,250,-1,-1,1,660,85.2,0,-1.0,1,0,0,639,359
5036,61179,61177754,11112,250,-1,-1,1,551,82.8,0,-1.0,2,0,0,639,359
5037,61199,61188864,11110,250,-1,-1,1,2663,84.0,0,-1.0,2,0,0,639,359
5038,61201,61199954,11090,250,-1,-1,1,544,85.4,0,-1.0,2,0,0,639,359
5039,61212,61211084,11130,250,-1,-1,1,554,85.5,0,-1.0,2,0,0,639,359
5040,61264,61222188,11104,250,-1,-1,1,660,80.7,0,-1.0,2,0,0,639,359
5041,61265,61255498,33310,250,-1,-1,1,2244,81.8,1,-1.0,2,0,0,639,359
5042,61268,61266623,11125,250,-1,-1,1,653,83.0,0,-1.0,2,0,0,639,359
5043,61279,61277739,11116,250,-1,-1,1,547,83.2,0,-1.0,2,0,0,639,359
5044,61290,61288845,11106,250,-1,-1,1,547,83.3,0,-1.0,2,0,0,639,359
5045,61301,61299951,11106,250,-1,-1,1,550,83.3,0,-1.0,2,0,0,639,359
5046,61312,61311063,11112,250,-1,-1,1,658,83.4,0,-1.0,2,0,0,639,359
5047,61323,61322172,11109,250,-1,-1,1,566,83.5,0,-1.0,2,0,0,639,359
5048,61334,61333287,11115,250,-1,-1,1,551,83.7,0,-1.0,2,0,0,639,359
5049,61345,61344393,11106,250,-1,-1,1,661,83.8,0,-1.0,2,0,0,639,359
5050,61356,61355504,11111,250,-1,-1,1,548,83.8,1,-1.0,2,0,0,639,359
5051,61367,61366614,11110,250,-1,-1,1,654,83.9,0,-1.0,2,0,0,639,359
5052,61379,61377722,11108,250,-1,-1,1,571,84.0,0,-1.0,2,0,0,639,359
5053,61390,61388833,11111,250,-1,-1,1,575,84.1,0,-1.0,2,0,0,639,359
5054,61401,61399942,11109,250,-1,-1,1,659,84.2,0,-1.0,2,0,0,639,359
5055,61412,61411048,11106,250,-1,-1,1,552,84.2,0,-1.0,2,0,0,639,359
5056,61423,61422156,11108,250,-1,-1,1,656,84.3,0,-1.0,2,0,0,639,359
5057,61434,61433268,11112,250,352,62,0,555,83.9,0,45.6,1,0,0,639,359
5058,61445,61444376,11108,250,354,64,0,557,84.4,0,45.6,1,0,0,639,359
5059,61456,61455485,11109,250,355,65,0,557,84.5,1,45.6,1,0,0,639,359
5060,61467,61466599,11114,250,357,65,0,560,84.6,0,45.6,1,0,0,639,359
5061,61479,61477705,11106,250,357,66,0,581,84.7,0,45.6,1,0,0,639,359
5062,61490,61488976,11271,250,358,66,0,659,84.7,0,45.6,1,0,0,639,359
5063,61501,61499924,10948,250,358,67,0,554,84.7,0,45.5,1,0,0,639,359
5064,61512,61511038,11114,250,359,68,0,660,84.8,0,45.5,1,0,0,639,359
5065,61523,61522140,11102,250,358,68,0,557,84.9,0,45.5,1,0,0,639,359
5066,61534,61533246,11106,250,357,67,0,559,84.9,0,45.5,1,0,0,639,359
5067,61545,61544353,11107,250,356,67,0,559,85.0,0,45.4,1,0,0,639,359
5068,61563,61555464,11111,250,354,66,0,564,55.6,1,45.5,1,0,0,639,359
5069,61568,61566565,11101,250,353,66,0,583,90.9,0,45.5,1,0,0,639,359
5070,61579,61577690,11125,250,351,66,0,564,90.9,0,45.5,1,0,0,639,359
5071,61590,61588794,11104,250,350,66,0,669,90.9,0,45.5,1,0,0,639,359
5072,61601,61599909,11115,250,349,65,0,561,90.9,0,45.5,1,0,0,639,359
5073,61612,61611014,11105,250,347,64,0,657,89.6,0,45.5,1,0,0,639,359
5074,61623,61622126,11112,250,346,63,0,555,89.7,0,45.4,1,0,0,639,359
5075,61634,61633228,11102,250,344,61,0,557,89.9,0,45.5,1,0,0,639,359
5076,61645,61644342,11114,250,-1,-1,1,552,90.0,0,-1.0,1,0,0,639,359
5077,61656,61655446,11104,250,-1,-1,1,556,90.1,1,-1.0,1,0,0,639,359
5078,61667,61666562,11116,250,-1,-1,1,579,68.3,0,-1.0,2,0,0,639,359
5079,61707,61699868,33306,250,-1,-1,1,1233,74.1,0,-1.0,2,0,0,639,359
5080,61712,61711001,11133,250,-1,-1,1,658,77.8,0,-1.0,2,0,0,639,359
5081,61723,61722109,11108,250,-1,-1,1,551,78.7,0,-1.0,2,0,0,639,359
5082,61734,61733214,11105,250,-1,-1,1,556,79.4,0,-1.0,2,0,0,639,359
5083,61745,61744321,11107,250,-1,-1,1,551,80.0,0,-1.0,2,0,0,639,359
5084,61756,61755432,11111,250,-1,-1,1,554,80.6,0,-1.0,2,0,0,639,359
5085,61767,61766541,11109,250,-1,-1,1,554,81.1,0,-1.0,2,0,0,639,359
5086,61778,61777651,11110,250,-1,-1,1,551,81.5,1,-1.0,2,0,0,639,359
5087,61790,61788763,11112,250,-1,-1,1,572,82.0,0,-1.0,2,0,0,639,359
5088,61801,61799870,11107,250,-1,-1,1,573,82.4,0,-1.0,2,0,0,639,359
5089,61812,61811124,11254,250,-1,-1,1,659,82.4,0,-1.0,2,0,0,639,359
5090,61823,61822093,10969,250,-1,-1,1,550,83.0,0,-1.0,2,0,0,639,359
5091,61834,61833199,11106,250,-1,-1,1,659,83.0,0,-1.0,2,0,0,639,359
5092,61845,61844309,11110,250,-1,-1,1,556,83.3,0,-1.0,2,0,0,639,359
5093,61856,61855415,11106,250,-1,-1,1,554,83.6,0,-1.0,2,0,0,639,359
5094,61867,61866520,11105,250,-1,-1,1,551,83.9,0,-1.0,2,0,0,639,359
5095,61879,61877636,11116,250,-1,-1,1,550,84.1,1,-1.0,2,0,0,639,359
5096,61890,61888748,11112,250,-1,-1,1,553,84.3,0,-1.0,2,0,0,639,359
5097,61901,61899855,11107,250,-1,-1,1,574,84.5,0,-1.0,2,0,0,639,359
5098,61912,61910959,11104,250,-1,-1,1,658,84.7,0,-1.0,2,0,0,639,359
5099,61923,61922071,11112,250,-1,-1,1,551,84.7,0,-1.0,2,0,0,639,359
5100,61934,61933181,11110,250,-1,-1,1,660,84.8,0,-1.0,2,0,0,639,359
5101,61945,61944290,11109,250,-1,-1,1,551,85.0,0,-1.0,2,0,0,639,359
5102,61956,61955394,11104,250,-1,-1,1,551,85.2,0,-1.0,2,0,0,639,359
5103,61968,61966505,11111,250,-1,-1,1,554,85.3,0,-1.0,2,0,0,639,359
5104,61978,61977615,11110,250,-1,-1,1,552,85.5,1,-1.0,2,0,0,639,359
5105,61990,61988729,11114,250,-1,-1,1,555,85.6,0,-1.0,2,0,0,639,359
5106,62001,61999839,11110,250,-1,-1,1,556,85.7,0,-1.0,2,0,0,639,359
5107,62012,62010943,11104,250,-1,-1,1,657,85.7,0,-1.0,2,0,0,639,359
5108,62023,62022058,11115,250,-1,-1,1,547,85.8,0,-1.0,2,0,0,639,359
5109,62034,62033163,11105,250,-1,-1,1,654,85.9,0,-1.0,2,0,0,639,359
5110,62045,62044273,11110,250,-1,-1,1,550,86.0,0,-1.0,2,0,0,639,359
5111,62056,62055377,11104,250,-1,-1,1,549,84.3,0,-1.0,0,0,0,639,359
5112,62068,62066493,11116,250,-1,-1,1,545,86.0,0,-1.0,0,0,0,639,359
5113,62078,62077595,11102,250,-1,-1,1,550,86.3,1,-1.0,0,0,0,639,359
5114,62090,62088713,11118,250,-1,-1,1,568,86.4,0,-1.0,0,0,0,639,359
5115,62101,62099819,11106,250,-1,-1,1,548,86.5,0,-1.0,0,0,0,639,359
5116,62112,62111056,11237,250,-1,-1,1,655,86.4,0,-1.0,0,0,0,639,359
5117,62123,62122036,10980,250,-1,-1,1,544,86.5,0,-1.0,0,0,0,639,359
5118,62134,62133152,11116,250,-1,-1,1,652,86.6,0,-1.0,0,0,0,639,359
5119,62145,62144291,11139,250,-1,-1,1,544,86.7,0,-1.0,0,0,0,639,359
5120,62156,62155364,11073,250,-1,-1,1,545,86.7,0,-1.0,0,0,0,639,359
5121,62167,62166468,11104,250,-1,-1,1,546,86.8,0,-1.0,0,0,0,639,359
5122,62178,62177580,11112,250,-1,-1,1,543,86.9,1,-1.0,0,0,0,639,359
5123,62190,62188693,11113,250,-1,-1,1,565,87.0,0,-1.0,0,0,0,639,359
5124,62201,62199805,11112,250,-1,-1,1,566,87.0,0,-1.0,0,0,0,639,359
5125,62212,62211035,11230,250,-1,-1,1,649,87.0,0,-1.0,0,0,0,639,359
5126,62223,62222028,10993,250,-1,-1,1,547,87.1,0,-1.0,0,0,0,639,359
5127,62234,62233130,11102,250,-1,-1,1,653,87.1,0,-1.0,0,0,0,639,359
5128,62245,62244237,11107,250,-1,-1,1,546,87.1,0,-1.0,0,0,0,639,359
5129,62256,62255348,11111,250,-1,-1,1,545,87.2,0,-1.0,0,0,0,639,359
5130,62320,62266454,11106,250,-1,-1,1,657,81.4,0,-1.0,0,0,0,639,359
5131,62320,62310872,44418,250,-1,-1,1,803,82.6,1,-1.0,0,0,0,639,359
5132,62324,62322000,11128,250,-1,-1,1,622,83.5,0,-1.0,0,0,0,639,359
5133,62334,62333119,11119,250,-1,-1,1,543,83.8,0,-1.0,0,0,0,639,359
5134,62345,62344220,11101,250,-1,-1,1,542,83.8,0,-1.0,0,0,0,639,359
5135,62357,62355332,11112,250,-1,-1,1,543,83.8,0,-1.0,0,0,0,639,359
5136,62368,62366437,11105,250,-1,-1,1,653,83.9,0,-1.0,0,0,0,639,359
5137,62379,62377556,11119,250,-1,-1,1,544,84.0,0,-1.0,0,0,0,639,359
5138,62389,62388658,11102,250,-1,-1,1,566,84.1,0,-1.0,0,0,0,639,359
5139,62401,62399770,11112,250,-1,-1,1,562,84.2,0,-1.0,0,0,0,639,359
5140,62412,62410876,11106,250,-1,-1,1,626,84.2,1,-1.0,0,0,0,639,359
5141,62423,62421986,11110,250,-1,-1,1,651,84.4,0,-1.0,0,0,0,639,359
5142,62434,62433095,11109,250,-1,-1,1,543,84.4,0,-1.0,0,0,0,639,359
5143,62445,62444204,11109,250,-1,-1,1,553,84.4,0,-1.0,0,0,0,639,359
5144,62456,62455315,11111,250,-1,-1,1,566,84.5,0,-1.0,0,0,0,639,359
5145,62467,62466426,11111,250,-1,-1,1,650,84.6,0,-1.0,0,0,0,639,359
5146,62478,62477529,11103,250,-1,-1,1,546,84.7,0,-1.0,0,0,0,639,359
5147,62489,62488642,11113,250,-1,-1,1,577,84.7,0,-1.0,0,0,0,639,359
5148,62501,62499771,11129,250,-1,-1,1,548,84.8,0,-1.0,0,0,0,639,359
5149,62512,62510861,11090,250,-1,-1,1,545,84.9,1,-1.0,0,0,0,639,359
5150,62523,62521969,11108,250,-1,-1,1,569,85.0,0,-1.0,0,0,0,639,359
5151,62534,62533081,11112,250,-1,-1,1,567,85.0,0,-1.0,0,0,0,639,359
5152,62545,62544320,11239,250,-1,-1,1,651,85.0,0,-1.0,0,0,0,639,359
5153,62582,62577499,33179,250,-1,-1,1,626,27.0,0,-1.0,0,0,0,639,359
5154,62590,62588626,11127,250,-1,-1,1,543,45.5,0,-1.0,0,0,0,639,359
5155,62601,62599730,11104,250,-1,-1,1,547,54.5,0,-1.0,0,0,0,639,359
5156,62612,62610837,11107,250,-1,-1,1,545,60.6,0,-1.0,0,0,0,639,359
5157,62623,62621954,11117,250,-1,-1,1,542,64.9,0,-1.0,0,0,0,639,359
5158,62634,62633056,11102,250,-1,-1,1,543,67.4,1,-1.0,0,0,0,639,359
5159,62645,62644175,11119,250,-1,-1,1,571,70.0,0,-1.0,0,0,0,639,359
5160,62656,62655281,11106,250,-1,-1,1,572,72.1,0,-1.0,0,0,0,639,359
5161,62667,62666457,11176,250,-1,-1,1,651,73.8,0,-1.0,0,0,0,639,359
5162,62679,62677497,11040,250,-1,-1,1,545,75.2,0,-1.0,0,0,0,639,359
5163,62689,62688609,11112,250,-1,-1,1,664,76.4,0,-1.0,0,0,0,639,359
5164,62701,62699718,11109,250,-1,-1,1,546,77.4,0,-1.0,0,0,0,639,359
5165,62712,62710822,11104,250,-1,-1,1,546,78.3,0,-1.0,0,0,0,639,359
5166,62723,62721928,11106,250,-1,-1,1,544,78.7,0,-1.0,0,0,0,639,359
5167,62734,62733040,11112,250,-1,-1,1,545,79.8,1,-1.0,0,0,0,639,359
5168,62745,62744158,11118,250,-1,-1,1,569,80.0,0,-1.0,0,0,0,639,359
5169,62756,62755264,11106,250,-1,-1,1,565,80.6,0,-1.0,0,0,0,639,359
5170,62768,62766466,11202,250,-1,-1,1,650,81.1,0,-1.0,0,0,0,639,359
5171,62778,62777485,11019,250,-1,-1,1,553,81.5,0,-1.0,0,0,0,639,359
5172,62789,62788592,11107,250,-1,-1,1,665,82.0,0,-1.0,0,0,0,639,359
5173,62801,62799701,11109,250,-1,-1,1,547,82.4,0,-1.0,0,0,0,639,359
5174,62812,62810805,11104,250,-1,-1,1,546,82.7,0,-1.0,0,0,0,639,359
5175,62823,62821917,11112,250,-1,-1,1,546,83.0,0,-1.0,0,0,0,639,359
5176,62834,62833022,11105,250,-1,-1,1,549,83.3,1,-1.0,0,0,0,639,359
5177,62845,62844142,11120,250,-1,-1,1,548,83.3,0,-1.0,0,0,0,639,359
5178,62856,62855246,11104,250,-1,-1,1,567,83.6,0,-1.0,0,0,0,639,359
5179,62867,62866356,11110,250,-1,-1,1,652,83.9,0,-1.0,0,0,0,639,359
5180,62878,62877466,11110,250,-1,-1,1,545,84.1,0,-1.0,0,0,0,639,359
5181,62889,62888578,11112,250,-1,-1,1,652,84.3,0,-1.0,0,0,0,639,359
5182,62901,62899684,11106,250,-1,-1,1,545,84.5,0,-1.0,0,0,0,639,359
5183,62912,62910792,11108,250,-1,-1,1,544,84.7,0,-1.0,0,0,0,639,359
5184,62923,62921897,11105,250,-1,-1,1,544,84.9,0,-1.0,0,0,0,639,359
5185,62934,62933010,11113,250,-1,-1,1,547,85.1,1,-1.0,0,0,0,639,359
5186,62945,62944121,11111,250,-1,-1,1,552,85.0,0,-1.0,0,0,0,639,359
5187,62956,62955225,11104,250,-1,-1,1,558,85.2,0,-1.0,0,0,0,639,359
5188,62967,62966340,11115,250,-1,-1,1,650,85.3,0,-1.0,0,0,0,639,359
5189,62978,62977449,11109,250,-1,-1,1,546,85.5,0,-1.0,0,0,0,639,359
5190,62990,62988560,11111,250,-1,-1,1,654,85.6,0,-1.0,0,0,0,639,359
5191,63000,62999665,11105,250,-1,-1,1,550,85.7,0,-1.0,0,0,0,639,359
5192,63012,63010775,11110,250,-1,-1,1,547,85.8,0,-1.0,0,0,0,639,359
5193,63023,63021879,11104,250,-1,-1,1,544,86.0,0,-1.0,0,0,0,639,359
5194,63034,63032992,11113,250,-1,-1,1,545,85.9,1,-1.0,0,0,0,639,359
5195,63045,63044110,11118,250,-1,-1,1,567,86.0,0,-1.0,0,0,0,639,359
5196,63056,63055213,11103,250,-1,-1,1,567,86.1,0,-1.0,0,0,0,639,359
5197,63067,63066396,11183,250,-1,-1,1,652,86.2,0,-1.0,0,0,0,639,359
5198,63079,63077432,11036,250,-1,-1,1,547,86.3,0,-1.0,0,0,0,639,359
5199,63089,63088541,11109,250,-1,-1,1,650,86.4,0,-1.0,0,0,0,639,359
5200,63101,63099813,11272,250,-1,-1,1,548,86.5,0,-1.0,0,0,0,639,359
5201,63112,63110753,10940,250,-1,-1,1,548,86.6,0,-1.0,0,0,0,639,359
5202,63123,63121863,11110,250,-1,-1,1,547,86.7,0,-1.0,0,0,0,639,359
5203,63134,63132973,11110,250,-1,-1,1,547,86.7,1,-1.0,0,0,0,639,359
5204,63145,63144087,11114,250,-1,-1,1,565,86.8,0,-1.0,0,0,0,639,359
5205,63156,63155196,11109,250,-1,-1,1,568,86.7,0,-1.0,0,0,0,639,359
5206,63167,63166402,11206,250,-1,-1,1,654,86.8,0,-1.0,0,0,0,639,359
5207,63178,63177415,11013,250,-1,-1,1,549,86.9,0,-1.0,0,0,0,639,359
5208,63189,63188521,11106,250,-1,-1,1,658,87.0,0,-1.0,0,0,0,639,359
5209,63200,63199632,11111,250,-1,-1,1,544,87.0,0,-1.0,0,0,0,639,359
5210,63212,63210736,11104,250,-1,-1,1,547,87.1,0,-1.0,0,0,0,639,359
5211,63223,63221845,11109,250,-1,-1,1,547,87.1,0,-1.0,0,0,0,639,359
5212,63234,63232956,11111,250,-1,-1,1,550,87.2,1,-1.0,0,0,0,639,359
5213,63245,63244069,11113,250,-1,-1,1,567,87.3,0,-1.0,0,0,0,639,359
5214,63256,63255180,11111,250,-1,-1,1,567,87.2,0,-1.0,0,0,0,639,359
5215,63267,63266413,11233,250,-1,-1,1,654,87.3,0,-1.0,0,0,0,639,359
5216,63278,63277397,10984,250,-1,-1,1,549,87.3,0,-1.0,0,0,0,639,359
5217,63289,63288506,11109,250,-1,-1,1,654,87.4,0,-1.0,0,0,0,639,359
5218,63301,63299611,11105,250,-1,-1,1,546,87.4,0,-1.0,0,0,0,639,359
5219,63312,63310723,11112,250,-1,-1,1,548,87.5,0,-1.0,0,0,0,639,359
5220,63384,63321828,11105,250,-1,-1,1,655,81.0,0,-1.0,0,0,0,639,359
5221,63386,63377361,55533,250,-1,-1,1,626,82.1,1,-1.0,0,0,0,639,359
5222,63390,63388501,11140,250,-1,-1,1,652,82.9,0,-1.0,0,0,0,639,359
5223,63400,63399599,11098,250,-1,-1,1,545,83.0,0,-1.0,0,0,0,639,359
5224,63412,63410704,11105,250,-1,-1,1,555,83.1,0,-1.0,0,0,0,639,359
5225,63423,63421814,11110,250,-1,-1,1,547,83.2,0,-1.0,0,0,0,639,359
5226,63434,63432925,11111,250,-1,-1,1,654,83.2,0,-1.0,0,0,0,639,359
5227,63445,63444035,11110,250,-1,-1,1,560,83.4,0,-1.0,0,0,0,639,359
5228,63456,63455150,11115,250,-1,-1,1,555,83.4,0,-1.0,0,0,0,639,359
5229,63467,63466255,11105,250,-1,-1,1,649,83.5,0,-1.0,0,0,0,639,359
5230,63479,63477361,11106,250,-1,-1,1,545,83.6,1,-1.0,0,0,0,639,359
5231,63489,63488477,11116,250,-1,-1,1,653,83.7,0,-1.0,0,0,0,639,359
5232,63500,63499583,11106,250,-1,-1,1,643,83.8,0,-1.0,0,0,0,639,359
5233,63512,63510692,11109,250,-1,-1,1,566,83.9,0,-1.0,0,0,0,639,359
5234,63523,63521800,11108,250,-1,-1,1,580,83.8,0,-1.0,0,0,0,639,359
5235,63534,63532914,11114,250,-1,-1,1,631,84.0,0,-1.0,0,0,0,639,359
5236,63545,63544014,11100,250,-1,-1,1,658,84.0,0,-1.0,0,0,0,639,359
5237,63563,63555126,11112,250,-1,-1,1,660,55.6,0,-1.0,0,0,0,639,359
5238,63567,63566226,11100,250,-1,-1,1,547,90.9,0,-1.0,0,0,0,639,359
5239,63578,63577344,11118,250,-1,-1,1,549,90.9,1,-1.0,0,0,0,639,359
5240,63589,63588456,11112,250,-1,-1,1,554,90.9,0,-1.0,0,0,0,639,359
5241,63600,63599564,11108,250,-1,-1,1,552,90.9,0,-1.0,0,0,0,639,359
5242,63612,63610745,11181,250,-1,-1,1,658,89.6,0,-1.0,0,0,0,639,359
5243,63623,63621783,11038,250,-1,-1,1,546,90.9,0,-1.0,0,0,0,639,359
5244,63634,63632892,11109,250,-1,-1,1,648,90.9,0,-1.0,0,0,0,639,359
5245,63645,63644000,11108,250,-1,-1,1,544,90.9,0,-1.0,0,0,0,639,359
5246,63656,63655107,11107,250,-1,-1,1,548,90.1,0,-1.0,0,0,0,639,359
5247,63667,63666216,11109,250,-1,-1,1,548,90.2,0,-1.0,0,0,0,639,359
5248,63678,63677324,11108,250,-1,-1,1,549,90.2,1,-1.0,0,0,0,639,359
5249,63689,63688439,11115,250,-1,-1,1,565,90.3,0,-1.0,0,0,0,639,359
5250,63701,63699545,11106,250,-1,-1,1,570,90.3,0,-1.0,0,0,0,639,359
5251,63712,63710783,11238,250,-1,-1,1,653,90.4,0,-1.0,0,0,0,639,359
5252,63723,63721765,10982,250,-1,-1,1,546,90.4,0,-1.0,0,0,0,639,359
5253,63734,63732875,11110,250,-1,-1,1,648,90.4,0,-1.0,0,0,0,639,359
5254,63745,63743983,11108,250,-1,-1,1,549,90.0,0,-1.0,0,0,0,639,359
5255,63756,63755088,11105,250,-1,-1,1,545,90.5,0,-1.0,0,0,0,639,359
5256,63767,63766198,11110,250,-1,-1,1,545,90.1,0,-1.0,0,0,0,639,359
5257,63778,63777307,11109,250,-1,-1,1,544,90.1,1,-1.0,0,0,0,639,359
5258,63789,63788420,11113,250,-1,-1,1,557,90.2,0,-1.0,0,0,0,639,359
5259,63800,63799530,11110,250,-1,-1,1,564,90.2,0,-1.0,0,0,0,639,359
5260,63812,63810732,11202,250,-1,-1,1,649,90.2,0,-1.0,0,0,0,639,359
5261,63823,63821748,11016,250,-1,-1,1,554,90.3,0,-1.0,0,0,0,639,359
5262,63834,63832855,11107,250,-1,-1,1,652,90.0,0,-1.0,0,0,0,639,359
5263,63845,63843966,11111,250,-1,-1,1,547,90.3,0,-1.0,0,0,0,639,359
5264,63856,63855068,11102,250,-1,-1,1,550,90.3,0,-1.0,0,0,0,639,359
5265,63867,63866183,11115,250,-1,-1,1,547,90.1,0,-1.0,0,0,0,639,359
5266,63878,63877292,11109,250,-1,-1,1,545,90.1,1,-1.0,0,0,0,639,359
5267,63889,63888410,11118,250,-1,-1,1,568,90.1,0,-1.0,0,0,0,639,359
5268,63900,63899512,11102,250,-1,-1,1,569,90.1,0,-1.0,0,0,0,639,359
5269,63912,63910676,11164,250,-1,-1,1,651,90.2,0,-1.0,0,0,0,639,359
5270,63923,63921729,11053,250,-1,-1,1,544,89.9,0,-1.0,0,0,0,639,359
5271,63934,63932843,11114,250,-1,-1,1,649,90.2,0,-1.0,0,0,0,639,359
5272,63945,63943947,11104,250,-1,-1,1,548,90.2,0,-1.0,0,0,0,639,359
5273,63956,63955055,11108,250,-1,-1,1,545,90.2,0,-1.0,0,0,0,639,359
5274,63967,63966163,11108,250,-1,-1,1,546,90.0,0,-1.0,0,0,0,639,359
5275,63978,63977271,11108,250,-1,-1,1,548,90.1,1,-1.0,0,0,0,639,359
5276,63989,63988388,11117,250,-1,-1,1,570,90.1,0,-1.0,0,0,0,639,359
5277,64000,63999497,11109,250,-1,-1,1,566,90.1,0,-1.0,0,0,0,639,359
5278,64012,64010685,11188,250,-1,-1,1,650,90.1,0,-1.0,0,0,0,639,359
5279,64023,64021715,11030,250,-1,-1,1,544,90.1,0,-1.0,0,0,0,639,359
5280,64034,64032826,11111,250,-1,-1,1,655,90.2,0,-1.0,0,0,0,639,359
5281,64045,64043935,11109,250,-1,-1,1,543,90.2,0,-1.0,0,0,0,639,359
5282,64056,64055037,11102,250,-1,-1,1,548,90.0,0,-1.0,0,0,0,639,359
5283,64067,64066147,11110,250,-1,-1,1,548,90.0,0,-1.0,0,0,0,639,359
5284,64078,64077260,11113,250,-1,-1,1,548,90.1,1,-1.0,0,0,0,639,359
5285,64089,64088371,11111,250,-1,-1,1,556,90.1,0,-1.0,0,0,0,639,359
5286,64101,64099480,11109,250,-1,-1,1,567,90.1,0,-1.0,0,0,0,639,359
5287,64111,64110589,11109,250,-1,-1,1,652,90.1,0,-1.0,0,0,0,639,359
5288,64123,64121696,11107,250,-1,-1,1,548,90.1,0,-1.0,0,0,0,639,359
5289,64134,64132810,11114,250,-1,-1,1,649,90.1,0,-1.0,0,0,0,639,359
5290,64145,64144084,11274,250,-1,-1,1,549,90.0,0,-1.0,0,0,0,639,359
5291,64156,64155021,10937,250,-1,-1,1,547,90.2,0,-1.0,0,0,0,639,359
5292,64167,64166130,11109,250,-1,-1,1,546,90.2,0,-1.0,0,0,0,639,359
5293,64178,64177241,11111,250,-1,-1,1,547,90.0,1,-1.0,0,0,0,639,359
5294,64189,64188354,11113,250,-1,-1,1,544,90.1,0,-1.0,0,0,0,639,359
5295,64200,64199461,11107,250,-1,-1,1,562,90.1,0,-1.0,0,0,0,639,359
5296,64211,64210572,11111,250,-1,-1,1,655,90.1,0,-1.0,0,0,0,639,359
5297,64223,64221685,11113,250,-1,-1,1,543,90.1,0,-1.0,0,0,0,639,359
5298,64234,64232789,11104,250,-1,-1,1,650,90.0,0,-1.0,0,0,0,639,359
5299,64245,64243901,11112,250,-1,-1,1,550,90.1,0,-1.0,0,0,0,639,359
5300,64256,64255004,11103,250,-1,-1,1,546,90.1,0,-1.0,0,0,0,639,359
5301,64267,64266118,11114,250,-1,-1,1,549,90.2,0,-1.0,0,0,0,639,359
5302,64278,64277224,11106,250,-1,-1,1,551,90.0,1,-1.0,0,0,0,639,359
5303,64289,64288344,11120,250,-1,-1,1,568,90.1,0,-1.0,0,0,0,639,359
5304,64300,64299446,11102,250,-1,-1,1,571,90.1,0,-1.0,0,0,0,639,359
5305,64311,64310650,11204,250,-1,-1,1,655,90.1,0,-1.0,0,0,0,639,359
5306,64323,64321661,11011,250,-1,-1,1,547,90.1,0,-1.0,0,0,0,639,359
5307,64334,64332776,11115,250,-1,-1,1,653,90.1,0,-1.0,0,0,0,639,359
5308,64345,64343873,11097,250,-1,-1,1,544,90.1,0,-1.0,0,0,0,639,359
5309,64356,64354991,11118,250,-1,-1,1,545,90.1,0,-1.0,0,0,0,639,359
5310,64451,64366093,11102,250,-1,-1,1,545,81.8,0,-1.0,0,0,0,639,359
5311,64451,64443861,77768,250,-1,-1,1,1136,82.8,1,-1.0,0,0,0,639,359
5312,64456,64454978,11117,250,-1,-1,1,544,83.4,0,-1.0,0,0,0,639,359
5313,64467,64466081,11103,250,-1,-1,1,544,83.6,0,-1.0,0,0,0,639,359
5314,64479,64477189,11108,250,-1,-1,1,544,83.6,0,-1.0,0,0,0,639,359
5315,64489,64488448,11259,250,-1,-1,1,653,83.7,0,-1.0,0,0,0,639,359
5316,64501,64499411,10963,250,-1,-1,1,546,83.7,0,-1.0,0,0,0,639,359
5317,64511,64510522,11111,250,-1,-1,1,548,83.9,0,-1.0,0,0,0,639,359
5318,64522,64521625,11103,250,-1,-1,1,550,83.9,0,-1.0,0,0,0,639,359
5319,64534,64532738,11113,250,-1,-1,1,647,84.0,0,-1.0,0,0,0,639,359
5320,64545,64543846,11108,250,-1,-1,1,654,84.0,1,-1.0,0,0,0,639,359
5321,64608,64599386,55540,250,-1,-1,1,554,15.9,0,-1.0,0,0,0,639,359
5322,64612,64610487,11101,250,-1,-1,1,549,30.3,0,-1.0,0,0,0,639,359
5323,64622,64621611,11124,250,-1,-1,1,654,39.0,0,-1.0,0,0,0,639,359
5324,64634,64632751,11140,250,-1,-1,1,554,45.5,0,-1.0,0,0,0,639,359
5325,64645,64643826,11075,250,-1,-1,1,551,50.5,0,-1.0,0,0,0,639,359
5326,64656,64654935,11109,250,-1,-1,1,552,54.5,0,-1.0,0,0,0,639,359
5327,64667,64666044,11109,250,-1,-1,1,553,57.9,0,-1.0,0,0,0,639,359
5328,64678,64677155,11111,250,-1,-1,1,553,60.2,0,-1.0,0,0,0,639,359
5329,64689,64688261,11106,250,-1,-1,1,550,62.5,1,-1.0,0,0,0,639,359
5330,64700,64699377,11116,250,-1,-1,1,574,64.5,0,-1.0,0,0,0,639,359
5331,64711,64710490,11113,250,-1,-1,1,570,66.3,0,-1.0,0,0,0,639,359
5332,64723,64721597,11107,250,-1,-1,1,660,67.8,0,-1.0,0,0,0,639,359
5333,64734,64732705,11108,250,-1,-1,1,551,69.1,0,-1.0,0,0,0,639,359
5334,64745,64743815,11110,250,-1,-1,1,654,70.4,0,-1.0,0,0,0,639,359
5335,64756,64754929,11114,250,-1,-1,1,547,71.4,0,-1.0,0,0,0,639,359
5336,64767,64766029,11100,250,-1,-1,1,549,72.1,0,-1.0,0,0,0,639,359
5337,64778,64777138,11109,250,-1,-1,1,550,73.0,0,-1.0,0,0,0,639,359
5338,64789,64788249,11111,250,-1,-1,1,552,73.8,1,-1.0,0,0,0,639,359
5339,64800,64799362,11113,250,-1,-1,1,555,74.5,0,-1.0,0,0,0,639,359
5340,64812,64810468,11106,250,-1,-1,1,569,75.2,0,-1.0,0,0,0,639,359
5341,64822,64821574,11106,250,-1,-1,1,659,75.8,0,-1.0,0,0,0,639,359
5342,64834,64832689,11115,250,-1,-1,1,546,76.4,0,-1.0,0,0,0,639,359
5343,64845,64843799,11110,250,-1,-1,1,654,76.9,0,-1.0,0,0,0,639,359
5344,64856,64854905,11106,250,-1,-1,1,549,77.4,0,-1.0,0,0,0,639,359
5345,64867,64866013,11108,250,-1,-1,1,667,77.9,0,-1.0,0,0,0,639,359
5346,64878,64877120,11107,250,-1,-1,1,545,78.3,0,-1.0,0,0,0,639,359
5347,64889,64888231,11111,250,-1,-1,1,547,78.5,1,-1.0,0,0,0,639,359
5348,64900,64899345,11114,250,-1,-1,1,561,78.9,0,-1.0,0,0,0,639,359
5349,64911,64910454,11109,250,-1,-1,1,552,79.2,0,-1.0,0,0,0,639,359
5350,64922,64921560,11106,250,-1,-1,1,646,79.6,0,-1.0,0,0,0,639,359
5351,64934,64932673,11113,250,-1,-1,1,547,79.9,0,-1.0,0,0,0,639,359
5352,64945,64943780,11107,250,-1,-1,1,653,80.0,0,-1.0,0,0,0,639,359
5353,64956,64954895,11115,250,-1,-1,1,552,80.5,0,-1.0,0,0,0,639,359
5354,64967,64965996,11101,250,-1,-1,1,550,80.8,0,-1.0,0,0,0,639,359
5355,64978,64977104,11108,250,-1,-1,1,551,80.8,0,-1.0,0,0,0,639,359
5356,64989,64988212,11108,250,-1,-1,1,551,81.1,1,-1.0,0,0,0,639,359
5357,65000,64999329,11117,250,-1,-1,1,576,81.3,0,-1.0,0,0,0,639,359
5358,65011,65010435,11106,250,-1,-1,1,571,81.5,0,-1.0,0,0,0,639,359
5359,65022,65021551,11116,250,-1,-1,1,659,81.8,0,-1.0,0,0,0,639,359
5360,65034,65032654,11103,250,-1,-1,1,550,82.0,0,-1.0,0,0,0,639,359
5361,65045,65043765,11111,250,-1,-1,1,656,82.2,0,-1.0,0,0,0,639,359
5362,65056,65054924,11159,250,-1,-1,1,550,82.4,0,-1.0,0,0,0,639,359
5363,65067,65065982,11058,250,-1,-1,1,553,82.5,0,-1.0,0,0,0,639,359
5364,65078,65077083,11101,250,-1,-1,1,550,82.6,0,-1.0,0,0,0,639,359
5365,65089,65088195,11112,250,-1,-1,1,547,82.7,1,-1.0,0,0,0,639,359
5366,65100,65099311,11116,250,-1,-1,1,567,82.9,0,-1.0,0,0,0,639,359
5367,65111,65110422,11111,250,-1,-1,1,569,83.0,0,-1.0,0,0,0,639,359
5368,65123,65121527,11105,250,-1,-1,1,656,83.2,0,-1.0,0,0,0,639,359
5369,65133,65132641,11114,250,-1,-1,1,548,83.3,0,-1.0,0,0,0,639,359
5370,65145,65143748,11107,250,-1,-1,1,658,83.5,0,-1.0,0,0,0,639,359
5371,65156,65154858,11110,250,415,147,0,558,82.9,0,45.3,1,0,0,639,359
5372,65167,65165962,11104,250,420,148,0,557,83.6,0,45.3,1,0,0,639,359
5373,65178,65177072,11110,250,423,149,0,555,83.9,0,45.4,1,0,0,639,359
5374,65189,65188180,11108,250,425,149,0,557,83.9,1,45.3,1,0,0,639,359
5375,65200,65199294,11114,250,424,150,0,566,84.0,0,45.3,1,0,0,639,359
5376,65212,65210401,11107,250,421,150,0,574,84.1,0,45.3,1,0,0,639,359
5377,65222,65221511,11110,250,-1,-1,1,655,84.2,0,-1.0,1,0,0,639,359
5378,65233,65232618,11107,250,-1,-1,1,551,84.3,0,-1.0,1,0,0,639,359
5379,65245,65243728,11110,250,-1,-1,1,659,83.0,0,-1.0,2,0,0,639,359
5380,65257,65255006,11278,250,-1,-1,1,612,84.3,0,-1.0,2,0,0,639,359
5381,65267,65265945,10939,250,-1,-1,1,551,84.6,0,-1.0,2,0,0,639,359
5382,65278,65277052,11107,250,-1,-1,1,549,84.7,0,-1.0,2,0,0,639,359
5383,65289,65288163,11111,250,-1,-1,1,546,84.8,1,-1.0,2,0,0,639,359
5384,65300,65299274,11111,250,-1,-1,1,560,84.8,0,-1.0,2,0,0,639,359
5385,65311,65310382,11108,250,-1,-1,1,567,84.9,0,-1.0,2,0,0,639,359
5386,65322,65321488,11106,250,-1,-1,1,658,84.9,0,-1.0,2,0,0,639,359
5387,65333,65332602,11114,250,-1,-1,1,558,85.0,0,-1.0,2,0,0,639,359
5388,65345,65343710,11108,250,-1,-1,1,659,85.1,0,-1.0,2,0,0,639,359
5389,65356,65354820,11110,250,-1,-1,1,552,85.2,0,-1.0,2,0,0,639,359
5390,65367,65365929,11109,250,-1,-1,1,655,85.3,0,-1.0,2,0,0,639,359
5391,65378,65377040,11111,250,-1,-1,1,548,85.3,0,-1.0,2,0,0,639,359
5392,65389,65388147,11107,250,-1,-1,1,550,85.3,1,-1.0,2,0,0,639,359
5393,65400,65399259,11112,250,-1,-1,1,564,85.4,0,-1.0,2,0,0,639,359
5394,65411,65410365,11106,250,-1,-1,1,570,85.5,0,-1.0,2,0,0,639,359
5395,65422,65421478,11113,250,-1,-1,1,653,85.5,0,-1.0,2,0,0,639,359
5396,65434,65432580,11102,250,-1,-1,1,544,85.6,0,-1.0,2,0,0,639,359
5397,65445,65443694,11114,250,-1,-1,1,653,85.7,0,-1.0,2,0,0,639,359
5398,65456,65454802,11108,250,-1,-1,1,548,85.7,0,-1.0,2,0,0,639,359
5399,65467,65465907,11105,250,-1,-1,1,546,85.8,0,-1.0,2,0,0,639,359
5400,65562,65477017,11110,250,-1,-1,1,1230,78.7,0,-1.0,2,0,0,639,359
5401,65707,65699189,222172,250,-1,-1,1,724,6.9,1,-1.0,2,0,0,639,359
5402,65711,65710310,11121,250,-1,-1,1,561,13.4,0,-1.0,2,0,0,639,359
5403,65722,65721424,11114,250,-1,-1,1,560,18.8,0,-1.0,2,0,0,639,359
5404,65733,65732533,11109,250,-1,-1,1,662,23.4,0,-1.0,2,0,0,639,359
5405,65745,65743640,11107,250,-1,-1,1,547,27.5,0,-1.0,2,0,0,639,359
5406,65756,65754753,11113,250,-1,-1,1,656,31.1,0,-1.0,2,0,0,639,359
5407,65767,65765860,11107,250,-1,-1,1,633,34.3,0,-1.0,2,0,0,639,359
5408,65778,65776970,11110,250,-1,-1,1,549,37.2,0,-1.0,2,0,0,639,359
5409,65789,65788075,11105,250,-1,-1,1,548,39.6,0,-1.0,2,0,0,639,359
5410,65800,65799187,11112,250,-1,-1,1,550,42.0,1,-1.0,2,0,0,639,359
5411,65811,65810301,11114,250,-1,-1,1,578,44.2,0,-1.0,2,0,0,639,359
5412,65822,65821407,11106,250,-1,-1,1,577,40.8,0,-1.0,0,0,0,639,359
5413,65857,65854719,33312,250,-1,-1,1,544,44.1,0,-1.0,0,0,0,639,359
5414,65867,65865844,11125,250,-1,-1,1,650,46.1,0,-1.0,0,0,0,639,359
5415,65878,65876950,11106,250,-1,-1,1,546,47.5,0,-1.0,0,0,0,639,359
5416,65889,65888062,11112,250,-1,-1,1,547,49.1,0,-1.0,0,0,0,639,359
5417,65900,65899165,11103,250,-1,-1,1,548,50.3,0,-1.0,0,0,0,639,359
5418,65911,65910277,11112,250,-1,-1,1,545,51.6,0,-1.0,0,0,0,639,359
5419,65922,65921383,11106,250,-1,-1,1,544,52.8,1,-1.0,0,0,0,639,359
5420,65933,65932504,11121,250,-1,-1,1,564,53.9,0,-1.0,0,0,0,639,359
5421,65944,65943609,11105,250,-1,-1,1,564,55.0,0,-1.0,0,0,0,639,359
5422,65956,65954718,11109,250,-1,-1,1,653,56.0,0,-1.0,0,0,0,639,359
5423,65967,65965828,11110,250,-1,-1,1,546,56.9,0,-1.0,0,0,0,639,359
5424,65978,65976934,11106,250,-1,-1,1,645,57.8,0,-1.0,0,0,0,639,359
5425,65989,65988047,11113,250,-1,-1,1,543,58.7,0,-1.0,0,0,0,639,359
5426,66000,65999156,11109,250,-1,-1,1,543,59.4,0,-1.0,0,0,0,639,359
5427,66011,66010259,11103,250,-1,-1,1,545,60.1,0,-1.0,0,0,0,639,359
5428,66022,66021374,11115,250,-1,-1,1,543,60.9,1,-1.0,0,0,0,639,359
5429,66033,66032486,11112,250,-1,-1,1,565,61.6,0,-1.0,0,0,0,639,359
5430,66044,66043593,11107,250,-1,-1,1,567,62.2,0,-1.0,0,0,0,639,359
5431,66056,66054701,11108,250,-1,-1,1,648,62.9,0,-1.0,0,0,0,639,359
5432,66067,66065814,11113,250,-1,-1,1,546,63.5,0,-1.0,0,0,0,639,359
5433,66078,66076921,11107,250,-1,-1,1,654,64.1,0,-1.0,0,0,0,639,359
5434,66089,66088035,11114,250,-1,-1,1,546,64.6,0,-1.0,0,0,0,639,359
5435,66100,66099135,11100,250,-1,-1,1,549,65.1,0,-1.0,0,0,0,639,359
5436,66111,66110247,11112,250,-1,-1,1,551,65.6,0,-1.0,0,0,0,639,359
5437,66122,66121351,11104,250,-1,-1,1,550,66.1,1,-1.0,0,0,0,639,359
5438,66133,66132467,11116,250,-1,-1,1,561,66.5,0,-1.0,0,0,0,639,359
5439,66145,66143576,11109,250,-1,-1,1,571,67.0,0,-1.0,0,0,0,639,359
5440,66156,66154680,11104,250,-1,-1,1,630,67.5,0,-1.0,0,0,0,639,359
5441,66167,66165792,11112,250,-1,-1,1,570,67.9,0,-1.0,0,0,0,639,359
5442,66178,66176905,11113,250,-1,-1,1,653,68.3,0,-1.0,0,0,0,639,359
5443,66189,66188012,11107,250,-1,-1,1,550,68.6,0,-1.0,0,0,0,639,359
5444,66200,66199122,11110,250,-1,-1,1,547,69.1,0,-1.0,0,0,0,639,359
5445,66211,66210226,11104,250,-1,-1,1,552,69.3,0,-1.0,0,0,0,639,359
5446,66222,66221336,11110,250,-1,-1,1,552,69.7,1,-1.0,0,0,0,639,359
5447,66234,66232450,11114,250,-1,-1,1,559,70.0,0,-1.0,0,0,0,639,359
5448,66244,66243552,11102,250,-1,-1,1,568,70.4,0,-1.0,0,0,0,639,359
5449,66255,66254667,11115,250,-1,-1,1,654,70.7,0,-1.0,0,0,0,639,359
5450,66267,66265781,11114,250,-1,-1,1,566,71.0,0,-1.0,0,0,0,639,359
5451,66278,66276886,11105,250,-1,-1,1,651,71.2,0,-1.0,0,0,0,639,359
5452,66290,66288001,11115,250,-1,-1,1,547,71.5,0,-1.0,0,0,0,639,359
5453,66300,66299100,11099,250,-1,-1,1,550,71.9,0,-1.0,0,0,0,639,359
5454,66311,66310210,11110,250,-1,-1,1,547,72.1,0,-1.0,0,0,0,639,359
5455,66322,66321317,11107,250,-1,-1,1,548,72.4,1,-1.0,0,0,0,639,359
5456,66333,66332433,11116,250,-1,-1,1,571,72.6,0,-1.0,0,0,0,639,359
5457,66344,66343540,11107,250,-1,-1,1,570,72.9,0,-1.0,0,0,0,639,359
5458,66355,66354654,11114,250,-1,-1,1,653,73.1,0,-1.0,0,0,0,639,359
5459,66367,66365762,11108,250,-1,-1,1,550,73.4,0,-1.0,0,0,0,639,359
5460,66378,66376869,11107,250,-1,-1,1,656,73.6,0,-1.0,0,0,0,639,359
5461,66389,66387976,11107,250,-1,-1,1,548,73.8,0,-1.0,0,0,0,639,359
5462,66400,66399080,11104,250,-1,-1,1,552,74.1,0,-1.0,0,0,0,639,359
5463,66411,66410192,11112,250,-1,-1,1,550,74.2,0,-1.0,0,0,0,639,359
5464,66422,66421305,11113,250,-1,-1,1,548,74.4,1,-1.0,0,0,0,639,359
5465,66433,66432417,11112,250,-1,-1,1,573,74.6,0,-1.0,0,0,0,639,359
5466,66444,66443522,11105,250,-1,-1,1,572,74.8,0,-1.0,0,0,0,639,359
5467,66456,66454631,11109,250,-1,-1,1,653,75.0,0,-1.0,0,0,0,639,359
5468,66467,66465743,11112,250,-1,-1,1,545,75.2,0,-1.0,0,0,0,639,359
5469,66478,66476853,11110,250,-1,-1,1,656,75.4,0,-1.0,0,0,0,639,359
5470,66489,66487964,11111,250,-1,-1,1,633,75.6,0,-1.0,0,0,0,639,359
5471,66500,66499068,11104,250,-1,-1,1,549,75.7,0,-1.0,0,0,0,639,359
5472,66511,66510177,11109,250,-1,-1,1,548,75.9,0,-1.0,0,0,0,639,359
5473,66522,66521281,11104,250,-1,-1,1,550,76.0,1,-1.0,0,0,0,639,359
5474,66533,66532396,11115,250,-1,-1,1,569,76.2,0,-1.0,0,0,0,639,359
5475,66545,66543507,11111,250,-1,-1,1,549,76.4,0,-1.0,0,0,0,639,359
5476,66555,66554617,11110,250,-1,-1,1,656,76.5,0,-1.0,0,0,0,639,359
5477,66567,66565725,11108,250,-1,-1,1,549,76.7,0,-1.0,0,0,0,639,359
5478,66594,66587926,22201,250,-1,-1,1,629,35.7,0,-1.0,0,0,0,639,359
5479,66600,66599064,11138,250,-1,-1,1,549,60.6,0,-1.0,0,0,0,639,359
5480,66611,66610153,11089,250,-1,-1,1,548,66.7,0,-1.0,0,0,0,639,359
5481,66622,66621268,11115,250,-1,-1,1,546,71.4,0,-1.0,0,0,0,639,359
5482,66633,66632375,11107,250,-1,-1,1,550,74.6,1,-1.0,0,0,0,639,359
5483,66644,66643492,11117,250,-1,-1,1,567,76.9,0,-1.0,0,0,0,639,359
5484,66656,66654599,11107,250,-1,-1,1,567,78.7,0,-1.0,0,0,0,639,359
5485,66667,66665710,11111,250,-1,-1,1,654,80.0,0,-1.0,0,0,0,639,359
5486,66678,66676816,11106,250,-1,-1,1,549,81.1,0,-1.0,0,0,0,639,359
5487,66689,66687927,11111,250,-1,-1,1,651,82.0,0,-1.0,0,0,0,639,359
5488,66700,66699035,11108,250,-1,-1,1,545,82.7,0,-1.0,0,0,0,639,359
5489,66711,66710139,11104,250,-1,-1,1,548,83.3,0,-1.0,0,0,0,639,359
5490,66820,66721248,11109,250,-1,-1,1,836,51.4,0,-1.0,0,0,0,639,359
5491,66822,66810106,88858,250,-1,-1,1,631,54.7,1,-1.0,0,0,0,639,359
5492,66823,66821232,11126,250,-1,-1,1,623,58.4,0,-1.0,0,0,0,639,359
5493,66833,66832348,11116,250,-1,-1,1,548,59.9,0,-1.0,0,0,0,639,359
5494,66844,66843455,11107,250,-1,-1,1,550,61.2,0,-1.0,0,0,0,639,359
5495,66856,66854560,11105,250,-1,-1,1,546,62.3,0,-1.0,0,0,0,639,359
5496,66867,66865673,11113,250,-1,-1,1,547,63.3,0,-1.0,0,0,0,639,359
5497,66878,66876780,11107,250,-1,-1,1,549,64.3,0,-1.0,0,0,0,639,359
5498,66889,66887892,11112,250,-1,-1,1,648,65.2,0,-1.0,0,0,0,639,359
5499,66900,66899002,11110,250,-1,-1,1,545,65.9,0,-1.0,0,0,0,639,359
5500,66911,66910110,11108,250,-1,-1,1,544,66.9,1,-1.0,0,0,0,639,359
5501,66922,66921221,11111,250,-1,-1,1,546,67.4,0,-1.0,0,0,0,639,359
5502,66933,66932329,11108,250,-1,-1,1,568,68.1,0,-1.0,0,0,0,639,359
5503,66945,66943436,11107,250,-1,-1,1,552,68.8,0,-1.0,0,0,0,639,359
5504,66955,66954546,11110,250,-1,-1,1,650,69.4,0,-1.0,0,0,0,639,359
5505,66966,66965655,11109,250,-1,-1,1,546,70.0,0,-1.0,0,0,0,639,359
5506,66978,66976767,11112,250,-1,-1,1,653,70.6,0,-1.0,0,0,0,639,359
5507,66989,66987874,11107,250,-1,-1,1,570,70.9,0,-1.0,0,0,0,639,359
5508,67000,66998986,11112,250,-1,-1,1,549,71.6,0,-1.0,0,0,0,639,359
5509,67011,67010095,11109,250,-1,-1,1,654,71.9,1,-1.0,0,0,0,639,359
5510,67023,67021210,11115,250,-1,-1,1,547,72.4,0,-1.0,0,0,0,639,359
5511,67033,67032310,11100,250,-1,-1,1,652,72.8,0,-1.0,0,0,0,639,359
5512,67044,67043421,11111,250,-1,-1,1,572,73.2,0,-1.0,0,0,0,639,359
5513,67055,67054528,11107,250,-1,-1,1,549,73.6,0,-1.0,0,0,0,639,359
5514,67067,67065638,11110,250,-1,-1,1,635,74.0,0,-1.0,0,0,0,639,359
5515,67078,67076750,11112,250,-1,-1,1,548,74.4,0,-1.0,0,0,0,639,359
5516,67089,67087859,11109,250,-1,-1,1,654,74.7,0,-1.0,0,0,0,639,359
5517,67100,67098968,11109,250,-1,-1,1,574,75.0,0,-1.0,0,0,0,639,359
5518,67111,67110075,11107,250,-1,-1,1,550,75.4,1,-1.0,0,0,0,639,359
5519,67122,67121186,11111,250,-1,-1,1,551,75.5,0,-1.0,0,0,0,639,359
5520,67133,67132293,11107,250,-1,-1,1,555,75.8,0,-1.0,0,0,0,639,359
5521,67144,67143402,11109,250,-1,-1,1,653,76.1,0,-1.0,0,0,0,639,359
5522,67155,67154518,11116,250,-1,-1,1,555,76.4,0,-1.0,0,0,0,639,359
5523,67167,67165619,11101,250,-1,-1,1,655,76.7,0,-1.0,0,0,0,639,359
5524,67178,67176735,11116,250,-1,-1,1,549,76.9,0,-1.0,0,0,0,639,359
5525,67189,67187837,11102,250,-1,-1,1,545,77.2,0,-1.0,0,0,0,639,359
5526,67200,67198949,11112,250,-1,-1,1,546,77.4,0,-1.0,0,0,0,639,359
5527,67211,67210056,11107,250,-1,-1,1,546,77.5,1,-1.0,0,0,0,639,359
5528,67222,67221174,11118,250,-1,-1,1,569,77.7,0,-1.0,0,0,0,639,359
5529,67233,67232278,11104,250,-1,-1,1,570,78.0,0,-1.0,0,0,0,639,359
5530,67244,67243391,11113,250,-1,-1,1,650,78.2,0,-1.0,0,0,0,639,359
5531,67256,67254497,11106,250,-1,-1,1,547,78.4,0,-1.0,0,0,0,639,359
5532,67266,67265607,11110,250,-1,-1,1,652,78.6,0,-1.0,0,0,0,639,359
5533,67278,67276892,11285,250,-1,-1,1,546,78.8,0,-1.0,0,0,0,639,359
5534,67289,67287820,10928,250,-1,-1,1,547,78.9,0,-1.0,0,0,0,639,359
5535,67300,67298928,11108,250,-1,-1,1,546,79.0,0,-1.0,0,0,0,639,359
5536,67311,67310042,11114,250,-1,-1,1,549,79.3,1,-1.0,0,0,0,639,359
5537,67322,67321151,11109,250,-1,-1,1,567,79.4,0,-1.0,0,0,0,639,359
5538,67333,67332265,11114,250,-1,-1,1,546,79.5,0,-1.0,0,0,0,639,359
5539,67345,67343368,11103,250,-1,-1,1,656,79.7,0,-1.0,0,0,0,639,359
5540,67355,67354483,11115,250,-1,-1,1,615,79.8,0,-1.0,0,0,0,639,359
5541,67366,67365584,11101,250,-1,-1,1,652,80.0,0,-1.0,0,0,0,639,359
5542,67378,67376698,11114,250,-1,-1,1,623,80.1,0,-1.0,0,0,0,639,359
5543,67389,67387798,11100,250,-1,-1,1,547,80.3,0,-1.0,0,0,0,639,359
5544,67400,67398912,11114,250,-1,-1,1,549,80.4,0,-1.0,0,0,0,639,359
5545,67411,67410019,11107,250,-1,-1,1,548,80.6,1,-1.0,0,0,0,639,359
5546,67422,67421134,11115,250,-1,-1,1,571,80.6,0,-1.0,0,0,0,639,359
5547,67433,67432244,11110,250,-1,-1,1,568,80.7,0,-1.0,0,0,0,639,359
5548,67444,67443352,11108,250,-1,-1,1,632,80.9,0,-1.0,0,0,0,639,359
5549,67456,67454463,11111,250,-1,-1,1,548,81.0,0,-1.0,0,0,0,639,359
5550,67467,67465569,11106,250,-1,-1,1,654,81.1,0,-1.0,0,0,0,639,359
5551,67478,67476683,11114,250,-1,-1,1,576,81.2,0,-1.0,0,0,0,639,359
5552,67489,67487791,11108,250,-1,-1,1,547,81.3,0,-1.0,0,0,0,639,359
5553,67500,67498897,11106,250,-1,-1,1,550,81.5,0,-1.0,0,0,0,639,359
5554,67511,67510005,11108,250,-1,-1,1,547,81.6,1,-1.0,0,0,0,639,359
5555,67522,67521119,11114,250,-1,-1,1,573,81.6,0,-1.0,0,0,0,639,359
5556,67533,67532227,11108,250,-1,-1,1,554,81.7,0,-1.0,0,0,0,639,359
5557,67544,67543338,11111,250,-1,-1,1,632,81.8,0,-1.0,0,0,0,639,359
5558,67555,67554449,11111,250,-1,-1,1,554,81.9,0,-1.0,0,0,0,639,359
5559,67567,67565555,11106,250,-1,-1,1,655,82.0,0,-1.0,0,0,0,639,359
5560,67585,67576828,11273,250,-1,-1,1,675,55.6,0,-1.0,0,0,0,639,359
5561,67589,67587765,10937,250,-1,-1,1,547,90.9,0,-1.0,0,0,0,639,359
5562,67600,67598878,11113,250,-1,-1,1,547,90.9,0,-1.0,0,0,0,639,359
5563,67611,67609991,11113,250,-1,-1,1,551,88.9,1,-1.0,0,0,0,639,359
5564,67622,67621109,11118,250,-1,-1,1,569,89.3,0,-1.0,0,0,0,639,359
5565,67633,67632210,11101,250,-1,-1,1,569,89.6,0,-1.0,0,0,0,639,359
5566,67644,67643316,11106,250,-1,-1,1,654,89.7,0,-1.0,0,0,0,639,359
5567,67655,67654426,11110,250,-1,-1,1,548,89.9,0,-1.0,0,0,0,639,359
5568,67666,67665539,11113,250,-1,-1,1,651,90.0,0,-1.0,0,0,0,639,359
5569,67677,67676644,11105,250,-1,-1,1,546,90.1,0,-1.0,0,0,0,639,359
5570,67689,67687752,11108,250,-1,-1,1,550,90.2,0,-1.0,0,0,0,639,359
5571,67700,67698864,11112,250,-1,-1,1,546,90.2,0,-1.0,0,0,0,639,359
5572,67711,67709973,11109,250,-1,-1,1,549,90.3,1,-1.0,0,0,0,639,359
5573,67722,67721083,11110,250,-1,-1,1,569,90.3,0,-1.0,0,0,0,639,359
5574,67733,67732198,11115,250,-1,-1,1,568,89.8,0,-1.0,0,0,0,639,359
5575,67744,67743301,11103,250,-1,-1,1,657,89.9,0,-1.0,0,0,0,639,359
5576,67755,67754412,11111,250,-1,-1,1,547,89.9,0,-1.0,0,0,0,639,359
5577,67766,67765520,11108,250,-1,-1,1,653,90.0,0,-1.0,0,0,0,639,359
5578,67778,67776634,11114,250,-1,-1,1,662,89.6,0,-1.0,0,0,0,639,359
5579,67789,67787737,11103,250,-1,-1,1,549,90.1,0,-1.0,0,0,0,639,359
5580,67894,67798847,11110,250,-1,-1,1,656,64.0,0,-1.0,0,0,0,639,359
5581,67895,67887706,88859,250,-1,-1,1,1205,66.9,1,-1.0,0,0,0,639,359
5582,67900,67898841,11135,250,-1,-1,1,656,69.1,0,-1.0,0,0,0,639,359
5583,67911,67909939,11098,250,-1,-1,1,549,69.8,0,-1.0,0,0,0,639,359
5584,67922,67921045,11106,250,-1,-1,1,546,70.2,0,-1.0,0,0,0,639,359
5585,67933,67932160,11115,250,-1,-1,1,560,70.8,0,-1.0,0,0,0,639,359
5586,67944,67943267,11107,250,-1,-1,1,652,71.4,0,-1.0,0,0,0,639,359
5587,67955,67954382,11115,250,-1,-1,1,550,72.0,0,-1.0,0,0,0,639,359
5588,67967,67965483,11101,250,-1,-1,1,568,72.5,0,-1.0,0,0,0,639,359
5589,67977,67976601,11118,250,-1,-1,1,549,73.0,0,-1.0,0,0,0,639,359
5590,67989,67987705,11104,250,-1,-1,1,657,73.5,1,-1.0,0,0,0,639,359
5591,68000,67998814,11109,250,-1,-1,1,657,73.9,0,-1.0,0,0,0,639,359
5592,68011,68009923,11109,250,-1,-1,1,545,74.2,0,-1.0,0,0,0,639,359
5593,68022,68021033,11110,250,-1,-1,1,570,74.7,0,-1.0,0,0,0,639,359
5594,68033,68032140,11107,250,-1,-1,1,572,74.9,0,-1.0,0,0,0,639,359
5595,68044,68043248,11108,250,-1,-1,1,658,75.3,0,-1.0,0,0,0,639,359
5596,68056,68054356,11108,250,-1,-1,1,548,75.7,0,-1.0,0,0,0,639,359
5597,68066,68065471,11115,250,-1,-1,1,656,76.0,0,-1.0,0,0,0,639,359
5598,68077,68076573,11102,250,-1,-1,1,548,76.3,0,-1.0,0,0,0,639,359
5599,68088,68087687,11114,250,-1,-1,1,550,76.6,1,-1.0,0,0,0,639,359
5600,68100,68098797,11110,250,-1,-1,1,569,76.9,0,-1.0,0,0,0,639,359
5601,68111,68109910,11113,250,-1,-1,1,572,77.2,0,-1.0,0,0,0,639,359
5602,68122,68121013,11103,250,329,79,0,631,74.8,0,45.5,1,0,0,639,359
5603,68143,68132127,11114,250,332,82,0,2293,76.1,0,45.4,1,0,0,639,359
5604,68145,68143220,11093,250,333,83,0,629,77.7,0,45.3,1,0,0,639,359
5605,68155,68154347,11127,250,335,85,0,559,78.1,0,45.3,1,0,0,639,359
5606,68166,68165447,11100,250,335,85,0,559,78.3,0,45.2,1,0,0,639,359
5607,68177,68176558,11111,250,334,85,0,557,78.6,0,45.2,1,0,0,639,359
5608,68189,68187665,11107,250,333,84,0,556,78.8,1,45.2,1,0,0,639,359
5609,68200,68198779,11114,250,331,83,0,559,79.0,0,45.2,1,0,0,639,359
5610,68211,68209887,11108,250,329,81,0,578,79.2,0,45.1,1,0,0,639,359
5611,68222,68220997,11110,250,326,79,0,634,79.4,0,45.2,1,0,0,639,359
5612,68233,68232107,11110,250,322,76,0,576,79.5,0,45.2,1,0,0,639,359
5613,68244,68243218,11111,250,316,72,0,661,79.6,0,45.1,1,0,0,639,359
5614,68255,68254328,11110,250,310,68,0,554,79.8,0,45.2,1,0,0,639,359
5615,68266,68265435,11107,250,-1,-1,1,552,80.0,0,-1.0,1,0,0,639,359
5616,68278,68276539,11104,250,-1,-1,1,552,80.2,0,-1.0,1,0,0,639,359
5617,68288,68287650,11111,250,-1,-1,1,556,79.0,1,-1.0,2,0,0,639,359
5618,68301,68298760,11110,250,-1,-1,1,551,80.3,0,-1.0,2,0,0,639,359
5619,68311,68309878,11118,250,-1,-1,1,561,80.6,0,-1.0,2,0,0,639,359
5620,68322,68320982,11104,250,-1,-1,1,554,80.7,0,-1.0,2,0,0,639,359
5621,68333,68332089,11107,250,-1,-1,1,651,80.8,0,-1.0,2,0,0,639,359
5622,68344,68343197,11108,250,-1,-1,1,550,81.0,0,-1.0,2,0,0,639,359
5623,68355,68354310,11113,250,-1,-1,1,657,81.1,0,-1.0,2,0,0,639,359
5624,68366,68365416,11106,250,-1,-1,1,550,81.2,0,-1.0,2,0,0,639,359
5625,68377,68376522,11106,250,-1,-1,1,547,81.4,0,-1.0,2,0,0,639,359
5626,68388,68387633,11111,250,-1,-1,1,550,81.5,1,-1.0,2,0,0,639,359
5627,68400,68398746,11113,250,-1,-1,1,568,81.6,0,-1.0,2,0,0,639,359
5628,68411,68409855,11109,250,-1,-1,1,549,81.8,0,-1.0,2,0,0,639,359
5629,68422,68420961,11106,250,-1,-1,1,626,81.9,0,-1.0,2,0,0,639,359
5630,68433,68432070,11109,250,-1,-1,1,549,82.0,0,-1.0,2,0,0,639,359
5631,68444,68443187,11117,250,-1,-1,1,655,82.0,0,-1.0,2,0,0,639,359
5632,68455,68454292,11105,250,-1,-1,1,546,82.1,0,-1.0,2,0,0,639,359
5633,68466,68465396,11104,250,-1,-1,1,548,82.2,0,-1.0,2,0,0,639,359
5634,68477,68476507,11111,250,-1,-1,1,545,82.3,0,-1.0,2,0,0,639,359
5635,68488,68487616,11109,250,-1,-1,1,548,82.4,1,-1.0,2,0,0,639,359
5636,68500,68498731,11115,250,-1,-1,1,545,82.5,0,-1.0,2,0,0,639,359
5637,68511,68509842,11111,250,-1,-1,1,569,82.6,0,-1.0,2,0,0,639,359
5638,68522,68520947,11105,250,-1,-1,1,662,82.7,0,-1.0,2,0,0,639,359
5639,68533,68532060,11113,250,-1,-1,1,581,82.8,0,-1.0,2,0,0,639,359
5640,68545,68543162,11102,250,-1,-1,1,550,82.8,0,-1.0,2,0,0,639,359
5641,68555,68554274,11112,250,-1,-1,1,656,82.9,0,-1.0,2,0,0,639,359
5642,68566,68565381,11107,250,-1,-1,1,550,83.0,0,-1.0,2,0,0,639,359
5643,68577,68576492,11111,250,-1,-1,1,551,90.9,0,-1.0,2,0,0,639,359
5644,68589,68587603,11111,250,-1,-1,1,552,90.9,1,-1.0,2,0,0,639,359
5645,68600,68598709,11106,250,-1,-1,1,573,90.9,0,-1.0,2,0,0,639,359
5646,68611,68609820,11111,250,-1,-1,1,567,90.9,0,-1.0,2,0,0,639,359
5647,68622,68620929,11109,250,-1,-1,1,630,90.9,0,-1.0,2,0,0,639,359
5648,68633,68632038,11109,250,-1,-1,1,548,89.6,0,-1.0,2,0,0,639,359
5649,68644,68643149,11111,250,-1,-1,1,653,89.7,0,-1.0,2,0,0,639,359
5650,68655,68654258,11109,250,-1,-1,1,552,85.1,0,-1.0,0,0,0,639,359
5651,68666,68665368,11110,250,-1,-1,1,551,90.0,0,-1.0,0,0,0,639,359
5652,68678,68676471,11103,250,-1,-1,1,550,90.1,0,-1.0,0,0,0,639,359
5653,68688,68687582,11111,250,396,112,0,553,82.1,1,45.3,1,0,0,639,359
5654,68702,68698692,11110,250,-1,-1,1,551,88.2,0,-1.0,1,0,0,639,359
5655,68711,68709806,11114,250,-1,-1,1,573,90.3,0,-1.0,1,0,0,639,359
5656,68722,68720910,11104,250,-1,-1,1,566,77.8,0,-1.0,2,0,0,639,359
5657,68747,68743112,22202,250,-1,-1,1,553,82.9,0,-1.0,2,0,0,639,359
5658,68755,68754240,11128,250,-1,-1,1,650,84.7,0,-1.0,2,0,0,639,359
5659,68766,68765349,11109,250,-1,-1,1,553,85.0,0,-1.0,2,0,0,639,359
5660,68777,68776458,11109,250,-1,-1,1,553,85.3,0,-1.0,2,0,0,639,359
5661,68788,68787560,11102,250,-1,-1,1,548,85.6,0,-1.0,2,0,0,639,359
5662,68799,68798675,11115,250,-1,-1,1,553,85.8,1,-1.0,2,0,0,639,359
5663,68811,68809789,11114,250,-1,-1,1,572,86.1,0,-1.0,2,0,0,639,359
5664,68822,68820898,11109,250,-1,-1,1,552,86.3,0,-1.0,2,0,0,639,359
5665,68833,68832001,11103,250,-1,-1,1,652,86.1,0,-1.0,2,0,0,639,359
5666,68844,68843117,11116,250,-1,-1,1,578,86.3,0,-1.0,2,0,0,639,359
5667,68855,68854220,11103,250,-1,-1,1,657,86.5,0,-1.0,2,0,0,639,359
5668,68866,68865336,11116,250,-1,-1,1,546,86.7,0,-1.0,2,0,0,639,359
5669,68877,68876440,11104,250,-1,-1,1,549,86.8,0,-1.0,2,0,0,639,359
5670,68998,68887549,11109,250,-1,-1,1,2055,64.7,0,-1.0,2,0,0,639,359
5671,69000,68998622,111073,250,-1,-1,1,617,66.8,1,-1.0,2,0,0,639,359
5672,69011,69009751,11129,250,-1,-1,1,547,67.6,0,-1.0,2,0,0,639,359
5673,69022,69020861,11110,250,-1,-1,1,544,68.1,0,-1.0,2,0,0,639,359
5674,69033,69031967,11106,250,-1,-1,1,544,68.5,0,-1.0,2,0,0,639,359
5675,69044,69043075,11108,250,-1,-1,1,542,69.2,0,-1.0,2,0,0,639,359
5676,69055,69054187,11112,250,-1,-1,1,544,69.5,0,-1.0,2,0,0,639,359
5677,69066,69065298,11111,250,-1,-1,1,544,70.0,0,-1.0,2,0,0,639,359
5678,69077,69076404,11106,250,-1,-1,1,543,70.5,0,-1.0,2,0,0,639,359
5679,69088,69087515,11111,250,-1,-1,1,564,70.9,0,-1.0,2,0,0,639,359
5680,69099,69098626,11111,250,-1,-1,1,650,71.3,1,-1.0,2,0,0,639,359
5681,69111,69109734,11108,250,-1,-1,1,545,71.7,0,-1.0,2,0,0,639,359
5682,69122,69120844,11110,250,-1,-1,1,550,72.1,0,-1.0,2,0,0,639,359
5683,69133,69131952,11108,250,-1,-1,1,545,72.4,0,-1.0,2,0,0,639,359
5684,69144,69143065,11113,250,-1,-1,1,656,72.7,0,-1.0,2,0,0,639,359
5685,69155,69154184,11119,250,-1,-1,1,626,73.0,0,-1.0,2,0,0,639,359
5686,69166,69165278,11094,250,-1,-1,1,542,73.3,0,-1.0,2,0,0,639,359
5687,69177,69176392,11114,250,-1,-1,1,548,73.6,0,-1.0,2,0,0,639,359
5688,69188,69187500,11108,250,-1,-1,1,550,74.0,0,-1.0,2,0,0,639,359
5689,69199,69198609,11109,250,-1,-1,1,649,71.8,1,-1.0,0,0,0,639,359
5690,69223,69220813,22204,250,-1,-1,1,632,73.1,0,-1.0,0,0,0,639,359
5691,69233,69231939,11126,250,-1,-1,1,658,73.6,0,-1.0,0,0,0,639,359
5692,69244,69243049,11110,250,-1,-1,1,569,73.9,0,-1.0,0,0,0,639,359
5693,69255,69254155,11106,250,-1,-1,1,565,74.0,0,-1.0,0,0,0,639,359
5694,69266,69265265,11110,250,-1,-1,1,651,74.3,0,-1.0,0,0,0,639,359
5695,69278,69276376,11111,250,-1,-1,1,546,74.5,0,-1.0,0,0,0,639,359
5696,69288,69287487,11111,250,-1,-1,1,652,74.8,0,-1.0,0,0,0,639,359
5697,69300,69298590,11103,250,-1,-1,1,550,75.0,0,-1.0,0,0,0,639,359
5698,69310,69309697,11107,250,-1,-1,1,551,75.3,1,-1.0,0,0,0,639,359
5699,69322,69320810,11113,250,-1,-1,1,576,75.5,0,-1.0,0,0,0,639,359
5700,69333,69331920,11110,250,-1,-1,1,572,75.7,0,-1.0,0,0,0,639,359
5701,69344,69343027,11107,250,-1,-1,1,632,75.8,0,-1.0,0,0,0,639,359
5702,69355,69354139,11112,250,-1,-1,1,614,76.0,0,-1.0,0,0,0,639,359
5703,69366,69365248,11109,250,-1,-1,1,658,76.2,0,-1.0,0,0,0,639,359
5704,69377,69376357,11109,250,-1,-1,1,633,76.4,0,-1.0,0,0,0,639,359
5705,69389,69387462,11105,250,-1,-1,1,552,76.6,0,-1.0,0,0,0,639,359
5706,69399,69398572,11110,250,-1,-1,1,554,76.8,0,-1.0,0,0,0,639,359
5707,69410,69409682,11110,250,377,105,0,553,76.0,1,45.3,1,0,0,639,359
5708,69422,69420941,11259,250,382,107,0,555,77.1,0,45.3,1,0,0,639,359
5709,69433,69431903,10962,250,384,108,0,561,77.3,0,45.3,1,0,0,639,359
5710,69444,69443013,11110,250,385,110,0,565,77.5,0,45.2,1,0,0,639,359
5711,69455,69454119,11106,250,385,110,0,666,77.6,0,45.2,1,0,0,639,359
5712,69467,69465231,11112,250,385,111,0,554,77.8,0,45.2,1,0,0,639,359
5713,69477,69476338,11107,250,385,111,0,662,77.9,0,45.2,1,0,0,639,359
5714,69488,69487451,11113,250,384,111,0,558,78.1,0,45.2,1,0,0,639,359
5715,69499,69498553,11102,250,383,110,0,559,78.2,0,45.2,1,0,0,639,359
5716,69510,69509665,11112,250,381,110,0,555,78.4,1,45.2,1,0,0,639,359
5717,69522,69520777,11112,250,379,110,0,578,78.5,0,45.1,1,0,0,639,359
5718,69533,69531885,11108,250,375,110,0,574,78.7,0,45.1,1,0,0,639,359
5719,69544,69542994,11109,250,370,110,0,664,78.7,0,45.1,1,0,0,639,359
5720,69555,69554106,11112,250,-1,-1,1,588,78.9,0,-1.0,1,0,0,639,359
5721,69566,69565210,11104,250,362,106,0,663,79.0,0,44.9,1,0,0,639,359
5722,69586,69576325,11115,250,358,103,0,734,50.0,0,45.0,1,0,0,639,359
5723,69588,69587417,11092,250,356,102,0,558,90.9,0,45.0,1,0,0,639,359
5724,69599,69598538,11121,250,350,98,0,557,90.9,0,44.9,1,0,0,639,359
5725,69611,69609648,11110,250,347,95,0,555,90.9,1,45.0,1,0,0,639,359
5726,69622,69620760,11112,250,343,92,0,558,90.9,0,45.0,1,0,0,639,359
5727,69633,69631866,11106,250,340,88,0,558,90.9,0,45.0,1,0,0,639,359
5728,69644,69642975,11109,250,337,86,0,664,90.9,0,45.1,1,0,0,639,359
5729,69655,69654086,11111,250,335,83,0,584,89.9,0,45.1,1,0,0,639,359
5730,69666,69665195,11109,250,333,82,0,663,90.0,0,45.2,1,0,0,639,359
5731,69677,69676302,11107,250,332,80,0,555,90.1,0,45.2,1,0,0,639,359
5732,69688,69687412,11110,250,330,79,0,556,90.2,0,45.2,1,0,0,639,359
5733,69700,69698521,11109,250,329,79,0,556,90.2,0,45.3,1,0,0,639,359
5734,69710,69709634,11113,250,327,78,0,552,90.3,1,45.2,1,0,0,639,359
5735,69722,69720742,11108,250,326,78,0,564,90.3,0,45.3,1,0,0,639,359
5736,69733,69731854,11112,250,325,77,0,558,90.4,0,45.3,1,0,0,639,359
5737,69744,69742959,11105,250,324,76,0,666,89.9,0,45.3,1,0,0,639,359
5738,69755,69754075,11116,250,324,76,0,644,89.9,0,45.3,1,0,0,639,359
5739,69766,69765180,11105,250,323,75,0,662,90.0,0,45.3,1,0,0,639,359
5740,69777,69776293,11113,250,323,75,0,558,90.0,0,45.3,1,0,0,639,359
5741,69788,69787397,11104,250,322,74,0,560,90.1,0,45.3,1,0,0,639,359
5742,69799,69798502,11105,250,322,74,0,559,90.1,0,45.3,1,0,0,639,359
5743,69810,69809614,11112,250,321,74,0,560,90.2,1,45.4,1,0,0,639,359
5744,69822,69820730,11116,250,321,74,0,579,90.2,0,45.3,1,0,0,639,359
5745,69833,69831834,11104,250,320,74,0,563,90.2,0,45.3,1,0,0,639,359
5746,69844,69842944,11110,250,320,74,0,667,90.3,0,45.3,1,0,0,639,359
5747,69855,69854048,11104,250,320,74,0,625,90.3,0,45.3,1,0,0,639,359
5748,69866,69865161,11113,250,320,74,0,659,90.0,0,45.4,1,0,0,639,359
5749,69877,69876272,11111,250,319,74,0,559,90.0,0,45.4,1,0,0,639,359
5750,69888,69887378,11106,250,319,74,0,558,90.1,0,45.4,1,0,0,639,359
5751,69899,69898486,11108,250,319,74,0,557,90.1,0,45.3,1,0,0,639,359
5752,69910,69909600,11114,250,318,74,0,558,90.1,1,45.4,1,0,0,639,359
5753,69922,69920708,11108,250,318,74,0,578,90.1,0,45.3,1,0,0,639,359
5754,69933,69931820,11112,250,318,74,0,582,90.2,0,45.3,1,0,0,639,359
5755,69944,69942925,11105,250,317,74,0,670,90.2,0,45.4,1,0,0,639,359
5756,69955,69954036,11111,250,317,74,0,613,90.2,0,45.3,1,0,0,639,359
5757,69966,69965141,11105,250,317,74,0,659,90.0,0,45.3,1,0,0,639,359
5758,69977,69976256,11115,250,317,74,0,559,90.0,0,45.3,1,0,0,639,359
5759,69988,69987363,11107,250,317,74,0,561,90.0,0,45.3,1,0,0,639,359
5760,70095,69998469,11106,250,317,73,0,775,73.7,0,45.4,1,0,0,639,359
5761,70096,70087326,88857,250,316,73,0,625,75.5,1,45.4,1,0,0,639,359
5762,70100,70098447,11121,250,316,73,0,638,76.9,0,45.3,1,0,0,639,359
5763,70110,70109565,11118,250,316,74,0,561,77.2,0,45.4,1,0,0,639,359
5764,70121,70120670,11105,250,316,74,0,583,77.5,0,45.3,1,0,0,639,359
5765,70133,70131782,11112,250,316,73,0,558,77.7,0,45.3,1,0,0,639,359
5766,70144,70142890,11108,250,316,73,0,661,77.9,0,45.3,1,0,0,639,359
5767,70155,70154002,11112,250,317,73,0,559,78.2,0,45.4,1,0,0,639,359
5768,70166,70165107,11105,250,317,73,0,581,78.3,0,45.3,1,0,0,639,359
5769,70177,70176222,11115,250,317,72,0,580,78.6,0,45.3,1,0,0,639,359
5770,70188,70187325,11103,250,317,72,0,661,78.8,1,45.3,1,0,0,639,359
5771,70199,70198441,11116,250,317,72,0,562,79.0,0,45.4,1,0,0,639,359
5772,70210,70209548,11107,250,317,72,0,660,79.2,0,45.3,1,0,0,639,359
5773,70221,70220658,11110,250,317,72,0,585,79.4,0,45.3,1,0,0,639,359
5774,70233,70231765,11107,250,317,72,0,561,79.6,0,45.4,1,0,0,639,359
5775,70244,70242878,11113,250,317,72,0,572,79.8,0,45.3,1,0,0,639,359
5776,70255,70253983,11105,250,317,73,0,658,79.9,0,45.4,1,0,0,639,359
5777,70266,70265135,11152,250,317,73,0,636,80.0,0,45.3,1,0,0,639,359
5778,70277,70276202,11067,250,317,72,0,642,80.2,0,45.4,1,0,0,639,359
5779,70288,70287309,11107,250,317,72,0,559,80.3,1,45.4,1,0,0,639,359
5780,70300,70298422,11113,250,317,72,0,560,80.4,0,45.4,1,0,0,639,359
5781,70310,70309532,11110,250,317,72,0,561,80.6,0,45.4,1,0,0,639,359
5782,70322,70320639,11107,250,317,73,0,660,80.8,0,45.4,1,0,0,639,359
5783,70333,70331752,11113,250,317,73,0,558,80.9,0,45.4,1,0,0,639,359
5784,70344,70342855,11103,250,317,73,0,663,81.1,0,45.4,1,0,0,639,359
5785,70355,70353965,11110,250,317,73,0,557,81.2,0,45.3,1,0,0,639,359
5786,70366,70365073,11108,250,317,73,0,557,81.2,0,45.3,1,0,0,639,359
5787,70377,70376182,11109,250,317,73,0,558,81.4,0,45.3,1,0,0,639,359
5788,70388,70387289,11107,250,317,73,0,558,81.5,1,45.3,1,0,0,639,359
5789,70399,70398408,11119,250,317,73,0,568,81.6,0,45.3,1,0,0,639,359
5790,70411,70409516,11108,250,317,73,0,578,81.8,0,45.3,1,0,0,639,359
5791,70421,70420626,11110,250,317,72,0,666,81.9,0,45.4,1,0,0,639,359
5792,70433,70431728,11102,250,317,72,0,625,82.0,0,45.4,1,0,0,639,359
5793,70444,70442841,11113,250,317,72,0,656,82.1,0,45.4,1,0,0,639,359
5794,70455,70453954,11113,250,317,72,0,559,82.1,0,45.4,1,0,0,639,359
5795,70466,70465058,11104,250,317,72,0,557,82.3,0,45.4,1,0,0,639,359
5796,70477,70476166,11108,250,317,72,0,556,82.3,0,45.4,1,0,0,639,359
5797,70488,70487276,11110,250,317,72,0,558,82.4,1,45.4,1,0,0,639,359
5798,70499,70498386,11110,250,317,73,0,568,82.5,0,45.4,1,0,0,639,359
5799,70510,70509497,11111,250,317,73,0,581,82.6,0,45.4,1,0,0,639,359
5800,70522,70520603,11106,250,317,73,0,556,82.7,0,45.3,1,0,0,639,359
5801,70533,70531717,11114,250,317,73,0,659,82.8,0,45.3,1,0,0,639,359
5802,70544,70542820,11103,250,317,73,0,669,82.8,0,45.3,1,0,0,639,359
5803,70555,70553932,11112,250,317,72,0,557,82.9,0,45.3,1,0,0,639,359
5804,70566,70565040,11108,250,317,72,0,560,83.1,0,45.4,1,0,0,639,359
5805,70577,70576146,11106,250,317,72,0,556,83.1,0,45.4,1,0,0,639,359
5806,70596,70587254,11108,250,317,72,0,561,52.6,1,45.4,1,0,0,639,359
5807,70599,70598354,11100,250,317,72,0,577,90.9,0,45.4,1,0,0,639,359
5808,70610,70609478,11124,250,317,73,0,579,90.9,0,45.4,1,0,0,639,359
5809,70621,70620589,11111,250,317,73,0,580,90.9,0,45.4,1,0,0,639,359
5810,70633,70631695,11106,250,317,73,0,661,90.9,0,45.4,1,0,0,639,359
5811,70644,70642804,11109,250,318,73,0,667,90.9,0,45.3,1,0,0,639,359
5812,70655,70653916,11112,250,318,73,0,639,90.9,0,45.3,1,0,0,639,359
5813,70666,70665023,11107,250,318,72,0,558,90.9,0,45.3,1,0,0,639,359
5814,70677,70676131,11108,250,318,72,0,559,90.0,0,45.4,1,0,0,639,359
5815,70688,70687243,11112,250,318,72,0,560,90.1,1,45.4,1,0,0,639,359
5816,70699,70698353,11110,250,318,72,0,563,90.2,0,45.4,1,0,0,639,359
5817,70710,70709464,11111,250,318,72,0,559,90.2,0,45.4,1,0,0,639,359
5818,70722,70720566,11102,250,318,72,0,665,90.3,0,45.3,1,0,0,639,359
5819,70733,70731682,11116,250,318,73,0,671,90.3,0,45.4,1,0,0,639,359
5820,70744,70742789,11107,250,318,73,0,660,90.4,0,45.4,1,0,0,639,359
5821,70755,70753902,11113,250,319,73,0,557,90.4,0,45.4,1,0,0,639,359
5822,70766,70765010,11108,250,319,73,0,558,89.9,0,45.3,1,0,0,639,359
5823,70777,70776115,11105,250,319,72,0,558,90.5,0,45.3,1,0,0,639,359
5824,70788,70787225,11110,250,319,72,0,561,90.0,1,45.4,1,0,0,639,359
5825,70799,70798337,11112,250,319,72,0,574,90.1,0,45.4,1,0,0,639,359
5826,70811,70809444,11107,250,319,72,0,559,90.1,0,45.4,1,0,0,639,359
5827,70821,70820554,11110,250,320,72,0,558,90.2,0,45.4,1,0,0,639,359
5828,70833,70831664,11110,250,320,72,0,661,90.2,0,45.4,1,0,0,639,359
5829,70844,70842774,11110,250,320,72,0,663,90.2,0,45.4,1,0,0,639,359
5830,70855,70853880,11106,250,319,72,0,562,90.3,0,45.4,1,0,0,639,359
5831,70866,70864990,11110,250,319,72,0,556,90.3,0,45.4,1,0,0,639,359
5832,70877,70876100,11110,250,319,72,0,556,90.3,0,45.4,1,0,0,639,359
5833,70888,70887206,11106,250,319,73,0,555,90.0,1,45.4,1,0,0,639,359
5834,70899,70898322,11116,250,319,73,0,569,90.1,0,45.4,1,0,0,639,359
5835,70910,70909427,11105,250,319,74,0,577,90.1,0,45.4,1,0,0,639,359
5836,70922,70920537,11110,250,319,74,0,556,90.1,0,45.3,1,0,0,639,359
5837,70932,70931645,11108,250,319,74,0,662,90.1,0,45.4,1,0,0,639,359
5838,70944,70942751,11106,250,319,74,0,662,89.9,0,45.4,1,0,0,639,359
5839,70955,70953868,11117,250,319,73,0,557,89.9,0,45.4,1,0,0,639,359
5840,70966,70964973,11105,250,319,73,0,555,90.2,0,45.4,1,0,0,639,359
5841,70977,70976082,11109,250,319,73,0,558,90.2,0,45.3,1,0,0,639,359
5842,70988,70987186,11104,250,319,73,0,559,90.0,1,45.4,1,0,0,639,359
5843,70999,70998308,11122,250,319,74,0,582,90.0,0,45.4,1,0,0,639,359
5844,71010,71009410,11102,250,318,74,0,580,90.1,0,45.4,1,0,0,639,359
5845,71021,71020519,11109,250,319,75,0,558,90.1,0,45.4,1,0,0,639,359
5846,71033,71031625,11106,250,319,75,0,660,90.1,0,45.3,1,0,0,639,359
5847,71044,71042739,11114,250,319,76,0,664,90.1,0,45.3,1,0,0,639,359
5848,71055,71053848,11109,250,319,75,0,556,90.0,0,45.3,1,0,0,639,359
5849,71066,71064954,11106,250,319,75,0,557,90.2,0,45.3,1,0,0,639,359
5850,71174,71076059,11105,250,319,74,0,667,75.5,0,45.3,1,0,0,639,359
5851,71174,71164915,88856,250,319,74,0,843,77.1,1,45.3,1,0,0,639,359
5852,71178,71176045,11130,250,319,74,0,634,78.3,0,45.3,1,0,0,639,359
5853,71188,71187156,11111,250,319,74,0,556,78.6,0,45.3,1,0,0,639,359
5854,71199,71198268,11112,250,319,74,0,557,78.8,0,45.4,1,0,0,639,359
5855,71210,71209374,11106,250,319,74,0,556,79.0,0,45.3,1,0,0,639,359
5856,71221,71220487,11113,250,319,74,0,660,79.2,0,45.3,1,0,0,639,359
5857,71232,71231595,11108,250,320,74,0,557,79.4,0,45.3,1,0,0,639,359
5858,71244,71242707,11112,250,320,73,0,580,79.6,0,45.3,1,0,0,639,359
5859,71255,71253813,11106,250,320,73,0,581,79.8,0,45.3,1,0,0,639,359
5860,71266,71264922,11109,250,320,73,0,669,79.9,1,45.3,1,0,0,639,359
5861,71277,71276033,11111,250,320,73,0,556,80.0,0,45.4,1,0,0,639,359
5862,71288,71287143,11110,250,320,73,0,660,80.2,0,45.4,1,0,0,639,359
5863,71299,71298248,11105,250,320,72,0,564,80.3,0,45.4,1,0,0,639,359
5864,71310,71309359,11111,250,320,72,0,622,80.5,0,45.4,1,0,0,639,359
5865,71322,71320468,11109,250,320,72,0,594,80.6,0,45.4,1,0,0,639,359
5866,71332,71331581,11113,250,320,72,0,661,80.8,0,45.4,1,0,0,639,359
5867,71344,71342685,11104,250,320,72,0,663,80.9,0,45.4,1,0,0,639,359
5868,71355,71353796,11111,250,320,72,0,557,81.1,0,45.4,1,0,0,639,359
5869,71366,71364903,11107,250,321,72,0,556,81.2,1,45.4,1,0,0,639,359
5870,71377,71376016,11113,250,321,72,0,563,81.4,0,45.3,1,0,0,639,359
5871,71388,71387124,11108,250,321,73,0,580,81.4,0,45.4,1,0,0,639,359
5872,71399,71398235,11111,250,322,73,0,666,81.5,0,45.4,1,0,0,639,359
5873,71410,71409340,11105,250,322,73,0,557,81.6,0,45.3,1,0,0,639,359
5874,71421,71420452,11112,250,322,73,0,663,81.8,0,45.4,1,0,0,639,359
5875,71433,71431561,11109,250,323,73,0,555,81.9,0,45.4,1,0,0,639,359
5876,71443,71442673,11112,250,323,73,0,559,82.0,0,45.3,1,0,0,639,359
5877,71455,71453777,11104,250,323,73,0,559,82.1,0,45.3,1,0,0,639,359
5878,71466,71464886,11109,250,323,73,0,555,82.2,1,45.3,1,0,0,639,359
5879,71477,71475996,11110,250,323,72,0,560,82.2,0,45.4,1,0,0,639,359
5880,71488,71487108,11112,250,323,72,0,562,82.4,0,45.4,1,0,0,639,359
5881,71499,71498218,11110,250,323,72,0,557,82.4,0,45.3,1,0,0,639,359
5882,71510,71509328,11110,250,323,73,0,641,82.5,0,45.4,1,0,0,639,359
5883,71522,71520433,11105,250,324,73,0,659,82.6,0,45.4,1,0,0,639,359
5884,71532,71531545,11112,250,324,73,0,558,82.7,0,45.3,1,0,0,639,359
5885,71543,71542650,11105,250,323,73,0,557,82.8,0,45.4,1,0,0,639,359
5886,71555,71553759,11109,250,323,73,0,557,82.9,0,45.4,1,0,0,639,359
5887,71566,71564869,11110,250,323,73,0,557,83.0,1,45.4,1,0,0,639,359
5888,71577,71575986,11117,250,324,73,0,582,83.1,0,45.4,1,0,0,639,359
5889,71588,71587087,11101,250,324,74,0,554,83.2,0,45.4,1,0,0,639,359
5890,71648,71642626,55539,250,323,72,0,603,16.7,0,45.4,1,0,0,639,359
5891,71655,71653749,11123,250,324,72,0,558,30.3,0,45.4,1,0,0,639,359
5892,71666,71664854,11105,250,324,72,0,558,39.0,0,45.4,1,0,0,639,359
5893,71677,71675957,11103,250,324,73,0,557,45.5,0,45.4,1,0,0,639,359
5894,71688,71687070,11113,250,324,73,0,557,50.5,0,45.4,1,0,0,639,359
5895,71699,71698180,11110,250,324,73,0,557,54.1,0,45.4,1,0,0,639,359
5896,71710,71709290,11110,250,324,74,0,556,57.4,1,45.3,1,0,0,639,359
5897,71721,71720401,11111,250,324,74,0,578,60.2,0,45.3,1,0,0,639,359
5898,71732,71731510,11109,250,323,73,0,577,62.5,0,45.4,1,0,0,639,359
5899,71744,71742618,11108,250,323,73,0,557,64.5,0,45.3,1,0,0,639,359
5900,71755,71753733,11115,250,323,73,0,658,66.3,0,45.4,1,0,0,639,359
5901,71766,71764834,11101,250,323,73,0,661,67.8,0,45.3,1,0,0,639,359
5902,71777,71775949,11115,250,323,73,0,556,68.8,0,45.4,1,0,0,639,359
5903,71788,71787053,11104,250,323,73,0,558,70.0,0,45.4,1,0,0,639,359
5904,71799,71798159,11106,250,323,73,0,556,71.1,0,45.3,1,0,0,639,359
5905,71810,71809273,11114,250,323,74,0,558,72.1,1,45.3,1,0,0,639,359
5906,71821,71820386,11113,250,323,74,0,563,73.0,0,45.3,1,0,0,639,359
5907,71833,71831493,11107,250,323,74,0,579,73.8,0,45.3,1,0,0,639,359
5908,71844,71842603,11110,250,323,74,0,556,74.5,0,45.4,1,0,0,639,359
5909,71855,71853715,11112,250,323,74,0,660,75.2,0,45.4,1,0,0,639,359
5910,71866,71864820,11105,250,322,75,0,561,75.8,0,45.3,1,0,0,639,359
5911,71877,71875927,11107,250,322,75,0,661,76.1,0,45.3,1,0,0,639,359
5912,71888,71887041,11114,250,322,75,0,560,76.9,0,45.4,1,0,0,639,359
5913,71899,71898143,11102,250,322,75,0,557,77.2,0,45.4,1,0,0,639,359
5914,71910,71909256,11113,250,322,75,0,560,77.6,1,45.4,1,0,0,639,359
5915,71921,71920370,11114,250,323,75,0,580,78.1,0,45.3,1,0,0,639,359
5916,71932,71931479,11109,250,323,75,0,556,78.5,0,45.3,1,0,0,639,359
5917,71944,71942581,11102,250,323,75,0,557,78.7,0,45.3,1,0,0,639,359
5918,71955,71953698,11117,250,322,75,0,658,79.2,0,45.4,1,0,0,639,359
5919,71966,71964800,11102,250,322,75,0,657,79.4,0,45.4,1,0,0,639,359
5920,71977,71975914,11114,250,322,75,0,559,79.9,0,45.3,1,0,0,639,359
5921,71988,71987020,11106,250,321,75,0,558,80.2,0,45.3,1,0,0,639,359
5922,71999,71998128,11108,250,321,75,0,557,80.5,0,45.3,1,0,0,639,359
5923,72010,72009236,11108,250,321,76,0,559,80.6,1,45.3,1,0,0,639,359
5924,72021,72020351,11115,250,321,76,0,575,80.8,0,45.4,1,0,0,639,359
5925,72032,72031460,11109,250,321,76,0,575,81.1,0,45.3,1,0,0,639,359
5926,72044,72042565,11105,250,321,77,0,556,81.3,0,45.3,1,0,0,639,359
5927,72055,72053678,11113,250,321,77,0,634,81.5,0,45.3,1,0,0,639,359
5928,72066,72064788,11110,250,322,77,0,660,81.8,0,45.3,1,0,0,639,359
5929,72077,72075893,11105,250,321,76,0,558,81.8,0,45.2,1,0,0,639,359
5930,72088,72087004,11111,250,321,76,0,556,82.2,0,45.3,1,0,0,639,359
5931,72099,72098110,11106,250,322,75,0,560,82.2,0,45.3,1,0,0,639,359
5932,72110,72109224,11114,250,322,75,0,557,82.4,1,45.3,1,0,0,639,359
5933,72121,72120330,11106,250,321,75,0,581,82.6,0,45.3,1,0,0,639,359
5934,72132,72131446,11116,250,321,75,0,580,82.7,0,45.3,1,0,0,639,359
5935,72144,72142548,11102,250,321,75,0,558,82.9,0,45.3,1,0,0,639,359
5936,72154,72153661,11113,250,321,75,0,656,83.0,0,45.4,1,0,0,639,359
5937,72166,72164765,11104,250,322,75,0,662,83.2,0,45.3,1,0,0,639,359
5938,72177,72175884,11119,250,322,76,0,642,83.3,0,45.3,1,0,0,639,359
5939,72188,72186984,11100,250,322,76,0,556,83.3,0,45.3,1,0,0,639,359
5940,72296,72198095,11111,250,322,76,0,854,72.0,0,45.3,1,0,0,639,359
5941,72299,72286955,88860,250,322,75,0,634,73.1,1,45.3,1,0,0,639,359
5942,72300,72298143,11188,250,323,76,0,656,74.4,0,45.3,1,0,0,639,359
5943,72310,72309197,11054,250,323,76,0,575,74.8,0,45.3,1,0,0,639,359
5944,72321,72320298,11101,250,322,76,0,573,75.0,0,45.3,1,0,0,639,359
5945,72332,72331408,11110,250,322,76,0,567,75.3,0,45.4,1,0,0,639,359
5946,72343,72342517,11109,250,322,76,0,665,75.5,0,45.3,1,0,0,639,359
5947,72354,72353627,11110,250,323,76,0,652,75.7,0,45.3,1,0,0,639,359
5948,72366,72364739,11112,250,323,75,0,581,75.9,0,45.3,1,0,0,639,359
5949,72377,72375848,11109,250,323,74,0,576,76.1,0,45.3,1,0,0,639,359
5950,72388,72386954,11106,250,324,74,0,661,76.3,1,45.3,1,0,0,639,359
5951,72399,72398061,11107,250,324,74,0,565,76.4,0,45.3,1,0,0,639,359
5952,72410,72409170,11109,250,324,74,0,663,76.6,0,45.3,1,0,0,639,359
5953,72421,72420281,11111,250,325,74,0,576,76.8,0,45.3,1,0,0,639,359
5954,72432,72431389,11108,250,325,74,0,575,77.0,0,45.3,1,0,0,639,359
5955,72443,72442503,11114,250,325,74,0,665,77.2,0,45.3,1,0,0,639,359
5956,72455,72453608,11105,250,325,74,0,643,77.4,0,45.3,1,0,0,639,359
5957,72466,72464713,11105,250,325,74,0,662,77.5,0,45.3,1,0,0,639,359
5958,72477,72475827,11114,250,325,74,0,554,77.7,0,45.4,1,0,0,639,359
5959,72488,72486934,11107,250,325,74,0,557,77.9,1,45.4,1,0,0,639,359
5960,72499,72498046,11112,250,325,74,0,557,77.9,0,45.3,1,0,0,639,359
5961,72510,72509156,11110,250,325,75,0,581,78.1,0,45.4,1,0,0,639,359
5962,72521,72520264,11108,250,326,75,0,662,78.2,0,45.4,1,0,0,639,359
5963,72532,72531377,11113,250,327,75,0,556,78.4,0,45.4,1,0,0,639,359
5964,72544,72542480,11103,250,327,75,0,661,78.5,0,45.4,1,0,0,639,359
5965,72554,72553594,11114,250,328,75,0,555,78.7,0,45.3,1,0,0,639,359
5966,72566,72564694,11100,250,329,75,0,559,78.8,0,45.3,1,0,0,639,359
5967,72577,72575807,11113,250,329,74,0,630,78.9,0,45.3,1,0,0,639,359
5968,72588,72586916,11109,250,329,74,0,558,79.0,1,45.4,1,0,0,639,359
5969,72660,72653565,66649,250,331,74,0,555,13.9,0,45.3,1,0,0,639,359
5970,72665,72664687,11122,250,331,74,0,558,26.0,0,45.4,1,0,0,639,359
5971,72677,72675790,11103,250,332,73,0,557,34.1,0,45.3,1,0,0,639,359
5972,72688,72686899,11109,250,332,72,0,557,40.4,0,45.3,1,0,0,639,359
5973,72699,72698006,11107,250,332,69,0,559,45.5,0,45.3,1,0,0,639,359
5974,72710,72709117,11111,250,331,67,0,557,49.6,0,45.3,1,0,0,639,359
5975,72721,72720228,11111,250,331,64,0,554,52.6,0,45.4,1,0,0,639,359
5976,72732,72731338,11110,250,331,61,0,561,55.6,0,45.4,1,0,0,639,359
5977,72743,72742445,11107,250,-1,-1,1,555,58.1,1,-1.0,1,0,0,639,359
5978,72754,72753560,11115,250,-1,-1,1,569,60.2,0,-1.0,1,0,0,639,359
5979,72766,72764666,11106,250,-1,-1,1,573,51.2,0,-1.0,2,0,0,639,359
5980,72804,72797980,33314,250,-1,-1,1,548,55.6,0,-1.0,2,0,0,639,359
5981,72810,72809108,11128,250,-1,-1,1,655,58.6,0,-1.0,2,0,0,639,359
5982,72821,72820216,11108,250,-1,-1,1,637,60.1,0,-1.0,2,0,0,639,359
5983,72832,72831321,11105,250,-1,-1,1,549,61.5,0,-1.0,2,0,0,639,359
5984,72843,72842431,11110,250,-1,-1,1,548,62.7,0,-1.0,2,0,0,639,359
5985,72855,72853534,11103,250,326,62,0,550,61.8,0,44.9,1,0,0,639,359
5986,72865,72864647,11113,250,-1,-1,1,550,65.0,1,-1.0,1,0,0,639,359
5987,72877,72875758,11111,250,-1,-1,1,569,66.0,0,-1.0,1,0,0,639,359
5988,72888,72886868,11110,250,-1,-1,1,567,61.2,0,-1.0,2,0,0,639,359
5989,72916,72909079,22211,250,-1,-1,1,1228,63.8,0,-1.0,2,0,0,639,359
5990,72921,72920197,11118,250,-1,-1,1,660,66.1,0,-1.0,2,0,0,639,359
5991,72933,72931308,11111,250,-1,-1,1,545,66.9,0,-1.0,2,0,0,639,359
5992,72943,72942410,11102,250,-1,-1,1,546,67.6,0,-1.0,2,0,0,639,359
5993,72954,72953519,11109,250,-1,-1,1,546,68.3,0,-1.0,2,0,0,639,359
5994,72965,72964625,11106,250,-1,-1,1,542,69.0,0,-1.0,2,0,0,639,359
5995,72977,72975741,11116,250,-1,-1,1,563,69.6,1,-1.0,2,0,0,639,359
5996,72988,72986853,11112,250,-1,-1,1,568,70.2,0,-1.0,2,0,0,639,359
5997,72999,72997963,11110,250,-1,-1,1,560,70.7,0,-1.0,2,0,0,639,359
5998,73010,73009071,11108,250,-1,-1,1,554,71.3,0,-1.0,2,0,0,639,359
5999,73021,73020178,11107,250,-1,-1,1,635,71.6,0,-1.0,2,0,0,639,359
6000,73032,73031328,11150,250,-1,-1,1,637,72.1,0,-1.0,2,0,0,639,359
6001,73043,73042398,11070,250,-1,-1,1,629,72.5,0,-1.0,2,0,0,639,359
6002,73054,73053504,11106,250,-1,-1,1,526,73.0,0,-1.0,2,0,0,639,359
6003,73065,73064615,11111,250,-1,-1,1,525,73.4,0,-1.0,2,0,0,639,359
6004,73077,73075715,11100,250,-1,-1,1,526,73.8,1,-1.0,2,0,0,639,359
6005,73088,73086839,11124,250,-1,-1,1,557,74.1,0,-1.0,2,0,0,639,359
6006,73099,73097939,11100,250,-1,-1,1,560,74.5,0,-1.0,2,0,0,639,359
6007,73111,73109053,11114,250,-1,-1,1,550,74.7,0,-1.0,2,0,0,639,359
6008,73121,73120164,11111,250,-1,-1,1,655,75.0,0,-1.0,2,0,0,639,359
6009,73132,73131271,11107,250,-1,-1,1,663,75.4,0,-1.0,2,0,0,639,359
6010,73143,73142381,11110,250,-1,-1,1,620,75.7,0,-1.0,2,0,0,639,359
6011,73154,73153489,11108,250,-1,-1,1,566,76.0,0,-1.0,2,0,0,639,359
6012,73166,73164597,11108,250,-1,-1,1,567,76.3,0,-1.0,2,0,0,639,359
6013,73177,73175706,11109,250,-1,-1,1,542,76.5,1,-1.0,2,0,0,639,359
6014,73188,73186817,11111,250,-1,-1,1,580,76.8,0,-1.0,2,0,0,639,359
6015,73199,73197922,11105,250,-1,-1,1,580,77.0,0,-1.0,2,0,0,639,359
6016,73210,73209033,11111,250,-1,-1,1,565,77.2,0,-1.0,2,0,0,639,359
6017,73221,73220149,11116,250,-1,-1,1,642,77.4,0,-1.0,2,0,0,639,359
6018,73232,73231253,11104,250,326,79,0,544,75.5,0,31.5,1,0,0,639,359
6019,73251,73242367,11114,250,333,80,0,201,77.0,0,32.4,1,225,0,426,201
6020,73254,73253460,11093,250,333,81,0,253,78.1,0,32.8,1,238,0,428,190
6021,73265,73264579,11119,250,334,82,0,192,78.3,0,33.6,1,236,0,432,196
6022,73276,73275683,11104,250,334,82,0,197,78.5,1,34.0,1,234,0,433,199
6023,73288,73286802,11119,250,334,82,0,200,78.7,0,34.2,1,234,0,434,200
6024,73299,73297904,11102,250,334,81,0,199,78.9,0,34.3,1,234,0,434,200
6025,73310,73309018,11114,250,334,81,0,249,79.1,0,34.4,1,234,0,433,199
6026,73321,73320123,11105,250,334,80,0,243,79.2,0,34.4,1,234,0,433,199
6027,73332,73331237,11114,250,334,80,0,243,79.4,0,34.3,1,235,0,433,198
6028,73344,73342344,11107,250,334,78,0,192,79.5,0,34.1,1,235,0,432,197
6029,73354,73353453,11109,250,334,77,0,192,79.7,0,33.9,1,236,0,432,196
6030,73413,73364556,11103,250,334,74,0,219,75.2,0,33.3,1,236,0,433,197
6031,73413,73408982,44426,250,-1,-1,1,224,76.4,1,-1.0,1,238,0,430,192
6032,73421,73420116,11134,250,-1,-1,1,233,76.9,0,-1.0,1,237,0,431,194
6033,73432,73431215,11099,250,332,66,0,196,77.1,0,28.7,1,234,0,433,199
6034,73443,73442326,11111,250,331,64,0,237,77.3,0,28.2,1,247,0,416,169
6035,73454,73453432,11106,250,331,62,0,146,77.5,0,27.5,1,248,0,414,166
6036,73465,73464546,11114,250,331,60,0,169,77.5,0,26.7,1,249,0,412,163
6037,73477,73475727,11181,250,331,58,0,138,77.7,0,25.7,1,252,0,410,158
6038,73488,73486762,11035,250,331,56,0,131,77.9,0,24.5,1,255,0,407,152
6039,73499,73497870,11108,250,330,54,0,119,78.0,0,23.0,1,257,0,402,145
6040,73510,73508986,11116,250,330,52,0,133,78.2,1,21.3,1,261,0,398,137
6041,73521,73520266,11280,250,330,50,0,97,78.3,0,19.1,1,266,0,393,127
6042,73532,73531201,10935,250,331,47,0,112,78.5,0,16.6,1,272,0,388,116
6043,73543,73542307,11106,250,-1,-1,1,75,78.6,0,-1.0,1,280,0,382,102
6044,73554,73553414,11107,250,-1,-1,1,65,78.8,0,-1.0,1,281,0,380,99
6045,73566,73564530,11116,250,-1,-1,1,83,77.2,0,-1.0,2,283,0,376,93
6046,73588,73586731,22201,250,-1,-1,1,611,78.1,0,-1.0,2,0,0,639,359
6047,73599,73597860,11129,250,-1,-1,1,640,78.2,0,-1.0,2,0,0,639,359
6048,73611,73608967,11107,250,-1,-1,1,550,83.3,0,-1.0,2,0,0,639,359
6049,73621,73620073,11106,250,-1,-1,1,556,90.9,1,-1.0,2,0,0,639,359
6050,73632,73631186,11113,250,-1,-1,1,543,88.2,0,-1.0,2,0,0,639,359
6051,73643,73642295,11109,250,-1,-1,1,563,88.9,0,-1.0,2,0,0,639,359
6052,73655,73653405,11110,250,-1,-1,1,545,89.3,0,-1.0,2,0,0,639,359
6053,73665,73664517,11112,250,-1,-1,1,655,89.6,0,-1.0,2,0,0,639,359
6054,73676,73675623,11106,250,-1,-1,1,656,89.7,0,-1.0,2,0,0,639,359
6055,73688,73686736,11113,250,332,77,0,557,81.6,0,45.3,1,0,0,639,359
6056,73699,73697993,11257,250,332,76,0,601,89.1,0,45.4,1,0,0,639,359
6057,73710,73708951,10958,250,332,76,0,564,90.1,0,45.3,1,0,0,639,359
6058,73721,73720058,11107,250,331,77,0,555,90.2,1,45.4,1,0,0,639,359
6059,73732,73731169,11111,250,329,77,0,561,89.6,0,45.3,1,0,0,639,359
6060,73743,73742273,11104,250,327,78,0,577,89.7,0,45.4,1,0,0,639,359
6061,73754,73753388,11115,250,325,79,0,557,89.7,0,45.3,1,0,0,639,359
6062,73765,73764497,11109,250,324,80,0,662,89.8,0,45.3,1,0,0,639,359
6063,73777,73775696,11199,250,323,81,0,668,89.9,0,45.3,1,0,0,639,359
6064,73788,73786716,11020,250,322,81,0,661,89.9,0,45.2,1,0,0,639,359
6065,73799,73797823,11107,250,322,81,0,553,90.0,0,45.2,1,0,0,639,359
6066,73810,73808932,11109,250,321,80,0,552,90.0,0,45.2,1,0,0,639,359
6067,73821,73820039,11107,250,320,79,0,554,90.1,1,45.2,1,0,0,639,359
6068,73832,73831152,11113,250,320,78,0,568,89.7,0,45.2,1,0,0,639,359
6069,73843,73842262,11110,250,319,76,0,576,89.8,0,45.2,1,0,0,639,359
6070,73854,73853369,11107,250,318,75,0,569,89.8,0,45.2,1,0,0,639,359
6071,73865,73864479,11110,250,317,74,0,662,89.9,0,45.4,1,0,0,639,359
6072,73877,73875703,11224,250,316,75,0,666,89.6,0,45.4,1,0,0,639,359
6073,73888,73886698,10995,250,316,75,0,661,90.0,0,45.4,1,0,0,639,359
6074,73899,73897801,11103,250,315,76,0,558,90.0,0,45.4,1,0,0,639,359
6075,73910,73908913,11112,250,314,77,0,555,90.0,0,45.4,1,0,0,639,359
6076,73921,73920022,11109,250,313,78,0,554,89.8,1,45.3,1,0,0,639,359
6077,73932,73931139,11117,250,311,78,0,575,89.8,0,45.3,1,0,0,639,359
6078,73943,73942245,11106,250,310,77,0,576,89.9,0,45.2,1,0,0,639,359
6079,73954,73953357,11112,250,-1,-1,1,576,89.9,0,-1.0,1,0,0,639,359
6080,73966,73964461,11104,250,-1,-1,1,660,89.9,0,-1.0,1,0,0,639,359
6081,73976,73975572,11111,250,-1,-1,1,554,85.6,0,-1.0,2,0,0,639,359
6082,73996,73986682,11110,250,290,68,0,751,86.4,0,45.5,1,0,0,639,359
6083,74004,73997773,11091,250,287,68,0,562,88.7,0,45.6,1,0,0,639,359
6084,74010,74008902,11129,250,284,69,0,560,89.8,0,45.5,1,0,0,639,359
6085,74021,74020007,11105,250,282,72,0,556,90.0,1,45.6,1,0,0,639,359
6086,74032,74031117,11110,250,281,75,0,562,89.9,0,45.6,1,0,0,639,359
6087,74043,74042226,11109,250,281,78,0,558,89.9,0,45.6,1,0,0,639,359
6088,74055,74053336,11110,250,281,81,0,552,89.9,0,45.5,1,0,0,639,359
6089,74065,74064450,11114,250,282,83,0,657,89.9,0,45.3,1,0,0,639,359
6090,74076,74075554,11104,250,282,85,0,660,90.0,0,45.3,1,0,0,639,359
6091,74087,74086668,11114,250,281,86,0,585,90.0,0,45.3,1,0,0,639,359
6092,74099,74097767,11099,250,281,85,0,556,90.0,0,45.2,1,0,0,639,359
6093,74110,74108882,11115,250,280,84,0,558,90.0,0,45.2,1,0,0,639,359
6094,74121,74119985,11103,250,280,82,0,553,90.0,1,45.2,1,0,0,639,359
6095,74132,74131102,11117,250,281,80,0,565,89.9,0,45.3,1,0,0,639,359
6096,74143,74142206,11104,250,283,79,0,576,89.9,0,45.3,1,0,0,639,359
6097,74154,74153320,11114,250,286,79,0,558,89.9,0,45.3,1,0,0,639,359
6098,74165,74164428,11108,250,290,80,0,660,89.9,0,45.3,1,0,0,639,359
6099,74176,74175533,11105,250,294,81,0,660,90.0,0,45.3,1,0,0,639,359
6100,74188,74186646,11113,250,297,81,0,582,90.0,0,45.3,1,0,0,639,359
6101,74199,74197752,11106,250,300,81,0,559,90.0,0,45.2,1,0,0,639,359
6102,74210,74208860,11108,250,302,81,0,553,90.0,0,45.3,1,0,0,639,359
6103,74221,74219974,11114,250,304,81,0,555,90.0,1,45.2,1,0,0,639,359
6104,74232,74231084,11110,250,305,80,0,578,89.9,0,45.2,1,0,0,639,359
6105,74243,74242196,11112,250,305,79,0,578,89.9,0,45.2,1,0,0,639,359
6106,74254,74253302,11106,250,304,78,0,578,89.9,0,45.2,1,0,0,639,359
6107,74265,74264414,11112,250,302,77,0,659,90.0,0,45.3,1,0,0,639,359
6108,74277,74275641,11227,250,301,76,0,668,90.0,0,45.3,1,0,0,639,359
6109,74287,74286626,10985,250,300,74,0,661,90.0,0,45.3,1,0,0,639,359
6110,74299,74297735,11109,250,299,73,0,559,90.0,0,45.2,1,0,0,639,359
6111,74311,74308845,11110,250,298,70,0,555,89.9,0,45.3,1,0,0,639,359
6112,74321,74319954,11109,250,297,67,0,555,89.9,1,45.3,1,0,0,639,359
6113,74332,74331067,11113,250,297,64,0,558,90.0,0,45.3,1,0,0,639,359
6114,74343,74342169,11102,250,-1,-1,1,556,89.9,0,-1.0,1,0,0,639,359
6115,74355,74353286,11117,250,-1,-1,1,550,89.9,0,-1.0,1,0,0,639,359
6116,74365,74364396,11110,250,-1,-1,1,658,88.5,0,-1.0,2,0,0,639,359
6117,74379,74375504,11108,250,-1,-1,1,633,89.6,0,-1.0,2,0,0,639,359
6118,74387,74386612,11108,250,-1,-1,1,659,90.0,0,-1.0,2,0,0,639,359
6119,74399,74397721,11109,250,-1,-1,1,550,90.0,0,-1.0,2,0,0,639,359
6120,74511,74408829,11108,250,-1,-1,1,547,80.0,0,-1.0,2,0,0,639,359
6121,74512,74508794,99965,250,-1,-1,1,533,81.1,1,-1.0,2,0,0,639,359
6122,74521,74519927,11133,250,-1,-1,1,648,81.3,0,-1.0,2,0,0,639,359
6123,74532,74531034,11107,250,-1,-1,1,542,81.4,0,-1.0,2,0,0,639,359
6124,74543,74542142,11108,250,-1,-1,1,558,81.5,0,-1.0,2,0,0,639,359
6125,74554,74553254,11112,250,-1,-1,1,564,81.6,0,-1.0,2,0,0,639,359
6126,74565,74564362,11108,250,-1,-1,1,650,81.7,0,-1.0,2,0,0,639,359
6127,74576,74575473,11111,250,-1,-1,1,543,81.8,0,-1.0,2,0,0,639,359
6128,74588,74586577,11104,250,-1,-1,1,647,81.9,0,-1.0,2,0,0,639,359
6129,74599,74597689,11112,250,-1,-1,1,542,82.0,0,-1.0,2,0,0,639,359
6130,74614,74608796,11107,250,-1,-1,1,575,62.5,1,-1.0,2,0,0,639,359
6131,74621,74619919,11123,250,-1,-1,1,545,90.9,0,-1.0,2,0,0,639,359
6132,74632,74631014,11095,250,-1,-1,1,562,88.2,0,-1.0,2,0,0,639,359
6133,74643,74642126,11112,250,-1,-1,1,581,88.9,0,-1.0,2,0,0,639,359
6134,74654,74653234,11108,250,-1,-1,1,642,89.3,0,-1.0,2,0,0,639,359
6135,74665,74664342,11108,250,-1,-1,1,648,89.6,0,-1.0,2,0,0,639,359
6136,74677,74675449,11107,250,-1,-1,1,542,89.7,0,-1.0,2,0,0,639,359
6137,74687,74686562,11113,250,-1,-1,1,540,89.9,0,-1.0,2,0,0,639,359
6138,74698,74697666,11104,250,-1,-1,1,538,90.0,0,-1.0,2,0,0,639,359
6139,74710,74708775,11109,250,-1,-1,1,578,90.1,1,-1.0,2,0,0,639,359
6140,74721,74719889,11114,250,-1,-1,1,577,89.4,0,-1.0,2,0,0,639,359
6141,74732,74730997,11108,250,-1,-1,1,575,90.2,0,-1.0,2,0,0,639,359
6142,74743,74742108,11111,250,-1,-1,1,565,90.3,0,-1.0,2,0,0,639,359
6143,74754,74753219,11111,250,-1,-1,1,657,89.7,0,-1.0,2,0,0,639,359
6144,74765,74764321,11102,250,-1,-1,1,555,89.8,0,-1.0,2,0,0,639,359
6145,74776,74775435,11114,250,-1,-1,1,646,89.9,0,-1.0,2,0,0,639,359
6146,74787,74786541,11106,250,-1,-1,1,543,89.9,0,-1.0,2,0,0,639,359
6147,74798,74797649,11108,250,-1,-1,1,539,90.0,0,-1.0,2,0,0,639,359
6148,74810,74808760,11111,250,-1,-1,1,538,90.0,1,-1.0,2,0,0,639,359
6149,74821,74819876,11116,250,-1,-1,1,557,74.1,0,-1.0,0,0,0,639,359
6150,74869,74864325,44449,250,-1,-1,1,537,77.8,0,-1.0,0,0,0,639,359
6151,74876,74875418,11093,250,-1,-1,1,641,79.1,0,-1.0,0,0,0,639,359
6152,74887,74886526,11108,250,-1,-1,1,540,79.6,0,-1.0,0,0,0,639,359
6153,74899,74897630,11104,250,-1,-1,1,537,80.0,0,-1.0,0,0,0,639,359
6154,74910,74908743,11113,250,-1,-1,1,537,80.4,0,-1.0,0,0,0,639,359
6155,74921,74919850,11107,250,-1,-1,1,534,80.7,0,-1.0,0,0,0,639,359
6156,74932,74930961,11111,250,-1,-1,1,535,81.1,0,-1.0,0,0,0,639,359
6157,74943,74942071,11110,250,-1,-1,1,536,81.2,1,-1.0,0,0,0,639,359
6158,74954,74953185,11114,250,-1,-1,1,559,81.5,0,-1.0,0,0,0,639,359
6159,74965,74964290,11105,250,-1,-1,1,554,81.7,0,-1.0,0,0,0,639,359
6160,74976,74975402,11112,250,-1,-1,1,555,82.0,0,-1.0,0,0,0,639,359
6161,74988,74986512,11110,250,-1,-1,1,637,82.3,0,-1.0,0,0,0,639,359
6162,74999,74997623,11111,250,-1,-1,1,645,82.5,0,-1.0,0,0,0,639,359
6163,75010,75008725,11102,250,-1,-1,1,639,82.7,0,-1.0,0,0,0,639,359
6164,75021,75019839,11114,250,-1,-1,1,535,82.9,0,-1.0,0,0,0,639,359
6165,75032,75030945,11106,250,-1,-1,1,538,82.9,0,-1.0,0,0,0,639,359
6166,75043,75042051,11106,250,-1,-1,1,540,83.3,1,-1.0,0,0,0,639,359
6167,75054,75053164,11113,250,-1,-1,1,558,83.3,0,-1.0,0,0,0,639,359
6168,75065,75064274,11110,250,-1,-1,1,564,83.5,0,-1.0,0,0,0,639,359
6169,75076,75075382,11108,250,-1,-1,1,547,83.7,0,-1.0,0,0,0,639,359
6170,75087,75086493,11111,250,-1,-1,1,646,83.8,0,-1.0,0,0,0,639,359
6171,75099,75097713,11220,250,-1,-1,1,540,84.0,0,-1.0,0,0,0,639,359
6172,75110,75108710,10997,250,-1,-1,1,645,84.1,0,-1.0,0,0,0,639,359
6173,75121,75119815,11105,250,-1,-1,1,541,84.3,0,-1.0,0,0,0,639,359
6174,75132,75130928,11113,250,-1,-1,1,544,84.4,0,-1.0,0,0,0,639,359
6175,75143,75142034,11106,250,-1,-1,1,545,84.6,1,-1.0,0,0,0,639,359
6176,75154,75153151,11117,250,-1,-1,1,568,84.5,0,-1.0,0,0,0,639,359
6177,75165,75164259,11108,250,-1,-1,1,569,84.7,0,-1.0,0,0,0,639,359
6178,75176,75175367,11108,250,-1,-1,1,571,84.8,0,-1.0,0,0,0,639,359
6179,75187,75186480,11113,250,-1,-1,1,662,84.9,0,-1.0,0,0,0,639,359
6180,75198,75197585,11105,250,-1,-1,1,657,85.0,0,-1.0,0,0,0,639,359
6181,75210,75208691,11106,250,-1,-1,1,661,85.1,0,-1.0,0,0,0,639,359
6182,75221,75219805,11114,250,-1,-1,1,586,85.2,0,-1.0,0,0,0,639,359
6183,75232,75230909,11104,250,-1,-1,1,560,85.3,0,-1.0,0,0,0,639,359
6184,75243,75242018,11109,250,-1,-1,1,560,85.4,1,-1.0,0,0,0,639,359
6185,75254,75253131,11113,250,-1,-1,1,582,85.4,0,-1.0,0,0,0,639,359
6186,75265,75264239,11108,250,-1,-1,1,585,85.5,0,-1.0,0,0,0,639,359
6187,75276,75275348,11109,250,-1,-1,1,565,85.5,0,-1.0,0,0,0,639,359
6188,75287,75286459,11111,250,-1,-1,1,672,85.6,0,-1.0,0,0,0,639,359
6189,75299,75297565,11106,250,-1,-1,1,669,85.7,0,-1.0,0,0,0,639,359
6190,75310,75308678,11113,250,-1,-1,1,671,85.8,0,-1.0,0,0,0,639,359
6191,75321,75319785,11107,250,-1,-1,1,586,85.9,0,-1.0,0,0,0,639,359
6192,75332,75330893,11108,250,-1,-1,1,562,85.9,0,-1.0,0,0,0,639,359
6193,75343,75342003,11110,250,-1,-1,1,568,85.9,1,-1.0,0,0,0,639,359
6194,75354,75353115,11112,250,-1,-1,1,572,86.0,0,-1.0,0,0,0,639,359
6195,75365,75364224,11109,250,-1,-1,1,591,86.0,0,-1.0,0,0,0,639,359
6196,75376,75375332,11108,250,-1,-1,1,573,86.1,0,-1.0,0,0,0,639,359
6197,75388,75386442,11110,250,-1,-1,1,679,86.2,0,-1.0,0,0,0,639,359
6198,75398,75397553,11111,250,-1,-1,1,563,86.2,0,-1.0,0,0,0,639,359
6199,75409,75408657,11104,250,-1,-1,1,645,86.3,0,-1.0,0,0,0,639,359
6200,75421,75419770,11113,250,-1,-1,1,538,86.4,0,-1.0,0,0,0,639,359
6201,75432,75430874,11104,250,-1,-1,1,575,86.3,0,-1.0,0,0,0,639,359
6202,75443,75441985,11111,250,-1,-1,1,684,86.5,1,-1.0,0,0,0,639,359
6203,75454,75453096,11111,250,-1,-1,1,588,86.4,0,-1.0,0,0,0,639,359
6204,75465,75464204,11108,250,-1,-1,1,585,86.5,0,-1.0,0,0,0,639,359
6205,75476,75475313,11109,250,-1,-1,1,560,86.6,0,-1.0,0,0,0,639,359
6206,75487,75486424,11111,250,-1,-1,1,647,86.6,0,-1.0,0,0,0,639,359
6207,75498,75497534,11110,250,-1,-1,1,626,86.7,0,-1.0,0,0,0,639,359
6208,75509,75508645,11111,250,-1,-1,1,648,86.7,0,-1.0,0,0,0,639,359
6209,75521,75519755,11110,250,-1,-1,1,541,86.8,0,-1.0,0,0,0,639,359
6210,75603,75530858,11103,250,-1,-1,1,687,80.6,0,-1.0,0,0,0,639,359
6211,75674,75664157,133299,250,-1,-1,1,2142,13.9,1,-1.0,0,0,0,639,359
6212,75677,75675267,11110,250,-1,-1,1,547,27.4,0,-1.0,0,0,0,639,359
6213,75687,75686393,11126,250,-1,-1,1,570,35.7,0,-1.0,0,0,0,639,359
6214,75699,75697501,11108,250,-1,-1,1,553,42.1,0,-1.0,0,0,0,639,359
6215,75709,75708607,11106,250,-1,-1,1,654,47.2,0,-1.0,0,0,0,639,359
6216,75721,75719719,11112,250,-1,-1,1,545,50.8,0,-1.0,0,0,0,639,359
6217,75732,75730828,11109,250,-1,-1,1,658,54.7,0,-1.0,0,0,0,639,359
6218,75743,75741937,11109,250,-1,-1,1,552,57.1,0,-1.0,0,0,0,639,359
6219,75754,75753042,11105,250,-1,-1,1,549,60.0,0,-1.0,0,0,0,639,359
6220,75765,75764149,11107,250,-1,-1,1,553,61.7,1,-1.0,0,0,0,639,359
6221,75776,75775266,11117,250,-1,-1,1,551,63.6,0,-1.0,0,0,0,639,359
6222,75787,75786374,11108,250,-1,-1,1,573,65.2,0,-1.0,0,0,0,639,359
6223,75798,75797484,11110,250,-1,-1,1,573,66.7,0,-1.0,0,0,0,639,359
6224,75809,75808593,11109,250,-1,-1,1,661,68.0,0,-1.0,0,0,0,639,359
6225,75821,75819724,11131,250,-1,-1,1,550,69.1,0,-1.0,0,0,0,639,359
6226,75832,75830811,11087,250,-1,-1,1,660,69.9,0,-1.0,0,0,0,639,359
6227,75843,75841920,11109,250,-1,-1,1,555,71.1,0,-1.0,0,0,0,639,359
6228,75854,75853024,11104,250,-1,-1,1,550,72.0,0,-1.0,0,0,0,639,359
6229,75865,75864134,11110,250,-1,-1,1,551,72.8,1,-1.0,0,0,0,639,359
6230,75876,75875248,11114,250,-1,-1,1,574,73.3,0,-1.0,0,0,0,639,359
6231,75887,75886356,11108,250,-1,-1,1,556,73.9,0,-1.0,0,0,0,639,359
6232,75898,75897521,11165,250,-1,-1,1,575,74.6,0,-1.0,0,0,0,639,359
6233,75909,75908578,11057,250,-1,-1,1,661,75.2,0,-1.0,0,0,0,639,359
6234,75921,75919680,11102,250,-1,-1,1,661,75.7,0,-1.0,0,0,0,639,359
6235,75932,75930797,11117,250,-1,-1,1,656,76.2,0,-1.0,0,0,0,639,359
6236,75943,75941902,11105,250,-1,-1,1,553,76.7,0,-1.0,0,0,0,639,359
6237,75954,75953013,11111,250,-1,-1,1,553,77.1,0,-1.0,0,0,0,639,359
6238,75965,75964119,11106,250,-1,-1,1,550,77.3,1,-1.0,0,0,0,639,359
6239,75976,75975233,11114,250,-1,-1,1,555,77.7,0,-1.0,0,0,0,639,359
6240,75987,75986337,11104,250,-1,-1,1,558,78.1,0,-1.0,0,0,0,639,359
6241,75998,75997446,11109,250,-1,-1,1,556,78.5,0,-1.0,0,0,0,639,359
6242,76010,76008558,11112,250,-1,-1,1,661,78.8,0,-1.0,0,0,0,639,359
6243,76021,76019672,11114,250,-1,-1,1,663,79.1,0,-1.0,0,0,0,639,359
6244,76032,76030776,11104,250,-1,-1,1,656,79.4,0,-1.0,0,0,0,639,359
6245,76043,76041882,11106,250,-1,-1,1,550,79.7,0,-1.0,0,0,0,639,359
6246,76054,76052994,11112,250,-1,-1,1,549,79.8,0,-1.0,0,0,0,639,359
6247,76065,76064105,11111,250,-1,-1,1,551,80.3,1,-1.0,0,0,0,639,359
6248,76076,76075212,11107,250,-1,-1,1,574,80.3,0,-1.0,0,0,0,639,359
6249,76087,76086318,11106,250,-1,-1,1,573,80.6,0,-1.0,0,0,0,639,359
6250,76099,76097431,11113,250,-1,-1,1,559,80.8,0,-1.0,0,0,0,639,359
6251,76109,76108541,11110,250,-1,-1,1,656,81.0,0,-1.0,0,0,0,639,359
6252,76121,76119645,11104,250,-1,-1,1,658,81.2,0,-1.0,0,0,0,639,359
6253,76132,76130761,11116,250,-1,-1,1,658,81.4,0,-1.0,0,0,0,639,359
6254,76143,76141869,11108,250,-1,-1,1,552,81.6,0,-1.0,0,0,0,639,359
6255,76154,76152976,11107,250,-1,-1,1,550,81.8,0,-1.0,0,0,0,639,359
6256,76165,76164081,11105,250,-1,-1,1,552,82.0,1,-1.0,0,0,0,639,359
6257,76176,76175200,11119,250,-1,-1,1,554,82.0,0,-1.0,0,0,0,639,359
6258,76187,76186305,11105,250,-1,-1,1,574,82.2,0,-1.0,0,0,0,639,359
6259,76198,76197415,11110,250,-1,-1,1,556,82.4,0,-1.0,0,0,0,639,359
6260,76209,76208524,11109,250,-1,-1,1,659,82.5,0,-1.0,0,0,0,639,359
6261,76220,76219634,11110,250,-1,-1,1,550,82.7,0,-1.0,0,0,0,639,359
6262,76232,76230743,11109,250,-1,-1,1,659,82.8,0,-1.0,0,0,0,639,359
6263,76243,76241851,11108,250,-1,-1,1,550,82.9,0,-1.0,0,0,0,639,359
6264,76254,76252959,11108,250,-1,-1,1,550,83.1,0,-1.0,0,0,0,639,359
6265,76265,76264066,11107,250,-1,-1,1,550,83.2,1,-1.0,0,0,0,639,359
6266,76276,76275176,11110,250,-1,-1,1,559,83.2,0,-1.0,0,0,0,639,359
6267,76287,76286294,11118,250,-1,-1,1,566,83.3,0,-1.0,0,0,0,639,359
6268,76298,76297396,11102,250,-1,-1,1,562,83.5,0,-1.0,0,0,0,639,359
6269,76309,76308510,11114,250,-1,-1,1,662,83.6,0,-1.0,0,0,0,639,359
6270,76321,76319620,11110,250,-1,-1,1,550,83.7,0,-1.0,0,0,0,639,359
6271,76332,76330727,11107,250,-1,-1,1,655,83.8,0,-1.0,0,0,0,639,359
6272,76343,76341826,11099,250,-1,-1,1,552,83.9,0,-1.0,0,0,0,639,359
6273,76354,76352944,11118,250,-1,-1,1,550,84.0,0,-1.0,0,0,0,639,359
6274,76365,76364048,11104,250,-1,-1,1,553,84.0,1,-1.0,0,0,0,639,359
6275,76376,76375166,11118,250,-1,-1,1,571,84.1,0,-1.0,0,0,0,639,359
6276,76387,76386270,11104,250,-1,-1,1,576,84.2,0,-1.0,0,0,0,639,359
6277,76398,76397383,11113,250,-1,-1,1,572,84.3,0,-1.0,0,0,0,639,359
6278,76410,76408488,11105,250,-1,-1,1,660,84.4,0,-1.0,0,0,0,639,359
6279,76420,76419599,11111,250,-1,-1,1,554,84.5,0,-1.0,0,0,0,639,359
6280,76432,76430707,11108,250,-1,-1,1,650,84.5,0,-1.0,0,0,0,639,359
6281,76443,76441818,11111,250,-1,-1,1,550,84.6,0,-1.0,0,0,0,639,359
6282,76454,76452923,11105,250,-1,-1,1,550,84.6,0,-1.0,0,0,0,639,359
6283,76465,76464035,11112,250,-1,-1,1,549,84.8,1,-1.0,0,0,0,639,359
6284,76476,76475146,11111,250,-1,-1,1,573,84.8,0,-1.0,0,0,0,639,359
6285,76487,76486254,11108,250,-1,-1,1,573,84.8,0,-1.0,0,0,0,639,359
6286,76498,76497365,11111,250,-1,-1,1,571,84.9,0,-1.0,0,0,0,639,359
6287,76509,76508474,11109,250,-1,-1,1,658,85.0,0,-1.0,0,0,0,639,359
6288,76520,76519580,11106,250,-1,-1,1,552,85.1,0,-1.0,0,0,0,639,359
6289,76532,76530693,11113,250,-1,-1,1,659,85.1,0,-1.0,0,0,0,639,359
6290,76543,76541799,11106,250,-1,-1,1,549,85.2,0,-1.0,0,0,0,639,359
6291,76554,76552903,11104,250,-1,-1,1,552,85.3,0,-1.0,0,0,0,639,359
6292,76565,76564013,11110,250,-1,-1,1,552,85.3,1,-1.0,0,0,0,639,359
6293,76576,76575130,11117,250,-1,-1,1,563,85.3,0,-1.0,0,0,0,639,359
6294,76587,76586239,11109,250,-1,-1,1,575,85.4,0,-1.0,0,0,0,639,359
6295,76598,76597347,11108,250,-1,-1,1,555,85.4,0,-1.0,0,0,0,639,359
6296,76609,76608454,11107,250,257,62,0,657,83.1,0,45.7,1,0,0,639,359
6297,76654,76652878,44424,250,258,64,0,558,66.7,0,45.7,1,0,0,639,359
6298,76665,76663997,11119,250,258,65,0,559,76.9,0,45.7,1,0,0,639,359
6299,76676,76675106,11109,250,258,65,0,559,78.9,0,45.7,1,0,0,639,359
6300,76813,76686217,11111,250,258,66,0,561,22.9,0,45.7,1,0,0,639,359
6301,76814,76808400,122183,250,-1,-1,1,540,28.6,1,-1.0,1,0,0,639,359
6302,76820,76819539,11139,250,-1,-1,1,657,33.0,0,-1.0,1,0,0,639,359
6303,76831,76830638,11099,250,262,85,0,561,36.3,0,45.4,1,0,0,639,359
6304,76843,76841749,11111,250,262,85,0,579,39.2,0,45.3,1,0,0,639,359
6305,76854,76852859,11110,250,262,85,0,576,41.9,0,45.4,1,0,0,639,359
6306,76865,76863965,11106,250,263,86,0,664,44.2,0,45.4,1,0,0,639,359
6307,76876,76875076,11111,250,263,85,0,584,46.4,0,45.3,1,0,0,639,359
6308,76887,76886184,11108,250,263,85,0,663,48.2,0,45.4,1,0,0,639,359
6309,76899,76897297,11113,250,263,86,0,555,50.0,0,45.4,1,0,0,639,359
6310,76909,76908402,11105,250,264,86,0,555,51.7,1,45.3,1,0,0,639,359
6311,76920,76919515,11113,250,264,86,0,558,53.2,0,45.4,1,0,0,639,359
6312,76931,76930624,11109,250,264,86,0,565,54.6,0,45.3,1,0,0,639,359
6313,76943,76941729,11105,250,265,87,0,665,55.9,0,45.3,1,0,0,639,359
6314,76954,76952844,11115,250,265,87,0,563,57.1,0,45.3,1,0,0,639,359
6315,76965,76963951,11107,250,265,87,0,661,58.3,0,45.4,1,0,0,639,359
6316,76976,76975059,11108,250,265,88,0,557,59.3,0,45.3,1,0,0,639,359
6317,76987,76986164,11105,250,265,88,0,556,60.2,0,45.3,1,0,0,639,359
6318,76998,76997278,11114,250,265,89,0,555,61.1,0,45.3,1,0,0,639,359
6319,77009,77008386,11108,250,265,89,0,560,62.0,1,45.3,1,0,0,639,359
6320,77020,77019498,11112,250,265,90,0,581,62.8,0,45.3,1,0,0,639,359
6321,77032,77030605,11107,250,265,90,0,562,63.6,0,45.3,1,0,0,639,359
6322,77043,77041717,11112,250,265,91,0,569,64.4,0,45.3,1,0,0,639,359
6323,77054,77052822,11105,250,266,92,0,664,65.1,0,45.3,1,0,0,639,359
6324,77065,77063932,11110,250,266,93,0,557,65.7,0,45.3,1,0,0,639,359
6325,77076,77075044,11112,250,266,94,0,660,66.2,0,45.3,1,0,0,639,359
6326,77087,77086147,11103,250,265,94,0,558,66.8,0,45.3,1,0,0,639,359
6327,77098,77097254,11107,250,266,95,0,555,67.4,0,45.2,1,0,0,639,359
6328,77109,77108370,11116,250,265,95,0,554,67.9,1,45.3,1,0,0,639,359
6329,77121,77119480,11110,250,265,95,0,576,68.5,0,45.3,1,0,0,639,359
6330,77131,77130589,11109,250,265,95,0,578,69.0,0,45.2,1,0,0,639,359
6331,77143,77141699,11110,250,265,95,0,581,69.4,0,45.2,1,0,0,639,359
6332,77154,77152806,11107,250,265,95,0,661,69.9,0,45.3,1,0,0,639,359
6333,77165,77163912,11106,250,265,95,0,560,70.2,0,45.3,1,0,0,639,359
6334,77176,77175029,11117,250,266,95,0,653,70.6,0,45.2,1,0,0,639,359
6335,77187,77186132,11103,250,266,96,0,553,71.2,0,45.2,1,0,0,639,359
6336,77198,77197238,11106,250,266,97,0,555,71.4,0,45.3,1,0,0,639,359
6337,77209,77208348,11110,250,266,98,0,554,71.8,1,45.2,1,0,0,639,359
6338,77220,77219467,11119,250,266,98,0,578,72.2,0,45.1,1,0,0,639,359
6339,77231,77230573,11106,250,265,98,0,579,72.5,0,45.2,1,0,0,639,359
6340,77242,77241681,11108,250,265,99,0,558,72.8,0,45.2,1,0,0,639,359
6341,77254,77252790,11109,250,264,99,0,661,73.1,0,45.1,1,0,0,639,359
6342,77265,77263899,11109,250,264,98,0,553,73.5,0,45.2,1,0,0,639,359
6343,77276,77275009,11110,250,264,98,0,660,73.7,0,45.2,1,0,0,639,359
6344,77287,77286118,11109,250,264,98,0,555,74.1,0,45.2,1,0,0,639,359
6345,77298,77297221,11103,250,263,98,0,556,74.2,0,45.2,1,0,0,639,359
6346,77309,77308332,11111,250,263,97,0,553,74.5,1,45.2,1,0,0,639,359
6347,77320,77319447,11115,250,263,98,0,566,74.8,0,45.3,1,0,0,639,359
6348,77331,77330558,11111,250,263,98,0,560,75.0,0,45.2,1,0,0,639,359
6349,77343,77341661,11103,250,263,98,0,577,75.3,0,45.3,1,0,0,639,359
6350,77354,77352776,11115,250,263,98,0,660,75.5,0,45.3,1,0,0,639,359
6351,77365,77363883,11107,250,263,98,0,665,75.8,0,45.2,1,0,0,639,359
6352,77376,77374993,11110,250,263,99,0,662,76.0,0,45.2,1,0,0,639,359
6353,77387,77386101,11108,250,263,99,0,555,76.1,0,45.3,1,0,0,639,359
6354,77398,77397207,11106,250,262,99,0,556,76.3,0,45.2,1,0,0,639,359
6355,77409,77408313,11106,250,262,99,0,556,76.5,1,45.2,1,0,0,639,359
6356,77420,77419429,11116,250,262,99,0,568,76.7,0,45.2,1,0,0,639,359
6357,77432,77430538,11109,250,262,99,0,577,76.9,0,45.2,1,0,0,639,359
6358,77442,77441647,11109,250,262,99,0,558,77.1,0,45.2,1,0,0,639,359
6359,77454,77452752,11105,250,262,99,0,661,77.3,0,45.2,1,0,0,639,359
6360,77465,77463866,11114,250,262,99,0,556,77.5,0,45.3,1,0,0,639,359
6361,77476,77474977,11111,250,261,99,0,660,77.6,0,45.2,1,0,0,639,359
6362,77487,77486084,11107,250,262,99,0,556,77.8,0,45.2,1,0,0,639,359
6363,77498,77497187,11103,250,262,99,0,557,77.9,0,45.2,1,0,0,639,359
6364,77509,77508299,11112,250,262,99,0,559,78.1,1,45.2,1,0,0,639,359
6365,77520,77519410,11111,250,262,98,0,563,78.2,0,45.2,1,0,0,639,359
6366,77531,77530522,11112,250,262,99,0,570,78.4,0,45.2,1,0,0,639,359
6367,77542,77541630,11108,250,262,99,0,565,78.5,0,45.2,1,0,0,639,359
6368,77554,77552743,11113,250,262,99,0,663,78.7,0,45.2,1,0,0,639,359
6369,77565,77563844,11101,250,262,99,0,552,78.7,0,45.3,1,0,0,639,359
6370,77576,77574958,11114,250,262,99,0,656,79.0,0,45.2,1,0,0,639,359
6371,77587,77586068,11110,250,262,100,0,555,79.1,0,45.2,1,0,0,639,359
6372,77598,77597174,11106,250,263,101,0,556,79.2,0,45.2,1,0,0,639,359
6373,77609,77608280,11106,250,263,102,0,560,79.3,1,45.2,1,0,0,639,359
6374,77620,77619398,11118,250,263,102,0,578,79.4,0,45.2,1,0,0,639,359
6375,77631,77630501,11103,250,263,103,0,576,79.6,0,45.2,1,0,0,639,359
6376,77642,77641612,11111,250,264,103,0,576,79.7,0,45.2,1,0,0,639,359
6377,77687,77686030,44418,250,262,104,0,556,22.2,0,45.2,1,0,0,639,359
6378,77698,77697155,11125,250,261,104,0,558,35.7,0,45.2,1,0,0,639,359
6379,77709,77708265,11110,250,260,105,0,556,44.8,0,45.1,1,0,0,639,359
6380,77720,77719370,11105,250,259,105,0,557,51.3,0,45.2,1,0,0,639,359
6381,77731,77730484,11114,250,259,106,0,558,56.2,0,45.2,1,0,0,639,359
6382,77743,77741591,11107,250,259,106,0,557,60.0,1,45.1,1,0,0,639,359
6383,77754,77752708,11117,250,259,107,0,578,63.1,0,45.1,1,0,0,639,359
6384,77765,77763813,11105,250,259,108,0,575,65.6,0,45.2,1,0,0,639,359
6385,77776,77774923,11110,250,260,109,0,567,67.7,0,45.2,1,0,0,639,359
6386,77787,77786032,11109,250,260,109,0,662,69.0,0,45.1,1,0,0,639,359
6387,77798,77797138,11106,250,260,110,0,563,70.5,0,45.1,1,0,0,639,359
6388,77809,77808249,11111,250,261,110,0,660,71.9,0,45.1,1,0,0,639,359
6389,77820,77819443,11194,250,261,110,0,554,73.0,0,45.1,1,0,0,639,359
6390,77972,77830465,11022,250,261,109,0,696,42.6,0,45.1,1,0,0,639,359
6391,77973,77963754,133289,250,-1,-1,1,545,45.5,1,-1.0,1,0,0,639,359
6392,77976,77974877,11123,250,-1,-1,1,554,47.9,0,-1.0,1,0,0,639,359
6393,77987,77985994,11117,250,259,102,0,665,49.4,0,45.2,1,0,0,639,359
6394,77998,77997112,11118,250,259,102,0,578,50.6,0,45.2,1,0,0,639,359
6395,78009,78008215,11103,250,258,103,0,583,51.8,0,45.2,1,0,0,639,359
6396,78020,78019329,11114,250,257,103,0,559,52.9,0,45.2,1,0,0,639,359
6397,78031,78030438,11109,250,256,104,0,665,54.0,0,45.2,1,0,0,639,359
6398,78042,78041544,11106,250,255,105,0,668,55.0,0,45.2,1,0,0,639,359
6399,78054,78052649,11105,250,254,105,0,662,56.0,0,45.2,1,0,0,639,359
6400,78065,78063760,11111,250,254,105,0,559,56.9,1,45.2,1,0,0,639,359
6401,78076,78074871,11111,250,254,105,0,573,57.7,0,45.2,1,0,0,639,359
6402,78087,78085978,11107,250,255,105,0,596,58.6,0,45.2,1,0,0,639,359
6403,78098,78097089,11111,250,256,104,0,562,59.2,0,45.2,1,0,0,639,359
6404,78109,78108200,11111,250,257,104,0,667,60.0,0,45.2,1,0,0,639,359
6405,78120,78119306,11106,250,258,103,0,565,60.7,0,45.2,1,0,0,639,359
6406,78131,78130418,11112,250,258,103,0,662,61.3,0,45.2,1,0,0,639,359
6407,78143,78141527,11109,250,259,103,0,557,62.0,0,45.2,1,0,0,639,359
6408,78153,78152632,11105,250,260,103,0,559,62.6,0,45.2,1,0,0,639,359
6409,78165,78163743,11111,250,260,104,0,557,63.2,1,45.2,1,0,0,639,359
6410,78176,78174859,11116,250,260,105,0,580,63.8,0,45.2,1,0,0,639,359
6411,78187,78185963,11104,250,261,106,0,580,64.2,0,45.2,1,0,0,639,359
6412,78198,78197075,11112,250,262,107,0,557,64.9,0,45.1,1,0,0,639,359
6413,78209,78208181,11106,250,262,107,0,660,65.3,0,45.2,1,0,0,639,359
6414,78220,78219298,11117,250,263,108,0,556,65.7,0,45.2,1,0,0,639,359
6415,78231,78230398,11100,250,264,108,0,661,66.2,0,45.1,1,0,0,639,359
6416,78242,78241512,11114,250,264,108,0,560,66.7,0,45.1,1,0,0,639,359
6417,78253,78252613,11101,250,264,108,0,555,67.1,0,45.1,1,0,0,639,359
6418,78265,78263724,11111,250,264,108,0,556,67.5,1,45.1,1,0,0,639,359
6419,78276,78274839,11115,250,264,107,0,580,67.8,0,45.1,1,0,0,639,359
6420,78287,78285949,11110,250,264,107,0,580,68.3,0,45.1,1,0,0,639,359
6421,78298,78297059,11110,250,263,107,0,559,68.7,0,45.1,1,0,0,639,359
6422,78309,78308171,11112,250,263,107,0,660,69.0,0,45.1,1,0,0,639,359
6423,78321,78319275,11104,250,262,107,0,554,69.3,0,45.1,1,0,0,639,359
6424,78331,78330387,11112,250,262,106,0,659,69.7,0,45.1,1,0,0,639,359
6425,78342,78341487,11100,250,262,106,0,557,70.0,0,45.1,1,0,0,639,359
6426,78353,78352600,11113,250,262,106,0,554,70.3,0,45.1,1,0,0,639,359
6427,78365,78363706,11106,250,262,106,0,557,70.6,1,45.2,1,0,0,639,359
6428,78376,78374822,11116,250,262,106,0,573,70.9,0,45.2,1,0,0,639,359
6429,78387,78385930,11108,250,262,106,0,566,71.2,0,45.2,1,0,0,639,359
6430,78398,78397038,11108,250,263,106,0,561,71.5,0,45.2,1,0,0,639,359
6431,78409,78408146,11108,250,263,107,0,660,71.7,0,45.1,1,0,0,639,359
6432,78420,78419256,11110,250,263,107,0,557,72.0,0,45.2,1,0,0,639,359
6433,78431,78430365,11109,250,263,108,0,657,72.2,0,45.2,1,0,0,639,359
6434,78442,78441479,11114,250,263,108,0,556,72.5,0,45.1,1,0,0,639,359
6435,78454,78452581,11102,250,263,108,0,560,72.7,0,45.1,1,0,0,639,359
6436,78465,78463692,11111,250,263,108,0,556,73.0,1,45.1,1,0,0,639,359
6437,78476,78474805,11113,250,263,108,0,577,73.2,0,45.1,1,0,0,639,359
6438,78487,78485916,11111,250,263,108,0,573,73.5,0,45.2,1,0,0,639,359
6439,78498,78497023,11107,250,264,109,0,560,73.6,0,45.1,1,0,0,639,359
6440,78509,78508136,11113,250,264,109,0,661,73.8,0,45.1,1,0,0,639,359
6441,78520,78519237,11101,250,264,109,0,557,74.0,0,45.1,1,0,0,639,359
6442,78531,78530352,11115,250,264,110,0,661,74.2,0,45.2,1,0,0,639,359
6443,78543,78541460,11108,250,265,110,0,555,74.4,0,45.1,1,0,0,639,359
6444,78553,78552570,11110,250,265,111,0,553,74.6,0,45.0,1,0,0,639,359
6445,78564,78563673,11103,250,265,111,0,554,74.8,1,45.1,1,0,0,639,359
6446,78576,78574790,11117,250,265,111,0,577,75.0,0,45.1,1,0,0,639,359
6447,78587,78585891,11101,250,265,110,0,569,75.1,0,45.0,1,0,0,639,359
6448,78598,78597003,11112,250,265,110,0,576,75.4,0,45.1,1,0,0,639,359
6449,78609,78608112,11109,250,266,109,0,653,75.5,0,45.1,1,0,0,639,359
6450,78620,78619225,11113,250,266,109,0,555,75.7,0,45.1,1,0,0,639,359
6451,78631,78630329,11104,250,267,109,0,663,75.8,0,45.1,1,0,0,639,359
6452,78642,78641439,11110,250,267,109,0,556,76.0,0,45.1,1,0,0,639,359
6453,78653,78652552,11113,250,267,109,0,558,90.9,0,45.1,1,0,0,639,359
6454,78664,78663659,11107,250,267,109,0,557,90.9,1,45.1,1,0,0,639,359
6455,78676,78674773,11114,250,266,109,0,558,90.9,0,45.1,1,0,0,639,359
6456,78687,78685883,11110,250,266,110,0,579,90.9,0,45.1,1,0,0,639,359
6457,78698,78696991,11108,250,265,110,0,658,90.9,0,45.1,1,0,0,639,359
6458,78709,78708102,11111,250,264,110,0,558,90.9,0,45.1,1,0,0,639,359
6459,78720,78719205,11103,250,263,110,0,661,89.7,0,45.1,1,0,0,639,359
6460,78731,78730317,11112,250,263,109,0,553,89.9,0,45.2,1,0,0,639,359
6461,78742,78741420,11103,250,262,109,0,554,90.0,0,45.1,1,0,0,639,359
6462,78753,78752529,11109,250,262,108,0,554,90.1,0,45.1,1,0,0,639,359
6463,78765,78763639,11110,250,261,107,0,557,90.2,1,45.1,1,0,0,639,359
6464,78776,78774757,11118,250,261,106,0,565,90.2,0,45.1,1,0,0,639,359
6465,78787,78785862,11105,250,260,106,0,564,90.3,0,45.2,1,0,0,639,359
6466,78798,78796974,11112,250,260,106,0,558,90.3,0,45.1,1,0,0,639,359
6467,78809,78808082,11108,250,260,105,0,660,89.8,0,45.1,1,0,0,639,359
6468,78820,78819191,11109,250,260,105,0,555,89.9,0,45.2,1,0,0,639,359
6469,78831,78830297,11106,250,260,105,0,661,89.9,0,45.2,1,0,0,639,359
6470,78842,78841408,11111,250,260,105,0,559,90.0,0,45.1,1,0,0,639,359
6471,78854,78852514,11106,250,260,105,0,556,90.0,0,45.2,1,0,0,639,359
6472,78864,78863626,11112,250,260,105,0,557,90.1,1,45.2,1,0,0,639,359
6473,78876,78874737,11111,250,260,105,0,580,90.1,0,45.2,1,0,0,639,359
6474,78887,78885847,11110,250,260,105,0,578,90.2,0,45.2,1,0,0,639,359
6475,78898,78896952,11105,250,260,105,0,563,89.8,0,45.1,1,0,0,639,359
6476,78909,78908062,11110,250,259,105,0,660,89.9,0,45.2,1,0,0,639,359
6477,78920,78919169,11107,250,259,105,0,555,89.9,0,45.2,1,0,0,639,359
6478,78931,78930283,11114,250,259,105,0,664,90.0,0,45.2,1,0,0,639,359
6479,78942,78941388,11105,250,259,105,0,558,90.0,0,45.2,1,0,0,639,359
6480,79063,78952497,11109,250,259,105,0,2051,66.4,0,45.2,1,0,0,639,359
6481,79065,79063571,111074,250,-1,-1,1,625,68.6,1,-1.0,1,0,0,639,359
6482,79076,79074702,11131,250,-1,-1,1,658,69.3,0,-1.0,1,0,0,639,359
6483,79087,79085807,11105,250,257,106,0,578,69.8,0,45.1,1,0,0,639,359
6484,79098,79096918,11111,250,257,105,0,579,70.3,0,45.2,1,0,0,639,359
6485,79109,79108030,11112,250,257,104,0,660,70.7,0,45.1,1,0,0,639,359
6486,79120,79119139,11109,250,256,103,0,665,71.1,0,45.1,1,0,0,639,359
6487,79131,79130250,11111,250,255,103,0,560,71.6,0,45.2,1,0,0,639,359
6488,79142,79141352,11102,250,254,103,0,575,72.0,0,45.3,1,0,0,639,359
6489,79153,79152464,11112,250,253,103,0,667,72.4,0,45.3,1,0,0,639,359
6490,79165,79163579,11115,250,252,104,0,665,72.8,1,45.3,1,0,0,639,359
6491,79176,79174683,11104,250,251,105,0,669,73.2,0,45.3,1,0,0,639,359
6492,79187,79185790,11107,250,251,106,0,665,73.5,0,45.3,1,0,0,639,359
6493,79198,79196904,11114,250,250,106,0,560,73.9,0,45.2,1,0,0,639,359
6494,79209,79208013,11109,250,250,106,0,576,74.1,0,45.3,1,0,0,639,359
6495,79220,79219121,11108,250,250,106,0,555,74.4,0,45.2,1,0,0,639,359
6496,79231,79230234,11113,250,250,106,0,660,74.7,0,45.2,1,0,0,639,359
6497,79242,79241340,11106,250,250,105,0,662,75.0,0,45.2,1,0,0,639,359
6498,79254,79252448,11108,250,251,104,0,562,75.3,0,45.2,1,0,0,639,359
6499,79264,79263557,11109,250,251,104,0,556,75.6,1,45.2,1,0,0,639,359
6500,79275,79274672,11115,250,251,104,0,563,75.8,0,45.2,1,0,0,639,359
6501,79287,79285777,11105,250,251,104,0,574,76.1,0,45.3,1,0,0,639,359
6502,79298,79296888,11111,250,250,104,0,663,76.2,0,45.3,1,0,0,639,359
6503,79309,79307995,11107,250,250,105,0,558,76.6,0,45.3,1,0,0,639,359
6504,79320,79319100,11105,250,250,106,0,677,76.7,0,45.3,1,0,0,639,359
6505,79331,79330216,11116,250,250,107,0,556,76.9,0,45.3,1,0,0,639,359
6506,79342,79341314,11098,250,250,107,0,558,77.1,0,45.3,1,0,0,639,359
6507,79353,79352431,11117,250,250,107,0,559,77.4,0,45.3,1,0,0,639,359
6508,79364,79363540,11109,250,251,108,0,557,77.6,1,45.2,1,0,0,639,359
6509,79375,79374653,11113,250,251,108,0,581,77.8,0,45.2,1,0,0,639,359
6510,79387,79385759,11106,250,252,108,0,578,78.0,0,45.2,1,0,0,639,359
6511,79398,79396872,11113,250,252,108,0,581,78.1,0,45.2,1,0,0,639,359
6512,79409,79407978,11106,250,253,109,0,661,78.3,0,45.2,1,0,0,639,359
6513,79420,79419086,11108,250,253,109,0,557,78.5,0,45.2,1,0,0,639,359
6514,79431,79430199,11113,250,253,109,0,664,78.6,0,45.2,1,0,0,639,359
6515,79442,79441302,11103,250,253,110,0,556,78.8,0,45.2,1,0,0,639,359
6516,79453,79452409,11107,250,253,110,0,557,78.9,0,45.2,1,0,0,639,359
6517,79464,79463524,11115,250,253,111,0,561,79.1,1,45.2,1,0,0,639,359
6518,79476,79474632,11108,250,252,111,0,578,79.2,0,45.2,1,0,0,639,359
6519,79487,79485744,11112,250,252,110,0,580,79.4,0,45.2,1,0,0,639,359
6520,79498,79496853,11109,250,252,110,0,578,79.5,0,45.1,1,0,0,639,359
6521,79509,79507962,11109,250,253,110,0,661,79.7,0,45.1,1,0,0,639,359
6522,79520,79519072,11110,250,253,109,0,556,79.7,0,45.2,1,0,0,639,359
6523,79531,79530182,11110,250,253,109,0,656,79.9,0,45.2,1,0,0,639,359
6524,79542,79541289,11107,250,253,109,0,553,80.0,0,45.1,1,0,0,639,359
6525,79553,79552395,11106,250,253,108,0,557,80.1,0,45.1,1,0,0,639,359
6526,79565,79563501,11106,250,253,108,0,557,80.3,1,45.2,1,0,0,639,359
6527,79575,79574618,11117,250,252,108,0,572,80.4,0,45.2,1,0,0,639,359
6528,79587,79585724,11106,250,252,108,0,567,80.5,0,45.2,1,0,0,639,359
6529,79598,79596836,11112,250,251,108,0,558,80.6,0,45.2,1,0,0,639,359
6530,79609,79607940,11104,250,251,108,0,659,80.7,0,45.2,1,0,0,639,359
6531,79620,79619053,11113,250,250,109,0,553,80.9,0,45.2,1,0,0,639,359
6532,79631,79630163,11110,250,250,109,0,659,80.9,0,45.2,1,0,0,639,359
6533,79642,79641273,11110,250,250,110,0,555,81.0,0,45.2,1,0,0,639,359
6534,79653,79652377,11104,250,250,110,0,555,90.9,0,45.2,1,0,0,639,359
6535,79664,79663486,11109,250,250,109,0,557,90.9,1,45.2,1,0,0,639,359
6536,79675,79674599,11113,250,250,109,0,558,90.9,0,45.1,1,0,0,639,359
6537,79687,79685710,11111,250,250,108,0,583,90.9,0,45.2,1,0,0,639,359
6538,79698,79696819,11109,250,250,108,0,668,89.3,0,45.2,1,0,0,639,359
6539,79709,79707927,11108,250,249,107,0,559,90.9,0,45.2,1,0,0,639,359
6540,79720,79719035,11108,250,249,107,0,662,89.7,0,45.2,1,0,0,639,359
6541,79731,79730146,11111,250,249,107,0,586,89.9,0,45.3,1,0,0,639,359
6542,79742,79741254,11108,250,249,107,0,558,90.0,0,45.3,1,0,0,639,359
6543,79753,79752365,11111,250,249,107,0,559,90.1,0,45.3,1,0,0,639,359
6544,79764,79763469,11104,250,249,108,0,555,90.2,1,45.2,1,0,0,639,359
6545,79775,79774583,11114,250,249,108,0,578,90.2,0,45.2,1,0,0,639,359
6546,79787,79785691,11108,250,249,108,0,582,90.3,0,45.2,1,0,0,639,359
6547,79798,79796798,11107,250,249,109,0,574,90.3,0,45.2,1,0,0,639,359
6548,79809,79807909,11111,250,249,109,0,659,90.4,0,45.2,1,0,0,639,359
6549,79820,79819018,11109,250,249,109,0,554,90.4,0,45.2,1,0,0,639,359
6550,79831,79830127,11109,250,249,110,0,672,89.9,0,45.2,1,0,0,639,359
6551,79842,79841234,11107,250,249,110,0,556,90.0,0,45.2,1,0,0,639,359
6552,79853,79852343,11109,250,249,110,0,555,90.0,0,45.2,1,0,0,639,359
6553,79864,79863456,11113,250,249,110,0,557,90.1,1,45.2,1,0,0,639,359
6554,79876,79874565,11109,250,249,110,0,577,90.1,0,45.2,1,0,0,639,359
6555,79886,79885675,11110,250,249,110,0,557,90.2,0,45.2,1,0,0,639,359
6556,79898,79896784,11109,250,249,110,0,575,90.2,0,45.2,1,0,0,639,359
6557,79909,79907894,11110,250,249,111,0,660,90.2,0,45.2,1,0,0,639,359
6558,79921,79919002,11108,250,249,111,0,553,89.9,0,45.2,1,0,0,639,359
6559,79931,79930116,11114,250,249,111,0,677,90.0,0,45.2,1,0,0,639,359
6560,79942,79941219,11103,250,249,111,0,554,90.0,0,45.2,1,0,0,639,359
6561,79953,79952324,11105,250,249,112,0,555,90.0,0,45.2,1,0,0,639,359
6562,79964,79963432,11108,250,249,111,0,554,90.1,1,45.2,1,0,0,639,359
6563,79975,79974550,11118,250,250,111,0,564,90.1,0,45.2,1,0,0,639,359
6564,79986,79985657,11107,250,249,110,0,562,90.1,0,45.2,1,0,0,639,359
6565,79998,79996769,11112,250,249,110,0,558,90.1,0,45.2,1,0,0,639,359
6566,80009,80007876,11107,250,249,109,0,662,89.9,0,45.2,1,0,0,639,359
6567,80020,80018984,11108,250,249,109,0,556,90.2,0,45.2,1,0,0,639,359
6568,80031,80030095,11111,250,249,109,0,661,90.0,0,45.2,1,0,0,639,359
6569,80042,80041205,11110,250,249,109,0,555,90.0,0,45.2,1,0,0,639,359
6570,80164,80052309,11104,250,249,110,0,664,70.9,0,45.3,1,0,0,639,359
6571,80165,80163382,111073,250,250,110,0,627,72.7,1,45.2,1,0,0,639,359
6572,80175,80174520,11138,250,250,111,0,657,73.2,0,45.2,1,0,0,639,359
6573,80187,80185618,11098,250,250,111,0,566,73.5,0,45.2,1,0,0,639,359
6574,80198,80196731,11113,250,250,111,0,575,73.9,0,45.2,1,0,0,639,359
6575,80209,80207837,11106,250,250,112,0,559,74.2,0,45.2,1,0,0,639,359
6576,80220,80218948,11111,250,251,112,0,664,74.5,0,45.2,1,0,0,639,359
6577,80231,80230062,11114,250,251,112,0,577,74.7,0,45.2,1,0,0,639,359
6578,80242,80241170,11108,250,251,112,0,560,75.0,0,45.1,1,0,0,639,359
6579,80253,80252275,11105,250,251,112,0,556,75.3,0,45.2,1,0,0,639,359
6580,80264,80263390,11115,250,251,112,0,661,75.6,1,45.2,1,0,0,639,359
6581,80276,80274496,11106,250,251,112,0,663,75.8,0,45.1,1,0,0,639,359
6582,80286,80285609,11113,250,250,111,0,660,76.1,0,45.2,1,0,0,639,359
6583,80298,80296718,11109,250,250,111,0,579,76.3,0,45.2,1,0,0,639,359
6584,80309,80307824,11106,250,250,111,0,577,76.6,0,45.2,1,0,0,639,359
6585,80320,80318928,11104,250,250,111,0,555,76.7,0,45.2,1,0,0,639,359
6586,80331,80330047,11119,250,250,112,0,631,76.9,0,45.2,1,0,0,639,359
6587,80342,80341149,11102,250,250,112,0,662,77.1,0,45.2,1,0,0,639,359
6588,80353,80352263,11114,250,250,113,0,639,77.4,0,45.2,1,0,0,639,359
6589,80364,80363367,11104,250,251,113,0,556,77.6,1,45.2,1,0,0,639,359
6590,80375,80374485,11118,250,251,113,0,578,77.8,0,45.1,1,0,0,639,359
6591,80386,80385587,11102,250,251,113,0,562,78.0,0,45.1,1,0,0,639,359
6592,80398,80396701,11114,250,251,113,0,661,78.1,0,45.1,1,0,0,639,359
6593,80409,80407811,11110,250,251,112,0,553,78.3,0,45.1,1,0,0,639,359
6594,80420,80418917,11106,250,251,111,0,660,78.5,0,45.2,1,0,0,639,359
6595,80431,80430025,11108,250,250,111,0,554,78.7,0,45.1,1,0,0,639,359
6596,80442,80441131,11106,250,250,111,0,555,78.8,0,45.2,1,0,0,639,359
6597,80453,80452240,11109,250,250,110,0,556,78.9,0,45.2,1,0,0,639,359
6598,80464,80463353,11113,250,250,110,0,556,79.1,1,45.3,1,0,0,639,359
6599,80475,80474459,11106,250,250,111,0,577,79.2,0,45.3,1,0,0,639,359
6600,80486,80485573,11114,250,250,111,0,571,79.4,0,45.2,1,0,0,639,359
6601,80498,80496680,11107,250,250,112,0,557,79.5,0,45.2,1,0,0,639,359
6602,80509,80507790,11110,250,250,112,0,662,79.7,0,45.2,1,0,0,639,359
6603,80520,80518897,11107,250,250,113,0,559,79.8,0,45.2,1,0,0,639,359
6604,80531,80530008,11111,250,251,113,0,662,79.9,0,45.2,1,0,0,639,359
6605,80542,80541118,11110,250,251,113,0,555,80.0,0,45.2,1,0,0,639,359
6606,80553,80552223,11105,250,251,113,0,555,80.1,0,45.2,1,0,0,639,359
6607,80564,80563330,11107,250,251,113,0,557,80.3,1,45.2,1,0,0,639,359
6608,80575,80574447,11117,250,251,113,0,575,80.4,0,45.1,1,0,0,639,359
6609,80587,80585555,11108,250,250,112,0,564,80.5,0,45.2,1,0,0,639,359
6610,80598,80596665,11110,250,250,112,0,575,80.6,0,45.2,1,0,0,639,359
6611,80609,80607773,11108,250,250,111,0,661,80.7,0,45.2,1,0,0,639,359
6612,80620,80618887,11114,250,250,111,0,554,80.9,0,45.2,1,0,0,639,359
6613,80631,80629992,11105,250,251,112,0,660,80.9,0,45.1,1,0,0,639,359
6614,80642,80641104,11112,250,251,112,0,554,81.0,0,45.2,1,0,0,639,359
6615,80654,80652210,11106,250,251,112,0,561,83.3,0,45.2,1,0,0,639,359
6616,80664,80663317,11107,250,251,112,0,558,90.9,1,45.2,1,0,0,639,359
6617,80675,80674427,11110,250,251,113,0,559,90.9,0,45.2,1,0,0,639,359
6618,80686,80685536,11109,250,251,113,0,583,90.9,0,45.2,1,0,0,639,359
6619,80697,80696650,11114,250,251,113,0,657,90.9,0,45.1,1,0,0,639,359
6620,80709,80707760,11110,250,251,114,0,554,90.9,0,45.1,1,0,0,639,359
6621,80720,80718865,11105,250,250,114,0,662,89.7,0,45.2,1,0,0,639,359
6622,80731,80729972,11107,250,250,113,0,555,90.9,0,45.2,1,0,0,639,359
6623,80742,80741081,11109,250,250,113,0,556,90.9,0,45.1,1,0,0,639,359
6624,80753,80752189,11108,250,250,113,0,558,90.1,0,45.2,1,0,0,639,359
6625,80764,80763295,11106,250,250,113,0,555,90.2,1,45.2,1,0,0,639,359
6626,80775,80774413,11118,250,250,112,0,560,90.2,0,45.2,1,0,0,639,359
6627,80786,80785519,11106,250,250,112,0,561,90.3,0,45.1,1,0,0,639,359
6628,80797,80796632,11113,250,250,113,0,557,90.3,0,45.2,1,0,0,639,359
6629,80809,80807741,11109,250,250,113,0,660,90.4,0,45.2,1,0,0,639,359
6630,80820,80818847,11106,250,250,113,0,558,90.4,0,45.2,1,0,0,639,359
6631,80831,80829959,11112,250,250,113,0,661,90.4,0,45.1,1,0,0,639,359
6632,80842,80841069,11110,250,249,113,0,641,90.0,0,45.2,1,0,0,639,359
6633,80853,80852176,11107,250,249,112,0,558,90.0,0,45.2,1,0,0,639,359
6634,80864,80863282,11106,250,249,111,0,554,90.1,1,45.2,1,0,0,639,359
6635,80875,80874397,11115,250,249,111,0,578,90.1,0,45.1,1,0,0,639,359
6636,80886,80885506,11109,250,249,110,0,576,90.2,0,45.2,1,0,0,639,359
6637,80898,80896614,11108,250,248,110,0,562,90.2,0,45.3,1,0,0,639,359
6638,80909,80907721,11107,250,248,109,0,662,90.2,0,45.2,1,0,0,639,359
6639,80920,80918829,11108,250,248,110,0,556,90.3,0,45.3,1,0,0,639,359
6640,80931,80929941,11112,250,249,110,0,662,90.3,0,45.2,1,0,0,639,359
6641,80942,80941046,11105,250,249,110,0,553,90.0,0,45.2,1,0,0,639,359
6642,80953,80952154,11108,250,249,111,0,555,90.0,0,45.2,1,0,0,639,359
6643,80964,80963263,11109,250,249,111,0,557,90.1,1,45.3,1,0,0,639,359
6644,80975,80974380,11117,250,250,111,0,577,90.1,0,45.2,1,0,0,639,359
6645,80987,80985485,11105,250,250,111,0,576,90.1,0,45.2,1,0,0,639,359
6646,80997,80996593,11108,250,251,111,0,574,90.1,0,45.2,1,0,0,639,359
6647,81009,81007705,11112,250,251,111,0,665,90.2,0,45.2,1,0,0,639,359
6648,81020,81018814,11109,250,251,111,0,559,90.2,0,45.2,1,0,0,639,359
6649,81031,81029921,11107,250,251,111,0,664,90.0,0,45.2,1,0,0,639,359
6650,81042,81041032,11111,250,252,111,0,556,90.2,0,45.2,1,0,0,639,359
6651,81053,81052137,11105,250,252,111,0,556,90.2,0,45.2,1,0,0,639,359
6652,81064,81063248,11111,250,252,111,0,556,90.0,1,45.2,1,0,0,639,359
6653,81075,81074361,11113,250,252,112,0,580,90.1,0,45.2,1,0,0,639,359
6654,81086,81085473,11112,250,252,112,0,558,90.1,0,45.2,1,0,0,639,359
6655,81097,81096580,11107,250,253,112,0,578,90.1,0,45.2,1,0,0,639,359
6656,81109,81107687,11107,250,253,113,0,657,90.1,0,45.2,1,0,0,639,359
6657,81120,81118796,11109,250,253,113,0,560,90.1,0,45.1,1,0,0,639,359
6658,81131,81129907,11111,250,253,112,0,636,90.2,0,45.1,1,0,0,639,359
6659,81142,81141012,11105,250,253,112,0,560,90.2,0,45.1,1,0,0,639,359
6660,81265,81152121,11109,250,252,112,0,666,74.0,0,45.2,1,0,0,639,359
6661,81265,81263199,111078,250,252,112,0,629,75.4,1,45.2,1,0,0,639,359
6662,81275,81274327,11128,250,251,113,0,660,75.8,0,45.1,1,0,0,639,359
6663,81286,81285435,11108,250,251,113,0,555,76.1,0,45.1,1,0,0,639,359
6664,81298,81296540,11105,250,251,112,0,568,76.3,0,45.2,1,0,0,639,359
6665,81309,81307653,11113,250,251,112,0,661,76.6,0,45.2,1,0,0,639,359
6666,81320,81318759,11106,250,251,112,0,669,76.8,0,45.2,1,0,0,639,359
6667,81331,81329877,11118,250,251,112,0,558,77.0,0,45.2,1,0,0,639,359
6668,81342,81340979,11102,250,250,112,0,578,77.1,0,45.2,1,0,0,639,359
6669,81353,81352093,11114,250,250,111,0,578,77.5,0,45.2,1,0,0,639,359
6670,81364,81363197,11104,250,250,111,0,658,77.6,1,45.2,1,0,0,639,359
6671,81375,81374312,11115,250,250,112,0,554,77.8,0,45.2,1,0,0,639,359
6672,81386,81385419,11107,250,250,112,0,659,78.0,0,45.2,1,0,0,639,359
6673,81397,81396530,11111,250,250,112,0,576,78.1,0,45.2,1,0,0,639,359
6674,81408,81407637,11107,250,250,112,0,560,78.3,0,45.2,1,0,0,639,359
6675,81420,81418743,11106,250,250,113,0,575,78.5,0,45.2,1,0,0,639,359
6676,81431,81429856,11113,250,250,113,0,661,78.6,0,45.2,1,0,0,639,359
6677,81442,81440966,11110,250,250,113,0,553,78.8,0,45.2,1,0,0,639,359
6678,81453,81452070,11104,250,250,113,0,661,78.9,0,45.2,1,0,0,639,359
6679,81464,81463178,11108,250,250,112,0,557,79.1,1,45.1,1,0,0,639,359
6680,81475,81474292,11114,250,249,112,0,558,79.2,0,45.2,1,0,0,639,359
6681,81486,81485401,11109,250,249,112,0,561,79.4,0,45.2,1,0,0,639,359
6682,81497,81496511,11110,250,249,112,0,658,79.5,0,45.2,1,0,0,639,359
6683,81508,81507619,11108,250,249,112,0,557,79.7,0,45.2,1,0,0,639,359
6684,81520,81518730,11111,250,249,112,0,660,79.8,0,45.2,1,0,0,639,359
6685,81531,81529844,11114,250,249,112,0,556,79.9,0,45.2,1,0,0,639,359
6686,81542,81540944,11100,250,249,113,0,557,80.1,0,45.2,1,0,0,639,359
6687,81553,81552055,11111,250,249,113,0,554,80.2,0,45.2,1,0,0,639,359
6688,81564,81563160,11105,250,250,113,0,555,80.3,1,45.1,1,0,0,639,359
6689,81575,81574280,11120,250,250,112,0,567,80.4,0,45.2,1,0,0,639,359
6690,81586,81585386,11106,250,250,112,0,564,80.5,0,45.2,1,0,0,639,359
6691,81597,81596496,11110,250,249,112,0,559,80.6,0,45.2,1,0,0,639,359
6692,81609,81607599,11103,250,249,111,0,662,80.7,0,45.2,1,0,0,639,359
6693,81620,81618712,11113,250,249,111,0,554,80.9,0,45.2,1,0,0,639,359
6694,81631,81629822,11110,250,249,111,0,663,81.0,0,45.2,1,0,0,639,359
6695,81642,81640929,11107,250,249,111,0,559,81.1,0,45.2,1,0,0,639,359
6696,81653,81652036,11107,250,249,111,0,556,81.1,0,45.2,1,0,0,639,359
6697,81669,81663145,11109,250,249,111,0,554,62.5,1,45.2,1,0,0,639,359
6698,81675,81674272,11127,250,249,111,0,576,90.9,0,45.2,1,0,0,639,359
6699,81686,81685368,11096,250,249,111,0,576,90.9,0,45.2,1,0,0,639,359
6700,81698,81696476,11108,250,249,111,0,560,90.9,0,45.2,1,0,0,639,359
6701,81708,81707585,11109,250,249,111,0,665,90.9,0,45.2,1,0,0,639,359
6702,81720,81718690,11105,250,249,111,0,557,90.9,0,45.2,1,0,0,639,359
6703,81731,81729804,11114,250,249,111,0,656,90.9,0,45.2,1,0,0,639,359
6704,81742,81740915,11111,250,249,111,0,553,89.9,0,45.2,1,0,0,639,359
6705,81753,81752021,11106,250,249,111,0,553,90.9,0,45.2,1,0,0,639,359
6706,81764,81763130,11109,250,249,111,0,557,90.9,1,45.1,1,0,0,639,359
6707,81775,81774243,11113,250,248,111,0,560,90.2,0,45.2,1,0,0,639,359
6708,81786,81785347,11104,250,249,111,0,577,90.2,0,45.2,1,0,0,639,359
6709,81797,81796455,11108,250,249,111,0,580,90.3,0,45.2,1,0,0,639,359
6710,81808,81807569,11114,250,249,111,0,657,90.3,0,45.2,1,0,0,639,359
6711,81819,81818680,11111,250,249,112,0,555,90.4,0,45.2,1,0,0,639,359
6712,81831,81829786,11106,250,249,112,0,662,89.9,0,45.2,1,0,0,639,359
6713,81842,81840895,11109,250,249,112,0,556,90.4,0,45.2,1,0,0,639,359
6714,81853,81852000,11105,250,249,112,0,557,90.5,0,45.2,1,0,0,639,359
6715,81864,81863113,11113,250,249,111,0,558,90.5,1,45.2,1,0,0,639,359
6716,81875,81874222,11109,250,249,111,0,558,90.1,0,45.2,1,0,0,639,359
6717,81886,81885332,11110,250,249,111,0,560,90.1,0,45.2,1,0,0,639,359
6718,81897,81896441,11109,250,249,111,0,559,90.2,0,45.2,1,0,0,639,359
6719,81908,81907556,11115,250,249,111,0,660,90.2,0,45.2,1,0,0,639,359
6720,81920,81918661,11105,250,249,111,0,554,90.2,0,45.2,1,0,0,639,359
6721,81931,81929771,11110,250,249,111,0,654,90.3,0,45.2,1,0,0,639,359
6722,81942,81940945,11174,250,249,111,0,560,90.3,0,45.2,1,0,0,639,359
6723,81953,81951988,11043,250,249,112,0,554,90.3,0,45.2,1,0,0,639,359
6724,81964,81963095,11107,250,249,112,0,557,90.0,1,45.2,1,0,0,639,359
6725,81975,81974209,11114,250,249,112,0,581,90.1,0,45.2,1,0,0,639,359
6726,81986,81985317,11108,250,249,112,0,576,90.1,0,45.2,1,0,0,639,359
6727,81997,81996426,11109,250,249,112,0,574,90.1,0,45.1,1,0,0,639,359
6728,82009,82007533,11107,250,249,112,0,662,90.1,0,45.2,1,0,0,639,359
6729,82019,82018644,11111,250,249,112,0,555,90.2,0,45.2,1,0,0,639,359
6730,82031,82029751,11107,250,249,112,0,660,90.2,0,45.1,1,0,0,639,359
6731,82042,82040955,11204,250,249,111,0,554,90.2,0,45.1,1,0,0,639,359
6732,82053,82051965,11010,250,249,111,0,556,90.0,0,45.2,1,0,0,639,359
6733,82064,82063076,11111,250,249,111,0,556,90.2,1,45.2,1,0,0,639,359
6734,82075,82074189,11113,250,248,111,0,564,90.0,0,45.2,1,0,0,639,359
6735,82086,82085300,11111,250,248,111,0,576,90.1,0,45.2,1,0,0,639,359
6736,82097,82096406,11106,250,249,111,0,578,90.1,0,45.2,1,0,0,639,359
6737,82108,82107521,11115,250,249,112,0,655,90.1,0,45.2,1,0,0,639,359
6738,82119,82118629,11108,250,249,112,0,557,90.1,0,45.2,1,0,0,639,359
6739,82131,82129737,11108,250,249,112,0,659,90.1,0,45.2,1,0,0,639,359
6740,82142,82140849,11112,250,249,112,0,629,90.0,0,45.2,1,0,0,639,359
6741,82153,82151953,11104,250,249,112,0,554,90.2,0,45.2,1,0,0,639,359
6742,82164,82163057,11104,250,249,112,0,557,90.2,1,45.2,1,0,0,639,359
6743,82175,82174173,11116,250,249,112,0,570,90.0,0,45.2,1,0,0,639,359
6744,82186,82185282,11109,250,249,112,0,558,90.1,0,45.2,1,0,0,639,359
6745,82197,82196393,11111,250,249,112,0,564,90.1,0,45.2,1,0,0,639,359
6746,82208,82207500,11107,250,249,112,0,659,90.1,0,45.2,1,0,0,639,359
6747,82220,82218606,11106,250,249,111,0,554,90.1,0,45.2,1,0,0,639,359
6748,82231,82229719,11113,250,249,112,0,661,90.1,0,45.2,1,0,0,639,359
6749,82242,82240831,11112,250,249,112,0,557,90.1,0,45.2,1,0,0,639,359
6750,82358,82251931,11100,250,249,112,0,662,76.6,0,45.1,1,0,0,639,359
6751,82359,82351902,99971,250,249,112,0,1213,77.9,1,45.2,1,0,0,639,359
6752,82364,82363041,11139,250,248,112,0,661,78.8,0,45.2,1,0,0,639,359
6753,82375,82374140,11099,250,248,112,0,556,78.9,0,45.3,1,0,0,639,359
6754,82386,82385244,11104,250,248,112,0,577,79.1,0,45.2,1,0,0,639,359
6755,82397,82396359,11115,250,248,112,0,584,79.3,0,45.2,1,0,0,639,359
6756,82409,82407462,11103,250,249,113,0,665,79.5,0,45.2,1,0,0,639,359
6757,82419,82418576,11114,250,249,113,0,659,79.6,0,45.1,1,0,0,639,359
6758,82431,82429681,11105,250,249,113,0,564,79.8,0,45.2,1,0,0,639,359
6759,82442,82440791,11110,250,249,113,0,565,79.9,0,45.2,1,0,0,639,359
6760,82453,82451904,11113,250,249,113,0,634,80.0,1,45.2,1,0,0,639,359
6761,82464,82463014,11110,250,249,113,0,659,80.1,0,45.2,1,0,0,639,359
6762,82475,82474119,11105,250,249,113,0,659,80.3,0,45.2,1,0,0,639,359
6763,82486,82485232,11113,250,249,113,0,660,80.4,0,45.1,1,0,0,639,359
6764,82497,82496339,11107,250,249,113,0,580,80.6,0,45.2,1,0,0,639,359
6765,82508,82507451,11112,250,249,114,0,576,80.7,0,45.2,1,0,0,639,359
6766,82519,82518560,11109,250,249,114,0,558,80.8,0,45.2,1,0,0,639,359
6767,82531,82529669,11109,250,249,114,0,660,81.0,0,45.2,1,0,0,639,359
6768,82542,82540782,11113,250,249,114,0,566,81.1,0,45.1,1,0,0,639,359
6769,82553,82551886,11104,250,249,114,0,651,81.2,1,45.2,1,0,0,639,359
6770,82564,82562993,11107,250,249,114,0,571,81.3,0,45.2,1,0,0,639,359
6771,82575,82574103,11110,250,249,114,0,568,81.4,0,45.1,1,0,0,639,359
6772,82586,82585215,11112,250,249,114,0,577,81.5,0,45.1,1,0,0,639,359
6773,82597,82596324,11109,250,249,114,0,658,81.6,0,45.1,1,0,0,639,359
6774,82608,82607429,11105,250,249,114,0,556,81.7,0,45.2,1,0,0,639,359
6775,82619,82618541,11112,250,249,114,0,658,81.8,0,45.2,1,0,0,639,359
6776,82631,82629648,11107,250,249,114,0,553,81.9,0,45.2,1,0,0,639,359
6777,82642,82640757,11109,250,249,114,0,557,82.0,0,45.2,1,0,0,639,359
6778,82653,82651864,11107,250,248,114,0,555,82.1,1,45.2,1,0,0,639,359
6779,82722,82718536,66672,250,249,116,0,660,14.5,0,45.1,1,0,0,639,359
6780,82730,82729633,11097,250,249,116,0,658,26.0,0,45.1,1,0,0,639,359
6781,82742,82740743,11110,250,249,116,0,557,34.1,0,45.2,1,0,0,639,359
6782,82753,82751850,11107,250,250,116,0,559,40.4,0,45.2,1,0,0,639,359
6783,82764,82762953,11103,250,250,117,0,552,45.0,0,45.1,1,0,0,639,359
6784,82775,82774067,11114,250,250,117,0,556,49.6,0,45.1,1,0,0,639,359
6785,82786,82785178,11111,250,250,117,0,554,52.6,0,45.2,1,0,0,639,359
6786,82797,82796284,11106,250,250,117,0,552,55.6,0,45.1,1,0,0,639,359
6787,82808,82807395,11111,250,250,117,0,556,58.1,1,45.1,1,0,0,639,359
6788,82819,82818512,11117,250,250,117,0,578,60.2,0,45.1,1,0,0,639,359
6789,82830,82829616,11104,250,250,117,0,572,62.1,0,45.1,1,0,0,639,359
6790,82842,82840728,11112,250,249,117,0,568,63.8,0,45.1,1,0,0,639,359
6791,82853,82851834,11106,250,249,117,0,660,65.0,0,45.2,1,0,0,639,359
6792,82864,82862944,11110,250,250,117,0,553,66.4,0,45.2,1,0,0,639,359
6793,82875,82874050,11106,250,250,117,0,662,67.6,0,45.1,1,0,0,639,359
6794,82886,82885162,11112,250,250,117,0,559,68.7,0,45.1,1,0,0,639,359
6795,82897,82896267,11105,250,250,117,0,555,69.7,0,45.1,1,0,0,639,359
6796,82908,82907381,11114,250,250,118,0,553,70.6,1,45.1,1,0,0,639,359
6797,82919,82918492,11111,250,250,118,0,577,71.4,0,45.1,1,0,0,639,359
6798,82930,82929601,11109,250,250,118,0,579,72.2,0,45.1,1,0,0,639,359
6799,82942,82940710,11109,250,249,118,0,571,72.9,0,45.2,1,0,0,639,359
6800,82953,82951820,11110,250,249,118,0,660,73.6,0,45.1,1,0,0,639,359
6801,82964,82962926,11106,250,249,118,0,554,74.2,0,45.2,1,0,0,639,359
6802,82975,82974038,11112,250,249,118,0,659,74.5,0,45.2,1,0,0,639,359
6803,82986,82985142,11104,250,249,118,0,556,75.1,0,45.1,1,0,0,639,359
6804,82997,82996254,11112,250,249,118,0,556,75.6,0,45.1,1,0,0,639,359
6805,83008,83007359,11105,250,249,118,0,557,76.1,1,45.1,1,0,0,639,359
6806,83019,83018473,11114,250,250,118,0,560,76.5,0,45.1,1,0,0,639,359
6807,83031,83029588,11115,250,250,117,0,580,76.9,0,45.1,1,0,0,639,359
6808,83042,83040692,11104,250,250,117,0,578,77.3,0,45.1,1,0,0,639,359
6809,83053,83051801,11109,250,250,116,0,658,77.7,0,45.1,1,0,0,639,359
6810,83064,83062911,11110,250,250,116,0,556,78.0,0,45.1,1,0,0,639,359
6811,83075,83074020,11109,250,250,116,0,659,78.2,0,45.2,1,0,0,639,359
6812,83086,83085128,11108,250,250,116,0,555,78.7,0,45.2,1,0,0,639,359
6813,83097,83096234,11106,250,250,116,0,557,78.8,0,45.2,1,0,0,639,359
6814,83108,83107346,11112,250,249,116,0,555,79.1,1,45.2,1,0,0,639,359
6815,83120,83118452,11106,250,249,117,0,557,79.4,0,45.2,1,0,0,639,359
6816,83130,83129566,11114,250,249,117,0,558,79.7,0,45.1,1,0,0,639,359
6817,83141,83140675,11109,250,250,117,0,558,79.9,0,45.1,1,0,0,639,359
6818,83153,83151788,11113,250,250,118,0,662,80.2,0,45.1,1,0,0,639,359
6819,83164,83162894,11106,250,250,118,0,555,80.4,0,45.1,1,0,0,639,359
6820,83175,83174004,11110,250,250,117,0,661,80.5,0,45.1,1,0,0,639,359
6821,83186,83185110,11106,250,251,117,0,553,80.7,0,45.1,1,0,0,639,359
6822,83197,83196222,11112,250,251,117,0,555,80.9,0,45.1,1,0,0,639,359
6823,83208,83207331,11109,250,251,116,0,557,81.1,1,45.1,1,0,0,639,359
6824,83219,83218442,11111,250,250,116,0,577,81.3,0,45.1,1,0,0,639,359
6825,83230,83229549,11107,250,251,116,0,567,81.5,0,45.1,1,0,0,639,359
6826,83241,83240659,11110,250,251,117,0,565,81.6,0,45.1,1,0,0,639,359
6827,83253,83251768,11109,250,251,117,0,658,81.8,0,45.1,1,0,0,639,359
6828,83264,83262875,11107,250,251,117,0,554,82.0,0,45.2,1,0,0,639,359
6829,83275,83273985,11110,250,251,118,0,659,82.1,0,45.1,1,0,0,639,359
6830,83286,83285097,11112,250,251,118,0,556,82.3,0,45.1,1,0,0,639,359
6831,83297,83296200,11103,250,251,118,0,557,82.3,0,45.1,1,0,0,639,359
6832,83308,83307313,11113,250,251,118,0,555,82.4,1,45.1,1,0,0,639,359
6833,83319,83318422,11109,250,251,117,0,579,82.6,0,45.1,1,0,0,639,359
6834,83330,83329536,11114,250,251,117,0,570,82.7,0,45.1,1,0,0,639,359
6835,83342,83340642,11106,250,250,117,0,561,82.8,0,45.1,1,0,0,639,359
6836,83353,83351754,11112,250,250,117,0,661,83.0,0,45.1,1,0,0,639,359
6837,83364,83362857,11103,250,250,116,0,556,83.1,0,45.2,1,0,0,639,359
6838,83375,83373969,11112,250,250,116,0,666,83.2,0,45.1,1,0,0,639,359
6839,83386,83385124,11155,250,250,116,0,642,83.2,0,45.1,1,0,0,639,359
6840,83502,83396186,11062,250,250,116,0,662,73.0,0,45.2,1,0,0,639,359
6841,83503,83496157,99971,250,249,117,0,1217,74.0,1,45.2,1,0,0,639,359
6842,83508,83507292,11135,250,249,118,0,661,74.9,0,45.1,1,0,0,639,359
6843,83519,83518387,11095,250,249,118,0,554,75.1,0,45.1,1,0,0,639,359
6844,83530,83529495,11108,250,249,117,0,560,75.3,0,45.1,1,0,0,639,359
6845,83541,83540608,11113,250,249,117,0,577,75.5,0,45.1,1,0,0,639,359
6846,83553,83551719,11111,250,249,117,0,660,75.6,0,45.1,1,0,0,639,359
6847,83564,83562828,11109,250,249,117,0,554,75.7,0,45.1,1,0,0,639,359
6848,83575,83573939,11111,250,249,117,0,559,76.0,0,45.2,1,0,0,639,359
6849,83586,83585041,11102,250,249,118,0,574,76.2,0,45.2,1,0,0,639,359
6850,83597,83596158,11117,250,249,118,0,656,76.3,1,45.2,1,0,0,639,359
6851,83608,83607261,11103,250,249,119,0,662,76.4,0,45.1,1,0,0,639,359
6852,83619,83618371,11110,250,249,119,0,659,76.6,0,45.2,1,0,0,639,359
6853,83630,83629478,11107,250,248,119,0,643,76.8,0,45.1,1,0,0,639,359
6854,83641,83640592,11114,250,248,119,0,671,76.9,0,45.2,1,0,0,639,359
6855,83653,83651700,11108,250,248,119,0,575,77.1,0,45.1,1,0,0,639,359
6856,83664,83662811,11111,250,248,119,0,578,77.2,0,45.1,1,0,0,639,359
6857,83713,83707229,44418,250,248,119,0,616,20.0,0,45.1,1,0,0,639,359
6858,83719,83718360,11131,250,248,119,0,553,35.7,0,45.1,1,0,0,639,359
6859,83730,83729459,11099,250,248,118,0,556,44.8,1,45.1,1,0,0,639,359
6860,83742,83740571,11112,250,248,118,0,566,51.3,0,45.1,1,0,0,639,359
6861,83753,83751682,11111,250,248,118,0,559,56.2,0,45.2,1,0,0,639,359
6862,83764,83762791,11109,250,248,118,0,558,60.0,0,45.2,1,0,0,639,359
6863,83775,83773900,11109,250,248,118,0,658,63.1,0,45.2,1,0,0,639,359
6864,83786,83785013,11113,250,248,118,0,560,65.0,0,45.2,1,0,0,639,359
6865,83797,83796120,11107,250,248,119,0,656,67.2,0,45.2,1,0,0,639,359
6866,83808,83807225,11105,250,248,119,0,556,69.0,0,45.1,1,0,0,639,359
6867,83819,83818334,11109,250,249,119,0,557,70.5,0,45.2,1,0,0,639,359
6868,83830,83829441,11107,250,249,119,0,555,71.9,1,45.1,1,0,0,639,359
6869,83841,83840559,11118,250,248,119,0,552,73.0,0,45.1,1,0,0,639,359
6870,83852,83851663,11104,250,248,119,0,578,74.1,0,45.1,1,0,0,639,359
6871,83864,83862774,11111,250,248,119,0,576,75.0,0,45.1,1,0,0,639,359
6872,83875,83873885,11111,250,248,118,0,658,75.5,0,45.1,1,0,0,639,359
6873,83886,83884994,11109,250,248,118,0,554,76.2,0,45.2,1,0,0,639,359
6874,83897,83896102,11108,250,248,118,0,661,76.9,0,45.2,1,0,0,639,359
6875,83908,83907260,11158,250,248,118,0,557,77.6,0,45.2,1,0,0,639,359
6876,83919,83918315,11055,250,248,118,0,556,78.1,0,45.2,1,0,0,639,359
6877,83930,83929426,11111,250,248,119,0,559,78.7,1,45.2,1,0,0,639,359
6878,83941,83940537,11111,250,249,119,0,607,79.1,0,45.1,1,0,0,639,359
6879,83952,83951650,11113,250,249,119,0,556,79.6,0,45.1,1,0,0,639,359
6880,83964,83962757,11107,250,249,119,0,577,80.0,0,45.2,1,0,0,639,359
6881,83975,83973865,11108,250,248,119,0,661,80.4,0,45.1,1,0,0,639,359
6882,83986,83984974,11109,250,248,119,0,554,80.5,0,45.2,1,0,0,639,359
6883,83997,83996088,11114,250,248,119,0,657,80.8,0,45.2,1,0,0,639,359
6884,84009,84007187,11099,250,248,119,0,554,81.2,0,45.2,1,0,0,639,359
6885,84019,84018300,11113,250,248,119,0,558,81.5,0,45.2,1,0,0,639,359
6886,84030,84029406,11106,250,248,119,0,555,81.7,1,45.2,1,0,0,639,359
6887,84041,84040523,11117,250,248,118,0,621,82.0,0,45.1,1,0,0,639,359
6888,84053,84051628,11105,250,248,118,0,558,82.3,0,45.1,1,0,0,639,359
6889,84064,84062742,11114,250,248,118,0,577,82.5,0,45.2,1,0,0,639,359
6890,84075,84073849,11107,250,248,118,0,662,82.7,0,45.2,1,0,0,639,359
6891,84086,84084960,11111,250,248,119,0,555,82.7,0,45.2,1,0,0,639,359
6892,84097,84096066,11106,250,248,119,0,661,82.9,0,45.1,1,0,0,639,359
6893,84108,84107183,11117,250,248,119,0,553,83.1,0,45.2,1,0,0,639,359
6894,84119,84118282,11099,250,248,119,0,553,83.3,0,45.1,1,0,0,639,359
6895,84130,84129391,11109,250,248,119,0,554,83.5,1,45.2,1,0,0,639,359
6896,84142,84140502,11111,250,249,119,0,621,83.7,0,45.2,1,0,0,639,359
6897,84152,84151616,11114,250,249,119,0,573,83.8,0,45.1,1,0,0,639,359
6898,84164,84162721,11105,250,249,120,0,572,84.0,0,45.1,1,0,0,639,359
6899,84175,84173834,11113,250,249,120,0,662,84.1,0,45.1,1,0,0,639,359
6900,84187,84184939,11105,250,249,120,0,554,84.1,0,45.1,1,0,0,639,359
6901,84197,84196052,11113,250,248,119,0,655,84.3,0,45.1,1,0,0,639,359
6902,84209,84207159,11107,250,249,120,0,554,84.4,0,45.1,1,0,0,639,359
6903,84219,84218268,11109,250,249,120,0,556,84.5,0,45.1,1,0,0,639,359
6904,84230,84229374,11106,250,249,120,0,556,84.7,1,45.1,1,0,0,639,359
6905,84241,84240488,11114,250,249,119,0,578,84.8,0,45.1,1,0,0,639,359
6906,84252,84251595,11107,250,249,119,0,560,84.9,0,45.1,1,0,0,639,359
6907,84264,84262710,11115,250,249,119,0,578,85.0,0,45.1,1,0,0,639,359
6908,84275,84273814,11104,250,249,119,0,659,85.0,0,45.1,1,0,0,639,359
6909,84286,84284925,11111,250,249,119,0,555,85.1,0,45.1,1,0,0,639,359
6910,84297,84296031,11106,250,249,119,0,660,85.2,0,45.1,1,0,0,639,359
6911,84308,84307145,11114,250,249,119,0,558,85.3,0,45.1,1,0,0,639,359
6912,84319,84318248,11103,250,249,119,0,556,85.4,0,45.1,1,0,0,639,359
6913,84330,84329355,11107,250,248,120,0,553,85.5,1,45.1,1,0,0,639,359
6914,84341,84340470,11115,250,248,120,0,566,85.5,0,45.2,1,0,0,639,359
6915,84352,84351581,11111,250,248,120,0,561,85.6,0,45.1,1,0,0,639,359
6916,84364,84362690,11109,250,248,120,0,576,85.7,0,45.1,1,0,0,639,359
6917,84375,84373796,11106,250,248,121,0,662,85.8,0,45.1,1,0,0,639,359
6918,84386,84384906,11110,250,248,121,0,554,85.8,0,45.0,1,0,0,639,359
6919,84397,84396019,11113,250,248,120,0,659,85.8,0,45.1,1,0,0,639,359
6920,84409,84407126,11107,250,248,120,0,559,85.9,0,45.1,1,0,0,639,359
6921,84419,84418232,11106,250,248,120,0,554,86.0,0,45.1,1,0,0,639,359
6922,84430,84429340,11108,250,248,120,0,554,86.0,1,45.1,1,0,0,639,359
6923,84441,84440454,11114,250,248,120,0,578,86.1,0,45.1,1,0,0,639,359
6924,84453,84451562,11108,250,248,119,0,558,86.2,0,45.1,1,0,0,639,359
6925,84464,84462668,11106,250,248,119,0,569,86.2,0,45.1,1,0,0,639,359
6926,84475,84473780,11112,250,248,120,0,660,86.3,0,45.2,1,0,0,639,359
6927,84486,84484890,11110,250,248,120,0,551,86.3,0,45.1,1,0,0,639,359
6928,84497,84495999,11109,250,248,120,0,664,86.3,0,45.1,1,0,0,639,359
6929,84508,84507112,11113,250,248,120,0,551,86.4,0,45.2,1,0,0,639,359
6930,84631,84518213,11101,250,248,120,0,661,76.4,0,45.1,1,0,0,639,359
6931,84632,84629284,111071,250,248,121,0,627,77.5,1,45.1,1,0,0,639,359
6932,84641,84640421,11137,250,248,122,0,658,77.7,0,45.1,1,0,0,639,359
6933,84652,84651523,11102,250,248,122,0,554,77.9,0,45.1,1,0,0,639,359
6934,84663,84662636,11113,250,248,122,0,553,78.0,0,45.1,1,0,0,639,359
6935,84730,84718162,55526,250,248,120,0,667,14.9,0,45.1,1,0,0,639,359
6936,84731,84729277,11115,250,248,120,0,625,29.4,0,45.1,1,0,0,639,359
6937,84741,84740401,11124,250,248,120,0,637,38.5,0,45.1,1,0,0,639,359
6938,84752,84751513,11112,250,248,120,0,556,44.9,0,45.1,1,0,0,639,359
6939,84764,84762615,11102,250,248,121,0,662,50.0,0,45.1,1,0,0,639,359
6940,84775,84773728,11113,250,248,121,0,556,54.1,1,45.1,1,0,0,639,359
6941,84786,84784840,11112,250,248,121,0,560,57.4,0,45.1,1,0,0,639,359
6942,84797,84795952,11112,250,248,122,0,578,60.2,0,45.1,1,0,0,639,359
6943,84808,84807178,11226,250,248,122,0,663,62.1,0,45.1,1,0,0,639,359
6944,84819,84818170,10992,250,248,121,0,668,64.1,0,45.1,1,0,0,639,359
6945,84830,84829274,11104,250,248,121,0,656,65.9,0,45.1,1,0,0,639,359
6946,84841,84840386,11112,250,248,121,0,557,67.4,0,45.1,1,0,0,639,359
6947,84853,84851488,11102,250,247,120,0,557,68.8,0,45.2,1,0,0,639,359
6948,84863,84862601,11113,250,247,120,0,558,70.0,0,45.1,1,0,0,639,359
6949,84874,84873708,11107,250,247,120,0,557,71.1,1,45.1,1,0,0,639,359
6950,84886,84884824,11116,250,247,120,0,559,72.1,0,45.2,1,0,0,639,359
6951,84897,84895929,11105,250,247,120,0,574,72.6,0,45.1,1,0,0,639,359
6952,84908,84907040,11111,250,247,121,0,577,73.8,0,45.1,1,0,0,639,359
6953,84919,84918148,11108,250,248,121,0,658,74.2,0,45.1,1,0,0,639,359
6954,84931,84929260,11112,250,248,121,0,556,74.9,0,45.1,1,0,0,639,359
6955,84941,84940370,11110,250,248,121,0,659,75.5,0,45.1,1,0,0,639,359
6956,84953,84951476,11106,250,248,121,0,671,75.9,0,45.1,1,0,0,639,359
6957,84963,84962582,11106,250,247,121,0,556,76.7,0,45.1,1,0,0,639,359
6958,84974,84973693,11111,250,247,120,0,555,77.2,1,45.1,1,0,0,639,359
6959,84986,84984806,11113,250,247,120,0,560,77.6,0,45.1,1,0,0,639,359
6960,84997,84995910,11104,250,247,120,0,560,78.1,0,45.1,1,0,0,639,359
6961,85008,85007023,11113,250,247,120,0,557,78.5,0,45.1,1,0,0,639,359
6962,85019,85018133,11110,250,246,120,0,660,78.7,0,45.2,1,0,0,639,359
6963,85030,85029242,11109,250,246,120,0,555,79.0,0,45.2,1,0,0,639,359
6964,85041,85040356,11114,250,246,120,0,661,79.4,0,45.1,1,0,0,639,359
6965,85053,85051459,11103,250,246,121,0,555,79.7,0,45.1,1,0,0,639,359
6966,85063,85062570,11111,250,246,121,0,553,80.0,0,45.2,1,0,0,639,359
6967,85075,85073674,11104,250,246,121,0,666,80.3,1,45.2,1,0,0,639,359
6968,85086,85084785,11111,250,245,121,0,575,80.6,0,45.2,1,0,0,639,359
6969,85097,85095897,11112,250,245,121,0,560,80.8,0,45.2,1,0,0,639,359
6970,85108,85107007,11110,250,245,122,0,564,81.1,0,45.1,1,0,0,639,359
6971,85119,85118109,11102,250,245,121,0,659,81.1,0,45.1,1,0,0,639,359
6972,85130,85129223,11114,250,246,121,0,559,81.4,0,45.1,1,0,0,639,359
6973,85141,85140332,11109,250,246,121,0,660,81.6,0,45.1,1,0,0,639,359
6974,85152,85151447,11115,250,246,120,0,554,81.8,0,45.1,1,0,0,639,359
6975,85164,85162547,11100,250,245,120,0,554,82.0,0,45.2,1,0,0,639,359
6976,85174,85173661,11114,250,245,120,0,553,82.2,1,45.1,1,0,0,639,359
6977,85186,85184772,11111,250,245,120,0,575,82.4,0,45.1,1,0,0,639,359
6978,85197,85195884,11112,250,245,120,0,581,82.6,0,45.1,1,0,0,639,359
6979,85208,85206987,11103,250,245,121,0,564,82.6,0,45.2,1,0,0,639,359
6980,85219,85218099,11112,250,245,121,0,659,82.7,0,45.1,1,0,0,639,359
6981,85230,85229204,11105,250,245,122,0,556,82.9,0,45.1,1,0,0,639,359
6982,85241,85240316,11112,250,245,122,0,661,83.0,0,45.2,1,0,0,639,359
6983,85253,85251425,11109,250,245,122,0,557,83.2,0,45.1,1,0,0,639,359
6984,85263,85262536,11111,250,245,122,0,558,83.3,0,45.1,1,0,0,639,359
6985,85274,85273642,11106,250,245,122,0,559,83.5,1,45.1,1,0,0,639,359
6986,85286,85284754,11112,250,245,122,0,576,83.6,0,45.2,1,0,0,639,359
6987,85297,85295860,11106,250,244,121,0,576,83.6,0,45.2,1,0,0,639,359
6988,85308,85306971,11111,250,244,121,0,698,83.7,0,45.2,1,0,0,639,359
6989,85319,85318079,11108,250,244,121,0,663,83.8,0,45.1,1,0,0,639,359
6990,85330,85329190,11111,250,244,122,0,555,84.0,0,45.1,1,0,0,639,359
6991,85341,85340298,11108,250,244,122,0,659,84.1,0,45.1,1,0,0,639,359
6992,85352,85351410,11112,250,244,122,0,556,84.2,0,45.1,1,0,0,639,359
6993,85363,85362516,11106,250,244,123,0,561,84.3,0,45.2,1,0,0,639,359
6994,85374,85373623,11107,250,244,123,0,558,84.4,1,45.2,1,0,0,639,359
6995,85386,85384736,11113,250,244,123,0,561,84.5,0,45.1,1,0,0,639,359
6996,85397,85395845,11109,250,244,123,0,559,84.6,0,45.1,1,0,0,639,359
6997,85408,85406955,11110,250,244,123,0,561,84.7,0,45.1,1,0,0,639,359
6998,85419,85418063,11108,250,244,123,0,662,84.7,0,45.2,1,0,0,639,359
6999,85430,85429173,11110,250,244,122,0,555,84.7,0,45.1,1,0,0,639,359
7000,85441,85440285,11112,250,244,121,0,659,84.8,0,45.2,1,0,0,639,359
7001,85452,85451393,11108,250,245,121,0,557,84.9,0,45.2,1,0,0,639,359
7002,85463,85462499,11106,250,244,121,0,555,85.0,0,45.2,1,0,0,639,359
7003,85475,85473604,11105,250,244,121,0,556,85.1,1,45.2,1,0,0,639,359
7004,85486,85484721,11117,250,244,121,0,576,85.2,0,45.1,1,0,0,639,359
7005,85497,85495827,11106,250,244,121,0,569,85.2,0,45.2,1,0,0,639,359
7006,85508,85506938,11111,250,244,121,0,569,85.3,0,45.2,1,0,0,639,359
7007,85519,85518046,11108,250,244,121,0,662,85.3,0,45.2,1,0,0,639,359
7008,85530,85529154,11108,250,244,122,0,557,85.4,0,45.2,1,0,0,639,359
7009,85541,85540264,11110,250,245,122,0,657,85.4,0,45.2,1,0,0,639,359
7010,85552,85551377,11113,250,245,122,0,561,85.5,0,45.1,1,0,0,639,359
7011,85564,85562479,11102,250,245,122,0,554,85.6,0,45.2,1,0,0,639,359
7012,85574,85573590,11111,250,244,122,0,557,85.6,1,45.1,1,0,0,639,359
7013,85586,85584703,11113,250,244,122,0,578,85.7,0,45.1,1,0,0,639,359
7014,85597,85595811,11108,250,244,122,0,560,85.7,0,45.2,1,0,0,639,359
7015,85608,85606920,11109,250,244,122,0,565,85.7,0,45.2,1,0,0,639,359
7016,85619,85618029,11109,250,244,123,0,658,85.8,0,45.1,1,0,0,639,359
7017,85630,85629135,11106,250,244,123,0,561,85.8,0,45.1,1,0,0,639,359
7018,85641,85640247,11112,250,245,124,0,664,85.9,0,45.2,1,0,0,639,359
7019,85653,85651358,11111,250,245,124,0,554,85.9,0,45.1,1,0,0,639,359
7020,85711,85662465,11107,250,245,124,0,662,82.1,0,45.1,1,0,0,639,359
7021,85782,85773539,111074,250,245,126,0,735,14.1,1,45.1,1,0,0,639,359
7022,85786,85784658,11119,250,245,126,0,579,26.7,0,45.1,1,0,0,639,359
7023,85797,85795776,11118,250,245,126,0,556,34.9,0,45.1,1,0,0,639,359
7024,85808,85806887,11111,250,245,126,0,574,41.2,0,45.1,1,0,0,639,359
7025,85819,85818000,11113,250,245,126,0,654,46.3,0,45.1,1,0,0,639,359
7026,85830,85829104,11104,250,245,126,0,572,50.0,0,45.1,1,0,0,639,359
7027,85841,85840220,11116,250,245,126,0,656,53.4,0,45.1,1,0,0,639,359
7028,85852,85851324,11104,250,245,126,0,641,56.3,0,45.1,1,0,0,639,359
7029,85863,85862432,11108,250,245,126,0,554,58.8,0,45.1,1,0,0,639,359
7030,85875,85873537,11105,250,245,126,0,556,61.0,1,45.1,1,0,0,639,359
7031,85885,85884655,11118,250,245,126,0,574,62.9,0,45.1,1,0,0,639,359
7032,85897,85895759,11104,250,245,126,0,569,64.5,0,45.1,1,0,0,639,359
7033,85908,85906872,11113,250,244,126,0,565,66.0,0,45.1,1,0,0,639,359
7034,85919,85917976,11104,250,244,126,0,660,67.0,0,45.1,1,0,0,639,359
7035,85930,85929090,11114,250,244,126,0,555,68.5,0,45.1,1,0,0,639,359
7036,85941,85940195,11105,250,244,126,0,661,69.3,0,45.1,1,0,0,639,359
7037,85952,85951309,11114,250,244,127,0,554,70.2,0,45.1,1,0,0,639,359
7038,85963,85962413,11104,250,244,127,0,555,71.1,0,45.1,1,0,0,639,359
7039,85974,85973522,11109,250,244,127,0,553,72.0,1,45.1,1,0,0,639,359
7040,85985,85984634,11112,250,244,127,0,577,72.7,0,45.1,1,0,0,639,359
7041,85997,85995744,11110,250,244,127,0,578,73.4,0,45.1,1,0,0,639,359
7042,86008,86006850,11106,250,244,127,0,566,74.1,0,45.0,1,0,0,639,359
7043,86019,86017964,11114,250,244,126,0,658,74.7,0,45.1,1,0,0,639,359
7044,86030,86029072,11108,250,243,126,0,554,75.0,0,45.1,1,0,0,639,359
7045,86041,86040179,11107,250,243,126,0,657,75.5,0,45.1,1,0,0,639,359
7046,86053,86051291,11112,250,243,126,0,554,76.0,0,45.1,1,0,0,639,359
7047,86063,86062397,11106,250,243,126,0,556,76.5,0,45.1,1,0,0,639,359
7048,86074,86073502,11105,250,243,127,0,558,76.9,1,45.1,1,0,0,639,359
7049,86085,86084615,11113,250,243,127,0,561,77.3,0,45.1,1,0,0,639,359
7050,86097,86095724,11109,250,243,127,0,578,77.7,0,45.1,1,0,0,639,359
7051,86108,86106835,11111,250,243,127,0,576,78.1,0,45.1,1,0,0,639,359
7052,86119,86117942,11107,250,243,126,0,659,78.4,0,45.1,1,0,0,639,359
7053,86130,86129056,11114,250,243,126,0,556,78.8,0,45.1,1,0,0,639,359
7054,86141,86140163,11107,250,243,125,0,658,78.9,0,45.1,1,0,0,639,359
7055,86153,86151273,11110,250,243,125,0,555,79.2,0,45.1,1,0,0,639,359
7056,86163,86162376,11103,250,243,125,0,553,79.5,0,45.1,1,0,0,639,359
7057,86174,86173483,11107,250,243,125,0,558,79.7,1,45.1,1,0,0,639,359
7058,86186,86184598,11115,250,243,125,0,561,80.0,0,45.1,1,0,0,639,359
7059,86197,86195709,11111,250,243,126,0,567,80.2,0,45.2,1,0,0,639,359
7060,86208,86206817,11108,250,243,126,0,565,80.5,0,45.1,1,0,0,639,359
7061,86219,86217930,11113,250,243,126,0,662,80.7,0,45.2,1,0,0,639,359
7062,86230,86229035,11105,250,243,126,0,555,80.8,0,45.1,1,0,0,639,359
7063,86241,86240143,11108,250,243,126,0,657,81.0,0,45.1,1,0,0,639,359
7064,86252,86251255,11112,250,244,126,0,553,81.2,0,45.1,1,0,0,639,359
7065,86263,86262362,11107,250,244,126,0,553,81.4,0,45.1,1,0,0,639,359
7066,86275,86273469,11107,250,244,126,0,556,81.6,1,45.1,1,0,0,639,359
7067,86285,86284590,11121,250,244,126,0,575,81.7,0,45.1,1,0,0,639,359
7068,86297,86295691,11101,250,244,125,0,579,81.9,0,45.1,1,0,0,639,359
7069,86308,86306799,11108,250,244,125,0,579,82.1,0,45.1,1,0,0,639,359
7070,86319,86317911,11112,250,244,125,0,660,82.1,0,45.1,1,0,0,639,359
7071,86330,86329018,11107,250,244,125,0,556,82.4,0,45.1,1,0,0,639,359
7072,86341,86340123,11105,250,244,125,0,655,82.4,0,45.1,1,0,0,639,359
7073,86352,86351240,11117,250,244,125,0,554,82.6,0,45.1,1,0,0,639,359
7074,86363,86362342,11102,250,244,125,0,553,82.7,0,45.1,1,0,0,639,359
7075,86374,86373456,11114,250,244,125,0,557,82.8,1,45.1,1,0,0,639,359
7076,86385,86384565,11109,250,244,125,0,581,83.0,0,45.1,1,0,0,639,359
7077,86396,86395676,11111,250,245,125,0,575,83.1,0,45.1,1,0,0,639,359
7078,86408,86406785,11109,250,245,125,0,577,83.2,0,45.1,1,0,0,639,359
7079,86419,86417893,11108,250,245,125,0,661,83.3,0,45.1,1,0,0,639,359
7080,86430,86429002,11109,250,245,125,0,553,83.4,0,45.1,1,0,0,639,359
7081,86441,86440115,11113,250,245,125,0,662,83.4,0,45.2,1,0,0,639,359
7082,86452,86451224,11109,250,245,125,0,557,83.6,0,45.1,1,0,0,639,359
7083,86463,86462329,11105,250,245,125,0,559,83.7,0,45.1,1,0,0,639,359
7084,86474,86473434,11105,250,245,125,0,554,83.8,1,45.2,1,0,0,639,359
7085,86485,86484550,11116,250,244,125,0,579,83.9,0,45.1,1,0,0,639,359
7086,86497,86495656,11106,250,244,125,0,576,84.0,0,45.1,1,0,0,639,359
7087,86508,86506768,11112,250,244,125,0,580,84.1,0,45.1,1,0,0,639,359
7088,86519,86517873,11105,250,244,125,0,660,84.2,0,45.1,1,0,0,639,359
7089,86530,86528984,11111,250,244,125,0,552,84.2,0,45.2,1,0,0,639,359
7090,86541,86540093,11109,250,244,125,0,660,84.2,0,45.1,1,0,0,639,359
7091,86552,86551206,11113,250,244,125,0,557,84.3,0,45.1,1,0,0,639,359
7092,86563,86562312,11106,250,244,125,0,558,84.4,0,45.1,1,0,0,639,359
7093,86574,86573421,11109,250,245,125,0,558,84.5,1,45.1,1,0,0,639,359
7094,86586,86584531,11110,250,245,125,0,558,84.6,0,45.1,1,0,0,639,359
7095,86596,86595637,11106,250,245,125,0,558,84.7,0,45.1,1,0,0,639,359
7096,86608,86606750,11113,250,245,125,0,558,84.7,0,45.1,1,0,0,639,359
7097,86619,86617858,11108,250,245,125,0,664,84.8,0,45.1,1,0,0,639,359
7098,86630,86628965,11107,250,245,125,0,552,84.8,0,45.1,1,0,0,639,359
7099,86641,86640077,11112,250,245,124,0,658,84.9,0,45.2,1,0,0,639,359
7100,86653,86651190,11113,250,245,125,0,578,84.9,0,45.1,1,0,0,639,359
7101,86663,86662295,11105,250,245,125,0,553,85.0,0,45.1,1,0,0,639,359
7102,86674,86673400,11105,250,245,125,0,555,85.1,1,45.1,1,0,0,639,359
7103,86685,86684520,11120,250,245,125,0,574,85.1,0,45.1,1,0,0,639,359
7104,86696,86695621,11101,250,245,125,0,571,85.2,0,45.1,1,0,0,639,359
7105,86708,86706735,11114,250,245,125,0,567,85.3,0,45.1,1,0,0,639,359
7106,86719,86717839,11104,250,245,125,0,658,85.2,0,45.1,1,0,0,639,359
7107,86763,86751151,33312,250,245,125,0,552,22.7,0,45.1,1,0,0,639,359
7108,86764,86762266,11115,250,245,125,0,543,44.4,0,45.1,1,0,0,639,359
7109,86774,86773385,11119,250,245,125,0,557,54.5,0,45.1,1,0,0,639,359
7110,86853,86784493,11108,250,245,125,0,663,30.1,0,45.1,1,0,0,639,359
7111,86854,86851129,66636,250,245,125,0,627,37.3,1,45.1,1,0,0,639,359
7112,86863,86862265,11136,250,245,126,0,658,41.7,0,45.1,1,0,0,639,359
7113,86874,86873368,11103,250,245,126,0,553,45.2,0,45.1,1,0,0,639,359
7114,86885,86884476,11108,250,245,126,0,568,48.2,0,45.1,1,0,0,639,359
7115,86897,86895588,11112,250,245,126,0,554,50.6,0,45.1,1,0,0,639,359
7116,86908,86906700,11112,250,245,127,0,659,53.2,0,45.1,1,0,0,639,359
7117,86919,86917809,11109,250,245,127,0,554,55.0,0,45.1,1,0,0,639,359
7118,86930,86928915,11106,250,245,127,0,558,57.1,0,45.1,1,0,0,639,359
7119,86941,86940028,11113,250,245,127,0,578,58.6,0,45.1,1,0,0,639,359
7120,86952,86951134,11106,250,245,127,0,597,60.1,1,45.1,1,0,0,639,359
7121,86963,86962244,11110,250,245,127,0,659,61.5,0,45.1,1,0,0,639,359
7122,86974,86973510,11266,250,245,127,0,661,62.7,0,45.1,1,0,0,639,359
7123,86986,86984461,10951,250,245,127,0,658,63.9,0,45.1,1,0,0,639,359
7124,86996,86995575,11114,250,245,128,0,577,65.0,0,45.1,1,0,0,639,359
7125,87008,87006683,11108,250,245,128,0,559,66.0,0,45.1,1,0,0,639,359
7126,87019,87017792,11109,250,245,128,0,574,66.9,0,45.1,1,0,0,639,359
7127,87030,87028902,11110,250,246,128,0,662,67.5,0,45.1,1,0,0,639,359
7128,87041,87040010,11108,250,246,129,0,556,68.5,0,45.1,1,0,0,639,359
7129,87052,87051117,11107,250,246,129,0,662,69.1,1,45.1,1,0,0,639,359
7130,87063,87062231,11114,250,246,129,0,557,69.8,0,45.1,1,0,0,639,359
7131,87074,87073338,11107,250,245,128,0,573,70.4,0,45.1,1,0,0,639,359
7132,87085,87084446,11108,250,245,128,0,557,71.0,0,45.1,1,0,0,639,359
7133,87097,87095555,11109,250,245,128,0,591,71.6,0,45.1,1,0,0,639,359
7134,87107,87106665,11110,250,245,128,0,659,72.2,0,45.1,1,0,0,639,359
7135,87119,87117921,11256,250,245,128,0,664,72.5,0,45.1,1,0,0,639,359
7136,87130,87128882,10961,250,245,128,0,660,73.2,0,45.1,1,0,0,639,359
7137,87141,87139989,11107,250,245,128,0,551,73.6,0,45.1,1,0,0,639,359
7138,87152,87151096,11107,250,245,129,0,559,74.1,1,45.2,1,0,0,639,359
7139,87163,87162209,11113,250,245,129,0,565,74.3,0,45.1,1,0,0,639,359
7140,87174,87173320,11111,250,245,129,0,559,74.7,0,45.1,1,0,0,639,359
7141,87185,87184426,11106,250,246,130,0,568,75.1,0,45.1,1,0,0,639,359
7142,87196,87195538,11112,250,246,130,0,659,75.5,0,45.1,1,0,0,639,359
7143,87208,87206647,11109,250,246,130,0,555,75.8,0,45.1,1,0,0,639,359
7144,87219,87217752,11105,250,246,130,0,577,76.2,0,45.0,1,0,0,639,359
7145,87230,87228860,11108,250,246,130,0,554,76.5,0,45.0,1,0,0,639,359
7146,87241,87239972,11112,250,246,129,0,655,76.8,0,45.0,1,0,0,639,359
7147,87252,87251089,11117,250,246,129,0,552,76.9,1,45.0,1,0,0,639,359
7148,87263,87262191,11102,250,246,129,0,577,77.2,0,45.0,1,0,0,639,359
7149,87274,87273302,11111,250,246,128,0,556,77.5,0,45.0,1,0,0,639,359
7150,87285,87284414,11112,250,246,128,0,656,77.7,0,45.1,1,0,0,639,359
7151,87297,87295523,11109,250,246,128,0,659,78.0,0,45.1,1,0,0,639,359
7152,87307,87306629,11106,250,246,128,0,659,78.2,0,45.1,1,0,0,639,359
7153,87319,87317736,11107,250,246,128,0,651,78.5,0,45.1,1,0,0,639,359
7154,87330,87328845,11109,250,246,129,0,558,78.7,0,45.1,1,0,0,639,359
7155,87341,87339958,11113,250,246,129,0,556,78.8,0,45.1,1,0,0,639,359
7156,87352,87351067,11109,250,246,130,0,554,79.1,1,45.0,1,0,0,639,359
7157,87363,87362177,11110,250,246,130,0,562,79.2,0,45.1,1,0,0,639,359
7158,87374,87373288,11111,250,246,130,0,559,79.4,0,45.1,1,0,0,639,359
7159,87385,87384396,11108,250,246,130,0,577,79.6,0,45.0,1,0,0,639,359
7160,87396,87395504,11108,250,246,130,0,657,79.8,0,45.0,1,0,0,639,359
7161,87407,87406611,11107,250,245,129,0,554,79.9,0,45.1,1,0,0,639,359
7162,87419,87417722,11111,250,245,129,0,659,80.1,0,45.1,1,0,0,639,359
7163,87430,87428834,11112,250,245,129,0,556,80.3,0,45.1,1,0,0,639,359
7164,87441,87439941,11107,250,245,129,0,551,80.4,0,45.0,1,0,0,639,359
7165,87452,87451044,11103,250,245,129,0,552,80.6,1,45.1,1,0,0,639,359
7166,87463,87462163,11119,250,245,129,0,575,80.6,0,45.1,1,0,0,639,359
7167,87474,87473269,11106,250,245,129,0,559,80.8,0,45.1,1,0,0,639,359
7168,87485,87484379,11110,250,245,130,0,574,80.9,0,45.1,1,0,0,639,359
7169,87496,87495488,11109,250,245,130,0,654,81.1,0,45.1,1,0,0,639,359
7170,87507,87506595,11107,250,245,130,0,555,81.2,0,45.0,1,0,0,639,359
7171,87519,87517701,11106,250,245,130,0,658,81.4,0,45.1,1,0,0,639,359
7172,87530,87528814,11113,250,245,130,0,554,81.4,0,45.0,1,0,0,639,359
7173,87541,87539918,11104,250,245,130,0,556,81.6,0,45.0,1,0,0,639,359
7174,87552,87551033,11115,250,245,129,0,552,81.7,1,45.1,1,0,0,639,359
7175,87563,87562140,11107,250,245,129,0,576,81.8,0,45.1,1,0,0,639,359
7176,87574,87573252,11112,250,245,129,0,557,81.9,0,45.1,1,0,0,639,359
7177,87585,87584358,11106,250,245,129,0,578,82.0,0,45.1,1,0,0,639,359
7178,87596,87595466,11108,250,245,129,0,658,82.1,0,45.1,1,0,0,639,359
7179,87608,87606578,11112,250,245,129,0,554,82.2,0,45.1,1,0,0,639,359
7180,87619,87617687,11109,250,245,129,0,661,82.3,0,45.1,1,0,0,639,359
7181,87630,87628798,11111,250,245,129,0,556,82.4,0,45.1,1,0,0,639,359
7182,87641,87639904,11106,250,245,130,0,556,82.5,0,45.1,1,0,0,639,359
7183,87652,87651014,11110,250,245,130,0,552,82.5,1,45.1,1,0,0,639,359
7184,87663,87662127,11113,250,245,130,0,578,82.6,0,45.1,1,0,0,639,359
7185,87674,87673234,11107,250,245,131,0,575,82.7,0,45.1,1,0,0,639,359
7186,87685,87684346,11112,250,245,131,0,575,82.8,0,45.1,1,0,0,639,359
7187,87697,87695453,11107,250,245,131,0,660,82.9,0,45.1,1,0,0,639,359
7188,87707,87706563,11110,250,245,131,0,554,83.0,0,45.1,1,0,0,639,359
7189,87718,87717673,11110,250,245,130,0,656,83.1,0,45.1,1,0,0,639,359
7190,87730,87728781,11108,250,245,130,0,554,83.2,0,45.1,1,0,0,639,359
7191,87742,87739888,11107,250,245,130,0,552,76.9,0,45.1,1,0,0,639,359
7192,87752,87750997,11109,250,245,130,0,555,90.9,1,45.1,1,0,0,639,359
7193,87763,87762111,11114,250,245,129,0,557,88.2,0,45.1,1,0,0,639,359
7194,87774,87773217,11106,250,245,129,0,560,88.9,0,45.1,1,0,0,639,359
7195,87785,87784326,11109,250,245,129,0,660,89.3,0,45.1,1,0,0,639,359
7196,87796,87795440,11114,250,244,130,0,661,89.6,0,45.1,1,0,0,639,359
7197,87807,87806543,11103,250,244,130,0,658,89.7,0,45.1,1,0,0,639,359
7198,87818,87817655,11112,250,245,130,0,660,89.9,0,45.1,1,0,0,639,359
7199,87830,87828761,11106,250,245,130,0,555,90.0,0,45.1,1,0,0,639,359
7200,87923,87839870,11109,250,245,131,0,662,51.8,0,45.1,1,0,0,639,359
7201,87924,87917614,77744,250,245,130,0,623,56.7,1,45.1,1,0,0,639,359
7202,87930,87928755,11141,250,245,129,0,633,60.0,0,45.1,1,0,0,639,359
7203,87941,87939857,11102,250,245,129,0,557,61.6,0,45.1,1,0,0,639,359
7204,87952,87950963,11106,250,245,129,0,553,63.1,0,45.1,1,0,0,639,359
7205,87963,87962070,11107,250,245,129,0,556,64.1,0,45.2,1,0,0,639,359
7206,87974,87973180,11110,250,245,130,0,657,65.3,0,45.2,1,0,0,639,359
7207,87985,87984294,11114,250,246,130,0,659,66.4,0,45.1,1,0,0,639,359
7208,87996,87995405,11111,250,245,130,0,571,67.4,0,45.1,1,0,0,639,359
7209,88008,88006511,11106,250,245,130,0,557,68.3,0,45.1,1,0,0,639,359
7210,88018,88017622,11111,250,245,130,0,565,69.2,1,45.1,1,0,0,639,359
7211,88030,88028730,11108,250,245,130,0,658,70.0,0,45.1,1,0,0,639,359
7212,88041,88039843,11113,250,245,130,0,554,70.5,0,45.1,1,0,0,639,359
7213,88052,88050946,11103,250,245,130,0,661,71.2,0,45.1,1,0,0,639,359
7214,88063,88062060,11114,250,245,130,0,652,71.9,0,45.1,1,0,0,639,359
7215,88074,88073170,11110,250,245,130,0,573,72.5,0,45.1,1,0,0,639,359
7216,88085,88084278,11108,250,245,130,0,576,73.0,0,45.1,1,0,0,639,359
7217,88096,88095381,11103,250,245,130,0,656,73.6,0,45.1,1,0,0,639,359
7218,88107,88106493,11112,250,245,130,0,658,74.1,0,45.1,1,0,0,639,359
7219,88118,88117631,11138,250,245,130,0,659,74.6,1,45.1,1,0,0,639,359
7220,88130,88128712,11081,250,245,130,0,660,75.0,0,45.1,1,0,0,639,359
7221,88141,88139821,11109,250,245,130,0,557,75.4,0,45.1,1,0,0,639,359
7222,88152,88150928,11107,250,245,130,0,614,75.8,0,45.1,1,0,0,639,359
7223,88163,88162038,11110,250,245,130,0,566,76.2,0,45.1,1,0,0,639,359
7224,88174,88173149,11111,250,245,130,0,659,76.4,0,45.1,1,0,0,639,359
7225,88185,88184255,11106,250,245,130,0,553,76.8,0,45.1,1,0,0,639,359
7226,88196,88195372,11117,250,245,130,0,659,77.1,0,45.0,1,0,0,639,359
7227,88208,88206477,11105,250,245,130,0,553,77.4,0,45.1,1,0,0,639,359
7228,88218,88217586,11109,250,245,130,0,553,77.7,1,45.0,1,0,0,639,359
7229,88230,88228696,11110,250,245,130,0,570,78.0,0,45.1,1,0,0,639,359
7230,88241,88239805,11109,250,245,130,0,558,78.3,0,45.1,1,0,0,639,359
7231,88252,88250913,11108,250,245,130,0,624,78.5,0,45.1,1,0,0,639,359
7232,88263,88262023,11110,250,244,130,0,658,78.7,0,45.1,1,0,0,639,359
7233,88274,88273133,11110,250,244,130,0,555,78.9,0,45.1,1,0,0,639,359
7234,88285,88284240,11107,250,244,131,0,660,79.1,0,45.1,1,0,0,639,359
7235,88296,88295351,11111,250,244,130,0,588,79.4,0,45.0,1,0,0,639,359
7236,88307,88306455,11104,250,244,130,0,557,79.6,0,45.1,1,0,0,639,359
7237,88319,88317564,11109,250,244,130,0,555,79.8,1,45.1,1,0,0,639,359
7238,88330,88328679,11115,250,244,130,0,576,80.0,0,45.1,1,0,0,639,359
7239,88341,88339785,11106,250,244,130,0,579,80.2,0,45.1,1,0,0,639,359
7240,88352,88350902,11117,250,244,131,0,578,80.4,0,45.1,1,0,0,639,359
7241,88363,88362002,11100,250,244,131,0,663,80.4,0,45.1,1,0,0,639,359
7242,88374,88373116,11114,250,244,131,0,646,80.6,0,45.1,1,0,0,639,359
7243,88385,88384220,11104,250,244,131,0,655,80.8,0,45.1,1,0,0,639,359
7244,88396,88395334,11114,250,244,131,0,591,81.0,0,45.1,1,0,0,639,359
7245,88407,88406439,11105,250,244,131,0,555,81.1,0,45.1,1,0,0,639,359
7246,88418,88417549,11110,250,244,131,0,556,81.3,1,45.1,1,0,0,639,359
7247,88429,88428661,11112,250,244,131,0,566,81.4,0,45.1,1,0,0,639,359
7248,88441,88439770,11109,250,244,131,0,558,81.6,0,45.1,1,0,0,639,359
7249,88452,88450878,11108,250,244,131,0,579,81.6,0,45.1,1,0,0,639,359
7250,88463,88461992,11114,250,244,131,0,661,81.7,0,45.1,1,0,0,639,359
7251,88474,88473099,11107,250,244,132,0,555,82.0,0,45.1,1,0,0,639,359
7252,88485,88484209,11110,250,244,132,0,660,82.0,0,45.0,1,0,0,639,359
7253,88496,88495317,11108,250,244,132,0,557,82.1,0,45.1,1,0,0,639,359
7254,88507,88506426,11109,250,244,132,0,555,82.3,0,45.1,1,0,0,639,359
7255,88518,88517531,11105,250,244,132,0,558,82.4,1,45.0,1,0,0,639,359
7256,88529,88528645,11114,250,244,132,0,576,82.5,0,45.1,1,0,0,639,359
7257,88541,88539751,11106,250,244,132,0,560,82.6,0,45.1,1,0,0,639,359
7258,88552,88550862,11111,250,244,131,0,567,82.7,0,45.1,1,0,0,639,359
7259,88563,88561969,11107,250,244,131,0,662,82.8,0,45.1,1,0,0,639,359
7260,88574,88573080,11111,250,244,131,0,554,82.9,0,45.1,1,0,0,639,359
7261,88585,88584188,11108,250,244,131,0,664,82.9,0,45.1,1,0,0,639,359
7262,88596,88595301,11113,250,244,131,0,555,83.0,0,45.1,1,0,0,639,359
7263,88607,88606410,11109,250,244,131,0,554,83.1,0,45.1,1,0,0,639,359
7264,88618,88617513,11103,250,244,131,0,555,83.2,1,45.1,1,0,0,639,359
7265,88630,88628625,11112,250,244,131,0,566,83.3,0,45.1,1,0,0,639,359
7266,88641,88639736,11111,250,244,131,0,557,83.4,0,45.1,1,0,0,639,359
7267,88652,88650843,11107,250,245,131,0,572,83.5,0,45.1,1,0,0,639,359
7268,88663,88661953,11110,250,245,132,0,657,83.6,0,45.1,1,0,0,639,359
7269,88674,88673064,11111,250,245,132,0,555,83.6,0,45.1,1,0,0,639,359
7270,88685,88684174,11110,250,245,131,0,662,83.7,0,45.0,1,0,0,639,359
7271,88696,88695284,11110,250,245,131,0,583,83.8,0,45.1,1,0,0,639,359
7272,88707,88706389,11105,250,245,131,0,557,83.8,0,45.1,1,0,0,639,359
7273,88719,88717494,11105,250,244,130,0,558,83.9,1,45.1,1,0,0,639,359
7274,88729,88728612,11118,250,244,130,0,578,84.0,0,45.1,1,0,0,639,359
7275,88809,88806358,77746,250,245,132,0,593,12.7,0,45.0,1,0,0,639,359
7276,88818,88817485,11127,250,245,132,0,556,22.5,0,45.0,1,0,0,639,359
7277,88829,88828588,11103,250,245,131,0,560,30.0,0,45.1,1,0,0,639,359
7278,88840,88839698,11110,250,244,131,0,555,36.0,0,45.1,1,0,0,639,359
7279,88852,88850807,11109,250,244,131,0,556,41.0,0,45.1,1,0,0,639,359
7280,88863,88861918,11111,250,244,131,0,557,45.1,0,45.1,1,0,0,639,359
7281,88874,88873026,11108,250,244,131,0,554,48.6,0,45.1,1,0,0,639,359
7282,88885,88884135,11109,250,244,131,0,554,51.6,1,45.1,1,0,0,639,359
7283,88896,88895249,11114,250,244,131,0,566,53.9,0,45.1,1,0,0,639,359
7284,88907,88906360,11111,250,244,131,0,558,56.2,0,45.0,1,0,0,639,359
7285,88918,88917468,11108,250,244,131,0,568,58.2,0,45.1,1,0,0,639,359
7286,88929,88928577,11109,250,244,131,0,661,60.0,0,45.0,1,0,0,639,359
7287,88941,88939684,11107,250,244,132,0,557,61.6,0,45.1,1,0,0,639,359
7288,88952,88950797,11113,250,244,132,0,661,63.1,0,45.1,1,0,0,639,359
7289,88963,88961904,11107,250,245,132,0,554,64.4,0,45.1,1,0,0,639,359
7290,89107,88973008,11104,250,245,132,0,554,42.3,0,45.1,1,0,0,639,359
7291,89108,89106300,133292,250,244,132,0,548,45.0,1,45.1,1,0,0,639,359
7292,89119,89117435,11135,250,244,132,0,655,46.3,0,45.1,1,0,0,639,359
7293,89130,89128542,11107,250,244,132,0,557,47.5,0,45.1,1,0,0,639,359
7294,89140,89139651,11109,250,244,132,0,579,48.7,0,45.1,1,0,0,639,359
7295,89152,89150759,11108,250,244,132,0,577,49.8,0,45.0,1,0,0,639,359
7296,89163,89161867,11108,250,244,132,0,665,50.7,0,45.0,1,0,0,639,359
7297,89174,89172983,11116,250,244,133,0,662,51.7,0,45.1,1,0,0,639,359
7298,89185,89184113,11130,250,244,133,0,642,52.6,0,45.0,1,0,0,639,359
7299,89196,89195196,11083,250,244,133,0,664,53.5,0,45.1,1,0,0,639,359
7300,89207,89206301,11105,250,244,133,0,556,54.4,1,45.1,1,0,0,639,359
7301,89218,89217416,11115,250,245,133,0,576,55.2,0,45.0,1,0,0,639,359
7302,89229,89228527,11111,250,245,132,0,559,56.0,0,45.1,1,0,0,639,359
7303,89240,89239635,11108,250,244,132,0,643,56.8,0,45.1,1,0,0,639,359
7304,89252,89250746,11111,250,244,132,0,664,57.5,0,45.1,1,0,0,639,359
7305,89263,89261854,11108,250,244,132,0,660,58.2,0,45.1,1,0,0,639,359
7306,89274,89272960,11106,250,244,132,0,660,58.8,0,45.1,1,0,0,639,359
7307,89285,89284069,11109,250,244,132,0,555,59.5,0,45.1,1,0,0,639,359
7308,89296,89295177,11108,250,244,132,0,562,60.0,0,45.1,1,0,0,639,359
7309,89307,89306286,11109,250,245,132,0,560,60.6,1,45.1,1,0,0,639,359
7310,89318,89317397,11111,250,245,132,0,572,61.1,0,45.1,1,0,0,639,359
7311,89329,89328511,11114,250,245,132,0,560,61.7,0,45.0,1,0,0,639,359
7312,89341,89339617,11106,250,245,132,0,575,62.2,0,45.1,1,0,0,639,359
7313,89352,89350728,11111,250,245,132,0,655,62.7,0,45.1,1,0,0,639,359
7314,89363,89361836,11108,250,245,132,0,557,63.2,0,45.0,1,0,0,639,359
7315,89374,89372944,11108,250,245,132,0,660,63.7,0,45.0,1,0,0,639,359
7316,89385,89384055,11111,250,245,132,0,558,64.0,0,45.1,1,0,0,639,359
7317,89396,89395162,11107,250,244,132,0,555,64.5,0,45.1,1,0,0,639,359
7318,89407,89406269,11107,250,244,132,0,555,64.9,1,45.1,1,0,0,639,359
7319,89418,89417382,11113,250,244,132,0,578,65.3,0,45.1,1,0,0,639,359
7320,89430,89428492,11110,250,244,132,0,560,65.7,0,45.1,1,0,0,639,359
7321,89440,89439597,11105,250,244,132,0,562,66.1,0,45.1,1,0,0,639,359
7322,89452,89450704,11107,250,245,133,0,665,66.5,0,45.1,1,0,0,639,359
7323,89463,89461820,11116,250,245,133,0,641,66.8,0,45.0,1,0,0,639,359
7324,89474,89472923,11103,250,245,133,0,665,67.1,0,45.0,1,0,0,639,359
7325,89485,89484039,11116,250,245,133,0,659,67.5,0,45.0,1,0,0,639,359
7326,89496,89495140,11101,250,245,133,0,556,67.8,0,45.0,1,0,0,639,359
7327,89507,89506251,11111,250,245,132,0,555,68.1,1,45.0,1,0,0,639,359
7328,89518,89517362,11111,250,245,132,0,575,68.4,0,45.1,1,0,0,639,359
7329,89529,89528474,11112,250,244,132,0,559,68.8,0,45.1,1,0,0,639,359
7330,89540,89539580,11106,250,244,132,0,559,69.1,0,45.1,1,0,0,639,359
7331,89552,89550694,11114,250,244,132,0,662,69.3,0,45.1,1,0,0,639,359
7332,89563,89561804,11110,250,244,132,0,556,69.6,0,45.2,1,0,0,639,359
7333,89574,89572909,11105,250,245,133,0,662,69.9,0,45.1,1,0,0,639,359
7334,89585,89584019,11110,250,245,133,0,554,70.2,0,45.1,1,0,0,639,359
7335,89596,89595126,11107,250,245,133,0,559,70.4,0,45.1,1,0,0,639,359
7336,89607,89606232,11106,250,245,133,0,556,70.6,1,45.1,1,0,0,639,359
7337,89618,89617347,11115,250,245,133,0,560,70.9,0,45.0,1,0,0,639,359
7338,89629,89628458,11111,250,245,133,0,559,71.1,0,45.1,1,0,0,639,359
7339,89640,89639566,11108,250,245,133,0,577,71.4,0,45.1,1,0,0,639,359
7340,89652,89650671,11105,250,245,133,0,659,71.6,0,45.0,1,0,0,639,359
7341,89663,89661787,11116,250,245,133,0,662,71.8,0,45.1,1,0,0,639,359
7342,89674,89672890,11103,250,244,133,0,657,72.0,0,45.1,1,0,0,639,359
7343,89685,89684004,11114,250,244,133,0,645,72.3,0,45.1,1,0,0,639,359
7344,89696,89695109,11105,250,244,133,0,561,72.4,0,45.0,1,0,0,639,359
7345,89707,89706214,11105,250,244,132,0,558,72.6,1,45.1,1,0,0,639,359
7346,89718,89717328,11114,250,244,133,0,568,72.8,0,45.1,1,0,0,639,359
7347,89729,89728439,11111,250,244,133,0,564,73.0,0,45.1,1,0,0,639,359
7348,89793,89783974,55535,250,244,133,0,560,15.9,0,45.1,1,0,0,639,359
7349,89796,89795085,11111,250,244,133,0,556,29.9,0,45.1,1,0,0,639,359
7350,89807,89806201,11116,250,244,132,0,554,38.5,0,45.1,1,0,0,639,359
7351,89818,89817309,11108,250,244,132,0,555,44.9,0,45.1,1,0,0,639,359
7352,89829,89828417,11108,250,244,133,0,560,50.0,0,45.1,1,0,0,639,359
7353,89840,89839531,11114,250,244,133,0,556,54.1,0,45.1,1,0,0,639,359
7354,89851,89850637,11106,250,244,133,0,558,57.4,1,45.1,1,0,0,639,359
7355,89863,89861749,11112,250,244,133,0,577,60.2,0,45.0,1,0,0,639,359
7356,89874,89872858,11109,250,244,133,0,560,62.5,0,45.0,1,0,0,639,359
7357,89885,89883968,11110,250,244,134,0,565,64.5,0,45.1,1,0,0,639,359
7358,89896,89895081,11113,250,244,134,0,655,65.9,0,45.0,1,0,0,639,359
7359,89907,89906187,11106,250,244,134,0,555,67.4,0,45.0,1,0,0,639,359
7360,89918,89917292,11105,250,244,134,0,664,68.8,0,45.1,1,0,0,639,359
7361,89929,89928409,11117,250,245,133,0,641,70.0,0,45.1,1,0,0,639,359
7362,89940,89939512,11103,250,245,133,0,560,71.1,0,45.1,1,0,0,639,359
7363,89951,89950618,11106,250,245,133,0,557,72.1,1,45.1,1,0,0,639,359
7364,89963,89961733,11115,250,244,132,0,579,73.0,0,45.1,1,0,0,639,359
7365,89974,89972842,11109,250,244,132,0,560,73.8,0,45.1,1,0,0,639,359
7366,89985,89983953,11111,250,244,132,0,559,74.5,0,45.1,1,0,0,639,359
7367,89996,89995063,11110,250,244,132,0,662,74.9,0,45.1,1,0,0,639,359
7368,90007,90006170,11107,250,244,132,0,557,75.5,0,45.0,1,0,0,639,359
7369,90018,90017274,11104,250,244,132,0,657,76.1,0,45.1,1,0,0,639,359
7370,90029,90028386,11112,250,244,133,0,667,76.7,0,45.1,1,0,0,639,359
7371,90040,90039494,11108,250,244,133,0,559,77.2,0,45.1,1,0,0,639,359
7372,90052,90050603,11109,250,244,133,0,556,77.6,1,45.0,1,0,0,639,359
7373,90063,90061718,11115,250,244,133,0,563,78.1,0,45.1,1,0,0,639,359
7374,90074,90072824,11106,250,244,133,0,561,78.5,0,45.1,1,0,0,639,359
7375,90085,90083933,11109,250,244,132,0,560,78.9,0,45.1,1,0,0,639,359
7376,90096,90095040,11107,250,244,132,0,660,79.0,0,45.1,1,0,0,639,359
7377,90107,90106152,11112,250,244,131,0,555,79.4,0,45.1,1,0,0,639,359
7378,90118,90117261,11109,250,244,131,0,660,79.7,0,45.1,1,0,0,639,359
7379,90129,90128373,11112,250,244,131,0,622,80.0,0,45.1,1,0,0,639,359
7380,90246,90139477,11104,250,244,131,0,1104,63.8,0,45.0,1,0,0,639,359
7381,90248,90239446,99969,250,244,131,0,659,65.6,1,45.0,1,0,0,639,359
7382,90251,90250584,11138,250,244,132,0,662,67.0,0,45.1,1,0,0,639,359
7383,90262,90261685,11101,250,244,132,0,574,67.5,0,45.1,1,0,0,639,359
7384,90274,90272791,11106,250,244,132,0,556,68.0,0,45.0,1,0,0,639,359
7385,90285,90283901,11110,250,244,132,0,571,68.5,0,45.1,1,0,0,639,359
7386,90296,90295011,11110,250,243,132,0,661,68.8,0,45.1,1,0,0,639,359
7387,90307,90306117,11106,250,243,132,0,556,69.3,0,45.1,1,0,0,639,359
7388,90318,90317226,11109,250,243,132,0,580,69.6,0,45.1,1,0,0,639,359
7389,90329,90328337,11111,250,243,133,0,558,70.0,0,45.1,1,0,0,639,359
7390,90340,90339444,11107,250,243,133,0,558,70.4,1,45.1,1,0,0,639,359
7391,90351,90350559,11115,250,243,133,0,661,70.7,0,45.1,1,0,0,639,359
7392,90363,90361664,11105,250,243,133,0,556,71.1,0,45.1,1,0,0,639,359
7393,90374,90372778,11114,250,243,133,0,661,71.4,0,45.1,1,0,0,639,359
7394,90385,90383886,11108,250,243,133,0,557,71.6,0,45.1,1,0,0,639,359
7395,90396,90394993,11107,250,243,133,0,560,72.1,0,45.1,1,0,0,639,359
7396,90407,90406098,11105,250,243,133,0,561,72.3,0,45.0,1,0,0,639,359
7397,90418,90417212,11114,250,243,133,0,559,72.6,0,45.1,1,0,0,639,359
7398,90429,90428318,11106,250,242,133,0,662,72.9,0,45.1,1,0,0,639,359
7399,90440,90439428,11110,250,242,133,0,559,73.1,1,45.1,1,0,0,639,359
7400,90452,90450536,11108,250,242,133,0,660,73.4,0,45.1,1,0,0,639,359
7401,90462,90461647,11111,250,242,133,0,562,73.7,0,45.1,1,0,0,639,359
7402,90474,90472754,11107,250,242,133,0,564,73.9,0,45.1,1,0,0,639,359
7403,90485,90483865,11111,250,243,134,0,560,74.2,0,45.1,1,0,0,639,359
7404,90496,90495055,11190,250,243,134,0,659,74.3,0,45.1,1,0,0,639,359
7405,90507,90506087,11032,250,243,134,0,657,74.6,0,45.0,1,0,0,639,359
7406,90518,90517192,11105,250,243,134,0,667,74.8,0,45.0,1,0,0,639,359
7407,90529,90528305,11113,250,243,133,0,661,75.0,0,45.1,1,0,0,639,359
7408,90540,90539408,11103,250,243,133,0,556,75.2,1,45.0,1,0,0,639,359
7409,90551,90550523,11115,250,243,133,0,576,75.4,0,45.0,1,0,0,639,359
7410,90562,90561629,11106,250,243,133,0,575,75.6,0,45.0,1,0,0,639,359
7411,90574,90572739,11110,250,243,133,0,640,75.8,0,45.1,1,0,0,639,359
7412,90585,90583847,11108,250,243,132,0,639,75.9,0,45.1,1,0,0,639,359
7413,90596,90594956,11109,250,243,133,0,640,76.2,0,45.1,1,0,0,639,359
7414,90607,90606067,11111,250,243,133,0,662,76.3,0,45.1,1,0,0,639,359
7415,90618,90617173,11106,250,243,133,0,561,76.5,0,45.1,1,0,0,639,359
7416,90629,90628279,11106,250,243,133,0,557,76.7,0,45.1,1,0,0,639,359
7417,90640,90639390,11111,250,243,133,0,556,76.8,1,45.1,1,0,0,639,359
7418,90651,90650508,11118,250,243,133,0,579,77.0,0,45.1,1,0,0,639,359
7419,90662,90661615,11107,250,243,134,0,574,77.2,0,45.1,1,0,0,639,359
7420,90674,90672724,11109,250,244,134,0,573,77.3,0,45.0,1,0,0,639,359
7421,90685,90683833,11109,250,244,133,0,664,77.5,0,45.0,1,0,0,639,359
7422,90696,90694939,11106,250,244,133,0,565,77.6,0,45.0,1,0,0,639,359
7423,90707,90706051,11112,250,244,132,0,660,77.7,0,45.0,1,0,0,639,359
7424,90718,90717164,11113,250,244,132,0,629,77.9,0,45.1,1,0,0,639,359
7425,90729,90728265,11101,250,244,131,0,558,78.0,0,45.0,1,0,0,639,359
7426,90740,90739380,11115,250,244,131,0,557,90.9,1,45.1,1,0,0,639,359
7427,90751,90750489,11109,250,244,131,0,1010,90.9,0,45.1,1,0,0,639,359
7428,90763,90761598,11109,250,244,131,0,576,90.9,0,45.1,1,0,0,639,359
7429,90774,90772708,11110,250,244,131,0,556,90.9,0,45.1,1,0,0,639,359
7430,90785,90783813,11105,250,244,132,0,664,90.9,0,45.1,1,0,0,639,359
7431,90796,90794924,11111,250,245,132,0,556,90.9,0,45.2,1,0,0,639,359
7432,90807,90806031,11107,250,245,132,0,661,89.7,0,45.1,1,0,0,639,359
7433,90818,90817144,11113,250,245,132,0,585,89.9,0,45.1,1,0,0,639,359
7434,90829,90828248,11104,250,245,132,0,555,90.0,0,45.1,1,0,0,639,359
7435,90840,90839358,11110,250,245,132,0,558,90.1,1,45.0,1,0,0,639,359
7436,90852,90850472,11114,250,245,131,0,576,90.2,0,45.1,1,0,0,639,359
7437,90862,90861578,11106,250,245,131,0,557,90.2,0,45.1,1,0,0,639,359
7438,90874,90872689,11111,250,245,131,0,579,90.3,0,45.1,1,0,0,639,359
7439,90885,90883801,11112,250,244,130,0,664,90.3,0,45.1,1,0,0,639,359
7440,90896,90894908,11107,250,244,130,0,617,89.8,0,45.1,1,0,0,639,359
7441,90907,90906018,11110,250,244,130,0,654,89.9,0,45.1,1,0,0,639,359
7442,90918,90917125,11107,250,244,131,0,635,89.9,0,45.1,1,0,0,639,359
7443,90929,90928230,11105,250,244,131,0,555,90.0,0,45.1,1,0,0,639,359
7444,90940,90939341,11111,250,245,131,0,557,90.0,1,45.2,1,0,0,639,359
7445,90951,90950455,11114,250,245,131,0,564,90.1,0,45.1,1,0,0,639,359
7446,90962,90961563,11108,250,245,131,0,561,90.1,0,45.1,1,0,0,639,359
7447,90973,90972670,11107,250,245,131,0,558,90.2,0,45.1,1,0,0,639,359
7448,90985,90983781,11111,250,245,131,0,666,89.8,0,45.0,1,0,0,639,359
7449,90996,90994891,11110,250,245,131,0,622,90.2,0,45.1,1,0,0,639,359
7450,91007,91005996,11105,250,245,131,0,662,89.9,0,45.1,1,0,0,639,359
7451,91018,91017112,11116,250,245,131,0,663,90.0,0,45.0,1,0,0,639,359
7452,91029,91028212,11100,250,245,131,0,556,90.0,0,45.1,1,0,0,639,359
7453,91040,91039326,11114,250,244,131,0,558,90.0,1,45.1,1,0,0,639,359
7454,91051,91050435,11109,250,244,131,0,576,90.1,0,45.1,1,0,0,639,359
7455,91062,91061545,11110,250,244,131,0,568,90.1,0,45.1,1,0,0,639,359
7456,91074,91072655,11110,250,244,131,0,557,90.1,0,45.1,1,0,0,639,359
7457,91085,91083767,11112,250,244,131,0,657,90.1,0,45.1,1,0,0,639,359
7458,91096,91094875,11108,250,244,132,0,581,90.2,0,45.1,1,0,0,639,359
7459,91107,91105981,11106,250,244,132,0,665,90.2,0,45.1,1,0,0,639,359
7460,91118,91117092,11111,250,244,133,0,641,90.0,0,45.0,1,0,0,639,359
7461,91129,91128199,11107,250,244,133,0,556,90.0,0,45.1,1,0,0,639,359
7462,91140,91139304,11105,250,244,133,0,555,90.0,1,45.1,1,0,0,639,359
7463,91151,91150424,11120,250,244,133,0,578,90.0,0,45.0,1,0,0,639,359
7464,91163,91161527,11103,250,244,133,0,576,90.1,0,45.0,1,0,0,639,359
7465,91173,91172639,11112,250,244,133,0,580,90.1,0,45.0,1,0,0,639,359
7466,91185,91183739,11100,250,244,133,0,658,90.1,0,45.0,1,0,0,639,359
7467,91196,91194858,11119,250,244,133,0,658,90.1,0,45.0,1,0,0,639,359
7468,91207,91205964,11106,250,244,133,0,664,90.0,0,45.1,1,0,0,639,359
7469,91218,91217079,11115,250,244,133,0,660,90.0,0,45.1,1,0,0,639,359
7470,91348,91228178,11099,250,243,133,0,668,72.8,0,45.1,1,0,0,639,359
7471,91349,91339253,111075,250,243,133,0,842,74.3,1,45.1,1,0,0,639,359
7472,91352,91350377,11124,250,244,132,0,637,75.6,0,45.1,1,0,0,639,359
7473,91362,91361492,11115,250,243,132,0,663,75.8,0,45.0,1,0,0,639,359
7474,91373,91372601,11109,250,243,132,0,557,76.1,0,45.1,1,0,0,639,359
7475,91385,91383703,11102,250,243,133,0,555,76.3,0,45.1,1,0,0,639,359
7476,91396,91394824,11121,250,243,133,0,664,76.6,0,45.1,1,0,0,639,359
7477,91407,91405928,11104,250,243,133,0,661,76.8,0,45.1,1,0,0,639,359
7478,91418,91417041,11113,250,243,133,0,580,77.0,0,45.1,1,0,0,639,359
7479,91429,91428148,11107,250,244,133,0,571,77.1,0,45.1,1,0,0,639,359
7480,91440,91439257,11109,250,244,133,0,578,77.4,1,45.1,1,0,0,639,359
7481,91451,91450370,11113,250,245,133,0,658,77.6,0,45.0,1,0,0,639,359
7482,91462,91461476,11106,250,245,132,0,641,77.8,0,45.0,1,0,0,639,359
7483,91474,91472585,11109,250,246,132,0,660,78.0,0,45.1,1,0,0,639,359
7484,91485,91483695,11110,250,246,131,0,665,78.1,0,45.0,1,0,0,639,359
7485,91496,91494802,11107,250,245,130,0,559,78.3,0,45.0,1,0,0,639,359
7486,91507,91505911,11109,250,245,130,0,576,78.5,0,45.1,1,0,0,639,359
7487,91518,91517023,11112,250,244,129,0,580,78.6,0,45.1,1,0,0,639,359
7488,91529,91528133,11110,250,244,130,0,660,78.8,0,45.1,1,0,0,639,359
7489,91540,91539243,11110,250,244,130,0,553,78.9,1,45.1,1,0,0,639,359
7490,91551,91550354,11111,250,244,131,0,658,79.1,0,45.1,1,0,0,639,359
7491,91563,91561460,11106,250,244,132,0,554,79.1,0,45.1,1,0,0,639,359
7492,91573,91572569,11109,250,244,132,0,560,79.4,0,45.1,1,0,0,639,359
7493,91584,91583677,11108,250,244,132,0,576,79.5,0,45.1,1,0,0,639,359
7494,91596,91594788,11111,250,244,132,0,571,79.7,0,45.1,1,0,0,639,359
7495,91607,91605896,11108,250,244,132,0,659,79.7,0,45.1,1,0,0,639,359
7496,91618,91617004,11108,250,244,131,0,555,80.0,0,45.1,1,0,0,639,359
7497,91629,91628114,11110,250,244,131,0,661,80.0,0,45.1,1,0,0,639,359
7498,91640,91639222,11108,250,244,131,0,640,80.1,1,45.0,1,0,0,639,359
7499,91651,91650332,11110,250,244,131,0,577,80.3,0,45.1,1,0,0,639,359
7500,91662,91661444,11112,250,243,131,0,577,80.4,0,45.2,1,0,0,639,359
7501,91674,91672551,11107,250,243,132,0,556,80.5,0,45.1,1,0,0,639,359
7502,91684,91683660,11109,250,243,132,0,664,80.6,0,45.1,1,0,0,639,359
7503,91696,91694768,11108,250,243,132,0,664,80.7,0,45.1,1,0,0,639,359
7504,91707,91705878,11110,250,243,133,0,661,80.9,0,45.1,1,0,0,639,359
7505,91718,91716986,11108,250,243,133,0,553,81.0,0,45.1,1,0,0,639,359
7506,91729,91728093,11107,250,243,133,0,556,81.1,0,45.1,1,0,0,639,359
7507,91740,91739203,11110,250,244,133,0,557,81.1,1,45.1,1,0,0,639,359
7508,91812,91805846,66643,250,243,132,0,555,13.9,0,45.1,1,0,0,639,359
7509,91818,91816983,11137,250,243,132,0,670,25.6,0,45.1,1,0,0,639,359
7510,91829,91828081,11098,250,243,133,0,657,33.7,0,45.1,1,0,0,639,359
7511,91840,91839187,11106,250,243,133,0,558,40.0,0,45.1,1,0,0,639,359
7512,91851,91850295,11108,250,243,133,0,558,45.0,0,45.1,1,0,0,639,359
7513,91862,91861402,11107,250,243,133,0,558,49.2,0,45.1,1,0,0,639,359
7514,91874,91872515,11113,250,244,134,0,556,52.6,0,45.1,1,0,0,639,359
7515,91884,91883624,11109,250,244,134,0,560,55.6,0,45.0,1,0,0,639,359
7516,91896,91894731,11107,250,244,133,0,555,58.1,1,45.0,1,0,0,639,359
7517,91907,91905847,11116,250,244,133,0,575,60.2,0,45.0,1,0,0,639,359
7518,91918,91916951,11104,250,243,132,0,579,61.8,0,45.1,1,0,0,639,359
7519,91929,91928068,11117,250,243,132,0,575,63.8,0,45.1,1,0,0,639,359
7520,91940,91939172,11104,250,243,132,0,664,65.0,0,45.1,1,0,0,639,359
7521,91951,91950283,11111,250,243,132,0,613,66.4,0,45.1,1,0,0,639,359
7522,91962,91961385,11102,250,243,132,0,665,67.6,0,45.1,1,0,0,639,359
7523,91973,91972503,11118,250,244,133,0,661,68.7,0,45.1,1,0,0,639,359
7524,91984,91983607,11104,250,244,133,0,556,69.7,0,45.1,1,0,0,639,359
7525,91996,91994714,11107,250,244,133,0,562,70.6,1,45.1,1,0,0,639,359
7526,92007,92005831,11117,250,244,134,0,578,71.4,0,45.0,1,0,0,639,359
7527,92018,92016940,11109,250,244,133,0,556,72.2,0,45.0,1,0,0,639,359
7528,92029,92028044,11104,250,244,133,0,578,72.9,0,45.1,1,0,0,639,359
7529,92040,92039161,11117,250,243,133,0,660,73.3,0,45.1,1,0,0,639,359
7530,92051,92050266,11105,250,243,133,0,618,74.0,0,45.0,1,0,0,639,359
7531,92062,92061375,11109,250,243,133,0,661,74.5,0,45.0,1,0,0,639,359
7532,92073,92072480,11105,250,243,133,0,657,75.1,0,45.1,1,0,0,639,359
7533,92084,92083591,11111,250,243,132,0,559,75.6,0,45.1,1,0,0,639,359
7534,92096,92094697,11106,250,243,133,0,558,76.1,1,45.0,1,0,0,639,359
7535,92107,92105815,11118,250,243,133,0,562,76.5,0,45.1,1,0,0,639,359
7536,92118,92116920,11105,250,243,133,0,560,76.9,0,45.1,1,0,0,639,359
7537,92129,92128029,11109,250,243,133,0,557,77.3,0,45.1,1,0,0,639,359
7538,92140,92139140,11111,250,243,133,0,662,77.5,0,45.1,1,0,0,639,359
7539,92151,92150251,11111,250,243,133,0,583,77.9,0,45.1,1,0,0,639,359
7540,92162,92161353,11102,250,243,133,0,664,78.2,0,45.0,1,0,0,639,359
7541,92173,92172466,11113,250,243,133,0,645,78.5,0,45.1,1,0,0,639,359
7542,92185,92183571,11105,250,242,133,0,558,78.8,0,45.1,1,0,0,639,359
7543,92195,92194681,11110,250,242,133,0,557,79.1,1,45.1,1,0,0,639,359
7544,92207,92205792,11111,250,242,133,0,602,79.4,0,45.0,1,0,0,639,359
7545,92218,92216903,11111,250,242,134,0,568,79.7,0,45.1,1,0,0,639,359
7546,92229,92228013,11110,250,242,134,0,578,79.8,0,45.1,1,0,0,639,359
