seq,mono_ms,src_pts,d_pts_us,exp_us,cx,cy,roi,cost_us,captured_fps,pbm,radius,state,roi_x0,roi_y0,roi_x1,roi_y1
1,2328,2309418,0,250,-1,-1,1,1112,43.5,1,-1.0,0,0,0,639,359
2,2359,2342755,33337,250,-1,-1,1,525,37.0,0,-1.0,0,0,0,639,359
3,2377,2364973,22218,250,-1,-1,1,529,42.3,0,-1.0,0,0,0,639,359
4,2383,2376079,11106,250,-1,-1,1,1079,54.1,0,-1.0,0,0,0,639,359
5,2388,2387197,11118,250,-1,-1,1,526,63.3,0,-1.0,0,0,0,639,359
6,2399,2398297,11100,250,-1,-1,1,525,66.7,0,-1.0,0,0,0,639,359
7,2410,2409413,11116,250,-1,-1,1,525,69.3,0,-1.0,0,0,0,639,359
8,2421,2420514,11101,250,-1,-1,1,525,71.4,0,-1.0,0,0,0,639,359
9,2432,2431629,11115,250,-1,-1,1,525,73.2,0,-1.0,0,0,0,639,359
10,2444,2442738,11109,250,-1,-1,1,527,74.6,1,-1.0,0,0,0,639,359
11,2455,2453851,11113,250,-1,-1,1,524,75.9,0,-1.0,0,0,0,639,359
12,2466,2464955,11104,250,-1,-1,1,607,76.9,0,-1.0,0,0,0,639,359
13,2477,2476064,11109,250,-1,-1,1,524,77.8,0,-1.0,0,0,0,639,359
14,2488,2487171,11107,250,-1,-1,1,525,78.2,0,-1.0,0,0,0,639,359
15,2499,2498282,11111,250,-1,-1,1,525,78.9,0,-1.0,0,0,0,639,359
16,2510,2509392,11110,250,-1,-1,1,526,79.6,0,-1.0,0,0,0,639,359
17,2521,2520499,11107,250,-1,-1,1,522,80.2,0,-1.0,0,0,0,639,359
18,2532,2531608,11109,250,-1,-1,1,528,80.7,0,-1.0,0,0,0,639,359
19,2544,2542717,11109,250,-1,-1,1,526,81.2,1,-1.0,0,0,0,639,359
20,2555,2553834,11117,250,-1,-1,1,525,81.6,0,-1.0,0,0,0,639,359
21,2566,2564940,11106,250,-1,-1,1,525,82.0,0,-1.0,0,0,0,639,359
22,2577,2576050,11110,250,-1,-1,1,525,82.4,0,-1.0,0,0,0,639,359
23,2588,2587156,11106,250,-1,-1,1,525,82.7,0,-1.0,0,0,0,639,359
24,2599,2598264,11108,250,-1,-1,1,524,82.8,0,-1.0,0,0,0,639,359
25,2610,2609373,11109,250,-1,-1,1,526,83.1,0,-1.0,0,0,0,639,359
26,2621,2620481,11108,250,-1,-1,1,527,83.3,0,-1.0,0,0,0,639,359
27,2632,2631591,11110,250,-1,-1,1,527,83.6,0,-1.0,0,0,0,639,359
28,2644,2642700,11109,250,-1,-1,1,526,83.8,1,-1.0,0,0,0,639,359
29,2655,2653818,11118,250,-1,-1,1,526,84.1,0,-1.0,0,0,0,639,359
30,2666,2664918,11100,250,-1,-1,1,597,84.3,0,-1.0,0,0,0,639,359
31,2677,2676031,11113,250,-1,-1,1,526,84.5,0,-1.0,0,0,0,639,359
32,2688,2687137,11106,250,-1,-1,1,525,84.7,0,-1.0,0,0,0,639,359
33,2699,2698247,11110,250,-1,-1,1,528,84.6,0,-1.0,0,0,0,639,359
34,2710,2709353,11106,250,-1,-1,1,524,84.8,0,-1.0,0,0,0,639,359
35,2721,2720470,11117,250,-1,-1,1,525,85.0,0,-1.0,0,0,0,639,359
36,2732,2731573,11103,250,-1,-1,1,525,85.1,0,-1.0,0,0,0,639,359
37,2744,2742685,11112,250,-1,-1,1,525,85.3,1,-1.0,0,0,0,639,359
38,2755,2753799,11114,250,-1,-1,1,527,85.4,0,-1.0,0,0,0,639,359
39,2766,2764907,11108,250,-1,-1,1,604,85.5,0,-1.0,0,0,0,639,359
40,2777,2776012,11105,250,-1,-1,1,530,85.7,0,-1.0,0,0,0,639,359
41,2788,2787122,11110,250,-1,-1,1,526,85.8,0,-1.0,0,0,0,639,359
42,2799,2798227,11105,250,-1,-1,1,526,85.7,0,-1.0,0,0,0,639,359
43,2810,2809338,11111,250,-1,-1,1,527,85.8,0,-1.0,0,0,0,639,359
44,2821,2820445,11107,250,-1,-1,1,528,85.9,0,-1.0,0,0,0,639,359
45,2832,2831559,11114,250,-1,-1,1,524,86.0,0,-1.0,0,0,0,639,359
46,2844,2842667,11108,250,-1,-1,1,524,86.1,1,-1.0,0,0,0,639,359
47,2855,2853778,11111,250,-1,-1,1,525,86.2,0,-1.0,0,0,0,639,359
48,2866,2864885,11107,250,-1,-1,1,525,86.2,0,-1.0,0,0,0,639,359
49,2877,2875998,11113,250,-1,-1,1,527,86.4,0,-1.0,0,0,0,639,359
50,2888,2887098,11100,250,-1,-1,1,527,86.5,0,-1.0,0,0,0,639,359
51,2899,2898216,11118,250,-1,-1,1,524,86.4,0,-1.0,0,0,0,639,359
52,2910,2909320,11104,250,-1,-1,1,528,86.5,0,-1.0,0,0,0,639,359
53,2921,2920431,11111,250,-1,-1,1,524,86.6,0,-1.0,0,0,0,639,359
54,2932,2931539,11108,250,-1,-1,1,527,86.7,0,-1.0,0,0,0,639,359
55,2943,2942647,11108,250,-1,-1,1,525,86.8,1,-1.0,0,0,0,639,359
56,2955,2953763,11116,250,-1,-1,1,524,86.8,0,-1.0,0,0,0,639,359
57,2966,2964869,11106,250,-1,-1,1,527,86.9,0,-1.0,0,0,0,639,359
58,2977,2975975,11106,250,-1,-1,1,526,87.0,0,-1.0,0,0,0,639,359
59,2988,2987089,11114,250,-1,-1,1,526,87.0,0,-1.0,0,0,0,639,359
60,2999,2998194,11105,250,-1,-1,1,526,87.0,0,-1.0,0,0,0,639,359
61,3010,3009306,11112,250,-1,-1,1,525,87.0,0,-1.0,0,0,0,639,359
62,3021,3020413,11107,250,-1,-1,1,525,87.1,0,-1.0,0,0,0,639,359
63,3032,3031521,11108,250,-1,-1,1,528,87.1,0,-1.0,0,0,0,639,359
64,3043,3042632,11111,250,-1,-1,1,526,87.2,1,-1.0,0,0,0,639,359
65,3055,3053747,11115,250,-1,-1,1,523,87.2,0,-1.0,0,0,0,639,359
66,3066,3064853,11106,250,-1,-1,1,523,87.3,0,-1.0,0,0,0,639,359
67,3077,3075961,11108,250,-1,-1,1,524,87.4,0,-1.0,0,0,0,639,359
68,3088,3087068,11107,250,-1,-1,1,527,87.4,0,-1.0,0,0,0,639,359
69,3099,3098178,11110,250,-1,-1,1,525,87.3,0,-1.0,0,0,0,639,359
70,3110,3109287,11109,250,-1,-1,1,525,87.4,0,-1.0,0,0,0,639,359
71,3121,3120398,11111,250,-1,-1,1,524,87.4,0,-1.0,0,0,0,639,359
72,3132,3131506,11108,250,-1,-1,1,524,87.5,0,-1.0,0,0,0,639,359
73,3143,3142619,11113,250,-1,-1,1,523,87.5,1,-1.0,0,0,0,639,359
74,3155,3153727,11108,250,-1,-1,1,527,87.6,0,-1.0,0,0,0,639,359
75,3166,3164835,11108,250,-1,-1,1,527,87.6,0,-1.0,0,0,0,639,359
76,3177,3175942,11107,250,-1,-1,1,527,87.7,0,-1.0,0,0,0,639,359
77,3188,3187050,11108,250,-1,-1,1,528,87.7,0,-1.0,0,0,0,639,359
78,3199,3198158,11108,250,-1,-1,1,527,87.7,0,-1.0,0,0,0,639,359
79,3210,3209270,11112,250,-1,-1,1,527,87.7,0,-1.0,0,0,0,639,359
80,3221,3220377,11107,250,-1,-1,1,528,87.7,0,-1.0,0,0,0,639,359
81,3232,3231489,11112,250,-1,-1,1,524,87.8,0,-1.0,0,0,0,639,359
82,3243,3242596,11107,250,-1,-1,1,524,87.8,1,-1.0,0,0,0,639,359
83,3255,3253713,11117,250,-1,-1,1,526,87.8,0,-1.0,0,0,0,639,359
84,3266,3264821,11108,250,-1,-1,1,610,87.9,0,-1.0,0,0,0,639,359
85,3277,3275924,11103,250,-1,-1,1,526,87.9,0,-1.0,0,0,0,639,359
86,3288,3287034,11110,250,-1,-1,1,526,87.9,0,-1.0,0,0,0,639,359
87,3299,3298146,11112,250,-1,-1,1,525,88.0,0,-1.0,0,0,0,639,359
88,3310,3309250,11104,250,-1,-1,1,526,87.9,0,-1.0,0,0,0,639,359
89,3325,3320364,11114,250,-1,-1,1,528,66.7,0,-1.0,0,0,0,639,359
90,3345,3331468,11104,250,-1,-1,1,609,57.1,0,-1.0,0,0,0,639,359
91,3346,3342575,11107,250,-1,-1,1,520,85.7,1,-1.0,0,0,0,639,359
92,3355,3353696,11121,250,-1,-1,1,526,90.9,0,-1.0,0,0,0,639,359
93,3366,3364797,11101,250,-1,-1,1,524,90.9,0,-1.0,0,0,0,639,359
94,3377,3375908,11111,250,-1,-1,1,531,90.9,0,-1.0,0,0,0,639,359
95,3388,3387022,11114,250,-1,-1,1,539,90.9,0,-1.0,0,0,0,639,359
96,3399,3398125,11103,250,-1,-1,1,544,90.9,0,-1.0,0,0,0,639,359
97,3410,3409235,11110,250,-1,-1,1,527,90.0,0,-1.0,0,0,0,639,359
98,3421,3420344,11109,250,-1,-1,1,525,90.1,0,-1.0,0,0,0,639,359
99,3432,3431456,11112,250,-1,-1,1,526,90.2,0,-1.0,0,0,0,639,359
100,3443,3442564,11108,250,-1,-1,1,525,90.2,1,-1.0,0,0,0,639,359
101,3455,3453677,11113,250,-1,-1,1,524,90.3,0,-1.0,0,0,0,639,359
102,3466,3464785,11108,250,-1,-1,1,615,90.3,0,-1.0,0,0,0,639,359
103,3477,3475894,11109,250,-1,-1,1,525,90.4,0,-1.0,0,0,0,639,359
104,3488,3487000,11106,250,-1,-1,1,526,90.4,0,-1.0,0,0,0,639,359
105,3499,3498108,11108,250,-1,-1,1,530,90.4,0,-1.0,0,0,0,639,359
106,3510,3509216,11108,250,-1,-1,1,527,90.0,0,-1.0,0,0,0,639,359
107,3521,3520330,11114,250,-1,-1,1,527,90.0,0,-1.0,0,0,0,639,359
108,3532,3531436,11106,250,-1,-1,1,527,90.1,0,-1.0,0,0,0,639,359
109,3543,3542545,11109,250,-1,-1,1,528,90.1,1,-1.0,0,0,0,639,359
110,3555,3553655,11110,250,-1,-1,1,585,90.2,0,-1.0,0,0,0,639,359
111,3566,3564764,11109,250,-1,-1,1,524,90.2,0,-1.0,0,0,0,639,359
112,3577,3575874,11110,250,-1,-1,1,525,90.2,0,-1.0,0,0,0,639,359
113,3588,3586986,11112,250,-1,-1,1,525,90.3,0,-1.0,0,0,0,639,359
114,3599,3598091,11105,250,-1,-1,1,524,90.3,0,-1.0,0,0,0,639,359
115,3610,3609202,11111,250,-1,-1,1,526,90.0,0,-1.0,0,0,0,639,359
116,3621,3620305,11103,250,-1,-1,1,528,90.0,0,-1.0,0,0,0,639,359
117,3632,3631419,11114,250,-1,-1,1,525,90.1,0,-1.0,0,0,0,639,359
118,3643,3642525,11106,250,-1,-1,1,526,90.1,1,-1.0,0,0,0,639,359
119,3654,3653641,11116,250,-1,-1,1,585,90.1,0,-1.0,0,0,0,639,359
120,3666,3664745,11104,250,-1,-1,1,525,89.9,0,-1.0,0,0,0,639,359
121,3677,3675858,11113,250,-1,-1,1,526,90.2,0,-1.0,0,0,0,639,359
122,3688,3686962,11104,250,-1,-1,1,525,90.2,0,-1.0,0,0,0,639,359
123,3699,3698076,11114,250,-1,-1,1,527,90.2,0,-1.0,0,0,0,639,359
124,3710,3709182,11106,250,-1,-1,1,527,90.0,0,-1.0,0,0,0,639,359
125,3721,3720293,11111,250,-1,-1,1,524,90.0,0,-1.0,0,0,0,639,359
126,3732,3731401,11108,250,-1,-1,1,526,90.0,0,-1.0,0,0,0,639,359
127,3743,3742514,11113,250,-1,-1,1,524,90.1,1,-1.0,0,0,0,639,359
128,3755,3753626,11112,250,-1,-1,1,526,90.1,0,-1.0,0,0,0,639,359
129,3766,3764742,11116,250,-1,-1,1,603,90.1,0,-1.0,0,0,0,639,359
130,3777,3775839,11097,250,-1,-1,1,528,90.1,0,-1.0,0,0,0,639,359
131,3788,3786948,11109,250,-1,-1,1,526,90.1,0,-1.0,0,0,0,639,359
132,3799,3798059,11111,250,-1,-1,1,525,90.2,0,-1.0,0,0,0,639,359
133,3810,3809167,11108,250,-1,-1,1,528,90.0,0,-1.0,0,0,0,639,359
134,3821,3820272,11105,250,-1,-1,1,528,90.0,0,-1.0,0,0,0,639,359
135,3832,3831383,11111,250,-1,-1,1,525,90.0,0,-1.0,0,0,0,639,359
136,3843,3842495,11112,250,-1,-1,1,526,90.1,1,-1.0,0,0,0,639,359
137,3854,3853605,11110,250,-1,-1,1,633,90.1,0,-1.0,0,0,0,639,359
138,3866,3864711,11106,250,-1,-1,1,526,89.9,0,-1.0,0,0,0,639,359
139,3877,3875825,11114,250,-1,-1,1,528,90.1,0,-1.0,0,0,0,639,359
140,3888,3886931,11106,250,-1,-1,1,528,90.1,0,-1.0,0,0,0,639,359
141,3899,3898042,11111,250,-1,-1,1,525,90.1,0,-1.0,0,0,0,639,359
142,3910,3909147,11105,250,-1,-1,1,526,90.2,0,-1.0,0,0,0,639,359
143,3921,3920259,11112,250,-1,-1,1,526,90.0,0,-1.0,0,0,0,639,359
144,3932,3931363,11104,250,-1,-1,1,526,90.0,0,-1.0,0,0,0,639,359
145,3943,3942477,11114,250,-1,-1,1,525,90.0,1,-1.0,0,0,0,639,359
146,3954,3953591,11114,250,-1,-1,1,586,90.1,0,-1.0,0,0,0,639,359
147,3966,3964698,11107,250,-1,-1,1,527,89.9,0,-1.0,0,0,0,639,359
148,3977,3975809,11111,250,-1,-1,1,526,90.1,0,-1.0,0,0,0,639,359
149,3988,3986915,11106,250,-1,-1,1,524,90.1,0,-1.0,0,0,0,639,359
150,3999,3998023,11108,250,-1,-1,1,527,90.1,0,-1.0,0,0,0,639,359
151,4010,4009133,11110,250,-1,-1,1,526,90.1,0,-1.0,0,0,0,639,359
152,4021,4020242,11109,250,-1,-1,1,525,90.0,0,-1.0,0,0,0,639,359
153,4032,4031349,11107,250,-1,-1,1,527,90.0,0,-1.0,0,0,0,639,359
154,4043,4042460,11111,250,-1,-1,1,527,90.0,1,-1.0,0,0,0,639,359
155,4054,4053573,11113,250,-1,-1,1,585,90.1,0,-1.0,0,0,0,639,359
156,4066,4064684,11111,250,-1,-1,1,525,90.1,0,-1.0,0,0,0,639,359
157,4077,4075789,11105,250,-1,-1,1,526,90.1,0,-1.0,0,0,0,639,359
158,4088,4086895,11106,250,-1,-1,1,525,90.1,0,-1.0,0,0,0,639,359
159,4099,4098008,11113,250,-1,-1,1,525,90.1,0,-1.0,0,0,0,639,359
160,4110,4109115,11107,250,-1,-1,1,526,90.1,0,-1.0,0,0,0,639,359
161,4121,4120222,11107,250,-1,-1,1,527,90.0,0,-1.0,0,0,0,639,359
162,4132,4131334,11112,250,-1,-1,1,525,90.0,0,-1.0,0,0,0,639,359
163,4143,4142447,11113,250,-1,-1,1,526,90.0,1,-1.0,0,0,0,639,359
164,4154,4153554,11107,250,-1,-1,1,636,90.0,0,-1.0,0,0,0,639,359
165,4166,4164663,11109,250,-1,-1,1,524,90.1,0,-1.0,0,0,0,639,359
166,4177,4175770,11107,250,-1,-1,1,527,90.1,0,-1.0,0,0,0,639,359
167,4188,4186879,11109,250,-1,-1,1,526,90.1,0,-1.0,0,0,0,639,359
168,4199,4197990,11111,250,-1,-1,1,525,90.1,0,-1.0,0,0,0,639,359
169,4210,4209099,11109,250,-1,-1,1,525,90.1,0,-1.0,0,0,0,639,359
170,4221,4220205,11106,250,-1,-1,1,525,90.0,0,-1.0,0,0,0,639,359
171,4232,4231319,11114,250,-1,-1,1,525,90.0,0,-1.0,0,0,0,639,359
172,4243,4242423,11104,250,-1,-1,1,528,90.0,1,-1.0,0,0,0,639,359
173,4254,4253543,11120,250,-1,-1,1,633,90.0,0,-1.0,0,0,0,639,359
174,4266,4264648,11105,250,-1,-1,1,528,90.1,0,-1.0,0,0,0,639,359
175,4277,4275756,11108,250,-1,-1,1,526,90.1,0,-1.0,0,0,0,639,359
176,4288,4286859,11103,250,-1,-1,1,528,90.1,0,-1.0,0,0,0,639,359
177,4299,4297973,11114,250,-1,-1,1,527,90.1,0,-1.0,0,0,0,639,359
178,4310,4309079,11106,250,-1,-1,1,527,90.1,0,-1.0,0,0,0,639,359
179,4321,4320190,11111,250,-1,-1,1,526,90.0,0,-1.0,0,0,0,639,359
180,4373,4331301,11111,250,-1,-1,1,525,19.2,0,-1.0,0,0,0,639,359
181,4374,4364611,33310,250,-1,-1,1,731,37.7,1,-1.0,0,0,0,639,359
182,4378,4375725,11114,250,-1,-1,1,523,53.6,0,-1.0,0,0,0,639,359
183,4388,4386853,11128,250,-1,-1,1,636,60.6,0,-1.0,0,0,0,639,359
184,4399,4397955,11102,250,-1,-1,1,527,64.9,0,-1.0,0,0,0,639,359
185,4410,4409067,11112,250,-1,-1,1,529,68.2,0,-1.0,0,0,0,639,359
186,4421,4420172,11105,250,-1,-1,1,526,70.0,0,-1.0,0,0,0,639,359
187,4432,4431283,11111,250,-1,-1,1,528,72.1,0,-1.0,0,0,0,639,359
188,4443,4442389,11106,250,-1,-1,1,524,73.8,0,-1.0,0,0,0,639,359
189,4454,4453504,11115,250,-1,-1,1,528,75.2,0,-1.0,0,0,0,639,359
190,4465,4464606,11102,250,-1,-1,1,528,76.4,1,-1.0,0,0,0,639,359
191,4477,4475724,11118,250,-1,-1,1,636,77.4,0,-1.0,0,0,0,639,359
192,4488,4486827,11103,250,-1,-1,1,525,78.3,0,-1.0,0,0,0,639,359
193,4499,4497939,11112,250,-1,-1,1,524,79.1,0,-1.0,0,0,0,639,359
194,4510,4509044,11105,250,-1,-1,1,524,79.8,0,-1.0,0,0,0,639,359
195,4521,4520155,11111,250,-1,-1,1,529,80.4,0,-1.0,0,0,0,639,359
196,4532,4531263,11108,250,-1,-1,1,528,80.6,0,-1.0,0,0,0,639,359
197,4543,4542375,11112,250,-1,-1,1,526,81.1,0,-1.0,0,0,0,639,359
198,4554,4553481,11106,250,-1,-1,1,527,81.5,0,-1.0,0,0,0,639,359
199,4565,4564594,11113,250,-1,-1,1,526,82.0,1,-1.0,0,0,0,639,359
200,4577,4575705,11111,250,-1,-1,1,591,82.4,0,-1.0,0,0,0,639,359
201,4588,4586813,11108,250,-1,-1,1,527,82.4,0,-1.0,0,0,0,639,359
202,4599,4597919,11106,250,-1,-1,1,525,83.0,0,-1.0,0,0,0,639,359
203,4610,4609035,11116,250,-1,-1,1,525,83.3,0,-1.0,0,0,0,639,359
204,4621,4620138,11103,250,-1,-1,1,525,83.6,0,-1.0,0,0,0,639,359
205,4632,4631250,11112,250,-1,-1,1,525,83.6,0,-1.0,0,0,0,639,359
206,4643,4642358,11108,250,-1,-1,1,526,83.9,0,-1.0,0,0,0,639,359
207,4654,4653465,11107,250,-1,-1,1,528,84.1,0,-1.0,0,0,0,639,359
208,4665,4664576,11111,250,-1,-1,1,526,84.3,1,-1.0,0,0,0,639,359
209,4677,4675690,11114,250,-1,-1,1,582,84.5,0,-1.0,0,0,0,639,359
210,4688,4686792,11102,250,-1,-1,1,525,84.5,0,-1.0,0,0,0,639,359
211,4699,4697906,11114,250,-1,-1,1,526,84.9,0,-1.0,0,0,0,639,359
212,4710,4709009,11103,250,-1,-1,1,527,85.1,0,-1.0,0,0,0,639,359
213,4721,4720123,11114,250,-1,-1,1,524,85.2,0,-1.0,0,0,0,639,359
214,4732,4731231,11108,250,-1,-1,1,524,85.2,0,-1.0,0,0,0,639,359
215,4743,4742341,11110,250,-1,-1,1,525,85.3,0,-1.0,0,0,0,639,359
216,4754,4753449,11108,250,-1,-1,1,526,85.5,0,-1.0,0,0,0,639,359
217,4765,4764559,11110,250,-1,-1,1,526,85.6,1,-1.0,0,0,0,639,359
218,4777,4775670,11111,250,-1,-1,1,588,85.7,0,-1.0,0,0,0,639,359
219,4788,4786778,11108,250,-1,-1,1,554,85.8,0,-1.0,0,0,0,639,359
220,4799,4797885,11107,250,-1,-1,1,527,86.0,0,-1.0,0,0,0,639,359
221,4810,4808995,11110,250,-1,-1,1,528,86.1,0,-1.0,0,0,0,639,359
222,4821,4820101,11106,250,-1,-1,1,526,86.2,0,-1.0,0,0,0,639,359
223,4832,4831218,11117,250,-1,-1,1,528,86.1,0,-1.0,0,0,0,639,359
224,4843,4842319,11101,250,-1,-1,1,528,86.2,0,-1.0,0,0,0,639,359
225,4854,4853433,11114,250,-1,-1,1,524,86.3,0,-1.0,0,0,0,639,359
226,4865,4864538,11105,250,-1,-1,1,524,86.4,1,-1.0,0,0,0,639,359
227,4877,4875658,11120,250,-1,-1,1,589,86.5,0,-1.0,0,0,0,639,359
228,4888,4886761,11103,250,-1,-1,1,527,86.6,0,-1.0,0,0,0,639,359
229,4899,4897869,11108,250,-1,-1,1,524,86.7,0,-1.0,0,0,0,639,359
230,4910,4908975,11106,250,-1,-1,1,541,86.7,0,-1.0,0,0,0,639,359
231,4921,4920087,11112,250,-1,-1,1,525,86.8,0,-1.0,0,0,0,639,359
232,4932,4931193,11106,250,-1,-1,1,525,86.7,0,-1.0,0,0,0,639,359
233,4943,4942308,11115,250,-1,-1,1,527,86.8,0,-1.0,0,0,0,639,359
234,4954,4953414,11106,250,-1,-1,1,526,86.9,0,-1.0,0,0,0,639,359
235,4965,4964526,11112,250,-1,-1,1,524,87.0,1,-1.0,0,0,0,639,359
236,4977,4975642,11116,250,-1,-1,1,631,87.0,0,-1.0,0,0,0,639,359
237,4988,4986742,11100,250,-1,-1,1,524,87.0,0,-1.0,0,0,0,639,359
238,4999,4997854,11112,250,-1,-1,1,525,87.1,0,-1.0,0,0,0,639,359
239,5010,5008965,11111,250,-1,-1,1,526,87.2,0,-1.0,0,0,0,639,359
240,5021,5020068,11103,250,-1,-1,1,528,87.3,0,-1.0,0,0,0,639,359
241,5032,5031178,11110,250,-1,-1,1,526,87.2,0,-1.0,0,0,0,639,359
242,5043,5042287,11109,250,-1,-1,1,525,87.3,0,-1.0,0,0,0,639,359
243,5054,5053396,11109,250,-1,-1,1,526,87.3,0,-1.0,0,0,0,639,359
244,5065,5064508,11112,250,-1,-1,1,526,87.4,1,-1.0,0,0,0,639,359
245,5076,5075621,11113,250,-1,-1,1,631,87.4,0,-1.0,0,0,0,639,359
246,5088,5086724,11103,250,-1,-1,1,553,87.5,0,-1.0,0,0,0,639,359
247,5099,5097835,11111,250,-1,-1,1,526,87.5,0,-1.0,0,0,0,639,359
248,5110,5108941,11106,250,-1,-1,1,524,87.6,0,-1.0,0,0,0,639,359
249,5121,5120053,11112,250,-1,-1,1,524,87.6,0,-1.0,0,0,0,639,359
250,5132,5131163,11110,250,-1,-1,1,525,87.7,0,-1.0,0,0,0,639,359
251,5143,5142272,11109,250,-1,-1,1,528,87.6,0,-1.0,0,0,0,639,359
252,5154,5153380,11108,250,-1,-1,1,529,87.6,0,-1.0,0,0,0,639,359
253,5165,5164491,11111,250,-1,-1,1,526,87.7,1,-1.0,0,0,0,639,359
254,5176,5175600,11109,250,-1,-1,1,633,87.7,0,-1.0,0,0,0,639,359
255,5188,5186707,11107,250,-1,-1,1,529,87.8,0,-1.0,0,0,0,639,359
256,5199,5197817,11110,250,-1,-1,1,528,87.8,0,-1.0,0,0,0,639,359
257,5210,5208927,11110,250,-1,-1,1,526,87.8,0,-1.0,0,0,0,639,359
258,5221,5220037,11110,250,-1,-1,1,526,87.9,0,-1.0,0,0,0,639,359
259,5232,5231147,11110,250,-1,-1,1,526,87.9,0,-1.0,0,0,0,639,359
260,5243,5242254,11107,250,-1,-1,1,525,87.9,0,-1.0,0,0,0,639,359
261,5254,5253361,11107,250,-1,-1,1,525,87.9,0,-1.0,0,0,0,639,359
262,5265,5264468,11107,250,-1,-1,1,527,87.9,1,-1.0,0,0,0,639,359
263,5276,5275587,11119,250,-1,-1,1,628,88.0,0,-1.0,0,0,0,639,359
264,5288,5286692,11105,250,-1,-1,1,526,87.9,0,-1.0,0,0,0,639,359
265,5299,5297803,11111,250,-1,-1,1,526,88.0,0,-1.0,0,0,0,639,359
266,5310,5308908,11105,250,-1,-1,1,527,88.1,0,-1.0,0,0,0,639,359
267,5321,5320019,11111,250,-1,-1,1,528,88.1,0,-1.0,0,0,0,639,359
268,5332,5331127,11108,250,-1,-1,1,527,88.1,0,-1.0,0,0,0,639,359
269,5347,5342233,11106,250,-1,-1,1,525,62.5,0,-1.0,0,0,0,639,359
270,5399,5353347,11114,250,-1,-1,1,525,29.4,0,-1.0,0,0,0,639,359
271,5400,5397767,44420,250,-1,-1,1,519,44.1,1,-1.0,0,0,0,639,359
272,5410,5408898,11131,250,-1,-1,1,526,51.3,0,-1.0,0,0,0,639,359
273,5421,5419998,11100,250,-1,-1,1,525,56.2,0,-1.0,0,0,0,639,359
274,5432,5431113,11115,250,-1,-1,1,527,60.0,0,-1.0,0,0,0,639,359
275,5443,5442220,11107,250,-1,-1,1,526,62.5,0,-1.0,0,0,0,639,359
276,5454,5453328,11108,250,-1,-1,1,526,65.0,0,-1.0,0,0,0,639,359
277,5465,5464438,11110,250,-1,-1,1,524,67.2,0,-1.0,0,0,0,639,359
278,5476,5475549,11111,250,-1,-1,1,525,69.0,0,-1.0,0,0,0,639,359
279,5487,5486658,11109,250,-1,-1,1,525,70.5,0,-1.0,0,0,0,639,359
280,5499,5497769,11111,250,-1,-1,1,525,71.9,1,-1.0,0,0,0,639,359
281,5510,5508876,11107,250,-1,-1,1,637,73.0,0,-1.0,0,0,0,639,359
282,5521,5519988,11112,250,-1,-1,1,524,73.7,0,-1.0,0,0,0,639,359
283,5532,5531091,11103,250,-1,-1,1,526,75.0,0,-1.0,0,0,0,639,359
284,5543,5542201,11110,250,-1,-1,1,528,75.5,0,-1.0,0,0,0,639,359
285,5554,5553313,11112,250,-1,-1,1,525,76.2,0,-1.0,0,0,0,639,359
286,5565,5564422,11109,250,-1,-1,1,527,76.9,0,-1.0,0,0,0,639,359
287,5576,5575530,11108,250,-1,-1,1,526,77.6,0,-1.0,0,0,0,639,359
288,5587,5586638,11108,250,-1,-1,1,525,78.1,0,-1.0,0,0,0,639,359
289,5599,5597750,11112,250,-1,-1,1,524,78.7,1,-1.0,0,0,0,639,359
290,5610,5608866,11116,250,-1,-1,1,631,79.1,0,-1.0,0,0,0,639,359
291,5621,5619969,11103,250,-1,-1,1,525,79.3,0,-1.0,0,0,0,639,359
292,5632,5631078,11109,250,-1,-1,1,526,80.0,0,-1.0,0,0,0,639,359
293,5643,5642184,11106,250,-1,-1,1,525,80.1,0,-1.0,0,0,0,639,359
294,5654,5653295,11111,250,-1,-1,1,527,80.5,0,-1.0,0,0,0,639,359
295,5665,5664400,11105,250,-1,-1,1,526,80.8,0,-1.0,0,0,0,639,359
296,5676,5675514,11114,250,-1,-1,1,527,81.2,0,-1.0,0,0,0,639,359
297,5687,5686623,11109,250,-1,-1,1,525,81.5,0,-1.0,0,0,0,639,359
298,5699,5697732,11109,250,-1,-1,1,525,81.7,1,-1.0,0,0,0,639,359
299,5710,5708844,11112,250,-1,-1,1,634,82.0,0,-1.0,0,0,0,639,359
300,5721,5719952,11108,250,-1,-1,1,586,82.3,0,-1.0,0,0,0,639,359
301,5732,5731060,11108,250,-1,-1,1,525,82.5,0,-1.0,0,0,0,639,359
302,5743,5742172,11112,250,-1,-1,1,524,82.5,0,-1.0,0,0,0,639,359
303,5754,5753279,11107,250,-1,-1,1,525,82.7,0,-1.0,0,0,0,639,359
304,5765,5764387,11108,250,-1,-1,1,528,82.9,0,-1.0,0,0,0,639,359
305,5776,5775493,11106,250,-1,-1,1,525,83.1,0,-1.0,0,0,0,639,359
306,5787,5786604,11111,250,-1,-1,1,527,83.3,0,-1.0,0,0,0,639,359
307,5799,5797713,11109,250,-1,-1,1,525,83.5,1,-1.0,0,0,0,639,359
308,5810,5808826,11113,250,-1,-1,1,630,83.7,0,-1.0,0,0,0,639,359
309,5821,5819934,11108,250,-1,-1,1,524,83.8,0,-1.0,0,0,0,639,359
310,5832,5831041,11107,250,-1,-1,1,524,84.0,0,-1.0,0,0,0,639,359
311,5843,5842148,11107,250,-1,-1,1,540,84.0,0,-1.0,0,0,0,639,359
312,5854,5853263,11115,250,-1,-1,1,527,84.1,0,-1.0,0,0,0,639,359
313,5865,5864371,11108,250,-1,-1,1,526,84.3,0,-1.0,0,0,0,639,359
314,5876,5875480,11109,250,-1,-1,1,528,84.4,0,-1.0,0,0,0,639,359
315,5887,5886587,11107,250,-1,-1,1,528,84.5,0,-1.0,0,0,0,639,359
316,5898,5897698,11111,250,-1,-1,1,527,84.7,1,-1.0,0,0,0,639,359
317,5910,5908806,11108,250,-1,-1,1,633,84.8,0,-1.0,0,0,0,639,359
318,5921,5919917,11111,250,-1,-1,1,526,84.9,0,-1.0,0,0,0,639,359
319,5932,5931025,11108,250,-1,-1,1,527,85.0,0,-1.0,0,0,0,639,359
320,5943,5942133,11108,250,-1,-1,1,526,85.1,0,-1.0,0,0,0,639,359
321,5954,5953241,11108,250,-1,-1,1,525,85.1,0,-1.0,0,0,0,639,359
322,5965,5964352,11111,250,-1,-1,1,525,85.2,0,-1.0,0,0,0,639,359
323,5976,5975462,11110,250,-1,-1,1,526,85.3,0,-1.0,0,0,0,639,359
324,5987,5986571,11109,250,-1,-1,1,525,85.4,0,-1.0,0,0,0,639,359
325,5998,5997678,11107,250,-1,-1,1,528,85.5,1,-1.0,0,0,0,639,359
326,6010,6008792,11114,250,-1,-1,1,528,85.5,0,-1.0,0,0,0,639,359
327,6021,6019896,11104,250,-1,-1,1,526,85.6,0,-1.0,0,0,0,639,359
328,6032,6031010,11114,250,-1,-1,1,528,85.7,0,-1.0,0,0,0,639,359
329,6043,6042116,11106,250,-1,-1,1,526,85.8,0,-1.0,0,0,0,639,359
330,6054,6053224,11108,250,-1,-1,1,527,85.8,0,-1.0,0,0,0,639,359
331,6065,6064333,11109,250,-1,-1,1,525,85.8,0,-1.0,0,0,0,639,359
332,6076,6075441,11108,250,-1,-1,1,526,85.9,0,-1.0,0,0,0,639,359
333,6087,6086553,11112,250,-1,-1,1,525,86.0,0,-1.0,0,0,0,639,359
334,6098,6097665,11112,250,-1,-1,1,523,86.0,1,-1.0,0,0,0,639,359
335,6110,6108777,11112,250,-1,-1,1,636,86.1,0,-1.0,0,0,0,639,359
336,6121,6119880,11103,250,-1,-1,1,524,86.1,0,-1.0,0,0,0,639,359
337,6132,6130989,11109,250,-1,-1,1,523,86.2,0,-1.0,0,0,0,639,359
338,6143,6142101,11112,250,-1,-1,1,525,86.3,0,-1.0,0,0,0,639,359
339,6154,6153208,11107,250,-1,-1,1,527,86.3,0,-1.0,0,0,0,639,359
340,6165,6164317,11109,250,-1,-1,1,527,86.3,0,-1.0,0,0,0,639,359
341,6176,6175424,11107,250,-1,-1,1,527,86.4,0,-1.0,0,0,0,639,359
342,6187,6186534,11110,250,-1,-1,1,527,86.4,0,-1.0,0,0,0,639,359
343,6198,6197644,11110,250,-1,-1,1,527,86.5,1,-1.0,0,0,0,639,359
344,6210,6208760,11116,250,-1,-1,1,631,86.6,0,-1.0,0,0,0,639,359
345,6221,6219862,11102,250,-1,-1,1,526,86.6,0,-1.0,0,0,0,639,359
346,6232,6230976,11114,250,-1,-1,1,525,86.7,0,-1.0,0,0,0,639,359
347,6243,6242082,11106,250,-1,-1,1,526,86.7,0,-1.0,0,0,0,639,359
348,6254,6253194,11112,250,-1,-1,1,523,86.7,0,-1.0,0,0,0,639,359
349,6265,6264300,11106,250,-1,-1,1,527,86.7,0,-1.0,0,0,0,639,359
350,6276,6275412,11112,250,-1,-1,1,526,86.8,0,-1.0,0,0,0,639,359
351,6287,6286518,11106,250,-1,-1,1,527,86.8,0,-1.0,0,0,0,639,359
352,6298,6297627,11109,250,-1,-1,1,524,86.9,1,-1.0,0,0,0,639,359
353,6310,6308740,11113,250,-1,-1,1,631,86.9,0,-1.0,0,0,0,639,359
354,6321,6319851,11111,250,-1,-1,1,526,86.9,0,-1.0,0,0,0,639,359
355,6332,6330957,11106,250,-1,-1,1,525,87.0,0,-1.0,0,0,0,639,359
356,6346,6342069,11112,250,-1,-1,1,525,66.7,0,-1.0,0,0,0,639,359
357,6354,6353175,11106,250,-1,-1,1,525,87.0,0,-1.0,0,0,0,639,359
358,6365,6364287,11112,250,-1,-1,1,523,88.2,0,-1.0,0,0,0,639,359
359,6376,6375397,11110,250,-1,-1,1,525,88.9,0,-1.0,0,0,0,639,359
360,6404,6386503,11106,250,-1,-1,1,631,68.5,0,-1.0,0,0,0,639,359
361,6405,6397609,11106,250,-1,-1,1,1144,81.1,1,-1.0,0,0,0,639,359
362,6410,6408735,11126,250,-1,-1,1,526,89.7,0,-1.0,0,0,0,639,359
363,6421,6419829,11094,250,-1,-1,1,538,89.9,0,-1.0,0,0,0,639,359
364,6432,6430942,11113,250,-1,-1,1,528,90.0,0,-1.0,0,0,0,639,359
365,6443,6442049,11107,250,-1,-1,1,527,90.1,0,-1.0,0,0,0,639,359
366,6454,6453162,11113,250,-1,-1,1,526,89.4,0,-1.0,0,0,0,639,359
367,6465,6464266,11104,250,-1,-1,1,526,89.6,0,-1.0,0,0,0,639,359
368,6476,6475377,11111,250,-1,-1,1,525,89.7,0,-1.0,0,0,0,639,359
369,6487,6486483,11106,250,-1,-1,1,523,89.7,0,-1.0,0,0,0,639,359
370,6498,6497592,11109,250,-1,-1,1,526,89.8,1,-1.0,0,0,0,639,359
371,6510,6508705,11113,250,-1,-1,1,633,89.9,0,-1.0,0,0,0,639,359
372,6521,6519814,11109,250,-1,-1,1,554,89.9,0,-1.0,0,0,0,639,359
373,6532,6530923,11109,250,-1,-1,1,526,90.0,0,-1.0,0,0,0,639,359
374,6543,6542030,11107,250,-1,-1,1,525,90.0,0,-1.0,0,0,0,639,359
375,6554,6553136,11106,250,-1,-1,1,524,90.1,0,-1.0,0,0,0,639,359
376,6565,6564247,11111,250,-1,-1,1,525,89.7,0,-1.0,0,0,0,639,359
377,6576,6575358,11111,250,-1,-1,1,528,89.8,0,-1.0,0,0,0,639,359
378,6587,6586468,11110,250,-1,-1,1,527,89.8,0,-1.0,0,0,0,639,359
379,6598,6597574,11106,250,-1,-1,1,526,89.9,1,-1.0,0,0,0,639,359
380,6610,6608691,11117,250,-1,-1,1,635,89.9,0,-1.0,0,0,0,639,359
381,6621,6619793,11102,250,-1,-1,1,526,90.0,0,-1.0,0,0,0,639,359
382,6632,6630904,11111,250,-1,-1,1,524,90.0,0,-1.0,0,0,0,639,359
383,6643,6642012,11108,250,-1,-1,1,525,90.0,0,-1.0,0,0,0,639,359
384,6654,6653123,11111,250,-1,-1,1,526,90.1,0,-1.0,0,0,0,639,359
385,6665,6664230,11107,250,-1,-1,1,524,89.8,0,-1.0,0,0,0,639,359
386,6676,6675339,11109,250,-1,-1,1,528,89.9,0,-1.0,0,0,0,639,359
387,6687,6686450,11111,250,-1,-1,1,528,89.9,0,-1.0,0,0,0,639,359
388,6698,6697556,11106,250,-1,-1,1,525,89.9,1,-1.0,0,0,0,639,359
389,6710,6708673,11117,250,-1,-1,1,633,89.9,0,-1.0,0,0,0,639,359
390,6721,6719778,11105,250,-1,-1,1,525,89.7,0,-1.0,0,0,0,639,359
391,6732,6730884,11106,250,-1,-1,1,527,90.0,0,-1.0,0,0,0,639,359
392,6743,6741995,11111,250,-1,-1,1,529,90.0,0,-1.0,0,0,0,639,359
393,6754,6753104,11109,250,-1,-1,1,526,90.0,0,-1.0,0,0,0,639,359
394,6765,6764215,11111,250,-1,-1,1,527,89.9,0,-1.0,0,0,0,639,359
395,6776,6775321,11106,250,-1,-1,1,526,89.9,0,-1.0,0,0,0,639,359
396,6787,6786434,11113,250,-1,-1,1,544,89.9,0,-1.0,0,0,0,639,359
397,6798,6797542,11108,250,-1,-1,1,527,89.9,1,-1.0,0,0,0,639,359
398,6809,6808656,11114,250,-1,-1,1,527,90.0,0,-1.0,0,0,0,639,359
399,6821,6819762,11106,250,-1,-1,1,555,90.0,0,-1.0,0,0,0,639,359
400,6832,6830870,11108,250,-1,-1,1,527,90.0,0,-1.0,0,0,0,639,359
401,6843,6841978,11108,250,-1,-1,1,525,90.0,0,-1.0,0,0,0,639,359
402,6854,6853086,11108,250,-1,-1,1,528,90.0,0,-1.0,0,0,0,639,359
403,6865,6864197,11111,250,-1,-1,1,528,89.9,0,-1.0,0,0,0,639,359
404,6876,6875309,11112,250,-1,-1,1,525,89.9,0,-1.0,0,0,0,639,359
405,6887,6886415,11106,250,-1,-1,1,526,89.9,0,-1.0,0,0,0,639,359
406,6898,6897525,11110,250,-1,-1,1,523,89.9,1,-1.0,0,0,0,639,359
407,6910,6908635,11110,250,-1,-1,1,631,90.0,0,-1.0,0,0,0,639,359
408,6921,6919745,11110,250,-1,-1,1,528,90.0,0,-1.0,0,0,0,639,359
409,6932,6930853,11108,250,-1,-1,1,526,90.0,0,-1.0,0,0,0,639,359
410,6943,6941958,11105,250,-1,-1,1,528,90.0,0,-1.0,0,0,0,639,359
411,6954,6953067,11109,250,-1,-1,1,527,90.0,0,-1.0,0,0,0,639,359
412,6965,6964178,11111,250,-1,-1,1,526,89.9,0,-1.0,0,0,0,639,359
413,6976,6975289,11111,250,-1,-1,1,524,89.9,0,-1.0,0,0,0,639,359
414,6987,6986397,11108,250,-1,-1,1,528,89.9,0,-1.0,0,0,0,639,359
415,6998,6997507,11110,250,-1,-1,1,525,90.0,1,-1.0,0,0,0,639,359
416,7010,7008621,11114,250,-1,-1,1,630,90.0,0,-1.0,0,0,0,639,359
417,7021,7019729,11108,250,-1,-1,1,608,90.0,0,-1.0,0,0,0,639,359
418,7032,7030837,11108,250,-1,-1,1,524,90.0,0,-1.0,0,0,0,639,359
419,7043,7041945,11108,250,-1,-1,1,524,90.0,0,-1.0,0,0,0,639,359
420,7054,7053053,11108,250,-1,-1,1,528,90.0,0,-1.0,0,0,0,639,359
421,7065,7064161,11108,250,-1,-1,1,526,90.0,0,-1.0,0,0,0,639,359
422,7076,7075275,11114,250,-1,-1,1,525,89.9,0,-1.0,0,0,0,639,359
423,7087,7086381,11106,250,-1,-1,1,528,89.9,0,-1.0,0,0,0,639,359
424,7098,7097486,11105,250,-1,-1,1,527,90.0,1,-1.0,0,0,0,639,359
425,7109,7108603,11117,250,-1,-1,1,632,90.0,0,-1.0,0,0,0,639,359
426,7121,7119710,11107,250,-1,-1,1,528,89.9,0,-1.0,0,0,0,639,359
427,7132,7130819,11109,250,-1,-1,1,526,90.0,0,-1.0,0,0,0,639,359
428,7143,7141927,11108,250,-1,-1,1,524,90.0,0,-1.0,0,0,0,639,359
429,7154,7153038,11111,250,-1,-1,1,525,90.0,0,-1.0,0,0,0,639,359
430,7165,7164146,11108,250,-1,-1,1,523,90.0,0,-1.0,0,0,0,639,359
431,7176,7175254,11108,250,-1,-1,1,527,89.9,0,-1.0,0,0,0,639,359
432,7187,7186363,11109,250,-1,-1,1,529,90.0,0,-1.0,0,0,0,639,359
433,7198,7197470,11107,250,-1,-1,1,524,90.0,1,-1.0,0,0,0,639,359
434,7209,7208585,11115,250,-1,-1,1,636,90.0,0,-1.0,0,0,0,639,359
435,7221,7219691,11106,250,-1,-1,1,525,89.9,0,-1.0,0,0,0,639,359
436,7232,7230800,11109,250,-1,-1,1,527,90.0,0,-1.0,0,0,0,639,359
437,7243,7241909,11109,250,-1,-1,1,528,90.0,0,-1.0,0,0,0,639,359
438,7254,7253018,11109,250,-1,-1,1,525,90.0,0,-1.0,0,0,0,639,359
439,7265,7264128,11110,250,-1,-1,1,525,90.0,0,-1.0,0,0,0,639,359
440,7276,7275238,11110,250,-1,-1,1,525,89.9,0,-1.0,0,0,0,639,359
441,7287,7286348,11110,250,-1,-1,1,525,90.0,0,-1.0,0,0,0,639,359
442,7298,7297457,11109,250,-1,-1,1,527,90.0,1,-1.0,0,0,0,639,359
443,7309,7308569,11112,250,-1,-1,1,528,90.0,0,-1.0,0,0,0,639,359
444,7321,7319676,11107,250,-1,-1,1,526,90.0,0,-1.0,0,0,0,639,359
445,7332,7330782,11106,250,-1,-1,1,526,90.0,0,-1.0,0,0,0,639,359
446,7343,7341893,11111,250,-1,-1,1,528,90.9,0,-1.0,0,0,0,639,359
447,7354,7353002,11109,250,-1,-1,1,528,90.9,0,-1.0,0,0,0,639,359
448,7365,7364110,11108,250,-1,-1,1,525,90.9,0,-1.0,0,0,0,639,359
449,7376,7375217,11107,250,-1,-1,1,525,88.9,0,-1.0,0,0,0,639,359
450,7405,7386327,11110,250,-1,-1,1,1181,67.6,0,-1.0,0,0,0,639,359
451,7406,7397438,11111,250,-1,-1,1,557,80.0,1,-1.0,0,0,0,639,359
452,7409,7408555,11117,250,-1,-1,1,545,89.7,0,-1.0,0,0,0,639,359
453,7420,7419655,11100,250,-1,-1,1,534,89.9,0,-1.0,0,0,0,639,359
454,7432,7430770,11115,250,-1,-1,1,524,90.0,0,-1.0,0,0,0,639,359
455,7443,7441874,11104,250,-1,-1,1,527,90.1,0,-1.0,0,0,0,639,359
456,7454,7452990,11116,250,-1,-1,1,527,90.2,0,-1.0,0,0,0,639,359
457,7465,7464238,11248,250,-1,-1,1,526,89.6,0,-1.0,0,0,0,639,359
458,7476,7475205,10967,250,-1,-1,1,527,89.7,0,-1.0,0,0,0,639,359
459,7487,7486312,11107,250,-1,-1,1,528,89.7,0,-1.0,0,0,0,639,359
460,7498,7497422,11110,250,-1,-1,1,528,89.8,1,-1.0,0,0,0,639,359
461,7509,7508534,11112,250,-1,-1,1,632,89.9,0,-1.0,0,0,0,639,359
462,7521,7519640,11106,250,-1,-1,1,528,89.5,0,-1.0,0,0,0,639,359
463,7532,7530750,11110,250,-1,-1,1,525,90.0,0,-1.0,0,0,0,639,359
464,7543,7541860,11110,250,-1,-1,1,526,90.0,0,-1.0,0,0,0,639,359
465,7554,7552966,11106,250,-1,-1,1,525,90.1,0,-1.0,0,0,0,639,359
466,7565,7564081,11115,250,-1,-1,1,525,90.1,0,-1.0,0,0,0,639,359
467,7576,7575186,11105,250,-1,-1,1,526,89.8,0,-1.0,0,0,0,639,359
468,7587,7586296,11110,250,-1,-1,1,529,89.8,0,-1.0,0,0,0,639,359
469,7598,7597404,11108,250,-1,-1,1,525,89.9,1,-1.0,0,0,0,639,359
470,7610,7608519,11115,250,-1,-1,1,560,89.9,0,-1.0,0,0,0,639,359
471,7620,7619620,11101,250,-1,-1,1,593,90.0,0,-1.0,0,0,0,639,359
472,7632,7630732,11112,250,-1,-1,1,539,90.0,0,-1.0,0,0,0,639,359
473,7643,7641839,11107,250,-1,-1,1,527,90.0,0,-1.0,0,0,0,639,359
474,7654,7652947,11108,250,-1,-1,1,526,90.1,0,-1.0,0,0,0,639,359
475,7665,7664056,11109,250,-1,-1,1,526,90.1,0,-1.0,0,0,0,639,359
476,7676,7675167,11111,250,-1,-1,1,525,89.9,0,-1.0,0,0,0,639,359
477,7687,7686274,11107,250,-1,-1,1,525,89.9,0,-1.0,0,0,0,639,359
478,7698,7697386,11112,250,-1,-1,1,525,89.9,1,-1.0,0,0,0,639,359
479,7710,7708501,11115,250,-1,-1,1,536,89.9,0,-1.0,0,0,0,639,359
480,7720,7719608,11107,250,-1,-1,1,587,90.0,0,-1.0,0,0,0,639,359
481,7732,7730714,11106,250,-1,-1,1,524,90.0,0,-1.0,0,0,0,639,359
482,7743,7741822,11108,250,-1,-1,1,528,90.0,0,-1.0,0,0,0,639,359
483,7754,7752930,11108,250,-1,-1,1,526,90.0,0,-1.0,0,0,0,639,359
484,7765,7764040,11110,250,-1,-1,1,524,90.1,0,-1.0,0,0,0,639,359
485,7776,7775279,11239,250,-1,-1,1,542,89.9,0,-1.0,0,0,0,639,359
486,7787,7786262,10983,250,-1,-1,1,545,89.9,0,-1.0,0,0,0,639,359
487,7798,7797371,11109,250,-1,-1,1,542,89.9,1,-1.0,0,0,0,639,359
488,7810,7808482,11111,250,-1,-1,1,531,90.0,0,-1.0,0,0,0,639,359
489,7821,7819591,11109,250,-1,-1,1,543,90.0,0,-1.0,0,0,0,639,359
490,7831,7830697,11106,250,-1,-1,1,541,90.0,0,-1.0,0,0,0,639,359
491,7843,7841804,11107,250,-1,-1,1,527,90.0,0,-1.0,0,0,0,639,359
492,7854,7852918,11114,250,-1,-1,1,525,90.0,0,-1.0,0,0,0,639,359
493,7865,7864022,11104,250,-1,-1,1,524,90.1,0,-1.0,0,0,0,639,359
494,7876,7875137,11115,250,-1,-1,1,524,90.1,0,-1.0,0,0,0,639,359
495,7887,7886243,11106,250,-1,-1,1,528,89.9,0,-1.0,0,0,0,639,359
496,7898,7897354,11111,250,-1,-1,1,526,89.9,1,-1.0,0,0,0,639,359
497,7910,7908467,11113,250,-1,-1,1,524,90.0,0,-1.0,0,0,0,639,359
498,7920,7919572,11105,250,-1,-1,1,577,90.0,0,-1.0,0,0,0,639,359
499,7931,7930678,11106,250,-1,-1,1,528,90.0,0,-1.0,0,0,0,639,359
500,7943,7941789,11111,250,-1,-1,1,527,90.0,0,-1.0,0,0,0,639,359
501,7954,7952898,11109,250,-1,-1,1,562,90.0,0,-1.0,0,0,0,639,359
502,7965,7964009,11111,250,-1,-1,1,526,90.0,0,-1.0,0,0,0,639,359
503,7976,7975117,11108,250,-1,-1,1,527,90.1,0,-1.0,0,0,0,639,359
504,7987,7986228,11111,250,-1,-1,1,525,89.9,0,-1.0,0,0,0,639,359
505,7998,7997335,11107,250,-1,-1,1,526,90.0,1,-1.0,0,0,0,639,359
506,8010,8008450,11115,250,-1,-1,1,525,90.0,0,-1.0,0,0,0,639,359
507,8020,8019556,11106,250,-1,-1,1,610,90.0,0,-1.0,0,0,0,639,359
508,8031,8030663,11107,250,-1,-1,1,526,90.0,0,-1.0,0,0,0,639,359
509,8043,8041770,11107,250,-1,-1,1,527,90.0,0,-1.0,0,0,0,639,359
510,8054,8052882,11112,250,-1,-1,1,553,90.0,0,-1.0,0,0,0,639,359
511,8065,8063991,11109,250,-1,-1,1,524,90.0,0,-1.0,0,0,0,639,359
512,8076,8075100,11109,250,-1,-1,1,527,90.1,0,-1.0,0,0,0,639,359
513,8087,8086206,11106,250,-1,-1,1,527,89.9,0,-1.0,0,0,0,639,359
514,8098,8097317,11111,250,-1,-1,1,524,90.0,1,-1.0,0,0,0,639,359
515,8110,8108432,11115,250,-1,-1,1,524,90.0,0,-1.0,0,0,0,639,359
516,8120,8119534,11102,250,-1,-1,1,525,90.0,0,-1.0,0,0,0,639,359
517,8131,8130646,11112,250,-1,-1,1,525,90.0,0,-1.0,0,0,0,639,359
518,8143,8141756,11110,250,-1,-1,1,525,90.0,0,-1.0,0,0,0,639,359
519,8154,8152865,11109,250,-1,-1,1,525,90.0,0,-1.0,0,0,0,639,359
520,8165,8163975,11110,250,-1,-1,1,525,90.0,0,-1.0,0,0,0,639,359
521,8176,8175083,11108,250,-1,-1,1,527,90.0,0,-1.0,0,0,0,639,359
522,8187,8186192,11109,250,-1,-1,1,527,90.0,0,-1.0,0,0,0,639,359
523,8198,8197300,11108,250,-1,-1,1,526,90.0,1,-1.0,0,0,0,639,359
524,8210,8208415,11115,250,-1,-1,1,526,90.0,0,-1.0,0,0,0,639,359
525,8220,8219521,11106,250,-1,-1,1,632,90.0,0,-1.0,0,0,0,639,359
526,8231,8230626,11105,250,-1,-1,1,528,90.0,0,-1.0,0,0,0,639,359
527,8243,8241738,11112,250,-1,-1,1,524,90.0,0,-1.0,0,0,0,639,359
528,8254,8252849,11111,250,-1,-1,1,525,90.0,0,-1.0,0,0,0,639,359
529,8265,8263957,11108,250,-1,-1,1,524,90.0,0,-1.0,0,0,0,639,359
530,8276,8275064,11107,250,-1,-1,1,526,90.0,0,-1.0,0,0,0,639,359
531,8287,8286174,11110,250,-1,-1,1,525,90.0,0,-1.0,0,0,0,639,359
532,8298,8297283,11109,250,-1,-1,1,528,90.0,1,-1.0,0,0,0,639,359
533,8309,8308396,11113,250,-1,-1,1,525,90.0,0,-1.0,0,0,0,639,359
534,8320,8319502,11106,250,-1,-1,1,578,90.0,0,-1.0,0,0,0,639,359
535,8331,8330609,11107,250,-1,-1,1,528,90.0,0,-1.0,0,0,0,639,359
536,8347,8341876,11267,250,-1,-1,1,524,66.7,0,-1.0,0,0,0,639,359
537,8354,8352829,10953,250,-1,-1,1,527,90.9,0,-1.0,0,0,0,639,359
538,8365,8363939,11110,250,-1,-1,1,527,90.9,0,-1.0,0,0,0,639,359
539,8376,8375048,11109,250,-1,-1,1,526,90.9,0,-1.0,0,0,0,639,359
540,8407,8386166,11118,250,-1,-1,1,633,66.7,0,-1.0,0,0,0,639,359
541,8408,8397266,11100,250,-1,-1,1,1952,76.9,1,-1.0,0,0,0,639,359
542,8410,8408375,11109,250,-1,-1,1,522,88.6,0,-1.0,0,0,0,639,359
543,8420,8419489,11114,250,-1,-1,1,534,89.9,0,-1.0,0,0,0,639,359
544,8431,8430595,11106,250,-1,-1,1,525,90.0,0,-1.0,0,0,0,639,359
545,8443,8441854,11259,250,-1,-1,1,625,90.1,0,-1.0,0,0,0,639,359
546,8454,8452816,10962,250,-1,-1,1,611,90.2,0,-1.0,0,0,0,639,359
547,8465,8463921,11105,250,-1,-1,1,525,89.6,0,-1.0,0,0,0,639,359
548,8476,8475031,11110,250,-1,-1,1,526,90.3,0,-1.0,0,0,0,639,359
549,8487,8486140,11109,250,-1,-1,1,527,90.3,0,-1.0,0,0,0,639,359
550,8498,8497248,11108,250,-1,-1,1,528,89.8,1,-1.0,0,0,0,639,359
551,8509,8508362,11114,250,-1,-1,1,525,89.9,0,-1.0,0,0,0,639,359
552,8520,8519469,11107,250,-1,-1,1,525,89.9,0,-1.0,0,0,0,639,359
553,8531,8530577,11108,250,-1,-1,1,527,90.0,0,-1.0,0,0,0,639,359
554,8543,8541686,11109,250,-1,-1,1,525,90.0,0,-1.0,0,0,0,639,359
555,8554,8552794,11108,250,-1,-1,1,524,90.1,0,-1.0,0,0,0,639,359
556,8565,8563906,11112,250,-1,-1,1,525,90.1,0,-1.0,0,0,0,639,359
557,8576,8575016,11110,250,-1,-1,1,525,90.2,0,-1.0,0,0,0,639,359
558,8587,8586123,11107,250,-1,-1,1,525,90.2,0,-1.0,0,0,0,639,359
559,8598,8597232,11109,250,-1,-1,1,525,89.9,1,-1.0,0,0,0,639,359
560,8609,8608343,11111,250,-1,-1,1,525,89.9,0,-1.0,0,0,0,639,359
561,8620,8619452,11109,250,-1,-1,1,607,90.0,0,-1.0,0,0,0,639,359
562,8631,8630560,11108,250,-1,-1,1,526,90.0,0,-1.0,0,0,0,639,359
563,8642,8641670,11110,250,-1,-1,1,527,90.0,0,-1.0,0,0,0,639,359
564,8654,8652779,11109,250,-1,-1,1,529,90.1,0,-1.0,0,0,0,639,359
565,8665,8663886,11107,250,-1,-1,1,527,90.1,0,-1.0,0,0,0,639,359
566,8676,8674994,11108,250,-1,-1,1,525,90.1,0,-1.0,0,0,0,639,359
567,8687,8686108,11114,250,-1,-1,1,526,90.1,0,-1.0,0,0,0,639,359
568,8698,8697215,11107,250,-1,-1,1,526,89.9,1,-1.0,0,0,0,639,359
569,8709,8708330,11115,250,-1,-1,1,527,89.9,0,-1.0,0,0,0,639,359
570,8720,8719439,11109,250,-1,-1,1,527,90.0,0,-1.0,0,0,0,639,359
571,8731,8730542,11103,250,-1,-1,1,525,90.0,0,-1.0,0,0,0,639,359
572,8742,8741652,11110,250,-1,-1,1,525,90.0,0,-1.0,0,0,0,639,359
573,8754,8752762,11110,250,-1,-1,1,529,90.0,0,-1.0,0,0,0,639,359
574,8765,8763870,11108,250,-1,-1,1,527,90.1,0,-1.0,0,0,0,639,359
575,8776,8774980,11110,250,-1,-1,1,528,90.1,0,-1.0,0,0,0,639,359
576,8787,8786090,11110,250,-1,-1,1,528,90.1,0,-1.0,0,0,0,639,359
577,8798,8797198,11108,250,-1,-1,1,524,89.9,1,-1.0,0,0,0,639,359
578,8809,8808309,11111,250,-1,-1,1,524,90.0,0,-1.0,0,0,0,639,359
579,8820,8819418,11109,250,-1,-1,1,590,90.0,0,-1.0,0,0,0,639,359
580,8831,8830526,11108,250,-1,-1,1,525,90.0,0,-1.0,0,0,0,639,359
581,8842,8841634,11108,250,-1,-1,1,525,90.0,0,-1.0,0,0,0,639,359
582,8854,8852746,11112,250,-1,-1,1,525,90.0,0,-1.0,0,0,0,639,359
583,8865,8863853,11107,250,-1,-1,1,524,90.1,0,-1.0,0,0,0,639,359
584,8876,8874961,11108,250,-1,-1,1,528,90.1,0,-1.0,0,0,0,639,359
585,8887,8886072,11111,250,-1,-1,1,528,90.1,0,-1.0,0,0,0,639,359
586,8898,8897179,11107,250,-1,-1,1,526,89.9,1,-1.0,0,0,0,639,359
587,8909,8908294,11115,250,-1,-1,1,525,90.0,0,-1.0,0,0,0,639,359
588,8920,8919402,11108,250,-1,-1,1,594,90.0,0,-1.0,0,0,0,639,359
589,8931,8930508,11106,250,-1,-1,1,527,90.0,0,-1.0,0,0,0,639,359
590,8942,8941618,11110,250,-1,-1,1,523,90.0,0,-1.0,0,0,0,639,359
591,8954,8952725,11107,250,-1,-1,1,525,90.0,0,-1.0,0,0,0,639,359
592,8965,8963833,11108,250,-1,-1,1,524,90.0,0,-1.0,0,0,0,639,359
593,8976,8974946,11113,250,-1,-1,1,523,90.1,0,-1.0,0,0,0,639,359
594,8987,8986055,11109,250,-1,-1,1,528,90.1,0,-1.0,0,0,0,639,359
595,8998,8997163,11108,250,-1,-1,1,525,90.1,1,-1.0,0,0,0,639,359
596,9010,9008277,11114,250,-1,-1,1,524,90.0,0,-1.0,0,0,0,639,359
597,9020,9019379,11102,250,-1,-1,1,630,90.0,0,-1.0,0,0,0,639,359
598,9031,9030490,11111,250,-1,-1,1,526,90.0,0,-1.0,0,0,0,639,359
599,9042,9041595,11105,250,-1,-1,1,525,90.0,0,-1.0,0,0,0,639,359
600,9054,9052711,11116,250,-1,-1,1,526,90.0,0,-1.0,0,0,0,639,359
601,9065,9063817,11106,250,-1,-1,1,527,90.0,0,-1.0,0,0,0,639,359
602,9076,9074926,11109,250,-1,-1,1,525,90.1,0,-1.0,0,0,0,639,359
603,9087,9086037,11111,250,-1,-1,1,525,90.1,0,-1.0,0,0,0,639,359
604,9098,9097147,11110,250,-1,-1,1,524,90.1,1,-1.0,0,0,0,639,359
605,9110,9108260,11113,250,-1,-1,1,523,90.0,0,-1.0,0,0,0,639,359
606,9120,9119365,11105,250,-1,-1,1,605,90.0,0,-1.0,0,0,0,639,359
607,9131,9130474,11109,250,-1,-1,1,527,90.0,0,-1.0,0,0,0,639,359
608,9142,9141583,11109,250,-1,-1,1,526,90.0,0,-1.0,0,0,0,639,359
609,9154,9152689,11106,250,-1,-1,1,523,90.0,0,-1.0,0,0,0,639,359
610,9165,9163804,11115,250,-1,-1,1,525,90.0,0,-1.0,0,0,0,639,359
611,9176,9174912,11108,250,-1,-1,1,526,90.0,0,-1.0,0,0,0,639,359
612,9187,9186018,11106,250,-1,-1,1,526,90.1,0,-1.0,0,0,0,639,359
613,9198,9197129,11111,250,-1,-1,1,526,90.1,1,-1.0,0,0,0,639,359
614,9210,9208242,11113,250,-1,-1,1,526,90.0,0,-1.0,0,0,0,639,359
615,9220,9219483,11241,250,-1,-1,1,628,90.0,0,-1.0,0,0,0,639,359
616,9231,9230457,10974,250,-1,-1,1,525,90.0,0,-1.0,0,0,0,639,359
617,9242,9241568,11111,250,-1,-1,1,527,90.0,0,-1.0,0,0,0,639,359
618,9253,9252677,11109,250,-1,-1,1,526,90.0,0,-1.0,0,0,0,639,359
619,9265,9263783,11106,250,-1,-1,1,527,90.0,0,-1.0,0,0,0,639,359
620,9276,9274894,11111,250,-1,-1,1,527,90.0,0,-1.0,0,0,0,639,359
621,9287,9286002,11108,250,-1,-1,1,529,90.1,0,-1.0,0,0,0,639,359
622,9298,9297109,11107,250,-1,-1,1,524,90.1,1,-1.0,0,0,0,639,359
623,9310,9308227,11118,250,-1,-1,1,524,90.0,0,-1.0,0,0,0,639,359
624,9320,9319334,11107,250,-1,-1,1,605,90.0,0,-1.0,0,0,0,639,359
625,9331,9330438,11104,250,-1,-1,1,524,90.0,0,-1.0,0,0,0,639,359
626,9342,9341552,11114,250,-1,-1,1,524,90.9,0,-1.0,0,0,0,639,359
627,9353,9352660,11108,250,-1,-1,1,526,90.9,0,-1.0,0,0,0,639,359
628,9365,9363770,11110,250,-1,-1,1,525,90.9,0,-1.0,0,0,0,639,359
629,9376,9374876,11106,250,-1,-1,1,527,90.9,0,-1.0,0,0,0,639,359
630,9406,9385984,11108,250,-1,-1,1,631,67.6,0,-1.0,0,0,0,639,359
631,9407,9397091,11107,250,-1,-1,1,786,80.0,1,-1.0,0,0,0,639,359
632,9410,9408203,11112,250,-1,-1,1,523,89.7,0,-1.0,0,0,0,639,359
633,9420,9419316,11113,250,-1,-1,1,527,89.9,0,-1.0,0,0,0,639,359
634,9431,9430423,11107,250,-1,-1,1,526,90.0,0,-1.0,0,0,0,639,359
635,9442,9441532,11109,250,-1,-1,1,635,90.1,0,-1.0,0,0,0,639,359
636,9453,9452643,11111,250,-1,-1,1,634,90.2,0,-1.0,0,0,0,639,359
637,9465,9463750,11107,250,-1,-1,1,527,90.2,0,-1.0,0,0,0,639,359
638,9476,9474863,11113,250,-1,-1,1,528,90.3,0,-1.0,0,0,0,639,359
639,9487,9485967,11104,250,-1,-1,1,526,90.3,0,-1.0,0,0,0,639,359
640,9498,9497079,11112,250,-1,-1,1,525,90.4,1,-1.0,0,0,0,639,359
641,9510,9508189,11110,250,-1,-1,1,526,89.9,0,-1.0,0,0,0,639,359
642,9520,9519327,11138,250,-1,-1,1,634,89.9,0,-1.0,0,0,0,639,359
643,9531,9530402,11075,250,-1,-1,1,525,90.0,0,-1.0,0,0,0,639,359
644,9542,9541515,11113,250,-1,-1,1,528,90.0,0,-1.0,0,0,0,639,359
645,9553,9552621,11106,250,-1,-1,1,529,90.1,0,-1.0,0,0,0,639,359
646,9565,9563737,11116,250,-1,-1,1,525,90.1,0,-1.0,0,0,0,639,359
647,9576,9574840,11103,250,-1,-1,1,526,90.2,0,-1.0,0,0,0,639,359
648,9587,9585949,11109,250,-1,-1,1,528,90.2,0,-1.0,0,0,0,639,359
649,9598,9597059,11110,250,-1,-1,1,526,90.2,1,-1.0,0,0,0,639,359
650,9610,9608175,11116,250,-1,-1,1,524,89.9,0,-1.0,0,0,0,639,359
651,9620,9619282,11107,250,-1,-1,1,524,90.0,0,-1.0,0,0,0,639,359
652,9631,9630389,11107,250,-1,-1,1,525,90.0,0,-1.0,0,0,0,639,359
653,9642,9641495,11106,250,-1,-1,1,524,90.0,0,-1.0,0,0,0,639,359
654,9653,9652606,11111,250,-1,-1,1,524,90.1,0,-1.0,0,0,0,639,359
655,9665,9663713,11107,250,-1,-1,1,527,90.1,0,-1.0,0,0,0,639,359
656,9676,9674821,11108,250,-1,-1,1,525,90.1,0,-1.0,0,0,0,639,359
657,9687,9685932,11111,250,-1,-1,1,525,90.1,0,-1.0,0,0,0,639,359
658,9698,9697045,11113,250,-1,-1,1,527,90.2,1,-1.0,0,0,0,639,359
659,9710,9708157,11112,250,-1,-1,1,525,89.9,0,-1.0,0,0,0,639,359
660,9720,9719282,11125,250,-1,-1,1,607,90.0,0,-1.0,0,0,0,639,359
661,9731,9730371,11089,250,-1,-1,1,524,90.0,0,-1.0,0,0,0,639,359
662,9742,9741480,11109,250,-1,-1,1,527,90.0,0,-1.0,0,0,0,639,359
663,9753,9752589,11109,250,-1,-1,1,529,90.0,0,-1.0,0,0,0,639,359
664,9764,9763700,11111,250,-1,-1,1,526,90.1,0,-1.0,0,0,0,639,359
665,9776,9774808,11108,250,-1,-1,1,527,90.1,0,-1.0,0,0,0,639,359
666,9787,9785919,11111,250,-1,-1,1,527,90.1,0,-1.0,0,0,0,639,359
667,9798,9797026,11107,250,-1,-1,1,525,90.1,1,-1.0,0,0,0,639,359
668,9810,9808139,11113,250,-1,-1,1,524,90.0,0,-1.0,0,0,0,639,359
669,9820,9819294,11155,250,-1,-1,1,631,90.0,0,-1.0,0,0,0,639,359
670,9831,9830356,11062,250,-1,-1,1,526,90.0,0,-1.0,0,0,0,639,359
671,9842,9841466,11110,250,-1,-1,1,524,90.0,0,-1.0,0,0,0,639,359
672,9853,9852575,11109,250,-1,-1,1,525,90.0,0,-1.0,0,0,0,639,359
673,9864,9863683,11108,250,-1,-1,1,525,90.1,0,-1.0,0,0,0,639,359
674,9876,9874789,11106,250,-1,-1,1,526,90.1,0,-1.0,0,0,0,639,359
675,9887,9885897,11108,250,-1,-1,1,525,90.1,0,-1.0,0,0,0,639,359
676,9898,9897008,11111,250,-1,-1,1,527,90.1,1,-1.0,0,0,0,639,359
677,9910,9908121,11113,250,-1,-1,1,523,90.0,0,-1.0,0,0,0,639,359
678,9920,9919238,11117,250,-1,-1,1,607,90.0,0,-1.0,0,0,0,639,359
679,9931,9930337,11099,250,-1,-1,1,525,90.0,0,-1.0,0,0,0,639,359
680,9942,9941443,11106,250,-1,-1,1,529,90.0,0,-1.0,0,0,0,639,359
681,9953,9952552,11109,250,-1,-1,1,528,90.0,0,-1.0,0,0,0,639,359
682,9964,9963668,11116,250,-1,-1,1,527,90.0,0,-1.0,0,0,0,639,359
683,9976,9974771,11103,250,-1,-1,1,525,90.1,0,-1.0,0,0,0,639,359
684,9987,9985881,11110,250,-1,-1,1,527,90.1,0,-1.0,0,0,0,639,359
685,9998,9996987,11106,250,-1,-1,1,524,90.1,1,-1.0,0,0,0,639,359
686,10010,10008105,11118,250,-1,-1,1,540,90.0,0,-1.0,0,0,0,639,359
687,10020,10019339,11234,250,-1,-1,1,608,90.0,0,-1.0,0,0,0,639,359
688,10031,10030322,10983,250,-1,-1,1,525,90.0,0,-1.0,0,0,0,639,359
689,10042,10041430,11108,250,-1,-1,1,524,90.0,0,-1.0,0,0,0,639,359
690,10053,10052537,11107,250,-1,-1,1,528,90.0,0,-1.0,0,0,0,639,359
691,10064,10063644,11107,250,-1,-1,1,525,90.0,0,-1.0,0,0,0,639,359
692,10076,10074757,11113,250,-1,-1,1,540,90.1,0,-1.0,0,0,0,639,359
693,10087,10085863,11106,250,-1,-1,1,526,90.1,0,-1.0,0,0,0,639,359
694,10098,10096972,11109,250,-1,-1,1,526,90.1,1,-1.0,0,0,0,639,359
695,10110,10108087,11115,250,-1,-1,1,528,90.0,0,-1.0,0,0,0,639,359
696,10120,10119193,11106,250,-1,-1,1,632,90.0,0,-1.0,0,0,0,639,359
697,10131,10130304,11111,250,-1,-1,1,528,90.0,0,-1.0,0,0,0,639,359
698,10142,10141409,11105,250,-1,-1,1,525,90.0,0,-1.0,0,0,0,639,359
699,10153,10152521,11112,250,-1,-1,1,526,90.0,0,-1.0,0,0,0,639,359
700,10164,10163631,11110,250,-1,-1,1,525,90.0,0,-1.0,0,0,0,639,359
701,10176,10174738,11107,250,-1,-1,1,524,90.0,0,-1.0,0,0,0,639,359
702,10187,10185851,11113,250,-1,-1,1,524,90.1,0,-1.0,0,0,0,639,359
703,10198,10196953,11102,250,-1,-1,1,528,90.1,1,-1.0,0,0,0,639,359
704,10210,10208070,11117,250,-1,-1,1,523,90.0,0,-1.0,0,0,0,639,359
705,10220,10219175,11105,250,-1,-1,1,628,90.0,0,-1.0,0,0,0,639,359
706,10231,10230285,11110,250,-1,-1,1,529,90.0,0,-1.0,0,0,0,639,359
707,10242,10241392,11107,250,-1,-1,1,527,90.0,0,-1.0,0,0,0,639,359
708,10253,10252503,11111,250,-1,-1,1,526,90.0,0,-1.0,0,0,0,639,359
709,10264,10263613,11110,250,-1,-1,1,529,90.0,0,-1.0,0,0,0,639,359
710,10276,10274723,11110,250,-1,-1,1,522,90.0,0,-1.0,0,0,0,639,359
711,10287,10285831,11108,250,-1,-1,1,525,90.1,0,-1.0,0,0,0,639,359
712,10298,10296941,11110,250,-1,-1,1,524,90.1,1,-1.0,0,0,0,639,359
713,10310,10308053,11112,250,-1,-1,1,525,90.0,0,-1.0,0,0,0,639,359
714,10320,10319297,11244,250,-1,-1,1,605,90.0,0,-1.0,0,0,0,639,359
715,10331,10330267,10970,250,-1,-1,1,526,90.0,0,-1.0,0,0,0,639,359
716,10342,10341379,11112,250,-1,-1,1,525,90.9,0,-1.0,0,0,0,639,359
717,10353,10352486,11107,250,-1,-1,1,527,90.9,0,-1.0,0,0,0,639,359
718,10364,10363598,11112,250,-1,-1,1,528,90.9,0,-1.0,0,0,0,639,359
719,10376,10374701,11103,250,-1,-1,1,526,90.9,0,-1.0,0,0,0,639,359
720,10406,10385812,11111,250,-1,-1,1,636,66.7,0,-1.0,0,0,0,639,359
721,10407,10396914,11102,250,-1,-1,1,2201,77.9,1,-1.0,0,0,0,639,359
722,10410,10408029,11115,250,-1,-1,1,526,89.7,0,-1.0,0,0,0,639,359
723,10420,10419144,11115,250,-1,-1,1,525,89.9,0,-1.0,0,0,0,639,359
724,10431,10430251,11107,250,-1,-1,1,536,90.0,0,-1.0,0,0,0,639,359
725,10442,10441371,11120,250,-1,-1,1,633,90.1,0,-1.0,0,0,0,639,359
726,10453,10452473,11102,250,-1,-1,1,631,90.2,0,-1.0,0,0,0,639,359
727,10464,10463582,11109,250,-1,-1,1,552,90.2,0,-1.0,0,0,0,639,359
728,10476,10474688,11106,250,-1,-1,1,527,90.3,0,-1.0,0,0,0,639,359
729,10487,10485797,11109,250,-1,-1,1,529,90.3,0,-1.0,0,0,0,639,359
730,10498,10496905,11108,250,-1,-1,1,525,90.4,1,-1.0,0,0,0,639,359
731,10509,10508019,11114,250,-1,-1,1,532,90.4,0,-1.0,0,0,0,639,359
732,10520,10519126,11107,250,-1,-1,1,526,90.4,0,-1.0,0,0,0,639,359
733,10531,10530229,11103,250,-1,-1,1,527,90.0,0,-1.0,0,0,0,639,359
734,10542,10541343,11114,250,-1,-1,1,525,90.0,0,-1.0,0,0,0,639,359
735,10553,10552449,11106,250,-1,-1,1,526,90.1,0,-1.0,0,0,0,639,359
736,10564,10563559,11110,250,-1,-1,1,527,90.1,0,-1.0,0,0,0,639,359
737,10575,10574667,11108,250,-1,-1,1,525,90.2,0,-1.0,0,0,0,639,359
738,10587,10585779,11112,250,-1,-1,1,528,90.2,0,-1.0,0,0,0,639,359
739,10598,10596889,11110,250,-1,-1,1,524,90.2,1,-1.0,0,0,0,639,359
740,10609,10608001,11112,250,-1,-1,1,546,90.3,0,-1.0,0,0,0,639,359
741,10620,10619103,11102,250,-1,-1,1,525,90.3,0,-1.0,0,0,0,639,359
742,10631,10630224,11121,250,-1,-1,1,525,90.0,0,-1.0,0,0,0,639,359
743,10642,10641323,11099,250,-1,-1,1,528,90.0,0,-1.0,0,0,0,639,359
744,10653,10652431,11108,250,-1,-1,1,528,90.1,0,-1.0,0,0,0,639,359
745,10664,10663541,11110,250,-1,-1,1,525,90.1,0,-1.0,0,0,0,639,359
746,10675,10674655,11114,250,-1,-1,1,525,90.1,0,-1.0,0,0,0,639,359
747,10687,10685760,11105,250,-1,-1,1,526,90.1,0,-1.0,0,0,0,639,359
748,10698,10696874,11114,250,-1,-1,1,526,90.2,1,-1.0,0,0,0,639,359
749,10709,10707983,11109,250,-1,-1,1,546,90.2,0,-1.0,0,0,0,639,359
750,10720,10719091,11108,250,-1,-1,1,525,90.2,0,-1.0,0,0,0,639,359
751,10731,10730199,11108,250,-1,-1,1,526,90.0,0,-1.0,0,0,0,639,359
752,10742,10741308,11109,250,-1,-1,1,526,90.0,0,-1.0,0,0,0,639,359
753,10753,10752416,11108,250,-1,-1,1,525,90.0,0,-1.0,0,0,0,639,359
754,10764,10763529,11113,250,-1,-1,1,526,90.1,0,-1.0,0,0,0,639,359
755,10775,10774634,11105,250,-1,-1,1,528,90.1,0,-1.0,0,0,0,639,359
756,10787,10785747,11113,250,-1,-1,1,528,90.1,0,-1.0,0,0,0,639,359
757,10798,10796851,11104,250,-1,-1,1,525,90.1,1,-1.0,0,0,0,639,359
758,10809,10807965,11114,250,-1,-1,1,529,90.1,0,-1.0,0,0,0,639,359
759,10820,10819074,11109,250,-1,-1,1,632,90.0,0,-1.0,0,0,0,639,359
760,10831,10830182,11108,250,-1,-1,1,528,90.0,0,-1.0,0,0,0,639,359
761,10842,10841288,11106,250,-1,-1,1,526,90.0,0,-1.0,0,0,0,639,359
762,10853,10852402,11114,250,-1,-1,1,525,90.0,0,-1.0,0,0,0,639,359
763,10864,10863508,11106,250,-1,-1,1,526,90.1,0,-1.0,0,0,0,639,359
764,10875,10874618,11110,250,-1,-1,1,525,90.1,0,-1.0,0,0,0,639,359
765,10887,10885728,11110,250,-1,-1,1,524,90.1,0,-1.0,0,0,0,639,359
766,10898,10896839,11111,250,-1,-1,1,527,90.1,1,-1.0,0,0,0,639,359
767,10909,10907949,11110,250,-1,-1,1,537,90.1,0,-1.0,0,0,0,639,359
768,10920,10919057,11108,250,-1,-1,1,631,90.0,0,-1.0,0,0,0,639,359
769,10931,10930162,11105,250,-1,-1,1,527,90.2,0,-1.0,0,0,0,639,359
770,10942,10941271,11109,250,-1,-1,1,527,90.0,0,-1.0,0,0,0,639,359
771,10953,10952381,11110,250,-1,-1,1,525,90.0,0,-1.0,0,0,0,639,359
772,10964,10963497,11116,250,-1,-1,1,525,90.0,0,-1.0,0,0,0,639,359
773,10975,10974600,11103,250,-1,-1,1,527,90.1,0,-1.0,0,0,0,639,359
774,10987,10985709,11109,250,-1,-1,1,524,90.1,0,-1.0,0,0,0,639,359
775,10998,10996817,11108,250,-1,-1,1,526,90.1,1,-1.0,0,0,0,639,359
776,11009,11007935,11118,250,-1,-1,1,546,90.1,0,-1.0,0,0,0,639,359
777,11020,11019042,11107,250,-1,-1,1,524,90.1,0,-1.0,0,0,0,639,359
778,11031,11030149,11107,250,-1,-1,1,524,90.1,0,-1.0,0,0,0,639,359
779,11042,11041254,11105,250,-1,-1,1,526,90.0,0,-1.0,0,0,0,639,359
780,11053,11052367,11113,250,-1,-1,1,526,90.0,0,-1.0,0,0,0,639,359
781,11064,11063473,11106,250,-1,-1,1,526,90.0,0,-1.0,0,0,0,639,359
782,11075,11074585,11112,250,-1,-1,1,526,90.1,0,-1.0,0,0,0,639,359
783,11087,11085691,11106,250,-1,-1,1,526,90.1,0,-1.0,0,0,0,639,359
784,11098,11096802,11111,250,-1,-1,1,525,90.1,1,-1.0,0,0,0,639,359
785,11109,11107917,11115,250,-1,-1,1,543,90.1,0,-1.0,0,0,0,639,359
786,11120,11119025,11108,250,-1,-1,1,634,90.0,0,-1.0,0,0,0,639,359
787,11131,11130130,11105,250,-1,-1,1,525,90.1,0,-1.0,0,0,0,639,359
788,11142,11141238,11108,250,-1,-1,1,526,90.0,0,-1.0,0,0,0,639,359
789,11153,11152350,11112,250,-1,-1,1,524,90.0,0,-1.0,0,0,0,639,359
790,11164,11163456,11106,250,-1,-1,1,524,90.0,0,-1.0,0,0,0,639,359
791,11175,11174562,11106,250,-1,-1,1,526,90.0,0,-1.0,0,0,0,639,359
792,11186,11185676,11114,250,-1,-1,1,525,90.1,0,-1.0,0,0,0,639,359
793,11198,11196783,11107,250,-1,-1,1,526,90.1,1,-1.0,0,0,0,639,359
794,11209,11207898,11115,250,-1,-1,1,529,90.1,0,-1.0,0,0,0,639,359
795,11220,11219003,11105,250,-1,-1,1,632,90.0,0,-1.0,0,0,0,639,359
796,11231,11230114,11111,250,-1,-1,1,526,90.1,0,-1.0,0,0,0,639,359
797,11242,11241222,11108,250,-1,-1,1,525,90.0,0,-1.0,0,0,0,639,359
798,11253,11252330,11108,250,-1,-1,1,524,90.0,0,-1.0,0,0,0,639,359
799,11264,11263439,11109,250,-1,-1,1,525,90.0,0,-1.0,0,0,0,639,359
800,11275,11274550,11111,250,-1,-1,1,525,90.0,0,-1.0,0,0,0,639,359
801,11286,11285657,11107,250,-1,-1,1,527,90.1,0,-1.0,0,0,0,639,359
802,11298,11296768,11111,250,-1,-1,1,524,90.1,1,-1.0,0,0,0,639,359
803,11309,11307881,11113,250,-1,-1,1,534,90.1,0,-1.0,0,0,0,639,359
804,11320,11318987,11106,250,-1,-1,1,660,90.0,0,-1.0,0,0,0,639,359
805,11331,11330096,11109,250,-1,-1,1,527,90.1,0,-1.0,0,0,0,639,359
806,11342,11341206,11110,250,-1,-1,1,527,90.0,0,-1.0,0,0,0,639,359
807,11357,11352488,11282,250,-1,-1,1,524,71.4,0,-1.0,0,0,0,639,359
808,11364,11363424,10936,250,-1,-1,1,528,90.9,0,-1.0,0,0,0,639,359
809,11375,11374533,11109,250,-1,-1,1,539,90.9,0,-1.0,0,0,0,639,359
810,11409,11385641,11108,250,-1,-1,1,611,60.6,0,-1.0,0,0,0,639,359
811,11410,11407851,22210,250,-1,-1,1,604,74.6,1,-1.0,0,0,0,639,359
812,11420,11418972,11121,250,-1,-1,1,536,77.9,0,-1.0,0,0,0,639,359
813,11431,11430079,11107,250,-1,-1,1,534,79.5,0,-1.0,0,0,0,639,359
814,11442,11441330,11251,250,-1,-1,1,633,80.0,0,-1.0,0,0,0,639,359
815,11453,11452302,10972,250,-1,-1,1,630,81.1,0,-1.0,0,0,0,639,359
816,11464,11463411,11109,250,-1,-1,1,553,82.0,0,-1.0,0,0,0,639,359
817,11475,11474521,11110,250,-1,-1,1,525,82.7,0,-1.0,0,0,0,639,359
818,11486,11485627,11106,250,-1,-1,1,525,83.3,0,-1.0,0,0,0,639,359
819,11498,11496735,11108,250,-1,-1,1,526,83.9,0,-1.0,0,0,0,639,359
820,11509,11507840,11105,250,-1,-1,1,527,84.3,1,-1.0,0,0,0,639,359
821,11520,11518957,11117,250,-1,-1,1,540,84.7,0,-1.0,0,0,0,639,359
822,11531,11530062,11105,250,-1,-1,1,526,85.1,0,-1.0,0,0,0,639,359
823,11542,11541171,11109,250,-1,-1,1,528,85.0,0,-1.0,0,0,0,639,359
824,11553,11552279,11108,250,-1,-1,1,525,85.3,0,-1.0,0,0,0,639,359
825,11564,11563390,11111,250,-1,-1,1,527,85.6,0,-1.0,0,0,0,639,359
826,11575,11574500,11110,250,-1,-1,1,525,85.8,0,-1.0,0,0,0,639,359
827,11586,11585607,11107,250,-1,-1,1,525,86.1,0,-1.0,0,0,0,639,359
828,11598,11596716,11109,250,-1,-1,1,526,86.3,0,-1.0,0,0,0,639,359
829,11609,11607827,11111,250,-1,-1,1,523,86.5,1,-1.0,0,0,0,639,359
830,11620,11618937,11110,250,-1,-1,1,546,86.6,0,-1.0,0,0,0,639,359
831,11631,11630048,11111,250,-1,-1,1,525,86.8,0,-1.0,0,0,0,639,359
832,11642,11641158,11110,250,-1,-1,1,525,86.7,0,-1.0,0,0,0,639,359
833,11653,11652263,11105,250,-1,-1,1,528,86.8,0,-1.0,0,0,0,639,359
834,11664,11663372,11109,250,-1,-1,1,526,87.0,0,-1.0,0,0,0,639,359
835,11675,11674480,11108,250,-1,-1,1,527,87.1,0,-1.0,0,0,0,639,359
836,11686,11685589,11109,250,-1,-1,1,524,87.2,0,-1.0,0,0,0,639,359
837,11698,11696702,11113,250,-1,-1,1,527,87.3,0,-1.0,0,0,0,639,359
838,11709,11707808,11106,250,-1,-1,1,525,87.4,1,-1.0,0,0,0,639,359
839,11720,11718919,11111,250,-1,-1,1,545,87.5,0,-1.0,0,0,0,639,359
840,11731,11730029,11110,250,-1,-1,1,524,87.6,0,-1.0,0,0,0,639,359
841,11742,11741141,11112,250,-1,-1,1,526,87.7,0,-1.0,0,0,0,639,359
842,11753,11752245,11104,250,-1,-1,1,525,87.6,0,-1.0,0,0,0,639,359
843,11764,11763354,11109,250,-1,-1,1,525,87.7,0,-1.0,0,0,0,639,359
844,11775,11774462,11108,250,-1,-1,1,526,87.8,0,-1.0,0,0,0,639,359
845,11786,11785576,11114,250,-1,-1,1,527,87.8,0,-1.0,0,0,0,639,359
846,11797,11796681,11105,250,-1,-1,1,524,87.9,0,-1.0,0,0,0,639,359
847,11809,11807789,11108,250,-1,-1,1,526,88.0,1,-1.0,0,0,0,639,359
848,11820,11818898,11109,250,-1,-1,1,527,88.1,0,-1.0,0,0,0,639,359
849,11831,11830015,11117,250,-1,-1,1,524,88.1,0,-1.0,0,0,0,639,359
850,11842,11841122,11107,250,-1,-1,1,608,88.0,0,-1.0,0,0,0,639,359
851,11853,11852233,11111,250,-1,-1,1,526,88.1,0,-1.0,0,0,0,639,359
852,11864,11863338,11105,250,-1,-1,1,525,88.1,0,-1.0,0,0,0,639,359
853,11875,11874449,11111,250,-1,-1,1,525,88.2,0,-1.0,0,0,0,639,359
854,11886,11885557,11108,250,-1,-1,1,525,88.2,0,-1.0,0,0,0,639,359
855,11897,11896664,11107,250,-1,-1,1,528,88.3,0,-1.0,0,0,0,639,359
856,11909,11907771,11107,250,-1,-1,1,526,88.3,1,-1.0,0,0,0,639,359
857,11920,11918885,11114,250,-1,-1,1,535,88.4,0,-1.0,0,0,0,639,359
858,11931,11929992,11107,250,-1,-1,1,526,88.4,0,-1.0,0,0,0,639,359
859,11942,11941123,11131,250,-1,-1,1,533,88.5,0,-1.0,0,0,0,639,359
860,11953,11952212,11089,250,-1,-1,1,527,88.4,0,-1.0,0,0,0,639,359
861,11964,11963320,11108,250,-1,-1,1,526,88.4,0,-1.0,0,0,0,639,359
862,11975,11974428,11108,250,-1,-1,1,524,88.5,0,-1.0,0,0,0,639,359
863,11986,11985538,11110,250,-1,-1,1,525,88.5,0,-1.0,0,0,0,639,359
864,11997,11996650,11112,250,-1,-1,1,522,88.5,0,-1.0,0,0,0,639,359
865,12009,12007760,11110,250,-1,-1,1,524,88.6,1,-1.0,0,0,0,639,359
866,12020,12018868,11108,250,-1,-1,1,547,88.6,0,-1.0,0,0,0,639,359
867,12031,12029979,11111,250,-1,-1,1,524,88.7,0,-1.0,0,0,0,639,359
868,12042,12041084,11105,250,-1,-1,1,528,88.7,0,-1.0,0,0,0,639,359
869,12053,12052194,11110,250,-1,-1,1,527,88.6,0,-1.0,0,0,0,639,359
870,12064,12063302,11108,250,-1,-1,1,558,88.6,0,-1.0,0,0,0,639,359
871,12075,12074413,11111,250,-1,-1,1,528,88.7,0,-1.0,0,0,0,639,359
872,12086,12085521,11108,250,-1,-1,1,528,88.7,0,-1.0,0,0,0,639,359
873,12097,12096631,11110,250,-1,-1,1,526,88.7,0,-1.0,0,0,0,639,359
874,12109,12107739,11108,250,-1,-1,1,525,88.8,1,-1.0,0,0,0,639,359
875,12120,12118853,11114,250,-1,-1,1,545,88.8,0,-1.0,0,0,0,639,359
876,12131,12129960,11107,250,-1,-1,1,526,88.8,0,-1.0,0,0,0,639,359
877,12142,12141070,11110,250,-1,-1,1,525,88.9,0,-1.0,0,0,0,639,359
878,12153,12152174,11104,250,-1,-1,1,527,88.8,0,-1.0,0,0,0,639,359
879,12164,12163287,11113,250,-1,-1,1,555,88.8,0,-1.0,0,0,0,639,359
880,12175,12174393,11106,250,-1,-1,1,525,88.8,0,-1.0,0,0,0,639,359
881,12186,12185502,11109,250,-1,-1,1,526,88.9,0,-1.0,0,0,0,639,359
882,12197,12196613,11111,250,-1,-1,1,525,88.9,0,-1.0,0,0,0,639,359
883,12209,12207722,11109,250,-1,-1,1,526,88.9,1,-1.0,0,0,0,639,359
884,12220,12218837,11115,250,-1,-1,1,546,88.9,0,-1.0,0,0,0,639,359
885,12231,12229943,11106,250,-1,-1,1,533,89.0,0,-1.0,0,0,0,639,359
886,12242,12241049,11106,250,-1,-1,1,525,89.0,0,-1.0,0,0,0,639,359
887,12253,12252159,11110,250,-1,-1,1,525,88.9,0,-1.0,0,0,0,639,359
888,12264,12263268,11109,250,-1,-1,1,526,88.9,0,-1.0,0,0,0,639,359
889,12275,12274379,11111,250,-1,-1,1,526,89.0,0,-1.0,0,0,0,639,359
890,12286,12285483,11104,250,-1,-1,1,524,89.0,0,-1.0,0,0,0,639,359
891,12297,12296596,11113,250,-1,-1,1,528,89.0,0,-1.0,0,0,0,639,359
892,12309,12307705,11109,250,-1,-1,1,525,89.0,1,-1.0,0,0,0,639,359
893,12320,12318819,11114,250,-1,-1,1,534,89.0,0,-1.0,0,0,0,639,359
894,12331,12329923,11104,250,-1,-1,1,526,89.1,0,-1.0,0,0,0,639,359
895,12342,12341038,11115,250,-1,-1,1,526,89.1,0,-1.0,0,0,0,639,359
896,12353,12352140,11102,250,-1,-1,1,528,89.1,0,-1.0,0,0,0,639,359
897,12368,12363255,11115,250,-1,-1,1,525,71.4,0,-1.0,0,0,0,639,359
898,12375,12374357,11102,250,-1,-1,1,527,90.9,0,-1.0,0,0,0,639,359
899,12386,12385472,11115,250,-1,-1,1,527,90.9,0,-1.0,0,0,0,639,359
900,12420,12396578,11106,250,-1,-1,1,610,60.6,0,-1.0,0,0,0,639,359
901,12420,12418788,22210,250,-1,-1,1,600,74.6,1,-1.0,0,0,0,639,359
902,12431,12429914,11126,250,-1,-1,1,534,77.9,0,-1.0,0,0,0,639,359
903,12442,12441015,11101,250,-1,-1,1,538,79.5,0,-1.0,0,0,0,639,359
904,12453,12452181,11166,250,-1,-1,1,629,80.0,0,-1.0,0,0,0,639,359
905,12464,12463235,11054,250,-1,-1,1,604,81.1,0,-1.0,0,0,0,639,359
906,12475,12474346,11111,250,-1,-1,1,606,82.0,0,-1.0,0,0,0,639,359
907,12486,12485455,11109,250,-1,-1,1,525,82.7,0,-1.0,0,0,0,639,359
908,12497,12496564,11109,250,-1,-1,1,526,83.3,0,-1.0,0,0,0,639,359
909,12508,12507672,11108,250,-1,-1,1,526,83.9,0,-1.0,0,0,0,639,359
910,12520,12518781,11109,250,-1,-1,1,526,84.3,1,-1.0,0,0,0,639,359
911,12531,12529891,11110,250,-1,-1,1,547,84.7,0,-1.0,0,0,0,639,359
912,12542,12541000,11109,250,-1,-1,1,527,84.7,0,-1.0,0,0,0,639,359
913,12553,12552110,11110,250,-1,-1,1,524,85.4,0,-1.0,0,0,0,639,359
914,12564,12563220,11110,250,-1,-1,1,525,85.3,0,-1.0,0,0,0,639,359
915,12575,12574328,11108,250,-1,-1,1,529,85.6,0,-1.0,0,0,0,639,359
916,12586,12585438,11110,250,-1,-1,1,527,85.8,0,-1.0,0,0,0,639,359
917,12597,12596544,11106,250,-1,-1,1,526,86.1,0,-1.0,0,0,0,639,359
918,12608,12607653,11109,250,-1,-1,1,527,86.3,0,-1.0,0,0,0,639,359
919,12620,12618767,11114,250,-1,-1,1,528,86.5,1,-1.0,0,0,0,639,359
920,12631,12629877,11110,250,-1,-1,1,547,86.6,0,-1.0,0,0,0,639,359
921,12642,12640983,11106,250,-1,-1,1,524,86.8,0,-1.0,0,0,0,639,359
922,12653,12652091,11108,250,-1,-1,1,525,87.0,0,-1.0,0,0,0,639,359
923,12664,12663197,11106,250,-1,-1,1,524,86.8,0,-1.0,0,0,0,639,359
924,12675,12674310,11113,250,-1,-1,1,523,87.0,0,-1.0,0,0,0,639,359
925,12686,12685419,11109,250,-1,-1,1,526,87.1,0,-1.0,0,0,0,639,359
926,12697,12696527,11108,250,-1,-1,1,527,87.2,0,-1.0,0,0,0,639,359
927,12708,12707638,11111,250,-1,-1,1,526,87.3,0,-1.0,0,0,0,639,359
928,12720,12718747,11109,250,-1,-1,1,526,87.4,1,-1.0,0,0,0,639,359
929,12731,12729858,11111,250,-1,-1,1,527,87.5,0,-1.0,0,0,0,639,359
930,12742,12740965,11107,250,-1,-1,1,528,87.6,0,-1.0,0,0,0,639,359
931,12753,12752073,11108,250,-1,-1,1,525,87.7,0,-1.0,0,0,0,639,359
932,12764,12763184,11111,250,-1,-1,1,526,87.6,0,-1.0,0,0,0,639,359
933,12775,12774292,11108,250,-1,-1,1,526,87.7,0,-1.0,0,0,0,639,359
934,12786,12785401,11109,250,-1,-1,1,524,87.8,0,-1.0,0,0,0,639,359
935,12797,12796510,11109,250,-1,-1,1,524,87.8,0,-1.0,0,0,0,639,359
936,12808,12807618,11108,250,-1,-1,1,527,87.9,0,-1.0,0,0,0,639,359
937,12820,12818728,11110,250,-1,-1,1,526,88.0,1,-1.0,0,0,0,639,359
938,12831,12829845,11117,250,-1,-1,1,534,88.1,0,-1.0,0,0,0,639,359
939,12842,12840949,11104,250,-1,-1,1,525,88.1,0,-1.0,0,0,0,639,359
940,12853,12852061,11112,250,-1,-1,1,529,88.2,0,-1.0,0,0,0,639,359
941,12864,12863176,11115,250,-1,-1,1,527,88.1,0,-1.0,0,0,0,639,359
942,12875,12874275,11099,250,-1,-1,1,526,88.1,0,-1.0,0,0,0,639,359
943,12886,12885382,11107,250,-1,-1,1,525,88.2,0,-1.0,0,0,0,639,359
944,12897,12896494,11112,250,-1,-1,1,523,88.2,0,-1.0,0,0,0,639,359
945,12908,12907603,11109,250,-1,-1,1,524,88.3,0,-1.0,0,0,0,639,359
946,12920,12918711,11108,250,-1,-1,1,525,88.3,1,-1.0,0,0,0,639,359
947,12931,12929822,11111,250,-1,-1,1,544,88.4,0,-1.0,0,0,0,639,359
948,12942,12940933,11111,250,-1,-1,1,525,88.4,0,-1.0,0,0,0,639,359
949,12953,12952039,11106,250,-1,-1,1,528,88.5,0,-1.0,0,0,0,639,359
950,12964,12963148,11109,250,-1,-1,1,527,88.5,0,-1.0,0,0,0,639,359
951,12975,12974254,11106,250,-1,-1,1,525,88.4,0,-1.0,0,0,0,639,359
952,12986,12985366,11112,250,-1,-1,1,527,88.5,0,-1.0,0,0,0,639,359
953,12997,12996476,11110,250,-1,-1,1,529,88.5,0,-1.0,0,0,0,639,359
954,13008,13007585,11109,250,-1,-1,1,527,88.5,0,-1.0,0,0,0,639,359
955,13020,13018693,11108,250,-1,-1,1,524,88.6,1,-1.0,0,0,0,639,359
956,13031,13029809,11116,250,-1,-1,1,544,88.6,0,-1.0,0,0,0,639,359
957,13042,13040911,11102,250,-1,-1,1,524,88.7,0,-1.0,0,0,0,639,359
958,13053,13052021,11110,250,-1,-1,1,525,88.7,0,-1.0,0,0,0,639,359
959,13064,13063128,11107,250,-1,-1,1,524,88.7,0,-1.0,0,0,0,639,359
960,13075,13074240,11112,250,-1,-1,1,525,88.6,0,-1.0,0,0,0,639,359
961,13086,13085348,11108,250,-1,-1,1,524,88.7,0,-1.0,0,0,0,639,359
962,13097,13096458,11110,250,-1,-1,1,525,88.7,0,-1.0,0,0,0,639,359
963,13108,13107567,11109,250,-1,-1,1,528,88.7,0,-1.0,0,0,0,639,359
964,13119,13118673,11106,250,-1,-1,1,528,88.8,1,-1.0,0,0,0,639,359
965,13131,13129792,11119,250,-1,-1,1,534,88.8,0,-1.0,0,0,0,639,359
966,13142,13140896,11104,250,-1,-1,1,524,88.8,0,-1.0,0,0,0,639,359
967,13153,13152007,11111,250,-1,-1,1,528,88.9,0,-1.0,0,0,0,639,359
968,13164,13163115,11108,250,-1,-1,1,527,88.9,0,-1.0,0,0,0,639,359
969,13175,13174220,11105,250,-1,-1,1,525,88.8,0,-1.0,0,0,0,639,359
970,13186,13185331,11111,250,-1,-1,1,525,88.8,0,-1.0,0,0,0,639,359
971,13197,13196441,11110,250,-1,-1,1,524,88.9,0,-1.0,0,0,0,639,359
972,13208,13207553,11112,250,-1,-1,1,524,88.9,0,-1.0,0,0,0,639,359
973,13219,13218659,11106,250,-1,-1,1,524,88.9,1,-1.0,0,0,0,639,359
974,13231,13229771,11112,250,-1,-1,1,546,88.9,0,-1.0,0,0,0,639,359
975,13242,13240876,11105,250,-1,-1,1,544,89.0,0,-1.0,0,0,0,639,359
976,13253,13251990,11114,250,-1,-1,1,527,89.0,0,-1.0,0,0,0,639,359
977,13264,13263096,11106,250,-1,-1,1,523,89.0,0,-1.0,0,0,0,639,359
978,13275,13274204,11108,250,-1,-1,1,525,88.9,0,-1.0,0,0,0,639,359
979,13286,13285313,11109,250,-1,-1,1,525,89.0,0,-1.0,0,0,0,639,359
980,13297,13296426,11113,250,-1,-1,1,528,89.0,0,-1.0,0,0,0,639,359
981,13308,13307531,11105,250,-1,-1,1,525,89.0,0,-1.0,0,0,0,639,359
982,13319,13318645,11114,250,-1,-1,1,525,89.0,1,-1.0,0,0,0,639,359
983,13331,13329758,11113,250,-1,-1,1,546,89.0,0,-1.0,0,0,0,639,359
984,13342,13340861,11103,250,-1,-1,1,526,89.1,0,-1.0,0,0,0,639,359
985,13353,13351972,11111,250,-1,-1,1,525,89.1,0,-1.0,0,0,0,639,359
986,13364,13363080,11108,250,-1,-1,1,525,89.1,0,-1.0,0,0,0,639,359
987,13380,13374192,11112,250,-1,-1,1,565,58.8,0,-1.0,0,0,0,639,359
988,13386,13385310,11118,250,-1,-1,1,526,87.0,0,-1.0,0,0,0,639,359
989,13397,13396404,11094,250,-1,-1,1,527,88.2,0,-1.0,0,0,0,639,359
990,13459,13407519,11115,250,-1,-1,1,527,42.1,0,-1.0,0,0,0,639,359
991,13459,13451935,44416,250,-1,-1,1,1095,52.1,1,-1.0,0,0,0,639,359
992,13464,13463073,11138,250,-1,-1,1,635,59.4,0,-1.0,0,0,0,639,359
993,13476,13474176,11103,250,-1,-1,1,567,62.5,0,-1.0,0,0,0,639,359
994,13486,13485403,11227,250,-1,-1,1,526,65.0,0,-1.0,0,0,0,639,359
995,13497,13496391,10988,250,-1,-1,1,527,67.2,0,-1.0,0,0,0,639,359
996,13508,13507496,11105,250,-1,-1,1,525,69.0,0,-1.0,0,0,0,639,359
997,13519,13518611,11115,250,-1,-1,1,525,70.5,0,-1.0,0,0,0,639,359
998,13531,13529716,11105,250,-1,-1,1,524,71.9,0,-1.0,0,0,0,639,359
999,13542,13540831,11115,250,-1,-1,1,525,73.0,0,-1.0,0,0,0,639,359
1000,13553,13551934,11103,250,-1,-1,1,529,74.1,1,-1.0,0,0,0,639,359
1001,13564,13563050,11116,250,-1,-1,1,540,75.0,0,-1.0,0,0,0,639,359
1002,13575,13574156,11106,250,-1,-1,1,527,75.5,0,-1.0,0,0,0,639,359
1003,13586,13585261,11105,250,-1,-1,1,529,76.2,0,-1.0,0,0,0,639,359
1004,13597,13596372,11111,250,-1,-1,1,525,76.9,0,-1.0,0,0,0,639,359
1005,13608,13607483,11111,250,-1,-1,1,525,77.6,0,-1.0,0,0,0,639,359
1006,13619,13618587,11104,250,-1,-1,1,525,78.1,0,-1.0,0,0,0,639,359
1007,13630,13629701,11114,250,-1,-1,1,526,78.7,0,-1.0,0,0,0,639,359
1008,13642,13640811,11110,250,-1,-1,1,525,79.1,0,-1.0,0,0,0,639,359
1009,13653,13651919,11108,250,-1,-1,1,525,79.6,1,-1.0,0,0,0,639,359
1010,13664,13663032,11113,250,-1,-1,1,545,80.0,0,-1.0,0,0,0,639,359
1011,13675,13674138,11106,250,-1,-1,1,529,80.4,0,-1.0,0,0,0,639,359
1012,13686,13685249,11111,250,-1,-1,1,525,80.5,0,-1.0,0,0,0,639,359
1013,13697,13696358,11109,250,-1,-1,1,525,80.8,0,-1.0,0,0,0,639,359
1014,13708,13707464,11106,250,-1,-1,1,529,81.2,0,-1.0,0,0,0,639,359
1015,13719,13718579,11115,250,-1,-1,1,527,81.5,0,-1.0,0,0,0,639,359
1016,13730,13729681,11102,250,-1,-1,1,524,81.7,0,-1.0,0,0,0,639,359
1017,13742,13740791,11110,250,-1,-1,1,534,82.0,0,-1.0,0,0,0,639,359
1018,13753,13751898,11107,250,-1,-1,1,527,82.3,1,-1.0,0,0,0,639,359
1019,13764,13763015,11117,250,-1,-1,1,527,82.5,0,-1.0,0,0,0,639,359
1020,13775,13774121,11106,250,-1,-1,1,524,82.7,0,-1.0,0,0,0,639,359
1021,13786,13785233,11112,250,-1,-1,1,526,82.7,0,-1.0,0,0,0,639,359
1022,13797,13796338,11105,250,-1,-1,1,524,82.9,0,-1.0,0,0,0,639,359
1023,13808,13807445,11107,250,-1,-1,1,529,83.1,0,-1.0,0,0,0,639,359
1024,13819,13818555,11110,250,-1,-1,1,524,83.3,0,-1.0,0,0,0,639,359
1025,13830,13829668,11113,250,-1,-1,1,526,83.5,0,-1.0,0,0,0,639,359
1026,13842,13840774,11106,250,-1,-1,1,526,83.7,0,-1.0,0,0,0,639,359
1027,13853,13851888,11114,250,-1,-1,1,525,83.8,1,-1.0,0,0,0,639,359
1028,13864,13862996,11108,250,-1,-1,1,528,84.0,0,-1.0,0,0,0,639,359
1029,13875,13874111,11115,250,-1,-1,1,524,84.0,0,-1.0,0,0,0,639,359
1030,13886,13885212,11101,250,-1,-1,1,526,84.1,0,-1.0,0,0,0,639,359
1031,13897,13896325,11113,250,-1,-1,1,524,84.3,0,-1.0,0,0,0,639,359
1032,13908,13907431,11106,250,-1,-1,1,526,84.4,0,-1.0,0,0,0,639,359
1033,13919,13918539,11108,250,-1,-1,1,525,84.5,0,-1.0,0,0,0,639,359
1034,13930,13929649,11110,250,-1,-1,1,525,84.7,0,-1.0,0,0,0,639,359
1035,13942,13940759,11110,250,-1,-1,1,528,84.8,0,-1.0,0,0,0,639,359
1036,13953,13951867,11108,250,-1,-1,1,526,84.9,1,-1.0,0,0,0,639,359
1037,13964,13962982,11115,250,-1,-1,1,537,85.0,0,-1.0,0,0,0,639,359
1038,13975,13974087,11105,250,-1,-1,1,524,85.1,0,-1.0,0,0,0,639,359
1039,13986,13985199,11112,250,-1,-1,1,527,85.1,0,-1.0,0,0,0,639,359
1040,13997,13996304,11105,250,-1,-1,1,526,85.2,0,-1.0,0,0,0,639,359
1041,14008,14007415,11111,250,-1,-1,1,525,85.3,0,-1.0,0,0,0,639,359
1042,14019,14018520,11105,250,-1,-1,1,527,85.4,0,-1.0,0,0,0,639,359
1043,14030,14029632,11112,250,-1,-1,1,524,85.5,0,-1.0,0,0,0,639,359
1044,14042,14040738,11106,250,-1,-1,1,525,85.5,0,-1.0,0,0,0,639,359
1045,14053,14051850,11112,250,-1,-1,1,526,85.6,1,-1.0,0,0,0,639,359
1046,14064,14062963,11113,250,-1,-1,1,544,85.7,0,-1.0,0,0,0,639,359
1047,14075,14074073,11110,250,-1,-1,1,527,85.8,0,-1.0,0,0,0,639,359
1048,14086,14085178,11105,250,-1,-1,1,525,85.8,0,-1.0,0,0,0,639,359
1049,14097,14096288,11110,250,-1,-1,1,527,85.8,0,-1.0,0,0,0,639,359
1050,14108,14107396,11108,250,-1,-1,1,525,85.9,0,-1.0,0,0,0,639,359
1051,14119,14118507,11111,250,-1,-1,1,525,86.0,0,-1.0,0,0,0,639,359
1052,14130,14129613,11106,250,-1,-1,1,525,86.0,0,-1.0,0,0,0,639,359
1053,14142,14140721,11108,250,-1,-1,1,527,86.1,0,-1.0,0,0,0,639,359
1054,14153,14151829,11108,250,-1,-1,1,525,86.2,1,-1.0,0,0,0,639,359
1055,14164,14162946,11117,250,-1,-1,1,546,86.2,0,-1.0,0,0,0,639,359
1056,14175,14174053,11107,250,-1,-1,1,525,86.2,0,-1.0,0,0,0,639,359
1057,14186,14185164,11111,250,-1,-1,1,523,86.3,0,-1.0,0,0,0,639,359
1058,14197,14196270,11106,250,-1,-1,1,524,86.3,0,-1.0,0,0,0,639,359
1059,14208,14207381,11111,250,-1,-1,1,524,86.4,0,-1.0,0,0,0,639,359
1060,14219,14218487,11106,250,-1,-1,1,525,86.4,0,-1.0,0,0,0,639,359
1061,14230,14229598,11111,250,-1,-1,1,525,86.5,0,-1.0,0,0,0,639,359
1062,14242,14240701,11103,250,-1,-1,1,527,86.6,0,-1.0,0,0,0,639,359
1063,14253,14251816,11115,250,-1,-1,1,526,86.6,1,-1.0,0,0,0,639,359
1064,14264,14262926,11110,250,-1,-1,1,532,86.7,0,-1.0,0,0,0,639,359
1065,14275,14274035,11109,250,-1,-1,1,527,86.7,0,-1.0,0,0,0,639,359
1066,14286,14285140,11105,250,-1,-1,1,528,86.8,0,-1.0,0,0,0,639,359
1067,14297,14296251,11111,250,-1,-1,1,527,86.7,0,-1.0,0,0,0,639,359
1068,14308,14307359,11108,250,-1,-1,1,526,86.8,0,-1.0,0,0,0,639,359
1069,14319,14318472,11113,250,-1,-1,1,525,86.8,0,-1.0,0,0,0,639,359
1070,14330,14329576,11104,250,-1,-1,1,525,86.9,0,-1.0,0,0,0,639,359
1071,14342,14340690,11114,250,-1,-1,1,526,86.9,0,-1.0,0,0,0,639,359
1072,14353,14351799,11109,250,-1,-1,1,525,87.0,1,-1.0,0,0,0,639,359
1073,14364,14362916,11117,250,-1,-1,1,543,87.0,0,-1.0,0,0,0,639,359
1074,14389,14385120,22204,250,-1,-1,1,525,38.5,0,-1.0,0,0,0,639,359
1075,14397,14396237,11117,250,-1,-1,1,528,58.8,0,-1.0,0,0,0,639,359
1076,14408,14407342,11105,250,-1,-1,1,527,66.7,0,-1.0,0,0,0,639,359
1077,14419,14418453,11111,250,-1,-1,1,527,71.4,0,-1.0,0,0,0,639,359
1078,14430,14429563,11110,250,-1,-1,1,527,74.6,0,-1.0,0,0,0,639,359
1079,14441,14440671,11108,250,-1,-1,1,525,76.9,0,-1.0,0,0,0,639,359
1080,14472,14451782,11111,250,-1,-1,1,638,64.8,0,-1.0,0,0,0,639,359
1081,14472,14462890,11108,250,-1,-1,1,783,73.4,1,-1.0,0,0,0,639,359
1082,14475,14474003,11113,250,-1,-1,1,525,80.4,0,-1.0,0,0,0,639,359
1083,14486,14485110,11107,250,-1,-1,1,524,82.0,0,-1.0,0,0,0,639,359
1084,14497,14496223,11113,250,-1,-1,1,524,82.1,0,-1.0,0,0,0,639,359
1085,14508,14507328,11105,250,-1,-1,1,525,82.8,0,-1.0,0,0,0,639,359
1086,14519,14518439,11111,250,-1,-1,1,600,83.3,0,-1.0,0,0,0,639,359
1087,14530,14529548,11109,250,-1,-1,1,604,83.8,0,-1.0,0,0,0,639,359
1088,14541,14540656,11108,250,-1,-1,1,527,84.3,0,-1.0,0,0,0,639,359
1089,14553,14551759,11103,250,-1,-1,1,526,84.7,0,-1.0,0,0,0,639,359
1090,14564,14562877,11118,250,-1,-1,1,528,85.0,1,-1.0,0,0,0,639,359
1091,14575,14573985,11108,250,-1,-1,1,531,85.3,0,-1.0,0,0,0,639,359
1092,14586,14585095,11110,250,-1,-1,1,525,85.6,0,-1.0,0,0,0,639,359
1093,14597,14596204,11109,250,-1,-1,1,528,85.5,0,-1.0,0,0,0,639,359
1094,14608,14607311,11107,250,-1,-1,1,529,85.7,0,-1.0,0,0,0,639,359
1095,14619,14618419,11108,250,-1,-1,1,526,85.9,0,-1.0,0,0,0,639,359
1096,14630,14629532,11113,250,-1,-1,1,524,86.1,0,-1.0,0,0,0,639,359
1097,14641,14640636,11104,250,-1,-1,1,525,86.3,0,-1.0,0,0,0,639,359
1098,14653,14651751,11115,250,-1,-1,1,526,86.5,0,-1.0,0,0,0,639,359
1099,14664,14662855,11104,250,-1,-1,1,526,86.7,1,-1.0,0,0,0,639,359
1100,14675,14673968,11113,250,-1,-1,1,538,86.8,0,-1.0,0,0,0,639,359
1101,14686,14685075,11107,250,-1,-1,1,525,87.0,0,-1.0,0,0,0,639,359
1102,14697,14696187,11112,250,-1,-1,1,526,86.8,0,-1.0,0,0,0,639,359
1103,14708,14707295,11108,250,-1,-1,1,527,87.0,0,-1.0,0,0,0,639,359
1104,14719,14718401,11106,250,-1,-1,1,527,87.1,0,-1.0,0,0,0,639,359
1105,14730,14729509,11108,250,-1,-1,1,526,87.2,0,-1.0,0,0,0,639,359
1106,14741,14740623,11114,250,-1,-1,1,525,87.3,0,-1.0,0,0,0,639,359
1107,14753,14751732,11109,250,-1,-1,1,526,87.4,0,-1.0,0,0,0,639,359
1108,14764,14762838,11106,250,-1,-1,1,525,87.5,1,-1.0,0,0,0,639,359
1109,14775,14773953,11115,250,-1,-1,1,545,87.6,0,-1.0,0,0,0,639,359
1110,14786,14785058,11105,250,-1,-1,1,525,87.7,0,-1.0,0,0,0,639,359
1111,14797,14796165,11107,250,-1,-1,1,526,87.8,0,-1.0,0,0,0,639,359
1112,14808,14807275,11110,250,-1,-1,1,530,87.6,0,-1.0,0,0,0,639,359
1113,14819,14818384,11109,250,-1,-1,1,527,87.7,0,-1.0,0,0,0,639,359
1114,14830,14829493,11109,250,-1,-1,1,524,87.8,0,-1.0,0,0,0,639,359
1115,14841,14840600,11107,250,-1,-1,1,530,87.9,0,-1.0,0,0,0,639,359
1116,14853,14851712,11112,250,-1,-1,1,527,87.9,0,-1.0,0,0,0,639,359
1117,14864,14862820,11108,250,-1,-1,1,525,88.0,1,-1.0,0,0,0,639,359
1118,14875,14873939,11119,250,-1,-1,1,545,88.1,0,-1.0,0,0,0,639,359
1119,14886,14885045,11106,250,-1,-1,1,525,88.1,0,-1.0,0,0,0,639,359
1120,14897,14896154,11109,250,-1,-1,1,526,88.0,0,-1.0,0,0,0,639,359
1121,14908,14907260,11106,250,-1,-1,1,524,88.1,0,-1.0,0,0,0,639,359
1122,14919,14918369,11109,250,-1,-1,1,527,88.1,0,-1.0,0,0,0,639,359
1123,14930,14929476,11107,250,-1,-1,1,527,88.2,0,-1.0,0,0,0,639,359
1124,14941,14940589,11113,250,-1,-1,1,528,88.2,0,-1.0,0,0,0,639,359
1125,14953,14951695,11106,250,-1,-1,1,526,88.3,0,-1.0,0,0,0,639,359
1126,14964,14962802,11107,250,-1,-1,1,527,88.3,1,-1.0,0,0,0,639,359
1127,14975,14973919,11117,250,-1,-1,1,544,88.4,0,-1.0,0,0,0,639,359
1128,14986,14985027,11108,250,-1,-1,1,527,88.4,0,-1.0,0,0,0,639,359
1129,14997,14996136,11109,250,-1,-1,1,526,88.5,0,-1.0,0,0,0,639,359
1130,15008,15007244,11108,250,-1,-1,1,525,88.4,0,-1.0,0,0,0,639,359
1131,15019,15018350,11106,250,-1,-1,1,526,88.4,0,-1.0,0,0,0,639,359
1132,15030,15029461,11111,250,-1,-1,1,526,88.5,0,-1.0,0,0,0,639,359
1133,15041,15040566,11105,250,-1,-1,1,528,88.5,0,-1.0,0,0,0,639,359
1134,15052,15051679,11113,250,-1,-1,1,527,88.5,0,-1.0,0,0,0,639,359
1135,15064,15062784,11105,250,-1,-1,1,525,88.6,1,-1.0,0,0,0,639,359
1136,15075,15073904,11120,250,-1,-1,1,532,88.6,0,-1.0,0,0,0,639,359
1137,15086,15085007,11103,250,-1,-1,1,524,88.6,0,-1.0,0,0,0,639,359
1138,15097,15096115,11108,250,-1,-1,1,611,88.6,0,-1.0,0,0,0,639,359
1139,15108,15107228,11113,250,-1,-1,1,527,88.6,0,-1.0,0,0,0,639,359
1140,15119,15118334,11106,250,-1,-1,1,526,88.6,0,-1.0,0,0,0,639,359
1141,15130,15129439,11105,250,-1,-1,1,524,88.7,0,-1.0,0,0,0,639,359
1142,15141,15140556,11117,250,-1,-1,1,525,88.7,0,-1.0,0,0,0,639,359
1143,15152,15151660,11104,250,-1,-1,1,525,88.7,0,-1.0,0,0,0,639,359
1144,15164,15162772,11112,250,-1,-1,1,527,88.8,1,-1.0,0,0,0,639,359
1145,15175,15173881,11109,250,-1,-1,1,544,88.8,0,-1.0,0,0,0,639,359
1146,15186,15184994,11113,250,-1,-1,1,526,88.8,0,-1.0,0,0,0,639,359
1147,15197,15196100,11106,250,-1,-1,1,525,88.8,0,-1.0,0,0,0,639,359
1148,15208,15207210,11110,250,-1,-1,1,528,88.8,0,-1.0,0,0,0,639,359
1149,15219,15218313,11103,250,-1,-1,1,529,88.8,0,-1.0,0,0,0,639,359
1150,15230,15229427,11114,250,-1,-1,1,527,88.8,0,-1.0,0,0,0,639,359
1151,15241,15240535,11108,250,-1,-1,1,525,88.8,0,-1.0,0,0,0,639,359
1152,15252,15251646,11111,250,-1,-1,1,526,88.9,0,-1.0,0,0,0,639,359
1153,15264,15262751,11105,250,-1,-1,1,524,88.9,1,-1.0,0,0,0,639,359
1154,15275,15273868,11117,250,-1,-1,1,546,88.9,0,-1.0,0,0,0,639,359
1155,15286,15284973,11105,250,-1,-1,1,526,88.9,0,-1.0,0,0,0,639,359
1156,15297,15296083,11110,250,-1,-1,1,524,89.0,0,-1.0,0,0,0,639,359
1157,15308,15307186,11103,250,-1,-1,1,525,88.9,0,-1.0,0,0,0,639,359
1158,15319,15318297,11111,250,-1,-1,1,527,88.9,0,-1.0,0,0,0,639,359
1159,15330,15329406,11109,250,-1,-1,1,525,88.9,0,-1.0,0,0,0,639,359
1160,15341,15340517,11111,250,-1,-1,1,525,89.0,0,-1.0,0,0,0,639,359
1161,15352,15351626,11109,250,-1,-1,1,526,89.0,0,-1.0,0,0,0,639,359
1162,15364,15362737,11111,250,-1,-1,1,525,89.0,1,-1.0,0,0,0,639,359
1163,15399,15396059,33322,250,-1,-1,1,525,29.4,0,-1.0,0,0,0,639,359
1164,15408,15407176,11117,250,-1,-1,1,525,45.5,0,-1.0,0,0,0,639,359
1165,15419,15418282,11106,250,-1,-1,1,527,54.5,0,-1.0,0,0,0,639,359
1166,15430,15429391,11109,250,-1,-1,1,525,60.6,0,-1.0,0,0,0,639,359
1167,15441,15440500,11109,250,-1,-1,1,525,64.9,0,-1.0,0,0,0,639,359
1168,15452,15451610,11110,250,-1,-1,1,526,68.2,0,-1.0,0,0,0,639,359
1169,15464,15462719,11109,250,-1,-1,1,524,70.7,0,-1.0,0,0,0,639,359
1170,15499,15473827,11108,250,-1,-1,1,609,59.7,0,-1.0,0,0,0,639,359
1171,15500,15496044,22217,250,-1,-1,1,601,66.7,1,-1.0,0,0,0,639,359
1172,15508,15507160,11116,250,-1,-1,1,528,69.4,0,-1.0,0,0,0,639,359
1173,15519,15518266,11106,250,-1,-1,1,527,71.0,0,-1.0,0,0,0,639,359
1174,15530,15529373,11107,250,-1,-1,1,634,72.3,0,-1.0,0,0,0,639,359
1175,15541,15540491,11118,250,-1,-1,1,531,73.4,0,-1.0,0,0,0,639,359
1176,15552,15551596,11105,250,-1,-1,1,534,74.5,0,-1.0,0,0,0,639,359
1177,15564,15562704,11108,250,-1,-1,1,526,75.4,0,-1.0,0,0,0,639,359
1178,15575,15573809,11105,250,-1,-1,1,528,76.2,0,-1.0,0,0,0,639,359
1179,15586,15584921,11112,250,-1,-1,1,526,76.9,0,-1.0,0,0,0,639,359
1180,15597,15596029,11108,250,-1,-1,1,525,77.6,1,-1.0,0,0,0,639,359
1181,15608,15607143,11114,250,-1,-1,1,544,77.9,0,-1.0,0,0,0,639,359
1182,15619,15618251,11108,250,-1,-1,1,524,78.4,0,-1.0,0,0,0,639,359
1183,15630,15629362,11111,250,-1,-1,1,525,78.9,0,-1.0,0,0,0,639,359
1184,15641,15640464,11102,250,-1,-1,1,527,79.4,0,-1.0,0,0,0,639,359
1185,15652,15651577,11113,250,-1,-1,1,526,79.9,0,-1.0,0,0,0,639,359
1186,15663,15662681,11104,250,-1,-1,1,523,80.3,0,-1.0,0,0,0,639,359
1187,15675,15673795,11114,250,-1,-1,1,527,80.6,0,-1.0,0,0,0,639,359
1188,15686,15684901,11106,250,-1,-1,1,526,81.0,0,-1.0,0,0,0,639,359
1189,15697,15696010,11109,250,-1,-1,1,526,81.3,1,-1.0,0,0,0,639,359
1190,15708,15707124,11114,250,-1,-1,1,546,81.4,0,-1.0,0,0,0,639,359
1191,15719,15718233,11109,250,-1,-1,1,524,81.7,0,-1.0,0,0,0,639,359
1192,15730,15729341,11108,250,-1,-1,1,525,82.0,0,-1.0,0,0,0,639,359
1193,15741,15740450,11109,250,-1,-1,1,526,82.2,0,-1.0,0,0,0,639,359
1194,15752,15751557,11107,250,-1,-1,1,525,82.5,0,-1.0,0,0,0,639,359
1195,15763,15762665,11108,250,-1,-1,1,528,82.7,0,-1.0,0,0,0,639,359
1196,15775,15773777,11112,250,-1,-1,1,526,82.9,0,-1.0,0,0,0,639,359
1197,15786,15784887,11110,250,-1,-1,1,526,83.1,0,-1.0,0,0,0,639,359
1198,15797,15795997,11110,250,-1,-1,1,526,83.3,1,-1.0,0,0,0,639,359
1199,15808,15807110,11113,250,-1,-1,1,548,83.3,0,-1.0,0,0,0,639,359
1200,15819,15818215,11105,250,-1,-1,1,526,83.5,0,-1.0,0,0,0,639,359
1201,15830,15829323,11108,250,-1,-1,1,525,83.7,0,-1.0,0,0,0,639,359
1202,15841,15840430,11107,250,-1,-1,1,524,83.9,0,-1.0,0,0,0,639,359
1203,15852,15851544,11114,250,-1,-1,1,524,84.0,0,-1.0,0,0,0,639,359
1204,15863,15862649,11105,250,-1,-1,1,526,84.2,0,-1.0,0,0,0,639,359
1205,15875,15873760,11111,250,-1,-1,1,527,84.3,0,-1.0,0,0,0,639,359
1206,15886,15884868,11108,250,-1,-1,1,528,84.5,0,-1.0,0,0,0,639,359
1207,15897,15895975,11107,250,-1,-1,1,527,84.6,1,-1.0,0,0,0,639,359
1208,15908,15907091,11116,250,-1,-1,1,535,84.7,0,-1.0,0,0,0,639,359
1209,15919,15918198,11107,250,-1,-1,1,526,84.7,0,-1.0,0,0,0,639,359
1210,15930,15929308,11110,250,-1,-1,1,526,84.8,0,-1.0,0,0,0,639,359
1211,15941,15940415,11107,250,-1,-1,1,525,84.9,0,-1.0,0,0,0,639,359
1212,15952,15951523,11108,250,-1,-1,1,525,85.0,0,-1.0,0,0,0,639,359
1213,15963,15962635,11112,250,-1,-1,1,526,85.1,0,-1.0,0,0,0,639,359
1214,15975,15973743,11108,250,-1,-1,1,524,85.2,0,-1.0,0,0,0,639,359
1215,15986,15984855,11112,250,-1,-1,1,527,85.3,0,-1.0,0,0,0,639,359
1216,15997,15995960,11105,250,-1,-1,1,527,85.4,1,-1.0,0,0,0,639,359
1217,16008,16007075,11115,250,-1,-1,1,538,85.5,0,-1.0,0,0,0,639,359
1218,16019,16018180,11105,250,-1,-1,1,527,85.5,0,-1.0,0,0,0,639,359
1219,16030,16029289,11109,250,-1,-1,1,527,85.6,0,-1.0,0,0,0,639,359
1220,16041,16040402,11113,250,-1,-1,1,526,85.7,0,-1.0,0,0,0,639,359
1221,16052,16051508,11106,250,-1,-1,1,527,85.8,0,-1.0,0,0,0,639,359
1222,16063,16062615,11107,250,-1,-1,1,526,85.8,0,-1.0,0,0,0,639,359
1223,16075,16073724,11109,250,-1,-1,1,525,85.9,0,-1.0,0,0,0,639,359
1224,16086,16084834,11110,250,-1,-1,1,526,86.0,0,-1.0,0,0,0,639,359
1225,16097,16095942,11108,250,-1,-1,1,525,86.1,1,-1.0,0,0,0,639,359
1226,16108,16107055,11113,250,-1,-1,1,545,86.1,0,-1.0,0,0,0,639,359
1227,16119,16118167,11112,250,-1,-1,1,525,86.1,0,-1.0,0,0,0,639,359
1228,16130,16129273,11106,250,-1,-1,1,528,86.2,0,-1.0,0,0,0,639,359
1229,16141,16140380,11107,250,-1,-1,1,527,86.2,0,-1.0,0,0,0,639,359
1230,16152,16151488,11108,250,-1,-1,1,527,86.3,0,-1.0,0,0,0,639,359
1231,16163,16162598,11110,250,-1,-1,1,527,86.4,0,-1.0,0,0,0,639,359
1232,16175,16173713,11115,250,-1,-1,1,563,86.4,0,-1.0,0,0,0,639,359
1233,16186,16184820,11107,250,-1,-1,1,526,86.5,0,-1.0,0,0,0,639,359
1234,16197,16195924,11104,250,-1,-1,1,525,86.5,1,-1.0,0,0,0,639,359
1235,16208,16207037,11113,250,-1,-1,1,547,86.6,0,-1.0,0,0,0,639,359
1236,16219,16218148,11111,250,-1,-1,1,524,86.5,0,-1.0,0,0,0,639,359
1237,16230,16229259,11111,250,-1,-1,1,525,86.6,0,-1.0,0,0,0,639,359
1238,16241,16240365,11106,250,-1,-1,1,525,86.7,0,-1.0,0,0,0,639,359
1239,16252,16251474,11109,250,-1,-1,1,526,86.7,0,-1.0,0,0,0,639,359
1240,16263,16262579,11105,250,-1,-1,1,529,86.8,0,-1.0,0,0,0,639,359
1241,16275,16273689,11110,250,-1,-1,1,558,86.8,0,-1.0,0,0,0,639,359
1242,16286,16284800,11111,250,-1,-1,1,526,86.9,0,-1.0,0,0,0,639,359
1243,16297,16295907,11107,250,-1,-1,1,528,86.9,1,-1.0,0,0,0,639,359
1244,16308,16307024,11117,250,-1,-1,1,545,87.0,0,-1.0,0,0,0,639,359
1245,16319,16318129,11105,250,-1,-1,1,525,86.9,0,-1.0,0,0,0,639,359
1246,16330,16329240,11111,250,-1,-1,1,524,87.0,0,-1.0,0,0,0,639,359
1247,16341,16340351,11111,250,-1,-1,1,525,87.0,0,-1.0,0,0,0,639,359
1248,16352,16351457,11106,250,-1,-1,1,525,87.0,0,-1.0,0,0,0,639,359
1249,16363,16362565,11108,250,-1,-1,1,525,87.1,0,-1.0,0,0,0,639,359
1250,16374,16373670,11105,250,-1,-1,1,553,87.1,0,-1.0,0,0,0,639,359
1251,16389,16384785,11115,250,-1,-1,1,527,66.7,0,-1.0,0,0,0,639,359
1252,16397,16395892,11107,250,-1,-1,1,526,90.9,1,-1.0,0,0,0,639,359
1253,16408,16407005,11113,250,-1,-1,1,545,90.9,0,-1.0,0,0,0,639,359
1254,16419,16418110,11105,250,-1,-1,1,525,88.9,0,-1.0,0,0,0,639,359
1255,16430,16429221,11111,250,-1,-1,1,526,89.3,0,-1.0,0,0,0,639,359
1256,16441,16440331,11110,250,-1,-1,1,525,89.6,0,-1.0,0,0,0,639,359
1257,16452,16451440,11109,250,-1,-1,1,526,89.7,0,-1.0,0,0,0,639,359
1258,16463,16462546,11106,250,-1,-1,1,525,89.9,0,-1.0,0,0,0,639,359
1259,16474,16473658,11112,250,-1,-1,1,525,90.0,0,-1.0,0,0,0,639,359
1260,16510,16484766,11108,250,-1,-1,1,607,73.5,0,-1.0,0,0,0,639,359
1261,16511,16506969,22203,250,-1,-1,1,602,80.3,1,-1.0,0,0,0,639,359
1262,16519,16518101,11132,250,-1,-1,1,525,83.3,0,-1.0,0,0,0,639,359
1263,16530,16529202,11101,250,-1,-1,1,525,83.3,0,-1.0,0,0,0,639,359
1264,16541,16540311,11109,250,-1,-1,1,525,83.8,0,-1.0,0,0,0,639,359
1265,16552,16551423,11112,250,-1,-1,1,524,84.3,0,-1.0,0,0,0,639,359
1266,16564,16562693,11270,250,-1,-1,1,635,84.7,0,-1.0,0,0,0,639,359
1267,16575,16573642,10949,250,-1,-1,1,524,85.0,0,-1.0,0,0,0,639,359
1268,16586,16584751,11109,250,-1,-1,1,526,85.3,0,-1.0,0,0,0,639,359
1269,16597,16595860,11109,250,-1,-1,1,525,85.6,0,-1.0,0,0,0,639,359
1270,16608,16606964,11104,250,-1,-1,1,526,85.8,1,-1.0,0,0,0,639,359
1271,16619,16618079,11115,250,-1,-1,1,542,86.1,0,-1.0,0,0,0,639,359
1272,16630,16629190,11111,250,-1,-1,1,526,85.9,0,-1.0,0,0,0,639,359
1273,16641,16640294,11104,250,-1,-1,1,526,86.1,0,-1.0,0,0,0,639,359
1274,16652,16651408,11114,250,-1,-1,1,529,86.3,0,-1.0,0,0,0,639,359
1275,16663,16662510,11102,250,-1,-1,1,527,86.5,0,-1.0,0,0,0,639,359
1276,16674,16673622,11112,250,-1,-1,1,526,86.7,0,-1.0,0,0,0,639,359
1277,16686,16684731,11109,250,-1,-1,1,527,86.8,0,-1.0,0,0,0,639,359
1278,16697,16695843,11112,250,-1,-1,1,529,87.0,0,-1.0,0,0,0,639,359
1279,16708,16706946,11103,250,-1,-1,1,525,87.1,1,-1.0,0,0,0,639,359
1280,16719,16718068,11122,250,-1,-1,1,545,87.2,0,-1.0,0,0,0,639,359
1281,16730,16729170,11102,250,-1,-1,1,524,87.1,0,-1.0,0,0,0,639,359
1282,16741,16740284,11114,250,-1,-1,1,529,87.2,0,-1.0,0,0,0,639,359
1283,16752,16751384,11100,250,-1,-1,1,525,87.3,0,-1.0,0,0,0,639,359
1284,16763,16762497,11113,250,-1,-1,1,528,87.4,0,-1.0,0,0,0,639,359
1285,16774,16773604,11107,250,-1,-1,1,525,87.5,0,-1.0,0,0,0,639,359
1286,16786,16784717,11113,250,-1,-1,1,526,87.6,0,-1.0,0,0,0,639,359
1287,16797,16795823,11106,250,-1,-1,1,524,87.7,0,-1.0,0,0,0,639,359
1288,16808,16806935,11112,250,-1,-1,1,527,87.8,1,-1.0,0,0,0,639,359
1289,16819,16818044,11109,250,-1,-1,1,527,87.8,0,-1.0,0,0,0,639,359
1290,16831,16829156,11112,250,-1,-1,1,527,87.7,0,-1.0,0,0,0,639,359
1291,16841,16840262,11106,250,-1,-1,1,527,87.8,0,-1.0,0,0,0,639,359
1292,16852,16851372,11110,250,-1,-1,1,526,87.9,0,-1.0,0,0,0,639,359
1293,16863,16862479,11107,250,-1,-1,1,524,87.9,0,-1.0,0,0,0,639,359
1294,16874,16873587,11108,250,-1,-1,1,526,88.0,0,-1.0,0,0,0,639,359
1295,16886,16884697,11110,250,-1,-1,1,525,88.1,0,-1.0,0,0,0,639,359
1296,16897,16895804,11107,250,-1,-1,1,525,88.1,0,-1.0,0,0,0,639,359
1297,16908,16906914,11110,250,-1,-1,1,525,88.2,1,-1.0,0,0,0,639,359
1298,16919,16918030,11116,250,-1,-1,1,530,88.2,0,-1.0,0,0,0,639,359
1299,16930,16929136,11106,250,-1,-1,1,525,88.1,0,-1.0,0,0,0,639,359
1300,16941,16940248,11112,250,-1,-1,1,526,88.2,0,-1.0,0,0,0,639,359
1301,16952,16951351,11103,250,-1,-1,1,528,88.2,0,-1.0,0,0,0,639,359
1302,16963,16962460,11109,250,-1,-1,1,527,88.3,0,-1.0,0,0,0,639,359
1303,16974,16973572,11112,250,-1,-1,1,525,88.3,0,-1.0,0,0,0,639,359
1304,16985,16984683,11111,250,-1,-1,1,525,88.4,0,-1.0,0,0,0,639,359
1305,16997,16995789,11106,250,-1,-1,1,525,88.4,0,-1.0,0,0,0,639,359
1306,17008,17006897,11108,250,-1,-1,1,525,88.5,1,-1.0,0,0,0,639,359
1307,17019,17018011,11114,250,-1,-1,1,528,88.5,0,-1.0,0,0,0,639,359
1308,17030,17029120,11109,250,-1,-1,1,525,88.4,0,-1.0,0,0,0,639,359
1309,17041,17040228,11108,250,-1,-1,1,525,88.5,0,-1.0,0,0,0,639,359
1310,17052,17051335,11107,250,-1,-1,1,526,88.5,0,-1.0,0,0,0,639,359
1311,17063,17062443,11108,250,-1,-1,1,529,88.5,0,-1.0,0,0,0,639,359
1312,17074,17073552,11109,250,-1,-1,1,526,88.6,0,-1.0,0,0,0,639,359
1313,17085,17084665,11113,250,-1,-1,1,524,88.6,0,-1.0,0,0,0,639,359
1314,17097,17095777,11112,250,-1,-1,1,524,88.6,0,-1.0,0,0,0,639,359
1315,17108,17106882,11105,250,-1,-1,1,525,88.7,1,-1.0,0,0,0,639,359
1316,17119,17117997,11115,250,-1,-1,1,545,88.7,0,-1.0,0,0,0,639,359
1317,17130,17129098,11101,250,-1,-1,1,524,88.6,0,-1.0,0,0,0,639,359
1318,17141,17140209,11111,250,-1,-1,1,526,88.7,0,-1.0,0,0,0,639,359
1319,17152,17151319,11110,250,-1,-1,1,525,88.7,0,-1.0,0,0,0,639,359
1320,17163,17162427,11108,250,-1,-1,1,526,88.7,0,-1.0,0,0,0,639,359
1321,17174,17173536,11109,250,-1,-1,1,526,88.8,0,-1.0,0,0,0,639,359
1322,17185,17184648,11112,250,-1,-1,1,525,88.8,0,-1.0,0,0,0,639,359
1323,17197,17195754,11106,250,-1,-1,1,525,88.8,0,-1.0,0,0,0,639,359
1324,17208,17206861,11107,250,-1,-1,1,523,88.8,1,-1.0,0,0,0,639,359
1325,17219,17217976,11115,250,-1,-1,1,528,88.9,0,-1.0,0,0,0,639,359
1326,17230,17229088,11112,250,-1,-1,1,526,88.8,0,-1.0,0,0,0,639,359
1327,17241,17240191,11103,250,-1,-1,1,527,88.8,0,-1.0,0,0,0,639,359
1328,17252,17251302,11111,250,-1,-1,1,527,88.8,0,-1.0,0,0,0,639,359
1329,17263,17262408,11106,250,-1,-1,1,525,88.9,0,-1.0,0,0,0,639,359
1330,17274,17273520,11112,250,-1,-1,1,526,88.9,0,-1.0,0,0,0,639,359
1331,17285,17284626,11106,250,-1,-1,1,527,88.9,0,-1.0,0,0,0,639,359
1332,17297,17295737,11111,250,-1,-1,1,525,88.9,0,-1.0,0,0,0,639,359
1333,17308,17306850,11113,250,-1,-1,1,526,89.0,1,-1.0,0,0,0,639,359
1334,17319,17317962,11112,250,-1,-1,1,528,89.0,0,-1.0,0,0,0,639,359
1335,17330,17329068,11106,250,-1,-1,1,525,88.9,0,-1.0,0,0,0,639,359
1336,17341,17340182,11114,250,-1,-1,1,525,88.9,0,-1.0,0,0,0,639,359
1337,17352,17351281,11099,250,-1,-1,1,524,89.0,0,-1.0,0,0,0,639,359
1338,17363,17362391,11110,250,-1,-1,1,529,89.0,0,-1.0,0,0,0,639,359
1339,17374,17373502,11111,250,-1,-1,1,525,89.0,0,-1.0,0,0,0,639,359
1340,17389,17384611,11109,250,-1,-1,1,525,66.7,0,-1.0,0,0,0,639,359
1341,17397,17395725,11114,250,-1,-1,1,528,90.9,0,-1.0,0,0,0,639,359
1342,17408,17406831,11106,250,-1,-1,1,526,90.9,1,-1.0,0,0,0,639,359
1343,17419,17417942,11111,250,-1,-1,1,529,90.9,0,-1.0,0,0,0,639,359
1344,17430,17429052,11110,250,-1,-1,1,547,90.9,0,-1.0,0,0,0,639,359
1345,17441,17440157,11105,250,-1,-1,1,527,89.6,0,-1.0,0,0,0,639,359
1346,17452,17451271,11114,250,-1,-1,1,525,89.7,0,-1.0,0,0,0,639,359
1347,17463,17462374,11103,250,-1,-1,1,524,89.9,0,-1.0,0,0,0,639,359
1348,17474,17473484,11110,250,-1,-1,1,524,90.0,0,-1.0,0,0,0,639,359
1349,17485,17484595,11111,250,-1,-1,1,525,90.1,0,-1.0,0,0,0,639,359
1350,17524,17495703,11108,250,-1,-1,1,663,73.3,0,-1.0,0,0,0,639,359
1351,17525,17517911,22208,250,-1,-1,1,1076,79.5,1,-1.0,0,0,0,639,359
1352,17530,17529053,11142,250,-1,-1,1,525,83.9,0,-1.0,0,0,0,639,359
1353,17541,17540142,11089,250,-1,-1,1,526,83.8,0,-1.0,0,0,0,639,359
1354,17552,17551247,11105,250,-1,-1,1,526,84.3,0,-1.0,0,0,0,639,359
1355,17563,17562362,11115,250,-1,-1,1,526,84.7,0,-1.0,0,0,0,639,359
1356,17574,17573469,11107,250,-1,-1,1,632,85.0,0,-1.0,0,0,0,639,359
1357,17585,17584584,11115,250,-1,-1,1,628,85.3,0,-1.0,0,0,0,639,359
1358,17596,17595683,11099,250,-1,-1,1,525,85.6,0,-1.0,0,0,0,639,359
1359,17608,17606796,11113,250,-1,-1,1,524,85.8,0,-1.0,0,0,0,639,359
1360,17619,17617903,11107,250,-1,-1,1,525,86.1,1,-1.0,0,0,0,639,359
1361,17630,17629018,11115,250,-1,-1,1,527,86.3,0,-1.0,0,0,0,639,359
1362,17641,17640123,11105,250,-1,-1,1,527,86.1,0,-1.0,0,0,0,639,359
1363,17652,17651234,11111,250,-1,-1,1,601,86.3,0,-1.0,0,0,0,639,359
1364,17663,17662340,11106,250,-1,-1,1,526,86.5,0,-1.0,0,0,0,639,359
1365,17674,17673449,11109,250,-1,-1,1,527,86.7,0,-1.0,0,0,0,639,359
1366,17685,17684557,11108,250,-1,-1,1,527,86.8,0,-1.0,0,0,0,639,359
1367,17696,17695669,11112,250,-1,-1,1,528,87.0,0,-1.0,0,0,0,639,359
1368,17708,17706775,11106,250,-1,-1,1,550,87.1,0,-1.0,0,0,0,639,359
1369,17719,17717891,11116,250,-1,-1,1,525,87.2,1,-1.0,0,0,0,639,359
1370,17730,17729000,11109,250,-1,-1,1,527,87.3,0,-1.0,0,0,0,639,359
1371,17741,17740110,11110,250,-1,-1,1,526,87.2,0,-1.0,0,0,0,639,359
1372,17752,17751217,11107,250,-1,-1,1,524,87.3,0,-1.0,0,0,0,639,359
1373,17763,17762325,11108,250,-1,-1,1,525,87.4,0,-1.0,0,0,0,639,359
1374,17774,17773431,11106,250,-1,-1,1,528,87.5,0,-1.0,0,0,0,639,359
1375,17785,17784545,11114,250,-1,-1,1,526,87.6,0,-1.0,0,0,0,639,359
1376,17796,17795650,11105,250,-1,-1,1,526,87.7,0,-1.0,0,0,0,639,359
1377,17808,17806760,11110,250,-1,-1,1,525,87.8,0,-1.0,0,0,0,639,359
1378,17819,17817868,11108,250,-1,-1,1,528,87.8,1,-1.0,0,0,0,639,359
1379,17830,17828984,11116,250,-1,-1,1,527,87.9,0,-1.0,0,0,0,639,359
1380,17841,17840087,11103,250,-1,-1,1,527,87.8,0,-1.0,0,0,0,639,359
1381,17852,17851200,11113,250,-1,-1,1,528,87.9,0,-1.0,0,0,0,639,359
1382,17863,17862304,11104,250,-1,-1,1,527,87.9,0,-1.0,0,0,0,639,359
1383,17874,17873414,11110,250,-1,-1,1,526,88.0,0,-1.0,0,0,0,639,359
1384,17885,17884530,11116,250,-1,-1,1,526,88.1,0,-1.0,0,0,0,639,359
1385,17896,17895632,11102,250,-1,-1,1,526,88.1,0,-1.0,0,0,0,639,359
1386,17908,17906743,11111,250,-1,-1,1,526,88.2,0,-1.0,0,0,0,639,359
1387,17919,17917850,11107,250,-1,-1,1,528,88.2,1,-1.0,0,0,0,639,359
1388,17930,17928967,11117,250,-1,-1,1,528,88.3,0,-1.0,0,0,0,639,359
1389,17941,17940077,11110,250,-1,-1,1,525,88.2,0,-1.0,0,0,0,639,359
1390,17953,17951183,11106,250,-1,-1,1,524,88.2,0,-1.0,0,0,0,639,359
1391,17963,17962290,11107,250,-1,-1,1,525,88.3,0,-1.0,0,0,0,639,359
1392,17974,17973396,11106,250,-1,-1,1,526,88.3,0,-1.0,0,0,0,639,359
1393,17985,17984506,11110,250,-1,-1,1,525,88.4,0,-1.0,0,0,0,639,359
1394,17996,17995612,11106,250,-1,-1,1,526,88.4,0,-1.0,0,0,0,639,359
1395,18008,18006725,11113,250,-1,-1,1,526,88.5,0,-1.0,0,0,0,639,359
1396,18019,18017838,11113,250,-1,-1,1,524,88.5,1,-1.0,0,0,0,639,359
1397,18030,18028949,11111,250,-1,-1,1,528,88.5,0,-1.0,0,0,0,639,359
1398,18041,18040054,11105,250,-1,-1,1,525,88.5,0,-1.0,0,0,0,639,359
1399,18052,18051166,11112,250,-1,-1,1,525,88.5,0,-1.0,0,0,0,639,359
1400,18063,18062273,11107,250,-1,-1,1,525,88.5,0,-1.0,0,0,0,639,359
1401,18074,18073379,11106,250,-1,-1,1,527,88.6,0,-1.0,0,0,0,639,359
1402,18085,18084487,11108,250,-1,-1,1,527,88.6,0,-1.0,0,0,0,639,359
1403,18096,18095597,11110,250,-1,-1,1,528,88.6,0,-1.0,0,0,0,639,359
1404,18108,18106710,11113,250,-1,-1,1,527,88.7,0,-1.0,0,0,0,639,359
1405,18119,18117821,11111,250,-1,-1,1,528,88.7,1,-1.0,0,0,0,639,359
1406,18130,18128932,11111,250,-1,-1,1,527,88.7,0,-1.0,0,0,0,639,359
1407,18141,18140040,11108,250,-1,-1,1,529,88.7,0,-1.0,0,0,0,639,359
1408,18152,18151150,11110,250,-1,-1,1,528,88.7,0,-1.0,0,0,0,639,359
1409,18163,18162254,11104,250,-1,-1,1,526,88.7,0,-1.0,0,0,0,639,359
1410,18174,18173365,11111,250,-1,-1,1,525,88.8,0,-1.0,0,0,0,639,359
1411,18185,18184479,11114,250,-1,-1,1,526,88.8,0,-1.0,0,0,0,639,359
1412,18196,18195583,11104,250,-1,-1,1,524,88.8,0,-1.0,0,0,0,639,359
1413,18208,18206693,11110,250,-1,-1,1,525,88.8,0,-1.0,0,0,0,639,359
1414,18219,18217797,11104,250,-1,-1,1,526,88.9,1,-1.0,0,0,0,639,359
1415,18230,18228913,11116,250,-1,-1,1,529,88.9,0,-1.0,0,0,0,639,359
1416,18241,18240021,11108,250,-1,-1,1,525,88.8,0,-1.0,0,0,0,639,359
1417,18252,18251128,11107,250,-1,-1,1,529,88.9,0,-1.0,0,0,0,639,359
1418,18263,18262237,11109,250,-1,-1,1,527,88.9,0,-1.0,0,0,0,639,359
1419,18274,18273347,11110,250,-1,-1,1,528,88.9,0,-1.0,0,0,0,639,359
1420,18285,18284457,11110,250,-1,-1,1,524,88.9,0,-1.0,0,0,0,639,359
1421,18296,18295566,11109,250,-1,-1,1,525,88.9,0,-1.0,0,0,0,639,359
1422,18307,18306673,11107,250,-1,-1,1,524,89.0,0,-1.0,0,0,0,639,359
1423,18319,18317786,11113,250,-1,-1,1,525,89.0,1,-1.0,0,0,0,639,359
1424,18330,18328900,11114,250,-1,-1,1,527,89.0,0,-1.0,0,0,0,639,359
1425,18341,18340007,11107,250,-1,-1,1,524,88.9,0,-1.0,0,0,0,639,359
1426,18352,18351116,11109,250,-1,-1,1,525,89.0,0,-1.0,0,0,0,639,359
1427,18363,18362224,11108,250,-1,-1,1,525,89.0,0,-1.0,0,0,0,639,359
1428,18374,18373331,11107,250,-1,-1,1,524,89.0,0,-1.0,0,0,0,639,359
1429,18389,18384445,11114,250,-1,-1,1,523,66.7,0,-1.0,0,0,0,639,359
1430,18396,18395548,11103,250,-1,-1,1,524,90.9,0,-1.0,0,0,0,639,359
1431,18407,18406659,11111,250,-1,-1,1,527,90.9,0,-1.0,0,0,0,639,359
1432,18419,18417763,11104,250,-1,-1,1,527,90.9,1,-1.0,0,0,0,639,359
1433,18430,18428885,11122,250,-1,-1,1,527,90.9,0,-1.0,0,0,0,639,359
1434,18441,18439988,11103,250,-1,-1,1,526,89.6,0,-1.0,0,0,0,639,359
1435,18452,18451097,11109,250,-1,-1,1,524,90.9,0,-1.0,0,0,0,639,359
1436,18463,18462203,11106,250,-1,-1,1,525,89.9,0,-1.0,0,0,0,639,359
1437,18474,18473312,11109,250,-1,-1,1,527,90.0,0,-1.0,0,0,0,639,359
1438,18485,18484423,11111,250,-1,-1,1,526,90.1,0,-1.0,0,0,0,639,359
1439,18496,18495534,11111,250,-1,-1,1,524,90.2,0,-1.0,0,0,0,639,359
1440,18538,18506640,11106,250,-1,-1,1,635,73.6,0,-1.0,0,0,0,639,359
1441,18538,18528844,22204,250,-1,-1,1,787,79.3,1,-1.0,0,0,0,639,359
1442,18541,18539964,11120,250,-1,-1,1,556,83.8,0,-1.0,0,0,0,639,359
1443,18552,18551079,11115,250,-1,-1,1,527,84.7,0,-1.0,0,0,0,639,359
1444,18563,18562186,11107,250,-1,-1,1,524,84.7,0,-1.0,0,0,0,639,359
1445,18574,18573296,11110,250,-1,-1,1,525,85.0,0,-1.0,0,0,0,639,359
1446,18585,18584408,11112,250,-1,-1,1,527,85.3,0,-1.0,0,0,0,639,359
1447,18596,18595513,11105,250,-1,-1,1,630,85.6,0,-1.0,0,0,0,639,359
1448,18607,18606630,11117,250,-1,-1,1,546,85.8,0,-1.0,0,0,0,639,359
1449,18619,18617735,11105,250,-1,-1,1,525,85.7,0,-1.0,0,0,0,639,359
1450,18630,18628847,11112,250,-1,-1,1,529,86.3,1,-1.0,0,0,0,639,359
1451,18641,18640032,11185,250,-1,-1,1,628,86.1,0,-1.0,0,0,0,639,359
1452,18652,18651065,11033,250,-1,-1,1,580,86.6,0,-1.0,0,0,0,639,359
1453,18663,18662166,11101,250,-1,-1,1,526,86.8,0,-1.0,0,0,0,639,359
1454,18674,18673282,11116,250,-1,-1,1,525,86.7,0,-1.0,0,0,0,639,359
1455,18685,18684389,11107,250,-1,-1,1,527,86.8,0,-1.0,0,0,0,639,359
1456,18696,18695499,11110,250,-1,-1,1,525,87.0,0,-1.0,0,0,0,639,359
1457,18707,18706607,11108,250,-1,-1,1,524,87.1,0,-1.0,0,0,0,639,359
1458,18719,18717717,11110,250,-1,-1,1,525,87.2,0,-1.0,0,0,0,639,359
1459,18730,18728827,11110,250,-1,-1,1,524,87.3,1,-1.0,0,0,0,639,359
1460,18741,18739941,11114,250,-1,-1,1,548,87.4,0,-1.0,0,0,0,639,359
1461,18752,18751045,11104,250,-1,-1,1,526,87.3,0,-1.0,0,0,0,639,359
1462,18763,18762154,11109,250,-1,-1,1,544,87.4,0,-1.0,0,0,0,639,359
1463,18774,18773260,11106,250,-1,-1,1,526,87.5,0,-1.0,0,0,0,639,359
1464,18785,18784373,11113,250,-1,-1,1,526,87.6,0,-1.0,0,0,0,639,359
1465,18796,18795480,11107,250,-1,-1,1,526,87.7,0,-1.0,0,0,0,639,359
1466,18807,18806592,11112,250,-1,-1,1,525,87.8,0,-1.0,0,0,0,639,359
1467,18819,18817696,11104,250,-1,-1,1,529,87.8,0,-1.0,0,0,0,639,359
1468,18830,18828810,11114,250,-1,-1,1,523,87.9,1,-1.0,0,0,0,639,359
1469,18841,18839921,11111,250,-1,-1,1,547,88.0,0,-1.0,0,0,0,639,359
1470,18852,18851031,11110,250,-1,-1,1,523,87.9,0,-1.0,0,0,0,639,359
1471,18863,18862137,11106,250,-1,-1,1,525,87.9,0,-1.0,0,0,0,639,359
1472,18874,18873247,11110,250,-1,-1,1,529,88.0,0,-1.0,0,0,0,639,359
1473,18885,18884350,11103,250,-1,-1,1,525,88.1,0,-1.0,0,0,0,639,359
1474,18896,18895464,11114,250,-1,-1,1,526,88.1,0,-1.0,0,0,0,639,359
1475,18907,18906569,11105,250,-1,-1,1,527,88.2,0,-1.0,0,0,0,639,359
1476,18918,18917679,11110,250,-1,-1,1,527,88.2,0,-1.0,0,0,0,639,359
1477,18930,18928787,11108,250,-1,-1,1,526,88.3,1,-1.0,0,0,0,639,359
1478,18941,18939905,11118,250,-1,-1,1,545,88.3,0,-1.0,0,0,0,639,359
1479,18952,18951011,11106,250,-1,-1,1,525,88.4,0,-1.0,0,0,0,639,359
1480,18963,18962121,11110,250,-1,-1,1,525,88.3,0,-1.0,0,0,0,639,359
1481,18974,18973224,11103,250,-1,-1,1,524,88.3,0,-1.0,0,0,0,639,359
1482,18985,18984336,11112,250,-1,-1,1,524,88.4,0,-1.0,0,0,0,639,359
1483,18996,18995442,11106,250,-1,-1,1,527,88.4,0,-1.0,0,0,0,639,359
1484,19007,19006552,11110,250,-1,-1,1,525,88.5,0,-1.0,0,0,0,639,359
1485,19018,19017662,11110,250,-1,-1,1,526,88.5,0,-1.0,0,0,0,639,359
1486,19030,19028774,11112,250,-1,-1,1,527,88.5,1,-1.0,0,0,0,639,359
1487,19041,19039885,11111,250,-1,-1,1,548,88.6,0,-1.0,0,0,0,639,359
1488,19052,19050994,11109,250,-1,-1,1,525,88.6,0,-1.0,0,0,0,639,359
1489,19063,19062107,11113,250,-1,-1,1,523,88.7,0,-1.0,0,0,0,639,359
1490,19074,19073214,11107,250,-1,-1,1,526,88.6,0,-1.0,0,0,0,639,359
1491,19085,19084319,11105,250,-1,-1,1,525,88.6,0,-1.0,0,0,0,639,359
1492,19096,19095428,11109,250,-1,-1,1,525,88.6,0,-1.0,0,0,0,639,359
1493,19107,19106534,11106,250,-1,-1,1,525,88.7,0,-1.0,0,0,0,639,359
1494,19118,19117647,11113,250,-1,-1,1,528,88.7,0,-1.0,0,0,0,639,359
1495,19130,19128754,11107,250,-1,-1,1,527,88.7,1,-1.0,0,0,0,639,359
1496,19141,19139871,11117,250,-1,-1,1,535,88.8,0,-1.0,0,0,0,639,359
1497,19152,19150976,11105,250,-1,-1,1,526,88.8,0,-1.0,0,0,0,639,359
1498,19163,19162088,11112,250,-1,-1,1,524,88.7,0,-1.0,0,0,0,639,359
1499,19174,19173192,11104,250,-1,-1,1,525,88.8,0,-1.0,0,0,0,639,359
1500,19185,19184302,11110,250,-1,-1,1,525,88.8,0,-1.0,0,0,0,639,359
1501,19196,19195412,11110,250,-1,-1,1,525,88.8,0,-1.0,0,0,0,639,359
1502,19207,19206524,11112,250,-1,-1,1,525,88.8,0,-1.0,0,0,0,639,359
1503,19218,19217631,11107,250,-1,-1,1,525,88.9,0,-1.0,0,0,0,639,359
1504,19230,19228739,11108,250,-1,-1,1,527,88.9,1,-1.0,0,0,0,639,359
1505,19241,19239854,11115,250,-1,-1,1,538,88.9,0,-1.0,0,0,0,639,359
1506,19252,19250961,11107,250,-1,-1,1,525,88.9,0,-1.0,0,0,0,639,359
1507,19263,19262067,11106,250,-1,-1,1,525,88.9,0,-1.0,0,0,0,639,359
1508,19274,19273174,11107,250,-1,-1,1,526,88.9,0,-1.0,0,0,0,639,359
1509,19285,19284284,11110,250,-1,-1,1,526,88.9,0,-1.0,0,0,0,639,359
1510,19296,19295392,11108,250,-1,-1,1,524,88.9,0,-1.0,0,0,0,639,359
1511,19307,19306501,11109,250,-1,-1,1,525,89.0,0,-1.0,0,0,0,639,359
1512,19318,19317609,11108,250,-1,-1,1,527,89.0,0,-1.0,0,0,0,639,359
1513,19330,19328721,11112,250,-1,-1,1,526,89.0,1,-1.0,0,0,0,639,359
1514,19341,19339837,11116,250,-1,-1,1,544,89.0,0,-1.0,0,0,0,639,359
1515,19352,19350943,11106,250,-1,-1,1,526,89.0,0,-1.0,0,0,0,639,359
1516,19363,19362053,11110,250,-1,-1,1,526,89.1,0,-1.0,0,0,0,639,359
1517,19374,19373159,11106,250,-1,-1,1,526,89.0,0,-1.0,0,0,0,639,359
1518,19385,19384274,11115,250,-1,-1,1,524,90.9,0,-1.0,0,0,0,639,359
1519,19396,19395376,11102,250,-1,-1,1,525,90.9,0,-1.0,0,0,0,639,359
1520,19407,19406483,11107,250,-1,-1,1,525,90.9,0,-1.0,0,0,0,639,359
1521,19418,19417591,11108,250,-1,-1,1,527,90.9,0,-1.0,0,0,0,639,359
1522,19430,19428705,11114,250,-1,-1,1,526,90.9,1,-1.0,0,0,0,639,359
1523,19441,19439820,11115,250,-1,-1,1,534,90.9,0,-1.0,0,0,0,639,359
1524,19452,19450927,11107,250,-1,-1,1,525,90.9,0,-1.0,0,0,0,639,359
1525,19463,19462032,11105,250,-1,-1,1,527,90.9,0,-1.0,0,0,0,639,359
1526,19474,19473142,11110,250,-1,-1,1,525,90.9,0,-1.0,0,0,0,639,359
1527,19485,19484248,11106,250,-1,-1,1,525,90.1,0,-1.0,0,0,0,639,359
1528,19496,19495362,11114,250,-1,-1,1,525,90.2,0,-1.0,0,0,0,639,359
1529,19507,19506468,11106,250,-1,-1,1,526,90.2,0,-1.0,0,0,0,639,359
1530,19553,19517579,11111,250,-1,-1,1,604,72.6,0,-1.0,0,0,0,639,359
1531,19554,19550893,33314,250,-1,-1,1,598,78.2,1,-1.0,0,0,0,639,359
1532,19563,19562023,11130,250,-1,-1,1,528,79.8,0,-1.0,0,0,0,639,359
1533,19574,19573122,11099,250,-1,-1,1,526,80.4,0,-1.0,0,0,0,639,359
1534,19585,19584232,11110,250,-1,-1,1,635,80.6,0,-1.0,0,0,0,639,359
1535,19596,19595341,11109,250,-1,-1,1,529,81.1,0,-1.0,0,0,0,639,359
1536,19607,19606453,11112,250,-1,-1,1,544,81.5,0,-1.0,0,0,0,639,359
1537,19618,19617560,11107,250,-1,-1,1,525,82.0,0,-1.0,0,0,0,639,359
1538,19629,19628671,11111,250,-1,-1,1,523,82.4,0,-1.0,0,0,0,639,359
1539,19641,19639779,11108,250,-1,-1,1,525,82.7,0,-1.0,0,0,0,639,359
1540,19652,19650892,11113,250,-1,-1,1,526,83.0,1,-1.0,0,0,0,639,359
1541,19663,19662001,11109,250,-1,-1,1,546,83.3,0,-1.0,0,0,0,639,359
1542,19674,19673110,11109,250,-1,-1,1,528,83.6,0,-1.0,0,0,0,639,359
1543,19685,19684216,11106,250,-1,-1,1,596,83.6,0,-1.0,0,0,0,639,359
1544,19696,19695329,11113,250,-1,-1,1,526,83.9,0,-1.0,0,0,0,639,359
1545,19707,19706429,11100,250,-1,-1,1,529,84.1,0,-1.0,0,0,0,639,359
1546,19718,19717544,11115,250,-1,-1,1,525,84.3,0,-1.0,0,0,0,639,359
1547,19729,19728651,11107,250,-1,-1,1,525,84.5,0,-1.0,0,0,0,639,359
1548,19741,19739764,11113,250,-1,-1,1,526,84.7,0,-1.0,0,0,0,639,359
1549,19752,19750871,11107,250,-1,-1,1,528,84.9,1,-1.0,0,0,0,639,359
1550,19763,19761984,11113,250,-1,-1,1,545,85.1,0,-1.0,0,0,0,639,359
1551,19774,19773090,11106,250,-1,-1,1,526,85.2,0,-1.0,0,0,0,639,359
1552,19786,19784202,11112,250,-1,-1,1,527,85.2,0,-1.0,0,0,0,639,359
1553,19796,19795304,11102,250,-1,-1,1,525,85.3,0,-1.0,0,0,0,639,359
1554,19807,19806417,11113,250,-1,-1,1,524,85.5,0,-1.0,0,0,0,639,359
1555,19818,19817525,11108,250,-1,-1,1,525,85.6,0,-1.0,0,0,0,639,359
1556,19829,19828637,11112,250,-1,-1,1,525,85.7,0,-1.0,0,0,0,639,359
1557,19841,19839744,11107,250,-1,-1,1,525,85.8,0,-1.0,0,0,0,639,359
1558,19852,19850853,11109,250,-1,-1,1,529,86.0,1,-1.0,0,0,0,639,359
1559,19863,19861967,11114,250,-1,-1,1,541,86.1,0,-1.0,0,0,0,639,359
1560,19874,19873073,11106,250,-1,-1,1,611,86.0,0,-1.0,0,0,0,639,359
1561,19885,19884182,11109,250,-1,-1,1,631,86.1,0,-1.0,0,0,0,639,359
1562,19896,19895293,11111,250,-1,-1,1,524,86.2,0,-1.0,0,0,0,639,359
1563,19907,19906399,11106,250,-1,-1,1,526,86.3,0,-1.0,0,0,0,639,359
1564,19918,19917510,11111,250,-1,-1,1,526,86.4,0,-1.0,0,0,0,639,359
1565,19929,19928617,11107,250,-1,-1,1,525,86.5,0,-1.0,0,0,0,639,359
1566,19941,19939729,11112,250,-1,-1,1,524,86.6,0,-1.0,0,0,0,639,359
1567,19952,19950836,11107,250,-1,-1,1,524,86.7,1,-1.0,0,0,0,639,359
1568,19963,19961949,11113,250,-1,-1,1,544,86.7,0,-1.0,0,0,0,639,359
1569,19974,19973056,11107,250,-1,-1,1,526,86.8,0,-1.0,0,0,0,639,359
1570,19985,19984169,11113,250,-1,-1,1,524,86.7,0,-1.0,0,0,0,639,359
1571,19996,19995273,11104,250,-1,-1,1,526,86.8,0,-1.0,0,0,0,639,359
1572,20007,20006385,11112,250,-1,-1,1,529,86.9,0,-1.0,0,0,0,639,359
1573,20018,20017490,11105,250,-1,-1,1,525,87.0,0,-1.0,0,0,0,639,359
1574,20029,20028604,11114,250,-1,-1,1,526,87.0,0,-1.0,0,0,0,639,359
1575,20041,20039710,11106,250,-1,-1,1,525,87.1,0,-1.0,0,0,0,639,359
1576,20052,20050819,11109,250,-1,-1,1,526,87.1,1,-1.0,0,0,0,639,359
1577,20063,20061934,11115,250,-1,-1,1,549,87.2,0,-1.0,0,0,0,639,359
1578,20074,20073043,11109,250,-1,-1,1,524,87.3,0,-1.0,0,0,0,639,359
1579,20085,20084150,11107,250,-1,-1,1,526,87.2,0,-1.0,0,0,0,639,359
1580,20096,20095261,11111,250,-1,-1,1,527,87.3,0,-1.0,0,0,0,639,359
1581,20107,20106363,11102,250,-1,-1,1,526,87.3,0,-1.0,0,0,0,639,359
1582,20118,20117476,11113,250,-1,-1,1,527,87.4,0,-1.0,0,0,0,639,359
1583,20129,20128586,11110,250,-1,-1,1,525,87.4,0,-1.0,0,0,0,639,359
1584,20141,20139694,11108,250,-1,-1,1,527,87.5,0,-1.0,0,0,0,639,359
1585,20152,20150800,11106,250,-1,-1,1,525,87.5,1,-1.0,0,0,0,639,359
1586,20163,20161915,11115,250,-1,-1,1,543,87.6,0,-1.0,0,0,0,639,359
1587,20174,20173026,11111,250,-1,-1,1,2250,87.4,0,-1.0,0,0,0,639,359
1588,20185,20184134,11108,250,-1,-1,1,634,87.5,0,-1.0,0,0,0,639,359
1589,20196,20195239,11105,250,-1,-1,1,528,87.6,0,-1.0,0,0,0,639,359
1590,20207,20206347,11108,250,-1,-1,1,526,87.6,0,-1.0,0,0,0,639,359
1591,20218,20217458,11111,250,-1,-1,1,527,87.7,0,-1.0,0,0,0,639,359
1592,20229,20228568,11110,250,-1,-1,1,526,87.7,0,-1.0,0,0,0,639,359
1593,20240,20239674,11106,250,-1,-1,1,528,87.8,0,-1.0,0,0,0,639,359
1594,20252,20250789,11115,250,-1,-1,1,525,87.8,1,-1.0,0,0,0,639,359
1595,20263,20261898,11109,250,-1,-1,1,546,87.8,0,-1.0,0,0,0,639,359
1596,20274,20273005,11107,250,-1,-1,1,525,87.9,0,-1.0,0,0,0,639,359
1597,20285,20284120,11115,250,-1,-1,1,527,87.8,0,-1.0,0,0,0,639,359
1598,20296,20295226,11106,250,-1,-1,1,526,87.9,0,-1.0,0,0,0,639,359
1599,20307,20306331,11105,250,-1,-1,1,525,87.9,0,-1.0,0,0,0,639,359
1600,20318,20317443,11112,250,-1,-1,1,525,87.9,0,-1.0,0,0,0,639,359
1601,20329,20328547,11104,250,-1,-1,1,525,88.0,0,-1.0,0,0,0,639,359
1602,20340,20339661,11114,250,-1,-1,1,526,88.0,0,-1.0,0,0,0,639,359
1603,20352,20350766,11105,250,-1,-1,1,528,88.0,1,-1.0,0,0,0,639,359
1604,20363,20361882,11116,250,-1,-1,1,536,88.1,0,-1.0,0,0,0,639,359
1605,20374,20372990,11108,250,-1,-1,1,526,88.1,0,-1.0,0,0,0,639,359
1606,20385,20384099,11109,250,-1,-1,1,523,88.0,0,-1.0,0,0,0,639,359
1607,20397,20395208,11109,250,-1,-1,1,527,90.9,0,-1.0,0,0,0,639,359
1608,20407,20406313,11105,250,-1,-1,1,525,90.9,0,-1.0,0,0,0,639,359
1609,20418,20417423,11110,250,-1,-1,1,525,90.9,0,-1.0,0,0,0,639,359
1610,20429,20428538,11115,250,-1,-1,1,524,90.9,0,-1.0,0,0,0,639,359
1611,20440,20439641,11103,250,-1,-1,1,526,90.9,0,-1.0,0,0,0,639,359
1612,20452,20450752,11111,250,-1,-1,1,525,90.9,1,-1.0,0,0,0,639,359
1613,20463,20461861,11109,250,-1,-1,1,545,90.9,0,-1.0,0,0,0,639,359
1614,20474,20472973,11112,250,-1,-1,1,525,90.9,0,-1.0,0,0,0,639,359
1615,20485,20484084,11111,250,-1,-1,1,525,90.0,0,-1.0,0,0,0,639,359
1616,20496,20495189,11105,250,-1,-1,1,528,90.1,0,-1.0,0,0,0,639,359
1617,20507,20506294,11105,250,-1,-1,1,527,90.2,0,-1.0,0,0,0,639,359
1618,20518,20517408,11114,250,-1,-1,1,526,90.2,0,-1.0,0,0,0,639,359
1619,20529,20528518,11110,250,-1,-1,1,525,90.3,0,-1.0,0,0,0,639,359
1620,20576,20539630,11112,250,-1,-1,1,609,73.3,0,-1.0,0,0,0,639,359
1621,20577,20572942,33312,250,-1,-1,1,601,78.1,1,-1.0,0,0,0,639,359
1622,20585,20584070,11128,250,-1,-1,1,526,80.4,0,-1.0,0,0,0,639,359
1623,20596,20595173,11103,250,-1,-1,1,526,80.6,0,-1.0,0,0,0,639,359
1624,20607,20606281,11108,250,-1,-1,1,524,81.1,0,-1.0,0,0,0,639,359
1625,20618,20617387,11106,250,-1,-1,1,532,81.5,0,-1.0,0,0,0,639,359
1626,20629,20628502,11115,250,-1,-1,1,631,82.0,0,-1.0,0,0,0,639,359
1627,20640,20639607,11105,250,-1,-1,1,634,82.4,0,-1.0,0,0,0,639,359
1628,20652,20650720,11113,250,-1,-1,1,525,82.7,0,-1.0,0,0,0,639,359
1629,20663,20661828,11108,250,-1,-1,1,524,83.0,0,-1.0,0,0,0,639,359
1630,20674,20672935,11107,250,-1,-1,1,525,83.3,1,-1.0,0,0,0,639,359
1631,20685,20684049,11114,250,-1,-1,1,548,83.6,0,-1.0,0,0,0,639,359
1632,20696,20695159,11110,250,-1,-1,1,525,83.6,0,-1.0,0,0,0,639,359
1633,20707,20706266,11107,250,-1,-1,1,527,83.9,0,-1.0,0,0,0,639,359
1634,20718,20717372,11106,250,-1,-1,1,527,84.1,0,-1.0,0,0,0,639,359
1635,20729,20728482,11110,250,-1,-1,1,527,84.3,0,-1.0,0,0,0,639,359
1636,20740,20739595,11113,250,-1,-1,1,525,84.5,0,-1.0,0,0,0,639,359
1637,20752,20750699,11104,250,-1,-1,1,527,84.7,0,-1.0,0,0,0,639,359
1638,20763,20761810,11111,250,-1,-1,1,525,84.9,0,-1.0,0,0,0,639,359
1639,20774,20772916,11106,250,-1,-1,1,525,85.1,1,-1.0,0,0,0,639,359
1640,20785,20784033,11117,250,-1,-1,1,543,85.2,0,-1.0,0,0,0,639,359
1641,20796,20795140,11107,250,-1,-1,1,526,85.2,0,-1.0,0,0,0,639,359
1642,20808,20806249,11109,250,-1,-1,1,525,85.3,0,-1.0,0,0,0,639,359
1643,20818,20817354,11105,250,-1,-1,1,525,85.5,0,-1.0,0,0,0,639,359
1644,20829,20828464,11110,250,-1,-1,1,525,85.6,0,-1.0,0,0,0,639,359
1645,20840,20839570,11106,250,-1,-1,1,528,85.7,0,-1.0,0,0,0,639,359
1646,20851,20850680,11110,250,-1,-1,1,526,85.8,0,-1.0,0,0,0,639,359
1647,20863,20861788,11108,250,-1,-1,1,526,86.0,0,-1.0,0,0,0,639,359
1648,20874,20872904,11116,250,-1,-1,1,527,86.1,1,-1.0,0,0,0,639,359
1649,20885,20884014,11110,250,-1,-1,1,579,86.2,0,-1.0,0,0,0,639,359
1650,20896,20895120,11106,250,-1,-1,1,613,86.1,0,-1.0,0,0,0,639,359
1651,20907,20906231,11111,250,-1,-1,1,608,86.2,0,-1.0,0,0,0,639,359
1652,20918,20917340,11109,250,-1,-1,1,525,86.3,0,-1.0,0,0,0,639,359
1653,20929,20928445,11105,250,-1,-1,1,525,86.4,0,-1.0,0,0,0,639,359
1654,20940,20939560,11115,250,-1,-1,1,525,86.5,0,-1.0,0,0,0,639,359
1655,20951,20950663,11103,250,-1,-1,1,526,86.6,0,-1.0,0,0,0,639,359
1656,20963,20961775,11112,250,-1,-1,1,526,86.7,0,-1.0,0,0,0,639,359
1657,20974,20972880,11105,250,-1,-1,1,528,86.7,1,-1.0,0,0,0,639,359
1658,20985,20983998,11118,250,-1,-1,1,582,86.8,0,-1.0,0,0,0,639,359
1659,20996,20995106,11108,250,-1,-1,1,528,86.9,0,-1.0,0,0,0,639,359
1660,21007,21006217,11111,250,-1,-1,1,526,86.8,0,-1.0,0,0,0,639,359
1661,21018,21017319,11102,250,-1,-1,1,525,86.9,0,-1.0,0,0,0,639,359
1662,21029,21028429,11110,250,-1,-1,1,526,87.0,0,-1.0,0,0,0,639,359
1663,21040,21039543,11114,250,-1,-1,1,523,87.0,0,-1.0,0,0,0,639,359
1664,21051,21050648,11105,250,-1,-1,1,524,87.1,0,-1.0,0,0,0,639,359
1665,21063,21061756,11108,250,-1,-1,1,524,87.1,0,-1.0,0,0,0,639,359
1666,21074,21072870,11114,250,-1,-1,1,525,87.2,1,-1.0,0,0,0,639,359
1667,21085,21083978,11108,250,-1,-1,1,590,87.3,0,-1.0,0,0,0,639,359
1668,21096,21095087,11109,250,-1,-1,1,525,87.3,0,-1.0,0,0,0,639,359
1669,21107,21106198,11111,250,-1,-1,1,525,87.3,0,-1.0,0,0,0,639,359
1670,21118,21117304,11106,250,-1,-1,1,525,87.3,0,-1.0,0,0,0,639,359
1671,21129,21128409,11105,250,-1,-1,1,527,87.4,0,-1.0,0,0,0,639,359
1672,21140,21139526,11117,250,-1,-1,1,525,87.4,0,-1.0,0,0,0,639,359
1673,21151,21150631,11105,250,-1,-1,1,525,87.5,0,-1.0,0,0,0,639,359
1674,21163,21161740,11109,250,-1,-1,1,524,87.5,0,-1.0,0,0,0,639,359
1675,21174,21172849,11109,250,-1,-1,1,524,87.6,1,-1.0,0,0,0,639,359
1676,21185,21183968,11119,250,-1,-1,1,589,87.6,0,-1.0,0,0,0,639,359
1677,21196,21195071,11103,250,-1,-1,1,533,87.7,0,-1.0,0,0,0,639,359
1678,21207,21206176,11105,250,-1,-1,1,525,87.6,0,-1.0,0,0,0,639,359
1679,21218,21217284,11108,250,-1,-1,1,526,87.6,0,-1.0,0,0,0,639,359
1680,21229,21228395,11111,250,-1,-1,1,529,87.7,0,-1.0,0,0,0,639,359
1681,21240,21239507,11112,250,-1,-1,1,529,87.7,0,-1.0,0,0,0,639,359
1682,21251,21250613,11106,250,-1,-1,1,525,87.8,0,-1.0,0,0,0,639,359
1683,21263,21261726,11113,250,-1,-1,1,525,87.8,0,-1.0,0,0,0,639,359
1684,21274,21272833,11107,250,-1,-1,1,525,87.8,1,-1.0,0,0,0,639,359
1685,21285,21283945,11112,250,-1,-1,1,545,87.9,0,-1.0,0,0,0,639,359
1686,21296,21295055,11110,250,-1,-1,1,538,87.9,0,-1.0,0,0,0,639,359
1687,21307,21306159,11104,250,-1,-1,1,526,87.9,0,-1.0,0,0,0,639,359
1688,21318,21317272,11113,250,-1,-1,1,526,87.9,0,-1.0,0,0,0,639,359
1689,21329,21328377,11105,250,-1,-1,1,527,87.9,0,-1.0,0,0,0,639,359
1690,21340,21339488,11111,250,-1,-1,1,525,88.0,0,-1.0,0,0,0,639,359
1691,21351,21350598,11110,250,-1,-1,1,539,88.0,0,-1.0,0,0,0,639,359
1692,21363,21361712,11114,250,-1,-1,1,639,88.0,0,-1.0,0,0,0,639,359
1693,21374,21372815,11103,250,-1,-1,1,527,88.1,1,-1.0,0,0,0,639,359
1694,21385,21383929,11114,250,-1,-1,1,547,88.1,0,-1.0,0,0,0,639,359
1695,21396,21395035,11106,250,-1,-1,1,541,88.1,0,-1.0,0,0,0,639,359
1696,21418,21417245,22210,250,-1,-1,1,588,43.5,0,-1.0,0,0,0,639,359
1697,21429,21428365,11120,250,-1,-1,1,525,58.8,0,-1.0,0,0,0,639,359
1698,21440,21439469,11104,250,-1,-1,1,526,66.7,0,-1.0,0,0,0,639,359
1699,21451,21450579,11110,250,-1,-1,1,528,71.4,0,-1.0,0,0,0,639,359
1700,21462,21461685,11106,250,-1,-1,1,538,74.6,0,-1.0,0,0,0,639,359
1701,21474,21472798,11113,250,-1,-1,1,525,76.9,0,-1.0,0,0,0,639,359
1702,21485,21483906,11108,250,-1,-1,1,528,78.7,1,-1.0,0,0,0,639,359
1703,21496,21495018,11112,250,-1,-1,1,560,80.0,0,-1.0,0,0,0,639,359
1704,21507,21506129,11111,250,-1,-1,1,528,80.4,0,-1.0,0,0,0,639,359
1705,21518,21517237,11108,250,-1,-1,1,525,81.3,0,-1.0,0,0,0,639,359
1706,21529,21528344,11107,250,-1,-1,1,528,82.1,0,-1.0,0,0,0,639,359
1707,21540,21539455,11111,250,-1,-1,1,525,82.8,0,-1.0,0,0,0,639,359
1708,21551,21550561,11106,250,-1,-1,1,525,83.3,0,-1.0,0,0,0,639,359
1709,21562,21561671,11110,250,-1,-1,1,523,83.8,0,-1.0,0,0,0,639,359
1710,21641,21572781,11110,250,-1,-1,1,524,61.2,0,-1.0,0,0,0,639,359
1711,21641,21639420,66639,250,-1,-1,1,521,65.0,1,-1.0,0,0,0,639,359
1712,21652,21650553,11133,250,-1,-1,1,529,66.4,0,-1.0,0,0,0,639,359
1713,21663,21661657,11104,250,-1,-1,1,628,67.4,0,-1.0,0,0,0,639,359
1714,21674,21672763,11106,250,-1,-1,1,603,68.3,0,-1.0,0,0,0,639,359
1715,21685,21683872,11109,250,-1,-1,1,526,69.2,0,-1.0,0,0,0,639,359
1716,21696,21694984,11112,250,-1,-1,1,525,70.0,0,-1.0,0,0,0,639,359
1717,21707,21706090,11106,250,-1,-1,1,525,70.7,0,-1.0,0,0,0,639,359
1718,21718,21717202,11112,250,-1,-1,1,525,71.2,0,-1.0,0,0,0,639,359
1719,21729,21728310,11108,250,-1,-1,1,524,71.9,0,-1.0,0,0,0,639,359
1720,21740,21739421,11111,250,-1,-1,1,528,72.5,1,-1.0,0,0,0,639,359
1721,21751,21750528,11107,250,-1,-1,1,540,73.0,0,-1.0,0,0,0,639,359
1722,21762,21761641,11113,250,-1,-1,1,542,73.6,0,-1.0,0,0,0,639,359
1723,21774,21772750,11109,250,-1,-1,1,524,73.9,0,-1.0,0,0,0,639,359
1724,21785,21783859,11109,250,-1,-1,1,527,74.6,0,-1.0,0,0,0,639,359
1725,21796,21794965,11106,250,-1,-1,1,526,75.0,0,-1.0,0,0,0,639,359
1726,21807,21806074,11109,250,-1,-1,1,525,75.4,0,-1.0,0,0,0,639,359
1727,21818,21817183,11109,250,-1,-1,1,524,75.7,0,-1.0,0,0,0,639,359
1728,21829,21828294,11111,250,-1,-1,1,525,76.0,0,-1.0,0,0,0,639,359
1729,21840,21839400,11106,250,-1,-1,1,524,76.4,1,-1.0,0,0,0,639,359
1730,21851,21850517,11117,250,-1,-1,1,546,76.8,0,-1.0,0,0,0,639,359
1731,21862,21861619,11102,250,-1,-1,1,528,77.1,0,-1.0,0,0,0,639,359
1732,21874,21872735,11116,250,-1,-1,1,555,77.4,0,-1.0,0,0,0,639,359
1733,21885,21883839,11104,250,-1,-1,1,526,77.7,0,-1.0,0,0,0,639,359
1734,21896,21894949,11110,250,-1,-1,1,526,78.0,0,-1.0,0,0,0,639,359
1735,21907,21906055,11106,250,-1,-1,1,528,78.3,0,-1.0,0,0,0,639,359
1736,21918,21917168,11113,250,-1,-1,1,527,78.4,0,-1.0,0,0,0,639,359
1737,21929,21928272,11104,250,-1,-1,1,526,78.7,0,-1.0,0,0,0,639,359
1738,21940,21939386,11114,250,-1,-1,1,525,78.9,1,-1.0,0,0,0,639,359
1739,21951,21950499,11113,250,-1,-1,1,545,79.1,0,-1.0,0,0,0,639,359
1740,21962,21961606,11107,250,-1,-1,1,542,79.4,0,-1.0,0,0,0,639,359
1741,21974,21972717,11111,250,-1,-1,1,526,79.4,0,-1.0,0,0,0,639,359
1742,21985,21983819,11102,250,-1,-1,1,526,79.8,0,-1.0,0,0,0,639,359
1743,21996,21994933,11114,250,-1,-1,1,528,80.0,0,-1.0,0,0,0,639,359
1744,22007,22006042,11109,250,-1,-1,1,528,80.2,0,-1.0,0,0,0,639,359
1745,22018,22017148,11106,250,-1,-1,1,523,80.4,0,-1.0,0,0,0,639,359
1746,22029,22028256,11108,250,-1,-1,1,526,80.4,0,-1.0,0,0,0,639,359
1747,22040,22039371,11115,250,-1,-1,1,525,80.6,1,-1.0,0,0,0,639,359
1748,22051,22050483,11112,250,-1,-1,1,547,80.8,0,-1.0,0,0,0,639,359
1749,22062,22061587,11104,250,-1,-1,1,539,81.0,0,-1.0,0,0,0,639,359
1750,22074,22072698,11111,250,-1,-1,1,528,81.0,0,-1.0,0,0,0,639,359
1751,22085,22083807,11109,250,-1,-1,1,525,81.3,0,-1.0,0,0,0,639,359
1752,22096,22094912,11105,250,-1,-1,1,524,81.4,0,-1.0,0,0,0,639,359
1753,22107,22106021,11109,250,-1,-1,1,524,81.6,0,-1.0,0,0,0,639,359
1754,22118,22117132,11111,250,-1,-1,1,525,81.7,0,-1.0,0,0,0,639,359
1755,22129,22128240,11108,250,-1,-1,1,526,81.7,0,-1.0,0,0,0,639,359
1756,22140,22139350,11110,250,-1,-1,1,526,81.9,1,-1.0,0,0,0,639,359
1757,22151,22150463,11113,250,-1,-1,1,539,82.0,0,-1.0,0,0,0,639,359
1758,22162,22161569,11106,250,-1,-1,1,527,82.1,0,-1.0,0,0,0,639,359
1759,22174,22172682,11113,250,-1,-1,1,528,82.3,0,-1.0,0,0,0,639,359
1760,22185,22183790,11108,250,-1,-1,1,527,82.4,0,-1.0,0,0,0,639,359
1761,22196,22194896,11106,250,-1,-1,1,526,82.5,0,-1.0,0,0,0,639,359
1762,22207,22206007,11111,250,-1,-1,1,525,82.6,0,-1.0,0,0,0,639,359
1763,22218,22217116,11109,250,-1,-1,1,527,82.7,0,-1.0,0,0,0,639,359
1764,22229,22228223,11107,250,-1,-1,1,523,82.7,0,-1.0,0,0,0,639,359
1765,22240,22239335,11112,250,-1,-1,1,525,82.8,1,-1.0,0,0,0,639,359
1766,22251,22250450,11115,250,-1,-1,1,546,82.9,0,-1.0,0,0,0,639,359
1767,22262,22261554,11104,250,-1,-1,1,539,83.0,0,-1.0,0,0,0,639,359
1768,22274,22272664,11110,250,-1,-1,1,524,83.0,0,-1.0,0,0,0,639,359
1769,22285,22283770,11106,250,-1,-1,1,525,83.2,0,-1.0,0,0,0,639,359
1770,22296,22294880,11110,250,-1,-1,1,527,83.3,0,-1.0,0,0,0,639,359
1771,22307,22305987,11107,250,-1,-1,1,528,83.4,0,-1.0,0,0,0,639,359
1772,22318,22317098,11111,250,-1,-1,1,528,83.5,0,-1.0,0,0,0,639,359
1773,22329,22328203,11105,250,-1,-1,1,526,83.5,0,-1.0,0,0,0,639,359
1774,22340,22339316,11113,250,-1,-1,1,524,83.6,1,-1.0,0,0,0,639,359
1775,22351,22350429,11113,250,-1,-1,1,544,83.7,0,-1.0,0,0,0,639,359
1776,22362,22361538,11109,250,-1,-1,1,540,83.8,0,-1.0,0,0,0,639,359
1777,22374,22372643,11105,250,-1,-1,1,524,83.8,0,-1.0,0,0,0,639,359
1778,22385,22383758,11115,250,-1,-1,1,527,83.9,0,-1.0,0,0,0,639,359
1779,22396,22394860,11102,250,-1,-1,1,527,84.0,0,-1.0,0,0,0,639,359
1780,22411,22406119,11259,250,-1,-1,1,524,66.7,0,-1.0,0,0,0,639,359
1781,22418,22417082,10963,250,-1,-1,1,527,90.9,0,-1.0,0,0,0,639,359
1782,22429,22428189,11107,250,-1,-1,1,527,88.2,0,-1.0,0,0,0,639,359
1783,22440,22439296,11107,250,-1,-1,1,526,88.9,1,-1.0,0,0,0,639,359
1784,22451,22450415,11119,250,-1,-1,1,546,89.3,0,-1.0,0,0,0,639,359
1785,22462,22461519,11104,250,-1,-1,1,535,89.6,0,-1.0,0,0,0,639,359
1786,22474,22472631,11112,250,-1,-1,1,525,88.6,0,-1.0,0,0,0,639,359
1787,22485,22483740,11109,250,-1,-1,1,525,89.9,0,-1.0,0,0,0,639,359
1788,22496,22494844,11104,250,-1,-1,1,523,90.0,0,-1.0,0,0,0,639,359
1789,22507,22505953,11109,250,-1,-1,1,528,90.1,0,-1.0,0,0,0,639,359
1790,22518,22517060,11107,250,-1,-1,1,528,90.2,0,-1.0,0,0,0,639,359
1791,22529,22528170,11110,250,-1,-1,1,524,90.2,0,-1.0,0,0,0,639,359
1792,22540,22539287,11117,250,-1,-1,1,528,89.7,1,-1.0,0,0,0,639,359
1793,22551,22550394,11107,250,-1,-1,1,528,89.7,0,-1.0,0,0,0,639,359
1794,22562,22561499,11105,250,-1,-1,1,532,89.8,0,-1.0,0,0,0,639,359
1795,22574,22572610,11111,250,-1,-1,1,527,89.4,0,-1.0,0,0,0,639,359
1796,22585,22583718,11108,250,-1,-1,1,525,89.9,0,-1.0,0,0,0,639,359
1797,22596,22594829,11111,250,-1,-1,1,525,90.0,0,-1.0,0,0,0,639,359
1798,22607,22605938,11109,250,-1,-1,1,525,90.0,0,-1.0,0,0,0,639,359
1799,22618,22617044,11106,250,-1,-1,1,525,90.1,0,-1.0,0,0,0,639,359
1800,22699,22628155,11111,250,-1,-1,1,525,69.1,0,-1.0,0,0,0,639,359
1801,22700,22694797,66642,250,-1,-1,1,523,72.4,1,-1.0,0,0,0,639,359
1802,22707,22705925,11128,250,-1,-1,1,603,74.0,0,-1.0,0,0,0,639,359
1803,22718,22717030,11105,250,-1,-1,1,544,74.5,0,-1.0,0,0,0,639,359
1804,22729,22728139,11109,250,-1,-1,1,525,74.9,0,-1.0,0,0,0,639,359
1805,22740,22739252,11113,250,-1,-1,1,526,75.4,0,-1.0,0,0,0,639,359
1806,22751,22750358,11106,250,-1,-1,1,524,75.8,0,-1.0,0,0,0,639,359
1807,22762,22761467,11109,250,-1,-1,1,524,76.3,0,-1.0,0,0,0,639,359
1808,22773,22772574,11107,250,-1,-1,1,525,76.7,0,-1.0,0,0,0,639,359
1809,22784,22783682,11108,250,-1,-1,1,526,77.1,0,-1.0,0,0,0,639,359
1810,22796,22794791,11109,250,-1,-1,1,526,77.5,1,-1.0,0,0,0,639,359
1811,22807,22805909,11118,250,-1,-1,1,532,77.9,0,-1.0,0,0,0,639,359
1812,22818,22817012,11103,250,-1,-1,1,527,78.2,0,-1.0,0,0,0,639,359
1813,22829,22828128,11116,250,-1,-1,1,525,78.5,0,-1.0,0,0,0,639,359
1814,22840,22839229,11101,250,-1,-1,1,524,78.7,0,-1.0,0,0,0,639,359
1815,22851,22850339,11110,250,-1,-1,1,526,78.9,0,-1.0,0,0,0,639,359
1816,22862,22861448,11109,250,-1,-1,1,527,79.2,0,-1.0,0,0,0,639,359
1817,22873,22872560,11112,250,-1,-1,1,525,79.5,0,-1.0,0,0,0,639,359
1818,22884,22883665,11105,250,-1,-1,1,525,79.8,0,-1.0,0,0,0,639,359
1819,22896,22894778,11113,250,-1,-1,1,524,80.0,1,-1.0,0,0,0,639,359
1820,22907,22905891,11113,250,-1,-1,1,548,80.2,0,-1.0,0,0,0,639,359
1821,22918,22916998,11107,250,-1,-1,1,528,80.5,0,-1.0,0,0,0,639,359
1822,22929,22928105,11107,250,-1,-1,1,527,80.7,0,-1.0,0,0,0,639,359
1823,22940,22939215,11110,250,-1,-1,1,526,80.7,0,-1.0,0,0,0,639,359
1824,22951,22950323,11108,250,-1,-1,1,525,80.9,0,-1.0,0,0,0,639,359
1825,22962,22961432,11109,250,-1,-1,1,526,81.1,0,-1.0,0,0,0,639,359
1826,22973,22972537,11105,250,-1,-1,1,526,81.3,0,-1.0,0,0,0,639,359
1827,22984,22983646,11109,250,-1,-1,1,523,81.5,0,-1.0,0,0,0,639,359
1828,22996,22994762,11116,250,-1,-1,1,525,81.7,1,-1.0,0,0,0,639,359
1829,23007,23005874,11112,250,-1,-1,1,547,81.8,0,-1.0,0,0,0,639,359
1830,23018,23016982,11108,250,-1,-1,1,525,82.0,0,-1.0,0,0,0,639,359
1831,23029,23028091,11109,250,-1,-1,1,525,82.1,0,-1.0,0,0,0,639,359
1832,23040,23039194,11103,250,-1,-1,1,524,82.2,0,-1.0,0,0,0,639,359
1833,23051,23050307,11113,250,-1,-1,1,526,82.3,0,-1.0,0,0,0,639,359
1834,23062,23061414,11107,250,-1,-1,1,525,82.5,0,-1.0,0,0,0,639,359
1835,23073,23072524,11110,250,-1,-1,1,527,82.6,0,-1.0,0,0,0,639,359
1836,23084,23083630,11106,250,-1,-1,1,527,82.7,0,-1.0,0,0,0,639,359
1837,23096,23094744,11114,250,-1,-1,1,527,82.9,1,-1.0,0,0,0,639,359
1838,23107,23105855,11111,250,-1,-1,1,531,83.0,0,-1.0,0,0,0,639,359
1839,23118,23116965,11110,250,-1,-1,1,525,83.1,0,-1.0,0,0,0,639,359
1840,23129,23128069,11104,250,-1,-1,1,628,83.1,0,-1.0,0,0,0,639,359
1841,23140,23139182,11113,250,-1,-1,1,524,83.2,0,-1.0,0,0,0,639,359
1842,23151,23150286,11104,250,-1,-1,1,526,83.3,0,-1.0,0,0,0,639,359
1843,23162,23161396,11110,250,-1,-1,1,524,83.4,0,-1.0,0,0,0,639,359
1844,23173,23172506,11110,250,-1,-1,1,527,83.5,0,-1.0,0,0,0,639,359
1845,23184,23183617,11111,250,-1,-1,1,526,83.7,0,-1.0,0,0,0,639,359
1846,23196,23194724,11107,250,-1,-1,1,527,83.8,1,-1.0,0,0,0,639,359
1847,23207,23205839,11115,250,-1,-1,1,533,83.8,0,-1.0,0,0,0,639,359
1848,23218,23216946,11107,250,-1,-1,1,527,83.9,0,-1.0,0,0,0,639,359
1849,23229,23228056,11110,250,-1,-1,1,636,83.9,0,-1.0,0,0,0,639,359
1850,23240,23239162,11106,250,-1,-1,1,527,84.0,0,-1.0,0,0,0,639,359
1851,23251,23250272,11110,250,-1,-1,1,524,84.1,0,-1.0,0,0,0,639,359
1852,23262,23261378,11106,250,-1,-1,1,525,84.2,0,-1.0,0,0,0,639,359
1853,23273,23272492,11114,250,-1,-1,1,525,84.3,0,-1.0,0,0,0,639,359
1854,23285,23283599,11107,250,-1,-1,1,525,84.4,0,-1.0,0,0,0,639,359
1855,23296,23294711,11112,250,-1,-1,1,525,84.4,1,-1.0,0,0,0,639,359
1856,23307,23305819,11108,250,-1,-1,1,542,84.5,0,-1.0,0,0,0,639,359
1857,23318,23316931,11112,250,-1,-1,1,557,84.6,0,-1.0,0,0,0,639,359
1858,23329,23328036,11105,250,-1,-1,1,633,84.6,0,-1.0,0,0,0,639,359
1859,23340,23339146,11110,250,-1,-1,1,525,84.7,0,-1.0,0,0,0,639,359
1860,23351,23350255,11109,250,-1,-1,1,527,84.7,0,-1.0,0,0,0,639,359
1861,23362,23361366,11111,250,-1,-1,1,527,84.8,0,-1.0,0,0,0,639,359
1862,23373,23372471,11105,250,-1,-1,1,524,84.9,0,-1.0,0,0,0,639,359
1863,23384,23383584,11113,250,-1,-1,1,524,84.9,0,-1.0,0,0,0,639,359
1864,23395,23394688,11104,250,-1,-1,1,524,85.0,1,-1.0,0,0,0,639,359
1865,23432,23428012,33324,250,-1,-1,1,627,27.8,0,-1.0,0,0,0,639,359
1866,23440,23439131,11119,250,-1,-1,1,527,45.5,0,-1.0,0,0,0,639,359
1867,23451,23450237,11106,250,-1,-1,1,525,54.5,0,-1.0,0,0,0,639,359
1868,23462,23461345,11108,250,-1,-1,1,525,60.6,0,-1.0,0,0,0,639,359
1869,23473,23472457,11112,250,-1,-1,1,526,64.9,0,-1.0,0,0,0,639,359
1870,23484,23483562,11105,250,-1,-1,1,527,68.2,0,-1.0,0,0,0,639,359
1871,23495,23494673,11111,250,-1,-1,1,528,70.7,0,-1.0,0,0,0,639,359
1872,23507,23505781,11108,250,-1,-1,1,525,72.7,0,-1.0,0,0,0,639,359
1873,23518,23516894,11113,250,-1,-1,1,524,74.4,1,-1.0,0,0,0,639,359
1874,23529,23528006,11112,250,-1,-1,1,546,75.8,0,-1.0,0,0,0,639,359
1875,23540,23539118,11112,250,-1,-1,1,526,76.9,0,-1.0,0,0,0,639,359
1876,23551,23550224,11106,250,-1,-1,1,527,77.4,0,-1.0,0,0,0,639,359
1877,23562,23561327,11103,250,-1,-1,1,528,78.3,0,-1.0,0,0,0,639,359
1878,23573,23572437,11110,250,-1,-1,1,528,79.1,0,-1.0,0,0,0,639,359
1879,23584,23583549,11112,250,-1,-1,1,527,79.8,0,-1.0,0,0,0,639,359
1880,23595,23594652,11103,250,-1,-1,1,529,80.4,0,-1.0,0,0,0,639,359
1881,23607,23605766,11114,250,-1,-1,1,528,81.0,0,-1.0,0,0,0,639,359
1882,23618,23616870,11104,250,-1,-1,1,525,81.4,1,-1.0,0,0,0,639,359
1883,23629,23627988,11118,250,-1,-1,1,546,81.9,0,-1.0,0,0,0,639,359
1884,23640,23639094,11106,250,-1,-1,1,526,82.3,0,-1.0,0,0,0,639,359
1885,23651,23650207,11113,250,-1,-1,1,526,82.4,0,-1.0,0,0,0,639,359
1886,23662,23661313,11106,250,-1,-1,1,525,82.7,0,-1.0,0,0,0,639,359
1887,23673,23672422,11109,250,-1,-1,1,525,83.0,0,-1.0,0,0,0,639,359
1888,23684,23683528,11106,250,-1,-1,1,528,83.3,0,-1.0,0,0,0,639,359
1889,23695,23694641,11113,250,-1,-1,1,525,83.6,0,-1.0,0,0,0,639,359
1890,23743,23705747,11106,250,-1,-1,1,608,75.1,0,-1.0,0,0,0,639,359
1891,23743,23739061,33314,250,-1,-1,1,596,77.8,1,-1.0,0,0,0,639,359
1892,23751,23750191,11130,250,-1,-1,1,524,78.9,0,-1.0,0,0,0,639,359
1893,23762,23761296,11105,250,-1,-1,1,525,79.2,0,-1.0,0,0,0,639,359
1894,23773,23772406,11110,250,-1,-1,1,524,79.6,0,-1.0,0,0,0,639,359
1895,23785,23783515,11109,250,-1,-1,1,526,79.9,0,-1.0,0,0,0,639,359
1896,23796,23794626,11111,250,-1,-1,1,567,80.2,0,-1.0,0,0,0,639,359
1897,23807,23805734,11108,250,-1,-1,1,634,80.5,0,-1.0,0,0,0,639,359
1898,23818,23816843,11109,250,-1,-1,1,526,80.8,0,-1.0,0,0,0,639,359
1899,23829,23827948,11105,250,-1,-1,1,527,81.0,0,-1.0,0,0,0,639,359
1900,23840,23839057,11109,250,-1,-1,1,528,81.3,1,-1.0,0,0,0,639,359
1901,23851,23850171,11114,250,-1,-1,1,535,81.3,0,-1.0,0,0,0,639,359
1902,23862,23861282,11111,250,-1,-1,1,523,81.5,0,-1.0,0,0,0,639,359
1903,23873,23872389,11107,250,-1,-1,1,524,81.8,0,-1.0,0,0,0,639,359
1904,23884,23883497,11108,250,-1,-1,1,527,82.0,0,-1.0,0,0,0,639,359
1905,23895,23894601,11104,250,-1,-1,1,528,82.2,0,-1.0,0,0,0,639,359
1906,23907,23905712,11111,250,-1,-1,1,525,82.4,0,-1.0,0,0,0,639,359
1907,23918,23916831,11119,250,-1,-1,1,525,82.5,0,-1.0,0,0,0,639,359
1908,23929,23927933,11102,250,-1,-1,1,525,82.7,0,-1.0,0,0,0,639,359
1909,23940,23939040,11107,250,-1,-1,1,524,82.9,1,-1.0,0,0,0,639,359
1910,23951,23950151,11111,250,-1,-1,1,545,82.9,0,-1.0,0,0,0,639,359
1911,23962,23961262,11111,250,-1,-1,1,581,83.0,0,-1.0,0,0,0,639,359
1912,23973,23972369,11107,250,-1,-1,1,629,83.2,0,-1.0,0,0,0,639,359
1913,23984,23983480,11111,250,-1,-1,1,527,83.3,0,-1.0,0,0,0,639,359
1914,23995,23994584,11104,250,-1,-1,1,525,83.5,0,-1.0,0,0,0,639,359
1915,24007,24005702,11118,250,-1,-1,1,525,83.6,0,-1.0,0,0,0,639,359
1916,24018,24016806,11104,250,-1,-1,1,525,83.7,0,-1.0,0,0,0,639,359
1917,24029,24027914,11108,250,-1,-1,1,524,83.9,0,-1.0,0,0,0,639,359
1918,24040,24039025,11111,250,-1,-1,1,524,84.0,1,-1.0,0,0,0,639,359
1919,24051,24050140,11115,250,-1,-1,1,547,84.0,0,-1.0,0,0,0,639,359
1920,24062,24061239,11099,250,-1,-1,1,602,84.1,0,-1.0,0,0,0,639,359
1921,24073,24072354,11115,250,-1,-1,1,601,84.2,0,-1.0,0,0,0,639,359
1922,24084,24083460,11106,250,-1,-1,1,528,84.3,0,-1.0,0,0,0,639,359
1923,24095,24094567,11107,250,-1,-1,1,528,84.4,0,-1.0,0,0,0,639,359
1924,24106,24105678,11111,250,-1,-1,1,529,84.5,0,-1.0,0,0,0,639,359
1925,24118,24116789,11111,250,-1,-1,1,526,84.6,0,-1.0,0,0,0,639,359
1926,24129,24127897,11108,250,-1,-1,1,526,84.7,0,-1.0,0,0,0,639,359
1927,24140,24139009,11112,250,-1,-1,1,527,84.8,1,-1.0,0,0,0,639,359
1928,24151,24150122,11113,250,-1,-1,1,546,84.8,0,-1.0,0,0,0,639,359
1929,24162,24161234,11112,250,-1,-1,1,590,84.9,0,-1.0,0,0,0,639,359
1930,24173,24172335,11101,250,-1,-1,1,632,84.9,0,-1.0,0,0,0,639,359
1931,24186,24183448,11113,250,-1,-1,1,525,84.9,0,-1.0,0,0,0,639,359
1932,24195,24194552,11104,250,-1,-1,1,524,85.1,0,-1.0,0,0,0,639,359
1933,24206,24205664,11112,250,-1,-1,1,528,85.2,0,-1.0,0,0,0,639,359
1934,24218,24216768,11104,250,-1,-1,1,526,85.3,0,-1.0,0,0,0,639,359
1935,24229,24227880,11112,250,-1,-1,1,526,85.3,0,-1.0,0,0,0,639,359
1936,24240,24238987,11107,250,-1,-1,1,524,85.4,1,-1.0,0,0,0,639,359
1937,24251,24250102,11115,250,-1,-1,1,527,85.5,0,-1.0,0,0,0,639,359
1938,24262,24261213,11111,250,-1,-1,1,593,85.5,0,-1.0,0,0,0,639,359
1939,24273,24272319,11106,250,-1,-1,1,628,85.5,0,-1.0,0,0,0,639,359
1940,24284,24283425,11106,250,-1,-1,1,525,85.6,0,-1.0,0,0,0,639,359
1941,24295,24294538,11113,250,-1,-1,1,525,85.7,0,-1.0,0,0,0,639,359
1942,24306,24305645,11107,250,-1,-1,1,525,85.7,0,-1.0,0,0,0,639,359
1943,24318,24316755,11110,250,-1,-1,1,525,85.8,0,-1.0,0,0,0,639,359
1944,24329,24327863,11108,250,-1,-1,1,525,85.8,0,-1.0,0,0,0,639,359
1945,24340,24338974,11111,250,-1,-1,1,527,85.9,1,-1.0,0,0,0,639,359
1946,24351,24350083,11109,250,-1,-1,1,543,86.0,0,-1.0,0,0,0,639,359
1947,24362,24361193,11110,250,-1,-1,1,578,85.9,0,-1.0,0,0,0,639,359
1948,24373,24372305,11112,250,-1,-1,1,635,86.0,0,-1.0,0,0,0,639,359
1949,24384,24383409,11104,250,-1,-1,1,527,86.0,0,-1.0,0,0,0,639,359
1950,24395,24394517,11108,250,-1,-1,1,526,86.1,0,-1.0,0,0,0,639,359
1951,24406,24405630,11113,250,-1,-1,1,526,86.1,0,-1.0,0,0,0,639,359
1952,24423,24416739,11109,250,-1,-1,1,525,58.8,0,-1.0,0,0,0,639,359
1953,24429,24427860,11121,250,-1,-1,1,523,90.9,0,-1.0,0,0,0,639,359
1954,24440,24438957,11097,250,-1,-1,1,525,90.9,1,-1.0,0,0,0,639,359
1955,24451,24450069,11112,250,-1,-1,1,545,90.9,0,-1.0,0,0,0,639,359
1956,24462,24461178,11109,250,-1,-1,1,588,89.3,0,-1.0,0,0,0,639,359
1957,24473,24472285,11107,250,-1,-1,1,628,89.6,0,-1.0,0,0,0,639,359
1958,24484,24483392,11107,250,-1,-1,1,525,89.7,0,-1.0,0,0,0,639,359
1959,24495,24494502,11110,250,-1,-1,1,526,89.9,0,-1.0,0,0,0,639,359
1960,24506,24505608,11106,250,-1,-1,1,525,90.0,0,-1.0,0,0,0,639,359
1961,24518,24516719,11111,250,-1,-1,1,525,90.1,0,-1.0,0,0,0,639,359
1962,24529,24527830,11111,250,-1,-1,1,525,90.2,0,-1.0,0,0,0,639,359
1963,24540,24538945,11115,250,-1,-1,1,524,90.2,1,-1.0,0,0,0,639,359
1964,24551,24550050,11105,250,-1,-1,1,546,90.3,0,-1.0,0,0,0,639,359
1965,24562,24561160,11110,250,-1,-1,1,589,89.7,0,-1.0,0,0,0,639,359
1966,24573,24572269,11109,250,-1,-1,1,627,89.8,0,-1.0,0,0,0,639,359
1967,24584,24583376,11107,250,-1,-1,1,525,89.9,0,-1.0,0,0,0,639,359
1968,24595,24594481,11105,250,-1,-1,1,528,89.9,0,-1.0,0,0,0,639,359
1969,24606,24605594,11113,250,-1,-1,1,526,90.0,0,-1.0,0,0,0,639,359
1970,24618,24616701,11107,250,-1,-1,1,526,90.0,0,-1.0,0,0,0,639,359
1971,24629,24627814,11113,250,-1,-1,1,528,90.1,0,-1.0,0,0,0,639,359
1972,24640,24638920,11106,250,-1,-1,1,527,90.1,1,-1.0,0,0,0,639,359
1973,24651,24650034,11114,250,-1,-1,1,546,90.2,0,-1.0,0,0,0,639,359
1974,24662,24661142,11108,250,-1,-1,1,594,89.8,0,-1.0,0,0,0,639,359
1975,24673,24672252,11110,250,-1,-1,1,632,89.9,0,-1.0,0,0,0,639,359
1976,24684,24683359,11107,250,-1,-1,1,525,89.9,0,-1.0,0,0,0,639,359
1977,24695,24694471,11112,250,-1,-1,1,525,90.0,0,-1.0,0,0,0,639,359
1978,24706,24705576,11105,250,-1,-1,1,525,90.0,0,-1.0,0,0,0,639,359
1979,24718,24716689,11113,250,-1,-1,1,526,90.0,0,-1.0,0,0,0,639,359
1980,24765,24727793,11104,250,-1,-1,1,609,80.8,0,-1.0,0,0,0,639,359
1981,24766,24761109,33316,250,-1,-1,1,602,83.3,1,-1.0,0,0,0,639,359
1982,24773,24772241,11132,250,-1,-1,1,527,84.5,0,-1.0,0,0,0,639,359
1983,24784,24783339,11098,250,-1,-1,1,525,84.7,0,-1.0,0,0,0,639,359
1984,24795,24794451,11112,250,-1,-1,1,525,84.8,0,-1.0,0,0,0,639,359
1985,24806,24805562,11111,250,-1,-1,1,524,85.0,0,-1.0,0,0,0,639,359
1986,24818,24816674,11112,250,-1,-1,1,569,85.2,0,-1.0,0,0,0,639,359
1987,24829,24827780,11106,250,-1,-1,1,634,85.3,0,-1.0,0,0,0,639,359
1988,24840,24838888,11108,250,-1,-1,1,526,85.5,0,-1.0,0,0,0,639,359
1989,24851,24849998,11110,250,-1,-1,1,528,85.6,0,-1.0,0,0,0,639,359
1990,24862,24861103,11105,250,-1,-1,1,526,85.7,1,-1.0,0,0,0,639,359
1991,24873,24872217,11114,250,-1,-1,1,538,85.7,0,-1.0,0,0,0,639,359
1992,24884,24883325,11108,250,-1,-1,1,595,85.8,0,-1.0,0,0,0,639,359
1993,24895,24894434,11109,250,-1,-1,1,629,85.9,0,-1.0,0,0,0,639,359
1994,24906,24905541,11107,250,-1,-1,1,525,86.0,0,-1.0,0,0,0,639,359
1995,24917,24916652,11111,250,-1,-1,1,528,86.1,0,-1.0,0,0,0,639,359
1996,24929,24927762,11110,250,-1,-1,1,525,86.2,0,-1.0,0,0,0,639,359
1997,24940,24938873,11111,250,-1,-1,1,525,86.3,0,-1.0,0,0,0,639,359
1998,24951,24949981,11108,250,-1,-1,1,525,86.4,0,-1.0,0,0,0,639,359
1999,24962,24961088,11107,250,-1,-1,1,525,86.5,1,-1.0,0,0,0,639,359
2000,24973,24972202,11114,250,-1,-1,1,547,86.4,0,-1.0,0,0,0,639,359
2001,24984,24983311,11109,250,-1,-1,1,581,86.5,0,-1.0,0,0,0,639,359
2002,24995,24994417,11106,250,-1,-1,1,626,86.6,0,-1.0,0,0,0,639,359
2003,25006,25005526,11109,250,-1,-1,1,525,86.7,0,-1.0,0,0,0,639,359
2004,25017,25016633,11107,250,-1,-1,1,525,86.7,0,-1.0,0,0,0,639,359
2005,25029,25027748,11115,250,-1,-1,1,527,86.8,0,-1.0,0,0,0,639,359
2006,25040,25038852,11104,250,-1,-1,1,524,86.9,0,-1.0,0,0,0,639,359
2007,25051,25049963,11111,250,-1,-1,1,525,87.0,0,-1.0,0,0,0,639,359
2008,25062,25061072,11109,250,-1,-1,1,526,87.0,1,-1.0,0,0,0,639,359
2009,25073,25072185,11113,250,-1,-1,1,545,87.0,0,-1.0,0,0,0,639,359
2010,25084,25083291,11106,250,-1,-1,1,610,87.0,0,-1.0,0,0,0,639,359
2011,25095,25094405,11114,250,-1,-1,1,628,87.1,0,-1.0,0,0,0,639,359
2012,25106,25105509,11104,250,-1,-1,1,525,87.1,0,-1.0,0,0,0,639,359
2013,25117,25116617,11108,250,-1,-1,1,530,87.2,0,-1.0,0,0,0,639,359
2014,25129,25127724,11107,250,-1,-1,1,525,87.3,0,-1.0,0,0,0,639,359
2015,25140,25138837,11113,250,-1,-1,1,524,87.3,0,-1.0,0,0,0,639,359
2016,25151,25149945,11108,250,-1,-1,1,530,87.4,0,-1.0,0,0,0,639,359
2017,25162,25161054,11109,250,-1,-1,1,525,87.4,1,-1.0,0,0,0,639,359
2018,25173,25172167,11113,250,-1,-1,1,546,87.4,0,-1.0,0,0,0,639,359
2019,25184,25183282,11115,250,-1,-1,1,615,87.4,0,-1.0,0,0,0,639,359
2020,25195,25194384,11102,250,-1,-1,1,628,87.5,0,-1.0,0,0,0,639,359
2021,25206,25205492,11108,250,-1,-1,1,526,87.5,0,-1.0,0,0,0,639,359
2022,25217,25216601,11109,250,-1,-1,1,525,87.5,0,-1.0,0,0,0,639,359
2023,25229,25227710,11109,250,-1,-1,1,524,87.6,0,-1.0,0,0,0,639,359
2024,25240,25238817,11107,250,-1,-1,1,525,87.6,0,-1.0,0,0,0,639,359
2025,25251,25249926,11109,250,-1,-1,1,526,87.7,0,-1.0,0,0,0,639,359
2026,25262,25261037,11111,250,-1,-1,1,526,87.7,1,-1.0,0,0,0,639,359
2027,25273,25272151,11114,250,-1,-1,1,537,87.7,0,-1.0,0,0,0,639,359
2028,25284,25283258,11107,250,-1,-1,1,595,87.7,0,-1.0,0,0,0,639,359
2029,25295,25294367,11109,250,-1,-1,1,628,87.7,0,-1.0,0,0,0,639,359
2030,25306,25305475,11108,250,-1,-1,1,527,87.8,0,-1.0,0,0,0,639,359
2031,25317,25316583,11108,250,-1,-1,1,527,87.8,0,-1.0,0,0,0,639,359
2032,25328,25327688,11105,250,-1,-1,1,526,87.9,0,-1.0,0,0,0,639,359
2033,25340,25338802,11114,250,-1,-1,1,524,87.9,0,-1.0,0,0,0,639,359
2034,25351,25349909,11107,250,-1,-1,1,525,87.9,0,-1.0,0,0,0,639,359
2035,25362,25361022,11113,250,-1,-1,1,524,88.0,1,-1.0,0,0,0,639,359
2036,25373,25372135,11113,250,-1,-1,1,548,87.9,0,-1.0,0,0,0,639,359
2037,25384,25383245,11110,250,-1,-1,1,629,87.9,0,-1.0,0,0,0,639,359
2038,25395,25394351,11106,250,-1,-1,1,630,88.0,0,-1.0,0,0,0,639,359
2039,25406,25405457,11106,250,-1,-1,1,526,88.0,0,-1.0,0,0,0,639,359
2040,25417,25416568,11111,250,-1,-1,1,528,90.9,0,-1.0,0,0,0,639,359
2041,25428,25427674,11106,250,-1,-1,1,525,90.9,0,-1.0,0,0,0,639,359
2042,25440,25438785,11111,250,-1,-1,1,526,90.9,0,-1.0,0,0,0,639,359
2043,25451,25449892,11107,250,-1,-1,1,526,90.9,0,-1.0,0,0,0,639,359
2044,25462,25461002,11110,250,-1,-1,1,526,90.9,1,-1.0,0,0,0,639,359
2045,25473,25472114,11112,250,-1,-1,1,526,90.9,0,-1.0,0,0,0,639,359
2046,25484,25483226,11112,250,-1,-1,1,628,89.7,0,-1.0,0,0,0,639,359
2047,25495,25494330,11104,250,-1,-1,1,628,89.9,0,-1.0,0,0,0,639,359
2048,25506,25505439,11109,250,-1,-1,1,523,90.0,0,-1.0,0,0,0,639,359
2049,25517,25516549,11110,250,-1,-1,1,524,90.1,0,-1.0,0,0,0,639,359
2050,25528,25527654,11105,250,-1,-1,1,526,90.2,0,-1.0,0,0,0,639,359
2051,25540,25538768,11114,250,-1,-1,1,525,90.2,0,-1.0,0,0,0,639,359
2052,25551,25549874,11106,250,-1,-1,1,527,90.3,0,-1.0,0,0,0,639,359
2053,25562,25560984,11110,250,-1,-1,1,525,90.3,1,-1.0,0,0,0,639,359
2054,25573,25572099,11115,250,-1,-1,1,529,90.4,0,-1.0,0,0,0,639,359
2055,25584,25583210,11111,250,-1,-1,1,629,89.9,0,-1.0,0,0,0,639,359
2056,25595,25594315,11105,250,-1,-1,1,604,89.9,0,-1.0,0,0,0,639,359
2057,25606,25605423,11108,250,-1,-1,1,525,90.0,0,-1.0,0,0,0,639,359
2058,25617,25616531,11108,250,-1,-1,1,524,90.0,0,-1.0,0,0,0,639,359
2059,25628,25627645,11114,250,-1,-1,1,525,90.1,0,-1.0,0,0,0,639,359
2060,25640,25638748,11103,250,-1,-1,1,525,90.1,0,-1.0,0,0,0,639,359
2061,25651,25649860,11112,250,-1,-1,1,526,90.2,0,-1.0,0,0,0,639,359
2062,25662,25660969,11109,250,-1,-1,1,526,90.2,1,-1.0,0,0,0,639,359
2063,25673,25672084,11115,250,-1,-1,1,540,90.2,0,-1.0,0,0,0,639,359
2064,25684,25683188,11104,250,-1,-1,1,628,89.9,0,-1.0,0,0,0,639,359
2065,25695,25694294,11106,250,-1,-1,1,645,90.0,0,-1.0,0,0,0,639,359
2066,25706,25705405,11111,250,-1,-1,1,527,90.0,0,-1.0,0,0,0,639,359
2067,25717,25716515,11110,250,-1,-1,1,525,90.0,0,-1.0,0,0,0,639,359
2068,25728,25727621,11106,250,-1,-1,1,525,90.1,0,-1.0,0,0,0,639,359
2069,25740,25738735,11114,250,-1,-1,1,526,90.1,0,-1.0,0,0,0,639,359
2070,25775,25749842,11107,250,-1,-1,1,606,84.0,0,-1.0,0,0,0,639,359
2071,25776,25772046,22204,250,-1,-1,1,598,86.5,1,-1.0,0,0,0,639,359
2072,25784,25783179,11133,250,-1,-1,1,525,87.3,0,-1.0,0,0,0,639,359
2073,25795,25794277,11098,250,-1,-1,1,533,87.4,0,-1.0,0,0,0,639,359
2074,25806,25805389,11112,250,-1,-1,1,525,87.5,0,-1.0,0,0,0,639,359
2075,25817,25816494,11105,250,-1,-1,1,527,87.6,0,-1.0,0,0,0,639,359
2076,25828,25827610,11116,250,-1,-1,1,603,87.7,0,-1.0,0,0,0,639,359
2077,25840,25838857,11247,250,-1,-1,1,630,87.8,0,-1.0,0,0,0,639,359
2078,25851,25849828,10971,250,-1,-1,1,525,87.8,0,-1.0,0,0,0,639,359
2079,25862,25860934,11106,250,-1,-1,1,538,87.9,0,-1.0,0,0,0,639,359
2080,25873,25872040,11106,250,-1,-1,1,527,88.0,1,-1.0,0,0,0,639,359
2081,25884,25883155,11115,250,-1,-1,1,528,87.9,0,-1.0,0,0,0,639,359
2082,25895,25894267,11112,250,-1,-1,1,628,87.9,0,-1.0,0,0,0,639,359
2083,25906,25905374,11107,250,-1,-1,1,627,88.0,0,-1.0,0,0,0,639,359
2084,25917,25916479,11105,250,-1,-1,1,526,88.1,0,-1.0,0,0,0,639,359
2085,25928,25927590,11111,250,-1,-1,1,525,88.1,0,-1.0,0,0,0,639,359
2086,25940,25938702,11112,250,-1,-1,1,524,88.2,0,-1.0,0,0,0,639,359
2087,25951,25949808,11106,250,-1,-1,1,525,88.2,0,-1.0,0,0,0,639,359
2088,25962,25960918,11110,250,-1,-1,1,526,88.3,0,-1.0,0,0,0,639,359
2089,25973,25972024,11106,250,-1,-1,1,527,88.3,1,-1.0,0,0,0,639,359
2090,25984,25983137,11113,250,-1,-1,1,537,88.2,0,-1.0,0,0,0,639,359
2091,25995,25994246,11109,250,-1,-1,1,627,88.3,0,-1.0,0,0,0,639,359
2092,26006,26005356,11110,250,-1,-1,1,634,88.3,0,-1.0,0,0,0,639,359
2093,26017,26016462,11106,250,-1,-1,1,529,88.4,0,-1.0,0,0,0,639,359
2094,26028,26027571,11109,250,-1,-1,1,527,88.4,0,-1.0,0,0,0,639,359
2095,26040,26038680,11109,250,-1,-1,1,524,88.5,0,-1.0,0,0,0,639,359
2096,26051,26049791,11111,250,-1,-1,1,525,88.5,0,-1.0,0,0,0,639,359
2097,26062,26060899,11108,250,-1,-1,1,524,88.5,0,-1.0,0,0,0,639,359
2098,26073,26072010,11111,250,-1,-1,1,525,88.6,1,-1.0,0,0,0,639,359
2099,26084,26083119,11109,250,-1,-1,1,546,88.5,0,-1.0,0,0,0,639,359
2100,26095,26094229,11110,250,-1,-1,1,632,88.5,0,-1.0,0,0,0,639,359
2101,26106,26105339,11110,250,-1,-1,1,625,88.6,0,-1.0,0,0,0,639,359
2102,26117,26116445,11106,250,-1,-1,1,525,88.6,0,-1.0,0,0,0,639,359
2103,26128,26127550,11105,250,-1,-1,1,527,88.6,0,-1.0,0,0,0,639,359
2104,26139,26138662,11112,250,-1,-1,1,526,88.7,0,-1.0,0,0,0,639,359
2105,26151,26149771,11109,250,-1,-1,1,526,88.7,0,-1.0,0,0,0,639,359
2106,26162,26160885,11114,250,-1,-1,1,524,88.7,0,-1.0,0,0,0,639,359
2107,26173,26171988,11103,250,-1,-1,1,524,88.8,1,-1.0,0,0,0,639,359
2108,26184,26183108,11120,250,-1,-1,1,544,88.8,0,-1.0,0,0,0,639,359
2109,26195,26194209,11101,250,-1,-1,1,628,88.7,0,-1.0,0,0,0,639,359
2110,26206,26205323,11114,250,-1,-1,1,633,88.8,0,-1.0,0,0,0,639,359
2111,26217,26216428,11105,250,-1,-1,1,529,88.8,0,-1.0,0,0,0,639,359
2112,26228,26227539,11111,250,-1,-1,1,526,88.8,0,-1.0,0,0,0,639,359
2113,26239,26238645,11106,250,-1,-1,1,524,88.8,0,-1.0,0,0,0,639,359
2114,26251,26249758,11113,250,-1,-1,1,527,88.9,0,-1.0,0,0,0,639,359
2115,26262,26260865,11107,250,-1,-1,1,526,88.9,0,-1.0,0,0,0,639,359
2116,26273,26271978,11113,250,-1,-1,1,535,88.9,1,-1.0,0,0,0,639,359
2117,26284,26283087,11109,250,-1,-1,1,545,88.9,0,-1.0,0,0,0,639,359
2118,26295,26294198,11111,250,-1,-1,1,627,88.9,0,-1.0,0,0,0,639,359
2119,26306,26305305,11107,250,-1,-1,1,627,88.9,0,-1.0,0,0,0,639,359
2120,26317,26316417,11112,250,-1,-1,1,525,88.9,0,-1.0,0,0,0,639,359
2121,26328,26327520,11103,250,-1,-1,1,527,88.9,0,-1.0,0,0,0,639,359
2122,26339,26338629,11109,250,-1,-1,1,527,89.0,0,-1.0,0,0,0,639,359
2123,26351,26349737,11108,250,-1,-1,1,525,89.0,0,-1.0,0,0,0,639,359
2124,26362,26360846,11109,250,-1,-1,1,526,89.0,0,-1.0,0,0,0,639,359
2125,26373,26371957,11111,250,-1,-1,1,525,89.0,1,-1.0,0,0,0,639,359
2126,26384,26383070,11113,250,-1,-1,1,546,89.0,0,-1.0,0,0,0,639,359
2127,26395,26394181,11111,250,-1,-1,1,628,89.0,0,-1.0,0,0,0,639,359
2128,26406,26405287,11106,250,-1,-1,1,627,89.0,0,-1.0,0,0,0,639,359
2129,26420,26416400,11113,250,-1,-1,1,525,76.9,0,-1.0,0,0,0,639,359
2130,26428,26427508,11108,250,-1,-1,1,526,90.9,0,-1.0,0,0,0,639,359
2131,26439,26438613,11105,250,-1,-1,1,528,90.9,0,-1.0,0,0,0,639,359
2132,26451,26449721,11108,250,-1,-1,1,527,90.9,0,-1.0,0,0,0,639,359
2133,26462,26460831,11110,250,-1,-1,1,527,90.9,0,-1.0,0,0,0,639,359
2134,26473,26471940,11109,250,-1,-1,1,524,90.9,1,-1.0,0,0,0,639,359
2135,26484,26483052,11112,250,-1,-1,1,529,90.9,0,-1.0,0,0,0,639,359
2136,26495,26494165,11113,250,-1,-1,1,629,89.9,0,-1.0,0,0,0,639,359
2137,26506,26505267,11102,250,-1,-1,1,629,90.0,0,-1.0,0,0,0,639,359
2138,26517,26516379,11112,250,-1,-1,1,526,90.1,0,-1.0,0,0,0,639,359
2139,26528,26527485,11106,250,-1,-1,1,525,90.2,0,-1.0,0,0,0,639,359
2140,26539,26538596,11111,250,-1,-1,1,526,90.2,0,-1.0,0,0,0,639,359
2141,26551,26549700,11104,250,-1,-1,1,525,90.3,0,-1.0,0,0,0,639,359
2142,26562,26560813,11113,250,-1,-1,1,526,90.3,0,-1.0,0,0,0,639,359
2143,26573,26571921,11108,250,-1,-1,1,529,90.4,1,-1.0,0,0,0,639,359
2144,26584,26583035,11114,250,-1,-1,1,535,90.4,0,-1.0,0,0,0,639,359
2145,26595,26594143,11108,250,-1,-1,1,626,89.9,0,-1.0,0,0,0,639,359
2146,26606,26605259,11116,250,-1,-1,1,629,90.0,0,-1.0,0,0,0,639,359
2147,26617,26616357,11098,250,-1,-1,1,528,90.0,0,-1.0,0,0,0,639,359
2148,26628,26627472,11115,250,-1,-1,1,525,90.1,0,-1.0,0,0,0,639,359
2149,26639,26638579,11107,250,-1,-1,1,525,90.1,0,-1.0,0,0,0,639,359
2150,26650,26649689,11110,250,-1,-1,1,526,90.2,0,-1.0,0,0,0,639,359
2151,26662,26660795,11106,250,-1,-1,1,526,90.2,0,-1.0,0,0,0,639,359
2152,26673,26671905,11110,250,-1,-1,1,528,90.2,1,-1.0,0,0,0,639,359
2153,26684,26683017,11112,250,-1,-1,1,544,90.3,0,-1.0,0,0,0,639,359
2154,26695,26694128,11111,250,-1,-1,1,628,90.0,0,-1.0,0,0,0,639,359
2155,26706,26705231,11103,250,-1,-1,1,625,90.0,0,-1.0,0,0,0,639,359
2156,26717,26716347,11116,250,-1,-1,1,529,90.0,0,-1.0,0,0,0,639,359
2157,26728,26727448,11101,250,-1,-1,1,525,90.1,0,-1.0,0,0,0,639,359
2158,26739,26738562,11114,250,-1,-1,1,526,90.1,0,-1.0,0,0,0,639,359
2159,26750,26749667,11105,250,-1,-1,1,526,90.1,0,-1.0,0,0,0,639,359
2160,26791,26760778,11111,250,-1,-1,1,716,83.1,0,-1.0,0,0,0,639,359
2161,26792,26782986,22208,250,-1,-1,1,602,85.7,1,-1.0,0,0,0,639,359
2162,26795,26794108,11122,250,-1,-1,1,632,87.4,0,-1.0,0,0,0,639,359
2163,26806,26805220,11112,250,-1,-1,1,525,87.5,0,-1.0,0,0,0,639,359
2164,26817,26816324,11104,250,-1,-1,1,525,87.6,0,-1.0,0,0,0,639,359
2165,26828,26827436,11112,250,-1,-1,1,634,87.7,0,-1.0,0,0,0,639,359
2166,26839,26838544,11108,250,-1,-1,1,548,87.8,0,-1.0,0,0,0,639,359
2167,26851,26849658,11114,250,-1,-1,1,627,87.8,0,-1.0,0,0,0,639,359
2168,26862,26860764,11106,250,-1,-1,1,626,87.9,0,-1.0,0,0,0,639,359
2169,26873,26871874,11110,250,-1,-1,1,525,88.0,0,-1.0,0,0,0,639,359
2170,26884,26882977,11103,250,-1,-1,1,527,88.1,1,-1.0,0,0,0,639,359
2171,26895,26894095,11118,250,-1,-1,1,545,88.1,0,-1.0,0,0,0,639,359
2172,26906,26905202,11107,250,-1,-1,1,629,88.0,0,-1.0,0,0,0,639,359
2173,26917,26916309,11107,250,-1,-1,1,626,88.1,0,-1.0,0,0,0,639,359
2174,26928,26927417,11108,250,-1,-1,1,526,88.1,0,-1.0,0,0,0,639,359
2175,26939,26938527,11110,250,-1,-1,1,525,88.2,0,-1.0,0,0,0,639,359
2176,26950,26949634,11107,250,-1,-1,1,528,88.2,0,-1.0,0,0,0,639,359
2177,26962,26960741,11107,250,-1,-1,1,525,88.3,0,-1.0,0,0,0,639,359
2178,26973,26971853,11112,250,-1,-1,1,526,88.3,0,-1.0,0,0,0,639,359
2179,26984,26982965,11112,250,-1,-1,1,525,88.4,1,-1.0,0,0,0,639,359
2180,26995,26994075,11110,250,-1,-1,1,546,88.4,0,-1.0,0,0,0,639,359
2181,27006,27005185,11110,250,-1,-1,1,628,88.3,0,-1.0,0,0,0,639,359
2182,27017,27016293,11108,250,-1,-1,1,634,88.4,0,-1.0,0,0,0,639,359
2183,27028,27027407,11114,250,-1,-1,1,526,88.4,0,-1.0,0,0,0,639,359
2184,27039,27038506,11099,250,-1,-1,1,526,88.5,0,-1.0,0,0,0,639,359
2185,27050,27049621,11115,250,-1,-1,1,525,88.5,0,-1.0,0,0,0,639,359
2186,27062,27060723,11102,250,-1,-1,1,526,88.5,0,-1.0,0,0,0,639,359
2187,27073,27071837,11114,250,-1,-1,1,526,88.6,0,-1.0,0,0,0,639,359
2188,27084,27082946,11109,250,-1,-1,1,526,88.6,1,-1.0,0,0,0,639,359
2189,27095,27094059,11113,250,-1,-1,1,531,88.7,0,-1.0,0,0,0,639,359
2190,27106,27105165,11106,250,-1,-1,1,630,88.6,0,-1.0,0,0,0,639,359
2191,27117,27116273,11108,250,-1,-1,1,629,88.6,0,-1.0,0,0,0,639,359
2192,27128,27127385,11112,250,-1,-1,1,525,88.6,0,-1.0,0,0,0,639,359
2193,27139,27138495,11110,250,-1,-1,1,523,88.7,0,-1.0,0,0,0,639,359
2194,27150,27149599,11104,250,-1,-1,1,525,88.7,0,-1.0,0,0,0,639,359
2195,27162,27160712,11113,250,-1,-1,1,524,88.7,0,-1.0,0,0,0,639,359
2196,27173,27171820,11108,250,-1,-1,1,525,88.8,0,-1.0,0,0,0,639,359
2197,27184,27182929,11109,250,-1,-1,1,529,88.8,1,-1.0,0,0,0,639,359
2198,27195,27194041,11112,250,-1,-1,1,540,88.8,0,-1.0,0,0,0,639,359
2199,27206,27205153,11112,250,-1,-1,1,627,88.8,0,-1.0,0,0,0,639,359
2200,27217,27216256,11103,250,-1,-1,1,628,88.8,0,-1.0,0,0,0,639,359
2201,27228,27227365,11109,250,-1,-1,1,526,88.8,0,-1.0,0,0,0,639,359
2202,27239,27238473,11108,250,-1,-1,1,527,88.8,0,-1.0,0,0,0,639,359
2203,27250,27249586,11113,250,-1,-1,1,526,88.9,0,-1.0,0,0,0,639,359
2204,27261,27260693,11107,250,-1,-1,1,525,88.9,0,-1.0,0,0,0,639,359
2205,27273,27271805,11112,250,-1,-1,1,525,88.9,0,-1.0,0,0,0,639,359
2206,27284,27282911,11106,250,-1,-1,1,525,88.9,1,-1.0,0,0,0,639,359
2207,27295,27294027,11116,250,-1,-1,1,544,89.0,0,-1.0,0,0,0,639,359
2208,27306,27305130,11103,250,-1,-1,1,629,88.9,0,-1.0,0,0,0,639,359
2209,27317,27316244,11114,250,-1,-1,1,628,88.9,0,-1.0,0,0,0,639,359
2210,27328,27327347,11103,250,-1,-1,1,526,88.9,0,-1.0,0,0,0,639,359
2211,27339,27338458,11111,250,-1,-1,1,528,89.0,0,-1.0,0,0,0,639,359
2212,27350,27349567,11109,250,-1,-1,1,526,89.0,0,-1.0,0,0,0,639,359
2213,27361,27360674,11107,250,-1,-1,1,525,89.0,0,-1.0,0,0,0,639,359
2214,27373,27371785,11111,250,-1,-1,1,525,89.0,0,-1.0,0,0,0,639,359
2215,27384,27382895,11110,250,-1,-1,1,528,89.0,1,-1.0,0,0,0,639,359
2216,27395,27394007,11112,250,-1,-1,1,546,89.1,0,-1.0,0,0,0,639,359
2217,27406,27405119,11112,250,-1,-1,1,629,89.0,0,-1.0,0,0,0,639,359
2218,27430,27427328,22209,250,-1,-1,1,611,41.7,0,-1.0,0,0,0,639,359
2219,27439,27438442,11114,250,-1,-1,1,528,60.6,0,-1.0,0,0,0,639,359
2220,27450,27449548,11106,250,-1,-1,1,527,68.2,0,-1.0,0,0,0,639,359
2221,27461,27460656,11108,250,-1,-1,1,524,72.7,0,-1.0,0,0,0,639,359
2222,27473,27471771,11115,250,-1,-1,1,525,75.8,0,-1.0,0,0,0,639,359
2223,27484,27482879,11108,250,-1,-1,1,526,77.9,0,-1.0,0,0,0,639,359
2224,27495,27493988,11109,250,-1,-1,1,525,79.5,1,-1.0,0,0,0,639,359
2225,27506,27505098,11110,250,-1,-1,1,543,80.8,0,-1.0,0,0,0,639,359
2226,27517,27516206,11108,250,-1,-1,1,632,81.1,0,-1.0,0,0,0,639,359
2227,27528,27527312,11106,250,-1,-1,1,624,82.0,0,-1.0,0,0,0,639,359
2228,27539,27538425,11113,250,-1,-1,1,528,82.7,0,-1.0,0,0,0,639,359
2229,27550,27549534,11109,250,-1,-1,1,526,83.3,0,-1.0,0,0,0,639,359
2230,27561,27560640,11106,250,-1,-1,1,526,83.9,0,-1.0,0,0,0,639,359
2231,27573,27571753,11113,250,-1,-1,1,525,84.3,0,-1.0,0,0,0,639,359
2232,27584,27582862,11109,250,-1,-1,1,526,84.7,0,-1.0,0,0,0,639,359
2233,27595,27593968,11106,250,-1,-1,1,526,85.1,1,-1.0,0,0,0,639,359
2234,27606,27605089,11121,250,-1,-1,1,544,85.4,0,-1.0,0,0,0,639,359
2235,27617,27616187,11098,250,-1,-1,1,633,85.3,0,-1.0,0,0,0,639,359
2236,27628,27627309,11122,250,-1,-1,1,627,85.6,0,-1.0,0,0,0,639,359
2237,27639,27638408,11099,250,-1,-1,1,526,85.8,0,-1.0,0,0,0,639,359
2238,27650,27649515,11107,250,-1,-1,1,527,86.1,0,-1.0,0,0,0,639,359
2239,27661,27660625,11110,250,-1,-1,1,526,86.3,0,-1.0,0,0,0,639,359
2240,27673,27671733,11108,250,-1,-1,1,527,86.5,0,-1.0,0,0,0,639,359
2241,27684,27682841,11108,250,-1,-1,1,524,86.6,0,-1.0,0,0,0,639,359
2242,27695,27693954,11113,250,-1,-1,1,525,86.8,1,-1.0,0,0,0,639,359
2243,27706,27705064,11110,250,-1,-1,1,546,87.0,0,-1.0,0,0,0,639,359
2244,27717,27716178,11114,250,-1,-1,1,635,86.8,0,-1.0,0,0,0,639,359
2245,27728,27727280,11102,250,-1,-1,1,633,87.0,0,-1.0,0,0,0,639,359
2246,27739,27738395,11115,250,-1,-1,1,526,87.1,0,-1.0,0,0,0,639,359
2247,27750,27749499,11104,250,-1,-1,1,527,87.2,0,-1.0,0,0,0,639,359
2248,27761,27760606,11107,250,-1,-1,1,527,87.3,0,-1.0,0,0,0,639,359
2249,27773,27771715,11109,250,-1,-1,1,526,87.4,0,-1.0,0,0,0,639,359
2250,27818,27782828,11113,250,-1,-1,1,607,80.3,0,-1.0,0,0,0,639,359
2251,27818,27816139,33311,250,-1,-1,1,600,82.5,1,-1.0,0,0,0,639,359
2252,27828,27827272,11133,250,-1,-1,1,523,82.9,0,-1.0,0,0,0,639,359
2253,27839,27838373,11101,250,-1,-1,1,539,83.1,0,-1.0,0,0,0,639,359
2254,27850,27849482,11109,250,-1,-1,1,526,83.3,0,-1.0,0,0,0,639,359
2255,27861,27860590,11108,250,-1,-1,1,547,83.5,0,-1.0,0,0,0,639,359
2256,27873,27871708,11118,250,-1,-1,1,528,83.7,0,-1.0,0,0,0,639,359
2257,27884,27882813,11105,250,-1,-1,1,526,83.9,0,-1.0,0,0,0,639,359
2258,27895,27894036,11223,250,-1,-1,1,527,84.0,0,-1.0,0,0,0,639,359
2259,27906,27905027,10991,250,-1,-1,1,527,84.2,0,-1.0,0,0,0,639,359
2260,27917,27916137,11110,250,-1,-1,1,525,84.3,1,-1.0,0,0,0,639,359
2261,27928,27927249,11112,250,-1,-1,1,526,84.3,0,-1.0,0,0,0,639,359
2262,27939,27938359,11110,250,-1,-1,1,628,84.4,0,-1.0,0,0,0,639,359
2263,27950,27949467,11108,250,-1,-1,1,526,84.6,0,-1.0,0,0,0,639,359
2264,27961,27960574,11107,250,-1,-1,1,524,84.7,0,-1.0,0,0,0,639,359
2265,27973,27971683,11109,250,-1,-1,1,524,84.8,0,-1.0,0,0,0,639,359
2266,27984,27982795,11112,250,-1,-1,1,526,84.9,0,-1.0,0,0,0,639,359
2267,27995,27993899,11104,250,-1,-1,1,526,85.0,0,-1.0,0,0,0,639,359
2268,28006,28005012,11113,250,-1,-1,1,525,85.1,0,-1.0,0,0,0,639,359
2269,28017,28016120,11108,250,-1,-1,1,527,85.2,1,-1.0,0,0,0,639,359
2270,28028,28027233,11113,250,-1,-1,1,540,85.2,0,-1.0,0,0,0,639,359
2271,28039,28038339,11106,250,-1,-1,1,630,85.3,0,-1.0,0,0,0,639,359
2272,28050,28049450,11111,250,-1,-1,1,631,85.4,0,-1.0,0,0,0,639,359
2273,28061,28060557,11107,250,-1,-1,1,528,85.5,0,-1.0,0,0,0,639,359
2274,28072,28071664,11107,250,-1,-1,1,525,85.6,0,-1.0,0,0,0,639,359
2275,28084,28082773,11109,250,-1,-1,1,528,85.7,0,-1.0,0,0,0,639,359
2276,28095,28093883,11110,250,-1,-1,1,525,85.8,0,-1.0,0,0,0,639,359
2277,28106,28104996,11113,250,-1,-1,1,525,85.8,0,-1.0,0,0,0,639,359
2278,28117,28116106,11110,250,-1,-1,1,525,85.9,1,-1.0,0,0,0,639,359
2279,28128,28127217,11111,250,-1,-1,1,546,85.9,0,-1.0,0,0,0,639,359
2280,28139,28138326,11109,250,-1,-1,1,628,85.9,0,-1.0,0,0,0,639,359
2281,28150,28149431,11105,250,-1,-1,1,608,86.0,0,-1.0,0,0,0,639,359
2282,28161,28160541,11110,250,-1,-1,1,526,86.1,0,-1.0,0,0,0,639,359
2283,28172,28171647,11106,250,-1,-1,1,526,86.2,0,-1.0,0,0,0,639,359
2284,28184,28182757,11110,250,-1,-1,1,525,86.2,0,-1.0,0,0,0,639,359
2285,28196,28193864,11107,250,-1,-1,1,527,86.2,0,-1.0,0,0,0,639,359
2286,28206,28204979,11115,250,-1,-1,1,525,86.4,0,-1.0,0,0,0,639,359
2287,28217,28216084,11105,250,-1,-1,1,525,86.4,1,-1.0,0,0,0,639,359
2288,28228,28227202,11118,250,-1,-1,1,546,86.4,0,-1.0,0,0,0,639,359
2289,28239,28238305,11103,250,-1,-1,1,626,86.4,0,-1.0,0,0,0,639,359
2290,28250,28249419,11114,250,-1,-1,1,631,86.5,0,-1.0,0,0,0,639,359
2291,28261,28260526,11107,250,-1,-1,1,525,86.5,0,-1.0,0,0,0,639,359
2292,28272,28271633,11107,250,-1,-1,1,524,86.6,0,-1.0,0,0,0,639,359
2293,28284,28282740,11107,250,-1,-1,1,527,86.7,0,-1.0,0,0,0,639,359
2294,28295,28293849,11109,250,-1,-1,1,526,86.7,0,-1.0,0,0,0,639,359
2295,28306,28304957,11108,250,-1,-1,1,524,86.8,0,-1.0,0,0,0,639,359
2296,28317,28316068,11111,250,-1,-1,1,526,86.8,1,-1.0,0,0,0,639,359
2297,28328,28327178,11110,250,-1,-1,1,529,86.8,0,-1.0,0,0,0,639,359
2298,28339,28338290,11112,250,-1,-1,1,631,86.8,0,-1.0,0,0,0,639,359
2299,28350,28349399,11109,250,-1,-1,1,630,86.9,0,-1.0,0,0,0,639,359
2300,28361,28360506,11107,250,-1,-1,1,526,86.9,0,-1.0,0,0,0,639,359
2301,28372,28371613,11107,250,-1,-1,1,527,87.0,0,-1.0,0,0,0,639,359
2302,28384,28382724,11111,250,-1,-1,1,523,87.0,0,-1.0,0,0,0,639,359
2303,28395,28393831,11107,250,-1,-1,1,525,87.0,0,-1.0,0,0,0,639,359
2304,28406,28404942,11111,250,-1,-1,1,524,87.1,0,-1.0,0,0,0,639,359
2305,28417,28416053,11111,250,-1,-1,1,525,87.1,1,-1.0,0,0,0,639,359
2306,28456,28449373,33320,250,-1,-1,1,604,25.6,0,-1.0,0,0,0,639,359
2307,28461,28460499,11126,250,-1,-1,1,608,45.5,0,-1.0,0,0,0,639,359
2308,28472,28471598,11099,250,-1,-1,1,526,54.5,0,-1.0,0,0,0,639,359
2309,28484,28482705,11107,250,-1,-1,1,525,60.6,0,-1.0,0,0,0,639,359
2310,28495,28493815,11110,250,-1,-1,1,526,64.9,0,-1.0,0,0,0,639,359
2311,28506,28504922,11107,250,-1,-1,1,549,68.2,0,-1.0,0,0,0,639,359
2312,28517,28516032,11110,250,-1,-1,1,525,70.7,0,-1.0,0,0,0,639,359
2313,28528,28527143,11111,250,-1,-1,1,525,72.7,0,-1.0,0,0,0,639,359
2314,28539,28538250,11107,250,-1,-1,1,525,73.8,1,-1.0,0,0,0,639,359
2315,28550,28549365,11115,250,-1,-1,1,546,75.2,0,-1.0,0,0,0,639,359
2316,28561,28560473,11108,250,-1,-1,1,625,76.4,0,-1.0,0,0,0,639,359
2317,28572,28571581,11108,250,-1,-1,1,628,77.4,0,-1.0,0,0,0,639,359
2318,28584,28582692,11111,250,-1,-1,1,525,78.3,0,-1.0,0,0,0,639,359
2319,28595,28593797,11105,250,-1,-1,1,526,79.1,0,-1.0,0,0,0,639,359
2320,28606,28604908,11111,250,-1,-1,1,525,79.8,0,-1.0,0,0,0,639,359
2321,28617,28616013,11105,250,-1,-1,1,525,80.4,0,-1.0,0,0,0,639,359
2322,28628,28627127,11114,250,-1,-1,1,525,81.0,0,-1.0,0,0,0,639,359
2323,28639,28638238,11111,250,-1,-1,1,525,81.1,1,-1.0,0,0,0,639,359
2324,28650,28649351,11113,250,-1,-1,1,545,81.5,0,-1.0,0,0,0,639,359
2325,28661,28660456,11105,250,-1,-1,1,627,82.0,0,-1.0,0,0,0,639,359
2326,28672,28671567,11111,250,-1,-1,1,633,82.4,0,-1.0,0,0,0,639,359
2327,28683,28682675,11108,250,-1,-1,1,525,82.7,0,-1.0,0,0,0,639,359
2328,28695,28693781,11106,250,-1,-1,1,528,83.0,0,-1.0,0,0,0,639,359
2329,28706,28704890,11109,250,-1,-1,1,526,83.3,0,-1.0,0,0,0,639,359
2330,28717,28716001,11111,250,-1,-1,1,524,83.6,0,-1.0,0,0,0,639,359
2331,28728,28727108,11107,250,-1,-1,1,526,83.9,0,-1.0,0,0,0,639,359
2332,28739,28738218,11110,250,-1,-1,1,524,83.9,1,-1.0,0,0,0,639,359
2333,28750,28749331,11113,250,-1,-1,1,545,84.1,0,-1.0,0,0,0,639,359
2334,28761,28760438,11107,250,-1,-1,1,630,84.3,0,-1.0,0,0,0,639,359
2335,28772,28771543,11105,250,-1,-1,1,630,84.5,0,-1.0,0,0,0,639,359
2336,28783,28782661,11118,250,-1,-1,1,526,84.7,0,-1.0,0,0,0,639,359
2337,28795,28793761,11100,250,-1,-1,1,524,84.9,0,-1.0,0,0,0,639,359
2338,28806,28804875,11114,250,-1,-1,1,525,85.1,0,-1.0,0,0,0,639,359
2339,28817,28815979,11104,250,-1,-1,1,526,85.2,0,-1.0,0,0,0,639,359
2340,28866,28827094,11115,250,-1,-1,1,661,78.0,0,-1.0,0,0,0,639,359
2341,28867,28860405,33311,250,-1,-1,1,601,80.0,1,-1.0,0,0,0,639,359
2342,28872,28871544,11139,250,-1,-1,1,525,81.3,0,-1.0,0,0,0,639,359
2343,28883,28882639,11095,250,-1,-1,1,524,81.5,0,-1.0,0,0,0,639,359
2344,28895,28893747,11108,250,-1,-1,1,526,81.8,0,-1.0,0,0,0,639,359
2345,28906,28904855,11108,250,-1,-1,1,631,82.0,0,-1.0,0,0,0,639,359
2346,28917,28915969,11114,250,-1,-1,1,545,82.2,0,-1.0,0,0,0,639,359
2347,28928,28927078,11109,250,-1,-1,1,632,82.2,0,-1.0,0,0,0,639,359
2348,28939,28938186,11108,250,-1,-1,1,629,82.4,0,-1.0,0,0,0,639,359
2349,28950,28949292,11106,250,-1,-1,1,524,82.6,0,-1.0,0,0,0,639,359
2350,28961,28960404,11112,250,-1,-1,1,524,82.7,1,-1.0,0,0,0,639,359
2351,28972,28971514,11110,250,-1,-1,1,545,82.9,0,-1.0,0,0,0,639,359
2352,28983,28982626,11112,250,-1,-1,1,632,83.0,0,-1.0,0,0,0,639,359
2353,28995,28993730,11104,250,-1,-1,1,599,83.2,0,-1.0,0,0,0,639,359
2354,29006,29004843,11113,250,-1,-1,1,527,83.3,0,-1.0,0,0,0,639,359
2355,29017,29015947,11104,250,-1,-1,1,528,83.5,0,-1.0,0,0,0,639,359
2356,29028,29027058,11111,250,-1,-1,1,527,83.6,0,-1.0,0,0,0,639,359
2357,29039,29038168,11110,250,-1,-1,1,524,83.6,0,-1.0,0,0,0,639,359
2358,29050,29049279,11111,250,-1,-1,1,525,83.7,0,-1.0,0,0,0,639,359
2359,29061,29060385,11106,250,-1,-1,1,525,83.9,1,-1.0,0,0,0,639,359
2360,29072,29071501,11116,250,-1,-1,1,549,84.0,0,-1.0,0,0,0,639,359
2361,29083,29082605,11104,250,-1,-1,1,633,84.1,0,-1.0,0,0,0,639,359
2362,29095,29093712,11107,250,-1,-1,1,626,84.2,0,-1.0,0,0,0,639,359
2363,29106,29104821,11109,250,-1,-1,1,526,84.3,0,-1.0,0,0,0,639,359
2364,29117,29115933,11112,250,-1,-1,1,528,84.4,0,-1.0,0,0,0,639,359
2365,29128,29127040,11107,250,-1,-1,1,526,84.5,0,-1.0,0,0,0,639,359
2366,29139,29138150,11110,250,-1,-1,1,526,84.6,0,-1.0,0,0,0,639,359
2367,29150,29149256,11106,250,-1,-1,1,524,84.6,0,-1.0,0,0,0,639,359
2368,29161,29160371,11115,250,-1,-1,1,525,84.7,1,-1.0,0,0,0,639,359
2369,29172,29171484,11113,250,-1,-1,1,546,84.8,0,-1.0,0,0,0,639,359
2370,29183,29182589,11105,250,-1,-1,1,628,84.9,0,-1.0,0,0,0,639,359
2371,29195,29193697,11108,250,-1,-1,1,633,84.9,0,-1.0,0,0,0,639,359
2372,29206,29204811,11114,250,-1,-1,1,526,85.0,0,-1.0,0,0,0,639,359
2373,29217,29215912,11101,250,-1,-1,1,527,85.1,0,-1.0,0,0,0,639,359
2374,29228,29227023,11111,250,-1,-1,1,526,85.2,0,-1.0,0,0,0,639,359
2375,29239,29238130,11107,250,-1,-1,1,526,85.3,0,-1.0,0,0,0,639,359
2376,29250,29249244,11114,250,-1,-1,1,527,85.2,0,-1.0,0,0,0,639,359
2377,29261,29260350,11106,250,-1,-1,1,526,85.3,1,-1.0,0,0,0,639,359
2378,29272,29271463,11113,250,-1,-1,1,547,85.4,0,-1.0,0,0,0,639,359
2379,29283,29282569,11106,250,-1,-1,1,628,85.5,0,-1.0,0,0,0,639,359
2380,29295,29293679,11110,250,-1,-1,1,632,85.5,0,-1.0,0,0,0,639,359
2381,29306,29304790,11111,250,-1,-1,1,524,85.6,0,-1.0,0,0,0,639,359
2382,29317,29315896,11106,250,-1,-1,1,524,85.7,0,-1.0,0,0,0,639,359
2383,29328,29327002,11106,250,-1,-1,1,525,85.7,0,-1.0,0,0,0,639,359
2384,29339,29338115,11113,250,-1,-1,1,524,85.8,0,-1.0,0,0,0,639,359
2385,29350,29349223,11108,250,-1,-1,1,524,85.7,0,-1.0,0,0,0,639,359
2386,29361,29360328,11105,250,-1,-1,1,528,85.8,1,-1.0,0,0,0,639,359
2387,29372,29371444,11116,250,-1,-1,1,544,85.9,0,-1.0,0,0,0,639,359
2388,29383,29382557,11113,250,-1,-1,1,627,85.9,0,-1.0,0,0,0,639,359
2389,29395,29393666,11109,250,-1,-1,1,631,86.0,0,-1.0,0,0,0,639,359
2390,29406,29404772,11106,250,-1,-1,1,526,86.0,0,-1.0,0,0,0,639,359
2391,29417,29415877,11105,250,-1,-1,1,524,86.1,0,-1.0,0,0,0,639,359
2392,29428,29426989,11112,250,-1,-1,1,525,86.1,0,-1.0,0,0,0,639,359
2393,29442,29438099,11110,250,-1,-1,1,525,66.7,0,-1.0,0,0,0,639,359
2394,29450,29449212,11113,250,-1,-1,1,525,87.0,0,-1.0,0,0,0,639,359
2395,29461,29460316,11104,250,-1,-1,1,524,88.2,1,-1.0,0,0,0,639,359
2396,29472,29471430,11114,250,-1,-1,1,545,88.9,0,-1.0,0,0,0,639,359
2397,29483,29482566,11136,250,-1,-1,1,632,89.3,0,-1.0,0,0,0,639,359
2398,29495,29493647,11081,250,-1,-1,1,636,89.6,0,-1.0,0,0,0,639,359
2399,29506,29504750,11103,250,-1,-1,1,526,89.7,0,-1.0,0,0,0,639,359
2400,29517,29515864,11114,250,-1,-1,1,526,89.9,0,-1.0,0,0,0,639,359
2401,29528,29526970,11106,250,-1,-1,1,525,90.0,0,-1.0,0,0,0,639,359
2402,29539,29538078,11108,250,-1,-1,1,527,90.1,0,-1.0,0,0,0,639,359
2403,29550,29549187,11109,250,-1,-1,1,528,89.4,0,-1.0,0,0,0,639,359
2404,29561,29560299,11112,250,-1,-1,1,525,89.6,1,-1.0,0,0,0,639,359
2405,29572,29571414,11115,250,-1,-1,1,547,89.7,0,-1.0,0,0,0,639,359
2406,29583,29582546,11132,250,-1,-1,1,634,89.7,0,-1.0,0,0,0,639,359
2407,29594,29593625,11079,250,-1,-1,1,632,89.8,0,-1.0,0,0,0,639,359
2408,29606,29604741,11116,250,-1,-1,1,523,89.9,0,-1.0,0,0,0,639,359
2409,29617,29615843,11102,250,-1,-1,1,528,89.9,0,-1.0,0,0,0,639,359
2410,29628,29626957,11114,250,-1,-1,1,528,90.0,0,-1.0,0,0,0,639,359
2411,29639,29638065,11108,250,-1,-1,1,528,90.0,0,-1.0,0,0,0,639,359
2412,29650,29649173,11108,250,-1,-1,1,526,89.7,0,-1.0,0,0,0,639,359
2413,29661,29660281,11108,250,-1,-1,1,527,89.7,1,-1.0,0,0,0,639,359
2414,29672,29671399,11118,250,-1,-1,1,546,89.8,0,-1.0,0,0,0,639,359
2415,29683,29682553,11154,250,-1,-1,1,634,89.8,0,-1.0,0,0,0,639,359
2416,29694,29693611,11058,250,-1,-1,1,627,89.9,0,-1.0,0,0,0,639,359
2417,29706,29704726,11115,250,-1,-1,1,523,89.9,0,-1.0,0,0,0,639,359
2418,29717,29715827,11101,250,-1,-1,1,525,90.0,0,-1.0,0,0,0,639,359
2419,29728,29726938,11111,250,-1,-1,1,527,90.0,0,-1.0,0,0,0,639,359
2420,29739,29738046,11108,250,-1,-1,1,529,90.0,0,-1.0,0,0,0,639,359
2421,29750,29749155,11109,250,-1,-1,1,525,90.1,0,-1.0,0,0,0,639,359
2422,29761,29760265,11110,250,-1,-1,1,526,89.8,1,-1.0,0,0,0,639,359
2423,29772,29771377,11112,250,-1,-1,1,548,89.9,0,-1.0,0,0,0,639,359
2424,29783,29782528,11151,250,-1,-1,1,630,89.9,0,-1.0,0,0,0,639,359
2425,29794,29793595,11067,250,-1,-1,1,628,89.9,0,-1.0,0,0,0,639,359
2426,29806,29804706,11111,250,-1,-1,1,524,89.9,0,-1.0,0,0,0,639,359
2427,29817,29815810,11104,250,-1,-1,1,525,90.0,0,-1.0,0,0,0,639,359
2428,29828,29826920,11110,250,-1,-1,1,523,90.0,0,-1.0,0,0,0,639,359
2429,29839,29838027,11107,250,-1,-1,1,525,90.0,0,-1.0,0,0,0,639,359
2430,29894,29849140,11113,250,-1,-1,1,611,81.4,0,-1.0,0,0,0,639,359
2431,29895,29893564,44424,250,-1,-1,1,599,83.3,1,-1.0,0,0,0,639,359
2432,29906,29904687,11123,250,-1,-1,1,582,83.7,0,-1.0,0,0,0,639,359
2433,29917,29915796,11109,250,-1,-1,1,526,83.8,0,-1.0,0,0,0,639,359
2434,29928,29926901,11105,250,-1,-1,1,525,84.0,0,-1.0,0,0,0,639,359
2435,29939,29938020,11119,250,-1,-1,1,547,84.1,0,-1.0,0,0,0,639,359
2436,29950,29949125,11105,250,-1,-1,1,632,84.1,0,-1.0,0,0,0,639,359
2437,29961,29960236,11111,250,-1,-1,1,526,84.3,0,-1.0,0,0,0,639,359
2438,29973,29971343,11107,250,-1,-1,1,545,84.4,0,-1.0,0,0,0,639,359
2439,29983,29982453,11110,250,-1,-1,1,525,84.5,0,-1.0,0,0,0,639,359
2440,29994,29993558,11105,250,-1,-1,1,528,84.7,1,-1.0,0,0,0,639,359
2441,30006,30004675,11117,250,-1,-1,1,590,84.8,0,-1.0,0,0,0,639,359
2442,30017,30015778,11103,250,-1,-1,1,629,84.9,0,-1.0,0,0,0,639,359
2443,30028,30026888,11110,250,-1,-1,1,631,85.0,0,-1.0,0,0,0,639,359
2444,30039,30037994,11106,250,-1,-1,1,528,85.1,0,-1.0,0,0,0,639,359
2445,30050,30049102,11108,250,-1,-1,1,529,85.2,0,-1.0,0,0,0,639,359
2446,30061,30060208,11106,250,-1,-1,1,528,85.2,0,-1.0,0,0,0,639,359
2447,30072,30071321,11113,250,-1,-1,1,526,85.3,0,-1.0,0,0,0,639,359
2448,30083,30082430,11109,250,-1,-1,1,526,85.4,0,-1.0,0,0,0,639,359
2449,30094,30093540,11110,250,-1,-1,1,527,85.5,1,-1.0,0,0,0,639,359
2450,30106,30104655,11115,250,-1,-1,1,545,85.5,0,-1.0,0,0,0,639,359
2451,30117,30115819,11164,250,-1,-1,1,632,85.6,0,-1.0,0,0,0,639,359
2452,30128,30126867,11048,250,-1,-1,1,633,85.7,0,-1.0,0,0,0,639,359
2453,30139,30137981,11114,250,-1,-1,1,527,85.8,0,-1.0,0,0,0,639,359
2454,30150,30149086,11105,250,-1,-1,1,524,85.9,0,-1.0,0,0,0,639,359
2455,30161,30160196,11110,250,-1,-1,1,527,85.8,0,-1.0,0,0,0,639,359
2456,30172,30171303,11107,250,-1,-1,1,526,85.9,0,-1.0,0,0,0,639,359
2457,30183,30182412,11109,250,-1,-1,1,526,86.0,0,-1.0,0,0,0,639,359
2458,30194,30193520,11108,250,-1,-1,1,524,86.0,1,-1.0,0,0,0,639,359
2459,30205,30204642,11122,250,-1,-1,1,528,86.1,0,-1.0,0,0,0,639,359
2460,30217,30215763,11121,250,-1,-1,1,630,86.2,0,-1.0,0,0,0,639,359
2461,30228,30226853,11090,250,-1,-1,1,632,86.2,0,-1.0,0,0,0,639,359
2462,30239,30237963,11110,250,-1,-1,1,524,86.3,0,-1.0,0,0,0,639,359
2463,30250,30249069,11106,250,-1,-1,1,526,86.4,0,-1.0,0,0,0,639,359
2464,30261,30260179,11110,250,-1,-1,1,525,86.3,0,-1.0,0,0,0,639,359
2465,30272,30271290,11111,250,-1,-1,1,526,86.4,0,-1.0,0,0,0,639,359
2466,30283,30282396,11106,250,-1,-1,1,527,86.4,0,-1.0,0,0,0,639,359
2467,30294,30293506,11110,250,-1,-1,1,525,86.5,1,-1.0,0,0,0,639,359
2468,30305,30304621,11115,250,-1,-1,1,530,86.6,0,-1.0,0,0,0,639,359
2469,30317,30315741,11120,250,-1,-1,1,631,86.6,0,-1.0,0,0,0,639,359
2470,30328,30326835,11094,250,-1,-1,1,632,86.7,0,-1.0,0,0,0,639,359
2471,30339,30337943,11108,250,-1,-1,1,526,86.7,0,-1.0,0,0,0,639,359
2472,30350,30349055,11112,250,-1,-1,1,525,86.8,0,-1.0,0,0,0,639,359
2473,30361,30360164,11109,250,-1,-1,1,525,86.8,0,-1.0,0,0,0,639,359
2474,30372,30371271,11107,250,-1,-1,1,525,86.8,0,-1.0,0,0,0,639,359
2475,30383,30382385,11114,250,-1,-1,1,525,86.8,0,-1.0,0,0,0,639,359
2476,30394,30393490,11105,250,-1,-1,1,525,86.9,1,-1.0,0,0,0,639,359
2477,30405,30404605,11115,250,-1,-1,1,665,86.9,0,-1.0,0,0,0,639,359
2478,30417,30415719,11114,250,-1,-1,1,629,87.0,0,-1.0,0,0,0,639,359
2479,30428,30426821,11102,250,-1,-1,1,632,87.0,0,-1.0,0,0,0,639,359
2480,30443,30437926,11105,250,-1,-1,1,524,66.7,0,-1.0,0,0,0,639,359
2481,30450,30449036,11110,250,-1,-1,1,524,90.9,0,-1.0,0,0,0,639,359
2482,30461,30460145,11109,250,-1,-1,1,525,90.9,0,-1.0,0,0,0,639,359
2483,30472,30471255,11110,250,-1,-1,1,526,88.9,0,-1.0,0,0,0,639,359
2484,30483,30482363,11108,250,-1,-1,1,525,89.3,0,-1.0,0,0,0,639,359
2485,30494,30493473,11110,250,-1,-1,1,525,89.6,1,-1.0,0,0,0,639,359
2486,30505,30504584,11111,250,-1,-1,1,545,89.7,0,-1.0,0,0,0,639,359
2487,30517,30515728,11144,250,-1,-1,1,724,89.9,0,-1.0,0,0,0,639,359
2488,30528,30526805,11077,250,-1,-1,1,633,90.0,0,-1.0,0,0,0,639,359
2489,30539,30537911,11106,250,-1,-1,1,525,90.1,0,-1.0,0,0,0,639,359
2490,30550,30549016,11105,250,-1,-1,1,529,90.2,0,-1.0,0,0,0,639,359
2491,30561,30560128,11112,250,-1,-1,1,527,90.2,0,-1.0,0,0,0,639,359
2492,30572,30571234,11106,250,-1,-1,1,527,89.7,0,-1.0,0,0,0,639,359
2493,30583,30582346,11112,250,-1,-1,1,525,89.7,0,-1.0,0,0,0,639,359
2494,30594,30593454,11108,250,-1,-1,1,526,89.8,1,-1.0,0,0,0,639,359
2495,30605,30604569,11115,250,-1,-1,1,526,89.9,0,-1.0,0,0,0,639,359
2496,30617,30615736,11167,250,-1,-1,1,633,89.9,0,-1.0,0,0,0,639,359
2497,30628,30626785,11049,250,-1,-1,1,628,90.0,0,-1.0,0,0,0,639,359
2498,30639,30637892,11107,250,-1,-1,1,524,90.0,0,-1.0,0,0,0,639,359
2499,30650,30649003,11111,250,-1,-1,1,526,90.1,0,-1.0,0,0,0,639,359
2500,30661,30660111,11108,250,-1,-1,1,527,90.1,0,-1.0,0,0,0,639,359
2501,30672,30671218,11107,250,-1,-1,1,528,89.8,0,-1.0,0,0,0,639,359
2502,30683,30682329,11111,250,-1,-1,1,527,89.8,0,-1.0,0,0,0,639,359
2503,30694,30693438,11109,250,-1,-1,1,525,89.9,1,-1.0,0,0,0,639,359
2504,30705,30704551,11113,250,-1,-1,1,528,89.9,0,-1.0,0,0,0,639,359
2505,30717,30715682,11131,250,-1,-1,1,629,90.0,0,-1.0,0,0,0,639,359
2506,30728,30726765,11083,250,-1,-1,1,629,90.0,0,-1.0,0,0,0,639,359
2507,30739,30737877,11112,250,-1,-1,1,526,90.0,0,-1.0,0,0,0,639,359
2508,30750,30748984,11107,250,-1,-1,1,524,90.1,0,-1.0,0,0,0,639,359
2509,30761,30760095,11111,250,-1,-1,1,526,90.1,0,-1.0,0,0,0,639,359
2510,30772,30771202,11107,250,-1,-1,1,526,89.9,0,-1.0,0,0,0,639,359
2511,30783,30782317,11115,250,-1,-1,1,526,89.9,0,-1.0,0,0,0,639,359
2512,30794,30793420,11103,250,-1,-1,1,526,89.9,1,-1.0,0,0,0,639,359
2513,30805,30804535,11115,250,-1,-1,1,539,89.9,0,-1.0,0,0,0,639,359
2514,30817,30815658,11123,250,-1,-1,1,632,90.0,0,-1.0,0,0,0,639,359
2515,30828,30826750,11092,250,-1,-1,1,633,90.0,0,-1.0,0,0,0,639,359
2516,30839,30837863,11113,250,-1,-1,1,530,90.0,0,-1.0,0,0,0,639,359
2517,30850,30848969,11106,250,-1,-1,1,524,90.0,0,-1.0,0,0,0,639,359
2518,30861,30860075,11106,250,-1,-1,1,524,90.1,0,-1.0,0,0,0,639,359
2519,30872,30871184,11109,250,-1,-1,1,525,89.9,0,-1.0,0,0,0,639,359
2520,30932,30882291,11107,250,-1,-1,1,607,81.2,0,-1.0,0,0,0,639,359
2521,30933,30926718,44427,250,-1,-1,1,636,83.0,1,-1.0,0,0,0,639,359
2522,30939,30937855,11137,250,-1,-1,1,526,84.1,0,-1.0,0,0,0,639,359
2523,30950,30948952,11097,250,-1,-1,1,525,84.3,0,-1.0,0,0,0,639,359
2524,30961,30960061,11109,250,-1,-1,1,523,84.4,0,-1.0,0,0,0,639,359
2525,30972,30971167,11106,250,-1,-1,1,627,84.4,0,-1.0,0,0,0,639,359
2526,30983,30982282,11115,250,-1,-1,1,526,84.5,0,-1.0,0,0,0,639,359
2527,30994,30993393,11111,250,-1,-1,1,628,84.7,0,-1.0,0,0,0,639,359
2528,31005,31004499,11106,250,-1,-1,1,631,84.8,0,-1.0,0,0,0,639,359
2529,31016,31015610,11111,250,-1,-1,1,525,84.9,0,-1.0,0,0,0,639,359
2530,31028,31026714,11104,250,-1,-1,1,525,85.0,1,-1.0,0,0,0,639,359
2531,31039,31037827,11113,250,-1,-1,1,544,85.1,0,-1.0,0,0,0,639,359
2532,31050,31049000,11173,250,-1,-1,1,628,85.2,0,-1.0,0,0,0,639,359
2533,31061,31060077,11077,250,-1,-1,1,603,85.2,0,-1.0,0,0,0,639,359
2534,31072,31071152,11075,250,-1,-1,1,527,85.3,0,-1.0,0,0,0,639,359
2535,31083,31082259,11107,250,-1,-1,1,524,85.4,0,-1.0,0,0,0,639,359
2536,31094,31093370,11111,250,-1,-1,1,527,85.5,0,-1.0,0,0,0,639,359
2537,31105,31104474,11104,250,-1,-1,1,525,85.5,0,-1.0,0,0,0,639,359
2538,31116,31115591,11117,250,-1,-1,1,525,85.6,0,-1.0,0,0,0,639,359
2539,31128,31126699,11108,250,-1,-1,1,525,85.7,1,-1.0,0,0,0,639,359
2540,31139,31137815,11116,250,-1,-1,1,545,85.8,0,-1.0,0,0,0,639,359
2541,31150,31148975,11160,250,-1,-1,1,630,85.9,0,-1.0,0,0,0,639,359
2542,31161,31160179,11204,250,-1,-1,1,527,85.8,0,-1.0,0,0,0,639,359
2543,31172,31171136,10957,250,-1,-1,1,525,85.9,0,-1.0,0,0,0,639,359
2544,31183,31182245,11109,250,-1,-1,1,527,86.0,0,-1.0,0,0,0,639,359
2545,31194,31193350,11105,250,-1,-1,1,525,86.0,0,-1.0,0,0,0,639,359
2546,31205,31204461,11111,250,-1,-1,1,525,86.1,0,-1.0,0,0,0,639,359
2547,31216,31215571,11110,250,-1,-1,1,527,86.2,0,-1.0,0,0,0,639,359
2548,31227,31226683,11112,250,-1,-1,1,526,86.2,1,-1.0,0,0,0,639,359
2549,31239,31237793,11110,250,-1,-1,1,544,86.3,0,-1.0,0,0,0,639,359
2550,31250,31248956,11163,250,-1,-1,1,633,86.4,0,-1.0,0,0,0,639,359
2551,31261,31260156,11200,250,-1,-1,1,633,86.3,0,-1.0,0,0,0,639,359
2552,31272,31271121,10965,250,-1,-1,1,524,86.5,0,-1.0,0,0,0,639,359
2553,31283,31282226,11105,250,-1,-1,1,525,86.4,0,-1.0,0,0,0,639,359
2554,31294,31293334,11108,250,-1,-1,1,528,86.5,0,-1.0,0,0,0,639,359
2555,31305,31304444,11110,250,-1,-1,1,525,86.6,0,-1.0,0,0,0,639,359
2556,31316,31315556,11112,250,-1,-1,1,527,86.6,0,-1.0,0,0,0,639,359
2557,31327,31326663,11107,250,-1,-1,1,526,86.7,1,-1.0,0,0,0,639,359
2558,31339,31337772,11109,250,-1,-1,1,546,86.7,0,-1.0,0,0,0,639,359
2559,31350,31348931,11159,250,-1,-1,1,628,86.8,0,-1.0,0,0,0,639,359
2560,31361,31360135,11204,250,-1,-1,1,632,86.7,0,-1.0,0,0,0,639,359
2561,31372,31371178,11043,250,-1,-1,1,526,86.8,0,-1.0,0,0,0,639,359
2562,31383,31382211,11033,250,-1,-1,1,526,86.8,0,-1.0,0,0,0,639,359
2563,31395,31393319,11108,250,-1,-1,1,524,86.9,0,-1.0,0,0,0,639,359
2564,31405,31404430,11111,250,-1,-1,1,529,86.9,0,-1.0,0,0,0,639,359
2565,31416,31415535,11105,250,-1,-1,1,527,87.0,0,-1.0,0,0,0,639,359
2566,31427,31426645,11110,250,-1,-1,1,528,87.0,1,-1.0,0,0,0,639,359
2567,31476,31471073,44428,250,-1,-1,1,524,20.8,0,-1.0,0,0,0,639,359
2568,31483,31482192,11119,250,-1,-1,1,527,36.4,0,-1.0,0,0,0,639,359
2569,31494,31493301,11109,250,-1,-1,1,525,45.5,0,-1.0,0,0,0,639,359
2570,31505,31504412,11111,250,-1,-1,1,525,51.9,0,-1.0,0,0,0,639,359
2571,31516,31515523,11111,250,-1,-1,1,526,56.8,0,-1.0,0,0,0,639,359
2572,31527,31526629,11106,250,-1,-1,1,524,60.6,0,-1.0,0,0,0,639,359
2573,31539,31537741,11112,250,-1,-1,1,524,63.6,0,-1.0,0,0,0,639,359
2574,31550,31548845,11104,250,-1,-1,1,527,66.1,0,-1.0,0,0,0,639,359
2575,31561,31559952,11107,250,-1,-1,1,527,68.2,1,-1.0,0,0,0,639,359
2576,31572,31571069,11117,250,-1,-1,1,533,69.9,0,-1.0,0,0,0,639,359
2577,31583,31582211,11142,250,-1,-1,1,631,71.0,0,-1.0,0,0,0,639,359
2578,31594,31593409,11198,250,-1,-1,1,633,72.3,0,-1.0,0,0,0,639,359
2579,31605,31604395,10986,250,-1,-1,1,526,73.4,0,-1.0,0,0,0,639,359
2580,31616,31615499,11104,250,-1,-1,1,527,74.5,0,-1.0,0,0,0,639,359
2581,31627,31626611,11112,250,-1,-1,1,525,75.4,0,-1.0,0,0,0,639,359
2582,31639,31637717,11106,250,-1,-1,1,525,76.2,0,-1.0,0,0,0,639,359
2583,31650,31648831,11114,250,-1,-1,1,526,76.9,0,-1.0,0,0,0,639,359
2584,31661,31659937,11106,250,-1,-1,1,525,77.6,1,-1.0,0,0,0,639,359
2585,31672,31671055,11118,250,-1,-1,1,544,78.2,0,-1.0,0,0,0,639,359
2586,31683,31682221,11166,250,-1,-1,1,629,78.4,0,-1.0,0,0,0,639,359
2587,31694,31693420,11199,250,-1,-1,1,631,78.9,0,-1.0,0,0,0,639,359
2588,31705,31704375,10955,250,-1,-1,1,528,79.4,0,-1.0,0,0,0,639,359
2589,31716,31715486,11111,250,-1,-1,1,526,79.9,0,-1.0,0,0,0,639,359
2590,31727,31726590,11104,250,-1,-1,1,527,80.3,0,-1.0,0,0,0,639,359
2591,31739,31737701,11111,250,-1,-1,1,526,80.6,0,-1.0,0,0,0,639,359
2592,31750,31748812,11111,250,-1,-1,1,524,81.0,0,-1.0,0,0,0,639,359
2593,31761,31759923,11111,250,-1,-1,1,524,81.3,1,-1.0,0,0,0,639,359
2594,31772,31771034,11111,250,-1,-1,1,545,81.6,0,-1.0,0,0,0,639,359
2595,31783,31782227,11193,250,-1,-1,1,634,81.7,0,-1.0,0,0,0,639,359
2596,31794,31793428,11201,250,-1,-1,1,629,82.0,0,-1.0,0,0,0,639,359
2597,31805,31804508,11080,250,-1,-1,1,526,82.2,0,-1.0,0,0,0,639,359
2598,31816,31815468,10960,250,-1,-1,1,525,82.5,0,-1.0,0,0,0,639,359
2599,31827,31826576,11108,250,-1,-1,1,526,82.7,0,-1.0,0,0,0,639,359
2600,31838,31837683,11107,250,-1,-1,1,527,82.9,0,-1.0,0,0,0,639,359
2601,31850,31848793,11110,250,-1,-1,1,526,83.1,0,-1.0,0,0,0,639,359
2602,31861,31859904,11111,250,-1,-1,1,524,83.3,1,-1.0,0,0,0,639,359
2603,31872,31871019,11115,250,-1,-1,1,547,83.5,0,-1.0,0,0,0,639,359
2604,31883,31882172,11153,250,-1,-1,1,630,83.5,0,-1.0,0,0,0,639,359
2605,31894,31893256,11084,250,-1,-1,1,631,83.7,0,-1.0,0,0,0,639,359
2606,31905,31904346,11090,250,-1,-1,1,525,83.9,0,-1.0,0,0,0,639,359
2607,31916,31915453,11107,250,-1,-1,1,526,84.0,0,-1.0,0,0,0,639,359
2608,31927,31926560,11107,250,-1,-1,1,525,84.2,0,-1.0,0,0,0,639,359
2609,31938,31937671,11111,250,-1,-1,1,525,84.3,0,-1.0,0,0,0,639,359
2610,31999,31948778,11107,250,-1,-1,1,662,77.2,0,-1.0,0,0,0,639,359
2611,32000,31993231,44453,250,-1,-1,1,599,78.8,1,-1.0,0,0,0,639,359
2612,32005,32004351,11120,250,-1,-1,1,525,79.7,0,-1.0,0,0,0,639,359
2613,32016,32015435,11084,250,-1,-1,1,525,79.9,0,-1.0,0,0,0,639,359
2614,32027,32026540,11105,250,-1,-1,1,525,80.1,0,-1.0,0,0,0,639,359
2615,32039,32037656,11116,250,-1,-1,1,524,80.3,0,-1.0,0,0,0,639,359
2616,32050,32048763,11107,250,-1,-1,1,526,80.4,0,-1.0,0,0,0,639,359
2617,32061,32059873,11110,250,-1,-1,1,545,80.7,0,-1.0,0,0,0,639,359
2618,32072,32070980,11107,250,-1,-1,1,524,80.9,0,-1.0,0,0,0,639,359
2619,32083,32082091,11111,250,-1,-1,1,525,81.0,0,-1.0,0,0,0,639,359
2620,32094,32093200,11109,250,-1,-1,1,525,81.1,1,-1.0,0,0,0,639,359
2621,32105,32104310,11110,250,-1,-1,1,545,81.2,0,-1.0,0,0,0,639,359
2622,32116,32115491,11181,250,-1,-1,1,631,81.4,0,-1.0,0,0,0,639,359
2623,32127,32126534,11043,250,-1,-1,1,631,81.5,0,-1.0,0,0,0,639,359
2624,32138,32137641,11107,250,-1,-1,1,526,81.7,0,-1.0,0,0,0,639,359
2625,32150,32148744,11103,250,-1,-1,1,524,81.8,0,-1.0,0,0,0,639,359
2626,32161,32159853,11109,250,-1,-1,1,524,82.0,0,-1.0,0,0,0,639,359
2627,32172,32170960,11107,250,-1,-1,1,528,82.1,0,-1.0,0,0,0,639,359
2628,32183,32182072,11112,250,-1,-1,1,527,82.2,0,-1.0,0,0,0,639,359
2629,32194,32193179,11107,250,-1,-1,1,528,82.2,1,-1.0,0,0,0,639,359
2630,32205,32204295,11116,250,-1,-1,1,529,82.4,0,-1.0,0,0,0,639,359
2631,32216,32215398,11103,250,-1,-1,1,525,82.5,0,-1.0,0,0,0,639,359
2632,32227,32226511,11113,250,-1,-1,1,523,82.6,0,-1.0,0,0,0,639,359
2633,32238,32237619,11108,250,-1,-1,1,524,82.7,0,-1.0,0,0,0,639,359
2634,32250,32248727,11108,250,-1,-1,1,525,82.8,0,-1.0,0,0,0,639,359
2635,32261,32259835,11108,250,-1,-1,1,525,82.9,0,-1.0,0,0,0,639,359
2636,32272,32270943,11108,250,-1,-1,1,525,83.0,0,-1.0,0,0,0,639,359
2637,32283,32282051,11108,250,-1,-1,1,528,83.1,0,-1.0,0,0,0,639,359
2638,32294,32293167,11116,250,-1,-1,1,525,83.2,1,-1.0,0,0,0,639,359
2639,32305,32304274,11107,250,-1,-1,1,538,83.2,0,-1.0,0,0,0,639,359
2640,32316,32315387,11113,250,-1,-1,1,631,83.3,0,-1.0,0,0,0,639,359
2641,32327,32326492,11105,250,-1,-1,1,630,83.4,0,-1.0,0,0,0,639,359
2642,32338,32337625,11133,250,-1,-1,1,526,83.5,0,-1.0,0,0,0,639,359
2643,32350,32348707,11082,250,-1,-1,1,527,83.6,0,-1.0,0,0,0,639,359
2644,32361,32359820,11113,250,-1,-1,1,525,83.7,0,-1.0,0,0,0,639,359
2645,32372,32370929,11109,250,-1,-1,1,525,83.8,0,-1.0,0,0,0,639,359
2646,32383,32382039,11110,250,-1,-1,1,526,83.9,0,-1.0,0,0,0,639,359
2647,32394,32393146,11107,250,-1,-1,1,525,83.9,1,-1.0,0,0,0,639,359
2648,32405,32404263,11117,250,-1,-1,1,550,83.9,0,-1.0,0,0,0,639,359
2649,32416,32415366,11103,250,-1,-1,1,631,84.0,0,-1.0,0,0,0,639,359
2650,32427,32426478,11112,250,-1,-1,1,628,84.1,0,-1.0,0,0,0,639,359
2651,32438,32437661,11183,250,-1,-1,1,529,84.2,0,-1.0,0,0,0,639,359
2652,32450,32448697,11036,250,-1,-1,1,526,90.9,0,-1.0,0,0,0,639,359
2653,32461,32459801,11104,250,-1,-1,1,524,90.9,0,-1.0,0,0,0,639,359
2654,32472,32470916,11115,250,-1,-1,1,525,90.9,0,-1.0,0,0,0,639,359
2655,32483,32482020,11104,250,-1,-1,1,526,90.9,0,-1.0,0,0,0,639,359
2656,32494,32493129,11109,250,-1,-1,1,526,90.9,1,-1.0,0,0,0,639,359
2657,32505,32504242,11113,250,-1,-1,1,528,89.6,0,-1.0,0,0,0,639,359
2658,32516,32515353,11111,250,-1,-1,1,633,89.7,0,-1.0,0,0,0,639,359
2659,32527,32526458,11105,250,-1,-1,1,630,89.9,0,-1.0,0,0,0,639,359
2660,32538,32537572,11114,250,-1,-1,1,525,90.0,0,-1.0,0,0,0,639,359
2661,32549,32548675,11103,250,-1,-1,1,524,90.1,0,-1.0,0,0,0,639,359
2662,32561,32559784,11109,250,-1,-1,1,525,90.2,0,-1.0,0,0,0,639,359
2663,32572,32570888,11104,250,-1,-1,1,528,90.2,0,-1.0,0,0,0,639,359
2664,32583,32582003,11115,250,-1,-1,1,527,90.3,0,-1.0,0,0,0,639,359
2665,32594,32593111,11108,250,-1,-1,1,527,90.3,1,-1.0,0,0,0,639,359
2666,32605,32604224,11113,250,-1,-1,1,534,89.8,0,-1.0,0,0,0,639,359
2667,32616,32615336,11112,250,-1,-1,1,632,89.9,0,-1.0,0,0,0,639,359
2668,32627,32626444,11108,250,-1,-1,1,631,89.9,0,-1.0,0,0,0,639,359
2669,32638,32637616,11172,250,-1,-1,1,525,90.0,0,-1.0,0,0,0,639,359
2670,32649,32648659,11043,250,-1,-1,1,526,90.0,0,-1.0,0,0,0,639,359
2671,32661,32659766,11107,250,-1,-1,1,525,90.1,0,-1.0,0,0,0,639,359
2672,32672,32670876,11110,250,-1,-1,1,525,90.1,0,-1.0,0,0,0,639,359
2673,32683,32681987,11111,250,-1,-1,1,524,90.2,0,-1.0,0,0,0,639,359
2674,32694,32693094,11107,250,-1,-1,1,526,90.2,1,-1.0,0,0,0,639,359
2675,32705,32704207,11113,250,-1,-1,1,544,89.9,0,-1.0,0,0,0,639,359
2676,32716,32715320,11113,250,-1,-1,1,633,89.9,0,-1.0,0,0,0,639,359
2677,32727,32726425,11105,250,-1,-1,1,657,90.0,0,-1.0,0,0,0,639,359
2678,32738,32737533,11108,250,-1,-1,1,525,90.0,0,-1.0,0,0,0,639,359
2679,32749,32748636,11103,250,-1,-1,1,527,90.0,0,-1.0,0,0,0,639,359
2680,32761,32759750,11114,250,-1,-1,1,528,90.1,0,-1.0,0,0,0,639,359
2681,32772,32770857,11107,250,-1,-1,1,527,90.1,0,-1.0,0,0,0,639,359
2682,32783,32781968,11111,250,-1,-1,1,525,90.1,0,-1.0,0,0,0,639,359
2683,32794,32793075,11107,250,-1,-1,1,526,90.1,1,-1.0,0,0,0,639,359
2684,32805,32804194,11119,250,-1,-1,1,546,89.9,0,-1.0,0,0,0,639,359
2685,32816,32815302,11108,250,-1,-1,1,630,89.9,0,-1.0,0,0,0,639,359
2686,32827,32826411,11109,250,-1,-1,1,634,90.0,0,-1.0,0,0,0,639,359
2687,32838,32837546,11135,250,-1,-1,1,528,90.0,0,-1.0,0,0,0,639,359
2688,32849,32848624,11078,250,-1,-1,1,529,90.0,0,-1.0,0,0,0,639,359
2689,32861,32859731,11107,250,-1,-1,1,526,90.0,0,-1.0,0,0,0,639,359
2690,32872,32870842,11111,250,-1,-1,1,528,90.1,0,-1.0,0,0,0,639,359
2691,32883,32881951,11109,250,-1,-1,1,526,90.1,0,-1.0,0,0,0,639,359
2692,32894,32893060,11109,250,-1,-1,1,526,90.1,1,-1.0,0,0,0,639,359
2693,32905,32904171,11111,250,-1,-1,1,545,89.9,0,-1.0,0,0,0,639,359
2694,32916,32915288,11117,250,-1,-1,1,633,90.0,0,-1.0,0,0,0,639,359
2695,32927,32926393,11105,250,-1,-1,1,630,90.0,0,-1.0,0,0,0,639,359
2696,32938,32937500,11107,250,-1,-1,1,524,90.0,0,-1.0,0,0,0,639,359
2697,32949,32948609,11109,250,-1,-1,1,526,90.0,0,-1.0,0,0,0,639,359
2698,32961,32959714,11105,250,-1,-1,1,527,90.0,0,-1.0,0,0,0,639,359
2699,32972,32970822,11108,250,-1,-1,1,527,90.1,0,-1.0,0,0,0,639,359
2700,33033,32981936,11114,250,-1,-1,1,1184,82.2,0,-1.0,0,0,0,639,359
2701,33035,33026362,44426,250,-1,-1,1,603,83.9,1,-1.0,0,0,0,639,359
2702,33038,33037491,11129,250,-1,-1,1,627,85.0,0,-1.0,0,0,0,639,359
2703,33049,33048591,11100,250,-1,-1,1,537,85.1,0,-1.0,0,0,0,639,359
2704,33061,33059699,11108,250,-1,-1,1,525,85.2,0,-1.0,0,0,0,639,359
2705,33072,33070808,11109,250,-1,-1,1,629,85.3,0,-1.0,0,0,0,639,359
2706,33083,33081989,11181,250,-1,-1,1,539,85.4,0,-1.0,0,0,0,639,359
2707,33094,33093030,11041,250,-1,-1,1,629,85.4,0,-1.0,0,0,0,639,359
2708,33105,33104136,11106,250,-1,-1,1,527,85.5,0,-1.0,0,0,0,639,359
2709,33116,33115248,11112,250,-1,-1,1,526,85.5,0,-1.0,0,0,0,639,359
2710,33127,33126353,11105,250,-1,-1,1,527,85.6,1,-1.0,0,0,0,639,359
2711,33138,33137469,11116,250,-1,-1,1,544,85.7,0,-1.0,0,0,0,639,359
2712,33149,33148573,11104,250,-1,-1,1,633,85.8,0,-1.0,0,0,0,639,359
2713,33161,33159687,11114,250,-1,-1,1,632,85.9,0,-1.0,0,0,0,639,359
2714,33172,33170862,11175,250,-1,-1,1,524,85.9,0,-1.0,0,0,0,639,359
2715,33183,33181902,11040,250,-1,-1,1,525,86.0,0,-1.0,0,0,0,639,359
2716,33194,33193008,11106,250,-1,-1,1,528,86.1,0,-1.0,0,0,0,639,359
2717,33205,33204117,11109,250,-1,-1,1,526,86.2,0,-1.0,0,0,0,639,359
2718,33216,33215226,11109,250,-1,-1,1,527,86.1,0,-1.0,0,0,0,639,359
2719,33227,33226337,11111,250,-1,-1,1,526,86.2,1,-1.0,0,0,0,639,359
2720,33238,33237453,11116,250,-1,-1,1,531,86.2,0,-1.0,0,0,0,639,359
2721,33249,33248558,11105,250,-1,-1,1,630,86.3,0,-1.0,0,0,0,639,359
2722,33260,33259668,11110,250,-1,-1,1,524,86.4,0,-1.0,0,0,0,639,359
2723,33272,33270776,11108,250,-1,-1,1,525,86.4,0,-1.0,0,0,0,639,359
2724,33283,33281885,11109,250,-1,-1,1,525,86.5,0,-1.0,0,0,0,639,359
2725,33294,33292996,11111,250,-1,-1,1,526,86.5,0,-1.0,0,0,0,639,359
2726,33305,33304098,11102,250,-1,-1,1,529,86.6,0,-1.0,0,0,0,639,359
2727,33316,33315216,11118,250,-1,-1,1,527,86.6,0,-1.0,0,0,0,639,359
2728,33327,33326319,11103,250,-1,-1,1,524,86.6,1,-1.0,0,0,0,639,359
2729,33338,33337432,11113,250,-1,-1,1,529,86.7,0,-1.0,0,0,0,639,359
2730,33349,33348542,11110,250,-1,-1,1,630,86.7,0,-1.0,0,0,0,639,359
2731,33361,33359652,11110,250,-1,-1,1,635,86.8,0,-1.0,0,0,0,639,359
2732,33372,33370814,11162,250,-1,-1,1,529,86.8,0,-1.0,0,0,0,639,359
2733,33383,33381866,11052,250,-1,-1,1,528,86.9,0,-1.0,0,0,0,639,359
2734,33394,33392971,11105,250,-1,-1,1,527,86.9,0,-1.0,0,0,0,639,359
2735,33405,33404082,11111,250,-1,-1,1,524,87.0,0,-1.0,0,0,0,639,359
2736,33416,33415194,11112,250,-1,-1,1,526,86.9,0,-1.0,0,0,0,639,359
2737,33427,33426302,11108,250,-1,-1,1,524,87.0,1,-1.0,0,0,0,639,359
2738,33438,33437415,11113,250,-1,-1,1,547,87.0,0,-1.0,0,0,0,639,359
2739,33477,33470735,33320,250,-1,-1,1,566,26.3,0,-1.0,0,0,0,639,359
2740,33483,33481858,11123,250,-1,-1,1,526,45.5,0,-1.0,0,0,0,639,359
2741,33494,33492960,11102,250,-1,-1,1,528,54.5,0,-1.0,0,0,0,639,359
2742,33505,33504067,11107,250,-1,-1,1,528,60.6,0,-1.0,0,0,0,639,359
2743,33516,33515179,11112,250,-1,-1,1,528,64.1,0,-1.0,0,0,0,639,359
2744,33527,33526285,11106,250,-1,-1,1,526,67.4,0,-1.0,0,0,0,639,359
2745,33538,33537394,11109,250,-1,-1,1,525,70.0,0,-1.0,0,0,0,639,359
2746,33549,33548505,11111,250,-1,-1,1,526,72.1,1,-1.0,0,0,0,639,359
2747,33560,33559618,11113,250,-1,-1,1,549,73.8,0,-1.0,0,0,0,639,359
2748,33572,33570725,11107,250,-1,-1,1,632,75.2,0,-1.0,0,0,0,639,359
2749,33583,33581834,11109,250,-1,-1,1,629,76.4,0,-1.0,0,0,0,639,359
2750,33594,33592942,11108,250,-1,-1,1,524,77.4,0,-1.0,0,0,0,639,359
2751,33605,33604054,11112,250,-1,-1,1,527,78.3,0,-1.0,0,0,0,639,359
2752,33616,33615160,11106,250,-1,-1,1,529,79.1,0,-1.0,0,0,0,639,359
2753,33627,33626270,11110,250,-1,-1,1,522,79.4,0,-1.0,0,0,0,639,359
2754,33638,33637377,11107,250,-1,-1,1,526,80.0,0,-1.0,0,0,0,639,359
2755,33649,33648485,11108,250,-1,-1,1,526,80.6,1,-1.0,0,0,0,639,359
2756,33660,33659601,11116,250,-1,-1,1,545,81.1,0,-1.0,0,0,0,639,359
2757,33672,33670709,11108,250,-1,-1,1,632,81.5,0,-1.0,0,0,0,639,359
2758,33683,33681816,11107,250,-1,-1,1,633,82.0,0,-1.0,0,0,0,639,359
2759,33694,33693027,11211,250,-1,-1,1,524,82.4,0,-1.0,0,0,0,639,359
2760,33705,33704031,11004,250,-1,-1,1,525,82.7,0,-1.0,0,0,0,639,359
2761,33716,33715140,11109,250,-1,-1,1,525,83.0,0,-1.0,0,0,0,639,359
2762,33727,33726251,11111,250,-1,-1,1,527,83.0,0,-1.0,0,0,0,639,359
2763,33738,33737361,11110,250,-1,-1,1,528,83.3,0,-1.0,0,0,0,639,359
2764,33749,33748470,11109,250,-1,-1,1,528,83.6,1,-1.0,0,0,0,639,359
2765,33760,33759583,11113,250,-1,-1,1,529,83.9,0,-1.0,0,0,0,639,359
2766,33772,33770687,11104,250,-1,-1,1,631,84.1,0,-1.0,0,0,0,639,359
2767,33783,33781801,11114,250,-1,-1,1,529,84.3,0,-1.0,0,0,0,639,359
2768,33794,33792906,11105,250,-1,-1,1,524,84.5,0,-1.0,0,0,0,639,359
2769,33805,33804018,11112,250,-1,-1,1,524,84.7,0,-1.0,0,0,0,639,359
2770,33816,33815125,11107,250,-1,-1,1,524,84.9,0,-1.0,0,0,0,639,359
2771,33827,33826236,11111,250,-1,-1,1,524,84.8,0,-1.0,0,0,0,639,359
2772,33838,33837342,11106,250,-1,-1,1,529,85.0,0,-1.0,0,0,0,639,359
2773,33849,33848454,11112,250,-1,-1,1,528,85.2,1,-1.0,0,0,0,639,359
2774,33860,33859563,11109,250,-1,-1,1,540,85.3,0,-1.0,0,0,0,639,359
2775,33872,33870676,11113,250,-1,-1,1,629,85.5,0,-1.0,0,0,0,639,359
2776,33883,33881781,11105,250,-1,-1,1,528,85.6,0,-1.0,0,0,0,639,359
2777,33894,33892892,11111,250,-1,-1,1,526,85.7,0,-1.0,0,0,0,639,359
2778,33905,33903998,11106,250,-1,-1,1,527,85.8,0,-1.0,0,0,0,639,359
2779,33916,33915111,11113,250,-1,-1,1,527,86.0,0,-1.0,0,0,0,639,359
2780,33927,33926216,11105,250,-1,-1,1,524,85.9,0,-1.0,0,0,0,639,359
2781,33938,33937329,11113,250,-1,-1,1,526,86.0,0,-1.0,0,0,0,639,359
2782,33949,33948434,11105,250,-1,-1,1,525,86.1,1,-1.0,0,0,0,639,359
2783,33960,33959551,11117,250,-1,-1,1,547,86.2,0,-1.0,0,0,0,639,359
2784,33972,33970654,11103,250,-1,-1,1,631,86.3,0,-1.0,0,0,0,639,359
2785,33983,33981765,11111,250,-1,-1,1,524,86.4,0,-1.0,0,0,0,639,359
2786,33994,33992876,11111,250,-1,-1,1,527,86.5,0,-1.0,0,0,0,639,359
2787,34005,34003979,11103,250,-1,-1,1,525,86.6,0,-1.0,0,0,0,639,359
2788,34016,34015088,11109,250,-1,-1,1,524,86.7,0,-1.0,0,0,0,639,359
2789,34027,34026198,11110,250,-1,-1,1,527,86.6,0,-1.0,0,0,0,639,359
2790,34095,34037307,11109,250,-1,-1,1,527,79.3,0,-1.0,0,0,0,639,359
2791,34095,34092854,55547,250,-1,-1,1,522,80.7,1,-1.0,0,0,0,639,359
2792,34105,34103971,11117,250,-1,-1,1,538,81.1,0,-1.0,0,0,0,639,359
2793,34116,34115074,11103,250,-1,-1,1,526,81.2,0,-1.0,0,0,0,639,359
2794,34127,34126179,11105,250,-1,-1,1,525,81.3,0,-1.0,0,0,0,639,359
2795,34138,34137295,11116,250,-1,-1,1,612,81.4,0,-1.0,0,0,0,639,359
2796,34149,34148404,11109,250,-1,-1,1,527,81.6,0,-1.0,0,0,0,639,359
2797,34160,34159519,11115,250,-1,-1,1,633,81.7,0,-1.0,0,0,0,639,359
2798,34171,34170617,11098,250,-1,-1,1,631,81.9,0,-1.0,0,0,0,639,359
2799,34183,34181729,11112,250,-1,-1,1,541,82.0,0,-1.0,0,0,0,639,359
2800,34194,34192834,11105,250,-1,-1,1,528,82.1,1,-1.0,0,0,0,639,359
2801,34205,34203951,11117,250,-1,-1,1,546,82.2,0,-1.0,0,0,0,639,359
2802,34216,34215064,11113,250,-1,-1,1,636,82.3,0,-1.0,0,0,0,639,359
2803,34227,34226171,11107,250,-1,-1,1,526,82.4,0,-1.0,0,0,0,639,359
2804,34239,34237276,11105,250,-1,-1,1,527,82.5,0,-1.0,0,0,0,639,359
2805,34249,34248385,11109,250,-1,-1,1,526,82.6,0,-1.0,0,0,0,639,359
2806,34260,34259492,11107,250,-1,-1,1,525,82.7,0,-1.0,0,0,0,639,359
2807,34271,34270607,11115,250,-1,-1,1,526,82.8,0,-1.0,0,0,0,639,359
2808,34283,34281711,11104,250,-1,-1,1,525,82.9,0,-1.0,0,0,0,639,359
2809,34294,34292822,11111,250,-1,-1,1,524,83.0,1,-1.0,0,0,0,639,359
2810,34305,34303931,11109,250,-1,-1,1,543,83.1,0,-1.0,0,0,0,639,359
2811,34316,34315041,11110,250,-1,-1,1,628,83.1,0,-1.0,0,0,0,639,359
2812,34327,34326148,11107,250,-1,-1,1,527,83.3,0,-1.0,0,0,0,639,359
2813,34338,34337259,11111,250,-1,-1,1,524,83.3,0,-1.0,0,0,0,639,359
2814,34349,34348365,11106,250,-1,-1,1,525,83.4,0,-1.0,0,0,0,639,359
2815,34360,34359475,11110,250,-1,-1,1,527,83.5,0,-1.0,0,0,0,639,359
2816,34371,34370583,11108,250,-1,-1,1,526,83.6,0,-1.0,0,0,0,639,359
2817,34383,34381694,11111,250,-1,-1,1,526,83.7,0,-1.0,0,0,0,639,359
2818,34394,34392802,11108,250,-1,-1,1,526,83.8,1,-1.0,0,0,0,639,359
2819,34405,34403918,11116,250,-1,-1,1,545,83.9,0,-1.0,0,0,0,639,359
2820,34416,34415024,11106,250,-1,-1,1,633,83.8,0,-1.0,0,0,0,639,359
2821,34427,34426133,11109,250,-1,-1,1,528,84.0,0,-1.0,0,0,0,639,359
2822,34438,34437239,11106,250,-1,-1,1,526,84.0,0,-1.0,0,0,0,639,359
2823,34449,34448355,11116,250,-1,-1,1,526,90.9,0,-1.0,0,0,0,639,359
2824,34460,34459457,11102,250,-1,-1,1,525,90.9,0,-1.0,0,0,0,639,359
2825,34471,34470567,11110,250,-1,-1,1,526,90.9,0,-1.0,0,0,0,639,359
2826,34482,34481674,11107,250,-1,-1,1,527,90.9,0,-1.0,0,0,0,639,359
2827,34494,34492785,11111,250,-1,-1,1,525,90.9,1,-1.0,0,0,0,639,359
2828,34505,34503898,11113,250,-1,-1,1,530,90.9,0,-1.0,0,0,0,639,359
2829,34516,34515006,11108,250,-1,-1,1,649,89.7,0,-1.0,0,0,0,639,359
2830,34527,34526114,11108,250,-1,-1,1,635,89.9,0,-1.0,0,0,0,639,359
2831,34538,34537309,11195,250,-1,-1,1,524,90.0,0,-1.0,0,0,0,639,359
2832,34549,34548331,11022,250,-1,-1,1,525,90.1,0,-1.0,0,0,0,639,359
2833,34560,34559441,11110,250,-1,-1,1,524,90.2,0,-1.0,0,0,0,639,359
2834,34571,34570551,11110,250,-1,-1,1,524,90.2,0,-1.0,0,0,0,639,359
2835,34582,34581660,11109,250,-1,-1,1,528,90.3,0,-1.0,0,0,0,639,359
2836,34594,34592769,11109,250,-1,-1,1,528,90.3,1,-1.0,0,0,0,639,359
2837,34605,34603881,11112,250,-1,-1,1,539,90.4,0,-1.0,0,0,0,639,359
2838,34616,34614990,11109,250,-1,-1,1,650,90.4,0,-1.0,0,0,0,639,359
2839,34627,34626098,11108,250,-1,-1,1,633,89.9,0,-1.0,0,0,0,639,359
2840,34638,34637205,11107,250,-1,-1,1,528,90.0,0,-1.0,0,0,0,639,359
2841,34649,34648314,11109,250,-1,-1,1,526,90.0,0,-1.0,0,0,0,639,359
2842,34660,34659427,11113,250,-1,-1,1,525,90.1,0,-1.0,0,0,0,639,359
2843,34671,34670536,11109,250,-1,-1,1,525,90.1,0,-1.0,0,0,0,639,359
2844,34682,34681642,11106,250,-1,-1,1,525,90.2,0,-1.0,0,0,0,639,359
2845,34694,34692751,11109,250,-1,-1,1,525,90.2,1,-1.0,0,0,0,639,359
2846,34705,34703864,11113,250,-1,-1,1,544,90.2,0,-1.0,0,0,0,639,359
2847,34716,34714973,11109,250,-1,-1,1,654,90.3,0,-1.0,0,0,0,639,359
2848,34727,34726079,11106,250,-1,-1,1,634,90.0,0,-1.0,0,0,0,639,359
2849,34738,34737188,11109,250,-1,-1,1,604,90.0,0,-1.0,0,0,0,639,359
2850,34749,34748301,11113,250,-1,-1,1,527,90.0,0,-1.0,0,0,0,639,359
2851,34760,34759408,11107,250,-1,-1,1,525,90.1,0,-1.0,0,0,0,639,359
2852,34771,34770516,11108,250,-1,-1,1,524,90.1,0,-1.0,0,0,0,639,359
2853,34782,34781625,11109,250,-1,-1,1,526,90.1,0,-1.0,0,0,0,639,359
2854,34794,34792734,11109,250,-1,-1,1,525,90.1,1,-1.0,0,0,0,639,359
2855,34805,34803851,11117,250,-1,-1,1,546,90.2,0,-1.0,0,0,0,639,359
2856,34816,34814955,11104,250,-1,-1,1,647,90.2,0,-1.0,0,0,0,639,359
2857,34827,34826065,11110,250,-1,-1,1,629,90.0,0,-1.0,0,0,0,639,359
2858,34838,34837333,11268,250,-1,-1,1,526,90.0,0,-1.0,0,0,0,639,359
2859,34849,34848281,10948,250,-1,-1,1,527,90.0,0,-1.0,0,0,0,639,359
2860,34860,34859388,11107,250,-1,-1,1,526,90.0,0,-1.0,0,0,0,639,359
2861,34871,34870501,11113,250,-1,-1,1,526,90.1,0,-1.0,0,0,0,639,359
2862,34882,34881608,11107,250,-1,-1,1,525,90.1,0,-1.0,0,0,0,639,359
2863,34894,34892718,11110,250,-1,-1,1,525,90.1,1,-1.0,0,0,0,639,359
2864,34905,34903832,11114,250,-1,-1,1,546,90.1,0,-1.0,0,0,0,639,359
2865,34916,34914942,11110,250,-1,-1,1,647,90.1,0,-1.0,0,0,0,639,359
2866,34927,34926050,11108,250,-1,-1,1,528,90.2,0,-1.0,0,0,0,639,359
2867,34938,34937153,11103,250,-1,-1,1,524,90.0,0,-1.0,0,0,0,639,359
2868,34949,34948261,11108,250,-1,-1,1,528,90.0,0,-1.0,0,0,0,639,359
2869,34960,34959373,11112,250,-1,-1,1,526,90.0,0,-1.0,0,0,0,639,359
2870,34971,34970480,11107,250,-1,-1,1,525,90.1,0,-1.0,0,0,0,639,359
2871,34982,34981596,11116,250,-1,-1,1,526,90.1,0,-1.0,0,0,0,639,359
2872,34994,34992705,11109,250,-1,-1,1,526,90.1,1,-1.0,0,0,0,639,359
2873,35005,35003812,11107,250,-1,-1,1,528,90.1,0,-1.0,0,0,0,639,359
2874,35016,35014919,11107,250,-1,-1,1,629,90.1,0,-1.0,0,0,0,639,359
2875,35027,35026032,11113,250,-1,-1,1,524,90.1,0,-1.0,0,0,0,639,359
2876,35038,35037140,11108,250,-1,-1,1,525,90.2,0,-1.0,0,0,0,639,359
2877,35049,35048248,11108,250,-1,-1,1,525,90.0,0,-1.0,0,0,0,639,359
2878,35060,35059356,11108,250,-1,-1,1,525,90.0,0,-1.0,0,0,0,639,359
2879,35071,35070464,11108,250,-1,-1,1,525,90.0,0,-1.0,0,0,0,639,359
2880,35134,35081572,11108,250,-1,-1,1,751,83.3,0,-1.0,0,0,0,639,359
2881,35135,35125998,44426,250,-1,-1,1,599,84.6,1,-1.0,0,0,0,639,359
2882,35138,35137122,11124,250,-1,-1,1,629,85.7,0,-1.0,0,0,0,639,359
2883,35149,35148232,11110,250,-1,-1,1,525,85.8,0,-1.0,0,0,0,639,359
2884,35160,35159339,11107,250,-1,-1,1,525,85.9,0,-1.0,0,0,0,639,359
2885,35171,35170447,11108,250,-1,-1,1,634,85.9,0,-1.0,0,0,0,639,359
2886,35182,35181561,11114,250,-1,-1,1,545,86.0,0,-1.0,0,0,0,639,359
2887,35194,35192669,11108,250,-1,-1,1,628,86.1,0,-1.0,0,0,0,639,359
2888,35205,35203779,11110,250,-1,-1,1,527,86.2,0,-1.0,0,0,0,639,359
2889,35216,35214885,11106,250,-1,-1,1,525,86.1,0,-1.0,0,0,0,639,359
2890,35227,35225996,11111,250,-1,-1,1,527,86.3,1,-1.0,0,0,0,639,359
2891,35238,35237104,11108,250,-1,-1,1,533,86.4,0,-1.0,0,0,0,639,359
2892,35249,35248217,11113,250,-1,-1,1,610,86.3,0,-1.0,0,0,0,639,359
2893,35260,35259326,11109,250,-1,-1,1,524,86.4,0,-1.0,0,0,0,639,359
2894,35271,35270436,11110,250,-1,-1,1,527,86.4,0,-1.0,0,0,0,639,359
2895,35282,35281542,11106,250,-1,-1,1,527,86.5,0,-1.0,0,0,0,639,359
2896,35293,35292648,11106,250,-1,-1,1,525,86.5,0,-1.0,0,0,0,639,359
2897,35305,35303757,11109,250,-1,-1,1,526,86.6,0,-1.0,0,0,0,639,359
2898,35316,35314866,11109,250,-1,-1,1,526,86.7,0,-1.0,0,0,0,639,359
2899,35327,35325979,11113,250,-1,-1,1,526,86.7,1,-1.0,0,0,0,639,359
2900,35338,35337095,11116,250,-1,-1,1,546,86.8,0,-1.0,0,0,0,639,359
2901,35349,35348201,11106,250,-1,-1,1,602,86.7,0,-1.0,0,0,0,639,359
2902,35360,35359307,11106,250,-1,-1,1,525,86.8,0,-1.0,0,0,0,639,359
2903,35371,35370413,11106,250,-1,-1,1,525,86.8,0,-1.0,0,0,0,639,359
2904,35382,35381524,11111,250,-1,-1,1,534,86.9,0,-1.0,0,0,0,639,359
2905,35393,35392633,11109,250,-1,-1,1,527,86.9,0,-1.0,0,0,0,639,359
2906,35405,35403740,11107,250,-1,-1,1,527,87.0,0,-1.0,0,0,0,639,359
2907,35416,35414851,11111,250,-1,-1,1,529,87.0,0,-1.0,0,0,0,639,359
2908,35427,35425957,11106,250,-1,-1,1,525,87.0,1,-1.0,0,0,0,639,359
2909,35438,35437072,11115,250,-1,-1,1,543,87.1,0,-1.0,0,0,0,639,359
2910,35449,35448183,11111,250,-1,-1,1,605,87.0,0,-1.0,0,0,0,639,359
2911,35480,35470392,22209,250,-1,-1,1,585,33.3,0,-1.0,0,0,0,639,359
2912,35482,35481496,11104,250,-1,-1,1,525,60.6,0,-1.0,0,0,0,639,359
2913,35493,35492616,11120,250,-1,-1,1,523,68.2,0,-1.0,0,0,0,639,359
2914,35505,35503722,11106,250,-1,-1,1,524,72.7,0,-1.0,0,0,0,639,359
2915,35516,35514831,11109,250,-1,-1,1,528,75.8,0,-1.0,0,0,0,639,359
2916,35527,35525943,11112,250,-1,-1,1,526,77.9,0,-1.0,0,0,0,639,359
2917,35538,35537049,11106,250,-1,-1,1,525,79.5,1,-1.0,0,0,0,639,359
2918,35549,35548163,11114,250,-1,-1,1,530,80.0,0,-1.0,0,0,0,639,359
2919,35560,35559273,11110,250,-1,-1,1,608,81.1,0,-1.0,0,0,0,639,359
2920,35571,35570384,11111,250,-1,-1,1,526,82.0,0,-1.0,0,0,0,639,359
2921,35582,35581489,11105,250,-1,-1,1,610,82.7,0,-1.0,0,0,0,639,359
2922,35593,35592598,11109,250,-1,-1,1,525,83.3,0,-1.0,0,0,0,639,359
2923,35605,35603709,11111,250,-1,-1,1,525,83.9,0,-1.0,0,0,0,639,359
2924,35616,35614813,11104,250,-1,-1,1,526,84.3,0,-1.0,0,0,0,639,359
2925,35627,35625925,11112,250,-1,-1,1,524,84.7,0,-1.0,0,0,0,639,359
2926,35638,35637033,11108,250,-1,-1,1,526,85.1,1,-1.0,0,0,0,639,359
2927,35649,35648148,11115,250,-1,-1,1,539,85.0,0,-1.0,0,0,0,639,359
2928,35660,35659255,11107,250,-1,-1,1,602,85.3,0,-1.0,0,0,0,639,359
2929,35671,35670366,11111,250,-1,-1,1,524,85.6,0,-1.0,0,0,0,639,359
2930,35682,35681473,11107,250,-1,-1,1,527,85.8,0,-1.0,0,0,0,639,359
2931,35693,35692584,11111,250,-1,-1,1,528,86.1,0,-1.0,0,0,0,639,359
2932,35705,35703690,11106,250,-1,-1,1,524,86.3,0,-1.0,0,0,0,639,359
2933,35716,35714802,11112,250,-1,-1,1,526,86.5,0,-1.0,0,0,0,639,359
2934,35727,35725906,11104,250,-1,-1,1,524,86.6,0,-1.0,0,0,0,639,359
2935,35738,35737019,11113,250,-1,-1,1,525,86.8,1,-1.0,0,0,0,639,359
2936,35749,35748134,11115,250,-1,-1,1,546,86.7,0,-1.0,0,0,0,639,359
2937,35760,35759240,11106,250,-1,-1,1,630,86.8,0,-1.0,0,0,0,639,359
2938,35771,35770346,11106,250,-1,-1,1,525,87.0,0,-1.0,0,0,0,639,359
2939,35783,35781453,11107,250,-1,-1,1,525,87.1,0,-1.0,0,0,0,639,359
2940,35793,35792562,11109,250,-1,-1,1,527,87.2,0,-1.0,0,0,0,639,359
2941,35804,35803672,11110,250,-1,-1,1,528,87.3,0,-1.0,0,0,0,639,359
2942,35816,35814782,11110,250,-1,-1,1,524,87.4,0,-1.0,0,0,0,639,359
2943,35827,35825893,11111,250,-1,-1,1,527,87.5,0,-1.0,0,0,0,639,359
2944,35838,35836999,11106,250,-1,-1,1,525,87.6,1,-1.0,0,0,0,639,359
2945,35849,35848115,11116,250,-1,-1,1,543,87.5,0,-1.0,0,0,0,639,359
2946,35860,35859221,11106,250,-1,-1,1,632,87.6,0,-1.0,0,0,0,639,359
2947,35871,35870334,11113,250,-1,-1,1,524,87.7,0,-1.0,0,0,0,639,359
2948,35882,35881434,11100,250,-1,-1,1,598,87.8,0,-1.0,0,0,0,639,359
2949,35893,35892549,11115,250,-1,-1,1,526,87.8,0,-1.0,0,0,0,639,359
2950,35904,35903656,11107,250,-1,-1,1,528,87.9,0,-1.0,0,0,0,639,359
2951,35916,35914767,11111,250,-1,-1,1,525,88.0,0,-1.0,0,0,0,639,359
2952,35927,35925872,11105,250,-1,-1,1,528,88.1,0,-1.0,0,0,0,639,359
2953,35938,35936981,11109,250,-1,-1,1,527,88.1,1,-1.0,0,0,0,639,359
2954,35949,35948092,11111,250,-1,-1,1,547,88.2,0,-1.0,0,0,0,639,359
2955,35960,35959210,11118,250,-1,-1,1,604,88.1,0,-1.0,0,0,0,639,359
2956,35971,35970314,11104,250,-1,-1,1,524,88.1,0,-1.0,0,0,0,639,359
2957,35982,35981424,11110,250,-1,-1,1,610,88.2,0,-1.0,0,0,0,639,359
2958,35993,35992530,11106,250,-1,-1,1,525,88.2,0,-1.0,0,0,0,639,359
2959,36004,36003636,11106,250,-1,-1,1,545,88.3,0,-1.0,0,0,0,639,359
2960,36016,36014748,11112,250,-1,-1,1,527,88.3,0,-1.0,0,0,0,639,359
2961,36027,36025858,11110,250,-1,-1,1,526,88.4,0,-1.0,0,0,0,639,359
2962,36038,36036965,11107,250,-1,-1,1,528,88.4,1,-1.0,0,0,0,639,359
2963,36049,36048082,11117,250,-1,-1,1,547,88.5,0,-1.0,0,0,0,639,359
2964,36060,36059185,11103,250,-1,-1,1,606,88.4,0,-1.0,0,0,0,639,359
2965,36071,36070302,11117,250,-1,-1,1,526,88.4,0,-1.0,0,0,0,639,359
2966,36082,36081406,11104,250,-1,-1,1,525,88.5,0,-1.0,0,0,0,639,359
2967,36093,36092513,11107,250,-1,-1,1,527,88.5,0,-1.0,0,0,0,639,359
2968,36104,36103622,11109,250,-1,-1,1,526,88.5,0,-1.0,0,0,0,639,359
2969,36116,36114733,11111,250,-1,-1,1,525,88.6,0,-1.0,0,0,0,639,359
2970,36177,36125839,11106,250,-1,-1,1,1188,82.3,0,-1.0,0,0,0,639,359
2971,36179,36170260,44421,250,-1,-1,1,602,83.7,1,-1.0,0,0,0,639,359
2972,36182,36181399,11139,250,-1,-1,1,634,84.6,0,-1.0,0,0,0,639,359
2973,36193,36192496,11097,250,-1,-1,1,525,84.7,0,-1.0,0,0,0,639,359
2974,36204,36203604,11108,250,-1,-1,1,525,84.8,0,-1.0,0,0,0,639,359
2975,36216,36214718,11114,250,-1,-1,1,523,84.7,0,-1.0,0,0,0,639,359
2976,36227,36225829,11111,250,-1,-1,1,626,84.9,0,-1.0,0,0,0,639,359
2977,36238,36236932,11103,250,-1,-1,1,543,85.0,0,-1.0,0,0,0,639,359
2978,36249,36248096,11164,250,-1,-1,1,631,85.0,0,-1.0,0,0,0,639,359
2979,36260,36259152,11056,250,-1,-1,1,632,85.1,0,-1.0,0,0,0,639,359
2980,36271,36270404,11252,250,-1,-1,1,527,85.2,1,-1.0,0,0,0,639,359
2981,36282,36281372,10968,250,-1,-1,1,547,85.2,0,-1.0,0,0,0,639,359
2982,36293,36292481,11109,250,-1,-1,1,525,85.3,0,-1.0,0,0,0,639,359
2983,36304,36303589,11108,250,-1,-1,1,589,85.4,0,-1.0,0,0,0,639,359
2984,36316,36314699,11110,250,-1,-1,1,525,85.5,0,-1.0,0,0,0,639,359
2985,36327,36325805,11106,250,-1,-1,1,527,85.5,0,-1.0,0,0,0,639,359
2986,36338,36336915,11110,250,-1,-1,1,526,85.6,0,-1.0,0,0,0,639,359
2987,36349,36348021,11106,250,-1,-1,1,525,85.7,0,-1.0,0,0,0,639,359
2988,36360,36359135,11114,250,-1,-1,1,526,85.7,0,-1.0,0,0,0,639,359
2989,36371,36370239,11104,250,-1,-1,1,526,85.7,1,-1.0,0,0,0,639,359
2990,36382,36381354,11115,250,-1,-1,1,527,85.7,0,-1.0,0,0,0,639,359
2991,36393,36392460,11106,250,-1,-1,1,632,85.8,0,-1.0,0,0,0,639,359
2992,36404,36403573,11113,250,-1,-1,1,542,85.9,0,-1.0,0,0,0,639,359
2993,36416,36414681,11108,250,-1,-1,1,523,85.8,0,-1.0,0,0,0,639,359
2994,36427,36425793,11112,250,-1,-1,1,528,86.0,0,-1.0,0,0,0,639,359
2995,36438,36436894,11101,250,-1,-1,1,527,86.0,0,-1.0,0,0,0,639,359
2996,36449,36448007,11113,250,-1,-1,1,526,86.1,0,-1.0,0,0,0,639,359
2997,36460,36459113,11106,250,-1,-1,1,525,86.1,0,-1.0,0,0,0,639,359
2998,36475,36470225,11112,250,-1,-1,1,525,66.7,1,-1.0,0,0,0,639,359
2999,36482,36481339,11114,250,-1,-1,1,534,87.0,0,-1.0,0,0,0,639,359
3000,36493,36492488,11149,250,-1,-1,1,630,88.2,0,-1.0,0,0,0,639,359
3001,36504,36503553,11065,250,-1,-1,1,634,88.9,0,-1.0,0,0,0,639,359
3002,36515,36514663,11110,250,-1,-1,1,527,89.3,0,-1.0,0,0,0,639,359
3003,36527,36525771,11108,250,-1,-1,1,527,89.6,0,-1.0,0,0,0,639,359
3004,36538,36536882,11111,250,-1,-1,1,523,89.7,0,-1.0,0,0,0,639,359
3005,36549,36547991,11109,250,-1,-1,1,525,89.9,0,-1.0,0,0,0,639,359
3006,36560,36559102,11111,250,-1,-1,1,524,90.0,0,-1.0,0,0,0,639,359
3007,36571,36570205,11103,250,-1,-1,1,526,89.3,1,-1.0,0,0,0,639,359
3008,36582,36581321,11116,250,-1,-1,1,547,89.4,0,-1.0,0,0,0,639,359
3009,36593,36592429,11108,250,-1,-1,1,624,89.6,0,-1.0,0,0,0,639,359
3010,36604,36603535,11106,250,-1,-1,1,526,89.7,0,-1.0,0,0,0,639,359
3011,36615,36614648,11113,250,-1,-1,1,524,89.7,0,-1.0,0,0,0,639,359
3012,36627,36625753,11105,250,-1,-1,1,526,89.8,0,-1.0,0,0,0,639,359
3013,36638,36636861,11108,250,-1,-1,1,527,89.9,0,-1.0,0,0,0,639,359
3014,36649,36647973,11112,250,-1,-1,1,524,89.9,0,-1.0,0,0,0,639,359
3015,36660,36659078,11105,250,-1,-1,1,525,90.0,0,-1.0,0,0,0,639,359
3016,36671,36670190,11112,250,-1,-1,1,524,89.6,1,-1.0,0,0,0,639,359
3017,36682,36681305,11115,250,-1,-1,1,545,89.7,0,-1.0,0,0,0,639,359
3018,36693,36692415,11110,250,-1,-1,1,630,89.7,0,-1.0,0,0,0,639,359
3019,36704,36703519,11104,250,-1,-1,1,543,89.8,0,-1.0,0,0,0,639,359
3020,36716,36714632,11113,250,-1,-1,1,526,89.8,0,-1.0,0,0,0,639,359
3021,36727,36725740,11108,250,-1,-1,1,526,89.9,0,-1.0,0,0,0,639,359
3022,36738,36736847,11107,250,-1,-1,1,526,89.9,0,-1.0,0,0,0,639,359
3023,36749,36747951,11104,250,-1,-1,1,526,90.0,0,-1.0,0,0,0,639,359
3024,36760,36759064,11113,250,-1,-1,1,525,90.0,0,-1.0,0,0,0,639,359
3025,36771,36770175,11111,250,-1,-1,1,524,89.7,1,-1.0,0,0,0,639,359
3026,36782,36781287,11112,250,-1,-1,1,547,89.8,0,-1.0,0,0,0,639,359
3027,36793,36792392,11105,250,-1,-1,1,633,89.8,0,-1.0,0,0,0,639,359
3028,36804,36803506,11114,250,-1,-1,1,525,89.9,0,-1.0,0,0,0,639,359
3029,36816,36814614,11108,250,-1,-1,1,525,89.6,0,-1.0,0,0,0,639,359
3030,36827,36825721,11107,250,-1,-1,1,524,89.9,0,-1.0,0,0,0,639,359
3031,36838,36836827,11106,250,-1,-1,1,525,89.9,0,-1.0,0,0,0,639,359
3032,36849,36847942,11115,250,-1,-1,1,527,90.0,0,-1.0,0,0,0,639,359
3033,36860,36859045,11103,250,-1,-1,1,526,90.0,0,-1.0,0,0,0,639,359
3034,36871,36870156,11111,250,-1,-1,1,529,90.0,1,-1.0,0,0,0,639,359
3035,36882,36881268,11112,250,-1,-1,1,530,89.8,0,-1.0,0,0,0,639,359
3036,36893,36892378,11110,250,-1,-1,1,632,89.9,0,-1.0,0,0,0,639,359
3037,36904,36903484,11106,250,-1,-1,1,525,89.9,0,-1.0,0,0,0,639,359
3038,36916,36914595,11111,250,-1,-1,1,526,89.7,0,-1.0,0,0,0,639,359
3039,36927,36925706,11111,250,-1,-1,1,525,89.9,0,-1.0,0,0,0,639,359
3040,36938,36936815,11109,250,-1,-1,1,524,90.0,0,-1.0,0,0,0,639,359
3041,36949,36947918,11103,250,-1,-1,1,524,90.0,0,-1.0,0,0,0,639,359
3042,36960,36959032,11114,250,-1,-1,1,527,90.0,0,-1.0,0,0,0,639,359
3043,36971,36970138,11106,250,-1,-1,1,527,90.0,1,-1.0,0,0,0,639,359
3044,36982,36981251,11113,250,-1,-1,1,534,89.9,0,-1.0,0,0,0,639,359
3045,36993,36992360,11109,250,-1,-1,1,635,89.9,0,-1.0,0,0,0,639,359
3046,37004,37003470,11110,250,-1,-1,1,526,89.9,0,-1.0,0,0,0,639,359
3047,37015,37014574,11104,250,-1,-1,1,547,89.9,0,-1.0,0,0,0,639,359
3048,37026,37025689,11115,250,-1,-1,1,525,89.9,0,-1.0,0,0,0,639,359
3049,37038,37036795,11106,250,-1,-1,1,526,90.0,0,-1.0,0,0,0,639,359
3050,37049,37047908,11113,250,-1,-1,1,526,90.0,0,-1.0,0,0,0,639,359
3051,37060,37059009,11101,250,-1,-1,1,525,90.0,0,-1.0,0,0,0,639,359
3052,37071,37070122,11113,250,-1,-1,1,529,90.0,1,-1.0,0,0,0,639,359
3053,37082,37081232,11110,250,-1,-1,1,540,89.9,0,-1.0,0,0,0,639,359
3054,37093,37092347,11115,250,-1,-1,1,633,89.9,0,-1.0,0,0,0,639,359
3055,37104,37103449,11102,250,-1,-1,1,524,89.9,0,-1.0,0,0,0,639,359
3056,37116,37114563,11114,250,-1,-1,1,524,89.9,0,-1.0,0,0,0,639,359
3057,37126,37125668,11105,250,-1,-1,1,524,90.0,0,-1.0,0,0,0,639,359
3058,37138,37136777,11109,250,-1,-1,1,528,90.0,0,-1.0,0,0,0,639,359
3059,37149,37147884,11107,250,-1,-1,1,526,90.0,0,-1.0,0,0,0,639,359
3060,37190,37158997,11113,250,-1,-1,1,607,86.3,0,-1.0,0,0,0,639,359
3061,37191,37181202,22205,250,-1,-1,1,603,87.6,1,-1.0,0,0,0,639,359
3062,37194,37192321,11119,250,-1,-1,1,630,88.6,0,-1.0,0,0,0,639,359
3063,37204,37203436,11115,250,-1,-1,1,527,88.6,0,-1.0,0,0,0,639,359
3064,37215,37214541,11105,250,-1,-1,1,526,88.6,0,-1.0,0,0,0,639,359
3065,37226,37225654,11113,250,-1,-1,1,526,88.7,0,-1.0,0,0,0,639,359
3066,37238,37236763,11109,250,-1,-1,1,525,88.7,0,-1.0,0,0,0,639,359
3067,37249,37247874,11111,250,-1,-1,1,531,88.7,0,-1.0,0,0,0,639,359
3068,37260,37258976,11102,250,-1,-1,1,630,88.8,0,-1.0,0,0,0,639,359
3069,37271,37270091,11115,250,-1,-1,1,628,88.7,0,-1.0,0,0,0,639,359
3070,37282,37281195,11104,250,-1,-1,1,524,88.7,1,-1.0,0,0,0,639,359
3071,37293,37292314,11119,250,-1,-1,1,543,88.7,0,-1.0,0,0,0,639,359
3072,37304,37303420,11106,250,-1,-1,1,554,88.8,0,-1.0,0,0,0,639,359
3073,37315,37314528,11108,250,-1,-1,1,629,88.8,0,-1.0,0,0,0,639,359
3074,37326,37325638,11110,250,-1,-1,1,525,88.8,0,-1.0,0,0,0,639,359
3075,37338,37336746,11108,250,-1,-1,1,525,88.8,0,-1.0,0,0,0,639,359
3076,37349,37347850,11104,250,-1,-1,1,533,88.9,0,-1.0,0,0,0,639,359
3077,37360,37358961,11111,250,-1,-1,1,526,88.9,0,-1.0,0,0,0,639,359
3078,37371,37370069,11108,250,-1,-1,1,525,88.9,0,-1.0,0,0,0,639,359
3079,37382,37381181,11112,250,-1,-1,1,525,88.8,1,-1.0,0,0,0,639,359
3080,37393,37392294,11113,250,-1,-1,1,543,88.9,0,-1.0,0,0,0,639,359
3081,37404,37403400,11106,250,-1,-1,1,630,88.9,0,-1.0,0,0,0,639,359
3082,37415,37414511,11111,250,-1,-1,1,526,88.9,0,-1.0,0,0,0,639,359
3083,37426,37425621,11110,250,-1,-1,1,525,88.9,0,-1.0,0,0,0,639,359
3084,37438,37436728,11107,250,-1,-1,1,524,89.0,0,-1.0,0,0,0,639,359
3085,37449,37447839,11111,250,-1,-1,1,524,89.0,0,-1.0,0,0,0,639,359
3086,37460,37458940,11101,250,-1,-1,1,527,89.0,0,-1.0,0,0,0,639,359
3087,37475,37470055,11115,250,-1,-1,1,525,66.7,0,-1.0,0,0,0,639,359
3088,37482,37481163,11108,250,-1,-1,1,527,90.9,1,-1.0,0,0,0,639,359
3089,37493,37492274,11111,250,-1,-1,1,532,88.2,0,-1.0,0,0,0,639,359
3090,37504,37503381,11107,250,-1,-1,1,637,88.9,0,-1.0,0,0,0,639,359
3091,37515,37514492,11111,250,-1,-1,1,527,89.3,0,-1.0,0,0,0,639,359
3092,37526,37525600,11108,250,-1,-1,1,525,89.6,0,-1.0,0,0,0,639,359
3093,37538,37536709,11109,250,-1,-1,1,525,89.7,0,-1.0,0,0,0,639,359
3094,37549,37547816,11107,250,-1,-1,1,525,89.9,0,-1.0,0,0,0,639,359
3095,37560,37558927,11111,250,-1,-1,1,526,90.0,0,-1.0,0,0,0,639,359
3096,37571,37570034,11107,250,-1,-1,1,526,90.1,0,-1.0,0,0,0,639,359
3097,37582,37581148,11114,250,-1,-1,1,525,90.2,1,-1.0,0,0,0,639,359
3098,37593,37592258,11110,250,-1,-1,1,545,89.6,0,-1.0,0,0,0,639,359
3099,37604,37603365,11107,250,-1,-1,1,630,89.7,0,-1.0,0,0,0,639,359
3100,37615,37614470,11105,250,-1,-1,1,525,89.7,0,-1.0,0,0,0,639,359
3101,37626,37625584,11114,250,-1,-1,1,525,89.8,0,-1.0,0,0,0,639,359
3102,37638,37636690,11106,250,-1,-1,1,525,89.9,0,-1.0,0,0,0,639,359
3103,37649,37647798,11108,250,-1,-1,1,526,89.9,0,-1.0,0,0,0,639,359
3104,37660,37658904,11106,250,-1,-1,1,527,90.0,0,-1.0,0,0,0,639,359
3105,37671,37670019,11115,250,-1,-1,1,524,90.0,0,-1.0,0,0,0,639,359
3106,37682,37681128,11109,250,-1,-1,1,525,90.1,1,-1.0,0,0,0,639,359
3107,37693,37692241,11113,250,-1,-1,1,546,89.7,0,-1.0,0,0,0,639,359
3108,37704,37703351,11110,250,-1,-1,1,632,89.8,0,-1.0,0,0,0,639,359
3109,37715,37714458,11107,250,-1,-1,1,525,89.8,0,-1.0,0,0,0,639,359
3110,37727,37725565,11107,250,-1,-1,1,525,89.9,0,-1.0,0,0,0,639,359
3111,37737,37736674,11109,250,-1,-1,1,525,89.9,0,-1.0,0,0,0,639,359
3112,37749,37747777,11103,250,-1,-1,1,527,90.0,0,-1.0,0,0,0,639,359
3113,37760,37758893,11116,250,-1,-1,1,527,90.0,0,-1.0,0,0,0,639,359
3114,37771,37770001,11108,250,-1,-1,1,525,90.0,0,-1.0,0,0,0,639,359
3115,37782,37781110,11109,250,-1,-1,1,526,90.1,1,-1.0,0,0,0,639,359
3116,37793,37792225,11115,250,-1,-1,1,528,89.8,0,-1.0,0,0,0,639,359
3117,37804,37803333,11108,250,-1,-1,1,633,89.9,0,-1.0,0,0,0,639,359
3118,37815,37814442,11109,250,-1,-1,1,524,89.9,0,-1.0,0,0,0,639,359
3119,37826,37825550,11108,250,-1,-1,1,526,89.9,0,-1.0,0,0,0,639,359
3120,37837,37836658,11108,250,-1,-1,1,524,89.9,0,-1.0,0,0,0,639,359
3121,37849,37847766,11108,250,-1,-1,1,523,90.0,0,-1.0,0,0,0,639,359
3122,37860,37858877,11111,250,-1,-1,1,525,90.0,0,-1.0,0,0,0,639,359
3123,37871,37869985,11108,250,-1,-1,1,528,90.0,0,-1.0,0,0,0,639,359
3124,37882,37881090,11105,250,-1,-1,1,528,90.0,1,-1.0,0,0,0,639,359
3125,37893,37892206,11116,250,-1,-1,1,538,89.9,0,-1.0,0,0,0,639,359
3126,37904,37903315,11109,250,-1,-1,1,634,89.9,0,-1.0,0,0,0,639,359
3127,37915,37914423,11108,250,-1,-1,1,528,89.9,0,-1.0,0,0,0,639,359
3128,37926,37925530,11107,250,-1,-1,1,527,89.9,0,-1.0,0,0,0,639,359
3129,37938,37936641,11111,250,-1,-1,1,630,90.0,0,-1.0,0,0,0,639,359
3130,37949,37947774,11133,250,-1,-1,1,526,90.0,0,-1.0,0,0,0,639,359
3131,37960,37958858,11084,250,-1,-1,1,524,90.0,0,-1.0,0,0,0,639,359
3132,37971,37969966,11108,250,-1,-1,1,525,90.0,0,-1.0,0,0,0,639,359
3133,37982,37981075,11109,250,-1,-1,1,524,90.0,1,-1.0,0,0,0,639,359
3134,37993,37992188,11113,250,-1,-1,1,546,89.9,0,-1.0,0,0,0,639,359
3135,38004,38003299,11111,250,-1,-1,1,608,89.9,0,-1.0,0,0,0,639,359
3136,38015,38014405,11106,250,-1,-1,1,525,89.9,0,-1.0,0,0,0,639,359
3137,38027,38025516,11111,250,-1,-1,1,524,89.9,0,-1.0,0,0,0,639,359
3138,38037,38036621,11105,250,-1,-1,1,528,90.0,0,-1.0,0,0,0,639,359
3139,38049,38047731,11110,250,-1,-1,1,526,90.0,0,-1.0,0,0,0,639,359
3140,38060,38058838,11107,250,-1,-1,1,529,90.0,0,-1.0,0,0,0,639,359
3141,38071,38069952,11114,250,-1,-1,1,527,90.0,0,-1.0,0,0,0,639,359
3142,38082,38081063,11111,250,-1,-1,1,524,90.0,1,-1.0,0,0,0,639,359
3143,38093,38092173,11110,250,-1,-1,1,545,89.9,0,-1.0,0,0,0,639,359
3144,38104,38103282,11109,250,-1,-1,1,632,89.9,0,-1.0,0,0,0,639,359
3145,38115,38114388,11106,250,-1,-1,1,526,89.9,0,-1.0,0,0,0,639,359
3146,38127,38125499,11111,250,-1,-1,1,524,90.0,0,-1.0,0,0,0,639,359
3147,38137,38136607,11108,250,-1,-1,1,526,90.0,0,-1.0,0,0,0,639,359
3148,38149,38147712,11105,250,-1,-1,1,530,90.0,0,-1.0,0,0,0,639,359
3149,38160,38158825,11113,250,-1,-1,1,528,90.0,0,-1.0,0,0,0,639,359
3150,38243,38169934,11109,250,-1,-1,1,524,81.6,0,-1.0,0,0,0,639,359
3151,38244,38236573,66639,250,-1,-1,1,1128,82.8,1,-1.0,0,0,0,639,359
3152,38249,38247709,11136,250,-1,-1,1,607,83.7,0,-1.0,0,0,0,639,359
3153,38260,38258806,11097,250,-1,-1,1,524,83.8,0,-1.0,0,0,0,639,359
3154,38271,38269922,11116,250,-1,-1,1,542,83.8,0,-1.0,0,0,0,639,359
3155,38282,38281029,11107,250,-1,-1,1,562,83.9,0,-1.0,0,0,0,639,359
3156,38293,38292135,11106,250,-1,-1,1,631,83.9,0,-1.0,0,0,0,639,359
3157,38304,38303241,11106,250,-1,-1,1,527,84.0,0,-1.0,0,0,0,639,359
3158,38315,38314353,11112,250,-1,-1,1,525,84.1,0,-1.0,0,0,0,639,359
3159,38326,38325460,11107,250,-1,-1,1,524,84.2,0,-1.0,0,0,0,639,359
3160,38337,38336573,11113,250,-1,-1,1,526,84.3,1,-1.0,0,0,0,639,359
3161,38349,38347683,11110,250,-1,-1,1,545,84.4,0,-1.0,0,0,0,639,359
3162,38360,38358794,11111,250,-1,-1,1,630,84.4,0,-1.0,0,0,0,639,359
3163,38371,38369902,11108,250,-1,-1,1,528,84.5,0,-1.0,0,0,0,639,359
3164,38382,38381011,11109,250,-1,-1,1,525,84.5,0,-1.0,0,0,0,639,359
3165,38393,38392116,11105,250,-1,-1,1,526,84.7,0,-1.0,0,0,0,639,359
3166,38404,38403231,11115,250,-1,-1,1,526,84.7,0,-1.0,0,0,0,639,359
3167,38415,38414334,11103,250,-1,-1,1,526,84.7,0,-1.0,0,0,0,639,359
3168,38426,38425442,11108,250,-1,-1,1,528,84.8,0,-1.0,0,0,0,639,359
3169,38437,38436554,11112,250,-1,-1,1,525,84.9,1,-1.0,0,0,0,639,359
3170,38449,38447668,11114,250,-1,-1,1,545,84.9,0,-1.0,0,0,0,639,359
3171,38460,38458776,11108,250,-1,-1,1,631,85.0,0,-1.0,0,0,0,639,359
3172,38489,38480986,22210,250,-1,-1,1,575,33.3,0,-1.0,0,0,0,639,359
3173,38493,38492099,11113,250,-1,-1,1,524,58.8,0,-1.0,0,0,0,639,359
3174,38504,38503210,11111,250,-1,-1,1,524,66.7,0,-1.0,0,0,0,639,359
3175,38515,38514321,11111,250,-1,-1,1,528,71.4,0,-1.0,0,0,0,639,359
3176,38526,38525427,11106,250,-1,-1,1,528,74.6,0,-1.0,0,0,0,639,359
3177,38537,38536540,11113,250,-1,-1,1,527,76.9,0,-1.0,0,0,0,639,359
3178,38548,38547643,11103,250,-1,-1,1,527,78.7,1,-1.0,0,0,0,639,359
3179,38560,38558763,11120,250,-1,-1,1,529,80.0,0,-1.0,0,0,0,639,359
3180,38571,38569865,11102,250,-1,-1,1,634,81.1,0,-1.0,0,0,0,639,359
3181,38582,38580977,11112,250,-1,-1,1,525,82.0,0,-1.0,0,0,0,639,359
3182,38593,38592085,11108,250,-1,-1,1,528,82.1,0,-1.0,0,0,0,639,359
3183,38604,38603194,11109,250,-1,-1,1,525,82.8,0,-1.0,0,0,0,639,359
3184,38615,38614301,11107,250,-1,-1,1,526,83.3,0,-1.0,0,0,0,639,359
3185,38626,38625410,11109,250,-1,-1,1,523,83.8,0,-1.0,0,0,0,639,359
3186,38637,38636518,11108,250,-1,-1,1,525,84.3,0,-1.0,0,0,0,639,359
3187,38648,38647630,11112,250,-1,-1,1,527,84.7,1,-1.0,0,0,0,639,359
3188,38660,38658740,11110,250,-1,-1,1,544,85.0,0,-1.0,0,0,0,639,359
3189,38671,38669851,11111,250,-1,-1,1,629,85.3,0,-1.0,0,0,0,639,359
3190,38682,38680956,11105,250,-1,-1,1,525,85.6,0,-1.0,0,0,0,639,359
3191,38693,38692068,11112,250,-1,-1,1,526,85.5,0,-1.0,0,0,0,639,359
3192,38704,38703175,11107,250,-1,-1,1,526,85.7,0,-1.0,0,0,0,639,359
3193,38715,38714286,11111,250,-1,-1,1,527,85.9,0,-1.0,0,0,0,639,359
3194,38726,38725392,11106,250,-1,-1,1,524,86.1,0,-1.0,0,0,0,639,359
3195,38737,38736502,11110,250,-1,-1,1,525,86.3,0,-1.0,0,0,0,639,359
3196,38748,38747612,11110,250,-1,-1,1,525,86.5,1,-1.0,0,0,0,639,359
3197,38760,38758725,11113,250,-1,-1,1,546,86.7,0,-1.0,0,0,0,639,359
3198,38771,38769835,11110,250,-1,-1,1,627,86.8,0,-1.0,0,0,0,639,359
3199,38782,38780942,11107,250,-1,-1,1,524,87.0,0,-1.0,0,0,0,639,359
3200,38793,38792048,11106,250,-1,-1,1,526,86.8,0,-1.0,0,0,0,639,359
3201,38804,38803159,11111,250,-1,-1,1,524,87.0,0,-1.0,0,0,0,639,359
3202,38815,38814266,11107,250,-1,-1,1,528,87.1,0,-1.0,0,0,0,639,359
3203,38826,38825377,11111,250,-1,-1,1,526,87.2,0,-1.0,0,0,0,639,359
3204,38837,38836488,11111,250,-1,-1,1,526,87.3,0,-1.0,0,0,0,639,359
3205,38848,38847597,11109,250,-1,-1,1,525,87.4,1,-1.0,0,0,0,639,359
3206,38860,38858707,11110,250,-1,-1,1,546,87.5,0,-1.0,0,0,0,639,359
3207,38871,38869818,11111,250,-1,-1,1,631,87.6,0,-1.0,0,0,0,639,359
3208,38882,38880923,11105,250,-1,-1,1,526,87.7,0,-1.0,0,0,0,639,359
3209,38893,38892032,11109,250,-1,-1,1,524,87.8,0,-1.0,0,0,0,639,359
3210,38904,38903143,11111,250,-1,-1,1,528,87.6,0,-1.0,0,0,0,639,359
3211,38915,38914251,11108,250,-1,-1,1,526,87.7,0,-1.0,0,0,0,639,359
3212,38926,38925360,11109,250,-1,-1,1,524,87.8,0,-1.0,0,0,0,639,359
3213,38937,38936470,11110,250,-1,-1,1,528,87.9,0,-1.0,0,0,0,639,359
3214,38948,38947580,11110,250,-1,-1,1,528,87.9,1,-1.0,0,0,0,639,359
3215,38960,38958690,11110,250,-1,-1,1,538,88.0,0,-1.0,0,0,0,639,359
3216,38971,38969801,11111,250,-1,-1,1,631,88.1,0,-1.0,0,0,0,639,359
3217,38982,38980907,11106,250,-1,-1,1,524,88.1,0,-1.0,0,0,0,639,359
3218,38993,38992012,11105,250,-1,-1,1,525,88.2,0,-1.0,0,0,0,639,359
3219,39004,39003123,11111,250,-1,-1,1,525,88.2,0,-1.0,0,0,0,639,359
3220,39015,39014233,11110,250,-1,-1,1,525,88.1,0,-1.0,0,0,0,639,359
3221,39026,39025344,11111,250,-1,-1,1,524,88.2,0,-1.0,0,0,0,639,359
3222,39037,39036452,11108,250,-1,-1,1,526,88.2,0,-1.0,0,0,0,639,359
3223,39048,39047561,11109,250,-1,-1,1,585,88.3,1,-1.0,0,0,0,639,359
3224,39059,39058669,11108,250,-1,-1,1,526,88.3,0,-1.0,0,0,0,639,359
3225,39071,39069782,11113,250,-1,-1,1,528,88.4,0,-1.0,0,0,0,639,359
3226,39082,39080968,11186,250,-1,-1,1,631,88.4,0,-1.0,0,0,0,639,359
3227,39093,39092004,11036,250,-1,-1,1,628,88.3,0,-1.0,0,0,0,639,359
3228,39104,39103106,11102,250,-1,-1,1,527,88.5,0,-1.0,0,0,0,639,359
3229,39115,39114217,11111,250,-1,-1,1,528,88.4,0,-1.0,0,0,0,639,359
3230,39126,39125320,11103,250,-1,-1,1,564,88.5,0,-1.0,0,0,0,639,359
3231,39137,39136435,11115,250,-1,-1,1,525,88.5,0,-1.0,0,0,0,639,359
3232,39148,39147543,11108,250,-1,-1,1,526,88.5,1,-1.0,0,0,0,639,359
3233,39159,39158656,11113,250,-1,-1,1,544,88.6,0,-1.0,0,0,0,639,359
3234,39171,39169764,11108,250,-1,-1,1,606,88.6,0,-1.0,0,0,0,639,359
3235,39182,39180871,11107,250,-1,-1,1,527,88.6,0,-1.0,0,0,0,639,359
3236,39193,39191980,11109,250,-1,-1,1,526,88.7,0,-1.0,0,0,0,639,359
3237,39204,39203095,11115,250,-1,-1,1,527,88.7,0,-1.0,0,0,0,639,359
3238,39215,39214197,11102,250,-1,-1,1,527,88.6,0,-1.0,0,0,0,639,359
3239,39226,39225308,11111,250,-1,-1,1,555,88.7,0,-1.0,0,0,0,639,359
3240,39316,39236418,11110,250,-1,-1,1,526,80.6,0,-1.0,0,0,0,639,359
3241,39316,39314168,77750,250,-1,-1,1,520,81.7,1,-1.0,0,0,0,639,359
3242,39326,39325294,11126,250,-1,-1,1,645,81.9,0,-1.0,0,0,0,639,359
3243,39337,39336404,11110,250,-1,-1,1,546,82.0,0,-1.0,0,0,0,639,359
3244,39348,39347508,11104,250,-1,-1,1,632,82.1,0,-1.0,0,0,0,639,359
3245,39359,39358617,11109,250,-1,-1,1,527,82.2,0,-1.0,0,0,0,639,359
3246,39371,39369729,11112,250,-1,-1,1,611,82.3,0,-1.0,0,0,0,639,359
3247,39382,39380838,11109,250,-1,-1,1,525,82.4,0,-1.0,0,0,0,639,359
3248,39393,39391943,11105,250,-1,-1,1,527,82.5,0,-1.0,0,0,0,639,359
3249,39404,39403054,11111,250,-1,-1,1,524,82.6,0,-1.0,0,0,0,639,359
3250,39415,39414165,11111,250,-1,-1,1,524,82.7,1,-1.0,0,0,0,639,359
3251,39426,39425274,11109,250,-1,-1,1,545,82.7,0,-1.0,0,0,0,639,359
3252,39437,39436384,11110,250,-1,-1,1,528,82.8,0,-1.0,0,0,0,639,359
3253,39449,39447499,11115,250,-1,-1,1,526,82.9,0,-1.0,0,0,0,639,359
3254,39459,39458598,11099,250,-1,-1,1,525,83.0,0,-1.0,0,0,0,639,359
3255,39475,39469714,11116,250,-1,-1,1,525,66.7,0,-1.0,0,0,0,639,359
3256,39482,39480818,11104,250,-1,-1,1,527,90.9,0,-1.0,0,0,0,639,359
3257,39493,39491929,11111,250,-1,-1,1,525,90.9,0,-1.0,0,0,0,639,359
3258,39504,39503038,11109,250,-1,-1,1,525,90.9,0,-1.0,0,0,0,639,359
3259,39515,39514149,11111,250,-1,-1,1,525,90.9,1,-1.0,0,0,0,639,359
3260,39526,39525261,11112,250,-1,-1,1,528,89.6,0,-1.0,0,0,0,639,359
3261,39537,39536369,11108,250,-1,-1,1,523,89.7,0,-1.0,0,0,0,639,359
3262,39549,39547479,11110,250,-1,-1,1,526,89.9,0,-1.0,0,0,0,639,359
3263,39559,39558587,11108,250,-1,-1,1,526,90.0,0,-1.0,0,0,0,639,359
3264,39571,39569696,11109,250,-1,-1,1,525,90.1,0,-1.0,0,0,0,639,359
3265,39582,39580804,11108,250,-1,-1,1,524,90.2,0,-1.0,0,0,0,639,359
3266,39593,39591908,11104,250,-1,-1,1,525,90.2,0,-1.0,0,0,0,639,359
3267,39604,39603022,11114,250,-1,-1,1,525,90.3,0,-1.0,0,0,0,639,359
3268,39615,39614126,11104,250,-1,-1,1,529,90.3,1,-1.0,0,0,0,639,359
3269,39626,39625244,11118,250,-1,-1,1,541,89.8,0,-1.0,0,0,0,639,359
3270,39637,39636351,11107,250,-1,-1,1,525,89.9,0,-1.0,0,0,0,639,359
3271,39649,39647463,11112,250,-1,-1,1,526,89.9,0,-1.0,0,0,0,639,359
3272,39659,39658569,11106,250,-1,-1,1,527,90.0,0,-1.0,0,0,0,639,359
3273,39670,39669678,11109,250,-1,-1,1,529,90.0,0,-1.0,0,0,0,639,359
3274,39682,39680783,11105,250,-1,-1,1,527,90.1,0,-1.0,0,0,0,639,359
3275,39693,39691893,11110,250,-1,-1,1,525,90.1,0,-1.0,0,0,0,639,359
3276,39704,39703000,11107,250,-1,-1,1,528,90.2,0,-1.0,0,0,0,639,359
3277,39715,39714114,11114,250,-1,-1,1,526,90.2,1,-1.0,0,0,0,639,359
3278,39726,39725227,11113,250,-1,-1,1,544,89.9,0,-1.0,0,0,0,639,359
3279,39737,39736333,11106,250,-1,-1,1,528,89.9,0,-1.0,0,0,0,639,359
3280,39749,39747440,11107,250,-1,-1,1,525,90.0,0,-1.0,0,0,0,639,359
3281,39759,39758553,11113,250,-1,-1,1,629,90.0,0,-1.0,0,0,0,639,359
3282,39770,39769664,11111,250,-1,-1,1,524,90.0,0,-1.0,0,0,0,639,359
3283,39782,39780766,11102,250,-1,-1,1,527,90.1,0,-1.0,0,0,0,639,359
3284,39793,39791877,11111,250,-1,-1,1,526,90.1,0,-1.0,0,0,0,639,359
3285,39804,39802989,11112,250,-1,-1,1,526,90.1,0,-1.0,0,0,0,639,359
3286,39815,39814094,11105,250,-1,-1,1,527,90.1,1,-1.0,0,0,0,639,359
3287,39826,39825210,11116,250,-1,-1,1,530,89.9,0,-1.0,0,0,0,639,359
3288,39837,39836316,11106,250,-1,-1,1,525,89.9,0,-1.0,0,0,0,639,359
3289,39849,39847430,11114,250,-1,-1,1,526,90.0,0,-1.0,0,0,0,639,359
3290,39859,39858536,11106,250,-1,-1,1,523,90.0,0,-1.0,0,0,0,639,359
3291,39870,39869644,11108,250,-1,-1,1,525,90.0,0,-1.0,0,0,0,639,359
3292,39882,39880750,11106,250,-1,-1,1,524,90.0,0,-1.0,0,0,0,639,359
3293,39893,39891862,11112,250,-1,-1,1,525,90.1,0,-1.0,0,0,0,639,359
3294,39904,39902969,11107,250,-1,-1,1,527,90.1,0,-1.0,0,0,0,639,359
3295,39915,39914078,11109,250,-1,-1,1,529,90.1,1,-1.0,0,0,0,639,359
3296,39926,39925190,11112,250,-1,-1,1,538,89.9,0,-1.0,0,0,0,639,359
3297,39937,39936301,11111,250,-1,-1,1,524,90.0,0,-1.0,0,0,0,639,359
3298,39949,39947406,11105,250,-1,-1,1,525,90.0,0,-1.0,0,0,0,639,359
3299,39959,39958519,11113,250,-1,-1,1,525,90.0,0,-1.0,0,0,0,639,359
3300,39970,39969623,11104,250,-1,-1,1,526,90.0,0,-1.0,0,0,0,639,359
3301,39982,39980733,11110,250,-1,-1,1,525,90.0,0,-1.0,0,0,0,639,359
3302,39993,39991844,11111,250,-1,-1,1,526,90.1,0,-1.0,0,0,0,639,359
3303,40004,40002950,11106,250,-1,-1,1,526,90.1,0,-1.0,0,0,0,639,359
3304,40015,40014055,11105,250,-1,-1,1,525,90.1,1,-1.0,0,0,0,639,359
3305,40026,40025178,11123,250,-1,-1,1,545,89.9,0,-1.0,0,0,0,639,359
3306,40037,40036282,11104,250,-1,-1,1,526,90.0,0,-1.0,0,0,0,639,359
3307,40049,40047396,11114,250,-1,-1,1,526,90.0,0,-1.0,0,0,0,639,359
3308,40059,40058496,11100,250,-1,-1,1,556,90.0,0,-1.0,0,0,0,639,359
3309,40070,40069610,11114,250,-1,-1,1,528,90.0,0,-1.0,0,0,0,639,359
3310,40082,40080712,11102,250,-1,-1,1,526,90.0,0,-1.0,0,0,0,639,359
3311,40093,40091828,11116,250,-1,-1,1,526,90.0,0,-1.0,0,0,0,639,359
3312,40104,40102934,11106,250,-1,-1,1,526,90.1,0,-1.0,0,0,0,639,359
3313,40115,40114045,11111,250,-1,-1,1,527,90.1,1,-1.0,0,0,0,639,359
3314,40126,40125155,11110,250,-1,-1,1,542,90.0,0,-1.0,0,0,0,639,359
3315,40137,40136267,11112,250,-1,-1,1,524,90.0,0,-1.0,0,0,0,639,359
3316,40149,40147369,11102,250,-1,-1,1,525,90.0,0,-1.0,0,0,0,639,359
3317,40159,40158485,11116,250,-1,-1,1,524,90.0,0,-1.0,0,0,0,639,359
3318,40170,40169590,11105,250,-1,-1,1,524,90.0,0,-1.0,0,0,0,639,359
3319,40182,40180698,11108,250,-1,-1,1,525,90.0,0,-1.0,0,0,0,639,359
3320,40193,40191808,11110,250,-1,-1,1,527,90.0,0,-1.0,0,0,0,639,359
3321,40204,40202916,11108,250,-1,-1,1,549,90.1,0,-1.0,0,0,0,639,359
3322,40215,40214023,11107,250,-1,-1,1,524,90.1,1,-1.0,0,0,0,639,359
3323,40226,40225145,11122,250,-1,-1,1,530,90.0,0,-1.0,0,0,0,639,359
3324,40237,40236247,11102,250,-1,-1,1,525,90.0,0,-1.0,0,0,0,639,359
3325,40249,40247366,11119,250,-1,-1,1,527,90.0,0,-1.0,0,0,0,639,359
3326,40259,40258466,11100,250,-1,-1,1,524,90.0,0,-1.0,0,0,0,639,359
3327,40270,40269577,11111,250,-1,-1,1,525,90.0,0,-1.0,0,0,0,639,359
3328,40281,40280680,11103,250,-1,-1,1,524,90.0,0,-1.0,0,0,0,639,359
3329,40293,40291794,11114,250,-1,-1,1,524,90.0,0,-1.0,0,0,0,639,359
3330,40353,40302900,11106,250,-1,-1,1,663,85.0,0,-1.0,0,0,0,639,359
3331,40354,40347324,44424,250,-1,-1,1,604,86.0,1,-1.0,0,0,0,639,359
3332,40359,40358463,11139,250,-1,-1,1,632,86.7,0,-1.0,0,0,0,639,359
3333,40370,40369557,11094,250,-1,-1,1,527,86.7,0,-1.0,0,0,0,639,359
3334,40381,40380668,11111,250,-1,-1,1,537,86.8,0,-1.0,0,0,0,639,359
3335,40393,40391775,11107,250,-1,-1,1,634,86.8,0,-1.0,0,0,0,639,359
3336,40404,40402885,11110,250,-1,-1,1,544,86.9,0,-1.0,0,0,0,639,359
3337,40415,40413997,11112,250,-1,-1,1,544,86.9,0,-1.0,0,0,0,639,359
3338,40426,40425106,11109,250,-1,-1,1,525,87.0,0,-1.0,0,0,0,639,359
3339,40437,40436212,11106,250,-1,-1,1,613,86.9,0,-1.0,0,0,0,639,359
3340,40448,40447321,11109,250,-1,-1,1,525,87.0,1,-1.0,0,0,0,639,359
3341,40459,40458434,11113,250,-1,-1,1,542,87.0,0,-1.0,0,0,0,639,359
3342,40501,40491748,33314,250,-1,-1,1,525,24.4,0,-1.0,0,0,0,639,359
3343,40504,40502854,11106,250,-1,-1,1,524,44.4,0,-1.0,0,0,0,639,359
3344,40515,40513974,11120,250,-1,-1,1,527,54.5,0,-1.0,0,0,0,639,359
3345,40526,40525083,11109,250,-1,-1,1,523,60.6,0,-1.0,0,0,0,639,359
3346,40537,40536196,11113,250,-1,-1,1,525,64.1,0,-1.0,0,0,0,639,359
3347,40548,40547300,11104,250,-1,-1,1,525,67.4,0,-1.0,0,0,0,639,359
3348,40559,40558414,11114,250,-1,-1,1,526,70.0,0,-1.0,0,0,0,639,359
3349,40570,40569523,11109,250,-1,-1,1,526,72.1,1,-1.0,0,0,0,639,359
3350,40581,40580635,11112,250,-1,-1,1,545,73.8,0,-1.0,0,0,0,639,359
3351,40593,40591744,11109,250,-1,-1,1,526,74.6,0,-1.0,0,0,0,639,359
3352,40604,40602856,11112,250,-1,-1,1,524,75.9,0,-1.0,0,0,0,639,359
3353,40615,40613957,11101,250,-1,-1,1,553,77.4,0,-1.0,0,0,0,639,359
3354,40626,40625068,11111,250,-1,-1,1,527,78.3,0,-1.0,0,0,0,639,359
3355,40637,40636174,11106,250,-1,-1,1,529,78.7,0,-1.0,0,0,0,639,359
3356,40648,40647287,11113,250,-1,-1,1,526,79.4,0,-1.0,0,0,0,639,359
3357,40659,40658396,11109,250,-1,-1,1,525,80.0,0,-1.0,0,0,0,639,359
3358,40670,40669505,11109,250,-1,-1,1,523,80.6,1,-1.0,0,0,0,639,359
3359,40681,40680616,11111,250,-1,-1,1,546,81.1,0,-1.0,0,0,0,639,359
3360,40693,40691727,11111,250,-1,-1,1,527,81.2,0,-1.0,0,0,0,639,359
3361,40704,40702842,11115,250,-1,-1,1,523,81.6,0,-1.0,0,0,0,639,359
3362,40715,40713941,11099,250,-1,-1,1,553,82.4,0,-1.0,0,0,0,639,359
3363,40726,40725052,11111,250,-1,-1,1,524,82.7,0,-1.0,0,0,0,639,359
3364,40737,40736163,11111,250,-1,-1,1,527,82.7,0,-1.0,0,0,0,639,359
3365,40748,40747266,11103,250,-1,-1,1,526,83.0,0,-1.0,0,0,0,639,359
3366,40759,40758378,11112,250,-1,-1,1,524,83.3,0,-1.0,0,0,0,639,359
3367,40770,40769488,11110,250,-1,-1,1,525,83.6,1,-1.0,0,0,0,639,359
3368,40781,40780603,11115,250,-1,-1,1,546,83.9,0,-1.0,0,0,0,639,359
3369,40793,40791709,11106,250,-1,-1,1,525,83.8,0,-1.0,0,0,0,639,359
3370,40804,40802822,11113,250,-1,-1,1,534,84.3,0,-1.0,0,0,0,639,359
3371,40815,40813924,11102,250,-1,-1,1,605,84.5,0,-1.0,0,0,0,639,359
3372,40826,40825034,11110,250,-1,-1,1,525,84.7,0,-1.0,0,0,0,639,359
3373,40837,40836144,11110,250,-1,-1,1,534,84.7,0,-1.0,0,0,0,639,359
3374,40848,40847251,11107,250,-1,-1,1,526,84.8,0,-1.0,0,0,0,639,359
3375,40859,40858359,11108,250,-1,-1,1,525,85.0,0,-1.0,0,0,0,639,359
3376,40870,40869469,11110,250,-1,-1,1,526,85.2,1,-1.0,0,0,0,639,359
3377,40881,40880581,11112,250,-1,-1,1,539,85.3,0,-1.0,0,0,0,639,359
3378,40893,40891690,11109,250,-1,-1,1,526,85.3,0,-1.0,0,0,0,639,359
3379,40904,40902802,11112,250,-1,-1,1,524,85.6,0,-1.0,0,0,0,639,359
3380,40915,40913913,11111,250,-1,-1,1,631,85.7,0,-1.0,0,0,0,639,359
3381,40926,40925015,11102,250,-1,-1,1,527,85.8,0,-1.0,0,0,0,639,359
3382,40937,40936129,11114,250,-1,-1,1,526,86.0,0,-1.0,0,0,0,639,359
3383,40948,40947232,11103,250,-1,-1,1,526,85.9,0,-1.0,0,0,0,639,359
3384,40959,40958344,11112,250,-1,-1,1,524,86.0,0,-1.0,0,0,0,639,359
3385,40970,40969454,11110,250,-1,-1,1,526,86.1,1,-1.0,0,0,0,639,359
3386,40981,40980568,11114,250,-1,-1,1,545,86.2,0,-1.0,0,0,0,639,359
3387,40993,40991675,11107,250,-1,-1,1,524,86.1,0,-1.0,0,0,0,639,359
3388,41004,41002785,11110,250,-1,-1,1,526,86.4,0,-1.0,0,0,0,639,359
3389,41015,41013888,11103,250,-1,-1,1,631,86.5,0,-1.0,0,0,0,639,359
3390,41026,41024999,11111,250,-1,-1,1,525,86.6,0,-1.0,0,0,0,639,359
3391,41037,41036108,11109,250,-1,-1,1,525,86.7,0,-1.0,0,0,0,639,359
3392,41048,41047216,11108,250,-1,-1,1,525,86.6,0,-1.0,0,0,0,639,359
3393,41059,41058323,11107,250,-1,-1,1,524,86.7,0,-1.0,0,0,0,639,359
3394,41070,41069436,11113,250,-1,-1,1,524,86.7,1,-1.0,0,0,0,639,359
3395,41081,41080550,11114,250,-1,-1,1,545,86.8,0,-1.0,0,0,0,639,359
3396,41093,41091658,11108,250,-1,-1,1,524,86.8,0,-1.0,0,0,0,639,359
3397,41104,41102767,11109,250,-1,-1,1,534,87.0,0,-1.0,0,0,0,639,359
3398,41115,41113879,11112,250,-1,-1,1,631,87.0,0,-1.0,0,0,0,639,359
3399,41126,41124982,11103,250,-1,-1,1,524,87.1,0,-1.0,0,0,0,639,359
3400,41137,41136093,11111,250,-1,-1,1,530,87.1,0,-1.0,0,0,0,639,359
3401,41148,41147196,11103,250,-1,-1,1,529,87.1,0,-1.0,0,0,0,639,359
3402,41159,41158312,11116,250,-1,-1,1,525,87.1,0,-1.0,0,0,0,639,359
3403,41170,41169418,11106,250,-1,-1,1,526,87.2,1,-1.0,0,0,0,639,359
3404,41181,41180534,11116,250,-1,-1,1,547,87.3,0,-1.0,0,0,0,639,359
3405,41192,41191636,11102,250,-1,-1,1,546,87.3,0,-1.0,0,0,0,639,359
3406,41204,41202752,11116,250,-1,-1,1,524,87.4,0,-1.0,0,0,0,639,359
3407,41215,41213856,11104,250,-1,-1,1,635,87.4,0,-1.0,0,0,0,639,359
3408,41226,41224970,11114,250,-1,-1,1,524,87.5,0,-1.0,0,0,0,639,359
3409,41237,41236077,11107,250,-1,-1,1,524,87.5,0,-1.0,0,0,0,639,359
3410,41248,41247184,11107,250,-1,-1,1,524,87.5,0,-1.0,0,0,0,639,359
3411,41259,41258292,11108,250,-1,-1,1,527,87.5,0,-1.0,0,0,0,639,359
3412,41270,41269401,11109,250,-1,-1,1,526,87.5,1,-1.0,0,0,0,639,359
3413,41281,41280513,11112,250,-1,-1,1,536,87.6,0,-1.0,0,0,0,639,359
3414,41292,41291626,11113,250,-1,-1,1,529,87.6,0,-1.0,0,0,0,639,359
3415,41304,41302733,11107,250,-1,-1,1,526,87.7,0,-1.0,0,0,0,639,359
3416,41315,41313840,11107,250,-1,-1,1,628,87.7,0,-1.0,0,0,0,639,359
3417,41326,41324950,11110,250,-1,-1,1,526,87.8,0,-1.0,0,0,0,639,359
3418,41337,41336059,11109,250,-1,-1,1,527,87.8,0,-1.0,0,0,0,639,359
3419,41348,41347168,11109,250,-1,-1,1,524,87.7,0,-1.0,0,0,0,639,359
3420,41416,41358278,11110,250,-1,-1,1,609,82.5,0,-1.0,0,0,0,639,359
3421,41417,41413808,55530,250,-1,-1,1,601,83.5,1,-1.0,0,0,0,639,359
3422,41426,41424937,11129,250,-1,-1,1,528,83.9,0,-1.0,0,0,0,639,359
3423,41437,41436041,11104,250,-1,-1,1,525,83.9,0,-1.0,0,0,0,639,359
3424,41448,41447147,11106,250,-1,-1,1,526,83.9,0,-1.0,0,0,0,639,359
3425,41459,41458263,11116,250,-1,-1,1,630,84.0,0,-1.0,0,0,0,639,359
3426,41508,41502686,44423,250,-1,-1,1,525,20.4,0,-1.0,0,0,0,639,359
3427,41515,41513872,11186,250,-1,-1,1,629,36.4,0,-1.0,0,0,0,639,359
3428,41526,41524913,11041,250,-1,-1,1,528,45.5,0,-1.0,0,0,0,639,359
3429,41537,41536025,11112,250,-1,-1,1,526,51.9,0,-1.0,0,0,0,639,359
3430,41548,41547128,11103,250,-1,-1,1,526,56.8,1,-1.0,0,0,0,639,359
3431,41559,41558244,11116,250,-1,-1,1,531,60.0,0,-1.0,0,0,0,639,359
3432,41571,41569354,11110,250,-1,-1,1,524,63.1,0,-1.0,0,0,0,639,359
3433,41582,41580463,11109,250,-1,-1,1,525,65.6,0,-1.0,0,0,0,639,359
3434,41592,41591570,11107,250,-1,-1,1,555,67.7,0,-1.0,0,0,0,639,359
3435,41603,41602679,11109,250,-1,-1,1,528,69.4,0,-1.0,0,0,0,639,359
3436,41615,41613785,11106,250,-1,-1,1,524,71.0,0,-1.0,0,0,0,639,359
3437,41626,41624897,11112,250,-1,-1,1,525,72.3,0,-1.0,0,0,0,639,359
3438,41637,41636005,11108,250,-1,-1,1,525,73.4,0,-1.0,0,0,0,639,359
3439,41648,41647114,11109,250,-1,-1,1,523,74.5,1,-1.0,0,0,0,639,359
3440,41659,41658227,11113,250,-1,-1,1,546,75.0,0,-1.0,0,0,0,639,359
3441,41671,41669336,11109,250,-1,-1,1,523,75.8,0,-1.0,0,0,0,639,359
3442,41681,41680446,11110,250,-1,-1,1,525,76.6,0,-1.0,0,0,0,639,359
3443,41692,41691556,11110,250,-1,-1,1,632,77.3,0,-1.0,0,0,0,639,359
3444,41703,41702664,11108,250,-1,-1,1,528,77.9,0,-1.0,0,0,0,639,359
3445,41715,41713770,11106,250,-1,-1,1,527,78.4,0,-1.0,0,0,0,639,359
3446,41726,41724883,11113,250,-1,-1,1,525,78.9,0,-1.0,0,0,0,639,359
3447,41737,41735991,11108,250,-1,-1,1,525,79.4,0,-1.0,0,0,0,639,359
3448,41748,41747092,11101,250,-1,-1,1,525,79.9,1,-1.0,0,0,0,639,359
3449,41759,41758212,11120,250,-1,-1,1,544,80.0,0,-1.0,0,0,0,639,359
3450,41771,41769320,11108,250,-1,-1,1,524,80.4,0,-1.0,0,0,0,639,359
3451,41781,41780427,11107,250,-1,-1,1,526,80.7,0,-1.0,0,0,0,639,359
3452,41792,41791533,11106,250,-1,-1,1,631,81.1,0,-1.0,0,0,0,639,359
3453,41803,41802643,11110,250,-1,-1,1,524,81.4,0,-1.0,0,0,0,639,359
3454,41815,41813753,11110,250,-1,-1,1,525,81.7,0,-1.0,0,0,0,639,359
3455,41826,41824861,11108,250,-1,-1,1,526,82.0,0,-1.0,0,0,0,639,359
3456,41837,41835969,11108,250,-1,-1,1,526,82.2,0,-1.0,0,0,0,639,359
3457,41848,41847080,11111,250,-1,-1,1,524,82.5,1,-1.0,0,0,0,639,359
3458,41859,41858192,11112,250,-1,-1,1,545,82.5,0,-1.0,0,0,0,639,359
3459,41871,41869303,11111,250,-1,-1,1,527,82.7,0,-1.0,0,0,0,639,359
3460,41881,41880412,11109,250,-1,-1,1,527,82.9,0,-1.0,0,0,0,639,359
3461,41892,41891522,11110,250,-1,-1,1,633,83.1,0,-1.0,0,0,0,639,359
3462,41903,41902626,11104,250,-1,-1,1,524,83.3,0,-1.0,0,0,0,639,359
3463,41915,41913738,11112,250,-1,-1,1,525,83.5,0,-1.0,0,0,0,639,359
3464,41926,41924843,11105,250,-1,-1,1,528,83.7,0,-1.0,0,0,0,639,359
3465,41937,41935955,11112,250,-1,-1,1,525,83.9,0,-1.0,0,0,0,639,359
3466,41948,41947062,11107,250,-1,-1,1,527,84.0,1,-1.0,0,0,0,639,359
3467,41959,41958180,11118,250,-1,-1,1,531,84.0,0,-1.0,0,0,0,639,359
3468,41971,41969284,11104,250,-1,-1,1,525,84.1,0,-1.0,0,0,0,639,359
3469,41981,41980397,11113,250,-1,-1,1,526,84.3,0,-1.0,0,0,0,639,359
3470,41992,41991503,11106,250,-1,-1,1,632,84.4,0,-1.0,0,0,0,639,359
3471,42003,42002613,11110,250,-1,-1,1,524,84.6,0,-1.0,0,0,0,639,359
3472,42015,42013721,11108,250,-1,-1,1,526,84.7,0,-1.0,0,0,0,639,359
3473,42026,42024828,11107,250,-1,-1,1,524,84.8,0,-1.0,0,0,0,639,359
3474,42037,42035933,11105,250,-1,-1,1,524,84.9,0,-1.0,0,0,0,639,359
3475,42048,42047042,11109,250,-1,-1,1,525,85.0,1,-1.0,0,0,0,639,359
3476,42059,42058159,11117,250,-1,-1,1,544,85.0,0,-1.0,0,0,0,639,359
3477,42070,42069271,11112,250,-1,-1,1,539,85.1,0,-1.0,0,0,0,639,359
3478,42081,42080377,11106,250,-1,-1,1,524,85.2,0,-1.0,0,0,0,639,359
3479,42092,42091489,11112,250,-1,-1,1,631,85.3,0,-1.0,0,0,0,639,359
3480,42103,42102594,11105,250,-1,-1,1,526,85.4,0,-1.0,0,0,0,639,359
3481,42115,42113701,11107,250,-1,-1,1,528,85.5,0,-1.0,0,0,0,639,359
3482,42126,42124808,11107,250,-1,-1,1,524,85.6,0,-1.0,0,0,0,639,359
3483,42137,42135926,11118,250,-1,-1,1,525,85.7,0,-1.0,0,0,0,639,359
3484,42148,42147026,11100,250,-1,-1,1,524,85.8,1,-1.0,0,0,0,639,359
3485,42159,42158146,11120,250,-1,-1,1,547,85.7,0,-1.0,0,0,0,639,359
3486,42170,42169250,11104,250,-1,-1,1,545,85.8,0,-1.0,0,0,0,639,359
3487,42181,42180359,11109,250,-1,-1,1,527,85.9,0,-1.0,0,0,0,639,359
3488,42192,42191467,11108,250,-1,-1,1,628,85.9,0,-1.0,0,0,0,639,359
3489,42203,42202578,11111,250,-1,-1,1,525,86.0,0,-1.0,0,0,0,639,359
3490,42214,42213680,11102,250,-1,-1,1,527,86.1,0,-1.0,0,0,0,639,359
3491,42227,42224796,11116,250,-1,-1,1,525,86.0,0,-1.0,0,0,0,639,359
3492,42237,42235902,11106,250,-1,-1,1,525,86.2,0,-1.0,0,0,0,639,359
3493,42248,42247013,11111,250,-1,-1,1,525,86.3,1,-1.0,0,0,0,639,359
3494,42259,42258126,11113,250,-1,-1,1,537,86.4,0,-1.0,0,0,0,639,359
3495,42270,42269237,11111,250,-1,-1,1,523,86.3,0,-1.0,0,0,0,639,359
3496,42282,42280342,11105,250,-1,-1,1,524,86.4,0,-1.0,0,0,0,639,359
3497,42292,42291453,11111,250,-1,-1,1,526,86.4,0,-1.0,0,0,0,639,359
3498,42304,42302556,11103,250,-1,-1,1,526,86.5,0,-1.0,0,0,0,639,359
3499,42314,42313667,11111,250,-1,-1,1,525,86.5,0,-1.0,0,0,0,639,359
3500,42326,42324777,11110,250,-1,-1,1,526,86.6,0,-1.0,0,0,0,639,359
3501,42337,42335885,11108,250,-1,-1,1,526,86.7,0,-1.0,0,0,0,639,359
3502,42348,42346989,11104,250,-1,-1,1,526,86.7,1,-1.0,0,0,0,639,359
3503,42359,42358109,11120,250,-1,-1,1,546,86.8,0,-1.0,0,0,0,639,359
3504,42370,42369218,11109,250,-1,-1,1,544,86.7,0,-1.0,0,0,0,639,359
3505,42381,42380326,11108,250,-1,-1,1,524,86.8,0,-1.0,0,0,0,639,359
3506,42392,42391435,11109,250,-1,-1,1,633,86.8,0,-1.0,0,0,0,639,359
3507,42403,42402542,11107,250,-1,-1,1,526,86.9,0,-1.0,0,0,0,639,359
3508,42414,42413648,11106,250,-1,-1,1,528,86.9,0,-1.0,0,0,0,639,359
3509,42426,42424759,11111,250,-1,-1,1,526,87.0,0,-1.0,0,0,0,639,359
3510,42500,42435866,11107,250,-1,-1,1,610,81.7,0,-1.0,0,0,0,639,359
3511,42557,42546952,111086,250,-1,-1,1,758,17.9,1,-1.0,0,0,0,639,359
3512,42559,42558133,11181,250,-1,-1,1,524,33.9,0,-1.0,0,0,0,639,359
3513,42570,42569182,11049,250,-1,-1,1,545,42.9,0,-1.0,0,0,0,639,359
3514,42581,42580290,11108,250,-1,-1,1,631,49.4,0,-1.0,0,0,0,639,359
3515,42592,42591398,11108,250,-1,-1,1,631,54.3,0,-1.0,0,0,0,639,359
3516,42603,42602511,11113,250,-1,-1,1,529,58.3,0,-1.0,0,0,0,639,359
3517,42614,42613614,11103,250,-1,-1,1,527,61.4,0,-1.0,0,0,0,639,359
3518,42626,42624728,11114,250,-1,-1,1,524,64.0,0,-1.0,0,0,0,639,359
3519,42637,42635831,11103,250,-1,-1,1,526,66.2,0,-1.0,0,0,0,639,359
3520,42648,42646941,11110,250,-1,-1,1,528,68.0,1,-1.0,0,0,0,639,359
3521,42659,42658055,11114,250,-1,-1,1,527,69.6,0,-1.0,0,0,0,639,359
3522,42670,42669165,11110,250,-1,-1,1,545,70.6,0,-1.0,0,0,0,639,359
3523,42681,42680271,11106,250,-1,-1,1,627,71.8,0,-1.0,0,0,0,639,359
3524,42692,42691380,11109,250,-1,-1,1,633,72.9,0,-1.0,0,0,0,639,359
3525,42703,42702493,11113,250,-1,-1,1,525,73.9,0,-1.0,0,0,0,639,359
3526,42714,42713600,11107,250,-1,-1,1,524,74.8,0,-1.0,0,0,0,639,359
3527,42726,42724705,11105,250,-1,-1,1,524,75.6,0,-1.0,0,0,0,639,359
3528,42737,42735818,11113,250,-1,-1,1,528,76.3,0,-1.0,0,0,0,639,359
3529,42748,42746926,11108,250,-1,-1,1,529,76.9,1,-1.0,0,0,0,639,359
3530,42759,42758039,11113,250,-1,-1,1,540,77.5,0,-1.0,0,0,0,639,359
3531,42770,42769148,11109,250,-1,-1,1,531,77.8,0,-1.0,0,0,0,639,359
3532,42781,42780255,11107,250,-1,-1,1,523,78.3,0,-1.0,0,0,0,639,359
3533,42792,42791365,11110,250,-1,-1,1,630,78.8,0,-1.0,0,0,0,639,359
3534,42803,42802473,11108,250,-1,-1,1,526,79.2,0,-1.0,0,0,0,639,359
3535,42814,42813579,11106,250,-1,-1,1,526,79.6,0,-1.0,0,0,0,639,359
3536,42825,42824690,11111,250,-1,-1,1,525,80.0,0,-1.0,0,0,0,639,359
3537,42837,42835800,11110,250,-1,-1,1,523,80.4,0,-1.0,0,0,0,639,359
3538,42848,42846908,11108,250,-1,-1,1,525,80.7,1,-1.0,0,0,0,639,359
3539,42859,42858022,11114,250,-1,-1,1,547,81.0,0,-1.0,0,0,0,639,359
3540,42870,42869132,11110,250,-1,-1,1,546,81.1,0,-1.0,0,0,0,639,359
3541,42881,42880240,11108,250,-1,-1,1,526,81.4,0,-1.0,0,0,0,639,359
3542,42892,42891351,11111,250,-1,-1,1,629,81.6,0,-1.0,0,0,0,639,359
3543,42903,42902455,11104,250,-1,-1,1,526,81.9,0,-1.0,0,0,0,639,359
3544,42914,42913565,11110,250,-1,-1,1,527,82.1,0,-1.0,0,0,0,639,359
3545,42925,42924671,11106,250,-1,-1,1,527,82.4,0,-1.0,0,0,0,639,359
3546,42937,42935783,11112,250,-1,-1,1,525,82.6,0,-1.0,0,0,0,639,359
3547,42948,42946895,11112,250,-1,-1,1,526,82.8,1,-1.0,0,0,0,639,359
3548,42959,42958008,11113,250,-1,-1,1,546,83.0,0,-1.0,0,0,0,639,359
3549,42970,42969115,11107,250,-1,-1,1,546,83.0,0,-1.0,0,0,0,639,359
3550,42981,42980223,11108,250,-1,-1,1,527,83.2,0,-1.0,0,0,0,639,359
3551,42992,42991329,11106,250,-1,-1,1,632,83.3,0,-1.0,0,0,0,639,359
3552,43003,43002439,11110,250,-1,-1,1,525,83.5,0,-1.0,0,0,0,639,359
3553,43014,43013544,11105,250,-1,-1,1,533,83.7,0,-1.0,0,0,0,639,359
3554,43025,43024656,11112,250,-1,-1,1,528,83.8,0,-1.0,0,0,0,639,359
3555,43037,43035766,11110,250,-1,-1,1,545,84.0,0,-1.0,0,0,0,639,359
3556,43048,43046875,11109,250,-1,-1,1,525,84.1,1,-1.0,0,0,0,639,359
3557,43059,43057991,11116,250,-1,-1,1,547,84.2,0,-1.0,0,0,0,639,359
3558,43070,43069099,11108,250,-1,-1,1,545,84.4,0,-1.0,0,0,0,639,359
3559,43081,43080205,11106,250,-1,-1,1,542,84.3,0,-1.0,0,0,0,639,359
3560,43092,43091313,11108,250,-1,-1,1,634,84.5,0,-1.0,0,0,0,639,359
3561,43103,43102423,11110,250,-1,-1,1,528,84.6,0,-1.0,0,0,0,639,359
3562,43114,43113529,11106,250,-1,-1,1,528,84.7,0,-1.0,0,0,0,639,359
3563,43125,43124638,11109,250,-1,-1,1,526,84.8,0,-1.0,0,0,0,639,359
3564,43137,43135748,11110,250,-1,-1,1,526,84.9,0,-1.0,0,0,0,639,359
3565,43148,43146857,11109,250,-1,-1,1,527,85.0,1,-1.0,0,0,0,639,359
3566,43159,43157968,11111,250,-1,-1,1,527,85.1,0,-1.0,0,0,0,639,359
3567,43170,43169078,11110,250,-1,-1,1,544,85.2,0,-1.0,0,0,0,639,359
3568,43181,43180189,11111,250,-1,-1,1,529,85.2,0,-1.0,0,0,0,639,359
3569,43192,43191300,11111,250,-1,-1,1,627,85.3,0,-1.0,0,0,0,639,359
3570,43203,43202409,11109,250,-1,-1,1,525,85.3,0,-1.0,0,0,0,639,359
3571,43214,43213513,11104,250,-1,-1,1,525,85.4,0,-1.0,0,0,0,639,359
3572,43225,43224625,11112,250,-1,-1,1,525,85.5,0,-1.0,0,0,0,639,359
3573,43237,43235730,11105,250,-1,-1,1,529,85.6,0,-1.0,0,0,0,639,359
3574,43248,43246840,11110,250,-1,-1,1,526,85.7,1,-1.0,0,0,0,639,359
3575,43259,43257950,11110,250,-1,-1,1,537,85.8,0,-1.0,0,0,0,639,359
3576,43270,43269063,11113,250,-1,-1,1,532,85.8,0,-1.0,0,0,0,639,359
3577,43281,43280169,11106,250,-1,-1,1,524,85.8,0,-1.0,0,0,0,639,359
3578,43292,43291278,11109,250,-1,-1,1,631,85.9,0,-1.0,0,0,0,639,359
3579,43303,43302385,11107,250,-1,-1,1,528,85.9,0,-1.0,0,0,0,639,359
3580,43314,43313496,11111,250,-1,-1,1,527,86.0,0,-1.0,0,0,0,639,359
3581,43325,43324602,11106,250,-1,-1,1,525,86.1,0,-1.0,0,0,0,639,359
3582,43337,43335715,11113,250,-1,-1,1,524,86.1,0,-1.0,0,0,0,639,359
3583,43348,43346819,11104,250,-1,-1,1,525,86.2,1,-1.0,0,0,0,639,359
3584,43359,43357935,11116,250,-1,-1,1,545,86.2,0,-1.0,0,0,0,639,359
3585,43370,43369044,11109,250,-1,-1,1,544,86.3,0,-1.0,0,0,0,639,359
3586,43381,43380156,11112,250,-1,-1,1,526,86.4,0,-1.0,0,0,0,639,359
3587,43392,43391262,11106,250,-1,-1,1,633,86.3,0,-1.0,0,0,0,639,359
3588,43403,43402367,11105,250,-1,-1,1,526,86.4,0,-1.0,0,0,0,639,359
3589,43414,43413478,11111,250,-1,-1,1,526,86.4,0,-1.0,0,0,0,639,359
3590,43425,43424587,11109,250,-1,-1,1,527,86.5,0,-1.0,0,0,0,639,359
3591,43437,43435695,11108,250,-1,-1,1,525,86.5,0,-1.0,0,0,0,639,359
3592,43448,43446807,11112,250,-1,-1,1,526,86.6,1,-1.0,0,0,0,639,359
3593,43459,43457918,11111,250,-1,-1,1,545,86.6,0,-1.0,0,0,0,639,359
3594,43470,43469028,11110,250,-1,-1,1,547,86.7,0,-1.0,0,0,0,639,359
3595,43481,43480136,11108,250,-1,-1,1,524,86.7,0,-1.0,0,0,0,639,359
3596,43492,43491247,11111,250,-1,-1,1,634,86.7,0,-1.0,0,0,0,639,359
3597,43503,43502351,11104,250,-1,-1,1,529,86.7,0,-1.0,0,0,0,639,359
3598,43514,43513461,11110,250,-1,-1,1,528,90.9,0,-1.0,0,0,0,639,359
3599,43525,43524568,11107,250,-1,-1,1,527,90.9,0,-1.0,0,0,0,639,359
3600,43634,43535681,11113,250,-1,-1,1,2648,22.6,0,-1.0,0,0,0,639,359
3601,43637,43635647,99966,250,-1,-1,1,519,29.9,1,-1.0,0,0,0,639,359
3602,43648,43646774,11127,250,-1,-1,1,527,34.7,0,-1.0,0,0,0,639,359
3603,43659,43657887,11113,250,-1,-1,1,537,38.7,0,-1.0,0,0,0,639,359
3604,43670,43668997,11110,250,-1,-1,1,524,41.9,0,-1.0,0,0,0,639,359
3605,43681,43680102,11105,250,-1,-1,1,525,45.2,0,-1.0,0,0,0,639,359
3606,43692,43691209,11107,250,-1,-1,1,633,47.6,0,-1.0,0,0,0,639,359
3607,43703,43702316,11107,250,-1,-1,1,526,50.0,0,-1.0,0,0,0,639,359
3608,43714,43713429,11113,250,-1,-1,1,525,52.1,0,-1.0,0,0,0,639,359
3609,43725,43724535,11106,250,-1,-1,1,526,54.1,0,-1.0,0,0,0,639,359
3610,43736,43735648,11113,250,-1,-1,1,526,55.8,1,-1.0,0,0,0,639,359
3611,43748,43746757,11109,250,-1,-1,1,550,57.4,0,-1.0,0,0,0,639,359
3612,43759,43757867,11110,250,-1,-1,1,547,58.8,0,-1.0,0,0,0,639,359
3613,43770,43768974,11107,250,-1,-1,1,528,60.2,0,-1.0,0,0,0,639,359
3614,43781,43780086,11112,250,-1,-1,1,628,61.2,0,-1.0,0,0,0,639,359
3615,43792,43791191,11105,250,-1,-1,1,525,62.3,0,-1.0,0,0,0,639,359
3616,43803,43802301,11110,250,-1,-1,1,525,63.3,0,-1.0,0,0,0,639,359
3617,43814,43813406,11105,250,-1,-1,1,525,64.3,0,-1.0,0,0,0,639,359
3618,43825,43824518,11112,250,-1,-1,1,525,65.2,0,-1.0,0,0,0,639,359
3619,43836,43835629,11111,250,-1,-1,1,526,66.1,1,-1.0,0,0,0,639,359
3620,43848,43846742,11113,250,-1,-1,1,545,66.9,0,-1.0,0,0,0,639,359
3621,43859,43857851,11109,250,-1,-1,1,545,67.6,0,-1.0,0,0,0,639,359
3622,43870,43868961,11110,250,-1,-1,1,525,68.3,0,-1.0,0,0,0,639,359
3623,43881,43880063,11102,250,-1,-1,1,626,68.8,0,-1.0,0,0,0,639,359
3624,43892,43891175,11112,250,-1,-1,1,528,69.4,0,-1.0,0,0,0,639,359
3625,43903,43902283,11108,250,-1,-1,1,529,70.0,0,-1.0,0,0,0,639,359
3626,43914,43913393,11110,250,-1,-1,1,524,70.6,0,-1.0,0,0,0,639,359
3627,43925,43924498,11105,250,-1,-1,1,525,71.1,0,-1.0,0,0,0,639,359
3628,43936,43935615,11117,250,-1,-1,1,528,71.6,1,-1.0,0,0,0,639,359
3629,43948,43946723,11108,250,-1,-1,1,543,72.1,0,-1.0,0,0,0,639,359
3630,43959,43957836,11113,250,-1,-1,1,546,72.5,0,-1.0,0,0,0,639,359
3631,43970,43968943,11107,250,-1,-1,1,525,73.0,0,-1.0,0,0,0,639,359
3632,43981,43980049,11106,250,-1,-1,1,633,73.2,0,-1.0,0,0,0,639,359
3633,43992,43991160,11111,250,-1,-1,1,524,73.8,0,-1.0,0,0,0,639,359
3634,44003,44002266,11106,250,-1,-1,1,527,74.0,0,-1.0,0,0,0,639,359
3635,44014,44013374,11108,250,-1,-1,1,525,74.4,0,-1.0,0,0,0,639,359
3636,44025,44024484,11110,250,-1,-1,1,525,74.7,0,-1.0,0,0,0,639,359
3637,44036,44035594,11110,250,-1,-1,1,527,75.0,1,-1.0,0,0,0,639,359
3638,44048,44046706,11112,250,-1,-1,1,529,75.4,0,-1.0,0,0,0,639,359
3639,44059,44057814,11108,250,-1,-1,1,547,75.7,0,-1.0,0,0,0,639,359
3640,44070,44068921,11107,250,-1,-1,1,525,76.0,0,-1.0,0,0,0,639,359
3641,44081,44080033,11112,250,-1,-1,1,603,76.1,0,-1.0,0,0,0,639,359
3642,44092,44091138,11105,250,-1,-1,1,525,76.5,0,-1.0,0,0,0,639,359
3643,44103,44102249,11111,250,-1,-1,1,525,76.7,0,-1.0,0,0,0,639,359
3644,44114,44113359,11110,250,-1,-1,1,524,76.9,0,-1.0,0,0,0,639,359
3645,44125,44124468,11109,250,-1,-1,1,530,77.2,0,-1.0,0,0,0,639,359
3646,44136,44135574,11106,250,-1,-1,1,533,77.4,1,-1.0,0,0,0,639,359
3647,44148,44146690,11116,250,-1,-1,1,535,77.6,0,-1.0,0,0,0,639,359
3648,44159,44157800,11110,250,-1,-1,1,533,77.9,0,-1.0,0,0,0,639,359
3649,44170,44168906,11106,250,-1,-1,1,526,78.1,0,-1.0,0,0,0,639,359
3650,44181,44180013,11107,250,-1,-1,1,631,78.3,0,-1.0,0,0,0,639,359
3651,44192,44191125,11112,250,-1,-1,1,526,78.5,0,-1.0,0,0,0,639,359
3652,44203,44202234,11109,250,-1,-1,1,525,78.6,0,-1.0,0,0,0,639,359
3653,44214,44213342,11108,250,-1,-1,1,525,78.8,0,-1.0,0,0,0,639,359
3654,44225,44224454,11112,250,-1,-1,1,526,78.9,0,-1.0,0,0,0,639,359
3655,44236,44235563,11109,250,-1,-1,1,525,79.1,1,-1.0,0,0,0,639,359
3656,44248,44246672,11109,250,-1,-1,1,547,79.3,0,-1.0,0,0,0,639,359
3657,44259,44257783,11111,250,-1,-1,1,541,79.5,0,-1.0,0,0,0,639,359
3658,44270,44268890,11107,250,-1,-1,1,527,79.6,0,-1.0,0,0,0,639,359
3659,44281,44279996,11106,250,-1,-1,1,629,79.8,0,-1.0,0,0,0,639,359
3660,44292,44291107,11111,250,-1,-1,1,527,79.9,0,-1.0,0,0,0,639,359
3661,44303,44302214,11107,250,-1,-1,1,527,80.0,0,-1.0,0,0,0,639,359
3662,44314,44313324,11110,250,-1,-1,1,526,80.1,0,-1.0,0,0,0,639,359
3663,44325,44324431,11107,250,-1,-1,1,528,80.3,0,-1.0,0,0,0,639,359
3664,44336,44335543,11112,250,-1,-1,1,527,80.4,1,-1.0,0,0,0,639,359
3665,44348,44346658,11115,250,-1,-1,1,543,80.6,0,-1.0,0,0,0,639,359
3666,44359,44357767,11109,250,-1,-1,1,545,80.7,0,-1.0,0,0,0,639,359
3667,44370,44368874,11107,250,-1,-1,1,633,80.8,0,-1.0,0,0,0,639,359
3668,44381,44379981,11107,250,-1,-1,1,634,81.0,0,-1.0,0,0,0,639,359
3669,44392,44391092,11111,250,-1,-1,1,526,81.1,0,-1.0,0,0,0,639,359
3670,44403,44402196,11104,250,-1,-1,1,528,81.1,0,-1.0,0,0,0,639,359
3671,44414,44413305,11109,250,-1,-1,1,526,81.2,0,-1.0,0,0,0,639,359
3672,44425,44424416,11111,250,-1,-1,1,525,81.3,0,-1.0,0,0,0,639,359
3673,44436,44435527,11111,250,-1,-1,1,526,81.5,1,-1.0,0,0,0,639,359
3674,44447,44446637,11110,250,-1,-1,1,529,81.6,0,-1.0,0,0,0,639,359
3675,44459,44457747,11110,250,-1,-1,1,546,81.7,0,-1.0,0,0,0,639,359
3676,44470,44468855,11108,250,-1,-1,1,526,81.8,0,-1.0,0,0,0,639,359
3677,44481,44479965,11110,250,-1,-1,1,630,81.9,0,-1.0,0,0,0,639,359
3678,44492,44491073,11108,250,-1,-1,1,524,82.0,0,-1.0,0,0,0,639,359
3679,44503,44502176,11103,250,-1,-1,1,525,82.0,0,-1.0,0,0,0,639,359
3680,44519,44513292,11116,250,-1,-1,1,524,62.5,0,-1.0,0,0,0,639,359
3681,44525,44524403,11111,250,-1,-1,1,525,90.9,0,-1.0,0,0,0,639,359
3682,44536,44535508,11105,250,-1,-1,1,525,90.9,1,-1.0,0,0,0,639,359
3683,44547,44546621,11113,250,-1,-1,1,546,90.9,0,-1.0,0,0,0,639,359
3684,44559,44557729,11108,250,-1,-1,1,541,90.9,0,-1.0,0,0,0,639,359
3685,44570,44568839,11110,250,-1,-1,1,524,90.9,0,-1.0,0,0,0,639,359
3686,44581,44579951,11112,250,-1,-1,1,630,90.9,0,-1.0,0,0,0,639,359
3687,44592,44591058,11107,250,-1,-1,1,524,90.9,0,-1.0,0,0,0,639,359
3688,44603,44602163,11105,250,-1,-1,1,526,90.0,0,-1.0,0,0,0,639,359
3689,44614,44613271,11108,250,-1,-1,1,548,90.1,0,-1.0,0,0,0,639,359
3690,44690,44624386,11115,250,-1,-1,1,2215,58.5,0,-1.0,0,0,0,639,359
3691,44692,44691066,66680,250,-1,-1,1,600,63.5,1,-1.0,0,0,0,639,359
3692,44703,44702148,11082,250,-1,-1,1,525,65.3,0,-1.0,0,0,0,639,359
3693,44714,44713260,11112,250,-1,-1,1,542,66.4,0,-1.0,0,0,0,639,359
3694,44725,44724363,11103,250,-1,-1,1,527,67.6,0,-1.0,0,0,0,639,359
3695,44736,44735477,11114,250,-1,-1,1,524,68.7,0,-1.0,0,0,0,639,359
3696,44747,44746585,11108,250,-1,-1,1,546,69.7,0,-1.0,0,0,0,639,359
3697,44759,44757694,11109,250,-1,-1,1,630,70.6,0,-1.0,0,0,0,639,359
3698,44770,44768806,11112,250,-1,-1,1,525,71.4,0,-1.0,0,0,0,639,359
3699,44781,44779914,11108,250,-1,-1,1,527,71.9,0,-1.0,0,0,0,639,359
3700,44792,44791020,11106,250,-1,-1,1,527,72.9,1,-1.0,0,0,0,639,359
3701,44803,44802136,11116,250,-1,-1,1,538,73.3,0,-1.0,0,0,0,639,359
3702,44814,44813244,11108,250,-1,-1,1,548,74.0,0,-1.0,0,0,0,639,359
3703,44825,44824351,11107,250,-1,-1,1,527,74.5,0,-1.0,0,0,0,639,359
3704,44836,44835460,11109,250,-1,-1,1,630,75.1,0,-1.0,0,0,0,639,359
3705,44847,44846566,11106,250,-1,-1,1,528,75.6,0,-1.0,0,0,0,639,359
3706,44858,44857677,11111,250,-1,-1,1,526,76.1,0,-1.0,0,0,0,639,359
3707,44870,44868785,11108,250,-1,-1,1,525,76.5,0,-1.0,0,0,0,639,359
3708,44881,44879894,11109,250,-1,-1,1,524,76.9,0,-1.0,0,0,0,639,359
3709,44892,44891001,11107,250,-1,-1,1,525,77.3,1,-1.0,0,0,0,639,359
3710,44903,44902115,11114,250,-1,-1,1,545,77.5,0,-1.0,0,0,0,639,359
3711,44914,44913225,11110,250,-1,-1,1,547,77.9,0,-1.0,0,0,0,639,359
3712,44925,44924331,11106,250,-1,-1,1,553,78.2,0,-1.0,0,0,0,639,359
3713,44936,44935438,11107,250,-1,-1,1,624,78.5,0,-1.0,0,0,0,639,359
3714,44947,44946553,11115,250,-1,-1,1,528,78.8,0,-1.0,0,0,0,639,359
3715,44958,44957657,11104,250,-1,-1,1,524,79.1,0,-1.0,0,0,0,639,359
3716,44970,44968767,11110,250,-1,-1,1,526,79.4,0,-1.0,0,0,0,639,359
3717,44981,44979875,11108,250,-1,-1,1,525,79.7,0,-1.0,0,0,0,639,359
3718,44992,44990988,11113,250,-1,-1,1,525,79.9,1,-1.0,0,0,0,639,359
3719,45003,45002106,11118,250,-1,-1,1,545,80.2,0,-1.0,0,0,0,639,359
3720,45014,45013210,11104,250,-1,-1,1,545,80.2,0,-1.0,0,0,0,639,359
3721,45025,45024317,11107,250,-1,-1,1,552,80.5,0,-1.0,0,0,0,639,359
3722,45036,45035423,11106,250,-1,-1,1,630,80.7,0,-1.0,0,0,0,639,359
3723,45047,45046533,11110,250,-1,-1,1,524,80.9,0,-1.0,0,0,0,639,359
3724,45058,45057638,11105,250,-1,-1,1,525,81.1,0,-1.0,0,0,0,639,359
3725,45070,45068752,11114,250,-1,-1,1,526,81.3,0,-1.0,0,0,0,639,359
3726,45081,45079858,11106,250,-1,-1,1,526,81.5,0,-1.0,0,0,0,639,359
3727,45092,45090969,11111,250,-1,-1,1,525,81.6,1,-1.0,0,0,0,639,359
3728,45103,45102083,11114,250,-1,-1,1,529,81.8,0,-1.0,0,0,0,639,359
3729,45114,45113190,11107,250,-1,-1,1,545,81.8,0,-1.0,0,0,0,639,359
3730,45125,45124296,11106,250,-1,-1,1,551,82.0,0,-1.0,0,0,0,639,359
3731,45136,45135407,11111,250,-1,-1,1,632,82.1,0,-1.0,0,0,0,639,359
3732,45147,45146519,11112,250,-1,-1,1,525,82.3,0,-1.0,0,0,0,639,359
3733,45158,45157625,11106,250,-1,-1,1,524,82.4,0,-1.0,0,0,0,639,359
3734,45170,45168734,11109,250,-1,-1,1,524,82.6,0,-1.0,0,0,0,639,359
3735,45181,45179843,11109,250,-1,-1,1,525,82.7,0,-1.0,0,0,0,639,359
3736,45192,45190952,11109,250,-1,-1,1,526,82.8,1,-1.0,0,0,0,639,359
3737,45203,45202067,11115,250,-1,-1,1,544,83.0,0,-1.0,0,0,0,639,359
3738,45214,45213176,11109,250,-1,-1,1,539,83.0,0,-1.0,0,0,0,639,359
3739,45225,45224282,11106,250,-1,-1,1,554,83.1,0,-1.0,0,0,0,639,359
3740,45236,45235394,11112,250,-1,-1,1,630,83.2,0,-1.0,0,0,0,639,359
3741,45247,45246500,11106,250,-1,-1,1,528,83.3,0,-1.0,0,0,0,639,359
3742,45258,45257602,11102,250,-1,-1,1,524,83.4,0,-1.0,0,0,0,639,359
3743,45270,45268714,11112,250,-1,-1,1,526,83.6,0,-1.0,0,0,0,639,359
3744,45281,45279824,11110,250,-1,-1,1,525,83.7,0,-1.0,0,0,0,639,359
3745,45292,45290935,11111,250,-1,-1,1,523,83.8,1,-1.0,0,0,0,639,359
3746,45303,45302048,11113,250,-1,-1,1,546,83.9,0,-1.0,0,0,0,639,359
3747,45314,45313156,11108,250,-1,-1,1,546,83.8,0,-1.0,0,0,0,639,359
3748,45325,45324264,11108,250,-1,-1,1,555,83.9,0,-1.0,0,0,0,639,359
3749,45336,45335374,11110,250,-1,-1,1,632,84.0,0,-1.0,0,0,0,639,359
3750,45347,45346482,11108,250,-1,-1,1,527,84.1,0,-1.0,0,0,0,639,359
3751,45358,45357589,11107,250,-1,-1,1,526,84.2,0,-1.0,0,0,0,639,359
3752,45370,45368697,11108,250,-1,-1,1,525,84.3,0,-1.0,0,0,0,639,359
3753,45381,45379809,11112,250,-1,-1,1,525,84.4,0,-1.0,0,0,0,639,359
3754,45392,45390915,11106,250,-1,-1,1,525,84.5,1,-1.0,0,0,0,639,359
3755,45403,45402033,11118,250,-1,-1,1,546,84.5,0,-1.0,0,0,0,639,359
3756,45414,45413141,11108,250,-1,-1,1,547,84.5,0,-1.0,0,0,0,639,359
3757,45425,45424249,11108,250,-1,-1,1,589,84.6,0,-1.0,0,0,0,639,359
3758,45436,45435358,11109,250,-1,-1,1,631,84.7,0,-1.0,0,0,0,639,359
3759,45447,45446467,11109,250,-1,-1,1,525,84.7,0,-1.0,0,0,0,639,359
3760,45458,45457570,11103,250,-1,-1,1,527,84.8,0,-1.0,0,0,0,639,359
3761,45469,45468680,11110,250,-1,-1,1,526,84.9,0,-1.0,0,0,0,639,359
3762,45481,45479789,11109,250,-1,-1,1,526,85.0,0,-1.0,0,0,0,639,359
3763,45492,45490900,11111,250,-1,-1,1,525,85.0,1,-1.0,0,0,0,639,359
3764,45503,45502012,11112,250,-1,-1,1,529,85.1,0,-1.0,0,0,0,639,359
3765,45514,45513121,11109,250,-1,-1,1,547,85.1,0,-1.0,0,0,0,639,359
3766,45550,45546442,33321,250,-1,-1,1,524,27.8,0,-1.0,0,0,0,639,359
3767,45558,45557558,11116,250,-1,-1,1,525,45.5,0,-1.0,0,0,0,639,359
3768,45569,45568665,11107,250,-1,-1,1,526,54.5,0,-1.0,0,0,0,639,359
3769,45581,45579779,11114,250,-1,-1,1,525,60.6,0,-1.0,0,0,0,639,359
3770,45592,45590880,11101,250,-1,-1,1,526,64.9,0,-1.0,0,0,0,639,359
3771,45603,45601993,11113,250,-1,-1,1,526,68.2,0,-1.0,0,0,0,639,359
3772,45614,45613099,11106,250,-1,-1,1,528,70.7,1,-1.0,0,0,0,639,359
3773,45625,45624214,11115,250,-1,-1,1,542,72.1,0,-1.0,0,0,0,639,359
3774,45636,45635323,11109,250,-1,-1,1,535,73.8,0,-1.0,0,0,0,639,359
3775,45647,45646431,11108,250,-1,-1,1,592,75.2,0,-1.0,0,0,0,639,359
3776,45658,45657539,11108,250,-1,-1,1,635,76.4,0,-1.0,0,0,0,639,359
3777,45669,45668651,11112,250,-1,-1,1,527,77.4,0,-1.0,0,0,0,639,359
3778,45681,45679753,11102,250,-1,-1,1,527,78.3,0,-1.0,0,0,0,639,359
3779,45692,45690866,11113,250,-1,-1,1,525,79.1,0,-1.0,0,0,0,639,359
3780,45768,45701977,11111,250,-1,-1,1,2035,58.8,0,-1.0,0,0,0,639,359
3781,45770,45768612,66635,250,-1,-1,1,602,62.5,1,-1.0,0,0,0,639,359
3782,45781,45779747,11135,250,-1,-1,1,527,63.9,0,-1.0,0,0,0,639,359
3783,45792,45790849,11102,250,-1,-1,1,527,65.0,0,-1.0,0,0,0,639,359
3784,45803,45801957,11108,250,-1,-1,1,534,66.0,0,-1.0,0,0,0,639,359
3785,45814,45813064,11107,250,-1,-1,1,632,66.7,0,-1.0,0,0,0,639,359
3786,45825,45824254,11190,250,-1,-1,1,546,67.5,0,-1.0,0,0,0,639,359
3787,45836,45835290,11036,250,-1,-1,1,546,68.3,0,-1.0,0,0,0,639,359
3788,45847,45846398,11108,250,-1,-1,1,630,69.1,0,-1.0,0,0,0,639,359
3789,45858,45857507,11109,250,-1,-1,1,634,69.8,0,-1.0,0,0,0,639,359
3790,45870,45868776,11269,250,-1,-1,1,527,70.4,1,-1.0,0,0,0,639,359
3791,45881,45879727,10951,250,-1,-1,1,545,71.0,0,-1.0,0,0,0,639,359
3792,45892,45890836,11109,250,-1,-1,1,634,71.6,0,-1.0,0,0,0,639,359
3793,45903,45901943,11107,250,-1,-1,1,623,72.2,0,-1.0,0,0,0,639,359
3794,45914,45913050,11107,250,-1,-1,1,525,72.7,0,-1.0,0,0,0,639,359
3795,45925,45924159,11109,250,-1,-1,1,526,73.2,0,-1.0,0,0,0,639,359
3796,45936,45935269,11110,250,-1,-1,1,527,73.5,0,-1.0,0,0,0,639,359
3797,45947,45946379,11110,250,-1,-1,1,524,73.9,0,-1.0,0,0,0,639,359
3798,45958,45957485,11106,250,-1,-1,1,525,74.3,0,-1.0,0,0,0,639,359
3799,45969,45968596,11111,250,-1,-1,1,526,74.7,1,-1.0,0,0,0,639,359
3800,45981,45979711,11115,250,-1,-1,1,547,75.1,0,-1.0,0,0,0,639,359
3801,45992,45990817,11106,250,-1,-1,1,545,75.5,0,-1.0,0,0,0,639,359
3802,46003,46001928,11111,250,-1,-1,1,592,75.8,0,-1.0,0,0,0,639,359
3803,46014,46013034,11106,250,-1,-1,1,633,76.0,0,-1.0,0,0,0,639,359
3804,46025,46024146,11112,250,-1,-1,1,525,76.5,0,-1.0,0,0,0,639,359
3805,46036,46035249,11103,250,-1,-1,1,524,76.6,0,-1.0,0,0,0,639,359
3806,46047,46046362,11113,250,-1,-1,1,525,76.9,0,-1.0,0,0,0,639,359
3807,46058,46057467,11105,250,-1,-1,1,527,77.2,0,-1.0,0,0,0,639,359
3808,46069,46068579,11112,250,-1,-1,1,527,77.5,1,-1.0,0,0,0,639,359
3809,46081,46079688,11109,250,-1,-1,1,535,77.7,0,-1.0,0,0,0,639,359
3810,46092,46090801,11113,250,-1,-1,1,534,78.0,0,-1.0,0,0,0,639,359
3811,46103,46101913,11112,250,-1,-1,1,594,78.2,0,-1.0,0,0,0,639,359
3812,46114,46113020,11107,250,-1,-1,1,632,78.3,0,-1.0,0,0,0,639,359
3813,46125,46124128,11108,250,-1,-1,1,525,78.7,0,-1.0,0,0,0,639,359
3814,46136,46135236,11108,250,-1,-1,1,525,78.8,0,-1.0,0,0,0,639,359
3815,46147,46146345,11109,250,-1,-1,1,531,79.0,0,-1.0,0,0,0,639,359
3816,46158,46157451,11106,250,-1,-1,1,525,79.2,0,-1.0,0,0,0,639,359
3817,46169,46168561,11110,250,-1,-1,1,526,79.4,1,-1.0,0,0,0,639,359
3818,46181,46179671,11110,250,-1,-1,1,547,79.6,0,-1.0,0,0,0,639,359
3819,46192,46190784,11113,250,-1,-1,1,545,79.8,0,-1.0,0,0,0,639,359
3820,46203,46201894,11110,250,-1,-1,1,553,79.9,0,-1.0,0,0,0,639,359
3821,46214,46212997,11103,250,-1,-1,1,631,80.1,0,-1.0,0,0,0,639,359
3822,46225,46224112,11115,250,-1,-1,1,528,80.3,0,-1.0,0,0,0,639,359
3823,46237,46235215,11103,250,-1,-1,1,526,80.2,0,-1.0,0,0,0,639,359
3824,46247,46246328,11113,250,-1,-1,1,528,80.5,0,-1.0,0,0,0,639,359
3825,46258,46257435,11107,250,-1,-1,1,526,80.6,0,-1.0,0,0,0,639,359
3826,46269,46268545,11110,250,-1,-1,1,525,80.8,1,-1.0,0,0,0,639,359
3827,46280,46279656,11111,250,-1,-1,1,528,80.9,0,-1.0,0,0,0,639,359
3828,46292,46290763,11107,250,-1,-1,1,545,81.1,0,-1.0,0,0,0,639,359
3829,46303,46301871,11108,250,-1,-1,1,592,81.2,0,-1.0,0,0,0,639,359
3830,46314,46312983,11112,250,-1,-1,1,631,81.4,0,-1.0,0,0,0,639,359
3831,46325,46324093,11110,250,-1,-1,1,525,81.5,0,-1.0,0,0,0,639,359
3832,46336,46335202,11109,250,-1,-1,1,526,81.5,0,-1.0,0,0,0,639,359
3833,46347,46346308,11106,250,-1,-1,1,526,81.6,0,-1.0,0,0,0,639,359
3834,46358,46357414,11106,250,-1,-1,1,527,81.8,0,-1.0,0,0,0,639,359
3835,46369,46368527,11113,250,-1,-1,1,526,81.9,1,-1.0,0,0,0,639,359
3836,46380,46379641,11114,250,-1,-1,1,534,82.0,0,-1.0,0,0,0,639,359
3837,46392,46390750,11109,250,-1,-1,1,529,82.1,0,-1.0,0,0,0,639,359
3838,46403,46401858,11108,250,-1,-1,1,635,82.2,0,-1.0,0,0,0,639,359
3839,46414,46412968,11110,250,-1,-1,1,632,82.3,0,-1.0,0,0,0,639,359
3840,46425,46424076,11108,250,-1,-1,1,525,82.4,0,-1.0,0,0,0,639,359
3841,46436,46435183,11107,250,-1,-1,1,524,82.4,0,-1.0,0,0,0,639,359
3842,46447,46446292,11109,250,-1,-1,1,525,82.5,0,-1.0,0,0,0,639,359
3843,46458,46457402,11110,250,-1,-1,1,525,82.6,0,-1.0,0,0,0,639,359
3844,46469,46468511,11109,250,-1,-1,1,524,82.7,1,-1.0,0,0,0,639,359
3845,46480,46479619,11108,250,-1,-1,1,546,82.8,0,-1.0,0,0,0,639,359
3846,46492,46490732,11113,250,-1,-1,1,542,82.9,0,-1.0,0,0,0,639,359
3847,46503,46501840,11108,250,-1,-1,1,629,83.0,0,-1.0,0,0,0,639,359
3848,46514,46512953,11113,250,-1,-1,1,632,83.1,0,-1.0,0,0,0,639,359
3849,46525,46524059,11106,250,-1,-1,1,523,83.2,0,-1.0,0,0,0,639,359
3850,46536,46535168,11109,250,-1,-1,1,527,83.3,0,-1.0,0,0,0,639,359
3851,46547,46546274,11106,250,-1,-1,1,527,87.0,0,-1.0,0,0,0,639,359
3852,46558,46557381,11107,250,-1,-1,1,525,88.2,0,-1.0,0,0,0,639,359
3853,46569,46568493,11112,250,-1,-1,1,525,88.9,1,-1.0,0,0,0,639,359
3854,46580,46579610,11117,250,-1,-1,1,545,89.3,0,-1.0,0,0,0,639,359
3855,46592,46590713,11103,250,-1,-1,1,544,89.6,0,-1.0,0,0,0,639,359
3856,46603,46601825,11112,250,-1,-1,1,630,89.7,0,-1.0,0,0,0,639,359
3857,46614,46612930,11105,250,-1,-1,1,630,89.9,0,-1.0,0,0,0,639,359
3858,46625,46624069,11139,250,-1,-1,1,525,90.0,0,-1.0,0,0,0,639,359
3859,46636,46635147,11078,250,-1,-1,1,524,90.1,0,-1.0,0,0,0,639,359
3860,46647,46646255,11108,250,-1,-1,1,528,89.4,0,-1.0,0,0,0,639,359
3861,46658,46657366,11111,250,-1,-1,1,528,89.6,0,-1.0,0,0,0,639,359
3862,46669,46668478,11112,250,-1,-1,1,525,89.7,1,-1.0,0,0,0,639,359
3863,46680,46679590,11112,250,-1,-1,1,545,89.7,0,-1.0,0,0,0,639,359
3864,46692,46690698,11108,250,-1,-1,1,545,89.8,0,-1.0,0,0,0,639,359
3865,46703,46701804,11106,250,-1,-1,1,631,89.9,0,-1.0,0,0,0,639,359
3866,46714,46712916,11112,250,-1,-1,1,631,89.9,0,-1.0,0,0,0,639,359
3867,46725,46724022,11106,250,-1,-1,1,525,90.0,0,-1.0,0,0,0,639,359
3868,46736,46735131,11109,250,-1,-1,1,527,90.0,0,-1.0,0,0,0,639,359
3869,46747,46746238,11107,250,-1,-1,1,528,89.7,0,-1.0,0,0,0,639,359
3870,46826,46757350,11112,250,-1,-1,1,608,69.8,0,-1.0,0,0,0,639,359
3871,46826,46823992,66642,250,-1,-1,1,600,72.8,1,-1.0,0,0,0,639,359
3872,46836,46835119,11127,250,-1,-1,1,525,74.0,0,-1.0,0,0,0,639,359
3873,46847,46846224,11105,250,-1,-1,1,524,74.3,0,-1.0,0,0,0,639,359
3874,46858,46857332,11108,250,-1,-1,1,527,74.9,0,-1.0,0,0,0,639,359
3875,46869,46868447,11115,250,-1,-1,1,631,75.4,0,-1.0,0,0,0,639,359
3876,46880,46879552,11105,250,-1,-1,1,533,75.8,0,-1.0,0,0,0,639,359
3877,46891,46890669,11117,250,-1,-1,1,528,76.3,0,-1.0,0,0,0,639,359
3878,46903,46901769,11100,250,-1,-1,1,590,76.7,0,-1.0,0,0,0,639,359
3879,46914,46912880,11111,250,-1,-1,1,631,77.1,0,-1.0,0,0,0,639,359
3880,46925,46923992,11112,250,-1,-1,1,525,77.5,1,-1.0,0,0,0,639,359
3881,46936,46935101,11109,250,-1,-1,1,543,77.9,0,-1.0,0,0,0,639,359
3882,46947,46946211,11110,250,-1,-1,1,632,78.0,0,-1.0,0,0,0,639,359
3883,46958,46957317,11106,250,-1,-1,1,630,78.3,0,-1.0,0,0,0,639,359
3884,46969,46968424,11107,250,-1,-1,1,524,78.7,0,-1.0,0,0,0,639,359
3885,46980,46979536,11112,250,-1,-1,1,525,78.9,0,-1.0,0,0,0,639,359
3886,46991,46990646,11110,250,-1,-1,1,527,79.2,0,-1.0,0,0,0,639,359
3887,47003,47001752,11106,250,-1,-1,1,527,79.5,0,-1.0,0,0,0,639,359
3888,47014,47012859,11107,250,-1,-1,1,525,79.8,0,-1.0,0,0,0,639,359
3889,47025,47023969,11110,250,-1,-1,1,523,80.0,1,-1.0,0,0,0,639,359
3890,47036,47035083,11114,250,-1,-1,1,528,80.2,0,-1.0,0,0,0,639,359
3891,47047,47046190,11107,250,-1,-1,1,544,80.3,0,-1.0,0,0,0,639,359
3892,47058,47057303,11113,250,-1,-1,1,637,80.5,0,-1.0,0,0,0,639,359
3893,47069,47068414,11111,250,-1,-1,1,634,80.7,0,-1.0,0,0,0,639,359
3894,47080,47079522,11108,250,-1,-1,1,525,80.9,0,-1.0,0,0,0,639,359
3895,47091,47090625,11103,250,-1,-1,1,524,81.1,0,-1.0,0,0,0,639,359
3896,47103,47101737,11112,250,-1,-1,1,525,81.3,0,-1.0,0,0,0,639,359
3897,47114,47112843,11106,250,-1,-1,1,525,81.5,0,-1.0,0,0,0,639,359
3898,47125,47123951,11108,250,-1,-1,1,529,81.7,1,-1.0,0,0,0,639,359
3899,47136,47135067,11116,250,-1,-1,1,540,81.8,0,-1.0,0,0,0,639,359
3900,47147,47146175,11108,250,-1,-1,1,536,81.9,0,-1.0,0,0,0,639,359
3901,47158,47157283,11108,250,-1,-1,1,637,82.0,0,-1.0,0,0,0,639,359
3902,47169,47168393,11110,250,-1,-1,1,635,82.2,0,-1.0,0,0,0,639,359
3903,47180,47179620,11227,250,-1,-1,1,610,82.3,0,-1.0,0,0,0,639,359
3904,47191,47190608,10988,250,-1,-1,1,525,82.5,0,-1.0,0,0,0,639,359
3905,47203,47201719,11111,250,-1,-1,1,527,82.6,0,-1.0,0,0,0,639,359
3906,47214,47212824,11105,250,-1,-1,1,524,82.7,0,-1.0,0,0,0,639,359
3907,47225,47223941,11117,250,-1,-1,1,526,82.9,1,-1.0,0,0,0,639,359
3908,47236,47235050,11109,250,-1,-1,1,546,83.0,0,-1.0,0,0,0,639,359
3909,47247,47246159,11109,250,-1,-1,1,552,83.0,0,-1.0,0,0,0,639,359
3910,47258,47257266,11107,250,-1,-1,1,625,83.1,0,-1.0,0,0,0,639,359
3911,47269,47268374,11108,250,-1,-1,1,634,83.2,0,-1.0,0,0,0,639,359
3912,47280,47279482,11108,250,-1,-1,1,525,83.3,0,-1.0,0,0,0,639,359
3913,47291,47290593,11111,250,-1,-1,1,525,83.4,0,-1.0,0,0,0,639,359
3914,47303,47301698,11105,250,-1,-1,1,527,83.5,0,-1.0,0,0,0,639,359
3915,47314,47312809,11111,250,-1,-1,1,526,83.7,0,-1.0,0,0,0,639,359
3916,47325,47323915,11106,250,-1,-1,1,524,83.8,1,-1.0,0,0,0,639,359
3917,47336,47335035,11120,250,-1,-1,1,546,83.8,0,-1.0,0,0,0,639,359
3918,47347,47346141,11106,250,-1,-1,1,527,83.8,0,-1.0,0,0,0,639,359
3919,47358,47357251,11110,250,-1,-1,1,633,83.9,0,-1.0,0,0,0,639,359
3920,47369,47368355,11104,250,-1,-1,1,631,84.0,0,-1.0,0,0,0,639,359
3921,47380,47379465,11110,250,-1,-1,1,526,84.1,0,-1.0,0,0,0,639,359
3922,47391,47390574,11109,250,-1,-1,1,524,84.2,0,-1.0,0,0,0,639,359
3923,47403,47401685,11111,250,-1,-1,1,526,84.3,0,-1.0,0,0,0,639,359
3924,47414,47412791,11106,250,-1,-1,1,527,84.4,0,-1.0,0,0,0,639,359
3925,47425,47423903,11112,250,-1,-1,1,527,84.4,1,-1.0,0,0,0,639,359
3926,47436,47435018,11115,250,-1,-1,1,546,84.5,0,-1.0,0,0,0,639,359
3927,47447,47446124,11106,250,-1,-1,1,527,84.5,0,-1.0,0,0,0,639,359
3928,47458,47457230,11106,250,-1,-1,1,633,84.6,0,-1.0,0,0,0,639,359
3929,47469,47468343,11113,250,-1,-1,1,632,84.7,0,-1.0,0,0,0,639,359
3930,47480,47479451,11108,250,-1,-1,1,525,84.7,0,-1.0,0,0,0,639,359
3931,47491,47490559,11108,250,-1,-1,1,525,84.8,0,-1.0,0,0,0,639,359
3932,47502,47501663,11104,250,-1,-1,1,528,84.9,0,-1.0,0,0,0,639,359
3933,47514,47512775,11112,250,-1,-1,1,528,84.9,0,-1.0,0,0,0,639,359
3934,47525,47523886,11111,250,-1,-1,1,525,85.0,1,-1.0,0,0,0,639,359
3935,47572,47568309,44423,250,-1,-1,1,630,21.3,0,-1.0,0,0,0,639,359
3936,47580,47579435,11126,250,-1,-1,1,527,36.4,0,-1.0,0,0,0,639,359
3937,47591,47590541,11106,250,-1,-1,1,527,45.5,0,-1.0,0,0,0,639,359
3938,47602,47601651,11110,250,-1,-1,1,526,51.9,0,-1.0,0,0,0,639,359
3939,47614,47612757,11106,250,-1,-1,1,525,56.8,0,-1.0,0,0,0,639,359
3940,47625,47623870,11113,250,-1,-1,1,526,60.6,0,-1.0,0,0,0,639,359
3941,47636,47634977,11107,250,-1,-1,1,525,63.6,0,-1.0,0,0,0,639,359
3942,47647,47646086,11109,250,-1,-1,1,526,66.1,0,-1.0,0,0,0,639,359
3943,47658,47657194,11108,250,-1,-1,1,528,67.7,1,-1.0,0,0,0,639,359
3944,47669,47668308,11114,250,-1,-1,1,537,69.4,0,-1.0,0,0,0,639,359
3945,47680,47679419,11111,250,-1,-1,1,528,71.0,0,-1.0,0,0,0,639,359
3946,47691,47690526,11107,250,-1,-1,1,634,72.3,0,-1.0,0,0,0,639,359
3947,47702,47701632,11106,250,-1,-1,1,631,73.4,0,-1.0,0,0,0,639,359
3948,47714,47712742,11110,250,-1,-1,1,599,74.5,0,-1.0,0,0,0,639,359
3949,47725,47723848,11106,250,-1,-1,1,524,75.4,0,-1.0,0,0,0,639,359
3950,47736,47734960,11112,250,-1,-1,1,524,76.2,0,-1.0,0,0,0,639,359
3951,47747,47746068,11108,250,-1,-1,1,523,76.9,0,-1.0,0,0,0,639,359
3952,47758,47757178,11110,250,-1,-1,1,525,77.3,1,-1.0,0,0,0,639,359
3953,47769,47768290,11112,250,-1,-1,1,545,77.9,0,-1.0,0,0,0,639,359
3954,47780,47779399,11109,250,-1,-1,1,545,78.4,0,-1.0,0,0,0,639,359
3955,47791,47790509,11110,250,-1,-1,1,630,78.9,0,-1.0,0,0,0,639,359
3956,47802,47801618,11109,250,-1,-1,1,633,79.4,0,-1.0,0,0,0,639,359
3957,47814,47812727,11109,250,-1,-1,1,525,79.9,0,-1.0,0,0,0,639,359
3958,47825,47823835,11108,250,-1,-1,1,525,80.3,0,-1.0,0,0,0,639,359
3959,47836,47834941,11106,250,-1,-1,1,528,80.6,0,-1.0,0,0,0,639,359
3960,47914,47846051,11110,250,-1,-1,1,611,66.8,0,-1.0,0,0,0,639,359
3961,47915,47912688,66637,250,-1,-1,1,599,69.2,1,-1.0,0,0,0,639,359
3962,47925,47923821,11133,250,-1,-1,1,526,70.2,0,-1.0,0,0,0,639,359
3963,47936,47934925,11104,250,-1,-1,1,528,70.7,0,-1.0,0,0,0,639,359
3964,47947,47946033,11108,250,-1,-1,1,563,71.3,0,-1.0,0,0,0,639,359
3965,47958,47957145,11112,250,-1,-1,1,628,71.6,0,-1.0,0,0,0,639,359
3966,47969,47968253,11108,250,-1,-1,1,546,72.1,0,-1.0,0,0,0,639,359
3967,47980,47979366,11113,250,-1,-1,1,542,72.5,0,-1.0,0,0,0,639,359
3968,47991,47990473,11107,250,-1,-1,1,627,73.0,0,-1.0,0,0,0,639,359
3969,48002,48001588,11115,250,-1,-1,1,629,73.4,0,-1.0,0,0,0,639,359
3970,48014,48012692,11104,250,-1,-1,1,524,73.8,1,-1.0,0,0,0,639,359
3971,48025,48023806,11114,250,-1,-1,1,547,74.1,0,-1.0,0,0,0,639,359
3972,48036,48034909,11103,250,-1,-1,1,632,74.5,0,-1.0,0,0,0,639,359
3973,48047,48046019,11110,250,-1,-1,1,556,74.9,0,-1.0,0,0,0,639,359
3974,48058,48057130,11111,250,-1,-1,1,556,75.0,0,-1.0,0,0,0,639,359
3975,48069,48068236,11106,250,-1,-1,1,529,75.4,0,-1.0,0,0,0,639,359
3976,48080,48079343,11107,250,-1,-1,1,525,75.7,0,-1.0,0,0,0,639,359
3977,48091,48090454,11111,250,-1,-1,1,528,76.0,0,-1.0,0,0,0,639,359
3978,48102,48101561,11107,250,-1,-1,1,524,76.3,0,-1.0,0,0,0,639,359
3979,48113,48112673,11112,250,-1,-1,1,525,76.5,1,-1.0,0,0,0,639,359
3980,48125,48123787,11114,250,-1,-1,1,546,76.8,0,-1.0,0,0,0,639,359
3981,48136,48134898,11111,250,-1,-1,1,528,77.0,0,-1.0,0,0,0,639,359
3982,48147,48146005,11107,250,-1,-1,1,648,77.2,0,-1.0,0,0,0,639,359
3983,48158,48157112,11107,250,-1,-1,1,634,77.4,0,-1.0,0,0,0,639,359
3984,48169,48168219,11107,250,-1,-1,1,525,77.6,0,-1.0,0,0,0,639,359
3985,48180,48179329,11110,250,-1,-1,1,525,77.9,0,-1.0,0,0,0,639,359
3986,48191,48190434,11105,250,-1,-1,1,526,78.1,0,-1.0,0,0,0,639,359
3987,48202,48201550,11116,250,-1,-1,1,528,78.3,0,-1.0,0,0,0,639,359
3988,48213,48212654,11104,250,-1,-1,1,527,78.5,1,-1.0,0,0,0,639,359
3989,48225,48223771,11117,250,-1,-1,1,547,78.7,0,-1.0,0,0,0,639,359
3990,48236,48234878,11107,250,-1,-1,1,527,78.9,0,-1.0,0,0,0,639,359
3991,48247,48245987,11109,250,-1,-1,1,629,79.1,0,-1.0,0,0,0,639,359
3992,48258,48257091,11104,250,-1,-1,1,629,79.1,0,-1.0,0,0,0,639,359
3993,48269,48268204,11113,250,-1,-1,1,524,79.3,0,-1.0,0,0,0,639,359
3994,48280,48279313,11109,250,-1,-1,1,525,79.5,0,-1.0,0,0,0,639,359
3995,48291,48290421,11108,250,-1,-1,1,525,79.6,0,-1.0,0,0,0,639,359
3996,48302,48301526,11105,250,-1,-1,1,529,79.8,0,-1.0,0,0,0,639,359
3997,48313,48312637,11111,250,-1,-1,1,527,79.9,1,-1.0,0,0,0,639,359
3998,48325,48323751,11114,250,-1,-1,1,534,80.1,0,-1.0,0,0,0,639,359
3999,48336,48334861,11110,250,-1,-1,1,530,80.2,0,-1.0,0,0,0,639,359
4000,48347,48345971,11110,250,-1,-1,1,628,80.4,0,-1.0,0,0,0,639,359
4001,48358,48357078,11107,250,-1,-1,1,524,80.4,0,-1.0,0,0,0,639,359
4002,48369,48368186,11108,250,-1,-1,1,526,80.6,0,-1.0,0,0,0,639,359
4003,48380,48379298,11112,250,-1,-1,1,526,80.7,0,-1.0,0,0,0,639,359
4004,48391,48390402,11104,250,-1,-1,1,526,80.8,0,-1.0,0,0,0,639,359
4005,48402,48401513,11111,250,-1,-1,1,524,81.0,0,-1.0,0,0,0,639,359
4006,48413,48412621,11108,250,-1,-1,1,525,81.1,1,-1.0,0,0,0,639,359
4007,48425,48423735,11114,250,-1,-1,1,546,81.2,0,-1.0,0,0,0,639,359
4008,48436,48434844,11109,250,-1,-1,1,527,81.3,0,-1.0,0,0,0,639,359
4009,48447,48445952,11108,250,-1,-1,1,630,81.4,0,-1.0,0,0,0,639,359
4010,48458,48457056,11104,250,-1,-1,1,629,81.5,0,-1.0,0,0,0,639,359
4011,48469,48468168,11112,250,-1,-1,1,611,81.6,0,-1.0,0,0,0,639,359
4012,48480,48479276,11108,250,-1,-1,1,527,81.7,0,-1.0,0,0,0,639,359
4013,48491,48490389,11113,250,-1,-1,1,526,81.8,0,-1.0,0,0,0,639,359
4014,48502,48501493,11104,250,-1,-1,1,525,81.9,0,-1.0,0,0,0,639,359
4015,48513,48512602,11109,250,-1,-1,1,526,82.0,1,-1.0,0,0,0,639,359
4016,48525,48523720,11118,250,-1,-1,1,545,82.1,0,-1.0,0,0,0,639,359
4017,48536,48534828,11108,250,-1,-1,1,545,82.2,0,-1.0,0,0,0,639,359
4018,48573,48568142,33314,250,-1,-1,1,526,27.0,0,-1.0,0,0,0,639,359
4019,48580,48579264,11122,250,-1,-1,1,527,44.4,0,-1.0,0,0,0,639,359
4020,48591,48590366,11102,250,-1,-1,1,527,53.6,0,-1.0,0,0,0,639,359
4021,48602,48601480,11114,250,-1,-1,1,528,59.7,0,-1.0,0,0,0,639,359
4022,48613,48612586,11106,250,-1,-1,1,528,64.1,0,-1.0,0,0,0,639,359
4023,48624,48623694,11108,250,-1,-1,1,527,67.4,0,-1.0,0,0,0,639,359
4024,48636,48634804,11110,250,-1,-1,1,523,70.0,1,-1.0,0,0,0,639,359
4025,48647,48645919,11115,250,-1,-1,1,546,72.1,0,-1.0,0,0,0,639,359
4026,48658,48657026,11107,250,-1,-1,1,546,73.8,0,-1.0,0,0,0,639,359
4027,48669,48668138,11112,250,-1,-1,1,633,74.6,0,-1.0,0,0,0,639,359
4028,48680,48679246,11108,250,-1,-1,1,629,75.9,0,-1.0,0,0,0,639,359
4029,48691,48690355,11109,250,-1,-1,1,525,76.9,0,-1.0,0,0,0,639,359
4030,48702,48701459,11104,250,-1,-1,1,525,77.8,0,-1.0,0,0,0,639,359
4031,48713,48712569,11110,250,-1,-1,1,527,78.7,0,-1.0,0,0,0,639,359
4032,48724,48723678,11109,250,-1,-1,1,527,79.4,0,-1.0,0,0,0,639,359
4033,48736,48734784,11106,250,-1,-1,1,527,80.0,1,-1.0,0,0,0,639,359
4034,48747,48745898,11114,250,-1,-1,1,533,80.6,0,-1.0,0,0,0,639,359
4035,48758,48757011,11113,250,-1,-1,1,528,81.1,0,-1.0,0,0,0,639,359
4036,48769,48768114,11103,250,-1,-1,1,627,81.2,0,-1.0,0,0,0,639,359
4037,48780,48779224,11110,250,-1,-1,1,634,81.6,0,-1.0,0,0,0,639,359
4038,48791,48790338,11114,250,-1,-1,1,524,82.0,0,-1.0,0,0,0,639,359
4039,48802,48801448,11110,250,-1,-1,1,525,82.4,0,-1.0,0,0,0,639,359
4040,48813,48812553,11105,250,-1,-1,1,524,82.7,0,-1.0,0,0,0,639,359
4041,48824,48823660,11107,250,-1,-1,1,528,83.0,0,-1.0,0,0,0,639,359
4042,48836,48834769,11109,250,-1,-1,1,526,83.3,1,-1.0,0,0,0,639,359
4043,48847,48845884,11115,250,-1,-1,1,538,83.6,0,-1.0,0,0,0,639,359
4044,48858,48856991,11107,250,-1,-1,1,527,83.9,0,-1.0,0,0,0,639,359
4045,48869,48868101,11110,250,-1,-1,1,629,83.8,0,-1.0,0,0,0,639,359
4046,48880,48879208,11107,250,-1,-1,1,628,84.1,0,-1.0,0,0,0,639,359
4047,48891,48890321,11113,250,-1,-1,1,527,84.3,0,-1.0,0,0,0,639,359
4048,48902,48901428,11107,250,-1,-1,1,525,84.5,0,-1.0,0,0,0,639,359
4049,48913,48912537,11109,250,-1,-1,1,524,84.7,0,-1.0,0,0,0,639,359
4050,48960,48923644,11107,250,-1,-1,1,605,77.6,0,-1.0,0,0,0,639,359
4051,48961,48956963,33319,250,-1,-1,1,597,79.8,1,-1.0,0,0,0,639,359
4052,48969,48968087,11124,250,-1,-1,1,528,80.8,0,-1.0,0,0,0,639,359
4053,48980,48979195,11108,250,-1,-1,1,528,80.9,0,-1.0,0,0,0,639,359
4054,48991,48990296,11101,250,-1,-1,1,527,81.1,0,-1.0,0,0,0,639,359
4055,49002,49001409,11113,250,-1,-1,1,634,81.4,0,-1.0,0,0,0,639,359
4056,49013,49012521,11112,250,-1,-1,1,528,81.6,0,-1.0,0,0,0,639,359
4057,49024,49023630,11109,250,-1,-1,1,527,81.8,0,-1.0,0,0,0,639,359
4058,49036,49034743,11113,250,-1,-1,1,630,82.0,0,-1.0,0,0,0,639,359
4059,49047,49045845,11102,250,-1,-1,1,525,82.2,0,-1.0,0,0,0,639,359
4060,49058,49056954,11109,250,-1,-1,1,526,82.2,1,-1.0,0,0,0,639,359
4061,49069,49068068,11114,250,-1,-1,1,544,82.6,0,-1.0,0,0,0,639,359
4062,49080,49079175,11107,250,-1,-1,1,629,82.6,0,-1.0,0,0,0,639,359
4063,49091,49090288,11113,250,-1,-1,1,526,82.7,0,-1.0,0,0,0,639,359
4064,49102,49101388,11100,250,-1,-1,1,629,82.9,0,-1.0,0,0,0,639,359
4065,49113,49112499,11111,250,-1,-1,1,527,83.0,0,-1.0,0,0,0,639,359
4066,49124,49123609,11110,250,-1,-1,1,525,83.2,0,-1.0,0,0,0,639,359
4067,49136,49134721,11112,250,-1,-1,1,527,83.3,0,-1.0,0,0,0,639,359
4068,49147,49145829,11108,250,-1,-1,1,528,83.5,0,-1.0,0,0,0,639,359
4069,49158,49156939,11110,250,-1,-1,1,527,83.6,1,-1.0,0,0,0,639,359
4070,49169,49168050,11111,250,-1,-1,1,546,83.7,0,-1.0,0,0,0,639,359
4071,49180,49179164,11114,250,-1,-1,1,546,83.7,0,-1.0,0,0,0,639,359
4072,49191,49190269,11105,250,-1,-1,1,628,83.8,0,-1.0,0,0,0,639,359
4073,49202,49201378,11109,250,-1,-1,1,633,84.0,0,-1.0,0,0,0,639,359
4074,49213,49212486,11108,250,-1,-1,1,526,84.1,0,-1.0,0,0,0,639,359
4075,49224,49223593,11107,250,-1,-1,1,524,84.2,0,-1.0,0,0,0,639,359
4076,49236,49234703,11110,250,-1,-1,1,525,84.3,0,-1.0,0,0,0,639,359
4077,49247,49245812,11109,250,-1,-1,1,526,84.4,0,-1.0,0,0,0,639,359
4078,49258,49256919,11107,250,-1,-1,1,525,84.5,1,-1.0,0,0,0,639,359
4079,49269,49268035,11116,250,-1,-1,1,531,84.6,0,-1.0,0,0,0,639,359
4080,49280,49279141,11106,250,-1,-1,1,528,84.6,0,-1.0,0,0,0,639,359
4081,49291,49290253,11112,250,-1,-1,1,601,84.7,0,-1.0,0,0,0,639,359
4082,49302,49301359,11106,250,-1,-1,1,634,84.7,0,-1.0,0,0,0,639,359
4083,49313,49312470,11111,250,-1,-1,1,525,84.8,0,-1.0,0,0,0,639,359
4084,49324,49323575,11105,250,-1,-1,1,524,84.9,0,-1.0,0,0,0,639,359
4085,49336,49334684,11109,250,-1,-1,1,525,85.0,0,-1.0,0,0,0,639,359
4086,49347,49345793,11109,250,-1,-1,1,528,85.1,0,-1.0,0,0,0,639,359
4087,49358,49356900,11107,250,-1,-1,1,526,85.2,1,-1.0,0,0,0,639,359
4088,49369,49368017,11117,250,-1,-1,1,533,85.2,0,-1.0,0,0,0,639,359
4089,49380,49379130,11113,250,-1,-1,1,529,85.2,0,-1.0,0,0,0,639,359
4090,49391,49390230,11100,250,-1,-1,1,608,85.3,0,-1.0,0,0,0,639,359
4091,49402,49401346,11116,250,-1,-1,1,634,85.4,0,-1.0,0,0,0,639,359
4092,49413,49412451,11105,250,-1,-1,1,526,85.4,0,-1.0,0,0,0,639,359
4093,49424,49423560,11109,250,-1,-1,1,526,85.5,0,-1.0,0,0,0,639,359
4094,49435,49434667,11107,250,-1,-1,1,524,85.6,0,-1.0,0,0,0,639,359
4095,49447,49445779,11112,250,-1,-1,1,524,85.6,0,-1.0,0,0,0,639,359
4096,49458,49456887,11108,250,-1,-1,1,524,85.7,1,-1.0,0,0,0,639,359
4097,49469,49468002,11115,250,-1,-1,1,544,85.7,0,-1.0,0,0,0,639,359
4098,49480,49479107,11105,250,-1,-1,1,545,85.8,0,-1.0,0,0,0,639,359
4099,49491,49490215,11108,250,-1,-1,1,601,85.8,0,-1.0,0,0,0,639,359
4100,49502,49501323,11108,250,-1,-1,1,635,85.8,0,-1.0,0,0,0,639,359
4101,49513,49512437,11114,250,-1,-1,1,526,85.9,0,-1.0,0,0,0,639,359
4102,49524,49523539,11102,250,-1,-1,1,524,85.9,0,-1.0,0,0,0,639,359
4103,49535,49534653,11114,250,-1,-1,1,533,86.0,0,-1.0,0,0,0,639,359
4104,49551,49545758,11105,250,-1,-1,1,560,66.7,0,-1.0,0,0,0,639,359
4105,49558,49556869,11111,250,-1,-1,1,526,90.9,1,-1.0,0,0,0,639,359
4106,49569,49567980,11111,250,-1,-1,1,545,90.9,0,-1.0,0,0,0,639,359
4107,49580,49579096,11116,250,-1,-1,1,547,90.9,0,-1.0,0,0,0,639,359
4108,49591,49590198,11102,250,-1,-1,1,627,89.3,0,-1.0,0,0,0,639,359
4109,49602,49601309,11111,250,-1,-1,1,632,89.6,0,-1.0,0,0,0,639,359
4110,49613,49612413,11104,250,-1,-1,1,525,89.7,0,-1.0,0,0,0,639,359
4111,49624,49623526,11113,250,-1,-1,1,525,89.9,0,-1.0,0,0,0,639,359
4112,49635,49634635,11109,250,-1,-1,1,528,90.0,0,-1.0,0,0,0,639,359
4113,49647,49645745,11110,250,-1,-1,1,524,90.1,0,-1.0,0,0,0,639,359
4114,49658,49656851,11106,250,-1,-1,1,525,90.2,1,-1.0,0,0,0,639,359
4115,49669,49667967,11116,250,-1,-1,1,531,90.2,0,-1.0,0,0,0,639,359
4116,49680,49679071,11104,250,-1,-1,1,528,90.3,0,-1.0,0,0,0,639,359
4117,49691,49690178,11107,250,-1,-1,1,630,89.7,0,-1.0,0,0,0,639,359
4118,49702,49701289,11111,250,-1,-1,1,629,89.8,0,-1.0,0,0,0,639,359
4119,49713,49712400,11111,250,-1,-1,1,611,89.9,0,-1.0,0,0,0,639,359
4120,49724,49723510,11110,250,-1,-1,1,525,89.9,0,-1.0,0,0,0,639,359
4121,49735,49734619,11109,250,-1,-1,1,524,90.0,0,-1.0,0,0,0,639,359
4122,49747,49745726,11107,250,-1,-1,1,525,90.0,0,-1.0,0,0,0,639,359
4123,49758,49756836,11110,250,-1,-1,1,524,90.1,1,-1.0,0,0,0,639,359
4124,49769,49767950,11114,250,-1,-1,1,541,90.1,0,-1.0,0,0,0,639,359
4125,49780,49779060,11110,250,-1,-1,1,536,90.2,0,-1.0,0,0,0,639,359
4126,49791,49790161,11101,250,-1,-1,1,632,89.8,0,-1.0,0,0,0,639,359
4127,49802,49801275,11114,250,-1,-1,1,630,89.9,0,-1.0,0,0,0,639,359
4128,49813,49812380,11105,250,-1,-1,1,528,89.9,0,-1.0,0,0,0,639,359
4129,49824,49823492,11112,250,-1,-1,1,526,90.0,0,-1.0,0,0,0,639,359
4130,49835,49834599,11107,250,-1,-1,1,525,90.0,0,-1.0,0,0,0,639,359
4131,49847,49845710,11111,250,-1,-1,1,525,90.0,0,-1.0,0,0,0,639,359
4132,49858,49856816,11106,250,-1,-1,1,524,90.1,1,-1.0,0,0,0,639,359
4133,49869,49867935,11119,250,-1,-1,1,544,90.1,0,-1.0,0,0,0,639,359
4134,49880,49879040,11105,250,-1,-1,1,546,90.1,0,-1.0,0,0,0,639,359
4135,49891,49890147,11107,250,-1,-1,1,607,89.9,0,-1.0,0,0,0,639,359
4136,49902,49901253,11106,250,-1,-1,1,633,89.9,0,-1.0,0,0,0,639,359
4137,49913,49912370,11117,250,-1,-1,1,526,89.9,0,-1.0,0,0,0,639,359
4138,49924,49923474,11104,250,-1,-1,1,524,90.0,0,-1.0,0,0,0,639,359
4139,49935,49934585,11111,250,-1,-1,1,526,90.0,0,-1.0,0,0,0,639,359
4140,49991,49945691,11106,250,-1,-1,1,611,81.1,0,-1.0,0,0,0,639,359
4141,49992,49990116,44425,250,-1,-1,1,598,83.2,1,-1.0,0,0,0,639,359
4142,50002,50001244,11128,250,-1,-1,1,538,83.5,0,-1.0,0,0,0,639,359
4143,50013,50012343,11099,250,-1,-1,1,527,83.7,0,-1.0,0,0,0,639,359
4144,50025,50023457,11114,250,-1,-1,1,526,83.8,0,-1.0,0,0,0,639,359
4145,50035,50034567,11110,250,-1,-1,1,631,84.0,0,-1.0,0,0,0,639,359
4146,50047,50045679,11112,250,-1,-1,1,537,84.1,0,-1.0,0,0,0,639,359
4147,50058,50056786,11107,250,-1,-1,1,526,84.3,0,-1.0,0,0,0,639,359
4148,50069,50067893,11107,250,-1,-1,1,562,84.4,0,-1.0,0,0,0,639,359
4149,50080,50079003,11110,250,-1,-1,1,631,84.6,0,-1.0,0,0,0,639,359
4150,50091,50090114,11111,250,-1,-1,1,525,84.7,1,-1.0,0,0,0,639,359
4151,50102,50101225,11111,250,-1,-1,1,545,84.7,0,-1.0,0,0,0,639,359
4152,50113,50112413,11188,250,-1,-1,1,631,84.8,0,-1.0,0,0,0,639,359
4153,50124,50123441,11028,250,-1,-1,1,525,84.9,0,-1.0,0,0,0,639,359
4154,50135,50134554,11113,250,-1,-1,1,526,85.0,0,-1.0,0,0,0,639,359
4155,50146,50145657,11103,250,-1,-1,1,525,85.1,0,-1.0,0,0,0,639,359
4156,50158,50156771,11114,250,-1,-1,1,525,85.2,0,-1.0,0,0,0,639,359
4157,50169,50167873,11102,250,-1,-1,1,527,85.3,0,-1.0,0,0,0,639,359
4158,50180,50178985,11112,250,-1,-1,1,525,85.4,0,-1.0,0,0,0,639,359
4159,50191,50190090,11105,250,-1,-1,1,525,85.5,1,-1.0,0,0,0,639,359
4160,50202,50201209,11119,250,-1,-1,1,528,85.5,0,-1.0,0,0,0,639,359
4161,50213,50212317,11108,250,-1,-1,1,546,85.5,0,-1.0,0,0,0,639,359
4162,50224,50223423,11106,250,-1,-1,1,628,85.6,0,-1.0,0,0,0,639,359
4163,50235,50234532,11109,250,-1,-1,1,628,85.7,0,-1.0,0,0,0,639,359
4164,50246,50245646,11114,250,-1,-1,1,526,85.8,0,-1.0,0,0,0,639,359
4165,50258,50256748,11102,250,-1,-1,1,525,85.9,0,-1.0,0,0,0,639,359
4166,50269,50267859,11111,250,-1,-1,1,525,85.9,0,-1.0,0,0,0,639,359
4167,50280,50278965,11106,250,-1,-1,1,526,86.0,0,-1.0,0,0,0,639,359
4168,50291,50290076,11111,250,-1,-1,1,526,86.1,1,-1.0,0,0,0,639,359
4169,50302,50301191,11115,250,-1,-1,1,546,86.0,0,-1.0,0,0,0,639,359
4170,50313,50312303,11112,250,-1,-1,1,538,86.1,0,-1.0,0,0,0,639,359
4171,50324,50323406,11103,250,-1,-1,1,604,86.2,0,-1.0,0,0,0,639,359
4172,50335,50334515,11109,250,-1,-1,1,629,86.2,0,-1.0,0,0,0,639,359
4173,50346,50345625,11110,250,-1,-1,1,525,86.3,0,-1.0,0,0,0,639,359
4174,50358,50356730,11105,250,-1,-1,1,526,86.4,0,-1.0,0,0,0,639,359
4175,50369,50367839,11109,250,-1,-1,1,591,86.4,0,-1.0,0,0,0,639,359
4176,50380,50378957,11118,250,-1,-1,1,525,86.5,0,-1.0,0,0,0,639,359
4177,50391,50390060,11103,250,-1,-1,1,524,86.5,1,-1.0,0,0,0,639,359
4178,50402,50401174,11114,250,-1,-1,1,544,86.5,0,-1.0,0,0,0,639,359
4179,50413,50412283,11109,250,-1,-1,1,547,86.6,0,-1.0,0,0,0,639,359
4180,50424,50423390,11107,250,-1,-1,1,628,86.6,0,-1.0,0,0,0,639,359
4181,50435,50434496,11106,250,-1,-1,1,632,86.7,0,-1.0,0,0,0,639,359
4182,50447,50445608,11112,250,-1,-1,1,525,86.6,0,-1.0,0,0,0,639,359
4183,50458,50456717,11109,250,-1,-1,1,526,86.8,0,-1.0,0,0,0,639,359
4184,50469,50467821,11104,250,-1,-1,1,526,86.8,0,-1.0,0,0,0,639,359
4185,50480,50478933,11112,250,-1,-1,1,526,86.9,0,-1.0,0,0,0,639,359
4186,50491,50490041,11108,250,-1,-1,1,527,86.9,1,-1.0,0,0,0,639,359
4187,50502,50501155,11114,250,-1,-1,1,546,86.9,0,-1.0,0,0,0,639,359
4188,50513,50512265,11110,250,-1,-1,1,545,86.9,0,-1.0,0,0,0,639,359
4189,50524,50523370,11105,250,-1,-1,1,605,87.0,0,-1.0,0,0,0,639,359
4190,50535,50534483,11113,250,-1,-1,1,633,87.0,0,-1.0,0,0,0,639,359
4191,50552,50545592,11109,250,-1,-1,1,526,58.8,0,-1.0,0,0,0,639,359
4192,50558,50556708,11116,250,-1,-1,1,527,90.9,0,-1.0,0,0,0,639,359
4193,50569,50567805,11097,250,-1,-1,1,527,90.9,0,-1.0,0,0,0,639,359
4194,50580,50578917,11112,250,-1,-1,1,526,90.9,0,-1.0,0,0,0,639,359
4195,50591,50590024,11107,250,-1,-1,1,524,90.9,1,-1.0,0,0,0,639,359
4196,50602,50601137,11113,250,-1,-1,1,548,89.6,0,-1.0,0,0,0,639,359
4197,50613,50612248,11111,250,-1,-1,1,526,89.7,0,-1.0,0,0,0,639,359
4198,50624,50623355,11107,250,-1,-1,1,633,89.9,0,-1.0,0,0,0,639,359
4199,50635,50634464,11109,250,-1,-1,1,628,90.0,0,-1.0,0,0,0,639,359
4200,50646,50645574,11110,250,-1,-1,1,524,90.1,0,-1.0,0,0,0,639,359
4201,50657,50656682,11108,250,-1,-1,1,525,90.2,0,-1.0,0,0,0,639,359
4202,50669,50667790,11108,250,-1,-1,1,525,90.2,0,-1.0,0,0,0,639,359
4203,50680,50678898,11108,250,-1,-1,1,524,90.3,0,-1.0,0,0,0,639,359
4204,50691,50690012,11114,250,-1,-1,1,524,90.3,1,-1.0,0,0,0,639,359
4205,50702,50701120,11108,250,-1,-1,1,546,89.8,0,-1.0,0,0,0,639,359
4206,50713,50712230,11110,250,-1,-1,1,542,89.9,0,-1.0,0,0,0,639,359
4207,50724,50723339,11109,250,-1,-1,1,633,89.9,0,-1.0,0,0,0,639,359
4208,50735,50734449,11110,250,-1,-1,1,635,90.0,0,-1.0,0,0,0,639,359
4209,50746,50745555,11106,250,-1,-1,1,523,90.0,0,-1.0,0,0,0,639,359
4210,50757,50756664,11109,250,-1,-1,1,526,90.1,0,-1.0,0,0,0,639,359
4211,50769,50767770,11106,250,-1,-1,1,525,90.1,0,-1.0,0,0,0,639,359
4212,50780,50778887,11117,250,-1,-1,1,525,90.2,0,-1.0,0,0,0,639,359
4213,50791,50789990,11103,250,-1,-1,1,526,90.2,1,-1.0,0,0,0,639,359
4214,50802,50801105,11115,250,-1,-1,1,545,89.9,0,-1.0,0,0,0,639,359
4215,50813,50812214,11109,250,-1,-1,1,547,89.9,0,-1.0,0,0,0,639,359
4216,50824,50823325,11111,250,-1,-1,1,632,90.0,0,-1.0,0,0,0,639,359
4217,50835,50834430,11105,250,-1,-1,1,631,90.0,0,-1.0,0,0,0,639,359
4218,50847,50845538,11108,250,-1,-1,1,527,90.0,0,-1.0,0,0,0,639,359
4219,50857,50856645,11107,250,-1,-1,1,526,90.1,0,-1.0,0,0,0,639,359
4220,50869,50867758,11113,250,-1,-1,1,526,90.1,0,-1.0,0,0,0,639,359
4221,50880,50878862,11104,250,-1,-1,1,528,90.1,0,-1.0,0,0,0,639,359
4222,50891,50889973,11111,250,-1,-1,1,525,90.1,1,-1.0,0,0,0,639,359
4223,50902,50901087,11114,250,-1,-1,1,546,90.2,0,-1.0,0,0,0,639,359
4224,50913,50912198,11111,250,-1,-1,1,545,89.9,0,-1.0,0,0,0,639,359
4225,50924,50923305,11107,250,-1,-1,1,630,90.0,0,-1.0,0,0,0,639,359
4226,50935,50934414,11109,250,-1,-1,1,632,90.0,0,-1.0,0,0,0,639,359
4227,50946,50945523,11109,250,-1,-1,1,612,90.0,0,-1.0,0,0,0,639,359
4228,50957,50956634,11111,250,-1,-1,1,525,90.0,0,-1.0,0,0,0,639,359
4229,50969,50967739,11105,250,-1,-1,1,527,90.1,0,-1.0,0,0,0,639,359
4230,51032,50978849,11110,250,-1,-1,1,606,80.5,0,-1.0,0,0,0,639,359
4231,51033,51023270,44421,250,-1,-1,1,785,82.3,1,-1.0,0,0,0,639,359
4232,51036,51034389,11119,250,-1,-1,1,633,84.0,0,-1.0,0,0,0,639,359
4233,51046,51045506,11117,250,-1,-1,1,526,84.1,0,-1.0,0,0,0,639,359
4234,51057,51056614,11108,250,-1,-1,1,526,84.3,0,-1.0,0,0,0,639,359
4235,51069,51067721,11107,250,-1,-1,1,524,84.4,0,-1.0,0,0,0,639,359
4236,51080,51078830,11109,250,-1,-1,1,593,84.6,0,-1.0,0,0,0,639,359
4237,51091,51089945,11115,250,-1,-1,1,544,84.7,0,-1.0,0,0,0,639,359
4238,51102,51101053,11108,250,-1,-1,1,544,84.8,0,-1.0,0,0,0,639,359
4239,51113,51112163,11110,250,-1,-1,1,528,84.8,0,-1.0,0,0,0,639,359
4240,51124,51123265,11102,250,-1,-1,1,631,84.9,1,-1.0,0,0,0,639,359
4241,51135,51134379,11114,250,-1,-1,1,533,85.0,0,-1.0,0,0,0,639,359
4242,51146,51145489,11110,250,-1,-1,1,531,85.1,0,-1.0,0,0,0,639,359
4243,51157,51156602,11113,250,-1,-1,1,627,85.2,0,-1.0,0,0,0,639,359
4244,51169,51167706,11104,250,-1,-1,1,525,85.3,0,-1.0,0,0,0,639,359
4245,51180,51178817,11111,250,-1,-1,1,525,85.3,0,-1.0,0,0,0,639,359
4246,51191,51189925,11108,250,-1,-1,1,525,85.5,0,-1.0,0,0,0,639,359
4247,51202,51201031,11106,250,-1,-1,1,524,85.6,0,-1.0,0,0,0,639,359
4248,51213,51212141,11110,250,-1,-1,1,525,85.7,0,-1.0,0,0,0,639,359
4249,51224,51223250,11109,250,-1,-1,1,526,85.6,1,-1.0,0,0,0,639,359
4250,51235,51234363,11113,250,-1,-1,1,540,85.7,0,-1.0,0,0,0,639,359
4251,51246,51245474,11111,250,-1,-1,1,532,85.8,0,-1.0,0,0,0,639,359
4252,51257,51256578,11104,250,-1,-1,1,631,85.9,0,-1.0,0,0,0,639,359
4253,51269,51267692,11114,250,-1,-1,1,629,85.9,0,-1.0,0,0,0,639,359
4254,51280,51278805,11113,250,-1,-1,1,525,86.0,0,-1.0,0,0,0,639,359
4255,51291,51289907,11102,250,-1,-1,1,527,86.1,0,-1.0,0,0,0,639,359
4256,51302,51301016,11109,250,-1,-1,1,528,86.2,0,-1.0,0,0,0,639,359
4257,51313,51312126,11110,250,-1,-1,1,524,86.2,0,-1.0,0,0,0,639,359
4258,51324,51323232,11106,250,-1,-1,1,525,86.2,1,-1.0,0,0,0,639,359
4259,51335,51334348,11116,250,-1,-1,1,546,86.2,0,-1.0,0,0,0,639,359
4260,51346,51345454,11106,250,-1,-1,1,546,86.3,0,-1.0,0,0,0,639,359
4261,51357,51356561,11107,250,-1,-1,1,631,86.4,0,-1.0,0,0,0,639,359
4262,51369,51367670,11109,250,-1,-1,1,631,86.4,0,-1.0,0,0,0,639,359
4263,51380,51378784,11114,250,-1,-1,1,528,86.5,0,-1.0,0,0,0,639,359
4264,51391,51389886,11102,250,-1,-1,1,527,86.5,0,-1.0,0,0,0,639,359
4265,51402,51401000,11114,250,-1,-1,1,525,86.6,0,-1.0,0,0,0,639,359
4266,51413,51412107,11107,250,-1,-1,1,527,86.7,0,-1.0,0,0,0,639,359
4267,51424,51423214,11107,250,-1,-1,1,528,86.6,1,-1.0,0,0,0,639,359
4268,51435,51434327,11113,250,-1,-1,1,545,86.7,0,-1.0,0,0,0,639,359
4269,51446,51445442,11115,250,-1,-1,1,543,86.7,0,-1.0,0,0,0,639,359
4270,51457,51456545,11103,250,-1,-1,1,632,86.8,0,-1.0,0,0,0,639,359
4271,51469,51467660,11115,250,-1,-1,1,635,86.8,0,-1.0,0,0,0,639,359
4272,51480,51478765,11105,250,-1,-1,1,608,86.9,0,-1.0,0,0,0,639,359
4273,51491,51489875,11110,250,-1,-1,1,524,86.9,0,-1.0,0,0,0,639,359
4274,51502,51500981,11106,250,-1,-1,1,527,87.0,0,-1.0,0,0,0,639,359
4275,51513,51512092,11111,250,-1,-1,1,529,87.0,0,-1.0,0,0,0,639,359
4276,51524,51523198,11106,250,-1,-1,1,526,87.0,1,-1.0,0,0,0,639,359
4277,51535,51534314,11116,250,-1,-1,1,533,87.0,0,-1.0,0,0,0,639,359
4278,51584,51578743,44429,250,-1,-1,1,524,20.4,0,-1.0,0,0,0,639,359
4279,51591,51589854,11111,250,-1,-1,1,527,36.4,0,-1.0,0,0,0,639,359
4280,51602,51600962,11108,250,-1,-1,1,528,45.5,0,-1.0,0,0,0,639,359
4281,51613,51612070,11108,250,-1,-1,1,529,51.9,0,-1.0,0,0,0,639,359
4282,51624,51623183,11113,250,-1,-1,1,524,56.2,0,-1.0,0,0,0,639,359
4283,51635,51634292,11109,250,-1,-1,1,525,60.0,0,-1.0,0,0,0,639,359
4284,51646,51645400,11108,250,-1,-1,1,525,63.1,0,-1.0,0,0,0,639,359
4285,51657,51656507,11107,250,-1,-1,1,524,65.6,1,-1.0,0,0,0,639,359
4286,51668,51667624,11117,250,-1,-1,1,547,67.7,0,-1.0,0,0,0,639,359
4287,51680,51678726,11102,250,-1,-1,1,546,69.4,0,-1.0,0,0,0,639,359
4288,51691,51689840,11114,250,-1,-1,1,631,71.0,0,-1.0,0,0,0,639,359
4289,51702,51700944,11104,250,-1,-1,1,630,72.3,0,-1.0,0,0,0,639,359
4290,51713,51712064,11120,250,-1,-1,1,524,73.4,0,-1.0,0,0,0,639,359
4291,51724,51723163,11099,250,-1,-1,1,526,74.5,0,-1.0,0,0,0,639,359
4292,51735,51734276,11113,250,-1,-1,1,524,75.0,0,-1.0,0,0,0,639,359
4293,51746,51745381,11105,250,-1,-1,1,527,75.8,0,-1.0,0,0,0,639,359
4294,51757,51756492,11111,250,-1,-1,1,524,76.6,1,-1.0,0,0,0,639,359
4295,51768,51767603,11111,250,-1,-1,1,546,77.3,0,-1.0,0,0,0,639,359
4296,51780,51778715,11112,250,-1,-1,1,544,77.9,0,-1.0,0,0,0,639,359
4297,51791,51789821,11106,250,-1,-1,1,635,78.4,0,-1.0,0,0,0,639,359
4298,51802,51800930,11109,250,-1,-1,1,635,78.9,0,-1.0,0,0,0,639,359
4299,51813,51812046,11116,250,-1,-1,1,528,79.4,0,-1.0,0,0,0,639,359
4300,51824,51823144,11098,250,-1,-1,1,526,79.9,0,-1.0,0,0,0,639,359
4301,51835,51834256,11112,250,-1,-1,1,528,80.0,0,-1.0,0,0,0,639,359
4302,51846,51845369,11113,250,-1,-1,1,526,80.4,0,-1.0,0,0,0,639,359
4303,51857,51856471,11102,250,-1,-1,1,526,80.7,1,-1.0,0,0,0,639,359
4304,51868,51867588,11117,250,-1,-1,1,528,81.1,0,-1.0,0,0,0,639,359
4305,51880,51878694,11106,250,-1,-1,1,544,81.4,0,-1.0,0,0,0,639,359
4306,51891,51889806,11112,250,-1,-1,1,632,81.7,0,-1.0,0,0,0,639,359
4307,51902,51900914,11108,250,-1,-1,1,524,82.0,0,-1.0,0,0,0,639,359
4308,51913,51912022,11108,250,-1,-1,1,527,82.0,0,-1.0,0,0,0,639,359
4309,51924,51923133,11111,250,-1,-1,1,524,82.5,0,-1.0,0,0,0,639,359
4310,51935,51934243,11110,250,-1,-1,1,528,82.5,0,-1.0,0,0,0,639,359
4311,51946,51945346,11103,250,-1,-1,1,526,82.7,0,-1.0,0,0,0,639,359
4312,51957,51956456,11110,250,-1,-1,1,525,82.9,1,-1.0,0,0,0,639,359
4313,51968,51967571,11115,250,-1,-1,1,530,83.1,0,-1.0,0,0,0,639,359
4314,51980,51978681,11110,250,-1,-1,1,528,83.3,0,-1.0,0,0,0,639,359
4315,51991,51989786,11105,250,-1,-1,1,626,83.5,0,-1.0,0,0,0,639,359
4316,52002,52000903,11117,250,-1,-1,1,633,83.7,0,-1.0,0,0,0,639,359
4317,52013,52012007,11104,250,-1,-1,1,525,83.9,0,-1.0,0,0,0,639,359
4318,52024,52023114,11107,250,-1,-1,1,523,84.0,0,-1.0,0,0,0,639,359
4319,52035,52034222,11108,250,-1,-1,1,529,84.0,0,-1.0,0,0,0,639,359
4320,52107,52045334,11112,250,-1,-1,1,607,75.2,0,-1.0,0,0,0,639,359
4321,52108,52100861,55527,250,-1,-1,1,1168,76.8,1,-1.0,0,0,0,639,359
4322,52113,52112003,11142,250,-1,-1,1,630,77.9,0,-1.0,0,0,0,639,359
4323,52124,52123101,11098,250,-1,-1,1,525,78.2,0,-1.0,0,0,0,639,359
4324,52135,52134207,11106,250,-1,-1,1,527,78.3,0,-1.0,0,0,0,639,359
4325,52146,52145315,11108,250,-1,-1,1,526,78.6,0,-1.0,0,0,0,639,359
4326,52157,52156429,11114,250,-1,-1,1,609,78.8,0,-1.0,0,0,0,639,359
4327,52168,52167539,11110,250,-1,-1,1,543,79.0,0,-1.0,0,0,0,639,359
4328,52179,52178648,11109,250,-1,-1,1,546,79.2,0,-1.0,0,0,0,639,359
4329,52191,52189752,11104,250,-1,-1,1,611,79.4,0,-1.0,0,0,0,639,359
4330,52202,52200863,11111,250,-1,-1,1,632,79.6,1,-1.0,0,0,0,639,359
4331,52213,52211975,11112,250,-1,-1,1,544,79.8,0,-1.0,0,0,0,639,359
4332,52224,52223084,11109,250,-1,-1,1,538,79.9,0,-1.0,0,0,0,639,359
4333,52235,52234193,11109,250,-1,-1,1,632,80.0,0,-1.0,0,0,0,639,359
4334,52246,52245300,11107,250,-1,-1,1,524,80.2,0,-1.0,0,0,0,639,359
4335,52257,52256413,11113,250,-1,-1,1,525,80.3,0,-1.0,0,0,0,639,359
4336,52268,52267515,11102,250,-1,-1,1,525,80.5,0,-1.0,0,0,0,639,359
4337,52279,52278620,11105,250,-1,-1,1,524,80.6,0,-1.0,0,0,0,639,359
4338,52291,52289733,11113,250,-1,-1,1,525,80.8,0,-1.0,0,0,0,639,359
4339,52302,52300841,11108,250,-1,-1,1,525,80.9,1,-1.0,0,0,0,639,359
4340,52313,52311958,11117,250,-1,-1,1,545,81.1,0,-1.0,0,0,0,639,359
4341,52324,52323064,11106,250,-1,-1,1,545,81.2,0,-1.0,0,0,0,639,359
4342,52335,52334176,11112,250,-1,-1,1,630,81.2,0,-1.0,0,0,0,639,359
4343,52346,52345296,11120,250,-1,-1,1,629,81.4,0,-1.0,0,0,0,639,359
4344,52357,52356392,11096,250,-1,-1,1,563,81.5,0,-1.0,0,0,0,639,359
4345,52368,52367500,11108,250,-1,-1,1,526,81.6,0,-1.0,0,0,0,639,359
4346,52379,52378607,11107,250,-1,-1,1,527,81.8,0,-1.0,0,0,0,639,359
4347,52391,52389717,11110,250,-1,-1,1,524,81.9,0,-1.0,0,0,0,639,359
4348,52402,52400824,11107,250,-1,-1,1,527,82.0,1,-1.0,0,0,0,639,359
4349,52413,52411938,11114,250,-1,-1,1,526,82.1,0,-1.0,0,0,0,639,359
4350,52424,52423050,11112,250,-1,-1,1,546,82.2,0,-1.0,0,0,0,639,359
4351,52435,52434155,11105,250,-1,-1,1,631,82.2,0,-1.0,0,0,0,639,359
4352,52446,52445266,11111,250,-1,-1,1,630,82.3,0,-1.0,0,0,0,639,359
4353,52457,52456376,11110,250,-1,-1,1,527,82.4,0,-1.0,0,0,0,639,359
4354,52468,52467486,11110,250,-1,-1,1,526,82.5,0,-1.0,0,0,0,639,359
4355,52479,52478587,11101,250,-1,-1,1,526,82.6,0,-1.0,0,0,0,639,359
4356,52490,52489697,11110,250,-1,-1,1,524,82.7,0,-1.0,0,0,0,639,359
4357,52502,52500806,11109,250,-1,-1,1,527,82.8,1,-1.0,0,0,0,639,359
4358,52513,52511919,11113,250,-1,-1,1,540,82.9,0,-1.0,0,0,0,639,359
4359,52524,52523030,11111,250,-1,-1,1,534,83.0,0,-1.0,0,0,0,639,359
4360,52535,52534143,11113,250,-1,-1,1,628,83.0,0,-1.0,0,0,0,639,359
4361,52568,52567456,33313,250,-1,-1,1,590,30.3,0,-1.0,0,0,0,639,359
4362,52579,52578575,11119,250,-1,-1,1,528,45.5,0,-1.0,0,0,0,639,359
4363,52590,52589680,11105,250,-1,-1,1,524,54.5,0,-1.0,0,0,0,639,359
4364,52602,52600796,11116,250,-1,-1,1,524,60.6,0,-1.0,0,0,0,639,359
4365,52613,52611903,11107,250,-1,-1,1,525,64.9,0,-1.0,0,0,0,639,359
4366,52624,52623012,11109,250,-1,-1,1,525,68.2,1,-1.0,0,0,0,639,359
4367,52635,52634123,11111,250,-1,-1,1,549,70.0,0,-1.0,0,0,0,639,359
4368,52646,52645233,11110,250,-1,-1,1,545,72.1,0,-1.0,0,0,0,639,359
4369,52657,52656341,11108,250,-1,-1,1,628,73.8,0,-1.0,0,0,0,639,359
4370,52668,52667540,11199,250,-1,-1,1,603,75.2,0,-1.0,0,0,0,639,359
4371,52680,52678555,11015,250,-1,-1,1,525,76.4,0,-1.0,0,0,0,639,359
4372,52690,52689667,11112,250,-1,-1,1,526,77.4,0,-1.0,0,0,0,639,359
4373,52702,52700774,11107,250,-1,-1,1,527,78.3,0,-1.0,0,0,0,639,359
4374,52713,52711881,11107,250,-1,-1,1,527,79.1,0,-1.0,0,0,0,639,359
4375,52724,52722992,11111,250,-1,-1,1,524,79.8,1,-1.0,0,0,0,639,359
4376,52735,52734107,11115,250,-1,-1,1,542,80.0,0,-1.0,0,0,0,639,359
4377,52746,52745215,11108,250,-1,-1,1,547,80.6,0,-1.0,0,0,0,639,359
4378,52757,52756327,11112,250,-1,-1,1,632,81.1,0,-1.0,0,0,0,639,359
4379,52768,52767430,11103,250,-1,-1,1,632,81.5,0,-1.0,0,0,0,639,359
4380,52779,52778542,11112,250,-1,-1,1,524,82.0,0,-1.0,0,0,0,639,359
4381,52790,52789649,11107,250,-1,-1,1,528,82.4,0,-1.0,0,0,0,639,359
4382,52802,52800757,11108,250,-1,-1,1,527,82.7,0,-1.0,0,0,0,639,359
4383,52813,52811866,11109,250,-1,-1,1,525,83.0,0,-1.0,0,0,0,639,359
4384,52824,52822977,11111,250,-1,-1,1,525,83.3,1,-1.0,0,0,0,639,359
4385,52835,52834088,11111,250,-1,-1,1,528,83.6,0,-1.0,0,0,0,639,359
4386,52846,52845198,11110,250,-1,-1,1,528,83.6,0,-1.0,0,0,0,639,359
4387,52857,52856305,11107,250,-1,-1,1,632,83.9,0,-1.0,0,0,0,639,359
4388,52868,52867419,11114,250,-1,-1,1,528,84.1,0,-1.0,0,0,0,639,359
4389,52879,52878526,11107,250,-1,-1,1,525,84.3,0,-1.0,0,0,0,639,359
4390,52890,52889636,11110,250,-1,-1,1,525,84.5,0,-1.0,0,0,0,639,359
4391,52902,52900739,11103,250,-1,-1,1,525,84.7,0,-1.0,0,0,0,639,359
4392,52913,52911846,11107,250,-1,-1,1,525,84.9,0,-1.0,0,0,0,639,359
4393,52924,52922962,11116,250,-1,-1,1,528,85.1,1,-1.0,0,0,0,639,359
4394,52935,52934073,11111,250,-1,-1,1,541,85.2,0,-1.0,0,0,0,639,359
4395,52946,52945179,11106,250,-1,-1,1,534,85.2,0,-1.0,0,0,0,639,359
4396,52957,52956291,11112,250,-1,-1,1,629,85.3,0,-1.0,0,0,0,639,359
4397,52968,52967399,11108,250,-1,-1,1,633,85.5,0,-1.0,0,0,0,639,359
4398,52979,52978509,11110,250,-1,-1,1,525,85.6,0,-1.0,0,0,0,639,359
4399,52990,52989613,11104,250,-1,-1,1,526,85.7,0,-1.0,0,0,0,639,359
4400,53002,53000725,11112,250,-1,-1,1,526,85.8,0,-1.0,0,0,0,639,359
4401,53013,53011832,11107,250,-1,-1,1,525,86.0,0,-1.0,0,0,0,639,359
4402,53024,53022944,11112,250,-1,-1,1,524,86.1,1,-1.0,0,0,0,639,359
4403,53035,53034058,11114,250,-1,-1,1,546,86.2,0,-1.0,0,0,0,639,359
4404,53046,53045167,11109,250,-1,-1,1,543,86.1,0,-1.0,0,0,0,639,359
4405,53057,53056270,11103,250,-1,-1,1,633,86.2,0,-1.0,0,0,0,639,359
4406,53068,53067382,11112,250,-1,-1,1,634,86.3,0,-1.0,0,0,0,639,359
4407,53079,53078491,11109,250,-1,-1,1,525,86.4,0,-1.0,0,0,0,639,359
4408,53090,53089600,11109,250,-1,-1,1,525,86.5,0,-1.0,0,0,0,639,359
4409,53102,53100707,11107,250,-1,-1,1,527,86.6,0,-1.0,0,0,0,639,359
4410,53182,53111818,11111,250,-1,-1,1,607,77.3,0,-1.0,0,0,0,639,359
4411,53183,53178456,66638,250,-1,-1,1,600,78.7,1,-1.0,0,0,0,639,359
4412,53190,53189586,11130,250,-1,-1,1,633,79.4,0,-1.0,0,0,0,639,359
4413,53202,53200695,11109,250,-1,-1,1,525,79.6,0,-1.0,0,0,0,639,359
4414,53213,53211797,11102,250,-1,-1,1,525,79.8,0,-1.0,0,0,0,639,359
4415,53224,53222909,11112,250,-1,-1,1,632,79.9,0,-1.0,0,0,0,639,359
4416,53235,53234017,11108,250,-1,-1,1,626,80.0,0,-1.0,0,0,0,639,359
4417,53246,53245132,11115,250,-1,-1,1,543,80.2,0,-1.0,0,0,0,639,359
4418,53257,53256294,11162,250,-1,-1,1,631,80.3,0,-1.0,0,0,0,639,359
4419,53268,53267352,11058,250,-1,-1,1,524,80.5,0,-1.0,0,0,0,639,359
4420,53279,53278458,11106,250,-1,-1,1,611,80.6,1,-1.0,0,0,0,639,359
4421,53290,53289568,11110,250,-1,-1,1,545,80.8,0,-1.0,0,0,0,639,359
4422,53302,53300678,11110,250,-1,-1,1,542,80.9,0,-1.0,0,0,0,639,359
4423,53313,53311784,11106,250,-1,-1,1,625,81.1,0,-1.0,0,0,0,639,359
4424,53324,53322892,11108,250,-1,-1,1,629,81.2,0,-1.0,0,0,0,639,359
4425,53335,53334148,11256,250,-1,-1,1,526,81.4,0,-1.0,0,0,0,639,359
4426,53346,53345106,10958,250,-1,-1,1,526,81.5,0,-1.0,0,0,0,639,359
4427,53357,53356218,11112,250,-1,-1,1,527,81.5,0,-1.0,0,0,0,639,359
4428,53368,53367328,11110,250,-1,-1,1,525,81.6,0,-1.0,0,0,0,639,359
4429,53379,53378438,11110,250,-1,-1,1,524,81.8,1,-1.0,0,0,0,639,359
4430,53390,53389550,11112,250,-1,-1,1,546,81.9,0,-1.0,0,0,0,639,359
4431,53401,53400656,11106,250,-1,-1,1,545,82.0,0,-1.0,0,0,0,639,359
4432,53413,53411767,11111,250,-1,-1,1,631,82.1,0,-1.0,0,0,0,639,359
4433,53424,53422872,11105,250,-1,-1,1,633,82.2,0,-1.0,0,0,0,639,359
4434,53435,53433982,11110,250,-1,-1,1,525,82.3,0,-1.0,0,0,0,639,359
4435,53446,53445097,11115,250,-1,-1,1,528,82.4,0,-1.0,0,0,0,639,359
4436,53457,53456199,11102,250,-1,-1,1,528,82.4,0,-1.0,0,0,0,639,359
4437,53468,53467309,11110,250,-1,-1,1,526,82.5,0,-1.0,0,0,0,639,359
4438,53479,53478417,11108,250,-1,-1,1,526,82.6,1,-1.0,0,0,0,639,359
4439,53490,53489531,11114,250,-1,-1,1,529,82.7,0,-1.0,0,0,0,639,359
4440,53501,53500639,11108,250,-1,-1,1,528,82.8,0,-1.0,0,0,0,639,359
4441,53513,53511749,11110,250,-1,-1,1,629,82.9,0,-1.0,0,0,0,639,359
4442,53524,53522857,11108,250,-1,-1,1,526,83.0,0,-1.0,0,0,0,639,359
4443,53535,53533970,11113,250,-1,-1,1,531,83.1,0,-1.0,0,0,0,639,359
4444,53546,53545075,11105,250,-1,-1,1,533,83.2,0,-1.0,0,0,0,639,359
4445,53557,53556187,11112,250,-1,-1,1,525,83.3,0,-1.0,0,0,0,639,359
4446,53568,53567293,11106,250,-1,-1,1,525,87.0,0,-1.0,0,0,0,639,359
4447,53579,53578405,11112,250,-1,-1,1,525,88.2,1,-1.0,0,0,0,639,359
4448,53590,53589516,11111,250,-1,-1,1,546,88.9,0,-1.0,0,0,0,639,359
4449,53601,53600625,11109,250,-1,-1,1,543,89.3,0,-1.0,0,0,0,639,359
4450,53613,53611733,11108,250,-1,-1,1,635,89.6,0,-1.0,0,0,0,639,359
4451,53624,53622843,11110,250,-1,-1,1,627,89.7,0,-1.0,0,0,0,639,359
4452,53635,53633950,11107,250,-1,-1,1,525,88.9,0,-1.0,0,0,0,639,359
4453,53646,53645058,11108,250,-1,-1,1,527,90.0,0,-1.0,0,0,0,639,359
4454,53657,53656165,11107,250,-1,-1,1,527,90.1,0,-1.0,0,0,0,639,359
4455,53668,53667278,11113,250,-1,-1,1,528,89.4,0,-1.0,0,0,0,639,359
4456,53679,53678384,11106,250,-1,-1,1,526,89.6,1,-1.0,0,0,0,639,359
4457,53690,53689500,11116,250,-1,-1,1,545,89.7,0,-1.0,0,0,0,639,359
4458,53701,53700608,11108,250,-1,-1,1,546,89.7,0,-1.0,0,0,0,639,359
4459,53713,53711719,11111,250,-1,-1,1,630,89.8,0,-1.0,0,0,0,639,359
4460,53724,53722824,11105,250,-1,-1,1,639,89.9,0,-1.0,0,0,0,639,359
4461,53735,53733934,11110,250,-1,-1,1,526,89.9,0,-1.0,0,0,0,639,359
4462,53746,53745052,11118,250,-1,-1,1,526,90.0,0,-1.0,0,0,0,639,359
4463,53757,53756148,11096,250,-1,-1,1,527,90.0,0,-1.0,0,0,0,639,359
4464,53768,53767256,11108,250,-1,-1,1,527,89.7,0,-1.0,0,0,0,639,359
4465,53779,53778368,11112,250,-1,-1,1,525,89.7,1,-1.0,0,0,0,639,359
4466,53790,53789481,11113,250,-1,-1,1,530,89.8,0,-1.0,0,0,0,639,359
4467,53801,53800592,11111,250,-1,-1,1,547,89.8,0,-1.0,0,0,0,639,359
4468,53813,53811698,11106,250,-1,-1,1,628,89.9,0,-1.0,0,0,0,639,359
4469,53824,53822807,11109,250,-1,-1,1,525,89.9,0,-1.0,0,0,0,639,359
4470,53835,53833914,11107,250,-1,-1,1,525,90.0,0,-1.0,0,0,0,639,359
4471,53846,53845025,11111,250,-1,-1,1,526,90.0,0,-1.0,0,0,0,639,359
4472,53857,53856133,11108,250,-1,-1,1,526,90.0,0,-1.0,0,0,0,639,359
4473,53868,53867246,11113,250,-1,-1,1,525,89.8,0,-1.0,0,0,0,639,359
4474,53879,53878351,11105,250,-1,-1,1,526,89.8,1,-1.0,0,0,0,639,359
4475,53890,53889464,11113,250,-1,-1,1,549,89.9,0,-1.0,0,0,0,639,359
4476,53901,53900571,11107,250,-1,-1,1,545,89.9,0,-1.0,0,0,0,639,359
4477,53913,53911679,11108,250,-1,-1,1,629,89.9,0,-1.0,0,0,0,639,359
4478,53924,53922786,11107,250,-1,-1,1,632,89.9,0,-1.0,0,0,0,639,359
4479,53935,53933900,11114,250,-1,-1,1,525,89.7,0,-1.0,0,0,0,639,359
4480,53946,53945005,11105,250,-1,-1,1,530,90.0,0,-1.0,0,0,0,639,359
4481,53957,53956115,11110,250,-1,-1,1,525,90.0,0,-1.0,0,0,0,639,359
4482,53968,53967223,11108,250,-1,-1,1,526,89.8,0,-1.0,0,0,0,639,359
4483,53979,53978332,11109,250,-1,-1,1,526,89.9,1,-1.0,0,0,0,639,359
4484,53990,53989447,11115,250,-1,-1,1,546,89.9,0,-1.0,0,0,0,639,359
4485,54001,54000557,11110,250,-1,-1,1,544,89.9,0,-1.0,0,0,0,639,359
4486,54013,54011662,11105,250,-1,-1,1,631,89.9,0,-1.0,0,0,0,639,359
4487,54024,54022911,11249,250,-1,-1,1,630,90.0,0,-1.0,0,0,0,639,359
4488,54035,54033881,10970,250,-1,-1,1,524,89.8,0,-1.0,0,0,0,639,359
4489,54046,54044989,11108,250,-1,-1,1,526,90.0,0,-1.0,0,0,0,639,359
4490,54057,54056098,11109,250,-1,-1,1,527,90.0,0,-1.0,0,0,0,639,359
4491,54068,54067209,11111,250,-1,-1,1,528,89.9,0,-1.0,0,0,0,639,359
4492,54079,54078315,11106,250,-1,-1,1,527,89.9,1,-1.0,0,0,0,639,359
4493,54090,54089430,11115,250,-1,-1,1,545,89.9,0,-1.0,0,0,0,639,359
4494,54101,54100539,11109,250,-1,-1,1,546,89.9,0,-1.0,0,0,0,639,359
4495,54112,54111649,11110,250,-1,-1,1,628,89.9,0,-1.0,0,0,0,639,359
4496,54124,54122758,11109,250,-1,-1,1,633,90.0,0,-1.0,0,0,0,639,359
4497,54135,54133867,11109,250,-1,-1,1,524,90.0,0,-1.0,0,0,0,639,359
4498,54146,54144974,11107,250,-1,-1,1,525,90.0,0,-1.0,0,0,0,639,359
4499,54157,54156080,11106,250,-1,-1,1,525,90.0,0,-1.0,0,0,0,639,359
4500,54247,54167190,11110,250,-1,-1,1,607,79.8,0,-1.0,0,0,0,639,359
4501,54248,54244944,77754,250,-1,-1,1,600,81.1,1,-1.0,0,0,0,639,359
4502,54257,54256070,11126,250,-1,-1,1,523,81.6,0,-1.0,0,0,0,639,359
4503,54268,54267173,11103,250,-1,-1,1,535,81.6,0,-1.0,0,0,0,639,359
4504,54279,54278282,11109,250,-1,-1,1,526,81.7,0,-1.0,0,0,0,639,359
4505,54290,54289390,11108,250,-1,-1,1,631,81.9,0,-1.0,0,0,0,639,359
4506,54301,54300503,11113,250,-1,-1,1,543,82.0,0,-1.0,0,0,0,639,359
4507,54312,54311614,11111,250,-1,-1,1,537,82.1,0,-1.0,0,0,0,639,359
4508,54324,54322719,11105,250,-1,-1,1,633,82.3,0,-1.0,0,0,0,639,359
4509,54335,54333833,11114,250,-1,-1,1,528,82.4,0,-1.0,0,0,0,639,359
4510,54346,54344937,11104,250,-1,-1,1,553,82.5,1,-1.0,0,0,0,639,359
4511,54357,54356054,11117,250,-1,-1,1,544,82.6,0,-1.0,0,0,0,639,359
4512,54368,54367161,11107,250,-1,-1,1,545,82.6,0,-1.0,0,0,0,639,359
4513,54379,54378271,11110,250,-1,-1,1,625,82.7,0,-1.0,0,0,0,639,359
4514,54390,54389379,11108,250,-1,-1,1,549,82.8,0,-1.0,0,0,0,639,359
4515,54401,54400490,11111,250,-1,-1,1,590,82.9,0,-1.0,0,0,0,639,359
4516,54412,54411595,11105,250,-1,-1,1,526,83.0,0,-1.0,0,0,0,639,359
4517,54423,54422700,11105,250,-1,-1,1,525,83.1,0,-1.0,0,0,0,639,359
4518,54435,54433811,11111,250,-1,-1,1,526,83.2,0,-1.0,0,0,0,639,359
4519,54446,54444921,11110,250,-1,-1,1,527,83.3,1,-1.0,0,0,0,639,359
4520,54457,54456032,11111,250,-1,-1,1,537,83.4,0,-1.0,0,0,0,639,359
4521,54468,54467142,11110,250,-1,-1,1,533,83.4,0,-1.0,0,0,0,639,359
4522,54479,54478250,11108,250,-1,-1,1,630,83.5,0,-1.0,0,0,0,639,359
4523,54490,54489472,11222,250,-1,-1,1,524,83.6,0,-1.0,0,0,0,639,359
4524,54501,54500470,10998,250,-1,-1,1,524,83.7,0,-1.0,0,0,0,639,359
4525,54512,54511580,11110,250,-1,-1,1,524,83.8,0,-1.0,0,0,0,639,359
4526,54523,54522684,11104,250,-1,-1,1,525,83.8,0,-1.0,0,0,0,639,359
4527,54535,54533795,11111,250,-1,-1,1,525,83.9,0,-1.0,0,0,0,639,359
4528,54546,54544901,11106,250,-1,-1,1,528,84.0,1,-1.0,0,0,0,639,359
4529,54607,54600445,55544,250,-1,-1,1,527,16.7,0,-1.0,0,0,0,639,359
4530,54612,54611568,11123,250,-1,-1,1,525,30.3,0,-1.0,0,0,0,639,359
4531,54623,54622668,11100,250,-1,-1,1,525,39.0,0,-1.0,0,0,0,639,359
4532,54635,54633774,11106,250,-1,-1,1,528,45.5,0,-1.0,0,0,0,639,359
4533,54646,54644885,11111,250,-1,-1,1,525,50.5,0,-1.0,0,0,0,639,359
4534,54657,54655992,11107,250,-1,-1,1,524,54.5,0,-1.0,0,0,0,639,359
4535,54668,54667108,11116,250,-1,-1,1,525,57.9,0,-1.0,0,0,0,639,359
4536,54679,54678213,11105,250,-1,-1,1,525,60.2,0,-1.0,0,0,0,639,359
4537,54690,54689324,11111,250,-1,-1,1,525,62.5,1,-1.0,0,0,0,639,359
4538,54701,54700436,11112,250,-1,-1,1,544,64.5,0,-1.0,0,0,0,639,359
4539,54712,54711544,11108,250,-1,-1,1,538,66.3,0,-1.0,0,0,0,639,359
4540,54723,54722649,11105,250,-1,-1,1,632,67.8,0,-1.0,0,0,0,639,359
4541,54735,54733767,11118,250,-1,-1,1,637,69.1,0,-1.0,0,0,0,639,359
4542,54746,54744869,11102,250,-1,-1,1,525,70.4,0,-1.0,0,0,0,639,359
4543,54757,54755979,11110,250,-1,-1,1,525,71.4,0,-1.0,0,0,0,639,359
4544,54768,54767090,11111,250,-1,-1,1,525,72.4,0,-1.0,0,0,0,639,359
4545,54779,54778196,11106,250,-1,-1,1,524,73.0,0,-1.0,0,0,0,639,359
4546,54790,54789305,11109,250,-1,-1,1,524,73.8,1,-1.0,0,0,0,639,359
4547,54801,54800418,11113,250,-1,-1,1,546,74.5,0,-1.0,0,0,0,639,359
4548,54812,54811522,11104,250,-1,-1,1,544,75.2,0,-1.0,0,0,0,639,359
4549,54823,54822638,11116,250,-1,-1,1,631,75.8,0,-1.0,0,0,0,639,359
4550,54835,54833744,11106,250,-1,-1,1,544,76.4,0,-1.0,0,0,0,639,359
4551,54846,54844856,11112,250,-1,-1,1,553,76.9,0,-1.0,0,0,0,639,359
4552,54857,54855958,11102,250,-1,-1,1,525,77.4,0,-1.0,0,0,0,639,359
4553,54868,54867071,11113,250,-1,-1,1,525,77.9,0,-1.0,0,0,0,639,359
4554,54879,54878177,11106,250,-1,-1,1,525,78.1,0,-1.0,0,0,0,639,359
4555,54890,54889286,11109,250,-1,-1,1,526,78.5,1,-1.0,0,0,0,639,359
4556,54901,54900396,11110,250,-1,-1,1,543,78.9,0,-1.0,0,0,0,639,359
4557,54912,54911509,11113,250,-1,-1,1,545,79.2,0,-1.0,0,0,0,639,359
4558,54923,54922616,11107,250,-1,-1,1,629,79.6,0,-1.0,0,0,0,639,359
4559,54935,54933729,11113,250,-1,-1,1,527,79.9,0,-1.0,0,0,0,639,359
4560,54946,54944835,11106,250,-1,-1,1,542,80.2,0,-1.0,0,0,0,639,359
4561,54957,54955948,11113,250,-1,-1,1,523,80.5,0,-1.0,0,0,0,639,359
4562,54968,54967054,11106,250,-1,-1,1,526,80.8,0,-1.0,0,0,0,639,359
4563,54979,54978160,11106,250,-1,-1,1,528,80.8,0,-1.0,0,0,0,639,359
4564,54990,54989268,11108,250,-1,-1,1,527,81.1,1,-1.0,0,0,0,639,359
4565,55001,55000386,11118,250,-1,-1,1,533,81.3,0,-1.0,0,0,0,639,359
4566,55012,55011492,11106,250,-1,-1,1,529,81.5,0,-1.0,0,0,0,639,359
4567,55023,55022603,11111,250,-1,-1,1,604,81.8,0,-1.0,0,0,0,639,359
4568,55035,55033706,11103,250,-1,-1,1,525,82.0,0,-1.0,0,0,0,639,359
4569,55046,55044819,11113,250,-1,-1,1,526,82.2,0,-1.0,0,0,0,639,359
4570,55057,55055924,11105,250,-1,-1,1,524,82.4,0,-1.0,0,0,0,639,359
4571,55068,55067037,11113,250,-1,-1,1,524,82.5,0,-1.0,0,0,0,639,359
4572,55079,55078145,11108,250,-1,-1,1,526,82.7,0,-1.0,0,0,0,639,359
4573,55090,55089257,11112,250,-1,-1,1,525,82.7,1,-1.0,0,0,0,639,359
4574,55101,55100365,11108,250,-1,-1,1,545,82.9,0,-1.0,0,0,0,639,359
4575,55112,55111478,11113,250,-1,-1,1,539,83.0,0,-1.0,0,0,0,639,359
4576,55123,55122585,11107,250,-1,-1,1,633,83.2,0,-1.0,0,0,0,639,359
4577,55135,55133695,11110,250,-1,-1,1,522,83.3,0,-1.0,0,0,0,639,359
4578,55146,55144801,11106,250,-1,-1,1,554,83.5,0,-1.0,0,0,0,639,359
4579,55157,55155909,11108,250,-1,-1,1,528,83.6,0,-1.0,0,0,0,639,359
4580,55168,55167017,11108,250,-1,-1,1,525,83.7,0,-1.0,0,0,0,639,359
4581,55179,55178130,11113,250,-1,-1,1,525,83.9,0,-1.0,0,0,0,639,359
4582,55190,55189237,11107,250,-1,-1,1,525,83.9,1,-1.0,0,0,0,639,359
4583,55201,55200353,11116,250,-1,-1,1,545,84.0,0,-1.0,0,0,0,639,359
4584,55212,55211458,11105,250,-1,-1,1,547,84.1,0,-1.0,0,0,0,639,359
4585,55223,55222567,11109,250,-1,-1,1,630,84.2,0,-1.0,0,0,0,639,359
4586,55235,55233675,11108,250,-1,-1,1,528,84.3,0,-1.0,0,0,0,639,359
4587,55246,55244782,11107,250,-1,-1,1,526,84.4,0,-1.0,0,0,0,639,359
4588,55257,55255889,11107,250,-1,-1,1,525,84.5,0,-1.0,0,0,0,639,359
4589,55268,55267002,11113,250,-1,-1,1,527,84.6,0,-1.0,0,0,0,639,359
4590,55396,55278109,11107,250,-1,-1,1,527,73.0,0,-1.0,0,0,0,639,359
4591,55397,55389188,111079,250,-1,-1,1,1104,74.0,1,-1.0,0,0,0,639,359
4592,55401,55400327,11139,250,-1,-1,1,633,74.9,0,-1.0,0,0,0,639,359
4593,55413,55411421,11094,250,-1,-1,1,525,75.1,0,-1.0,0,0,0,639,359
4594,55423,55422532,11111,250,-1,-1,1,546,75.3,0,-1.0,0,0,0,639,359
4595,55434,55433640,11108,250,-1,-1,1,526,75.5,0,-1.0,0,0,0,639,359
4596,55446,55444756,11116,250,-1,-1,1,633,75.6,0,-1.0,0,0,0,639,359
4597,55457,55455859,11103,250,-1,-1,1,628,75.8,0,-1.0,0,0,0,639,359
4598,55468,55466970,11111,250,-1,-1,1,525,76.0,0,-1.0,0,0,0,639,359
4599,55479,55478074,11104,250,-1,-1,1,525,76.2,0,-1.0,0,0,0,639,359
4600,55490,55489183,11109,250,-1,-1,1,527,76.3,1,-1.0,0,0,0,639,359
4601,55501,55500296,11113,250,-1,-1,1,540,76.4,0,-1.0,0,0,0,639,359
4602,55512,55511407,11111,250,-1,-1,1,538,76.6,0,-1.0,0,0,0,639,359
4603,55523,55522515,11108,250,-1,-1,1,627,76.8,0,-1.0,0,0,0,639,359
4604,55534,55533625,11110,250,-1,-1,1,525,76.9,0,-1.0,0,0,0,639,359
4605,55546,55544733,11108,250,-1,-1,1,544,77.1,0,-1.0,0,0,0,639,359
4606,55557,55555843,11110,250,-1,-1,1,524,77.2,0,-1.0,0,0,0,639,359
4607,55568,55566956,11113,250,-1,-1,1,524,90.9,0,-1.0,0,0,0,639,359
4608,55579,55578059,11103,250,-1,-1,1,525,90.9,0,-1.0,0,0,0,639,359
4609,55590,55589169,11110,250,-1,-1,1,525,90.9,1,-1.0,0,0,0,639,359
4610,55601,55600285,11116,250,-1,-1,1,546,88.9,0,-1.0,0,0,0,639,359
4611,55612,55611390,11105,250,-1,-1,1,547,89.3,0,-1.0,0,0,0,639,359
4612,55623,55622500,11110,250,-1,-1,1,627,89.6,0,-1.0,0,0,0,639,359
4613,55634,55633600,11100,250,-1,-1,1,527,89.7,0,-1.0,0,0,0,639,359
4614,55646,55644716,11116,250,-1,-1,1,531,89.9,0,-1.0,0,0,0,639,359
4615,55657,55655825,11109,250,-1,-1,1,526,90.0,0,-1.0,0,0,0,639,359
4616,55668,55666934,11109,250,-1,-1,1,525,90.1,0,-1.0,0,0,0,639,359
4617,55679,55678041,11107,250,-1,-1,1,526,90.2,0,-1.0,0,0,0,639,359
4618,55690,55689153,11112,250,-1,-1,1,526,90.2,1,-1.0,0,0,0,639,359
4619,55701,55700262,11109,250,-1,-1,1,546,89.7,0,-1.0,0,0,0,639,359
4620,55712,55711374,11112,250,-1,-1,1,546,89.7,0,-1.0,0,0,0,639,359
4621,55723,55722481,11107,250,-1,-1,1,629,89.8,0,-1.0,0,0,0,639,359
4622,55734,55733592,11111,250,-1,-1,1,525,89.9,0,-1.0,0,0,0,639,359
4623,55746,55744701,11109,250,-1,-1,1,554,89.9,0,-1.0,0,0,0,639,359
4624,55757,55755807,11106,250,-1,-1,1,526,90.0,0,-1.0,0,0,0,639,359
4625,55768,55766914,11107,250,-1,-1,1,526,90.0,0,-1.0,0,0,0,639,359
4626,55779,55778025,11111,250,-1,-1,1,527,90.1,0,-1.0,0,0,0,639,359
4627,55790,55789135,11110,250,-1,-1,1,528,90.1,1,-1.0,0,0,0,639,359
4628,55801,55800248,11113,250,-1,-1,1,533,89.8,0,-1.0,0,0,0,639,359
4629,55812,55811356,11108,250,-1,-1,1,530,89.8,0,-1.0,0,0,0,639,359
4630,55823,55822462,11106,250,-1,-1,1,630,89.9,0,-1.0,0,0,0,639,359
4631,55834,55833572,11110,250,-1,-1,1,545,89.9,0,-1.0,0,0,0,639,359
4632,55846,55844689,11117,250,-1,-1,1,525,90.0,0,-1.0,0,0,0,639,359
4633,55857,55855787,11098,250,-1,-1,1,525,90.0,0,-1.0,0,0,0,639,359
4634,55868,55866897,11110,250,-1,-1,1,524,90.0,0,-1.0,0,0,0,639,359
4635,55879,55878007,11110,250,-1,-1,1,528,90.1,0,-1.0,0,0,0,639,359
4636,55890,55889116,11109,250,-1,-1,1,525,90.1,1,-1.0,0,0,0,639,359
4637,55901,55900229,11113,250,-1,-1,1,539,89.9,0,-1.0,0,0,0,639,359
4638,55912,55911343,11114,250,-1,-1,1,534,89.9,0,-1.0,0,0,0,639,359
4639,55923,55922446,11103,250,-1,-1,1,624,89.9,0,-1.0,0,0,0,639,359
4640,55934,55933554,11108,250,-1,-1,1,531,89.9,0,-1.0,0,0,0,639,359
4641,55946,55944667,11113,250,-1,-1,1,554,90.0,0,-1.0,0,0,0,639,359
4642,55957,55955775,11108,250,-1,-1,1,527,90.0,0,-1.0,0,0,0,639,359
4643,55968,55966879,11104,250,-1,-1,1,523,90.0,0,-1.0,0,0,0,639,359
4644,55979,55977995,11116,250,-1,-1,1,524,90.0,0,-1.0,0,0,0,639,359
4645,55990,55989098,11103,250,-1,-1,1,524,90.1,1,-1.0,0,0,0,639,359
4646,56001,56000215,11117,250,-1,-1,1,545,89.9,0,-1.0,0,0,0,639,359
4647,56012,56011321,11106,250,-1,-1,1,545,89.9,0,-1.0,0,0,0,639,359
4648,56023,56022427,11106,250,-1,-1,1,624,89.9,0,-1.0,0,0,0,639,359
4649,56034,56033538,11111,250,-1,-1,1,526,90.0,0,-1.0,0,0,0,639,359
4650,56045,56044649,11111,250,-1,-1,1,627,90.0,0,-1.0,0,0,0,639,359
4651,56057,56055756,11107,250,-1,-1,1,525,90.0,0,-1.0,0,0,0,639,359
4652,56068,56066864,11108,250,-1,-1,1,526,90.0,0,-1.0,0,0,0,639,359
4653,56079,56077971,11107,250,-1,-1,1,527,90.0,0,-1.0,0,0,0,639,359
4654,56090,56089085,11114,250,-1,-1,1,525,90.1,1,-1.0,0,0,0,639,359
4655,56101,56100199,11114,250,-1,-1,1,544,89.9,0,-1.0,0,0,0,639,359
4656,56112,56111305,11106,250,-1,-1,1,545,89.9,0,-1.0,0,0,0,639,359
4657,56123,56122413,11108,250,-1,-1,1,625,89.9,0,-1.0,0,0,0,639,359
4658,56134,56133523,11110,250,-1,-1,1,527,90.0,0,-1.0,0,0,0,639,359
4659,56145,56144635,11112,250,-1,-1,1,556,90.0,0,-1.0,0,0,0,639,359
4660,56157,56155741,11106,250,-1,-1,1,525,90.0,0,-1.0,0,0,0,639,359
4661,56168,56166845,11104,250,-1,-1,1,527,90.0,0,-1.0,0,0,0,639,359
4662,56179,56177956,11111,250,-1,-1,1,529,90.0,0,-1.0,0,0,0,639,359
4663,56190,56189062,11106,250,-1,-1,1,526,90.0,1,-1.0,0,0,0,639,359
4664,56201,56200179,11117,250,-1,-1,1,530,89.9,0,-1.0,0,0,0,639,359
4665,56212,56211287,11108,250,-1,-1,1,546,89.9,0,-1.0,0,0,0,639,359
4666,56223,56222397,11110,250,-1,-1,1,627,90.0,0,-1.0,0,0,0,639,359
4667,56234,56233503,11106,250,-1,-1,1,525,90.0,0,-1.0,0,0,0,639,359
4668,56245,56244616,11113,250,-1,-1,1,525,90.0,0,-1.0,0,0,0,639,359
4669,56257,56255722,11106,250,-1,-1,1,525,90.0,0,-1.0,0,0,0,639,359
4670,56268,56266834,11112,250,-1,-1,1,524,90.0,0,-1.0,0,0,0,639,359
4671,56279,56277938,11104,250,-1,-1,1,526,90.0,0,-1.0,0,0,0,639,359
4672,56290,56289048,11110,250,-1,-1,1,527,90.0,1,-1.0,0,0,0,639,359
4673,56301,56300158,11110,250,-1,-1,1,540,89.9,0,-1.0,0,0,0,639,359
4674,56312,56311271,11113,250,-1,-1,1,534,89.9,0,-1.0,0,0,0,639,359
4675,56323,56322376,11105,250,-1,-1,1,625,90.0,0,-1.0,0,0,0,639,359
4676,56334,56333489,11113,250,-1,-1,1,633,90.0,0,-1.0,0,0,0,639,359
4677,56346,56344594,11105,250,-1,-1,1,525,90.0,0,-1.0,0,0,0,639,359
4678,56357,56355702,11108,250,-1,-1,1,528,90.0,0,-1.0,0,0,0,639,359
4679,56368,56366809,11107,250,-1,-1,1,525,90.0,0,-1.0,0,0,0,639,359
4680,56505,56377919,11110,250,-1,-1,1,582,78.0,0,-1.0,0,0,0,639,359
4681,56506,56500106,122187,250,-1,-1,1,523,78.9,1,-1.0,0,0,0,639,359
4682,56512,56511249,11143,250,-1,-1,1,527,79.5,0,-1.0,0,0,0,639,359
4683,56523,56522344,11095,250,-1,-1,1,628,79.6,0,-1.0,0,0,0,639,359
4684,56534,56533458,11114,250,-1,-1,1,545,79.8,0,-1.0,0,0,0,639,359
4685,56545,56544566,11108,250,-1,-1,1,546,79.9,0,-1.0,0,0,0,639,359
4686,56557,56555668,11102,250,-1,-1,1,634,80.0,0,-1.0,0,0,0,639,359
4687,56588,56577884,22216,250,-1,-1,1,2093,30.3,0,-1.0,0,0,0,639,359
4688,56590,56589014,11130,250,-1,-1,1,522,58.8,0,-1.0,0,0,0,639,359
4689,56601,56600109,11095,250,-1,-1,1,526,68.2,0,-1.0,0,0,0,639,359
4690,56612,56611213,11104,250,-1,-1,1,527,71.4,1,-1.0,0,0,0,639,359
4691,56623,56622328,11115,250,-1,-1,1,528,74.6,0,-1.0,0,0,0,639,359
4692,56634,56633437,11109,250,-1,-1,1,546,76.9,0,-1.0,0,0,0,639,359
4693,56645,56644549,11112,250,-1,-1,1,631,78.7,0,-1.0,0,0,0,639,359
4694,56657,56655654,11105,250,-1,-1,1,525,80.0,0,-1.0,0,0,0,639,359
4695,56668,56666765,11111,250,-1,-1,1,648,81.1,0,-1.0,0,0,0,639,359
4696,56679,56677874,11109,250,-1,-1,1,526,82.0,0,-1.0,0,0,0,639,359
4697,56690,56688981,11107,250,-1,-1,1,526,82.7,0,-1.0,0,0,0,639,359
4698,56701,56700088,11107,250,-1,-1,1,528,83.3,0,-1.0,0,0,0,639,359
4699,56712,56711200,11112,250,-1,-1,1,526,83.3,1,-1.0,0,0,0,639,359
4700,56723,56722309,11109,250,-1,-1,1,531,83.8,0,-1.0,0,0,0,639,359
4701,56734,56733420,11111,250,-1,-1,1,547,84.3,0,-1.0,0,0,0,639,359
4702,56745,56744527,11107,250,-1,-1,1,628,84.7,0,-1.0,0,0,0,639,359
4703,56756,56755638,11111,250,-1,-1,1,523,85.0,0,-1.0,0,0,0,639,359
4704,56768,56766746,11108,250,-1,-1,1,590,85.3,0,-1.0,0,0,0,639,359
4705,56779,56777856,11110,250,-1,-1,1,524,85.6,0,-1.0,0,0,0,639,359
4706,56790,56788959,11103,250,-1,-1,1,525,85.8,0,-1.0,0,0,0,639,359
4707,56801,56800074,11115,250,-1,-1,1,526,86.1,0,-1.0,0,0,0,639,359
4708,56812,56811179,11105,250,-1,-1,1,526,85.9,1,-1.0,0,0,0,639,359
4709,56823,56822298,11119,250,-1,-1,1,540,86.1,0,-1.0,0,0,0,639,359
4710,56834,56833403,11105,250,-1,-1,1,535,86.3,0,-1.0,0,0,0,639,359
4711,56845,56844512,11109,250,-1,-1,1,631,86.5,0,-1.0,0,0,0,639,359
4712,56856,56855618,11106,250,-1,-1,1,525,86.7,0,-1.0,0,0,0,639,359
4713,56868,56866733,11115,250,-1,-1,1,590,86.8,0,-1.0,0,0,0,639,359
4714,56879,56877838,11105,250,-1,-1,1,526,87.0,0,-1.0,0,0,0,639,359
4715,56890,56888948,11110,250,-1,-1,1,523,87.1,0,-1.0,0,0,0,639,359
4716,56901,56900054,11106,250,-1,-1,1,524,87.2,0,-1.0,0,0,0,639,359
4717,56912,56911164,11110,250,-1,-1,1,526,87.1,1,-1.0,0,0,0,639,359
4718,56923,56922276,11112,250,-1,-1,1,546,87.2,0,-1.0,0,0,0,639,359
4719,56934,56933386,11110,250,-1,-1,1,538,87.3,0,-1.0,0,0,0,639,359
4720,56945,56944493,11107,250,-1,-1,1,634,87.4,0,-1.0,0,0,0,639,359
4721,56956,56955604,11111,250,-1,-1,1,525,87.5,0,-1.0,0,0,0,639,359
4722,56968,56966712,11108,250,-1,-1,1,592,87.6,0,-1.0,0,0,0,639,359
4723,56979,56977823,11111,250,-1,-1,1,528,87.7,0,-1.0,0,0,0,639,359
4724,56990,56988925,11102,250,-1,-1,1,524,87.8,0,-1.0,0,0,0,639,359
4725,57001,57000040,11115,250,-1,-1,1,526,87.8,0,-1.0,0,0,0,639,359
4726,57012,57011147,11107,250,-1,-1,1,525,87.9,1,-1.0,0,0,0,639,359
4727,57023,57022265,11118,250,-1,-1,1,544,87.8,0,-1.0,0,0,0,639,359
4728,57034,57033366,11101,250,-1,-1,1,547,87.9,0,-1.0,0,0,0,639,359
4729,57045,57044480,11114,250,-1,-1,1,632,87.9,0,-1.0,0,0,0,639,359
4730,57056,57055584,11104,250,-1,-1,1,524,88.0,0,-1.0,0,0,0,639,359
4731,57068,57066695,11111,250,-1,-1,1,625,88.1,0,-1.0,0,0,0,639,359
4732,57079,57077802,11107,250,-1,-1,1,524,88.1,0,-1.0,0,0,0,639,359
4733,57090,57088912,11110,250,-1,-1,1,529,88.2,0,-1.0,0,0,0,639,359
4734,57101,57100023,11111,250,-1,-1,1,526,88.2,0,-1.0,0,0,0,639,359
4735,57112,57111130,11107,250,-1,-1,1,526,88.3,1,-1.0,0,0,0,639,359
4736,57123,57122240,11110,250,-1,-1,1,546,88.2,0,-1.0,0,0,0,639,359
4737,57134,57133353,11113,250,-1,-1,1,544,88.2,0,-1.0,0,0,0,639,359
4738,57145,57144461,11108,250,-1,-1,1,632,88.3,0,-1.0,0,0,0,639,359
4739,57156,57155571,11110,250,-1,-1,1,525,88.3,0,-1.0,0,0,0,639,359
4740,57168,57166678,11107,250,-1,-1,1,591,88.4,0,-1.0,0,0,0,639,359
4741,57179,57177789,11111,250,-1,-1,1,526,88.4,0,-1.0,0,0,0,639,359
4742,57190,57188892,11103,250,-1,-1,1,524,88.5,0,-1.0,0,0,0,639,359
4743,57201,57200004,11112,250,-1,-1,1,529,88.5,0,-1.0,0,0,0,639,359
4744,57212,57211110,11106,250,-1,-1,1,526,88.5,1,-1.0,0,0,0,639,359
4745,57223,57222225,11115,250,-1,-1,1,535,88.5,0,-1.0,0,0,0,639,359
4746,57234,57233336,11111,250,-1,-1,1,533,88.5,0,-1.0,0,0,0,639,359
4747,57245,57244446,11110,250,-1,-1,1,632,88.5,0,-1.0,0,0,0,639,359
4748,57256,57255550,11104,250,-1,-1,1,524,88.6,0,-1.0,0,0,0,639,359
4749,57268,57266663,11113,250,-1,-1,1,590,88.6,0,-1.0,0,0,0,639,359
4750,57279,57277766,11103,250,-1,-1,1,526,88.6,0,-1.0,0,0,0,639,359
4751,57290,57288878,11112,250,-1,-1,1,524,88.7,0,-1.0,0,0,0,639,359
4752,57301,57299981,11103,250,-1,-1,1,526,88.7,0,-1.0,0,0,0,639,359
4753,57312,57311096,11115,250,-1,-1,1,523,88.7,1,-1.0,0,0,0,639,359
4754,57323,57322206,11110,250,-1,-1,1,545,88.7,0,-1.0,0,0,0,639,359
4755,57334,57333319,11113,250,-1,-1,1,544,88.7,0,-1.0,0,0,0,639,359
4756,57345,57344424,11105,250,-1,-1,1,629,88.7,0,-1.0,0,0,0,639,359
4757,57357,57355536,11112,250,-1,-1,1,527,88.8,0,-1.0,0,0,0,639,359
4758,57368,57366644,11108,250,-1,-1,1,631,88.8,0,-1.0,0,0,0,639,359
4759,57379,57377751,11107,250,-1,-1,1,526,88.8,0,-1.0,0,0,0,639,359
4760,57390,57388858,11107,250,-1,-1,1,528,88.8,0,-1.0,0,0,0,639,359
4761,57401,57399969,11111,250,-1,-1,1,526,88.9,0,-1.0,0,0,0,639,359
4762,57412,57411080,11111,250,-1,-1,1,525,88.9,1,-1.0,0,0,0,639,359
4763,57423,57422189,11109,250,-1,-1,1,545,88.8,0,-1.0,0,0,0,639,359
4764,57434,57433299,11110,250,-1,-1,1,544,88.8,0,-1.0,0,0,0,639,359
4765,57445,57444411,11112,250,-1,-1,1,631,88.9,0,-1.0,0,0,0,639,359
4766,57456,57455517,11106,250,-1,-1,1,526,88.9,0,-1.0,0,0,0,639,359
4767,57467,57466628,11111,250,-1,-1,1,581,88.9,0,-1.0,0,0,0,639,359
4768,57479,57477733,11105,250,-1,-1,1,526,88.9,0,-1.0,0,0,0,639,359
4769,57490,57488843,11110,250,-1,-1,1,528,89.0,0,-1.0,0,0,0,639,359
4770,57581,57499950,11107,250,-1,-1,1,608,82.0,0,-1.0,0,0,0,639,359
4771,57643,57633255,133305,250,-1,-1,1,758,16.4,1,-1.0,0,0,0,639,359
4772,57646,57644361,11106,250,-1,-1,1,524,31.2,0,-1.0,0,0,0,639,359
4773,57656,57655485,11124,250,-1,-1,1,546,40.0,0,-1.0,0,0,0,639,359
4774,57667,57666597,11112,250,-1,-1,1,604,46.5,0,-1.0,0,0,0,639,359
4775,57679,57677701,11104,250,-1,-1,1,523,51.5,0,-1.0,0,0,0,639,359
4776,57690,57688815,11114,250,-1,-1,1,631,55.6,0,-1.0,0,0,0,639,359
4777,57701,57699921,11106,250,-1,-1,1,527,58.8,0,-1.0,0,0,0,639,359
4778,57712,57711028,11107,250,-1,-1,1,528,61.5,0,-1.0,0,0,0,639,359
4779,57723,57722133,11105,250,-1,-1,1,527,63.8,0,-1.0,0,0,0,639,359
4780,57734,57733244,11111,250,-1,-1,1,527,65.4,1,-1.0,0,0,0,639,359
4781,57745,57744360,11116,250,-1,-1,1,530,67.1,0,-1.0,0,0,0,639,359
4782,57756,57755471,11111,250,-1,-1,1,529,68.6,0,-1.0,0,0,0,639,359
4783,57767,57766578,11107,250,-1,-1,1,632,69.9,0,-1.0,0,0,0,639,359
4784,57779,57777683,11105,250,-1,-1,1,526,71.1,0,-1.0,0,0,0,639,359
4785,57790,57788797,11114,250,-1,-1,1,587,72.1,0,-1.0,0,0,0,639,359
4786,57801,57799905,11108,250,-1,-1,1,524,73.1,0,-1.0,0,0,0,639,359
4787,57812,57811010,11105,250,-1,-1,1,525,73.9,0,-1.0,0,0,0,639,359
4788,57823,57822122,11112,250,-1,-1,1,525,74.7,0,-1.0,0,0,0,639,359
4789,57834,57833226,11104,250,-1,-1,1,529,75.1,1,-1.0,0,0,0,639,359
4790,57845,57844340,11114,250,-1,-1,1,544,75.8,0,-1.0,0,0,0,639,359
4791,57856,57855450,11110,250,-1,-1,1,540,76.4,0,-1.0,0,0,0,639,359
4792,57867,57866559,11109,250,-1,-1,1,629,76.9,0,-1.0,0,0,0,639,359
4793,57878,57877666,11107,250,-1,-1,1,529,77.4,0,-1.0,0,0,0,639,359
4794,57890,57888777,11111,250,-1,-1,1,630,77.9,0,-1.0,0,0,0,639,359
4795,57901,57899883,11106,250,-1,-1,1,526,78.4,0,-1.0,0,0,0,639,359
4796,57912,57910993,11110,250,-1,-1,1,526,78.8,0,-1.0,0,0,0,639,359
4797,57923,57922102,11109,250,-1,-1,1,524,79.2,0,-1.0,0,0,0,639,359
4798,57934,57933210,11108,250,-1,-1,1,525,79.3,1,-1.0,0,0,0,639,359
4799,57945,57944323,11113,250,-1,-1,1,545,79.7,0,-1.0,0,0,0,639,359
4800,57956,57955438,11115,250,-1,-1,1,544,80.0,0,-1.0,0,0,0,639,359
4801,57967,57966536,11098,250,-1,-1,1,527,80.3,0,-1.0,0,0,0,639,359
4802,57978,57977654,11118,250,-1,-1,1,526,80.6,0,-1.0,0,0,0,639,359
4803,57990,57988759,11105,250,-1,-1,1,628,80.9,0,-1.0,0,0,0,639,359
4804,58001,57999871,11112,250,-1,-1,1,633,81.1,0,-1.0,0,0,0,639,359
4805,58012,58010978,11107,250,-1,-1,1,525,81.4,0,-1.0,0,0,0,639,359
4806,58023,58022086,11108,250,-1,-1,1,528,81.6,0,-1.0,0,0,0,639,359
4807,58034,58033194,11108,250,-1,-1,1,526,81.7,1,-1.0,0,0,0,639,359
4808,58045,58044305,11111,250,-1,-1,1,544,81.9,0,-1.0,0,0,0,639,359
4809,58056,58055417,11112,250,-1,-1,1,545,82.1,0,-1.0,0,0,0,639,359
4810,58067,58066530,11113,250,-1,-1,1,632,82.3,0,-1.0,0,0,0,639,359
4811,58078,58077632,11102,250,-1,-1,1,524,82.5,0,-1.0,0,0,0,639,359
4812,58090,58088743,11111,250,-1,-1,1,633,82.7,0,-1.0,0,0,0,639,359
4813,58101,58099848,11105,250,-1,-1,1,526,82.9,0,-1.0,0,0,0,639,359
4814,58112,58110960,11112,250,-1,-1,1,525,83.0,0,-1.0,0,0,0,639,359
4815,58123,58122066,11106,250,-1,-1,1,525,83.2,0,-1.0,0,0,0,639,359
4816,58134,58133176,11110,250,-1,-1,1,527,83.2,1,-1.0,0,0,0,639,359
4817,58145,58144289,11113,250,-1,-1,1,538,83.3,0,-1.0,0,0,0,639,359
4818,58156,58155400,11111,250,-1,-1,1,535,83.5,0,-1.0,0,0,0,639,359
4819,58167,58166508,11108,250,-1,-1,1,632,83.6,0,-1.0,0,0,0,639,359
4820,58178,58177616,11108,250,-1,-1,1,525,83.8,0,-1.0,0,0,0,639,359
4821,58190,58188723,11107,250,-1,-1,1,632,83.9,0,-1.0,0,0,0,639,359
4822,58201,58199837,11114,250,-1,-1,1,528,84.0,0,-1.0,0,0,0,639,359
4823,58212,58210939,11102,250,-1,-1,1,525,84.1,0,-1.0,0,0,0,639,359
4824,58223,58222054,11115,250,-1,-1,1,525,84.2,0,-1.0,0,0,0,639,359
4825,58234,58233161,11107,250,-1,-1,1,525,84.2,1,-1.0,0,0,0,639,359
4826,58245,58244273,11112,250,-1,-1,1,546,84.3,0,-1.0,0,0,0,639,359
4827,58256,58255383,11110,250,-1,-1,1,545,84.4,0,-1.0,0,0,0,639,359
4828,58267,58266495,11112,250,-1,-1,1,634,84.5,0,-1.0,0,0,0,639,359
4829,58278,58277600,11105,250,-1,-1,1,525,84.6,0,-1.0,0,0,0,639,359
4830,58290,58288709,11109,250,-1,-1,1,636,84.7,0,-1.0,0,0,0,639,359
4831,58301,58299817,11108,250,-1,-1,1,527,84.8,0,-1.0,0,0,0,639,359
4832,58312,58310921,11104,250,-1,-1,1,529,84.9,0,-1.0,0,0,0,639,359
4833,58323,58322032,11111,250,-1,-1,1,525,85.0,0,-1.0,0,0,0,639,359
4834,58334,58333143,11111,250,-1,-1,1,526,85.1,1,-1.0,0,0,0,639,359
4835,58345,58344255,11112,250,-1,-1,1,545,85.1,0,-1.0,0,0,0,639,359
4836,58356,58355367,11112,250,-1,-1,1,547,85.2,0,-1.0,0,0,0,639,359
4837,58367,58366475,11108,250,-1,-1,1,632,85.2,0,-1.0,0,0,0,639,359
4838,58378,58377582,11107,250,-1,-1,1,529,85.3,0,-1.0,0,0,0,639,359
4839,58390,58388689,11107,250,-1,-1,1,632,85.4,0,-1.0,0,0,0,639,359
4840,58401,58399800,11111,250,-1,-1,1,525,85.5,0,-1.0,0,0,0,639,359
4841,58412,58410907,11107,250,-1,-1,1,527,85.5,0,-1.0,0,0,0,639,359
4842,58423,58422016,11109,250,-1,-1,1,527,85.6,0,-1.0,0,0,0,639,359
4843,58434,58433124,11108,250,-1,-1,1,523,85.7,1,-1.0,0,0,0,639,359
4844,58445,58444240,11116,250,-1,-1,1,546,85.6,0,-1.0,0,0,0,639,359
4845,58456,58455352,11112,250,-1,-1,1,546,85.7,0,-1.0,0,0,0,639,359
4846,58467,58466457,11105,250,-1,-1,1,634,85.8,0,-1.0,0,0,0,639,359
4847,58479,58477566,11109,250,-1,-1,1,526,85.8,0,-1.0,0,0,0,639,359
4848,58490,58488673,11107,250,-1,-1,1,635,85.9,0,-1.0,0,0,0,639,359
4849,58501,58499779,11106,250,-1,-1,1,526,86.0,0,-1.0,0,0,0,639,359
4850,58512,58510889,11110,250,-1,-1,1,527,86.0,0,-1.0,0,0,0,639,359
4851,58523,58521999,11110,250,-1,-1,1,528,86.1,0,-1.0,0,0,0,639,359
4852,58534,58533110,11111,250,-1,-1,1,525,86.1,1,-1.0,0,0,0,639,359
4853,58545,58544220,11110,250,-1,-1,1,527,86.1,0,-1.0,0,0,0,639,359
4854,58556,58555328,11108,250,-1,-1,1,632,86.2,0,-1.0,0,0,0,639,359
4855,58567,58566438,11110,250,-1,-1,1,525,86.2,0,-1.0,0,0,0,639,359
4856,58578,58577550,11112,250,-1,-1,1,631,86.3,0,-1.0,0,0,0,639,359
4857,58589,58588658,11108,250,-1,-1,1,526,86.3,0,-1.0,0,0,0,639,359
4858,58601,58599769,11111,250,-1,-1,1,525,90.9,0,-1.0,0,0,0,639,359
4859,58612,58610871,11102,250,-1,-1,1,525,90.9,0,-1.0,0,0,0,639,359
4860,58703,58621982,11111,250,-1,-1,1,608,26.3,0,-1.0,0,0,0,639,359
4861,58704,58699732,77750,250,-1,-1,1,598,34.8,1,-1.0,0,0,0,639,359
4862,58712,58710864,11132,250,-1,-1,1,628,41.0,0,-1.0,0,0,0,639,359
4863,58723,58721964,11100,250,-1,-1,1,525,45.1,0,-1.0,0,0,0,639,359
4864,58734,58733079,11115,250,-1,-1,1,525,48.6,0,-1.0,0,0,0,639,359
4865,58746,58744181,11102,250,-1,-1,1,524,51.3,0,-1.0,0,0,0,639,359
4866,58756,58755295,11114,250,-1,-1,1,632,53.9,0,-1.0,0,0,0,639,359
4867,58767,58766398,11103,250,-1,-1,1,528,56.2,0,-1.0,0,0,0,639,359
4868,58778,58777514,11116,250,-1,-1,1,542,58.2,0,-1.0,0,0,0,639,359
4869,58790,58788621,11107,250,-1,-1,1,562,59.7,0,-1.0,0,0,0,639,359
4870,58801,58799733,11112,250,-1,-1,1,526,61.6,1,-1.0,0,0,0,639,359
4871,58812,58810839,11106,250,-1,-1,1,634,63.1,0,-1.0,0,0,0,639,359
4872,58823,58821947,11108,250,-1,-1,1,532,64.4,0,-1.0,0,0,0,639,359
4873,58834,58833063,11116,250,-1,-1,1,544,65.6,0,-1.0,0,0,0,639,359
4874,58845,58844171,11108,250,-1,-1,1,632,66.4,0,-1.0,0,0,0,639,359
4875,58856,58855280,11109,250,-1,-1,1,526,67.4,0,-1.0,0,0,0,639,359
4876,58867,58866391,11111,250,-1,-1,1,633,68.3,0,-1.0,0,0,0,639,359
4877,58878,58877497,11106,250,-1,-1,1,526,69.2,0,-1.0,0,0,0,639,359
4878,58889,58888603,11106,250,-1,-1,1,525,70.0,0,-1.0,0,0,0,639,359
4879,58901,58899710,11107,250,-1,-1,1,533,70.7,1,-1.0,0,0,0,639,359
4880,58912,58910828,11118,250,-1,-1,1,542,71.4,0,-1.0,0,0,0,639,359
4881,58923,58921932,11104,250,-1,-1,1,535,72.1,0,-1.0,0,0,0,639,359
4882,58934,58933044,11112,250,-1,-1,1,633,72.5,0,-1.0,0,0,0,639,359
4883,58945,58944151,11107,250,-1,-1,1,523,73.0,0,-1.0,0,0,0,639,359
4884,58956,58955265,11114,250,-1,-1,1,628,73.6,0,-1.0,0,0,0,639,359
4885,58967,58966366,11101,250,-1,-1,1,525,74.1,0,-1.0,0,0,0,639,359
4886,58978,58977482,11116,250,-1,-1,1,525,74.6,0,-1.0,0,0,0,639,359
4887,58989,58988589,11107,250,-1,-1,1,524,75.0,0,-1.0,0,0,0,639,359
4888,59001,58999697,11108,250,-1,-1,1,524,75.4,1,-1.0,0,0,0,639,359
4889,59012,59010806,11109,250,-1,-1,1,543,75.8,0,-1.0,0,0,0,639,359
4890,59023,59021919,11113,250,-1,-1,1,546,76.2,0,-1.0,0,0,0,639,359
4891,59034,59033022,11103,250,-1,-1,1,634,76.4,0,-1.0,0,0,0,639,359
4892,59045,59044135,11113,250,-1,-1,1,524,76.9,0,-1.0,0,0,0,639,359
4893,59056,59055244,11109,250,-1,-1,1,633,77.1,0,-1.0,0,0,0,639,359
4894,59067,59066352,11108,250,-1,-1,1,526,77.4,0,-1.0,0,0,0,639,359
4895,59078,59077462,11110,250,-1,-1,1,527,77.7,0,-1.0,0,0,0,639,359
4896,59089,59088569,11107,250,-1,-1,1,530,78.0,0,-1.0,0,0,0,639,359
4897,59100,59099674,11105,250,-1,-1,1,524,78.3,1,-1.0,0,0,0,639,359
4898,59112,59110791,11117,250,-1,-1,1,543,78.5,0,-1.0,0,0,0,639,359
4899,59123,59121901,11110,250,-1,-1,1,547,78.8,0,-1.0,0,0,0,639,359
4900,59134,59133013,11112,250,-1,-1,1,631,78.9,0,-1.0,0,0,0,639,359
4901,59145,59144117,11104,250,-1,-1,1,524,79.3,0,-1.0,0,0,0,639,359
4902,59156,59155226,11109,250,-1,-1,1,635,79.4,0,-1.0,0,0,0,639,359
4903,59167,59166331,11105,250,-1,-1,1,528,79.6,0,-1.0,0,0,0,639,359
4904,59178,59177444,11113,250,-1,-1,1,528,79.8,0,-1.0,0,0,0,639,359
4905,59189,59188550,11106,250,-1,-1,1,525,80.0,0,-1.0,0,0,0,639,359
4906,59200,59199661,11111,250,-1,-1,1,528,80.2,1,-1.0,0,0,0,639,359
4907,59212,59210773,11112,250,-1,-1,1,547,80.4,0,-1.0,0,0,0,639,359
4908,59223,59221884,11111,250,-1,-1,1,544,80.6,0,-1.0,0,0,0,639,359
4909,59234,59232994,11110,250,-1,-1,1,629,80.7,0,-1.0,0,0,0,639,359
4910,59245,59244105,11111,250,-1,-1,1,525,80.8,0,-1.0,0,0,0,639,359
4911,59256,59255208,11103,250,-1,-1,1,633,81.0,0,-1.0,0,0,0,639,359
4912,59267,59266317,11109,250,-1,-1,1,529,81.1,0,-1.0,0,0,0,639,359
4913,59278,59277424,11107,250,-1,-1,1,524,81.3,0,-1.0,0,0,0,639,359
4914,59289,59288535,11111,250,-1,-1,1,524,81.4,0,-1.0,0,0,0,639,359
4915,59300,59299643,11108,250,-1,-1,1,525,81.6,1,-1.0,0,0,0,639,359
4916,59312,59310758,11115,250,-1,-1,1,530,81.7,0,-1.0,0,0,0,639,359
4917,59323,59321865,11107,250,-1,-1,1,526,81.9,0,-1.0,0,0,0,639,359
4918,59334,59332978,11113,250,-1,-1,1,630,82.0,0,-1.0,0,0,0,639,359
4919,59345,59344085,11107,250,-1,-1,1,526,82.1,0,-1.0,0,0,0,639,359
4920,59356,59355191,11106,250,-1,-1,1,631,82.1,0,-1.0,0,0,0,639,359
4921,59367,59366302,11111,250,-1,-1,1,524,82.3,0,-1.0,0,0,0,639,359
4922,59378,59377411,11109,250,-1,-1,1,526,82.4,0,-1.0,0,0,0,639,359
4923,59389,59388517,11106,250,-1,-1,1,528,82.5,0,-1.0,0,0,0,639,359
4924,59400,59399626,11109,250,-1,-1,1,527,82.6,1,-1.0,0,0,0,639,359
4925,59412,59410736,11110,250,-1,-1,1,536,82.7,0,-1.0,0,0,0,639,359
4926,59423,59421849,11113,250,-1,-1,1,527,82.8,0,-1.0,0,0,0,639,359
4927,59434,59432958,11109,250,-1,-1,1,634,82.9,0,-1.0,0,0,0,639,359
4928,59445,59444066,11108,250,-1,-1,1,527,83.0,0,-1.0,0,0,0,639,359
4929,59456,59455171,11105,250,-1,-1,1,627,83.0,0,-1.0,0,0,0,639,359
4930,59467,59466284,11113,250,-1,-1,1,526,83.1,0,-1.0,0,0,0,639,359
4931,59478,59477393,11109,250,-1,-1,1,525,83.2,0,-1.0,0,0,0,639,359
4932,59489,59488501,11108,250,-1,-1,1,525,83.3,0,-1.0,0,0,0,639,359
4933,59500,59499608,11107,250,-1,-1,1,526,83.4,1,-1.0,0,0,0,639,359
4934,59512,59510726,11118,250,-1,-1,1,545,83.5,0,-1.0,0,0,0,639,359
4935,59523,59521833,11107,250,-1,-1,1,527,83.6,0,-1.0,0,0,0,639,359
4936,59534,59532944,11111,250,-1,-1,1,633,83.7,0,-1.0,0,0,0,639,359
4937,59545,59544046,11102,250,-1,-1,1,526,83.8,0,-1.0,0,0,0,639,359
4938,59556,59555153,11107,250,-1,-1,1,633,83.8,0,-1.0,0,0,0,639,359
4939,59567,59566263,11110,250,-1,-1,1,526,83.8,0,-1.0,0,0,0,639,359
4940,59578,59577376,11113,250,-1,-1,1,524,83.9,0,-1.0,0,0,0,639,359
4941,59589,59588481,11105,250,-1,-1,1,525,84.0,0,-1.0,0,0,0,639,359
4942,59604,59599596,11115,250,-1,-1,1,525,71.4,1,-1.0,0,0,0,639,359
4943,59612,59610706,11110,250,-1,-1,1,547,90.9,0,-1.0,0,0,0,639,359
4944,59623,59621817,11111,250,-1,-1,1,543,90.9,0,-1.0,0,0,0,639,359
4945,59634,59632922,11105,250,-1,-1,1,629,90.9,0,-1.0,0,0,0,639,359
4946,59645,59644031,11109,250,-1,-1,1,525,90.9,0,-1.0,0,0,0,639,359
4947,59656,59655138,11107,250,-1,-1,1,553,89.6,0,-1.0,0,0,0,639,359
4948,59667,59666248,11110,250,-1,-1,1,530,89.7,0,-1.0,0,0,0,639,359
4949,59678,59677357,11109,250,-1,-1,1,526,89.9,0,-1.0,0,0,0,639,359
4950,59771,59688466,11109,250,-1,-1,1,607,49.7,0,-1.0,0,0,0,639,359
4951,59772,59766214,77748,250,-1,-1,1,619,54.9,1,-1.0,0,0,0,639,359
4952,59778,59777350,11136,250,-1,-1,1,630,58.2,0,-1.0,0,0,0,639,359
4953,59789,59788451,11101,250,-1,-1,1,524,60.0,0,-1.0,0,0,0,639,359
4954,59800,59799561,11110,250,-1,-1,1,533,61.6,0,-1.0,0,0,0,639,359
4955,59812,59810670,11109,250,-1,-1,1,629,63.1,0,-1.0,0,0,0,639,359
4956,59823,59821781,11111,250,-1,-1,1,526,64.4,0,-1.0,0,0,0,639,359
4957,59834,59832885,11104,250,-1,-1,1,547,65.6,0,-1.0,0,0,0,639,359
4958,59845,59844001,11116,250,-1,-1,1,526,66.7,0,-1.0,0,0,0,639,359
4959,59856,59855108,11107,250,-1,-1,1,631,67.4,0,-1.0,0,0,0,639,359
4960,59867,59866216,11108,250,-1,-1,1,633,68.3,1,-1.0,0,0,0,639,359
4961,59879,59877327,11111,250,-1,-1,1,525,69.2,0,-1.0,0,0,0,639,359
4962,59889,59888438,11111,250,-1,-1,1,548,70.0,0,-1.0,0,0,0,639,359
4963,59900,59899542,11104,250,-1,-1,1,545,70.7,0,-1.0,0,0,0,639,359
4964,59912,59910653,11111,250,-1,-1,1,632,71.4,0,-1.0,0,0,0,639,359
4965,59923,59921760,11107,250,-1,-1,1,631,72.1,0,-1.0,0,0,0,639,359
4966,59934,59932875,11115,250,-1,-1,1,602,72.7,0,-1.0,0,0,0,639,359
4967,59945,59943977,11102,250,-1,-1,1,527,73.2,0,-1.0,0,0,0,639,359
4968,59956,59955086,11109,250,-1,-1,1,546,73.8,0,-1.0,0,0,0,639,359
4969,59967,59966195,11109,250,-1,-1,1,525,74.1,1,-1.0,0,0,0,639,359
4970,59978,59977310,11115,250,-1,-1,1,547,74.6,0,-1.0,0,0,0,639,359
4971,59989,59988416,11106,250,-1,-1,1,544,75.0,0,-1.0,0,0,0,639,359
4972,60000,59999532,11116,250,-1,-1,1,634,75.4,0,-1.0,0,0,0,639,359
4973,60011,60010634,11102,250,-1,-1,1,524,75.8,0,-1.0,0,0,0,639,359
4974,60023,60021749,11115,250,-1,-1,1,632,76.2,0,-1.0,0,0,0,639,359
4975,60034,60032856,11107,250,-1,-1,1,524,76.6,0,-1.0,0,0,0,639,359
4976,60045,60043959,11103,250,-1,-1,1,525,76.9,0,-1.0,0,0,0,639,359
4977,60056,60055072,11113,250,-1,-1,1,524,77.3,0,-1.0,0,0,0,639,359
4978,60067,60066180,11108,250,-1,-1,1,529,77.4,1,-1.0,0,0,0,639,359
4979,60078,60077291,11111,250,-1,-1,1,541,77.7,0,-1.0,0,0,0,639,359
4980,60089,60088402,11111,250,-1,-1,1,539,78.0,0,-1.0,0,0,0,639,359
4981,60100,60099507,11105,250,-1,-1,1,633,78.3,0,-1.0,0,0,0,639,359
4982,60111,60110619,11112,250,-1,-1,1,525,78.5,0,-1.0,0,0,0,639,359
4983,60123,60121723,11104,250,-1,-1,1,633,78.8,0,-1.0,0,0,0,639,359
4984,60134,60132836,11113,250,-1,-1,1,525,79.0,0,-1.0,0,0,0,639,359
4985,60145,60143941,11105,250,-1,-1,1,526,79.3,0,-1.0,0,0,0,639,359
4986,60156,60155052,11111,250,-1,-1,1,525,79.5,0,-1.0,0,0,0,639,359
4987,60167,60166163,11111,250,-1,-1,1,525,79.6,1,-1.0,0,0,0,639,359
4988,60178,60177273,11110,250,-1,-1,1,548,79.8,0,-1.0,0,0,0,639,359
4989,60189,60188381,11108,250,-1,-1,1,530,80.0,0,-1.0,0,0,0,639,359
4990,60200,60199495,11114,250,-1,-1,1,633,80.2,0,-1.0,0,0,0,639,359
4991,60212,60210600,11105,250,-1,-1,1,526,80.4,0,-1.0,0,0,0,639,359
4992,60223,60221711,11111,250,-1,-1,1,633,80.6,0,-1.0,0,0,0,639,359
4993,60234,60232819,11108,250,-1,-1,1,524,80.7,0,-1.0,0,0,0,639,359
4994,60245,60243927,11108,250,-1,-1,1,527,80.9,0,-1.0,0,0,0,639,359
4995,60256,60255033,11106,250,-1,-1,1,528,81.1,0,-1.0,0,0,0,639,359
4996,60269,60266144,11111,250,-1,-1,1,527,81.0,1,-1.0,0,0,0,639,359
4997,60278,60277256,11112,250,-1,-1,1,546,81.3,0,-1.0,0,0,0,639,359
4998,60289,60288370,11114,250,-1,-1,1,546,81.4,0,-1.0,0,0,0,639,359
4999,60300,60299473,11103,250,-1,-1,1,631,81.6,0,-1.0,0,0,0,639,359
5000,60311,60310585,11112,250,-1,-1,1,524,81.7,0,-1.0,0,0,0,639,359
5001,60323,60321691,11106,250,-1,-1,1,633,81.9,0,-1.0,0,0,0,639,359
5002,60334,60332801,11110,250,-1,-1,1,528,82.0,0,-1.0,0,0,0,639,359
5003,60345,60343907,11106,250,-1,-1,1,526,82.1,0,-1.0,0,0,0,639,359
5004,60356,60355015,11108,250,-1,-1,1,526,82.2,0,-1.0,0,0,0,639,359
5005,60367,60366126,11111,250,-1,-1,1,527,82.4,1,-1.0,0,0,0,639,359
5006,60378,60377240,11114,250,-1,-1,1,527,82.4,0,-1.0,0,0,0,639,359
5007,60389,60388351,11111,250,-1,-1,1,526,82.5,0,-1.0,0,0,0,639,359
5008,60400,60399459,11108,250,-1,-1,1,629,82.6,0,-1.0,0,0,0,639,359
5009,60411,60410566,11107,250,-1,-1,1,524,82.7,0,-1.0,0,0,0,639,359
5010,60423,60421678,11112,250,-1,-1,1,630,82.8,0,-1.0,0,0,0,639,359
5011,60434,60432784,11106,250,-1,-1,1,526,82.9,0,-1.0,0,0,0,639,359
5012,60445,60443893,11109,250,-1,-1,1,525,83.0,0,-1.0,0,0,0,639,359
5013,60456,60454999,11106,250,-1,-1,1,525,83.1,0,-1.0,0,0,0,639,359
5014,60467,60466110,11111,250,-1,-1,1,528,83.2,1,-1.0,0,0,0,639,359
5015,60478,60477221,11111,250,-1,-1,1,534,83.2,0,-1.0,0,0,0,639,359
5016,60489,60488335,11114,250,-1,-1,1,538,83.3,0,-1.0,0,0,0,639,359
5017,60500,60499437,11102,250,-1,-1,1,629,83.4,0,-1.0,0,0,0,639,359
5018,60512,60510552,11115,250,-1,-1,1,526,83.5,0,-1.0,0,0,0,639,359
5019,60522,60521658,11106,250,-1,-1,1,628,83.6,0,-1.0,0,0,0,639,359
5020,60534,60532770,11112,250,-1,-1,1,525,83.7,0,-1.0,0,0,0,639,359
5021,60545,60543874,11104,250,-1,-1,1,525,83.8,0,-1.0,0,0,0,639,359
5022,60556,60554985,11111,250,-1,-1,1,525,83.9,0,-1.0,0,0,0,639,359
5023,60567,60566092,11107,250,-1,-1,1,525,83.9,1,-1.0,0,0,0,639,359
5024,60578,60577206,11114,250,-1,-1,1,544,83.9,0,-1.0,0,0,0,639,359
5025,60589,60588314,11108,250,-1,-1,1,546,84.0,0,-1.0,0,0,0,639,359
5026,60634,60632735,44421,250,-1,-1,1,528,22.7,0,-1.0,0,0,0,639,359
5027,60645,60643858,11123,250,-1,-1,1,525,36.4,0,-1.0,0,0,0,639,359
5028,60656,60654965,11107,250,-1,-1,1,528,45.5,0,-1.0,0,0,0,639,359
5029,60667,60666078,11113,250,-1,-1,1,526,51.9,0,-1.0,0,0,0,639,359
5030,60678,60677185,11107,250,-1,-1,1,524,56.2,0,-1.0,0,0,0,639,359
5031,60689,60688296,11111,250,-1,-1,1,527,60.0,0,-1.0,0,0,0,639,359
5032,60700,60699402,11106,250,-1,-1,1,526,63.1,1,-1.0,0,0,0,639,359
5033,60711,60710521,11119,250,-1,-1,1,548,65.6,0,-1.0,0,0,0,639,359
5034,60722,60721627,11106,250,-1,-1,1,528,67.7,0,-1.0,0,0,0,639,359
5035,60734,60732733,11106,250,-1,-1,1,628,69.4,0,-1.0,0,0,0,639,359
5036,60745,60743842,11109,250,-1,-1,1,524,71.0,0,-1.0,0,0,0,639,359
5037,60756,60754951,11109,250,-1,-1,1,632,72.3,0,-1.0,0,0,0,639,359
5038,60767,60766060,11109,250,-1,-1,1,527,73.4,0,-1.0,0,0,0,639,359
5039,60778,60777168,11108,250,-1,-1,1,525,74.1,0,-1.0,0,0,0,639,359
5040,60831,60788274,11106,250,-1,-1,1,636,62.0,0,-1.0,0,0,0,639,359
5041,60832,60821592,33318,250,-1,-1,1,2024,65.6,1,-1.0,0,0,0,639,359
5042,60835,60832714,11122,250,-1,-1,1,607,69.4,0,-1.0,0,0,0,639,359
5043,60845,60843829,11115,250,-1,-1,1,525,70.6,0,-1.0,0,0,0,639,359
5044,60856,60854935,11106,250,-1,-1,1,524,71.4,0,-1.0,0,0,0,639,359
5045,60867,60866042,11107,250,-1,-1,1,524,71.9,0,-1.0,0,0,0,639,359
5046,60878,60877151,11109,250,-1,-1,1,635,72.7,0,-1.0,0,0,0,639,359
5047,60889,60888266,11115,250,-1,-1,1,539,73.3,0,-1.0,0,0,0,639,359
5048,60900,60899370,11104,250,-1,-1,1,533,74.0,0,-1.0,0,0,0,639,359
5049,60911,60910484,11114,250,-1,-1,1,632,74.5,0,-1.0,0,0,0,639,359
5050,60922,60921589,11105,250,-1,-1,1,527,75.1,1,-1.0,0,0,0,639,359
5051,60934,60932703,11114,250,-1,-1,1,633,75.6,0,-1.0,0,0,0,639,359
5052,60945,60943803,11100,250,-1,-1,1,546,76.1,0,-1.0,0,0,0,639,359
5053,60956,60954921,11118,250,-1,-1,1,544,76.5,0,-1.0,0,0,0,639,359
5054,60967,60966028,11107,250,-1,-1,1,633,76.7,0,-1.0,0,0,0,639,359
5055,60978,60977141,11113,250,-1,-1,1,524,77.1,0,-1.0,0,0,0,639,359
5056,60989,60988247,11106,250,-1,-1,1,630,77.5,0,-1.0,0,0,0,639,359
5057,61000,60999356,11109,250,-1,-1,1,523,77.9,0,-1.0,0,0,0,639,359
5058,61011,61010460,11104,250,-1,-1,1,525,78.2,0,-1.0,0,0,0,639,359
5059,61022,61021571,11111,250,-1,-1,1,528,78.5,1,-1.0,0,0,0,639,359
5060,61034,61032685,11114,250,-1,-1,1,541,78.8,0,-1.0,0,0,0,639,359
5061,61045,61043788,11103,250,-1,-1,1,535,79.1,0,-1.0,0,0,0,639,359
5062,61056,61054896,11108,250,-1,-1,1,632,79.4,0,-1.0,0,0,0,639,359
5063,61067,61066011,11115,250,-1,-1,1,525,79.7,0,-1.0,0,0,0,639,359
5064,61078,61077117,11106,250,-1,-1,1,605,79.8,0,-1.0,0,0,0,639,359
5065,61089,61088229,11112,250,-1,-1,1,526,80.0,0,-1.0,0,0,0,639,359
5066,61100,61099332,11103,250,-1,-1,1,525,80.2,0,-1.0,0,0,0,639,359
5067,61111,61110445,11113,250,-1,-1,1,525,80.5,0,-1.0,0,0,0,639,359
5068,61122,61121554,11109,250,-1,-1,1,525,80.7,1,-1.0,0,0,0,639,359
5069,61134,61132670,11116,250,-1,-1,1,545,80.9,0,-1.0,0,0,0,639,359
5070,61145,61143775,11105,250,-1,-1,1,545,81.1,0,-1.0,0,0,0,639,359
5071,61156,61154882,11107,250,-1,-1,1,630,81.3,0,-1.0,0,0,0,639,359
5072,61167,61165995,11113,250,-1,-1,1,557,81.3,0,-1.0,0,0,0,639,359
5073,61178,61177105,11110,250,-1,-1,1,647,81.5,0,-1.0,0,0,0,639,359
5074,61189,61188210,11105,250,-1,-1,1,526,81.7,0,-1.0,0,0,0,639,359
5075,61200,61199322,11112,250,-1,-1,1,525,81.8,0,-1.0,0,0,0,639,359
5076,61211,61210427,11105,250,-1,-1,1,525,82.0,0,-1.0,0,0,0,639,359
5077,61222,61221534,11107,250,-1,-1,1,525,82.1,1,-1.0,0,0,0,639,359
5078,61233,61232650,11116,250,-1,-1,1,547,82.3,0,-1.0,0,0,0,639,359
5079,61245,61243760,11110,250,-1,-1,1,547,82.4,0,-1.0,0,0,0,639,359
5080,61256,61254863,11103,250,-1,-1,1,632,82.6,0,-1.0,0,0,0,639,359
5081,61267,61265978,11115,250,-1,-1,1,527,82.7,0,-1.0,0,0,0,639,359
5082,61278,61277084,11106,250,-1,-1,1,648,82.7,0,-1.0,0,0,0,639,359
5083,61289,61288196,11112,250,-1,-1,1,524,82.9,0,-1.0,0,0,0,639,359
5084,61300,61299301,11105,250,-1,-1,1,525,83.0,0,-1.0,0,0,0,639,359
5085,61311,61310412,11111,250,-1,-1,1,526,83.1,0,-1.0,0,0,0,639,359
5086,61322,61321523,11111,250,-1,-1,1,526,83.2,1,-1.0,0,0,0,639,359
5087,61333,61332632,11109,250,-1,-1,1,545,83.3,0,-1.0,0,0,0,639,359
5088,61345,61343739,11107,250,-1,-1,1,545,83.4,0,-1.0,0,0,0,639,359
5089,61356,61354853,11114,250,-1,-1,1,629,83.6,0,-1.0,0,0,0,639,359
5090,61367,61365959,11106,250,-1,-1,1,524,83.7,0,-1.0,0,0,0,639,359
5091,61378,61377071,11112,250,-1,-1,1,631,83.7,0,-1.0,0,0,0,639,359
5092,61389,61388175,11104,250,-1,-1,1,525,83.8,0,-1.0,0,0,0,639,359
5093,61400,61399282,11107,250,-1,-1,1,527,83.8,0,-1.0,0,0,0,639,359
5094,61411,61410393,11111,250,-1,-1,1,528,83.9,0,-1.0,0,0,0,639,359
5095,61422,61421502,11109,250,-1,-1,1,528,84.0,1,-1.0,0,0,0,639,359
5096,61433,61432617,11115,250,-1,-1,1,530,84.1,0,-1.0,0,0,0,639,359
5097,61445,61443726,11109,250,-1,-1,1,529,84.2,0,-1.0,0,0,0,639,359
5098,61456,61454833,11107,250,-1,-1,1,633,84.3,0,-1.0,0,0,0,639,359
5099,61467,61465944,11111,250,-1,-1,1,524,84.4,0,-1.0,0,0,0,639,359
5100,61478,61477051,11107,250,-1,-1,1,635,84.4,0,-1.0,0,0,0,639,359
5101,61489,61488162,11111,250,-1,-1,1,526,84.5,0,-1.0,0,0,0,639,359
5102,61500,61499265,11103,250,-1,-1,1,528,84.5,0,-1.0,0,0,0,639,359
5103,61511,61510376,11111,250,-1,-1,1,526,84.6,0,-1.0,0,0,0,639,359
5104,61522,61521489,11113,250,-1,-1,1,631,84.7,1,-1.0,0,0,0,639,359
5105,61533,61532598,11109,250,-1,-1,1,541,84.7,0,-1.0,0,0,0,639,359
5106,61545,61543708,11110,250,-1,-1,1,536,84.8,0,-1.0,0,0,0,639,359
5107,61556,61554815,11107,250,-1,-1,1,630,84.9,0,-1.0,0,0,0,639,359
5108,61567,61565923,11108,250,-1,-1,1,629,85.0,0,-1.0,0,0,0,639,359
5109,61578,61577035,11112,250,-1,-1,1,529,85.0,0,-1.0,0,0,0,639,359
5110,61589,61588137,11102,250,-1,-1,1,526,85.1,0,-1.0,0,0,0,639,359
5111,61600,61599247,11110,250,-1,-1,1,526,85.1,0,-1.0,0,0,0,639,359
5112,61615,61610361,11114,250,-1,-1,1,525,66.7,0,-1.0,0,0,0,639,359
5113,61622,61621471,11110,250,-1,-1,1,525,90.9,1,-1.0,0,0,0,639,359
5114,61633,61632579,11108,250,-1,-1,1,546,90.9,0,-1.0,0,0,0,639,359
5115,61645,61643692,11113,250,-1,-1,1,555,90.9,0,-1.0,0,0,0,639,359
5116,61656,61654794,11102,250,-1,-1,1,644,90.9,0,-1.0,0,0,0,639,359
5117,61667,61665906,11112,250,135,6,0,537,70.6,0,1.6,1,0,0,639,359
5118,61686,61677015,11109,250,140,9,0,48,82.4,0,1.3,1,117,0,162,45
5119,61689,61688110,11095,250,141,11,0,31,90.9,0,1.3,1,123,0,156,33
5120,61700,61699226,11116,250,146,13,0,32,90.9,0,1.6,1,127,0,162,35
5121,61711,61710333,11107,250,150,13,0,33,90.9,0,1.7,1,132,0,168,36
5122,61722,61721442,11109,250,153,13,0,41,90.9,1,1.7,1,136,0,172,36
5123,61733,61732562,11120,250,156,12,0,34,90.9,0,1.8,1,139,0,175,36
5124,61744,61743663,11101,250,158,10,0,37,90.3,0,1.9,1,141,0,177,36
5125,61756,61754781,11118,250,159,8,0,57,90.3,0,1.9,1,143,0,179,36
5126,61767,61765883,11102,250,-1,-1,1,31,90.4,0,-1.0,1,144,0,180,36
5127,61778,61776997,11114,250,164,6,2,58,90.4,0,2.1,1,145,0,184,39
5128,61789,61788100,11103,250,-1,-1,1,38,90.4,0,-1.0,1,134,0,197,63
5129,61800,61799204,11104,250,-1,-1,1,28,90.5,0,-1.0,1,149,0,189,40
5130,61863,61810311,11107,250,-1,-1,1,31,62.5,0,-1.0,2,160,0,208,48
5131,61905,61899178,88867,250,-1,-1,1,121,65.6,1,-1.0,2,117,0,271,154
5132,61911,61910317,11139,250,-1,-1,1,197,67.7,0,-1.0,2,100,0,290,190
5133,61922,61921418,11101,250,-1,-1,1,548,68.3,0,-1.0,2,0,0,639,359
5134,61933,61932531,11113,250,-1,-1,1,542,69.1,0,-1.0,2,0,0,639,359
5135,61944,61943635,11104,250,-1,-1,1,628,69.8,0,-1.0,2,0,0,639,359
5136,61956,61954745,11110,250,-1,-1,1,527,70.4,0,-1.0,2,0,0,639,359
5137,61967,61965852,11107,250,-1,-1,1,630,71.0,0,-1.0,2,0,0,639,359
5138,61978,61976960,11108,250,-1,-1,1,526,71.6,0,-1.0,2,0,0,639,359
5139,61989,61988069,11109,250,-1,-1,1,528,72.2,0,-1.0,2,0,0,639,359
5140,62000,61999182,11113,250,-1,-1,1,540,72.5,1,-1.0,2,0,0,639,359
5141,62011,62010292,11110,250,-1,-1,1,546,73.0,0,-1.0,2,0,0,639,359
5142,62022,62021404,11112,250,-1,-1,1,546,73.5,0,-1.0,2,0,0,639,359
5143,62033,62032510,11106,250,-1,-1,1,632,73.9,0,-1.0,2,0,0,639,359
5144,62044,62043623,11113,250,-1,-1,1,527,74.3,0,-1.0,2,0,0,639,359
5145,62056,62054727,11104,250,-1,-1,1,630,74.7,0,-1.0,2,0,0,639,359
5146,62067,62065840,11113,250,-1,-1,1,529,75.1,0,-1.0,2,0,0,639,359
5147,62078,62076940,11100,250,-1,-1,1,527,75.5,0,-1.0,2,0,0,639,359
5148,62089,62088056,11116,250,-1,-1,1,528,75.8,0,-1.0,2,0,0,639,359
5149,62100,62099160,11104,250,-1,-1,1,525,76.0,1,-1.0,2,0,0,639,359
5150,62111,62110277,11117,250,-1,-1,1,546,76.3,0,-1.0,2,0,0,639,359
5151,62122,62121384,11107,250,-1,-1,1,527,76.6,0,-1.0,2,0,0,639,359
5152,62133,62132549,11165,250,-1,-1,1,631,76.9,0,-1.0,2,0,0,639,359
5153,62144,62143600,11051,250,-1,-1,1,524,77.2,0,-1.0,2,0,0,639,359
5154,62156,62154712,11112,250,-1,-1,1,634,77.5,0,-1.0,2,0,0,639,359
5155,62167,62165817,11105,250,-1,-1,1,525,77.7,0,-1.0,2,0,0,639,359
5156,62178,62176930,11113,250,-1,-1,1,525,78.0,0,-1.0,2,0,0,639,359
5157,62189,62188035,11105,250,-1,-1,1,528,78.2,0,-1.0,2,0,0,639,359
5158,62200,62199144,11109,250,-1,-1,1,526,78.5,1,-1.0,2,0,0,639,359
5159,62211,62210258,11114,250,-1,-1,1,536,78.6,0,-1.0,2,0,0,639,359
5160,62222,62221367,11109,250,-1,-1,1,529,78.8,0,-1.0,2,0,0,639,359
5161,62233,62232554,11187,250,-1,-1,1,653,79.0,0,-1.0,2,0,0,639,359
5162,62244,62243584,11030,250,-1,-1,1,525,79.2,0,-1.0,2,0,0,639,359
5163,62256,62254695,11111,250,-1,-1,1,634,78.1,0,-1.0,0,0,0,639,359
5164,62268,62265809,11114,250,-1,-1,1,587,79.5,0,-1.0,0,0,0,639,359
5165,62278,62276914,11105,250,-1,-1,1,525,79.8,0,-1.0,0,0,0,639,359
5166,62289,62288021,11107,250,-1,-1,1,524,79.9,0,-1.0,0,0,0,639,359
5167,62300,62299130,11109,250,-1,-1,1,525,80.1,1,-1.0,0,0,0,639,359
5168,62311,62310243,11113,250,-1,-1,1,546,80.2,0,-1.0,0,0,0,639,359
5169,62322,62321351,11108,250,-1,-1,1,545,80.3,0,-1.0,0,0,0,639,359
5170,62333,62332592,11241,250,-1,-1,1,630,80.5,0,-1.0,0,0,0,639,359
5171,62345,62343567,10975,250,-1,-1,1,524,80.6,0,-1.0,0,0,0,639,359
5172,62356,62354680,11113,250,-1,-1,1,629,80.8,0,-1.0,0,0,0,639,359
5173,62367,62365853,11173,250,-1,-1,1,524,80.9,0,-1.0,0,0,0,639,359
5174,62378,62376891,11038,250,-1,-1,1,525,81.1,0,-1.0,0,0,0,639,359
5175,62389,62387999,11108,250,-1,-1,1,530,81.2,0,-1.0,0,0,0,639,359
5176,62400,62399111,11112,250,-1,-1,1,524,81.4,1,-1.0,0,0,0,639,359
5177,62411,62410225,11114,250,-1,-1,1,544,81.4,0,-1.0,0,0,0,639,359
5178,62422,62421333,11108,250,-1,-1,1,547,81.5,0,-1.0,0,0,0,639,359
5179,62433,62432508,11175,250,-1,-1,1,627,81.6,0,-1.0,0,0,0,639,359
5180,62444,62443551,11043,250,-1,-1,1,526,81.8,0,-1.0,0,0,0,639,359
5181,62455,62454658,11107,250,-1,-1,1,630,81.9,0,-1.0,0,0,0,639,359
5182,62467,62465767,11109,250,-1,-1,1,525,82.0,0,-1.0,0,0,0,639,359
5183,62478,62476873,11106,250,-1,-1,1,527,82.1,0,-1.0,0,0,0,639,359
5184,62489,62487985,11112,250,-1,-1,1,526,82.2,0,-1.0,0,0,0,639,359
5185,62500,62499092,11107,250,-1,-1,1,525,82.3,1,-1.0,0,0,0,639,359
5186,62511,62510211,11119,250,-1,-1,1,546,82.3,0,-1.0,0,0,0,639,359
5187,62522,62521317,11106,250,-1,-1,1,547,82.4,0,-1.0,0,0,0,639,359
5188,62533,62532517,11200,250,-1,-1,1,631,82.5,0,-1.0,0,0,0,639,359
5189,62544,62543532,11015,250,-1,-1,1,524,82.6,0,-1.0,0,0,0,639,359
5190,62555,62554643,11111,250,-1,-1,1,631,82.7,0,-1.0,0,0,0,639,359
5191,62567,62565753,11110,250,-1,-1,1,530,82.8,0,-1.0,0,0,0,639,359
5192,62578,62576861,11108,250,-1,-1,1,524,82.9,0,-1.0,0,0,0,639,359
5193,62589,62587967,11106,250,-1,-1,1,527,83.0,0,-1.0,0,0,0,639,359
5194,62600,62599074,11107,250,-1,-1,1,528,83.1,1,-1.0,0,0,0,639,359
5195,62667,62665723,66649,250,-1,-1,1,524,15.2,0,-1.0,0,0,0,639,359
5196,62678,62676839,11116,250,-1,-1,1,524,26.0,0,-1.0,0,0,0,639,359
5197,62689,62687953,11114,250,-1,-1,1,524,34.1,0,-1.0,0,0,0,639,359
5198,62700,62699059,11106,250,-1,-1,1,525,40.4,0,-1.0,0,0,0,639,359
5199,62711,62710170,11111,250,-1,-1,1,526,45.0,0,-1.0,0,0,0,639,359
5200,62722,62721276,11106,250,-1,-1,1,529,49.2,0,-1.0,0,0,0,639,359
5201,62733,62732387,11111,250,-1,-1,1,524,52.6,0,-1.0,0,0,0,639,359
5202,62744,62743494,11107,250,-1,-1,1,526,55.6,0,-1.0,0,0,0,639,359
5203,62755,62754607,11113,250,-1,-1,1,527,58.1,1,-1.0,0,0,0,639,359
5204,62767,62765718,11111,250,-1,-1,1,527,60.2,0,-1.0,0,0,0,639,359
5205,62778,62776828,11110,250,-1,-1,1,546,62.1,0,-1.0,0,0,0,639,359
5206,62789,62788015,11187,250,-1,-1,1,632,63.8,0,-1.0,0,0,0,639,359
5207,62800,62799044,11029,250,-1,-1,1,526,65.3,0,-1.0,0,0,0,639,359
5208,62811,62810154,11110,250,-1,-1,1,632,66.4,0,-1.0,0,0,0,639,359
5209,62822,62821264,11110,250,-1,-1,1,525,67.6,0,-1.0,0,0,0,639,359
5210,62833,62832370,11106,250,-1,-1,1,524,68.7,0,-1.0,0,0,0,639,359
5211,62844,62843480,11110,250,-1,-1,1,527,69.7,0,-1.0,0,0,0,639,359
5212,62855,62854587,11107,250,-1,-1,1,527,70.6,1,-1.0,0,0,0,639,359
5213,62867,62865702,11115,250,-1,-1,1,538,71.4,0,-1.0,0,0,0,639,359
5214,62878,62876809,11107,250,-1,-1,1,533,72.2,0,-1.0,0,0,0,639,359
5215,62889,62887963,11154,250,-1,-1,1,631,72.9,0,-1.0,0,0,0,639,359
5216,62900,62899029,11066,250,-1,-1,1,526,73.3,0,-1.0,0,0,0,639,359
5217,62911,62910136,11107,250,-1,-1,1,625,74.0,0,-1.0,0,0,0,639,359
5218,62922,62921246,11110,250,-1,-1,1,529,74.5,0,-1.0,0,0,0,639,359
5219,62933,62932355,11109,250,-1,-1,1,526,75.1,0,-1.0,0,0,0,639,359
5220,63005,62943461,11106,250,-1,-1,1,608,64.2,0,-1.0,0,0,0,639,359
5221,63006,62998993,55532,250,-1,-1,1,1179,66.5,1,-1.0,0,0,0,639,359
5222,63011,63010130,11137,250,-1,-1,1,633,68.1,0,-1.0,0,0,0,639,359
5223,63022,63021229,11099,250,-1,-1,1,538,68.7,0,-1.0,0,0,0,639,359
5224,63033,63032336,11107,250,-1,-1,1,526,69.3,0,-1.0,0,0,0,639,359
5225,63044,63043443,11107,250,-1,-1,1,526,69.8,0,-1.0,0,0,0,639,359
5226,63055,63054557,11114,250,-1,-1,1,632,70.3,0,-1.0,0,0,0,639,359
5227,63067,63065668,11111,250,-1,-1,1,545,70.8,0,-1.0,0,0,0,639,359
5228,63078,63076776,11108,250,-1,-1,1,543,71.3,0,-1.0,0,0,0,639,359
5229,63089,63088009,11233,250,-1,-1,1,631,71.7,0,-1.0,0,0,0,639,359
5230,63100,63098995,10986,250,-1,-1,1,526,72.1,1,-1.0,0,0,0,639,359
5231,63111,63110106,11111,250,-1,-1,1,632,72.4,0,-1.0,0,0,0,639,359
5232,63122,63121213,11107,250,-1,-1,1,547,72.8,0,-1.0,0,0,0,639,359
5233,63133,63132322,11109,250,-1,-1,1,539,73.2,0,-1.0,0,0,0,639,359
5234,63144,63143427,11105,250,-1,-1,1,634,73.5,0,-1.0,0,0,0,639,359
5235,63155,63154545,11118,250,-1,-1,1,525,73.9,0,-1.0,0,0,0,639,359
5236,63167,63165648,11103,250,-1,-1,1,634,74.2,0,-1.0,0,0,0,639,359
5237,63178,63176758,11110,250,-1,-1,1,526,74.5,0,-1.0,0,0,0,639,359
5238,63189,63187866,11108,250,-1,-1,1,524,74.8,0,-1.0,0,0,0,639,359
5239,63200,63198975,11109,250,-1,-1,1,525,75.1,1,-1.0,0,0,0,639,359
5240,63211,63210089,11114,250,-1,-1,1,546,75.4,0,-1.0,0,0,0,639,359
5241,63222,63221197,11108,250,-1,-1,1,546,75.6,0,-1.0,0,0,0,639,359
5242,63233,63232386,11189,250,-1,-1,1,628,75.8,0,-1.0,0,0,0,639,359
5243,63244,63243415,11029,250,-1,-1,1,525,76.1,0,-1.0,0,0,0,639,359
5244,63255,63254521,11106,250,-1,-1,1,634,76.3,0,-1.0,0,0,0,639,359
5245,63266,63265635,11114,250,-1,-1,1,527,76.6,0,-1.0,0,0,0,639,359
5246,63278,63276739,11104,250,-1,-1,1,525,76.8,0,-1.0,0,0,0,639,359
5247,63289,63287846,11107,250,-1,-1,1,528,77.0,0,-1.0,0,0,0,639,359
5248,63300,63298954,11108,250,-1,-1,1,528,77.3,1,-1.0,0,0,0,639,359
5249,63311,63310071,11117,250,-1,-1,1,544,77.5,0,-1.0,0,0,0,639,359
5250,63322,63321179,11108,250,-1,-1,1,545,77.6,0,-1.0,0,0,0,639,359
5251,63333,63332398,11219,250,-1,-1,1,632,77.8,0,-1.0,0,0,0,639,359
5252,63344,63343397,10999,250,-1,-1,1,524,78.0,0,-1.0,0,0,0,639,359
5253,63355,63354506,11109,250,-1,-1,1,632,78.1,0,-1.0,0,0,0,639,359
5254,63366,63365614,11108,250,-1,-1,1,525,78.3,0,-1.0,0,0,0,639,359
5255,63378,63376721,11107,250,-1,-1,1,526,78.5,0,-1.0,0,0,0,639,359
5256,63389,63387833,11112,250,-1,-1,1,528,78.7,0,-1.0,0,0,0,639,359
5257,63400,63398941,11108,250,-1,-1,1,527,78.8,1,-1.0,0,0,0,639,359
5258,63411,63410049,11108,250,-1,-1,1,535,79.0,0,-1.0,0,0,0,639,359
5259,63422,63421166,11117,250,-1,-1,1,531,79.1,0,-1.0,0,0,0,639,359
5260,63433,63432344,11178,250,-1,-1,1,630,79.2,0,-1.0,0,0,0,639,359
5261,63444,63443380,11036,250,-1,-1,1,525,79.4,0,-1.0,0,0,0,639,359
5262,63455,63454490,11110,250,-1,-1,1,628,79.5,0,-1.0,0,0,0,639,359
5263,63466,63465599,11109,250,-1,-1,1,527,79.7,0,-1.0,0,0,0,639,359
5264,63478,63476707,11108,250,-1,-1,1,526,79.8,0,-1.0,0,0,0,639,359
5265,63489,63487815,11108,250,-1,-1,1,525,80.0,0,-1.0,0,0,0,639,359
5266,63500,63498919,11104,250,-1,-1,1,527,80.1,1,-1.0,0,0,0,639,359
5267,63511,63510037,11118,250,-1,-1,1,547,80.2,0,-1.0,0,0,0,639,359
5268,63522,63521143,11106,250,-1,-1,1,545,80.3,0,-1.0,0,0,0,639,359
5269,63533,63532322,11179,250,-1,-1,1,628,80.4,0,-1.0,0,0,0,639,359
5270,63544,63543359,11037,250,-1,-1,1,527,80.5,0,-1.0,0,0,0,639,359
5271,63555,63554474,11115,250,-1,-1,1,634,80.6,0,-1.0,0,0,0,639,359
5272,63566,63565577,11103,250,-1,-1,1,526,80.7,0,-1.0,0,0,0,639,359
5273,63578,63576689,11112,250,-1,-1,1,526,80.9,0,-1.0,0,0,0,639,359
5274,63589,63587798,11109,250,-1,-1,1,527,81.0,0,-1.0,0,0,0,639,359
5275,63600,63598907,11109,250,-1,-1,1,525,81.1,1,-1.0,0,0,0,639,359
5276,63665,63654442,55535,250,-1,-1,1,1935,15.2,0,-1.0,0,0,0,639,359
5277,63667,63665551,11109,250,-1,-1,1,529,30.3,0,-1.0,0,0,0,639,359
5278,63677,63676670,11119,250,-1,-1,1,524,39.0,0,-1.0,0,0,0,639,359
5279,63689,63687777,11107,250,-1,-1,1,530,45.5,0,-1.0,0,0,0,639,359
5280,63700,63698888,11111,250,-1,-1,1,525,50.5,0,-1.0,0,0,0,639,359
5281,63711,63709997,11109,250,-1,-1,1,524,54.5,0,-1.0,0,0,0,639,359
5282,63722,63721105,11108,250,-1,-1,1,527,57.9,0,-1.0,0,0,0,639,359
5283,63733,63732219,11114,250,-1,-1,1,527,60.2,0,-1.0,0,0,0,639,359
5284,63744,63743325,11106,250,-1,-1,1,528,62.5,1,-1.0,0,0,0,639,359
5285,63755,63754442,11117,250,-1,-1,1,544,64.5,0,-1.0,0,0,0,639,359
5286,63766,63765548,11106,250,-1,-1,1,545,66.3,0,-1.0,0,0,0,639,359
5287,63778,63776772,11224,250,-1,-1,1,629,67.8,0,-1.0,0,0,0,639,359
5288,63789,63787765,10993,250,-1,-1,1,526,69.1,0,-1.0,0,0,0,639,359
5289,63800,63798873,11108,250,-1,-1,1,631,70.4,0,-1.0,0,0,0,639,359
5290,63811,63809982,11109,250,-1,-1,1,525,71.4,0,-1.0,0,0,0,639,359
5291,63822,63821090,11108,250,-1,-1,1,527,72.4,0,-1.0,0,0,0,639,359
5292,63833,63832196,11106,250,-1,-1,1,529,73.0,0,-1.0,0,0,0,639,359
5293,63844,63843309,11113,250,-1,-1,1,527,73.8,1,-1.0,0,0,0,639,359
5294,63855,63854418,11109,250,-1,-1,1,546,74.5,0,-1.0,0,0,0,639,359
5295,63866,63865532,11114,250,-1,-1,1,546,75.2,0,-1.0,0,0,0,639,359
5296,63878,63876745,11213,250,-1,-1,1,634,75.8,0,-1.0,0,0,0,639,359
5297,63889,63887751,11006,250,-1,-1,1,523,76.4,0,-1.0,0,0,0,639,359
5298,63900,63898857,11106,250,-1,-1,1,632,76.9,0,-1.0,0,0,0,639,359
5299,63911,63909964,11107,250,-1,-1,1,526,77.4,0,-1.0,0,0,0,639,359
5300,63922,63921075,11111,250,-1,-1,1,528,77.9,0,-1.0,0,0,0,639,359
5301,63933,63932181,11106,250,-1,-1,1,526,78.1,0,-1.0,0,0,0,639,359
5302,63944,63943288,11107,250,-1,-1,1,527,78.5,1,-1.0,0,0,0,639,359
5303,63955,63954404,11116,250,-1,-1,1,529,78.9,0,-1.0,0,0,0,639,359
5304,63966,63965512,11108,250,-1,-1,1,528,79.2,0,-1.0,0,0,0,639,359
5305,63978,63976695,11183,250,-1,-1,1,631,79.6,0,-1.0,0,0,0,639,359
5306,63989,63987735,11040,250,-1,-1,1,526,79.9,0,-1.0,0,0,0,639,359
5307,64000,63998843,11108,250,-1,-1,1,631,80.2,0,-1.0,0,0,0,639,359
5308,64011,64009949,11106,250,-1,-1,1,525,80.5,0,-1.0,0,0,0,639,359
5309,64022,64021053,11104,250,-1,-1,1,525,80.8,0,-1.0,0,0,0,639,359
5310,64105,64032162,11109,250,-1,-1,1,611,69.3,0,-1.0,0,0,0,639,359
5311,64106,64098803,66641,250,-1,-1,1,1173,71.1,1,-1.0,0,0,0,639,359
5312,64111,64109948,11145,250,-1,-1,1,635,72.5,0,-1.0,0,0,0,639,359
5313,64122,64121042,11094,250,-1,-1,1,531,72.9,0,-1.0,0,0,0,639,359
5314,64133,64132148,11106,250,-1,-1,1,526,73.2,0,-1.0,0,0,0,639,359
5315,64144,64143256,11108,250,-1,-1,1,525,73.5,0,-1.0,0,0,0,639,359
5316,64155,64154370,11114,250,-1,-1,1,633,73.9,0,-1.0,0,0,0,639,359
5317,64166,64165481,11111,250,-1,-1,1,547,74.2,0,-1.0,0,0,0,639,359
5318,64177,64176589,11108,250,-1,-1,1,542,74.5,0,-1.0,0,0,0,639,359
5319,64189,64187697,11108,250,-1,-1,1,632,74.8,0,-1.0,0,0,0,639,359
5320,64200,64198806,11109,250,-1,-1,1,527,75.1,1,-1.0,0,0,0,639,359
5321,64211,64209915,11109,250,-1,-1,1,625,75.4,0,-1.0,0,0,0,639,359
5322,64222,64221024,11109,250,-1,-1,1,561,75.7,0,-1.0,0,0,0,639,359
5323,64233,64232133,11109,250,-1,-1,1,528,75.8,0,-1.0,0,0,0,639,359
5324,64244,64243334,11201,250,-1,-1,1,629,76.1,0,-1.0,0,0,0,639,359
5325,64255,64254352,11018,250,-1,-1,1,527,76.3,0,-1.0,0,0,0,639,359
5326,64266,64265463,11111,250,-1,-1,1,627,76.6,0,-1.0,0,0,0,639,359
5327,64279,64276567,11104,250,-1,-1,1,524,76.6,0,-1.0,0,0,0,639,359
5328,64288,64287682,11115,250,-1,-1,1,524,77.0,0,-1.0,0,0,0,639,359
5329,64300,64298785,11103,250,-1,-1,1,525,77.3,1,-1.0,0,0,0,639,359
5330,64311,64309901,11116,250,-1,-1,1,545,77.5,0,-1.0,0,0,0,639,359
5331,64322,64321004,11103,250,-1,-1,1,546,77.7,0,-1.0,0,0,0,639,359
5332,64333,64332165,11161,250,-1,-1,1,632,77.8,0,-1.0,0,0,0,639,359
5333,64344,64343226,11061,250,-1,-1,1,526,78.0,0,-1.0,0,0,0,639,359
5334,64355,64354340,11114,250,-1,-1,1,630,78.1,0,-1.0,0,0,0,639,359
5335,64366,64365443,11103,250,-1,-1,1,525,78.3,0,-1.0,0,0,0,639,359
5336,64377,64376552,11109,250,-1,-1,1,526,78.5,0,-1.0,0,0,0,639,359
5337,64388,64387656,11104,250,-1,-1,1,526,78.7,0,-1.0,0,0,0,639,359
5338,64400,64398765,11109,250,-1,-1,1,525,78.8,1,-1.0,0,0,0,639,359
5339,64411,64409882,11117,250,-1,-1,1,544,79.0,0,-1.0,0,0,0,639,359
5340,64422,64420996,11114,250,-1,-1,1,547,79.2,0,-1.0,0,0,0,639,359
5341,64433,64432206,11210,250,-1,-1,1,630,79.2,0,-1.0,0,0,0,639,359
5342,64444,64443211,11005,250,-1,-1,1,526,79.4,0,-1.0,0,0,0,639,359
5343,64455,64454316,11105,250,-1,-1,1,634,79.5,0,-1.0,0,0,0,639,359
5344,64466,64465471,11155,250,-1,-1,1,595,79.7,0,-1.0,0,0,0,639,359
5345,64477,64476532,11061,250,-1,-1,1,524,79.8,0,-1.0,0,0,0,639,359
5346,64488,64487640,11108,250,-1,-1,1,526,80.0,0,-1.0,0,0,0,639,359
5347,64500,64498752,11112,250,-1,-1,1,527,80.1,1,-1.0,0,0,0,639,359
5348,64511,64509866,11114,250,-1,-1,1,547,80.2,0,-1.0,0,0,0,639,359
5349,64522,64520974,11108,250,-1,-1,1,546,80.3,0,-1.0,0,0,0,639,359
5350,64533,64532215,11241,250,-1,-1,1,633,80.4,0,-1.0,0,0,0,639,359
5351,64544,64543192,10977,250,-1,-1,1,527,80.5,0,-1.0,0,0,0,639,359
5352,64555,64554303,11111,250,-1,-1,1,632,80.6,0,-1.0,0,0,0,639,359
5353,64566,64565409,11106,250,-1,-1,1,679,80.7,0,-1.0,0,0,0,639,359
5354,64577,64576518,11109,250,-1,-1,1,525,80.9,0,-1.0,0,0,0,639,359
5355,64588,64587624,11106,250,-1,-1,1,527,81.0,0,-1.0,0,0,0,639,359
5356,64600,64598732,11108,250,-1,-1,1,525,81.1,1,-1.0,0,0,0,639,359
5357,64667,64665378,66646,250,-1,-1,1,528,15.2,0,-1.0,0,0,0,639,359
5358,64677,64676501,11123,250,-1,-1,1,526,26.0,0,-1.0,0,0,0,639,359
5359,64688,64687609,11108,250,-1,-1,1,525,34.1,0,-1.0,0,0,0,639,359
5360,64700,64698714,11105,250,-1,-1,1,526,40.4,0,-1.0,0,0,0,639,359
5361,64711,64709825,11111,250,-1,-1,1,524,45.5,0,-1.0,0,0,0,639,359
5362,64722,64720935,11110,250,-1,-1,1,526,49.6,0,-1.0,0,0,0,639,359
5363,64733,64732047,11112,250,-1,-1,1,526,53.0,0,-1.0,0,0,0,639,359
5364,64744,64743150,11103,250,-1,-1,1,527,55.9,0,-1.0,0,0,0,639,359
5365,64755,64754266,11116,250,-1,-1,1,524,58.1,1,-1.0,0,0,0,639,359
5366,64766,64765378,11112,250,-1,-1,1,545,60.2,0,-1.0,0,0,0,639,359
5367,64777,64776486,11108,250,-1,-1,1,546,62.1,0,-1.0,0,0,0,639,359
5368,64789,64787714,11228,250,-1,-1,1,629,63.8,0,-1.0,0,0,0,639,359
5369,64800,64798705,10991,250,-1,-1,1,526,65.3,0,-1.0,0,0,0,639,359
5370,64811,64809811,11106,250,-1,-1,1,631,66.7,0,-1.0,0,0,0,639,359
5371,64822,64820919,11108,250,-1,-1,1,528,67.9,0,-1.0,0,0,0,639,359
5372,64833,64832026,11107,250,-1,-1,1,526,69.0,0,-1.0,0,0,0,639,359
5373,64844,64843135,11109,250,-1,-1,1,527,70.0,0,-1.0,0,0,0,639,359
5374,64855,64854246,11111,250,-1,-1,1,525,70.6,1,-1.0,0,0,0,639,359
5375,64866,64865360,11114,250,-1,-1,1,530,71.4,0,-1.0,0,0,0,639,359
5376,64877,64876470,11110,250,-1,-1,1,527,72.2,0,-1.0,0,0,0,639,359
5377,64888,64887663,11193,250,-1,-1,1,629,72.9,0,-1.0,0,0,0,639,359
5378,64900,64898684,11021,250,-1,-1,1,523,73.6,0,-1.0,0,0,0,639,359
5379,64911,64909794,11110,250,-1,-1,1,633,74.2,0,-1.0,0,0,0,639,359
5380,64922,64921015,11221,250,-1,-1,1,525,74.8,0,-1.0,0,0,0,639,359
5381,64933,64932011,10996,250,-1,-1,1,526,75.3,0,-1.0,0,0,0,639,359
5382,64944,64943116,11105,250,-1,-1,1,527,75.8,0,-1.0,0,0,0,639,359
5383,64955,64954228,11112,250,-1,-1,1,526,76.1,1,-1.0,0,0,0,639,359
5384,64966,64965338,11110,250,-1,-1,1,537,76.5,0,-1.0,0,0,0,639,359
5385,64977,64976451,11113,250,-1,-1,1,532,76.9,0,-1.0,0,0,0,639,359
5386,64988,64987637,11186,250,-1,-1,1,630,77.3,0,-1.0,0,0,0,639,359
5387,65000,64998671,11034,250,-1,-1,1,527,77.7,0,-1.0,0,0,0,639,359
5388,65011,65009777,11106,250,-1,-1,1,628,78.0,0,-1.0,0,0,0,639,359
5389,65022,65020886,11109,250,-1,-1,1,527,78.4,0,-1.0,0,0,0,639,359
5390,65033,65031991,11105,250,-1,-1,1,525,78.7,0,-1.0,0,0,0,639,359
5391,65044,65043103,11112,250,-1,-1,1,525,79.0,0,-1.0,0,0,0,639,359
5392,65055,65054209,11106,250,-1,-1,1,525,79.1,1,-1.0,0,0,0,639,359
5393,65066,65065328,11119,250,-1,-1,1,541,79.4,0,-1.0,0,0,0,639,359
5394,65077,65076432,11104,250,-1,-1,1,546,79.7,0,-1.0,0,0,0,639,359
5395,65088,65087616,11184,250,-1,-1,1,630,79.9,0,-1.0,0,0,0,639,359
5396,65100,65098649,11033,250,-1,-1,1,524,80.2,0,-1.0,0,0,0,639,359
5397,65111,65109765,11116,250,-1,-1,1,631,80.4,0,-1.0,0,0,0,639,359
5398,65122,65120868,11103,250,-1,-1,1,524,80.6,0,-1.0,0,0,0,639,359
5399,65133,65131978,11110,250,-1,-1,1,527,80.8,0,-1.0,0,0,0,639,359
5400,65227,65143083,11105,250,-1,-1,1,663,70.2,0,-1.0,0,0,0,639,359
5401,65228,65220833,77750,250,-1,-1,1,1045,71.7,1,-1.0,0,0,0,639,359
5402,65233,65231974,11141,250,-1,-1,1,631,72.8,0,-1.0,0,0,0,639,359
5403,65244,65243072,11098,250,-1,-1,1,542,73.1,0,-1.0,0,0,0,639,359
5404,65255,65254178,11106,250,-1,-1,1,527,73.3,0,-1.0,0,0,0,639,359
5405,65266,65265287,11109,250,-1,-1,1,525,73.6,0,-1.0,0,0,0,639,359
5406,65277,65276397,11110,250,-1,-1,1,631,73.9,0,-1.0,0,0,0,639,359
5407,65288,65287513,11116,250,-1,-1,1,542,74.1,0,-1.0,0,0,0,639,359
5408,65299,65298619,11106,250,-1,-1,1,546,74.4,0,-1.0,0,0,0,639,359
5409,65311,65309725,11106,250,-1,-1,1,633,74.6,0,-1.0,0,0,0,639,359
5410,65322,65320836,11111,250,-1,-1,1,526,74.8,1,-1.0,0,0,0,639,359
5411,65333,65331949,11113,250,-1,-1,1,631,75.1,0,-1.0,0,0,0,639,359
5412,65344,65343050,11101,250,-1,-1,1,539,75.4,0,-1.0,0,0,0,639,359
5413,65355,65354165,11115,250,-1,-1,1,534,75.5,0,-1.0,0,0,0,639,359
5414,65366,65365271,11106,250,-1,-1,1,631,75.7,0,-1.0,0,0,0,639,359
5415,65377,65376381,11110,250,-1,-1,1,541,75.9,0,-1.0,0,0,0,639,359
5416,65388,65387490,11109,250,-1,-1,1,633,76.1,0,-1.0,0,0,0,639,359
5417,65399,65398598,11108,250,-1,-1,1,525,76.3,0,-1.0,0,0,0,639,359
5418,65411,65409713,11115,250,-1,-1,1,525,76.5,0,-1.0,0,0,0,639,359
5419,65422,65420815,11102,250,-1,-1,1,526,76.7,1,-1.0,0,0,0,639,359
5420,65433,65431928,11113,250,-1,-1,1,545,76.9,0,-1.0,0,0,0,639,359
5421,65444,65443037,11109,250,-1,-1,1,544,77.1,0,-1.0,0,0,0,639,359
5422,65455,65454144,11107,250,-1,-1,1,633,77.2,0,-1.0,0,0,0,639,359
5423,65466,65465256,11112,250,-1,-1,1,529,77.4,0,-1.0,0,0,0,639,359
5424,65477,65476365,11109,250,-1,-1,1,630,77.5,0,-1.0,0,0,0,639,359
5425,65488,65487553,11188,250,-1,-1,1,527,77.7,0,-1.0,0,0,0,639,359
5426,65499,65498576,11023,250,-1,-1,1,523,77.9,0,-1.0,0,0,0,639,359
5427,65510,65509691,11115,250,-1,-1,1,526,78.0,0,-1.0,0,0,0,639,359
5428,65522,65520798,11107,250,-1,-1,1,529,78.2,1,-1.0,0,0,0,639,359
5429,65533,65531913,11115,250,-1,-1,1,527,78.3,0,-1.0,0,0,0,639,359
5430,65544,65543015,11102,250,-1,-1,1,545,78.5,0,-1.0,0,0,0,639,359
5431,65555,65554130,11115,250,-1,-1,1,632,78.5,0,-1.0,0,0,0,639,359
5432,65566,65565237,11107,250,-1,-1,1,525,78.7,0,-1.0,0,0,0,639,359
5433,65577,65576349,11112,250,-1,-1,1,634,78.8,0,-1.0,0,0,0,639,359
5434,65588,65587455,11106,250,-1,-1,1,524,78.9,0,-1.0,0,0,0,639,359
5435,65599,65598562,11107,250,-1,-1,1,528,79.1,0,-1.0,0,0,0,639,359
5436,65610,65609671,11109,250,-1,-1,1,527,79.2,0,-1.0,0,0,0,639,359
5437,65625,65620783,11112,250,-1,-1,1,525,66.7,1,-1.0,0,0,0,639,359
5438,65633,65631895,11112,250,-1,-1,1,535,90.9,0,-1.0,0,0,0,639,359
5439,65644,65643003,11108,250,-1,-1,1,530,90.9,0,-1.0,0,0,0,639,359
5440,65655,65654113,11110,250,-1,-1,1,630,88.9,0,-1.0,0,0,0,639,359
5441,65667,65665224,11111,250,-1,-1,1,527,89.3,0,-1.0,0,0,0,639,359
5442,65677,65676332,11108,250,-1,-1,1,633,89.6,0,-1.0,0,0,0,639,359
5443,65688,65687444,11112,250,-1,-1,1,524,89.7,0,-1.0,0,0,0,639,359
5444,65699,65698542,11098,250,-1,-1,1,525,89.9,0,-1.0,0,0,0,639,359
5445,65710,65709654,11112,250,-1,-1,1,524,90.0,0,-1.0,0,0,0,639,359
5446,65722,65720761,11107,250,-1,-1,1,525,90.1,1,-1.0,0,0,0,639,359
5447,65733,65731877,11116,250,-1,-1,1,543,90.2,0,-1.0,0,0,0,639,359
5448,65744,65742985,11108,250,-1,-1,1,543,90.2,0,-1.0,0,0,0,639,359
5449,65755,65754099,11114,250,-1,-1,1,634,89.7,0,-1.0,0,0,0,639,359
5450,65766,65765203,11104,250,-1,-1,1,526,89.7,0,-1.0,0,0,0,639,359
5451,65777,65776313,11110,250,-1,-1,1,634,89.8,0,-1.0,0,0,0,639,359
5452,65788,65787423,11110,250,-1,-1,1,561,89.9,0,-1.0,0,0,0,639,359
5453,65799,65798529,11106,250,-1,-1,1,532,89.9,0,-1.0,0,0,0,639,359
5454,65810,65809638,11109,250,-1,-1,1,524,90.0,0,-1.0,0,0,0,639,359
5455,65822,65820747,11109,250,-1,-1,1,524,90.0,1,-1.0,0,0,0,639,359
5456,65833,65831863,11116,250,-1,-1,1,547,90.1,0,-1.0,0,0,0,639,359
5457,65844,65842973,11110,250,-1,-1,1,544,90.1,0,-1.0,0,0,0,639,359
5458,65855,65854075,11102,250,-1,-1,1,633,89.8,0,-1.0,0,0,0,639,359
5459,65866,65865188,11113,250,-1,-1,1,526,89.8,0,-1.0,0,0,0,639,359
5460,65877,65876295,11107,250,-1,-1,1,631,89.9,0,-1.0,0,0,0,639,359
5461,65888,65887403,11108,250,-1,-1,1,554,89.9,0,-1.0,0,0,0,639,359
5462,65899,65898509,11106,250,-1,-1,1,526,90.0,0,-1.0,0,0,0,639,359
5463,65910,65909620,11111,250,-1,-1,1,525,90.0,0,-1.0,0,0,0,639,359
5464,65922,65920727,11107,250,-1,-1,1,529,90.0,1,-1.0,0,0,0,639,359
5465,65933,65931843,11116,250,-1,-1,1,545,90.1,0,-1.0,0,0,0,639,359
5466,65944,65942952,11109,250,-1,-1,1,544,90.1,0,-1.0,0,0,0,639,359
5467,65955,65954064,11112,250,-1,-1,1,631,89.9,0,-1.0,0,0,0,639,359
5468,65966,65965170,11106,250,-1,-1,1,524,89.9,0,-1.0,0,0,0,639,359
5469,65977,65976280,11110,250,-1,-1,1,632,89.9,0,-1.0,0,0,0,639,359
5470,65988,65987386,11106,250,-1,-1,1,526,89.9,0,-1.0,0,0,0,639,359
5471,65999,65998492,11106,250,-1,-1,1,528,90.0,0,-1.0,0,0,0,639,359
5472,66010,66009602,11110,250,-1,-1,1,527,90.0,0,-1.0,0,0,0,639,359
5473,66022,66020714,11112,250,-1,-1,1,527,90.0,1,-1.0,0,0,0,639,359
5474,66033,66031823,11109,250,-1,-1,1,530,90.0,0,-1.0,0,0,0,639,359
5475,66044,66042937,11114,250,-1,-1,1,549,90.1,0,-1.0,0,0,0,639,359
5476,66055,66054042,11105,250,-1,-1,1,633,89.9,0,-1.0,0,0,0,639,359
5477,66066,66065158,11116,250,-1,-1,1,524,89.9,0,-1.0,0,0,0,639,359
5478,66077,66076267,11109,250,-1,-1,1,631,89.9,0,-1.0,0,0,0,639,359
5479,66088,66087373,11106,250,-1,-1,1,524,90.0,0,-1.0,0,0,0,639,359
5480,66099,66098480,11107,250,-1,-1,1,525,90.0,0,-1.0,0,0,0,639,359
5481,66110,66109584,11104,250,-1,-1,1,528,90.0,0,-1.0,0,0,0,639,359
5482,66121,66120694,11110,250,-1,-1,1,527,90.0,1,-1.0,0,0,0,639,359
5483,66133,66131808,11114,250,-1,-1,1,538,90.0,0,-1.0,0,0,0,639,359
5484,66144,66142917,11109,250,-1,-1,1,533,90.1,0,-1.0,0,0,0,639,359
5485,66155,66154028,11111,250,-1,-1,1,628,89.9,0,-1.0,0,0,0,639,359
5486,66166,66165132,11104,250,-1,-1,1,525,89.9,0,-1.0,0,0,0,639,359
5487,66177,66176242,11110,250,-1,-1,1,626,89.9,0,-1.0,0,0,0,639,359
5488,66188,66187389,11147,250,-1,-1,1,526,90.0,0,-1.0,0,0,0,639,359
5489,66199,66198462,11073,250,-1,-1,1,525,90.0,0,-1.0,0,0,0,639,359
5490,66305,66209566,11104,250,-1,-1,1,607,77.7,0,-1.0,0,0,0,639,359
5491,66306,66298434,88868,250,-1,-1,1,1165,79.0,1,-1.0,0,0,0,639,359
5492,66310,66309566,11132,250,-1,-1,1,633,80.0,0,-1.0,0,0,0,639,359
5493,66321,66320661,11095,250,-1,-1,1,529,80.2,0,-1.0,0,0,0,639,359
5494,66333,66331771,11110,250,-1,-1,1,525,80.3,0,-1.0,0,0,0,639,359
5495,66344,66342877,11106,250,-1,-1,1,526,80.5,0,-1.0,0,0,0,639,359
5496,66355,66353992,11115,250,-1,-1,1,633,80.6,0,-1.0,0,0,0,639,359
5497,66366,66365102,11110,250,-1,-1,1,546,80.8,0,-1.0,0,0,0,639,359
5498,66377,66376209,11107,250,-1,-1,1,545,80.8,0,-1.0,0,0,0,639,359
5499,66388,66387317,11108,250,-1,-1,1,634,81.0,0,-1.0,0,0,0,639,359
5500,66400,66398432,11115,250,-1,-1,1,525,81.1,1,-1.0,0,0,0,639,359
5501,66410,66409535,11103,250,-1,-1,1,607,81.2,0,-1.0,0,0,0,639,359
5502,66421,66420648,11113,250,-1,-1,1,525,81.4,0,-1.0,0,0,0,639,359
5503,66433,66431757,11109,250,-1,-1,1,534,81.5,0,-1.0,0,0,0,639,359
5504,66444,66442866,11109,250,-1,-1,1,530,81.6,0,-1.0,0,0,0,639,359
5505,66455,66453974,11108,250,-1,-1,1,631,81.8,0,-1.0,0,0,0,639,359
5506,66466,66465081,11107,250,-1,-1,1,633,81.8,0,-1.0,0,0,0,639,359
5507,66478,66476195,11114,250,-1,-1,1,639,81.9,0,-1.0,0,0,0,639,359
5508,66488,66487302,11107,250,-1,-1,1,525,82.0,0,-1.0,0,0,0,639,359
5509,66499,66498410,11108,250,-1,-1,1,526,82.1,1,-1.0,0,0,0,639,359
5510,66510,66509518,11108,250,-1,-1,1,546,82.2,0,-1.0,0,0,0,639,359
5511,66521,66520628,11110,250,-1,-1,1,544,82.3,0,-1.0,0,0,0,639,359
5512,66533,66531739,11111,250,-1,-1,1,628,82.4,0,-1.0,0,0,0,639,359
5513,66544,66542847,11108,250,-1,-1,1,537,82.5,0,-1.0,0,0,0,639,359
5514,66555,66553959,11112,250,-1,-1,1,630,82.6,0,-1.0,0,0,0,639,359
5515,66566,66565114,11155,250,-1,-1,1,527,82.7,0,-1.0,0,0,0,639,359
5516,66577,66576173,11059,250,-1,-1,1,530,82.7,0,-1.0,0,0,0,639,359
5517,66588,66587279,11106,250,-1,-1,1,528,82.8,0,-1.0,0,0,0,639,359
5518,66599,66598392,11113,250,-1,-1,1,525,82.9,1,-1.0,0,0,0,639,359
5519,66610,66609504,11112,250,-1,-1,1,545,83.0,0,-1.0,0,0,0,639,359
5520,66674,66665041,55537,250,-1,-1,1,561,15.9,0,-1.0,0,0,0,639,359
5521,66677,66676147,11106,250,-1,-1,1,525,30.3,0,-1.0,0,0,0,639,359
5522,66688,66687263,11116,250,-1,-1,1,525,38.5,0,-1.0,0,0,0,639,359
5523,66699,66698373,11110,250,-1,-1,1,529,44.9,0,-1.0,0,0,0,639,359
5524,66710,66709483,11110,250,-1,-1,1,526,50.0,0,-1.0,0,0,0,639,359
5525,66721,66720592,11109,250,-1,-1,1,526,54.1,0,-1.0,0,0,0,639,359
5526,66733,66731700,11108,250,-1,-1,1,525,57.4,0,-1.0,0,0,0,639,359
5527,66744,66742808,11108,250,-1,-1,1,525,60.2,1,-1.0,0,0,0,639,359
5528,66755,66753926,11118,250,-1,-1,1,545,62.5,0,-1.0,0,0,0,639,359
5529,66766,66765033,11107,250,-1,-1,1,545,64.5,0,-1.0,0,0,0,639,359
5530,66777,66776143,11110,250,-1,-1,1,629,65.9,0,-1.0,0,0,0,639,359
5531,66788,66787252,11109,250,-1,-1,1,532,67.4,0,-1.0,0,0,0,639,359
5532,66799,66798362,11110,250,-1,-1,1,631,68.8,0,-1.0,0,0,0,639,359
5533,66810,66809567,11205,250,-1,-1,1,528,70.0,0,-1.0,0,0,0,639,359
5534,66821,66820575,11008,250,-1,-1,1,523,71.1,0,-1.0,0,0,0,639,359
5535,66832,66831681,11106,250,-1,-1,1,528,72.1,0,-1.0,0,0,0,639,359
5536,66844,66842793,11112,250,-1,-1,1,527,73.0,1,-1.0,0,0,0,639,359
5537,66855,66853903,11110,250,-1,-1,1,533,73.8,0,-1.0,0,0,0,639,359
5538,66866,66865018,11115,250,-1,-1,1,529,74.5,0,-1.0,0,0,0,639,359
5539,66877,66876122,11104,250,-1,-1,1,628,74.9,0,-1.0,0,0,0,639,359
5540,66888,66887232,11110,250,-1,-1,1,539,75.5,0,-1.0,0,0,0,639,359
5541,66899,66898343,11111,250,-1,-1,1,627,76.1,0,-1.0,0,0,0,639,359
5542,66910,66909455,11112,250,-1,-1,1,526,76.7,0,-1.0,0,0,0,639,359
5543,66921,66920558,11103,250,-1,-1,1,525,77.2,0,-1.0,0,0,0,639,359
5544,66932,66931669,11111,250,-1,-1,1,527,77.6,0,-1.0,0,0,0,639,359
5545,66944,66942775,11106,250,-1,-1,1,526,78.1,1,-1.0,0,0,0,639,359
5546,66955,66953890,11115,250,-1,-1,1,547,78.5,0,-1.0,0,0,0,639,359
5547,66966,66964996,11106,250,-1,-1,1,541,78.9,0,-1.0,0,0,0,639,359
5548,66977,66976110,11114,250,-1,-1,1,632,79.0,0,-1.0,0,0,0,639,359
5549,66988,66987216,11106,250,-1,-1,1,535,79.4,0,-1.0,0,0,0,639,359
5550,66999,66998328,11112,250,-1,-1,1,631,79.7,0,-1.0,0,0,0,639,359
5551,67010,67009432,11104,250,-1,-1,1,608,80.0,0,-1.0,0,0,0,639,359
5552,67021,67020543,11111,250,-1,-1,1,524,80.3,0,-1.0,0,0,0,639,359
5553,67032,67031648,11105,250,-1,-1,1,525,80.6,0,-1.0,0,0,0,639,359
5554,67044,67042760,11112,250,-1,-1,1,525,80.8,1,-1.0,0,0,0,639,359
5555,67055,67053873,11113,250,-1,-1,1,545,81.1,0,-1.0,0,0,0,639,359
5556,67066,67064982,11109,250,-1,-1,1,566,81.3,0,-1.0,0,0,0,639,359
5557,67077,67076090,11108,250,-1,-1,1,628,81.4,0,-1.0,0,0,0,639,359
5558,67088,67087199,11109,250,-1,-1,1,534,81.6,0,-1.0,0,0,0,639,359
5559,67099,67098308,11109,250,-1,-1,1,630,81.8,0,-1.0,0,0,0,639,359
5560,67110,67109416,11108,250,-1,-1,1,528,82.0,0,-1.0,0,0,0,639,359
5561,67121,67120525,11109,250,-1,-1,1,525,82.2,0,-1.0,0,0,0,639,359
5562,67132,67131634,11109,250,-1,-1,1,526,82.4,0,-1.0,0,0,0,639,359
5563,67144,67142740,11106,250,-1,-1,1,525,82.6,1,-1.0,0,0,0,639,359
5564,67155,67153860,11120,250,-1,-1,1,547,82.7,0,-1.0,0,0,0,639,359
5565,67166,67165007,11147,250,-1,-1,1,546,82.9,0,-1.0,0,0,0,639,359
5566,67177,67176077,11070,250,-1,-1,1,630,82.9,0,-1.0,0,0,0,639,359
5567,67188,67187180,11103,250,-1,-1,1,524,83.0,0,-1.0,0,0,0,639,359
5568,67199,67198295,11115,250,-1,-1,1,634,83.2,0,-1.0,0,0,0,639,359
5569,67210,67209401,11106,250,-1,-1,1,526,83.3,0,-1.0,0,0,0,639,359
5570,67221,67220509,11108,250,-1,-1,1,524,83.5,0,-1.0,0,0,0,639,359
5571,67232,67231615,11106,250,-1,-1,1,528,83.6,0,-1.0,0,0,0,639,359
5572,67244,67242723,11108,250,-1,-1,1,526,83.7,1,-1.0,0,0,0,639,359
5573,67255,67253837,11114,250,-1,-1,1,547,83.9,0,-1.0,0,0,0,639,359
5574,67266,67264950,11113,250,-1,-1,1,544,84.0,0,-1.0,0,0,0,639,359
5575,67277,67276056,11106,250,-1,-1,1,629,84.0,0,-1.0,0,0,0,639,359
5576,67288,67287167,11111,250,-1,-1,1,535,84.1,0,-1.0,0,0,0,639,359
5577,67299,67298275,11108,250,-1,-1,1,630,84.2,0,-1.0,0,0,0,639,359
5578,67310,67309545,11270,250,-1,-1,1,526,84.3,0,-1.0,0,0,0,639,359
5579,67321,67320488,10943,250,-1,-1,1,525,84.4,0,-1.0,0,0,0,639,359
5580,67429,67331597,11109,250,-1,-1,1,608,74.6,0,-1.0,0,0,0,639,359
5581,67430,67420458,88861,250,-1,-1,1,602,75.7,1,-1.0,0,0,0,639,359
5582,67433,67431577,11119,250,-1,-1,1,638,76.6,0,-1.0,0,0,0,639,359
5583,67444,67442694,11117,250,-1,-1,1,529,76.8,0,-1.0,0,0,0,639,359
5584,67455,67453800,11106,250,-1,-1,1,524,77.0,0,-1.0,0,0,0,639,359
5585,67466,67464910,11110,250,-1,-1,1,524,77.1,0,-1.0,0,0,0,639,359
5586,67477,67476024,11114,250,-1,-1,1,629,77.3,0,-1.0,0,0,0,639,359
5587,67488,67487133,11109,250,-1,-1,1,527,77.5,0,-1.0,0,0,0,639,359
5588,67499,67498240,11107,250,-1,-1,1,526,77.6,0,-1.0,0,0,0,639,359
5589,67510,67509352,11112,250,-1,-1,1,631,77.8,0,-1.0,0,0,0,639,359
5590,67521,67520463,11111,250,-1,-1,1,525,77.9,1,-1.0,0,0,0,639,359
5591,67532,67531570,11107,250,-1,-1,1,627,78.1,0,-1.0,0,0,0,639,359
5592,67544,67542677,11107,250,-1,-1,1,530,78.2,0,-1.0,0,0,0,639,359
5593,67555,67553785,11108,250,-1,-1,1,543,78.4,0,-1.0,0,0,0,639,359
5594,67566,67564895,11110,250,-1,-1,1,528,78.5,0,-1.0,0,0,0,639,359
5595,67577,67576006,11111,250,-1,-1,1,632,78.7,0,-1.0,0,0,0,639,359
5596,67588,67587108,11102,250,-1,-1,1,635,78.7,0,-1.0,0,0,0,639,359
5597,67599,67598220,11112,250,-1,-1,1,527,78.9,0,-1.0,0,0,0,639,359
5598,67610,67609327,11107,250,-1,-1,1,526,79.0,0,-1.0,0,0,0,639,359
5599,67621,67620445,11118,250,-1,-1,1,525,90.9,1,-1.0,0,0,0,639,359
5600,67632,67631553,11108,250,-1,-1,1,534,90.9,0,-1.0,0,0,0,639,359
5601,67643,67642662,11109,250,-1,-1,1,544,90.9,0,-1.0,0,0,0,639,359
5602,67655,67653767,11105,250,-1,-1,1,630,90.9,0,-1.0,0,0,0,639,359
5603,67666,67664875,11108,250,-1,-1,1,627,90.9,0,-1.0,0,0,0,639,359
5604,67677,67675987,11112,250,-1,-1,1,527,90.9,0,-1.0,0,0,0,639,359
5605,67688,67687095,11108,250,-1,-1,1,527,90.9,0,-1.0,0,0,0,639,359
5606,67699,67698200,11105,250,-1,-1,1,526,89.9,0,-1.0,0,0,0,639,359
5607,67710,67709312,11112,250,-1,-1,1,527,90.0,0,-1.0,0,0,0,639,359
5608,67721,67720421,11109,250,-1,-1,1,526,90.1,1,-1.0,0,0,0,639,359
5609,67732,67731534,11113,250,-1,-1,1,544,90.2,0,-1.0,0,0,0,639,359
5610,67743,67742647,11113,250,-1,-1,1,545,90.2,0,-1.0,0,0,0,639,359
5611,67755,67753752,11105,250,-1,-1,1,630,90.3,0,-1.0,0,0,0,639,359
5612,67766,67764863,11111,250,-1,-1,1,532,90.3,0,-1.0,0,0,0,639,359
5613,67777,67775973,11110,250,-1,-1,1,631,90.4,0,-1.0,0,0,0,639,359
5614,67788,67787245,11272,250,-1,-1,1,524,89.9,0,-1.0,0,0,0,639,359
5615,67799,67798187,10942,250,-1,-1,1,525,89.9,0,-1.0,0,0,0,639,359
5616,67810,67809295,11108,250,-1,-1,1,525,90.0,0,-1.0,0,0,0,639,359
5617,67821,67820401,11106,250,-1,-1,1,527,90.0,1,-1.0,0,0,0,639,359
5618,67832,67831514,11113,250,-1,-1,1,542,90.1,0,-1.0,0,0,0,639,359
5619,67843,67842629,11115,250,-1,-1,1,534,90.1,0,-1.0,0,0,0,639,359
5620,67855,67853733,11104,250,-1,-1,1,633,90.2,0,-1.0,0,0,0,639,359
5621,67866,67864847,11114,250,-1,-1,1,535,90.2,0,-1.0,0,0,0,639,359
5622,67877,67875953,11106,250,-1,-1,1,628,90.2,0,-1.0,0,0,0,639,359
5623,67888,67887132,11179,250,-1,-1,1,527,90.3,0,-1.0,0,0,0,639,359
5624,67899,67898166,11034,250,-1,-1,1,525,90.0,0,-1.0,0,0,0,639,359
5625,67910,67909277,11111,250,-1,-1,1,526,90.0,0,-1.0,0,0,0,639,359
5626,67921,67920385,11108,250,-1,-1,1,525,90.0,1,-1.0,0,0,0,639,359
5627,67932,67931501,11116,250,-1,-1,1,545,90.1,0,-1.0,0,0,0,639,359
5628,67943,67942605,11104,250,-1,-1,1,546,90.1,0,-1.0,0,0,0,639,359
5629,67955,67953716,11111,250,-1,-1,1,631,90.1,0,-1.0,0,0,0,639,359
5630,67966,67964825,11109,250,-1,-1,1,526,90.1,0,-1.0,0,0,0,639,359
5631,67977,67975937,11112,250,-1,-1,1,633,90.2,0,-1.0,0,0,0,639,359
5632,67988,67987047,11110,250,-1,-1,1,524,90.2,0,-1.0,0,0,0,639,359
5633,67999,67998154,11107,250,-1,-1,1,525,90.0,0,-1.0,0,0,0,639,359
5634,68010,68009257,11103,250,-1,-1,1,525,90.0,0,-1.0,0,0,0,639,359
5635,68021,68020368,11111,250,-1,-1,1,526,90.0,1,-1.0,0,0,0,639,359
5636,68032,68031480,11112,250,-1,-1,1,544,90.0,0,-1.0,0,0,0,639,359
5637,68043,68042595,11115,250,-1,-1,1,545,90.1,0,-1.0,0,0,0,639,359
5638,68055,68053702,11107,250,-1,-1,1,605,90.1,0,-1.0,0,0,0,639,359
5639,68066,68064809,11107,250,-1,-1,1,524,90.1,0,-1.0,0,0,0,639,359
5640,68077,68075919,11110,250,-1,-1,1,630,90.1,0,-1.0,0,0,0,639,359
5641,68088,68087028,11109,250,-1,-1,1,527,90.1,0,-1.0,0,0,0,639,359
5642,68099,68098131,11103,250,-1,-1,1,525,90.2,0,-1.0,0,0,0,639,359
5643,68110,68109242,11111,250,-1,-1,1,528,90.0,0,-1.0,0,0,0,639,359
5644,68121,68120351,11109,250,-1,-1,1,527,90.0,1,-1.0,0,0,0,639,359
5645,68132,68131466,11115,250,-1,-1,1,527,90.0,0,-1.0,0,0,0,639,359
5646,68143,68142573,11107,250,-1,-1,1,543,90.1,0,-1.0,0,0,0,639,359
5647,68155,68153682,11109,250,-1,-1,1,605,90.1,0,-1.0,0,0,0,639,359
5648,68166,68164790,11108,250,-1,-1,1,525,90.1,0,-1.0,0,0,0,639,359
5649,68177,68175901,11111,250,-1,-1,1,628,90.1,0,-1.0,0,0,0,639,359
5650,68188,68187008,11107,250,-1,-1,1,525,90.0,0,-1.0,0,0,0,639,359
5651,68199,68198122,11114,250,-1,-1,1,527,90.1,0,-1.0,0,0,0,639,359
5652,68210,68209223,11101,250,-1,-1,1,527,90.0,0,-1.0,0,0,0,639,359
5653,68221,68220336,11113,250,-1,-1,1,526,90.0,1,-1.0,0,0,0,639,359
5654,68232,68231445,11109,250,-1,-1,1,528,90.0,0,-1.0,0,0,0,639,359
5655,68243,68242556,11111,250,-1,-1,1,528,90.0,0,-1.0,0,0,0,639,359
5656,68255,68253665,11109,250,-1,-1,1,605,90.1,0,-1.0,0,0,0,639,359
5657,68266,68264775,11110,250,-1,-1,1,525,90.1,0,-1.0,0,0,0,639,359
5658,68277,68275885,11110,250,-1,-1,1,632,90.1,0,-1.0,0,0,0,639,359
5659,68288,68286996,11111,250,-1,-1,1,528,90.1,0,-1.0,0,0,0,639,359
5660,68299,68298101,11105,250,-1,-1,1,525,90.1,0,-1.0,0,0,0,639,359
5661,68310,68309209,11108,250,-1,-1,1,525,90.0,0,-1.0,0,0,0,639,359
5662,68321,68320312,11103,250,-1,-1,1,528,90.0,1,-1.0,0,0,0,639,359
5663,68332,68331432,11120,250,-1,-1,1,540,90.0,0,-1.0,0,0,0,639,359
5664,68343,68342537,11105,250,-1,-1,1,535,90.0,0,-1.0,0,0,0,639,359
5665,68355,68353653,11116,250,-1,-1,1,600,90.1,0,-1.0,0,0,0,639,359
5666,68366,68364758,11105,250,-1,-1,1,526,90.1,0,-1.0,0,0,0,639,359
5667,68377,68375867,11109,250,-1,-1,1,629,90.1,0,-1.0,0,0,0,639,359
5668,68388,68386977,11110,250,-1,-1,1,527,90.1,0,-1.0,0,0,0,639,359
5669,68399,68398087,11110,250,-1,-1,1,528,90.1,0,-1.0,0,0,0,639,359
5670,68543,68409188,11101,250,-1,-1,1,524,77.2,0,-1.0,0,0,0,639,359
5671,68544,68542486,133298,250,-1,-1,1,519,78.2,1,-1.0,0,0,0,639,359
5672,68554,68553621,11135,250,-1,-1,1,629,78.4,0,-1.0,0,0,0,639,359
5673,68566,68564721,11100,250,-1,-1,1,526,78.5,0,-1.0,0,0,0,639,359
5674,68577,68575833,11112,250,-1,-1,1,549,78.7,0,-1.0,0,0,0,639,359
5675,68588,68586941,11108,250,-1,-1,1,629,78.8,0,-1.0,0,0,0,639,359
5676,68599,68598056,11115,250,-1,-1,1,555,78.9,0,-1.0,0,0,0,639,359
5677,68611,68609161,11105,250,-1,-1,1,525,79.0,0,-1.0,0,0,0,639,359
5678,68634,68631369,22208,250,-1,-1,1,524,41.7,0,-1.0,0,0,0,639,359
5679,68643,68642488,11119,250,-1,-1,1,525,60.6,0,-1.0,0,0,0,639,359
5680,68654,68653596,11108,250,-1,-1,1,527,68.2,1,-1.0,0,0,0,639,359
5681,68666,68664706,11110,250,-1,-1,1,528,72.7,0,-1.0,0,0,0,639,359
5682,68677,68675813,11107,250,-1,-1,1,546,75.8,0,-1.0,0,0,0,639,359
5683,68688,68686928,11115,250,-1,-1,1,606,77.9,0,-1.0,0,0,0,639,359
5684,68699,68698035,11107,250,-1,-1,1,635,78.7,0,-1.0,0,0,0,639,359
5685,68710,68709145,11110,250,-1,-1,1,633,80.0,0,-1.0,0,0,0,639,359
5686,68721,68720254,11109,250,-1,-1,1,525,81.1,0,-1.0,0,0,0,639,359
5687,68732,68731359,11105,250,-1,-1,1,528,82.0,0,-1.0,0,0,0,639,359
5688,68743,68742465,11106,250,-1,-1,1,528,82.7,0,-1.0,0,0,0,639,359
5689,68754,68753576,11111,250,-1,-1,1,528,83.3,1,-1.0,0,0,0,639,359
5690,68766,68764691,11115,250,-1,-1,1,533,83.9,0,-1.0,0,0,0,639,359
5691,68777,68775800,11109,250,-1,-1,1,529,84.3,0,-1.0,0,0,0,639,359
5692,68788,68786907,11107,250,-1,-1,1,607,84.7,0,-1.0,0,0,0,639,359
5693,68799,68798018,11111,250,-1,-1,1,526,85.1,0,-1.0,0,0,0,639,359
5694,68810,68809126,11108,250,-1,-1,1,628,85.0,0,-1.0,0,0,0,639,359
5695,68821,68820237,11111,250,-1,-1,1,525,85.7,0,-1.0,0,0,0,639,359
5696,68832,68831340,11103,250,-1,-1,1,527,85.6,0,-1.0,0,0,0,639,359
5697,68843,68842451,11111,250,-1,-1,1,525,85.8,0,-1.0,0,0,0,639,359
5698,68854,68853560,11109,250,-1,-1,1,525,86.1,1,-1.0,0,0,0,639,359
5699,68866,68864674,11114,250,-1,-1,1,545,86.3,0,-1.0,0,0,0,639,359
5700,68877,68875781,11107,250,-1,-1,1,540,86.5,0,-1.0,0,0,0,639,359
5701,68888,68886892,11111,250,-1,-1,1,605,86.6,0,-1.0,0,0,0,639,359
5702,68899,68897999,11107,250,-1,-1,1,524,86.8,0,-1.0,0,0,0,639,359
5703,68910,68909107,11108,250,-1,-1,1,631,86.7,0,-1.0,0,0,0,639,359
5704,68921,68920216,11109,250,-1,-1,1,527,86.8,0,-1.0,0,0,0,639,359
5705,68932,68931325,11109,250,-1,-1,1,525,87.0,0,-1.0,0,0,0,639,359
5706,68943,68942434,11109,250,-1,-1,1,525,87.1,0,-1.0,0,0,0,639,359
5707,68954,68953545,11111,250,-1,-1,1,526,87.2,1,-1.0,0,0,0,639,359
5708,68966,68964658,11113,250,-1,-1,1,543,87.3,0,-1.0,0,0,0,639,359
5709,68977,68975764,11106,250,-1,-1,1,545,87.4,0,-1.0,0,0,0,639,359
5710,68988,68986873,11109,250,-1,-1,1,604,87.5,0,-1.0,0,0,0,639,359
5711,68999,68997982,11109,250,-1,-1,1,526,87.6,0,-1.0,0,0,0,639,359
5712,69010,69009090,11108,250,-1,-1,1,625,87.5,0,-1.0,0,0,0,639,359
5713,69021,69020204,11114,250,-1,-1,1,522,87.6,0,-1.0,0,0,0,639,359
5714,69032,69031305,11101,250,-1,-1,1,530,87.7,0,-1.0,0,0,0,639,359
5715,69043,69042416,11111,250,-1,-1,1,528,87.8,0,-1.0,0,0,0,639,359
5716,69054,69053523,11107,250,-1,-1,1,526,87.8,1,-1.0,0,0,0,639,359
5717,69065,69064639,11116,250,-1,-1,1,544,87.9,0,-1.0,0,0,0,639,359
5718,69077,69075745,11106,250,-1,-1,1,544,88.0,0,-1.0,0,0,0,639,359
5719,69088,69086855,11110,250,-1,-1,1,629,88.1,0,-1.0,0,0,0,639,359
5720,69099,69097963,11108,250,-1,-1,1,555,88.1,0,-1.0,0,0,0,639,359
5721,69110,69109075,11112,250,-1,-1,1,634,88.0,0,-1.0,0,0,0,639,359
5722,69121,69120184,11109,250,-1,-1,1,524,88.1,0,-1.0,0,0,0,639,359
5723,69132,69131294,11110,250,-1,-1,1,525,88.1,0,-1.0,0,0,0,639,359
5724,69143,69142397,11103,250,-1,-1,1,529,88.2,0,-1.0,0,0,0,639,359
5725,69154,69153508,11111,250,-1,-1,1,526,88.2,1,-1.0,0,0,0,639,359
5726,69165,69164621,11113,250,-1,-1,1,543,88.3,0,-1.0,0,0,0,639,359
5727,69177,69175732,11111,250,-1,-1,1,546,88.3,0,-1.0,0,0,0,639,359
5728,69188,69186841,11109,250,-1,-1,1,630,88.4,0,-1.0,0,0,0,639,359
5729,69199,69197954,11113,250,-1,-1,1,553,88.4,0,-1.0,0,0,0,639,359
5730,69210,69209056,11102,250,-1,-1,1,633,88.3,0,-1.0,0,0,0,639,359
5731,69221,69220172,11116,250,-1,-1,1,524,88.4,0,-1.0,0,0,0,639,359
5732,69232,69231271,11099,250,-1,-1,1,527,88.4,0,-1.0,0,0,0,639,359
5733,69243,69242382,11111,250,-1,-1,1,526,88.5,0,-1.0,0,0,0,639,359
5734,69254,69253489,11107,250,-1,-1,1,526,88.5,1,-1.0,0,0,0,639,359
5735,69265,69264604,11115,250,-1,-1,1,530,88.5,0,-1.0,0,0,0,639,359
5736,69277,69275712,11108,250,-1,-1,1,529,88.6,0,-1.0,0,0,0,639,359
5737,69288,69286824,11112,250,-1,-1,1,630,88.6,0,-1.0,0,0,0,639,359
5738,69299,69297933,11109,250,-1,-1,1,556,88.7,0,-1.0,0,0,0,639,359
5739,69310,69309036,11103,250,-1,-1,1,631,88.6,0,-1.0,0,0,0,639,359
5740,69321,69320147,11111,250,-1,-1,1,530,88.7,0,-1.0,0,0,0,639,359
5741,69332,69331255,11108,250,-1,-1,1,523,88.6,0,-1.0,0,0,0,639,359
5742,69343,69342365,11110,250,-1,-1,1,526,88.7,0,-1.0,0,0,0,639,359
5743,69354,69353476,11111,250,-1,-1,1,524,88.7,1,-1.0,0,0,0,639,359
5744,69365,69364586,11110,250,-1,-1,1,546,88.7,0,-1.0,0,0,0,639,359
5745,69377,69375697,11111,250,-1,-1,1,544,88.8,0,-1.0,0,0,0,639,359
5746,69388,69386804,11107,250,-1,-1,1,630,88.8,0,-1.0,0,0,0,639,359
5747,69399,69397917,11113,250,-1,-1,1,556,88.8,0,-1.0,0,0,0,639,359
5748,69410,69409023,11106,250,-1,-1,1,629,88.9,0,-1.0,0,0,0,639,359
5749,69421,69420133,11110,250,-1,-1,1,526,88.8,0,-1.0,0,0,0,639,359
5750,69432,69431239,11106,250,-1,-1,1,527,88.8,0,-1.0,0,0,0,639,359
5751,69443,69442348,11109,250,-1,-1,1,529,88.8,0,-1.0,0,0,0,639,359
5752,69454,69453456,11108,250,-1,-1,1,528,88.9,1,-1.0,0,0,0,639,359
5753,69465,69464572,11116,250,-1,-1,1,545,88.9,0,-1.0,0,0,0,639,359
5754,69477,69475680,11108,250,-1,-1,1,547,88.9,0,-1.0,0,0,0,639,359
5755,69488,69486789,11109,250,-1,-1,1,607,88.9,0,-1.0,0,0,0,639,359
5756,69499,69497898,11109,250,-1,-1,1,526,89.0,0,-1.0,0,0,0,639,359
5757,69510,69509007,11109,250,-1,-1,1,632,89.0,0,-1.0,0,0,0,639,359
5758,69521,69520116,11109,250,-1,-1,1,529,89.0,0,-1.0,0,0,0,639,359
5759,69532,69531226,11110,250,-1,-1,1,524,88.9,0,-1.0,0,0,0,639,359
5760,69679,69542330,11104,250,-1,-1,1,527,77.7,0,-1.0,0,0,0,639,359
5761,69703,69697843,155513,250,-1,-1,1,523,40.0,1,-1.0,0,0,0,639,359
5762,69710,69708984,11141,250,-1,-1,1,531,64.5,0,-1.0,0,0,0,639,359
5763,69721,69720079,11095,250,-1,-1,1,547,71.4,0,-1.0,0,0,0,639,359
5764,69732,69731192,11113,250,-1,-1,1,632,74.1,0,-1.0,0,0,0,639,359
5765,69743,69742299,11107,250,-1,-1,1,594,76.9,0,-1.0,0,0,0,639,359
5766,69754,69753409,11110,250,-1,-1,1,634,78.9,0,-1.0,0,0,0,639,359
5767,69765,69764518,11109,250,-1,-1,1,609,80.5,0,-1.0,0,0,0,639,359
5768,69776,69775626,11108,250,-1,-1,1,525,81.6,0,-1.0,0,0,0,639,359
5769,69788,69786731,11105,250,-1,-1,1,526,82.6,0,-1.0,0,0,0,639,359
5770,69799,69797844,11113,250,-1,-1,1,535,83.3,1,-1.0,0,0,0,639,359
5771,69810,69808952,11108,250,-1,-1,1,534,84.0,0,-1.0,0,0,0,639,359
5772,69821,69820063,11111,250,-1,-1,1,532,84.5,0,-1.0,0,0,0,639,359
5773,69832,69831172,11109,250,-1,-1,1,631,84.4,0,-1.0,0,0,0,639,359
5774,69843,69842284,11112,250,-1,-1,1,590,84.8,0,-1.0,0,0,0,639,359
5775,69854,69853392,11108,250,-1,-1,1,627,85.2,0,-1.0,0,0,0,639,359
5776,69866,69864503,11111,250,-1,-1,1,525,85.6,0,-1.0,0,0,0,639,359
5777,69876,69875606,11103,250,-1,-1,1,524,85.9,0,-1.0,0,0,0,639,359
5778,69888,69886719,11113,250,-1,-1,1,524,86.1,0,-1.0,0,0,0,639,359
5779,69899,69897824,11105,250,-1,-1,1,528,86.4,1,-1.0,0,0,0,639,359
5780,69910,69908940,11116,250,-1,-1,1,542,86.6,0,-1.0,0,0,0,639,359
5781,69921,69920047,11107,250,-1,-1,1,539,86.8,0,-1.0,0,0,0,639,359
5782,69932,69931158,11111,250,-1,-1,1,633,86.6,0,-1.0,0,0,0,639,359
5783,69943,69942264,11106,250,-1,-1,1,591,86.8,0,-1.0,0,0,0,639,359
5784,69954,69953376,11112,250,-1,-1,1,628,87.0,0,-1.0,0,0,0,639,359
5785,69965,69964485,11109,250,-1,-1,1,524,87.1,0,-1.0,0,0,0,639,359
5786,69976,69975591,11106,250,-1,-1,1,526,87.2,0,-1.0,0,0,0,639,359
5787,69987,69986699,11108,250,-1,-1,1,526,87.4,0,-1.0,0,0,0,639,359
5788,69999,69997808,11109,250,-1,-1,1,523,87.5,1,-1.0,0,0,0,639,359
5789,70010,70008922,11114,250,-1,-1,1,543,87.6,0,-1.0,0,0,0,639,359
5790,70021,70020032,11110,250,-1,-1,1,547,87.7,0,-1.0,0,0,0,639,359
5791,70032,70031136,11104,250,-1,-1,1,627,87.6,0,-1.0,0,0,0,639,359
5792,70043,70042248,11112,250,-1,-1,1,585,87.7,0,-1.0,0,0,0,639,359
5793,70054,70053353,11105,250,-1,-1,1,627,87.8,0,-1.0,0,0,0,639,359
5794,70065,70064466,11113,250,-1,-1,1,526,87.9,0,-1.0,0,0,0,639,359
5795,70076,70075571,11105,250,-1,-1,1,527,87.9,0,-1.0,0,0,0,639,359
5796,70087,70086680,11109,250,-1,-1,1,527,88.0,0,-1.0,0,0,0,639,359
5797,70099,70097790,11110,250,-1,-1,1,524,88.1,1,-1.0,0,0,0,639,359
5798,70110,70108906,11116,250,-1,-1,1,542,88.2,0,-1.0,0,0,0,639,359
5799,70121,70120015,11109,250,-1,-1,1,543,88.2,0,-1.0,0,0,0,639,359
5800,70132,70131123,11108,250,-1,-1,1,633,88.1,0,-1.0,0,0,0,639,359
5801,70143,70142230,11107,250,-1,-1,1,595,88.2,0,-1.0,0,0,0,639,359
5802,70154,70153344,11114,250,-1,-1,1,634,88.2,0,-1.0,0,0,0,639,359
5803,70165,70164449,11105,250,-1,-1,1,525,88.3,0,-1.0,0,0,0,639,359
5804,70176,70175557,11108,250,-1,-1,1,526,88.4,0,-1.0,0,0,0,639,359
5805,70187,70186665,11108,250,-1,-1,1,526,88.4,0,-1.0,0,0,0,639,359
5806,70199,70197775,11110,250,-1,-1,1,527,88.5,1,-1.0,0,0,0,639,359
5807,70210,70208886,11111,250,-1,-1,1,533,88.5,0,-1.0,0,0,0,639,359
5808,70221,70219996,11110,250,-1,-1,1,529,88.6,0,-1.0,0,0,0,639,359
5809,70232,70231103,11107,250,-1,-1,1,627,88.4,0,-1.0,0,0,0,639,359
5810,70243,70242215,11112,250,-1,-1,1,591,88.5,0,-1.0,0,0,0,639,359
5811,70254,70253325,11110,250,-1,-1,1,636,88.5,0,-1.0,0,0,0,639,359
5812,70265,70264441,11116,250,-1,-1,1,526,88.6,0,-1.0,0,0,0,639,359
5813,70276,70275539,11098,250,-1,-1,1,525,88.6,0,-1.0,0,0,0,639,359
5814,70287,70286648,11109,250,-1,-1,1,526,88.7,0,-1.0,0,0,0,639,359
5815,70299,70297760,11112,250,-1,-1,1,536,88.7,1,-1.0,0,0,0,639,359
5816,70310,70308871,11111,250,-1,-1,1,546,88.7,0,-1.0,0,0,0,639,359
5817,70321,70319975,11104,250,-1,-1,1,543,88.8,0,-1.0,0,0,0,639,359
5818,70332,70331091,11116,250,-1,-1,1,631,88.7,0,-1.0,0,0,0,639,359
5819,70343,70342196,11105,250,-1,-1,1,595,88.7,0,-1.0,0,0,0,639,359
5820,70354,70353306,11110,250,-1,-1,1,629,88.8,0,-1.0,0,0,0,639,359
5821,70365,70364413,11107,250,-1,-1,1,525,88.8,0,-1.0,0,0,0,639,359
5822,70376,70375523,11110,250,-1,-1,1,525,88.8,0,-1.0,0,0,0,639,359
5823,70387,70386632,11109,250,-1,-1,1,524,88.9,0,-1.0,0,0,0,639,359
5824,70399,70397742,11110,250,-1,-1,1,524,88.9,1,-1.0,0,0,0,639,359
5825,70410,70408852,11110,250,-1,-1,1,543,88.9,0,-1.0,0,0,0,639,359
5826,70421,70419964,11112,250,-1,-1,1,544,88.9,0,-1.0,0,0,0,639,359
5827,70432,70431072,11108,250,-1,-1,1,630,88.9,0,-1.0,0,0,0,639,359
5828,70443,70442181,11109,250,-1,-1,1,588,88.9,0,-1.0,0,0,0,639,359
5829,70454,70453286,11105,250,-1,-1,1,632,88.9,0,-1.0,0,0,0,639,359
5830,70465,70464400,11114,250,-1,-1,1,525,88.9,0,-1.0,0,0,0,639,359
5831,70476,70475506,11106,250,-1,-1,1,526,89.0,0,-1.0,0,0,0,639,359
5832,70487,70486613,11107,250,-1,-1,1,527,89.0,0,-1.0,0,0,0,639,359
5833,70499,70497719,11106,250,-1,-1,1,525,89.0,1,-1.0,0,0,0,639,359
5834,70510,70508836,11117,250,-1,-1,1,547,89.0,0,-1.0,0,0,0,639,359
5835,70521,70519943,11107,250,-1,-1,1,544,89.1,0,-1.0,0,0,0,639,359
5836,70532,70531054,11111,250,-1,-1,1,631,89.0,0,-1.0,0,0,0,639,359
5837,70543,70542162,11108,250,-1,-1,1,595,89.0,0,-1.0,0,0,0,639,359
5838,70554,70553269,11107,250,-1,-1,1,631,89.0,0,-1.0,0,0,0,639,359
5839,70566,70564381,11112,250,-1,-1,1,525,89.1,0,-1.0,0,0,0,639,359
5840,70576,70575487,11106,250,-1,-1,1,528,89.1,0,-1.0,0,0,0,639,359
5841,70587,70586596,11109,250,-1,-1,1,525,89.1,0,-1.0,0,0,0,639,359
5842,70599,70597705,11109,250,-1,-1,1,563,89.1,1,-1.0,0,0,0,639,359
5843,70610,70608817,11112,250,-1,-1,1,528,89.2,0,-1.0,0,0,0,639,359
5844,70621,70619928,11111,250,-1,-1,1,546,89.2,0,-1.0,0,0,0,639,359
5845,70632,70631039,11111,250,-1,-1,1,526,89.2,0,-1.0,0,0,0,639,359
5846,70643,70642147,11108,250,-1,-1,1,627,89.1,0,-1.0,0,0,0,639,359
5847,70655,70653252,11105,250,-1,-1,1,542,89.1,0,-1.0,0,0,0,639,359
5848,70665,70664364,11112,250,-1,-1,1,631,89.2,0,-1.0,0,0,0,639,359
5849,70676,70675473,11109,250,-1,-1,1,526,89.2,0,-1.0,0,0,0,639,359
5850,70783,70686580,11107,250,-1,-1,1,738,81.4,0,-1.0,0,0,0,639,359
5851,70848,70842102,155522,250,-1,-1,1,586,15.4,1,-1.0,0,0,0,639,359
5852,70854,70853234,11132,250,-1,-1,1,547,28.2,0,-1.0,0,0,0,639,359
5853,70865,70864332,11098,250,-1,-1,1,527,36.6,0,-1.0,0,0,0,639,359
5854,70876,70875440,11108,250,-1,-1,1,632,43.0,0,-1.0,0,0,0,639,359
5855,70887,70886550,11110,250,-1,-1,1,593,48.1,0,-1.0,0,0,0,639,359
5856,70899,70897656,11106,250,-1,-1,1,631,52.2,0,-1.0,0,0,0,639,359
5857,70910,70908768,11112,250,-1,-1,1,605,55.6,0,-1.0,0,0,0,639,359
5858,70921,70919871,11103,250,-1,-1,1,525,58.4,0,-1.0,0,0,0,639,359
5859,70932,70930984,11113,250,-1,-1,1,528,60.8,0,-1.0,0,0,0,639,359
5860,70943,70942091,11107,250,-1,-1,1,526,62.9,1,-1.0,0,0,0,639,359
5861,70954,70953204,11113,250,-1,-1,1,538,64.3,0,-1.0,0,0,0,639,359
5862,70965,70964313,11109,250,-1,-1,1,531,65.9,0,-1.0,0,0,0,639,359
5863,70976,70975422,11109,250,-1,-1,1,633,67.4,0,-1.0,0,0,0,639,359
5864,70987,70986531,11109,250,-1,-1,1,594,68.6,0,-1.0,0,0,0,639,359
5865,70999,70997645,11114,250,-1,-1,1,629,69.8,0,-1.0,0,0,0,639,359
5866,71010,71008754,11109,250,-1,-1,1,525,70.8,0,-1.0,0,0,0,639,359
5867,71021,71019859,11105,250,-1,-1,1,527,71.7,0,-1.0,0,0,0,639,359
5868,71032,71030965,11106,250,-1,-1,1,524,72.6,0,-1.0,0,0,0,639,359
5869,71043,71042074,11109,250,-1,-1,1,526,73.4,1,-1.0,0,0,0,639,359
5870,71054,71053186,11112,250,-1,-1,1,544,73.8,0,-1.0,0,0,0,639,359
5871,71065,71064297,11111,250,-1,-1,1,538,74.5,0,-1.0,0,0,0,639,359
5872,71076,71075404,11107,250,-1,-1,1,666,75.1,0,-1.0,0,0,0,639,359
5873,71087,71086517,11113,250,-1,-1,1,609,75.7,0,-1.0,0,0,0,639,359
5874,71098,71097625,11108,250,-1,-1,1,628,76.2,0,-1.0,0,0,0,639,359
5875,71110,71108737,11112,250,-1,-1,1,523,76.7,0,-1.0,0,0,0,639,359
5876,71121,71119838,11101,250,-1,-1,1,527,77.2,0,-1.0,0,0,0,639,359
5877,71132,71130949,11111,250,-1,-1,1,525,77.6,0,-1.0,0,0,0,639,359
5878,71143,71142055,11106,250,-1,-1,1,524,78.0,1,-1.0,0,0,0,639,359
5879,71154,71153169,11114,250,-1,-1,1,545,78.2,0,-1.0,0,0,0,639,359
5880,71165,71164284,11115,250,-1,-1,1,529,78.5,0,-1.0,0,0,0,639,359
5881,71176,71175388,11104,250,-1,-1,1,610,78.9,0,-1.0,0,0,0,639,359
5882,71187,71186490,11102,250,-1,-1,1,611,79.2,0,-1.0,0,0,0,639,359
5883,71198,71197604,11114,250,-1,-1,1,635,79.5,0,-1.0,0,0,0,639,359
5884,71210,71208714,11110,250,-1,-1,1,526,79.6,0,-1.0,0,0,0,639,359
5885,71221,71219822,11108,250,-1,-1,1,525,80.1,0,-1.0,0,0,0,639,359
5886,71232,71230931,11109,250,-1,-1,1,527,80.4,0,-1.0,0,0,0,639,359
5887,71243,71242037,11106,250,-1,-1,1,526,80.6,1,-1.0,0,0,0,639,359
5888,71254,71253151,11114,250,-1,-1,1,528,80.7,0,-1.0,0,0,0,639,359
5889,71265,71264264,11113,250,-1,-1,1,541,80.9,0,-1.0,0,0,0,639,359
5890,71276,71275370,11106,250,-1,-1,1,635,81.1,0,-1.0,0,0,0,639,359
5891,71287,71286485,11115,250,-1,-1,1,614,81.3,0,-1.0,0,0,0,639,359
5892,71298,71297586,11101,250,-1,-1,1,633,81.6,0,-1.0,0,0,0,639,359
5893,71310,71308702,11116,250,-1,-1,1,525,81.7,0,-1.0,0,0,0,639,359
5894,71321,71319804,11102,250,-1,-1,1,528,81.9,0,-1.0,0,0,0,639,359
5895,71332,71330913,11109,250,-1,-1,1,526,82.1,0,-1.0,0,0,0,639,359
5896,71343,71342021,11108,250,-1,-1,1,525,82.3,1,-1.0,0,0,0,639,359
5897,71354,71353137,11116,250,-1,-1,1,533,82.5,0,-1.0,0,0,0,639,359
5898,71365,71364243,11106,250,-1,-1,1,527,82.5,0,-1.0,0,0,0,639,359
5899,71376,71375356,11113,250,-1,-1,1,633,82.6,0,-1.0,0,0,0,639,359
5900,71387,71386463,11107,250,-1,-1,1,611,82.8,0,-1.0,0,0,0,639,359
5901,71398,71397571,11108,250,-1,-1,1,628,82.9,0,-1.0,0,0,0,639,359
5902,71410,71408680,11109,250,-1,-1,1,525,83.1,0,-1.0,0,0,0,639,359
5903,71421,71419789,11109,250,-1,-1,1,526,83.2,0,-1.0,0,0,0,639,359
5904,71432,71430893,11104,250,-1,-1,1,525,83.3,0,-1.0,0,0,0,639,359
5905,71443,71442004,11111,250,-1,-1,1,527,83.5,1,-1.0,0,0,0,639,359
5906,71454,71453118,11114,250,-1,-1,1,544,83.6,0,-1.0,0,0,0,639,359
5907,71465,71464229,11111,250,-1,-1,1,526,83.6,0,-1.0,0,0,0,639,359
5908,71476,71475333,11104,250,-1,-1,1,524,83.7,0,-1.0,0,0,0,639,359
5909,71487,71486446,11113,250,-1,-1,1,606,83.8,0,-1.0,0,0,0,639,359
5910,71498,71497552,11106,250,-1,-1,1,626,83.9,0,-1.0,0,0,0,639,359
5911,71510,71508666,11114,250,-1,-1,1,524,84.0,0,-1.0,0,0,0,639,359
5912,71521,71519792,11126,250,-1,-1,1,525,84.1,0,-1.0,0,0,0,639,359
5913,71532,71530878,11086,250,-1,-1,1,525,84.2,0,-1.0,0,0,0,639,359
5914,71543,71541989,11111,250,-1,-1,1,525,84.3,1,-1.0,0,0,0,639,359
5915,71554,71553101,11112,250,-1,-1,1,547,84.4,0,-1.0,0,0,0,639,359
5916,71565,71564211,11110,250,-1,-1,1,545,84.4,0,-1.0,0,0,0,639,359
5917,71576,71575319,11108,250,-1,-1,1,542,84.5,0,-1.0,0,0,0,639,359
5918,71587,71586425,11106,250,-1,-1,1,633,84.6,0,-1.0,0,0,0,639,359
5919,71598,71597535,11110,250,-1,-1,1,527,84.7,0,-1.0,0,0,0,639,359
5920,71609,71608643,11108,250,-1,-1,1,632,84.7,0,-1.0,0,0,0,639,359
5921,71621,71619755,11112,250,-1,-1,1,526,84.8,0,-1.0,0,0,0,639,359
5922,71632,71630861,11106,250,-1,-1,1,526,84.9,0,-1.0,0,0,0,639,359
5923,71643,71641970,11109,250,-1,-1,1,527,85.0,1,-1.0,0,0,0,639,359
5924,71654,71653084,11114,250,-1,-1,1,532,85.1,0,-1.0,0,0,0,639,359
5925,71665,71664195,11111,250,-1,-1,1,547,85.0,0,-1.0,0,0,0,639,359
5926,71676,71675301,11106,250,-1,-1,1,525,85.1,0,-1.0,0,0,0,639,359
5927,71687,71686416,11115,250,-1,-1,1,631,85.2,0,-1.0,0,0,0,639,359
5928,71698,71697514,11098,250,-1,-1,1,632,85.2,0,-1.0,0,0,0,639,359
5929,71709,71708631,11117,250,-1,-1,1,526,85.3,0,-1.0,0,0,0,639,359
5930,71721,71719735,11104,250,-1,-1,1,528,85.4,0,-1.0,0,0,0,639,359
5931,71732,71730841,11106,250,-1,-1,1,526,85.4,0,-1.0,0,0,0,639,359
5932,71743,71741952,11111,250,-1,-1,1,527,85.5,1,-1.0,0,0,0,639,359
5933,71754,71753069,11117,250,-1,-1,1,532,85.6,0,-1.0,0,0,0,639,359
5934,71765,71764176,11107,250,-1,-1,1,527,85.5,0,-1.0,0,0,0,639,359
5935,71776,71775284,11108,250,-1,-1,1,633,85.6,0,-1.0,0,0,0,639,359
5936,71787,71786392,11108,250,-1,-1,1,611,85.7,0,-1.0,0,0,0,639,359
5937,71816,71808602,22210,250,-1,-1,1,1047,34.5,0,-1.0,0,0,0,639,359
5938,71821,71819733,11131,250,-1,-1,1,525,60.6,0,-1.0,0,0,0,639,359
5939,71832,71830830,11097,250,-1,-1,1,524,68.2,0,-1.0,0,0,0,639,359
5940,71980,71841939,11109,250,-1,-1,1,525,20.7,0,-1.0,0,0,0,639,359
5941,71981,71975229,133290,250,-1,-1,1,521,25.8,1,-1.0,0,0,0,639,359
5942,71987,71986372,11143,250,-1,-1,1,526,30.0,0,-1.0,0,0,0,639,359
5943,71998,71997464,11092,250,-1,-1,1,629,33.2,0,-1.0,0,0,0,639,359
5944,72009,72008576,11112,250,-1,-1,1,537,36.0,0,-1.0,0,0,0,639,359
5945,72021,72019689,11113,250,-1,-1,1,533,38.6,0,-1.0,0,0,0,639,359
5946,72032,72030850,11161,250,-1,-1,1,630,41.0,0,-1.0,0,0,0,639,359
5947,72043,72041904,11054,250,-1,-1,1,544,43.1,0,-1.0,0,0,0,639,359
5948,72054,72053014,11110,250,-1,-1,1,626,45.1,0,-1.0,0,0,0,639,359
5949,72065,72064127,11113,250,-1,-1,1,525,46.9,0,-1.0,0,0,0,639,359
5950,72076,72075229,11102,250,-1,-1,1,525,48.4,1,-1.0,0,0,0,639,359
5951,72087,72086347,11118,250,-1,-1,1,545,50.0,0,-1.0,0,0,0,639,359
5952,72098,72097452,11105,250,-1,-1,1,547,51.4,0,-1.0,0,0,0,639,359
5953,72109,72108563,11111,250,-1,-1,1,629,52.8,0,-1.0,0,0,0,639,359
5954,72121,72119669,11106,250,-1,-1,1,607,54.1,0,-1.0,0,0,0,639,359
5955,72132,72130782,11113,250,-1,-1,1,632,55.2,0,-1.0,0,0,0,639,359
5956,72143,72141888,11106,250,-1,-1,1,525,56.3,0,-1.0,0,0,0,639,359
5957,72154,72152996,11108,250,-1,-1,1,528,57.4,0,-1.0,0,0,0,639,359
5958,72165,72164103,11107,250,-1,-1,1,526,58.4,0,-1.0,0,0,0,639,359
5959,72176,72175216,11113,250,-1,-1,1,524,59.1,1,-1.0,0,0,0,639,359
5960,72187,72186327,11111,250,-1,-1,1,542,60.0,0,-1.0,0,0,0,639,359
5961,72198,72197436,11109,250,-1,-1,1,541,60.8,0,-1.0,0,0,0,639,359
5962,72209,72208543,11107,250,-1,-1,1,632,61.6,0,-1.0,0,0,0,639,359
5963,72220,72219651,11108,250,-1,-1,1,607,62.4,0,-1.0,0,0,0,639,359
5964,72232,72230763,11112,250,-1,-1,1,631,63.1,0,-1.0,0,0,0,639,359
5965,72243,72241872,11109,250,-1,-1,1,524,63.7,0,-1.0,0,0,0,639,359
5966,72254,72252977,11105,250,-1,-1,1,526,64.4,0,-1.0,0,0,0,639,359
5967,72265,72264088,11111,250,-1,-1,1,529,65.0,0,-1.0,0,0,0,639,359
5968,72276,72275194,11106,250,-1,-1,1,524,65.4,1,-1.0,0,0,0,639,359
5969,72287,72286311,11117,250,-1,-1,1,545,66.0,0,-1.0,0,0,0,639,359
5970,72298,72297422,11111,250,-1,-1,1,548,66.5,0,-1.0,0,0,0,639,359
5971,72309,72308528,11106,250,-1,-1,1,545,67.0,0,-1.0,0,0,0,639,359
5972,72320,72319635,11107,250,-1,-1,1,634,67.5,0,-1.0,0,0,0,639,359
5973,72332,72330746,11111,250,-1,-1,1,629,68.0,0,-1.0,0,0,0,639,359
5974,72343,72341851,11105,250,-1,-1,1,611,68.5,0,-1.0,0,0,0,639,359
5975,72354,72352959,11108,250,-1,-1,1,526,68.9,0,-1.0,0,0,0,639,359
5976,72365,72364069,11110,250,-1,-1,1,526,69.3,0,-1.0,0,0,0,639,359
5977,72376,72375178,11109,250,-1,-1,1,527,69.6,1,-1.0,0,0,0,639,359
5978,72387,72386291,11113,250,-1,-1,1,529,70.0,0,-1.0,0,0,0,639,359
5979,72398,72397404,11113,250,-1,-1,1,526,70.4,0,-1.0,0,0,0,639,359
5980,72409,72408505,11101,250,-1,-1,1,606,70.7,0,-1.0,0,0,0,639,359
5981,72420,72419622,11117,250,-1,-1,1,614,71.1,0,-1.0,0,0,0,639,359
5982,72432,72430723,11101,250,-1,-1,1,634,71.4,0,-1.0,0,0,0,639,359
5983,72443,72441839,11116,250,-1,-1,1,525,71.8,0,-1.0,0,0,0,639,359
5984,72454,72452942,11103,250,-1,-1,1,528,72.1,0,-1.0,0,0,0,639,359
5985,72465,72464055,11113,250,-1,-1,1,525,72.4,0,-1.0,0,0,0,639,359
5986,72476,72475159,11104,250,-1,-1,1,527,72.7,1,-1.0,0,0,0,639,359
5987,72487,72486274,11115,250,-1,-1,1,532,72.9,0,-1.0,0,0,0,639,359
5988,72498,72497382,11108,250,-1,-1,1,527,73.1,0,-1.0,0,0,0,639,359
5989,72509,72508493,11111,250,-1,-1,1,634,73.4,0,-1.0,0,0,0,639,359
5990,72520,72519599,11106,250,-1,-1,1,614,73.7,0,-1.0,0,0,0,639,359
5991,72532,72530710,11111,250,-1,-1,1,627,73.9,0,-1.0,0,0,0,639,359
5992,72543,72541822,11112,250,-1,-1,1,525,74.2,0,-1.0,0,0,0,639,359
5993,72554,72552928,11106,250,-1,-1,1,526,74.4,0,-1.0,0,0,0,639,359
5994,72565,72564034,11106,250,-1,-1,1,526,74.6,0,-1.0,0,0,0,639,359
5995,72576,72575143,11109,250,-1,-1,1,525,74.9,1,-1.0,0,0,0,639,359
5996,72587,72586257,11114,250,-1,-1,1,547,75.0,0,-1.0,0,0,0,639,359
5997,72598,72597368,11111,250,-1,-1,1,542,75.2,0,-1.0,0,0,0,639,359
5998,72610,72608474,11106,250,-1,-1,1,526,75.4,0,-1.0,0,0,0,639,359
5999,72620,72619585,11111,250,-1,-1,1,632,75.6,0,-1.0,0,0,0,639,359
6000,72632,72630688,11103,250,-1,-1,1,639,75.8,0,-1.0,0,0,0,639,359
6001,72643,72641802,11114,250,-1,-1,1,524,76.0,0,-1.0,0,0,0,639,359
6002,72654,72652908,11106,250,-1,-1,1,528,76.2,0,-1.0,0,0,0,639,359
6003,72665,72664020,11112,250,-1,-1,1,542,76.4,0,-1.0,0,0,0,639,359
6004,72676,72675126,11106,250,-1,-1,1,526,76.6,1,-1.0,0,0,0,639,359
6005,72687,72686240,11114,250,-1,-1,1,528,76.7,0,-1.0,0,0,0,639,359
6006,72698,72697351,11111,250,-1,-1,1,546,76.8,0,-1.0,0,0,0,639,359
6007,72709,72708460,11109,250,-1,-1,1,633,77.0,0,-1.0,0,0,0,639,359
6008,72720,72719568,11108,250,-1,-1,1,525,77.2,0,-1.0,0,0,0,639,359
6009,72732,72730679,11111,250,-1,-1,1,629,77.3,0,-1.0,0,0,0,639,359
6010,72743,72741783,11104,250,-1,-1,1,528,77.5,0,-1.0,0,0,0,639,359
6011,72754,72752892,11109,250,-1,-1,1,528,77.6,0,-1.0,0,0,0,639,359
6012,72765,72763998,11106,250,-1,-1,1,527,77.8,0,-1.0,0,0,0,639,359
6013,72776,72775109,11111,250,-1,-1,1,526,77.9,1,-1.0,0,0,0,639,359
6014,72787,72786223,11114,250,-1,-1,1,529,78.0,0,-1.0,0,0,0,639,359
6015,72851,72841765,55542,250,-1,-1,1,711,15.6,0,-1.0,0,0,0,639,359
6016,72854,72852865,11100,250,-1,-1,1,525,29.9,0,-1.0,0,0,0,639,359
6017,72865,72863986,11121,250,-1,-1,1,524,39.0,0,-1.0,0,0,0,639,359
6018,72876,72875094,11108,250,-1,-1,1,524,45.5,0,-1.0,0,0,0,639,359
6019,72887,72886203,11109,250,-1,-1,1,525,50.0,0,-1.0,0,0,0,639,359
6020,72898,72897312,11109,250,-1,-1,1,525,54.1,0,-1.0,0,0,0,639,359
6021,72909,72908423,11111,250,-1,-1,1,525,57.4,0,-1.0,0,0,0,639,359
6022,72920,72919528,11105,250,-1,-1,1,528,60.2,1,-1.0,0,0,0,639,359
6023,72931,72930643,11115,250,-1,-1,1,539,62.5,0,-1.0,0,0,0,639,359
6024,72943,72941751,11108,250,-1,-1,1,534,64.5,0,-1.0,0,0,0,639,359
6025,72954,72952864,11113,250,-1,-1,1,525,66.3,0,-1.0,0,0,0,639,359
6026,72965,72963974,11110,250,-1,-1,1,628,67.8,0,-1.0,0,0,0,639,359
6027,72976,72975082,11108,250,-1,-1,1,634,68.8,0,-1.0,0,0,0,639,359
6028,72987,72986187,11105,250,-1,-1,1,524,70.0,0,-1.0,0,0,0,639,359
6029,72998,72997299,11112,250,-1,-1,1,526,71.1,0,-1.0,0,0,0,639,359
6030,73056,73008406,11107,250,-1,-1,1,608,59.5,0,-1.0,0,0,0,639,359
6031,73057,73052824,44418,250,-1,-1,1,603,63.0,1,-1.0,0,0,0,639,359
6032,73065,73063958,11134,250,-1,-1,1,635,65.0,0,-1.0,0,0,0,639,359
6033,73076,73075061,11103,250,-1,-1,1,538,66.0,0,-1.0,0,0,0,639,359
6034,73087,73086173,11112,250,-1,-1,1,524,66.7,0,-1.0,0,0,0,639,359
6035,73098,73097275,11102,250,-1,-1,1,528,67.5,0,-1.0,0,0,0,639,359
6036,73109,73108390,11115,250,-1,-1,1,628,68.3,0,-1.0,0,0,0,639,359
6037,73120,73119496,11106,250,-1,-1,1,527,69.1,0,-1.0,0,0,0,639,359
6038,73131,73130612,11116,250,-1,-1,1,546,69.8,0,-1.0,0,0,0,639,359
6039,73143,73141718,11106,250,-1,-1,1,527,70.4,0,-1.0,0,0,0,639,359
6040,73154,73152830,11112,250,-1,-1,1,626,71.0,1,-1.0,0,0,0,639,359
6041,73165,73163938,11108,250,-1,-1,1,633,71.6,0,-1.0,0,0,0,639,359
6042,73176,73175048,11110,250,-1,-1,1,524,72.0,0,-1.0,0,0,0,639,359
6043,73187,73186153,11105,250,-1,-1,1,543,72.5,0,-1.0,0,0,0,639,359
6044,73198,73197265,11112,250,-1,-1,1,538,73.0,0,-1.0,0,0,0,639,359
6045,73209,73208373,11108,250,-1,-1,1,632,73.5,0,-1.0,0,0,0,639,359
6046,73221,73219481,11108,250,-1,-1,1,526,73.9,0,-1.0,0,0,0,639,359
6047,73231,73230590,11109,250,-1,-1,1,630,74.3,0,-1.0,0,0,0,639,359
6048,73243,73241699,11109,250,-1,-1,1,527,74.7,0,-1.0,0,0,0,639,359
6049,73254,73252801,11102,250,-1,-1,1,523,75.1,1,-1.0,0,0,0,639,359
6050,73265,73263922,11121,250,-1,-1,1,545,75.5,0,-1.0,0,0,0,639,359
6051,73276,73275028,11106,250,-1,-1,1,544,75.8,0,-1.0,0,0,0,639,359
6052,73287,73286143,11115,250,-1,-1,1,526,76.0,0,-1.0,0,0,0,639,359
6053,73298,73297247,11104,250,-1,-1,1,628,76.3,0,-1.0,0,0,0,639,359
6054,73309,73308356,11109,250,-1,-1,1,633,76.6,0,-1.0,0,0,0,639,359
6055,73320,73319463,11107,250,-1,-1,1,525,76.9,0,-1.0,0,0,0,639,359
6056,73331,73330574,11111,250,-1,-1,1,527,77.2,0,-1.0,0,0,0,639,359
6057,73342,73341678,11104,250,-1,-1,1,525,77.5,0,-1.0,0,0,0,639,359
6058,73354,73352791,11113,250,-1,-1,1,528,77.7,1,-1.0,0,0,0,639,359
6059,73365,73363904,11113,250,-1,-1,1,545,78.0,0,-1.0,0,0,0,639,359
6060,73376,73375013,11109,250,-1,-1,1,546,78.2,0,-1.0,0,0,0,639,359
6061,73387,73386121,11108,250,-1,-1,1,525,78.3,0,-1.0,0,0,0,639,359
6062,73398,73397234,11113,250,-1,-1,1,628,78.6,0,-1.0,0,0,0,639,359
6063,73409,73408335,11101,250,-1,-1,1,631,78.8,0,-1.0,0,0,0,639,359
6064,73420,73419450,11115,250,-1,-1,1,527,79.0,0,-1.0,0,0,0,639,359
6065,73431,73430553,11103,250,-1,-1,1,523,79.2,0,-1.0,0,0,0,639,359
6066,73442,73441661,11108,250,-1,-1,1,528,79.4,0,-1.0,0,0,0,639,359
6067,73454,73452774,11113,250,-1,-1,1,528,79.6,1,-1.0,0,0,0,639,359
6068,73465,73463886,11112,250,-1,-1,1,529,79.8,0,-1.0,0,0,0,639,359
6069,73476,73474992,11106,250,-1,-1,1,544,79.9,0,-1.0,0,0,0,639,359
6070,73487,73486105,11113,250,-1,-1,1,524,80.0,0,-1.0,0,0,0,639,359
6071,73498,73497213,11108,250,-1,-1,1,626,80.2,0,-1.0,0,0,0,639,359
6072,73509,73508321,11108,250,-1,-1,1,632,80.3,0,-1.0,0,0,0,639,359
6073,73520,73519430,11109,250,-1,-1,1,537,80.5,0,-1.0,0,0,0,639,359
6074,73531,73530538,11108,250,-1,-1,1,525,80.6,0,-1.0,0,0,0,639,359
6075,73542,73541643,11105,250,-1,-1,1,527,80.8,0,-1.0,0,0,0,639,359
6076,73554,73552752,11109,250,-1,-1,1,526,80.9,1,-1.0,0,0,0,639,359
6077,73565,73563869,11117,250,-1,-1,1,534,81.1,0,-1.0,0,0,0,639,359
6078,73576,73574978,11109,250,-1,-1,1,532,81.2,0,-1.0,0,0,0,639,359
6079,73587,73586087,11109,250,-1,-1,1,526,81.2,0,-1.0,0,0,0,639,359
6080,73598,73597196,11109,250,-1,-1,1,628,81.4,0,-1.0,0,0,0,639,359
6081,73609,73608302,11106,250,-1,-1,1,623,81.5,0,-1.0,0,0,0,639,359
6082,73620,73619415,11113,250,-1,-1,1,524,81.6,0,-1.0,0,0,0,639,359
6083,73631,73630522,11107,250,-1,-1,1,525,81.8,0,-1.0,0,0,0,639,359
6084,73642,73641629,11107,250,-1,-1,1,525,81.9,0,-1.0,0,0,0,639,359
6085,73654,73652735,11106,250,-1,-1,1,526,82.0,1,-1.0,0,0,0,639,359
6086,73665,73663850,11115,250,-1,-1,1,546,82.1,0,-1.0,0,0,0,639,359
6087,73676,73674956,11106,250,-1,-1,1,544,82.2,0,-1.0,0,0,0,639,359
6088,73687,73686069,11113,250,-1,-1,1,525,82.2,0,-1.0,0,0,0,639,359
6089,73698,73697180,11111,250,-1,-1,1,622,82.3,0,-1.0,0,0,0,639,359
6090,73709,73708283,11103,250,-1,-1,1,630,82.4,0,-1.0,0,0,0,639,359
6091,73720,73719397,11114,250,-1,-1,1,524,82.5,0,-1.0,0,0,0,639,359
6092,73731,73730500,11103,250,-1,-1,1,529,82.6,0,-1.0,0,0,0,639,359
6093,73742,73741608,11108,250,-1,-1,1,528,82.7,0,-1.0,0,0,0,639,359
6094,73754,73752720,11112,250,-1,-1,1,525,82.8,1,-1.0,0,0,0,639,359
6095,73765,73763835,11115,250,-1,-1,1,547,82.9,0,-1.0,0,0,0,639,359
6096,73776,73774946,11111,250,-1,-1,1,546,83.0,0,-1.0,0,0,0,639,359
6097,73787,73786050,11104,250,-1,-1,1,524,83.0,0,-1.0,0,0,0,639,359
6098,73831,73830478,44428,250,-1,-1,1,585,22.7,0,-1.0,0,0,0,639,359
6099,73842,73841596,11118,250,-1,-1,1,528,36.4,0,-1.0,0,0,0,639,359
6100,73853,73852700,11104,250,-1,-1,1,525,45.5,0,-1.0,0,0,0,639,359
6101,73865,73863811,11111,250,-1,-1,1,526,51.9,0,-1.0,0,0,0,639,359
6102,73876,73874919,11108,250,-1,-1,1,528,56.8,0,-1.0,0,0,0,639,359
6103,73887,73886031,11112,250,-1,-1,1,528,60.6,1,-1.0,0,0,0,639,359
6104,73898,73897144,11113,250,-1,-1,1,544,63.1,0,-1.0,0,0,0,639,359
6105,73909,73908254,11110,250,-1,-1,1,546,65.6,0,-1.0,0,0,0,639,359
6106,73920,73919364,11110,250,-1,-1,1,527,67.7,0,-1.0,0,0,0,639,359
6107,73931,73930473,11109,250,-1,-1,1,628,69.4,0,-1.0,0,0,0,639,359
6108,73942,73941576,11103,250,-1,-1,1,632,71.0,0,-1.0,0,0,0,639,359
6109,73954,73952691,11115,250,-1,-1,1,526,72.3,0,-1.0,0,0,0,639,359
6110,73965,73963795,11104,250,-1,-1,1,528,73.4,0,-1.0,0,0,0,639,359
6111,73976,73974904,11109,250,-1,-1,1,527,74.5,0,-1.0,0,0,0,639,359
6112,73987,73986012,11108,250,-1,-1,1,526,75.4,1,-1.0,0,0,0,639,359
6113,73998,73997129,11117,250,-1,-1,1,528,75.8,0,-1.0,0,0,0,639,359
6114,74009,74008235,11106,250,-1,-1,1,528,76.6,0,-1.0,0,0,0,639,359
6115,74020,74019344,11109,250,-1,-1,1,525,77.3,0,-1.0,0,0,0,639,359
6116,74031,74030456,11112,250,-1,-1,1,626,77.9,0,-1.0,0,0,0,639,359
6117,74042,74041561,11105,250,-1,-1,1,629,78.4,0,-1.0,0,0,0,639,359
6118,74053,74052675,11114,250,-1,-1,1,526,78.9,0,-1.0,0,0,0,639,359
6119,74065,74063780,11105,250,-1,-1,1,524,79.4,0,-1.0,0,0,0,639,359
6120,74135,74074884,11104,250,-1,-1,1,606,66.1,0,-1.0,0,0,0,639,359
6121,74136,74130418,55534,250,-1,-1,1,623,69.0,1,-1.0,0,0,0,639,359
6122,74142,74141555,11137,250,-1,-1,1,634,70.4,0,-1.0,0,0,0,639,359
6123,74153,74152656,11101,250,-1,-1,1,525,71.0,0,-1.0,0,0,0,639,359
6124,74165,74163764,11108,250,-1,-1,1,528,71.6,0,-1.0,0,0,0,639,359
6125,74176,74174873,11109,250,-1,-1,1,526,72.2,0,-1.0,0,0,0,639,359
6126,74187,74185982,11109,250,-1,-1,1,632,72.7,0,-1.0,0,0,0,639,359
6127,74198,74197095,11113,250,-1,-1,1,525,73.2,0,-1.0,0,0,0,639,359
6128,74209,74208202,11107,250,-1,-1,1,545,73.5,0,-1.0,0,0,0,639,359
6129,74220,74219312,11110,250,-1,-1,1,542,73.9,0,-1.0,0,0,0,639,359
6130,74231,74230419,11107,250,-1,-1,1,629,74.3,1,-1.0,0,0,0,639,359
6131,74242,74241532,11113,250,-1,-1,1,526,74.7,0,-1.0,0,0,0,639,359
6132,74253,74252641,11109,250,-1,-1,1,633,75.1,0,-1.0,0,0,0,639,359
6133,74265,74263749,11108,250,-1,-1,1,526,75.5,0,-1.0,0,0,0,639,359
6134,74276,74274858,11109,250,-1,-1,1,547,75.8,0,-1.0,0,0,0,639,359
6135,74287,74285969,11111,250,-1,-1,1,527,76.2,0,-1.0,0,0,0,639,359
6136,74299,74297079,11110,250,-1,-1,1,639,76.2,0,-1.0,0,0,0,639,359
6137,74310,74308190,11111,250,-1,-1,1,528,76.6,0,-1.0,0,0,0,639,359
6138,74320,74319295,11105,250,-1,-1,1,627,76.9,0,-1.0,0,0,0,639,359
6139,74331,74330406,11111,250,-1,-1,1,526,77.2,1,-1.0,0,0,0,639,359
6140,74342,74341513,11107,250,-1,-1,1,526,77.5,0,-1.0,0,0,0,639,359
6141,74353,74352622,11109,250,-1,-1,1,542,77.7,0,-1.0,0,0,0,639,359
6142,74365,74363728,11106,250,-1,-1,1,630,78.0,0,-1.0,0,0,0,639,359
6143,74376,74374842,11114,250,-1,-1,1,527,78.2,0,-1.0,0,0,0,639,359
6144,74387,74385945,11103,250,-1,-1,1,630,78.5,0,-1.0,0,0,0,639,359
6145,74398,74397059,11114,250,-1,-1,1,527,78.7,0,-1.0,0,0,0,639,359
6146,74409,74408163,11104,250,-1,-1,1,525,78.8,0,-1.0,0,0,0,639,359
6147,74420,74419274,11111,250,-1,-1,1,526,79.0,0,-1.0,0,0,0,639,359
6148,74431,74430381,11107,250,-1,-1,1,524,79.2,1,-1.0,0,0,0,639,359
6149,74442,74441498,11117,250,-1,-1,1,544,79.4,0,-1.0,0,0,0,639,359
6150,74453,74452604,11106,250,-1,-1,1,546,79.6,0,-1.0,0,0,0,639,359
6151,74465,74463713,11109,250,-1,-1,1,526,79.6,0,-1.0,0,0,0,639,359
6152,74476,74474824,11111,250,-1,-1,1,628,79.9,0,-1.0,0,0,0,639,359
6153,74487,74485927,11103,250,-1,-1,1,631,80.1,0,-1.0,0,0,0,639,359
6154,74498,74497038,11111,250,-1,-1,1,630,80.2,0,-1.0,0,0,0,639,359
6155,74509,74508147,11109,250,-1,-1,1,528,80.4,0,-1.0,0,0,0,639,359
6156,74520,74519254,11107,250,-1,-1,1,526,80.5,0,-1.0,0,0,0,639,359
6157,74531,74530365,11111,250,-1,-1,1,525,80.6,1,-1.0,0,0,0,639,359
6158,74542,74541478,11113,250,-1,-1,1,546,80.8,0,-1.0,0,0,0,639,359
6159,74553,74552588,11110,250,-1,-1,1,546,80.9,0,-1.0,0,0,0,639,359
6160,74565,74563696,11108,250,-1,-1,1,526,81.0,0,-1.0,0,0,0,639,359
6161,74576,74574808,11112,250,-1,-1,1,628,81.2,0,-1.0,0,0,0,639,359
6162,74587,74585913,11105,250,-1,-1,1,632,81.4,0,-1.0,0,0,0,639,359
6163,74598,74597023,11110,250,-1,-1,1,525,81.5,0,-1.0,0,0,0,639,359
6164,74609,74608129,11106,250,-1,-1,1,525,81.6,0,-1.0,0,0,0,639,359
6165,74620,74619242,11113,250,-1,-1,1,527,81.6,0,-1.0,0,0,0,639,359
6166,74631,74630345,11103,250,-1,-1,1,526,81.8,1,-1.0,0,0,0,639,359
6167,74642,74641459,11114,250,-1,-1,1,546,81.9,0,-1.0,0,0,0,639,359
6168,74653,74652571,11112,250,-1,-1,1,544,82.0,0,-1.0,0,0,0,639,359
6169,74665,74663680,11109,250,-1,-1,1,526,82.0,0,-1.0,0,0,0,639,359
6170,74676,74674789,11109,250,-1,-1,1,634,82.2,0,-1.0,0,0,0,639,359
6171,74687,74685899,11110,250,-1,-1,1,523,82.3,0,-1.0,0,0,0,639,359
6172,74698,74697009,11110,250,-1,-1,1,633,82.3,0,-1.0,0,0,0,639,359
6173,74709,74708145,11136,250,-1,-1,1,525,82.4,0,-1.0,0,0,0,639,359
6174,74720,74719220,11075,250,-1,-1,1,526,82.5,0,-1.0,0,0,0,639,359
6175,74731,74730331,11111,250,-1,-1,1,526,82.6,1,-1.0,0,0,0,639,359
6176,74742,74741442,11111,250,-1,-1,1,534,82.7,0,-1.0,0,0,0,639,359
6177,74753,74752555,11113,250,-1,-1,1,528,82.8,0,-1.0,0,0,0,639,359
6178,74765,74763661,11106,250,-1,-1,1,526,82.8,0,-1.0,0,0,0,639,359
6179,74776,74774773,11112,250,-1,-1,1,630,83.0,0,-1.0,0,0,0,639,359
6180,74787,74785881,11108,250,-1,-1,1,637,83.1,0,-1.0,0,0,0,639,359
6181,74798,74796990,11109,250,-1,-1,1,525,83.2,0,-1.0,0,0,0,639,359
6182,74810,74808098,11108,250,-1,-1,1,526,76.9,0,-1.0,0,0,0,639,359
6183,74820,74819204,11106,250,-1,-1,1,526,87.0,0,-1.0,0,0,0,639,359
6184,74831,74830313,11109,250,-1,-1,1,524,88.2,1,-1.0,0,0,0,639,359
6185,74842,74841429,11116,250,-1,-1,1,547,88.9,0,-1.0,0,0,0,639,359
6186,74853,74852531,11102,250,-1,-1,1,547,89.3,0,-1.0,0,0,0,639,359
6187,74864,74863647,11116,250,-1,-1,1,543,89.6,0,-1.0,0,0,0,639,359
6188,74876,74874753,11106,250,-1,-1,1,631,89.7,0,-1.0,0,0,0,639,359
6189,74887,74885909,11156,250,-1,-1,1,534,89.9,0,-1.0,0,0,0,639,359
6190,74898,74896974,11065,250,-1,-1,1,628,90.0,0,-1.0,0,0,0,639,359
6191,74909,74908084,11110,250,-1,-1,1,526,90.1,0,-1.0,0,0,0,639,359
6192,74920,74919186,11102,250,-1,-1,1,526,89.4,0,-1.0,0,0,0,639,359
6193,74931,74930297,11111,250,-1,-1,1,525,89.6,1,-1.0,0,0,0,639,359
6194,74942,74941408,11111,250,-1,-1,1,529,89.7,0,-1.0,0,0,0,639,359
6195,74953,74952520,11112,250,-1,-1,1,545,89.7,0,-1.0,0,0,0,639,359
6196,74965,74963627,11107,250,-1,-1,1,527,89.3,0,-1.0,0,0,0,639,359
6197,74976,74974739,11112,250,-1,-1,1,630,89.9,0,-1.0,0,0,0,639,359
6198,74987,74985847,11108,250,-1,-1,1,634,89.9,0,-1.0,0,0,0,639,359
6199,74998,74996955,11108,250,-1,-1,1,525,90.0,0,-1.0,0,0,0,639,359
6200,75009,75008059,11104,250,-1,-1,1,523,90.0,0,-1.0,0,0,0,639,359
6201,75020,75019171,11112,250,-1,-1,1,525,89.7,0,-1.0,0,0,0,639,359
6202,75031,75030276,11105,250,-1,-1,1,524,89.7,1,-1.0,0,0,0,639,359
6203,75042,75041394,11118,250,-1,-1,1,535,89.8,0,-1.0,0,0,0,639,359
6204,75053,75052502,11108,250,-1,-1,1,531,89.8,0,-1.0,0,0,0,639,359
6205,75065,75063611,11109,250,-1,-1,1,526,89.6,0,-1.0,0,0,0,639,359
6206,75076,75074719,11108,250,-1,-1,1,606,89.9,0,-1.0,0,0,0,639,359
6207,75087,75085826,11107,250,-1,-1,1,627,90.0,0,-1.0,0,0,0,639,359
6208,75098,75096938,11112,250,-1,-1,1,525,90.0,0,-1.0,0,0,0,639,359
6209,75109,75108048,11110,250,-1,-1,1,524,90.0,0,-1.0,0,0,0,639,359
6210,75193,75119153,11105,250,-1,-1,1,1204,73.2,0,-1.0,0,0,0,639,359
6211,75194,75185794,66641,250,-1,-1,1,604,75.6,1,-1.0,0,0,0,639,359
6212,75198,75196936,11142,250,-1,-1,1,629,77.5,0,-1.0,0,0,0,639,359
6213,75209,75208029,11093,250,-1,-1,1,557,77.9,0,-1.0,0,0,0,639,359
6214,75220,75219136,11107,250,-1,-1,1,525,78.2,0,-1.0,0,0,0,639,359
6215,75231,75230244,11108,250,-1,-1,1,524,78.3,0,-1.0,0,0,0,639,359
6216,75242,75241360,11116,250,-1,-1,1,628,78.7,0,-1.0,0,0,0,639,359
6217,75253,75252466,11106,250,-1,-1,1,546,78.9,0,-1.0,0,0,0,639,359
6218,75264,75263581,11115,250,-1,-1,1,545,79.2,0,-1.0,0,0,0,639,359
6219,75276,75274683,11102,250,-1,-1,1,544,79.5,0,-1.0,0,0,0,639,359
6220,75287,75285796,11113,250,-1,-1,1,634,79.8,1,-1.0,0,0,0,639,359
6221,75298,75297080,11284,250,-1,-1,1,604,79.8,0,-1.0,0,0,0,639,359
6222,75309,75308016,10936,250,-1,-1,1,641,80.1,0,-1.0,0,0,0,639,359
6223,75320,75319123,11107,250,-1,-1,1,542,80.5,0,-1.0,0,0,0,639,359
6224,75331,75330230,11107,250,-1,-1,1,539,80.5,0,-1.0,0,0,0,639,359
6225,75342,75341339,11109,250,-1,-1,1,626,80.7,0,-1.0,0,0,0,639,359
6226,75353,75352451,11112,250,-1,-1,1,532,80.9,0,-1.0,0,0,0,639,359
6227,75364,75363561,11110,250,-1,-1,1,627,81.1,0,-1.0,0,0,0,639,359
6228,75376,75374669,11108,250,-1,-1,1,526,81.3,0,-1.0,0,0,0,639,359
6229,75387,75385773,11104,250,-1,-1,1,524,81.5,1,-1.0,0,0,0,639,359
6230,75398,75396889,11116,250,-1,-1,1,546,81.7,0,-1.0,0,0,0,639,359
6231,75409,75407997,11108,250,-1,-1,1,543,81.8,0,-1.0,0,0,0,639,359
6232,75420,75419103,11106,250,-1,-1,1,547,82.0,0,-1.0,0,0,0,639,359
6233,75431,75430211,11108,250,-1,-1,1,628,82.0,0,-1.0,0,0,0,639,359
6234,75442,75441368,11157,250,-1,-1,1,633,82.2,0,-1.0,0,0,0,639,359
6235,75453,75452433,11065,250,-1,-1,1,626,82.3,0,-1.0,0,0,0,639,359
6236,75464,75463537,11104,250,-1,-1,1,529,82.5,0,-1.0,0,0,0,639,359
6237,75475,75474644,11107,250,-1,-1,1,526,82.6,0,-1.0,0,0,0,639,359
6238,75487,75485758,11114,250,-1,-1,1,525,82.7,1,-1.0,0,0,0,639,359
6239,75498,75496871,11113,250,-1,-1,1,543,82.9,0,-1.0,0,0,0,639,359
6240,75509,75507982,11111,250,-1,-1,1,546,83.0,0,-1.0,0,0,0,639,359
6241,75520,75519086,11104,250,-1,-1,1,543,83.1,0,-1.0,0,0,0,639,359
6242,75531,75530196,11110,250,-1,-1,1,629,83.1,0,-1.0,0,0,0,639,359
6243,75542,75541408,11212,250,-1,-1,1,630,83.2,0,-1.0,0,0,0,639,359
6244,75553,75552418,11010,250,-1,-1,1,625,83.3,0,-1.0,0,0,0,639,359
6245,75564,75563518,11100,250,-1,-1,1,527,83.4,0,-1.0,0,0,0,639,359
6246,75575,75574631,11113,250,-1,-1,1,525,83.5,0,-1.0,0,0,0,639,359
6247,75587,75585740,11109,250,-1,-1,1,527,83.7,1,-1.0,0,0,0,639,359
6248,75598,75596855,11115,250,-1,-1,1,546,83.8,0,-1.0,0,0,0,639,359
6249,75609,75607960,11105,250,-1,-1,1,526,83.8,0,-1.0,0,0,0,639,359
6250,75620,75619069,11109,250,-1,-1,1,544,83.9,0,-1.0,0,0,0,639,359
6251,75631,75630180,11111,250,-1,-1,1,631,83.9,0,-1.0,0,0,0,639,359
6252,75642,75641293,11113,250,-1,-1,1,525,84.0,0,-1.0,0,0,0,639,359
6253,75653,75652398,11105,250,-1,-1,1,632,84.1,0,-1.0,0,0,0,639,359
6254,75664,75663507,11109,250,-1,-1,1,525,84.2,0,-1.0,0,0,0,639,359
6255,75675,75674611,11104,250,-1,-1,1,526,84.3,0,-1.0,0,0,0,639,359
6256,75687,75685720,11109,250,-1,-1,1,527,84.4,1,-1.0,0,0,0,639,359
6257,75698,75696835,11115,250,-1,-1,1,544,84.4,0,-1.0,0,0,0,639,359
6258,75709,75707946,11111,250,-1,-1,1,529,84.5,0,-1.0,0,0,0,639,359
6259,75720,75719052,11106,250,-1,-1,1,528,84.6,0,-1.0,0,0,0,639,359
6260,75731,75730164,11112,250,-1,-1,1,628,84.6,0,-1.0,0,0,0,639,359
6261,75742,75741361,11197,250,-1,-1,1,631,84.7,0,-1.0,0,0,0,639,359
6262,75753,75752384,11023,250,-1,-1,1,605,84.7,0,-1.0,0,0,0,639,359
6263,75764,75763486,11102,250,-1,-1,1,525,84.8,0,-1.0,0,0,0,639,359
6264,75775,75774595,11109,250,-1,-1,1,525,84.9,0,-1.0,0,0,0,639,359
6265,75787,75785706,11111,250,-1,-1,1,525,84.9,1,-1.0,0,0,0,639,359
6266,75798,75796825,11119,250,-1,-1,1,548,85.0,0,-1.0,0,0,0,639,359
6267,75862,75852355,55530,250,-1,-1,1,715,15.4,0,-1.0,0,0,0,639,359
6268,75865,75863459,11104,250,-1,-1,1,525,29.9,0,-1.0,0,0,0,639,359
6269,75875,75874579,11120,250,-1,-1,1,526,38.5,0,-1.0,0,0,0,639,359
6270,75886,75885690,11111,250,-1,-1,1,527,44.9,0,-1.0,0,0,0,639,359
6271,75898,75896796,11106,250,-1,-1,1,525,50.0,0,-1.0,0,0,0,639,359
6272,75909,75907909,11113,250,-1,-1,1,526,54.1,0,-1.0,0,0,0,639,359
6273,75920,75919016,11107,250,-1,-1,1,524,57.4,0,-1.0,0,0,0,639,359
6274,75931,75930124,11108,250,-1,-1,1,523,60.2,1,-1.0,0,0,0,639,359
6275,75942,75941236,11112,250,-1,-1,1,547,62.1,0,-1.0,0,0,0,639,359
6276,75953,75952345,11109,250,-1,-1,1,545,64.1,0,-1.0,0,0,0,639,359
6277,75964,75963458,11113,250,-1,-1,1,540,65.9,0,-1.0,0,0,0,639,359
6278,75975,75974566,11108,250,-1,-1,1,634,67.4,0,-1.0,0,0,0,639,359
6279,75987,75985674,11108,250,-1,-1,1,635,68.8,0,-1.0,0,0,0,639,359
6280,75998,75996785,11111,250,-1,-1,1,631,70.0,0,-1.0,0,0,0,639,359
6281,76009,76007889,11104,250,-1,-1,1,524,71.1,0,-1.0,0,0,0,639,359
6282,76020,76019002,11113,250,-1,-1,1,525,72.1,0,-1.0,0,0,0,639,359
6283,76031,76030105,11103,250,-1,-1,1,524,73.0,1,-1.0,0,0,0,639,359
6284,76042,76041220,11115,250,-1,-1,1,547,73.5,0,-1.0,0,0,0,639,359
6285,76053,76052329,11109,250,-1,-1,1,546,74.2,0,-1.0,0,0,0,639,359
6286,76064,76063439,11110,250,-1,-1,1,545,74.9,0,-1.0,0,0,0,639,359
6287,76075,76074547,11108,250,-1,-1,1,630,75.5,0,-1.0,0,0,0,639,359
6288,76087,76085758,11211,250,-1,-1,1,526,76.1,0,-1.0,0,0,0,639,359
6289,76098,76096765,11007,250,-1,-1,1,622,76.7,0,-1.0,0,0,0,639,359
6290,76109,76107875,11110,250,-1,-1,1,527,77.2,0,-1.0,0,0,0,639,359
6291,76120,76118981,11106,250,-1,-1,1,525,77.6,0,-1.0,0,0,0,639,359
6292,76131,76130088,11107,250,-1,-1,1,526,78.1,1,-1.0,0,0,0,639,359
6293,76142,76141205,11117,250,-1,-1,1,548,78.3,0,-1.0,0,0,0,639,359
6294,76153,76152314,11109,250,-1,-1,1,545,78.7,0,-1.0,0,0,0,639,359
6295,76164,76163421,11107,250,-1,-1,1,545,79.0,0,-1.0,0,0,0,639,359
6296,76175,76174533,11112,250,-1,-1,1,630,79.4,0,-1.0,0,0,0,639,359
6297,76187,76185708,11175,250,-1,-1,1,605,79.7,0,-1.0,0,0,0,639,359
6298,76198,76196749,11041,250,-1,-1,1,628,80.0,0,-1.0,0,0,0,639,359
6299,76209,76207855,11106,250,-1,-1,1,528,80.3,0,-1.0,0,0,0,639,359
6300,76304,76218963,11108,250,-1,-1,1,1190,67.1,0,-1.0,0,0,0,639,359
6301,76305,76296713,77750,250,-1,-1,1,604,68.9,1,-1.0,0,0,0,639,359
6302,76309,76307851,11138,250,-1,-1,1,630,70.5,0,-1.0,0,0,0,639,359
6303,76320,76318951,11100,250,-1,-1,1,525,70.9,0,-1.0,0,0,0,639,359
6304,76331,76330056,11105,250,-1,-1,1,524,71.3,0,-1.0,0,0,0,639,359
6305,76342,76341161,11105,250,-1,-1,1,532,71.6,0,-1.0,0,0,0,639,359
6306,76353,76352276,11115,250,-1,-1,1,633,71.9,0,-1.0,0,0,0,639,359
6307,76364,76363387,11111,250,-1,-1,1,556,72.3,0,-1.0,0,0,0,639,359
6308,76375,76374493,11106,250,-1,-1,1,535,72.7,0,-1.0,0,0,0,639,359
6309,76386,76385607,11114,250,-1,-1,1,529,73.0,0,-1.0,0,0,0,639,359
6310,76398,76396715,11108,250,-1,-1,1,527,73.3,1,-1.0,0,0,0,639,359
6311,76409,76407822,11107,250,-1,-1,1,631,73.6,0,-1.0,0,0,0,639,359
6312,76420,76418933,11111,250,-1,-1,1,525,74.0,0,-1.0,0,0,0,639,359
6313,76431,76430041,11108,250,-1,-1,1,633,74.1,0,-1.0,0,0,0,639,359
6314,76442,76441150,11109,250,-1,-1,1,527,74.4,0,-1.0,0,0,0,639,359
6315,76453,76452263,11113,250,-1,-1,1,545,74.7,0,-1.0,0,0,0,639,359
6316,76464,76463372,11109,250,-1,-1,1,547,75.0,0,-1.0,0,0,0,639,359
6317,76475,76474480,11108,250,-1,-1,1,633,75.2,0,-1.0,0,0,0,639,359
6318,76486,76485587,11107,250,-1,-1,1,635,75.5,0,-1.0,0,0,0,639,359
6319,76498,76496699,11112,250,-1,-1,1,626,75.7,1,-1.0,0,0,0,639,359
6320,76509,76507806,11107,250,-1,-1,1,533,75.9,0,-1.0,0,0,0,639,359
6321,76520,76518917,11111,250,-1,-1,1,529,76.2,0,-1.0,0,0,0,639,359
6322,76531,76530028,11111,250,-1,-1,1,628,76.3,0,-1.0,0,0,0,639,359
6323,76542,76541132,11104,250,-1,-1,1,555,76.5,0,-1.0,0,0,0,639,359
6324,76553,76552245,11113,250,-1,-1,1,628,76.7,0,-1.0,0,0,0,639,359
6325,76565,76563351,11106,250,-1,-1,1,524,76.9,0,-1.0,0,0,0,639,359
6326,76575,76574462,11111,250,-1,-1,1,525,77.1,0,-1.0,0,0,0,639,359
6327,76586,76585568,11106,250,-1,-1,1,525,77.3,0,-1.0,0,0,0,639,359
6328,76597,76596679,11111,250,-1,-1,1,525,77.5,1,-1.0,0,0,0,639,359
6329,76609,76607790,11111,250,-1,-1,1,544,77.7,0,-1.0,0,0,0,639,359
6330,76620,76618898,11108,250,-1,-1,1,539,77.9,0,-1.0,0,0,0,639,359
6331,76631,76630008,11110,250,-1,-1,1,534,78.0,0,-1.0,0,0,0,639,359
6332,76642,76641117,11109,250,-1,-1,1,636,78.1,0,-1.0,0,0,0,639,359
6333,76653,76652268,11151,250,-1,-1,1,527,78.3,0,-1.0,0,0,0,639,359
6334,76664,76663333,11065,250,-1,-1,1,629,78.4,0,-1.0,0,0,0,639,359
6335,76675,76674442,11109,250,-1,-1,1,526,78.6,0,-1.0,0,0,0,639,359
6336,76686,76685553,11111,250,-1,-1,1,529,78.7,0,-1.0,0,0,0,639,359
6337,76697,76696660,11107,250,-1,-1,1,524,78.9,1,-1.0,0,0,0,639,359
6338,76709,76707776,11116,250,-1,-1,1,576,79.0,0,-1.0,0,0,0,639,359
6339,76720,76718881,11105,250,-1,-1,1,579,79.2,0,-1.0,0,0,0,639,359
6340,76731,76729992,11111,250,-1,-1,1,608,79.2,0,-1.0,0,0,0,639,359
6341,76742,76741098,11106,250,-1,-1,1,628,79.4,0,-1.0,0,0,0,639,359
6342,76753,76752211,11113,250,-1,-1,1,630,79.5,0,-1.0,0,0,0,639,359
6343,76764,76763318,11107,250,-1,-1,1,526,79.6,0,-1.0,0,0,0,639,359
6344,76775,76774425,11107,250,-1,-1,1,525,79.8,0,-1.0,0,0,0,639,359
6345,76786,76785533,11108,250,-1,-1,1,524,79.9,0,-1.0,0,0,0,639,359
6346,76797,76796642,11109,250,-1,-1,1,529,80.0,1,-1.0,0,0,0,639,359
6347,76860,76852177,55535,250,-1,-1,1,720,16.1,0,-1.0,0,0,0,639,359
6348,76864,76863296,11119,250,-1,-1,1,630,30.3,0,-1.0,0,0,0,639,359
6349,76876,76874414,11118,250,-1,-1,1,526,39.0,0,-1.0,0,0,0,639,359
6350,76886,76885519,11105,250,-1,-1,1,526,45.5,0,-1.0,0,0,0,639,359
6351,76897,76896624,11105,250,-1,-1,1,527,50.5,0,-1.0,0,0,0,639,359
6352,76909,76907736,11112,250,-1,-1,1,526,54.5,0,-1.0,0,0,0,639,359
6353,76920,76918844,11108,250,-1,-1,1,524,57.9,0,-1.0,0,0,0,639,359
6354,76931,76929953,11109,250,-1,-1,1,526,60.6,0,-1.0,0,0,0,639,359
6355,76942,76941059,11106,250,-1,-1,1,528,62.9,1,-1.0,0,0,0,639,359
6356,76953,76952175,11116,250,-1,-1,1,545,64.5,0,-1.0,0,0,0,639,359
6357,76964,76963286,11111,250,-1,-1,1,547,66.3,0,-1.0,0,0,0,639,359
6358,76975,76974397,11111,250,-1,-1,1,547,67.8,0,-1.0,0,0,0,639,359
6359,76986,76985503,11106,250,-1,-1,1,627,69.1,0,-1.0,0,0,0,639,359
6360,76998,76996612,11109,250,-1,-1,1,631,70.4,0,-1.0,0,0,0,639,359
6361,77009,77007720,11108,250,-1,-1,1,628,71.4,0,-1.0,0,0,0,639,359
6362,77020,77018830,11110,250,-1,-1,1,526,72.4,0,-1.0,0,0,0,639,359
6363,77031,77029938,11108,250,-1,-1,1,527,73.0,0,-1.0,0,0,0,639,359
6364,77042,77041047,11109,250,-1,-1,1,528,74.1,1,-1.0,0,0,0,639,359
6365,77053,77052156,11109,250,-1,-1,1,528,74.5,0,-1.0,0,0,0,639,359
6366,77064,77063268,11112,250,-1,-1,1,545,75.2,0,-1.0,0,0,0,639,359
6367,77075,77074377,11109,250,-1,-1,1,548,75.8,0,-1.0,0,0,0,639,359
6368,77086,77085484,11107,250,-1,-1,1,628,76.4,0,-1.0,0,0,0,639,359
6369,77097,77096594,11110,250,-1,-1,1,524,76.9,0,-1.0,0,0,0,639,359
6370,77109,77107706,11112,250,-1,-1,1,633,77.4,0,-1.0,0,0,0,639,359
6371,77120,77118812,11106,250,-1,-1,1,525,77.9,0,-1.0,0,0,0,639,359
6372,77131,77129918,11106,250,-1,-1,1,526,78.3,0,-1.0,0,0,0,639,359
6373,77142,77141025,11107,250,-1,-1,1,527,78.7,1,-1.0,0,0,0,639,359
6374,77153,77152140,11115,250,-1,-1,1,536,78.9,0,-1.0,0,0,0,639,359
6375,77164,77163252,11112,250,-1,-1,1,532,79.2,0,-1.0,0,0,0,639,359
6376,77175,77174361,11109,250,-1,-1,1,530,79.6,0,-1.0,0,0,0,639,359
6377,77186,77185469,11108,250,-1,-1,1,606,79.9,0,-1.0,0,0,0,639,359
6378,77197,77196578,11109,250,-1,-1,1,632,80.2,0,-1.0,0,0,0,639,359
6379,77209,77207686,11108,250,-1,-1,1,629,80.5,0,-1.0,0,0,0,639,359
6380,77220,77218796,11110,250,-1,-1,1,524,80.8,0,-1.0,0,0,0,639,359
6381,77231,77229900,11104,250,-1,-1,1,526,81.0,0,-1.0,0,0,0,639,359
6382,77242,77241010,11110,250,-1,-1,1,527,81.3,1,-1.0,0,0,0,639,359
6383,77253,77252123,11113,250,-1,-1,1,542,81.5,0,-1.0,0,0,0,639,359
6384,77264,77263235,11112,250,-1,-1,1,538,81.5,0,-1.0,0,0,0,639,359
6385,77275,77274341,11106,250,-1,-1,1,531,81.8,0,-1.0,0,0,0,639,359
6386,77286,77285452,11111,250,-1,-1,1,609,82.0,0,-1.0,0,0,0,639,359
6387,77297,77296560,11108,250,-1,-1,1,633,82.2,0,-1.0,0,0,0,639,359
6388,77309,77307670,11110,250,-1,-1,1,631,82.4,0,-1.0,0,0,0,639,359
6389,77320,77318775,11105,250,-1,-1,1,525,82.5,0,-1.0,0,0,0,639,359
6390,77427,77329885,11110,250,-1,-1,1,741,70.0,0,-1.0,0,0,0,639,359
6391,77428,77418749,88864,250,-1,-1,1,601,71.5,1,-1.0,0,0,0,639,359
6392,77431,77429864,11115,250,-1,-1,1,606,72.8,0,-1.0,0,0,0,639,359
6393,77442,77440983,11119,250,-1,-1,1,525,73.1,0,-1.0,0,0,0,639,359
6394,77453,77452087,11104,250,-1,-1,1,525,73.4,0,-1.0,0,0,0,639,359
6395,77464,77463197,11110,250,-1,-1,1,525,73.6,0,-1.0,0,0,0,639,359
6396,77475,77474306,11109,250,-1,-1,1,629,73.9,0,-1.0,0,0,0,639,359
6397,77486,77485418,11112,250,-1,-1,1,626,74.1,0,-1.0,0,0,0,639,359
6398,77497,77496526,11108,250,-1,-1,1,545,74.4,0,-1.0,0,0,0,639,359
6399,77508,77507637,11111,250,-1,-1,1,547,74.6,0,-1.0,0,0,0,639,359
6400,77520,77518747,11110,250,-1,-1,1,630,74.9,1,-1.0,0,0,0,639,359
6401,77531,77529856,11109,250,-1,-1,1,523,75.0,0,-1.0,0,0,0,639,359
6402,77542,77540961,11105,250,-1,-1,1,632,75.4,0,-1.0,0,0,0,639,359
6403,77553,77552073,11112,250,-1,-1,1,526,75.6,0,-1.0,0,0,0,639,359
6404,77564,77563183,11110,250,-1,-1,1,531,75.7,0,-1.0,0,0,0,639,359
6405,77575,77574292,11109,250,-1,-1,1,529,75.9,0,-1.0,0,0,0,639,359
6406,77586,77585398,11106,250,-1,-1,1,630,76.1,0,-1.0,0,0,0,639,359
6407,77598,77596511,11113,250,-1,-1,1,527,76.3,0,-1.0,0,0,0,639,359
6408,77608,77607617,11106,250,-1,-1,1,629,76.5,0,-1.0,0,0,0,639,359
6409,77620,77618902,11285,250,-1,-1,1,526,76.7,1,-1.0,0,0,0,639,359
6410,77631,77629837,10935,250,-1,-1,1,546,76.9,0,-1.0,0,0,0,639,359
6411,77642,77640947,11110,250,-1,-1,1,544,77.1,0,-1.0,0,0,0,639,359
6412,77653,77652055,11108,250,-1,-1,1,629,77.2,0,-1.0,0,0,0,639,359
6413,77664,77663166,11111,250,-1,-1,1,528,77.4,0,-1.0,0,0,0,639,359
6414,77675,77674274,11108,250,-1,-1,1,630,77.5,0,-1.0,0,0,0,639,359
6415,77686,77685383,11109,250,-1,-1,1,527,77.7,0,-1.0,0,0,0,639,359
6416,77697,77696489,11106,250,-1,-1,1,525,77.9,0,-1.0,0,0,0,639,359
6417,77708,77707598,11109,250,-1,-1,1,527,78.0,0,-1.0,0,0,0,639,359
6418,77720,77718706,11108,250,-1,-1,1,525,78.2,1,-1.0,0,0,0,639,359
6419,77731,77729821,11115,250,-1,-1,1,546,78.3,0,-1.0,0,0,0,639,359
6420,77742,77740931,11110,250,-1,-1,1,547,78.5,0,-1.0,0,0,0,639,359
6421,77753,77752040,11109,250,-1,-1,1,548,78.6,0,-1.0,0,0,0,639,359
6422,77764,77763143,11103,250,-1,-1,1,630,78.7,0,-1.0,0,0,0,639,359
6423,77775,77774255,11112,250,-1,-1,1,528,78.8,0,-1.0,0,0,0,639,359
6424,77786,77785364,11109,250,-1,-1,1,632,78.9,0,-1.0,0,0,0,639,359
6425,77797,77796472,11108,250,-1,-1,1,527,79.1,0,-1.0,0,0,0,639,359
6426,77808,77807582,11110,250,-1,-1,1,528,79.2,0,-1.0,0,0,0,639,359
6427,77823,77818691,11109,250,-1,-1,1,525,71.4,1,-1.0,0,0,0,639,359
6428,77831,77829807,11116,250,-1,-1,1,532,90.9,0,-1.0,0,0,0,639,359
6429,77842,77840912,11105,250,-1,-1,1,530,90.9,0,-1.0,0,0,0,639,359
6430,77853,77852020,11108,250,-1,-1,1,631,88.9,0,-1.0,0,0,0,639,359
6431,77864,77863131,11111,250,-1,-1,1,626,89.3,0,-1.0,0,0,0,639,359
6432,77875,77874242,11111,250,-1,-1,1,632,89.6,0,-1.0,0,0,0,639,359
6433,77886,77885349,11107,250,-1,-1,1,524,89.7,0,-1.0,0,0,0,639,359
6434,77897,77896457,11108,250,-1,-1,1,525,89.9,0,-1.0,0,0,0,639,359
6435,77908,77907567,11110,250,-1,-1,1,525,90.0,0,-1.0,0,0,0,639,359
6436,77919,77918672,11105,250,-1,-1,1,527,90.1,1,-1.0,0,0,0,639,359
6437,77931,77929783,11111,250,-1,-1,1,541,90.2,0,-1.0,0,0,0,639,359
6438,77942,77940894,11111,250,-1,-1,1,535,90.2,0,-1.0,0,0,0,639,359
6439,77953,77952006,11112,250,-1,-1,1,529,90.3,0,-1.0,0,0,0,639,359
6440,77964,77963113,11107,250,-1,-1,1,605,89.7,0,-1.0,0,0,0,639,359
6441,77975,77974221,11108,250,-1,-1,1,631,89.8,0,-1.0,0,0,0,639,359
6442,77986,77985332,11111,250,-1,-1,1,633,89.9,0,-1.0,0,0,0,639,359
6443,77997,77996438,11106,250,-1,-1,1,526,89.9,0,-1.0,0,0,0,639,359
6444,78008,78007547,11109,250,-1,-1,1,524,90.0,0,-1.0,0,0,0,639,359
6445,78019,78018658,11111,250,-1,-1,1,525,90.0,1,-1.0,0,0,0,639,359
6446,78031,78029768,11110,250,-1,-1,1,547,90.1,0,-1.0,0,0,0,639,359
6447,78042,78040877,11109,250,-1,-1,1,544,90.1,0,-1.0,0,0,0,639,359
6448,78053,78051982,11105,250,-1,-1,1,542,90.2,0,-1.0,0,0,0,639,359
6449,78064,78063096,11114,250,-1,-1,1,628,89.8,0,-1.0,0,0,0,639,359
6450,78075,78074203,11107,250,-1,-1,1,632,89.9,0,-1.0,0,0,0,639,359
6451,78086,78085315,11112,250,-1,-1,1,631,89.9,0,-1.0,0,0,0,639,359
6452,78097,78096419,11104,250,-1,-1,1,526,90.0,0,-1.0,0,0,0,639,359
6453,78108,78107530,11111,250,-1,-1,1,528,90.0,0,-1.0,0,0,0,639,359
6454,78119,78118638,11108,250,-1,-1,1,524,90.0,1,-1.0,0,0,0,639,359
6455,78131,78129754,11116,250,-1,-1,1,544,90.1,0,-1.0,0,0,0,639,359
6456,78142,78140861,11107,250,-1,-1,1,546,90.1,0,-1.0,0,0,0,639,359
6457,78153,78151970,11109,250,-1,-1,1,543,90.1,0,-1.0,0,0,0,639,359
6458,78164,78163078,11108,250,-1,-1,1,628,89.9,0,-1.0,0,0,0,639,359
6459,78175,78174187,11109,250,-1,-1,1,526,89.9,0,-1.0,0,0,0,639,359
6460,78186,78185298,11111,250,-1,-1,1,630,89.9,0,-1.0,0,0,0,639,359
6461,78197,78196408,11110,250,-1,-1,1,528,90.0,0,-1.0,0,0,0,639,359
6462,78208,78207512,11104,250,-1,-1,1,526,90.0,0,-1.0,0,0,0,639,359
6463,78219,78218622,11110,250,-1,-1,1,527,90.0,1,-1.0,0,0,0,639,359
6464,78231,78229734,11112,250,-1,-1,1,531,90.0,0,-1.0,0,0,0,639,359
6465,78242,78240844,11110,250,-1,-1,1,545,90.1,0,-1.0,0,0,0,639,359
6466,78253,78251951,11107,250,-1,-1,1,547,90.1,0,-1.0,0,0,0,639,359
6467,78264,78263063,11112,250,-1,-1,1,627,89.9,0,-1.0,0,0,0,639,359
6468,78275,78274169,11106,250,-1,-1,1,630,89.9,0,-1.0,0,0,0,639,359
6469,78286,78285281,11112,250,-1,-1,1,629,90.0,0,-1.0,0,0,0,639,359
6470,78297,78296386,11105,250,-1,-1,1,528,90.0,0,-1.0,0,0,0,639,359
6471,78309,78307493,11107,250,-1,-1,1,528,89.8,0,-1.0,0,0,0,639,359
6472,78319,78318601,11108,250,-1,-1,1,525,90.0,1,-1.0,0,0,0,639,359
6473,78331,78329718,11117,250,-1,-1,1,535,90.0,0,-1.0,0,0,0,639,359
6474,78342,78340827,11109,250,-1,-1,1,532,90.1,0,-1.0,0,0,0,639,359
6475,78353,78351937,11110,250,-1,-1,1,529,90.1,0,-1.0,0,0,0,639,359
6476,78364,78363037,11100,250,-1,-1,1,526,90.1,0,-1.0,0,0,0,639,359
6477,78375,78374152,11115,250,-1,-1,1,633,89.9,0,-1.0,0,0,0,639,359
6478,78386,78385265,11113,250,-1,-1,1,631,90.0,0,-1.0,0,0,0,639,359
6479,78397,78396373,11108,250,-1,-1,1,633,90.0,0,-1.0,0,0,0,639,359
6480,78553,78407483,11110,250,-1,-1,1,526,72.5,0,-1.0,0,0,0,639,359
6481,78554,78551881,144398,250,-1,-1,1,520,73.8,1,-1.0,0,0,0,639,359
6482,78564,78563012,11131,250,-1,-1,1,627,74.1,0,-1.0,0,0,0,639,359
6483,78575,78574119,11107,250,-1,-1,1,542,74.3,0,-1.0,0,0,0,639,359
6484,78586,78585231,11112,250,-1,-1,1,527,74.6,0,-1.0,0,0,0,639,359
6485,78597,78596340,11109,250,-1,-1,1,532,74.8,0,-1.0,0,0,0,639,359
6486,78608,78607447,11107,250,-1,-1,1,631,75.0,0,-1.0,0,0,0,639,359
6487,78620,78618555,11108,250,-1,-1,1,527,75.2,0,-1.0,0,0,0,639,359
6488,78631,78629663,11108,250,-1,-1,1,628,75.4,0,-1.0,0,0,0,639,359
6489,78642,78640828,11165,250,-1,-1,1,526,75.6,0,-1.0,0,0,0,639,359
6490,78653,78651879,11051,250,-1,-1,1,525,75.8,1,-1.0,0,0,0,639,359
6491,78664,78662999,11120,250,-1,-1,1,528,76.0,0,-1.0,0,0,0,639,359
6492,78675,78674102,11103,250,-1,-1,1,547,76.2,0,-1.0,0,0,0,639,359
6493,78686,78685212,11110,250,-1,-1,1,634,76.3,0,-1.0,0,0,0,639,359
6494,78697,78696319,11107,250,-1,-1,1,526,76.5,0,-1.0,0,0,0,639,359
6495,78708,78707431,11112,250,-1,-1,1,629,76.7,0,-1.0,0,0,0,639,359
6496,78720,78718540,11109,250,-1,-1,1,527,76.8,0,-1.0,0,0,0,639,359
6497,78730,78729649,11109,250,-1,-1,1,526,77.0,0,-1.0,0,0,0,639,359
6498,78742,78740758,11109,250,-1,-1,1,530,77.2,0,-1.0,0,0,0,639,359
6499,78753,78751861,11103,250,-1,-1,1,527,77.3,1,-1.0,0,0,0,639,359
6500,78764,78762977,11116,250,-1,-1,1,546,77.5,0,-1.0,0,0,0,639,359
6501,78775,78774084,11107,250,-1,-1,1,545,77.6,0,-1.0,0,0,0,639,359
6502,78786,78785196,11112,250,-1,-1,1,544,77.7,0,-1.0,0,0,0,639,359
6503,78797,78796304,11108,250,-1,-1,1,633,77.9,0,-1.0,0,0,0,639,359
6504,78808,78807412,11108,250,-1,-1,1,525,78.0,0,-1.0,0,0,0,639,359
6505,78835,78829618,22206,250,-1,-1,1,524,38.5,0,-1.0,0,0,0,639,359
6506,78842,78840740,11122,250,-1,-1,1,527,60.6,0,-1.0,0,0,0,639,359
6507,78853,78851846,11106,250,-1,-1,1,525,68.2,0,-1.0,0,0,0,639,359
6508,78864,78862953,11107,250,-1,-1,1,526,72.7,1,-1.0,0,0,0,639,359
6509,78875,78874068,11115,250,-1,-1,1,545,75.8,0,-1.0,0,0,0,639,359
6510,78886,78885180,11112,250,-1,-1,1,546,76.9,0,-1.0,0,0,0,639,359
6511,78897,78896287,11107,250,-1,-1,1,547,78.7,0,-1.0,0,0,0,639,359
6512,78908,78907397,11110,250,-1,-1,1,631,80.0,0,-1.0,0,0,0,639,359
6513,78919,78918504,11107,250,-1,-1,1,524,81.1,0,-1.0,0,0,0,639,359
6514,78930,78929614,11110,250,-1,-1,1,632,82.0,0,-1.0,0,0,0,639,359
6515,78942,78940851,11237,250,-1,-1,1,527,82.7,0,-1.0,0,0,0,639,359
6516,78953,78951831,10980,250,-1,-1,1,524,83.3,0,-1.0,0,0,0,639,359
6517,78964,78962934,11103,250,-1,-1,1,528,83.9,1,-1.0,0,0,0,639,359
6518,78975,78974055,11121,250,-1,-1,1,540,84.3,0,-1.0,0,0,0,639,359
6519,78986,78985161,11106,250,-1,-1,1,536,84.3,0,-1.0,0,0,0,639,359
6520,78997,78996272,11111,250,-1,-1,1,528,84.7,0,-1.0,0,0,0,639,359
6521,79008,79007377,11105,250,-1,-1,1,633,85.0,0,-1.0,0,0,0,639,359
6522,79019,79018485,11108,250,-1,-1,1,523,85.3,0,-1.0,0,0,0,639,359
6523,79030,79029596,11111,250,-1,-1,1,634,85.6,0,-1.0,0,0,0,639,359
6524,79042,79040706,11110,250,-1,-1,1,525,85.8,0,-1.0,0,0,0,639,359
6525,79053,79051812,11106,250,-1,-1,1,524,86.1,0,-1.0,0,0,0,639,359
6526,79064,79062917,11105,250,-1,-1,1,524,86.3,1,-1.0,0,0,0,639,359
6527,79075,79074031,11114,250,-1,-1,1,545,86.5,0,-1.0,0,0,0,639,359
6528,79086,79085142,11111,250,-1,-1,1,543,86.3,0,-1.0,0,0,0,639,359
6529,79097,79096251,11109,250,-1,-1,1,537,86.5,0,-1.0,0,0,0,639,359
6530,79108,79107364,11113,250,-1,-1,1,631,86.7,0,-1.0,0,0,0,639,359
6531,79119,79118469,11105,250,-1,-1,1,527,86.8,0,-1.0,0,0,0,639,359
6532,79130,79129578,11109,250,-1,-1,1,629,87.0,0,-1.0,0,0,0,639,359
6533,79142,79140691,11113,250,-1,-1,1,529,87.1,0,-1.0,0,0,0,639,359
6534,79153,79151797,11106,250,-1,-1,1,525,87.2,0,-1.0,0,0,0,639,359
6535,79164,79162904,11107,250,-1,-1,1,525,87.3,1,-1.0,0,0,0,639,359
6536,79175,79174019,11115,250,-1,-1,1,552,87.4,0,-1.0,0,0,0,639,359
6537,79186,79185130,11111,250,-1,-1,1,545,87.3,0,-1.0,0,0,0,639,359
6538,79197,79196239,11109,250,-1,-1,1,546,87.4,0,-1.0,0,0,0,639,359
6539,79208,79207343,11104,250,-1,-1,1,634,87.5,0,-1.0,0,0,0,639,359
6540,79219,79218456,11113,250,-1,-1,1,524,87.6,0,-1.0,0,0,0,639,359
6541,79230,79229560,11104,250,-1,-1,1,631,87.7,0,-1.0,0,0,0,639,359
6542,79242,79240845,11285,250,-1,-1,1,527,87.8,0,-1.0,0,0,0,639,359
6543,79253,79251776,10931,250,-1,-1,1,526,87.8,0,-1.0,0,0,0,639,359
6544,79264,79262887,11111,250,-1,-1,1,525,87.9,1,-1.0,0,0,0,639,359
6545,79275,79274001,11114,250,-1,-1,1,529,88.0,0,-1.0,0,0,0,639,359
6546,79286,79285108,11107,250,-1,-1,1,546,88.1,0,-1.0,0,0,0,639,359
6547,79297,79296216,11108,250,-1,-1,1,546,87.9,0,-1.0,0,0,0,639,359
6548,79308,79307328,11112,250,-1,-1,1,634,88.0,0,-1.0,0,0,0,639,359
6549,79319,79318437,11109,250,-1,-1,1,525,88.1,0,-1.0,0,0,0,639,359
6550,79330,79329546,11109,250,-1,-1,1,633,88.1,0,-1.0,0,0,0,639,359
6551,79341,79340652,11106,250,-1,-1,1,526,88.2,0,-1.0,0,0,0,639,359
6552,79353,79351760,11108,250,-1,-1,1,527,88.2,0,-1.0,0,0,0,639,359
6553,79364,79362867,11107,250,-1,-1,1,525,88.3,1,-1.0,0,0,0,639,359
6554,79375,79373984,11117,250,-1,-1,1,533,88.3,0,-1.0,0,0,0,639,359
6555,79386,79385089,11105,250,-1,-1,1,532,88.4,0,-1.0,0,0,0,639,359
6556,79397,79396197,11108,250,-1,-1,1,547,88.3,0,-1.0,0,0,0,639,359
6557,79408,79407306,11109,250,-1,-1,1,631,88.3,0,-1.0,0,0,0,639,359
6558,79419,79418422,11116,250,-1,-1,1,526,88.4,0,-1.0,0,0,0,639,359
6559,79430,79429526,11104,250,-1,-1,1,628,88.4,0,-1.0,0,0,0,639,359
6560,79441,79440637,11111,250,-1,-1,1,526,88.5,0,-1.0,0,0,0,639,359
6561,79453,79451742,11105,250,-1,-1,1,524,88.5,0,-1.0,0,0,0,639,359
6562,79464,79462852,11110,250,-1,-1,1,525,88.5,1,-1.0,0,0,0,639,359
6563,79475,79473962,11110,250,-1,-1,1,550,88.6,0,-1.0,0,0,0,639,359
6564,79486,79485071,11109,250,-1,-1,1,545,88.6,0,-1.0,0,0,0,639,359
6565,79497,79496180,11109,250,-1,-1,1,541,88.5,0,-1.0,0,0,0,639,359
6566,79508,79507293,11113,250,-1,-1,1,633,88.6,0,-1.0,0,0,0,639,359
6567,79519,79518401,11108,250,-1,-1,1,525,88.6,0,-1.0,0,0,0,639,359
6568,79530,79529509,11108,250,-1,-1,1,630,88.6,0,-1.0,0,0,0,639,359
6569,79541,79540619,11110,250,-1,-1,1,530,88.7,0,-1.0,0,0,0,639,359
6570,79664,79551726,11107,250,-1,-1,1,720,77.1,0,-1.0,0,0,0,639,359
6571,79665,79662830,111104,250,-1,-1,1,599,78.2,1,-1.0,0,0,0,639,359
6572,79675,79673934,11104,250,-1,-1,1,627,78.5,0,-1.0,0,0,0,639,359
6573,79686,79685039,11105,250,-1,-1,1,525,78.7,0,-1.0,0,0,0,639,359
6574,79697,79696145,11106,250,-1,-1,1,525,78.7,0,-1.0,0,0,0,639,359
6575,79708,79707258,11113,250,-1,-1,1,632,78.9,0,-1.0,0,0,0,639,359
6576,79719,79718368,11110,250,-1,-1,1,524,79.0,0,-1.0,0,0,0,639,359
6577,79730,79729478,11110,250,-1,-1,1,546,79.2,0,-1.0,0,0,0,639,359
6578,79741,79740584,11106,250,-1,-1,1,545,79.3,0,-1.0,0,0,0,639,359
6579,79753,79751698,11114,250,-1,-1,1,627,79.4,0,-1.0,0,0,0,639,359
6580,79764,79762805,11107,250,-1,-1,1,628,79.6,1,-1.0,0,0,0,639,359
6581,79775,79773912,11107,250,-1,-1,1,632,79.7,0,-1.0,0,0,0,639,359
6582,79786,79785022,11110,250,-1,-1,1,525,79.8,0,-1.0,0,0,0,639,359
6583,79797,79796133,11111,250,-1,-1,1,538,79.9,0,-1.0,0,0,0,639,359
6584,79808,79807241,11108,250,-1,-1,1,532,80.0,0,-1.0,0,0,0,639,359
6585,79862,79851670,44429,250,-1,-1,1,2122,18.2,0,-1.0,0,0,0,639,359
6586,79864,79862921,11251,250,-1,-1,1,521,35.7,0,-1.0,0,0,0,639,359
6587,79875,79873896,10975,250,-1,-1,1,525,45.5,0,-1.0,0,0,0,639,359
6588,79886,79885003,11107,250,-1,-1,1,524,51.9,0,-1.0,0,0,0,639,359
6589,79897,79896111,11108,250,-1,-1,1,528,56.8,1,-1.0,0,0,0,639,359
6590,79908,79907226,11115,250,-1,-1,1,543,60.0,0,-1.0,0,0,0,639,359
6591,79919,79918333,11107,250,-1,-1,1,588,63.1,0,-1.0,0,0,0,639,359
6592,79930,79929446,11113,250,-1,-1,1,530,65.6,0,-1.0,0,0,0,639,359
6593,79941,79940551,11105,250,-1,-1,1,628,67.7,0,-1.0,0,0,0,639,359
6594,79952,79951661,11110,250,-1,-1,1,524,69.4,0,-1.0,0,0,0,639,359
6595,79964,79962770,11109,250,-1,-1,1,628,71.0,0,-1.0,0,0,0,639,359
6596,79975,79973878,11108,250,-1,-1,1,526,72.3,0,-1.0,0,0,0,639,359
6597,79986,79984982,11104,250,-1,-1,1,526,73.4,0,-1.0,0,0,0,639,359
6598,79997,79996097,11115,250,-1,-1,1,524,74.5,1,-1.0,0,0,0,639,359
6599,80008,80007206,11109,250,-1,-1,1,543,75.0,0,-1.0,0,0,0,639,359
6600,80019,80018318,11112,250,-1,-1,1,546,75.8,0,-1.0,0,0,0,639,359
6601,80030,80029424,11106,250,-1,-1,1,528,76.6,0,-1.0,0,0,0,639,359
6602,80041,80040536,11112,250,-1,-1,1,631,77.3,0,-1.0,0,0,0,639,359
6603,80052,80051643,11107,250,-1,-1,1,526,77.9,0,-1.0,0,0,0,639,359
6604,80064,80062752,11109,250,-1,-1,1,633,78.4,0,-1.0,0,0,0,639,359
6605,80075,80073862,11110,250,-1,-1,1,526,78.9,0,-1.0,0,0,0,639,359
6606,80086,80084969,11107,250,-1,-1,1,527,79.4,0,-1.0,0,0,0,639,359
6607,80097,80096074,11105,250,-1,-1,1,527,79.9,1,-1.0,0,0,0,639,359
6608,80108,80107193,11119,250,-1,-1,1,529,80.0,0,-1.0,0,0,0,639,359
6609,80119,80118298,11105,250,-1,-1,1,542,80.4,0,-1.0,0,0,0,639,359
6610,80130,80129411,11113,250,-1,-1,1,525,80.7,0,-1.0,0,0,0,639,359
6611,80141,80140516,11105,250,-1,-1,1,632,81.1,0,-1.0,0,0,0,639,359
6612,80152,80151626,11110,250,-1,-1,1,525,81.4,0,-1.0,0,0,0,639,359
6613,80164,80162736,11110,250,-1,-1,1,633,81.7,0,-1.0,0,0,0,639,359
6614,80175,80173842,11106,250,-1,-1,1,524,82.0,0,-1.0,0,0,0,639,359
6615,80186,80184950,11108,250,-1,-1,1,526,82.2,0,-1.0,0,0,0,639,359
6616,80197,80196059,11109,250,-1,-1,1,526,82.5,1,-1.0,0,0,0,639,359
6617,80208,80207173,11114,250,-1,-1,1,537,82.5,0,-1.0,0,0,0,639,359
6618,80219,80218285,11112,250,-1,-1,1,548,82.7,0,-1.0,0,0,0,639,359
6619,80230,80229390,11105,250,-1,-1,1,528,82.9,0,-1.0,0,0,0,639,359
6620,80241,80240500,11110,250,-1,-1,1,628,83.1,0,-1.0,0,0,0,639,359
6621,80252,80251609,11109,250,-1,-1,1,524,83.3,0,-1.0,0,0,0,639,359
6622,80264,80262719,11110,250,-1,-1,1,633,83.5,0,-1.0,0,0,0,639,359
6623,80275,80273916,11197,250,-1,-1,1,525,83.7,0,-1.0,0,0,0,639,359
6624,80286,80284937,11021,250,-1,-1,1,526,83.9,0,-1.0,0,0,0,639,359
6625,80297,80296039,11102,250,-1,-1,1,526,84.0,1,-1.0,0,0,0,639,359
6626,80308,80307157,11118,250,-1,-1,1,542,84.0,0,-1.0,0,0,0,639,359
6627,80319,80318268,11111,250,-1,-1,1,536,84.1,0,-1.0,0,0,0,639,359
6628,80330,80329376,11108,250,-1,-1,1,529,84.3,0,-1.0,0,0,0,639,359
6629,80341,80340479,11103,250,-1,-1,1,629,84.4,0,-1.0,0,0,0,639,359
6630,80353,80351591,11112,250,-1,-1,1,526,84.6,0,-1.0,0,0,0,639,359
6631,80364,80362699,11108,250,-1,-1,1,627,84.7,0,-1.0,0,0,0,639,359
6632,80375,80373812,11113,250,-1,-1,1,525,84.8,0,-1.0,0,0,0,639,359
6633,80386,80384913,11101,250,-1,-1,1,525,84.9,0,-1.0,0,0,0,639,359
6634,80397,80396030,11117,250,-1,-1,1,524,85.0,1,-1.0,0,0,0,639,359
6635,80408,80407139,11109,250,-1,-1,1,545,85.0,0,-1.0,0,0,0,639,359
6636,80419,80418249,11110,250,-1,-1,1,545,85.1,0,-1.0,0,0,0,639,359
6637,80430,80429356,11107,250,-1,-1,1,526,85.2,0,-1.0,0,0,0,639,359
6638,80441,80440467,11111,250,-1,-1,1,629,85.3,0,-1.0,0,0,0,639,359
6639,80452,80451569,11102,250,-1,-1,1,523,85.4,0,-1.0,0,0,0,639,359
6640,80464,80462684,11115,250,-1,-1,1,632,85.5,0,-1.0,0,0,0,639,359
6641,80475,80473927,11243,250,-1,-1,1,526,85.6,0,-1.0,0,0,0,639,359
6642,80486,80484899,10972,250,-1,-1,1,527,85.7,0,-1.0,0,0,0,639,359
6643,80497,80496008,11109,250,-1,-1,1,526,85.8,1,-1.0,0,0,0,639,359
6644,80508,80507120,11112,250,-1,-1,1,547,85.7,0,-1.0,0,0,0,639,359
6645,80519,80518230,11110,250,-1,-1,1,545,85.8,0,-1.0,0,0,0,639,359
6646,80530,80529340,11110,250,-1,-1,1,527,85.9,0,-1.0,0,0,0,639,359
6647,80541,80540449,11109,250,-1,-1,1,632,85.9,0,-1.0,0,0,0,639,359
6648,80552,80551553,11104,250,-1,-1,1,524,86.0,0,-1.0,0,0,0,639,359
6649,80564,80562667,11114,250,-1,-1,1,634,86.1,0,-1.0,0,0,0,639,359
6650,80575,80573778,11111,250,-1,-1,1,528,86.2,0,-1.0,0,0,0,639,359
6651,80586,80584882,11104,250,-1,-1,1,527,86.2,0,-1.0,0,0,0,639,359
6652,80597,80595991,11109,250,-1,-1,1,525,86.3,1,-1.0,0,0,0,639,359
6653,80608,80607102,11111,250,-1,-1,1,531,86.4,0,-1.0,0,0,0,639,359
6654,80619,80618213,11111,250,-1,-1,1,529,86.3,0,-1.0,0,0,0,639,359
6655,80630,80629321,11108,250,-1,-1,1,527,86.4,0,-1.0,0,0,0,639,359
6656,80641,80640433,11112,250,-1,-1,1,630,86.4,0,-1.0,0,0,0,639,359
6657,80652,80651537,11104,250,-1,-1,1,525,86.5,0,-1.0,0,0,0,639,359
6658,80664,80662651,11114,250,-1,-1,1,633,86.5,0,-1.0,0,0,0,639,359
6659,80675,80673761,11110,250,-1,-1,1,525,86.6,0,-1.0,0,0,0,639,359
6660,80795,80684867,11106,250,-1,-1,1,2035,76.9,0,-1.0,0,0,0,639,359
6661,80797,80795941,111074,250,-1,-1,1,598,77.9,1,-1.0,0,0,0,639,359
6662,80808,80807074,11133,250,-1,-1,1,628,78.0,0,-1.0,0,0,0,639,359
6663,80895,80884819,77745,250,-1,-1,1,2017,11.4,0,-1.0,0,0,0,639,359
6664,80897,80895924,11105,250,-1,-1,1,603,22.5,0,-1.0,0,0,0,639,359
6665,80908,80907056,11132,250,-1,-1,1,627,30.0,0,-1.0,0,0,0,639,359
6666,80919,80918162,11106,250,-1,-1,1,628,36.0,0,-1.0,0,0,0,639,359
6667,80931,80929272,11110,250,-1,-1,1,525,41.0,0,-1.0,0,0,0,639,359
6668,80941,80940377,11105,250,-1,-1,1,526,45.1,0,-1.0,0,0,0,639,359
6669,80952,80951489,11112,250,-1,-1,1,525,48.6,0,-1.0,0,0,0,639,359
6670,80963,80962595,11106,250,-1,-1,1,525,51.6,1,-1.0,0,0,0,639,359
6671,80975,80973710,11115,250,-1,-1,1,545,54.2,0,-1.0,0,0,0,639,359
6672,80986,80984818,11108,250,-1,-1,1,546,56.5,0,-1.0,0,0,0,639,359
6673,80997,80995925,11107,250,-1,-1,1,530,58.5,0,-1.0,0,0,0,639,359
6674,81008,81007032,11107,250,-1,-1,1,644,60.0,0,-1.0,0,0,0,639,359
6675,81019,81018140,11108,250,-1,-1,1,526,61.9,0,-1.0,0,0,0,639,359
6676,81030,81029255,11115,250,-1,-1,1,633,63.1,0,-1.0,0,0,0,639,359
6677,81041,81040439,11184,250,-1,-1,1,528,64.4,0,-1.0,0,0,0,639,359
6678,81052,81051468,11029,250,-1,-1,1,527,65.6,0,-1.0,0,0,0,639,359
6679,81063,81062579,11111,250,-1,-1,1,526,66.7,1,-1.0,0,0,0,639,359
6680,81075,81073691,11112,250,-1,-1,1,545,67.7,0,-1.0,0,0,0,639,359
6681,81086,81084803,11112,250,-1,-1,1,547,68.6,0,-1.0,0,0,0,639,359
6682,81097,81095910,11107,250,-1,-1,1,527,69.4,0,-1.0,0,0,0,639,359
6683,81108,81107021,11111,250,-1,-1,1,630,70.0,0,-1.0,0,0,0,639,359
6684,81119,81118122,11101,250,-1,-1,1,527,71.0,0,-1.0,0,0,0,639,359
6685,81130,81129236,11114,250,-1,-1,1,633,71.4,0,-1.0,0,0,0,639,359
6686,81141,81140345,11109,250,-1,-1,1,526,72.1,0,-1.0,0,0,0,639,359
6687,81152,81151451,11106,250,-1,-1,1,527,72.7,0,-1.0,0,0,0,639,359
6688,81163,81162557,11106,250,-1,-1,1,527,73.2,1,-1.0,0,0,0,639,359
6689,81175,81173676,11119,250,-1,-1,1,543,73.8,0,-1.0,0,0,0,639,359
6690,81186,81184783,11107,250,-1,-1,1,545,74.3,0,-1.0,0,0,0,639,359
6691,81197,81195893,11110,250,-1,-1,1,527,74.7,0,-1.0,0,0,0,639,359
6692,81208,81207004,11111,250,-1,-1,1,636,75.2,0,-1.0,0,0,0,639,359
6693,81219,81218112,11108,250,-1,-1,1,525,75.6,0,-1.0,0,0,0,639,359
6694,81230,81229218,11106,250,-1,-1,1,635,75.8,0,-1.0,0,0,0,639,359
6695,81241,81240331,11113,250,-1,-1,1,524,76.2,0,-1.0,0,0,0,639,359
6696,81252,81251434,11103,250,-1,-1,1,528,76.6,0,-1.0,0,0,0,639,359
6697,81263,81262543,11109,250,-1,-1,1,528,76.9,1,-1.0,0,0,0,639,359
6698,81274,81273656,11113,250,-1,-1,1,534,77.3,0,-1.0,0,0,0,639,359
6699,81286,81284769,11113,250,-1,-1,1,530,77.6,0,-1.0,0,0,0,639,359
6700,81297,81295875,11106,250,-1,-1,1,528,77.9,0,-1.0,0,0,0,639,359
6701,81308,81306985,11110,250,-1,-1,1,627,78.2,0,-1.0,0,0,0,639,359
6702,81319,81318093,11108,250,-1,-1,1,525,78.4,0,-1.0,0,0,0,639,359
6703,81330,81329202,11109,250,-1,-1,1,631,78.5,0,-1.0,0,0,0,639,359
6704,81341,81340460,11258,250,-1,-1,1,526,78.8,0,-1.0,0,0,0,639,359
6705,81352,81351417,10957,250,-1,-1,1,524,79.0,0,-1.0,0,0,0,639,359
6706,81363,81362526,11109,250,-1,-1,1,528,79.3,1,-1.0,0,0,0,639,359
6707,81374,81373645,11119,250,-1,-1,1,543,79.5,0,-1.0,0,0,0,639,359
6708,81386,81384749,11104,250,-1,-1,1,539,79.7,0,-1.0,0,0,0,639,359
6709,81397,81395860,11111,250,-1,-1,1,528,79.9,0,-1.0,0,0,0,639,359
6710,81408,81406965,11105,250,-1,-1,1,630,80.1,0,-1.0,0,0,0,639,359
6711,81419,81418076,11111,250,-1,-1,1,525,80.3,0,-1.0,0,0,0,639,359
6712,81430,81429186,11110,250,-1,-1,1,633,80.4,0,-1.0,0,0,0,639,359
6713,81441,81440294,11108,250,-1,-1,1,528,80.6,0,-1.0,0,0,0,639,359
6714,81452,81451399,11105,250,-1,-1,1,524,80.7,0,-1.0,0,0,0,639,359
6715,81463,81462506,11107,250,-1,-1,1,525,80.9,1,-1.0,0,0,0,639,359
6716,81474,81473621,11115,250,-1,-1,1,545,81.1,0,-1.0,0,0,0,639,359
6717,81486,81484730,11109,250,-1,-1,1,545,81.2,0,-1.0,0,0,0,639,359
6718,81497,81495842,11112,250,-1,-1,1,544,81.4,0,-1.0,0,0,0,639,359
6719,81508,81506953,11111,250,-1,-1,1,631,81.5,0,-1.0,0,0,0,639,359
6720,81519,81518056,11103,250,-1,-1,1,526,81.7,0,-1.0,0,0,0,639,359
6721,81530,81529170,11114,250,-1,-1,1,624,81.7,0,-1.0,0,0,0,639,359
6722,81541,81540279,11109,250,-1,-1,1,529,81.9,0,-1.0,0,0,0,639,359
6723,81552,81551385,11106,250,-1,-1,1,526,82.0,0,-1.0,0,0,0,639,359
6724,81563,81562491,11106,250,-1,-1,1,526,82.1,1,-1.0,0,0,0,639,359
6725,81574,81573605,11114,250,-1,-1,1,546,82.2,0,-1.0,0,0,0,639,359
6726,81586,81584714,11109,250,-1,-1,1,545,82.4,0,-1.0,0,0,0,639,359
6727,81597,81595826,11112,250,-1,-1,1,544,82.5,0,-1.0,0,0,0,639,359
6728,81608,81606931,11105,250,-1,-1,1,631,82.6,0,-1.0,0,0,0,639,359
6729,81619,81618045,11114,250,-1,-1,1,524,82.7,0,-1.0,0,0,0,639,359
6730,81630,81629150,11105,250,-1,-1,1,630,82.7,0,-1.0,0,0,0,639,359
6731,81641,81640257,11107,250,-1,-1,1,670,82.8,0,-1.0,0,0,0,639,359
6732,81652,81651365,11108,250,-1,-1,1,526,82.9,0,-1.0,0,0,0,639,359
6733,81663,81662476,11111,250,-1,-1,1,524,83.0,1,-1.0,0,0,0,639,359
6734,81674,81673589,11113,250,-1,-1,1,528,83.1,0,-1.0,0,0,0,639,359
6735,81686,81684698,11109,250,-1,-1,1,558,83.2,0,-1.0,0,0,0,639,359
6736,81697,81695806,11108,250,-1,-1,1,527,83.3,0,-1.0,0,0,0,639,359
6737,81708,81706919,11113,250,-1,-1,1,631,83.4,0,-1.0,0,0,0,639,359
6738,81719,81718022,11103,250,-1,-1,1,525,83.5,0,-1.0,0,0,0,639,359
6739,81730,81729135,11113,250,-1,-1,1,635,83.5,0,-1.0,0,0,0,639,359
6740,81741,81740244,11109,250,-1,-1,1,526,83.6,0,-1.0,0,0,0,639,359
6741,81752,81751348,11104,250,-1,-1,1,527,83.7,0,-1.0,0,0,0,639,359
6742,81763,81762453,11105,250,-1,-1,1,528,83.8,1,-1.0,0,0,0,639,359
6743,81774,81773572,11119,250,-1,-1,1,533,83.9,0,-1.0,0,0,0,639,359
6744,81786,81784681,11109,250,-1,-1,1,529,83.9,0,-1.0,0,0,0,639,359
6745,81797,81795789,11108,250,-1,-1,1,527,84.0,0,-1.0,0,0,0,639,359
6746,81808,81806896,11107,250,-1,-1,1,632,84.1,0,-1.0,0,0,0,639,359
6747,81819,81818006,11110,250,-1,-1,1,524,84.2,0,-1.0,0,0,0,639,359
6748,81849,81840212,22206,250,-1,-1,1,529,33.3,0,-1.0,0,0,0,639,359
6749,81852,81851329,11117,250,-1,-1,1,524,58.8,0,-1.0,0,0,0,639,359
6750,81974,81862437,11108,250,-1,-1,1,609,19.2,0,-1.0,0,0,0,639,359
6751,81975,81973522,111085,250,-1,-1,1,601,25.5,1,-1.0,0,0,0,639,359
6752,81985,81984647,11125,250,-1,-1,1,631,29.9,0,-1.0,0,0,0,639,359
6753,81997,81995756,11109,250,-1,-1,1,525,33.7,0,-1.0,0,0,0,639,359
6754,82008,82006860,11104,250,-1,-1,1,525,37.0,0,-1.0,0,0,0,639,359
6755,82019,82017974,11114,250,-1,-1,1,627,40.0,0,-1.0,0,0,0,639,359
6756,82030,82029083,11109,250,-1,-1,1,526,42.5,0,-1.0,0,0,0,639,359
6757,82041,82040191,11108,250,-1,-1,1,537,44.8,0,-1.0,0,0,0,639,359
6758,82052,82051301,11110,250,-1,-1,1,534,47.0,0,-1.0,0,0,0,639,359
6759,82063,82062412,11111,250,-1,-1,1,629,49.0,0,-1.0,0,0,0,639,359
6760,82074,82073519,11107,250,-1,-1,1,627,50.8,1,-1.0,0,0,0,639,359
6761,82085,82084630,11111,250,-1,-1,1,625,52.4,0,-1.0,0,0,0,639,359
6762,82097,82095739,11109,250,-1,-1,1,525,54.0,0,-1.0,0,0,0,639,359
6763,82108,82106850,11111,250,-1,-1,1,543,55.4,0,-1.0,0,0,0,639,359
6764,82119,82117956,11106,250,-1,-1,1,544,56.7,0,-1.0,0,0,0,639,359
6765,82130,82129070,11114,250,-1,-1,1,628,57.7,0,-1.0,0,0,0,639,359
6766,82141,82140177,11107,250,-1,-1,1,628,58.8,0,-1.0,0,0,0,639,359
6767,82152,82151283,11106,250,-1,-1,1,634,59.9,0,-1.0,0,0,0,639,359
6768,82163,82162392,11109,250,-1,-1,1,627,60.9,0,-1.0,0,0,0,639,359
6769,82174,82173502,11110,250,-1,-1,1,525,61.8,1,-1.0,0,0,0,639,359
6770,82185,82184612,11110,250,-1,-1,1,529,62.7,0,-1.0,0,0,0,639,359
6771,82197,82195721,11109,250,-1,-1,1,527,63.5,0,-1.0,0,0,0,639,359
6772,82208,82206834,11113,250,-1,-1,1,629,64.3,0,-1.0,0,0,0,639,359
6773,82219,82217944,11110,250,-1,-1,1,535,65.0,0,-1.0,0,0,0,639,359
6774,82230,82229052,11108,250,-1,-1,1,630,65.5,0,-1.0,0,0,0,639,359
6775,82241,82240160,11108,250,-1,-1,1,524,66.2,0,-1.0,0,0,0,639,359
6776,82252,82251265,11105,250,-1,-1,1,524,66.8,0,-1.0,0,0,0,639,359
6777,82263,82262374,11109,250,-1,-1,1,524,67.4,0,-1.0,0,0,0,639,359
6778,82274,82273479,11105,250,-1,-1,1,528,68.0,1,-1.0,0,0,0,639,359
6779,82285,82284595,11116,250,-1,-1,1,540,68.5,0,-1.0,0,0,0,639,359
6780,82297,82295702,11107,250,-1,-1,1,534,69.0,0,-1.0,0,0,0,639,359
6781,82308,82306812,11110,250,-1,-1,1,530,69.5,0,-1.0,0,0,0,639,359
6782,82319,82317919,11107,250,-1,-1,1,635,70.0,0,-1.0,0,0,0,639,359
6783,82330,82329033,11114,250,-1,-1,1,524,70.5,0,-1.0,0,0,0,639,359
6784,82341,82340140,11107,250,-1,-1,1,630,70.7,0,-1.0,0,0,0,639,359
6785,82352,82351250,11110,250,-1,-1,1,525,71.2,0,-1.0,0,0,0,639,359
6786,82363,82362354,11104,250,-1,-1,1,527,71.6,0,-1.0,0,0,0,639,359
6787,82374,82373468,11114,250,-1,-1,1,525,71.9,1,-1.0,0,0,0,639,359
6788,82385,82384578,11110,250,-1,-1,1,546,72.3,0,-1.0,0,0,0,639,359
6789,82397,82395688,11110,250,-1,-1,1,543,72.7,0,-1.0,0,0,0,639,359
6790,82408,82406795,11107,250,-1,-1,1,538,73.0,0,-1.0,0,0,0,639,359
6791,82419,82417904,11109,250,-1,-1,1,633,73.3,0,-1.0,0,0,0,639,359
6792,82430,82429015,11111,250,-1,-1,1,525,73.6,0,-1.0,0,0,0,639,359
6793,82441,82440123,11108,250,-1,-1,1,631,73.8,0,-1.0,0,0,0,639,359
6794,82452,82451235,11112,250,-1,-1,1,527,74.1,0,-1.0,0,0,0,639,359
6795,82463,82462341,11106,250,-1,-1,1,528,74.4,0,-1.0,0,0,0,639,359
6796,82474,82473445,11104,250,-1,-1,1,526,74.7,1,-1.0,0,0,0,639,359
6797,82485,82484561,11116,250,-1,-1,1,546,75.0,0,-1.0,0,0,0,639,359
6798,82497,82495667,11106,250,-1,-1,1,547,75.2,0,-1.0,0,0,0,639,359
6799,82508,82506780,11113,250,-1,-1,1,545,75.5,0,-1.0,0,0,0,639,359
6800,82519,82517887,11107,250,-1,-1,1,632,75.7,0,-1.0,0,0,0,639,359
6801,82530,82528997,11110,250,-1,-1,1,526,75.9,0,-1.0,0,0,0,639,359
6802,82541,82540106,11109,250,-1,-1,1,630,76.1,0,-1.0,0,0,0,639,359
6803,82552,82551296,11190,250,-1,-1,1,527,76.3,0,-1.0,0,0,0,639,359
6804,82563,82562320,11024,250,-1,-1,1,527,76.5,0,-1.0,0,0,0,639,359
6805,82574,82573428,11108,250,-1,-1,1,526,76.7,1,-1.0,0,0,0,639,359
6806,82585,82584540,11112,250,-1,-1,1,528,76.9,0,-1.0,0,0,0,639,359
6807,82596,82595654,11114,250,-1,-1,1,546,77.1,0,-1.0,0,0,0,639,359
6808,82608,82606764,11110,250,-1,-1,1,546,77.3,0,-1.0,0,0,0,639,359
6809,82619,82617873,11109,250,-1,-1,1,634,77.5,0,-1.0,0,0,0,639,359
6810,82630,82628980,11107,250,-1,-1,1,525,77.7,0,-1.0,0,0,0,639,359
6811,82641,82640090,11110,250,-1,-1,1,632,77.8,0,-1.0,0,0,0,639,359
6812,82652,82651194,11104,250,-1,-1,1,528,77.9,0,-1.0,0,0,0,639,359
6813,82663,82662304,11110,250,-1,-1,1,527,78.1,0,-1.0,0,0,0,639,359
6814,82674,82673411,11107,250,-1,-1,1,526,78.3,1,-1.0,0,0,0,639,359
6815,82685,82684528,11117,250,-1,-1,1,531,78.4,0,-1.0,0,0,0,639,359
6816,82696,82695631,11103,250,-1,-1,1,545,78.6,0,-1.0,0,0,0,639,359
6817,82708,82706745,11114,250,-1,-1,1,543,78.7,0,-1.0,0,0,0,639,359
6818,82719,82717857,11112,250,-1,-1,1,632,78.9,0,-1.0,0,0,0,639,359
6819,82730,82728966,11109,250,-1,-1,1,525,79.0,0,-1.0,0,0,0,639,359
6820,82741,82740070,11104,250,-1,-1,1,632,79.1,0,-1.0,0,0,0,639,359
6821,82752,82751179,11109,250,-1,-1,1,524,79.2,0,-1.0,0,0,0,639,359
6822,82763,82762286,11107,250,-1,-1,1,524,79.4,0,-1.0,0,0,0,639,359
6823,82774,82773398,11112,250,-1,-1,1,525,79.5,1,-1.0,0,0,0,639,359
6824,82785,82784509,11111,250,-1,-1,1,545,79.6,0,-1.0,0,0,0,639,359
6825,82796,82795618,11109,250,-1,-1,1,540,79.8,0,-1.0,0,0,0,639,359
6826,82808,82806727,11109,250,-1,-1,1,537,79.9,0,-1.0,0,0,0,639,359
6827,82819,82817836,11109,250,-1,-1,1,630,80.0,0,-1.0,0,0,0,639,359
6828,82856,82851147,33311,250,-1,-1,1,525,26.3,0,-1.0,0,0,0,639,359
6829,82863,82862273,11126,250,-1,-1,1,528,44.4,0,-1.0,0,0,0,639,359
6830,82874,82873378,11105,250,-1,-1,1,525,53.6,0,-1.0,0,0,0,639,359
6831,82885,82884490,11112,250,-1,-1,1,524,59.7,0,-1.0,0,0,0,639,359
6832,82896,82895596,11106,250,-1,-1,1,525,64.1,1,-1.0,0,0,0,639,359
6833,82908,82906714,11118,250,-1,-1,1,545,67.4,0,-1.0,0,0,0,639,359
6834,82919,82917821,11107,250,-1,-1,1,548,70.0,0,-1.0,0,0,0,639,359
6835,82930,82928928,11107,250,-1,-1,1,544,72.1,0,-1.0,0,0,0,639,359
6836,82941,82940036,11108,250,-1,-1,1,629,73.2,0,-1.0,0,0,0,639,359
6837,82952,82951149,11113,250,-1,-1,1,524,75.2,0,-1.0,0,0,0,639,359
6838,82963,82962254,11105,250,-1,-1,1,626,75.9,0,-1.0,0,0,0,639,359
6839,82974,82973367,11113,250,-1,-1,1,596,76.9,0,-1.0,0,0,0,639,359
6840,83090,82984474,11107,250,-1,-1,1,667,47.8,0,-1.0,0,0,0,639,359
6841,83091,83084436,99962,250,-1,-1,1,601,51.3,1,-1.0,0,0,0,639,359
6842,83096,83095576,11140,250,-1,-1,1,632,54.0,0,-1.0,0,0,0,639,359
6843,83107,83106678,11102,250,-1,-1,1,525,55.4,0,-1.0,0,0,0,639,359
6844,83119,83117781,11103,250,-1,-1,1,525,56.7,0,-1.0,0,0,0,639,359
6845,83130,83128893,11112,250,-1,-1,1,527,57.9,0,-1.0,0,0,0,639,359
6846,83141,83140003,11110,250,-1,-1,1,627,59.0,0,-1.0,0,0,0,639,359
6847,83152,83151113,11110,250,-1,-1,1,525,59.9,0,-1.0,0,0,0,639,359
6848,83163,83162223,11110,250,-1,-1,1,545,60.9,0,-1.0,0,0,0,639,359
6849,83174,83173333,11110,250,-1,-1,1,544,61.8,0,-1.0,0,0,0,639,359
6850,83185,83184441,11108,250,-1,-1,1,633,62.7,1,-1.0,0,0,0,639,359
6851,83196,83195551,11110,250,-1,-1,1,535,63.5,0,-1.0,0,0,0,639,359
6852,83208,83206657,11106,250,-1,-1,1,631,64.3,0,-1.0,0,0,0,639,359
6853,83219,83217769,11112,250,-1,-1,1,527,65.0,0,-1.0,0,0,0,639,359
6854,83230,83228871,11102,250,-1,-1,1,545,65.7,0,-1.0,0,0,0,639,359
6855,83241,83239984,11113,250,-1,-1,1,542,66.4,0,-1.0,0,0,0,639,359
6856,83252,83251168,11184,250,-1,-1,1,631,66.8,0,-1.0,0,0,0,639,359
6857,83263,83262203,11035,250,-1,-1,1,609,67.4,0,-1.0,0,0,0,639,359
6858,83274,83273312,11109,250,-1,-1,1,630,68.0,0,-1.0,0,0,0,639,359
6859,83285,83284422,11110,250,-1,-1,1,526,68.5,1,-1.0,0,0,0,639,359
6860,83296,83295529,11107,250,-1,-1,1,529,69.0,0,-1.0,0,0,0,639,359
6861,83307,83306641,11112,250,-1,-1,1,545,69.5,0,-1.0,0,0,0,639,359
6862,83319,83317752,11111,250,-1,-1,1,524,70.0,0,-1.0,0,0,0,639,359
6863,83330,83328861,11109,250,-1,-1,1,631,70.5,0,-1.0,0,0,0,639,359
6864,83341,83339967,11106,250,-1,-1,1,636,70.9,0,-1.0,0,0,0,639,359
6865,83352,83351078,11111,250,-1,-1,1,624,71.2,0,-1.0,0,0,0,639,359
6866,83363,83362182,11104,250,-1,-1,1,527,71.6,0,-1.0,0,0,0,639,359
6867,83374,83373288,11106,250,-1,-1,1,527,71.9,0,-1.0,0,0,0,639,359
6868,83385,83384401,11113,250,-1,-1,1,527,72.3,1,-1.0,0,0,0,639,359
6869,83396,83395515,11114,250,-1,-1,1,530,72.7,0,-1.0,0,0,0,639,359
6870,83407,83406626,11111,250,-1,-1,1,528,73.0,0,-1.0,0,0,0,639,359
6871,83419,83417736,11110,250,-1,-1,1,526,73.3,0,-1.0,0,0,0,639,359
6872,83430,83428848,11112,250,-1,-1,1,628,73.6,0,-1.0,0,0,0,639,359
6873,83441,83439953,11105,250,-1,-1,1,525,74.0,0,-1.0,0,0,0,639,359
6874,83452,83451061,11108,250,-1,-1,1,632,74.1,0,-1.0,0,0,0,639,359
6875,83463,83462170,11109,250,-1,-1,1,608,74.4,0,-1.0,0,0,0,639,359
6876,83474,83473278,11108,250,-1,-1,1,525,74.7,0,-1.0,0,0,0,639,359
6877,83485,83484384,11106,250,-1,-1,1,528,75.0,1,-1.0,0,0,0,639,359
6878,83496,83495499,11115,250,-1,-1,1,540,75.2,0,-1.0,0,0,0,639,359
6879,83507,83506611,11112,250,-1,-1,1,536,75.5,0,-1.0,0,0,0,639,359
6880,83519,83517718,11107,250,-1,-1,1,531,75.7,0,-1.0,0,0,0,639,359
6881,83530,83528824,11106,250,-1,-1,1,626,75.9,0,-1.0,0,0,0,639,359
6882,83541,83539932,11108,250,-1,-1,1,526,76.2,0,-1.0,0,0,0,639,359
6883,83552,83551046,11114,250,-1,-1,1,628,76.3,0,-1.0,0,0,0,639,359
6884,83563,83562155,11109,250,-1,-1,1,525,76.5,0,-1.0,0,0,0,639,359
6885,83574,83573261,11106,250,-1,-1,1,526,76.7,0,-1.0,0,0,0,639,359
6886,83585,83584368,11107,250,-1,-1,1,525,76.9,1,-1.0,0,0,0,639,359
6887,83596,83595483,11115,250,-1,-1,1,545,77.1,0,-1.0,0,0,0,639,359
6888,83607,83606588,11105,250,-1,-1,1,545,77.3,0,-1.0,0,0,0,639,359
6889,83619,83617701,11113,250,-1,-1,1,538,77.5,0,-1.0,0,0,0,639,359
6890,83630,83628807,11106,250,-1,-1,1,630,77.7,0,-1.0,0,0,0,639,359
6891,83641,83639917,11110,250,-1,-1,1,525,77.8,0,-1.0,0,0,0,639,359
6892,83652,83651024,11107,250,-1,-1,1,629,78.0,0,-1.0,0,0,0,639,359
6893,83663,83662136,11112,250,-1,-1,1,526,78.1,0,-1.0,0,0,0,639,359
6894,83674,83673239,11103,250,-1,-1,1,525,78.3,0,-1.0,0,0,0,639,359
6895,83685,83684350,11111,250,-1,-1,1,525,78.4,1,-1.0,0,0,0,639,359
6896,83696,83695464,11114,250,-1,-1,1,546,78.6,0,-1.0,0,0,0,639,359
6897,83707,83706576,11112,250,-1,-1,1,544,78.7,0,-1.0,0,0,0,639,359
6898,83719,83717684,11108,250,-1,-1,1,547,78.9,0,-1.0,0,0,0,639,359
6899,83730,83728789,11105,250,-1,-1,1,624,79.0,0,-1.0,0,0,0,639,359
6900,83741,83739900,11111,250,-1,-1,1,526,79.1,0,-1.0,0,0,0,639,359
6901,83752,83751011,11111,250,-1,-1,1,632,79.3,0,-1.0,0,0,0,639,359
6902,83763,83762116,11105,250,-1,-1,1,597,79.4,0,-1.0,0,0,0,639,359
6903,83774,83773225,11109,250,-1,-1,1,525,79.5,0,-1.0,0,0,0,639,359
6904,83785,83784333,11108,250,-1,-1,1,524,79.6,1,-1.0,0,0,0,639,359
6905,83796,83795449,11116,250,-1,-1,1,546,79.8,0,-1.0,0,0,0,639,359
6906,83807,83806557,11108,250,-1,-1,1,527,79.9,0,-1.0,0,0,0,639,359
6907,83818,83817666,11109,250,-1,-1,1,545,80.0,0,-1.0,0,0,0,639,359
6908,83868,83862088,44422,250,-1,-1,1,612,20.0,0,-1.0,0,0,0,639,359
6909,83874,83873210,11122,250,-1,-1,1,527,35.7,0,-1.0,0,0,0,639,359
6910,83885,83884314,11104,250,-1,-1,1,526,44.8,0,-1.0,0,0,0,639,359
6911,83896,83895424,11110,250,-1,-1,1,525,51.3,0,-1.0,0,0,0,639,359
6912,83907,83906539,11115,250,-1,-1,1,525,56.2,0,-1.0,0,0,0,639,359
6913,83918,83917639,11100,250,-1,-1,1,525,60.0,1,-1.0,0,0,0,639,359
6914,83930,83928756,11117,250,-1,-1,1,545,63.1,0,-1.0,0,0,0,639,359
6915,83941,83939865,11109,250,-1,-1,1,549,65.6,0,-1.0,0,0,0,639,359
6916,83952,83950975,11110,250,-1,-1,1,543,67.7,0,-1.0,0,0,0,639,359
6917,83963,83962086,11111,250,-1,-1,1,635,69.0,0,-1.0,0,0,0,639,359
6918,83975,83973196,11110,250,-1,-1,1,526,70.5,0,-1.0,0,0,0,639,359
6919,83985,83984306,11110,250,-1,-1,1,635,71.9,0,-1.0,0,0,0,639,359
6920,83996,83995411,11105,250,-1,-1,1,527,73.0,0,-1.0,0,0,0,639,359
6921,84007,84006520,11109,250,-1,-1,1,526,74.1,0,-1.0,0,0,0,639,359
6922,84018,84017629,11109,250,-1,-1,1,525,75.0,1,-1.0,0,0,0,639,359
6923,84030,84028740,11111,250,-1,-1,1,529,75.8,0,-1.0,0,0,0,639,359
6924,84041,84039850,11110,250,-1,-1,1,526,76.6,0,-1.0,0,0,0,639,359
6925,84052,84050958,11108,250,-1,-1,1,546,77.3,0,-1.0,0,0,0,639,359
6926,84063,84062067,11109,250,-1,-1,1,606,77.6,0,-1.0,0,0,0,639,359
6927,84074,84073183,11116,250,-1,-1,1,526,78.1,0,-1.0,0,0,0,639,359
6928,84085,84084288,11105,250,-1,-1,1,631,78.7,0,-1.0,0,0,0,639,359
6929,84096,84095395,11107,250,-1,-1,1,524,79.1,0,-1.0,0,0,0,639,359
6930,84220,84106503,11108,250,-1,-1,1,607,57.4,0,-1.0,0,0,0,639,359
6931,84221,84217579,111076,250,-1,-1,1,624,59.7,1,-1.0,0,0,0,639,359
6932,84230,84228712,11133,250,-1,-1,1,626,60.8,0,-1.0,0,0,0,639,359
6933,84241,84239815,11103,250,-1,-1,1,526,61.6,0,-1.0,0,0,0,639,359
6934,84252,84250921,11106,250,-1,-1,1,523,62.4,0,-1.0,0,0,0,639,359
6935,84263,84262031,11110,250,-1,-1,1,527,63.1,0,-1.0,0,0,0,639,359
6936,84274,84273140,11109,250,-1,-1,1,629,63.6,0,-1.0,0,0,0,639,359
6937,84285,84284250,11110,250,-1,-1,1,525,64.2,0,-1.0,0,0,0,639,359
6938,84296,84295360,11110,250,-1,-1,1,529,64.9,0,-1.0,0,0,0,639,359
6939,84307,84306471,11111,250,-1,-1,1,545,65.4,0,-1.0,0,0,0,639,359
6940,84318,84317582,11111,250,-1,-1,1,629,66.0,1,-1.0,0,0,0,639,359
6941,84330,84328694,11112,250,-1,-1,1,534,66.5,0,-1.0,0,0,0,639,359
6942,84341,84339798,11104,250,-1,-1,1,628,67.0,0,-1.0,0,0,0,639,359
6943,84352,84350908,11110,250,-1,-1,1,524,67.5,0,-1.0,0,0,0,639,359
6944,84363,84362015,11107,250,-1,-1,1,544,68.0,0,-1.0,0,0,0,639,359
6945,84374,84373126,11111,250,-1,-1,1,543,68.3,0,-1.0,0,0,0,639,359
6946,84385,84384236,11110,250,-1,-1,1,631,68.8,0,-1.0,0,0,0,639,359
6947,84396,84395348,11112,250,-1,-1,1,534,69.2,0,-1.0,0,0,0,639,359
6948,84407,84406451,11103,250,-1,-1,1,629,69.6,0,-1.0,0,0,0,639,359
6949,84418,84417561,11110,250,-1,-1,1,527,70.0,1,-1.0,0,0,0,639,359
6950,84430,84428673,11112,250,-1,-1,1,590,70.4,0,-1.0,0,0,0,639,359
6951,84441,84439777,11104,250,-1,-1,1,544,70.7,0,-1.0,0,0,0,639,359
6952,84452,84450959,11182,250,-1,-1,1,631,71.1,0,-1.0,0,0,0,639,359
6953,84463,84462003,11044,250,-1,-1,1,629,71.4,0,-1.0,0,0,0,639,359
6954,84474,84473109,11106,250,-1,-1,1,631,71.6,0,-1.0,0,0,0,639,359
6955,84485,84484219,11110,250,-1,-1,1,527,72.0,0,-1.0,0,0,0,639,359
6956,84496,84495322,11103,250,-1,-1,1,526,72.3,0,-1.0,0,0,0,639,359
6957,84507,84506435,11113,250,-1,-1,1,524,72.6,0,-1.0,0,0,0,639,359
6958,84518,84517542,11107,250,-1,-1,1,525,72.9,1,-1.0,0,0,0,639,359
6959,84530,84528658,11116,250,-1,-1,1,546,73.1,0,-1.0,0,0,0,639,359
6960,84541,84539764,11106,250,-1,-1,1,546,73.4,0,-1.0,0,0,0,639,359
6961,84552,84550874,11110,250,-1,-1,1,544,73.7,0,-1.0,0,0,0,639,359
6962,84563,84561981,11107,250,-1,-1,1,627,73.9,0,-1.0,0,0,0,639,359
6963,84574,84573091,11110,250,-1,-1,1,526,74.1,0,-1.0,0,0,0,639,359
6964,84585,84584197,11106,250,-1,-1,1,631,74.3,0,-1.0,0,0,0,639,359
6965,84596,84595309,11112,250,-1,-1,1,529,74.6,0,-1.0,0,0,0,639,359
6966,84607,84606413,11104,250,-1,-1,1,525,74.8,0,-1.0,0,0,0,639,359
6967,84618,84617524,11111,250,-1,-1,1,527,75.0,1,-1.0,0,0,0,639,359
6968,84629,84628643,11119,250,-1,-1,1,545,75.2,0,-1.0,0,0,0,639,359
6969,84641,84639754,11111,250,-1,-1,1,545,75.4,0,-1.0,0,0,0,639,359
6970,84652,84650856,11102,250,-1,-1,1,546,75.6,0,-1.0,0,0,0,639,359
6971,84663,84661967,11111,250,-1,-1,1,632,75.7,0,-1.0,0,0,0,639,359
6972,84674,84673074,11107,250,-1,-1,1,525,75.9,0,-1.0,0,0,0,639,359
6973,84685,84684183,11109,250,-1,-1,1,650,76.1,0,-1.0,0,0,0,639,359
6974,84696,84695289,11106,250,-1,-1,1,524,76.3,0,-1.0,0,0,0,639,359
6975,84707,84706396,11107,250,-1,-1,1,526,76.5,0,-1.0,0,0,0,639,359
6976,84718,84717504,11108,250,-1,-1,1,528,76.7,1,-1.0,0,0,0,639,359
6977,84729,84728620,11116,250,-1,-1,1,544,76.8,0,-1.0,0,0,0,639,359
6978,84741,84739727,11107,250,-1,-1,1,545,77.0,0,-1.0,0,0,0,639,359
6979,84752,84750840,11113,250,-1,-1,1,546,77.2,0,-1.0,0,0,0,639,359
6980,84763,84761945,11105,250,-1,-1,1,629,77.3,0,-1.0,0,0,0,639,359
6981,84774,84773057,11112,250,-1,-1,1,527,77.4,0,-1.0,0,0,0,639,359
6982,84785,84784164,11107,250,-1,-1,1,630,77.6,0,-1.0,0,0,0,639,359
6983,84796,84795275,11111,250,-1,-1,1,527,77.7,0,-1.0,0,0,0,639,359
6984,84807,84806378,11103,250,-1,-1,1,525,77.9,0,-1.0,0,0,0,639,359
6985,84818,84817490,11112,250,-1,-1,1,525,78.0,1,-1.0,0,0,0,639,359
6986,84900,84895244,77754,250,-1,-1,1,525,12.2,0,-1.0,0,0,0,639,359
6987,84907,84906367,11123,250,-1,-1,1,525,22.5,0,-1.0,0,0,0,639,359
6988,84918,84917473,11106,250,-1,-1,1,528,30.0,0,-1.0,0,0,0,639,359
6989,84929,84928581,11108,250,-1,-1,1,525,36.0,0,-1.0,0,0,0,639,359
6990,84941,84939691,11110,250,-1,-1,1,525,41.0,0,-1.0,0,0,0,639,359
6991,84952,84950799,11108,250,-1,-1,1,529,45.1,0,-1.0,0,0,0,639,359
6992,84963,84961910,11111,250,-1,-1,1,527,48.6,0,-1.0,0,0,0,639,359
6993,84974,84973020,11110,250,-1,-1,1,525,51.6,0,-1.0,0,0,0,639,359
6994,84985,84984127,11107,250,-1,-1,1,525,54.2,1,-1.0,0,0,0,639,359
6995,84996,84995242,11115,250,-1,-1,1,546,56.2,0,-1.0,0,0,0,639,359
6996,85007,85006349,11107,250,-1,-1,1,545,58.2,0,-1.0,0,0,0,639,359
6997,85018,85017461,11112,250,-1,-1,1,548,60.0,0,-1.0,0,0,0,639,359
6998,85029,85028568,11107,250,-1,-1,1,627,61.6,0,-1.0,0,0,0,639,359
6999,85040,85039681,11113,250,-1,-1,1,536,63.1,0,-1.0,0,0,0,639,359
7000,85052,85050788,11107,250,-1,-1,1,632,64.4,0,-1.0,0,0,0,639,359
7001,85063,85061899,11111,250,-1,-1,1,613,65.6,0,-1.0,0,0,0,639,359
7002,85074,85073001,11102,250,-1,-1,1,525,66.7,0,-1.0,0,0,0,639,359
7003,85085,85084111,11110,250,-1,-1,1,527,67.7,1,-1.0,0,0,0,639,359
7004,85096,85095227,11116,250,-1,-1,1,559,68.3,0,-1.0,0,0,0,639,359
7005,85107,85106336,11109,250,-1,-1,1,545,69.2,0,-1.0,0,0,0,639,359
7006,85118,85117442,11106,250,-1,-1,1,546,70.0,0,-1.0,0,0,0,639,359
7007,85129,85128552,11110,250,-1,-1,1,633,70.7,0,-1.0,0,0,0,639,359
7008,85141,85139661,11109,250,-1,-1,1,524,71.2,0,-1.0,0,0,0,639,359
7009,85152,85150771,11110,250,-1,-1,1,630,72.1,0,-1.0,0,0,0,639,359
7010,85163,85161883,11112,250,-1,-1,1,524,72.7,0,-1.0,0,0,0,639,359
7011,85174,85172984,11101,250,-1,-1,1,528,73.2,0,-1.0,0,0,0,639,359
7012,85185,85184092,11108,250,-1,-1,1,529,73.8,1,-1.0,0,0,0,639,359
7013,85196,85195208,11116,250,-1,-1,1,527,74.1,0,-1.0,0,0,0,639,359
7014,85207,85206314,11106,250,-1,-1,1,547,74.6,0,-1.0,0,0,0,639,359
7015,85218,85217427,11113,250,-1,-1,1,545,75.0,0,-1.0,0,0,0,639,359
7016,85229,85228532,11105,250,-1,-1,1,632,75.4,0,-1.0,0,0,0,639,359
7017,85241,85239646,11114,250,-1,-1,1,525,75.7,0,-1.0,0,0,0,639,359
7018,85252,85250752,11106,250,-1,-1,1,630,76.2,0,-1.0,0,0,0,639,359
7019,85263,85261865,11113,250,-1,-1,1,595,76.6,0,-1.0,0,0,0,639,359
7020,85321,85272969,11104,250,-1,-1,1,607,69.6,0,-1.0,0,0,0,639,359
7021,85322,85317388,44419,250,-1,-1,1,599,71.4,1,-1.0,0,0,0,639,359
7022,85329,85328531,11143,250,-1,-1,1,632,72.4,0,-1.0,0,0,0,639,359
7023,85340,85339626,11095,250,-1,-1,1,525,72.8,0,-1.0,0,0,0,639,359
7024,85352,85350738,11112,250,-1,-1,1,539,73.2,0,-1.0,0,0,0,639,359
7025,85363,85361844,11106,250,-1,-1,1,524,73.5,0,-1.0,0,0,0,639,359
7026,85374,85372954,11110,250,-1,-1,1,632,73.9,0,-1.0,0,0,0,639,359
7027,85385,85384107,11153,250,-1,-1,1,548,74.2,0,-1.0,0,0,0,639,359
7028,85396,85395171,11064,250,-1,-1,1,547,74.4,0,-1.0,0,0,0,639,359
7029,85407,85406281,11110,250,-1,-1,1,542,74.7,0,-1.0,0,0,0,639,359
7030,85418,85417391,11110,250,-1,-1,1,630,75.0,1,-1.0,0,0,0,639,359
7031,85429,85428500,11109,250,-1,-1,1,525,75.3,0,-1.0,0,0,0,639,359
7032,85440,85439609,11109,250,-1,-1,1,630,75.6,0,-1.0,0,0,0,639,359
7033,85452,85450720,11111,250,-1,-1,1,625,75.8,0,-1.0,0,0,0,639,359
7034,85463,85461830,11110,250,-1,-1,1,546,76.1,0,-1.0,0,0,0,639,359
7035,85474,85472937,11107,250,-1,-1,1,547,76.3,0,-1.0,0,0,0,639,359
7036,85485,85484048,11111,250,-1,-1,1,630,76.5,0,-1.0,0,0,0,639,359
7037,85496,85495156,11108,250,-1,-1,1,632,76.7,0,-1.0,0,0,0,639,359
7038,85507,85506264,11108,250,-1,-1,1,633,76.9,0,-1.0,0,0,0,639,359
7039,85518,85517375,11111,250,-1,-1,1,590,77.1,1,-1.0,0,0,0,639,359
7040,85529,85528485,11110,250,-1,-1,1,546,77.4,0,-1.0,0,0,0,639,359
7041,85540,85539591,11106,250,-1,-1,1,537,77.6,0,-1.0,0,0,0,639,359
7042,85552,85550705,11114,250,-1,-1,1,534,77.8,0,-1.0,0,0,0,639,359
7043,85563,85561809,11104,250,-1,-1,1,631,78.0,0,-1.0,0,0,0,639,359
7044,85574,85572922,11113,250,-1,-1,1,527,78.1,0,-1.0,0,0,0,639,359
7045,85585,85584027,11105,250,-1,-1,1,631,78.3,0,-1.0,0,0,0,639,359
7046,85596,85595138,11111,250,-1,-1,1,526,78.5,0,-1.0,0,0,0,639,359
7047,85607,85606242,11104,250,-1,-1,1,526,78.6,0,-1.0,0,0,0,639,359
7048,85618,85617353,11111,250,-1,-1,1,525,78.8,1,-1.0,0,0,0,639,359
7049,85629,85628468,11115,250,-1,-1,1,547,78.9,0,-1.0,0,0,0,639,359
7050,85640,85639575,11107,250,-1,-1,1,545,79.1,0,-1.0,0,0,0,639,359
7051,85652,85650683,11108,250,-1,-1,1,546,79.2,0,-1.0,0,0,0,639,359
7052,85663,85661794,11111,250,-1,-1,1,629,79.4,0,-1.0,0,0,0,639,359
7053,85674,85672902,11108,250,-1,-1,1,525,79.4,0,-1.0,0,0,0,639,359
7054,85685,85684012,11110,250,-1,-1,1,629,79.7,0,-1.0,0,0,0,639,359
7055,85696,85695119,11107,250,-1,-1,1,526,79.7,0,-1.0,0,0,0,639,359
7056,85707,85706229,11110,250,-1,-1,1,528,79.9,0,-1.0,0,0,0,639,359
7057,85718,85717335,11106,250,-1,-1,1,526,80.0,1,-1.0,0,0,0,639,359
7058,85729,85728447,11112,250,-1,-1,1,546,80.1,0,-1.0,0,0,0,639,359
7059,85740,85739562,11115,250,-1,-1,1,545,80.3,0,-1.0,0,0,0,639,359
7060,85751,85750668,11106,250,-1,-1,1,545,80.4,0,-1.0,0,0,0,639,359
7061,85763,85761777,11109,250,-1,-1,1,632,80.5,0,-1.0,0,0,0,639,359
7062,85774,85772890,11113,250,-1,-1,1,525,80.5,0,-1.0,0,0,0,639,359
7063,85785,85783991,11101,250,-1,-1,1,629,80.7,0,-1.0,0,0,0,639,359
7064,85796,85795109,11118,250,-1,-1,1,527,80.9,0,-1.0,0,0,0,639,359
7065,85807,85806211,11102,250,-1,-1,1,526,80.9,0,-1.0,0,0,0,639,359
7066,85818,85817318,11107,250,-1,-1,1,527,81.0,1,-1.0,0,0,0,639,359
7067,85899,85895071,77753,250,-1,-1,1,525,12.5,0,-1.0,0,0,0,639,359
7068,85907,85906196,11125,250,-1,-1,1,527,22.5,0,-1.0,0,0,0,639,359
7069,85918,85917298,11102,250,-1,-1,1,528,30.0,0,-1.0,0,0,0,639,359
7070,85929,85928411,11113,250,-1,-1,1,527,36.0,0,-1.0,0,0,0,639,359
7071,85940,85939518,11107,250,-1,-1,1,527,41.0,0,-1.0,0,0,0,639,359
7072,85951,85950629,11111,250,-1,-1,1,528,45.1,0,-1.0,0,0,0,639,359
7073,85963,85961738,11109,250,-1,-1,1,524,48.6,0,-1.0,0,0,0,639,359
7074,85974,85972850,11112,250,-1,-1,1,524,51.6,0,-1.0,0,0,0,639,359
7075,85985,85983957,11107,250,-1,-1,1,525,54.2,1,-1.0,0,0,0,639,359
7076,85996,85995073,11116,250,-1,-1,1,543,56.5,0,-1.0,0,0,0,639,359
7077,86007,86006181,11108,250,-1,-1,1,547,58.2,0,-1.0,0,0,0,639,359
7078,86018,86017291,11110,250,-1,-1,1,543,60.0,0,-1.0,0,0,0,639,359
7079,86029,86028400,11109,250,-1,-1,1,625,61.6,0,-1.0,0,0,0,639,359
7080,86040,86039509,11109,250,-1,-1,1,526,63.1,0,-1.0,0,0,0,639,359
7081,86051,86050615,11106,250,-1,-1,1,629,64.4,0,-1.0,0,0,0,639,359
7082,86063,86061727,11112,250,-1,-1,1,528,65.3,0,-1.0,0,0,0,639,359
7083,86074,86072831,11104,250,-1,-1,1,526,66.7,0,-1.0,0,0,0,639,359
7084,86085,86083940,11109,250,-1,-1,1,523,67.7,1,-1.0,0,0,0,639,359
7085,86096,86095053,11113,250,-1,-1,1,543,68.6,0,-1.0,0,0,0,639,359
7086,86107,86106166,11113,250,-1,-1,1,544,69.2,0,-1.0,0,0,0,639,359
7087,86118,86117271,11105,250,-1,-1,1,545,70.0,0,-1.0,0,0,0,639,359
7088,86129,86128380,11109,250,-1,-1,1,631,70.7,0,-1.0,0,0,0,639,359
7089,86140,86139488,11108,250,-1,-1,1,523,71.4,0,-1.0,0,0,0,639,359
7090,86151,86150599,11111,250,-1,-1,1,629,72.1,0,-1.0,0,0,0,639,359
7091,86162,86161707,11108,250,-1,-1,1,527,72.7,0,-1.0,0,0,0,639,359
7092,86174,86172812,11105,250,-1,-1,1,525,73.2,0,-1.0,0,0,0,639,359
7093,86185,86183921,11109,250,-1,-1,1,527,73.8,1,-1.0,0,0,0,639,359
7094,86196,86195038,11117,250,-1,-1,1,545,74.3,0,-1.0,0,0,0,639,359
7095,86207,86206145,11107,250,-1,-1,1,545,74.6,0,-1.0,0,0,0,639,359
7096,86218,86217255,11110,250,-1,-1,1,545,75.0,0,-1.0,0,0,0,639,359
7097,86229,86228363,11108,250,-1,-1,1,633,75.4,0,-1.0,0,0,0,639,359
7098,86240,86239475,11112,250,-1,-1,1,561,75.8,0,-1.0,0,0,0,639,359
7099,86251,86250577,11102,250,-1,-1,1,629,76.2,0,-1.0,0,0,0,639,359
7100,86263,86261691,11114,250,-1,-1,1,528,76.6,0,-1.0,0,0,0,639,359
7101,86274,86272792,11101,250,-1,-1,1,527,76.9,0,-1.0,0,0,0,639,359
7102,86285,86283908,11116,250,-1,-1,1,527,77.3,1,-1.0,0,0,0,639,359
7103,86296,86295019,11111,250,-1,-1,1,531,77.6,0,-1.0,0,0,0,639,359
7104,86307,86306130,11111,250,-1,-1,1,547,77.7,0,-1.0,0,0,0,639,359
7105,86318,86317235,11105,250,-1,-1,1,543,78.0,0,-1.0,0,0,0,639,359
7106,86329,86328353,11118,250,-1,-1,1,630,78.3,0,-1.0,0,0,0,639,359
7107,86340,86339456,11103,250,-1,-1,1,525,78.5,0,-1.0,0,0,0,639,359
7108,86351,86350566,11110,250,-1,-1,1,632,78.8,0,-1.0,0,0,0,639,359
7109,86362,86361675,11109,250,-1,-1,1,525,79.0,0,-1.0,0,0,0,639,359
7110,86434,86372781,11106,250,-1,-1,1,665,71.5,0,-1.0,0,0,0,639,359
7111,86435,86428310,55529,250,-1,-1,1,598,73.1,1,-1.0,0,0,0,639,359
7112,86440,86439455,11145,250,-1,-1,1,628,74.0,0,-1.0,0,0,0,639,359
7113,86451,86450544,11089,250,-1,-1,1,527,74.2,0,-1.0,0,0,0,639,359
7114,86462,86461654,11110,250,-1,-1,1,526,74.5,0,-1.0,0,0,0,639,359
7115,86474,86472761,11107,250,-1,-1,1,526,74.8,0,-1.0,0,0,0,639,359
7116,86485,86483873,11112,250,-1,-1,1,632,75.1,0,-1.0,0,0,0,639,359
7117,86496,86494984,11111,250,-1,-1,1,554,75.3,0,-1.0,0,0,0,639,359
7118,86507,86506091,11107,250,-1,-1,1,544,75.6,0,-1.0,0,0,0,639,359
7119,86518,86517202,11111,250,-1,-1,1,545,75.7,0,-1.0,0,0,0,639,359
7120,86529,86528312,11110,250,-1,-1,1,547,75.9,1,-1.0,0,0,0,639,359
7121,86540,86539422,11110,250,-1,-1,1,625,76.2,0,-1.0,0,0,0,639,359
7122,86551,86550529,11107,250,-1,-1,1,526,76.4,0,-1.0,0,0,0,639,359
7123,86562,86561638,11109,250,-1,-1,1,632,76.6,0,-1.0,0,0,0,639,359
7124,86574,86572748,11110,250,-1,-1,1,530,76.8,0,-1.0,0,0,0,639,359
7125,86585,86583857,11109,250,-1,-1,1,526,77.0,0,-1.0,0,0,0,639,359
7126,86596,86594967,11110,250,-1,-1,1,544,77.2,0,-1.0,0,0,0,639,359
7127,86607,86606076,11109,250,-1,-1,1,632,77.3,0,-1.0,0,0,0,639,359
7128,86618,86617189,11113,250,-1,-1,1,546,77.5,0,-1.0,0,0,0,639,359
7129,86629,86628302,11113,250,-1,-1,1,629,77.7,1,-1.0,0,0,0,639,359
7130,86641,86639407,11105,250,-1,-1,1,526,77.9,0,-1.0,0,0,0,639,359
7131,86651,86650508,11101,250,-1,-1,1,548,78.0,0,-1.0,0,0,0,639,359
7132,86662,86661623,11115,250,-1,-1,1,545,78.2,0,-1.0,0,0,0,639,359
7133,86674,86672731,11108,250,-1,-1,1,631,78.4,0,-1.0,0,0,0,639,359
7134,86685,86683840,11109,250,-1,-1,1,633,78.5,0,-1.0,0,0,0,639,359
7135,86696,86694946,11106,250,-1,-1,1,640,78.7,0,-1.0,0,0,0,639,359
7136,86707,86706057,11111,250,-1,-1,1,626,78.7,0,-1.0,0,0,0,639,359
7137,86718,86717164,11107,250,-1,-1,1,525,79.0,0,-1.0,0,0,0,639,359
7138,86729,86728274,11110,250,-1,-1,1,525,79.0,1,-1.0,0,0,0,639,359
7139,86740,86739387,11113,250,-1,-1,1,547,79.2,0,-1.0,0,0,0,639,359
7140,86751,86750500,11113,250,-1,-1,1,548,79.3,0,-1.0,0,0,0,639,359
7141,86762,86761605,11105,250,-1,-1,1,545,79.4,0,-1.0,0,0,0,639,359
7142,86774,86772716,11111,250,-1,-1,1,631,79.6,0,-1.0,0,0,0,639,359
7143,86785,86783823,11107,250,-1,-1,1,525,79.7,0,-1.0,0,0,0,639,359
7144,86796,86794935,11112,250,-1,-1,1,630,79.8,0,-1.0,0,0,0,639,359
7145,86807,86806041,11106,250,-1,-1,1,529,80.0,0,-1.0,0,0,0,639,359
7146,86818,86817147,11106,250,-1,-1,1,524,80.1,0,-1.0,0,0,0,639,359
7147,86829,86828412,11265,250,-1,-1,1,528,90.9,1,-1.0,0,0,0,639,359
7148,86840,86839376,10964,250,-1,-1,1,531,90.9,0,-1.0,0,0,0,639,359
7149,86851,86850477,11101,250,-1,-1,1,545,90.9,0,-1.0,0,0,0,639,359
7150,86862,86861588,11111,250,-1,-1,1,628,90.9,0,-1.0,0,0,0,639,359
7151,86874,86872696,11108,250,-1,-1,1,628,90.9,0,-1.0,0,0,0,639,359
7152,86885,86883805,11109,250,-1,-1,1,632,90.9,0,-1.0,0,0,0,639,359
7153,86896,86894918,11113,250,-1,-1,1,524,90.9,0,-1.0,0,0,0,639,359
7154,86907,86906206,11288,250,-1,-1,1,529,89.9,0,-1.0,0,0,0,639,359
7155,86918,86917126,10920,250,-1,-1,1,526,90.9,0,-1.0,0,0,0,639,359
7156,86929,86928242,11116,250,-1,-1,1,526,90.1,1,-1.0,0,0,0,639,359
7157,86940,86939354,11112,250,-1,-1,1,542,90.2,0,-1.0,0,0,0,639,359
7158,86951,86950463,11109,250,-1,-1,1,541,90.2,0,-1.0,0,0,0,639,359
7159,86962,86961570,11107,250,-1,-1,1,532,90.3,0,-1.0,0,0,0,639,359
7160,86974,86972679,11109,250,-1,-1,1,628,90.3,0,-1.0,0,0,0,639,359
7161,86985,86983789,11110,250,-1,-1,1,525,90.4,0,-1.0,0,0,0,639,359
7162,86996,86994900,11111,250,-1,-1,1,627,90.4,0,-1.0,0,0,0,639,359
7163,87007,87006006,11106,250,-1,-1,1,527,89.9,0,-1.0,0,0,0,639,359
7164,87018,87017116,11110,250,-1,-1,1,525,90.5,0,-1.0,0,0,0,639,359
7165,87029,87028220,11104,250,-1,-1,1,524,90.0,1,-1.0,0,0,0,639,359
7166,87040,87039338,11118,250,-1,-1,1,546,90.1,0,-1.0,0,0,0,639,359
7167,87051,87050443,11105,250,-1,-1,1,546,90.1,0,-1.0,0,0,0,639,359
7168,87062,87061555,11112,250,-1,-1,1,537,90.2,0,-1.0,0,0,0,639,359
7169,87074,87072662,11107,250,-1,-1,1,628,90.2,0,-1.0,0,0,0,639,359
7170,87085,87083773,11111,250,-1,-1,1,525,89.9,0,-1.0,0,0,0,639,359
7171,87096,87094882,11109,250,-1,-1,1,628,90.3,0,-1.0,0,0,0,639,359
7172,87107,87105991,11109,250,-1,-1,1,612,90.3,0,-1.0,0,0,0,639,359
7173,87118,87117097,11106,250,-1,-1,1,526,90.3,0,-1.0,0,0,0,639,359
7174,87129,87128206,11109,250,-1,-1,1,538,90.0,1,-1.0,0,0,0,639,359
7175,87140,87139319,11113,250,-1,-1,1,547,90.1,0,-1.0,0,0,0,639,359
7176,87151,87150429,11110,250,-1,-1,1,545,90.1,0,-1.0,0,0,0,639,359
7177,87162,87161538,11109,250,-1,-1,1,545,90.1,0,-1.0,0,0,0,639,359
7178,87173,87172645,11107,250,-1,-1,1,631,90.1,0,-1.0,0,0,0,639,359
7179,87185,87183753,11108,250,-1,-1,1,525,89.9,0,-1.0,0,0,0,639,359
7180,87196,87194864,11111,250,-1,-1,1,629,90.2,0,-1.0,0,0,0,639,359
7181,87207,87205973,11109,250,-1,-1,1,527,90.2,0,-1.0,0,0,0,639,359
7182,87218,87217078,11105,250,-1,-1,1,526,90.2,0,-1.0,0,0,0,639,359
7183,87229,87228185,11107,250,-1,-1,1,527,90.0,1,-1.0,0,0,0,639,359
7184,87240,87239304,11119,250,-1,-1,1,545,90.0,0,-1.0,0,0,0,639,359
7185,87251,87250410,11106,250,-1,-1,1,543,90.1,0,-1.0,0,0,0,639,359
7186,87262,87261525,11115,250,-1,-1,1,544,90.1,0,-1.0,0,0,0,639,359
7187,87273,87272630,11105,250,-1,-1,1,632,90.1,0,-1.0,0,0,0,639,359
7188,87285,87283741,11111,250,-1,-1,1,525,90.1,0,-1.0,0,0,0,639,359
7189,87296,87294849,11108,250,-1,-1,1,630,90.1,0,-1.0,0,0,0,639,359
7190,87307,87305960,11111,250,-1,-1,1,610,90.2,0,-1.0,0,0,0,639,359
7191,87318,87317066,11106,250,-1,-1,1,525,90.2,0,-1.0,0,0,0,639,359
7192,87329,87328171,11105,250,-1,-1,1,527,90.0,1,-1.0,0,0,0,639,359
7193,87340,87339282,11111,250,-1,-1,1,540,90.0,0,-1.0,0,0,0,639,359
7194,87351,87350396,11114,250,-1,-1,1,534,90.1,0,-1.0,0,0,0,639,359
7195,87362,87361504,11108,250,-1,-1,1,531,90.1,0,-1.0,0,0,0,639,359
7196,87373,87372613,11109,250,-1,-1,1,633,90.1,0,-1.0,0,0,0,639,359
7197,87385,87383722,11109,250,-1,-1,1,524,90.1,0,-1.0,0,0,0,639,359
7198,87396,87394834,11112,250,-1,-1,1,631,90.1,0,-1.0,0,0,0,639,359
7199,87407,87405939,11105,250,-1,-1,1,525,90.1,0,-1.0,0,0,0,639,359
7200,87535,87417047,11108,250,-1,-1,1,1001,75.3,0,-1.0,0,0,0,639,359
7201,87536,87528121,111074,250,-1,-1,1,529,76.6,1,-1.0,0,0,0,639,359
7202,87540,87539257,11136,250,-1,-1,1,633,77.6,0,-1.0,0,0,0,639,359
7203,87551,87550358,11101,250,-1,-1,1,632,77.8,0,-1.0,0,0,0,639,359
7204,87562,87561467,11109,250,-1,-1,1,545,78.0,0,-1.0,0,0,0,639,359
7205,87573,87572577,11110,250,-1,-1,1,527,78.1,0,-1.0,0,0,0,639,359
7206,87585,87583685,11108,250,-1,-1,1,540,78.3,0,-1.0,0,0,0,639,359
7207,87596,87594799,11114,250,-1,-1,1,631,78.5,0,-1.0,0,0,0,639,359
7208,87607,87605909,11110,250,-1,-1,1,525,78.7,0,-1.0,0,0,0,639,359
7209,87618,87617015,11106,250,-1,-1,1,629,78.8,0,-1.0,0,0,0,639,359
7210,87629,87628121,11106,250,-1,-1,1,526,78.9,1,-1.0,0,0,0,639,359
7211,87640,87639234,11113,250,-1,-1,1,544,79.1,0,-1.0,0,0,0,639,359
7212,87651,87650342,11108,250,-1,-1,1,545,79.2,0,-1.0,0,0,0,639,359
7213,87662,87661452,11110,250,-1,-1,1,569,79.4,0,-1.0,0,0,0,639,359
7214,87673,87672557,11105,250,-1,-1,1,632,79.5,0,-1.0,0,0,0,639,359
7215,87684,87683667,11110,250,-1,-1,1,526,79.7,0,-1.0,0,0,0,639,359
7216,87696,87694777,11110,250,-1,-1,1,633,79.8,0,-1.0,0,0,0,639,359
7217,87707,87705887,11110,250,-1,-1,1,525,80.0,0,-1.0,0,0,0,639,359
7218,87718,87716994,11107,250,-1,-1,1,526,80.1,0,-1.0,0,0,0,639,359
7219,87729,87728105,11111,250,-1,-1,1,526,80.2,1,-1.0,0,0,0,639,359
7220,87740,87739215,11110,250,-1,-1,1,526,80.3,0,-1.0,0,0,0,639,359
7221,87751,87750326,11111,250,-1,-1,1,545,80.4,0,-1.0,0,0,0,639,359
7222,87762,87761432,11106,250,-1,-1,1,545,80.5,0,-1.0,0,0,0,639,359
7223,87773,87772544,11112,250,-1,-1,1,629,80.6,0,-1.0,0,0,0,639,359
7224,87784,87783654,11110,250,-1,-1,1,525,80.7,0,-1.0,0,0,0,639,359
7225,87796,87794762,11108,250,-1,-1,1,633,80.9,0,-1.0,0,0,0,639,359
7226,87807,87805868,11106,250,-1,-1,1,526,81.0,0,-1.0,0,0,0,639,359
7227,87818,87816980,11112,250,-1,-1,1,527,81.1,0,-1.0,0,0,0,639,359
7228,87829,87828085,11105,250,-1,-1,1,528,81.2,1,-1.0,0,0,0,639,359
7229,87896,87883619,55534,250,-1,-1,1,633,15.2,0,-1.0,0,0,0,639,359
7230,87897,87894852,11233,250,-1,-1,1,602,29.9,0,-1.0,0,0,0,639,359
7231,87907,87905855,11003,250,-1,-1,1,631,39.0,0,-1.0,0,0,0,639,359
7232,87918,87916964,11109,250,-1,-1,1,525,45.5,0,-1.0,0,0,0,639,359
7233,87929,87928071,11107,250,-1,-1,1,526,50.5,0,-1.0,0,0,0,639,359
7234,87940,87939177,11106,250,-1,-1,1,528,54.1,0,-1.0,0,0,0,639,359
7235,87951,87950288,11111,250,-1,-1,1,524,57.4,0,-1.0,0,0,0,639,359
7236,87962,87961396,11108,250,-1,-1,1,525,60.2,0,-1.0,0,0,0,639,359
7237,87973,87972505,11109,250,-1,-1,1,527,62.5,1,-1.0,0,0,0,639,359
7238,87984,87983617,11112,250,-1,-1,1,528,64.5,0,-1.0,0,0,0,639,359
7239,87996,87994730,11113,250,-1,-1,1,544,66.3,0,-1.0,0,0,0,639,359
7240,88007,88005839,11109,250,-1,-1,1,545,67.8,0,-1.0,0,0,0,639,359
7241,88018,88016944,11105,250,-1,-1,1,628,69.1,0,-1.0,0,0,0,639,359
7242,88029,88028055,11111,250,-1,-1,1,526,70.4,0,-1.0,0,0,0,639,359
7243,88040,88039168,11113,250,-1,-1,1,630,71.1,0,-1.0,0,0,0,639,359
7244,88051,88050274,11106,250,-1,-1,1,524,72.1,0,-1.0,0,0,0,639,359
7245,88062,88061383,11109,250,-1,-1,1,525,73.0,0,-1.0,0,0,0,639,359
7246,88073,88072490,11107,250,-1,-1,1,527,73.8,1,-1.0,0,0,0,639,359
7247,88084,88083601,11111,250,-1,-1,1,542,74.5,0,-1.0,0,0,0,639,359
7248,88096,88094709,11108,250,-1,-1,1,534,75.2,0,-1.0,0,0,0,639,359
7249,88107,88105820,11111,250,-1,-1,1,527,75.8,0,-1.0,0,0,0,639,359
7250,88118,88116926,11106,250,-1,-1,1,630,76.4,0,-1.0,0,0,0,639,359
7251,88129,88128039,11113,250,-1,-1,1,525,76.9,0,-1.0,0,0,0,639,359
7252,88140,88139146,11107,250,-1,-1,1,632,77.2,0,-1.0,0,0,0,639,359
7253,88151,88150260,11114,250,-1,-1,1,526,77.6,0,-1.0,0,0,0,639,359
7254,88162,88161362,11102,250,-1,-1,1,525,78.1,0,-1.0,0,0,0,639,359
7255,88173,88172474,11112,250,-1,-1,1,526,78.5,1,-1.0,0,0,0,639,359
7256,88184,88183584,11110,250,-1,-1,1,543,78.9,0,-1.0,0,0,0,639,359
7257,88196,88194695,11111,250,-1,-1,1,546,79.2,0,-1.0,0,0,0,639,359
7258,88207,88205800,11105,250,-1,-1,1,541,79.6,0,-1.0,0,0,0,639,359
7259,88218,88216908,11108,250,-1,-1,1,633,79.9,0,-1.0,0,0,0,639,359
7260,88229,88228019,11111,250,-1,-1,1,523,80.2,0,-1.0,0,0,0,639,359
7261,88240,88239130,11111,250,-1,-1,1,634,80.3,0,-1.0,0,0,0,639,359
7262,88252,88250238,11108,250,-1,-1,1,526,80.6,0,-1.0,0,0,0,639,359
7263,88262,88261348,11110,250,-1,-1,1,525,80.8,0,-1.0,0,0,0,639,359
7264,88273,88272456,11108,250,-1,-1,1,526,81.1,1,-1.0,0,0,0,639,359
7265,88284,88283569,11113,250,-1,-1,1,545,81.3,0,-1.0,0,0,0,639,359
7266,88296,88294674,11105,250,-1,-1,1,546,81.5,0,-1.0,0,0,0,639,359
7267,88307,88305789,11115,250,-1,-1,1,547,81.8,0,-1.0,0,0,0,639,359
7268,88318,88316895,11106,250,-1,-1,1,633,82.0,0,-1.0,0,0,0,639,359
7269,88331,88328006,11111,250,-1,-1,1,523,81.8,0,-1.0,0,0,0,639,359
7270,88340,88339113,11107,250,-1,-1,1,626,82.2,0,-1.0,0,0,0,639,359
7271,88351,88350223,11110,250,-1,-1,1,530,82.4,0,-1.0,0,0,0,639,359
7272,88362,88361329,11106,250,-1,-1,1,525,82.6,0,-1.0,0,0,0,639,359
7273,88373,88372437,11108,250,-1,-1,1,526,82.7,1,-1.0,0,0,0,639,359
7274,88384,88383547,11110,250,-1,-1,1,546,82.9,0,-1.0,0,0,0,639,359
7275,88396,88394659,11112,250,-1,-1,1,544,83.0,0,-1.0,0,0,0,639,359
7276,88407,88405769,11110,250,-1,-1,1,545,83.2,0,-1.0,0,0,0,639,359
7277,88418,88416878,11109,250,-1,-1,1,630,83.3,0,-1.0,0,0,0,639,359
7278,88429,88427983,11105,250,-1,-1,1,524,83.5,0,-1.0,0,0,0,639,359
7279,88440,88439098,11115,250,-1,-1,1,632,83.5,0,-1.0,0,0,0,639,359
7280,88451,88450204,11106,250,-1,-1,1,524,83.6,0,-1.0,0,0,0,639,359
7281,88462,88461311,11107,250,-1,-1,1,526,83.7,0,-1.0,0,0,0,639,359
7282,88473,88472419,11108,250,-1,-1,1,524,83.9,1,-1.0,0,0,0,639,359
7283,88484,88483534,11115,250,-1,-1,1,536,84.0,0,-1.0,0,0,0,639,359
7284,88495,88494641,11107,250,-1,-1,1,530,84.1,0,-1.0,0,0,0,639,359
7285,88507,88505754,11113,250,-1,-1,1,548,84.2,0,-1.0,0,0,0,639,359
7286,88518,88516859,11105,250,-1,-1,1,629,84.3,0,-1.0,0,0,0,639,359
7287,88529,88527971,11112,250,-1,-1,1,525,84.4,0,-1.0,0,0,0,639,359
7288,88540,88539075,11104,250,-1,-1,1,632,84.4,0,-1.0,0,0,0,639,359
7289,88551,88550193,11118,250,-1,-1,1,525,84.5,0,-1.0,0,0,0,639,359
7290,88691,88561293,11100,250,-1,-1,1,1089,71.9,0,-1.0,0,0,0,639,359
7291,88692,88683475,122182,250,-1,-1,1,532,73.1,1,-1.0,0,0,0,639,359
7292,88695,88694605,11130,250,-1,-1,1,525,73.9,0,-1.0,0,0,0,639,359
7293,88707,88705714,11109,250,-1,-1,1,628,74.1,0,-1.0,0,0,0,639,359
7294,88718,88716825,11111,250,-1,-1,1,547,74.3,0,-1.0,0,0,0,639,359
7295,88729,88727935,11110,250,-1,-1,1,543,74.5,0,-1.0,0,0,0,639,359
7296,88740,88739044,11109,250,-1,-1,1,544,74.7,0,-1.0,0,0,0,639,359
7297,88751,88750153,11109,250,-1,-1,1,629,74.8,0,-1.0,0,0,0,639,359
7298,88762,88761264,11111,250,-1,-1,1,529,75.0,0,-1.0,0,0,0,639,359
7299,88773,88772373,11109,250,-1,-1,1,625,75.2,0,-1.0,0,0,0,639,359
7300,88784,88783481,11108,250,-1,-1,1,525,75.4,1,-1.0,0,0,0,639,359
7301,88795,88794597,11116,250,-1,-1,1,537,75.6,0,-1.0,0,0,0,639,359
7302,88807,88805700,11103,250,-1,-1,1,533,75.7,0,-1.0,0,0,0,639,359
7303,88818,88816808,11108,250,-1,-1,1,568,75.9,0,-1.0,0,0,0,639,359
7304,88829,88827917,11109,250,-1,-1,1,631,76.1,0,-1.0,0,0,0,639,359
7305,88840,88839190,11273,250,-1,-1,1,607,76.2,0,-1.0,0,0,0,639,359
7306,88865,88861241,22051,250,-1,-1,1,525,40.0,0,-1.0,0,0,0,639,359
7307,88873,88872352,11111,250,-1,-1,1,526,60.6,0,-1.0,0,0,0,639,359
7308,88884,88883459,11107,250,-1,-1,1,525,68.2,0,-1.0,0,0,0,639,359
7309,88895,88894568,11109,250,-1,-1,1,524,72.7,1,-1.0,0,0,0,639,359
7310,88907,88905682,11114,250,-1,-1,1,544,75.8,0,-1.0,0,0,0,639,359
7311,88918,88916789,11107,250,-1,-1,1,540,77.9,0,-1.0,0,0,0,639,359
7312,88929,88927902,11113,250,-1,-1,1,536,79.5,0,-1.0,0,0,0,639,359
7313,88940,88939007,11105,250,-1,-1,1,623,80.8,0,-1.0,0,0,0,639,359
7314,88951,88950120,11113,250,-1,-1,1,524,81.1,0,-1.0,0,0,0,639,359
7315,88962,88961230,11110,250,-1,-1,1,629,82.0,0,-1.0,0,0,0,639,359
7316,88973,88972338,11108,250,-1,-1,1,629,82.7,0,-1.0,0,0,0,639,359
7317,88984,88983443,11105,250,-1,-1,1,525,83.3,0,-1.0,0,0,0,639,359
7318,88995,88994555,11112,250,-1,-1,1,526,83.9,1,-1.0,0,0,0,639,359
7319,89007,89005665,11110,250,-1,-1,1,544,84.3,0,-1.0,0,0,0,639,359
7320,89018,89016777,11112,250,-1,-1,1,547,84.7,0,-1.0,0,0,0,639,359
7321,89029,89027886,11109,250,-1,-1,1,545,85.1,0,-1.0,0,0,0,639,359
7322,89040,89038991,11105,250,-1,-1,1,631,85.4,0,-1.0,0,0,0,639,359
7323,89051,89050102,11111,250,-1,-1,1,537,85.7,0,-1.0,0,0,0,639,359
7324,89062,89061210,11108,250,-1,-1,1,632,85.6,0,-1.0,0,0,0,639,359
7325,89073,89072321,11111,250,-1,-1,1,524,85.8,0,-1.0,0,0,0,639,359
7326,89084,89083427,11106,250,-1,-1,1,527,86.1,0,-1.0,0,0,0,639,359
7327,89095,89094533,11106,250,-1,-1,1,525,86.3,1,-1.0,0,0,0,639,359
7328,89106,89105652,11119,250,-1,-1,1,547,86.5,0,-1.0,0,0,0,639,359
7329,89118,89116757,11105,250,-1,-1,1,544,86.6,0,-1.0,0,0,0,639,359
7330,89129,89127866,11109,250,-1,-1,1,546,86.8,0,-1.0,0,0,0,639,359
7331,89140,89138975,11109,250,-1,-1,1,630,87.0,0,-1.0,0,0,0,639,359
7332,89151,89150086,11111,250,-1,-1,1,538,87.1,0,-1.0,0,0,0,639,359
7333,89162,89161195,11109,250,-1,-1,1,634,87.0,0,-1.0,0,0,0,639,359
7334,89173,89172303,11108,250,-1,-1,1,528,87.1,0,-1.0,0,0,0,639,359
7335,89184,89183409,11106,250,-1,-1,1,527,87.2,0,-1.0,0,0,0,639,359
7336,89195,89194517,11108,250,-1,-1,1,527,87.3,1,-1.0,0,0,0,639,359
7337,89206,89205629,11112,250,-1,-1,1,533,87.4,0,-1.0,0,0,0,639,359
7338,89218,89216741,11112,250,-1,-1,1,529,87.5,0,-1.0,0,0,0,639,359
7339,89229,89227848,11107,250,-1,-1,1,543,87.6,0,-1.0,0,0,0,639,359
7340,89240,89238961,11113,250,-1,-1,1,606,87.7,0,-1.0,0,0,0,639,359
7341,89251,89250065,11104,250,-1,-1,1,526,87.8,0,-1.0,0,0,0,639,359
7342,89262,89261178,11113,250,-1,-1,1,631,87.7,0,-1.0,0,0,0,639,359
7343,89273,89272284,11106,250,-1,-1,1,525,87.8,0,-1.0,0,0,0,639,359
7344,89284,89283393,11109,250,-1,-1,1,525,87.8,0,-1.0,0,0,0,639,359
7345,89295,89294501,11108,250,-1,-1,1,527,87.9,1,-1.0,0,0,0,639,359
7346,89306,89305615,11114,250,-1,-1,1,544,88.0,0,-1.0,0,0,0,639,359
7347,89318,89316722,11107,250,-1,-1,1,535,88.1,0,-1.0,0,0,0,639,359
7348,89329,89327835,11113,250,-1,-1,1,529,88.1,0,-1.0,0,0,0,639,359
7349,89340,89338941,11106,250,-1,-1,1,647,88.2,0,-1.0,0,0,0,639,359
7350,89351,89350050,11109,250,-1,-1,1,526,88.2,0,-1.0,0,0,0,639,359
7351,89362,89361159,11109,250,-1,-1,1,630,88.1,0,-1.0,0,0,0,639,359
7352,89373,89372271,11112,250,-1,-1,1,525,88.2,0,-1.0,0,0,0,639,359
7353,89384,89383373,11102,250,-1,-1,1,525,88.2,0,-1.0,0,0,0,639,359
7354,89395,89394483,11110,250,-1,-1,1,527,88.3,1,-1.0,0,0,0,639,359
7355,89406,89405595,11112,250,-1,-1,1,548,88.3,0,-1.0,0,0,0,639,359
7356,89418,89416706,11111,250,-1,-1,1,546,88.4,0,-1.0,0,0,0,639,359
7357,89429,89427815,11109,250,-1,-1,1,541,88.4,0,-1.0,0,0,0,639,359
7358,89440,89438929,11114,250,-1,-1,1,646,88.5,0,-1.0,0,0,0,639,359
7359,89451,89450035,11106,250,-1,-1,1,543,88.5,0,-1.0,0,0,0,639,359
7360,89462,89461141,11106,250,-1,-1,1,629,88.4,0,-1.0,0,0,0,639,359
7361,89474,89472251,11110,250,-1,-1,1,525,88.5,0,-1.0,0,0,0,639,359
7362,89484,89483359,11108,250,-1,-1,1,524,88.5,0,-1.0,0,0,0,639,359
7363,89495,89494468,11109,250,-1,-1,1,526,88.5,1,-1.0,0,0,0,639,359
7364,89506,89505579,11111,250,-1,-1,1,545,88.6,0,-1.0,0,0,0,639,359
7365,89518,89516688,11109,250,-1,-1,1,545,88.6,0,-1.0,0,0,0,639,359
7366,89529,89527799,11111,250,-1,-1,1,545,88.7,0,-1.0,0,0,0,639,359
7367,89540,89538906,11107,250,-1,-1,1,648,88.7,0,-1.0,0,0,0,639,359
7368,89551,89550015,11109,250,-1,-1,1,535,88.7,0,-1.0,0,0,0,639,359
7369,89562,89561126,11111,250,-1,-1,1,627,88.6,0,-1.0,0,0,0,639,359
7370,89573,89572235,11109,250,-1,-1,1,529,88.7,0,-1.0,0,0,0,639,359
7371,89584,89583340,11105,250,-1,-1,1,530,88.7,0,-1.0,0,0,0,639,359
7372,89595,89594448,11108,250,-1,-1,1,525,88.7,1,-1.0,0,0,0,639,359
7373,89606,89605562,11114,250,-1,-1,1,547,88.8,0,-1.0,0,0,0,639,359
7374,89617,89616671,11109,250,-1,-1,1,545,88.8,0,-1.0,0,0,0,639,359
7375,89629,89627779,11108,250,-1,-1,1,544,88.8,0,-1.0,0,0,0,639,359
7376,89640,89638889,11110,250,-1,-1,1,628,88.9,0,-1.0,0,0,0,639,359
7377,89651,89650000,11111,250,-1,-1,1,535,88.9,0,-1.0,0,0,0,639,359
7378,89662,89661107,11107,250,-1,-1,1,632,88.8,0,-1.0,0,0,0,639,359
7379,89673,89672220,11113,250,-1,-1,1,526,88.8,0,-1.0,0,0,0,639,359
7380,89787,89683324,11104,250,-1,-1,1,607,79.2,0,-1.0,0,0,0,639,359
7381,89788,89783289,99965,250,-1,-1,1,623,80.2,1,-1.0,0,0,0,639,359
7382,89795,89794423,11134,250,-1,-1,1,631,80.6,0,-1.0,0,0,0,639,359
7383,89806,89805529,11106,250,-1,-1,1,526,80.7,0,-1.0,0,0,0,639,359
7384,89817,89816633,11104,250,-1,-1,1,526,80.9,0,-1.0,0,0,0,639,359
7385,89829,89827741,11108,250,-1,-1,1,524,80.9,0,-1.0,0,0,0,639,359
7386,89840,89838854,11113,250,-1,-1,1,623,81.1,0,-1.0,0,0,0,639,359
7387,89851,89849961,11107,250,-1,-1,1,543,81.2,0,-1.0,0,0,0,639,359
7388,89925,89916613,66652,250,-1,-1,1,647,13.5,0,-1.0,0,0,0,639,359
7389,89929,89927722,11109,250,-1,-1,1,524,25.6,0,-1.0,0,0,0,639,359
7390,89940,89938833,11111,250,-1,-1,1,526,33.7,1,-1.0,0,0,0,639,359
7391,89951,89949947,11114,250,-1,-1,1,544,40.0,0,-1.0,0,0,0,639,359
7392,89962,89961054,11107,250,-1,-1,1,544,45.0,0,-1.0,0,0,0,639,359
7393,89973,89972169,11115,250,-1,-1,1,543,48.8,0,-1.0,0,0,0,639,359
7394,89984,89983270,11101,250,-1,-1,1,633,52.2,0,-1.0,0,0,0,639,359
7395,89995,89994388,11118,250,-1,-1,1,607,55.2,0,-1.0,0,0,0,639,359
7396,90006,90005490,11102,250,-1,-1,1,633,57.7,0,-1.0,0,0,0,639,359
7397,90017,90016605,11115,250,-1,-1,1,583,59.9,0,-1.0,0,0,0,639,359
7398,90029,90027710,11105,250,-1,-1,1,526,61.8,0,-1.0,0,0,0,639,359
7399,90040,90038817,11107,250,-1,-1,1,526,63.5,1,-1.0,0,0,0,639,359
7400,90051,90049927,11110,250,-1,-1,1,533,65.0,0,-1.0,0,0,0,639,359
7401,90062,90061039,11112,250,-1,-1,1,529,66.4,0,-1.0,0,0,0,639,359
7402,90073,90072149,11110,250,-1,-1,1,529,67.3,0,-1.0,0,0,0,639,359
7403,90084,90083260,11111,250,-1,-1,1,626,68.4,0,-1.0,0,0,0,639,359
7404,90095,90094369,11109,250,-1,-1,1,525,69.4,0,-1.0,0,0,0,639,359
7405,90106,90105480,11111,250,-1,-1,1,630,70.3,0,-1.0,0,0,0,639,359
7406,90118,90116584,11104,250,-1,-1,1,525,71.2,0,-1.0,0,0,0,639,359
7407,90129,90127694,11110,250,-1,-1,1,526,71.9,0,-1.0,0,0,0,639,359
7408,90140,90138799,11105,250,-1,-1,1,529,72.7,1,-1.0,0,0,0,639,359
7409,90151,90149914,11115,250,-1,-1,1,541,73.3,0,-1.0,0,0,0,639,359
7410,90162,90161021,11107,250,-1,-1,1,536,74.0,0,-1.0,0,0,0,639,359
7411,90173,90172134,11113,250,-1,-1,1,532,74.3,0,-1.0,0,0,0,639,359
7412,90184,90183234,11100,250,-1,-1,1,628,74.9,0,-1.0,0,0,0,639,359
7413,90195,90194351,11117,250,-1,-1,1,543,75.4,0,-1.0,0,0,0,639,359
7414,90206,90205460,11109,250,-1,-1,1,628,75.8,0,-1.0,0,0,0,639,359
7415,90218,90216570,11110,250,-1,-1,1,525,76.3,0,-1.0,0,0,0,639,359
7416,90228,90227674,11104,250,-1,-1,1,525,76.7,0,-1.0,0,0,0,639,359
7417,90240,90238789,11115,250,-1,-1,1,526,77.1,1,-1.0,0,0,0,639,359
7418,90251,90249904,11115,250,-1,-1,1,546,77.5,0,-1.0,0,0,0,639,359
7419,90262,90261004,11100,250,-1,-1,1,548,77.9,0,-1.0,0,0,0,639,359
7420,90273,90272114,11110,250,-1,-1,1,546,78.2,0,-1.0,0,0,0,639,359
7421,90284,90283222,11108,250,-1,-1,1,633,78.3,0,-1.0,0,0,0,639,359
7422,90295,90294333,11111,250,-1,-1,1,527,78.7,0,-1.0,0,0,0,639,359
7423,90306,90305444,11111,250,-1,-1,1,633,78.9,0,-1.0,0,0,0,639,359
7424,90318,90316550,11106,250,-1,-1,1,525,79.2,0,-1.0,0,0,0,639,359
7425,90328,90327657,11107,250,-1,-1,1,526,79.5,0,-1.0,0,0,0,639,359
7426,90340,90338768,11111,250,-1,-1,1,525,79.8,1,-1.0,0,0,0,639,359
7427,90351,90349880,11112,250,-1,-1,1,548,80.0,0,-1.0,0,0,0,639,359
7428,90362,90360988,11108,250,-1,-1,1,545,80.2,0,-1.0,0,0,0,639,359
7429,90373,90372098,11110,250,-1,-1,1,544,80.5,0,-1.0,0,0,0,639,359
7430,90384,90383205,11107,250,-1,-1,1,629,80.5,0,-1.0,0,0,0,639,359
7431,90395,90394315,11110,250,-1,-1,1,524,80.7,0,-1.0,0,0,0,639,359
7432,90406,90405421,11106,250,-1,-1,1,633,80.9,0,-1.0,0,0,0,639,359
7433,90417,90416537,11116,250,-1,-1,1,527,81.1,0,-1.0,0,0,0,639,359
7434,90428,90427639,11102,250,-1,-1,1,526,81.3,0,-1.0,0,0,0,639,359
7435,90440,90438747,11108,250,-1,-1,1,527,81.5,1,-1.0,0,0,0,639,359
7436,90451,90449860,11113,250,-1,-1,1,536,81.7,0,-1.0,0,0,0,639,359
7437,90462,90460971,11111,250,-1,-1,1,533,81.8,0,-1.0,0,0,0,639,359
7438,90473,90472080,11109,250,-1,-1,1,528,82.0,0,-1.0,0,0,0,639,359
7439,90484,90483191,11111,250,-1,-1,1,633,82.0,0,-1.0,0,0,0,639,359
7440,90495,90494300,11109,250,-1,-1,1,551,82.2,0,-1.0,0,0,0,639,359
7441,90506,90505409,11109,250,-1,-1,1,631,82.3,0,-1.0,0,0,0,639,359
7442,90517,90516517,11108,250,-1,-1,1,632,82.5,0,-1.0,0,0,0,639,359
7443,90528,90527624,11107,250,-1,-1,1,525,82.6,0,-1.0,0,0,0,639,359
7444,90540,90538732,11108,250,-1,-1,1,525,82.7,1,-1.0,0,0,0,639,359
7445,90551,90549846,11114,250,-1,-1,1,544,82.9,0,-1.0,0,0,0,639,359
7446,90562,90560953,11107,250,-1,-1,1,546,83.0,0,-1.0,0,0,0,639,359
7447,90573,90572063,11110,250,-1,-1,1,540,83.1,0,-1.0,0,0,0,639,359
7448,90584,90583170,11107,250,-1,-1,1,628,83.1,0,-1.0,0,0,0,639,359
7449,90595,90594283,11113,250,-1,-1,1,553,83.2,0,-1.0,0,0,0,639,359
7450,90606,90605386,11103,250,-1,-1,1,633,83.3,0,-1.0,0,0,0,639,359
7451,90617,90616499,11113,250,-1,-1,1,612,83.4,0,-1.0,0,0,0,639,359
7452,90628,90627606,11107,250,-1,-1,1,527,83.5,0,-1.0,0,0,0,639,359
7453,90640,90638713,11107,250,-1,-1,1,525,83.7,1,-1.0,0,0,0,639,359
7454,90651,90649828,11115,250,-1,-1,1,545,83.8,0,-1.0,0,0,0,639,359
7455,90662,90660937,11109,250,-1,-1,1,544,83.8,0,-1.0,0,0,0,639,359
7456,90673,90672044,11107,250,-1,-1,1,544,83.9,0,-1.0,0,0,0,639,359
7457,90684,90683159,11115,250,-1,-1,1,626,83.9,0,-1.0,0,0,0,639,359
7458,90695,90694266,11107,250,-1,-1,1,555,84.0,0,-1.0,0,0,0,639,359
7459,90706,90705374,11108,250,-1,-1,1,632,84.1,0,-1.0,0,0,0,639,359
7460,90717,90716479,11105,250,-1,-1,1,634,84.2,0,-1.0,0,0,0,639,359
7461,90728,90727589,11110,250,-1,-1,1,525,84.3,0,-1.0,0,0,0,639,359
7462,90739,90738695,11106,250,-1,-1,1,524,84.4,1,-1.0,0,0,0,639,359
7463,90751,90749811,11116,250,-1,-1,1,528,84.4,0,-1.0,0,0,0,639,359
7464,90762,90760920,11109,250,-1,-1,1,526,84.5,0,-1.0,0,0,0,639,359
7465,90773,90772029,11109,250,-1,-1,1,527,84.6,0,-1.0,0,0,0,639,359
7466,90784,90783140,11111,250,-1,-1,1,633,84.6,0,-1.0,0,0,0,639,359
7467,90795,90794246,11106,250,-1,-1,1,589,84.7,0,-1.0,0,0,0,639,359
7468,90806,90805353,11107,250,-1,-1,1,634,84.7,0,-1.0,0,0,0,639,359
7469,90817,90816466,11113,250,-1,-1,1,630,84.8,0,-1.0,0,0,0,639,359
7470,90946,90827570,11104,250,-1,-1,1,1186,75.7,0,-1.0,0,0,0,639,359
7471,91019,91016423,188853,250,-1,-1,1,585,13.9,1,-1.0,0,0,0,639,359
7472,91028,91027540,11117,250,-1,-1,1,528,24.4,0,-1.0,0,0,0,639,359
7473,91039,91038654,11114,250,-1,-1,1,544,32.3,0,-1.0,0,0,0,639,359
7474,91051,91049762,11108,250,-1,-1,1,547,38.5,0,-1.0,0,0,0,639,359
7475,91062,91060871,11109,250,-1,-1,1,633,43.5,0,-1.0,0,0,0,639,359
7476,91073,91071977,11106,250,-1,-1,1,524,47.6,0,-1.0,0,0,0,639,359
7477,91084,91083090,11113,250,-1,-1,1,633,50.7,0,-1.0,0,0,0,639,359
7478,91095,91094195,11105,250,-1,-1,1,525,53.7,0,-1.0,0,0,0,639,359
7479,91106,91105303,11108,250,-1,-1,1,527,56.2,0,-1.0,0,0,0,639,359
7480,91117,91116407,11104,250,-1,-1,1,525,58.5,1,-1.0,0,0,0,639,359
7481,91128,91127528,11121,250,-1,-1,1,536,60.4,0,-1.0,0,0,0,639,359
7482,91139,91138633,11105,250,-1,-1,1,547,62.2,0,-1.0,0,0,0,639,359
7483,91151,91149743,11110,250,-1,-1,1,530,63.7,0,-1.0,0,0,0,639,359
7484,91162,91160848,11105,250,-1,-1,1,631,65.1,0,-1.0,0,0,0,639,359
7485,91173,91171965,11117,250,-1,-1,1,525,66.4,0,-1.0,0,0,0,639,359
7486,91184,91183067,11102,250,-1,-1,1,630,67.2,0,-1.0,0,0,0,639,359
7487,91195,91194180,11113,250,-1,-1,1,631,68.3,0,-1.0,0,0,0,639,359
7488,91206,91205288,11108,250,-1,-1,1,525,69.2,0,-1.0,0,0,0,639,359
7489,91217,91216398,11110,250,-1,-1,1,527,70.1,1,-1.0,0,0,0,639,359
7490,91228,91227508,11110,250,-1,-1,1,544,70.9,0,-1.0,0,0,0,639,359
7491,91239,91238621,11113,250,-1,-1,1,548,71.7,0,-1.0,0,0,0,639,359
7492,91251,91249725,11104,250,-1,-1,1,534,72.4,0,-1.0,0,0,0,639,359
7493,91262,91260835,11110,250,-1,-1,1,628,73.0,0,-1.0,0,0,0,639,359
7494,91273,91271941,11106,250,-1,-1,1,523,73.6,0,-1.0,0,0,0,639,359
7495,91284,91283054,11113,250,-1,-1,1,629,74.0,0,-1.0,0,0,0,639,359
7496,91295,91294160,11106,250,-1,-1,1,527,74.5,0,-1.0,0,0,0,639,359
7497,91306,91305272,11112,250,-1,-1,1,525,75.0,0,-1.0,0,0,0,639,359
7498,91317,91316378,11106,250,-1,-1,1,525,75.5,1,-1.0,0,0,0,639,359
7499,91328,91327490,11112,250,-1,-1,1,544,75.9,0,-1.0,0,0,0,639,359
7500,91339,91338599,11109,250,-1,-1,1,549,76.3,0,-1.0,0,0,0,639,359
7501,91351,91349711,11112,250,-1,-1,1,543,76.7,0,-1.0,0,0,0,639,359
7502,91362,91360816,11105,250,-1,-1,1,629,77.1,0,-1.0,0,0,0,639,359
7503,91373,91371925,11109,250,-1,-1,1,525,77.5,0,-1.0,0,0,0,639,359
7504,91384,91383034,11109,250,-1,-1,1,630,77.8,0,-1.0,0,0,0,639,359
7505,91395,91394148,11114,250,-1,-1,1,525,78.0,0,-1.0,0,0,0,639,359
7506,91406,91405250,11102,250,-1,-1,1,526,78.3,0,-1.0,0,0,0,639,359
7507,91417,91416358,11108,250,-1,-1,1,524,78.6,1,-1.0,0,0,0,639,359
7508,91428,91427471,11113,250,-1,-1,1,544,78.8,0,-1.0,0,0,0,639,359
7509,91439,91438585,11114,250,-1,-1,1,544,79.1,0,-1.0,0,0,0,639,359
7510,91451,91449691,11106,250,-1,-1,1,545,79.4,0,-1.0,0,0,0,639,359
7511,91462,91460799,11108,250,-1,-1,1,634,79.6,0,-1.0,0,0,0,639,359
7512,91473,91471908,11109,250,-1,-1,1,527,79.8,0,-1.0,0,0,0,639,359
7513,91484,91483018,11110,250,-1,-1,1,631,80.1,0,-1.0,0,0,0,639,359
7514,91495,91494126,11108,250,-1,-1,1,527,80.1,0,-1.0,0,0,0,639,359
7515,91506,91505233,11107,250,-1,-1,1,526,80.4,0,-1.0,0,0,0,639,359
7516,91517,91516339,11106,250,-1,-1,1,527,80.6,1,-1.0,0,0,0,639,359
7517,91528,91527457,11118,250,-1,-1,1,526,80.8,0,-1.0,0,0,0,639,359
7518,91539,91538562,11105,250,-1,-1,1,547,80.9,0,-1.0,0,0,0,639,359
7519,91550,91549677,11115,250,-1,-1,1,545,81.1,0,-1.0,0,0,0,639,359
7520,91562,91560786,11109,250,-1,-1,1,633,81.3,0,-1.0,0,0,0,639,359
7521,91573,91571892,11106,250,-1,-1,1,525,81.5,0,-1.0,0,0,0,639,359
7522,91584,91582998,11106,250,-1,-1,1,635,81.6,0,-1.0,0,0,0,639,359
7523,91595,91594111,11113,250,-1,-1,1,628,81.7,0,-1.0,0,0,0,639,359
7524,91606,91605217,11106,250,-1,-1,1,524,81.8,0,-1.0,0,0,0,639,359
7525,91617,91616324,11107,250,-1,-1,1,525,82.0,1,-1.0,0,0,0,639,359
7526,91628,91627435,11111,250,-1,-1,1,542,82.1,0,-1.0,0,0,0,639,359
7527,91639,91638548,11113,250,-1,-1,1,539,82.3,0,-1.0,0,0,0,639,359
7528,91650,91649656,11108,250,-1,-1,1,534,82.4,0,-1.0,0,0,0,639,359
7529,91662,91660763,11107,250,-1,-1,1,631,82.5,0,-1.0,0,0,0,639,359
7530,91673,91671874,11111,250,-1,-1,1,557,82.6,0,-1.0,0,0,0,639,359
7531,91684,91682987,11113,250,-1,-1,1,523,82.7,0,-1.0,0,0,0,639,359
7532,91695,91694094,11107,250,-1,-1,1,628,82.8,0,-1.0,0,0,0,639,359
7533,91706,91705203,11109,250,-1,-1,1,527,82.9,0,-1.0,0,0,0,639,359
7534,91717,91716306,11103,250,-1,-1,1,526,83.0,1,-1.0,0,0,0,639,359
7535,91728,91727422,11116,250,-1,-1,1,546,83.1,0,-1.0,0,0,0,639,359
7536,91739,91738524,11102,250,-1,-1,1,534,83.2,0,-1.0,0,0,0,639,359
7537,91750,91749639,11115,250,-1,-1,1,543,83.3,0,-1.0,0,0,0,639,359
7538,91762,91760748,11109,250,-1,-1,1,637,83.4,0,-1.0,0,0,0,639,359
7539,91773,91771856,11108,250,-1,-1,1,612,83.5,0,-1.0,0,0,0,639,359
7540,91784,91782964,11108,250,-1,-1,1,630,83.6,0,-1.0,0,0,0,639,359
7541,91795,91794077,11113,250,-1,-1,1,613,83.6,0,-1.0,0,0,0,639,359
7542,91806,91805179,11102,250,-1,-1,1,526,83.7,0,-1.0,0,0,0,639,359
7543,91817,91816294,11115,250,-1,-1,1,525,83.8,1,-1.0,0,0,0,639,359
7544,91828,91827403,11109,250,-1,-1,1,527,83.9,0,-1.0,0,0,0,639,359
7545,91839,91838514,11111,250,-1,-1,1,527,84.0,0,-1.0,0,0,0,639,359
7546,91850,91849624,11110,250,-1,-1,1,548,84.1,0,-1.0,0,0,0,639,359
7547,91862,91860732,11108,250,-1,-1,1,633,84.2,0,-1.0,0,0,0,639,359
7548,91873,91871838,11106,250,-1,-1,1,589,84.2,0,-1.0,0,0,0,639,359
7549,91884,91882951,11113,250,-1,-1,1,631,84.3,0,-1.0,0,0,0,639,359
7550,91895,91894060,11109,250,-1,-1,1,608,84.3,0,-1.0,0,0,0,639,359
7551,91906,91905165,11105,250,-1,-1,1,525,84.4,0,-1.0,0,0,0,639,359
7552,91917,91916276,11111,250,-1,-1,1,526,84.4,1,-1.0,0,0,0,639,359
7553,91928,91927387,11111,250,-1,-1,1,538,84.5,0,-1.0,0,0,0,639,359
7554,91939,91938495,11108,250,-1,-1,1,536,84.6,0,-1.0,0,0,0,639,359
7555,91950,91949607,11112,250,-1,-1,1,530,84.7,0,-1.0,0,0,0,639,359
7556,92002,91994034,44427,250,-1,-1,1,528,19.2,0,-1.0,0,0,0,639,359
7557,92006,92005141,11107,250,-1,-1,1,524,36.4,0,-1.0,0,0,0,639,359
7558,92017,92016260,11119,250,-1,-1,1,524,44.8,0,-1.0,0,0,0,639,359
7559,92028,92027365,11105,250,-1,-1,1,526,51.3,0,-1.0,0,0,0,639,359
7560,92164,92038474,11109,250,-1,-1,1,608,23.4,0,-1.0,0,0,0,639,359
7561,92165,92160658,122184,250,-1,-1,1,624,28.0,1,-1.0,0,0,0,639,359
7562,92173,92171790,11132,250,-1,-1,1,629,31.5,0,-1.0,0,0,0,639,359
7563,92184,92182897,11107,250,-1,-1,1,526,34.3,0,-1.0,0,0,0,639,359
7564,92195,92194005,11108,250,-1,-1,1,526,36.9,0,-1.0,0,0,0,639,359
7565,92206,92205110,11105,250,-1,-1,1,528,39.1,0,-1.0,0,0,0,639,359
7566,92217,92216225,11115,250,-1,-1,1,634,41.2,0,-1.0,0,0,0,639,359
7567,92228,92227340,11115,250,-1,-1,1,623,43.2,0,-1.0,0,0,0,639,359
7568,92239,92238447,11107,250,-1,-1,1,539,45.0,0,-1.0,0,0,0,639,359
7569,92250,92249556,11109,250,-1,-1,1,544,46.7,0,-1.0,0,0,0,639,359
7570,92261,92260663,11107,250,-1,-1,1,599,48.2,1,-1.0,0,0,0,639,359
7571,92273,92271775,11112,250,-1,-1,1,632,49.7,0,-1.0,0,0,0,639,359
7572,92284,92283004,11229,250,-1,-1,1,631,50.9,0,-1.0,0,0,0,639,359
7573,92295,92293989,10985,250,-1,-1,1,630,52.3,0,-1.0,0,0,0,639,359
7574,92306,92305101,11112,250,-1,-1,1,535,53.5,0,-1.0,0,0,0,639,359
7575,92317,92316208,11107,250,-1,-1,1,532,54.5,0,-1.0,0,0,0,639,359
7569,92250,92249556,11109,250,-1,-1,1,544,46.7,0,-1.0,0,0,0,639,359
7570,92261,92260663,11107,250,-1,-1,1,599,48.2,1,-1.0,0,0,0,639,359
7571,92273,92271775,11112,250,-1,-1,1,632,49.7,0,-1.0,0,0,0,639,359
