seq,mono_ms,src_pts,d_pts_us,exp_us,cx,cy,roi,cost_us,captured_fps,pbm,radius,state,roi_x0,roi_y0,roi_x1,roi_y1
1,2283,2268030,0,500,-1,-1,1,568,52.6,1,-1.0,0,0,0,639,359
2,2325,2312474,44444,500,-1,-1,1,532,32.3,0,-1.0,0,0,0,639,359
3,2341,2334702,22228,500,-1,-1,1,524,39.0,0,-1.0,0,0,0,639,359
4,2349,2345817,11115,500,-1,-1,1,524,48.2,0,-1.0,0,0,0,639,359
5,2358,2356915,11098,500,-1,-1,1,525,54.9,0,-1.0,0,0,0,639,359
6,2369,2368024,11109,500,-1,-1,1,524,58.3,0,-1.0,0,0,0,639,359
7,2380,2379133,11109,500,-1,-1,1,526,61.4,0,-1.0,0,0,0,639,359
8,2391,2390248,11115,500,-1,-1,1,525,64.0,0,-1.0,0,0,0,639,359
9,2402,2401354,11106,500,-1,-1,1,525,66.2,0,-1.0,0,0,0,639,359
10,2413,2412462,11108,500,-1,-1,1,524,68.0,1,-1.0,0,0,0,639,359
11,2424,2423576,11114,500,-1,-1,1,546,69.6,0,-1.0,0,0,0,639,359
12,2436,2434684,11108,500,-1,-1,1,611,71.0,0,-1.0,0,0,0,639,359
13,2447,2445790,11106,500,-1,-1,1,527,72.2,0,-1.0,0,0,0,639,359
14,2458,2456900,11110,500,-1,-1,1,527,73.3,0,-1.0,0,0,0,639,359
15,2469,2468009,11109,500,-1,-1,1,526,74.3,0,-1.0,0,0,0,639,359
16,2480,2479114,11105,500,-1,-1,1,528,75.1,0,-1.0,0,0,0,639,359
17,2491,2490227,11113,500,-1,-1,1,525,75.6,0,-1.0,0,0,0,639,359
18,2502,2501333,11106,500,-1,-1,1,526,76.3,0,-1.0,0,0,0,639,359
19,2513,2512447,11114,500,-1,-1,1,526,76.9,1,-1.0,0,0,0,639,359
20,2524,2523560,11113,500,-1,-1,1,546,77.5,0,-1.0,0,0,0,639,359
21,2536,2534668,11108,500,-1,-1,1,612,78.1,0,-1.0,0,0,0,639,359
22,2547,2545774,11106,500,-1,-1,1,527,78.6,0,-1.0,0,0,0,639,359
23,2558,2556880,11106,500,-1,-1,1,525,79.0,0,-1.0,0,0,0,639,359
24,2569,2567987,11107,500,-1,-1,1,527,79.5,0,-1.0,0,0,0,639,359
25,2580,2579102,11115,500,-1,-1,1,528,79.6,0,-1.0,0,0,0,639,359
26,2591,2590207,11105,500,-1,-1,1,527,80.0,0,-1.0,0,0,0,639,359
27,2602,2601319,11112,500,-1,-1,1,528,80.4,0,-1.0,0,0,0,639,359
28,2613,2612425,11106,500,-1,-1,1,527,80.7,1,-1.0,0,0,0,639,359
29,2625,2623543,11118,500,-1,-1,1,549,81.0,0,-1.0,0,0,0,639,359
30,2635,2634645,11102,500,-1,-1,1,613,81.3,0,-1.0,0,0,0,639,359
31,2647,2645758,11113,500,-1,-1,1,526,81.6,0,-1.0,0,0,0,639,359
32,2658,2656864,11106,500,-1,-1,1,526,81.8,0,-1.0,0,0,0,639,359
33,2669,2667975,11111,500,-1,-1,1,524,82.1,0,-1.0,0,0,0,639,359
34,2680,2679079,11104,500,-1,-1,1,524,82.3,0,-1.0,0,0,0,639,359
35,2691,2690193,11114,500,-1,-1,1,525,82.4,0,-1.0,0,0,0,639,359
36,2702,2701302,11109,500,-1,-1,1,526,82.6,0,-1.0,0,0,0,639,359
37,2713,2712409,11107,500,-1,-1,1,527,82.8,1,-1.0,0,0,0,639,359
38,2724,2723523,11114,500,-1,-1,1,541,83.0,0,-1.0,0,0,0,639,359
39,2735,2734634,11111,500,-1,-1,1,614,83.2,0,-1.0,0,0,0,639,359
40,2746,2745740,11106,500,-1,-1,1,525,83.3,0,-1.0,0,0,0,639,359
41,2758,2756847,11107,500,-1,-1,1,525,83.5,0,-1.0,0,0,0,639,359
42,2769,2767952,11105,500,-1,-1,1,527,83.7,0,-1.0,0,0,0,639,359
43,2780,2779064,11112,500,-1,-1,1,526,83.8,0,-1.0,0,0,0,639,359
44,2791,2790175,11111,500,-1,-1,1,525,83.8,0,-1.0,0,0,0,639,359
45,2802,2801284,11109,500,-1,-1,1,525,84.0,0,-1.0,0,0,0,639,359
46,2813,2812391,11107,500,-1,-1,1,525,84.1,1,-1.0,0,0,0,639,359
47,2824,2823507,11116,500,-1,-1,1,546,84.2,0,-1.0,0,0,0,639,359
48,2835,2834612,11105,500,-1,-1,1,608,84.4,0,-1.0,0,0,0,639,359
49,2847,2845725,11113,500,-1,-1,1,526,84.5,0,-1.0,0,0,0,639,359
50,2858,2856827,11102,500,-1,-1,1,531,84.6,0,-1.0,0,0,0,639,359
51,2869,2867939,11112,500,-1,-1,1,530,84.7,0,-1.0,0,0,0,639,359
52,2880,2879046,11107,500,-1,-1,1,525,84.8,0,-1.0,0,0,0,639,359
53,2891,2890156,11110,500,-1,-1,1,525,84.8,0,-1.0,0,0,0,639,359
54,2902,2901267,11111,500,-1,-1,1,524,84.9,0,-1.0,0,0,0,639,359
55,2913,2912378,11111,500,-1,-1,1,524,85.0,1,-1.0,0,0,0,639,359
56,2924,2923489,11111,500,-1,-1,1,545,85.1,0,-1.0,0,0,0,639,359
57,2936,2934595,11106,500,-1,-1,1,611,85.2,0,-1.0,0,0,0,639,359
58,2947,2945705,11110,500,-1,-1,1,527,85.2,0,-1.0,0,0,0,639,359
59,2958,2956814,11109,500,-1,-1,1,534,85.4,0,-1.0,0,0,0,639,359
60,2969,2967924,11110,500,-1,-1,1,526,85.5,0,-1.0,0,0,0,639,359
61,2980,2979033,11109,500,-1,-1,1,527,85.4,0,-1.0,0,0,0,639,359
62,2991,2990139,11106,500,-1,-1,1,527,85.5,0,-1.0,0,0,0,639,359
63,3002,3001251,11112,500,-1,-1,1,526,85.6,0,-1.0,0,0,0,639,359
64,3013,3012356,11105,500,-1,-1,1,524,85.7,1,-1.0,0,0,0,639,359
65,3024,3023475,11119,500,-1,-1,1,544,85.8,0,-1.0,0,0,0,639,359
66,3035,3034576,11101,500,-1,-1,1,615,85.8,0,-1.0,0,0,0,639,359
67,3047,3045692,11116,500,-1,-1,1,529,85.9,0,-1.0,0,0,0,639,359
68,3058,3056794,11102,500,-1,-1,1,526,86.0,0,-1.0,0,0,0,639,359
69,3069,3067908,11114,500,-1,-1,1,525,86.0,0,-1.0,0,0,0,639,359
70,3080,3079014,11106,500,-1,-1,1,524,86.1,0,-1.0,0,0,0,639,359
71,3091,3090122,11108,500,-1,-1,1,526,86.2,0,-1.0,0,0,0,639,359
72,3102,3101230,11108,500,-1,-1,1,526,86.1,0,-1.0,0,0,0,639,359
73,3113,3112338,11108,500,-1,-1,1,526,86.2,1,-1.0,0,0,0,639,359
74,3124,3123455,11117,500,-1,-1,1,536,86.2,0,-1.0,0,0,0,639,359
75,3135,3134561,11106,500,-1,-1,1,615,86.3,0,-1.0,0,0,0,639,359
76,3147,3145672,11111,500,-1,-1,1,570,86.4,0,-1.0,0,0,0,639,359
77,3158,3156779,11107,500,-1,-1,1,526,86.4,0,-1.0,0,0,0,639,359
78,3169,3167884,11105,500,-1,-1,1,526,86.5,0,-1.0,0,0,0,639,359
79,3180,3178996,11112,500,-1,-1,1,526,86.5,0,-1.0,0,0,0,639,359
80,3191,3190105,11109,500,-1,-1,1,524,86.6,0,-1.0,0,0,0,639,359
81,3202,3201218,11113,500,-1,-1,1,523,86.5,0,-1.0,0,0,0,639,359
82,3213,3212329,11111,500,-1,-1,1,525,86.6,1,-1.0,0,0,0,639,359
83,3224,3223439,11110,500,-1,-1,1,544,86.6,0,-1.0,0,0,0,639,359
84,3235,3234546,11107,500,-1,-1,1,614,86.7,0,-1.0,0,0,0,639,359
85,3247,3245657,11111,500,-1,-1,1,564,86.7,0,-1.0,0,0,0,639,359
86,3258,3256764,11107,500,-1,-1,1,525,86.8,0,-1.0,0,0,0,639,359
87,3269,3267870,11106,500,-1,-1,1,527,86.8,0,-1.0,0,0,0,639,359
88,3283,3278980,11110,500,-1,-1,1,526,66.7,0,-1.0,0,0,0,639,359
89,3291,3290088,11108,500,-1,-1,1,527,87.0,0,-1.0,0,0,0,639,359
90,3338,3301196,11108,500,-1,-1,1,608,42.9,0,-1.0,0,0,0,639,359
91,3339,3334510,33314,500,-1,-1,1,521,57.1,1,-1.0,0,0,0,639,359
92,3346,3345641,11131,500,-1,-1,1,524,64.1,0,-1.0,0,0,0,639,359
93,3358,3356747,11106,500,-1,-1,1,525,67.4,0,-1.0,0,0,0,639,359
94,3369,3367854,11107,500,-1,-1,1,526,69.3,0,-1.0,0,0,0,639,359
95,3380,3378965,11111,500,-1,-1,1,545,72.1,0,-1.0,0,0,0,639,359
96,3391,3390074,11109,500,-1,-1,1,525,73.8,0,-1.0,0,0,0,639,359
97,3402,3401183,11109,500,-1,-1,1,524,74.6,0,-1.0,0,0,0,639,359
98,3413,3412290,11107,500,-1,-1,1,526,75.9,0,-1.0,0,0,0,639,359
99,3424,3423401,11111,500,-1,-1,1,525,76.9,0,-1.0,0,0,0,639,359
100,3435,3434511,11110,500,-1,-1,1,524,77.8,1,-1.0,0,0,0,639,359
101,3446,3445623,11112,500,-1,-1,1,548,78.7,0,-1.0,0,0,0,639,359
102,3458,3456732,11109,500,-1,-1,1,614,79.4,0,-1.0,0,0,0,639,359
103,3469,3467839,11107,500,-1,-1,1,532,80.0,0,-1.0,0,0,0,639,359
104,3480,3478948,11109,500,-1,-1,1,527,80.6,0,-1.0,0,0,0,639,359
105,3491,3490058,11110,500,-1,-1,1,528,81.1,0,-1.0,0,0,0,639,359
106,3502,3501163,11105,500,-1,-1,1,527,81.5,0,-1.0,0,0,0,639,359
107,3513,3512274,11111,500,-1,-1,1,526,81.6,0,-1.0,0,0,0,639,359
108,3524,3523381,11107,500,-1,-1,1,527,82.0,0,-1.0,0,0,0,639,359
109,3535,3534492,11111,500,-1,-1,1,525,82.4,1,-1.0,0,0,0,639,359
110,3546,3545605,11113,500,-1,-1,1,547,82.7,0,-1.0,0,0,0,639,359
111,3558,3556716,11111,500,-1,-1,1,638,83.0,0,-1.0,0,0,0,639,359
112,3569,3567817,11101,500,-1,-1,1,526,83.3,0,-1.0,0,0,0,639,359
113,3580,3578931,11114,500,-1,-1,1,523,83.6,0,-1.0,0,0,0,639,359
114,3591,3590037,11106,500,-1,-1,1,524,83.9,0,-1.0,0,0,0,639,359
115,3602,3601147,11110,500,-1,-1,1,526,83.8,0,-1.0,0,0,0,639,359
116,3613,3612255,11108,500,-1,-1,1,525,84.1,0,-1.0,0,0,0,639,359
117,3624,3623362,11107,500,-1,-1,1,528,84.3,0,-1.0,0,0,0,639,359
118,3635,3634472,11110,500,-1,-1,1,524,84.5,1,-1.0,0,0,0,639,359
119,3647,3645589,11117,500,-1,-1,1,530,84.7,0,-1.0,0,0,0,639,359
120,3658,3656697,11108,500,-1,-1,1,527,84.8,0,-1.0,0,0,0,639,359
121,3669,3667806,11109,500,-1,-1,1,528,85.0,0,-1.0,0,0,0,639,359
122,3680,3678909,11103,500,-1,-1,1,526,85.2,0,-1.0,0,0,0,639,359
123,3691,3690022,11113,500,-1,-1,1,526,85.1,0,-1.0,0,0,0,639,359
124,3702,3701129,11107,500,-1,-1,1,523,85.3,0,-1.0,0,0,0,639,359
125,3713,3712245,11116,500,-1,-1,1,524,85.4,0,-1.0,0,0,0,639,359
126,3724,3723343,11098,500,-1,-1,1,525,85.5,0,-1.0,0,0,0,639,359
127,3735,3734456,11113,500,-1,-1,1,535,85.7,1,-1.0,0,0,0,639,359
128,3746,3745569,11113,500,-1,-1,1,540,85.8,0,-1.0,0,0,0,639,359
129,3758,3756678,11109,500,-1,-1,1,634,85.9,0,-1.0,0,0,0,639,359
130,3769,3767789,11111,500,-1,-1,1,525,85.8,0,-1.0,0,0,0,639,359
131,3780,3778895,11106,500,-1,-1,1,525,86.1,0,-1.0,0,0,0,639,359
132,3791,3790001,11106,500,-1,-1,1,526,86.2,0,-1.0,0,0,0,639,359
133,3802,3801113,11112,500,-1,-1,1,528,86.3,0,-1.0,0,0,0,639,359
134,3813,3812216,11103,500,-1,-1,1,527,86.2,0,-1.0,0,0,0,639,359
135,3824,3823329,11113,500,-1,-1,1,525,86.3,0,-1.0,0,0,0,639,359
136,3835,3834439,11110,500,-1,-1,1,525,86.4,1,-1.0,0,0,0,639,359
137,3846,3845553,11114,500,-1,-1,1,544,86.5,0,-1.0,0,0,0,639,359
138,3858,3856660,11107,500,-1,-1,1,635,86.6,0,-1.0,0,0,0,639,359
139,3869,3867774,11114,500,-1,-1,1,526,86.7,0,-1.0,0,0,0,639,359
140,3880,3878879,11105,500,-1,-1,1,525,86.7,0,-1.0,0,0,0,639,359
141,3891,3889986,11107,500,-1,-1,1,527,86.8,0,-1.0,0,0,0,639,359
142,3902,3901094,11108,500,-1,-1,1,527,86.9,0,-1.0,0,0,0,639,359
143,3913,3912204,11110,500,-1,-1,1,527,86.8,0,-1.0,0,0,0,639,359
144,3924,3923312,11108,500,-1,-1,1,532,86.9,0,-1.0,0,0,0,639,359
145,3935,3934423,11111,500,-1,-1,1,526,87.0,1,-1.0,0,0,0,639,359
146,3946,3945534,11111,500,-1,-1,1,546,87.0,0,-1.0,0,0,0,639,359
147,3958,3956645,11111,500,-1,-1,1,636,87.1,0,-1.0,0,0,0,639,359
148,3969,3967751,11106,500,-1,-1,1,524,87.0,0,-1.0,0,0,0,639,359
149,3980,3978864,11113,500,-1,-1,1,525,87.2,0,-1.0,0,0,0,639,359
150,3991,3989964,11100,500,-1,-1,1,525,87.3,0,-1.0,0,0,0,639,359
151,4002,4001076,11112,500,-1,-1,1,526,87.2,0,-1.0,0,0,0,639,359
152,4013,4012184,11108,500,-1,-1,1,527,87.2,0,-1.0,0,0,0,639,359
153,4024,4023297,11113,500,-1,-1,1,533,87.3,0,-1.0,0,0,0,639,359
154,4035,4034401,11104,500,-1,-1,1,525,87.4,1,-1.0,0,0,0,639,359
155,4046,4045519,11118,500,-1,-1,1,545,87.4,0,-1.0,0,0,0,639,359
156,4058,4056625,11106,500,-1,-1,1,523,87.5,0,-1.0,0,0,0,639,359
157,4069,4067737,11112,500,-1,-1,1,526,87.5,0,-1.0,0,0,0,639,359
158,4080,4078842,11105,500,-1,-1,1,525,87.5,0,-1.0,0,0,0,639,359
159,4091,4089951,11109,500,-1,-1,1,525,87.6,0,-1.0,0,0,0,639,359
160,4102,4101061,11110,500,-1,-1,1,526,87.6,0,-1.0,0,0,0,639,359
161,4113,4112171,11110,500,-1,-1,1,523,87.7,0,-1.0,0,0,0,639,359
162,4124,4123279,11108,500,-1,-1,1,524,87.6,0,-1.0,0,0,0,639,359
163,4135,4134389,11110,500,-1,-1,1,527,87.7,1,-1.0,0,0,0,639,359
164,4148,4145499,11110,500,-1,-1,1,525,87.6,0,-1.0,0,0,0,639,359
165,4157,4156611,11112,500,-1,-1,1,537,87.7,0,-1.0,0,0,0,639,359
166,4169,4167725,11114,500,-1,-1,1,669,87.8,0,-1.0,0,0,0,639,359
167,4180,4178828,11103,500,-1,-1,1,529,87.8,0,-1.0,0,0,0,639,359
168,4191,4189930,11102,500,-1,-1,1,531,87.9,0,-1.0,0,0,0,639,359
169,4202,4201046,11116,500,-1,-1,1,526,87.9,0,-1.0,0,0,0,639,359
170,4213,4212150,11104,500,-1,-1,1,526,87.9,0,-1.0,0,0,0,639,359
171,4224,4223260,11110,500,-1,-1,1,525,87.9,0,-1.0,0,0,0,639,359
172,4235,4234370,11110,500,-1,-1,1,525,87.9,1,-1.0,0,0,0,639,359
173,4246,4245488,11118,500,-1,-1,1,544,87.9,0,-1.0,0,0,0,639,359
174,4257,4256588,11100,500,-1,-1,1,633,88.0,0,-1.0,0,0,0,639,359
175,4269,4267699,11111,500,-1,-1,1,525,88.0,0,-1.0,0,0,0,639,359
176,4280,4278810,11111,500,-1,-1,1,525,83.3,0,-1.0,0,0,0,639,359
177,4291,4289915,11105,500,-1,-1,1,523,90.9,0,-1.0,0,0,0,639,359
178,4302,4301026,11111,500,-1,-1,1,525,90.9,0,-1.0,0,0,0,639,359
179,4313,4312137,11111,500,-1,-1,1,523,88.9,0,-1.0,0,0,0,639,359
180,4361,4323246,11109,500,-1,-1,1,635,53.8,0,-1.0,0,0,0,639,359
181,4362,4356556,33310,500,-1,-1,1,583,63.8,1,-1.0,0,0,0,639,359
182,4369,4367700,11144,500,-1,-1,1,538,70.0,0,-1.0,0,0,0,639,359
183,4380,4378794,11094,500,-1,-1,1,525,72.1,0,-1.0,0,0,0,639,359
184,4391,4389903,11109,500,-1,-1,1,527,73.8,0,-1.0,0,0,0,639,359
185,4402,4401010,11107,500,-1,-1,1,541,74.6,0,-1.0,0,0,0,639,359
186,4413,4412117,11107,500,-1,-1,1,528,76.4,0,-1.0,0,0,0,639,359
187,4424,4423229,11112,500,-1,-1,1,526,76.9,0,-1.0,0,0,0,639,359
188,4435,4434334,11105,500,-1,-1,1,526,77.8,0,-1.0,0,0,0,639,359
189,4446,4445444,11110,500,-1,-1,1,525,78.7,0,-1.0,0,0,0,639,359
190,4457,4456553,11109,500,-1,-1,1,526,79.4,1,-1.0,0,0,0,639,359
191,4468,4467668,11115,500,-1,-1,1,545,80.0,0,-1.0,0,0,0,639,359
192,4480,4478774,11106,500,-1,-1,1,639,80.6,0,-1.0,0,0,0,639,359
193,4491,4489891,11117,500,-1,-1,1,527,80.7,0,-1.0,0,0,0,639,359
194,4502,4500991,11100,500,-1,-1,1,524,81.5,0,-1.0,0,0,0,639,359
195,4513,4512102,11111,500,-1,-1,1,528,82.0,0,-1.0,0,0,0,639,359
196,4524,4523210,11108,500,-1,-1,1,524,82.0,0,-1.0,0,0,0,639,359
197,4535,4534318,11108,500,-1,-1,1,526,82.4,0,-1.0,0,0,0,639,359
198,4546,4545427,11109,500,-1,-1,1,527,82.7,0,-1.0,0,0,0,639,359
199,4557,4556537,11110,500,-1,-1,1,525,83.0,1,-1.0,0,0,0,639,359
200,4568,4567648,11111,500,-1,-1,1,533,83.3,0,-1.0,0,0,0,639,359
201,4580,4578755,11107,500,-1,-1,1,639,83.6,0,-1.0,0,0,0,639,359
202,4591,4589867,11112,500,-1,-1,1,525,83.6,0,-1.0,0,0,0,639,359
203,4602,4600978,11111,500,-1,-1,1,526,84.1,0,-1.0,0,0,0,639,359
204,4613,4612082,11104,500,-1,-1,1,524,84.3,0,-1.0,0,0,0,639,359
205,4624,4623190,11108,500,-1,-1,1,528,84.3,0,-1.0,0,0,0,639,359
206,4635,4634305,11115,500,-1,-1,1,523,84.5,0,-1.0,0,0,0,639,359
207,4646,4645413,11108,500,-1,-1,1,524,84.7,0,-1.0,0,0,0,639,359
208,4657,4656519,11106,500,-1,-1,1,529,84.8,1,-1.0,0,0,0,639,359
209,4669,4667634,11115,500,-1,-1,1,531,85.0,0,-1.0,0,0,0,639,359
210,4680,4678741,11107,500,-1,-1,1,523,85.2,0,-1.0,0,0,0,639,359
211,4691,4689849,11108,500,-1,-1,1,641,85.3,0,-1.0,0,0,0,639,359
212,4702,4700957,11108,500,-1,-1,1,526,85.5,0,-1.0,0,0,0,639,359
213,4713,4712068,11111,500,-1,-1,1,527,85.4,0,-1.0,0,0,0,639,359
214,4724,4723174,11106,500,-1,-1,1,527,85.5,0,-1.0,0,0,0,639,359
215,4735,4734286,11112,500,-1,-1,1,526,85.7,0,-1.0,0,0,0,639,359
216,4746,4745391,11105,500,-1,-1,1,525,85.8,0,-1.0,0,0,0,639,359
217,4757,4756506,11115,500,-1,-1,1,526,85.9,1,-1.0,0,0,0,639,359
218,4768,4767617,11111,500,-1,-1,1,544,86.0,0,-1.0,0,0,0,639,359
219,4780,4778723,11106,500,-1,-1,1,637,86.1,0,-1.0,0,0,0,639,359
220,4791,4789836,11113,500,-1,-1,1,526,86.2,0,-1.0,0,0,0,639,359
221,4802,4800943,11107,500,-1,-1,1,526,86.3,0,-1.0,0,0,0,639,359
222,4813,4812049,11106,500,-1,-1,1,525,86.4,0,-1.0,0,0,0,639,359
223,4824,4823160,11111,500,-1,-1,1,526,86.3,0,-1.0,0,0,0,639,359
224,4835,4834269,11109,500,-1,-1,1,527,86.4,0,-1.0,0,0,0,639,359
225,4846,4845375,11106,500,-1,-1,1,524,86.5,0,-1.0,0,0,0,639,359
226,4857,4856486,11111,500,-1,-1,1,525,86.6,1,-1.0,0,0,0,639,359
227,4868,4867602,11116,500,-1,-1,1,541,86.7,0,-1.0,0,0,0,639,359
228,4880,4878705,11103,500,-1,-1,1,639,86.7,0,-1.0,0,0,0,639,359
229,4891,4889819,11114,500,-1,-1,1,530,86.7,0,-1.0,0,0,0,639,359
230,4902,4900923,11104,500,-1,-1,1,526,86.9,0,-1.0,0,0,0,639,359
231,4913,4912034,11111,500,-1,-1,1,523,87.0,0,-1.0,0,0,0,639,359
232,4924,4923143,11109,500,-1,-1,1,525,87.0,0,-1.0,0,0,0,639,359
233,4935,4934250,11107,500,-1,-1,1,526,87.0,0,-1.0,0,0,0,639,359
234,4946,4945356,11106,500,-1,-1,1,528,87.0,0,-1.0,0,0,0,639,359
235,4957,4956469,11113,500,-1,-1,1,527,87.1,1,-1.0,0,0,0,639,359
236,4968,4967580,11111,500,-1,-1,1,531,87.1,0,-1.0,0,0,0,639,359
237,4980,4978690,11110,500,-1,-1,1,525,87.2,0,-1.0,0,0,0,639,359
238,4991,4989796,11106,500,-1,-1,1,525,87.3,0,-1.0,0,0,0,639,359
239,5002,5000909,11113,500,-1,-1,1,526,87.3,0,-1.0,0,0,0,639,359
240,5013,5012010,11101,500,-1,-1,1,524,87.4,0,-1.0,0,0,0,639,359
241,5024,5023124,11114,500,-1,-1,1,523,87.3,0,-1.0,0,0,0,639,359
242,5035,5034235,11111,500,-1,-1,1,525,87.4,0,-1.0,0,0,0,639,359
243,5046,5045345,11110,500,-1,-1,1,525,87.4,0,-1.0,0,0,0,639,359
244,5057,5056449,11104,500,-1,-1,1,528,87.5,1,-1.0,0,0,0,639,359
245,5069,5067566,11117,500,-1,-1,1,531,87.5,0,-1.0,0,0,0,639,359
246,5080,5078670,11104,500,-1,-1,1,525,87.5,0,-1.0,0,0,0,639,359
247,5091,5089783,11113,500,-1,-1,1,525,87.6,0,-1.0,0,0,0,639,359
248,5102,5100889,11106,500,-1,-1,1,525,87.6,0,-1.0,0,0,0,639,359
249,5113,5111997,11108,500,-1,-1,1,527,87.7,0,-1.0,0,0,0,639,359
250,5124,5123106,11109,500,-1,-1,1,525,87.7,0,-1.0,0,0,0,639,359
251,5135,5134217,11111,500,-1,-1,1,524,87.7,0,-1.0,0,0,0,639,359
252,5146,5145328,11111,500,-1,-1,1,524,87.7,0,-1.0,0,0,0,639,359
253,5157,5156436,11108,500,-1,-1,1,527,87.7,1,-1.0,0,0,0,639,359
254,5168,5167549,11113,500,-1,-1,1,546,87.8,0,-1.0,0,0,0,639,359
255,5180,5178657,11108,500,-1,-1,1,528,87.8,0,-1.0,0,0,0,639,359
256,5191,5189765,11108,500,-1,-1,1,528,87.9,0,-1.0,0,0,0,639,359
257,5202,5200872,11107,500,-1,-1,1,524,87.9,0,-1.0,0,0,0,639,359
258,5213,5211979,11107,500,-1,-1,1,526,87.9,0,-1.0,0,0,0,639,359
259,5224,5223090,11111,500,-1,-1,1,526,88.0,0,-1.0,0,0,0,639,359
260,5235,5234198,11108,500,-1,-1,1,527,87.9,0,-1.0,0,0,0,639,359
261,5246,5245308,11110,500,-1,-1,1,526,87.9,0,-1.0,0,0,0,639,359
262,5257,5256418,11110,500,-1,-1,1,524,88.0,1,-1.0,0,0,0,639,359
263,5268,5267534,11116,500,-1,-1,1,546,88.0,0,-1.0,0,0,0,639,359
264,5300,5289743,22209,500,-1,-1,1,1919,30.3,0,-1.0,0,0,0,639,359
265,5302,5300846,11103,500,-1,-1,1,521,58.8,0,-1.0,0,0,0,639,359
266,5313,5311966,11120,500,-1,-1,1,526,68.2,0,-1.0,0,0,0,639,359
267,5324,5323072,11106,500,-1,-1,1,525,72.7,0,-1.0,0,0,0,639,359
268,5335,5334184,11112,500,-1,-1,1,527,74.6,0,-1.0,0,0,0,639,359
269,5346,5345288,11104,500,-1,-1,1,528,76.9,0,-1.0,0,0,0,639,359
270,5394,5356400,11112,500,-1,-1,1,636,55.6,0,-1.0,0,0,0,639,359
271,5395,5389710,33310,500,-1,-1,1,521,63.0,1,-1.0,0,0,0,639,359
272,5402,5400853,11143,500,-1,-1,1,525,67.7,0,-1.0,0,0,0,639,359
273,5413,5411944,11091,500,-1,-1,1,524,69.4,0,-1.0,0,0,0,639,359
274,5424,5423236,11292,500,-1,-1,1,633,70.5,0,-1.0,0,0,0,639,359
275,5435,5434167,10931,500,-1,-1,1,544,71.9,0,-1.0,0,0,0,639,359
276,5446,5445451,11284,500,-1,-1,1,525,73.0,0,-1.0,0,0,0,639,359
277,5457,5456498,11047,500,-1,-1,1,524,74.1,0,-1.0,0,0,0,639,359
278,5468,5467491,10993,500,-1,-1,1,527,75.0,0,-1.0,0,0,0,639,359
279,5479,5478598,11107,500,-1,-1,1,527,75.8,0,-1.0,0,0,0,639,359
280,5491,5489708,11110,500,-1,-1,1,529,76.6,1,-1.0,0,0,0,639,359
281,5502,5500821,11113,500,-1,-1,1,536,77.3,0,-1.0,0,0,0,639,359
282,5513,5511935,11114,500,-1,-1,1,525,77.6,0,-1.0,0,0,0,639,359
283,5524,5523037,11102,500,-1,-1,1,525,78.4,0,-1.0,0,0,0,639,359
284,5535,5534150,11113,500,-1,-1,1,527,78.9,0,-1.0,0,0,0,639,359
285,5546,5545255,11105,500,-1,-1,1,527,79.1,0,-1.0,0,0,0,639,359
286,5557,5556367,11112,500,-1,-1,1,525,79.6,0,-1.0,0,0,0,639,359
287,5568,5567478,11111,500,-1,-1,1,524,80.0,0,-1.0,0,0,0,639,359
288,5579,5578584,11106,500,-1,-1,1,525,80.4,0,-1.0,0,0,0,639,359
289,5591,5589694,11110,500,-1,-1,1,524,80.7,1,-1.0,0,0,0,639,359
290,5602,5600806,11112,500,-1,-1,1,555,81.1,0,-1.0,0,0,0,639,359
291,5613,5611911,11105,500,-1,-1,1,542,81.2,0,-1.0,0,0,0,639,359
292,5624,5623021,11110,500,-1,-1,1,528,81.7,0,-1.0,0,0,0,639,359
293,5635,5634131,11110,500,-1,-1,1,527,82.0,0,-1.0,0,0,0,639,359
294,5646,5645243,11112,500,-1,-1,1,528,82.0,0,-1.0,0,0,0,639,359
295,5657,5656348,11105,500,-1,-1,1,527,82.3,0,-1.0,0,0,0,639,359
296,5668,5667458,11110,500,-1,-1,1,528,82.5,0,-1.0,0,0,0,639,359
297,5679,5678568,11110,500,-1,-1,1,528,82.7,0,-1.0,0,0,0,639,359
298,5691,5689676,11108,500,-1,-1,1,525,82.9,1,-1.0,0,0,0,639,359
299,5702,5700790,11114,500,-1,-1,1,544,83.1,0,-1.0,0,0,0,639,359
300,5713,5711896,11106,500,-1,-1,1,524,83.3,0,-1.0,0,0,0,639,359
301,5724,5723007,11111,500,-1,-1,1,582,83.3,0,-1.0,0,0,0,639,359
302,5735,5734117,11110,500,-1,-1,1,525,83.5,0,-1.0,0,0,0,639,359
303,5746,5745223,11106,500,-1,-1,1,525,83.7,0,-1.0,0,0,0,639,359
304,5757,5756332,11109,500,-1,-1,1,525,83.8,0,-1.0,0,0,0,639,359
305,5768,5767441,11109,500,-1,-1,1,526,84.0,0,-1.0,0,0,0,639,359
306,5779,5778548,11107,500,-1,-1,1,527,84.1,0,-1.0,0,0,0,639,359
307,5790,5789655,11107,500,-1,-1,1,524,84.3,1,-1.0,0,0,0,639,359
308,5802,5800771,11116,500,-1,-1,1,532,84.4,0,-1.0,0,0,0,639,359
309,5813,5811879,11108,500,-1,-1,1,524,84.6,0,-1.0,0,0,0,639,359
310,5824,5823117,11238,500,-1,-1,1,635,84.5,0,-1.0,0,0,0,639,359
311,5835,5834095,10978,500,-1,-1,1,525,84.8,0,-1.0,0,0,0,639,359
312,5846,5845205,11110,500,-1,-1,1,525,84.8,0,-1.0,0,0,0,639,359
313,5857,5856313,11108,500,-1,-1,1,525,84.9,0,-1.0,0,0,0,639,359
314,5868,5867422,11109,500,-1,-1,1,526,85.0,0,-1.0,0,0,0,639,359
315,5879,5878532,11110,500,-1,-1,1,524,85.1,0,-1.0,0,0,0,639,359
316,5890,5889641,11109,500,-1,-1,1,527,85.2,1,-1.0,0,0,0,639,359
317,5902,5900753,11112,500,-1,-1,1,542,85.3,0,-1.0,0,0,0,639,359
318,5913,5911863,11110,500,-1,-1,1,526,85.4,0,-1.0,0,0,0,639,359
319,5924,5922971,11108,500,-1,-1,1,526,85.5,0,-1.0,0,0,0,639,359
320,5935,5934081,11110,500,-1,-1,1,526,85.6,0,-1.0,0,0,0,639,359
321,5946,5945187,11106,500,-1,-1,1,525,85.5,0,-1.0,0,0,0,639,359
322,5957,5956297,11110,500,-1,-1,1,525,85.6,0,-1.0,0,0,0,639,359
323,5968,5967406,11109,500,-1,-1,1,525,85.7,0,-1.0,0,0,0,639,359
324,5979,5978518,11112,500,-1,-1,1,525,85.8,0,-1.0,0,0,0,639,359
325,5990,5989621,11103,500,-1,-1,1,526,85.9,1,-1.0,0,0,0,639,359
326,6002,6000740,11119,500,-1,-1,1,546,85.9,0,-1.0,0,0,0,639,359
327,6013,6011843,11103,500,-1,-1,1,534,86.0,0,-1.0,0,0,0,639,359
328,6024,6022957,11114,500,-1,-1,1,528,86.1,0,-1.0,0,0,0,639,359
329,6035,6034063,11106,500,-1,-1,1,526,86.2,0,-1.0,0,0,0,639,359
330,6046,6045170,11107,500,-1,-1,1,526,86.1,0,-1.0,0,0,0,639,359
331,6057,6056278,11108,500,-1,-1,1,527,86.2,0,-1.0,0,0,0,639,359
332,6068,6067389,11111,500,-1,-1,1,526,86.2,0,-1.0,0,0,0,639,359
333,6079,6078495,11106,500,-1,-1,1,545,86.3,0,-1.0,0,0,0,639,359
334,6091,6089608,11113,500,-1,-1,1,524,86.4,1,-1.0,0,0,0,639,359
335,6102,6100722,11114,500,-1,-1,1,546,86.4,0,-1.0,0,0,0,639,359
336,6113,6111828,11106,500,-1,-1,1,524,86.5,0,-1.0,0,0,0,639,359
337,6124,6122935,11107,500,-1,-1,1,524,86.5,0,-1.0,0,0,0,639,359
338,6135,6134046,11111,500,-1,-1,1,528,86.5,0,-1.0,0,0,0,639,359
339,6146,6145149,11103,500,-1,-1,1,525,86.7,0,-1.0,0,0,0,639,359
340,6157,6156265,11116,500,-1,-1,1,527,86.6,0,-1.0,0,0,0,639,359
341,6168,6167370,11105,500,-1,-1,1,526,86.7,0,-1.0,0,0,0,639,359
342,6179,6178481,11111,500,-1,-1,1,526,86.7,0,-1.0,0,0,0,639,359
343,6190,6189588,11107,500,-1,-1,1,526,86.8,1,-1.0,0,0,0,639,359
344,6202,6200702,11114,500,-1,-1,1,529,86.8,0,-1.0,0,0,0,639,359
345,6213,6211809,11107,500,-1,-1,1,524,86.9,0,-1.0,0,0,0,639,359
346,6224,6222923,11114,500,-1,-1,1,525,86.9,0,-1.0,0,0,0,639,359
347,6235,6234025,11102,500,-1,-1,1,525,87.0,0,-1.0,0,0,0,639,359
348,6246,6245136,11111,500,-1,-1,1,524,87.0,0,-1.0,0,0,0,639,359
349,6257,6256246,11110,500,-1,-1,1,527,87.0,0,-1.0,0,0,0,639,359
350,6268,6267358,11112,500,-1,-1,1,529,87.0,0,-1.0,0,0,0,639,359
351,6282,6278467,11109,500,-1,-1,1,524,71.4,0,-1.0,0,0,0,639,359
352,6290,6289577,11110,500,-1,-1,1,526,90.9,1,-1.0,0,0,0,639,359
353,6301,6300683,11106,500,-1,-1,1,546,90.9,0,-1.0,0,0,0,639,359
354,6313,6311795,11112,500,-1,-1,1,523,90.9,0,-1.0,0,0,0,639,359
355,6324,6322900,11105,500,-1,-1,1,528,90.9,0,-1.0,0,0,0,639,359
356,6335,6334012,11112,500,-1,-1,1,529,90.9,0,-1.0,0,0,0,639,359
357,6346,6345117,11105,500,-1,-1,1,528,90.9,0,-1.0,0,0,0,639,359
358,6357,6356230,11113,500,-1,-1,1,527,89.9,0,-1.0,0,0,0,639,359
359,6368,6367335,11105,500,-1,-1,1,528,90.0,0,-1.0,0,0,0,639,359
360,6417,6378447,11112,500,-1,-1,1,616,67.6,0,-1.0,0,0,0,639,359
361,6417,6411758,33311,500,-1,-1,1,581,73.8,1,-1.0,0,0,0,639,359
362,6424,6422900,11142,500,-1,-1,1,526,77.4,0,-1.0,0,0,0,639,359
363,6435,6433991,11091,500,-1,-1,1,528,78.3,0,-1.0,0,0,0,639,359
364,6446,6445163,11172,500,-1,-1,1,633,78.7,0,-1.0,0,0,0,639,359
365,6457,6456212,11049,500,-1,-1,1,547,79.4,0,-1.0,0,0,0,639,359
366,6468,6467352,11140,500,-1,-1,1,531,80.0,0,-1.0,0,0,0,639,359
367,6479,6478429,11077,500,-1,-1,1,525,80.6,0,-1.0,0,0,0,639,359
368,6491,6489538,11109,500,-1,-1,1,528,81.1,0,-1.0,0,0,0,639,359
369,6501,6500648,11110,500,-1,-1,1,527,81.5,0,-1.0,0,0,0,639,359
370,6513,6511755,11107,500,-1,-1,1,527,82.0,1,-1.0,0,0,0,639,359
371,6524,6522864,11109,500,-1,-1,1,532,82.4,0,-1.0,0,0,0,639,359
372,6535,6533977,11113,500,-1,-1,1,524,82.4,0,-1.0,0,0,0,639,359
373,6546,6545085,11108,500,-1,-1,1,526,82.7,0,-1.0,0,0,0,639,359
374,6557,6556194,11109,500,-1,-1,1,526,83.0,0,-1.0,0,0,0,639,359
375,6568,6567297,11103,500,-1,-1,1,526,83.3,0,-1.0,0,0,0,639,359
376,6579,6578414,11117,500,-1,-1,1,523,83.6,0,-1.0,0,0,0,639,359
377,6590,6589520,11106,500,-1,-1,1,525,83.9,0,-1.0,0,0,0,639,359
378,6601,6600629,11109,500,-1,-1,1,524,84.1,0,-1.0,0,0,0,639,359
379,6613,6611740,11111,500,-1,-1,1,527,84.3,1,-1.0,0,0,0,639,359
380,6624,6622852,11112,500,-1,-1,1,540,84.5,0,-1.0,0,0,0,639,359
381,6635,6633960,11108,500,-1,-1,1,526,84.5,0,-1.0,0,0,0,639,359
382,6646,6645067,11107,500,-1,-1,1,555,84.9,0,-1.0,0,0,0,639,359
383,6657,6656176,11109,500,-1,-1,1,528,84.8,0,-1.0,0,0,0,639,359
384,6668,6667287,11111,500,-1,-1,1,527,85.0,0,-1.0,0,0,0,639,359
385,6679,6678396,11109,500,-1,-1,1,532,85.2,0,-1.0,0,0,0,639,359
386,6690,6689505,11109,500,-1,-1,1,527,85.3,0,-1.0,0,0,0,639,359
387,6701,6700613,11108,500,-1,-1,1,528,85.5,0,-1.0,0,0,0,639,359
388,6713,6711721,11108,500,-1,-1,1,523,85.6,1,-1.0,0,0,0,639,359
389,6724,6722836,11115,500,-1,-1,1,545,85.7,0,-1.0,0,0,0,639,359
390,6735,6733943,11107,500,-1,-1,1,526,85.7,0,-1.0,0,0,0,639,359
391,6746,6745049,11106,500,-1,-1,1,525,86.0,0,-1.0,0,0,0,639,359
392,6757,6756160,11111,500,-1,-1,1,526,85.9,0,-1.0,0,0,0,639,359
393,6768,6767268,11108,500,-1,-1,1,526,86.0,0,-1.0,0,0,0,639,359
394,6779,6778375,11107,500,-1,-1,1,528,86.1,0,-1.0,0,0,0,639,359
395,6790,6789487,11112,500,-1,-1,1,528,86.2,0,-1.0,0,0,0,639,359
396,6802,6800595,11108,500,-1,-1,1,527,86.3,0,-1.0,0,0,0,639,359
397,6813,6811709,11114,500,-1,-1,1,526,86.4,1,-1.0,0,0,0,639,359
398,6824,6822816,11107,500,-1,-1,1,545,86.5,0,-1.0,0,0,0,639,359
399,6835,6833923,11107,500,-1,-1,1,523,86.4,0,-1.0,0,0,0,639,359
400,6846,6845033,11110,500,-1,-1,1,525,86.5,0,-1.0,0,0,0,639,359
401,6857,6856140,11107,500,-1,-1,1,525,86.6,0,-1.0,0,0,0,639,359
402,6868,6867252,11112,500,-1,-1,1,526,86.7,0,-1.0,0,0,0,639,359
403,6879,6878362,11110,500,-1,-1,1,524,86.7,0,-1.0,0,0,0,639,359
404,6890,6889469,11107,500,-1,-1,1,527,86.8,0,-1.0,0,0,0,639,359
405,6901,6900577,11108,500,-1,-1,1,526,86.9,0,-1.0,0,0,0,639,359
406,6912,6911689,11112,500,-1,-1,1,527,87.0,1,-1.0,0,0,0,639,359
407,6924,6922800,11111,500,-1,-1,1,544,87.0,0,-1.0,0,0,0,639,359
408,6935,6933909,11109,500,-1,-1,1,523,87.0,0,-1.0,0,0,0,639,359
409,6946,6945014,11105,500,-1,-1,1,528,87.1,0,-1.0,0,0,0,639,359
410,6957,6956128,11114,500,-1,-1,1,554,87.1,0,-1.0,0,0,0,639,359
411,6968,6967231,11103,500,-1,-1,1,528,87.1,0,-1.0,0,0,0,639,359
412,6979,6978345,11114,500,-1,-1,1,531,87.2,0,-1.0,0,0,0,639,359
413,6990,6989450,11105,500,-1,-1,1,528,87.3,0,-1.0,0,0,0,639,359
414,7001,7000561,11111,500,-1,-1,1,524,87.3,0,-1.0,0,0,0,639,359
415,7012,7011671,11110,500,-1,-1,1,525,87.4,1,-1.0,0,0,0,639,359
416,7024,7022786,11115,500,-1,-1,1,545,87.4,0,-1.0,0,0,0,639,359
417,7035,7033889,11103,500,-1,-1,1,525,87.4,0,-1.0,0,0,0,639,359
418,7046,7045005,11116,500,-1,-1,1,553,87.5,0,-1.0,0,0,0,639,359
419,7057,7056105,11100,500,-1,-1,1,526,87.6,0,-1.0,0,0,0,639,359
420,7068,7067216,11111,500,-1,-1,1,527,87.5,0,-1.0,0,0,0,639,359
421,7079,7078324,11108,500,-1,-1,1,527,87.5,0,-1.0,0,0,0,639,359
422,7090,7089435,11111,500,-1,-1,1,527,87.6,0,-1.0,0,0,0,639,359
423,7101,7100540,11105,500,-1,-1,1,526,87.6,0,-1.0,0,0,0,639,359
424,7113,7111654,11114,500,-1,-1,1,525,87.7,1,-1.0,0,0,0,639,359
425,7124,7122767,11113,500,-1,-1,1,545,87.7,0,-1.0,0,0,0,639,359
426,7135,7133875,11108,500,-1,-1,1,525,87.8,0,-1.0,0,0,0,639,359
427,7146,7144981,11106,500,-1,-1,1,526,87.8,0,-1.0,0,0,0,639,359
428,7157,7156114,11133,500,-1,-1,1,525,87.7,0,-1.0,0,0,0,639,359
429,7168,7167197,11083,500,-1,-1,1,526,87.8,0,-1.0,0,0,0,639,359
430,7179,7178311,11114,500,-1,-1,1,523,87.8,0,-1.0,0,0,0,639,359
431,7190,7189419,11108,500,-1,-1,1,529,87.9,0,-1.0,0,0,0,639,359
432,7201,7200528,11109,500,-1,-1,1,527,87.9,0,-1.0,0,0,0,639,359
433,7212,7211636,11108,500,-1,-1,1,526,87.9,1,-1.0,0,0,0,639,359
434,7224,7222746,11110,500,-1,-1,1,534,88.0,0,-1.0,0,0,0,639,359
435,7235,7233856,11110,500,-1,-1,1,525,88.0,0,-1.0,0,0,0,639,359
436,7246,7244966,11110,500,-1,-1,1,525,88.0,0,-1.0,0,0,0,639,359
437,7257,7256071,11105,500,-1,-1,1,528,88.1,0,-1.0,0,0,0,639,359
438,7268,7267183,11112,500,-1,-1,1,526,88.0,0,-1.0,0,0,0,639,359
439,7283,7278293,11110,500,-1,-1,1,525,71.4,0,-1.0,0,0,0,639,359
440,7290,7289403,11110,500,-1,-1,1,525,90.9,0,-1.0,0,0,0,639,359
441,7301,7300511,11108,500,-1,-1,1,525,90.9,0,-1.0,0,0,0,639,359
442,7312,7311622,11111,500,-1,-1,1,526,90.9,1,-1.0,0,0,0,639,359
443,7324,7322733,11111,500,-1,-1,1,546,90.9,0,-1.0,0,0,0,639,359
444,7335,7333837,11104,500,-1,-1,1,526,89.6,0,-1.0,0,0,0,639,359
445,7346,7344948,11111,500,-1,-1,1,528,90.9,0,-1.0,0,0,0,639,359
446,7357,7356057,11109,500,-1,-1,1,525,90.9,0,-1.0,0,0,0,639,359
447,7368,7367164,11107,500,-1,-1,1,525,90.9,0,-1.0,0,0,0,639,359
448,7379,7378273,11109,500,-1,-1,1,525,90.1,0,-1.0,0,0,0,639,359
449,7390,7389384,11111,500,-1,-1,1,526,90.2,0,-1.0,0,0,0,639,359
450,7440,7400493,11109,500,-1,-1,1,663,70.2,0,-1.0,0,0,0,639,359
451,7440,7433803,33310,500,-1,-1,1,553,75.6,1,-1.0,0,0,0,639,359
452,7446,7444953,11150,500,-1,-1,1,534,79.1,0,-1.0,0,0,0,639,359
453,7457,7456039,11086,500,-1,-1,1,527,79.8,0,-1.0,0,0,0,639,359
454,7468,7467149,11110,500,-1,-1,1,524,80.0,0,-1.0,0,0,0,639,359
455,7479,7478258,11109,500,-1,-1,1,545,80.6,0,-1.0,0,0,0,639,359
456,7490,7489369,11111,500,-1,-1,1,633,81.1,0,-1.0,0,0,0,639,359
457,7501,7500479,11110,500,-1,-1,1,525,81.5,0,-1.0,0,0,0,639,359
458,7513,7511586,11107,500,-1,-1,1,527,82.0,0,-1.0,0,0,0,639,359
459,7524,7522694,11108,500,-1,-1,1,529,82.4,0,-1.0,0,0,0,639,359
460,7535,7533805,11111,500,-1,-1,1,525,82.7,1,-1.0,0,0,0,639,359
461,7546,7544916,11111,500,-1,-1,1,535,83.0,0,-1.0,0,0,0,639,359
462,7557,7556026,11110,500,-1,-1,1,525,83.0,0,-1.0,0,0,0,639,359
463,7568,7567131,11105,500,-1,-1,1,527,83.6,0,-1.0,0,0,0,639,359
464,7579,7578240,11109,500,-1,-1,1,526,83.6,0,-1.0,0,0,0,639,359
465,7590,7589350,11110,500,-1,-1,1,523,83.9,0,-1.0,0,0,0,639,359
466,7601,7600458,11108,500,-1,-1,1,525,84.1,0,-1.0,0,0,0,639,359
467,7612,7611570,11112,500,-1,-1,1,526,84.3,0,-1.0,0,0,0,639,359
468,7623,7622676,11106,500,-1,-1,1,525,84.5,0,-1.0,0,0,0,639,359
469,7635,7633786,11110,500,-1,-1,1,527,84.7,1,-1.0,0,0,0,639,359
470,7646,7644900,11114,500,-1,-1,1,535,84.9,0,-1.0,0,0,0,639,359
471,7657,7656006,11106,500,-1,-1,1,524,84.8,0,-1.0,0,0,0,639,359
472,7668,7667116,11110,500,-1,-1,1,577,85.0,0,-1.0,0,0,0,639,359
473,7679,7678223,11107,500,-1,-1,1,527,85.2,0,-1.0,0,0,0,639,359
474,7690,7689331,11108,500,-1,-1,1,527,85.3,0,-1.0,0,0,0,639,359
475,7701,7700442,11111,500,-1,-1,1,526,85.5,0,-1.0,0,0,0,639,359
476,7712,7711549,11107,500,-1,-1,1,527,85.6,0,-1.0,0,0,0,639,359
477,7723,7722659,11110,500,-1,-1,1,526,85.7,0,-1.0,0,0,0,639,359
478,7735,7733773,11114,500,-1,-1,1,524,85.8,1,-1.0,0,0,0,639,359
479,7746,7744881,11108,500,-1,-1,1,597,86.0,0,-1.0,0,0,0,639,359
480,7757,7755997,11116,500,-1,-1,1,526,86.1,0,-1.0,0,0,0,639,359
481,7768,7767098,11101,500,-1,-1,1,525,86.2,0,-1.0,0,0,0,639,359
482,7779,7778208,11110,500,-1,-1,1,524,86.1,0,-1.0,0,0,0,639,359
483,7790,7789314,11106,500,-1,-1,1,526,86.2,0,-1.0,0,0,0,639,359
484,7801,7800425,11111,500,-1,-1,1,528,86.3,0,-1.0,0,0,0,639,359
485,7812,7811530,11105,500,-1,-1,1,527,86.4,0,-1.0,0,0,0,639,359
486,7824,7822644,11114,500,-1,-1,1,527,86.5,0,-1.0,0,0,0,639,359
487,7835,7833749,11105,500,-1,-1,1,527,86.6,1,-1.0,0,0,0,639,359
488,7846,7844866,11117,500,-1,-1,1,529,86.7,0,-1.0,0,0,0,639,359
489,7857,7855970,11104,500,-1,-1,1,524,86.6,0,-1.0,0,0,0,639,359
490,7868,7867084,11114,500,-1,-1,1,590,86.7,0,-1.0,0,0,0,639,359
491,7879,7878185,11101,500,-1,-1,1,525,86.7,0,-1.0,0,0,0,639,359
492,7890,7889297,11112,500,-1,-1,1,524,86.8,0,-1.0,0,0,0,639,359
493,7901,7900406,11109,500,-1,-1,1,526,86.9,0,-1.0,0,0,0,639,359
494,7912,7911517,11111,500,-1,-1,1,527,87.0,0,-1.0,0,0,0,639,359
495,7923,7922625,11108,500,-1,-1,1,530,87.0,0,-1.0,0,0,0,639,359
496,7935,7933733,11108,500,-1,-1,1,527,87.1,1,-1.0,0,0,0,639,359
497,7946,7944846,11113,500,-1,-1,1,539,87.1,0,-1.0,0,0,0,639,359
498,7957,7955956,11110,500,-1,-1,1,525,87.1,0,-1.0,0,0,0,639,359
499,7968,7967064,11108,500,-1,-1,1,526,87.3,0,-1.0,0,0,0,639,359
500,7979,7978174,11110,500,-1,-1,1,525,87.3,0,-1.0,0,0,0,639,359
501,7990,7989280,11106,500,-1,-1,1,527,87.3,0,-1.0,0,0,0,639,359
502,8001,8000386,11106,500,-1,-1,1,524,87.3,0,-1.0,0,0,0,639,359
503,8012,8011502,11116,500,-1,-1,1,524,87.4,0,-1.0,0,0,0,639,359
504,8023,8022610,11108,500,-1,-1,1,526,87.4,0,-1.0,0,0,0,639,359
505,8035,8033719,11109,500,-1,-1,1,524,87.5,1,-1.0,0,0,0,639,359
506,8046,8044831,11112,500,-1,-1,1,546,87.5,0,-1.0,0,0,0,639,359
507,8057,8055934,11103,500,-1,-1,1,525,87.5,0,-1.0,0,0,0,639,359
508,8068,8067048,11114,500,-1,-1,1,524,87.6,0,-1.0,0,0,0,639,359
509,8079,8078154,11106,500,-1,-1,1,529,87.7,0,-1.0,0,0,0,639,359
510,8090,8089263,11109,500,-1,-1,1,528,87.6,0,-1.0,0,0,0,639,359
511,8101,8100371,11108,500,-1,-1,1,528,87.6,0,-1.0,0,0,0,639,359
512,8112,8111480,11109,500,-1,-1,1,527,87.7,0,-1.0,0,0,0,639,359
513,8123,8122591,11111,500,-1,-1,1,526,87.7,0,-1.0,0,0,0,639,359
514,8135,8133702,11111,500,-1,-1,1,525,87.8,1,-1.0,0,0,0,639,359
515,8146,8144814,11112,500,-1,-1,1,548,87.8,0,-1.0,0,0,0,639,359
516,8159,8155920,11106,500,-1,-1,1,524,87.6,0,-1.0,0,0,0,639,359
517,8168,8167032,11112,500,-1,-1,1,636,87.8,0,-1.0,0,0,0,639,359
518,8179,8178140,11108,500,-1,-1,1,528,87.8,0,-1.0,0,0,0,639,359
519,8190,8189245,11105,500,-1,-1,1,527,87.9,0,-1.0,0,0,0,639,359
520,8201,8200358,11113,500,-1,-1,1,527,87.9,0,-1.0,0,0,0,639,359
521,8212,8211465,11107,500,-1,-1,1,527,87.9,0,-1.0,0,0,0,639,359
522,8224,8222576,11111,500,-1,-1,1,528,88.0,0,-1.0,0,0,0,639,359
523,8235,8233682,11106,500,-1,-1,1,531,88.0,1,-1.0,0,0,0,639,359
524,8246,8244796,11114,500,-1,-1,1,550,88.0,0,-1.0,0,0,0,639,359
525,8257,8255904,11108,500,-1,-1,1,524,88.0,0,-1.0,0,0,0,639,359
526,8268,8267014,11110,500,-1,-1,1,589,88.0,0,-1.0,0,0,0,639,359
527,8280,8278123,11109,500,-1,-1,1,525,83.3,0,-1.0,0,0,0,639,359
528,8290,8289228,11105,500,-1,-1,1,530,90.9,0,-1.0,0,0,0,639,359
529,8301,8300337,11109,500,-1,-1,1,525,90.9,0,-1.0,0,0,0,639,359
530,8312,8311450,11113,500,-1,-1,1,526,90.9,0,-1.0,0,0,0,639,359
531,8323,8322555,11105,500,-1,-1,1,525,90.9,0,-1.0,0,0,0,639,359
532,8334,8333667,11112,500,-1,-1,1,524,90.9,1,-1.0,0,0,0,639,359
533,8346,8344778,11111,500,-1,-1,1,547,90.9,0,-1.0,0,0,0,639,359
534,8357,8355884,11106,500,-1,-1,1,524,89.9,0,-1.0,0,0,0,639,359
535,8368,8366996,11112,500,-1,-1,1,525,90.9,0,-1.0,0,0,0,639,359
536,8379,8378103,11107,500,-1,-1,1,531,90.9,0,-1.0,0,0,0,639,359
537,8390,8389211,11108,500,-1,-1,1,527,90.2,0,-1.0,0,0,0,639,359
538,8401,8400321,11110,500,-1,-1,1,527,90.2,0,-1.0,0,0,0,639,359
539,8412,8411431,11110,500,-1,-1,1,527,90.3,0,-1.0,0,0,0,639,359
540,8465,8422538,11107,500,-1,-1,1,636,71.4,0,-1.0,0,0,0,639,359
541,8465,8455854,33316,500,-1,-1,1,783,76.1,1,-1.0,0,0,0,639,359
542,8468,8466971,11117,500,-1,-1,1,529,80.0,0,-1.0,0,0,0,639,359
543,8479,8478088,11117,500,-1,-1,1,529,81.0,0,-1.0,0,0,0,639,359
544,8490,8489195,11107,500,-1,-1,1,525,81.1,0,-1.0,0,0,0,639,359
545,8501,8500304,11109,500,-1,-1,1,544,81.5,0,-1.0,0,0,0,639,359
546,8512,8511415,11111,500,-1,-1,1,548,82.0,0,-1.0,0,0,0,639,359
547,8523,8522562,11147,500,-1,-1,1,605,82.4,0,-1.0,0,0,0,639,359
548,8535,8533638,11076,500,-1,-1,1,525,82.7,0,-1.0,0,0,0,639,359
549,8546,8544737,11099,500,-1,-1,1,526,83.0,0,-1.0,0,0,0,639,359
550,8557,8555851,11114,500,-1,-1,1,525,83.3,1,-1.0,0,0,0,639,359
551,8568,8566961,11110,500,-1,-1,1,546,83.6,0,-1.0,0,0,0,639,359
552,8579,8578068,11107,500,-1,-1,1,524,83.6,0,-1.0,0,0,0,639,359
553,8590,8589179,11111,500,-1,-1,1,595,83.9,0,-1.0,0,0,0,639,359
554,8601,8600285,11106,500,-1,-1,1,525,84.1,0,-1.0,0,0,0,639,359
555,8612,8611396,11111,500,-1,-1,1,526,84.3,0,-1.0,0,0,0,639,359
556,8623,8622503,11107,500,-1,-1,1,524,84.5,0,-1.0,0,0,0,639,359
557,8634,8633614,11111,500,-1,-1,1,524,84.7,0,-1.0,0,0,0,639,359
558,8646,8644721,11107,500,-1,-1,1,524,84.9,0,-1.0,0,0,0,639,359
559,8657,8655829,11108,500,-1,-1,1,525,85.1,1,-1.0,0,0,0,639,359
560,8668,8666946,11117,500,-1,-1,1,543,85.2,0,-1.0,0,0,0,639,359
561,8680,8678052,11106,500,-1,-1,1,524,85.2,0,-1.0,0,0,0,639,359
562,8690,8689163,11111,500,-1,-1,1,592,85.3,0,-1.0,0,0,0,639,359
563,8701,8700267,11104,500,-1,-1,1,526,85.5,0,-1.0,0,0,0,639,359
564,8712,8711381,11114,500,-1,-1,1,525,85.6,0,-1.0,0,0,0,639,359
565,8723,8722487,11106,500,-1,-1,1,526,85.7,0,-1.0,0,0,0,639,359
566,8734,8733597,11110,500,-1,-1,1,528,85.8,0,-1.0,0,0,0,639,359
567,8745,8744708,11111,500,-1,-1,1,526,86.0,0,-1.0,0,0,0,639,359
568,8757,8755818,11110,500,-1,-1,1,525,86.1,1,-1.0,0,0,0,639,359
569,8768,8766929,11111,500,-1,-1,1,546,86.2,0,-1.0,0,0,0,639,359
570,8779,8778038,11109,500,-1,-1,1,526,86.1,0,-1.0,0,0,0,639,359
571,8790,8789144,11106,500,-1,-1,1,589,86.2,0,-1.0,0,0,0,639,359
572,8801,8800256,11112,500,-1,-1,1,527,86.3,0,-1.0,0,0,0,639,359
573,8812,8811358,11102,500,-1,-1,1,527,86.4,0,-1.0,0,0,0,639,359
574,8823,8822472,11114,500,-1,-1,1,526,86.5,0,-1.0,0,0,0,639,359
575,8834,8833579,11107,500,-1,-1,1,524,86.6,0,-1.0,0,0,0,639,359
576,8846,8844690,11111,500,-1,-1,1,529,86.7,0,-1.0,0,0,0,639,359
577,8857,8855798,11108,500,-1,-1,1,527,86.7,1,-1.0,0,0,0,639,359
578,8868,8866912,11114,500,-1,-1,1,526,86.8,0,-1.0,0,0,0,639,359
579,8879,8878017,11105,500,-1,-1,1,524,86.7,0,-1.0,0,0,0,639,359
580,8890,8889130,11113,500,-1,-1,1,592,86.8,0,-1.0,0,0,0,639,359
581,8901,8900236,11106,500,-1,-1,1,526,86.9,0,-1.0,0,0,0,639,359
582,8912,8911349,11113,500,-1,-1,1,524,87.0,0,-1.0,0,0,0,639,359
583,8923,8922453,11104,500,-1,-1,1,525,87.0,0,-1.0,0,0,0,639,359
584,8935,8933565,11112,500,-1,-1,1,529,87.1,0,-1.0,0,0,0,639,359
585,8945,8944671,11106,500,-1,-1,1,528,87.1,0,-1.0,0,0,0,639,359
586,8957,8955782,11111,500,-1,-1,1,526,87.2,1,-1.0,0,0,0,639,359
587,8968,8966893,11111,500,-1,-1,1,533,87.3,0,-1.0,0,0,0,639,359
588,8979,8978003,11110,500,-1,-1,1,525,87.2,0,-1.0,0,0,0,639,359
589,8990,8989110,11107,500,-1,-1,1,527,87.4,0,-1.0,0,0,0,639,359
590,9001,9000221,11111,500,-1,-1,1,524,87.3,0,-1.0,0,0,0,639,359
591,9012,9011327,11106,500,-1,-1,1,524,87.4,0,-1.0,0,0,0,639,359
592,9023,9022435,11108,500,-1,-1,1,526,87.4,0,-1.0,0,0,0,639,359
593,9034,9033544,11109,500,-1,-1,1,524,87.5,0,-1.0,0,0,0,639,359
594,9045,9044654,11110,500,-1,-1,1,525,87.5,0,-1.0,0,0,0,639,359
595,9057,9055763,11109,500,-1,-1,1,528,87.6,1,-1.0,0,0,0,639,359
596,9068,9066878,11115,500,-1,-1,1,532,87.6,0,-1.0,0,0,0,639,359
597,9079,9077984,11106,500,-1,-1,1,536,87.7,0,-1.0,0,0,0,639,359
598,9090,9089096,11112,500,-1,-1,1,635,87.6,0,-1.0,0,0,0,639,359
599,9101,9100203,11107,500,-1,-1,1,526,87.6,0,-1.0,0,0,0,639,359
600,9112,9111310,11107,500,-1,-1,1,528,87.7,0,-1.0,0,0,0,639,359
601,9123,9122415,11105,500,-1,-1,1,525,87.7,0,-1.0,0,0,0,639,359
602,9134,9133530,11115,500,-1,-1,1,526,87.8,0,-1.0,0,0,0,639,359
603,9145,9144637,11107,500,-1,-1,1,524,87.8,0,-1.0,0,0,0,639,359
604,9157,9155748,11111,500,-1,-1,1,525,87.8,1,-1.0,0,0,0,639,359
605,9168,9166862,11114,500,-1,-1,1,544,87.9,0,-1.0,0,0,0,639,359
606,9179,9177969,11107,500,-1,-1,1,527,87.8,0,-1.0,0,0,0,639,359
607,9190,9189072,11103,500,-1,-1,1,632,87.9,0,-1.0,0,0,0,639,359
608,9201,9200187,11115,500,-1,-1,1,527,87.9,0,-1.0,0,0,0,639,359
609,9212,9211291,11104,500,-1,-1,1,526,87.9,0,-1.0,0,0,0,639,359
610,9223,9222400,11109,500,-1,-1,1,528,88.0,0,-1.0,0,0,0,639,359
611,9234,9233513,11113,500,-1,-1,1,525,88.0,0,-1.0,0,0,0,639,359
612,9246,9244621,11108,500,-1,-1,1,524,88.0,0,-1.0,0,0,0,639,359
613,9257,9255730,11109,500,-1,-1,1,526,88.1,1,-1.0,0,0,0,639,359
614,9268,9266847,11117,500,-1,-1,1,545,88.1,0,-1.0,0,0,0,639,359
615,9279,9277950,11103,500,-1,-1,1,524,88.0,0,-1.0,0,0,0,639,359
616,9302,9300159,22209,500,-1,-1,1,587,43.5,0,-1.0,0,0,0,639,359
617,9312,9311276,11117,500,-1,-1,1,528,60.6,0,-1.0,0,0,0,639,359
618,9323,9322383,11107,500,-1,-1,1,526,68.2,0,-1.0,0,0,0,639,359
619,9334,9333494,11111,500,-1,-1,1,527,72.7,0,-1.0,0,0,0,639,359
620,9345,9344601,11107,500,-1,-1,1,528,75.8,0,-1.0,0,0,0,639,359
621,9357,9355709,11108,500,-1,-1,1,527,77.9,0,-1.0,0,0,0,639,359
622,9368,9366820,11111,500,-1,-1,1,525,79.5,1,-1.0,0,0,0,639,359
623,9379,9377936,11116,500,-1,-1,1,546,80.8,0,-1.0,0,0,0,639,359
624,9390,9389042,11106,500,-1,-1,1,545,81.8,0,-1.0,0,0,0,639,359
625,9401,9400150,11108,500,-1,-1,1,630,82.0,0,-1.0,0,0,0,639,359
626,9412,9411258,11108,500,-1,-1,1,524,82.7,0,-1.0,0,0,0,639,359
627,9423,9422365,11107,500,-1,-1,1,525,83.3,0,-1.0,0,0,0,639,359
628,9434,9433474,11109,500,-1,-1,1,525,83.9,0,-1.0,0,0,0,639,359
629,9445,9444586,11112,500,-1,-1,1,526,84.3,0,-1.0,0,0,0,639,359
630,9496,9455693,11107,500,-1,-1,1,1183,69.1,0,-1.0,0,0,0,639,359
631,9498,9489006,33313,500,-1,-1,1,610,73.4,1,-1.0,0,0,0,639,359
632,9501,9500143,11137,500,-1,-1,1,527,76.9,0,-1.0,0,0,0,639,359
633,9512,9511241,11098,500,-1,-1,1,525,77.3,0,-1.0,0,0,0,639,359
634,9523,9522351,11110,500,-1,-1,1,526,77.9,0,-1.0,0,0,0,639,359
635,9534,9533461,11110,500,-1,-1,1,546,78.4,0,-1.0,0,0,0,639,359
636,9545,9544570,11109,500,-1,-1,1,528,78.9,0,-1.0,0,0,0,639,359
637,9557,9555675,11105,500,-1,-1,1,527,79.4,0,-1.0,0,0,0,639,359
638,9568,9566787,11112,500,-1,-1,1,528,79.9,0,-1.0,0,0,0,639,359
639,9579,9577896,11109,500,-1,-1,1,525,80.3,0,-1.0,0,0,0,639,359
640,9590,9589005,11109,500,-1,-1,1,526,80.6,1,-1.0,0,0,0,639,359
641,9601,9600120,11115,500,-1,-1,1,544,80.7,0,-1.0,0,0,0,639,359
642,9612,9611224,11104,500,-1,-1,1,529,81.1,0,-1.0,0,0,0,639,359
643,9623,9622377,11153,500,-1,-1,1,635,81.4,0,-1.0,0,0,0,639,359
644,9634,9633443,11066,500,-1,-1,1,527,81.7,0,-1.0,0,0,0,639,359
645,9646,9644552,11109,500,-1,-1,1,525,82.0,0,-1.0,0,0,0,639,359
646,9656,9655659,11107,500,-1,-1,1,525,82.2,0,-1.0,0,0,0,639,359
647,9668,9666768,11109,500,-1,-1,1,524,82.5,0,-1.0,0,0,0,639,359
648,9679,9677877,11109,500,-1,-1,1,524,82.7,0,-1.0,0,0,0,639,359
649,9690,9688990,11113,500,-1,-1,1,528,82.9,1,-1.0,0,0,0,639,359
650,9701,9700101,11111,500,-1,-1,1,548,83.1,0,-1.0,0,0,0,639,359
651,9713,9711208,11107,500,-1,-1,1,524,83.1,0,-1.0,0,0,0,639,359
652,9723,9722315,11107,500,-1,-1,1,633,83.3,0,-1.0,0,0,0,639,359
653,9734,9733426,11111,500,-1,-1,1,527,83.5,0,-1.0,0,0,0,639,359
654,9745,9744533,11107,500,-1,-1,1,527,83.7,0,-1.0,0,0,0,639,359
655,9756,9755644,11111,500,-1,-1,1,539,83.9,0,-1.0,0,0,0,639,359
656,9768,9766753,11109,500,-1,-1,1,527,84.0,0,-1.0,0,0,0,639,359
657,9779,9777862,11109,500,-1,-1,1,525,84.2,0,-1.0,0,0,0,639,359
658,9790,9788971,11109,500,-1,-1,1,526,84.3,1,-1.0,0,0,0,639,359
659,9801,9800083,11112,500,-1,-1,1,546,84.5,0,-1.0,0,0,0,639,359
660,9813,9811190,11107,500,-1,-1,1,526,84.4,0,-1.0,0,0,0,639,359
661,9823,9822304,11114,500,-1,-1,1,614,84.6,0,-1.0,0,0,0,639,359
662,9834,9833408,11104,500,-1,-1,1,526,84.7,0,-1.0,0,0,0,639,359
663,9845,9844517,11109,500,-1,-1,1,526,84.8,0,-1.0,0,0,0,639,359
664,9856,9855624,11107,500,-1,-1,1,524,84.9,0,-1.0,0,0,0,639,359
665,9868,9866733,11109,500,-1,-1,1,530,85.0,0,-1.0,0,0,0,639,359
666,9879,9877845,11112,500,-1,-1,1,527,85.1,0,-1.0,0,0,0,639,359
667,9890,9888955,11110,500,-1,-1,1,526,85.2,1,-1.0,0,0,0,639,359
668,9901,9900066,11111,500,-1,-1,1,533,85.3,0,-1.0,0,0,0,639,359
669,9913,9911175,11109,500,-1,-1,1,527,85.3,0,-1.0,0,0,0,639,359
670,9923,9922366,11191,500,-1,-1,1,608,85.4,0,-1.0,0,0,0,639,359
671,9934,9933391,11025,500,-1,-1,1,528,85.5,0,-1.0,0,0,0,639,359
672,9945,9944494,11103,500,-1,-1,1,526,85.6,0,-1.0,0,0,0,639,359
673,9957,9955611,11117,500,-1,-1,1,524,85.7,0,-1.0,0,0,0,639,359
674,9968,9966719,11108,500,-1,-1,1,525,85.8,0,-1.0,0,0,0,639,359
675,9979,9977827,11108,500,-1,-1,1,524,85.8,0,-1.0,0,0,0,639,359
676,9990,9988938,11111,500,-1,-1,1,526,85.9,1,-1.0,0,0,0,639,359
677,10001,10000049,11111,500,-1,-1,1,544,85.9,0,-1.0,0,0,0,639,359
678,10012,10011156,11107,500,-1,-1,1,545,85.9,0,-1.0,0,0,0,639,359
679,10023,10022267,11111,500,-1,-1,1,657,86.0,0,-1.0,0,0,0,639,359
680,10034,10033375,11108,500,-1,-1,1,528,86.1,0,-1.0,0,0,0,639,359
681,10045,10044482,11107,500,-1,-1,1,528,86.2,0,-1.0,0,0,0,639,359
682,10056,10055588,11106,500,-1,-1,1,526,86.2,0,-1.0,0,0,0,639,359
683,10067,10066701,11113,500,-1,-1,1,528,86.3,0,-1.0,0,0,0,639,359
684,10079,10077805,11104,500,-1,-1,1,525,86.4,0,-1.0,0,0,0,639,359
685,10090,10088921,11116,500,-1,-1,1,526,86.4,1,-1.0,0,0,0,639,359
686,10101,10100030,11109,500,-1,-1,1,546,86.5,0,-1.0,0,0,0,639,359
687,10113,10111141,11111,500,-1,-1,1,527,86.4,0,-1.0,0,0,0,639,359
688,10123,10122251,11110,500,-1,-1,1,527,86.5,0,-1.0,0,0,0,639,359
689,10134,10133358,11107,500,-1,-1,1,525,86.5,0,-1.0,0,0,0,639,359
690,10145,10144463,11105,500,-1,-1,1,527,86.6,0,-1.0,0,0,0,639,359
691,10156,10155576,11113,500,-1,-1,1,526,86.7,0,-1.0,0,0,0,639,359
692,10167,10166684,11108,500,-1,-1,1,528,86.7,0,-1.0,0,0,0,639,359
693,10179,10177794,11110,500,-1,-1,1,525,86.8,0,-1.0,0,0,0,639,359
694,10190,10188901,11107,500,-1,-1,1,525,86.8,1,-1.0,0,0,0,639,359
695,10201,10200019,11118,500,-1,-1,1,546,86.9,0,-1.0,0,0,0,639,359
696,10212,10211120,11101,500,-1,-1,1,527,86.8,0,-1.0,0,0,0,639,359
697,10223,10222237,11117,500,-1,-1,1,635,86.9,0,-1.0,0,0,0,639,359
698,10234,10233344,11107,500,-1,-1,1,526,86.9,0,-1.0,0,0,0,639,359
699,10245,10244451,11107,500,-1,-1,1,526,87.0,0,-1.0,0,0,0,639,359
700,10256,10255553,11102,500,-1,-1,1,528,87.0,0,-1.0,0,0,0,639,359
701,10268,10266667,11114,500,-1,-1,1,529,87.0,0,-1.0,0,0,0,639,359
702,10279,10277772,11105,500,-1,-1,1,527,87.1,0,-1.0,0,0,0,639,359
703,10290,10288885,11113,500,-1,-1,1,527,87.1,1,-1.0,0,0,0,639,359
704,10331,10322208,33323,500,-1,-1,1,525,25.0,0,-1.0,0,0,0,639,359
705,10334,10333322,11114,500,-1,-1,1,524,45.5,0,-1.0,0,0,0,639,359
706,10345,10344431,11109,500,-1,-1,1,525,54.5,0,-1.0,0,0,0,639,359
707,10357,10355542,11111,500,-1,-1,1,524,60.6,0,-1.0,0,0,0,639,359
708,10367,10366647,11105,500,-1,-1,1,523,64.9,0,-1.0,0,0,0,639,359
709,10379,10377759,11112,500,-1,-1,1,525,68.2,0,-1.0,0,0,0,639,359
710,10390,10388867,11108,500,-1,-1,1,525,70.7,0,-1.0,0,0,0,639,359
711,10401,10399980,11113,500,-1,-1,1,527,72.7,0,-1.0,0,0,0,639,359
712,10412,10411085,11105,500,-1,-1,1,525,74.4,1,-1.0,0,0,0,639,359
713,10423,10422202,11117,500,-1,-1,1,548,75.2,0,-1.0,0,0,0,639,359
714,10435,10433307,11105,500,-1,-1,1,525,76.4,0,-1.0,0,0,0,639,359
715,10445,10444415,11108,500,-1,-1,1,614,77.4,0,-1.0,0,0,0,639,359
716,10456,10455522,11107,500,-1,-1,1,527,78.3,0,-1.0,0,0,0,639,359
717,10467,10466631,11109,500,-1,-1,1,526,79.1,0,-1.0,0,0,0,639,359
718,10479,10477738,11107,500,-1,-1,1,524,79.8,0,-1.0,0,0,0,639,359
719,10490,10488851,11113,500,-1,-1,1,525,80.4,0,-1.0,0,0,0,639,359
720,10540,10499963,11112,500,-1,-1,1,1188,67.7,0,-1.0,0,0,0,639,359
721,10542,10533270,33307,500,-1,-1,1,602,71.7,1,-1.0,0,0,0,639,359
722,10545,10544410,11140,500,-1,-1,1,525,74.5,0,-1.0,0,0,0,639,359
723,10556,10555506,11096,500,-1,-1,1,526,75.2,0,-1.0,0,0,0,639,359
724,10567,10566614,11108,500,-1,-1,1,523,75.8,0,-1.0,0,0,0,639,359
725,10579,10577724,11110,500,-1,-1,1,544,76.4,0,-1.0,0,0,0,639,359
726,10590,10588833,11109,500,-1,-1,1,545,76.9,0,-1.0,0,0,0,639,359
727,10601,10599944,11111,500,-1,-1,1,525,77.4,0,-1.0,0,0,0,639,359
728,10612,10611053,11109,500,-1,-1,1,525,77.9,0,-1.0,0,0,0,639,359
729,10623,10622163,11110,500,-1,-1,1,525,78.1,0,-1.0,0,0,0,639,359
730,10634,10633270,11107,500,-1,-1,1,524,78.5,1,-1.0,0,0,0,639,359
731,10645,10644385,11115,500,-1,-1,1,546,78.9,0,-1.0,0,0,0,639,359
732,10657,10655486,11101,500,-1,-1,1,524,79.2,0,-1.0,0,0,0,639,359
733,10668,10666599,11113,500,-1,-1,1,627,79.6,0,-1.0,0,0,0,639,359
734,10679,10677705,11106,500,-1,-1,1,526,79.9,0,-1.0,0,0,0,639,359
735,10690,10688816,11111,500,-1,-1,1,527,80.2,0,-1.0,0,0,0,639,359
736,10701,10699927,11111,500,-1,-1,1,527,80.5,0,-1.0,0,0,0,639,359
737,10712,10711038,11111,500,-1,-1,1,524,80.6,0,-1.0,0,0,0,639,359
738,10723,10722143,11105,500,-1,-1,1,526,81.0,0,-1.0,0,0,0,639,359
739,10734,10733252,11109,500,-1,-1,1,525,81.1,1,-1.0,0,0,0,639,359
740,10745,10744370,11118,500,-1,-1,1,544,81.3,0,-1.0,0,0,0,639,359
741,10757,10755478,11108,500,-1,-1,1,525,81.4,0,-1.0,0,0,0,639,359
742,10767,10766583,11105,500,-1,-1,1,629,81.8,0,-1.0,0,0,0,639,359
743,10778,10777693,11110,500,-1,-1,1,524,82.0,0,-1.0,0,0,0,639,359
744,10790,10788794,11101,500,-1,-1,1,527,82.2,0,-1.0,0,0,0,639,359
745,10801,10799911,11117,500,-1,-1,1,526,82.4,0,-1.0,0,0,0,639,359
746,10812,10811015,11104,500,-1,-1,1,525,82.5,0,-1.0,0,0,0,639,359
747,10823,10822129,11114,500,-1,-1,1,529,82.7,0,-1.0,0,0,0,639,359
748,10834,10833234,11105,500,-1,-1,1,526,82.7,1,-1.0,0,0,0,639,359
749,10845,10844350,11116,500,-1,-1,1,546,82.9,0,-1.0,0,0,0,639,359
750,10856,10855456,11106,500,-1,-1,1,545,83.0,0,-1.0,0,0,0,639,359
751,10868,10866662,11206,500,-1,-1,1,634,83.2,0,-1.0,0,0,0,639,359
752,10878,10877673,11011,500,-1,-1,1,525,83.3,0,-1.0,0,0,0,639,359
753,10890,10888785,11112,500,-1,-1,1,523,83.5,0,-1.0,0,0,0,639,359
754,10901,10899889,11104,500,-1,-1,1,524,83.6,0,-1.0,0,0,0,639,359
755,10912,10911003,11114,500,-1,-1,1,529,83.7,0,-1.0,0,0,0,639,359
756,10923,10922106,11103,500,-1,-1,1,527,83.9,0,-1.0,0,0,0,639,359
757,10934,10933217,11111,500,-1,-1,1,530,83.9,1,-1.0,0,0,0,639,359
758,10945,10944335,11118,500,-1,-1,1,532,84.0,0,-1.0,0,0,0,639,359
759,10957,10955442,11107,500,-1,-1,1,524,84.1,0,-1.0,0,0,0,639,359
760,10968,10966663,11221,500,-1,-1,1,632,84.2,0,-1.0,0,0,0,639,359
761,10979,10977658,10995,500,-1,-1,1,528,84.3,0,-1.0,0,0,0,639,359
762,10990,10988761,11103,500,-1,-1,1,527,84.4,0,-1.0,0,0,0,639,359
763,11001,10999874,11113,500,-1,-1,1,527,84.5,0,-1.0,0,0,0,639,359
764,11012,11010980,11106,500,-1,-1,1,525,84.6,0,-1.0,0,0,0,639,359
765,11023,11022096,11116,500,-1,-1,1,526,84.6,0,-1.0,0,0,0,639,359
766,11034,11033202,11106,500,-1,-1,1,525,84.7,1,-1.0,0,0,0,639,359
767,11045,11044317,11115,500,-1,-1,1,545,84.8,0,-1.0,0,0,0,639,359
768,11057,11055421,11104,500,-1,-1,1,524,84.9,0,-1.0,0,0,0,639,359
769,11068,11066535,11114,500,-1,-1,1,635,84.9,0,-1.0,0,0,0,639,359
770,11078,11077640,11105,500,-1,-1,1,527,85.0,0,-1.0,0,0,0,639,359
771,11090,11088749,11109,500,-1,-1,1,527,85.1,0,-1.0,0,0,0,639,359
772,11101,11099856,11107,500,-1,-1,1,526,85.2,0,-1.0,0,0,0,639,359
773,11112,11110967,11111,500,-1,-1,1,525,85.3,0,-1.0,0,0,0,639,359
774,11123,11122073,11106,500,-1,-1,1,526,85.3,0,-1.0,0,0,0,639,359
775,11134,11133185,11112,500,-1,-1,1,524,85.3,1,-1.0,0,0,0,639,359
776,11145,11144297,11112,500,-1,-1,1,545,85.4,0,-1.0,0,0,0,639,359
777,11157,11155403,11106,500,-1,-1,1,525,85.4,0,-1.0,0,0,0,639,359
778,11168,11166697,11294,500,-1,-1,1,649,85.5,0,-1.0,0,0,0,639,359
779,11178,11177630,10933,500,-1,-1,1,525,85.6,0,-1.0,0,0,0,639,359
780,11190,11188728,11098,500,-1,-1,1,527,85.7,0,-1.0,0,0,0,639,359
781,11201,11199838,11110,500,-1,-1,1,526,85.7,0,-1.0,0,0,0,639,359
782,11212,11210950,11112,500,-1,-1,1,528,85.8,0,-1.0,0,0,0,639,359
783,11223,11222060,11110,500,-1,-1,1,526,85.8,0,-1.0,0,0,0,639,359
784,11234,11233165,11105,500,-1,-1,1,527,85.9,1,-1.0,0,0,0,639,359
785,11245,11244281,11116,500,-1,-1,1,545,85.9,0,-1.0,0,0,0,639,359
786,11256,11255390,11109,500,-1,-1,1,546,85.9,0,-1.0,0,0,0,639,359
787,11267,11266500,11110,500,-1,-1,1,633,86.0,0,-1.0,0,0,0,639,359
788,11278,11277604,11104,500,-1,-1,1,524,86.0,0,-1.0,0,0,0,639,359
789,11290,11288714,11110,500,-1,-1,1,525,86.1,0,-1.0,0,0,0,639,359
790,11301,11299820,11106,500,-1,-1,1,525,86.1,0,-1.0,0,0,0,639,359
791,11315,11310935,11115,500,-1,-1,1,524,66.7,0,-1.0,0,0,0,639,359
792,11323,11322041,11106,500,-1,-1,1,525,90.9,0,-1.0,0,0,0,639,359
793,11334,11333150,11109,500,-1,-1,1,527,88.2,1,-1.0,0,0,0,639,359
794,11345,11344261,11111,500,-1,-1,1,532,88.9,0,-1.0,0,0,0,639,359
795,11356,11355370,11109,500,-1,-1,1,609,89.3,0,-1.0,0,0,0,639,359
796,11367,11366643,11273,500,-1,-1,1,594,89.6,0,-1.0,0,0,0,639,359
797,11379,11377588,10945,500,-1,-1,1,526,89.7,0,-1.0,0,0,0,639,359
798,11390,11388693,11105,500,-1,-1,1,524,89.9,0,-1.0,0,0,0,639,359
799,11401,11399808,11115,500,-1,-1,1,525,90.0,0,-1.0,0,0,0,639,359
800,11412,11410916,11108,500,-1,-1,1,525,90.1,0,-1.0,0,0,0,639,359
801,11423,11422022,11106,500,-1,-1,1,526,89.4,0,-1.0,0,0,0,639,359
802,11434,11433134,11112,500,-1,-1,1,527,90.2,1,-1.0,0,0,0,639,359
803,11445,11444246,11112,500,-1,-1,1,542,89.7,0,-1.0,0,0,0,639,359
804,11457,11455352,11106,500,-1,-1,1,526,89.7,0,-1.0,0,0,0,639,359
805,11467,11466463,11111,500,-1,-1,1,609,89.8,0,-1.0,0,0,0,639,359
806,11478,11477571,11108,500,-1,-1,1,527,89.9,0,-1.0,0,0,0,639,359
807,11489,11488679,11108,500,-1,-1,1,527,89.9,0,-1.0,0,0,0,639,359
808,11501,11499788,11109,500,-1,-1,1,527,90.0,0,-1.0,0,0,0,639,359
809,11512,11510894,11106,500,-1,-1,1,526,90.0,0,-1.0,0,0,0,639,359
810,11588,11522006,11112,500,-1,-1,1,1925,69.2,0,-1.0,0,0,0,639,359
811,11590,11588640,66634,500,-1,-1,1,538,72.7,1,-1.0,0,0,0,639,359
812,11601,11599830,11190,500,-1,-1,1,546,73.3,0,-1.0,0,0,0,639,359
813,11612,11610883,11053,500,-1,-1,1,530,74.0,0,-1.0,0,0,0,639,359
814,11623,11621987,11104,500,-1,-1,1,525,74.5,0,-1.0,0,0,0,639,359
815,11634,11633101,11114,500,-1,-1,1,525,75.1,0,-1.0,0,0,0,639,359
816,11645,11644205,11104,500,-1,-1,1,525,75.4,0,-1.0,0,0,0,639,359
817,11656,11655315,11110,500,-1,-1,1,525,75.8,0,-1.0,0,0,0,639,359
818,11667,11666430,11115,500,-1,-1,1,525,76.3,0,-1.0,0,0,0,639,359
819,11678,11677536,11106,500,-1,-1,1,525,76.7,0,-1.0,0,0,0,639,359
820,11690,11688649,11113,500,-1,-1,1,533,77.1,1,-1.0,0,0,0,639,359
821,11701,11699759,11110,500,-1,-1,1,545,77.5,0,-1.0,0,0,0,639,359
822,11712,11710866,11107,500,-1,-1,1,525,77.7,0,-1.0,0,0,0,639,359
823,11723,11721970,11104,500,-1,-1,1,605,78.2,0,-1.0,0,0,0,639,359
824,11734,11733082,11112,500,-1,-1,1,528,78.3,0,-1.0,0,0,0,639,359
825,11745,11744190,11108,500,-1,-1,1,528,78.7,0,-1.0,0,0,0,639,359
826,11756,11755299,11109,500,-1,-1,1,528,78.9,0,-1.0,0,0,0,639,359
827,11767,11766406,11107,500,-1,-1,1,526,79.2,0,-1.0,0,0,0,639,359
828,11778,11777518,11112,500,-1,-1,1,525,79.5,0,-1.0,0,0,0,639,359
829,11789,11788627,11109,500,-1,-1,1,525,79.8,1,-1.0,0,0,0,639,359
830,11801,11799741,11114,500,-1,-1,1,545,80.0,0,-1.0,0,0,0,639,359
831,11812,11810846,11105,500,-1,-1,1,548,80.2,0,-1.0,0,0,0,639,359
832,11823,11821959,11113,500,-1,-1,1,633,80.3,0,-1.0,0,0,0,639,359
833,11834,11833065,11106,500,-1,-1,1,526,80.7,0,-1.0,0,0,0,639,359
834,11845,11844175,11110,500,-1,-1,1,527,80.9,0,-1.0,0,0,0,639,359
835,11856,11855280,11105,500,-1,-1,1,526,80.9,0,-1.0,0,0,0,639,359
836,11867,11866390,11110,500,-1,-1,1,528,81.1,0,-1.0,0,0,0,639,359
837,11878,11877499,11109,500,-1,-1,1,527,81.3,0,-1.0,0,0,0,639,359
838,11889,11888609,11110,500,-1,-1,1,525,81.5,1,-1.0,0,0,0,639,359
839,11901,11899722,11113,500,-1,-1,1,543,81.7,0,-1.0,0,0,0,639,359
840,11912,11910831,11109,500,-1,-1,1,545,81.8,0,-1.0,0,0,0,639,359
841,11923,11921937,11106,500,-1,-1,1,635,82.0,0,-1.0,0,0,0,639,359
842,11934,11933054,11117,500,-1,-1,1,527,82.1,0,-1.0,0,0,0,639,359
843,11945,11944155,11101,500,-1,-1,1,524,82.3,0,-1.0,0,0,0,639,359
844,11956,11955266,11111,500,-1,-1,1,526,82.3,0,-1.0,0,0,0,639,359
845,11967,11966372,11106,500,-1,-1,1,527,82.5,0,-1.0,0,0,0,639,359
846,11978,11977483,11111,500,-1,-1,1,524,82.6,0,-1.0,0,0,0,639,359
847,11989,11988589,11106,500,-1,-1,1,524,82.7,1,-1.0,0,0,0,639,359
848,12001,11999706,11117,500,-1,-1,1,545,82.9,0,-1.0,0,0,0,639,359
849,12012,12010811,11105,500,-1,-1,1,543,83.0,0,-1.0,0,0,0,639,359
850,12023,12021924,11113,500,-1,-1,1,633,83.1,0,-1.0,0,0,0,639,359
851,12034,12033030,11106,500,-1,-1,1,525,83.2,0,-1.0,0,0,0,639,359
852,12045,12044139,11109,500,-1,-1,1,527,83.2,0,-1.0,0,0,0,639,359
853,12056,12055246,11107,500,-1,-1,1,529,83.3,0,-1.0,0,0,0,639,359
854,12067,12066360,11114,500,-1,-1,1,528,83.4,0,-1.0,0,0,0,639,359
855,12078,12077467,11107,500,-1,-1,1,525,83.5,0,-1.0,0,0,0,639,359
856,12090,12088579,11112,500,-1,-1,1,524,83.7,1,-1.0,0,0,0,639,359
857,12101,12099690,11111,500,-1,-1,1,547,83.8,0,-1.0,0,0,0,639,359
858,12112,12110797,11107,500,-1,-1,1,547,83.8,0,-1.0,0,0,0,639,359
859,12123,12121903,11106,500,-1,-1,1,635,83.9,0,-1.0,0,0,0,639,359
860,12134,12133017,11114,500,-1,-1,1,526,84.0,0,-1.0,0,0,0,639,359
861,12145,12144123,11106,500,-1,-1,1,524,84.1,0,-1.0,0,0,0,639,359
862,12156,12155232,11109,500,-1,-1,1,528,84.1,0,-1.0,0,0,0,639,359
863,12169,12166338,11106,500,-1,-1,1,525,84.1,0,-1.0,0,0,0,639,359
864,12178,12177450,11112,500,-1,-1,1,526,84.3,0,-1.0,0,0,0,639,359
865,12189,12188558,11108,500,-1,-1,1,525,84.4,1,-1.0,0,0,0,639,359
866,12200,12199672,11114,500,-1,-1,1,528,84.4,0,-1.0,0,0,0,639,359
867,12212,12210778,11106,500,-1,-1,1,527,84.5,0,-1.0,0,0,0,639,359
868,12223,12221890,11112,500,-1,-1,1,634,84.5,0,-1.0,0,0,0,639,359
869,12234,12233002,11112,500,-1,-1,1,526,84.7,0,-1.0,0,0,0,639,359
870,12245,12244106,11104,500,-1,-1,1,524,84.7,0,-1.0,0,0,0,639,359
871,12256,12255213,11107,500,-1,-1,1,525,84.7,0,-1.0,0,0,0,639,359
872,12267,12266320,11107,500,-1,-1,1,526,84.8,0,-1.0,0,0,0,639,359
873,12278,12277431,11111,500,-1,-1,1,526,84.9,0,-1.0,0,0,0,639,359
874,12289,12288545,11114,500,-1,-1,1,529,84.9,1,-1.0,0,0,0,639,359
875,12300,12299652,11107,500,-1,-1,1,533,85.0,0,-1.0,0,0,0,639,359
876,12332,12321866,22214,500,-1,-1,1,1906,30.3,0,-1.0,0,0,0,639,359
877,12334,12332975,11109,500,-1,-1,1,546,58.8,0,-1.0,0,0,0,639,359
878,12345,12344091,11116,500,-1,-1,1,525,68.2,0,-1.0,0,0,0,639,359
879,12356,12355197,11106,500,-1,-1,1,525,71.4,0,-1.0,0,0,0,639,359
880,12367,12366305,11108,500,-1,-1,1,525,74.6,0,-1.0,0,0,0,639,359
881,12378,12377415,11110,500,-1,-1,1,523,76.9,0,-1.0,0,0,0,639,359
882,12389,12388523,11108,500,-1,-1,1,527,78.7,0,-1.0,0,0,0,639,359
883,12401,12399633,11110,500,-1,-1,1,527,80.0,1,-1.0,0,0,0,639,359
884,12412,12410748,11115,500,-1,-1,1,534,81.1,0,-1.0,0,0,0,639,359
885,12423,12421855,11107,500,-1,-1,1,530,82.0,0,-1.0,0,0,0,639,359
886,12434,12432966,11111,500,-1,-1,1,635,82.7,0,-1.0,0,0,0,639,359
887,12445,12444072,11106,500,-1,-1,1,524,82.8,0,-1.0,0,0,0,639,359
888,12456,12455176,11104,500,-1,-1,1,527,83.3,0,-1.0,0,0,0,639,359
889,12467,12466289,11113,500,-1,-1,1,526,83.8,0,-1.0,0,0,0,639,359
890,12478,12477400,11111,500,-1,-1,1,524,84.3,0,-1.0,0,0,0,639,359
891,12489,12488508,11108,500,-1,-1,1,526,84.7,0,-1.0,0,0,0,639,359
892,12500,12499614,11106,500,-1,-1,1,528,85.0,1,-1.0,0,0,0,639,359
893,12512,12510727,11113,500,-1,-1,1,543,85.3,0,-1.0,0,0,0,639,359
894,12523,12521834,11107,500,-1,-1,1,538,85.6,0,-1.0,0,0,0,639,359
895,12534,12532953,11119,500,-1,-1,1,631,85.5,0,-1.0,0,0,0,639,359
896,12545,12544057,11104,500,-1,-1,1,527,86.1,0,-1.0,0,0,0,639,359
897,12556,12555164,11107,500,-1,-1,1,524,85.9,0,-1.0,0,0,0,639,359
898,12567,12566269,11105,500,-1,-1,1,526,86.1,0,-1.0,0,0,0,639,359
899,12578,12577383,11114,500,-1,-1,1,531,86.3,0,-1.0,0,0,0,639,359
900,12658,12588491,11108,500,-1,-1,1,525,70.0,0,-1.0,0,0,0,639,359
901,12659,12655124,66633,500,-1,-1,1,520,72.6,1,-1.0,0,0,0,639,359
902,12668,12666262,11138,500,-1,-1,1,526,73.6,0,-1.0,0,0,0,639,359
903,12678,12677361,11099,500,-1,-1,1,528,74.1,0,-1.0,0,0,0,639,359
904,12689,12688478,11117,500,-1,-1,1,525,74.6,0,-1.0,0,0,0,639,359
905,12700,12699582,11104,500,-1,-1,1,525,75.0,0,-1.0,0,0,0,639,359
906,12712,12710690,11108,500,-1,-1,1,526,75.4,0,-1.0,0,0,0,639,359
907,12723,12721801,11111,500,-1,-1,1,530,75.8,0,-1.0,0,0,0,639,359
908,12734,12732909,11108,500,-1,-1,1,529,76.2,0,-1.0,0,0,0,639,359
909,12745,12744017,11108,500,-1,-1,1,527,76.6,0,-1.0,0,0,0,639,359
910,12756,12755128,11111,500,-1,-1,1,526,76.8,1,-1.0,0,0,0,639,359
911,12767,12766240,11112,500,-1,-1,1,544,77.1,0,-1.0,0,0,0,639,359
912,12778,12777351,11111,500,-1,-1,1,544,77.4,0,-1.0,0,0,0,639,359
913,12789,12788458,11107,500,-1,-1,1,629,77.7,0,-1.0,0,0,0,639,359
914,12801,12799571,11113,500,-1,-1,1,524,78.0,0,-1.0,0,0,0,639,359
915,12811,12810672,11101,500,-1,-1,1,531,78.3,0,-1.0,0,0,0,639,359
916,12823,12821781,11109,500,-1,-1,1,525,78.5,0,-1.0,0,0,0,639,359
917,12834,12832888,11107,500,-1,-1,1,527,78.8,0,-1.0,0,0,0,639,359
918,12845,12843999,11111,500,-1,-1,1,525,79.0,0,-1.0,0,0,0,639,359
919,12856,12855110,11111,500,-1,-1,1,526,79.3,1,-1.0,0,0,0,639,359
920,12867,12866225,11115,500,-1,-1,1,533,79.4,0,-1.0,0,0,0,639,359
921,12878,12877330,11105,500,-1,-1,1,528,79.6,0,-1.0,0,0,0,639,359
922,12889,12888446,11116,500,-1,-1,1,633,79.8,0,-1.0,0,0,0,639,359
923,12900,12899548,11102,500,-1,-1,1,527,80.0,0,-1.0,0,0,0,639,359
924,12911,12910657,11109,500,-1,-1,1,525,80.2,0,-1.0,0,0,0,639,359
925,12923,12921762,11105,500,-1,-1,1,524,80.4,0,-1.0,0,0,0,639,359
926,12934,12932876,11114,500,-1,-1,1,524,80.6,0,-1.0,0,0,0,639,359
927,12945,12943984,11108,500,-1,-1,1,525,80.7,0,-1.0,0,0,0,639,359
928,12956,12955093,11109,500,-1,-1,1,529,80.9,1,-1.0,0,0,0,639,359
929,12967,12966205,11112,500,-1,-1,1,545,81.0,0,-1.0,0,0,0,639,359
930,12978,12977315,11110,500,-1,-1,1,532,81.1,0,-1.0,0,0,0,639,359
931,12989,12988418,11103,500,-1,-1,1,635,81.3,0,-1.0,0,0,0,639,359
932,13000,12999538,11120,500,-1,-1,1,527,81.4,0,-1.0,0,0,0,639,359
933,13011,13010636,11098,500,-1,-1,1,527,81.6,0,-1.0,0,0,0,639,359
934,13023,13021747,11111,500,-1,-1,1,525,81.7,0,-1.0,0,0,0,639,359
935,13034,13032857,11110,500,-1,-1,1,525,81.9,0,-1.0,0,0,0,639,359
936,13045,13043966,11109,500,-1,-1,1,525,82.0,0,-1.0,0,0,0,639,359
937,13056,13055075,11109,500,-1,-1,1,527,82.1,1,-1.0,0,0,0,639,359
938,13067,13066190,11115,500,-1,-1,1,540,82.1,0,-1.0,0,0,0,639,359
939,13078,13077297,11107,500,-1,-1,1,549,82.3,0,-1.0,0,0,0,639,359
940,13089,13088409,11112,500,-1,-1,1,631,82.4,0,-1.0,0,0,0,639,359
941,13100,13099515,11106,500,-1,-1,1,526,82.5,0,-1.0,0,0,0,639,359
942,13112,13110622,11107,500,-1,-1,1,524,82.6,0,-1.0,0,0,0,639,359
943,13123,13121730,11108,500,-1,-1,1,524,82.7,0,-1.0,0,0,0,639,359
944,13134,13132845,11115,500,-1,-1,1,525,82.8,0,-1.0,0,0,0,639,359
945,13145,13143950,11105,500,-1,-1,1,524,82.9,0,-1.0,0,0,0,639,359
946,13156,13155059,11109,500,-1,-1,1,526,82.9,1,-1.0,0,0,0,639,359
947,13167,13166172,11113,500,-1,-1,1,546,83.0,0,-1.0,0,0,0,639,359
948,13178,13177282,11110,500,-1,-1,1,547,83.1,0,-1.0,0,0,0,639,359
949,13189,13188392,11110,500,-1,-1,1,633,83.2,0,-1.0,0,0,0,639,359
950,13200,13199496,11104,500,-1,-1,1,529,83.3,0,-1.0,0,0,0,639,359
951,13211,13210604,11108,500,-1,-1,1,526,83.4,0,-1.0,0,0,0,639,359
952,13223,13221714,11110,500,-1,-1,1,527,83.5,0,-1.0,0,0,0,639,359
953,13234,13232825,11111,500,-1,-1,1,527,83.6,0,-1.0,0,0,0,639,359
954,13245,13243930,11105,500,-1,-1,1,526,83.7,0,-1.0,0,0,0,639,359
955,13256,13255041,11111,500,-1,-1,1,525,83.8,1,-1.0,0,0,0,639,359
956,13267,13266156,11115,500,-1,-1,1,545,83.8,0,-1.0,0,0,0,639,359
957,13278,13277261,11105,500,-1,-1,1,544,83.8,0,-1.0,0,0,0,639,359
958,13289,13288369,11108,500,-1,-1,1,633,83.9,0,-1.0,0,0,0,639,359
959,13300,13299480,11111,500,-1,-1,1,528,84.0,0,-1.0,0,0,0,639,359
960,13311,13310593,11113,500,-1,-1,1,526,90.9,0,-1.0,0,0,0,639,359
961,13323,13321694,11101,500,-1,-1,1,527,90.9,0,-1.0,0,0,0,639,359
962,13334,13332808,11114,500,-1,-1,1,533,90.9,0,-1.0,0,0,0,639,359
963,13345,13343915,11107,500,-1,-1,1,527,90.9,0,-1.0,0,0,0,639,359
964,13356,13355026,11111,500,-1,-1,1,526,90.9,1,-1.0,0,0,0,639,359
965,13367,13366138,11112,500,-1,-1,1,545,89.6,0,-1.0,0,0,0,639,359
966,13378,13377247,11109,500,-1,-1,1,552,89.7,0,-1.0,0,0,0,639,359
967,13389,13388354,11107,500,-1,-1,1,524,89.9,0,-1.0,0,0,0,639,359
968,13400,13399465,11111,500,-1,-1,1,524,90.0,0,-1.0,0,0,0,639,359
969,13411,13410571,11106,500,-1,-1,1,529,90.1,0,-1.0,0,0,0,639,359
970,13423,13421678,11107,500,-1,-1,1,527,90.2,0,-1.0,0,0,0,639,359
971,13434,13432789,11111,500,-1,-1,1,526,90.2,0,-1.0,0,0,0,639,359
972,13445,13443896,11107,500,-1,-1,1,524,90.3,0,-1.0,0,0,0,639,359
973,13456,13455006,11110,500,-1,-1,1,528,90.3,1,-1.0,0,0,0,639,359
974,13467,13466122,11116,500,-1,-1,1,547,89.8,0,-1.0,0,0,0,639,359
975,13478,13477235,11113,500,-1,-1,1,541,89.9,0,-1.0,0,0,0,639,359
976,13489,13488340,11105,500,-1,-1,1,526,89.9,0,-1.0,0,0,0,639,359
977,13500,13499450,11110,500,-1,-1,1,523,90.0,0,-1.0,0,0,0,639,359
978,13511,13510555,11105,500,-1,-1,1,525,90.0,0,-1.0,0,0,0,639,359
979,13522,13521662,11107,500,-1,-1,1,525,90.1,0,-1.0,0,0,0,639,359
980,13534,13532775,11113,500,-1,-1,1,525,90.1,0,-1.0,0,0,0,639,359
981,13545,13543878,11103,500,-1,-1,1,529,90.2,0,-1.0,0,0,0,639,359
982,13556,13554991,11113,500,-1,-1,1,528,89.8,1,-1.0,0,0,0,639,359
983,13567,13566106,11115,500,-1,-1,1,535,90.2,0,-1.0,0,0,0,639,359
984,13578,13577213,11107,500,-1,-1,1,530,89.9,0,-1.0,0,0,0,639,359
985,13589,13588318,11105,500,-1,-1,1,652,90.0,0,-1.0,0,0,0,639,359
986,13600,13599427,11109,500,-1,-1,1,525,90.0,0,-1.0,0,0,0,639,359
987,13611,13610537,11110,500,-1,-1,1,524,90.0,0,-1.0,0,0,0,639,359
988,13622,13621644,11107,500,-1,-1,1,526,90.1,0,-1.0,0,0,0,639,359
989,13634,13632756,11112,500,-1,-1,1,525,90.1,0,-1.0,0,0,0,639,359
990,13684,13643865,11109,500,-1,-1,1,1183,80.5,0,-1.0,0,0,0,639,359
991,13686,13677175,33310,500,-1,-1,1,603,83.1,1,-1.0,0,0,0,639,359
992,13689,13688315,11140,500,-1,-1,1,549,84.8,0,-1.0,0,0,0,639,359
993,13700,13699412,11097,500,-1,-1,1,526,85.0,0,-1.0,0,0,0,639,359
994,13711,13710520,11108,500,-1,-1,1,525,85.2,0,-1.0,0,0,0,639,359
995,13722,13721629,11109,500,-1,-1,1,527,85.3,0,-1.0,0,0,0,639,359
996,13734,13732739,11110,500,-1,-1,1,529,85.5,0,-1.0,0,0,0,639,359
997,13745,13743847,11108,500,-1,-1,1,525,85.4,0,-1.0,0,0,0,639,359
998,13756,13754958,11111,500,-1,-1,1,527,85.7,0,-1.0,0,0,0,639,359
999,13767,13766065,11107,500,-1,-1,1,528,85.8,0,-1.0,0,0,0,639,359
1000,13778,13777175,11110,500,-1,-1,1,525,85.8,1,-1.0,0,0,0,639,359
1001,13789,13788289,11114,500,-1,-1,1,546,85.9,0,-1.0,0,0,0,639,359
1002,13800,13799397,11108,500,-1,-1,1,547,86.0,0,-1.0,0,0,0,639,359
1003,13811,13810507,11110,500,-1,-1,1,594,86.1,0,-1.0,0,0,0,639,359
1004,13823,13821637,11130,500,-1,-1,1,599,86.2,0,-1.0,0,0,0,639,359
1005,13834,13832722,11085,500,-1,-1,1,526,86.3,0,-1.0,0,0,0,639,359
1006,13845,13843832,11110,500,-1,-1,1,526,86.4,0,-1.0,0,0,0,639,359
1007,13856,13854936,11104,500,-1,-1,1,527,86.5,0,-1.0,0,0,0,639,359
1008,13867,13866048,11112,500,-1,-1,1,525,86.4,0,-1.0,0,0,0,639,359
1009,13878,13877153,11105,500,-1,-1,1,527,86.7,1,-1.0,0,0,0,639,359
1010,13889,13888271,11118,500,-1,-1,1,547,86.6,0,-1.0,0,0,0,639,359
1011,13900,13899378,11107,500,-1,-1,1,544,86.7,0,-1.0,0,0,0,639,359
1012,13911,13910489,11111,500,-1,-1,1,632,86.7,0,-1.0,0,0,0,639,359
1013,13922,13921595,11106,500,-1,-1,1,525,86.8,0,-1.0,0,0,0,639,359
1014,13934,13932705,11110,500,-1,-1,1,524,86.9,0,-1.0,0,0,0,639,359
1015,13945,13943810,11105,500,-1,-1,1,524,87.0,0,-1.0,0,0,0,639,359
1016,13956,13954923,11113,500,-1,-1,1,528,87.0,0,-1.0,0,0,0,639,359
1017,13967,13966028,11105,500,-1,-1,1,528,87.1,0,-1.0,0,0,0,639,359
1018,13978,13977144,11116,500,-1,-1,1,526,87.1,1,-1.0,0,0,0,639,359
1019,13989,13988254,11110,500,-1,-1,1,533,87.1,0,-1.0,0,0,0,639,359
1020,14000,13999361,11107,500,-1,-1,1,545,87.1,0,-1.0,0,0,0,639,359
1021,14011,14010469,11108,500,-1,-1,1,634,87.2,0,-1.0,0,0,0,639,359
1022,14022,14021577,11108,500,-1,-1,1,527,87.3,0,-1.0,0,0,0,639,359
1023,14033,14032683,11106,500,-1,-1,1,525,87.3,0,-1.0,0,0,0,639,359
1024,14045,14043800,11117,500,-1,-1,1,525,87.4,0,-1.0,0,0,0,639,359
1025,14056,14054906,11106,500,-1,-1,1,523,87.4,0,-1.0,0,0,0,639,359
1026,14067,14066015,11109,500,-1,-1,1,524,87.5,0,-1.0,0,0,0,639,359
1027,14078,14077124,11109,500,-1,-1,1,524,87.5,1,-1.0,0,0,0,639,359
1028,14089,14088239,11115,500,-1,-1,1,537,87.5,0,-1.0,0,0,0,639,359
1029,14100,14099341,11102,500,-1,-1,1,542,87.5,0,-1.0,0,0,0,639,359
1030,14111,14110454,11113,500,-1,-1,1,527,87.5,0,-1.0,0,0,0,639,359
1031,14122,14121560,11106,500,-1,-1,1,526,87.6,0,-1.0,0,0,0,639,359
1032,14134,14132667,11107,500,-1,-1,1,527,87.6,0,-1.0,0,0,0,639,359
1033,14145,14143777,11110,500,-1,-1,1,527,87.7,0,-1.0,0,0,0,639,359
1034,14156,14154889,11112,500,-1,-1,1,528,87.7,0,-1.0,0,0,0,639,359
1035,14167,14165994,11105,500,-1,-1,1,526,87.8,0,-1.0,0,0,0,639,359
1036,14178,14177110,11116,500,-1,-1,1,525,87.7,1,-1.0,0,0,0,639,359
1037,14189,14188220,11110,500,-1,-1,1,544,87.7,0,-1.0,0,0,0,639,359
1038,14200,14199328,11108,500,-1,-1,1,545,87.8,0,-1.0,0,0,0,639,359
1039,14211,14210436,11108,500,-1,-1,1,634,87.8,0,-1.0,0,0,0,639,359
1040,14223,14221545,11109,500,-1,-1,1,530,87.9,0,-1.0,0,0,0,639,359
1041,14233,14232656,11111,500,-1,-1,1,526,87.9,0,-1.0,0,0,0,639,359
1042,14245,14243759,11103,500,-1,-1,1,530,87.9,0,-1.0,0,0,0,639,359
1043,14256,14254865,11106,500,-1,-1,1,528,88.0,0,-1.0,0,0,0,639,359
1044,14267,14265979,11114,500,-1,-1,1,529,88.0,0,-1.0,0,0,0,639,359
1045,14278,14277087,11108,500,-1,-1,1,527,88.0,1,-1.0,0,0,0,639,359
1046,14289,14288206,11119,500,-1,-1,1,548,88.0,0,-1.0,0,0,0,639,359
1047,14300,14299307,11101,500,-1,-1,1,545,88.0,0,-1.0,0,0,0,639,359
1048,14325,14321604,22297,500,-1,-1,1,524,41.7,0,-1.0,0,0,0,639,359
1049,14333,14332641,11037,500,-1,-1,1,526,60.6,0,-1.0,0,0,0,639,359
1050,14345,14343743,11102,500,-1,-1,1,526,68.2,0,-1.0,0,0,0,639,359
1051,14356,14354855,11112,500,-1,-1,1,526,72.7,0,-1.0,0,0,0,639,359
1052,14367,14365962,11107,500,-1,-1,1,524,75.8,0,-1.0,0,0,0,639,359
1053,14378,14377071,11109,500,-1,-1,1,525,77.9,0,-1.0,0,0,0,639,359
1054,14389,14388178,11107,500,-1,-1,1,525,78.7,1,-1.0,0,0,0,639,359
1055,14400,14399295,11117,500,-1,-1,1,546,80.0,0,-1.0,0,0,0,639,359
1056,14411,14410399,11104,500,-1,-1,1,545,81.1,0,-1.0,0,0,0,639,359
1057,14422,14421512,11113,500,-1,-1,1,527,82.0,0,-1.0,0,0,0,639,359
1058,14433,14432620,11108,500,-1,-1,1,524,82.7,0,-1.0,0,0,0,639,359
1059,14445,14443724,11104,500,-1,-1,1,525,83.3,0,-1.0,0,0,0,639,359
1060,14456,14454835,11111,500,-1,-1,1,527,83.9,0,-1.0,0,0,0,639,359
1061,14467,14465945,11110,500,-1,-1,1,527,84.3,0,-1.0,0,0,0,639,359
1062,14478,14477052,11107,500,-1,-1,1,526,84.7,0,-1.0,0,0,0,639,359
1063,14489,14488163,11111,500,-1,-1,1,525,84.7,1,-1.0,0,0,0,639,359
1064,14500,14499279,11116,500,-1,-1,1,528,85.0,0,-1.0,0,0,0,639,359
1065,14511,14510385,11106,500,-1,-1,1,545,85.3,0,-1.0,0,0,0,639,359
1066,14522,14521492,11107,500,-1,-1,1,633,85.6,0,-1.0,0,0,0,639,359
1067,14534,14532605,11113,500,-1,-1,1,532,85.8,0,-1.0,0,0,0,639,359
1068,14545,14543711,11106,500,-1,-1,1,524,86.1,0,-1.0,0,0,0,639,359
1069,14556,14554824,11113,500,-1,-1,1,525,86.3,0,-1.0,0,0,0,639,359
1070,14567,14565927,11103,500,-1,-1,1,529,86.5,0,-1.0,0,0,0,639,359
1071,14578,14577038,11111,500,-1,-1,1,526,86.3,0,-1.0,0,0,0,639,359
1072,14589,14588147,11109,500,-1,-1,1,527,86.5,1,-1.0,0,0,0,639,359
1073,14600,14599258,11111,500,-1,-1,1,530,86.7,0,-1.0,0,0,0,639,359
1074,14611,14610366,11108,500,-1,-1,1,530,86.8,0,-1.0,0,0,0,639,359
1075,14623,14621476,11110,500,-1,-1,1,633,87.0,0,-1.0,0,0,0,639,359
1076,14633,14632582,11106,500,-1,-1,1,528,87.1,0,-1.0,0,0,0,639,359
1077,14644,14643694,11112,500,-1,-1,1,529,87.2,0,-1.0,0,0,0,639,359
1078,14656,14654801,11107,500,-1,-1,1,525,87.3,0,-1.0,0,0,0,639,359
1079,14667,14665912,11111,500,-1,-1,1,528,87.4,0,-1.0,0,0,0,639,359
1080,14716,14677018,11106,500,-1,-1,1,667,79.3,0,-1.0,0,0,0,639,359
1081,14717,14710332,33314,500,-1,-1,1,602,81.5,1,-1.0,0,0,0,639,359
1082,14722,14721466,11134,500,-1,-1,1,527,82.9,0,-1.0,0,0,0,639,359
1083,14733,14732565,11099,500,-1,-1,1,526,83.1,0,-1.0,0,0,0,639,359
1084,14744,14743672,11107,500,-1,-1,1,524,83.3,0,-1.0,0,0,0,639,359
1085,14756,14754878,11206,500,-1,-1,1,529,83.5,0,-1.0,0,0,0,639,359
1086,14767,14765895,11017,500,-1,-1,1,530,83.7,0,-1.0,0,0,0,639,359
1087,14778,14777007,11112,500,-1,-1,1,524,83.9,0,-1.0,0,0,0,639,359
1088,14789,14788113,11106,500,-1,-1,1,529,84.0,0,-1.0,0,0,0,639,359
1089,14800,14799220,11107,500,-1,-1,1,524,84.0,0,-1.0,0,0,0,639,359
1090,14811,14810329,11109,500,-1,-1,1,525,84.1,1,-1.0,0,0,0,639,359
1091,14822,14821446,11117,500,-1,-1,1,547,84.3,0,-1.0,0,0,0,639,359
1092,14833,14832553,11107,500,-1,-1,1,544,84.4,0,-1.0,0,0,0,639,359
1093,14845,14843664,11111,500,-1,-1,1,531,84.6,0,-1.0,0,0,0,639,359
1094,14856,14854771,11107,500,-1,-1,1,527,84.7,0,-1.0,0,0,0,639,359
1095,14867,14865876,11105,500,-1,-1,1,529,84.8,0,-1.0,0,0,0,639,359
1096,14878,14876985,11109,500,-1,-1,1,524,84.9,0,-1.0,0,0,0,639,359
1097,14889,14888097,11112,500,-1,-1,1,529,84.9,0,-1.0,0,0,0,639,359
1098,14900,14899203,11106,500,-1,-1,1,525,85.0,0,-1.0,0,0,0,639,359
1099,14911,14910314,11111,500,-1,-1,1,528,85.1,1,-1.0,0,0,0,639,359
1100,14922,14921427,11113,500,-1,-1,1,546,85.2,0,-1.0,0,0,0,639,359
1101,14934,14932536,11109,500,-1,-1,1,546,85.3,0,-1.0,0,0,0,639,359
1102,14944,14943644,11108,500,-1,-1,1,525,85.4,0,-1.0,0,0,0,639,359
1103,14956,14954753,11109,500,-1,-1,1,528,85.5,0,-1.0,0,0,0,639,359
1104,14967,14965861,11108,500,-1,-1,1,525,85.6,0,-1.0,0,0,0,639,359
1105,14978,14976969,11108,500,-1,-1,1,525,85.7,0,-1.0,0,0,0,639,359
1106,14989,14988075,11106,500,-1,-1,1,525,85.8,0,-1.0,0,0,0,639,359
1107,15000,14999186,11111,500,-1,-1,1,528,85.7,0,-1.0,0,0,0,639,359
1108,15011,15010293,11107,500,-1,-1,1,524,85.8,1,-1.0,0,0,0,639,359
1109,15022,15021413,11120,500,-1,-1,1,546,85.9,0,-1.0,0,0,0,639,359
1110,15033,15032515,11102,500,-1,-1,1,548,85.9,0,-1.0,0,0,0,639,359
1111,15044,15043625,11110,500,-1,-1,1,526,86.0,0,-1.0,0,0,0,639,359
1112,15056,15054734,11109,500,-1,-1,1,530,86.1,0,-1.0,0,0,0,639,359
1113,15067,15065843,11109,500,-1,-1,1,526,86.2,0,-1.0,0,0,0,639,359
1114,15078,15076949,11106,500,-1,-1,1,524,86.2,0,-1.0,0,0,0,639,359
1115,15089,15088061,11112,500,-1,-1,1,527,86.3,0,-1.0,0,0,0,639,359
1116,15100,15099169,11108,500,-1,-1,1,538,86.2,0,-1.0,0,0,0,639,359
1117,15111,15110279,11110,500,-1,-1,1,527,86.3,1,-1.0,0,0,0,639,359
1118,15122,15121392,11113,500,-1,-1,1,533,86.4,0,-1.0,0,0,0,639,359
1119,15133,15132499,11107,500,-1,-1,1,529,86.4,0,-1.0,0,0,0,639,359
1120,15144,15143607,11108,500,-1,-1,1,609,86.5,0,-1.0,0,0,0,639,359
1121,15156,15154718,11111,500,-1,-1,1,524,86.5,0,-1.0,0,0,0,639,359
1122,15167,15165824,11106,500,-1,-1,1,524,86.6,0,-1.0,0,0,0,639,359
1123,15178,15176935,11111,500,-1,-1,1,525,86.7,0,-1.0,0,0,0,639,359
1124,15189,15188043,11108,500,-1,-1,1,524,86.7,0,-1.0,0,0,0,639,359
1125,15200,15199152,11109,500,-1,-1,1,528,86.7,0,-1.0,0,0,0,639,359
1126,15211,15210263,11111,500,-1,-1,1,525,86.7,1,-1.0,0,0,0,639,359
1127,15222,15221376,11113,500,-1,-1,1,551,86.8,0,-1.0,0,0,0,639,359
1128,15233,15232482,11106,500,-1,-1,1,541,86.8,0,-1.0,0,0,0,639,359
1129,15245,15243594,11112,500,-1,-1,1,526,86.9,0,-1.0,0,0,0,639,359
1130,15256,15254701,11107,500,-1,-1,1,527,86.9,0,-1.0,0,0,0,639,359
1131,15267,15265810,11109,500,-1,-1,1,528,87.0,0,-1.0,0,0,0,639,359
1132,15278,15276918,11108,500,-1,-1,1,562,87.0,0,-1.0,0,0,0,639,359
1133,15289,15288026,11108,500,-1,-1,1,525,87.0,0,-1.0,0,0,0,639,359
1134,15300,15299133,11107,500,-1,-1,1,524,87.1,0,-1.0,0,0,0,639,359
1135,15314,15310245,11112,500,-1,-1,1,526,71.4,1,-1.0,0,0,0,639,359
1136,15322,15321359,11114,500,-1,-1,1,547,90.9,0,-1.0,0,0,0,639,359
1137,15333,15332465,11106,500,-1,-1,1,603,90.9,0,-1.0,0,0,0,639,359
1138,15344,15343576,11111,500,-1,-1,1,633,90.9,0,-1.0,0,0,0,639,359
1139,15355,15354682,11106,500,-1,-1,1,527,90.9,0,-1.0,0,0,0,639,359
1140,15367,15365790,11108,500,-1,-1,1,525,90.9,0,-1.0,0,0,0,639,359
1141,15378,15376900,11110,500,-1,-1,1,567,90.9,0,-1.0,0,0,0,639,359
1142,15389,15388010,11110,500,-1,-1,1,526,90.9,0,-1.0,0,0,0,639,359
1143,15400,15399120,11110,500,-1,-1,1,528,90.9,0,-1.0,0,0,0,639,359
1144,15411,15410225,11105,500,-1,-1,1,526,90.1,1,-1.0,0,0,0,639,359
1145,15422,15421343,11118,500,-1,-1,1,546,90.2,0,-1.0,0,0,0,639,359
1146,15433,15432449,11106,500,-1,-1,1,546,90.2,0,-1.0,0,0,0,639,359
1147,15444,15443560,11111,500,-1,-1,1,525,90.3,0,-1.0,0,0,0,639,359
1148,15455,15454667,11107,500,-1,-1,1,525,90.3,0,-1.0,0,0,0,639,359
1149,15467,15465774,11107,500,-1,-1,1,525,90.4,0,-1.0,0,0,0,639,359
1150,15478,15476883,11109,500,-1,-1,1,531,90.4,0,-1.0,0,0,0,639,359
1151,15489,15487991,11108,500,-1,-1,1,527,90.4,0,-1.0,0,0,0,639,359
1152,15500,15499100,11109,500,-1,-1,1,528,90.5,0,-1.0,0,0,0,639,359
1153,15511,15510209,11109,500,-1,-1,1,525,90.0,1,-1.0,0,0,0,639,359
1154,15522,15521324,11115,500,-1,-1,1,534,90.1,0,-1.0,0,0,0,639,359
1155,15533,15532431,11107,500,-1,-1,1,558,90.1,0,-1.0,0,0,0,639,359
1156,15544,15543537,11106,500,-1,-1,1,526,90.2,0,-1.0,0,0,0,639,359
1157,15556,15554647,11110,500,-1,-1,1,526,90.2,0,-1.0,0,0,0,639,359
1158,15567,15565754,11107,500,-1,-1,1,527,90.2,0,-1.0,0,0,0,639,359
1159,15578,15576865,11111,500,-1,-1,1,525,90.3,0,-1.0,0,0,0,639,359
1160,15589,15587974,11109,500,-1,-1,1,526,90.3,0,-1.0,0,0,0,639,359
1161,15600,15599082,11108,500,-1,-1,1,524,90.0,0,-1.0,0,0,0,639,359
1162,15611,15610196,11114,500,-1,-1,1,525,90.0,1,-1.0,0,0,0,639,359
1163,15622,15621308,11112,500,-1,-1,1,550,90.1,0,-1.0,0,0,0,639,359
1164,15633,15632411,11103,500,-1,-1,1,544,90.1,0,-1.0,0,0,0,639,359
1165,15644,15643525,11114,500,-1,-1,1,526,90.1,0,-1.0,0,0,0,639,359
1166,15655,15654631,11106,500,-1,-1,1,527,90.1,0,-1.0,0,0,0,639,359
1167,15667,15665739,11108,500,-1,-1,1,526,90.2,0,-1.0,0,0,0,639,359
1168,15678,15676849,11110,500,-1,-1,1,525,90.2,0,-1.0,0,0,0,639,359
1169,15689,15687960,11111,500,-1,-1,1,525,90.2,0,-1.0,0,0,0,639,359
1170,15739,15699067,11107,500,-1,-1,1,1080,82.0,0,-1.0,0,0,0,639,359
1171,15741,15732380,33313,500,-1,-1,1,598,84.1,1,-1.0,0,0,0,639,359
1172,15744,15743524,11144,500,-1,-1,1,526,85.6,0,-1.0,0,0,0,639,359
1173,15755,15754614,11090,500,-1,-1,1,525,85.7,0,-1.0,0,0,0,639,359
1174,15767,15765719,11105,500,-1,-1,1,527,85.8,0,-1.0,0,0,0,639,359
1175,15778,15776986,11267,500,-1,-1,1,532,86.0,0,-1.0,0,0,0,639,359
1176,15789,15787942,10956,500,-1,-1,1,546,86.1,0,-1.0,0,0,0,639,359
1177,15800,15799054,11112,500,-1,-1,1,526,86.2,0,-1.0,0,0,0,639,359
1178,15811,15810158,11104,500,-1,-1,1,526,86.3,0,-1.0,0,0,0,639,359
1179,15822,15821274,11116,500,-1,-1,1,527,86.2,0,-1.0,0,0,0,639,359
1180,15833,15832380,11106,500,-1,-1,1,525,86.3,1,-1.0,0,0,0,639,359
1181,15844,15843491,11111,500,-1,-1,1,547,86.4,0,-1.0,0,0,0,639,359
1182,15855,15854596,11105,500,-1,-1,1,525,86.5,0,-1.0,0,0,0,639,359
1183,15867,15865710,11114,500,-1,-1,1,607,86.6,0,-1.0,0,0,0,639,359
1184,15878,15876816,11106,500,-1,-1,1,525,86.7,0,-1.0,0,0,0,639,359
1185,15889,15887922,11106,500,-1,-1,1,526,86.7,0,-1.0,0,0,0,639,359
1186,15900,15899030,11108,500,-1,-1,1,524,86.8,0,-1.0,0,0,0,639,359
1187,15911,15910144,11114,500,-1,-1,1,526,86.7,0,-1.0,0,0,0,639,359
1188,15922,15921248,11104,500,-1,-1,1,530,86.8,0,-1.0,0,0,0,639,359
1189,15933,15932358,11110,500,-1,-1,1,528,86.9,1,-1.0,0,0,0,639,359
1190,15944,15943471,11113,500,-1,-1,1,548,87.0,0,-1.0,0,0,0,639,359
1191,15956,15954582,11111,500,-1,-1,1,528,87.0,0,-1.0,0,0,0,639,359
1192,15967,15965690,11108,500,-1,-1,1,526,87.1,0,-1.0,0,0,0,639,359
1193,15978,15976852,11162,500,-1,-1,1,525,87.1,0,-1.0,0,0,0,639,359
1194,15989,15987909,11057,500,-1,-1,1,525,87.2,0,-1.0,0,0,0,639,359
1195,16000,15999015,11106,500,-1,-1,1,524,87.1,0,-1.0,0,0,0,639,359
1196,16011,16010125,11110,500,-1,-1,1,525,87.3,0,-1.0,0,0,0,639,359
1197,16022,16021234,11109,500,-1,-1,1,525,87.3,0,-1.0,0,0,0,639,359
1198,16033,16032343,11109,500,-1,-1,1,527,87.3,1,-1.0,0,0,0,639,359
1199,16044,16043456,11113,500,-1,-1,1,546,87.4,0,-1.0,0,0,0,639,359
1200,16055,16054562,11106,500,-1,-1,1,535,87.4,0,-1.0,0,0,0,639,359
1201,16066,16065672,11110,500,-1,-1,1,523,87.5,0,-1.0,0,0,0,639,359
1202,16078,16076955,11283,500,-1,-1,1,524,87.5,0,-1.0,0,0,0,639,359
1203,16089,16087888,10933,500,-1,-1,1,526,87.6,0,-1.0,0,0,0,639,359
1204,16100,16098996,11108,500,-1,-1,1,526,87.6,0,-1.0,0,0,0,639,359
1205,16111,16110106,11110,500,-1,-1,1,525,87.7,0,-1.0,0,0,0,639,359
1206,16122,16121213,11107,500,-1,-1,1,527,87.6,0,-1.0,0,0,0,639,359
1207,16133,16132325,11112,500,-1,-1,1,525,87.6,1,-1.0,0,0,0,639,359
1208,16144,16143442,11117,500,-1,-1,1,551,87.7,0,-1.0,0,0,0,639,359
1209,16155,16154549,11107,500,-1,-1,1,540,87.7,0,-1.0,0,0,0,639,359
1210,16166,16165652,11103,500,-1,-1,1,525,87.8,0,-1.0,0,0,0,639,359
1211,16178,16176762,11110,500,-1,-1,1,527,87.8,0,-1.0,0,0,0,639,359
1212,16189,16187873,11111,500,-1,-1,1,528,87.8,0,-1.0,0,0,0,639,359
1213,16200,16198980,11107,500,-1,-1,1,524,87.9,0,-1.0,0,0,0,639,359
1214,16211,16210089,11109,500,-1,-1,1,527,87.9,0,-1.0,0,0,0,639,359
1215,16222,16221203,11114,500,-1,-1,1,526,87.9,0,-1.0,0,0,0,639,359
1216,16233,16232307,11104,500,-1,-1,1,524,87.9,1,-1.0,0,0,0,639,359
1217,16244,16243423,11116,500,-1,-1,1,545,87.9,0,-1.0,0,0,0,639,359
1218,16255,16254529,11106,500,-1,-1,1,549,88.0,0,-1.0,0,0,0,639,359
1219,16267,16265636,11107,500,-1,-1,1,525,88.0,0,-1.0,0,0,0,639,359
1220,16278,16276786,11150,500,-1,-1,1,526,88.0,0,-1.0,0,0,0,639,359
1221,16289,16287855,11069,500,-1,-1,1,530,88.1,0,-1.0,0,0,0,639,359
1222,16300,16298964,11109,500,-1,-1,1,528,88.1,0,-1.0,0,0,0,639,359
1223,16311,16310076,11112,500,-1,-1,1,529,88.0,0,-1.0,0,0,0,639,359
1224,16327,16321186,11110,500,-1,-1,1,525,62.5,0,-1.0,0,0,0,639,359
1225,16333,16332303,11117,500,-1,-1,1,526,90.9,1,-1.0,0,0,0,639,359
1226,16344,16343406,11103,500,-1,-1,1,527,90.9,0,-1.0,0,0,0,639,359
1227,16355,16354515,11109,500,-1,-1,1,524,90.9,0,-1.0,0,0,0,639,359
1228,16367,16365621,11106,500,-1,-1,1,527,89.3,0,-1.0,0,0,0,639,359
1229,16378,16376733,11112,500,-1,-1,1,525,90.9,0,-1.0,0,0,0,639,359
1230,16389,16387838,11105,500,-1,-1,1,526,90.9,0,-1.0,0,0,0,639,359
1231,16400,16398947,11109,500,-1,-1,1,525,90.9,0,-1.0,0,0,0,639,359
1232,16411,16410059,11112,500,-1,-1,1,532,90.9,0,-1.0,0,0,0,639,359
1233,16422,16421165,11106,500,-1,-1,1,525,90.9,0,-1.0,0,0,0,639,359
1234,16433,16432269,11104,500,-1,-1,1,526,90.2,1,-1.0,0,0,0,639,359
1235,16444,16443389,11120,500,-1,-1,1,534,90.2,0,-1.0,0,0,0,639,359
1236,16455,16454493,11104,500,-1,-1,1,535,90.3,0,-1.0,0,0,0,639,359
1237,16466,16465603,11110,500,-1,-1,1,525,90.3,0,-1.0,0,0,0,639,359
1238,16478,16476833,11230,500,-1,-1,1,524,90.4,0,-1.0,0,0,0,639,359
1239,16489,16487823,10990,500,-1,-1,1,524,90.4,0,-1.0,0,0,0,639,359
1240,16500,16498930,11107,500,-1,-1,1,527,90.4,0,-1.0,0,0,0,639,359
1241,16511,16510039,11109,500,-1,-1,1,525,90.5,0,-1.0,0,0,0,639,359
1242,16522,16521146,11107,500,-1,-1,1,525,90.5,0,-1.0,0,0,0,639,359
1243,16533,16532257,11111,500,-1,-1,1,526,90.1,1,-1.0,0,0,0,639,359
1244,16544,16543372,11115,500,-1,-1,1,555,90.1,0,-1.0,0,0,0,639,359
1245,16555,16554475,11103,500,-1,-1,1,540,90.2,0,-1.0,0,0,0,639,359
1246,16566,16565585,11110,500,-1,-1,1,527,90.2,0,-1.0,0,0,0,639,359
1247,16578,16576749,11164,500,-1,-1,1,524,90.2,0,-1.0,0,0,0,639,359
1248,16589,16587804,11055,500,-1,-1,1,528,90.3,0,-1.0,0,0,0,639,359
1249,16600,16598911,11107,500,-1,-1,1,524,90.3,0,-1.0,0,0,0,639,359
1250,16611,16610023,11112,500,-1,-1,1,525,90.3,0,-1.0,0,0,0,639,359
1251,16622,16621133,11110,500,-1,-1,1,524,90.0,0,-1.0,0,0,0,639,359
1252,16633,16632240,11107,500,-1,-1,1,526,90.1,1,-1.0,0,0,0,639,359
1253,16644,16643357,11117,500,-1,-1,1,547,90.1,0,-1.0,0,0,0,639,359
1254,16655,16654457,11100,500,-1,-1,1,545,90.1,0,-1.0,0,0,0,639,359
1255,16667,16665569,11112,500,-1,-1,1,526,90.1,0,-1.0,0,0,0,639,359
1256,16678,16676722,11153,500,-1,-1,1,526,90.2,0,-1.0,0,0,0,639,359
1257,16689,16687785,11063,500,-1,-1,1,528,90.2,0,-1.0,0,0,0,639,359
1258,16700,16698893,11108,500,-1,-1,1,526,90.2,0,-1.0,0,0,0,639,359
1259,16711,16710008,11115,500,-1,-1,1,525,90.2,0,-1.0,0,0,0,639,359
1260,16764,16721113,11105,500,-1,-1,1,829,81.7,0,-1.0,0,0,0,639,359
1261,16765,16754425,33312,500,-1,-1,1,2010,83.5,1,-1.0,0,0,0,639,359
1262,16768,16765698,11273,500,-1,-1,1,526,85.5,0,-1.0,0,0,0,639,359
1263,16777,16776665,10967,500,-1,-1,1,525,85.8,0,-1.0,0,0,0,639,359
1264,16789,16787769,11104,500,-1,-1,1,529,86.0,0,-1.0,0,0,0,639,359
1265,16800,16798881,11112,500,-1,-1,1,524,86.1,0,-1.0,0,0,0,639,359
1266,16811,16809989,11108,500,-1,-1,1,545,86.2,0,-1.0,0,0,0,639,359
1267,16822,16821099,11110,500,-1,-1,1,527,86.3,0,-1.0,0,0,0,639,359
1268,16833,16832205,11106,500,-1,-1,1,625,86.2,0,-1.0,0,0,0,639,359
1269,16844,16843321,11116,500,-1,-1,1,542,86.3,0,-1.0,0,0,0,639,359
1270,16855,16854422,11101,500,-1,-1,1,525,86.4,1,-1.0,0,0,0,639,359
1271,16866,16865541,11119,500,-1,-1,1,529,86.5,0,-1.0,0,0,0,639,359
1272,16877,16876643,11102,500,-1,-1,1,545,86.6,0,-1.0,0,0,0,639,359
1273,16889,16887755,11112,500,-1,-1,1,526,86.7,0,-1.0,0,0,0,639,359
1274,16900,16898865,11110,500,-1,-1,1,525,86.7,0,-1.0,0,0,0,639,359
1275,16911,16909971,11106,500,-1,-1,1,525,86.8,0,-1.0,0,0,0,639,359
1276,16922,16921077,11106,500,-1,-1,1,525,86.9,0,-1.0,0,0,0,639,359
1277,16933,16932190,11113,500,-1,-1,1,527,86.8,0,-1.0,0,0,0,639,359
1278,16944,16943297,11107,500,-1,-1,1,528,86.9,0,-1.0,0,0,0,639,359
1279,16955,16954410,11113,500,-1,-1,1,527,87.0,1,-1.0,0,0,0,639,359
1280,16966,16965519,11109,500,-1,-1,1,536,87.0,0,-1.0,0,0,0,639,359
1281,16978,16976628,11109,500,-1,-1,1,528,87.1,0,-1.0,0,0,0,639,359
1282,16989,16987732,11104,500,-1,-1,1,534,87.1,0,-1.0,0,0,0,639,359
1283,17000,16998936,11204,500,-1,-1,1,524,87.2,0,-1.0,0,0,0,639,359
1284,17011,17009953,11017,500,-1,-1,1,526,87.3,0,-1.0,0,0,0,639,359
1285,17022,17021064,11111,500,-1,-1,1,527,87.2,0,-1.0,0,0,0,639,359
1286,17033,17032170,11106,500,-1,-1,1,526,87.3,0,-1.0,0,0,0,639,359
1287,17044,17043282,11112,500,-1,-1,1,523,87.3,0,-1.0,0,0,0,639,359
1288,17055,17054388,11106,500,-1,-1,1,527,87.4,1,-1.0,0,0,0,639,359
1289,17066,17065504,11116,500,-1,-1,1,533,87.4,0,-1.0,0,0,0,639,359
1290,17077,17076610,11106,500,-1,-1,1,536,87.5,0,-1.0,0,0,0,639,359
1291,17089,17087721,11111,500,-1,-1,1,528,87.5,0,-1.0,0,0,0,639,359
1292,17100,17099004,11283,500,-1,-1,1,524,87.6,0,-1.0,0,0,0,639,359
1293,17111,17109937,10933,500,-1,-1,1,525,87.6,0,-1.0,0,0,0,639,359
1294,17122,17121048,11111,500,-1,-1,1,525,87.7,0,-1.0,0,0,0,639,359
1295,17133,17132157,11109,500,-1,-1,1,526,87.7,0,-1.0,0,0,0,639,359
1296,17144,17143263,11106,500,-1,-1,1,525,87.6,0,-1.0,0,0,0,639,359
1297,17155,17154371,11108,500,-1,-1,1,526,87.7,1,-1.0,0,0,0,639,359
1298,17166,17165488,11117,500,-1,-1,1,544,87.7,0,-1.0,0,0,0,639,359
1299,17177,17176594,11106,500,-1,-1,1,541,87.8,0,-1.0,0,0,0,639,359
1300,17189,17187699,11105,500,-1,-1,1,527,87.8,0,-1.0,0,0,0,639,359
1301,17200,17198808,11109,500,-1,-1,1,529,87.8,0,-1.0,0,0,0,639,359
1302,17211,17209918,11110,500,-1,-1,1,527,87.9,0,-1.0,0,0,0,639,359
1303,17222,17221029,11111,500,-1,-1,1,527,87.9,0,-1.0,0,0,0,639,359
1304,17233,17232134,11105,500,-1,-1,1,527,87.9,0,-1.0,0,0,0,639,359
1305,17244,17243247,11113,500,-1,-1,1,526,87.9,0,-1.0,0,0,0,639,359
1306,17255,17254356,11109,500,-1,-1,1,525,87.9,1,-1.0,0,0,0,639,359
1307,17266,17265469,11113,500,-1,-1,1,545,88.0,0,-1.0,0,0,0,639,359
1308,17277,17276573,11104,500,-1,-1,1,546,88.0,0,-1.0,0,0,0,639,359
1309,17289,17287686,11113,500,-1,-1,1,528,88.0,0,-1.0,0,0,0,639,359
1310,17300,17298895,11209,500,-1,-1,1,524,88.1,0,-1.0,0,0,0,639,359
1311,17311,17309904,11009,500,-1,-1,1,526,88.1,0,-1.0,0,0,0,639,359
1312,17322,17321011,11107,500,-1,-1,1,528,88.1,0,-1.0,0,0,0,639,359
1313,17336,17332121,11110,500,-1,-1,1,523,66.7,0,-1.0,0,0,0,639,359
1314,17344,17343229,11108,500,-1,-1,1,527,87.0,0,-1.0,0,0,0,639,359
1315,17355,17354340,11111,500,-1,-1,1,526,88.2,1,-1.0,0,0,0,639,359
1316,17366,17365454,11114,500,-1,-1,1,548,88.9,0,-1.0,0,0,0,639,359
1317,17378,17376557,11103,500,-1,-1,1,546,89.3,0,-1.0,0,0,0,639,359
1318,17389,17387667,11110,500,-1,-1,1,526,89.6,0,-1.0,0,0,0,639,359
1319,17400,17398778,11111,500,-1,-1,1,522,88.6,0,-1.0,0,0,0,639,359
1320,17411,17409885,11107,500,-1,-1,1,525,89.9,0,-1.0,0,0,0,639,359
1321,17422,17420994,11109,500,-1,-1,1,529,90.0,0,-1.0,0,0,0,639,359
1322,17433,17432101,11107,500,-1,-1,1,527,90.1,0,-1.0,0,0,0,639,359
1323,17444,17443212,11111,500,-1,-1,1,528,89.4,0,-1.0,0,0,0,639,359
1324,17455,17454319,11107,500,-1,-1,1,526,89.6,1,-1.0,0,0,0,639,359
1325,17466,17465434,11115,500,-1,-1,1,545,89.7,0,-1.0,0,0,0,639,359
1326,17477,17476544,11110,500,-1,-1,1,530,89.7,0,-1.0,0,0,0,639,359
1327,17488,17487652,11108,500,-1,-1,1,525,89.8,0,-1.0,0,0,0,639,359
1328,17500,17498822,11170,500,-1,-1,1,523,89.9,0,-1.0,0,0,0,639,359
1329,17511,17509867,11045,500,-1,-1,1,524,89.9,0,-1.0,0,0,0,639,359
1330,17522,17520976,11109,500,-1,-1,1,526,90.0,0,-1.0,0,0,0,639,359
1331,17533,17532088,11112,500,-1,-1,1,524,90.0,0,-1.0,0,0,0,639,359
1332,17544,17543194,11106,500,-1,-1,1,524,89.7,0,-1.0,0,0,0,639,359
1333,17555,17554304,11110,500,-1,-1,1,528,89.7,1,-1.0,0,0,0,639,359
1334,17566,17565415,11111,500,-1,-1,1,544,89.8,0,-1.0,0,0,0,639,359
1335,17577,17576526,11111,500,-1,-1,1,537,89.8,0,-1.0,0,0,0,639,359
1336,17588,17587632,11106,500,-1,-1,1,527,89.9,0,-1.0,0,0,0,639,359
1337,17600,17598864,11232,500,-1,-1,1,525,89.9,0,-1.0,0,0,0,639,359
1338,17611,17609848,10984,500,-1,-1,1,526,90.0,0,-1.0,0,0,0,639,359
1339,17622,17620959,11111,500,-1,-1,1,528,90.0,0,-1.0,0,0,0,639,359
1340,17633,17632067,11108,500,-1,-1,1,524,90.0,0,-1.0,0,0,0,639,359
1341,17644,17643177,11110,500,-1,-1,1,525,89.8,0,-1.0,0,0,0,639,359
1342,17655,17654286,11109,500,-1,-1,1,524,89.8,1,-1.0,0,0,0,639,359
1343,17666,17665400,11114,500,-1,-1,1,546,89.9,0,-1.0,0,0,0,639,359
1344,17677,17676505,11105,500,-1,-1,1,545,89.9,0,-1.0,0,0,0,639,359
1345,17689,17687621,11116,500,-1,-1,1,525,89.9,0,-1.0,0,0,0,639,359
1346,17700,17698724,11103,500,-1,-1,1,523,89.9,0,-1.0,0,0,0,639,359
1347,17711,17709833,11109,500,-1,-1,1,525,90.0,0,-1.0,0,0,0,639,359
1348,17722,17720942,11109,500,-1,-1,1,527,90.0,0,-1.0,0,0,0,639,359
1349,17733,17732051,11109,500,-1,-1,1,527,89.8,0,-1.0,0,0,0,639,359
1350,17790,17743157,11106,500,-1,-1,1,611,81.2,0,-1.0,0,0,0,639,359
1351,17791,17787582,44425,500,-1,-1,1,602,83.2,1,-1.0,0,0,0,639,359
1352,17800,17798713,11131,500,-1,-1,1,525,83.7,0,-1.0,0,0,0,639,359
1353,17811,17809815,11102,500,-1,-1,1,526,83.8,0,-1.0,0,0,0,639,359
1354,17822,17820929,11114,500,-1,-1,1,529,84.0,0,-1.0,0,0,0,639,359
1355,17833,17832037,11108,500,-1,-1,1,545,84.1,0,-1.0,0,0,0,639,359
1356,17844,17843149,11112,500,-1,-1,1,626,84.1,0,-1.0,0,0,0,639,359
1357,17856,17854255,11106,500,-1,-1,1,526,84.3,0,-1.0,0,0,0,639,359
1358,17866,17865438,11183,500,-1,-1,1,528,84.4,0,-1.0,0,0,0,639,359
1359,17877,17876471,11033,500,-1,-1,1,528,84.5,0,-1.0,0,0,0,639,359
1360,17888,17887583,11112,500,-1,-1,1,527,84.7,1,-1.0,0,0,0,639,359
1361,17900,17898694,11111,500,-1,-1,1,535,84.8,0,-1.0,0,0,0,639,359
1362,17911,17909800,11106,500,-1,-1,1,528,84.9,0,-1.0,0,0,0,639,359
1363,17922,17920908,11108,500,-1,-1,1,528,85.0,0,-1.0,0,0,0,639,359
1364,17933,17932055,11147,500,-1,-1,1,530,85.1,0,-1.0,0,0,0,639,359
1365,17944,17943125,11070,500,-1,-1,1,528,85.2,0,-1.0,0,0,0,639,359
1366,17955,17954236,11111,500,-1,-1,1,526,85.2,0,-1.0,0,0,0,639,359
1367,17966,17965346,11110,500,-1,-1,1,525,85.3,0,-1.0,0,0,0,639,359
1368,17977,17976455,11109,500,-1,-1,1,524,85.4,0,-1.0,0,0,0,639,359
1369,17988,17987562,11107,500,-1,-1,1,525,85.5,1,-1.0,0,0,0,639,359
1370,18000,17998677,11115,500,-1,-1,1,544,85.5,0,-1.0,0,0,0,639,359
1371,18011,18009785,11108,500,-1,-1,1,545,85.6,0,-1.0,0,0,0,639,359
1372,18022,18020893,11108,500,-1,-1,1,527,85.7,0,-1.0,0,0,0,639,359
1373,18033,18032063,11170,500,-1,-1,1,526,85.8,0,-1.0,0,0,0,639,359
1374,18044,18043112,11049,500,-1,-1,1,526,85.8,0,-1.0,0,0,0,639,359
1375,18055,18054221,11109,500,-1,-1,1,526,85.8,0,-1.0,0,0,0,639,359
1376,18066,18065331,11110,500,-1,-1,1,527,85.9,0,-1.0,0,0,0,639,359
1377,18077,18076438,11107,500,-1,-1,1,526,86.0,0,-1.0,0,0,0,639,359
1378,18089,18087547,11109,500,-1,-1,1,525,86.0,1,-1.0,0,0,0,639,359
1379,18099,18098660,11113,500,-1,-1,1,546,86.1,0,-1.0,0,0,0,639,359
1380,18111,18109769,11109,500,-1,-1,1,546,86.2,0,-1.0,0,0,0,639,359
1381,18122,18120875,11106,500,-1,-1,1,526,86.2,0,-1.0,0,0,0,639,359
1382,18133,18132072,11197,500,-1,-1,1,527,86.2,0,-1.0,0,0,0,639,359
1383,18144,18143091,11019,500,-1,-1,1,525,86.4,0,-1.0,0,0,0,639,359
1384,18155,18154202,11111,500,-1,-1,1,527,86.3,0,-1.0,0,0,0,639,359
1385,18166,18165309,11107,500,-1,-1,1,527,86.4,0,-1.0,0,0,0,639,359
1386,18177,18176422,11113,500,-1,-1,1,527,86.4,0,-1.0,0,0,0,639,359
1387,18188,18187529,11107,500,-1,-1,1,527,86.5,1,-1.0,0,0,0,639,359
1388,18199,18198643,11114,500,-1,-1,1,545,86.6,0,-1.0,0,0,0,639,359
1389,18211,18209750,11107,500,-1,-1,1,544,86.6,0,-1.0,0,0,0,639,359
1390,18222,18220859,11109,500,-1,-1,1,526,86.7,0,-1.0,0,0,0,639,359
1391,18233,18231969,11110,500,-1,-1,1,526,86.7,0,-1.0,0,0,0,639,359
1392,18244,18243076,11107,500,-1,-1,1,528,86.8,0,-1.0,0,0,0,639,359
1393,18255,18254185,11109,500,-1,-1,1,525,86.7,0,-1.0,0,0,0,639,359
1394,18266,18265295,11110,500,-1,-1,1,523,86.8,0,-1.0,0,0,0,639,359
1395,18277,18276402,11107,500,-1,-1,1,525,86.8,0,-1.0,0,0,0,639,359
1396,18288,18287512,11110,500,-1,-1,1,526,86.9,1,-1.0,0,0,0,639,359
1397,18299,18298628,11116,500,-1,-1,1,551,86.9,0,-1.0,0,0,0,639,359
1398,18311,18309733,11105,500,-1,-1,1,538,87.0,0,-1.0,0,0,0,639,359
1399,18322,18320838,11105,500,-1,-1,1,544,87.0,0,-1.0,0,0,0,639,359
1400,18340,18331951,11113,500,-1,-1,1,643,52.6,0,-1.0,0,0,0,639,359
1401,18344,18343050,11099,500,-1,-1,1,527,90.9,0,-1.0,0,0,0,639,359
1402,18355,18354167,11117,500,-1,-1,1,527,88.2,0,-1.0,0,0,0,639,359
1403,18366,18365277,11110,500,-1,-1,1,527,88.9,0,-1.0,0,0,0,639,359
1404,18377,18376384,11107,500,-1,-1,1,526,89.3,0,-1.0,0,0,0,639,359
1405,18388,18387493,11109,500,-1,-1,1,527,89.6,1,-1.0,0,0,0,639,359
1406,18400,18398610,11117,500,-1,-1,1,644,89.7,0,-1.0,0,0,0,639,359
1407,18411,18409716,11106,500,-1,-1,1,547,89.9,0,-1.0,0,0,0,639,359
1408,18422,18420828,11112,500,-1,-1,1,525,90.0,0,-1.0,0,0,0,639,359
1409,18433,18431934,11106,500,-1,-1,1,524,90.1,0,-1.0,0,0,0,639,359
1410,18444,18443040,11106,500,-1,-1,1,527,89.4,0,-1.0,0,0,0,639,359
1411,18455,18454148,11108,500,-1,-1,1,525,90.2,0,-1.0,0,0,0,639,359
1412,18466,18465259,11111,500,-1,-1,1,525,89.7,0,-1.0,0,0,0,639,359
1413,18477,18476366,11107,500,-1,-1,1,526,89.7,0,-1.0,0,0,0,639,359
1414,18488,18487475,11109,500,-1,-1,1,527,89.8,1,-1.0,0,0,0,639,359
1415,18499,18498592,11117,500,-1,-1,1,534,89.9,0,-1.0,0,0,0,639,359
1416,18511,18509700,11108,500,-1,-1,1,532,89.9,0,-1.0,0,0,0,639,359
1417,18522,18520802,11102,500,-1,-1,1,528,90.0,0,-1.0,0,0,0,639,359
1418,18533,18531915,11113,500,-1,-1,1,525,90.0,0,-1.0,0,0,0,639,359
1419,18544,18543024,11109,500,-1,-1,1,525,90.1,0,-1.0,0,0,0,639,359
1420,18555,18554137,11113,500,-1,-1,1,523,90.1,0,-1.0,0,0,0,639,359
1421,18566,18565240,11103,500,-1,-1,1,524,89.8,0,-1.0,0,0,0,639,359
1422,18577,18576355,11115,500,-1,-1,1,529,89.8,0,-1.0,0,0,0,639,359
1423,18588,18587461,11106,500,-1,-1,1,526,89.9,1,-1.0,0,0,0,639,359
1424,18599,18598572,11111,500,-1,-1,1,546,89.9,0,-1.0,0,0,0,639,359
1425,18610,18609681,11109,500,-1,-1,1,538,90.0,0,-1.0,0,0,0,639,359
1426,18622,18620790,11109,500,-1,-1,1,528,90.0,0,-1.0,0,0,0,639,359
1427,18633,18631927,11137,500,-1,-1,1,527,90.0,0,-1.0,0,0,0,639,359
1428,18644,18643006,11079,500,-1,-1,1,528,90.1,0,-1.0,0,0,0,639,359
1429,18655,18654117,11111,500,-1,-1,1,526,90.1,0,-1.0,0,0,0,639,359
1430,18666,18665228,11111,500,-1,-1,1,527,89.9,0,-1.0,0,0,0,639,359
1431,18677,18676334,11106,500,-1,-1,1,525,89.9,0,-1.0,0,0,0,639,359
1432,18688,18687446,11112,500,-1,-1,1,525,89.9,1,-1.0,0,0,0,639,359
1433,18699,18698557,11111,500,-1,-1,1,546,89.9,0,-1.0,0,0,0,639,359
1434,18711,18709664,11107,500,-1,-1,1,538,90.0,0,-1.0,0,0,0,639,359
1435,18722,18720773,11109,500,-1,-1,1,527,90.0,0,-1.0,0,0,0,639,359
1436,18733,18731940,11167,500,-1,-1,1,526,90.0,0,-1.0,0,0,0,639,359
1437,18744,18742988,11048,500,-1,-1,1,526,90.0,0,-1.0,0,0,0,639,359
1438,18755,18754103,11115,500,-1,-1,1,528,89.9,0,-1.0,0,0,0,639,359
1439,18766,18765207,11104,500,-1,-1,1,527,89.9,0,-1.0,0,0,0,639,359
1440,18825,18776317,11110,500,-1,-1,1,609,81.3,0,-1.0,0,0,0,639,359
1441,18826,18820737,44420,500,-1,-1,1,598,83.2,1,-1.0,0,0,0,639,359
1442,18833,18831875,11138,500,-1,-1,1,527,84.1,0,-1.0,0,0,0,639,359
1443,18844,18842975,11100,500,-1,-1,1,526,84.3,0,-1.0,0,0,0,639,359
1444,18855,18854194,11219,500,-1,-1,1,633,84.3,0,-1.0,0,0,0,639,359
1445,18866,18865194,11000,500,-1,-1,1,540,84.4,0,-1.0,0,0,0,639,359
1446,18877,18876300,11106,500,-1,-1,1,528,84.5,0,-1.0,0,0,0,639,359
1447,18888,18887412,11112,500,-1,-1,1,527,84.7,0,-1.0,0,0,0,639,359
1448,18899,18898518,11106,500,-1,-1,1,527,84.8,0,-1.0,0,0,0,639,359
1449,18910,18909627,11109,500,-1,-1,1,529,84.9,0,-1.0,0,0,0,639,359
1450,18922,18920733,11106,500,-1,-1,1,525,85.0,1,-1.0,0,0,0,639,359
1451,18933,18931852,11119,500,-1,-1,1,547,85.1,0,-1.0,0,0,0,639,359
1452,18944,18942956,11104,500,-1,-1,1,547,85.2,0,-1.0,0,0,0,639,359
1453,18955,18954068,11112,500,-1,-1,1,527,85.2,0,-1.0,0,0,0,639,359
1454,18966,18965175,11107,500,-1,-1,1,526,85.3,0,-1.0,0,0,0,639,359
1455,18977,18976282,11107,500,-1,-1,1,528,85.4,0,-1.0,0,0,0,639,359
1456,18988,18987395,11113,500,-1,-1,1,526,85.5,0,-1.0,0,0,0,639,359
1457,18999,18998502,11107,500,-1,-1,1,527,85.5,0,-1.0,0,0,0,639,359
1458,19010,19009607,11105,500,-1,-1,1,525,85.6,0,-1.0,0,0,0,639,359
1459,19022,19020719,11112,500,-1,-1,1,535,85.7,1,-1.0,0,0,0,639,359
1460,19033,19031834,11115,500,-1,-1,1,545,85.8,0,-1.0,0,0,0,639,359
1461,19044,19042941,11107,500,-1,-1,1,545,85.9,0,-1.0,0,0,0,639,359
1462,19055,19054054,11113,500,-1,-1,1,525,85.9,0,-1.0,0,0,0,639,359
1463,19066,19065159,11105,500,-1,-1,1,525,85.9,0,-1.0,0,0,0,639,359
1464,19077,19076267,11108,500,-1,-1,1,525,86.0,0,-1.0,0,0,0,639,359
1465,19088,19087373,11106,500,-1,-1,1,526,86.0,0,-1.0,0,0,0,639,359
1466,19099,19098482,11109,500,-1,-1,1,527,86.1,0,-1.0,0,0,0,639,359
1467,19111,19109593,11111,500,-1,-1,1,525,86.2,0,-1.0,0,0,0,639,359
1468,19122,19120699,11106,500,-1,-1,1,527,86.2,1,-1.0,0,0,0,639,359
1469,19133,19131888,11189,500,-1,-1,1,548,86.3,0,-1.0,0,0,0,639,359
1470,19144,19142918,11030,500,-1,-1,1,547,86.4,0,-1.0,0,0,0,639,359
1471,19155,19154030,11112,500,-1,-1,1,525,86.3,0,-1.0,0,0,0,639,359
1472,19166,19165139,11109,500,-1,-1,1,532,86.4,0,-1.0,0,0,0,639,359
1473,19177,19176247,11108,500,-1,-1,1,527,86.4,0,-1.0,0,0,0,639,359
1474,19188,19187353,11106,500,-1,-1,1,525,86.5,0,-1.0,0,0,0,639,359
1475,19199,19198469,11116,500,-1,-1,1,525,86.6,0,-1.0,0,0,0,639,359
1476,19210,19209576,11107,500,-1,-1,1,524,86.6,0,-1.0,0,0,0,639,359
1477,19221,19220687,11111,500,-1,-1,1,524,86.7,1,-1.0,0,0,0,639,359
1478,19233,19231797,11110,500,-1,-1,1,547,86.7,0,-1.0,0,0,0,639,359
1479,19244,19242906,11109,500,-1,-1,1,535,86.8,0,-1.0,0,0,0,639,359
1480,19255,19254016,11110,500,-1,-1,1,527,86.7,0,-1.0,0,0,0,639,359
1481,19266,19265122,11106,500,-1,-1,1,526,86.9,0,-1.0,0,0,0,639,359
1482,19277,19276230,11108,500,-1,-1,1,525,86.8,0,-1.0,0,0,0,639,359
1483,19288,19287339,11109,500,-1,-1,1,525,86.9,0,-1.0,0,0,0,639,359
1484,19299,19298449,11110,500,-1,-1,1,525,86.9,0,-1.0,0,0,0,639,359
1485,19310,19309561,11112,500,-1,-1,1,525,87.0,0,-1.0,0,0,0,639,359
1486,19321,19320668,11107,500,-1,-1,1,525,87.0,1,-1.0,0,0,0,639,359
1487,19371,19365095,44427,500,-1,-1,1,566,20.4,0,-1.0,0,0,0,639,359
1488,19377,19376221,11126,500,-1,-1,1,527,36.4,0,-1.0,0,0,0,639,359
1489,19388,19387324,11103,500,-1,-1,1,527,45.5,0,-1.0,0,0,0,639,359
1490,19399,19398435,11111,500,-1,-1,1,525,51.9,0,-1.0,0,0,0,639,359
1491,19410,19409536,11101,500,-1,-1,1,526,56.8,0,-1.0,0,0,0,639,359
1492,19422,19420653,11117,500,-1,-1,1,528,60.6,0,-1.0,0,0,0,639,359
1493,19433,19431764,11111,500,-1,-1,1,527,63.6,0,-1.0,0,0,0,639,359
1494,19444,19442869,11105,500,-1,-1,1,524,66.1,0,-1.0,0,0,0,639,359
1495,19455,19453978,11109,500,-1,-1,1,524,68.2,1,-1.0,0,0,0,639,359
1496,19466,19465092,11114,500,-1,-1,1,545,69.4,0,-1.0,0,0,0,639,359
1497,19477,19476197,11105,500,-1,-1,1,544,71.0,0,-1.0,0,0,0,639,359
1498,19488,19487309,11112,500,-1,-1,1,526,72.3,0,-1.0,0,0,0,639,359
1499,19499,19498419,11110,500,-1,-1,1,524,73.4,0,-1.0,0,0,0,639,359
1500,19510,19509524,11105,500,-1,-1,1,526,74.5,0,-1.0,0,0,0,639,359
1501,19521,19520633,11109,500,-1,-1,1,528,75.4,0,-1.0,0,0,0,639,359
1502,19533,19531744,11111,500,-1,-1,1,528,76.2,0,-1.0,0,0,0,639,359
1503,19544,19542850,11106,500,-1,-1,1,526,76.9,0,-1.0,0,0,0,639,359
1504,19555,19553961,11111,500,-1,-1,1,525,77.6,1,-1.0,0,0,0,639,359
1505,19566,19565075,11114,500,-1,-1,1,546,78.2,0,-1.0,0,0,0,639,359
1506,19577,19576179,11104,500,-1,-1,1,548,78.4,0,-1.0,0,0,0,639,359
1507,19588,19587289,11110,500,-1,-1,1,575,78.9,0,-1.0,0,0,0,639,359
1508,19599,19598401,11112,500,-1,-1,1,524,79.4,0,-1.0,0,0,0,639,359
1509,19610,19609505,11104,500,-1,-1,1,524,79.9,0,-1.0,0,0,0,639,359
1510,19621,19620618,11113,500,-1,-1,1,526,80.3,0,-1.0,0,0,0,639,359
1511,19633,19631724,11106,500,-1,-1,1,527,80.6,0,-1.0,0,0,0,639,359
1512,19644,19642836,11112,500,-1,-1,1,530,81.0,0,-1.0,0,0,0,639,359
1513,19655,19653941,11105,500,-1,-1,1,527,81.3,1,-1.0,0,0,0,639,359
1514,19666,19665059,11118,500,-1,-1,1,541,81.6,0,-1.0,0,0,0,639,359
1515,19677,19676164,11105,500,-1,-1,1,544,81.7,0,-1.0,0,0,0,639,359
1516,19688,19687274,11110,500,-1,-1,1,574,82.0,0,-1.0,0,0,0,639,359
1517,19699,19698383,11109,500,-1,-1,1,528,82.2,0,-1.0,0,0,0,639,359
1518,19710,19709493,11110,500,-1,-1,1,528,82.5,0,-1.0,0,0,0,639,359
1519,19721,19720596,11103,500,-1,-1,1,525,82.7,0,-1.0,0,0,0,639,359
1520,19733,19731710,11114,500,-1,-1,1,529,82.9,0,-1.0,0,0,0,639,359
1521,19744,19742817,11107,500,-1,-1,1,524,83.1,0,-1.0,0,0,0,639,359
1522,19755,19753928,11111,500,-1,-1,1,526,83.3,1,-1.0,0,0,0,639,359
1523,19766,19765040,11112,500,-1,-1,1,547,83.5,0,-1.0,0,0,0,639,359
1524,19777,19776148,11108,500,-1,-1,1,537,83.5,0,-1.0,0,0,0,639,359
1525,19788,19787255,11107,500,-1,-1,1,564,83.7,0,-1.0,0,0,0,639,359
1526,19799,19798485,11230,500,-1,-1,1,525,83.9,0,-1.0,0,0,0,639,359
1527,19810,19809473,10988,500,-1,-1,1,525,84.0,0,-1.0,0,0,0,639,359
1528,19822,19820584,11111,500,-1,-1,1,527,84.2,0,-1.0,0,0,0,639,359
1529,19833,19831690,11106,500,-1,-1,1,527,84.3,0,-1.0,0,0,0,639,359
1530,19894,19842801,11111,500,-1,-1,1,1186,76.8,0,-1.0,0,0,0,639,359
1531,19896,19887223,44422,500,-1,-1,1,608,78.5,1,-1.0,0,0,0,639,359
1532,19899,19898356,11133,500,-1,-1,1,524,79.7,0,-1.0,0,0,0,639,359
1533,19910,19909461,11105,500,-1,-1,1,525,79.9,0,-1.0,0,0,0,639,359
1534,19921,19920560,11099,500,-1,-1,1,527,80.1,0,-1.0,0,0,0,639,359
1535,19933,19931680,11120,500,-1,-1,1,609,80.3,0,-1.0,0,0,0,639,359
1536,19944,19942789,11109,500,-1,-1,1,544,80.5,0,-1.0,0,0,0,639,359
1537,19955,19953898,11109,500,-1,-1,1,532,80.7,0,-1.0,0,0,0,639,359
1538,19966,19965001,11103,500,-1,-1,1,525,80.9,0,-1.0,0,0,0,639,359
1539,19977,19976113,11112,500,-1,-1,1,532,81.0,0,-1.0,0,0,0,639,359
1540,19988,19987219,11106,500,-1,-1,1,527,81.1,1,-1.0,0,0,0,639,359
1541,19999,19998335,11116,500,-1,-1,1,529,81.2,0,-1.0,0,0,0,639,359
1542,20010,20009441,11106,500,-1,-1,1,530,81.4,0,-1.0,0,0,0,639,359
1543,20021,20020551,11110,500,-1,-1,1,526,81.5,0,-1.0,0,0,0,639,359
1544,20033,20031762,11211,500,-1,-1,1,525,81.7,0,-1.0,0,0,0,639,359
1545,20044,20042767,11005,500,-1,-1,1,527,81.8,0,-1.0,0,0,0,639,359
1546,20055,20053875,11108,500,-1,-1,1,525,82.0,0,-1.0,0,0,0,639,359
1547,20066,20064985,11110,500,-1,-1,1,525,82.1,0,-1.0,0,0,0,639,359
1548,20077,20076094,11109,500,-1,-1,1,524,82.2,0,-1.0,0,0,0,639,359
1549,20088,20087201,11107,500,-1,-1,1,525,82.2,1,-1.0,0,0,0,639,359
1550,20099,20098320,11119,500,-1,-1,1,546,82.4,0,-1.0,0,0,0,639,359
1551,20110,20109423,11103,500,-1,-1,1,547,82.5,0,-1.0,0,0,0,639,359
1552,20122,20120531,11108,500,-1,-1,1,526,82.6,0,-1.0,0,0,0,639,359
1553,20133,20131639,11108,500,-1,-1,1,606,82.7,0,-1.0,0,0,0,639,359
1554,20144,20142746,11107,500,-1,-1,1,525,82.8,0,-1.0,0,0,0,639,359
1555,20155,20153859,11113,500,-1,-1,1,527,82.9,0,-1.0,0,0,0,639,359
1556,20166,20164965,11106,500,-1,-1,1,526,83.0,0,-1.0,0,0,0,639,359
1557,20177,20176076,11111,500,-1,-1,1,525,83.0,0,-1.0,0,0,0,639,359
1558,20188,20187186,11110,500,-1,-1,1,525,83.1,1,-1.0,0,0,0,639,359
1559,20199,20198301,11115,500,-1,-1,1,544,83.2,0,-1.0,0,0,0,639,359
1560,20210,20209408,11107,500,-1,-1,1,544,83.3,0,-1.0,0,0,0,639,359
1561,20222,20220514,11106,500,-1,-1,1,527,83.4,0,-1.0,0,0,0,639,359
1562,20232,20231621,11107,500,-1,-1,1,599,83.5,0,-1.0,0,0,0,639,359
1563,20244,20242732,11111,500,-1,-1,1,529,83.6,0,-1.0,0,0,0,639,359
1564,20255,20253841,11109,500,-1,-1,1,528,83.7,0,-1.0,0,0,0,639,359
1565,20266,20264951,11110,500,-1,-1,1,525,83.8,0,-1.0,0,0,0,639,359
1566,20277,20276060,11109,500,-1,-1,1,525,83.9,0,-1.0,0,0,0,639,359
1567,20288,20287171,11111,500,-1,-1,1,525,83.9,1,-1.0,0,0,0,639,359
1568,20299,20298282,11111,500,-1,-1,1,528,83.9,0,-1.0,0,0,0,639,359
1569,20310,20309390,11108,500,-1,-1,1,547,84.0,0,-1.0,0,0,0,639,359
1570,20322,20320500,11110,500,-1,-1,1,527,84.1,0,-1.0,0,0,0,639,359
1571,20332,20331607,11107,500,-1,-1,1,535,84.2,0,-1.0,0,0,0,639,359
1572,20344,20342717,11110,500,-1,-1,1,525,90.9,0,-1.0,0,0,0,639,359
1573,20355,20353827,11110,500,-1,-1,1,528,90.9,0,-1.0,0,0,0,639,359
1574,20366,20364932,11105,500,-1,-1,1,528,90.9,0,-1.0,0,0,0,639,359
1575,20377,20376042,11110,500,-1,-1,1,527,90.9,0,-1.0,0,0,0,639,359
1576,20388,20387153,11111,500,-1,-1,1,526,90.9,1,-1.0,0,0,0,639,359
1577,20399,20398263,11110,500,-1,-1,1,547,89.6,0,-1.0,0,0,0,639,359
1578,20410,20409373,11110,500,-1,-1,1,531,89.7,0,-1.0,0,0,0,639,359
1579,20422,20420483,11110,500,-1,-1,1,525,89.9,0,-1.0,0,0,0,639,359
1580,20432,20431587,11104,500,-1,-1,1,526,90.0,0,-1.0,0,0,0,639,359
1581,20444,20442700,11113,500,-1,-1,1,527,90.1,0,-1.0,0,0,0,639,359
1582,20455,20453805,11105,500,-1,-1,1,527,90.2,0,-1.0,0,0,0,639,359
1583,20466,20464920,11115,500,-1,-1,1,524,90.2,0,-1.0,0,0,0,639,359
1584,20477,20476027,11107,500,-1,-1,1,524,90.3,0,-1.0,0,0,0,639,359
1585,20488,20487134,11107,500,-1,-1,1,525,89.7,1,-1.0,0,0,0,639,359
1586,20499,20498249,11115,500,-1,-1,1,547,89.8,0,-1.0,0,0,0,639,359
1587,20510,20509357,11108,500,-1,-1,1,545,89.9,0,-1.0,0,0,0,639,359
1588,20521,20520461,11104,500,-1,-1,1,529,89.9,0,-1.0,0,0,0,639,359
1589,20533,20531576,11115,500,-1,-1,1,528,90.0,0,-1.0,0,0,0,639,359
1590,20543,20542682,11106,500,-1,-1,1,524,90.0,0,-1.0,0,0,0,639,359
1591,20555,20553790,11108,500,-1,-1,1,527,90.1,0,-1.0,0,0,0,639,359
1592,20566,20564897,11107,500,-1,-1,1,527,90.1,0,-1.0,0,0,0,639,359
1593,20577,20576009,11112,500,-1,-1,1,528,90.2,0,-1.0,0,0,0,639,359
1594,20588,20587118,11109,500,-1,-1,1,527,90.2,1,-1.0,0,0,0,639,359
1595,20599,20598232,11114,500,-1,-1,1,547,89.9,0,-1.0,0,0,0,639,359
1596,20610,20609338,11106,500,-1,-1,1,546,89.9,0,-1.0,0,0,0,639,359
1597,20622,20620446,11108,500,-1,-1,1,527,90.0,0,-1.0,0,0,0,639,359
1598,20632,20631556,11110,500,-1,-1,1,525,90.0,0,-1.0,0,0,0,639,359
1599,20643,20642664,11108,500,-1,-1,1,524,90.0,0,-1.0,0,0,0,639,359
1600,20655,20653770,11106,500,-1,-1,1,525,90.1,0,-1.0,0,0,0,639,359
1601,20666,20664883,11113,500,-1,-1,1,526,90.1,0,-1.0,0,0,0,639,359
1602,20677,20675987,11104,500,-1,-1,1,524,90.1,0,-1.0,0,0,0,639,359
1603,20688,20687103,11116,500,-1,-1,1,527,90.1,1,-1.0,0,0,0,639,359
1604,20699,20698213,11110,500,-1,-1,1,545,89.9,0,-1.0,0,0,0,639,359
1605,20710,20709324,11111,500,-1,-1,1,530,89.9,0,-1.0,0,0,0,639,359
1606,20722,20720426,11102,500,-1,-1,1,525,90.0,0,-1.0,0,0,0,639,359
1607,20732,20731540,11114,500,-1,-1,1,527,90.0,0,-1.0,0,0,0,639,359
1608,20743,20742643,11103,500,-1,-1,1,526,90.0,0,-1.0,0,0,0,639,359
1609,20755,20753756,11113,500,-1,-1,1,526,90.0,0,-1.0,0,0,0,639,359
1610,20766,20764865,11109,500,-1,-1,1,530,90.1,0,-1.0,0,0,0,639,359
1611,20777,20775976,11111,500,-1,-1,1,525,90.1,0,-1.0,0,0,0,639,359
1612,20788,20787084,11108,500,-1,-1,1,525,90.1,1,-1.0,0,0,0,639,359
1613,20799,20798199,11115,500,-1,-1,1,546,89.9,0,-1.0,0,0,0,639,359
1614,20810,20809302,11103,500,-1,-1,1,544,90.0,0,-1.0,0,0,0,639,359
1615,20822,20820414,11112,500,-1,-1,1,526,90.0,0,-1.0,0,0,0,639,359
1616,20832,20831518,11104,500,-1,-1,1,601,90.0,0,-1.0,0,0,0,639,359
1617,20844,20842632,11114,500,-1,-1,1,524,90.0,0,-1.0,0,0,0,639,359
1618,20855,20853736,11104,500,-1,-1,1,526,90.0,0,-1.0,0,0,0,639,359
1619,20866,20864847,11111,500,-1,-1,1,525,90.1,0,-1.0,0,0,0,639,359
1620,20927,20875955,11108,500,-1,-1,1,1194,82.2,0,-1.0,0,0,0,639,359
1621,20929,20920377,44422,500,-1,-1,1,609,83.9,1,-1.0,0,0,0,639,359
1622,20933,20931522,11145,500,-1,-1,1,527,85.0,0,-1.0,0,0,0,639,359
1623,20943,20942613,11091,500,-1,-1,1,524,85.1,0,-1.0,0,0,0,639,359
1624,20955,20953720,11107,500,-1,-1,1,528,85.2,0,-1.0,0,0,0,639,359
1625,20966,20964831,11111,500,-1,-1,1,526,85.2,0,-1.0,0,0,0,639,359
1626,20977,20975943,11112,500,-1,-1,1,538,85.4,0,-1.0,0,0,0,639,359
1627,20988,20987222,11279,500,-1,-1,1,633,85.4,0,-1.0,0,0,0,639,359
1628,20999,20998160,10938,500,-1,-1,1,635,85.5,0,-1.0,0,0,0,639,359
1629,21010,21009271,11111,500,-1,-1,1,526,85.5,0,-1.0,0,0,0,639,359
1630,21021,21020378,11107,500,-1,-1,1,528,85.6,1,-1.0,0,0,0,639,359
1631,21032,21031488,11110,500,-1,-1,1,547,85.7,0,-1.0,0,0,0,639,359
1632,21043,21042598,11110,500,-1,-1,1,542,85.8,0,-1.0,0,0,0,639,359
1633,21055,21053702,11104,500,-1,-1,1,524,85.9,0,-1.0,0,0,0,639,359
1634,21066,21064814,11112,500,-1,-1,1,609,85.9,0,-1.0,0,0,0,639,359
1635,21077,21075922,11108,500,-1,-1,1,527,86.0,0,-1.0,0,0,0,639,359
1636,21088,21087032,11110,500,-1,-1,1,542,86.1,0,-1.0,0,0,0,639,359
1637,21099,21098143,11111,500,-1,-1,1,527,86.2,0,-1.0,0,0,0,639,359
1638,21110,21109252,11109,500,-1,-1,1,525,86.1,0,-1.0,0,0,0,639,359
1639,21121,21120359,11107,500,-1,-1,1,526,86.2,1,-1.0,0,0,0,639,359
1640,21132,21131476,11117,500,-1,-1,1,545,86.2,0,-1.0,0,0,0,639,359
1641,21143,21142580,11104,500,-1,-1,1,547,86.3,0,-1.0,0,0,0,639,359
1642,21155,21153694,11114,500,-1,-1,1,526,86.3,0,-1.0,0,0,0,639,359
1643,21166,21164796,11102,500,-1,-1,1,526,86.4,0,-1.0,0,0,0,639,359
1644,21177,21175909,11113,500,-1,-1,1,526,86.5,0,-1.0,0,0,0,639,359
1645,21188,21187017,11108,500,-1,-1,1,560,86.5,0,-1.0,0,0,0,639,359
1646,21199,21198126,11109,500,-1,-1,1,524,86.5,0,-1.0,0,0,0,639,359
1647,21210,21209230,11104,500,-1,-1,1,525,86.6,0,-1.0,0,0,0,639,359
1648,21221,21220343,11113,500,-1,-1,1,526,86.6,1,-1.0,0,0,0,639,359
1649,21232,21231456,11113,500,-1,-1,1,542,86.7,0,-1.0,0,0,0,639,359
1650,21244,21242564,11108,500,-1,-1,1,545,86.7,0,-1.0,0,0,0,639,359
1651,21255,21253671,11107,500,-1,-1,1,525,86.7,0,-1.0,0,0,0,639,359
1652,21266,21264781,11110,500,-1,-1,1,611,86.8,0,-1.0,0,0,0,639,359
1653,21277,21275889,11108,500,-1,-1,1,528,86.9,0,-1.0,0,0,0,639,359
1654,21288,21286995,11106,500,-1,-1,1,527,86.9,0,-1.0,0,0,0,639,359
1655,21299,21298105,11110,500,-1,-1,1,527,87.0,0,-1.0,0,0,0,639,359
1656,21310,21309217,11112,500,-1,-1,1,526,86.9,0,-1.0,0,0,0,639,359
1657,21321,21320324,11107,500,-1,-1,1,527,87.0,1,-1.0,0,0,0,639,359
1658,21332,21331439,11115,500,-1,-1,1,545,87.0,0,-1.0,0,0,0,639,359
1659,21372,21364756,33317,500,-1,-1,1,561,25.6,0,-1.0,0,0,0,639,359
1660,21377,21375883,11127,500,-1,-1,1,524,45.5,0,-1.0,0,0,0,639,359
1661,21388,21386983,11100,500,-1,-1,1,526,54.5,0,-1.0,0,0,0,639,359
1662,21399,21398096,11113,500,-1,-1,1,526,60.6,0,-1.0,0,0,0,639,359
1663,21410,21409198,11102,500,-1,-1,1,525,64.1,0,-1.0,0,0,0,639,359
1664,21421,21420308,11110,500,-1,-1,1,529,67.4,0,-1.0,0,0,0,639,359
1665,21432,21431416,11108,500,-1,-1,1,526,70.0,0,-1.0,0,0,0,639,359
1666,21443,21442523,11107,500,-1,-1,1,527,72.1,1,-1.0,0,0,0,639,359
1667,21454,21453638,11115,500,-1,-1,1,533,73.8,0,-1.0,0,0,0,639,359
1668,21466,21464747,11109,500,-1,-1,1,546,75.2,0,-1.0,0,0,0,639,359
1669,21477,21475858,11111,500,-1,-1,1,525,75.9,0,-1.0,0,0,0,639,359
1670,21488,21486965,11107,500,-1,-1,1,525,77.4,0,-1.0,0,0,0,639,359
1671,21499,21498070,11105,500,-1,-1,1,525,78.3,0,-1.0,0,0,0,639,359
1672,21510,21509180,11110,500,-1,-1,1,526,78.7,0,-1.0,0,0,0,639,359
1673,21521,21520288,11108,500,-1,-1,1,526,79.4,0,-1.0,0,0,0,639,359
1674,21532,21531403,11115,500,-1,-1,1,525,80.0,0,-1.0,0,0,0,639,359
1675,21543,21542507,11104,500,-1,-1,1,525,80.6,1,-1.0,0,0,0,639,359
1676,21555,21553625,11118,500,-1,-1,1,543,81.1,0,-1.0,0,0,0,639,359
1677,21566,21564733,11108,500,-1,-1,1,545,81.5,0,-1.0,0,0,0,639,359
1678,21577,21575839,11106,500,-1,-1,1,524,82.0,0,-1.0,0,0,0,639,359
1679,21588,21586948,11109,500,-1,-1,1,538,82.4,0,-1.0,0,0,0,639,359
1680,21599,21598057,11109,500,-1,-1,1,527,82.4,0,-1.0,0,0,0,639,359
1681,21610,21609162,11105,500,-1,-1,1,525,83.0,0,-1.0,0,0,0,639,359
1682,21621,21620277,11115,500,-1,-1,1,528,83.0,0,-1.0,0,0,0,639,359
1683,21632,21631382,11105,500,-1,-1,1,527,83.3,0,-1.0,0,0,0,639,359
1684,21643,21642494,11112,500,-1,-1,1,524,83.6,1,-1.0,0,0,0,639,359
1685,21654,21653602,11108,500,-1,-1,1,545,83.9,0,-1.0,0,0,0,639,359
1686,21666,21664714,11112,500,-1,-1,1,543,84.1,0,-1.0,0,0,0,639,359
1687,21677,21675820,11106,500,-1,-1,1,525,84.1,0,-1.0,0,0,0,639,359
1688,21688,21686934,11114,500,-1,-1,1,525,84.3,0,-1.0,0,0,0,639,359
1689,21699,21698038,11104,500,-1,-1,1,528,84.7,0,-1.0,0,0,0,639,359
1690,21710,21709149,11111,500,-1,-1,1,526,84.9,0,-1.0,0,0,0,639,359
1691,21721,21720255,11106,500,-1,-1,1,527,84.8,0,-1.0,0,0,0,639,359
1692,21732,21731367,11112,500,-1,-1,1,528,85.0,0,-1.0,0,0,0,639,359
1693,21743,21742476,11109,500,-1,-1,1,532,85.2,1,-1.0,0,0,0,639,359
1694,21754,21753591,11115,500,-1,-1,1,548,85.3,0,-1.0,0,0,0,639,359
1695,21766,21764696,11105,500,-1,-1,1,546,85.5,0,-1.0,0,0,0,639,359
1696,21777,21775808,11112,500,-1,-1,1,527,85.4,0,-1.0,0,0,0,639,359
1697,21788,21786913,11105,500,-1,-1,1,524,85.7,0,-1.0,0,0,0,639,359
1698,21799,21798022,11109,500,-1,-1,1,525,85.8,0,-1.0,0,0,0,639,359
1699,21810,21809131,11109,500,-1,-1,1,529,86.0,0,-1.0,0,0,0,639,359
1700,21821,21820240,11109,500,-1,-1,1,528,85.9,0,-1.0,0,0,0,639,359
1701,21832,21831349,11109,500,-1,-1,1,527,86.0,0,-1.0,0,0,0,639,359
1702,21843,21842458,11109,500,-1,-1,1,527,86.1,1,-1.0,0,0,0,639,359
1703,21854,21853568,11110,500,-1,-1,1,548,86.2,0,-1.0,0,0,0,639,359
1704,21866,21864677,11109,500,-1,-1,1,547,86.3,0,-1.0,0,0,0,639,359
1705,21877,21875790,11113,500,-1,-1,1,525,86.2,0,-1.0,0,0,0,639,359
1706,21888,21886900,11110,500,-1,-1,1,529,86.5,0,-1.0,0,0,0,639,359
1707,21899,21898005,11105,500,-1,-1,1,525,86.6,0,-1.0,0,0,0,639,359
1708,21910,21909115,11110,500,-1,-1,1,527,86.5,0,-1.0,0,0,0,639,359
1709,21921,21920222,11107,500,-1,-1,1,530,86.6,0,-1.0,0,0,0,639,359
1710,21988,21931332,11110,500,-1,-1,1,525,79.3,0,-1.0,0,0,0,639,359
1711,21989,21986872,55540,500,-1,-1,1,523,80.7,1,-1.0,0,0,0,639,359
1712,21999,21997994,11122,500,-1,-1,1,525,81.0,0,-1.0,0,0,0,639,359
1713,22010,22009096,11102,500,-1,-1,1,525,81.2,0,-1.0,0,0,0,639,359
1714,22021,22020206,11110,500,-1,-1,1,524,81.3,0,-1.0,0,0,0,639,359
1715,22033,22031317,11111,500,-1,-1,1,524,81.4,0,-1.0,0,0,0,639,359
1716,22043,22042428,11111,500,-1,-1,1,645,81.6,0,-1.0,0,0,0,639,359
1717,22054,22053534,11106,500,-1,-1,1,632,81.7,0,-1.0,0,0,0,639,359
1718,22065,22064648,11114,500,-1,-1,1,625,81.9,0,-1.0,0,0,0,639,359
1719,22077,22075752,11104,500,-1,-1,1,528,82.0,0,-1.0,0,0,0,639,359
1720,22088,22086862,11110,500,-1,-1,1,527,82.1,1,-1.0,0,0,0,639,359
1721,22099,22097975,11113,500,-1,-1,1,532,82.2,0,-1.0,0,0,0,639,359
1722,22110,22109081,11106,500,-1,-1,1,530,82.4,0,-1.0,0,0,0,639,359
1723,22122,22120189,11108,500,-1,-1,1,526,82.4,0,-1.0,0,0,0,639,359
1724,22132,22131299,11110,500,-1,-1,1,525,82.5,0,-1.0,0,0,0,639,359
1725,22143,22142406,11107,500,-1,-1,1,531,82.6,0,-1.0,0,0,0,639,359
1726,22154,22153515,11109,500,-1,-1,1,527,82.7,0,-1.0,0,0,0,639,359
1727,22165,22164624,11109,500,-1,-1,1,525,82.8,0,-1.0,0,0,0,639,359
1728,22177,22175735,11111,500,-1,-1,1,524,82.9,0,-1.0,0,0,0,639,359
1729,22188,22186848,11113,500,-1,-1,1,525,83.0,1,-1.0,0,0,0,639,359
1730,22199,22197962,11114,500,-1,-1,1,546,83.1,0,-1.0,0,0,0,639,359
1731,22210,22209064,11102,500,-1,-1,1,545,83.2,0,-1.0,0,0,0,639,359
1732,22222,22220175,11111,500,-1,-1,1,526,83.2,0,-1.0,0,0,0,639,359
1733,22233,22231281,11106,500,-1,-1,1,524,83.3,0,-1.0,0,0,0,639,359
1734,22243,22242391,11110,500,-1,-1,1,527,83.4,0,-1.0,0,0,0,639,359
1735,22254,22253495,11104,500,-1,-1,1,528,83.5,0,-1.0,0,0,0,639,359
1736,22266,22264605,11110,500,-1,-1,1,527,83.6,0,-1.0,0,0,0,639,359
1737,22277,22275716,11111,500,-1,-1,1,528,83.7,0,-1.0,0,0,0,639,359
1738,22288,22286827,11111,500,-1,-1,1,528,83.8,1,-1.0,0,0,0,639,359
1739,22299,22297941,11114,500,-1,-1,1,545,83.9,0,-1.0,0,0,0,639,359
1740,22310,22309050,11109,500,-1,-1,1,545,83.8,0,-1.0,0,0,0,639,359
1741,22322,22320156,11106,500,-1,-1,1,526,83.9,0,-1.0,0,0,0,639,359
1742,22332,22331266,11110,500,-1,-1,1,528,84.0,0,-1.0,0,0,0,639,359
1743,22343,22342370,11104,500,-1,-1,1,527,90.9,0,-1.0,0,0,0,639,359
1744,22354,22353480,11110,500,-1,-1,1,527,90.9,0,-1.0,0,0,0,639,359
1745,22365,22364591,11111,500,-1,-1,1,526,90.9,0,-1.0,0,0,0,639,359
1746,22376,22375702,11111,500,-1,-1,1,527,90.9,0,-1.0,0,0,0,639,359
1747,22388,22386809,11107,500,-1,-1,1,525,90.9,1,-1.0,0,0,0,639,359
1748,22399,22397922,11113,500,-1,-1,1,544,90.9,0,-1.0,0,0,0,639,359
1749,22410,22409030,11108,500,-1,-1,1,545,90.9,0,-1.0,0,0,0,639,359
1750,22422,22420142,11112,500,-1,-1,1,526,89.9,0,-1.0,0,0,0,639,359
1751,22432,22431248,11106,500,-1,-1,1,593,90.0,0,-1.0,0,0,0,639,359
1752,22443,22442359,11111,500,-1,-1,1,530,90.1,0,-1.0,0,0,0,639,359
1753,22454,22453464,11105,500,-1,-1,1,526,90.2,0,-1.0,0,0,0,639,359
1754,22465,22464575,11111,500,-1,-1,1,524,90.2,0,-1.0,0,0,0,639,359
1755,22476,22475680,11105,500,-1,-1,1,531,90.3,0,-1.0,0,0,0,639,359
1756,22488,22486792,11112,500,-1,-1,1,524,90.3,1,-1.0,0,0,0,639,359
1757,22499,22497907,11115,500,-1,-1,1,535,90.4,0,-1.0,0,0,0,639,359
1758,22510,22509013,11106,500,-1,-1,1,530,90.4,0,-1.0,0,0,0,639,359
1759,22521,22520122,11109,500,-1,-1,1,526,89.9,0,-1.0,0,0,0,639,359
1760,22532,22531230,11108,500,-1,-1,1,610,90.0,0,-1.0,0,0,0,639,359
1761,22543,22542339,11109,500,-1,-1,1,526,90.0,0,-1.0,0,0,0,639,359
1762,22554,22553446,11107,500,-1,-1,1,523,90.1,0,-1.0,0,0,0,639,359
1763,22565,22564556,11110,500,-1,-1,1,526,90.1,0,-1.0,0,0,0,639,359
1764,22577,22575662,11106,500,-1,-1,1,528,90.2,0,-1.0,0,0,0,639,359
1765,22588,22586779,11117,500,-1,-1,1,525,90.2,1,-1.0,0,0,0,639,359
1766,22599,22597889,11110,500,-1,-1,1,546,90.2,0,-1.0,0,0,0,639,359
1767,22610,22608995,11106,500,-1,-1,1,545,90.3,0,-1.0,0,0,0,639,359
1768,22622,22620107,11112,500,-1,-1,1,526,90.0,0,-1.0,0,0,0,639,359
1769,22632,22631211,11104,500,-1,-1,1,525,90.0,0,-1.0,0,0,0,639,359
1770,22643,22642326,11115,500,-1,-1,1,527,90.0,0,-1.0,0,0,0,639,359
1771,22654,22653430,11104,500,-1,-1,1,526,90.1,0,-1.0,0,0,0,639,359
1772,22665,22664539,11109,500,-1,-1,1,523,90.1,0,-1.0,0,0,0,639,359
1773,22676,22675647,11108,500,-1,-1,1,525,90.1,0,-1.0,0,0,0,639,359
1774,22688,22686759,11112,500,-1,-1,1,525,90.1,1,-1.0,0,0,0,639,359
1775,22699,22697872,11113,500,-1,-1,1,545,90.2,0,-1.0,0,0,0,639,359
1776,22710,22708975,11103,500,-1,-1,1,546,90.2,0,-1.0,0,0,0,639,359
1777,22721,22720088,11113,500,-1,-1,1,524,90.0,0,-1.0,0,0,0,639,359
1778,22733,22731196,11108,500,-1,-1,1,526,90.0,0,-1.0,0,0,0,639,359
1779,22743,22742305,11109,500,-1,-1,1,528,90.0,0,-1.0,0,0,0,639,359
1780,22754,22753412,11107,500,-1,-1,1,526,90.0,0,-1.0,0,0,0,639,359
1781,22765,22764523,11111,500,-1,-1,1,527,90.1,0,-1.0,0,0,0,639,359
1782,22776,22775632,11109,500,-1,-1,1,526,90.1,0,-1.0,0,0,0,639,359
1783,22788,22786739,11107,500,-1,-1,1,527,90.1,1,-1.0,0,0,0,639,359
1784,22799,22797855,11116,500,-1,-1,1,545,90.1,0,-1.0,0,0,0,639,359
1785,22810,22808966,11111,500,-1,-1,1,546,90.1,0,-1.0,0,0,0,639,359
1786,22821,22820073,11107,500,-1,-1,1,527,90.0,0,-1.0,0,0,0,639,359
1787,22832,22831179,11106,500,-1,-1,1,525,90.0,0,-1.0,0,0,0,639,359
1788,22843,22842291,11112,500,-1,-1,1,526,90.0,0,-1.0,0,0,0,639,359
1789,22854,22853396,11105,500,-1,-1,1,529,90.0,0,-1.0,0,0,0,639,359
1790,22865,22864507,11111,500,-1,-1,1,526,90.1,0,-1.0,0,0,0,639,359
1791,22876,22875613,11106,500,-1,-1,1,528,90.1,0,-1.0,0,0,0,639,359
1792,22888,22886726,11113,500,-1,-1,1,525,90.1,1,-1.0,0,0,0,639,359
1793,22899,22897835,11109,500,-1,-1,1,546,90.1,0,-1.0,0,0,0,639,359
1794,22910,22908948,11113,500,-1,-1,1,547,90.1,0,-1.0,0,0,0,639,359
1795,22921,22920054,11106,500,-1,-1,1,525,90.0,0,-1.0,0,0,0,639,359
1796,22932,22931162,11108,500,-1,-1,1,528,90.0,0,-1.0,0,0,0,639,359
1797,22943,22942270,11108,500,-1,-1,1,524,90.0,0,-1.0,0,0,0,639,359
1798,22954,22953382,11112,500,-1,-1,1,525,90.0,0,-1.0,0,0,0,639,359
1799,22965,22964485,11103,500,-1,-1,1,525,90.0,0,-1.0,0,0,0,639,359
1800,23055,22975595,11110,500,-1,-1,1,524,80.2,0,-1.0,0,0,0,639,359
1801,23056,23053339,77744,500,-1,-1,1,523,81.5,1,-1.0,0,0,0,639,359
1802,23065,23064475,11136,500,-1,-1,1,526,81.9,0,-1.0,0,0,0,639,359
1803,23076,23075580,11105,500,-1,-1,1,546,82.0,0,-1.0,0,0,0,639,359
1804,23088,23086696,11116,500,-1,-1,1,629,82.1,0,-1.0,0,0,0,639,359
1805,23099,23097796,11100,500,-1,-1,1,629,82.2,0,-1.0,0,0,0,639,359
1806,23110,23108913,11117,500,-1,-1,1,525,82.4,0,-1.0,0,0,0,639,359
1807,23121,23120018,11105,500,-1,-1,1,526,82.5,0,-1.0,0,0,0,639,359
1808,23132,23131126,11108,500,-1,-1,1,525,82.6,0,-1.0,0,0,0,639,359
1809,23143,23142233,11107,500,-1,-1,1,523,82.6,0,-1.0,0,0,0,639,359
1810,23154,23153345,11112,500,-1,-1,1,529,82.7,1,-1.0,0,0,0,639,359
1811,23165,23164457,11112,500,-1,-1,1,548,82.8,0,-1.0,0,0,0,639,359
1812,23176,23175565,11108,500,-1,-1,1,535,82.9,0,-1.0,0,0,0,639,359
1813,23188,23186671,11106,500,-1,-1,1,527,83.0,0,-1.0,0,0,0,639,359
1814,23199,23197786,11115,500,-1,-1,1,610,83.1,0,-1.0,0,0,0,639,359
1815,23210,23208892,11106,500,-1,-1,1,525,83.2,0,-1.0,0,0,0,639,359
1816,23221,23220000,11108,500,-1,-1,1,525,83.3,0,-1.0,0,0,0,639,359
1817,23232,23231110,11110,500,-1,-1,1,525,83.4,0,-1.0,0,0,0,639,359
1818,23243,23242220,11110,500,-1,-1,1,527,83.4,0,-1.0,0,0,0,639,359
1819,23254,23253332,11112,500,-1,-1,1,528,83.5,1,-1.0,0,0,0,639,359
1820,23265,23264443,11111,500,-1,-1,1,548,83.6,0,-1.0,0,0,0,639,359
1821,23276,23275547,11104,500,-1,-1,1,541,83.7,0,-1.0,0,0,0,639,359
1822,23288,23286661,11114,500,-1,-1,1,525,83.7,0,-1.0,0,0,0,639,359
1823,23299,23297763,11102,500,-1,-1,1,525,83.8,0,-1.0,0,0,0,639,359
1824,23310,23308873,11110,500,-1,-1,1,527,83.9,0,-1.0,0,0,0,639,359
1825,23321,23319981,11108,500,-1,-1,1,526,84.0,0,-1.0,0,0,0,639,359
1826,23332,23331091,11110,500,-1,-1,1,524,84.0,0,-1.0,0,0,0,639,359
1827,23346,23342201,11110,500,-1,-1,1,525,76.9,0,-1.0,0,0,0,639,359
1828,23354,23353314,11113,500,-1,-1,1,526,90.9,1,-1.0,0,0,0,639,359
1829,23365,23364423,11109,500,-1,-1,1,528,90.9,0,-1.0,0,0,0,639,359
1830,23376,23375530,11107,500,-1,-1,1,547,90.9,0,-1.0,0,0,0,639,359
1831,23387,23386642,11112,500,-1,-1,1,525,90.9,0,-1.0,0,0,0,639,359
1832,23399,23397750,11108,500,-1,-1,1,526,89.6,0,-1.0,0,0,0,639,359
1833,23410,23408857,11107,500,-1,-1,1,526,90.9,0,-1.0,0,0,0,639,359
1834,23421,23419967,11110,500,-1,-1,1,527,90.9,0,-1.0,0,0,0,639,359
1835,23432,23431072,11105,500,-1,-1,1,526,90.9,0,-1.0,0,0,0,639,359
1836,23443,23442183,11111,500,-1,-1,1,529,90.1,0,-1.0,0,0,0,639,359
1837,23454,23453291,11108,500,-1,-1,1,528,90.2,1,-1.0,0,0,0,639,359
1838,23465,23464408,11117,500,-1,-1,1,527,90.2,0,-1.0,0,0,0,639,359
1839,23476,23475510,11102,500,-1,-1,1,528,90.3,0,-1.0,0,0,0,639,359
1840,23488,23486623,11113,500,-1,-1,1,528,89.7,0,-1.0,0,0,0,639,359
1841,23499,23497729,11106,500,-1,-1,1,570,90.4,0,-1.0,0,0,0,639,359
1842,23510,23508840,11111,500,-1,-1,1,525,90.4,0,-1.0,0,0,0,639,359
1843,23521,23519943,11103,500,-1,-1,1,526,90.4,0,-1.0,0,0,0,639,359
1844,23532,23531058,11115,500,-1,-1,1,524,90.5,0,-1.0,0,0,0,639,359
1845,23543,23542167,11109,500,-1,-1,1,525,90.5,0,-1.0,0,0,0,639,359
1846,23554,23553274,11107,500,-1,-1,1,526,90.1,1,-1.0,0,0,0,639,359
1847,23565,23564392,11118,500,-1,-1,1,545,90.1,0,-1.0,0,0,0,639,359
1848,23576,23575498,11106,500,-1,-1,1,543,90.2,0,-1.0,0,0,0,639,359
1849,23587,23586604,11106,500,-1,-1,1,527,90.2,0,-1.0,0,0,0,639,359
1850,23599,23597714,11110,500,-1,-1,1,524,90.2,0,-1.0,0,0,0,639,359
1851,23610,23608822,11108,500,-1,-1,1,527,90.3,0,-1.0,0,0,0,639,359
1852,23621,23619929,11107,500,-1,-1,1,528,90.3,0,-1.0,0,0,0,639,359
1853,23632,23631042,11113,500,-1,-1,1,525,90.3,0,-1.0,0,0,0,639,359
1854,23643,23642150,11108,500,-1,-1,1,528,90.0,0,-1.0,0,0,0,639,359
1855,23654,23653259,11109,500,-1,-1,1,528,90.1,1,-1.0,0,0,0,639,359
1856,23665,23664374,11115,500,-1,-1,1,546,90.1,0,-1.0,0,0,0,639,359
1857,23676,23675481,11107,500,-1,-1,1,544,90.1,0,-1.0,0,0,0,639,359
1858,23688,23686588,11107,500,-1,-1,1,528,90.1,0,-1.0,0,0,0,639,359
1859,23699,23697692,11104,500,-1,-1,1,546,89.9,0,-1.0,0,0,0,639,359
1860,23710,23708806,11114,500,-1,-1,1,527,90.2,0,-1.0,0,0,0,639,359
1861,23721,23719913,11107,500,-1,-1,1,529,90.2,0,-1.0,0,0,0,639,359
1862,23732,23731025,11112,500,-1,-1,1,523,90.0,0,-1.0,0,0,0,639,359
1863,23743,23742131,11106,500,-1,-1,1,527,90.2,0,-1.0,0,0,0,639,359
1864,23754,23753242,11111,500,-1,-1,1,523,90.0,1,-1.0,0,0,0,639,359
1865,23765,23764355,11113,500,-1,-1,1,544,90.1,0,-1.0,0,0,0,639,359
1866,23776,23775460,11105,500,-1,-1,1,546,90.1,0,-1.0,0,0,0,639,359
1867,23787,23786570,11110,500,-1,-1,1,526,90.1,0,-1.0,0,0,0,639,359
1868,23799,23797682,11112,500,-1,-1,1,641,90.1,0,-1.0,0,0,0,639,359
1869,23810,23808790,11108,500,-1,-1,1,526,90.1,0,-1.0,0,0,0,639,359
1870,23821,23819899,11109,500,-1,-1,1,527,90.2,0,-1.0,0,0,0,639,359
1871,23832,23831007,11108,500,-1,-1,1,529,90.2,0,-1.0,0,0,0,639,359
1872,23843,23842118,11111,500,-1,-1,1,526,90.2,0,-1.0,0,0,0,639,359
1873,23854,23853222,11104,500,-1,-1,1,526,90.0,1,-1.0,0,0,0,639,359
1874,23865,23864341,11119,500,-1,-1,1,547,90.1,0,-1.0,0,0,0,639,359
1875,23876,23875444,11103,500,-1,-1,1,547,90.1,0,-1.0,0,0,0,639,359
1876,23887,23886558,11114,500,-1,-1,1,524,90.1,0,-1.0,0,0,0,639,359
1877,23898,23897660,11102,500,-1,-1,1,524,90.1,0,-1.0,0,0,0,639,359
1878,23910,23908772,11112,500,-1,-1,1,526,90.1,0,-1.0,0,0,0,639,359
1879,23921,23919877,11105,500,-1,-1,1,535,90.1,0,-1.0,0,0,0,639,359
1880,23932,23930990,11113,500,-1,-1,1,524,90.2,0,-1.0,0,0,0,639,359
1881,23943,23942101,11111,500,-1,-1,1,526,90.2,0,-1.0,0,0,0,639,359
1882,23954,23953209,11108,500,-1,-1,1,527,90.0,1,-1.0,0,0,0,639,359
1883,23965,23964320,11111,500,-1,-1,1,541,90.0,0,-1.0,0,0,0,639,359
1884,23976,23975430,11110,500,-1,-1,1,535,90.1,0,-1.0,0,0,0,639,359
1885,23988,23986537,11107,500,-1,-1,1,525,90.1,0,-1.0,0,0,0,639,359
1886,23999,23997647,11110,500,-1,-1,1,524,90.1,0,-1.0,0,0,0,639,359
1887,24010,24008755,11108,500,-1,-1,1,527,90.1,0,-1.0,0,0,0,639,359
1888,24021,24019866,11111,500,-1,-1,1,526,90.1,0,-1.0,0,0,0,639,359
1889,24032,24030974,11108,500,-1,-1,1,523,90.1,0,-1.0,0,0,0,639,359
1890,24114,24042085,11111,500,-1,-1,1,573,81.8,0,-1.0,0,0,0,639,359
1891,24115,24108721,66636,500,-1,-1,1,520,83.0,1,-1.0,0,0,0,639,359
1892,24121,24119871,11150,500,-1,-1,1,605,83.8,0,-1.0,0,0,0,639,359
1893,24132,24130958,11087,500,-1,-1,1,548,83.9,0,-1.0,0,0,0,639,359
1894,24143,24142066,11108,500,-1,-1,1,530,84.0,0,-1.0,0,0,0,639,359
1895,24155,24153179,11113,500,-1,-1,1,527,83.9,0,-1.0,0,0,0,639,359
1896,24165,24164285,11106,500,-1,-1,1,595,84.0,0,-1.0,0,0,0,639,359
1897,24176,24175398,11113,500,-1,-1,1,524,84.1,0,-1.0,0,0,0,639,359
1898,24187,24186499,11101,500,-1,-1,1,526,84.2,0,-1.0,0,0,0,639,359
1899,24198,24197609,11110,500,-1,-1,1,525,84.3,0,-1.0,0,0,0,639,359
1900,24210,24208717,11108,500,-1,-1,1,524,84.4,1,-1.0,0,0,0,639,359
1901,24221,24219831,11114,500,-1,-1,1,537,84.5,0,-1.0,0,0,0,639,359
1902,24232,24230936,11105,500,-1,-1,1,540,84.5,0,-1.0,0,0,0,639,359
1903,24243,24242050,11114,500,-1,-1,1,525,84.5,0,-1.0,0,0,0,639,359
1904,24254,24253160,11110,500,-1,-1,1,526,84.6,0,-1.0,0,0,0,639,359
1905,24265,24264268,11108,500,-1,-1,1,527,84.7,0,-1.0,0,0,0,639,359
1906,24276,24275374,11106,500,-1,-1,1,527,84.7,0,-1.0,0,0,0,639,359
1907,24287,24286485,11111,500,-1,-1,1,526,84.8,0,-1.0,0,0,0,639,359
1908,24298,24297597,11112,500,-1,-1,1,523,84.9,0,-1.0,0,0,0,639,359
1909,24310,24308705,11108,500,-1,-1,1,525,85.0,1,-1.0,0,0,0,639,359
1910,24321,24319818,11113,500,-1,-1,1,547,85.0,0,-1.0,0,0,0,639,359
1911,24332,24330924,11106,500,-1,-1,1,544,85.1,0,-1.0,0,0,0,639,359
1912,24343,24342032,11108,500,-1,-1,1,524,85.1,0,-1.0,0,0,0,639,359
1913,24365,24364381,22349,500,-1,-1,1,528,43.5,0,-1.0,0,0,0,639,359
1914,24376,24375361,10980,500,-1,-1,1,525,58.8,0,-1.0,0,0,0,639,359
1915,24387,24386465,11104,500,-1,-1,1,528,66.7,0,-1.0,0,0,0,639,359
1916,24399,24397576,11111,500,-1,-1,1,527,71.4,0,-1.0,0,0,0,639,359
1917,24409,24408684,11108,500,-1,-1,1,526,74.6,0,-1.0,0,0,0,639,359
1918,24421,24419793,11109,500,-1,-1,1,528,76.9,1,-1.0,0,0,0,639,359
1919,24432,24430907,11114,500,-1,-1,1,547,78.7,0,-1.0,0,0,0,639,359
1920,24443,24442018,11111,500,-1,-1,1,545,79.2,0,-1.0,0,0,0,639,359
1921,24454,24453124,11106,500,-1,-1,1,524,80.4,0,-1.0,0,0,0,639,359
1922,24465,24464235,11111,500,-1,-1,1,525,81.3,0,-1.0,0,0,0,639,359
1923,24476,24475341,11106,500,-1,-1,1,527,82.1,0,-1.0,0,0,0,639,359
1924,24487,24486454,11113,500,-1,-1,1,526,82.8,0,-1.0,0,0,0,639,359
1925,24498,24497560,11106,500,-1,-1,1,525,83.3,0,-1.0,0,0,0,639,359
1926,24509,24508668,11108,500,-1,-1,1,523,83.8,0,-1.0,0,0,0,639,359
1927,24521,24519775,11107,500,-1,-1,1,527,84.3,1,-1.0,0,0,0,639,359
1928,24532,24530894,11119,500,-1,-1,1,531,84.7,0,-1.0,0,0,0,639,359
1929,24543,24541997,11103,500,-1,-1,1,535,85.0,0,-1.0,0,0,0,639,359
1930,24554,24553107,11110,500,-1,-1,1,528,85.3,0,-1.0,0,0,0,639,359
1931,24566,24564213,11106,500,-1,-1,1,527,85.2,0,-1.0,0,0,0,639,359
1932,24576,24575324,11111,500,-1,-1,1,525,85.5,0,-1.0,0,0,0,639,359
1933,24587,24586433,11109,500,-1,-1,1,525,85.7,0,-1.0,0,0,0,639,359
1934,24598,24597542,11109,500,-1,-1,1,525,85.9,0,-1.0,0,0,0,639,359
1935,24609,24608656,11114,500,-1,-1,1,525,86.1,0,-1.0,0,0,0,639,359
1936,24621,24619759,11103,500,-1,-1,1,528,86.3,1,-1.0,0,0,0,639,359
1937,24632,24630878,11119,500,-1,-1,1,543,86.5,0,-1.0,0,0,0,639,359
1938,24643,24641976,11098,500,-1,-1,1,545,86.7,0,-1.0,0,0,0,639,359
1939,24654,24653087,11111,500,-1,-1,1,526,86.8,0,-1.0,0,0,0,639,359
1940,24666,24664199,11112,500,-1,-1,1,525,86.7,0,-1.0,0,0,0,639,359
1941,24676,24675310,11111,500,-1,-1,1,639,86.8,0,-1.0,0,0,0,639,359
1942,24687,24686421,11111,500,-1,-1,1,527,87.0,0,-1.0,0,0,0,639,359
1943,24698,24697525,11104,500,-1,-1,1,527,87.1,0,-1.0,0,0,0,639,359
1944,24710,24708632,11107,500,-1,-1,1,530,87.2,0,-1.0,0,0,0,639,359
1945,24721,24719746,11114,500,-1,-1,1,525,87.3,1,-1.0,0,0,0,639,359
1946,24732,24730860,11114,500,-1,-1,1,546,87.4,0,-1.0,0,0,0,639,359
1947,24743,24741965,11105,500,-1,-1,1,544,87.5,0,-1.0,0,0,0,639,359
1948,24754,24753075,11110,500,-1,-1,1,528,87.4,0,-1.0,0,0,0,639,359
1949,24766,24764181,11106,500,-1,-1,1,523,87.5,0,-1.0,0,0,0,639,359
1950,24776,24775294,11113,500,-1,-1,1,524,87.6,0,-1.0,0,0,0,639,359
1951,24787,24786398,11104,500,-1,-1,1,525,87.6,0,-1.0,0,0,0,639,359
1952,24798,24797507,11109,500,-1,-1,1,533,87.7,0,-1.0,0,0,0,639,359
1953,24809,24808616,11109,500,-1,-1,1,525,87.8,0,-1.0,0,0,0,639,359
1954,24821,24819727,11111,500,-1,-1,1,526,87.9,1,-1.0,0,0,0,639,359
1955,24832,24830838,11111,500,-1,-1,1,530,87.9,0,-1.0,0,0,0,639,359
1956,24843,24841947,11109,500,-1,-1,1,546,88.0,0,-1.0,0,0,0,639,359
1957,24854,24853053,11106,500,-1,-1,1,525,88.1,0,-1.0,0,0,0,639,359
1958,24865,24864166,11113,500,-1,-1,1,629,88.0,0,-1.0,0,0,0,639,359
1959,24876,24875275,11109,500,-1,-1,1,525,88.0,0,-1.0,0,0,0,639,359
1960,24887,24886384,11109,500,-1,-1,1,523,88.1,0,-1.0,0,0,0,639,359
1961,24898,24897490,11106,500,-1,-1,1,526,88.1,0,-1.0,0,0,0,639,359
1962,24909,24908598,11108,500,-1,-1,1,525,88.2,0,-1.0,0,0,0,639,359
1963,24921,24919709,11111,500,-1,-1,1,525,88.2,1,-1.0,0,0,0,639,359
1964,24932,24930825,11116,500,-1,-1,1,537,88.3,0,-1.0,0,0,0,639,359
1965,24943,24941927,11102,500,-1,-1,1,535,88.3,0,-1.0,0,0,0,639,359
1966,24954,24953037,11110,500,-1,-1,1,526,88.4,0,-1.0,0,0,0,639,359
1967,24965,24964147,11110,500,-1,-1,1,526,88.4,0,-1.0,0,0,0,639,359
1968,24976,24975258,11111,500,-1,-1,1,526,88.3,0,-1.0,0,0,0,639,359
1969,24987,24986366,11108,500,-1,-1,1,524,88.4,0,-1.0,0,0,0,639,359
1970,24998,24997475,11109,500,-1,-1,1,525,88.4,0,-1.0,0,0,0,639,359
1971,25009,25008584,11109,500,-1,-1,1,524,88.5,0,-1.0,0,0,0,639,359
1972,25021,25019691,11107,500,-1,-1,1,528,88.5,1,-1.0,0,0,0,639,359
1973,25032,25030806,11115,500,-1,-1,1,544,88.5,0,-1.0,0,0,0,639,359
1974,25043,25041913,11107,500,-1,-1,1,541,88.6,0,-1.0,0,0,0,639,359
1975,25054,25053020,11107,500,-1,-1,1,527,88.6,0,-1.0,0,0,0,639,359
1976,25066,25064129,11109,500,-1,-1,1,525,88.5,0,-1.0,0,0,0,639,359
1977,25076,25075239,11110,500,-1,-1,1,526,88.6,0,-1.0,0,0,0,639,359
1978,25087,25086348,11109,500,-1,-1,1,526,88.6,0,-1.0,0,0,0,639,359
1979,25098,25097458,11110,500,-1,-1,1,528,88.6,0,-1.0,0,0,0,639,359
1980,25161,25108569,11111,500,-1,-1,1,637,83.0,0,-1.0,0,0,0,639,359
1981,25162,25152987,44418,500,-1,-1,1,604,84.1,1,-1.0,0,0,0,639,359
1982,25165,25164110,11123,500,-1,-1,1,628,85.1,0,-1.0,0,0,0,639,359
1983,25176,25175222,11112,500,-1,-1,1,545,85.1,0,-1.0,0,0,0,639,359
1984,25187,25186327,11105,500,-1,-1,1,528,85.2,0,-1.0,0,0,0,639,359
1985,25199,25197442,11115,500,-1,-1,1,523,85.3,0,-1.0,0,0,0,639,359
1986,25209,25208547,11105,500,-1,-1,1,538,85.4,0,-1.0,0,0,0,639,359
1987,25221,25219660,11113,500,-1,-1,1,629,85.4,0,-1.0,0,0,0,639,359
1988,25232,25230773,11113,500,-1,-1,1,635,85.5,0,-1.0,0,0,0,639,359
1989,25243,25241881,11108,500,-1,-1,1,525,85.6,0,-1.0,0,0,0,639,359
1990,25254,25252982,11101,500,-1,-1,1,525,85.6,1,-1.0,0,0,0,639,359
1991,25265,25264100,11118,500,-1,-1,1,546,85.7,0,-1.0,0,0,0,639,359
1992,25276,25275205,11105,500,-1,-1,1,543,85.7,0,-1.0,0,0,0,639,359
1993,25287,25286317,11112,500,-1,-1,1,527,85.7,0,-1.0,0,0,0,639,359
1994,25298,25297423,11106,500,-1,-1,1,629,85.8,0,-1.0,0,0,0,639,359
1995,25309,25308535,11112,500,-1,-1,1,528,85.8,0,-1.0,0,0,0,639,359
1996,25320,25319638,11103,500,-1,-1,1,527,85.9,0,-1.0,0,0,0,639,359
1997,25332,25330750,11112,500,-1,-1,1,526,85.9,0,-1.0,0,0,0,639,359
1998,25343,25341857,11107,500,-1,-1,1,530,86.0,0,-1.0,0,0,0,639,359
1999,25357,25353115,11258,500,-1,-1,1,525,66.7,1,-1.0,0,0,0,639,359
2000,25365,25364083,10968,500,-1,-1,1,531,90.9,0,-1.0,0,0,0,639,359
2001,25376,25375191,11108,500,-1,-1,1,525,88.2,0,-1.0,0,0,0,639,359
2002,25387,25386297,11106,500,-1,-1,1,525,88.9,0,-1.0,0,0,0,639,359
2003,25398,25397408,11111,500,-1,-1,1,524,89.3,0,-1.0,0,0,0,639,359
2004,25409,25408515,11107,500,-1,-1,1,525,89.6,0,-1.0,0,0,0,639,359
2005,25421,25419627,11112,500,-1,-1,1,525,89.7,0,-1.0,0,0,0,639,359
2006,25432,25430732,11105,500,-1,-1,1,524,89.9,0,-1.0,0,0,0,639,359
2007,25443,25441844,11112,500,-1,-1,1,524,90.0,0,-1.0,0,0,0,639,359
2008,25454,25452947,11103,500,-1,-1,1,528,90.1,1,-1.0,0,0,0,639,359
2009,25465,25464066,11119,500,-1,-1,1,531,89.4,0,-1.0,0,0,0,639,359
2010,25476,25475171,11105,500,-1,-1,1,534,89.6,0,-1.0,0,0,0,639,359
2011,25487,25486283,11112,500,-1,-1,1,526,89.7,0,-1.0,0,0,0,639,359
2012,25498,25497388,11105,500,-1,-1,1,526,89.7,0,-1.0,0,0,0,639,359
2013,25509,25508496,11108,500,-1,-1,1,525,89.8,0,-1.0,0,0,0,639,359
2014,25520,25519607,11111,500,-1,-1,1,526,89.9,0,-1.0,0,0,0,639,359
2015,25532,25530715,11108,500,-1,-1,1,526,89.9,0,-1.0,0,0,0,639,359
2016,25543,25541824,11109,500,-1,-1,1,525,90.0,0,-1.0,0,0,0,639,359
2017,25554,25552934,11110,500,-1,-1,1,526,90.0,1,-1.0,0,0,0,639,359
2018,25565,25564043,11109,500,-1,-1,1,545,90.1,0,-1.0,0,0,0,639,359
2019,25576,25575157,11114,500,-1,-1,1,540,89.7,0,-1.0,0,0,0,639,359
2020,25588,25586263,11106,500,-1,-1,1,526,89.8,0,-1.0,0,0,0,639,359
2021,25598,25597370,11107,500,-1,-1,1,523,89.8,0,-1.0,0,0,0,639,359
2022,25609,25608479,11109,500,-1,-1,1,526,89.9,0,-1.0,0,0,0,639,359
2023,25620,25619590,11111,500,-1,-1,1,527,89.9,0,-1.0,0,0,0,639,359
2024,25631,25630696,11106,500,-1,-1,1,529,90.0,0,-1.0,0,0,0,639,359
2025,25643,25641806,11110,500,-1,-1,1,528,90.0,0,-1.0,0,0,0,639,359
2026,25654,25652915,11109,500,-1,-1,1,526,90.0,1,-1.0,0,0,0,639,359
2027,25665,25664031,11116,500,-1,-1,1,545,90.1,0,-1.0,0,0,0,639,359
2028,25676,25675137,11106,500,-1,-1,1,546,90.1,0,-1.0,0,0,0,639,359
2029,25687,25686248,11111,500,-1,-1,1,527,89.9,0,-1.0,0,0,0,639,359
2030,25699,25697354,11106,500,-1,-1,1,523,89.9,0,-1.0,0,0,0,639,359
2031,25709,25708467,11113,500,-1,-1,1,526,89.9,0,-1.0,0,0,0,639,359
2032,25720,25719571,11104,500,-1,-1,1,526,89.9,0,-1.0,0,0,0,639,359
2033,25732,25730684,11113,500,-1,-1,1,524,90.0,0,-1.0,0,0,0,639,359
2034,25743,25741790,11106,500,-1,-1,1,527,90.0,0,-1.0,0,0,0,639,359
2035,25754,25752899,11109,500,-1,-1,1,524,90.0,1,-1.0,0,0,0,639,359
2036,25765,25764014,11115,500,-1,-1,1,547,90.0,0,-1.0,0,0,0,639,359
2037,25776,25775122,11108,500,-1,-1,1,545,89.9,0,-1.0,0,0,0,639,359
2038,25787,25786229,11107,500,-1,-1,1,526,89.9,0,-1.0,0,0,0,639,359
2039,25798,25797338,11109,500,-1,-1,1,638,89.9,0,-1.0,0,0,0,639,359
2040,25809,25808448,11110,500,-1,-1,1,526,89.9,0,-1.0,0,0,0,639,359
2041,25821,25819557,11109,500,-1,-1,1,529,90.0,0,-1.0,0,0,0,639,359
2042,25831,25830662,11105,500,-1,-1,1,527,90.0,0,-1.0,0,0,0,639,359
2043,25843,25841773,11111,500,-1,-1,1,529,90.0,0,-1.0,0,0,0,639,359
2044,25854,25852883,11110,500,-1,-1,1,529,90.0,1,-1.0,0,0,0,639,359
2045,25865,25863996,11113,500,-1,-1,1,546,89.9,0,-1.0,0,0,0,639,359
2046,25876,25875101,11105,500,-1,-1,1,530,90.1,0,-1.0,0,0,0,639,359
2047,25887,25886214,11113,500,-1,-1,1,527,89.9,0,-1.0,0,0,0,639,359
2048,25898,25897319,11105,500,-1,-1,1,525,89.9,0,-1.0,0,0,0,639,359
2049,25909,25908433,11114,500,-1,-1,1,523,89.9,0,-1.0,0,0,0,639,359
2050,25920,25919537,11104,500,-1,-1,1,523,90.0,0,-1.0,0,0,0,639,359
2051,25931,25930647,11110,500,-1,-1,1,524,90.0,0,-1.0,0,0,0,639,359
2052,25943,25941758,11111,500,-1,-1,1,524,90.0,0,-1.0,0,0,0,639,359
2053,25954,25952867,11109,500,-1,-1,1,526,90.0,1,-1.0,0,0,0,639,359
2054,25965,25963976,11109,500,-1,-1,1,544,90.0,0,-1.0,0,0,0,639,359
2055,25976,25975088,11112,500,-1,-1,1,539,90.0,0,-1.0,0,0,0,639,359
2056,25987,25986191,11103,500,-1,-1,1,527,89.9,0,-1.0,0,0,0,639,359
2057,25998,25997306,11115,500,-1,-1,1,526,89.9,0,-1.0,0,0,0,639,359
2058,26009,26008413,11107,500,-1,-1,1,526,90.0,0,-1.0,0,0,0,639,359
2059,26020,26019520,11107,500,-1,-1,1,524,90.0,0,-1.0,0,0,0,639,359
2060,26031,26030629,11109,500,-1,-1,1,523,90.0,0,-1.0,0,0,0,639,359
2061,26043,26041741,11112,500,-1,-1,1,531,90.0,0,-1.0,0,0,0,639,359
2062,26054,26052847,11106,500,-1,-1,1,528,90.0,1,-1.0,0,0,0,639,359
2063,26065,26063962,11115,500,-1,-1,1,546,90.0,0,-1.0,0,0,0,639,359
2064,26076,26075139,11177,500,-1,-1,1,642,89.9,0,-1.0,0,0,0,639,359
2065,26087,26086180,11041,500,-1,-1,1,627,89.9,0,-1.0,0,0,0,639,359
2066,26098,26097290,11110,500,-1,-1,1,524,89.9,0,-1.0,0,0,0,639,359
2067,26109,26108396,11106,500,-1,-1,1,526,90.0,0,-1.0,0,0,0,639,359
2068,26120,26119502,11106,500,-1,-1,1,528,90.0,0,-1.0,0,0,0,639,359
2069,26132,26130613,11111,500,-1,-1,1,524,90.0,0,-1.0,0,0,0,639,359
2070,26182,26141722,11109,500,-1,-1,1,1078,85.7,0,-1.0,0,0,0,639,359
2071,26183,26175035,33313,500,-1,-1,1,627,86.8,1,-1.0,0,0,0,639,359
2072,26187,26186177,11142,500,-1,-1,1,610,87.6,0,-1.0,0,0,0,639,359
2073,26198,26197275,11098,500,-1,-1,1,527,87.6,0,-1.0,0,0,0,639,359
2074,26209,26208383,11108,500,-1,-1,1,527,87.7,0,-1.0,0,0,0,639,359
2075,26221,26219489,11106,500,-1,-1,1,527,87.6,0,-1.0,0,0,0,639,359
2076,26231,26230595,11106,500,-1,-1,1,530,87.7,0,-1.0,0,0,0,639,359
2077,26243,26241710,11115,500,-1,-1,1,630,87.8,0,-1.0,0,0,0,639,359
2078,26254,26252818,11108,500,-1,-1,1,634,87.8,0,-1.0,0,0,0,639,359
2079,26265,26263925,11107,500,-1,-1,1,524,87.9,0,-1.0,0,0,0,639,359
2080,26276,26275031,11106,500,-1,-1,1,524,87.9,1,-1.0,0,0,0,639,359
2081,26287,26286145,11114,500,-1,-1,1,543,87.8,0,-1.0,0,0,0,639,359
2082,26298,26297256,11111,500,-1,-1,1,546,87.9,0,-1.0,0,0,0,639,359
2083,26309,26308368,11112,500,-1,-1,1,524,87.9,0,-1.0,0,0,0,639,359
2084,26321,26319471,11103,500,-1,-1,1,527,87.9,0,-1.0,0,0,0,639,359
2085,26331,26330581,11110,500,-1,-1,1,525,88.0,0,-1.0,0,0,0,639,359
2086,26342,26341686,11105,500,-1,-1,1,527,88.0,0,-1.0,0,0,0,639,359
2087,26357,26352918,11232,500,-1,-1,1,525,66.7,0,-1.0,0,0,0,639,359
2088,26365,26363906,10988,500,-1,-1,1,525,90.9,0,-1.0,0,0,0,639,359
2089,26376,26375015,11109,500,-1,-1,1,527,90.9,1,-1.0,0,0,0,639,359
2090,26387,26386128,11113,500,-1,-1,1,533,90.9,0,-1.0,0,0,0,639,359
2091,26398,26397236,11108,500,-1,-1,1,545,89.3,0,-1.0,0,0,0,639,359
2092,26409,26408344,11108,500,-1,-1,1,527,89.6,0,-1.0,0,0,0,639,359
2093,26421,26419453,11109,500,-1,-1,1,526,89.7,0,-1.0,0,0,0,639,359
2094,26431,26430561,11108,500,-1,-1,1,525,89.9,0,-1.0,0,0,0,639,359
2095,26443,26441672,11111,500,-1,-1,1,526,90.0,0,-1.0,0,0,0,639,359
2096,26454,26452778,11106,500,-1,-1,1,525,90.1,0,-1.0,0,0,0,639,359
2097,26465,26463893,11115,500,-1,-1,1,523,90.2,0,-1.0,0,0,0,639,359
2098,26476,26475000,11107,500,-1,-1,1,525,90.2,1,-1.0,0,0,0,639,359
2099,26487,26486112,11112,500,-1,-1,1,535,89.7,0,-1.0,0,0,0,639,359
2100,26498,26497219,11107,500,-1,-1,1,538,89.7,0,-1.0,0,0,0,639,359
2101,26509,26508328,11109,500,-1,-1,1,526,89.8,0,-1.0,0,0,0,639,359
2102,26520,26519439,11111,500,-1,-1,1,528,89.9,0,-1.0,0,0,0,639,359
2103,26531,26530547,11108,500,-1,-1,1,526,89.9,0,-1.0,0,0,0,639,359
2104,26542,26541650,11103,500,-1,-1,1,526,90.0,0,-1.0,0,0,0,639,359
2105,26554,26552764,11114,500,-1,-1,1,526,90.0,0,-1.0,0,0,0,639,359
2106,26565,26563870,11106,500,-1,-1,1,526,90.1,0,-1.0,0,0,0,639,359
2107,26576,26574981,11111,500,-1,-1,1,527,90.1,1,-1.0,0,0,0,639,359
2108,26587,26586095,11114,500,-1,-1,1,546,90.2,0,-1.0,0,0,0,639,359
2109,26598,26597201,11106,500,-1,-1,1,542,89.8,0,-1.0,0,0,0,639,359
2110,26609,26608309,11108,500,-1,-1,1,527,89.9,0,-1.0,0,0,0,639,359
2111,26621,26619420,11111,500,-1,-1,1,526,89.9,0,-1.0,0,0,0,639,359
2112,26631,26630529,11109,500,-1,-1,1,528,90.0,0,-1.0,0,0,0,639,359
2113,26642,26641639,11110,500,-1,-1,1,525,90.0,0,-1.0,0,0,0,639,359
2114,26654,26652748,11109,500,-1,-1,1,526,90.0,0,-1.0,0,0,0,639,359
2115,26665,26663855,11107,500,-1,-1,1,524,90.1,0,-1.0,0,0,0,639,359
2116,26676,26674961,11106,500,-1,-1,1,525,90.1,1,-1.0,0,0,0,639,359
2117,26687,26686079,11118,500,-1,-1,1,545,90.1,0,-1.0,0,0,0,639,359
2118,26698,26697187,11108,500,-1,-1,1,545,89.9,0,-1.0,0,0,0,639,359
2119,26709,26708299,11112,500,-1,-1,1,525,89.9,0,-1.0,0,0,0,639,359
2120,26721,26719405,11106,500,-1,-1,1,527,89.9,0,-1.0,0,0,0,639,359
2121,26731,26730513,11108,500,-1,-1,1,525,90.0,0,-1.0,0,0,0,639,359
2122,26742,26741622,11109,500,-1,-1,1,524,90.0,0,-1.0,0,0,0,639,359
2123,26754,26752731,11109,500,-1,-1,1,525,90.0,0,-1.0,0,0,0,639,359
2124,26765,26763838,11107,500,-1,-1,1,525,90.0,0,-1.0,0,0,0,639,359
2125,26776,26774948,11110,500,-1,-1,1,526,90.1,1,-1.0,0,0,0,639,359
2126,26787,26786056,11108,500,-1,-1,1,527,89.9,0,-1.0,0,0,0,639,359
2127,26798,26797168,11112,500,-1,-1,1,544,89.9,0,-1.0,0,0,0,639,359
2128,26809,26808278,11110,500,-1,-1,1,528,89.9,0,-1.0,0,0,0,639,359
2129,26821,26819386,11108,500,-1,-1,1,526,90.0,0,-1.0,0,0,0,639,359
2130,26831,26830496,11110,500,-1,-1,1,526,90.0,0,-1.0,0,0,0,639,359
2131,26843,26841603,11107,500,-1,-1,1,529,90.0,0,-1.0,0,0,0,639,359
2132,26854,26852709,11106,500,-1,-1,1,525,90.0,0,-1.0,0,0,0,639,359
2133,26865,26863821,11112,500,-1,-1,1,524,90.0,0,-1.0,0,0,0,639,359
2134,26876,26874929,11108,500,-1,-1,1,525,90.1,1,-1.0,0,0,0,639,359
2135,26887,26886046,11117,500,-1,-1,1,537,89.9,0,-1.0,0,0,0,639,359
2136,26898,26897149,11103,500,-1,-1,1,652,89.9,0,-1.0,0,0,0,639,359
2137,26909,26908265,11116,500,-1,-1,1,628,89.9,0,-1.0,0,0,0,639,359
2138,26920,26919363,11098,500,-1,-1,1,628,90.0,0,-1.0,0,0,0,639,359
2139,26931,26930478,11115,500,-1,-1,1,528,90.0,0,-1.0,0,0,0,639,359
2140,26942,26941588,11110,500,-1,-1,1,527,90.0,0,-1.0,0,0,0,639,359
2141,26954,26952695,11107,500,-1,-1,1,527,90.0,0,-1.0,0,0,0,639,359
2142,26965,26963805,11110,500,-1,-1,1,524,90.0,0,-1.0,0,0,0,639,359
2143,26976,26974913,11108,500,-1,-1,1,524,90.0,1,-1.0,0,0,0,639,359
2144,26987,26986027,11114,500,-1,-1,1,545,90.1,0,-1.0,0,0,0,639,359
2145,26998,26997138,11111,500,-1,-1,1,548,89.9,0,-1.0,0,0,0,639,359
2146,27009,27008243,11105,500,-1,-1,1,525,90.0,0,-1.0,0,0,0,639,359
2147,27020,27019352,11109,500,-1,-1,1,524,90.0,0,-1.0,0,0,0,639,359
2148,27031,27030460,11108,500,-1,-1,1,525,90.0,0,-1.0,0,0,0,639,359
2149,27042,27041570,11110,500,-1,-1,1,526,90.0,0,-1.0,0,0,0,639,359
2150,27053,27052675,11105,500,-1,-1,1,529,90.0,0,-1.0,0,0,0,639,359
2151,27065,27063786,11111,500,-1,-1,1,526,90.0,0,-1.0,0,0,0,639,359
2152,27076,27074894,11108,500,-1,-1,1,526,90.0,1,-1.0,0,0,0,639,359
2153,27087,27086009,11115,500,-1,-1,1,534,90.1,0,-1.0,0,0,0,639,359
2154,27098,27097116,11107,500,-1,-1,1,530,90.1,0,-1.0,0,0,0,639,359
2155,27109,27108235,11119,500,-1,-1,1,524,90.0,0,-1.0,0,0,0,639,359
2156,27121,27119334,11099,500,-1,-1,1,528,90.0,0,-1.0,0,0,0,639,359
2157,27131,27130442,11108,500,-1,-1,1,525,90.0,0,-1.0,0,0,0,639,359
2158,27142,27141550,11108,500,-1,-1,1,526,90.0,0,-1.0,0,0,0,639,359
2159,27154,27152661,11111,500,-1,-1,1,525,90.0,0,-1.0,0,0,0,639,359
2160,27209,27163768,11107,500,-1,-1,1,611,85.4,0,-1.0,0,0,0,639,359
2161,27210,27208191,44423,500,-1,-1,1,594,86.4,1,-1.0,0,0,0,639,359
2162,27220,27219317,11126,500,-1,-1,1,527,86.6,0,-1.0,0,0,0,639,359
2163,27231,27230421,11104,500,-1,-1,1,527,86.6,0,-1.0,0,0,0,639,359
2164,27243,27241538,11117,500,-1,-1,1,634,86.7,0,-1.0,0,0,0,639,359
2165,27253,27252645,11107,500,-1,-1,1,540,86.7,0,-1.0,0,0,0,639,359
2166,27265,27263757,11112,500,-1,-1,1,529,86.8,0,-1.0,0,0,0,639,359
2167,27276,27274860,11103,500,-1,-1,1,527,86.8,0,-1.0,0,0,0,639,359
2168,27287,27285971,11111,500,-1,-1,1,526,86.9,0,-1.0,0,0,0,639,359
2169,27298,27297083,11112,500,-1,-1,1,526,86.9,0,-1.0,0,0,0,639,359
2170,27309,27308192,11109,500,-1,-1,1,525,86.9,1,-1.0,0,0,0,639,359
2171,27320,27319304,11112,500,-1,-1,1,545,86.9,0,-1.0,0,0,0,639,359
2172,27331,27330407,11103,500,-1,-1,1,543,87.0,0,-1.0,0,0,0,639,359
2173,27342,27341517,11110,500,-1,-1,1,526,87.0,0,-1.0,0,0,0,639,359
2174,27366,27363728,22211,500,-1,-1,1,606,41.7,0,-1.0,0,0,0,639,359
2175,27376,27374843,11115,500,-1,-1,1,528,60.6,0,-1.0,0,0,0,639,359
2176,27387,27385953,11110,500,-1,-1,1,528,68.2,0,-1.0,0,0,0,639,359
2177,27398,27397063,11110,500,-1,-1,1,524,72.7,0,-1.0,0,0,0,639,359
2178,27409,27408169,11106,500,-1,-1,1,528,74.6,0,-1.0,0,0,0,639,359
2179,27420,27419280,11111,500,-1,-1,1,526,76.9,1,-1.0,0,0,0,639,359
2180,27431,27430393,11113,500,-1,-1,1,546,78.7,0,-1.0,0,0,0,639,359
2181,27442,27441505,11112,500,-1,-1,1,546,80.0,0,-1.0,0,0,0,639,359
2182,27453,27452611,11106,500,-1,-1,1,526,81.1,0,-1.0,0,0,0,639,359
2183,27465,27463722,11111,500,-1,-1,1,524,82.0,0,-1.0,0,0,0,639,359
2184,27476,27474828,11106,500,-1,-1,1,526,82.7,0,-1.0,0,0,0,639,359
2185,27487,27485939,11111,500,-1,-1,1,526,83.3,0,-1.0,0,0,0,639,359
2186,27498,27497046,11107,500,-1,-1,1,525,83.9,0,-1.0,0,0,0,639,359
2187,27509,27508153,11107,500,-1,-1,1,526,83.8,0,-1.0,0,0,0,639,359
2188,27520,27519262,11109,500,-1,-1,1,525,84.3,1,-1.0,0,0,0,639,359
2189,27531,27530379,11117,500,-1,-1,1,536,84.7,0,-1.0,0,0,0,639,359
2190,27542,27541484,11105,500,-1,-1,1,531,85.0,0,-1.0,0,0,0,639,359
2191,27554,27552597,11113,500,-1,-1,1,526,85.3,0,-1.0,0,0,0,639,359
2192,27565,27563701,11104,500,-1,-1,1,528,85.6,0,-1.0,0,0,0,639,359
2193,27576,27574810,11109,500,-1,-1,1,526,85.8,0,-1.0,0,0,0,639,359
2194,27587,27585915,11105,500,-1,-1,1,525,86.1,0,-1.0,0,0,0,639,359
2195,27598,27597032,11117,500,-1,-1,1,526,85.9,0,-1.0,0,0,0,639,359
2196,27609,27608138,11106,500,-1,-1,1,525,86.5,0,-1.0,0,0,0,639,359
2197,27620,27619248,11110,500,-1,-1,1,525,86.3,1,-1.0,0,0,0,639,359
2198,27631,27630359,11111,500,-1,-1,1,548,86.5,0,-1.0,0,0,0,639,359
2199,27642,27641470,11111,500,-1,-1,1,536,86.7,0,-1.0,0,0,0,639,359
2200,27653,27652576,11106,500,-1,-1,1,527,86.8,0,-1.0,0,0,0,639,359
2201,27665,27663685,11109,500,-1,-1,1,529,87.0,0,-1.0,0,0,0,639,359
2202,27676,27674794,11109,500,-1,-1,1,527,87.1,0,-1.0,0,0,0,639,359
2203,27687,27685902,11108,500,-1,-1,1,526,87.2,0,-1.0,0,0,0,639,359
2204,27698,27697008,11106,500,-1,-1,1,524,87.3,0,-1.0,0,0,0,639,359
2205,27709,27708123,11115,500,-1,-1,1,525,87.4,0,-1.0,0,0,0,639,359
2206,27720,27719228,11105,500,-1,-1,1,524,87.3,1,-1.0,0,0,0,639,359
2207,27731,27730345,11117,500,-1,-1,1,545,87.4,0,-1.0,0,0,0,639,359
2208,27742,27741450,11105,500,-1,-1,1,545,87.5,0,-1.0,0,0,0,639,359
2209,27753,27752561,11111,500,-1,-1,1,526,87.6,0,-1.0,0,0,0,639,359
2210,27765,27763666,11105,500,-1,-1,1,525,87.5,0,-1.0,0,0,0,639,359
2211,27776,27774779,11113,500,-1,-1,1,527,87.8,0,-1.0,0,0,0,639,359
2212,27787,27785885,11106,500,-1,-1,1,527,87.8,0,-1.0,0,0,0,639,359
2213,27798,27796999,11114,500,-1,-1,1,527,87.9,0,-1.0,0,0,0,639,359
2214,27809,27808101,11102,500,-1,-1,1,525,88.0,0,-1.0,0,0,0,639,359
2215,27820,27819214,11113,500,-1,-1,1,523,87.9,1,-1.0,0,0,0,639,359
2216,27831,27830325,11111,500,-1,-1,1,545,87.9,0,-1.0,0,0,0,639,359
2217,27842,27841435,11110,500,-1,-1,1,544,88.0,0,-1.0,0,0,0,639,359
2218,27853,27852542,11107,500,-1,-1,1,526,88.1,0,-1.0,0,0,0,639,359
2219,27865,27863654,11112,500,-1,-1,1,526,88.0,0,-1.0,0,0,0,639,359
2220,27876,27874759,11105,500,-1,-1,1,525,88.2,0,-1.0,0,0,0,639,359
2221,27887,27885870,11111,500,-1,-1,1,525,88.2,0,-1.0,0,0,0,639,359
2222,27898,27896977,11107,500,-1,-1,1,528,88.3,0,-1.0,0,0,0,639,359
2223,27909,27908086,11109,500,-1,-1,1,564,88.2,0,-1.0,0,0,0,639,359
2224,27920,27919198,11112,500,-1,-1,1,527,88.2,1,-1.0,0,0,0,639,359
2225,27931,27930310,11112,500,-1,-1,1,531,88.3,0,-1.0,0,0,0,639,359
2226,27942,27941416,11106,500,-1,-1,1,530,88.3,0,-1.0,0,0,0,639,359
2227,27954,27952525,11109,500,-1,-1,1,526,88.4,0,-1.0,0,0,0,639,359
2228,27964,27963633,11108,500,-1,-1,1,533,88.4,0,-1.0,0,0,0,639,359
2229,27976,27974745,11112,500,-1,-1,1,527,88.5,0,-1.0,0,0,0,639,359
2230,27987,27985851,11106,500,-1,-1,1,526,88.5,0,-1.0,0,0,0,639,359
2231,27998,27996959,11108,500,-1,-1,1,526,88.5,0,-1.0,0,0,0,639,359
2232,28009,28008071,11112,500,-1,-1,1,526,88.6,0,-1.0,0,0,0,639,359
2233,28020,28019180,11109,500,-1,-1,1,527,88.5,1,-1.0,0,0,0,639,359
2234,28031,28030293,11113,500,-1,-1,1,547,88.5,0,-1.0,0,0,0,639,359
2235,28042,28041401,11108,500,-1,-1,1,539,88.6,0,-1.0,0,0,0,639,359
2236,28053,28052507,11106,500,-1,-1,1,528,88.6,0,-1.0,0,0,0,639,359
2237,28064,28063618,11111,500,-1,-1,1,634,88.6,0,-1.0,0,0,0,639,359
2238,28076,28074731,11113,500,-1,-1,1,526,88.7,0,-1.0,0,0,0,639,359
2239,28087,28085834,11103,500,-1,-1,1,527,88.7,0,-1.0,0,0,0,639,359
2240,28098,28096943,11109,500,-1,-1,1,526,88.7,0,-1.0,0,0,0,639,359
2241,28109,28108053,11110,500,-1,-1,1,547,88.8,0,-1.0,0,0,0,639,359
2242,28120,28119159,11106,500,-1,-1,1,524,88.7,1,-1.0,0,0,0,639,359
2243,28131,28130280,11121,500,-1,-1,1,545,88.7,0,-1.0,0,0,0,639,359
2244,28142,28141382,11102,500,-1,-1,1,545,88.8,0,-1.0,0,0,0,639,359
2245,28153,28152494,11112,500,-1,-1,1,525,88.8,0,-1.0,0,0,0,639,359
2246,28165,28163601,11107,500,-1,-1,1,526,88.8,0,-1.0,0,0,0,639,359
2247,28176,28174710,11109,500,-1,-1,1,526,88.8,0,-1.0,0,0,0,639,359
2248,28187,28185819,11109,500,-1,-1,1,526,88.9,0,-1.0,0,0,0,639,359
2249,28198,28196925,11106,500,-1,-1,1,529,88.9,0,-1.0,0,0,0,639,359
2250,28285,28208032,11107,500,-1,-1,1,2476,81.6,0,-1.0,0,0,0,639,359
2251,28288,28285783,77751,500,-1,-1,1,522,82.5,1,-1.0,0,0,0,639,359
2252,28298,28296911,11128,500,-1,-1,1,525,82.7,0,-1.0,0,0,0,639,359
2253,28309,28308019,11108,500,-1,-1,1,542,82.7,0,-1.0,0,0,0,639,359
2254,28320,28319129,11110,500,-1,-1,1,629,82.8,0,-1.0,0,0,0,639,359
2255,28331,28330307,11178,500,-1,-1,1,610,82.9,0,-1.0,0,0,0,639,359
2256,28342,28341348,11041,500,-1,-1,1,528,83.0,0,-1.0,0,0,0,639,359
2257,28353,28352459,11111,500,-1,-1,1,524,90.9,0,-1.0,0,0,0,639,359
2258,28364,28363561,11102,500,-1,-1,1,524,90.9,0,-1.0,0,0,0,639,359
2259,28375,28374676,11115,500,-1,-1,1,526,90.9,0,-1.0,0,0,0,639,359
2260,28387,28385784,11108,500,-1,-1,1,524,90.9,1,-1.0,0,0,0,639,359
2261,28398,28396899,11115,500,-1,-1,1,546,90.9,0,-1.0,0,0,0,639,359
2262,28409,28408004,11105,500,-1,-1,1,546,90.9,0,-1.0,0,0,0,639,359
2263,28420,28419111,11107,500,-1,-1,1,527,90.9,0,-1.0,0,0,0,639,359
2264,28431,28430219,11108,500,-1,-1,1,526,89.9,0,-1.0,0,0,0,639,359
2265,28442,28441333,11114,500,-1,-1,1,527,90.0,0,-1.0,0,0,0,639,359
2266,28453,28452437,11104,500,-1,-1,1,528,90.1,0,-1.0,0,0,0,639,359
2267,28464,28463546,11109,500,-1,-1,1,524,90.2,0,-1.0,0,0,0,639,359
2268,28475,28474654,11108,500,-1,-1,1,527,90.2,0,-1.0,0,0,0,639,359
2269,28487,28485765,11111,500,-1,-1,1,526,90.3,1,-1.0,0,0,0,639,359
2270,28498,28496881,11116,500,-1,-1,1,547,90.3,0,-1.0,0,0,0,639,359
2271,28509,28507984,11103,500,-1,-1,1,543,90.4,0,-1.0,0,0,0,639,359
2272,28520,28519096,11112,500,-1,-1,1,629,89.9,0,-1.0,0,0,0,639,359
2273,28531,28530209,11113,500,-1,-1,1,628,89.9,0,-1.0,0,0,0,639,359
2274,28542,28541315,11106,500,-1,-1,1,525,90.0,0,-1.0,0,0,0,639,359
2275,28553,28552420,11105,500,-1,-1,1,526,90.0,0,-1.0,0,0,0,639,359
2276,28564,28563531,11111,500,-1,-1,1,527,90.1,0,-1.0,0,0,0,639,359
2277,28576,28574637,11106,500,-1,-1,1,526,90.1,0,-1.0,0,0,0,639,359
2278,28587,28585746,11109,500,-1,-1,1,526,90.2,1,-1.0,0,0,0,639,359
2279,28598,28596862,11116,500,-1,-1,1,547,90.2,0,-1.0,0,0,0,639,359
2280,28609,28607968,11106,500,-1,-1,1,545,90.2,0,-1.0,0,0,0,639,359
2281,28620,28619077,11109,500,-1,-1,1,526,89.9,0,-1.0,0,0,0,639,359
2282,28631,28630185,11108,500,-1,-1,1,524,90.0,0,-1.0,0,0,0,639,359
2283,28642,28641299,11114,500,-1,-1,1,525,90.0,0,-1.0,0,0,0,639,359
2284,28653,28652400,11101,500,-1,-1,1,524,90.0,0,-1.0,0,0,0,639,359
2285,28664,28663512,11112,500,-1,-1,1,528,90.1,0,-1.0,0,0,0,639,359
2286,28675,28674625,11113,500,-1,-1,1,524,90.1,0,-1.0,0,0,0,639,359
2287,28687,28685734,11109,500,-1,-1,1,527,90.1,1,-1.0,0,0,0,639,359
2288,28698,28696844,11110,500,-1,-1,1,540,90.1,0,-1.0,0,0,0,639,359
2289,28709,28707951,11107,500,-1,-1,1,526,90.2,0,-1.0,0,0,0,639,359
2290,28720,28719062,11111,500,-1,-1,1,546,90.2,0,-1.0,0,0,0,639,359
2291,28731,28730171,11109,500,-1,-1,1,526,90.0,0,-1.0,0,0,0,639,359
2292,28742,28741275,11104,500,-1,-1,1,528,90.0,0,-1.0,0,0,0,639,359
2293,28753,28752383,11108,500,-1,-1,1,524,90.0,0,-1.0,0,0,0,639,359
2294,28764,28763499,11116,500,-1,-1,1,525,90.0,0,-1.0,0,0,0,639,359
2295,28775,28774603,11104,500,-1,-1,1,523,90.1,0,-1.0,0,0,0,639,359
2296,28787,28785714,11111,500,-1,-1,1,525,90.1,1,-1.0,0,0,0,639,359
2297,28798,28796829,11115,500,-1,-1,1,543,90.1,0,-1.0,0,0,0,639,359
2298,28809,28807934,11105,500,-1,-1,1,545,90.1,0,-1.0,0,0,0,639,359
2299,28820,28819044,11110,500,-1,-1,1,541,90.1,0,-1.0,0,0,0,639,359
2300,28831,28830151,11107,500,-1,-1,1,527,90.2,0,-1.0,0,0,0,639,359
2301,28842,28841261,11110,500,-1,-1,1,526,90.0,0,-1.0,0,0,0,639,359
2302,28853,28852367,11106,500,-1,-1,1,527,90.0,0,-1.0,0,0,0,639,359
2303,28864,28863478,11111,500,-1,-1,1,526,90.0,0,-1.0,0,0,0,639,359
2304,28875,28874590,11112,500,-1,-1,1,525,90.1,0,-1.0,0,0,0,639,359
2305,28887,28885695,11105,500,-1,-1,1,524,90.1,1,-1.0,0,0,0,639,359
2306,28898,28896809,11114,500,-1,-1,1,546,90.1,0,-1.0,0,0,0,639,359
2307,28909,28907920,11111,500,-1,-1,1,644,90.1,0,-1.0,0,0,0,639,359
2308,28920,28919027,11107,500,-1,-1,1,525,90.1,0,-1.0,0,0,0,639,359
2309,28931,28930138,11111,500,-1,-1,1,526,90.0,0,-1.0,0,0,0,639,359
2310,28942,28941242,11104,500,-1,-1,1,525,90.0,0,-1.0,0,0,0,639,359
2311,28953,28952351,11109,500,-1,-1,1,528,90.0,0,-1.0,0,0,0,639,359
2312,28964,28963462,11111,500,-1,-1,1,527,90.0,0,-1.0,0,0,0,639,359
2313,28976,28974572,11110,500,-1,-1,1,527,90.0,0,-1.0,0,0,0,639,359
2314,28987,28985679,11107,500,-1,-1,1,529,90.1,1,-1.0,0,0,0,639,359
2315,28998,28996794,11115,500,-1,-1,1,529,90.1,0,-1.0,0,0,0,639,359
2316,29009,29007901,11107,500,-1,-1,1,663,90.1,0,-1.0,0,0,0,639,359
2317,29020,29019011,11110,500,-1,-1,1,525,90.0,0,-1.0,0,0,0,639,359
2318,29031,29030119,11108,500,-1,-1,1,524,90.0,0,-1.0,0,0,0,639,359
2319,29042,29041228,11109,500,-1,-1,1,524,90.0,0,-1.0,0,0,0,639,359
2320,29053,29052333,11105,500,-1,-1,1,525,90.0,0,-1.0,0,0,0,639,359
2321,29064,29063447,11114,500,-1,-1,1,523,90.0,0,-1.0,0,0,0,639,359
2322,29075,29074555,11108,500,-1,-1,1,524,90.0,0,-1.0,0,0,0,639,359
2323,29086,29085664,11109,500,-1,-1,1,527,90.1,1,-1.0,0,0,0,639,359
2324,29098,29096774,11110,500,-1,-1,1,546,90.1,0,-1.0,0,0,0,639,359
2325,29109,29107885,11111,500,-1,-1,1,534,90.1,0,-1.0,0,0,0,639,359
2326,29120,29118992,11107,500,-1,-1,1,534,90.1,0,-1.0,0,0,0,639,359
2327,29131,29130100,11108,500,-1,-1,1,526,90.1,0,-1.0,0,0,0,639,359
2328,29142,29141210,11110,500,-1,-1,1,527,90.0,0,-1.0,0,0,0,639,359
2329,29153,29152322,11112,500,-1,-1,1,525,90.0,0,-1.0,0,0,0,639,359
2330,29164,29163427,11105,500,-1,-1,1,527,90.0,0,-1.0,0,0,0,639,359
2331,29175,29174540,11113,500,-1,-1,1,524,90.0,0,-1.0,0,0,0,639,359
2332,29186,29185647,11107,500,-1,-1,1,525,90.0,1,-1.0,0,0,0,639,359
2333,29198,29196759,11112,500,-1,-1,1,546,90.1,0,-1.0,0,0,0,639,359
2334,29209,29207866,11107,500,-1,-1,1,547,90.1,0,-1.0,0,0,0,639,359
2335,29220,29218974,11108,500,-1,-1,1,536,90.1,0,-1.0,0,0,0,639,359
2336,29231,29230083,11109,500,-1,-1,1,527,90.1,0,-1.0,0,0,0,639,359
2337,29242,29241196,11113,500,-1,-1,1,525,90.0,0,-1.0,0,0,0,639,359
2338,29253,29252299,11103,500,-1,-1,1,527,90.0,0,-1.0,0,0,0,639,359
2339,29264,29263409,11110,500,-1,-1,1,528,90.0,0,-1.0,0,0,0,639,359
2340,29328,29274519,11110,500,-1,-1,1,611,85.3,0,-1.0,0,0,0,639,359
2341,29328,29318939,44420,500,-1,-1,1,789,86.2,1,-1.0,0,0,0,639,359
2342,29332,29330064,11125,500,-1,-1,1,625,87.0,0,-1.0,0,0,0,639,359
2343,29342,29341176,11112,500,-1,-1,1,525,87.0,0,-1.0,0,0,0,639,359
2344,29392,29385592,44416,500,-1,-1,1,636,20.4,0,-1.0,0,0,0,639,359
2345,29398,29396731,11139,500,-1,-1,1,558,36.4,0,-1.0,0,0,0,639,359
2346,29409,29407830,11099,500,-1,-1,1,630,45.5,0,-1.0,0,0,0,639,359
2347,29420,29418944,11114,500,-1,-1,1,528,51.9,0,-1.0,0,0,0,639,359
2348,29431,29430046,11102,500,-1,-1,1,527,56.8,0,-1.0,0,0,0,639,359
2349,29442,29441160,11114,500,-1,-1,1,526,60.6,0,-1.0,0,0,0,639,359
2350,29453,29452268,11108,500,-1,-1,1,528,63.1,1,-1.0,0,0,0,639,359
2351,29464,29463383,11115,500,-1,-1,1,545,65.6,0,-1.0,0,0,0,639,359
2352,29475,29474487,11104,500,-1,-1,1,544,67.7,0,-1.0,0,0,0,639,359
2353,29486,29485596,11109,500,-1,-1,1,538,69.4,0,-1.0,0,0,0,639,359
2354,29498,29496707,11111,500,-1,-1,1,524,71.0,0,-1.0,0,0,0,639,359
2355,29509,29507819,11112,500,-1,-1,1,526,72.3,0,-1.0,0,0,0,639,359
2356,29520,29518921,11102,500,-1,-1,1,524,73.4,0,-1.0,0,0,0,639,359
2357,29531,29530031,11110,500,-1,-1,1,525,74.5,0,-1.0,0,0,0,639,359
2358,29542,29541141,11110,500,-1,-1,1,528,75.4,0,-1.0,0,0,0,639,359
2359,29553,29552248,11107,500,-1,-1,1,527,75.8,1,-1.0,0,0,0,639,359
2360,29564,29563364,11116,500,-1,-1,1,535,76.6,0,-1.0,0,0,0,639,359
2361,29575,29574474,11110,500,-1,-1,1,530,77.3,0,-1.0,0,0,0,639,359
2362,29586,29585577,11103,500,-1,-1,1,525,77.9,0,-1.0,0,0,0,639,359
2363,29598,29596690,11113,500,-1,-1,1,530,78.4,0,-1.0,0,0,0,639,359
2364,29609,29607797,11107,500,-1,-1,1,524,78.9,0,-1.0,0,0,0,639,359
2365,29620,29618910,11113,500,-1,-1,1,525,79.4,0,-1.0,0,0,0,639,359
2366,29631,29630012,11102,500,-1,-1,1,524,79.9,0,-1.0,0,0,0,639,359
2367,29642,29641122,11110,500,-1,-1,1,525,80.0,0,-1.0,0,0,0,639,359
2368,29653,29652226,11104,500,-1,-1,1,528,80.4,1,-1.0,0,0,0,639,359
2369,29664,29663348,11122,500,-1,-1,1,544,80.7,0,-1.0,0,0,0,639,359
2370,29675,29674450,11102,500,-1,-1,1,541,81.1,0,-1.0,0,0,0,639,359
2371,29687,29685563,11113,500,-1,-1,1,526,81.4,0,-1.0,0,0,0,639,359
2372,29698,29696670,11107,500,-1,-1,1,628,81.7,0,-1.0,0,0,0,639,359
2373,29709,29707779,11109,500,-1,-1,1,530,82.0,0,-1.0,0,0,0,639,359
2374,29720,29718884,11105,500,-1,-1,1,526,82.2,0,-1.0,0,0,0,639,359
2375,29731,29729997,11113,500,-1,-1,1,524,82.5,0,-1.0,0,0,0,639,359
2376,29742,29741105,11108,500,-1,-1,1,525,82.7,0,-1.0,0,0,0,639,359
2377,29753,29752216,11111,500,-1,-1,1,526,82.7,1,-1.0,0,0,0,639,359
2378,29764,29763330,11114,500,-1,-1,1,546,82.9,0,-1.0,0,0,0,639,359
2379,29775,29774438,11108,500,-1,-1,1,547,83.1,0,-1.0,0,0,0,639,359
2380,29786,29785546,11108,500,-1,-1,1,543,83.3,0,-1.0,0,0,0,639,359
2381,29797,29796654,11108,500,-1,-1,1,528,83.5,0,-1.0,0,0,0,639,359
2382,29809,29807760,11106,500,-1,-1,1,528,83.7,0,-1.0,0,0,0,639,359
2383,29820,29818873,11113,500,-1,-1,1,526,83.9,0,-1.0,0,0,0,639,359
2384,29831,29829979,11106,500,-1,-1,1,526,84.0,0,-1.0,0,0,0,639,359
2385,29842,29841089,11110,500,-1,-1,1,526,84.2,0,-1.0,0,0,0,639,359
2386,29853,29852196,11107,500,-1,-1,1,526,84.1,1,-1.0,0,0,0,639,359
2387,29864,29863312,11116,500,-1,-1,1,546,84.3,0,-1.0,0,0,0,639,359
2388,29875,29874421,11109,500,-1,-1,1,545,84.4,0,-1.0,0,0,0,639,359
2389,29886,29885532,11111,500,-1,-1,1,541,84.6,0,-1.0,0,0,0,639,359
2390,29897,29896637,11105,500,-1,-1,1,525,84.7,0,-1.0,0,0,0,639,359
2391,29909,29907747,11110,500,-1,-1,1,524,84.8,0,-1.0,0,0,0,639,359
2392,29920,29918854,11107,500,-1,-1,1,525,84.9,0,-1.0,0,0,0,639,359
2393,29931,29929962,11108,500,-1,-1,1,525,85.0,0,-1.0,0,0,0,639,359
2394,29942,29941070,11108,500,-1,-1,1,527,85.1,0,-1.0,0,0,0,639,359
2395,29953,29952180,11110,500,-1,-1,1,527,85.1,1,-1.0,0,0,0,639,359
2396,29964,29963294,11114,500,-1,-1,1,534,85.2,0,-1.0,0,0,0,639,359
2397,29975,29974405,11111,500,-1,-1,1,531,85.3,0,-1.0,0,0,0,639,359
2398,29986,29985510,11105,500,-1,-1,1,534,85.4,0,-1.0,0,0,0,639,359
2399,29998,29996621,11111,500,-1,-1,1,525,85.5,0,-1.0,0,0,0,639,359
2400,30009,30007727,11106,500,-1,-1,1,524,85.6,0,-1.0,0,0,0,639,359
2401,30020,30018836,11109,500,-1,-1,1,525,85.7,0,-1.0,0,0,0,639,359
2402,30031,30029942,11106,500,-1,-1,1,525,85.8,0,-1.0,0,0,0,639,359
2403,30042,30041057,11115,500,-1,-1,1,525,85.7,0,-1.0,0,0,0,639,359
2404,30053,30052163,11106,500,-1,-1,1,526,85.8,1,-1.0,0,0,0,639,359
2405,30064,30063282,11119,500,-1,-1,1,545,85.9,0,-1.0,0,0,0,639,359
2406,30075,30074384,11102,500,-1,-1,1,523,85.9,0,-1.0,0,0,0,639,359
2407,30087,30085497,11113,500,-1,-1,1,524,85.9,0,-1.0,0,0,0,639,359
2408,30097,30096601,11104,500,-1,-1,1,633,86.1,0,-1.0,0,0,0,639,359
2409,30109,30107715,11114,500,-1,-1,1,528,86.2,0,-1.0,0,0,0,639,359
2410,30120,30118818,11103,500,-1,-1,1,525,86.2,0,-1.0,0,0,0,639,359
2411,30131,30129928,11110,500,-1,-1,1,525,86.3,0,-1.0,0,0,0,639,359
2412,30142,30141035,11107,500,-1,-1,1,527,86.4,0,-1.0,0,0,0,639,359
2413,30153,30152149,11114,500,-1,-1,1,526,86.4,1,-1.0,0,0,0,639,359
2414,30164,30163261,11112,500,-1,-1,1,546,86.4,0,-1.0,0,0,0,639,359
2415,30175,30174369,11108,500,-1,-1,1,546,86.4,0,-1.0,0,0,0,639,359
2416,30186,30185479,11110,500,-1,-1,1,525,86.5,0,-1.0,0,0,0,639,359
2417,30197,30196589,11110,500,-1,-1,1,600,86.5,0,-1.0,0,0,0,639,359
2418,30209,30207718,11129,500,-1,-1,1,525,86.6,0,-1.0,0,0,0,639,359
2419,30220,30218803,11085,500,-1,-1,1,531,86.7,0,-1.0,0,0,0,639,359
2420,30231,30229908,11105,500,-1,-1,1,526,86.7,0,-1.0,0,0,0,639,359
2421,30242,30241021,11113,500,-1,-1,1,530,86.8,0,-1.0,0,0,0,639,359
2422,30253,30252128,11107,500,-1,-1,1,527,86.8,1,-1.0,0,0,0,639,359
2423,30264,30263243,11115,500,-1,-1,1,544,86.8,0,-1.0,0,0,0,639,359
2424,30275,30274348,11105,500,-1,-1,1,544,86.8,0,-1.0,0,0,0,639,359
2425,30286,30285463,11115,500,-1,-1,1,526,86.9,0,-1.0,0,0,0,639,359
2426,30297,30296567,11104,500,-1,-1,1,631,86.9,0,-1.0,0,0,0,639,359
2427,30309,30307681,11114,500,-1,-1,1,527,87.0,0,-1.0,0,0,0,639,359
2428,30320,30318786,11105,500,-1,-1,1,526,87.0,0,-1.0,0,0,0,639,359
2429,30331,30329898,11112,500,-1,-1,1,525,87.0,0,-1.0,0,0,0,639,359
2430,30400,30341005,11107,500,-1,-1,1,610,82.3,0,-1.0,0,0,0,639,359
2431,30446,30440980,99975,500,-1,-1,1,609,21.3,1,-1.0,0,0,0,639,359
2432,30453,30452101,11121,500,-1,-1,1,545,37.7,0,-1.0,0,0,0,639,359
2433,30464,30463208,11107,500,-1,-1,1,545,46.2,0,-1.0,0,0,0,639,359
2434,30475,30474317,11109,500,-1,-1,1,523,52.6,0,-1.0,0,0,0,639,359
2435,30487,30485428,11111,500,-1,-1,1,526,57.5,0,-1.0,0,0,0,639,359
2436,30497,30496535,11107,500,-1,-1,1,530,61.2,0,-1.0,0,0,0,639,359
2437,30508,30507641,11106,500,-1,-1,1,530,64.2,0,-1.0,0,0,0,639,359
2438,30520,30518750,11109,500,-1,-1,1,527,66.7,0,-1.0,0,0,0,639,359
2439,30531,30529860,11110,500,-1,-1,1,527,68.7,0,-1.0,0,0,0,639,359
2440,30542,30540970,11110,500,-1,-1,1,529,70.4,1,-1.0,0,0,0,639,359
2441,30553,30552086,11116,500,-1,-1,1,545,71.9,0,-1.0,0,0,0,639,359
2442,30564,30563191,11105,500,-1,-1,1,546,72.7,0,-1.0,0,0,0,639,359
2443,30575,30574302,11111,500,-1,-1,1,527,73.9,0,-1.0,0,0,0,639,359
2444,30586,30585408,11106,500,-1,-1,1,613,74.9,0,-1.0,0,0,0,639,359
2445,30597,30596519,11111,500,-1,-1,1,525,75.8,0,-1.0,0,0,0,639,359
2446,30608,30607621,11102,500,-1,-1,1,527,76.6,0,-1.0,0,0,0,639,359
2447,30620,30618733,11112,500,-1,-1,1,527,77.3,0,-1.0,0,0,0,639,359
2448,30631,30629840,11107,500,-1,-1,1,525,77.9,0,-1.0,0,0,0,639,359
2449,30642,30640951,11111,500,-1,-1,1,525,78.5,1,-1.0,0,0,0,639,359
2450,30653,30652066,11115,500,-1,-1,1,546,79.1,0,-1.0,0,0,0,639,359
2451,30664,30663176,11110,500,-1,-1,1,545,79.2,0,-1.0,0,0,0,639,359
2452,30675,30674282,11106,500,-1,-1,1,525,79.7,0,-1.0,0,0,0,639,359
2453,30686,30685394,11112,500,-1,-1,1,605,80.1,0,-1.0,0,0,0,639,359
2454,30697,30696501,11107,500,-1,-1,1,525,80.5,0,-1.0,0,0,0,639,359
2455,30709,30707610,11109,500,-1,-1,1,525,80.9,0,-1.0,0,0,0,639,359
2456,30720,30718718,11108,500,-1,-1,1,526,81.2,0,-1.0,0,0,0,639,359
2457,30731,30729827,11109,500,-1,-1,1,526,81.6,0,-1.0,0,0,0,639,359
2458,30742,30740933,11106,500,-1,-1,1,527,81.9,1,-1.0,0,0,0,639,359
2459,30753,30752050,11117,500,-1,-1,1,535,81.9,0,-1.0,0,0,0,639,359
2460,30764,30763155,11105,500,-1,-1,1,534,82.2,0,-1.0,0,0,0,639,359
2461,30775,30774265,11110,500,-1,-1,1,527,82.4,0,-1.0,0,0,0,639,359
2462,30786,30785369,11104,500,-1,-1,1,631,82.7,0,-1.0,0,0,0,639,359
2463,30797,30796485,11116,500,-1,-1,1,525,82.9,0,-1.0,0,0,0,639,359
2464,30808,30807591,11106,500,-1,-1,1,524,83.1,0,-1.0,0,0,0,639,359
2465,30820,30818701,11110,500,-1,-1,1,524,83.3,0,-1.0,0,0,0,639,359
2466,30831,30829810,11109,500,-1,-1,1,524,83.5,0,-1.0,0,0,0,639,359
2467,30842,30840922,11112,500,-1,-1,1,528,83.7,1,-1.0,0,0,0,639,359
2468,30853,30852032,11110,500,-1,-1,1,545,83.9,0,-1.0,0,0,0,639,359
2469,30864,30863137,11105,500,-1,-1,1,543,84.1,0,-1.0,0,0,0,639,359
2470,30875,30874248,11111,500,-1,-1,1,529,84.0,0,-1.0,0,0,0,639,359
2471,30886,30885360,11112,500,-1,-1,1,527,84.2,0,-1.0,0,0,0,639,359
2472,30897,30896463,11103,500,-1,-1,1,527,84.3,0,-1.0,0,0,0,639,359
2473,30908,30907573,11110,500,-1,-1,1,528,84.5,0,-1.0,0,0,0,639,359
2474,30919,30918680,11107,500,-1,-1,1,526,84.6,0,-1.0,0,0,0,639,359
2475,30931,30929795,11115,500,-1,-1,1,523,84.7,0,-1.0,0,0,0,639,359
2476,30942,30940901,11106,500,-1,-1,1,525,84.9,1,-1.0,0,0,0,639,359
2477,30953,30952016,11115,500,-1,-1,1,546,85.0,0,-1.0,0,0,0,639,359
2478,30964,30963122,11106,500,-1,-1,1,545,85.1,0,-1.0,0,0,0,639,359
2479,30975,30974230,11108,500,-1,-1,1,534,85.1,0,-1.0,0,0,0,639,359
2480,30986,30985340,11110,500,-1,-1,1,525,85.2,0,-1.0,0,0,0,639,359
2481,30997,30996451,11111,500,-1,-1,1,525,85.3,0,-1.0,0,0,0,639,359
2482,31008,31007556,11105,500,-1,-1,1,526,85.4,0,-1.0,0,0,0,639,359
2483,31020,31018664,11108,500,-1,-1,1,528,85.5,0,-1.0,0,0,0,639,359
2484,31031,31029775,11111,500,-1,-1,1,525,85.6,0,-1.0,0,0,0,639,359
2485,31042,31040882,11107,500,-1,-1,1,526,85.7,1,-1.0,0,0,0,639,359
2486,31053,31051998,11116,500,-1,-1,1,546,85.8,0,-1.0,0,0,0,639,359
2487,31064,31063107,11109,500,-1,-1,1,543,85.7,0,-1.0,0,0,0,639,359
2488,31075,31074214,11107,500,-1,-1,1,525,85.8,0,-1.0,0,0,0,639,359
2489,31086,31085324,11110,500,-1,-1,1,605,85.9,0,-1.0,0,0,0,639,359
2490,31097,31096432,11108,500,-1,-1,1,526,86.0,0,-1.0,0,0,0,639,359
2491,31108,31107539,11107,500,-1,-1,1,527,86.0,0,-1.0,0,0,0,639,359
2492,31119,31118647,11108,500,-1,-1,1,527,86.1,0,-1.0,0,0,0,639,359
2493,31131,31129759,11112,500,-1,-1,1,526,86.2,0,-1.0,0,0,0,639,359
2494,31142,31140866,11107,500,-1,-1,1,527,86.3,1,-1.0,0,0,0,639,359
2495,31153,31151980,11114,500,-1,-1,1,553,86.2,0,-1.0,0,0,0,639,359
2496,31164,31163086,11106,500,-1,-1,1,543,86.4,0,-1.0,0,0,0,639,359
2497,31175,31174200,11114,500,-1,-1,1,524,86.3,0,-1.0,0,0,0,639,359
2498,31186,31185304,11104,500,-1,-1,1,604,86.4,0,-1.0,0,0,0,639,359
2499,31197,31196418,11114,500,-1,-1,1,525,86.5,0,-1.0,0,0,0,639,359
2500,31208,31207524,11106,500,-1,-1,1,526,86.5,0,-1.0,0,0,0,639,359
2501,31219,31218631,11107,500,-1,-1,1,525,86.6,0,-1.0,0,0,0,639,359
2502,31231,31229739,11108,500,-1,-1,1,525,86.6,0,-1.0,0,0,0,639,359
2503,31242,31240852,11113,500,-1,-1,1,527,86.7,1,-1.0,0,0,0,639,359
2504,31253,31251967,11115,500,-1,-1,1,538,86.8,0,-1.0,0,0,0,639,359
2505,31264,31263071,11104,500,-1,-1,1,535,86.8,0,-1.0,0,0,0,639,359
2506,31275,31274182,11111,500,-1,-1,1,534,86.8,0,-1.0,0,0,0,639,359
2507,31286,31285290,11108,500,-1,-1,1,525,86.8,0,-1.0,0,0,0,639,359
2508,31297,31296395,11105,500,-1,-1,1,525,86.9,0,-1.0,0,0,0,639,359
2509,31308,31307510,11115,500,-1,-1,1,524,86.9,0,-1.0,0,0,0,639,359
2510,31319,31318616,11106,500,-1,-1,1,524,87.0,0,-1.0,0,0,0,639,359
2511,31331,31329724,11108,500,-1,-1,1,528,87.0,0,-1.0,0,0,0,639,359
2512,31342,31340832,11108,500,-1,-1,1,525,87.0,1,-1.0,0,0,0,639,359
2513,31353,31351948,11116,500,-1,-1,1,544,87.1,0,-1.0,0,0,0,639,359
2514,31364,31363053,11105,500,-1,-1,1,541,87.1,0,-1.0,0,0,0,639,359
2515,31375,31374163,11110,500,-1,-1,1,544,87.1,0,-1.0,0,0,0,639,359
2516,31386,31385271,11108,500,-1,-1,1,529,87.1,0,-1.0,0,0,0,639,359
2517,31397,31396383,11112,500,-1,-1,1,528,87.2,0,-1.0,0,0,0,639,359
2518,31408,31407487,11104,500,-1,-1,1,527,87.2,0,-1.0,0,0,0,639,359
2519,31424,31418599,11112,500,-1,-1,1,584,62.5,0,-1.0,0,0,0,639,359
2520,31488,31429766,11167,500,-1,-1,1,609,25.3,0,-1.0,0,0,0,639,359
2521,31489,31485238,55472,500,-1,-1,1,601,37.5,1,-1.0,0,0,0,639,359
2522,31497,31496364,11126,500,-1,-1,1,526,44.9,0,-1.0,0,0,0,639,359
2523,31508,31507471,11107,500,-1,-1,1,525,50.0,0,-1.0,0,0,0,639,359
2524,31520,31518687,11216,500,-1,-1,1,633,54.1,0,-1.0,0,0,0,639,359
2525,31531,31529692,11005,500,-1,-1,1,545,57.4,0,-1.0,0,0,0,639,359
2526,31542,31540798,11106,500,-1,-1,1,546,60.2,0,-1.0,0,0,0,639,359
2527,31553,31551910,11112,500,-1,-1,1,610,62.1,0,-1.0,0,0,0,639,359
2528,31564,31563019,11109,500,-1,-1,1,628,64.5,0,-1.0,0,0,0,639,359
2529,31575,31574127,11108,500,-1,-1,1,524,66.3,0,-1.0,0,0,0,639,359
2530,31586,31585234,11107,500,-1,-1,1,524,67.4,1,-1.0,0,0,0,639,359
2531,31597,31596351,11117,500,-1,-1,1,545,68.8,0,-1.0,0,0,0,639,359
2532,31608,31607457,11106,500,-1,-1,1,546,70.0,0,-1.0,0,0,0,639,359
2533,31619,31618566,11109,500,-1,-1,1,553,71.1,0,-1.0,0,0,0,639,359
2534,31631,31629672,11106,500,-1,-1,1,634,72.1,0,-1.0,0,0,0,639,359
2535,31642,31640785,11113,500,-1,-1,1,527,73.0,0,-1.0,0,0,0,639,359
2536,31653,31651896,11111,500,-1,-1,1,528,73.8,0,-1.0,0,0,0,639,359
2537,31664,31663000,11104,500,-1,-1,1,524,74.5,0,-1.0,0,0,0,639,359
2538,31675,31674109,11109,500,-1,-1,1,525,75.2,0,-1.0,0,0,0,639,359
2539,31686,31685219,11110,500,-1,-1,1,528,75.5,1,-1.0,0,0,0,639,359
2540,31697,31696333,11114,500,-1,-1,1,529,76.1,0,-1.0,0,0,0,639,359
2541,31708,31707441,11108,500,-1,-1,1,546,76.7,0,-1.0,0,0,0,639,359
2542,31719,31718547,11106,500,-1,-1,1,525,77.2,0,-1.0,0,0,0,639,359
2543,31731,31729657,11110,500,-1,-1,1,627,77.6,0,-1.0,0,0,0,639,359
2544,31742,31740765,11108,500,-1,-1,1,532,78.1,0,-1.0,0,0,0,639,359
2545,31753,31751874,11109,500,-1,-1,1,524,78.5,0,-1.0,0,0,0,639,359
2546,31764,31762982,11108,500,-1,-1,1,525,78.9,0,-1.0,0,0,0,639,359
2547,31775,31774092,11110,500,-1,-1,1,528,79.0,0,-1.0,0,0,0,639,359
2548,31786,31785199,11107,500,-1,-1,1,529,79.4,1,-1.0,0,0,0,639,359
2549,31797,31796314,11115,500,-1,-1,1,545,79.7,0,-1.0,0,0,0,639,359
2550,31808,31807419,11105,500,-1,-1,1,542,80.0,0,-1.0,0,0,0,639,359
2551,31820,31818533,11114,500,-1,-1,1,529,80.3,0,-1.0,0,0,0,639,359
2552,31830,31829639,11106,500,-1,-1,1,632,80.6,0,-1.0,0,0,0,639,359
2553,31842,31840751,11112,500,-1,-1,1,526,80.8,0,-1.0,0,0,0,639,359
2554,31853,31851853,11102,500,-1,-1,1,529,81.1,0,-1.0,0,0,0,639,359
2555,31864,31862964,11111,500,-1,-1,1,527,81.3,0,-1.0,0,0,0,639,359
2556,31875,31874078,11114,500,-1,-1,1,524,81.5,0,-1.0,0,0,0,639,359
2557,31886,31885188,11110,500,-1,-1,1,633,81.6,1,-1.0,0,0,0,639,359
2558,31897,31896297,11109,500,-1,-1,1,642,81.8,0,-1.0,0,0,0,639,359
2559,31908,31907406,11109,500,-1,-1,1,543,82.0,0,-1.0,0,0,0,639,359
2560,31919,31918512,11106,500,-1,-1,1,556,82.2,0,-1.0,0,0,0,639,359
2561,31930,31929625,11113,500,-1,-1,1,627,82.4,0,-1.0,0,0,0,639,359
2562,31942,31940730,11105,500,-1,-1,1,527,82.6,0,-1.0,0,0,0,639,359
2563,31953,31951842,11112,500,-1,-1,1,527,82.7,0,-1.0,0,0,0,639,359
2564,31964,31962947,11105,500,-1,-1,1,527,82.9,0,-1.0,0,0,0,639,359
2565,31975,31974061,11114,500,-1,-1,1,526,83.0,0,-1.0,0,0,0,639,359
2566,31986,31985162,11101,500,-1,-1,1,525,83.0,1,-1.0,0,0,0,639,359
2567,31997,31996281,11119,500,-1,-1,1,546,83.2,0,-1.0,0,0,0,639,359
2568,32008,32007390,11109,500,-1,-1,1,550,83.3,0,-1.0,0,0,0,639,359
2569,32019,32018498,11108,500,-1,-1,1,553,83.5,0,-1.0,0,0,0,639,359
2570,32030,32029606,11108,500,-1,-1,1,632,83.6,0,-1.0,0,0,0,639,359
2571,32042,32040717,11111,500,-1,-1,1,529,83.7,0,-1.0,0,0,0,639,359
2572,32053,32051819,11102,500,-1,-1,1,529,83.9,0,-1.0,0,0,0,639,359
2573,32064,32062933,11114,500,-1,-1,1,527,84.0,0,-1.0,0,0,0,639,359
2574,32075,32074040,11107,500,-1,-1,1,540,84.1,0,-1.0,0,0,0,639,359
2575,32086,32085149,11109,500,-1,-1,1,528,84.1,1,-1.0,0,0,0,639,359
2576,32097,32096263,11114,500,-1,-1,1,526,84.2,0,-1.0,0,0,0,639,359
2577,32108,32107369,11106,500,-1,-1,1,542,84.3,0,-1.0,0,0,0,639,359
2578,32119,32118482,11113,500,-1,-1,1,555,84.4,0,-1.0,0,0,0,639,359
2579,32131,32129594,11112,500,-1,-1,1,524,84.5,0,-1.0,0,0,0,639,359
2580,32141,32140701,11107,500,-1,-1,1,524,84.6,0,-1.0,0,0,0,639,359
2581,32153,32151806,11105,500,-1,-1,1,526,84.7,0,-1.0,0,0,0,639,359
2582,32164,32162913,11107,500,-1,-1,1,525,84.8,0,-1.0,0,0,0,639,359
2583,32175,32174024,11111,500,-1,-1,1,528,84.7,0,-1.0,0,0,0,639,359
2584,32186,32185134,11110,500,-1,-1,1,523,84.9,1,-1.0,0,0,0,639,359
2585,32197,32196248,11114,500,-1,-1,1,536,84.9,0,-1.0,0,0,0,639,359
2586,32208,32207353,11105,500,-1,-1,1,533,85.0,0,-1.0,0,0,0,639,359
2587,32220,32218470,11117,500,-1,-1,1,524,85.1,0,-1.0,0,0,0,639,359
2588,32230,32229572,11102,500,-1,-1,1,632,85.2,0,-1.0,0,0,0,639,359
2589,32241,32240680,11108,500,-1,-1,1,526,85.2,0,-1.0,0,0,0,639,359
2590,32253,32251787,11107,500,-1,-1,1,525,85.3,0,-1.0,0,0,0,639,359
2591,32264,32262899,11112,500,-1,-1,1,529,85.4,0,-1.0,0,0,0,639,359
2592,32275,32274006,11107,500,-1,-1,1,524,85.5,0,-1.0,0,0,0,639,359
2593,32286,32285116,11110,500,-1,-1,1,528,85.5,1,-1.0,0,0,0,639,359
2594,32297,32296229,11113,500,-1,-1,1,545,85.5,0,-1.0,0,0,0,639,359
2595,32308,32307336,11107,500,-1,-1,1,531,85.6,0,-1.0,0,0,0,639,359
2596,32319,32318444,11108,500,-1,-1,1,609,85.6,0,-1.0,0,0,0,639,359
2597,32330,32329555,11111,500,-1,-1,1,629,85.7,0,-1.0,0,0,0,639,359
2598,32341,32340663,11108,500,-1,-1,1,527,85.7,0,-1.0,0,0,0,639,359
2599,32353,32351771,11108,500,-1,-1,1,527,85.8,0,-1.0,0,0,0,639,359
2600,32364,32362879,11108,500,-1,-1,1,526,85.9,0,-1.0,0,0,0,639,359
2601,32375,32373990,11111,500,-1,-1,1,526,85.9,0,-1.0,0,0,0,639,359
2602,32386,32385098,11108,500,-1,-1,1,526,86.0,1,-1.0,0,0,0,639,359
2603,32397,32396216,11118,500,-1,-1,1,545,85.9,0,-1.0,0,0,0,639,359
2604,32408,32407322,11106,500,-1,-1,1,546,86.0,0,-1.0,0,0,0,639,359
2605,32446,32440640,33318,500,-1,-1,1,584,27.0,0,-1.0,0,0,0,639,359
2606,32453,32451758,11118,500,-1,-1,1,527,45.5,0,-1.0,0,0,0,639,359
2607,32464,32462863,11105,500,-1,-1,1,527,54.5,0,-1.0,0,0,0,639,359
2608,32475,32473969,11106,500,-1,-1,1,534,60.6,0,-1.0,0,0,0,639,359
2609,32486,32485081,11112,500,-1,-1,1,530,64.1,0,-1.0,0,0,0,639,359
2610,32559,32496188,11107,500,-1,-1,1,1170,39.7,0,-1.0,0,0,0,639,359
2611,32560,32551722,55534,500,-1,-1,1,605,46.1,1,-1.0,0,0,0,639,359
2612,32564,32562844,11122,500,-1,-1,1,629,51.6,0,-1.0,0,0,0,639,359
2613,32575,32573961,11117,500,-1,-1,1,539,54.2,0,-1.0,0,0,0,639,359
2614,32586,32585063,11102,500,-1,-1,1,526,56.5,0,-1.0,0,0,0,639,359
2615,32598,32596175,11112,500,-1,-1,1,526,58.2,0,-1.0,0,0,0,639,359
2616,32608,32607285,11110,500,-1,-1,1,530,60.0,0,-1.0,0,0,0,639,359
2617,32619,32618394,11109,500,-1,-1,1,606,61.6,0,-1.0,0,0,0,639,359
2618,32630,32629501,11107,500,-1,-1,1,526,63.1,0,-1.0,0,0,0,639,359
2619,32641,32640615,11114,500,-1,-1,1,525,64.4,0,-1.0,0,0,0,639,359
2620,32653,32651720,11105,500,-1,-1,1,525,65.6,1,-1.0,0,0,0,639,359
2621,32664,32662838,11118,500,-1,-1,1,545,66.7,0,-1.0,0,0,0,639,359
2622,32675,32673942,11104,500,-1,-1,1,547,67.7,0,-1.0,0,0,0,639,359
2623,32686,32685055,11113,500,-1,-1,1,555,68.6,0,-1.0,0,0,0,639,359
2624,32697,32696160,11105,500,-1,-1,1,629,69.2,0,-1.0,0,0,0,639,359
2625,32708,32707268,11108,500,-1,-1,1,525,70.0,0,-1.0,0,0,0,639,359
2626,32719,32718377,11109,500,-1,-1,1,526,70.7,0,-1.0,0,0,0,639,359
2627,32730,32729485,11108,500,-1,-1,1,527,71.4,0,-1.0,0,0,0,639,359
2628,32741,32740593,11108,500,-1,-1,1,529,72.1,0,-1.0,0,0,0,639,359
2629,32753,32751705,11112,500,-1,-1,1,528,72.7,1,-1.0,0,0,0,639,359
2630,32764,32762817,11112,500,-1,-1,1,531,73.2,0,-1.0,0,0,0,639,359
2631,32775,32773924,11107,500,-1,-1,1,532,73.8,0,-1.0,0,0,0,639,359
2632,32786,32785031,11107,500,-1,-1,1,589,74.3,0,-1.0,0,0,0,639,359
2633,32797,32796142,11111,500,-1,-1,1,628,74.6,0,-1.0,0,0,0,639,359
2634,32808,32807253,11111,500,-1,-1,1,527,75.0,0,-1.0,0,0,0,639,359
2635,32819,32818360,11107,500,-1,-1,1,525,75.4,0,-1.0,0,0,0,639,359
2636,32830,32829467,11107,500,-1,-1,1,525,75.8,0,-1.0,0,0,0,639,359
2637,32842,32840578,11111,500,-1,-1,1,526,76.2,0,-1.0,0,0,0,639,359
2638,32852,32851686,11108,500,-1,-1,1,525,76.6,1,-1.0,0,0,0,639,359
2639,32864,32862799,11113,500,-1,-1,1,545,76.9,0,-1.0,0,0,0,639,359
2640,32875,32873904,11105,500,-1,-1,1,545,77.3,0,-1.0,0,0,0,639,359
2641,32886,32885014,11110,500,-1,-1,1,589,77.4,0,-1.0,0,0,0,639,359
2642,32897,32896123,11109,500,-1,-1,1,632,77.7,0,-1.0,0,0,0,639,359
2643,32908,32907233,11110,500,-1,-1,1,527,78.0,0,-1.0,0,0,0,639,359
2644,32919,32918339,11106,500,-1,-1,1,528,78.3,0,-1.0,0,0,0,639,359
2645,32930,32929451,11112,500,-1,-1,1,524,78.5,0,-1.0,0,0,0,639,359
2646,32941,32940555,11104,500,-1,-1,1,527,78.8,0,-1.0,0,0,0,639,359
2647,32952,32951669,11114,500,-1,-1,1,525,79.0,1,-1.0,0,0,0,639,359
2648,32964,32962783,11114,500,-1,-1,1,549,79.3,0,-1.0,0,0,0,639,359
2649,32975,32973891,11108,500,-1,-1,1,550,79.5,0,-1.0,0,0,0,639,359
2650,32986,32985001,11110,500,-1,-1,1,611,79.7,0,-1.0,0,0,0,639,359
2651,32997,32996113,11112,500,-1,-1,1,631,79.8,0,-1.0,0,0,0,639,359
2652,33008,33007215,11102,500,-1,-1,1,526,80.0,0,-1.0,0,0,0,639,359
2653,33019,33018325,11110,500,-1,-1,1,526,80.2,0,-1.0,0,0,0,639,359
2654,33030,33029432,11107,500,-1,-1,1,525,80.4,0,-1.0,0,0,0,639,359
2655,33041,33040543,11111,500,-1,-1,1,525,80.6,0,-1.0,0,0,0,639,359
2656,33052,33051651,11108,500,-1,-1,1,528,80.7,1,-1.0,0,0,0,639,359
2657,33064,33062768,11117,500,-1,-1,1,546,80.9,0,-1.0,0,0,0,639,359
2658,33075,33073870,11102,500,-1,-1,1,545,81.1,0,-1.0,0,0,0,639,359
2659,33086,33084983,11113,500,-1,-1,1,608,81.2,0,-1.0,0,0,0,639,359
2660,33097,33096089,11106,500,-1,-1,1,627,81.3,0,-1.0,0,0,0,639,359
2661,33108,33107202,11113,500,-1,-1,1,525,81.4,0,-1.0,0,0,0,639,359
2662,33119,33118305,11103,500,-1,-1,1,524,81.6,0,-1.0,0,0,0,639,359
2663,33130,33129418,11113,500,-1,-1,1,525,81.7,0,-1.0,0,0,0,639,359
2664,33141,33140523,11105,500,-1,-1,1,525,81.9,0,-1.0,0,0,0,639,359
2665,33153,33151635,11112,500,-1,-1,1,527,82.0,1,-1.0,0,0,0,639,359
2666,33164,33162747,11112,500,-1,-1,1,542,82.1,0,-1.0,0,0,0,639,359
2667,33175,33173855,11108,500,-1,-1,1,538,82.2,0,-1.0,0,0,0,639,359
2668,33186,33184960,11105,500,-1,-1,1,590,82.4,0,-1.0,0,0,0,639,359
2669,33197,33196074,11114,500,-1,-1,1,630,82.4,0,-1.0,0,0,0,639,359
2670,33208,33207182,11108,500,-1,-1,1,526,82.5,0,-1.0,0,0,0,639,359
2671,33219,33218291,11109,500,-1,-1,1,529,82.6,0,-1.0,0,0,0,639,359
2672,33230,33229399,11108,500,-1,-1,1,527,82.7,0,-1.0,0,0,0,639,359
2673,33241,33240509,11110,500,-1,-1,1,524,82.8,0,-1.0,0,0,0,639,359
2674,33252,33251615,11106,500,-1,-1,1,526,82.9,1,-1.0,0,0,0,639,359
2675,33264,33262733,11118,500,-1,-1,1,545,83.0,0,-1.0,0,0,0,639,359
2676,33275,33273836,11103,500,-1,-1,1,546,83.1,0,-1.0,0,0,0,639,359
2677,33286,33284948,11112,500,-1,-1,1,588,83.1,0,-1.0,0,0,0,639,359
2678,33297,33296057,11109,500,-1,-1,1,629,83.2,0,-1.0,0,0,0,639,359
2679,33308,33307166,11109,500,-1,-1,1,525,83.4,0,-1.0,0,0,0,639,359
2680,33319,33318268,11102,500,-1,-1,1,530,83.4,0,-1.0,0,0,0,639,359
2681,33330,33329380,11112,500,-1,-1,1,527,83.5,0,-1.0,0,0,0,639,359
2682,33341,33340490,11110,500,-1,-1,1,527,83.6,0,-1.0,0,0,0,639,359
2683,33352,33351601,11111,500,-1,-1,1,528,83.7,1,-1.0,0,0,0,639,359
2684,33364,33362713,11112,500,-1,-1,1,529,83.8,0,-1.0,0,0,0,639,359
2685,33375,33373821,11108,500,-1,-1,1,545,83.9,0,-1.0,0,0,0,639,359
2686,33386,33384933,11112,500,-1,-1,1,634,83.9,0,-1.0,0,0,0,639,359
2687,33397,33396039,11106,500,-1,-1,1,631,83.9,0,-1.0,0,0,0,639,359
2688,33408,33407150,11111,500,-1,-1,1,527,84.1,0,-1.0,0,0,0,639,359
2689,33419,33418257,11107,500,-1,-1,1,525,90.9,0,-1.0,0,0,0,639,359
2690,33430,33429363,11106,500,-1,-1,1,524,90.9,0,-1.0,0,0,0,639,359
2691,33441,33440478,11115,500,-1,-1,1,525,90.9,0,-1.0,0,0,0,639,359
2692,33452,33451581,11103,500,-1,-1,1,526,90.9,1,-1.0,0,0,0,639,359
2693,33464,33462701,11120,500,-1,-1,1,547,90.9,0,-1.0,0,0,0,639,359
2694,33475,33473807,11106,500,-1,-1,1,545,90.9,0,-1.0,0,0,0,639,359
2695,33486,33484913,11106,500,-1,-1,1,612,90.9,0,-1.0,0,0,0,639,359
2696,33497,33496022,11109,500,-1,-1,1,632,90.9,0,-1.0,0,0,0,639,359
2697,33508,33507135,11113,500,-1,-1,1,529,90.0,0,-1.0,0,0,0,639,359
2698,33519,33518238,11103,500,-1,-1,1,529,90.1,0,-1.0,0,0,0,639,359
2699,33530,33529353,11115,500,-1,-1,1,527,90.2,0,-1.0,0,0,0,639,359
2700,33605,33540455,11102,500,-1,-1,1,611,61.2,0,-1.0,0,0,0,639,359
2701,33606,33595986,55531,500,-1,-1,1,2183,65.3,1,-1.0,0,0,0,639,359
2702,33609,33607107,11121,500,-1,-1,1,612,70.0,0,-1.0,0,0,0,639,359
2703,33619,33618227,11120,500,-1,-1,1,528,71.1,0,-1.0,0,0,0,639,359
2704,33630,33629334,11107,500,-1,-1,1,525,72.1,0,-1.0,0,0,0,639,359
2705,33641,33640444,11110,500,-1,-1,1,602,73.0,0,-1.0,0,0,0,639,359
2706,33652,33651553,11109,500,-1,-1,1,535,73.8,0,-1.0,0,0,0,639,359
2707,33663,33662659,11106,500,-1,-1,1,532,74.5,0,-1.0,0,0,0,639,359
2708,33675,33673766,11107,500,-1,-1,1,528,75.2,0,-1.0,0,0,0,639,359
2709,33686,33684877,11111,500,-1,-1,1,525,75.8,0,-1.0,0,0,0,639,359
2710,33697,33695986,11109,500,-1,-1,1,525,76.4,1,-1.0,0,0,0,639,359
2711,33708,33707103,11117,500,-1,-1,1,545,76.9,0,-1.0,0,0,0,639,359
2712,33719,33718203,11100,500,-1,-1,1,545,77.2,0,-1.0,0,0,0,639,359
2713,33730,33729316,11113,500,-1,-1,1,590,77.6,0,-1.0,0,0,0,639,359
2714,33741,33740428,11112,500,-1,-1,1,630,78.1,0,-1.0,0,0,0,639,359
2715,33752,33751536,11108,500,-1,-1,1,527,78.5,0,-1.0,0,0,0,639,359
2716,33763,33762639,11103,500,-1,-1,1,527,78.9,0,-1.0,0,0,0,639,359
2717,33775,33773748,11109,500,-1,-1,1,528,79.2,0,-1.0,0,0,0,639,359
2718,33786,33784860,11112,500,-1,-1,1,527,79.6,0,-1.0,0,0,0,639,359
2719,33797,33795970,11110,500,-1,-1,1,526,79.9,1,-1.0,0,0,0,639,359
2720,33808,33807080,11110,500,-1,-1,1,527,80.2,0,-1.0,0,0,0,639,359
2721,33819,33818190,11110,500,-1,-1,1,544,80.3,0,-1.0,0,0,0,639,359
2722,33830,33829298,11108,500,-1,-1,1,612,80.6,0,-1.0,0,0,0,639,359
2723,33841,33840410,11112,500,-1,-1,1,630,80.8,0,-1.0,0,0,0,639,359
2724,33852,33851516,11106,500,-1,-1,1,539,81.1,0,-1.0,0,0,0,639,359
2725,33864,33862623,11107,500,-1,-1,1,527,81.3,0,-1.0,0,0,0,639,359
2726,33875,33873732,11109,500,-1,-1,1,525,81.5,0,-1.0,0,0,0,639,359
2727,33886,33884842,11110,500,-1,-1,1,529,81.8,0,-1.0,0,0,0,639,359
2728,33897,33895956,11114,500,-1,-1,1,526,82.0,1,-1.0,0,0,0,639,359
2729,33908,33907067,11111,500,-1,-1,1,530,82.0,0,-1.0,0,0,0,639,359
2730,33919,33918172,11105,500,-1,-1,1,532,82.2,0,-1.0,0,0,0,639,359
2731,33930,33929285,11113,500,-1,-1,1,613,82.4,0,-1.0,0,0,0,639,359
2732,33941,33940390,11105,500,-1,-1,1,628,82.6,0,-1.0,0,0,0,639,359
2733,33952,33951501,11111,500,-1,-1,1,540,82.7,0,-1.0,0,0,0,639,359
2734,33963,33962606,11105,500,-1,-1,1,524,82.9,0,-1.0,0,0,0,639,359
2735,33974,33973719,11113,500,-1,-1,1,524,83.0,0,-1.0,0,0,0,639,359
2736,33986,33984822,11103,500,-1,-1,1,525,83.2,0,-1.0,0,0,0,639,359
2737,33997,33995936,11114,500,-1,-1,1,525,83.3,1,-1.0,0,0,0,639,359
2738,34008,34007047,11111,500,-1,-1,1,546,83.5,0,-1.0,0,0,0,639,359
2739,34019,34018154,11107,500,-1,-1,1,548,83.5,0,-1.0,0,0,0,639,359
2740,34030,34029265,11111,500,-1,-1,1,612,83.6,0,-1.0,0,0,0,639,359
2741,34041,34040371,11106,500,-1,-1,1,631,83.7,0,-1.0,0,0,0,639,359
2742,34052,34051481,11110,500,-1,-1,1,527,83.9,0,-1.0,0,0,0,639,359
2743,34063,34062588,11107,500,-1,-1,1,526,84.0,0,-1.0,0,0,0,639,359
2744,34074,34073700,11112,500,-1,-1,1,524,84.1,0,-1.0,0,0,0,639,359
2745,34086,34084808,11108,500,-1,-1,1,526,84.2,0,-1.0,0,0,0,639,359
2746,34097,34095916,11108,500,-1,-1,1,525,84.3,1,-1.0,0,0,0,639,359
2747,34108,34107030,11114,500,-1,-1,1,546,84.4,0,-1.0,0,0,0,639,359
2748,34119,34118138,11108,500,-1,-1,1,546,84.4,0,-1.0,0,0,0,639,359
2749,34130,34129251,11113,500,-1,-1,1,610,84.5,0,-1.0,0,0,0,639,359
2750,34141,34140358,11107,500,-1,-1,1,609,84.6,0,-1.0,0,0,0,639,359
2751,34152,34151473,11115,500,-1,-1,1,527,84.7,0,-1.0,0,0,0,639,359
2752,34163,34162572,11099,500,-1,-1,1,528,84.8,0,-1.0,0,0,0,639,359
2753,34175,34173685,11113,500,-1,-1,1,525,84.9,0,-1.0,0,0,0,639,359
2754,34186,34184791,11106,500,-1,-1,1,529,84.9,0,-1.0,0,0,0,639,359
2755,34197,34195898,11107,500,-1,-1,1,525,85.0,1,-1.0,0,0,0,639,359
2756,34208,34207015,11117,500,-1,-1,1,546,85.1,0,-1.0,0,0,0,639,359
2757,34219,34218121,11106,500,-1,-1,1,544,85.1,0,-1.0,0,0,0,639,359
2758,34230,34229235,11114,500,-1,-1,1,627,85.2,0,-1.0,0,0,0,639,359
2759,34241,34240342,11107,500,-1,-1,1,632,85.2,0,-1.0,0,0,0,639,359
2760,34252,34251448,11106,500,-1,-1,1,525,85.3,0,-1.0,0,0,0,639,359
2761,34264,34262555,11107,500,-1,-1,1,527,85.4,0,-1.0,0,0,0,639,359
2762,34274,34273663,11108,500,-1,-1,1,527,85.5,0,-1.0,0,0,0,639,359
2763,34286,34284775,11112,500,-1,-1,1,528,85.5,0,-1.0,0,0,0,639,359
2764,34297,34295881,11106,500,-1,-1,1,526,85.6,1,-1.0,0,0,0,639,359
2765,34308,34307001,11120,500,-1,-1,1,543,85.6,0,-1.0,0,0,0,639,359
2766,34319,34318102,11101,500,-1,-1,1,545,85.7,0,-1.0,0,0,0,639,359
2767,34330,34329215,11113,500,-1,-1,1,627,85.7,0,-1.0,0,0,0,639,359
2768,34341,34340319,11104,500,-1,-1,1,628,85.7,0,-1.0,0,0,0,639,359
2769,34352,34351434,11115,500,-1,-1,1,526,85.8,0,-1.0,0,0,0,639,359
2770,34363,34362537,11103,500,-1,-1,1,524,85.9,0,-1.0,0,0,0,639,359
2771,34374,34373651,11114,500,-1,-1,1,525,85.9,0,-1.0,0,0,0,639,359
2772,34386,34384756,11105,500,-1,-1,1,525,86.0,0,-1.0,0,0,0,639,359
2773,34397,34395865,11109,500,-1,-1,1,527,86.0,1,-1.0,0,0,0,639,359
2774,34408,34406978,11113,500,-1,-1,1,540,86.1,0,-1.0,0,0,0,639,359
2775,34419,34418090,11112,500,-1,-1,1,534,86.1,0,-1.0,0,0,0,639,359
2776,34453,34451470,33380,500,-1,-1,1,526,28.6,0,-1.0,0,0,0,639,359
2777,34463,34462526,11056,500,-1,-1,1,526,44.4,0,-1.0,0,0,0,639,359
2778,34474,34473632,11106,500,-1,-1,1,525,53.6,0,-1.0,0,0,0,639,359
2779,34486,34484742,11110,500,-1,-1,1,528,59.7,0,-1.0,0,0,0,639,359
2780,34497,34495847,11105,500,-1,-1,1,524,64.1,0,-1.0,0,0,0,639,359
2781,34508,34506958,11111,500,-1,-1,1,528,67.4,0,-1.0,0,0,0,639,359
2782,34519,34518065,11107,500,-1,-1,1,527,70.0,1,-1.0,0,0,0,639,359
2783,34530,34529181,11116,500,-1,-1,1,530,71.4,0,-1.0,0,0,0,639,359
2784,34541,34540287,11106,500,-1,-1,1,529,73.2,0,-1.0,0,0,0,639,359
2785,34552,34551402,11115,500,-1,-1,1,625,74.6,0,-1.0,0,0,0,639,359
2786,34563,34562507,11105,500,-1,-1,1,626,75.9,0,-1.0,0,0,0,639,359
2787,34575,34573617,11110,500,-1,-1,1,524,76.9,0,-1.0,0,0,0,639,359
2788,34586,34584723,11106,500,-1,-1,1,527,77.8,0,-1.0,0,0,0,639,359
2789,34597,34595833,11110,500,-1,-1,1,524,78.7,0,-1.0,0,0,0,639,359
2790,34671,34606937,11104,500,-1,-1,1,613,59.3,0,-1.0,0,0,0,639,359
2791,34672,34662471,55534,500,-1,-1,1,786,63.0,1,-1.0,0,0,0,639,359
2792,34675,34673597,11126,500,-1,-1,1,629,66.1,0,-1.0,0,0,0,639,359
2793,34686,34684708,11111,500,-1,-1,1,527,67.4,0,-1.0,0,0,0,639,359
2794,34697,34695812,11104,500,-1,-1,1,525,68.3,0,-1.0,0,0,0,639,359
2795,34708,34706929,11117,500,-1,-1,1,628,69.0,0,-1.0,0,0,0,639,359
2796,34719,34718035,11106,500,-1,-1,1,546,70.0,0,-1.0,0,0,0,639,359
2797,34730,34729148,11113,500,-1,-1,1,527,70.7,0,-1.0,0,0,0,639,359
2798,34741,34740252,11104,500,-1,-1,1,524,71.2,0,-1.0,0,0,0,639,359
2799,34752,34751363,11111,500,-1,-1,1,528,71.9,0,-1.0,0,0,0,639,359
2800,34763,34762471,11108,500,-1,-1,1,525,72.5,1,-1.0,0,0,0,639,359
2801,34774,34773587,11116,500,-1,-1,1,544,73.0,0,-1.0,0,0,0,639,359
2802,34786,34784687,11100,500,-1,-1,1,638,73.6,0,-1.0,0,0,0,639,359
2803,34797,34795845,11158,500,-1,-1,1,640,73.9,0,-1.0,0,0,0,639,359
2804,34808,34806951,11106,500,-1,-1,1,526,74.6,0,-1.0,0,0,0,639,359
2805,34819,34818017,11066,500,-1,-1,1,532,75.0,0,-1.0,0,0,0,639,359
2806,34830,34829122,11105,500,-1,-1,1,528,75.4,0,-1.0,0,0,0,639,359
2807,34841,34840235,11113,500,-1,-1,1,527,75.7,0,-1.0,0,0,0,639,359
2808,34852,34851346,11111,500,-1,-1,1,527,76.0,0,-1.0,0,0,0,639,359
2809,34863,34862455,11109,500,-1,-1,1,526,76.4,1,-1.0,0,0,0,639,359
2810,34874,34873567,11112,500,-1,-1,1,547,76.8,0,-1.0,0,0,0,639,359
2811,34886,34884674,11107,500,-1,-1,1,546,77.1,0,-1.0,0,0,0,639,359
2812,34897,34895784,11110,500,-1,-1,1,628,77.4,0,-1.0,0,0,0,639,359
2813,34908,34906899,11115,500,-1,-1,1,629,77.7,0,-1.0,0,0,0,639,359
2814,34919,34918001,11102,500,-1,-1,1,525,78.0,0,-1.0,0,0,0,639,359
2815,34930,34929112,11111,500,-1,-1,1,529,78.1,0,-1.0,0,0,0,639,359
2816,34941,34940216,11104,500,-1,-1,1,526,78.4,0,-1.0,0,0,0,639,359
2817,34952,34951326,11110,500,-1,-1,1,525,78.7,0,-1.0,0,0,0,639,359
2818,34963,34962437,11111,500,-1,-1,1,526,78.9,1,-1.0,0,0,0,639,359
2819,34975,34973552,11115,500,-1,-1,1,548,79.1,0,-1.0,0,0,0,639,359
2820,34985,34984656,11104,500,-1,-1,1,545,79.4,0,-1.0,0,0,0,639,359
2821,34997,34995769,11113,500,-1,-1,1,628,79.6,0,-1.0,0,0,0,639,359
2822,35008,35006875,11106,500,-1,-1,1,632,79.8,0,-1.0,0,0,0,639,359
2823,35019,35017987,11112,500,-1,-1,1,528,80.0,0,-1.0,0,0,0,639,359
2824,35030,35029092,11105,500,-1,-1,1,526,80.2,0,-1.0,0,0,0,639,359
2825,35041,35040202,11110,500,-1,-1,1,528,80.3,0,-1.0,0,0,0,639,359
2826,35052,35051310,11108,500,-1,-1,1,528,80.4,0,-1.0,0,0,0,639,359
2827,35063,35062423,11113,500,-1,-1,1,527,80.6,1,-1.0,0,0,0,639,359
2828,35074,35073532,11109,500,-1,-1,1,532,80.8,0,-1.0,0,0,0,639,359
2829,35085,35084641,11109,500,-1,-1,1,546,81.0,0,-1.0,0,0,0,639,359
2830,35097,35095750,11109,500,-1,-1,1,630,81.1,0,-1.0,0,0,0,639,359
2831,35108,35106860,11110,500,-1,-1,1,627,81.3,0,-1.0,0,0,0,639,359
2832,35119,35117966,11106,500,-1,-1,1,528,81.4,0,-1.0,0,0,0,639,359
2833,35130,35129074,11108,500,-1,-1,1,527,81.6,0,-1.0,0,0,0,639,359
2834,35141,35140180,11106,500,-1,-1,1,524,81.6,0,-1.0,0,0,0,639,359
2835,35152,35151291,11111,500,-1,-1,1,526,81.7,0,-1.0,0,0,0,639,359
2836,35163,35162399,11108,500,-1,-1,1,524,81.9,1,-1.0,0,0,0,639,359
2837,35174,35173516,11117,500,-1,-1,1,547,82.0,0,-1.0,0,0,0,639,359
2838,35185,35184620,11104,500,-1,-1,1,546,82.1,0,-1.0,0,0,0,639,359
2839,35197,35195731,11111,500,-1,-1,1,627,82.3,0,-1.0,0,0,0,639,359
2840,35208,35206839,11108,500,-1,-1,1,629,82.4,0,-1.0,0,0,0,639,359
2841,35219,35217953,11114,500,-1,-1,1,535,82.5,0,-1.0,0,0,0,639,359
2842,35230,35229054,11101,500,-1,-1,1,528,82.6,0,-1.0,0,0,0,639,359
2843,35241,35240168,11114,500,-1,-1,1,529,82.6,0,-1.0,0,0,0,639,359
2844,35252,35251274,11106,500,-1,-1,1,527,82.7,0,-1.0,0,0,0,639,359
2845,35263,35262386,11112,500,-1,-1,1,526,82.8,1,-1.0,0,0,0,639,359
2846,35274,35273497,11111,500,-1,-1,1,545,82.9,0,-1.0,0,0,0,639,359
2847,35286,35284609,11112,500,-1,-1,1,545,83.0,0,-1.0,0,0,0,639,359
2848,35297,35295711,11102,500,-1,-1,1,627,83.1,0,-1.0,0,0,0,639,359
2849,35308,35306825,11114,500,-1,-1,1,629,83.2,0,-1.0,0,0,0,639,359
2850,35319,35317932,11107,500,-1,-1,1,524,83.3,0,-1.0,0,0,0,639,359
2851,35330,35329040,11108,500,-1,-1,1,529,83.3,0,-1.0,0,0,0,639,359
2852,35341,35340148,11108,500,-1,-1,1,526,83.5,0,-1.0,0,0,0,639,359
2853,35352,35351260,11112,500,-1,-1,1,527,83.5,0,-1.0,0,0,0,639,359
2854,35363,35362367,11107,500,-1,-1,1,526,83.6,1,-1.0,0,0,0,639,359
2855,35374,35373481,11114,500,-1,-1,1,544,83.7,0,-1.0,0,0,0,639,359
2856,35385,35384585,11104,500,-1,-1,1,545,83.8,0,-1.0,0,0,0,639,359
2857,35397,35395700,11115,500,-1,-1,1,628,83.8,0,-1.0,0,0,0,639,359
2858,35408,35406806,11106,500,-1,-1,1,627,83.9,0,-1.0,0,0,0,639,359
2859,35419,35417919,11113,500,-1,-1,1,527,84.0,0,-1.0,0,0,0,639,359
2860,35439,35429020,11101,500,-1,-1,1,704,50.0,0,-1.0,0,0,0,639,359
2861,35441,35440124,11104,500,-1,-1,1,523,90.9,0,-1.0,0,0,0,639,359
2862,35452,35451237,11113,500,-1,-1,1,524,88.2,0,-1.0,0,0,0,639,359
2863,35463,35462349,11112,500,-1,-1,1,527,88.9,1,-1.0,0,0,0,639,359
2864,35474,35473465,11116,500,-1,-1,1,538,89.3,0,-1.0,0,0,0,639,359
2865,35485,35484572,11107,500,-1,-1,1,535,89.6,0,-1.0,0,0,0,639,359
2866,35497,35495686,11114,500,-1,-1,1,625,89.7,0,-1.0,0,0,0,639,359
2867,35508,35506791,11105,500,-1,-1,1,631,89.9,0,-1.0,0,0,0,639,359
2868,35519,35517899,11108,500,-1,-1,1,527,90.0,0,-1.0,0,0,0,639,359
2869,35530,35529004,11105,500,-1,-1,1,525,90.1,0,-1.0,0,0,0,639,359
2870,35541,35540113,11109,500,-1,-1,1,525,90.2,0,-1.0,0,0,0,639,359
2871,35552,35551226,11113,500,-1,-1,1,525,89.6,0,-1.0,0,0,0,639,359
2872,35563,35562335,11109,500,-1,-1,1,525,89.7,1,-1.0,0,0,0,639,359
2873,35574,35573453,11118,500,-1,-1,1,545,89.7,0,-1.0,0,0,0,639,359
2874,35585,35584550,11097,500,-1,-1,1,547,89.8,0,-1.0,0,0,0,639,359
2875,35597,35595663,11113,500,-1,-1,1,631,89.9,0,-1.0,0,0,0,639,359
2876,35608,35606772,11109,500,-1,-1,1,630,89.9,0,-1.0,0,0,0,639,359
2877,35619,35617881,11109,500,-1,-1,1,525,90.0,0,-1.0,0,0,0,639,359
2878,35630,35628987,11106,500,-1,-1,1,526,90.0,0,-1.0,0,0,0,639,359
2879,35641,35640102,11115,500,-1,-1,1,523,89.7,0,-1.0,0,0,0,639,359
2880,35743,35651209,11107,500,-1,-1,1,529,64.8,0,-1.0,0,0,0,639,359
2881,35744,35740062,88853,500,-1,-1,1,520,67.7,1,-1.0,0,0,0,639,359
2882,35752,35751195,11133,500,-1,-1,1,631,68.9,0,-1.0,0,0,0,639,359
2883,35763,35762301,11106,500,-1,-1,1,532,69.6,0,-1.0,0,0,0,639,359
2884,35774,35773414,11113,500,-1,-1,1,544,70.2,0,-1.0,0,0,0,639,359
2885,35785,35784519,11105,500,-1,-1,1,525,70.8,0,-1.0,0,0,0,639,359
2886,35796,35795628,11109,500,-1,-1,1,631,71.4,0,-1.0,0,0,0,639,359
2887,35808,35806739,11111,500,-1,-1,1,525,72.0,0,-1.0,0,0,0,639,359
2888,35819,35817848,11109,500,-1,-1,1,528,72.5,0,-1.0,0,0,0,639,359
2889,35830,35828953,11105,500,-1,-1,1,524,73.0,0,-1.0,0,0,0,639,359
2890,35841,35840061,11108,500,-1,-1,1,528,73.5,1,-1.0,0,0,0,639,359
2891,35852,35851173,11112,500,-1,-1,1,541,73.7,0,-1.0,0,0,0,639,359
2892,35863,35862284,11111,500,-1,-1,1,530,74.2,0,-1.0,0,0,0,639,359
2893,35874,35873394,11110,500,-1,-1,1,629,74.6,0,-1.0,0,0,0,639,359
2894,35885,35884503,11109,500,-1,-1,1,632,74.9,0,-1.0,0,0,0,639,359
2895,35896,35895610,11107,500,-1,-1,1,527,75.3,0,-1.0,0,0,0,639,359
2896,35908,35906718,11108,500,-1,-1,1,524,75.7,0,-1.0,0,0,0,639,359
2897,35919,35917826,11108,500,-1,-1,1,644,76.0,0,-1.0,0,0,0,639,359
2898,35930,35928939,11113,500,-1,-1,1,524,76.3,0,-1.0,0,0,0,639,359
2899,35941,35940047,11108,500,-1,-1,1,524,76.6,1,-1.0,0,0,0,639,359
2900,35952,35951159,11112,500,-1,-1,1,542,76.8,0,-1.0,0,0,0,639,359
2901,35963,35962265,11106,500,-1,-1,1,543,77.1,0,-1.0,0,0,0,639,359
2902,35974,35973373,11108,500,-1,-1,1,648,77.3,0,-1.0,0,0,0,639,359
2903,35985,35984486,11113,500,-1,-1,1,632,77.6,0,-1.0,0,0,0,639,359
2904,35997,35995598,11112,500,-1,-1,1,525,77.9,0,-1.0,0,0,0,639,359
2905,36008,36006703,11105,500,-1,-1,1,529,78.1,0,-1.0,0,0,0,639,359
2906,36019,36017812,11109,500,-1,-1,1,526,78.3,0,-1.0,0,0,0,639,359
2907,36030,36028919,11107,500,-1,-1,1,525,78.6,0,-1.0,0,0,0,639,359
2908,36041,36040030,11111,500,-1,-1,1,523,78.7,1,-1.0,0,0,0,639,359
2909,36052,36051147,11117,500,-1,-1,1,545,78.9,0,-1.0,0,0,0,639,359
2910,36063,36062251,11104,500,-1,-1,1,546,79.1,0,-1.0,0,0,0,639,359
2911,36074,36073360,11109,500,-1,-1,1,627,79.3,0,-1.0,0,0,0,639,359
2912,36085,36084469,11109,500,-1,-1,1,632,79.5,0,-1.0,0,0,0,639,359
2913,36096,36095579,11110,500,-1,-1,1,525,79.6,0,-1.0,0,0,0,639,359
2914,36107,36106682,11103,500,-1,-1,1,524,79.8,0,-1.0,0,0,0,639,359
2915,36119,36117793,11111,500,-1,-1,1,529,80.0,0,-1.0,0,0,0,639,359
2916,36130,36128905,11112,500,-1,-1,1,526,80.2,0,-1.0,0,0,0,639,359
2917,36141,36140010,11105,500,-1,-1,1,527,80.3,1,-1.0,0,0,0,639,359
2918,36152,36151127,11117,500,-1,-1,1,525,80.4,0,-1.0,0,0,0,639,359
2919,36163,36162232,11105,500,-1,-1,1,527,80.5,0,-1.0,0,0,0,639,359
2920,36174,36173347,11115,500,-1,-1,1,629,80.7,0,-1.0,0,0,0,639,359
2921,36185,36184452,11105,500,-1,-1,1,635,80.8,0,-1.0,0,0,0,639,359
2922,36196,36195586,11134,500,-1,-1,1,524,81.0,0,-1.0,0,0,0,639,359
2923,36207,36206669,11083,500,-1,-1,1,525,81.1,0,-1.0,0,0,0,639,359
2924,36219,36217779,11110,500,-1,-1,1,527,81.2,0,-1.0,0,0,0,639,359
2925,36230,36228893,11114,500,-1,-1,1,525,81.4,0,-1.0,0,0,0,639,359
2926,36241,36239994,11101,500,-1,-1,1,530,81.5,1,-1.0,0,0,0,639,359
2927,36252,36251108,11114,500,-1,-1,1,541,81.6,0,-1.0,0,0,0,639,359
2928,36263,36262218,11110,500,-1,-1,1,530,81.7,0,-1.0,0,0,0,639,359
2929,36274,36273325,11107,500,-1,-1,1,626,81.8,0,-1.0,0,0,0,639,359
2930,36285,36284437,11112,500,-1,-1,1,635,81.9,0,-1.0,0,0,0,639,359
2931,36296,36295544,11107,500,-1,-1,1,527,82.0,0,-1.0,0,0,0,639,359
2932,36308,36306649,11105,500,-1,-1,1,526,82.1,0,-1.0,0,0,0,639,359
2933,36319,36317759,11110,500,-1,-1,1,526,82.2,0,-1.0,0,0,0,639,359
2934,36330,36328873,11114,500,-1,-1,1,524,82.3,0,-1.0,0,0,0,639,359
2935,36341,36339977,11104,500,-1,-1,1,525,82.4,1,-1.0,0,0,0,639,359
2936,36352,36351096,11119,500,-1,-1,1,547,82.4,0,-1.0,0,0,0,639,359
2937,36363,36362198,11102,500,-1,-1,1,547,82.5,0,-1.0,0,0,0,639,359
2938,36374,36373307,11109,500,-1,-1,1,625,82.6,0,-1.0,0,0,0,639,359
2939,36385,36384416,11109,500,-1,-1,1,632,82.7,0,-1.0,0,0,0,639,359
2940,36396,36395529,11113,500,-1,-1,1,527,82.8,0,-1.0,0,0,0,639,359
2941,36407,36406635,11106,500,-1,-1,1,526,82.9,0,-1.0,0,0,0,639,359
2942,36419,36417744,11109,500,-1,-1,1,527,83.0,0,-1.0,0,0,0,639,359
2943,36433,36428987,11243,500,-1,-1,1,524,66.7,0,-1.0,0,0,0,639,359
2944,36441,36439964,10977,500,-1,-1,1,527,90.9,1,-1.0,0,0,0,639,359
2945,36452,36451075,11111,500,-1,-1,1,547,90.9,0,-1.0,0,0,0,639,359
2946,36463,36462186,11111,500,-1,-1,1,545,88.9,0,-1.0,0,0,0,639,359
2947,36474,36473291,11105,500,-1,-1,1,627,89.3,0,-1.0,0,0,0,639,359
2948,36485,36484413,11122,500,-1,-1,1,626,89.6,0,-1.0,0,0,0,639,359
2949,36496,36495509,11096,500,-1,-1,1,525,89.7,0,-1.0,0,0,0,639,359
2950,36507,36506615,11106,500,-1,-1,1,525,89.9,0,-1.0,0,0,0,639,359
2951,36519,36517724,11109,500,-1,-1,1,529,90.0,0,-1.0,0,0,0,639,359
2952,36530,36528837,11113,500,-1,-1,1,559,90.1,0,-1.0,0,0,0,639,359
2953,36541,36539946,11109,500,-1,-1,1,525,90.2,1,-1.0,0,0,0,639,359
2954,36552,36551059,11113,500,-1,-1,1,538,90.2,0,-1.0,0,0,0,639,359
2955,36563,36562164,11105,500,-1,-1,1,536,89.7,0,-1.0,0,0,0,639,359
2956,36574,36573274,11110,500,-1,-1,1,631,89.7,0,-1.0,0,0,0,639,359
2957,36585,36584381,11107,500,-1,-1,1,629,89.8,0,-1.0,0,0,0,639,359
2958,36596,36595494,11113,500,-1,-1,1,528,89.9,0,-1.0,0,0,0,639,359
2959,36607,36606599,11105,500,-1,-1,1,524,89.9,0,-1.0,0,0,0,639,359
2960,36619,36617708,11109,500,-1,-1,1,525,90.0,0,-1.0,0,0,0,639,359
2961,36630,36628816,11108,500,-1,-1,1,522,90.0,0,-1.0,0,0,0,639,359
2962,36641,36639927,11111,500,-1,-1,1,525,90.1,1,-1.0,0,0,0,639,359
2963,36652,36651040,11113,500,-1,-1,1,547,90.1,0,-1.0,0,0,0,639,359
2964,36663,36662146,11106,500,-1,-1,1,538,89.8,0,-1.0,0,0,0,639,359
2965,36674,36673258,11112,500,-1,-1,1,629,89.8,0,-1.0,0,0,0,639,359
2966,36685,36684364,11106,500,-1,-1,1,633,89.9,0,-1.0,0,0,0,639,359
2967,36696,36695475,11111,500,-1,-1,1,528,89.9,0,-1.0,0,0,0,639,359
2968,36708,36706584,11109,500,-1,-1,1,526,90.0,0,-1.0,0,0,0,639,359
2969,36719,36717690,11106,500,-1,-1,1,526,90.0,0,-1.0,0,0,0,639,359
2970,36826,36728802,11112,500,-1,-1,1,528,68.6,0,-1.0,0,0,0,639,359
2971,36827,36817654,88852,500,-1,-1,1,727,70.9,1,-1.0,0,0,0,639,359
2972,36831,36828767,11113,500,-1,-1,1,571,72.8,0,-1.0,0,0,0,639,359
2973,36841,36839894,11127,500,-1,-1,1,526,73.5,0,-1.0,0,0,0,639,359
2974,36852,36851000,11106,500,-1,-1,1,543,73.9,0,-1.0,0,0,0,639,359
2975,36863,36862116,11116,500,-1,-1,1,631,74.2,0,-1.0,0,0,0,639,359
2976,36874,36873223,11107,500,-1,-1,1,527,74.6,0,-1.0,0,0,0,639,359
2977,36885,36884330,11107,500,-1,-1,1,603,74.9,0,-1.0,0,0,0,639,359
2978,36896,36895441,11111,500,-1,-1,1,526,75.3,0,-1.0,0,0,0,639,359
2979,36907,36906552,11111,500,-1,-1,1,527,75.7,0,-1.0,0,0,0,639,359
2980,36918,36917656,11104,500,-1,-1,1,525,76.0,1,-1.0,0,0,0,639,359
2981,36930,36928773,11117,500,-1,-1,1,546,76.3,0,-1.0,0,0,0,639,359
2982,36941,36939879,11106,500,-1,-1,1,543,76.6,0,-1.0,0,0,0,639,359
2983,36952,36950991,11112,500,-1,-1,1,628,76.9,0,-1.0,0,0,0,639,359
2984,36963,36962093,11102,500,-1,-1,1,708,77.1,0,-1.0,0,0,0,639,359
2985,36974,36973343,11250,500,-1,-1,1,526,77.3,0,-1.0,0,0,0,639,359
2986,36985,36984311,10968,500,-1,-1,1,526,77.6,0,-1.0,0,0,0,639,359
2987,36996,36995425,11114,500,-1,-1,1,528,77.9,0,-1.0,0,0,0,639,359
2988,37007,37006531,11106,500,-1,-1,1,527,78.1,0,-1.0,0,0,0,639,359
2989,37019,37017641,11110,500,-1,-1,1,528,78.3,1,-1.0,0,0,0,639,359
2990,37030,37028755,11114,500,-1,-1,1,530,78.6,0,-1.0,0,0,0,639,359
2991,37041,37039863,11108,500,-1,-1,1,532,78.8,0,-1.0,0,0,0,639,359
2992,37052,37050969,11106,500,-1,-1,1,628,79.0,0,-1.0,0,0,0,639,359
2993,37063,37062081,11112,500,-1,-1,1,630,79.1,0,-1.0,0,0,0,639,359
2994,37074,37073189,11108,500,-1,-1,1,527,79.3,0,-1.0,0,0,0,639,359
2995,37085,37084297,11108,500,-1,-1,1,526,79.5,0,-1.0,0,0,0,639,359
2996,37096,37095406,11109,500,-1,-1,1,525,79.6,0,-1.0,0,0,0,639,359
2997,37107,37106517,11111,500,-1,-1,1,528,79.8,0,-1.0,0,0,0,639,359
2998,37118,37117623,11106,500,-1,-1,1,527,80.0,1,-1.0,0,0,0,639,359
2999,37130,37128739,11116,500,-1,-1,1,544,80.2,0,-1.0,0,0,0,639,359
3000,37141,37139845,11106,500,-1,-1,1,556,80.3,0,-1.0,0,0,0,639,359
3001,37152,37150956,11111,500,-1,-1,1,632,80.4,0,-1.0,0,0,0,639,359
3002,37163,37162065,11109,500,-1,-1,1,634,80.5,0,-1.0,0,0,0,639,359
3003,37174,37173173,11108,500,-1,-1,1,529,80.8,0,-1.0,0,0,0,639,359
3004,37185,37184278,11105,500,-1,-1,1,527,80.8,0,-1.0,0,0,0,639,359
3005,37196,37195387,11109,500,-1,-1,1,526,81.0,0,-1.0,0,0,0,639,359
3006,37207,37206497,11110,500,-1,-1,1,523,81.1,0,-1.0,0,0,0,639,359
3007,37218,37217613,11116,500,-1,-1,1,526,81.2,1,-1.0,0,0,0,639,359
3008,37230,37228718,11105,500,-1,-1,1,544,81.4,0,-1.0,0,0,0,639,359
3009,37241,37239830,11112,500,-1,-1,1,543,81.5,0,-1.0,0,0,0,639,359
3010,37252,37250937,11107,500,-1,-1,1,605,81.6,0,-1.0,0,0,0,639,359
3011,37263,37262047,11110,500,-1,-1,1,632,81.7,0,-1.0,0,0,0,639,359
3012,37274,37273154,11107,500,-1,-1,1,528,81.9,0,-1.0,0,0,0,639,359
3013,37285,37284263,11109,500,-1,-1,1,530,81.9,0,-1.0,0,0,0,639,359
3014,37296,37295371,11108,500,-1,-1,1,526,82.0,0,-1.0,0,0,0,639,359
3015,37307,37306478,11107,500,-1,-1,1,526,82.1,0,-1.0,0,0,0,639,359
3016,37318,37317589,11111,500,-1,-1,1,527,82.2,1,-1.0,0,0,0,639,359
3017,37330,37328705,11116,500,-1,-1,1,544,82.3,0,-1.0,0,0,0,639,359
3018,37341,37339811,11106,500,-1,-1,1,545,82.4,0,-1.0,0,0,0,639,359
3019,37352,37350922,11111,500,-1,-1,1,632,82.5,0,-1.0,0,0,0,639,359
3020,37363,37362029,11107,500,-1,-1,1,636,82.5,0,-1.0,0,0,0,639,359
3021,37374,37373139,11110,500,-1,-1,1,527,82.6,0,-1.0,0,0,0,639,359
3022,37385,37384241,11102,500,-1,-1,1,527,82.7,0,-1.0,0,0,0,639,359
3023,37396,37395358,11117,500,-1,-1,1,528,82.8,0,-1.0,0,0,0,639,359
3024,37407,37406462,11104,500,-1,-1,1,526,82.9,0,-1.0,0,0,0,639,359
3025,37419,37417575,11113,500,-1,-1,1,528,83.0,1,-1.0,0,0,0,639,359
3026,37467,37462081,44506,500,-1,-1,1,608,21.3,0,-1.0,0,0,0,639,359
3027,37474,37473121,11040,500,-1,-1,1,523,37.0,0,-1.0,0,0,0,639,359
3028,37485,37484234,11113,500,-1,-1,1,526,45.5,0,-1.0,0,0,0,639,359
3029,37496,37495336,11102,500,-1,-1,1,525,51.9,0,-1.0,0,0,0,639,359
3030,37507,37506443,11107,500,-1,-1,1,528,56.8,0,-1.0,0,0,0,639,359
3031,37518,37517555,11112,500,-1,-1,1,525,60.6,0,-1.0,0,0,0,639,359
3032,37529,37528666,11111,500,-1,-1,1,528,63.6,0,-1.0,0,0,0,639,359
3033,37541,37539774,11108,500,-1,-1,1,527,66.1,0,-1.0,0,0,0,639,359
3034,37552,37550884,11110,500,-1,-1,1,528,68.2,1,-1.0,0,0,0,639,359
3035,37563,37561996,11112,500,-1,-1,1,530,69.9,0,-1.0,0,0,0,639,359
3036,37574,37573104,11108,500,-1,-1,1,528,71.4,0,-1.0,0,0,0,639,359
3037,37585,37584214,11110,500,-1,-1,1,629,72.3,0,-1.0,0,0,0,639,359
3038,37596,37595323,11109,500,-1,-1,1,645,73.4,0,-1.0,0,0,0,639,359
3039,37607,37606434,11111,500,-1,-1,1,525,74.5,0,-1.0,0,0,0,639,359
3040,37618,37617540,11106,500,-1,-1,1,526,75.4,0,-1.0,0,0,0,639,359
3041,37629,37628647,11107,500,-1,-1,1,526,76.2,0,-1.0,0,0,0,639,359
3042,37641,37639758,11111,500,-1,-1,1,528,76.9,0,-1.0,0,0,0,639,359
3043,37652,37650868,11110,500,-1,-1,1,526,77.6,1,-1.0,0,0,0,639,359
3044,37663,37661980,11112,500,-1,-1,1,541,78.2,0,-1.0,0,0,0,639,359
3045,37674,37673083,11103,500,-1,-1,1,534,78.7,0,-1.0,0,0,0,639,359
3046,37685,37684194,11111,500,-1,-1,1,633,78.9,0,-1.0,0,0,0,639,359
3047,37696,37695303,11109,500,-1,-1,1,635,79.4,0,-1.0,0,0,0,639,359
3048,37707,37706414,11111,500,-1,-1,1,528,79.9,0,-1.0,0,0,0,639,359
3049,37718,37717520,11106,500,-1,-1,1,528,80.3,0,-1.0,0,0,0,639,359
3050,37730,37728631,11111,500,-1,-1,1,525,80.6,0,-1.0,0,0,0,639,359
3051,37741,37739739,11108,500,-1,-1,1,524,81.0,0,-1.0,0,0,0,639,359
3052,37752,37750850,11111,500,-1,-1,1,524,81.3,1,-1.0,0,0,0,639,359
3053,37763,37761960,11110,500,-1,-1,1,544,81.6,0,-1.0,0,0,0,639,359
3054,37774,37773068,11108,500,-1,-1,1,542,81.7,0,-1.0,0,0,0,639,359
3055,37785,37784177,11109,500,-1,-1,1,607,82.0,0,-1.0,0,0,0,639,359
3056,37796,37795289,11112,500,-1,-1,1,632,82.2,0,-1.0,0,0,0,639,359
3057,37807,37806397,11108,500,-1,-1,1,525,82.5,0,-1.0,0,0,0,639,359
3058,37818,37817502,11105,500,-1,-1,1,527,82.7,0,-1.0,0,0,0,639,359
3059,37829,37828612,11110,500,-1,-1,1,527,82.9,0,-1.0,0,0,0,639,359
3060,37882,37839722,11110,500,-1,-1,1,613,75.8,0,-1.0,0,0,0,639,359
3061,37883,37873036,33314,500,-1,-1,1,788,77.8,1,-1.0,0,0,0,639,359
3062,37886,37884157,11121,500,-1,-1,1,629,79.4,0,-1.0,0,0,0,639,359
3063,37896,37895273,11116,500,-1,-1,1,525,79.7,0,-1.0,0,0,0,639,359
3064,37907,37906380,11107,500,-1,-1,1,526,79.9,0,-1.0,0,0,0,639,359
3065,37918,37917488,11108,500,-1,-1,1,634,80.2,0,-1.0,0,0,0,639,359
3066,37929,37928605,11117,500,-1,-1,1,541,80.4,0,-1.0,0,0,0,639,359
3067,37941,37939707,11102,500,-1,-1,1,535,80.6,0,-1.0,0,0,0,639,359
3068,37952,37950819,11112,500,-1,-1,1,570,80.8,0,-1.0,0,0,0,639,359
3069,37963,37961924,11105,500,-1,-1,1,633,81.0,0,-1.0,0,0,0,639,359
3070,37974,37973038,11114,500,-1,-1,1,526,81.2,1,-1.0,0,0,0,639,359
3071,37985,37984145,11107,500,-1,-1,1,530,81.3,0,-1.0,0,0,0,639,359
3072,37996,37995253,11108,500,-1,-1,1,605,81.5,0,-1.0,0,0,0,639,359
3073,38007,38006358,11105,500,-1,-1,1,526,81.6,0,-1.0,0,0,0,639,359
3074,38018,38017471,11113,500,-1,-1,1,525,81.8,0,-1.0,0,0,0,639,359
3075,38029,38028583,11112,500,-1,-1,1,526,82.0,0,-1.0,0,0,0,639,359
3076,38041,38039689,11106,500,-1,-1,1,528,82.1,0,-1.0,0,0,0,639,359
3077,38052,38050795,11106,500,-1,-1,1,525,82.3,0,-1.0,0,0,0,639,359
3078,38063,38061908,11113,500,-1,-1,1,524,82.4,0,-1.0,0,0,0,639,359
3079,38074,38073014,11106,500,-1,-1,1,526,82.6,1,-1.0,0,0,0,639,359
3080,38085,38084128,11114,500,-1,-1,1,534,82.6,0,-1.0,0,0,0,639,359
3081,38096,38095232,11104,500,-1,-1,1,535,82.7,0,-1.0,0,0,0,639,359
3082,38107,38106348,11116,500,-1,-1,1,607,82.8,0,-1.0,0,0,0,639,359
3083,38118,38117454,11106,500,-1,-1,1,635,83.0,0,-1.0,0,0,0,639,359
3084,38130,38128563,11109,500,-1,-1,1,524,83.1,0,-1.0,0,0,0,639,359
3085,38140,38139669,11106,500,-1,-1,1,526,83.2,0,-1.0,0,0,0,639,359
3086,38152,38150783,11114,500,-1,-1,1,526,83.3,0,-1.0,0,0,0,639,359
3087,38163,38161889,11106,500,-1,-1,1,524,83.4,0,-1.0,0,0,0,639,359
3088,38174,38173002,11113,500,-1,-1,1,526,83.6,1,-1.0,0,0,0,639,359
3089,38185,38184111,11109,500,-1,-1,1,544,83.6,0,-1.0,0,0,0,639,359
3090,38196,38195218,11107,500,-1,-1,1,540,83.7,0,-1.0,0,0,0,639,359
3091,38207,38206326,11108,500,-1,-1,1,629,83.8,0,-1.0,0,0,0,639,359
3092,38218,38217441,11115,500,-1,-1,1,529,83.9,0,-1.0,0,0,0,639,359
3093,38230,38228546,11105,500,-1,-1,1,1541,83.8,0,-1.0,0,0,0,639,359
3094,38240,38239661,11115,500,-1,-1,1,525,84.0,0,-1.0,0,0,0,639,359
3095,38252,38250760,11099,500,-1,-1,1,528,84.1,0,-1.0,0,0,0,639,359
3096,38263,38261875,11115,500,-1,-1,1,525,84.2,0,-1.0,0,0,0,639,359
3097,38274,38272985,11110,500,-1,-1,1,526,84.3,1,-1.0,0,0,0,639,359
3098,38285,38284098,11113,500,-1,-1,1,546,84.4,0,-1.0,0,0,0,639,359
3099,38296,38295202,11104,500,-1,-1,1,545,84.4,0,-1.0,0,0,0,639,359
3100,38307,38306314,11112,500,-1,-1,1,624,84.5,0,-1.0,0,0,0,639,359
3101,38318,38317421,11107,500,-1,-1,1,639,84.5,0,-1.0,0,0,0,639,359
3102,38329,38328533,11112,500,-1,-1,1,528,84.6,0,-1.0,0,0,0,639,359
3103,38340,38339637,11104,500,-1,-1,1,525,84.7,0,-1.0,0,0,0,639,359
3104,38352,38350745,11108,500,-1,-1,1,529,84.8,0,-1.0,0,0,0,639,359
3105,38363,38361853,11108,500,-1,-1,1,525,84.8,0,-1.0,0,0,0,639,359
3106,38374,38372964,11111,500,-1,-1,1,531,84.9,1,-1.0,0,0,0,639,359
3107,38385,38384078,11114,500,-1,-1,1,545,85.0,0,-1.0,0,0,0,639,359
3108,38396,38395185,11107,500,-1,-1,1,544,85.0,0,-1.0,0,0,0,639,359
3109,38407,38406294,11109,500,-1,-1,1,606,85.0,0,-1.0,0,0,0,639,359
3110,38418,38417406,11112,500,-1,-1,1,634,85.1,0,-1.0,0,0,0,639,359
3111,38429,38428513,11107,500,-1,-1,1,525,85.1,0,-1.0,0,0,0,639,359
3112,38441,38439625,11112,500,-1,-1,1,528,90.9,0,-1.0,0,0,0,639,359
3113,38452,38450730,11105,500,-1,-1,1,528,90.9,0,-1.0,0,0,0,639,359
3114,38463,38461839,11109,500,-1,-1,1,527,90.9,0,-1.0,0,0,0,639,359
3115,38474,38472948,11109,500,-1,-1,1,527,90.9,1,-1.0,0,0,0,639,359
3116,38485,38484060,11112,500,-1,-1,1,546,89.3,0,-1.0,0,0,0,639,359
3117,38496,38495168,11108,500,-1,-1,1,546,89.6,0,-1.0,0,0,0,639,359
3118,38507,38506278,11110,500,-1,-1,1,628,89.7,0,-1.0,0,0,0,639,359
3119,38518,38517386,11108,500,-1,-1,1,628,89.9,0,-1.0,0,0,0,639,359
3120,38530,38528496,11110,500,-1,-1,1,608,90.0,0,-1.0,0,0,0,639,359
3121,38540,38539605,11109,500,-1,-1,1,525,90.1,0,-1.0,0,0,0,639,359
3122,38552,38550714,11109,500,-1,-1,1,524,90.2,0,-1.0,0,0,0,639,359
3123,38563,38561821,11107,500,-1,-1,1,524,90.2,0,-1.0,0,0,0,639,359
3124,38574,38572931,11110,500,-1,-1,1,526,90.3,1,-1.0,0,0,0,639,359
3125,38585,38584044,11113,500,-1,-1,1,640,89.7,0,-1.0,0,0,0,639,359
3126,38596,38595153,11109,500,-1,-1,1,537,89.8,0,-1.0,0,0,0,639,359
3127,38607,38606261,11108,500,-1,-1,1,605,89.9,0,-1.0,0,0,0,639,359
3128,38618,38617369,11108,500,-1,-1,1,634,89.9,0,-1.0,0,0,0,639,359
3129,38629,38628479,11110,500,-1,-1,1,527,90.0,0,-1.0,0,0,0,639,359
3130,38640,38639585,11106,500,-1,-1,1,525,90.0,0,-1.0,0,0,0,639,359
3131,38652,38650696,11111,500,-1,-1,1,526,90.1,0,-1.0,0,0,0,639,359
3132,38663,38661802,11106,500,-1,-1,1,524,90.1,0,-1.0,0,0,0,639,359
3133,38674,38672914,11112,500,-1,-1,1,524,90.2,1,-1.0,0,0,0,639,359
3134,38685,38684029,11115,500,-1,-1,1,547,90.2,0,-1.0,0,0,0,639,359
3135,38696,38695133,11104,500,-1,-1,1,545,90.2,0,-1.0,0,0,0,639,359
3136,38707,38706245,11112,500,-1,-1,1,607,89.9,0,-1.0,0,0,0,639,359
3137,38718,38717353,11108,500,-1,-1,1,628,90.0,0,-1.0,0,0,0,639,359
3138,38729,38728466,11113,500,-1,-1,1,526,90.0,0,-1.0,0,0,0,639,359
3139,38740,38739567,11101,500,-1,-1,1,525,90.0,0,-1.0,0,0,0,639,359
3140,38752,38750678,11111,500,-1,-1,1,528,90.1,0,-1.0,0,0,0,639,359
3141,38763,38761787,11109,500,-1,-1,1,528,90.1,0,-1.0,0,0,0,639,359
3142,38774,38772899,11112,500,-1,-1,1,527,90.1,1,-1.0,0,0,0,639,359
3143,38785,38784010,11111,500,-1,-1,1,533,90.1,0,-1.0,0,0,0,639,359
3144,38796,38795118,11108,500,-1,-1,1,545,89.9,0,-1.0,0,0,0,639,359
3145,38807,38806228,11110,500,-1,-1,1,632,89.9,0,-1.0,0,0,0,639,359
3146,38818,38817335,11107,500,-1,-1,1,633,90.0,0,-1.0,0,0,0,639,359
3147,38829,38828448,11113,500,-1,-1,1,526,90.0,0,-1.0,0,0,0,639,359
3148,38840,38839556,11108,500,-1,-1,1,526,90.0,0,-1.0,0,0,0,639,359
3149,38851,38850660,11104,500,-1,-1,1,526,90.0,0,-1.0,0,0,0,639,359
3150,38910,38861772,11112,500,-1,-1,1,610,81.1,0,-1.0,0,0,0,639,359
3151,38911,38906192,44420,500,-1,-1,1,600,83.0,1,-1.0,0,0,0,639,359
3152,38918,38917327,11135,500,-1,-1,1,539,83.8,0,-1.0,0,0,0,639,359
3153,38929,38928430,11103,500,-1,-1,1,523,84.0,0,-1.0,0,0,0,639,359
3154,38940,38939540,11110,500,-1,-1,1,525,84.1,0,-1.0,0,0,0,639,359
3155,38951,38950647,11107,500,-1,-1,1,525,84.3,0,-1.0,0,0,0,639,359
3156,38963,38961759,11112,500,-1,-1,1,547,84.4,0,-1.0,0,0,0,639,359
3157,38974,38972864,11105,500,-1,-1,1,544,84.6,0,-1.0,0,0,0,639,359
3158,38985,38983975,11111,500,-1,-1,1,528,84.7,0,-1.0,0,0,0,639,359
3159,38996,38995085,11110,500,-1,-1,1,628,84.7,0,-1.0,0,0,0,639,359
3160,39007,39006192,11107,500,-1,-1,1,525,84.8,1,-1.0,0,0,0,639,359
3161,39018,39017304,11112,500,-1,-1,1,525,84.9,0,-1.0,0,0,0,639,359
3162,39029,39028408,11104,500,-1,-1,1,549,85.0,0,-1.0,0,0,0,639,359
3163,39040,39039519,11111,500,-1,-1,1,630,85.1,0,-1.0,0,0,0,639,359
3164,39051,39050632,11113,500,-1,-1,1,528,85.2,0,-1.0,0,0,0,639,359
3165,39063,39061738,11106,500,-1,-1,1,524,85.3,0,-1.0,0,0,0,639,359
3166,39074,39072843,11105,500,-1,-1,1,528,85.4,0,-1.0,0,0,0,639,359
3167,39085,39083956,11113,500,-1,-1,1,525,85.5,0,-1.0,0,0,0,639,359
3168,39096,39095065,11109,500,-1,-1,1,525,85.6,0,-1.0,0,0,0,639,359
3169,39107,39106175,11110,500,-1,-1,1,525,85.5,1,-1.0,0,0,0,639,359
3170,39118,39117286,11111,500,-1,-1,1,544,85.6,0,-1.0,0,0,0,639,359
3171,39129,39128394,11108,500,-1,-1,1,547,85.7,0,-1.0,0,0,0,639,359
3172,39140,39139502,11108,500,-1,-1,1,624,85.8,0,-1.0,0,0,0,639,359
3173,39152,39150615,11113,500,-1,-1,1,631,85.9,0,-1.0,0,0,0,639,359
3174,39163,39161719,11104,500,-1,-1,1,526,85.9,0,-1.0,0,0,0,639,359
3175,39174,39172831,11112,500,-1,-1,1,525,86.0,0,-1.0,0,0,0,639,359
3176,39185,39183937,11106,500,-1,-1,1,527,86.1,0,-1.0,0,0,0,639,359
3177,39196,39195048,11111,500,-1,-1,1,525,86.0,0,-1.0,0,0,0,639,359
3178,39207,39206155,11107,500,-1,-1,1,525,86.2,1,-1.0,0,0,0,639,359
3179,39218,39217271,11116,500,-1,-1,1,546,86.2,0,-1.0,0,0,0,639,359
3180,39229,39228374,11103,500,-1,-1,1,545,86.2,0,-1.0,0,0,0,639,359
3181,39240,39239485,11111,500,-1,-1,1,626,86.3,0,-1.0,0,0,0,639,359
3182,39251,39250597,11112,500,-1,-1,1,629,86.4,0,-1.0,0,0,0,639,359
3183,39263,39261708,11111,500,-1,-1,1,526,86.4,0,-1.0,0,0,0,639,359
3184,39274,39272810,11102,500,-1,-1,1,527,86.5,0,-1.0,0,0,0,639,359
3185,39285,39283921,11111,500,-1,-1,1,525,86.5,0,-1.0,0,0,0,639,359
3186,39296,39295028,11107,500,-1,-1,1,526,86.6,0,-1.0,0,0,0,639,359
3187,39307,39306143,11115,500,-1,-1,1,526,86.7,1,-1.0,0,0,0,639,359
3188,39318,39317252,11109,500,-1,-1,1,529,86.6,0,-1.0,0,0,0,639,359
3189,39329,39328358,11106,500,-1,-1,1,545,86.7,0,-1.0,0,0,0,639,359
3190,39340,39339471,11113,500,-1,-1,1,606,86.7,0,-1.0,0,0,0,639,359
3191,39351,39350582,11111,500,-1,-1,1,632,86.8,0,-1.0,0,0,0,639,359
3192,39363,39361689,11107,500,-1,-1,1,526,86.8,0,-1.0,0,0,0,639,359
3193,39374,39372793,11104,500,-1,-1,1,525,86.9,0,-1.0,0,0,0,639,359
3194,39385,39383901,11108,500,-1,-1,1,524,86.9,0,-1.0,0,0,0,639,359
3195,39396,39395013,11112,500,-1,-1,1,528,87.0,0,-1.0,0,0,0,639,359
3196,39407,39406119,11106,500,-1,-1,1,527,87.0,1,-1.0,0,0,0,639,359
3197,39418,39417235,11116,500,-1,-1,1,533,87.0,0,-1.0,0,0,0,639,359
3198,39429,39428343,11108,500,-1,-1,1,533,87.0,0,-1.0,0,0,0,639,359
3199,39465,39461660,33317,500,-1,-1,1,526,28.6,0,-1.0,0,0,0,639,359
3200,39474,39472777,11117,500,-1,-1,1,531,45.5,0,-1.0,0,0,0,639,359
3201,39485,39483888,11111,500,-1,-1,1,526,54.5,0,-1.0,0,0,0,639,359
3202,39496,39494998,11110,500,-1,-1,1,525,60.6,0,-1.0,0,0,0,639,359
3203,39507,39506106,11108,500,-1,-1,1,529,64.1,0,-1.0,0,0,0,639,359
3204,39518,39517216,11110,500,-1,-1,1,526,67.4,0,-1.0,0,0,0,639,359
3205,39529,39528326,11110,500,-1,-1,1,524,70.0,1,-1.0,0,0,0,639,359
3206,39540,39539437,11111,500,-1,-1,1,545,72.1,0,-1.0,0,0,0,639,359
3207,39552,39550544,11107,500,-1,-1,1,537,73.8,0,-1.0,0,0,0,639,359
3208,39563,39561652,11108,500,-1,-1,1,606,75.2,0,-1.0,0,0,0,639,359
3209,39574,39572764,11112,500,-1,-1,1,644,76.4,0,-1.0,0,0,0,639,359
3210,39585,39583870,11106,500,-1,-1,1,527,77.4,0,-1.0,0,0,0,639,359
3211,39596,39594978,11108,500,-1,-1,1,527,78.3,0,-1.0,0,0,0,639,359
3212,39607,39606087,11109,500,-1,-1,1,528,79.1,0,-1.0,0,0,0,639,359
3213,39618,39617197,11110,500,-1,-1,1,528,79.4,0,-1.0,0,0,0,639,359
3214,39629,39628307,11110,500,-1,-1,1,523,80.0,1,-1.0,0,0,0,639,359
3215,39640,39639422,11115,500,-1,-1,1,544,80.6,0,-1.0,0,0,0,639,359
3216,39651,39650526,11104,500,-1,-1,1,545,81.1,0,-1.0,0,0,0,639,359
3217,39662,39661640,11114,500,-1,-1,1,629,81.5,0,-1.0,0,0,0,639,359
3218,39674,39672746,11106,500,-1,-1,1,634,82.0,0,-1.0,0,0,0,639,359
3219,39685,39683932,11186,500,-1,-1,1,528,82.4,0,-1.0,0,0,0,639,359
3220,39696,39694959,11027,500,-1,-1,1,528,82.7,0,-1.0,0,0,0,639,359
3221,39707,39706071,11112,500,-1,-1,1,527,83.0,0,-1.0,0,0,0,639,359
3222,39718,39717177,11106,500,-1,-1,1,526,83.0,0,-1.0,0,0,0,639,359
3223,39729,39728290,11113,500,-1,-1,1,529,83.3,1,-1.0,0,0,0,639,359
3224,39740,39739401,11111,500,-1,-1,1,530,83.6,0,-1.0,0,0,0,639,359
3225,39751,39750509,11108,500,-1,-1,1,646,83.9,0,-1.0,0,0,0,639,359
3226,39762,39761621,11112,500,-1,-1,1,628,84.1,0,-1.0,0,0,0,639,359
3227,39774,39772728,11107,500,-1,-1,1,633,84.3,0,-1.0,0,0,0,639,359
3228,39785,39783840,11112,500,-1,-1,1,525,84.5,0,-1.0,0,0,0,639,359
3229,39796,39794945,11105,500,-1,-1,1,526,84.7,0,-1.0,0,0,0,639,359
3230,39807,39806052,11107,500,-1,-1,1,525,84.9,0,-1.0,0,0,0,639,359
3231,39818,39817166,11114,500,-1,-1,1,528,84.8,0,-1.0,0,0,0,639,359
3232,39829,39828268,11102,500,-1,-1,1,529,85.0,1,-1.0,0,0,0,639,359
3233,39840,39839383,11115,500,-1,-1,1,542,85.2,0,-1.0,0,0,0,639,359
3234,39851,39850492,11109,500,-1,-1,1,539,85.3,0,-1.0,0,0,0,639,359
3235,39863,39861601,11109,500,-1,-1,1,605,85.5,0,-1.0,0,0,0,639,359
3236,39874,39872709,11108,500,-1,-1,1,720,85.6,0,-1.0,0,0,0,639,359
3237,39885,39883820,11111,500,-1,-1,1,526,85.7,0,-1.0,0,0,0,639,359
3238,39896,39894925,11105,500,-1,-1,1,527,85.8,0,-1.0,0,0,0,639,359
3239,39907,39906036,11111,500,-1,-1,1,525,85.8,0,-1.0,0,0,0,639,359
3240,39971,39917147,11111,500,-1,-1,1,2198,77.2,0,-1.0,0,0,0,639,359
3241,39974,39972706,55559,500,-1,-1,1,634,79.0,1,-1.0,0,0,0,639,359
3242,39985,39983803,11097,500,-1,-1,1,539,79.3,0,-1.0,0,0,0,639,359
3243,39996,39994911,11108,500,-1,-1,1,529,79.5,0,-1.0,0,0,0,639,359
3244,40007,40006021,11110,500,-1,-1,1,631,79.7,0,-1.0,0,0,0,639,359
3245,40018,40017132,11111,500,-1,-1,1,527,79.9,0,-1.0,0,0,0,639,359
3246,40029,40028238,11106,500,-1,-1,1,546,80.0,0,-1.0,0,0,0,639,359
3247,40040,40039352,11114,500,-1,-1,1,631,80.2,0,-1.0,0,0,0,639,359
3248,40051,40050456,11104,500,-1,-1,1,634,80.4,0,-1.0,0,0,0,639,359
3249,40062,40061569,11113,500,-1,-1,1,525,80.6,0,-1.0,0,0,0,639,359
3250,40073,40072673,11104,500,-1,-1,1,523,80.7,1,-1.0,0,0,0,639,359
3251,40085,40083786,11113,500,-1,-1,1,539,80.9,0,-1.0,0,0,0,639,359
3252,40096,40094894,11108,500,-1,-1,1,544,81.1,0,-1.0,0,0,0,639,359
3253,40107,40106006,11112,500,-1,-1,1,629,81.2,0,-1.0,0,0,0,639,359
3254,40118,40117110,11104,500,-1,-1,1,527,81.4,0,-1.0,0,0,0,639,359
3255,40129,40128224,11114,500,-1,-1,1,526,81.4,0,-1.0,0,0,0,639,359
3256,40140,40139330,11106,500,-1,-1,1,524,81.6,0,-1.0,0,0,0,639,359
3257,40151,40150442,11112,500,-1,-1,1,526,81.7,0,-1.0,0,0,0,639,359
3258,40162,40161548,11106,500,-1,-1,1,523,81.9,0,-1.0,0,0,0,639,359
3259,40174,40172664,11116,500,-1,-1,1,527,82.0,1,-1.0,0,0,0,639,359
3260,40185,40183772,11108,500,-1,-1,1,548,82.1,0,-1.0,0,0,0,639,359
3261,40196,40194880,11108,500,-1,-1,1,546,82.2,0,-1.0,0,0,0,639,359
3262,40207,40205985,11105,500,-1,-1,1,633,82.4,0,-1.0,0,0,0,639,359
3263,40218,40217098,11113,500,-1,-1,1,631,82.4,0,-1.0,0,0,0,639,359
3264,40229,40228311,11213,500,-1,-1,1,548,82.5,0,-1.0,0,0,0,639,359
3265,40240,40239321,11010,500,-1,-1,1,526,82.6,0,-1.0,0,0,0,639,359
3266,40251,40250422,11101,500,-1,-1,1,527,82.7,0,-1.0,0,0,0,639,359
3267,40263,40261532,11110,500,-1,-1,1,527,82.8,0,-1.0,0,0,0,639,359
3268,40273,40272639,11107,500,-1,-1,1,527,82.9,1,-1.0,0,0,0,639,359
3269,40285,40283755,11116,500,-1,-1,1,525,83.0,0,-1.0,0,0,0,639,359
3270,40296,40294860,11105,500,-1,-1,1,545,83.1,0,-1.0,0,0,0,639,359
3271,40307,40305974,11114,500,-1,-1,1,629,83.1,0,-1.0,0,0,0,639,359
3272,40318,40317082,11108,500,-1,-1,1,634,83.2,0,-1.0,0,0,0,639,359
3273,40329,40328231,11149,500,-1,-1,1,526,83.3,0,-1.0,0,0,0,639,359
3274,40340,40339296,11065,500,-1,-1,1,523,83.4,0,-1.0,0,0,0,639,359
3275,40351,40350402,11106,500,-1,-1,1,528,83.5,0,-1.0,0,0,0,639,359
3276,40362,40361514,11112,500,-1,-1,1,525,83.6,0,-1.0,0,0,0,639,359
3277,40373,40372627,11113,500,-1,-1,1,526,83.7,1,-1.0,0,0,0,639,359
3278,40385,40383737,11110,500,-1,-1,1,530,83.8,0,-1.0,0,0,0,639,359
3279,40396,40394846,11109,500,-1,-1,1,546,83.9,0,-1.0,0,0,0,639,359
3280,40407,40405953,11107,500,-1,-1,1,628,83.9,0,-1.0,0,0,0,639,359
3281,40418,40417067,11114,500,-1,-1,1,626,83.9,0,-1.0,0,0,0,639,359
3282,40429,40428297,11230,500,-1,-1,1,526,84.0,0,-1.0,0,0,0,639,359
3283,40440,40439282,10985,500,-1,-1,1,524,90.9,0,-1.0,0,0,0,639,359
3284,40451,40450388,11106,500,-1,-1,1,524,90.9,0,-1.0,0,0,0,639,359
3285,40462,40461499,11111,500,-1,-1,1,526,90.9,0,-1.0,0,0,0,639,359
3286,40473,40472607,11108,500,-1,-1,1,526,90.9,1,-1.0,0,0,0,639,359
3287,40485,40483722,11115,500,-1,-1,1,549,90.9,0,-1.0,0,0,0,639,359
3288,40496,40494826,11104,500,-1,-1,1,547,90.9,0,-1.0,0,0,0,639,359
3289,40507,40505938,11112,500,-1,-1,1,628,90.9,0,-1.0,0,0,0,639,359
3290,40518,40517048,11110,500,-1,-1,1,633,89.9,0,-1.0,0,0,0,639,359
3291,40529,40528149,11101,500,-1,-1,1,526,90.0,0,-1.0,0,0,0,639,359
3292,40540,40539263,11114,500,-1,-1,1,557,90.1,0,-1.0,0,0,0,639,359
3293,40551,40550369,11106,500,-1,-1,1,526,90.2,0,-1.0,0,0,0,639,359
3294,40562,40561475,11106,500,-1,-1,1,528,90.2,0,-1.0,0,0,0,639,359
3295,40574,40572590,11115,500,-1,-1,1,526,90.3,1,-1.0,0,0,0,639,359
3296,40585,40583705,11115,500,-1,-1,1,547,90.3,0,-1.0,0,0,0,639,359
3297,40596,40594812,11107,500,-1,-1,1,544,90.4,0,-1.0,0,0,0,639,359
3298,40607,40605923,11111,500,-1,-1,1,636,90.4,0,-1.0,0,0,0,639,359
3299,40618,40617030,11107,500,-1,-1,1,633,89.9,0,-1.0,0,0,0,639,359
3300,40629,40628136,11106,500,-1,-1,1,606,90.0,0,-1.0,0,0,0,639,359
3301,40640,40639246,11110,500,-1,-1,1,554,90.0,0,-1.0,0,0,0,639,359
3302,40651,40650351,11105,500,-1,-1,1,525,90.1,0,-1.0,0,0,0,639,359
3303,40662,40661463,11112,500,-1,-1,1,527,90.1,0,-1.0,0,0,0,639,359
3304,40673,40672570,11107,500,-1,-1,1,527,90.2,1,-1.0,0,0,0,639,359
3305,40685,40683684,11114,500,-1,-1,1,546,90.2,0,-1.0,0,0,0,639,359
3306,40696,40694789,11105,500,-1,-1,1,544,90.2,0,-1.0,0,0,0,639,359
3307,40707,40705906,11117,500,-1,-1,1,632,89.9,0,-1.0,0,0,0,639,359
3308,40718,40717010,11104,500,-1,-1,1,628,90.3,0,-1.0,0,0,0,639,359
3309,40729,40728122,11112,500,-1,-1,1,526,90.3,0,-1.0,0,0,0,639,359
3310,40740,40739228,11106,500,-1,-1,1,527,90.0,0,-1.0,0,0,0,639,359
3311,40751,40750335,11107,500,-1,-1,1,536,90.1,0,-1.0,0,0,0,639,359
3312,40762,40761446,11111,500,-1,-1,1,524,90.1,0,-1.0,0,0,0,639,359
3313,40773,40772555,11109,500,-1,-1,1,527,90.1,1,-1.0,0,0,0,639,359
3314,40784,40783666,11111,500,-1,-1,1,542,90.1,0,-1.0,0,0,0,639,359
3315,40796,40794775,11109,500,-1,-1,1,528,90.2,0,-1.0,0,0,0,639,359
3316,40807,40805885,11110,500,-1,-1,1,633,90.2,0,-1.0,0,0,0,639,359
3317,40818,40816994,11109,500,-1,-1,1,634,90.2,0,-1.0,0,0,0,639,359
3318,40829,40828115,11121,500,-1,-1,1,524,90.2,0,-1.0,0,0,0,639,359
3319,40840,40839212,11097,500,-1,-1,1,527,90.0,0,-1.0,0,0,0,639,359
3320,40851,40850318,11106,500,-1,-1,1,526,90.0,0,-1.0,0,0,0,639,359
3321,40862,40861427,11109,500,-1,-1,1,526,90.1,0,-1.0,0,0,0,639,359
3322,40873,40872537,11110,500,-1,-1,1,527,90.1,1,-1.0,0,0,0,639,359
3323,40885,40883652,11115,500,-1,-1,1,538,90.1,0,-1.0,0,0,0,639,359
3324,40896,40894757,11105,500,-1,-1,1,540,90.1,0,-1.0,0,0,0,639,359
3325,40907,40905870,11113,500,-1,-1,1,634,90.1,0,-1.0,0,0,0,639,359
3326,40918,40916981,11111,500,-1,-1,1,632,90.2,0,-1.0,0,0,0,639,359
3327,40929,40928088,11107,500,-1,-1,1,525,90.0,0,-1.0,0,0,0,639,359
3328,40940,40939193,11105,500,-1,-1,1,525,90.0,0,-1.0,0,0,0,639,359
3329,40951,40950303,11110,500,-1,-1,1,526,90.0,0,-1.0,0,0,0,639,359
3330,41022,40961411,11108,500,-1,-1,1,609,80.9,0,-1.0,0,0,0,639,359
3331,41023,41016940,55529,500,-1,-1,1,603,82.5,1,-1.0,0,0,0,639,359
3332,41029,41028089,11149,500,-1,-1,1,629,83.3,0,-1.0,0,0,0,639,359
3333,41040,41039178,11089,500,-1,-1,1,527,83.6,0,-1.0,0,0,0,639,359
3334,41051,41050283,11105,500,-1,-1,1,526,83.6,0,-1.0,0,0,0,639,359
3335,41062,41061396,11113,500,-1,-1,1,629,83.7,0,-1.0,0,0,0,639,359
3336,41073,41072506,11110,500,-1,-1,1,546,83.9,0,-1.0,0,0,0,639,359
3337,41084,41083616,11110,500,-1,-1,1,545,84.0,0,-1.0,0,0,0,639,359
3338,41096,41094724,11108,500,-1,-1,1,525,84.1,0,-1.0,0,0,0,639,359
3339,41107,41105835,11111,500,-1,-1,1,632,84.2,0,-1.0,0,0,0,639,359
3340,41118,41116945,11110,500,-1,-1,1,525,84.3,1,-1.0,0,0,0,639,359
3341,41129,41128054,11109,500,-1,-1,1,544,84.4,0,-1.0,0,0,0,639,359
3342,41140,41139161,11107,500,-1,-1,1,635,84.4,0,-1.0,0,0,0,639,359
3343,41151,41150272,11111,500,-1,-1,1,525,84.5,0,-1.0,0,0,0,639,359
3344,41162,41161378,11106,500,-1,-1,1,606,84.6,0,-1.0,0,0,0,639,359
3345,41173,41172487,11109,500,-1,-1,1,528,84.7,0,-1.0,0,0,0,639,359
3346,41184,41183592,11105,500,-1,-1,1,527,84.8,0,-1.0,0,0,0,639,359
3347,41196,41194708,11116,500,-1,-1,1,526,84.9,0,-1.0,0,0,0,639,359
3348,41207,41205814,11106,500,-1,-1,1,535,84.9,0,-1.0,0,0,0,639,359
3349,41218,41216923,11109,500,-1,-1,1,526,85.0,1,-1.0,0,0,0,639,359
3350,41229,41228037,11114,500,-1,-1,1,544,85.1,0,-1.0,0,0,0,639,359
3351,41240,41239143,11106,500,-1,-1,1,547,85.1,0,-1.0,0,0,0,639,359
3352,41251,41250252,11109,500,-1,-1,1,630,85.2,0,-1.0,0,0,0,639,359
3353,41262,41261362,11110,500,-1,-1,1,635,85.2,0,-1.0,0,0,0,639,359
3354,41273,41272471,11109,500,-1,-1,1,527,85.3,0,-1.0,0,0,0,639,359
3355,41285,41283578,11107,500,-1,-1,1,526,85.4,0,-1.0,0,0,0,639,359
3356,41295,41294689,11111,500,-1,-1,1,527,85.5,0,-1.0,0,0,0,639,359
3357,41307,41305796,11107,500,-1,-1,1,532,85.5,0,-1.0,0,0,0,639,359
3358,41318,41316907,11111,500,-1,-1,1,524,85.6,1,-1.0,0,0,0,639,359
3359,41329,41328026,11119,500,-1,-1,1,545,85.6,0,-1.0,0,0,0,639,359
3360,41340,41339128,11102,500,-1,-1,1,547,85.7,0,-1.0,0,0,0,639,359
3361,41351,41350242,11114,500,-1,-1,1,629,85.7,0,-1.0,0,0,0,639,359
3362,41362,41361343,11101,500,-1,-1,1,629,85.7,0,-1.0,0,0,0,639,359
3363,41373,41372455,11112,500,-1,-1,1,526,85.8,0,-1.0,0,0,0,639,359
3364,41384,41383559,11104,500,-1,-1,1,528,85.9,0,-1.0,0,0,0,639,359
3365,41395,41394669,11110,500,-1,-1,1,526,85.9,0,-1.0,0,0,0,639,359
3366,41407,41405782,11113,500,-1,-1,1,527,86.0,0,-1.0,0,0,0,639,359
3367,41418,41416890,11108,500,-1,-1,1,528,86.0,1,-1.0,0,0,0,639,359
3368,41429,41428005,11115,500,-1,-1,1,529,86.1,0,-1.0,0,0,0,639,359
3369,41440,41439107,11102,500,-1,-1,1,526,86.1,0,-1.0,0,0,0,639,359
3370,41474,41472427,33320,500,-1,-1,1,606,28.6,0,-1.0,0,0,0,639,359
3371,41484,41483550,11123,500,-1,-1,1,526,44.4,0,-1.0,0,0,0,639,359
3372,41495,41494653,11103,500,-1,-1,1,525,53.6,0,-1.0,0,0,0,639,359
3373,41507,41505764,11111,500,-1,-1,1,526,59.7,0,-1.0,0,0,0,639,359
3374,41518,41516872,11108,500,-1,-1,1,526,64.1,0,-1.0,0,0,0,639,359
3375,41529,41527984,11112,500,-1,-1,1,525,67.4,0,-1.0,0,0,0,639,359
3376,41540,41539088,11104,500,-1,-1,1,527,70.0,1,-1.0,0,0,0,639,359
3377,41551,41550205,11117,500,-1,-1,1,530,71.4,0,-1.0,0,0,0,639,359
3378,41562,41561309,11104,500,-1,-1,1,536,73.2,0,-1.0,0,0,0,639,359
3379,41573,41572421,11112,500,-1,-1,1,631,74.6,0,-1.0,0,0,0,639,359
3380,41584,41583527,11106,500,-1,-1,1,633,75.9,0,-1.0,0,0,0,639,359
3381,41596,41594640,11113,500,-1,-1,1,643,76.9,0,-1.0,0,0,0,639,359
3382,41607,41605747,11107,500,-1,-1,1,526,77.8,0,-1.0,0,0,0,639,359
3383,41618,41616853,11106,500,-1,-1,1,527,78.7,0,-1.0,0,0,0,639,359
3384,41629,41627964,11111,500,-1,-1,1,524,79.4,0,-1.0,0,0,0,639,359
3385,41640,41639076,11112,500,-1,-1,1,526,79.6,1,-1.0,0,0,0,639,359
3386,41651,41650188,11112,500,-1,-1,1,552,80.2,0,-1.0,0,0,0,639,359
3387,41662,41661296,11108,500,-1,-1,1,546,80.7,0,-1.0,0,0,0,639,359
3388,41673,41672399,11103,500,-1,-1,1,632,81.2,0,-1.0,0,0,0,639,359
3389,41685,41683514,11115,500,-1,-1,1,632,81.6,0,-1.0,0,0,0,639,359
3390,41695,41694618,11104,500,-1,-1,1,527,82.0,0,-1.0,0,0,0,639,359
3391,41707,41705728,11110,500,-1,-1,1,526,82.4,0,-1.0,0,0,0,639,359
3392,41718,41716838,11110,500,-1,-1,1,529,82.7,0,-1.0,0,0,0,639,359
3393,41729,41727949,11111,500,-1,-1,1,524,83.0,0,-1.0,0,0,0,639,359
3394,41740,41739056,11107,500,-1,-1,1,526,83.3,1,-1.0,0,0,0,639,359
3395,41751,41750171,11115,500,-1,-1,1,544,83.3,0,-1.0,0,0,0,639,359
3396,41762,41761276,11105,500,-1,-1,1,545,83.6,0,-1.0,0,0,0,639,359
3397,41773,41772389,11113,500,-1,-1,1,633,83.8,0,-1.0,0,0,0,639,359
3398,41784,41783497,11108,500,-1,-1,1,527,84.1,0,-1.0,0,0,0,639,359
3399,41796,41794606,11109,500,-1,-1,1,526,84.3,0,-1.0,0,0,0,639,359
3400,41807,41805710,11104,500,-1,-1,1,528,84.5,0,-1.0,0,0,0,639,359
3401,41818,41816819,11109,500,-1,-1,1,526,84.7,0,-1.0,0,0,0,639,359
3402,41829,41827928,11109,500,-1,-1,1,528,84.8,0,-1.0,0,0,0,639,359
3403,41840,41839042,11114,500,-1,-1,1,524,85.0,1,-1.0,0,0,0,639,359
3404,41851,41850155,11113,500,-1,-1,1,544,85.0,0,-1.0,0,0,0,639,359
3405,41862,41861262,11107,500,-1,-1,1,544,85.1,0,-1.0,0,0,0,639,359
3406,41873,41872376,11114,500,-1,-1,1,630,85.3,0,-1.0,0,0,0,639,359
3407,41884,41883478,11102,500,-1,-1,1,632,85.4,0,-1.0,0,0,0,639,359
3408,41895,41894587,11109,500,-1,-1,1,527,85.5,0,-1.0,0,0,0,639,359
3409,41907,41905696,11109,500,-1,-1,1,525,85.7,0,-1.0,0,0,0,639,359
3410,41918,41916801,11105,500,-1,-1,1,528,85.8,0,-1.0,0,0,0,639,359
3411,41929,41927914,11113,500,-1,-1,1,528,85.9,0,-1.0,0,0,0,639,359
3412,41940,41939025,11111,500,-1,-1,1,525,86.0,1,-1.0,0,0,0,639,359
3413,41951,41950139,11114,500,-1,-1,1,547,85.9,0,-1.0,0,0,0,639,359
3414,41962,41961243,11104,500,-1,-1,1,547,86.0,0,-1.0,0,0,0,639,359
3415,41973,41972356,11113,500,-1,-1,1,631,86.1,0,-1.0,0,0,0,639,359
3416,41984,41983464,11108,500,-1,-1,1,633,86.2,0,-1.0,0,0,0,639,359
3417,41996,41994574,11110,500,-1,-1,1,524,86.3,0,-1.0,0,0,0,639,359
3418,42006,42005682,11108,500,-1,-1,1,525,86.4,0,-1.0,0,0,0,639,359
3419,42018,42016787,11105,500,-1,-1,1,525,86.5,0,-1.0,0,0,0,639,359
3420,42096,42027892,11105,500,-1,-1,1,610,77.6,0,-1.0,0,0,0,639,359
3421,42097,42094533,66641,500,-1,-1,1,602,79.1,1,-1.0,0,0,0,639,359
3422,42106,42105664,11131,500,-1,-1,1,526,79.5,0,-1.0,0,0,0,639,359
3423,42118,42116768,11104,500,-1,-1,1,525,79.6,0,-1.0,0,0,0,639,359
3424,42129,42127880,11112,500,-1,-1,1,643,79.7,0,-1.0,0,0,0,639,359
3425,42140,42138991,11111,500,-1,-1,1,526,80.0,0,-1.0,0,0,0,639,359
3426,42151,42150100,11109,500,-1,-1,1,546,80.2,0,-1.0,0,0,0,639,359
3427,42162,42161209,11109,500,-1,-1,1,630,80.2,0,-1.0,0,0,0,639,359
3428,42173,42172319,11110,500,-1,-1,1,528,80.4,0,-1.0,0,0,0,639,359
3429,42185,42183425,11106,500,-1,-1,1,525,80.5,0,-1.0,0,0,0,639,359
3430,42195,42194536,11111,500,-1,-1,1,525,80.7,1,-1.0,0,0,0,639,359
3431,42206,42205647,11111,500,-1,-1,1,538,80.8,0,-1.0,0,0,0,639,359
3432,42218,42216753,11106,500,-1,-1,1,529,81.0,0,-1.0,0,0,0,639,359
3433,42229,42227863,11110,500,-1,-1,1,630,81.1,0,-1.0,0,0,0,639,359
3434,42241,42238971,11108,500,-1,-1,1,525,81.0,0,-1.0,0,0,0,639,359
3435,42251,42250081,11110,500,-1,-1,1,683,81.3,0,-1.0,0,0,0,639,359
3436,42262,42261190,11109,500,-1,-1,1,528,81.4,0,-1.0,0,0,0,639,359
3437,42273,42272301,11111,500,-1,-1,1,526,81.5,0,-1.0,0,0,0,639,359
3438,42284,42283412,11111,500,-1,-1,1,527,81.7,0,-1.0,0,0,0,639,359
3439,42295,42294517,11105,500,-1,-1,1,525,81.8,1,-1.0,0,0,0,639,359
3440,42307,42305633,11116,500,-1,-1,1,547,81.9,0,-1.0,0,0,0,639,359
3441,42318,42316734,11101,500,-1,-1,1,545,82.0,0,-1.0,0,0,0,639,359
3442,42329,42327853,11119,500,-1,-1,1,632,82.1,0,-1.0,0,0,0,639,359
3443,42340,42338956,11103,500,-1,-1,1,629,82.2,0,-1.0,0,0,0,639,359
3444,42351,42350069,11113,500,-1,-1,1,526,82.2,0,-1.0,0,0,0,639,359
3445,42362,42361170,11101,500,-1,-1,1,528,82.3,0,-1.0,0,0,0,639,359
3446,42373,42372281,11111,500,-1,-1,1,526,82.4,0,-1.0,0,0,0,639,359
3447,42384,42383388,11107,500,-1,-1,1,527,82.5,0,-1.0,0,0,0,639,359
3448,42395,42394499,11111,500,-1,-1,1,524,82.6,1,-1.0,0,0,0,639,359
3449,42406,42405612,11113,500,-1,-1,1,547,82.7,0,-1.0,0,0,0,639,359
3450,42418,42416721,11109,500,-1,-1,1,546,82.8,0,-1.0,0,0,0,639,359
3451,42429,42427831,11110,500,-1,-1,1,631,82.9,0,-1.0,0,0,0,639,359
3452,42440,42438942,11111,500,-1,-1,1,633,82.9,0,-1.0,0,0,0,639,359
3453,42457,42450048,11106,500,-1,-1,1,524,62.5,0,-1.0,0,0,0,639,359
3454,42462,42461168,11120,500,-1,-1,1,524,90.9,0,-1.0,0,0,0,639,359
3455,42473,42472264,11096,500,-1,-1,1,525,90.9,0,-1.0,0,0,0,639,359
3456,42484,42483375,11111,500,-1,-1,1,525,90.9,0,-1.0,0,0,0,639,359
3457,42495,42494483,11108,500,-1,-1,1,523,90.9,1,-1.0,0,0,0,639,359
3458,42506,42505599,11116,500,-1,-1,1,545,90.9,0,-1.0,0,0,0,639,359
3459,42518,42516701,11102,500,-1,-1,1,547,90.9,0,-1.0,0,0,0,639,359
3460,42529,42527818,11117,500,-1,-1,1,632,90.9,0,-1.0,0,0,0,639,359
3461,42540,42538922,11104,500,-1,-1,1,641,90.9,0,-1.0,0,0,0,639,359
3462,42551,42550032,11110,500,-1,-1,1,527,90.9,0,-1.0,0,0,0,639,359
3463,42562,42561136,11104,500,-1,-1,1,526,90.9,0,-1.0,0,0,0,639,359
3464,42573,42572247,11111,500,-1,-1,1,524,90.2,0,-1.0,0,0,0,639,359
3465,42584,42583353,11106,500,-1,-1,1,526,90.3,0,-1.0,0,0,0,639,359
3466,42595,42594469,11116,500,-1,-1,1,526,90.3,1,-1.0,0,0,0,639,359
3467,42606,42605579,11110,500,-1,-1,1,545,90.4,0,-1.0,0,0,0,639,359
3468,42618,42616688,11109,500,-1,-1,1,554,90.4,0,-1.0,0,0,0,639,359
3469,42629,42627796,11108,500,-1,-1,1,635,90.4,0,-1.0,0,0,0,639,359
3470,42640,42638903,11107,500,-1,-1,1,631,90.5,0,-1.0,0,0,0,639,359
3471,42651,42650013,11110,500,-1,-1,1,527,90.5,0,-1.0,0,0,0,639,359
3472,42662,42661124,11111,500,-1,-1,1,528,90.1,0,-1.0,0,0,0,639,359
3473,42673,42672229,11105,500,-1,-1,1,525,90.1,0,-1.0,0,0,0,639,359
3474,42684,42683342,11113,500,-1,-1,1,526,90.2,0,-1.0,0,0,0,639,359
3475,42695,42694449,11107,500,-1,-1,1,524,90.2,1,-1.0,0,0,0,639,359
3476,42707,42705567,11118,500,-1,-1,1,544,90.2,0,-1.0,0,0,0,639,359
3477,42717,42716666,11099,500,-1,-1,1,545,90.3,0,-1.0,0,0,0,639,359
3478,42729,42727778,11112,500,-1,-1,1,631,90.3,0,-1.0,0,0,0,639,359
3479,42740,42738975,11197,500,-1,-1,1,629,90.3,0,-1.0,0,0,0,639,359
3480,42751,42749999,11024,500,-1,-1,1,526,90.0,0,-1.0,0,0,0,639,359
3481,42762,42761106,11107,500,-1,-1,1,528,90.3,0,-1.0,0,0,0,639,359
3482,42773,42772214,11108,500,-1,-1,1,527,90.1,0,-1.0,0,0,0,639,359
3483,42784,42783323,11109,500,-1,-1,1,527,90.1,0,-1.0,0,0,0,639,359
3484,42795,42794430,11107,500,-1,-1,1,523,90.1,1,-1.0,0,0,0,639,359
3485,42806,42805544,11114,500,-1,-1,1,529,90.2,0,-1.0,0,0,0,639,359
3486,42817,42816655,11111,500,-1,-1,1,545,90.2,0,-1.0,0,0,0,639,359
3487,42829,42827762,11107,500,-1,-1,1,630,90.2,0,-1.0,0,0,0,639,359
3488,42840,42838924,11162,500,-1,-1,1,537,90.2,0,-1.0,0,0,0,639,359
3489,42851,42849981,11057,500,-1,-1,1,527,90.0,0,-1.0,0,0,0,639,359
3490,42862,42861087,11106,500,-1,-1,1,524,90.3,0,-1.0,0,0,0,639,359
3491,42873,42872195,11108,500,-1,-1,1,527,90.1,0,-1.0,0,0,0,639,359
3492,42884,42883309,11114,500,-1,-1,1,525,90.1,0,-1.0,0,0,0,639,359
3493,42895,42894414,11105,500,-1,-1,1,528,90.1,1,-1.0,0,0,0,639,359
3494,42906,42905530,11116,500,-1,-1,1,527,90.1,0,-1.0,0,0,0,639,359
3495,42917,42916632,11102,500,-1,-1,1,527,90.1,0,-1.0,0,0,0,639,359
3496,42929,42927749,11117,500,-1,-1,1,633,90.2,0,-1.0,0,0,0,639,359
3497,42940,42938900,11151,500,-1,-1,1,642,90.2,0,-1.0,0,0,0,639,359
3498,42951,42949969,11069,500,-1,-1,1,527,90.2,0,-1.0,0,0,0,639,359
3499,42962,42961066,11097,500,-1,-1,1,524,90.2,0,-1.0,0,0,0,639,359
3500,42973,42972182,11116,500,-1,-1,1,528,90.1,0,-1.0,0,0,0,639,359
3501,42984,42983288,11106,500,-1,-1,1,525,90.1,0,-1.0,0,0,0,639,359
3502,42995,42994398,11110,500,-1,-1,1,526,90.1,1,-1.0,0,0,0,639,359
3503,43006,43005510,11112,500,-1,-1,1,542,90.1,0,-1.0,0,0,0,639,359
3504,43018,43016617,11107,500,-1,-1,1,529,90.1,0,-1.0,0,0,0,639,359
3505,43029,43027724,11107,500,-1,-1,1,630,90.1,0,-1.0,0,0,0,639,359
3506,43040,43038909,11185,500,-1,-1,1,634,90.2,0,-1.0,0,0,0,639,359
3507,43051,43049945,11036,500,-1,-1,1,525,90.2,0,-1.0,0,0,0,639,359
3508,43062,43061052,11107,500,-1,-1,1,524,90.0,0,-1.0,0,0,0,639,359
3509,43073,43072160,11108,500,-1,-1,1,527,90.2,0,-1.0,0,0,0,639,359
3510,43158,43083273,11113,500,-1,-1,1,614,80.8,0,-1.0,0,0,0,639,359
3511,43159,43149908,66635,500,-1,-1,1,606,82.1,1,-1.0,0,0,0,639,359
3512,43162,43161030,11122,500,-1,-1,1,634,83.1,0,-1.0,0,0,0,639,359
3513,43173,43172150,11120,500,-1,-1,1,527,83.3,0,-1.0,0,0,0,639,359
3514,43184,43183255,11105,500,-1,-1,1,528,83.3,0,-1.0,0,0,0,639,359
3515,43195,43194365,11110,500,-1,-1,1,631,83.4,0,-1.0,0,0,0,639,359
3516,43206,43205477,11112,500,-1,-1,1,545,83.6,0,-1.0,0,0,0,639,359
3517,43217,43216585,11108,500,-1,-1,1,547,83.7,0,-1.0,0,0,0,639,359
3518,43229,43227699,11114,500,-1,-1,1,631,83.8,0,-1.0,0,0,0,639,359
3519,43240,43238829,11130,500,-1,-1,1,631,83.9,0,-1.0,0,0,0,639,359
3520,43251,43249914,11085,500,-1,-1,1,526,84.0,1,-1.0,0,0,0,639,359
3521,43262,43261026,11112,500,-1,-1,1,543,84.0,0,-1.0,0,0,0,639,359
3522,43273,43272127,11101,500,-1,-1,1,633,84.0,0,-1.0,0,0,0,639,359
3523,43284,43283240,11113,500,-1,-1,1,527,84.1,0,-1.0,0,0,0,639,359
3524,43296,43294348,11108,500,-1,-1,1,526,84.2,0,-1.0,0,0,0,639,359
3525,43306,43305457,11109,500,-1,-1,1,526,84.3,0,-1.0,0,0,0,639,359
3526,43317,43316564,11107,500,-1,-1,1,527,84.4,0,-1.0,0,0,0,639,359
3527,43329,43327674,11110,500,-1,-1,1,525,84.5,0,-1.0,0,0,0,639,359
3528,43340,43338786,11112,500,-1,-1,1,525,84.5,0,-1.0,0,0,0,639,359
3529,43351,43349894,11108,500,-1,-1,1,526,84.6,1,-1.0,0,0,0,639,359
3530,43362,43361007,11113,500,-1,-1,1,546,84.7,0,-1.0,0,0,0,639,359
3531,43373,43372113,11106,500,-1,-1,1,542,84.7,0,-1.0,0,0,0,639,359
3532,43384,43383227,11114,500,-1,-1,1,630,84.7,0,-1.0,0,0,0,639,359
3533,43395,43394444,11217,500,-1,-1,1,528,84.8,0,-1.0,0,0,0,639,359
3534,43406,43405442,10998,500,-1,-1,1,526,84.9,0,-1.0,0,0,0,639,359
3535,43418,43416551,11109,500,-1,-1,1,529,85.0,0,-1.0,0,0,0,639,359
3536,43428,43427655,11104,500,-1,-1,1,527,85.0,0,-1.0,0,0,0,639,359
3537,43440,43438766,11111,500,-1,-1,1,525,85.1,0,-1.0,0,0,0,639,359
3538,43451,43449874,11108,500,-1,-1,1,528,85.1,1,-1.0,0,0,0,639,359
3539,43510,43505418,55544,500,-1,-1,1,541,16.9,0,-1.0,0,0,0,639,359
3540,43517,43516535,11117,500,-1,-1,1,526,30.3,0,-1.0,0,0,0,639,359
3541,43528,43527644,11109,500,-1,-1,1,525,39.0,0,-1.0,0,0,0,639,359
3542,43540,43538750,11106,500,-1,-1,1,526,45.5,0,-1.0,0,0,0,639,359
3543,43551,43549858,11108,500,-1,-1,1,528,50.5,0,-1.0,0,0,0,639,359
3544,43562,43560966,11108,500,-1,-1,1,526,54.5,0,-1.0,0,0,0,639,359
3545,43573,43572078,11112,500,-1,-1,1,528,57.9,0,-1.0,0,0,0,639,359
3546,43584,43583186,11108,500,-1,-1,1,526,60.2,0,-1.0,0,0,0,639,359
3547,43595,43594296,11110,500,-1,-1,1,524,62.5,1,-1.0,0,0,0,639,359
3548,43606,43605409,11113,500,-1,-1,1,545,64.5,0,-1.0,0,0,0,639,359
3549,43617,43616519,11110,500,-1,-1,1,547,66.3,0,-1.0,0,0,0,639,359
3550,43628,43627625,11106,500,-1,-1,1,633,67.8,0,-1.0,0,0,0,639,359
3551,43640,43638773,11148,500,-1,-1,1,630,69.1,0,-1.0,0,0,0,639,359
3552,43651,43649846,11073,500,-1,-1,1,528,70.4,0,-1.0,0,0,0,639,359
3553,43662,43660954,11108,500,-1,-1,1,526,71.4,0,-1.0,0,0,0,639,359
3554,43673,43672059,11105,500,-1,-1,1,527,72.4,0,-1.0,0,0,0,639,359
3555,43684,43683171,11112,500,-1,-1,1,529,73.0,0,-1.0,0,0,0,639,359
3556,43695,43694277,11106,500,-1,-1,1,526,73.8,1,-1.0,0,0,0,639,359
3557,43706,43705393,11116,500,-1,-1,1,528,74.5,0,-1.0,0,0,0,639,359
3558,43717,43716495,11102,500,-1,-1,1,547,75.2,0,-1.0,0,0,0,639,359
3559,43729,43727611,11116,500,-1,-1,1,630,75.8,0,-1.0,0,0,0,639,359
3560,43740,43738808,11197,500,-1,-1,1,634,76.4,0,-1.0,0,0,0,639,359
3561,43751,43749830,11022,500,-1,-1,1,525,76.9,0,-1.0,0,0,0,639,359
3562,43762,43760935,11105,500,-1,-1,1,524,77.4,0,-1.0,0,0,0,639,359
3563,43773,43772043,11108,500,-1,-1,1,527,77.6,0,-1.0,0,0,0,639,359
3564,43784,43783154,11111,500,-1,-1,1,526,78.1,0,-1.0,0,0,0,639,359
3565,43795,43794263,11109,500,-1,-1,1,527,78.5,1,-1.0,0,0,0,639,359
3566,43806,43805373,11110,500,-1,-1,1,532,78.9,0,-1.0,0,0,0,639,359
3567,43817,43816483,11110,500,-1,-1,1,545,79.2,0,-1.0,0,0,0,639,359
3568,43828,43827590,11107,500,-1,-1,1,633,79.6,0,-1.0,0,0,0,639,359
3569,43840,43838702,11112,500,-1,-1,1,629,79.9,0,-1.0,0,0,0,639,359
3570,43851,43849811,11109,500,-1,-1,1,524,80.2,0,-1.0,0,0,0,639,359
3571,43862,43860914,11103,500,-1,-1,1,527,80.5,0,-1.0,0,0,0,639,359
3572,43873,43872022,11108,500,-1,-1,1,525,80.8,0,-1.0,0,0,0,639,359
3573,43884,43883134,11112,500,-1,-1,1,527,81.0,0,-1.0,0,0,0,639,359
3574,43895,43894241,11107,500,-1,-1,1,528,81.1,1,-1.0,0,0,0,639,359
3575,43906,43905358,11117,500,-1,-1,1,528,81.3,0,-1.0,0,0,0,639,359
3576,43917,43916465,11107,500,-1,-1,1,530,81.5,0,-1.0,0,0,0,639,359
3577,43928,43927576,11111,500,-1,-1,1,634,81.8,0,-1.0,0,0,0,639,359
3578,43940,43938733,11157,500,-1,-1,1,634,82.0,0,-1.0,0,0,0,639,359
3579,43951,43949794,11061,500,-1,-1,1,610,82.2,0,-1.0,0,0,0,639,359
3580,43962,43960899,11105,500,-1,-1,1,526,82.4,0,-1.0,0,0,0,639,359
3581,43973,43972008,11109,500,-1,-1,1,525,82.5,0,-1.0,0,0,0,639,359
3582,43984,43983117,11109,500,-1,-1,1,525,82.7,0,-1.0,0,0,0,639,359
3583,43995,43994226,11109,500,-1,-1,1,524,82.7,1,-1.0,0,0,0,639,359
3584,44006,44005341,11115,500,-1,-1,1,544,82.9,0,-1.0,0,0,0,639,359
3585,44017,44016445,11104,500,-1,-1,1,545,83.0,0,-1.0,0,0,0,639,359
3586,44028,44027558,11113,500,-1,-1,1,631,83.2,0,-1.0,0,0,0,639,359
3587,44040,44038741,11183,500,-1,-1,1,635,83.3,0,-1.0,0,0,0,639,359
3588,44051,44049774,11033,500,-1,-1,1,525,83.5,0,-1.0,0,0,0,639,359
3589,44062,44060884,11110,500,-1,-1,1,527,83.6,0,-1.0,0,0,0,639,359
3590,44073,44071989,11105,500,-1,-1,1,526,83.7,0,-1.0,0,0,0,639,359
3591,44084,44083100,11111,500,-1,-1,1,525,83.7,0,-1.0,0,0,0,639,359
3592,44095,44094208,11108,500,-1,-1,1,525,83.9,1,-1.0,0,0,0,639,359
3593,44106,44105327,11119,500,-1,-1,1,546,84.0,0,-1.0,0,0,0,639,359
3594,44117,44116430,11103,500,-1,-1,1,546,84.1,0,-1.0,0,0,0,639,359
3595,44129,44127544,11114,500,-1,-1,1,631,84.2,0,-1.0,0,0,0,639,359
3596,44139,44138645,11101,500,-1,-1,1,526,84.3,0,-1.0,0,0,0,639,359
3597,44151,44149759,11114,500,-1,-1,1,526,84.3,0,-1.0,0,0,0,639,359
3598,44162,44160866,11107,500,-1,-1,1,528,84.5,0,-1.0,0,0,0,639,359
3599,44173,44171975,11109,500,-1,-1,1,526,84.6,0,-1.0,0,0,0,639,359
3600,44259,44183083,11108,500,-1,-1,1,810,76.7,0,-1.0,0,0,0,639,359
3601,44262,44249734,66651,500,-1,-1,1,602,77.8,1,-1.0,0,0,0,639,359
3602,44263,44260848,11114,500,-1,-1,1,604,78.8,0,-1.0,0,0,0,639,359
3603,44273,44271962,11114,500,-1,-1,1,536,79.2,0,-1.0,0,0,0,639,359
3604,44284,44283069,11107,500,-1,-1,1,527,79.3,0,-1.0,0,0,0,639,359
3605,44295,44294179,11110,500,-1,-1,1,629,79.4,0,-1.0,0,0,0,639,359
3606,44306,44305289,11110,500,-1,-1,1,535,79.5,0,-1.0,0,0,0,639,359
3607,44317,44316398,11109,500,-1,-1,1,538,79.7,0,-1.0,0,0,0,639,359
3608,44328,44327504,11106,500,-1,-1,1,633,79.8,0,-1.0,0,0,0,639,359
3609,44339,44338618,11114,500,-1,-1,1,526,80.0,0,-1.0,0,0,0,639,359
3610,44351,44349725,11107,500,-1,-1,1,526,80.1,1,-1.0,0,0,0,639,359
3611,44362,44360836,11111,500,-1,-1,1,547,80.2,0,-1.0,0,0,0,639,359
3612,44373,44371941,11105,500,-1,-1,1,546,80.3,0,-1.0,0,0,0,639,359
3613,44384,44383051,11110,500,-1,-1,1,633,80.4,0,-1.0,0,0,0,639,359
3614,44395,44394163,11112,500,-1,-1,1,629,80.5,0,-1.0,0,0,0,639,359
3615,44406,44405273,11110,500,-1,-1,1,523,80.6,0,-1.0,0,0,0,639,359
3616,44417,44416377,11104,500,-1,-1,1,525,80.7,0,-1.0,0,0,0,639,359
3617,44428,44427487,11110,500,-1,-1,1,524,80.9,0,-1.0,0,0,0,639,359
3618,44440,44438597,11110,500,-1,-1,1,526,81.0,0,-1.0,0,0,0,639,359
3619,44451,44449702,11105,500,-1,-1,1,528,81.1,1,-1.0,0,0,0,639,359
3620,44510,44505247,55545,500,-1,-1,1,526,17.2,0,-1.0,0,0,0,639,359
3621,44517,44516367,11120,500,-1,-1,1,534,30.3,0,-1.0,0,0,0,639,359
3622,44528,44527468,11101,500,-1,-1,1,524,39.0,0,-1.0,0,0,0,639,359
3623,44539,44538580,11112,500,-1,-1,1,525,45.5,0,-1.0,0,0,0,639,359
3624,44551,44549686,11106,500,-1,-1,1,524,50.5,0,-1.0,0,0,0,639,359
3625,44562,44560797,11111,500,-1,-1,1,525,54.5,0,-1.0,0,0,0,639,359
3626,44573,44571912,11115,500,-1,-1,1,527,57.9,0,-1.0,0,0,0,639,359
3627,44584,44583015,11103,500,-1,-1,1,528,60.6,0,-1.0,0,0,0,639,359
3628,44595,44594127,11112,500,-1,-1,1,526,62.9,1,-1.0,0,0,0,639,359
3629,44606,44605236,11109,500,-1,-1,1,542,64.5,0,-1.0,0,0,0,639,359
3630,44617,44616347,11111,500,-1,-1,1,527,66.3,0,-1.0,0,0,0,639,359
3631,44628,44627454,11107,500,-1,-1,1,633,67.8,0,-1.0,0,0,0,639,359
3632,44639,44638564,11110,500,-1,-1,1,526,69.1,0,-1.0,0,0,0,639,359
3633,44651,44649673,11109,500,-1,-1,1,526,70.0,0,-1.0,0,0,0,639,359
3634,44662,44660782,11109,500,-1,-1,1,526,71.4,0,-1.0,0,0,0,639,359
3635,44673,44671890,11108,500,-1,-1,1,526,72.4,0,-1.0,0,0,0,639,359
3636,44684,44683004,11114,500,-1,-1,1,525,73.3,0,-1.0,0,0,0,639,359
3637,44695,44694106,11102,500,-1,-1,1,525,74.1,1,-1.0,0,0,0,639,359
3638,44706,44705224,11118,500,-1,-1,1,543,74.5,0,-1.0,0,0,0,639,359
3639,44717,44716325,11101,500,-1,-1,1,546,75.2,0,-1.0,0,0,0,639,359
3640,44728,44727441,11116,500,-1,-1,1,634,75.8,0,-1.0,0,0,0,639,359
3641,44739,44738547,11106,500,-1,-1,1,629,76.4,0,-1.0,0,0,0,639,359
3642,44751,44749659,11112,500,-1,-1,1,529,76.9,0,-1.0,0,0,0,639,359
3643,44762,44760758,11099,500,-1,-1,1,526,77.4,0,-1.0,0,0,0,639,359
3644,44773,44771872,11114,500,-1,-1,1,524,77.9,0,-1.0,0,0,0,639,359
3645,44784,44782980,11108,500,-1,-1,1,526,78.3,0,-1.0,0,0,0,639,359
3646,44795,44794093,11113,500,-1,-1,1,524,78.5,1,-1.0,0,0,0,639,359
3647,44806,44805206,11113,500,-1,-1,1,546,78.9,0,-1.0,0,0,0,639,359
3648,44817,44816315,11109,500,-1,-1,1,545,79.2,0,-1.0,0,0,0,639,359
3649,44828,44827423,11108,500,-1,-1,1,638,79.6,0,-1.0,0,0,0,639,359
3650,44840,44838591,11168,500,-1,-1,1,634,79.9,0,-1.0,0,0,0,639,359
3651,44851,44849636,11045,500,-1,-1,1,526,80.2,0,-1.0,0,0,0,639,359
3652,44862,44860746,11110,500,-1,-1,1,528,80.5,0,-1.0,0,0,0,639,359
3653,44873,44871854,11108,500,-1,-1,1,525,80.8,0,-1.0,0,0,0,639,359
3654,44884,44882964,11110,500,-1,-1,1,527,81.0,0,-1.0,0,0,0,639,359
3655,44895,44894072,11108,500,-1,-1,1,526,81.3,1,-1.0,0,0,0,639,359
3656,44906,44905189,11117,500,-1,-1,1,527,81.3,0,-1.0,0,0,0,639,359
3657,44917,44916301,11112,500,-1,-1,1,545,81.5,0,-1.0,0,0,0,639,359
3658,44928,44927406,11105,500,-1,-1,1,634,81.8,0,-1.0,0,0,0,639,359
3659,44939,44938536,11130,500,-1,-1,1,635,82.0,0,-1.0,0,0,0,639,359
3660,44950,44949625,11089,500,-1,-1,1,524,82.2,0,-1.0,0,0,0,639,359
3661,44962,44960728,11103,500,-1,-1,1,527,82.4,0,-1.0,0,0,0,639,359
3662,44973,44971839,11111,500,-1,-1,1,525,82.5,0,-1.0,0,0,0,639,359
3663,44984,44982949,11110,500,-1,-1,1,527,82.7,0,-1.0,0,0,0,639,359
3664,44995,44994061,11112,500,-1,-1,1,527,82.9,1,-1.0,0,0,0,639,359
3665,45006,45005168,11107,500,-1,-1,1,528,82.9,0,-1.0,0,0,0,639,359
3666,45017,45016279,11111,500,-1,-1,1,547,83.0,0,-1.0,0,0,0,639,359
3667,45028,45027393,11114,500,-1,-1,1,626,83.2,0,-1.0,0,0,0,639,359
3668,45039,45038580,11187,500,-1,-1,1,632,83.3,0,-1.0,0,0,0,639,359
3669,45050,45049605,11025,500,-1,-1,1,527,83.5,0,-1.0,0,0,0,639,359
3670,45062,45060714,11109,500,-1,-1,1,524,83.6,0,-1.0,0,0,0,639,359
3671,45073,45071820,11106,500,-1,-1,1,524,83.7,0,-1.0,0,0,0,639,359
3672,45084,45082932,11112,500,-1,-1,1,528,83.9,0,-1.0,0,0,0,639,359
3673,45095,45094040,11108,500,-1,-1,1,527,84.0,1,-1.0,0,0,0,639,359
3674,45106,45105153,11113,500,-1,-1,1,540,84.0,0,-1.0,0,0,0,639,359
3675,45117,45116258,11105,500,-1,-1,1,535,84.1,0,-1.0,0,0,0,639,359
3676,45128,45127370,11112,500,-1,-1,1,631,84.2,0,-1.0,0,0,0,639,359
3677,45139,45138523,11153,500,-1,-1,1,634,84.3,0,-1.0,0,0,0,639,359
3678,45151,45149590,11067,500,-1,-1,1,525,84.4,0,-1.0,0,0,0,639,359
3679,45162,45160693,11103,500,-1,-1,1,527,84.5,0,-1.0,0,0,0,639,359
3680,45173,45171804,11111,500,-1,-1,1,525,84.6,0,-1.0,0,0,0,639,359
3681,45184,45182914,11110,500,-1,-1,1,525,84.7,0,-1.0,0,0,0,639,359
3682,45195,45194022,11108,500,-1,-1,1,526,84.7,1,-1.0,0,0,0,639,359
3683,45206,45205138,11116,500,-1,-1,1,545,84.8,0,-1.0,0,0,0,639,359
3684,45217,45216247,11109,500,-1,-1,1,546,84.9,0,-1.0,0,0,0,639,359
3685,45228,45227354,11107,500,-1,-1,1,630,84.9,0,-1.0,0,0,0,639,359
3686,45240,45238588,11234,500,-1,-1,1,525,85.0,0,-1.0,0,0,0,639,359
3687,45251,45249568,10980,500,-1,-1,1,523,85.1,0,-1.0,0,0,0,639,359
3688,45261,45260679,11111,500,-1,-1,1,526,85.2,0,-1.0,0,0,0,639,359
3689,45273,45271785,11106,500,-1,-1,1,525,85.3,0,-1.0,0,0,0,639,359
3690,45357,45282896,11111,500,-1,-1,1,1196,78.4,0,-1.0,0,0,0,639,359
3691,45358,45349535,66639,500,-1,-1,1,605,79.4,1,-1.0,0,0,0,639,359
3692,45362,45360662,11127,500,-1,-1,1,640,80.2,0,-1.0,0,0,0,639,359
3693,45373,45371771,11109,500,-1,-1,1,527,80.3,0,-1.0,0,0,0,639,359
3694,45384,45382879,11108,500,-1,-1,1,526,80.5,0,-1.0,0,0,0,639,359
3695,45395,45393992,11113,500,-1,-1,1,634,80.6,0,-1.0,0,0,0,639,359
3696,45406,45405101,11109,500,-1,-1,1,533,80.7,0,-1.0,0,0,0,639,359
3697,45417,45416209,11108,500,-1,-1,1,525,80.7,0,-1.0,0,0,0,639,359
3698,45428,45427318,11109,500,-1,-1,1,633,80.9,0,-1.0,0,0,0,639,359
3699,45439,45438582,11264,500,-1,-1,1,634,81.0,0,-1.0,0,0,0,639,359
3700,45450,45449536,10954,500,-1,-1,1,525,81.1,1,-1.0,0,0,0,639,359
3701,45502,45493966,44430,500,-1,-1,1,528,19.6,0,-1.0,0,0,0,639,359
3702,45506,45505073,11107,500,-1,-1,1,527,36.4,0,-1.0,0,0,0,639,359
3703,45517,45516190,11117,500,-1,-1,1,527,45.5,0,-1.0,0,0,0,639,359
3704,45528,45527300,11110,500,-1,-1,1,527,51.9,0,-1.0,0,0,0,639,359
3705,45539,45538410,11110,500,-1,-1,1,526,56.8,0,-1.0,0,0,0,639,359
3706,45550,45549517,11107,500,-1,-1,1,525,60.6,0,-1.0,0,0,0,639,359
3707,45561,45560625,11108,500,-1,-1,1,526,63.6,0,-1.0,0,0,0,639,359
3708,45573,45571738,11113,500,-1,-1,1,525,66.1,0,-1.0,0,0,0,639,359
3709,45584,45582845,11107,500,-1,-1,1,525,68.2,1,-1.0,0,0,0,639,359
3710,45595,45593960,11115,500,-1,-1,1,546,69.9,0,-1.0,0,0,0,639,359
3711,45606,45605066,11106,500,-1,-1,1,544,71.4,0,-1.0,0,0,0,639,359
3712,45617,45616178,11112,500,-1,-1,1,635,72.3,0,-1.0,0,0,0,639,359
3713,45628,45627286,11108,500,-1,-1,1,629,73.4,0,-1.0,0,0,0,639,359
3714,45639,45638393,11107,500,-1,-1,1,598,74.5,0,-1.0,0,0,0,639,359
3715,45650,45649498,11105,500,-1,-1,1,525,75.4,0,-1.0,0,0,0,639,359
3716,45661,45660610,11112,500,-1,-1,1,526,76.2,0,-1.0,0,0,0,639,359
3717,45672,45671717,11107,500,-1,-1,1,526,76.9,0,-1.0,0,0,0,639,359
3718,45684,45682828,11111,500,-1,-1,1,527,77.6,1,-1.0,0,0,0,639,359
3719,45695,45693939,11111,500,-1,-1,1,545,78.2,0,-1.0,0,0,0,639,359
3720,45706,45705050,11111,500,-1,-1,1,546,78.7,0,-1.0,0,0,0,639,359
3721,45717,45716160,11110,500,-1,-1,1,632,78.9,0,-1.0,0,0,0,639,359
3722,45728,45727270,11110,500,-1,-1,1,528,79.4,0,-1.0,0,0,0,639,359
3723,45740,45738374,11104,500,-1,-1,1,526,79.9,0,-1.0,0,0,0,639,359
3724,45750,45749488,11114,500,-1,-1,1,527,80.3,0,-1.0,0,0,0,639,359
3725,45761,45760591,11103,500,-1,-1,1,526,80.6,0,-1.0,0,0,0,639,359
3726,45773,45771703,11112,500,-1,-1,1,526,81.0,0,-1.0,0,0,0,639,359
3727,45784,45782813,11110,500,-1,-1,1,528,81.3,1,-1.0,0,0,0,639,359
3728,45795,45793925,11112,500,-1,-1,1,528,81.6,0,-1.0,0,0,0,639,359
3729,45806,45805031,11106,500,-1,-1,1,543,81.9,0,-1.0,0,0,0,639,359
3730,45817,45816146,11115,500,-1,-1,1,631,82.0,0,-1.0,0,0,0,639,359
3731,45828,45827251,11105,500,-1,-1,1,636,82.2,0,-1.0,0,0,0,639,359
3732,45839,45838361,11110,500,-1,-1,1,526,82.5,0,-1.0,0,0,0,639,359
3733,45850,45849465,11104,500,-1,-1,1,524,82.7,0,-1.0,0,0,0,639,359
3734,45862,45860577,11112,500,-1,-1,1,528,82.9,0,-1.0,0,0,0,639,359
3735,45872,45871684,11107,500,-1,-1,1,527,83.1,0,-1.0,0,0,0,639,359
3736,45884,45882795,11111,500,-1,-1,1,527,83.3,1,-1.0,0,0,0,639,359
3737,45895,45893908,11113,500,-1,-1,1,531,83.5,0,-1.0,0,0,0,639,359
3738,45906,45905014,11106,500,-1,-1,1,545,83.5,0,-1.0,0,0,0,639,359
3739,45917,45916123,11109,500,-1,-1,1,628,83.7,0,-1.0,0,0,0,639,359
3740,45928,45927235,11112,500,-1,-1,1,635,83.9,0,-1.0,0,0,0,639,359
3741,45939,45938341,11106,500,-1,-1,1,525,84.0,0,-1.0,0,0,0,639,359
3742,45950,45949453,11112,500,-1,-1,1,524,84.2,0,-1.0,0,0,0,639,359
3743,45961,45960559,11106,500,-1,-1,1,525,84.3,0,-1.0,0,0,0,639,359
3744,45972,45971669,11110,500,-1,-1,1,525,84.5,0,-1.0,0,0,0,639,359
3745,45984,45982777,11108,500,-1,-1,1,526,84.6,1,-1.0,0,0,0,639,359
3746,45995,45993891,11114,500,-1,-1,1,545,84.7,0,-1.0,0,0,0,639,359
3747,46006,46004997,11106,500,-1,-1,1,538,84.8,0,-1.0,0,0,0,639,359
3748,46017,46016108,11111,500,-1,-1,1,632,84.8,0,-1.0,0,0,0,639,359
3749,46028,46027215,11107,500,-1,-1,1,634,84.9,0,-1.0,0,0,0,639,359
3750,46039,46038325,11110,500,-1,-1,1,524,85.0,0,-1.0,0,0,0,639,359
3751,46050,46049429,11104,500,-1,-1,1,527,85.1,0,-1.0,0,0,0,639,359
3752,46061,46060541,11112,500,-1,-1,1,525,85.2,0,-1.0,0,0,0,639,359
3753,46072,46071653,11112,500,-1,-1,1,524,85.3,0,-1.0,0,0,0,639,359
3754,46084,46082761,11108,500,-1,-1,1,525,85.4,1,-1.0,0,0,0,639,359
3755,46095,46093874,11113,500,-1,-1,1,544,85.5,0,-1.0,0,0,0,639,359
3756,46106,46104980,11106,500,-1,-1,1,548,85.6,0,-1.0,0,0,0,639,359
3757,46117,46116094,11114,500,-1,-1,1,629,85.6,0,-1.0,0,0,0,639,359
3758,46128,46127198,11104,500,-1,-1,1,653,85.7,0,-1.0,0,0,0,639,359
3759,46139,46138303,11105,500,-1,-1,1,528,85.8,0,-1.0,0,0,0,639,359
3760,46150,46149420,11117,500,-1,-1,1,527,85.8,0,-1.0,0,0,0,639,359
3761,46161,46160525,11105,500,-1,-1,1,525,85.9,0,-1.0,0,0,0,639,359
3762,46173,46171639,11114,500,-1,-1,1,527,86.0,0,-1.0,0,0,0,639,359
3763,46184,46182741,11102,500,-1,-1,1,530,86.1,1,-1.0,0,0,0,639,359
3764,46195,46193855,11114,500,-1,-1,1,546,86.1,0,-1.0,0,0,0,639,359
3765,46206,46204961,11106,500,-1,-1,1,544,86.2,0,-1.0,0,0,0,639,359
3766,46217,46216077,11116,500,-1,-1,1,641,86.2,0,-1.0,0,0,0,639,359
3767,46228,46227178,11101,500,-1,-1,1,637,86.2,0,-1.0,0,0,0,639,359
3768,46239,46238290,11112,500,-1,-1,1,524,86.3,0,-1.0,0,0,0,639,359
3769,46250,46249395,11105,500,-1,-1,1,528,86.4,0,-1.0,0,0,0,639,359
3770,46261,46260509,11114,500,-1,-1,1,525,86.4,0,-1.0,0,0,0,639,359
3771,46272,46271618,11109,500,-1,-1,1,527,86.5,0,-1.0,0,0,0,639,359
3772,46284,46282727,11109,500,-1,-1,1,529,86.5,1,-1.0,0,0,0,639,359
3773,46295,46293837,11110,500,-1,-1,1,547,86.6,0,-1.0,0,0,0,639,359
3774,46306,46304947,11110,500,-1,-1,1,546,86.7,0,-1.0,0,0,0,639,359
3775,46317,46316059,11112,500,-1,-1,1,635,86.6,0,-1.0,0,0,0,639,359
3776,46328,46327171,11112,500,-1,-1,1,524,86.7,0,-1.0,0,0,0,639,359
3777,46339,46338275,11104,500,-1,-1,1,606,86.7,0,-1.0,0,0,0,639,359
3778,46350,46349386,11111,500,-1,-1,1,526,86.8,0,-1.0,0,0,0,639,359
3779,46361,46360492,11106,500,-1,-1,1,524,86.8,0,-1.0,0,0,0,639,359
3780,46477,46371598,11106,500,-1,-1,1,573,78.0,0,-1.0,0,0,0,639,359
3781,46498,46493792,122194,500,-1,-1,1,526,45.5,1,-1.0,0,0,0,639,359
3782,46506,46504921,11129,500,-1,-1,1,546,69.0,0,-1.0,0,0,0,639,359
3783,46517,46516022,11101,500,-1,-1,1,548,75.0,0,-1.0,0,0,0,639,359
3784,46528,46527134,11112,500,-1,-1,1,629,76.9,0,-1.0,0,0,0,639,359
3785,46539,46538240,11106,500,-1,-1,1,633,79.4,0,-1.0,0,0,0,639,359
3786,46550,46549347,11107,500,-1,-1,1,528,81.1,0,-1.0,0,0,0,639,359
3787,46561,46560457,11110,500,-1,-1,1,535,82.4,0,-1.0,0,0,0,639,359
3788,46573,46571565,11108,500,-1,-1,1,649,83.3,0,-1.0,0,0,0,639,359
3789,46583,46582674,11109,500,-1,-1,1,527,84.1,0,-1.0,0,0,0,639,359
3790,46595,46593782,11108,500,-1,-1,1,529,84.7,1,-1.0,0,0,0,639,359
3791,46606,46604896,11114,500,-1,-1,1,526,85.3,0,-1.0,0,0,0,639,359
3792,46617,46616004,11108,500,-1,-1,1,546,85.1,0,-1.0,0,0,0,639,359
3793,46628,46627115,11111,500,-1,-1,1,631,85.5,0,-1.0,0,0,0,639,359
3794,46639,46638225,11110,500,-1,-1,1,633,85.9,0,-1.0,0,0,0,639,359
3795,46650,46649331,11106,500,-1,-1,1,524,86.2,0,-1.0,0,0,0,639,359
3796,46661,46660443,11112,500,-1,-1,1,527,86.5,0,-1.0,0,0,0,639,359
3797,46672,46671549,11106,500,-1,-1,1,525,86.7,0,-1.0,0,0,0,639,359
3798,46683,46682661,11112,500,-1,-1,1,526,87.0,0,-1.0,0,0,0,639,359
3799,46695,46693767,11106,500,-1,-1,1,527,87.2,1,-1.0,0,0,0,639,359
3800,46706,46704881,11114,500,-1,-1,1,531,87.3,0,-1.0,0,0,0,639,359
3801,46717,46715988,11107,500,-1,-1,1,535,87.5,0,-1.0,0,0,0,639,359
3802,46728,46727097,11109,500,-1,-1,1,633,87.3,0,-1.0,0,0,0,639,359
3803,46739,46738315,11218,500,-1,-1,1,523,87.5,0,-1.0,0,0,0,639,359
3804,46750,46749317,11002,500,-1,-1,1,527,87.6,0,-1.0,0,0,0,639,359
3805,46761,46760425,11108,500,-1,-1,1,524,87.7,0,-1.0,0,0,0,639,359
3806,46772,46771534,11109,500,-1,-1,1,524,87.8,0,-1.0,0,0,0,639,359
3807,46783,46782640,11106,500,-1,-1,1,529,87.9,0,-1.0,0,0,0,639,359
3808,46795,46793752,11112,500,-1,-1,1,527,88.1,1,-1.0,0,0,0,639,359
3809,46806,46804862,11110,500,-1,-1,1,539,88.1,0,-1.0,0,0,0,639,359
3810,46817,46815974,11112,500,-1,-1,1,524,88.2,0,-1.0,0,0,0,639,359
3811,46828,46827079,11105,500,-1,-1,1,628,88.1,0,-1.0,0,0,0,639,359
3812,46839,46838190,11111,500,-1,-1,1,526,88.2,0,-1.0,0,0,0,639,359
3813,46850,46849293,11103,500,-1,-1,1,528,88.2,0,-1.0,0,0,0,639,359
3814,46861,46860409,11116,500,-1,-1,1,526,88.3,0,-1.0,0,0,0,639,359
3815,46872,46871515,11106,500,-1,-1,1,527,88.4,0,-1.0,0,0,0,639,359
3816,46884,46882623,11108,500,-1,-1,1,526,88.5,0,-1.0,0,0,0,639,359
3817,46895,46893733,11110,500,-1,-1,1,525,88.5,1,-1.0,0,0,0,639,359
3818,46906,46904847,11114,500,-1,-1,1,547,88.6,0,-1.0,0,0,0,639,359
3819,46917,46915953,11106,500,-1,-1,1,547,88.6,0,-1.0,0,0,0,639,359
3820,46928,46927068,11115,500,-1,-1,1,636,88.5,0,-1.0,0,0,0,639,359
3821,46939,46938171,11103,500,-1,-1,1,527,88.6,0,-1.0,0,0,0,639,359
3822,46950,46949282,11111,500,-1,-1,1,527,88.6,0,-1.0,0,0,0,639,359
3823,46961,46960393,11111,500,-1,-1,1,527,88.7,0,-1.0,0,0,0,639,359
3824,46972,46971496,11103,500,-1,-1,1,526,88.7,0,-1.0,0,0,0,639,359
3825,46983,46982606,11110,500,-1,-1,1,524,88.8,0,-1.0,0,0,0,639,359
3826,46995,46993716,11110,500,-1,-1,1,526,88.8,1,-1.0,0,0,0,639,359
3827,47006,47004831,11115,500,-1,-1,1,546,88.8,0,-1.0,0,0,0,639,359
3828,47017,47015938,11107,500,-1,-1,1,527,88.7,0,-1.0,0,0,0,639,359
3829,47028,47027043,11105,500,-1,-1,1,633,88.8,0,-1.0,0,0,0,639,359
3830,47039,47038157,11114,500,-1,-1,1,633,88.8,0,-1.0,0,0,0,639,359
3831,47050,47049262,11105,500,-1,-1,1,526,88.9,0,-1.0,0,0,0,639,359
3832,47061,47060421,11159,500,-1,-1,1,528,88.9,0,-1.0,0,0,0,639,359
3833,47072,47071480,11059,500,-1,-1,1,525,88.9,0,-1.0,0,0,0,639,359
3834,47083,47082592,11112,500,-1,-1,1,526,89.0,0,-1.0,0,0,0,639,359
3835,47095,47093697,11105,500,-1,-1,1,526,89.0,1,-1.0,0,0,0,639,359
3836,47106,47104814,11117,500,-1,-1,1,547,89.0,0,-1.0,0,0,0,639,359
3837,47117,47115917,11103,500,-1,-1,1,547,89.1,0,-1.0,0,0,0,639,359
3838,47128,47127030,11113,500,-1,-1,1,630,89.1,0,-1.0,0,0,0,639,359
3839,47139,47138137,11107,500,-1,-1,1,634,89.0,0,-1.0,0,0,0,639,359
3840,47150,47149249,11112,500,-1,-1,1,529,89.0,0,-1.0,0,0,0,639,359
3841,47161,47160352,11103,500,-1,-1,1,526,89.1,0,-1.0,0,0,0,639,359
3842,47172,47171465,11113,500,-1,-1,1,534,89.1,0,-1.0,0,0,0,639,359
3843,47183,47182571,11106,500,-1,-1,1,527,89.1,0,-1.0,0,0,0,639,359
3844,47195,47193682,11111,500,-1,-1,1,528,89.1,1,-1.0,0,0,0,639,359
3845,47206,47204793,11111,500,-1,-1,1,530,89.2,0,-1.0,0,0,0,639,359
3846,47217,47215904,11111,500,-1,-1,1,544,89.2,0,-1.0,0,0,0,639,359
3847,47228,47227016,11112,500,-1,-1,1,632,89.2,0,-1.0,0,0,0,639,359
3848,47239,47238121,11105,500,-1,-1,1,634,89.1,0,-1.0,0,0,0,639,359
3849,47250,47249232,11111,500,-1,-1,1,610,89.1,0,-1.0,0,0,0,639,359
3850,47261,47260340,11108,500,-1,-1,1,525,89.2,0,-1.0,0,0,0,639,359
3851,47272,47271445,11105,500,-1,-1,1,524,89.2,0,-1.0,0,0,0,639,359
3852,47284,47282558,11113,500,-1,-1,1,528,89.2,0,-1.0,0,0,0,639,359
3853,47294,47293665,11107,500,-1,-1,1,527,89.2,1,-1.0,0,0,0,639,359
3854,47306,47304779,11114,500,-1,-1,1,538,89.3,0,-1.0,0,0,0,639,359
3855,47317,47315885,11106,500,-1,-1,1,534,89.3,0,-1.0,0,0,0,639,359
3856,47328,47326996,11111,500,-1,-1,1,628,89.2,0,-1.0,0,0,0,639,359
3857,47339,47338103,11107,500,-1,-1,1,528,89.3,0,-1.0,0,0,0,639,359
3858,47351,47349214,11111,500,-1,-1,1,527,89.2,0,-1.0,0,0,0,639,359
3859,47361,47360320,11106,500,-1,-1,1,524,89.3,0,-1.0,0,0,0,639,359
3860,47372,47371429,11109,500,-1,-1,1,525,89.3,0,-1.0,0,0,0,639,359
3861,47383,47382538,11109,500,-1,-1,1,526,89.3,0,-1.0,0,0,0,639,359
3862,47394,47393649,11111,500,-1,-1,1,524,89.3,1,-1.0,0,0,0,639,359
3863,47406,47404760,11111,500,-1,-1,1,549,89.3,0,-1.0,0,0,0,639,359
3864,47417,47415871,11111,500,-1,-1,1,539,89.4,0,-1.0,0,0,0,639,359
3865,47428,47426983,11112,500,-1,-1,1,628,89.4,0,-1.0,0,0,0,639,359
3866,47439,47438086,11103,500,-1,-1,1,527,89.4,0,-1.0,0,0,0,639,359
3867,47450,47449193,11107,500,-1,-1,1,527,89.3,0,-1.0,0,0,0,639,359
3868,47461,47460306,11113,500,-1,-1,1,525,89.3,0,-1.0,0,0,0,639,359
3869,47472,47471411,11105,500,-1,-1,1,524,89.4,0,-1.0,0,0,0,639,359
3870,47588,47482524,11113,500,-1,-1,1,526,81.0,0,-1.0,0,0,0,639,359
3871,47610,47604710,122186,500,-1,-1,1,524,43.5,1,-1.0,0,0,0,639,359
3872,47617,47615845,11135,500,-1,-1,1,528,69.0,0,-1.0,0,0,0,639,359
3873,47628,47626942,11097,500,-1,-1,1,526,75.0,0,-1.0,0,0,0,639,359
3874,47639,47638056,11114,500,-1,-1,1,627,76.9,0,-1.0,0,0,0,639,359
3875,47650,47649247,11191,500,-1,-1,1,636,79.4,0,-1.0,0,0,0,639,359
3876,47661,47660271,11024,500,-1,-1,1,525,81.1,0,-1.0,0,0,0,639,359
3877,47672,47671378,11107,500,-1,-1,1,525,82.4,0,-1.0,0,0,0,639,359
3878,47683,47682484,11106,500,-1,-1,1,524,83.3,0,-1.0,0,0,0,639,359
3879,47694,47693594,11110,500,-1,-1,1,524,84.1,0,-1.0,0,0,0,639,359
3880,47705,47704705,11111,500,-1,-1,1,527,84.7,1,-1.0,0,0,0,639,359
3881,47717,47715819,11114,500,-1,-1,1,544,85.3,0,-1.0,0,0,0,639,359
3882,47728,47726927,11108,500,-1,-1,1,529,85.7,0,-1.0,0,0,0,639,359
3883,47739,47738039,11112,500,-1,-1,1,634,85.5,0,-1.0,0,0,0,639,359
3884,47750,47749146,11107,500,-1,-1,1,635,85.9,0,-1.0,0,0,0,639,359
3885,47761,47760254,11108,500,-1,-1,1,594,86.2,0,-1.0,0,0,0,639,359
3886,47772,47771363,11109,500,-1,-1,1,525,86.5,0,-1.0,0,0,0,639,359
3887,47783,47782474,11111,500,-1,-1,1,526,86.7,0,-1.0,0,0,0,639,359
3888,47794,47793581,11107,500,-1,-1,1,524,87.0,0,-1.0,0,0,0,639,359
3889,47805,47804691,11110,500,-1,-1,1,523,87.2,1,-1.0,0,0,0,639,359
3890,47817,47815802,11111,500,-1,-1,1,542,87.3,0,-1.0,0,0,0,639,359
3891,47828,47826907,11105,500,-1,-1,1,547,87.5,0,-1.0,0,0,0,639,359
3892,47839,47838022,11115,500,-1,-1,1,630,87.6,0,-1.0,0,0,0,639,359
3893,47850,47849125,11103,500,-1,-1,1,632,87.5,0,-1.0,0,0,0,639,359
3894,47861,47860236,11111,500,-1,-1,1,527,87.6,0,-1.0,0,0,0,639,359
3895,47872,47871343,11107,500,-1,-1,1,528,87.7,0,-1.0,0,0,0,639,359
3896,47883,47882454,11111,500,-1,-1,1,527,87.8,0,-1.0,0,0,0,639,359
3897,47894,47893560,11106,500,-1,-1,1,525,87.9,0,-1.0,0,0,0,639,359
3898,47906,47904676,11116,500,-1,-1,1,526,88.1,1,-1.0,0,0,0,639,359
3899,47917,47915784,11108,500,-1,-1,1,547,88.1,0,-1.0,0,0,0,639,359
3900,47928,47926894,11110,500,-1,-1,1,544,88.2,0,-1.0,0,0,0,639,359
3901,47939,47938002,11108,500,-1,-1,1,633,88.3,0,-1.0,0,0,0,639,359
3902,47950,47949111,11109,500,-1,-1,1,529,88.2,0,-1.0,0,0,0,639,359
3903,47961,47960221,11110,500,-1,-1,1,526,88.2,0,-1.0,0,0,0,639,359
3904,47972,47971330,11109,500,-1,-1,1,528,88.3,0,-1.0,0,0,0,639,359
3905,47983,47982437,11107,500,-1,-1,1,525,88.4,0,-1.0,0,0,0,639,359
3906,47995,47993545,11108,500,-1,-1,1,527,88.5,0,-1.0,0,0,0,639,359
3907,48005,48004652,11107,500,-1,-1,1,527,88.5,1,-1.0,0,0,0,639,359
3908,48017,48015767,11115,500,-1,-1,1,529,88.6,0,-1.0,0,0,0,639,359
3909,48028,48026872,11105,500,-1,-1,1,542,88.6,0,-1.0,0,0,0,639,359
3910,48039,48037986,11114,500,-1,-1,1,632,88.5,0,-1.0,0,0,0,639,359
3911,48050,48049092,11106,500,-1,-1,1,529,88.7,0,-1.0,0,0,0,639,359
3912,48061,48060207,11115,500,-1,-1,1,526,88.6,0,-1.0,0,0,0,639,359
3913,48072,48071314,11107,500,-1,-1,1,526,88.7,0,-1.0,0,0,0,639,359
3914,48083,48082424,11110,500,-1,-1,1,527,88.7,0,-1.0,0,0,0,639,359
3915,48094,48093525,11101,500,-1,-1,1,526,88.8,0,-1.0,0,0,0,639,359
3916,48105,48104637,11112,500,-1,-1,1,526,88.8,1,-1.0,0,0,0,639,359
3917,48117,48115751,11114,500,-1,-1,1,531,88.8,0,-1.0,0,0,0,639,359
3918,48128,48126859,11108,500,-1,-1,1,543,88.9,0,-1.0,0,0,0,639,359
3919,48139,48137970,11111,500,-1,-1,1,628,88.9,0,-1.0,0,0,0,639,359
3920,48150,48149077,11107,500,-1,-1,1,634,88.8,0,-1.0,0,0,0,639,359
3921,48161,48160180,11103,500,-1,-1,1,620,88.9,0,-1.0,0,0,0,639,359
3922,48172,48171294,11114,500,-1,-1,1,525,88.9,0,-1.0,0,0,0,639,359
3923,48183,48182400,11106,500,-1,-1,1,525,88.9,0,-1.0,0,0,0,639,359
3924,48194,48193511,11111,500,-1,-1,1,528,89.0,0,-1.0,0,0,0,639,359
3925,48205,48204623,11112,500,-1,-1,1,526,89.0,1,-1.0,0,0,0,639,359
3926,48217,48215735,11112,500,-1,-1,1,528,89.0,0,-1.0,0,0,0,639,359
3927,48228,48226835,11100,500,-1,-1,1,532,89.1,0,-1.0,0,0,0,639,359
3928,48239,48237954,11119,500,-1,-1,1,634,89.1,0,-1.0,0,0,0,639,359
3929,48250,48249061,11107,500,-1,-1,1,635,89.0,0,-1.0,0,0,0,639,359
3930,48261,48260172,11111,500,-1,-1,1,525,89.0,0,-1.0,0,0,0,639,359
3931,48272,48271275,11103,500,-1,-1,1,526,89.1,0,-1.0,0,0,0,639,359
3932,48283,48282386,11111,500,-1,-1,1,524,89.1,0,-1.0,0,0,0,639,359
3933,48294,48293494,11108,500,-1,-1,1,524,89.1,0,-1.0,0,0,0,639,359
3934,48306,48304605,11111,500,-1,-1,1,526,89.1,1,-1.0,0,0,0,639,359
3935,48317,48315717,11112,500,-1,-1,1,542,89.2,0,-1.0,0,0,0,639,359
3936,48328,48326823,11106,500,-1,-1,1,535,89.2,0,-1.0,0,0,0,639,359
3937,48339,48337936,11113,500,-1,-1,1,628,89.2,0,-1.0,0,0,0,639,359
3938,48350,48349043,11107,500,-1,-1,1,597,89.1,0,-1.0,0,0,0,639,359
3939,48361,48360152,11109,500,-1,-1,1,611,89.1,0,-1.0,0,0,0,639,359
3940,48372,48371262,11110,500,-1,-1,1,527,89.2,0,-1.0,0,0,0,639,359
3941,48383,48382366,11104,500,-1,-1,1,523,89.2,0,-1.0,0,0,0,639,359
3942,48394,48393477,11111,500,-1,-1,1,525,89.2,0,-1.0,0,0,0,639,359
3943,48405,48404587,11110,500,-1,-1,1,524,89.2,1,-1.0,0,0,0,639,359
3944,48417,48415703,11116,500,-1,-1,1,546,89.3,0,-1.0,0,0,0,639,359
3945,48428,48426807,11104,500,-1,-1,1,545,89.3,0,-1.0,0,0,0,639,359
3946,48439,48437919,11112,500,-1,-1,1,635,89.2,0,-1.0,0,0,0,639,359
3947,48450,48449026,11107,500,-1,-1,1,525,89.3,0,-1.0,0,0,0,639,359
3948,48461,48460134,11108,500,-1,-1,1,525,89.3,0,-1.0,0,0,0,639,359
3949,48472,48471241,11107,500,-1,-1,1,528,89.3,0,-1.0,0,0,0,639,359
3950,48483,48482351,11110,500,-1,-1,1,526,89.3,0,-1.0,0,0,0,639,359
3951,48494,48493460,11109,500,-1,-1,1,528,89.3,0,-1.0,0,0,0,639,359
3952,48505,48504569,11109,500,-1,-1,1,526,89.3,1,-1.0,0,0,0,639,359
3953,48517,48515681,11112,500,-1,-1,1,528,89.3,0,-1.0,0,0,0,639,359
3954,48528,48526793,11112,500,-1,-1,1,545,89.4,0,-1.0,0,0,0,639,359
3955,48539,48537900,11107,500,-1,-1,1,629,89.4,0,-1.0,0,0,0,639,359
3956,48550,48549008,11108,500,-1,-1,1,632,89.3,0,-1.0,0,0,0,639,359
3957,48561,48560117,11109,500,-1,-1,1,525,89.3,0,-1.0,0,0,0,639,359
3958,48572,48571223,11106,500,-1,-1,1,525,89.3,0,-1.0,0,0,0,639,359
3959,48583,48582332,11109,500,-1,-1,1,526,89.4,0,-1.0,0,0,0,639,359
3960,48669,48593442,11110,500,-1,-1,1,610,83.3,0,-1.0,0,0,0,639,359
3961,48720,48715633,122191,500,-1,-1,1,586,19.2,1,-1.0,0,0,0,639,359
3962,48728,48726763,11130,500,-1,-1,1,547,33.9,0,-1.0,0,0,0,639,359
3963,48739,48737862,11099,500,-1,-1,1,548,42.9,0,-1.0,0,0,0,639,359
3964,48750,48748976,11114,500,-1,-1,1,624,48.8,0,-1.0,0,0,0,639,359
3965,48761,48760080,11104,500,-1,-1,1,632,53.8,0,-1.0,0,0,0,639,359
3966,48772,48771194,11114,500,-1,-1,1,527,57.7,0,-1.0,0,0,0,639,359
3967,48783,48782295,11101,500,-1,-1,1,525,60.9,0,-1.0,0,0,0,639,359
3968,48794,48793408,11113,500,-1,-1,1,527,63.5,0,-1.0,0,0,0,639,359
3969,48805,48804519,11111,500,-1,-1,1,527,65.7,0,-1.0,0,0,0,639,359
3970,48816,48815630,11111,500,-1,-1,1,526,67.6,1,-1.0,0,0,0,639,359
3971,48828,48826741,11111,500,-1,-1,1,552,69.2,0,-1.0,0,0,0,639,359
3972,48839,48837851,11110,500,-1,-1,1,545,70.6,0,-1.0,0,0,0,639,359
3973,48850,48848959,11108,500,-1,-1,1,632,71.8,0,-1.0,0,0,0,639,359
3974,48861,48860070,11111,500,-1,-1,1,525,72.9,0,-1.0,0,0,0,639,359
3975,48872,48871174,11104,500,-1,-1,1,524,73.5,0,-1.0,0,0,0,639,359
3976,48883,48882283,11109,500,-1,-1,1,527,74.4,0,-1.0,0,0,0,639,359
3977,48894,48893391,11108,500,-1,-1,1,528,75.2,0,-1.0,0,0,0,639,359
3978,48905,48904502,11111,500,-1,-1,1,527,75.9,0,-1.0,0,0,0,639,359
3979,48916,48915609,11107,500,-1,-1,1,527,76.6,1,-1.0,0,0,0,639,359
3980,48928,48926724,11115,500,-1,-1,1,526,77.2,0,-1.0,0,0,0,639,359
3981,48939,48937830,11106,500,-1,-1,1,545,77.8,0,-1.0,0,0,0,639,359
3982,48950,48948946,11116,500,-1,-1,1,628,78.3,0,-1.0,0,0,0,639,359
3983,48961,48960051,11105,500,-1,-1,1,525,78.8,0,-1.0,0,0,0,639,359
3984,48972,48971157,11106,500,-1,-1,1,524,78.9,0,-1.0,0,0,0,639,359
3985,48983,48982267,11110,500,-1,-1,1,524,79.4,0,-1.0,0,0,0,639,359
3986,48994,48993374,11107,500,-1,-1,1,525,79.8,0,-1.0,0,0,0,639,359
3987,49005,49004488,11114,500,-1,-1,1,530,80.1,0,-1.0,0,0,0,639,359
3988,49017,49015592,11104,500,-1,-1,1,526,80.5,1,-1.0,0,0,0,639,359
3989,49028,49026705,11113,500,-1,-1,1,536,80.8,0,-1.0,0,0,0,639,359
3990,49039,49037813,11108,500,-1,-1,1,533,81.1,0,-1.0,0,0,0,639,359
3991,49050,49048926,11113,500,-1,-1,1,633,81.4,0,-1.0,0,0,0,639,359
3992,49061,49060032,11106,500,-1,-1,1,525,81.4,0,-1.0,0,0,0,639,359
3993,49072,49071138,11106,500,-1,-1,1,525,81.9,0,-1.0,0,0,0,639,359
3994,49083,49082250,11112,500,-1,-1,1,527,81.9,0,-1.0,0,0,0,639,359
3995,49094,49093359,11109,500,-1,-1,1,524,82.2,0,-1.0,0,0,0,639,359
3996,49105,49104468,11109,500,-1,-1,1,526,82.4,0,-1.0,0,0,0,639,359
3997,49116,49115576,11108,500,-1,-1,1,528,82.6,1,-1.0,0,0,0,639,359
3998,49128,49126692,11116,500,-1,-1,1,546,82.8,0,-1.0,0,0,0,639,359
3999,49139,49137794,11102,500,-1,-1,1,541,83.0,0,-1.0,0,0,0,639,359
4000,49150,49148914,11120,500,-1,-1,1,630,83.0,0,-1.0,0,0,0,639,359
4001,49161,49160012,11098,500,-1,-1,1,550,83.3,0,-1.0,0,0,0,639,359
4002,49172,49171124,11112,500,-1,-1,1,531,83.5,0,-1.0,0,0,0,639,359
4003,49183,49182233,11109,500,-1,-1,1,526,83.5,0,-1.0,0,0,0,639,359
4004,49194,49193342,11109,500,-1,-1,1,534,83.7,0,-1.0,0,0,0,639,359
4005,49205,49204449,11107,500,-1,-1,1,524,83.8,0,-1.0,0,0,0,639,359
4006,49216,49215557,11108,500,-1,-1,1,525,83.9,1,-1.0,0,0,0,639,359
4007,49227,49226672,11115,500,-1,-1,1,546,84.1,0,-1.0,0,0,0,639,359
4008,49239,49237778,11106,500,-1,-1,1,538,84.2,0,-1.0,0,0,0,639,359
4009,49250,49248887,11109,500,-1,-1,1,625,84.3,0,-1.0,0,0,0,639,359
4010,49261,49259998,11111,500,-1,-1,1,525,84.5,0,-1.0,0,0,0,639,359
4011,49272,49271105,11107,500,-1,-1,1,526,84.4,0,-1.0,0,0,0,639,359
4012,49283,49282216,11111,500,-1,-1,1,527,84.6,0,-1.0,0,0,0,639,359
4013,49294,49293322,11106,500,-1,-1,1,528,84.7,0,-1.0,0,0,0,639,359
4014,49305,49304436,11114,500,-1,-1,1,631,84.8,0,-1.0,0,0,0,639,359
4015,49316,49315547,11111,500,-1,-1,1,525,84.9,1,-1.0,0,0,0,639,359
4016,49328,49326658,11111,500,-1,-1,1,546,85.0,0,-1.0,0,0,0,639,359
4017,49339,49337760,11102,500,-1,-1,1,546,85.1,0,-1.0,0,0,0,639,359
4018,49350,49348875,11115,500,-1,-1,1,632,85.2,0,-1.0,0,0,0,639,359
4019,49361,49359977,11102,500,-1,-1,1,524,85.3,0,-1.0,0,0,0,639,359
4020,49372,49371090,11113,500,-1,-1,1,524,85.2,0,-1.0,0,0,0,639,359
4021,49383,49382199,11109,500,-1,-1,1,528,85.3,0,-1.0,0,0,0,639,359
4022,49394,49393308,11109,500,-1,-1,1,528,85.4,0,-1.0,0,0,0,639,359
4023,49405,49404414,11106,500,-1,-1,1,526,85.5,0,-1.0,0,0,0,639,359
4024,49416,49415525,11111,500,-1,-1,1,527,85.6,1,-1.0,0,0,0,639,359
4025,49427,49426638,11113,500,-1,-1,1,646,85.6,0,-1.0,0,0,0,639,359
4026,49439,49437748,11110,500,-1,-1,1,546,85.7,0,-1.0,0,0,0,639,359
4027,49450,49448856,11108,500,-1,-1,1,630,85.8,0,-1.0,0,0,0,639,359
4028,49461,49459966,11110,500,-1,-1,1,524,85.9,0,-1.0,0,0,0,639,359
4029,49472,49471070,11104,500,-1,-1,1,526,85.8,0,-1.0,0,0,0,639,359
4030,49483,49482184,11114,500,-1,-1,1,524,85.9,0,-1.0,0,0,0,639,359
4031,49494,49493289,11105,500,-1,-1,1,526,86.0,0,-1.0,0,0,0,639,359
4032,49505,49504397,11108,500,-1,-1,1,527,86.0,0,-1.0,0,0,0,639,359
4033,49516,49515510,11113,500,-1,-1,1,525,86.1,1,-1.0,0,0,0,639,359
4034,49527,49526623,11113,500,-1,-1,1,534,86.1,0,-1.0,0,0,0,639,359
4035,49539,49537727,11104,500,-1,-1,1,532,86.2,0,-1.0,0,0,0,639,359
4036,49550,49548843,11116,500,-1,-1,1,634,86.3,0,-1.0,0,0,0,639,359
4037,49561,49559945,11102,500,-1,-1,1,634,86.3,0,-1.0,0,0,0,639,359
4038,49572,49571054,11109,500,-1,-1,1,526,86.3,0,-1.0,0,0,0,639,359
4039,49583,49582164,11110,500,-1,-1,1,526,86.3,0,-1.0,0,0,0,639,359
4040,49594,49593275,11111,500,-1,-1,1,529,86.4,0,-1.0,0,0,0,639,359
4041,49605,49604381,11106,500,-1,-1,1,524,86.4,0,-1.0,0,0,0,639,359
4042,49616,49615488,11107,500,-1,-1,1,528,86.5,1,-1.0,0,0,0,639,359
4043,49627,49626603,11115,500,-1,-1,1,543,86.5,0,-1.0,0,0,0,639,359
4044,49639,49637709,11106,500,-1,-1,1,530,86.6,0,-1.0,0,0,0,639,359
4045,49650,49648819,11110,500,-1,-1,1,630,86.6,0,-1.0,0,0,0,639,359
4046,49661,49659931,11112,500,-1,-1,1,526,86.7,0,-1.0,0,0,0,639,359
4047,49672,49671036,11105,500,-1,-1,1,524,86.7,0,-1.0,0,0,0,639,359
4048,49685,49682149,11113,500,-1,-1,1,524,71.4,0,-1.0,0,0,0,639,359
4049,49694,49693254,11105,500,-1,-1,1,525,87.0,0,-1.0,0,0,0,639,359
4050,49750,49704367,11113,500,-1,-1,1,613,38.5,0,-1.0,0,0,0,639,359
4051,49750,49748787,44420,500,-1,-1,1,604,50.6,1,-1.0,0,0,0,639,359
4052,49761,49759913,11126,500,-1,-1,1,525,56.2,0,-1.0,0,0,0,639,359
4053,49772,49771020,11107,500,-1,-1,1,528,59.4,0,-1.0,0,0,0,639,359
4054,49783,49782132,11112,500,-1,-1,1,635,62.5,0,-1.0,0,0,0,639,359
4055,49794,49793240,11108,500,-1,-1,1,621,65.0,0,-1.0,0,0,0,639,359
4056,49805,49804349,11109,500,-1,-1,1,546,67.2,0,-1.0,0,0,0,639,359
4057,49816,49815458,11109,500,-1,-1,1,635,69.0,0,-1.0,0,0,0,639,359
4058,49828,49826569,11111,500,-1,-1,1,526,70.5,0,-1.0,0,0,0,639,359
4059,49839,49837680,11111,500,-1,-1,1,627,71.9,0,-1.0,0,0,0,639,359
4060,49850,49848783,11103,500,-1,-1,1,524,73.0,1,-1.0,0,0,0,639,359
4061,49861,49859899,11116,500,-1,-1,1,538,74.1,0,-1.0,0,0,0,639,359
4062,49872,49871003,11104,500,-1,-1,1,543,75.0,0,-1.0,0,0,0,639,359
4063,49883,49882113,11110,500,-1,-1,1,632,75.5,0,-1.0,0,0,0,639,359
4064,49894,49893223,11110,500,-1,-1,1,527,76.2,0,-1.0,0,0,0,639,359
4065,49905,49904335,11112,500,-1,-1,1,525,76.9,0,-1.0,0,0,0,639,359
4066,49916,49915439,11104,500,-1,-1,1,527,77.6,0,-1.0,0,0,0,639,359
4067,49927,49926552,11113,500,-1,-1,1,526,78.1,0,-1.0,0,0,0,639,359
4068,49938,49937656,11104,500,-1,-1,1,525,78.7,0,-1.0,0,0,0,639,359
4069,49950,49948768,11112,500,-1,-1,1,526,79.1,1,-1.0,0,0,0,639,359
4070,49961,49959878,11110,500,-1,-1,1,544,79.6,0,-1.0,0,0,0,639,359
4071,49972,49970989,11111,500,-1,-1,1,545,80.0,0,-1.0,0,0,0,639,359
4072,49983,49982098,11109,500,-1,-1,1,624,80.1,0,-1.0,0,0,0,639,359
4073,49994,49993209,11111,500,-1,-1,1,527,80.5,0,-1.0,0,0,0,639,359
4074,50005,50004313,11104,500,-1,-1,1,527,80.8,0,-1.0,0,0,0,639,359
4075,50016,50015422,11109,500,-1,-1,1,529,81.2,0,-1.0,0,0,0,639,359
4076,50027,50026532,11110,500,-1,-1,1,527,81.5,0,-1.0,0,0,0,639,359
4077,50039,50037642,11110,500,-1,-1,1,527,81.7,0,-1.0,0,0,0,639,359
4078,50050,50048748,11106,500,-1,-1,1,527,82.0,1,-1.0,0,0,0,639,359
4079,50061,50059864,11116,500,-1,-1,1,525,82.3,0,-1.0,0,0,0,639,359
4080,50072,50070971,11107,500,-1,-1,1,544,82.5,0,-1.0,0,0,0,639,359
4081,50083,50082083,11112,500,-1,-1,1,628,82.5,0,-1.0,0,0,0,639,359
4082,50094,50093192,11109,500,-1,-1,1,525,82.7,0,-1.0,0,0,0,639,359
4083,50105,50104297,11105,500,-1,-1,1,590,82.9,0,-1.0,0,0,0,639,359
4084,50116,50115404,11107,500,-1,-1,1,527,83.1,0,-1.0,0,0,0,639,359
4085,50127,50126516,11112,500,-1,-1,1,540,83.3,0,-1.0,0,0,0,639,359
4086,50138,50137623,11107,500,-1,-1,1,526,83.5,0,-1.0,0,0,0,639,359
4087,50150,50148733,11110,500,-1,-1,1,526,83.7,1,-1.0,0,0,0,639,359
4088,50161,50159849,11116,500,-1,-1,1,574,83.8,0,-1.0,0,0,0,639,359
4089,50172,50170954,11105,500,-1,-1,1,551,84.0,0,-1.0,0,0,0,639,359
4090,50183,50182065,11111,500,-1,-1,1,632,84.0,0,-1.0,0,0,0,639,359
4091,50194,50193176,11111,500,-1,-1,1,526,84.1,0,-1.0,0,0,0,639,359
4092,50205,50204284,11108,500,-1,-1,1,524,84.3,0,-1.0,0,0,0,639,359
4093,50216,50215394,11110,500,-1,-1,1,526,84.4,0,-1.0,0,0,0,639,359
4094,50227,50226498,11104,500,-1,-1,1,525,84.5,0,-1.0,0,0,0,639,359
4095,50238,50237607,11109,500,-1,-1,1,524,84.7,0,-1.0,0,0,0,639,359
4096,50250,50248713,11106,500,-1,-1,1,530,84.8,1,-1.0,0,0,0,639,359
4097,50261,50259835,11122,500,-1,-1,1,580,84.9,0,-1.0,0,0,0,639,359
4098,50272,50270935,11100,500,-1,-1,1,537,85.0,0,-1.0,0,0,0,639,359
4099,50283,50282047,11112,500,-1,-1,1,632,85.0,0,-1.0,0,0,0,639,359
4100,50294,50293158,11111,500,-1,-1,1,527,85.1,0,-1.0,0,0,0,639,359
4101,50305,50304263,11105,500,-1,-1,1,552,85.2,0,-1.0,0,0,0,639,359
4102,50316,50315369,11106,500,-1,-1,1,525,85.3,0,-1.0,0,0,0,639,359
4103,50327,50326484,11115,500,-1,-1,1,525,85.4,0,-1.0,0,0,0,639,359
4104,50338,50337591,11107,500,-1,-1,1,526,85.5,0,-1.0,0,0,0,639,359
4105,50350,50348703,11112,500,-1,-1,1,530,85.5,1,-1.0,0,0,0,639,359
4106,50361,50359812,11109,500,-1,-1,1,589,85.6,0,-1.0,0,0,0,639,359
4107,50372,50370920,11108,500,-1,-1,1,546,85.7,0,-1.0,0,0,0,639,359
4108,50383,50382031,11111,500,-1,-1,1,629,85.7,0,-1.0,0,0,0,639,359
4109,50394,50393137,11106,500,-1,-1,1,527,85.8,0,-1.0,0,0,0,639,359
4110,50405,50404246,11109,500,-1,-1,1,625,85.8,0,-1.0,0,0,0,639,359
4111,50416,50415356,11110,500,-1,-1,1,527,85.9,0,-1.0,0,0,0,639,359
4112,50427,50426462,11106,500,-1,-1,1,526,86.0,0,-1.0,0,0,0,639,359
4113,50439,50437573,11111,500,-1,-1,1,524,86.0,0,-1.0,0,0,0,639,359
4114,50450,50448683,11110,500,-1,-1,1,525,86.1,1,-1.0,0,0,0,639,359
4115,50461,50459795,11112,500,-1,-1,1,546,86.2,0,-1.0,0,0,0,639,359
4116,50472,50470905,11110,500,-1,-1,1,544,86.2,0,-1.0,0,0,0,639,359
4117,50483,50482017,11112,500,-1,-1,1,635,86.2,0,-1.0,0,0,0,639,359
4118,50494,50493126,11109,500,-1,-1,1,527,86.4,0,-1.0,0,0,0,639,359
4119,50505,50504232,11106,500,-1,-1,1,529,86.3,0,-1.0,0,0,0,639,359
4120,50516,50515339,11107,500,-1,-1,1,528,86.4,0,-1.0,0,0,0,639,359
4121,50527,50526447,11108,500,-1,-1,1,526,86.4,0,-1.0,0,0,0,639,359
4122,50538,50537554,11107,500,-1,-1,1,527,86.5,0,-1.0,0,0,0,639,359
4123,50549,50548663,11109,500,-1,-1,1,526,86.6,1,-1.0,0,0,0,639,359
4124,50561,50559775,11112,500,-1,-1,1,529,86.6,0,-1.0,0,0,0,639,359
4125,50572,50570883,11108,500,-1,-1,1,550,86.7,0,-1.0,0,0,0,639,359
4126,50583,50582010,11127,500,-1,-1,1,630,86.7,0,-1.0,0,0,0,639,359
4127,50594,50593103,11093,500,-1,-1,1,525,86.8,0,-1.0,0,0,0,639,359
4128,50605,50604214,11111,500,-1,-1,1,551,86.7,0,-1.0,0,0,0,639,359
4129,50616,50615325,11111,500,-1,-1,1,528,86.8,0,-1.0,0,0,0,639,359
4130,50627,50626427,11102,500,-1,-1,1,527,86.8,0,-1.0,0,0,0,639,359
4131,50638,50637542,11115,500,-1,-1,1,528,86.9,0,-1.0,0,0,0,639,359
4132,50649,50648652,11110,500,-1,-1,1,529,86.9,1,-1.0,0,0,0,639,359
4133,50661,50659762,11110,500,-1,-1,1,545,87.0,0,-1.0,0,0,0,639,359
4134,50672,50670866,11104,500,-1,-1,1,530,87.0,0,-1.0,0,0,0,639,359
4135,50713,50704188,33322,500,-1,-1,1,526,24.4,0,-1.0,0,0,0,639,359
4136,50716,50715293,11105,500,-1,-1,1,529,44.4,0,-1.0,0,0,0,639,359
4137,50727,50726413,11120,500,-1,-1,1,533,53.6,0,-1.0,0,0,0,639,359
4138,50738,50737518,11105,500,-1,-1,1,529,59.7,0,-1.0,0,0,0,639,359
4139,50750,50748628,11110,500,-1,-1,1,525,64.1,0,-1.0,0,0,0,639,359
4140,50843,50759742,11114,500,-1,-1,1,577,35.1,0,-1.0,0,0,0,639,359
4141,50843,50837489,77747,500,-1,-1,1,525,40.7,1,-1.0,0,0,0,639,359
4142,50850,50848778,11289,500,-1,-1,1,633,44.9,0,-1.0,0,0,0,639,359
4143,50861,50859726,10948,500,-1,-1,1,546,47.6,0,-1.0,0,0,0,639,359
4144,50872,50870834,11108,500,-1,-1,1,543,50.0,0,-1.0,0,0,0,639,359
4145,50883,50881945,11111,500,-1,-1,1,600,51.9,0,-1.0,0,0,0,639,359
4146,50894,50893054,11109,500,-1,-1,1,526,53.8,0,-1.0,0,0,0,639,359
4147,50905,50904163,11109,500,-1,-1,1,625,55.6,0,-1.0,0,0,0,639,359
4148,50916,50915271,11108,500,-1,-1,1,527,57.1,0,-1.0,0,0,0,639,359
4149,50927,50926377,11106,500,-1,-1,1,525,58.6,0,-1.0,0,0,0,639,359
4150,50938,50937485,11108,500,-1,-1,1,527,59.9,1,-1.0,0,0,0,639,359
4151,50949,50948605,11120,500,-1,-1,1,544,61.2,0,-1.0,0,0,0,639,359
4152,50961,50959709,11104,500,-1,-1,1,546,62.3,0,-1.0,0,0,0,639,359
4153,50972,50970820,11111,500,-1,-1,1,633,63.3,0,-1.0,0,0,0,639,359
4154,50983,50981924,11104,500,-1,-1,1,527,64.3,0,-1.0,0,0,0,639,359
4155,50994,50993037,11113,500,-1,-1,1,526,65.2,0,-1.0,0,0,0,639,359
4156,51005,51004147,11110,500,-1,-1,1,526,66.1,0,-1.0,0,0,0,639,359
4157,51016,51015251,11104,500,-1,-1,1,528,66.7,0,-1.0,0,0,0,639,359
4158,51027,51026358,11107,500,-1,-1,1,528,67.4,0,-1.0,0,0,0,639,359
4159,51038,51037470,11112,500,-1,-1,1,526,68.1,1,-1.0,0,0,0,639,359
4160,51049,51048584,11114,500,-1,-1,1,547,68.8,0,-1.0,0,0,0,639,359
4161,51061,51059689,11105,500,-1,-1,1,545,69.4,0,-1.0,0,0,0,639,359
4162,51072,51070817,11128,500,-1,-1,1,634,70.0,0,-1.0,0,0,0,639,359
4163,51083,51081913,11096,500,-1,-1,1,524,70.6,0,-1.0,0,0,0,639,359
4164,51094,51093017,11104,500,-1,-1,1,561,71.1,0,-1.0,0,0,0,639,359
4165,51105,51104127,11110,500,-1,-1,1,524,71.4,0,-1.0,0,0,0,639,359
4166,51116,51115235,11108,500,-1,-1,1,526,71.9,0,-1.0,0,0,0,639,359
4167,51127,51126346,11111,500,-1,-1,1,530,72.4,0,-1.0,0,0,0,639,359
4168,51138,51137453,11107,500,-1,-1,1,527,72.8,1,-1.0,0,0,0,639,359
4169,51150,51148569,11116,500,-1,-1,1,532,73.2,0,-1.0,0,0,0,639,359
4170,51160,51159673,11104,500,-1,-1,1,535,73.6,0,-1.0,0,0,0,639,359
4171,51172,51170825,11152,500,-1,-1,1,628,74.0,0,-1.0,0,0,0,639,359
4172,51183,51181892,11067,500,-1,-1,1,534,74.4,0,-1.0,0,0,0,639,359
4173,51194,51193002,11110,500,-1,-1,1,555,74.6,0,-1.0,0,0,0,639,359
4174,51205,51204111,11109,500,-1,-1,1,524,75.0,0,-1.0,0,0,0,639,359
4175,51216,51215223,11112,500,-1,-1,1,524,75.2,0,-1.0,0,0,0,639,359
4176,51227,51226328,11105,500,-1,-1,1,525,75.5,0,-1.0,0,0,0,639,359
4177,51238,51237440,11112,500,-1,-1,1,526,75.8,1,-1.0,0,0,0,639,359
4178,51249,51248550,11110,500,-1,-1,1,546,76.1,0,-1.0,0,0,0,639,359
4179,51260,51259656,11106,500,-1,-1,1,542,76.4,0,-1.0,0,0,0,639,359
4180,51272,51270764,11108,500,-1,-1,1,631,76.7,0,-1.0,0,0,0,639,359
4181,51283,51281878,11114,500,-1,-1,1,525,76.9,0,-1.0,0,0,0,639,359
4182,51294,51292983,11105,500,-1,-1,1,543,77.2,0,-1.0,0,0,0,639,359
4183,51305,51304093,11110,500,-1,-1,1,527,77.4,0,-1.0,0,0,0,639,359
4184,51316,51315201,11108,500,-1,-1,1,525,77.5,0,-1.0,0,0,0,639,359
4185,51327,51326311,11110,500,-1,-1,1,525,77.7,0,-1.0,0,0,0,639,359
4186,51338,51337420,11109,500,-1,-1,1,526,78.0,1,-1.0,0,0,0,639,359
4187,51349,51348537,11117,500,-1,-1,1,546,78.2,0,-1.0,0,0,0,639,359
4188,51360,51359638,11101,500,-1,-1,1,543,78.4,0,-1.0,0,0,0,639,359
4189,51372,51370749,11111,500,-1,-1,1,631,78.6,0,-1.0,0,0,0,639,359
4190,51383,51381860,11111,500,-1,-1,1,527,78.8,0,-1.0,0,0,0,639,359
4191,51394,51392967,11107,500,-1,-1,1,526,78.9,0,-1.0,0,0,0,639,359
4192,51405,51404077,11110,500,-1,-1,1,528,79.1,0,-1.0,0,0,0,639,359
4193,51416,51415186,11109,500,-1,-1,1,527,79.2,0,-1.0,0,0,0,639,359
4194,51427,51426293,11107,500,-1,-1,1,526,79.4,0,-1.0,0,0,0,639,359
4195,51438,51437406,11113,500,-1,-1,1,526,79.5,1,-1.0,0,0,0,639,359
4196,51449,51448516,11110,500,-1,-1,1,646,79.7,0,-1.0,0,0,0,639,359
4197,51461,51459628,11112,500,-1,-1,1,555,79.8,0,-1.0,0,0,0,639,359
4198,51472,51470756,11128,500,-1,-1,1,632,80.0,0,-1.0,0,0,0,639,359
4199,51483,51481846,11090,500,-1,-1,1,526,80.1,0,-1.0,0,0,0,639,359
4200,51494,51492951,11105,500,-1,-1,1,589,80.3,0,-1.0,0,0,0,639,359
4201,51505,51504062,11111,500,-1,-1,1,532,80.3,0,-1.0,0,0,0,639,359
4202,51516,51515167,11105,500,-1,-1,1,527,80.5,0,-1.0,0,0,0,639,359
4203,51527,51526276,11109,500,-1,-1,1,525,80.6,0,-1.0,0,0,0,639,359
4204,51538,51537387,11111,500,-1,-1,1,524,80.7,1,-1.0,0,0,0,639,359
4205,51549,51548500,11113,500,-1,-1,1,544,80.9,0,-1.0,0,0,0,639,359
4206,51560,51559607,11107,500,-1,-1,1,527,81.0,0,-1.0,0,0,0,639,359
4207,51572,51570729,11122,500,-1,-1,1,628,81.1,0,-1.0,0,0,0,639,359
4208,51583,51581826,11097,500,-1,-1,1,527,81.2,0,-1.0,0,0,0,639,359
4209,51594,51592932,11106,500,-1,-1,1,607,81.3,0,-1.0,0,0,0,639,359
4210,51605,51604042,11110,500,-1,-1,1,525,81.5,0,-1.0,0,0,0,639,359
4211,51616,51615150,11108,500,-1,-1,1,524,81.6,0,-1.0,0,0,0,639,359
4212,51627,51626262,11112,500,-1,-1,1,525,81.6,0,-1.0,0,0,0,639,359
4213,51638,51637372,11110,500,-1,-1,1,529,81.7,1,-1.0,0,0,0,639,359
4214,51649,51648482,11110,500,-1,-1,1,535,81.8,0,-1.0,0,0,0,639,359
4215,51660,51659589,11107,500,-1,-1,1,534,81.9,0,-1.0,0,0,0,639,359
4216,51672,51670708,11119,500,-1,-1,1,631,82.0,0,-1.0,0,0,0,639,359
4217,51706,51704012,33304,500,-1,-1,1,586,28.6,0,-1.0,0,0,0,639,359
4218,51716,51715135,11123,500,-1,-1,1,528,45.5,0,-1.0,0,0,0,639,359
4219,51727,51726241,11106,500,-1,-1,1,525,53.6,0,-1.0,0,0,0,639,359
4220,51738,51737356,11115,500,-1,-1,1,524,59.7,0,-1.0,0,0,0,639,359
4221,51749,51748461,11105,500,-1,-1,1,526,64.1,0,-1.0,0,0,0,639,359
4222,51760,51759568,11107,500,-1,-1,1,524,67.4,1,-1.0,0,0,0,639,359
4223,51772,51770685,11117,500,-1,-1,1,535,70.0,0,-1.0,0,0,0,639,359
4224,51783,51781791,11106,500,-1,-1,1,546,72.1,0,-1.0,0,0,0,639,359
4225,51794,51792965,11174,500,-1,-1,1,627,73.8,0,-1.0,0,0,0,639,359
4226,51805,51804009,11044,500,-1,-1,1,525,75.2,0,-1.0,0,0,0,639,359
4227,51816,51815121,11112,500,-1,-1,1,590,75.9,0,-1.0,0,0,0,639,359
4228,51827,51826225,11104,500,-1,-1,1,527,76.9,0,-1.0,0,0,0,639,359
4229,51838,51837335,11110,500,-1,-1,1,524,77.8,0,-1.0,0,0,0,639,359
4230,51946,51848443,11108,500,-1,-1,1,531,50.9,0,-1.0,0,0,0,639,359
4231,51947,51937298,88855,500,-1,-1,1,522,54.5,1,-1.0,0,0,0,639,359
4232,51950,51948414,11116,500,-1,-1,1,525,57.6,0,-1.0,0,0,0,639,359
4233,51960,51959539,11125,500,-1,-1,1,612,58.8,0,-1.0,0,0,0,639,359
4234,51971,51970650,11111,500,-1,-1,1,530,60.0,0,-1.0,0,0,0,639,359
4235,51983,51981760,11110,500,-1,-1,1,547,61.1,0,-1.0,0,0,0,639,359
4236,51994,51992868,11108,500,-1,-1,1,633,62.1,0,-1.0,0,0,0,639,359
4237,52005,52003975,11107,500,-1,-1,1,638,63.1,0,-1.0,0,0,0,639,359
4238,52016,52015085,11110,500,-1,-1,1,525,63.8,0,-1.0,0,0,0,639,359
4239,52027,52026191,11106,500,-1,-1,1,526,64.6,0,-1.0,0,0,0,639,359
4240,52038,52037302,11111,500,-1,-1,1,527,65.4,1,-1.0,0,0,0,639,359
4241,52049,52048413,11111,500,-1,-1,1,545,66.1,0,-1.0,0,0,0,639,359
4242,52060,52059522,11109,500,-1,-1,1,541,66.8,0,-1.0,0,0,0,639,359
4243,52071,52070653,11131,500,-1,-1,1,632,67.5,0,-1.0,0,0,0,639,359
4244,52083,52081742,11089,500,-1,-1,1,526,68.1,0,-1.0,0,0,0,639,359
4245,52094,52092844,11102,500,-1,-1,1,526,68.7,0,-1.0,0,0,0,639,359
4246,52105,52103959,11115,500,-1,-1,1,527,69.3,0,-1.0,0,0,0,639,359
4247,52116,52115063,11104,500,-1,-1,1,527,69.8,0,-1.0,0,0,0,639,359
4248,52127,52126176,11113,500,-1,-1,1,525,70.2,0,-1.0,0,0,0,639,359
4249,52138,52137285,11109,500,-1,-1,1,524,70.7,1,-1.0,0,0,0,639,359
4250,52149,52148398,11113,500,-1,-1,1,543,71.1,0,-1.0,0,0,0,639,359
4251,52160,52159504,11106,500,-1,-1,1,545,71.6,0,-1.0,0,0,0,639,359
4252,52172,52170625,11121,500,-1,-1,1,633,72.0,0,-1.0,0,0,0,639,359
4253,52183,52181723,11098,500,-1,-1,1,527,72.4,0,-1.0,0,0,0,639,359
4254,52194,52192831,11108,500,-1,-1,1,630,72.8,0,-1.0,0,0,0,639,359
4255,52205,52203939,11108,500,-1,-1,1,528,73.2,0,-1.0,0,0,0,639,359
4256,52216,52215048,11109,500,-1,-1,1,526,73.4,0,-1.0,0,0,0,639,359
4257,52227,52226155,11107,500,-1,-1,1,528,73.9,0,-1.0,0,0,0,639,359
4258,52238,52237267,11112,500,-1,-1,1,525,74.1,1,-1.0,0,0,0,639,359
4259,52249,52248379,11112,500,-1,-1,1,547,74.4,0,-1.0,0,0,0,639,359
4260,52262,52259485,11106,500,-1,-1,1,525,74.5,0,-1.0,0,0,0,639,359
4261,52271,52270595,11110,500,-1,-1,1,634,75.0,0,-1.0,0,0,0,639,359
4262,52283,52281708,11113,500,-1,-1,1,528,75.3,0,-1.0,0,0,0,639,359
4263,52294,52292814,11106,500,-1,-1,1,632,75.6,0,-1.0,0,0,0,639,359
4264,52305,52303925,11111,500,-1,-1,1,528,75.8,0,-1.0,0,0,0,639,359
4265,52316,52315029,11104,500,-1,-1,1,528,76.1,0,-1.0,0,0,0,639,359
4266,52327,52326142,11113,500,-1,-1,1,527,76.3,0,-1.0,0,0,0,639,359
4267,52338,52337251,11109,500,-1,-1,1,527,76.5,1,-1.0,0,0,0,639,359
4268,52349,52348365,11114,500,-1,-1,1,526,76.7,0,-1.0,0,0,0,639,359
4269,52360,52359468,11103,500,-1,-1,1,545,76.9,0,-1.0,0,0,0,639,359
4270,52371,52370611,11143,500,-1,-1,1,628,77.1,0,-1.0,0,0,0,639,359
4271,52383,52381692,11081,500,-1,-1,1,526,77.4,0,-1.0,0,0,0,639,359
4272,52394,52392797,11105,500,-1,-1,1,593,77.6,0,-1.0,0,0,0,639,359
4273,52405,52403943,11146,500,-1,-1,1,525,77.8,0,-1.0,0,0,0,639,359
4274,52416,52415016,11073,500,-1,-1,1,524,78.0,0,-1.0,0,0,0,639,359
4275,52427,52426120,11104,500,-1,-1,1,528,78.1,0,-1.0,0,0,0,639,359
4276,52438,52437233,11113,500,-1,-1,1,526,78.2,1,-1.0,0,0,0,639,359
4277,52449,52448345,11112,500,-1,-1,1,535,78.4,0,-1.0,0,0,0,639,359
4278,52460,52459455,11110,500,-1,-1,1,532,78.6,0,-1.0,0,0,0,639,359
4279,52471,52470561,11106,500,-1,-1,1,631,78.8,0,-1.0,0,0,0,639,359
4280,52483,52481674,11113,500,-1,-1,1,525,78.9,0,-1.0,0,0,0,639,359
4281,52494,52492775,11101,500,-1,-1,1,527,79.1,0,-1.0,0,0,0,639,359
4282,52505,52503891,11116,500,-1,-1,1,527,79.2,0,-1.0,0,0,0,639,359
4283,52516,52514995,11104,500,-1,-1,1,525,79.4,0,-1.0,0,0,0,639,359
4284,52527,52526109,11114,500,-1,-1,1,525,79.4,0,-1.0,0,0,0,639,359
4285,52538,52537216,11107,500,-1,-1,1,526,79.6,1,-1.0,0,0,0,639,359
4286,52549,52548330,11114,500,-1,-1,1,547,79.7,0,-1.0,0,0,0,639,359
4287,52560,52559435,11105,500,-1,-1,1,546,79.9,0,-1.0,0,0,0,639,359
4288,52572,52570566,11131,500,-1,-1,1,631,80.0,0,-1.0,0,0,0,639,359
4289,52582,52581653,11087,500,-1,-1,1,525,80.1,0,-1.0,0,0,0,639,359
4290,52594,52592764,11111,500,-1,-1,1,592,80.3,0,-1.0,0,0,0,639,359
4291,52605,52603869,11105,500,-1,-1,1,525,80.4,0,-1.0,0,0,0,639,359
4292,52616,52614982,11113,500,-1,-1,1,525,80.5,0,-1.0,0,0,0,639,359
4293,52627,52626087,11105,500,-1,-1,1,526,80.6,0,-1.0,0,0,0,639,359
4294,52638,52637197,11110,500,-1,-1,1,526,80.7,1,-1.0,0,0,0,639,359
4295,52649,52648309,11112,500,-1,-1,1,546,80.8,0,-1.0,0,0,0,639,359
4296,52660,52659420,11111,500,-1,-1,1,547,80.9,0,-1.0,0,0,0,639,359
4297,52672,52670696,11276,500,-1,-1,1,636,81.0,0,-1.0,0,0,0,639,359
4298,52706,52703842,33146,500,-1,-1,1,585,28.6,0,-1.0,0,0,0,639,359
4299,52716,52714962,11120,500,-1,-1,1,526,45.5,0,-1.0,0,0,0,639,359
4300,52727,52726074,11112,500,-1,-1,1,528,54.5,0,-1.0,0,0,0,639,359
4301,52738,52737182,11108,500,-1,-1,1,527,59.7,0,-1.0,0,0,0,639,359
4302,52749,52748291,11109,500,-1,-1,1,526,64.1,0,-1.0,0,0,0,639,359
4303,52760,52759399,11108,500,-1,-1,1,527,67.4,1,-1.0,0,0,0,639,359
4304,52771,52770515,11116,500,-1,-1,1,648,70.0,0,-1.0,0,0,0,639,359
4305,52782,52781621,11106,500,-1,-1,1,544,72.1,0,-1.0,0,0,0,639,359
4306,52794,52792729,11108,500,-1,-1,1,632,73.8,0,-1.0,0,0,0,639,359
4307,52805,52803839,11110,500,-1,-1,1,525,75.2,0,-1.0,0,0,0,639,359
4308,52816,52814947,11108,500,-1,-1,1,526,76.4,0,-1.0,0,0,0,639,359
4309,52827,52826053,11106,500,-1,-1,1,526,77.4,0,-1.0,0,0,0,639,359
4310,52838,52837166,11113,500,-1,-1,1,525,77.8,0,-1.0,0,0,0,639,359
4311,52849,52848271,11105,500,-1,-1,1,526,78.7,0,-1.0,0,0,0,639,359
4312,52860,52859383,11112,500,-1,-1,1,525,79.4,1,-1.0,0,0,0,639,359
4313,52871,52870496,11113,500,-1,-1,1,544,80.0,0,-1.0,0,0,0,639,359
4314,52883,52881599,11103,500,-1,-1,1,533,80.6,0,-1.0,0,0,0,639,359
4315,52894,52892868,11269,500,-1,-1,1,632,81.1,0,-1.0,0,0,0,639,359
4316,52905,52903826,10958,500,-1,-1,1,526,81.5,0,-1.0,0,0,0,639,359
4317,52916,52914930,11104,500,-1,-1,1,600,82.0,0,-1.0,0,0,0,639,359
4318,52927,52926043,11113,500,-1,-1,1,525,82.0,0,-1.0,0,0,0,639,359
4319,52938,52937146,11103,500,-1,-1,1,527,82.7,0,-1.0,0,0,0,639,359
4320,53018,52948257,11111,500,-1,-1,1,609,66.5,0,-1.0,0,0,0,639,359
4321,53018,53014892,66635,500,-1,-1,1,594,69.2,1,-1.0,0,0,0,639,359
4322,53027,53026024,11132,500,-1,-1,1,530,70.4,0,-1.0,0,0,0,639,359
4323,53038,53037133,11109,500,-1,-1,1,525,71.0,0,-1.0,0,0,0,639,359
4324,53049,53048238,11105,500,-1,-1,1,526,71.4,0,-1.0,0,0,0,639,359
4325,53060,53059349,11111,500,-1,-1,1,627,72.0,0,-1.0,0,0,0,639,359
4326,53071,53070461,11112,500,-1,-1,1,547,72.5,0,-1.0,0,0,0,639,359
4327,53082,53081568,11107,500,-1,-1,1,527,73.0,0,-1.0,0,0,0,639,359
4328,53094,53092681,11113,500,-1,-1,1,637,73.5,0,-1.0,0,0,0,639,359
4329,53105,53103792,11111,500,-1,-1,1,526,73.9,0,-1.0,0,0,0,639,359
4330,53116,53114896,11104,500,-1,-1,1,526,74.2,1,-1.0,0,0,0,639,359
4331,53127,53126008,11112,500,-1,-1,1,546,74.7,0,-1.0,0,0,0,639,359
4332,53138,53137115,11107,500,-1,-1,1,546,75.1,0,-1.0,0,0,0,639,359
4333,53149,53148226,11111,500,-1,-1,1,628,75.3,0,-1.0,0,0,0,639,359
4334,53160,53159334,11108,500,-1,-1,1,634,75.7,0,-1.0,0,0,0,639,359
4335,53171,53170444,11110,500,-1,-1,1,527,76.0,0,-1.0,0,0,0,639,359
4336,53182,53181549,11105,500,-1,-1,1,528,76.3,0,-1.0,0,0,0,639,359
4337,53194,53192662,11113,500,-1,-1,1,524,76.6,0,-1.0,0,0,0,639,359
4338,53205,53203766,11104,500,-1,-1,1,524,76.9,0,-1.0,0,0,0,639,359
4339,53216,53214875,11109,500,-1,-1,1,525,77.2,1,-1.0,0,0,0,639,359
4340,53227,53225989,11114,500,-1,-1,1,546,77.5,0,-1.0,0,0,0,639,359
4341,53238,53237096,11107,500,-1,-1,1,546,77.6,0,-1.0,0,0,0,639,359
4342,53249,53248220,11124,500,-1,-1,1,633,77.9,0,-1.0,0,0,0,639,359
4343,53260,53259319,11099,500,-1,-1,1,526,78.1,0,-1.0,0,0,0,639,359
4344,53271,53270427,11108,500,-1,-1,1,628,78.3,0,-1.0,0,0,0,639,359
4345,53283,53281536,11109,500,-1,-1,1,529,78.6,0,-1.0,0,0,0,639,359
4346,53293,53292641,11105,500,-1,-1,1,527,78.8,0,-1.0,0,0,0,639,359
4347,53305,53303754,11113,500,-1,-1,1,525,79.0,0,-1.0,0,0,0,639,359
4348,53316,53314858,11104,500,-1,-1,1,525,79.2,1,-1.0,0,0,0,639,359
4349,53327,53325978,11120,500,-1,-1,1,526,79.4,0,-1.0,0,0,0,639,359
4350,53338,53337081,11103,500,-1,-1,1,530,79.6,0,-1.0,0,0,0,639,359
4351,53349,53348196,11115,500,-1,-1,1,630,79.6,0,-1.0,0,0,0,639,359
4352,53360,53359303,11107,500,-1,-1,1,525,79.8,0,-1.0,0,0,0,639,359
4353,53371,53370410,11107,500,-1,-1,1,606,80.0,0,-1.0,0,0,0,639,359
4354,53382,53381520,11110,500,-1,-1,1,524,80.2,0,-1.0,0,0,0,639,359
4355,53393,53392624,11104,500,-1,-1,1,525,80.3,0,-1.0,0,0,0,639,359
4356,53405,53403733,11109,500,-1,-1,1,525,80.5,0,-1.0,0,0,0,639,359
4357,53416,53414844,11111,500,-1,-1,1,526,80.6,1,-1.0,0,0,0,639,359
4358,53427,53425955,11111,500,-1,-1,1,543,80.8,0,-1.0,0,0,0,639,359
4359,53438,53437067,11112,500,-1,-1,1,536,80.9,0,-1.0,0,0,0,639,359
4360,53449,53448172,11105,500,-1,-1,1,629,81.0,0,-1.0,0,0,0,639,359
4361,53460,53459285,11113,500,-1,-1,1,526,81.1,0,-1.0,0,0,0,639,359
4362,53471,53470389,11104,500,-1,-1,1,632,81.2,0,-1.0,0,0,0,639,359
4363,53482,53481503,11114,500,-1,-1,1,526,81.4,0,-1.0,0,0,0,639,359
4364,53493,53492612,11109,500,-1,-1,1,524,81.5,0,-1.0,0,0,0,639,359
4365,53505,53503720,11108,500,-1,-1,1,528,81.6,0,-1.0,0,0,0,639,359
4366,53516,53514825,11105,500,-1,-1,1,525,81.8,1,-1.0,0,0,0,639,359
4367,53527,53525943,11118,500,-1,-1,1,545,81.9,0,-1.0,0,0,0,639,359
4368,53538,53537047,11104,500,-1,-1,1,542,82.0,0,-1.0,0,0,0,639,359
4369,53549,53548181,11134,500,-1,-1,1,627,82.0,0,-1.0,0,0,0,639,359
4370,53560,53559266,11085,500,-1,-1,1,526,82.1,0,-1.0,0,0,0,639,359
4371,53571,53570377,11111,500,-1,-1,1,612,82.2,0,-1.0,0,0,0,639,359
4372,53582,53581482,11105,500,-1,-1,1,527,82.3,0,-1.0,0,0,0,639,359
4373,53594,53592591,11109,500,-1,-1,1,526,82.4,0,-1.0,0,0,0,639,359
4374,53605,53603696,11105,500,-1,-1,1,528,82.5,0,-1.0,0,0,0,639,359
4375,53616,53614809,11113,500,-1,-1,1,526,82.6,1,-1.0,0,0,0,639,359
4376,53627,53625925,11116,500,-1,-1,1,545,82.7,0,-1.0,0,0,0,639,359
4377,53638,53637030,11105,500,-1,-1,1,545,82.7,0,-1.0,0,0,0,639,359
4378,53649,53648313,11283,500,-1,-1,1,630,82.8,0,-1.0,0,0,0,639,359
4379,53660,53659250,10937,500,-1,-1,1,525,82.9,0,-1.0,0,0,0,639,359
4380,53671,53670353,11103,500,-1,-1,1,626,83.0,0,-1.0,0,0,0,639,359
4381,53690,53681468,11115,500,-1,-1,1,529,52.6,0,-1.0,0,0,0,639,359
4382,53693,53692563,11095,500,-1,-1,1,527,90.9,0,-1.0,0,0,0,639,359
4383,53704,53703684,11121,500,-1,-1,1,527,90.9,0,-1.0,0,0,0,639,359
4384,53716,53714790,11106,500,-1,-1,1,526,90.9,1,-1.0,0,0,0,639,359
4385,53727,53725906,11116,500,-1,-1,1,544,90.9,0,-1.0,0,0,0,639,359
4386,53738,53737010,11104,500,-1,-1,1,546,90.9,0,-1.0,0,0,0,639,359
4387,53749,53748140,11130,500,-1,-1,1,630,89.7,0,-1.0,0,0,0,639,359
4388,53760,53759232,11092,500,-1,-1,1,526,89.9,0,-1.0,0,0,0,639,359
4389,53771,53770341,11109,500,-1,-1,1,610,90.0,0,-1.0,0,0,0,639,359
4390,53782,53781450,11109,500,-1,-1,1,525,90.1,0,-1.0,0,0,0,639,359
4391,53793,53792555,11105,500,-1,-1,1,525,90.2,0,-1.0,0,0,0,639,359
4392,53804,53803665,11110,500,-1,-1,1,523,90.2,0,-1.0,0,0,0,639,359
4393,53816,53814771,11106,500,-1,-1,1,527,90.3,1,-1.0,0,0,0,639,359
4394,53827,53825890,11119,500,-1,-1,1,540,90.3,0,-1.0,0,0,0,639,359
4395,53838,53836998,11108,500,-1,-1,1,537,90.4,0,-1.0,0,0,0,639,359
4396,53849,53848113,11115,500,-1,-1,1,631,89.9,0,-1.0,0,0,0,639,359
4397,53860,53859216,11103,500,-1,-1,1,525,89.9,0,-1.0,0,0,0,639,359
4398,53871,53870322,11106,500,-1,-1,1,629,90.0,0,-1.0,0,0,0,639,359
4399,53882,53881433,11111,500,-1,-1,1,528,90.0,0,-1.0,0,0,0,639,359
4400,53893,53892539,11106,500,-1,-1,1,524,90.1,0,-1.0,0,0,0,639,359
4401,53905,53903651,11112,500,-1,-1,1,524,90.1,0,-1.0,0,0,0,639,359
4402,53916,53914757,11106,500,-1,-1,1,526,90.2,1,-1.0,0,0,0,639,359
4403,53927,53925874,11117,500,-1,-1,1,547,90.2,0,-1.0,0,0,0,639,359
4404,53938,53936977,11103,500,-1,-1,1,547,90.2,0,-1.0,0,0,0,639,359
4405,53949,53948127,11150,500,-1,-1,1,631,89.9,0,-1.0,0,0,0,639,359
4406,53960,53959196,11069,500,-1,-1,1,640,90.0,0,-1.0,0,0,0,639,359
4407,53971,53970311,11115,500,-1,-1,1,642,90.0,0,-1.0,0,0,0,639,359
4408,53982,53981414,11103,500,-1,-1,1,527,90.0,0,-1.0,0,0,0,639,359
4409,53993,53992520,11106,500,-1,-1,1,527,90.1,0,-1.0,0,0,0,639,359
4410,54082,54003630,11110,500,-1,-1,1,614,73.0,0,-1.0,0,0,0,639,359
4411,54083,54081382,77752,500,-1,-1,1,601,75.2,1,-1.0,0,0,0,639,359
4412,54093,54092509,11127,500,-1,-1,1,528,75.8,0,-1.0,0,0,0,639,359
4413,54104,54103615,11106,500,-1,-1,1,526,76.2,0,-1.0,0,0,0,639,359
4414,54116,54114721,11106,500,-1,-1,1,527,76.6,0,-1.0,0,0,0,639,359
4415,54127,54125834,11113,500,-1,-1,1,610,76.9,0,-1.0,0,0,0,639,359
4416,54138,54136945,11111,500,-1,-1,1,528,77.3,0,-1.0,0,0,0,639,359
4417,54149,54148056,11111,500,-1,-1,1,634,77.4,0,-1.0,0,0,0,639,359
4418,54160,54159162,11106,500,-1,-1,1,630,77.7,0,-1.0,0,0,0,639,359
4419,54171,54170388,11226,500,-1,-1,1,607,78.0,0,-1.0,0,0,0,639,359
4420,54182,54181381,10993,500,-1,-1,1,609,78.3,1,-1.0,0,0,0,639,359
4421,54193,54192495,11114,500,-1,-1,1,545,78.5,0,-1.0,0,0,0,639,359
4422,54204,54203600,11105,500,-1,-1,1,545,78.8,0,-1.0,0,0,0,639,359
4423,54216,54214715,11115,500,-1,-1,1,610,79.0,0,-1.0,0,0,0,639,359
4424,54227,54225817,11102,500,-1,-1,1,627,79.3,0,-1.0,0,0,0,639,359
4425,54238,54236930,11113,500,-1,-1,1,527,79.5,0,-1.0,0,0,0,639,359
4426,54249,54248035,11105,500,-1,-1,1,527,79.7,0,-1.0,0,0,0,639,359
4427,54260,54259146,11111,500,-1,-1,1,527,79.8,0,-1.0,0,0,0,639,359
4428,54271,54270257,11111,500,-1,-1,1,525,80.0,0,-1.0,0,0,0,639,359
4429,54282,54281361,11104,500,-1,-1,1,527,80.2,1,-1.0,0,0,0,639,359
4430,54293,54292475,11114,500,-1,-1,1,550,80.4,0,-1.0,0,0,0,639,359
4431,54305,54303587,11112,500,-1,-1,1,546,80.6,0,-1.0,0,0,0,639,359
4432,54316,54314692,11105,500,-1,-1,1,631,80.7,0,-1.0,0,0,0,639,359
4433,54327,54325805,11113,500,-1,-1,1,524,80.8,0,-1.0,0,0,0,639,359
4434,54338,54336907,11102,500,-1,-1,1,633,81.1,0,-1.0,0,0,0,639,359
4435,54349,54348023,11116,500,-1,-1,1,529,81.1,0,-1.0,0,0,0,639,359
4436,54360,54359128,11105,500,-1,-1,1,525,81.4,0,-1.0,0,0,0,639,359
4437,54371,54370236,11108,500,-1,-1,1,527,81.4,0,-1.0,0,0,0,639,359
4438,54382,54381342,11106,500,-1,-1,1,528,81.6,1,-1.0,0,0,0,639,359
4439,54393,54392456,11114,500,-1,-1,1,529,81.7,0,-1.0,0,0,0,639,359
4440,54404,54403566,11110,500,-1,-1,1,532,81.9,0,-1.0,0,0,0,639,359
4441,54416,54414681,11115,500,-1,-1,1,629,82.0,0,-1.0,0,0,0,639,359
4442,54427,54425785,11104,500,-1,-1,1,524,82.1,0,-1.0,0,0,0,639,359
4443,54438,54436896,11111,500,-1,-1,1,628,82.1,0,-1.0,0,0,0,639,359
4444,54449,54448008,11112,500,-1,-1,1,526,82.4,0,-1.0,0,0,0,639,359
4445,54460,54459115,11107,500,-1,-1,1,529,82.5,0,-1.0,0,0,0,639,359
4446,54471,54470219,11104,500,-1,-1,1,524,82.5,0,-1.0,0,0,0,639,359
4447,54482,54481328,11109,500,-1,-1,1,529,82.6,1,-1.0,0,0,0,639,359
4448,54493,54492443,11115,500,-1,-1,1,545,82.7,0,-1.0,0,0,0,639,359
4449,54504,54503552,11109,500,-1,-1,1,542,82.8,0,-1.0,0,0,0,639,359
4450,54516,54514689,11137,500,-1,-1,1,633,82.9,0,-1.0,0,0,0,639,359
4451,54527,54525764,11075,500,-1,-1,1,525,82.9,0,-1.0,0,0,0,639,359
4452,54538,54536873,11109,500,-1,-1,1,629,83.1,0,-1.0,0,0,0,639,359
4453,54549,54547988,11115,500,-1,-1,1,527,83.2,0,-1.0,0,0,0,639,359
4454,54560,54559091,11103,500,-1,-1,1,527,83.3,0,-1.0,0,0,0,639,359
4455,54571,54570203,11112,500,-1,-1,1,524,83.3,0,-1.0,0,0,0,639,359
4456,54582,54581309,11106,500,-1,-1,1,624,83.4,1,-1.0,0,0,0,639,359
4457,54593,54592426,11117,500,-1,-1,1,545,83.5,0,-1.0,0,0,0,639,359
4458,54604,54603532,11106,500,-1,-1,1,544,83.6,0,-1.0,0,0,0,639,359
4459,54616,54614671,11139,500,-1,-1,1,636,83.7,0,-1.0,0,0,0,639,359
4460,54627,54625754,11083,500,-1,-1,1,527,83.7,0,-1.0,0,0,0,639,359
4461,54638,54636860,11106,500,-1,-1,1,631,83.9,0,-1.0,0,0,0,639,359
4462,54649,54647968,11108,500,-1,-1,1,638,83.9,0,-1.0,0,0,0,639,359
4463,54660,54659077,11109,500,-1,-1,1,526,83.9,0,-1.0,0,0,0,639,359
4464,54671,54670181,11104,500,-1,-1,1,556,84.0,0,-1.0,0,0,0,639,359
4465,54686,54681299,11118,500,-1,-1,1,525,71.4,1,-1.0,0,0,0,639,359
4466,54693,54692405,11106,500,-1,-1,1,542,90.9,0,-1.0,0,0,0,639,359
4467,54704,54703517,11112,500,-1,-1,1,531,90.9,0,-1.0,0,0,0,639,359
4468,54715,54714624,11107,500,-1,-1,1,631,90.9,0,-1.0,0,0,0,639,359
4469,54727,54725734,11110,500,-1,-1,1,527,90.9,0,-1.0,0,0,0,639,359
4470,54738,54736840,11106,500,-1,-1,1,554,90.9,0,-1.0,0,0,0,639,359
4471,54749,54747951,11111,500,-1,-1,1,528,90.9,0,-1.0,0,0,0,639,359
4472,54760,54759058,11107,500,-1,-1,1,526,90.9,0,-1.0,0,0,0,639,359
4473,54771,54770167,11109,500,-1,-1,1,644,90.0,0,-1.0,0,0,0,639,359
4474,54782,54781280,11113,500,-1,-1,1,525,90.1,1,-1.0,0,0,0,639,359
4475,54793,54792392,11112,500,-1,-1,1,547,90.2,0,-1.0,0,0,0,639,359
4476,54804,54803501,11109,500,-1,-1,1,547,90.2,0,-1.0,0,0,0,639,359
4477,54815,54814613,11112,500,-1,-1,1,633,90.3,0,-1.0,0,0,0,639,359
4478,54827,54825718,11105,500,-1,-1,1,524,90.3,0,-1.0,0,0,0,639,359
4479,54838,54836826,11108,500,-1,-1,1,629,90.4,0,-1.0,0,0,0,639,359
4480,54849,54847935,11109,500,-1,-1,1,529,90.4,0,-1.0,0,0,0,639,359
4481,54860,54859040,11105,500,-1,-1,1,527,90.4,0,-1.0,0,0,0,639,359
4482,54871,54870149,11109,500,-1,-1,1,526,90.5,0,-1.0,0,0,0,639,359
4483,54882,54881260,11111,500,-1,-1,1,528,90.0,1,-1.0,0,0,0,639,359
4484,54893,54892374,11114,500,-1,-1,1,530,90.1,0,-1.0,0,0,0,639,359
4485,54904,54903481,11107,500,-1,-1,1,527,90.1,0,-1.0,0,0,0,639,359
4486,54916,54914752,11271,500,-1,-1,1,632,90.2,0,-1.0,0,0,0,639,359
4487,54927,54925706,10954,500,-1,-1,1,528,90.2,0,-1.0,0,0,0,639,359
4488,54938,54936810,11104,500,-1,-1,1,629,90.2,0,-1.0,0,0,0,639,359
4489,54949,54947920,11110,500,-1,-1,1,531,90.3,0,-1.0,0,0,0,639,359
4490,54960,54959024,11104,500,-1,-1,1,525,90.3,0,-1.0,0,0,0,639,359
4491,54971,54970135,11111,500,-1,-1,1,527,90.0,0,-1.0,0,0,0,639,359
4492,54982,54981241,11106,500,-1,-1,1,527,90.0,1,-1.0,0,0,0,639,359
4493,54993,54992358,11117,500,-1,-1,1,538,90.1,0,-1.0,0,0,0,639,359
4494,55004,55003463,11105,500,-1,-1,1,533,90.1,0,-1.0,0,0,0,639,359
4495,55016,55014579,11116,500,-1,-1,1,630,90.1,0,-1.0,0,0,0,639,359
4496,55027,55025680,11101,500,-1,-1,1,526,90.1,0,-1.0,0,0,0,639,359
4497,55038,55036794,11114,500,-1,-1,1,622,90.2,0,-1.0,0,0,0,639,359
4498,55049,55047900,11106,500,-1,-1,1,524,90.2,0,-1.0,0,0,0,639,359
4499,55060,55059010,11110,500,-1,-1,1,527,90.2,0,-1.0,0,0,0,639,359
4500,55155,55070116,11106,500,-1,-1,1,1181,74.4,0,-1.0,0,0,0,639,359
4501,55157,55147866,77750,500,-1,-1,1,606,76.3,1,-1.0,0,0,0,639,359
4502,55160,55158991,11125,500,-1,-1,1,628,77.9,0,-1.0,0,0,0,639,359
4503,55171,55170106,11115,500,-1,-1,1,546,78.2,0,-1.0,0,0,0,639,359
4504,55182,55181212,11106,500,-1,-1,1,526,78.3,0,-1.0,0,0,0,639,359
4505,55193,55192318,11106,500,-1,-1,1,634,78.5,0,-1.0,0,0,0,639,359
4506,55204,55203430,11112,500,-1,-1,1,546,78.8,0,-1.0,0,0,0,639,359
4507,55215,55214542,11112,500,-1,-1,1,544,79.0,0,-1.0,0,0,0,639,359
4508,55226,55225647,11105,500,-1,-1,1,632,79.3,0,-1.0,0,0,0,639,359
4509,55238,55236758,11111,500,-1,-1,1,526,79.4,0,-1.0,0,0,0,639,359
4510,55249,55247866,11108,500,-1,-1,1,628,79.7,1,-1.0,0,0,0,639,359
4511,55260,55258980,11114,500,-1,-1,1,549,79.9,0,-1.0,0,0,0,639,359
4512,55271,55270086,11106,500,-1,-1,1,537,80.1,0,-1.0,0,0,0,639,359
4513,55282,55281196,11110,500,-1,-1,1,624,80.2,0,-1.0,0,0,0,639,359
4514,55293,55292302,11106,500,-1,-1,1,527,80.4,0,-1.0,0,0,0,639,359
4515,55304,55303410,11108,500,-1,-1,1,524,80.6,0,-1.0,0,0,0,639,359
4516,55315,55314522,11112,500,-1,-1,1,527,80.7,0,-1.0,0,0,0,639,359
4517,55327,55325627,11105,500,-1,-1,1,525,80.9,0,-1.0,0,0,0,639,359
4518,55338,55336736,11109,500,-1,-1,1,525,81.1,0,-1.0,0,0,0,639,359
4519,55349,55347849,11113,500,-1,-1,1,526,81.2,1,-1.0,0,0,0,639,359
4520,55360,55358961,11112,500,-1,-1,1,550,81.4,0,-1.0,0,0,0,639,359
4521,55371,55370070,11109,500,-1,-1,1,532,81.4,0,-1.0,0,0,0,639,359
4522,55382,55381343,11273,500,-1,-1,1,628,81.6,0,-1.0,0,0,0,639,359
4523,55393,55392286,10943,500,-1,-1,1,524,81.7,0,-1.0,0,0,0,639,359
4524,55404,55403394,11108,500,-1,-1,1,630,81.9,0,-1.0,0,0,0,639,359
4525,55415,55414508,11114,500,-1,-1,1,526,82.0,0,-1.0,0,0,0,639,359
4526,55426,55425610,11102,500,-1,-1,1,526,82.1,0,-1.0,0,0,0,639,359
4527,55438,55436720,11110,500,-1,-1,1,524,82.2,0,-1.0,0,0,0,639,359
4528,55449,55447830,11110,500,-1,-1,1,527,82.4,1,-1.0,0,0,0,639,359
4529,55460,55458945,11115,500,-1,-1,1,547,82.5,0,-1.0,0,0,0,639,359
4530,55471,55470053,11108,500,-1,-1,1,544,82.6,0,-1.0,0,0,0,639,359
4531,55482,55481159,11106,500,-1,-1,1,524,82.6,0,-1.0,0,0,0,639,359
4532,55493,55492267,11108,500,-1,-1,1,527,82.7,0,-1.0,0,0,0,639,359
4533,55504,55503378,11111,500,-1,-1,1,629,82.8,0,-1.0,0,0,0,639,359
4534,55515,55514487,11109,500,-1,-1,1,635,82.9,0,-1.0,0,0,0,639,359
4535,55526,55525598,11111,500,-1,-1,1,528,83.0,0,-1.0,0,0,0,639,359
4536,55537,55536701,11103,500,-1,-1,1,527,83.1,0,-1.0,0,0,0,639,359
4537,55549,55547815,11114,500,-1,-1,1,525,83.2,1,-1.0,0,0,0,639,359
4538,55560,55558928,11113,500,-1,-1,1,544,83.3,0,-1.0,0,0,0,639,359
4539,55571,55570037,11109,500,-1,-1,1,543,83.4,0,-1.0,0,0,0,639,359
4540,55582,55581177,11140,500,-1,-1,1,634,83.4,0,-1.0,0,0,0,639,359
4541,55593,55592255,11078,500,-1,-1,1,527,83.5,0,-1.0,0,0,0,639,359
4542,55604,55603360,11105,500,-1,-1,1,634,83.6,0,-1.0,0,0,0,639,359
4543,55615,55614472,11112,500,-1,-1,1,526,83.7,0,-1.0,0,0,0,639,359
4544,55626,55625573,11101,500,-1,-1,1,527,83.8,0,-1.0,0,0,0,639,359
4545,55638,55636687,11114,500,-1,-1,1,525,83.9,0,-1.0,0,0,0,639,359
4546,55649,55647794,11107,500,-1,-1,1,526,83.9,1,-1.0,0,0,0,639,359
4547,55660,55658909,11115,500,-1,-1,1,530,84.0,0,-1.0,0,0,0,639,359
4548,55671,55670014,11105,500,-1,-1,1,527,84.1,0,-1.0,0,0,0,639,359
4549,55682,55681155,11141,500,-1,-1,1,629,84.1,0,-1.0,0,0,0,639,359
4550,55716,55714442,33287,500,-1,-1,1,585,29.4,0,-1.0,0,0,0,639,359
4551,55727,55725562,11120,500,-1,-1,1,528,45.5,0,-1.0,0,0,0,639,359
4552,55737,55736669,11107,500,-1,-1,1,525,54.5,0,-1.0,0,0,0,639,359
4553,55749,55747778,11109,500,-1,-1,1,527,60.6,0,-1.0,0,0,0,639,359
4554,55760,55758889,11111,500,-1,-1,1,527,64.9,0,-1.0,0,0,0,639,359
4555,55771,55769997,11108,500,-1,-1,1,528,68.2,1,-1.0,0,0,0,639,359
4556,55782,55781109,11112,500,-1,-1,1,538,70.7,0,-1.0,0,0,0,639,359
4557,55793,55792219,11110,500,-1,-1,1,529,72.1,0,-1.0,0,0,0,639,359
4558,55804,55803379,11160,500,-1,-1,1,630,73.8,0,-1.0,0,0,0,639,359
4559,55816,55814438,11059,500,-1,-1,1,526,75.2,0,-1.0,0,0,0,639,359
4560,55826,55825547,11109,500,-1,-1,1,630,76.4,0,-1.0,0,0,0,639,359
4561,55837,55836656,11109,500,-1,-1,1,527,77.4,0,-1.0,0,0,0,639,359
4562,55849,55847760,11104,500,-1,-1,1,527,78.3,0,-1.0,0,0,0,639,359
4563,55860,55858871,11111,500,-1,-1,1,525,79.1,0,-1.0,0,0,0,639,359
4564,55871,55869978,11107,500,-1,-1,1,524,79.8,1,-1.0,0,0,0,639,359
4565,55882,55881098,11120,500,-1,-1,1,545,80.4,0,-1.0,0,0,0,639,359
4566,55893,55892199,11101,500,-1,-1,1,545,80.6,0,-1.0,0,0,0,639,359
4567,55904,55903390,11191,500,-1,-1,1,632,81.1,0,-1.0,0,0,0,639,359
4568,55916,55914422,11032,500,-1,-1,1,525,81.5,0,-1.0,0,0,0,639,359
4569,55926,55925532,11110,500,-1,-1,1,634,82.0,0,-1.0,0,0,0,639,359
4570,55937,55936637,11105,500,-1,-1,1,535,82.4,0,-1.0,0,0,0,639,359
4571,55949,55947746,11109,500,-1,-1,1,527,82.7,0,-1.0,0,0,0,639,359
4572,55960,55958852,11106,500,-1,-1,1,525,83.0,0,-1.0,0,0,0,639,359
4573,55971,55969964,11112,500,-1,-1,1,528,83.3,1,-1.0,0,0,0,639,359
4574,55982,55981074,11110,500,-1,-1,1,547,83.6,0,-1.0,0,0,0,639,359
4575,55993,55992184,11110,500,-1,-1,1,545,83.6,0,-1.0,0,0,0,639,359
4576,56004,56003294,11110,500,-1,-1,1,631,83.9,0,-1.0,0,0,0,639,359
4577,56016,56014403,11109,500,-1,-1,1,526,84.1,0,-1.0,0,0,0,639,359
4578,56026,56025509,11106,500,-1,-1,1,629,84.3,0,-1.0,0,0,0,639,359
4579,56038,56036624,11115,500,-1,-1,1,533,84.5,0,-1.0,0,0,0,639,359
4580,56049,56047726,11102,500,-1,-1,1,526,84.7,0,-1.0,0,0,0,639,359
4581,56060,56058842,11116,500,-1,-1,1,527,84.9,0,-1.0,0,0,0,639,359
4582,56071,56069944,11102,500,-1,-1,1,527,85.1,1,-1.0,0,0,0,639,359
4583,56082,56081059,11115,500,-1,-1,1,545,85.0,0,-1.0,0,0,0,639,359
4584,56093,56092168,11109,500,-1,-1,1,546,85.2,0,-1.0,0,0,0,639,359
4585,56104,56103281,11113,500,-1,-1,1,632,85.3,0,-1.0,0,0,0,639,359
4586,56116,56114388,11107,500,-1,-1,1,526,85.5,0,-1.0,0,0,0,639,359
4587,56126,56125498,11110,500,-1,-1,1,633,85.6,0,-1.0,0,0,0,639,359
4588,56137,56136605,11107,500,-1,-1,1,528,85.7,0,-1.0,0,0,0,639,359
4589,56149,56147712,11107,500,-1,-1,1,528,85.8,0,-1.0,0,0,0,639,359
4590,56245,56158817,11105,500,-1,-1,1,609,72.8,0,-1.0,0,0,0,639,359
4591,56246,56236571,77754,500,-1,-1,1,602,74.6,1,-1.0,0,0,0,639,359
4592,56249,56247688,11117,500,-1,-1,1,599,76.0,0,-1.0,0,0,0,639,359
4593,56260,56258806,11118,500,-1,-1,1,540,76.3,0,-1.0,0,0,0,639,359
4594,56272,56269912,11106,500,-1,-1,1,538,76.3,0,-1.0,0,0,0,639,359
4595,56282,56281021,11109,500,-1,-1,1,628,76.8,0,-1.0,0,0,0,639,359
4596,56293,56292132,11111,500,-1,-1,1,528,77.0,0,-1.0,0,0,0,639,359
4597,56304,56303241,11109,500,-1,-1,1,544,77.2,0,-1.0,0,0,0,639,359
4598,56315,56314354,11113,500,-1,-1,1,531,77.4,0,-1.0,0,0,0,639,359
4599,56326,56325461,11107,500,-1,-1,1,631,77.6,0,-1.0,0,0,0,639,359
4600,56337,56336567,11106,500,-1,-1,1,629,77.9,1,-1.0,0,0,0,639,359
4601,56349,56347685,11118,500,-1,-1,1,545,78.1,0,-1.0,0,0,0,639,359
4602,56360,56358787,11102,500,-1,-1,1,529,78.3,0,-1.0,0,0,0,639,359
4603,56371,56369898,11111,500,-1,-1,1,524,78.5,0,-1.0,0,0,0,639,359
4604,56382,56381004,11106,500,-1,-1,1,543,78.7,0,-1.0,0,0,0,639,359
4605,56393,56392117,11113,500,-1,-1,1,631,78.8,0,-1.0,0,0,0,639,359
4606,56404,56403228,11111,500,-1,-1,1,525,78.9,0,-1.0,0,0,0,639,359
4607,56415,56414334,11106,500,-1,-1,1,525,79.1,0,-1.0,0,0,0,639,359
4608,56426,56425441,11107,500,-1,-1,1,525,79.3,0,-1.0,0,0,0,639,359
4609,56438,56436550,11109,500,-1,-1,1,524,79.5,1,-1.0,0,0,0,639,359
4610,56449,56447665,11115,500,-1,-1,1,576,79.6,0,-1.0,0,0,0,639,359
4611,56460,56458773,11108,500,-1,-1,1,583,79.8,0,-1.0,0,0,0,639,359
4612,56471,56469881,11108,500,-1,-1,1,633,79.9,0,-1.0,0,0,0,639,359
4613,56482,56480990,11109,500,-1,-1,1,633,80.0,0,-1.0,0,0,0,639,359
4614,56493,56492097,11107,500,-1,-1,1,527,80.1,0,-1.0,0,0,0,639,359
4615,56504,56503209,11112,500,-1,-1,1,525,80.3,0,-1.0,0,0,0,639,359
4616,56515,56514314,11105,500,-1,-1,1,525,80.4,0,-1.0,0,0,0,639,359
4617,56526,56525426,11112,500,-1,-1,1,525,80.6,0,-1.0,0,0,0,639,359
4618,56537,56536532,11106,500,-1,-1,1,525,80.7,1,-1.0,0,0,0,639,359
4619,56548,56547650,11118,500,-1,-1,1,549,80.8,0,-1.0,0,0,0,639,359
4620,56560,56558751,11101,500,-1,-1,1,546,81.0,0,-1.0,0,0,0,639,359
4621,56571,56569932,11181,500,-1,-1,1,632,81.0,0,-1.0,0,0,0,639,359
4622,56582,56580971,11039,500,-1,-1,1,524,81.1,0,-1.0,0,0,0,639,359
4623,56593,56592083,11112,500,-1,-1,1,630,81.2,0,-1.0,0,0,0,639,359
4624,56604,56603189,11106,500,-1,-1,1,526,81.3,0,-1.0,0,0,0,639,359
4625,56615,56614300,11111,500,-1,-1,1,524,81.5,0,-1.0,0,0,0,639,359
4626,56626,56625408,11108,500,-1,-1,1,526,81.6,0,-1.0,0,0,0,639,359
4627,56637,56636517,11109,500,-1,-1,1,526,81.7,1,-1.0,0,0,0,639,359
4628,56648,56647632,11115,500,-1,-1,1,647,81.8,0,-1.0,0,0,0,639,359
4629,56660,56658740,11108,500,-1,-1,1,547,81.9,0,-1.0,0,0,0,639,359
4630,56671,56669845,11105,500,-1,-1,1,633,82.0,0,-1.0,0,0,0,639,359
4631,56682,56680959,11114,500,-1,-1,1,526,82.0,0,-1.0,0,0,0,639,359
4632,56707,56703166,22207,500,-1,-1,1,525,41.7,0,-1.0,0,0,0,639,359
4633,56715,56714278,11112,500,-1,-1,1,526,60.6,0,-1.0,0,0,0,639,359
4634,56726,56725391,11113,500,-1,-1,1,526,68.2,0,-1.0,0,0,0,639,359
4635,56737,56736497,11106,500,-1,-1,1,529,72.7,0,-1.0,0,0,0,639,359
4636,56749,56747608,11111,500,-1,-1,1,527,75.8,1,-1.0,0,0,0,639,359
4637,56760,56758722,11114,500,-1,-1,1,527,77.9,0,-1.0,0,0,0,639,359
4638,56771,56769830,11108,500,-1,-1,1,526,79.5,0,-1.0,0,0,0,639,359
4639,56782,56780996,11166,500,-1,-1,1,633,80.8,0,-1.0,0,0,0,639,359
4640,56793,56792052,11056,500,-1,-1,1,527,81.1,0,-1.0,0,0,0,639,359
4641,56804,56803155,11103,500,-1,-1,1,630,82.0,0,-1.0,0,0,0,639,359
4642,56815,56814271,11116,500,-1,-1,1,525,82.7,0,-1.0,0,0,0,639,359
4643,56826,56825372,11101,500,-1,-1,1,526,83.3,0,-1.0,0,0,0,639,359
4644,56837,56836483,11111,500,-1,-1,1,528,83.9,0,-1.0,0,0,0,639,359
4645,56848,56847591,11108,500,-1,-1,1,528,84.3,1,-1.0,0,0,0,639,359
4646,56860,56858705,11114,500,-1,-1,1,537,84.7,0,-1.0,0,0,0,639,359
4647,56871,56869811,11106,500,-1,-1,1,536,85.1,0,-1.0,0,0,0,639,359
4648,56882,56880977,11166,500,-1,-1,1,631,85.0,0,-1.0,0,0,0,639,359
4649,56893,56892030,11053,500,-1,-1,1,528,85.3,0,-1.0,0,0,0,639,359
4650,56904,56903139,11109,500,-1,-1,1,627,85.6,0,-1.0,0,0,0,639,359
4651,56915,56914250,11111,500,-1,-1,1,526,85.8,0,-1.0,0,0,0,639,359
4652,56926,56925357,11107,500,-1,-1,1,525,86.1,0,-1.0,0,0,0,639,359
4653,56937,56936467,11110,500,-1,-1,1,525,86.3,0,-1.0,0,0,0,639,359
4654,56948,56947572,11105,500,-1,-1,1,524,86.5,1,-1.0,0,0,0,639,359
4655,56960,56958686,11114,500,-1,-1,1,545,86.6,0,-1.0,0,0,0,639,359
4656,56971,56969793,11107,500,-1,-1,1,541,86.8,0,-1.0,0,0,0,639,359
4657,56982,56980903,11110,500,-1,-1,1,630,87.0,0,-1.0,0,0,0,639,359
4658,56993,56992015,11112,500,-1,-1,1,528,86.8,0,-1.0,0,0,0,639,359
4659,57004,57003121,11106,500,-1,-1,1,632,87.0,0,-1.0,0,0,0,639,359
4660,57015,57014232,11111,500,-1,-1,1,528,87.1,0,-1.0,0,0,0,639,359
4661,57026,57025335,11103,500,-1,-1,1,526,87.2,0,-1.0,0,0,0,639,359
4662,57037,57036449,11114,500,-1,-1,1,526,87.3,0,-1.0,0,0,0,639,359
4663,57048,57047558,11109,500,-1,-1,1,524,87.4,1,-1.0,0,0,0,639,359
4664,57060,57058675,11117,500,-1,-1,1,544,87.5,0,-1.0,0,0,0,639,359
4665,57071,57069776,11101,500,-1,-1,1,544,87.6,0,-1.0,0,0,0,639,359
4666,57082,57080892,11116,500,-1,-1,1,632,87.7,0,-1.0,0,0,0,639,359
4667,57093,57091999,11107,500,-1,-1,1,540,87.8,0,-1.0,0,0,0,639,359
4668,57104,57103104,11105,500,-1,-1,1,633,87.7,0,-1.0,0,0,0,639,359
4669,57115,57114214,11110,500,-1,-1,1,527,87.8,0,-1.0,0,0,0,639,359
4670,57126,57125322,11108,500,-1,-1,1,527,87.8,0,-1.0,0,0,0,639,359
4671,57137,57136429,11107,500,-1,-1,1,526,87.9,0,-1.0,0,0,0,639,359
4672,57149,57147540,11111,500,-1,-1,1,524,88.0,1,-1.0,0,0,0,639,359
4673,57159,57158654,11114,500,-1,-1,1,544,88.1,0,-1.0,0,0,0,639,359
4674,57171,57169763,11109,500,-1,-1,1,547,88.1,0,-1.0,0,0,0,639,359
4675,57182,57180936,11173,500,-1,-1,1,632,88.2,0,-1.0,0,0,0,639,359
4676,57194,57191980,11044,500,-1,-1,1,526,88.1,0,-1.0,0,0,0,639,359
4677,57204,57203090,11110,500,-1,-1,1,635,88.1,0,-1.0,0,0,0,639,359
4678,57215,57214197,11107,500,-1,-1,1,528,88.2,0,-1.0,0,0,0,639,359
4679,57226,57225303,11106,500,-1,-1,1,526,88.2,0,-1.0,0,0,0,639,359
4680,57323,57236416,11113,500,-1,-1,1,610,76.6,0,-1.0,0,0,0,639,359
4681,57324,57314162,77746,500,-1,-1,1,787,78.0,1,-1.0,0,0,0,639,359
4682,57327,57325286,11124,500,-1,-1,1,629,79.2,0,-1.0,0,0,0,639,359
4683,57337,57336402,11116,500,-1,-1,1,528,79.4,0,-1.0,0,0,0,639,359
4684,57348,57347505,11103,500,-1,-1,1,528,79.6,0,-1.0,0,0,0,639,359
4685,57359,57358616,11111,500,-1,-1,1,632,79.8,0,-1.0,0,0,0,639,359
4686,57371,57369726,11110,500,-1,-1,1,525,79.8,0,-1.0,0,0,0,639,359
4687,57382,57380836,11110,500,-1,-1,1,534,80.1,0,-1.0,0,0,0,639,359
4688,57393,57391947,11111,500,-1,-1,1,530,80.3,0,-1.0,0,0,0,639,359
4689,57404,57403055,11108,500,-1,-1,1,626,80.4,0,-1.0,0,0,0,639,359
4690,57415,57414167,11112,500,-1,-1,1,632,80.5,1,-1.0,0,0,0,639,359
4691,57426,57425277,11110,500,-1,-1,1,524,80.6,0,-1.0,0,0,0,639,359
4692,57437,57436379,11102,500,-1,-1,1,536,80.8,0,-1.0,0,0,0,639,359
4693,57448,57447490,11111,500,-1,-1,1,546,80.9,0,-1.0,0,0,0,639,359
4694,57460,57458600,11110,500,-1,-1,1,634,81.1,0,-1.0,0,0,0,639,359
4695,57471,57469709,11109,500,-1,-1,1,631,81.2,0,-1.0,0,0,0,639,359
4696,57482,57480819,11110,500,-1,-1,1,526,81.4,0,-1.0,0,0,0,639,359
4697,57493,57491926,11107,500,-1,-1,1,529,81.5,0,-1.0,0,0,0,639,359
4698,57504,57503037,11111,500,-1,-1,1,527,81.6,0,-1.0,0,0,0,639,359
4699,57515,57514142,11105,500,-1,-1,1,527,81.7,1,-1.0,0,0,0,639,359
4700,57526,57525258,11116,500,-1,-1,1,534,81.8,0,-1.0,0,0,0,639,359
4701,57537,57536364,11106,500,-1,-1,1,537,81.9,0,-1.0,0,0,0,639,359
4702,57548,57547473,11109,500,-1,-1,1,626,82.0,0,-1.0,0,0,0,639,359
4703,57560,57558587,11114,500,-1,-1,1,526,82.1,0,-1.0,0,0,0,639,359
4704,57571,57569694,11107,500,-1,-1,1,633,82.2,0,-1.0,0,0,0,639,359
4705,57582,57580800,11106,500,-1,-1,1,524,82.3,0,-1.0,0,0,0,639,359
4706,57593,57591908,11108,500,-1,-1,1,525,82.4,0,-1.0,0,0,0,639,359
4707,57604,57603016,11108,500,-1,-1,1,525,82.5,0,-1.0,0,0,0,639,359
4708,57615,57614132,11116,500,-1,-1,1,525,82.6,1,-1.0,0,0,0,639,359
4709,57626,57625238,11106,500,-1,-1,1,547,82.6,0,-1.0,0,0,0,639,359
4710,57637,57636349,11111,500,-1,-1,1,543,82.7,0,-1.0,0,0,0,639,359
4711,57648,57647458,11109,500,-1,-1,1,630,82.8,0,-1.0,0,0,0,639,359
4712,57659,57658567,11109,500,-1,-1,1,538,82.9,0,-1.0,0,0,0,639,359
4713,57670,57669676,11109,500,-1,-1,1,630,83.0,0,-1.0,0,0,0,639,359
4714,57682,57680785,11109,500,-1,-1,1,526,83.1,0,-1.0,0,0,0,639,359
4715,57693,57691890,11105,500,-1,-1,1,528,83.2,0,-1.0,0,0,0,639,359
4716,57710,57703005,11115,500,-1,-1,1,1069,55.6,0,-1.0,0,0,0,639,359
4717,57715,57714109,11104,500,-1,-1,1,527,90.9,1,-1.0,0,0,0,639,359
4718,57726,57725225,11116,500,-1,-1,1,528,88.2,0,-1.0,0,0,0,639,359
4719,57737,57736329,11104,500,-1,-1,1,529,88.9,0,-1.0,0,0,0,639,359
4720,57748,57747442,11113,500,-1,-1,1,630,89.3,0,-1.0,0,0,0,639,359
4721,57759,57758645,11203,500,-1,-1,1,604,89.6,0,-1.0,0,0,0,639,359
4722,57771,57769663,11018,500,-1,-1,1,525,88.6,0,-1.0,0,0,0,639,359
4723,57782,57780769,11106,500,-1,-1,1,525,89.9,0,-1.0,0,0,0,639,359
4724,57793,57791877,11108,500,-1,-1,1,526,90.0,0,-1.0,0,0,0,639,359
4725,57804,57802980,11103,500,-1,-1,1,528,90.1,0,-1.0,0,0,0,639,359
4726,57815,57814094,11114,500,-1,-1,1,528,89.4,1,-1.0,0,0,0,639,359
4727,57826,57825208,11114,500,-1,-1,1,534,89.6,0,-1.0,0,0,0,639,359
4728,57837,57836314,11106,500,-1,-1,1,533,89.7,0,-1.0,0,0,0,639,359
4729,57848,57847421,11107,500,-1,-1,1,631,89.7,0,-1.0,0,0,0,639,359
4730,57860,57858532,11111,500,-1,-1,1,527,89.3,0,-1.0,0,0,0,639,359
4731,57870,57869642,11110,500,-1,-1,1,632,89.9,0,-1.0,0,0,0,639,359
4732,57882,57880754,11112,500,-1,-1,1,528,89.9,0,-1.0,0,0,0,639,359
4733,57893,57891858,11104,500,-1,-1,1,527,90.0,0,-1.0,0,0,0,639,359
4734,57904,57902967,11109,500,-1,-1,1,524,90.0,0,-1.0,0,0,0,639,359
4735,57915,57914079,11112,500,-1,-1,1,526,90.1,1,-1.0,0,0,0,639,359
4736,57926,57925193,11114,500,-1,-1,1,545,89.7,0,-1.0,0,0,0,639,359
4737,57937,57936299,11106,500,-1,-1,1,545,89.8,0,-1.0,0,0,0,639,359
4738,57948,57947406,11107,500,-1,-1,1,632,89.8,0,-1.0,0,0,0,639,359
4739,57960,57958514,11108,500,-1,-1,1,525,89.9,0,-1.0,0,0,0,639,359
4740,57970,57969622,11108,500,-1,-1,1,633,89.9,0,-1.0,0,0,0,639,359
4741,57982,57980736,11114,500,-1,-1,1,527,90.0,0,-1.0,0,0,0,639,359
4742,57993,57991843,11107,500,-1,-1,1,527,90.0,0,-1.0,0,0,0,639,359
4743,58004,58002950,11107,500,-1,-1,1,527,90.0,0,-1.0,0,0,0,639,359
4744,58015,58014064,11114,500,-1,-1,1,525,90.1,1,-1.0,0,0,0,639,359
4745,58026,58025175,11111,500,-1,-1,1,545,89.8,0,-1.0,0,0,0,639,359
4746,58037,58036283,11108,500,-1,-1,1,544,89.9,0,-1.0,0,0,0,639,359
4747,58048,58047390,11107,500,-1,-1,1,629,89.9,0,-1.0,0,0,0,639,359
4748,58060,58058500,11110,500,-1,-1,1,526,89.9,0,-1.0,0,0,0,639,359
4749,58070,58069607,11107,500,-1,-1,1,635,89.9,0,-1.0,0,0,0,639,359
4750,58082,58080720,11113,500,-1,-1,1,528,90.0,0,-1.0,0,0,0,639,359
4751,58093,58091823,11103,500,-1,-1,1,638,90.0,0,-1.0,0,0,0,639,359
4752,58104,58102937,11114,500,-1,-1,1,527,90.0,0,-1.0,0,0,0,639,359
4753,58115,58114039,11102,500,-1,-1,1,523,90.0,1,-1.0,0,0,0,639,359
4754,58126,58125157,11118,500,-1,-1,1,544,89.9,0,-1.0,0,0,0,639,359
4755,58137,58136263,11106,500,-1,-1,1,545,89.9,0,-1.0,0,0,0,639,359
4756,58148,58147376,11113,500,-1,-1,1,636,89.9,0,-1.0,0,0,0,639,359
4757,58160,58158483,11107,500,-1,-1,1,526,89.9,0,-1.0,0,0,0,639,359
4758,58171,58169599,11116,500,-1,-1,1,632,90.0,0,-1.0,0,0,0,639,359
4759,58182,58180699,11100,500,-1,-1,1,534,90.0,0,-1.0,0,0,0,639,359
4760,58193,58191805,11106,500,-1,-1,1,526,90.0,0,-1.0,0,0,0,639,359
4761,58204,58202915,11110,500,-1,-1,1,529,90.0,0,-1.0,0,0,0,639,359
4762,58215,58214026,11111,500,-1,-1,1,527,89.9,1,-1.0,0,0,0,639,359
4763,58226,58225140,11114,500,-1,-1,1,531,90.1,0,-1.0,0,0,0,639,359
4764,58237,58236247,11107,500,-1,-1,1,529,89.9,0,-1.0,0,0,0,639,359
4765,58248,58247353,11106,500,-1,-1,1,634,89.9,0,-1.0,0,0,0,639,359
4766,58260,58258468,11115,500,-1,-1,1,529,89.8,0,-1.0,0,0,0,639,359
4767,58270,58269575,11107,500,-1,-1,1,633,90.0,0,-1.0,0,0,0,639,359
4768,58282,58280692,11117,500,-1,-1,1,524,90.0,0,-1.0,0,0,0,639,359
4769,58293,58291790,11098,500,-1,-1,1,525,90.0,0,-1.0,0,0,0,639,359
4770,58389,58302899,11109,500,-1,-1,1,610,78.9,0,-1.0,0,0,0,639,359
4771,58390,58380646,77747,500,-1,-1,1,789,80.2,1,-1.0,0,0,0,639,359
4772,58394,58391773,11127,500,-1,-1,1,628,81.2,0,-1.0,0,0,0,639,359
4773,58404,58402888,11115,500,-1,-1,1,540,81.6,0,-1.0,0,0,0,639,359
4774,58415,58413989,11101,500,-1,-1,1,528,81.7,0,-1.0,0,0,0,639,359
4775,58426,58425100,11111,500,-1,-1,1,632,81.7,0,-1.0,0,0,0,639,359
4776,58437,58436215,11115,500,-1,-1,1,525,81.9,0,-1.0,0,0,0,639,359
4777,58448,58447322,11107,500,-1,-1,1,534,82.0,0,-1.0,0,0,0,639,359
4778,58459,58458430,11108,500,-1,-1,1,529,82.1,0,-1.0,0,0,0,639,359
4779,58470,58469538,11108,500,-1,-1,1,627,82.3,0,-1.0,0,0,0,639,359
4780,58482,58480652,11114,500,-1,-1,1,608,82.4,1,-1.0,0,0,0,639,359
4781,58493,58491761,11109,500,-1,-1,1,527,82.4,0,-1.0,0,0,0,639,359
4782,58504,58502870,11109,500,-1,-1,1,531,82.6,0,-1.0,0,0,0,639,359
4783,58515,58513980,11110,500,-1,-1,1,526,82.7,0,-1.0,0,0,0,639,359
4784,58526,58525086,11106,500,-1,-1,1,633,82.7,0,-1.0,0,0,0,639,359
4785,58537,58536197,11111,500,-1,-1,1,627,82.8,0,-1.0,0,0,0,639,359
4786,58548,58547309,11112,500,-1,-1,1,526,82.9,0,-1.0,0,0,0,639,359
4787,58559,58558411,11102,500,-1,-1,1,525,83.0,0,-1.0,0,0,0,639,359
4788,58570,58569522,11111,500,-1,-1,1,526,83.1,0,-1.0,0,0,0,639,359
4789,58581,58580627,11105,500,-1,-1,1,529,83.2,1,-1.0,0,0,0,639,359
4790,58593,58591748,11121,500,-1,-1,1,543,83.3,0,-1.0,0,0,0,639,359
4791,58604,58602848,11100,500,-1,-1,1,536,83.4,0,-1.0,0,0,0,639,359
4792,58615,58613962,11114,500,-1,-1,1,628,83.4,0,-1.0,0,0,0,639,359
4793,58626,58625072,11110,500,-1,-1,1,526,83.6,0,-1.0,0,0,0,639,359
4794,58637,58636181,11109,500,-1,-1,1,633,83.6,0,-1.0,0,0,0,639,359
4795,58648,58647291,11110,500,-1,-1,1,527,83.7,0,-1.0,0,0,0,639,359
4796,58659,58658394,11103,500,-1,-1,1,525,83.8,0,-1.0,0,0,0,639,359
4797,58670,58669503,11109,500,-1,-1,1,525,83.8,0,-1.0,0,0,0,639,359
4798,58681,58680615,11112,500,-1,-1,1,527,83.9,1,-1.0,0,0,0,639,359
4799,58693,58691726,11111,500,-1,-1,1,545,84.0,0,-1.0,0,0,0,639,359
4800,58748,58747325,55599,500,-1,-1,1,524,17.9,0,-1.0,0,0,0,639,359
4801,58759,58758375,11050,500,-1,-1,1,526,29.9,0,-1.0,0,0,0,639,359
4802,58770,58769487,11112,500,-1,-1,1,524,38.5,0,-1.0,0,0,0,639,359
4803,58781,58780595,11108,500,-1,-1,1,526,44.9,0,-1.0,0,0,0,639,359
4804,58793,58791705,11110,500,-1,-1,1,526,50.0,0,-1.0,0,0,0,639,359
4805,58804,58802813,11108,500,-1,-1,1,524,54.1,0,-1.0,0,0,0,639,359
4806,58815,58813924,11111,500,-1,-1,1,525,57.4,0,-1.0,0,0,0,639,359
4807,58826,58825029,11105,500,-1,-1,1,529,60.2,1,-1.0,0,0,0,639,359
4808,58837,58836146,11117,500,-1,-1,1,535,62.1,0,-1.0,0,0,0,639,359
4809,58848,58847249,11103,500,-1,-1,1,537,64.1,0,-1.0,0,0,0,639,359
4810,58859,58858366,11117,500,-1,-1,1,632,65.9,0,-1.0,0,0,0,639,359
4811,58870,58869472,11106,500,-1,-1,1,526,67.4,0,-1.0,0,0,0,639,359
4812,58882,58880583,11111,500,-1,-1,1,632,68.8,0,-1.0,0,0,0,639,359
4813,58892,58891690,11107,500,-1,-1,1,526,70.0,0,-1.0,0,0,0,639,359
4814,58904,58902798,11108,500,-1,-1,1,524,71.1,0,-1.0,0,0,0,639,359
4815,58915,58913905,11107,500,-1,-1,1,526,72.1,0,-1.0,0,0,0,639,359
4816,58926,58925014,11109,500,-1,-1,1,529,73.0,1,-1.0,0,0,0,639,359
4817,58937,58936128,11114,500,-1,-1,1,544,73.8,0,-1.0,0,0,0,639,359
4818,58948,58947235,11107,500,-1,-1,1,541,74.2,0,-1.0,0,0,0,639,359
4819,58959,58958345,11110,500,-1,-1,1,633,74.9,0,-1.0,0,0,0,639,359
4820,58970,58969457,11112,500,-1,-1,1,527,75.5,0,-1.0,0,0,0,639,359
4821,58981,58980561,11104,500,-1,-1,1,656,76.1,0,-1.0,0,0,0,639,359
4822,58992,58991674,11113,500,-1,-1,1,529,76.7,0,-1.0,0,0,0,639,359
4823,59004,59002780,11106,500,-1,-1,1,527,77.2,0,-1.0,0,0,0,639,359
4824,59015,59013893,11113,500,-1,-1,1,526,77.6,0,-1.0,0,0,0,639,359
4825,59026,59024999,11106,500,-1,-1,1,526,78.1,1,-1.0,0,0,0,639,359
4826,59037,59036114,11115,500,-1,-1,1,547,78.5,0,-1.0,0,0,0,639,359
4827,59048,59047220,11106,500,-1,-1,1,547,78.7,0,-1.0,0,0,0,639,359
4828,59059,59058355,11135,500,-1,-1,1,633,79.0,0,-1.0,0,0,0,639,359
4829,59070,59069439,11084,500,-1,-1,1,528,79.4,0,-1.0,0,0,0,639,359
4830,59081,59080551,11112,500,-1,-1,1,645,79.7,0,-1.0,0,0,0,639,359
4831,59092,59091655,11104,500,-1,-1,1,530,80.0,0,-1.0,0,0,0,639,359
4832,59104,59102766,11111,500,-1,-1,1,528,80.3,0,-1.0,0,0,0,639,359
4833,59115,59113870,11104,500,-1,-1,1,527,80.6,0,-1.0,0,0,0,639,359
4834,59126,59124980,11110,500,-1,-1,1,528,80.8,1,-1.0,0,0,0,639,359
4835,59137,59136095,11115,500,-1,-1,1,544,81.1,0,-1.0,0,0,0,639,359
4836,59148,59147203,11108,500,-1,-1,1,546,81.1,0,-1.0,0,0,0,639,359
4837,59159,59158311,11108,500,-1,-1,1,634,81.4,0,-1.0,0,0,0,639,359
4838,59170,59169427,11116,500,-1,-1,1,525,81.6,0,-1.0,0,0,0,639,359
4839,59181,59180531,11104,500,-1,-1,1,645,81.8,0,-1.0,0,0,0,639,359
4840,59193,59191641,11110,500,-1,-1,1,526,82.0,0,-1.0,0,0,0,639,359
4841,59204,59202746,11105,500,-1,-1,1,527,82.2,0,-1.0,0,0,0,639,359
4842,59215,59213854,11108,500,-1,-1,1,524,82.4,0,-1.0,0,0,0,639,359
4843,59226,59224965,11111,500,-1,-1,1,527,82.6,1,-1.0,0,0,0,639,359
4844,59237,59236080,11115,500,-1,-1,1,545,82.6,0,-1.0,0,0,0,639,359
4845,59248,59247183,11103,500,-1,-1,1,527,82.7,0,-1.0,0,0,0,639,359
4846,59259,59258294,11111,500,-1,-1,1,634,82.9,0,-1.0,0,0,0,639,359
4847,59270,59269407,11113,500,-1,-1,1,525,83.0,0,-1.0,0,0,0,639,359
4848,59282,59280533,11126,500,-1,-1,1,644,83.2,0,-1.0,0,0,0,639,359
4849,59292,59291626,11093,500,-1,-1,1,524,83.3,0,-1.0,0,0,0,639,359
4850,59304,59302730,11104,500,-1,-1,1,525,83.5,0,-1.0,0,0,0,639,359
4851,59315,59313839,11109,500,-1,-1,1,529,83.6,0,-1.0,0,0,0,639,359
4852,59326,59324947,11108,500,-1,-1,1,527,83.7,1,-1.0,0,0,0,639,359
4853,59337,59336062,11115,500,-1,-1,1,535,83.9,0,-1.0,0,0,0,639,359
4854,59348,59347170,11108,500,-1,-1,1,530,83.8,0,-1.0,0,0,0,639,359
4855,59359,59358276,11106,500,-1,-1,1,631,84.0,0,-1.0,0,0,0,639,359
4856,59370,59369389,11113,500,-1,-1,1,528,84.1,0,-1.0,0,0,0,639,359
4857,59381,59380492,11103,500,-1,-1,1,627,84.2,0,-1.0,0,0,0,639,359
4858,59392,59391606,11114,500,-1,-1,1,524,84.3,0,-1.0,0,0,0,639,359
4859,59404,59402711,11105,500,-1,-1,1,524,84.4,0,-1.0,0,0,0,639,359
4860,59540,59413823,11112,500,-1,-1,1,527,71.9,0,-1.0,0,0,0,639,359
4861,59541,59536004,122181,500,-1,-1,1,649,73.0,1,-1.0,0,0,0,639,359
4862,59548,59547148,11144,500,-1,-1,1,634,73.6,0,-1.0,0,0,0,639,359
4863,59559,59558244,11096,500,-1,-1,1,523,73.8,0,-1.0,0,0,0,639,359
4864,59570,59569355,11111,500,-1,-1,1,546,74.0,0,-1.0,0,0,0,639,359
4865,59581,59580459,11104,500,-1,-1,1,545,74.2,0,-1.0,0,0,0,639,359
4866,59593,59591572,11113,500,-1,-1,1,632,74.4,0,-1.0,0,0,0,639,359
4867,59604,59602680,11108,500,-1,-1,1,630,74.6,0,-1.0,0,0,0,639,359
4868,59614,59613789,11109,500,-1,-1,1,524,74.8,0,-1.0,0,0,0,639,359
4869,59626,59624894,11105,500,-1,-1,1,527,75.0,0,-1.0,0,0,0,639,359
4870,59637,59636006,11112,500,-1,-1,1,528,75.2,1,-1.0,0,0,0,639,359
4871,59648,59647118,11112,500,-1,-1,1,534,75.4,0,-1.0,0,0,0,639,359
4872,59659,59658227,11109,500,-1,-1,1,529,75.5,0,-1.0,0,0,0,639,359
4873,59670,59669330,11103,500,-1,-1,1,628,75.7,0,-1.0,0,0,0,639,359
4874,59681,59680445,11115,500,-1,-1,1,526,75.8,0,-1.0,0,0,0,639,359
4875,59692,59691551,11106,500,-1,-1,1,633,76.0,0,-1.0,0,0,0,639,359
4876,59707,59702665,11114,500,-1,-1,1,524,66.7,0,-1.0,0,0,0,639,359
4877,59715,59713770,11105,500,-1,-1,1,527,90.9,0,-1.0,0,0,0,639,359
4878,59726,59724881,11111,500,-1,-1,1,527,90.9,0,-1.0,0,0,0,639,359
4879,59737,59735987,11106,500,-1,-1,1,525,90.9,1,-1.0,0,0,0,639,359
4880,59748,59747103,11116,500,-1,-1,1,545,90.9,0,-1.0,0,0,0,639,359
4881,59759,59758206,11103,500,-1,-1,1,540,89.6,0,-1.0,0,0,0,639,359
4882,59770,59769319,11113,500,-1,-1,1,632,89.7,0,-1.0,0,0,0,639,359
4883,59781,59780426,11107,500,-1,-1,1,524,89.9,0,-1.0,0,0,0,639,359
4884,59792,59791537,11111,500,-1,-1,1,644,90.0,0,-1.0,0,0,0,639,359
4885,59803,59802644,11107,500,-1,-1,1,527,90.1,0,-1.0,0,0,0,639,359
4886,59815,59813752,11108,500,-1,-1,1,529,90.2,0,-1.0,0,0,0,639,359
4887,59826,59824860,11108,500,-1,-1,1,525,90.2,0,-1.0,0,0,0,639,359
4888,59837,59835971,11111,500,-1,-1,1,525,90.3,1,-1.0,0,0,0,639,359
4889,59848,59847083,11112,500,-1,-1,1,545,90.3,0,-1.0,0,0,0,639,359
4890,59859,59858193,11110,500,-1,-1,1,546,89.8,0,-1.0,0,0,0,639,359
4891,59870,59869300,11107,500,-1,-1,1,632,89.9,0,-1.0,0,0,0,639,359
4892,59881,59880414,11114,500,-1,-1,1,524,89.9,0,-1.0,0,0,0,639,359
4893,59892,59891518,11104,500,-1,-1,1,633,90.0,0,-1.0,0,0,0,639,359
4894,59904,59902631,11113,500,-1,-1,1,528,90.0,0,-1.0,0,0,0,639,359
4895,59915,59913735,11104,500,-1,-1,1,527,90.1,0,-1.0,0,0,0,639,359
4896,59926,59924846,11111,500,-1,-1,1,526,90.1,0,-1.0,0,0,0,639,359
4897,59937,59935953,11107,500,-1,-1,1,523,90.2,1,-1.0,0,0,0,639,359
4898,59948,59947070,11117,500,-1,-1,1,544,89.8,0,-1.0,0,0,0,639,359
4899,59959,59958174,11104,500,-1,-1,1,545,89.9,0,-1.0,0,0,0,639,359
4900,59970,59969285,11111,500,-1,-1,1,630,89.9,0,-1.0,0,0,0,639,359
4901,59981,59980396,11111,500,-1,-1,1,525,90.0,0,-1.0,0,0,0,639,359
4902,59992,59991503,11107,500,-1,-1,1,633,90.0,0,-1.0,0,0,0,639,359
4903,60003,60002613,11110,500,-1,-1,1,525,90.0,0,-1.0,0,0,0,639,359
4904,60015,60013720,11107,500,-1,-1,1,526,90.1,0,-1.0,0,0,0,639,359
4905,60026,60024822,11102,500,-1,-1,1,528,90.1,0,-1.0,0,0,0,639,359
4906,60037,60035939,11117,500,-1,-1,1,525,90.1,1,-1.0,0,0,0,639,359
4907,60048,60047047,11108,500,-1,-1,1,539,90.1,0,-1.0,0,0,0,639,359
4908,60059,60058159,11112,500,-1,-1,1,530,89.9,0,-1.0,0,0,0,639,359
4909,60070,60069266,11107,500,-1,-1,1,630,89.9,0,-1.0,0,0,0,639,359
4910,60081,60080377,11111,500,-1,-1,1,525,90.0,0,-1.0,0,0,0,639,359
4911,60092,60091489,11112,500,-1,-1,1,634,90.0,0,-1.0,0,0,0,639,359
4912,60103,60102597,11108,500,-1,-1,1,525,90.0,0,-1.0,0,0,0,639,359
4913,60115,60113705,11108,500,-1,-1,1,524,90.0,0,-1.0,0,0,0,639,359
4914,60126,60124812,11107,500,-1,-1,1,525,90.1,0,-1.0,0,0,0,639,359
4915,60137,60135919,11107,500,-1,-1,1,526,90.1,1,-1.0,0,0,0,639,359
4916,60148,60147033,11114,500,-1,-1,1,546,90.1,0,-1.0,0,0,0,639,359
4917,60159,60158135,11102,500,-1,-1,1,550,89.9,0,-1.0,0,0,0,639,359
4918,60170,60169250,11115,500,-1,-1,1,639,90.0,0,-1.0,0,0,0,639,359
4919,60181,60180359,11109,500,-1,-1,1,526,90.0,0,-1.0,0,0,0,639,359
4920,60192,60191469,11110,500,-1,-1,1,625,90.0,0,-1.0,0,0,0,639,359
4921,60203,60202580,11111,500,-1,-1,1,530,90.0,0,-1.0,0,0,0,639,359
4922,60215,60213687,11107,500,-1,-1,1,526,90.0,0,-1.0,0,0,0,639,359
4923,60226,60224794,11107,500,-1,-1,1,524,90.1,0,-1.0,0,0,0,639,359
4924,60237,60235905,11111,500,-1,-1,1,526,90.1,1,-1.0,0,0,0,639,359
4925,60248,60247019,11114,500,-1,-1,1,546,90.1,0,-1.0,0,0,0,639,359
4926,60259,60258125,11106,500,-1,-1,1,551,89.9,0,-1.0,0,0,0,639,359
4927,60270,60269232,11107,500,-1,-1,1,634,90.0,0,-1.0,0,0,0,639,359
4928,60283,60280345,11113,500,-1,-1,1,525,89.8,0,-1.0,0,0,0,639,359
4929,60292,60291456,11111,500,-1,-1,1,631,90.0,0,-1.0,0,0,0,639,359
4930,60304,60302565,11109,500,-1,-1,1,529,90.0,0,-1.0,0,0,0,639,359
4931,60314,60313665,11100,500,-1,-1,1,528,90.0,0,-1.0,0,0,0,639,359
4932,60326,60324778,11113,500,-1,-1,1,527,90.0,0,-1.0,0,0,0,639,359
4933,60337,60335886,11108,500,-1,-1,1,529,90.1,1,-1.0,0,0,0,639,359
4934,60348,60346999,11113,500,-1,-1,1,527,89.9,0,-1.0,0,0,0,639,359
4935,60359,60358106,11107,500,-1,-1,1,529,90.1,0,-1.0,0,0,0,639,359
4936,60370,60369214,11108,500,-1,-1,1,630,90.0,0,-1.0,0,0,0,639,359
4937,60381,60380325,11111,500,-1,-1,1,527,90.0,0,-1.0,0,0,0,639,359
4938,60392,60391434,11109,500,-1,-1,1,633,90.0,0,-1.0,0,0,0,639,359
4939,60403,60402549,11115,500,-1,-1,1,526,90.0,0,-1.0,0,0,0,639,359
4940,60414,60413652,11103,500,-1,-1,1,524,90.0,0,-1.0,0,0,0,639,359
4941,60426,60424762,11110,500,-1,-1,1,524,90.0,0,-1.0,0,0,0,639,359
4942,60437,60435870,11108,500,-1,-1,1,525,90.1,1,-1.0,0,0,0,639,359
4943,60448,60446983,11113,500,-1,-1,1,546,90.1,0,-1.0,0,0,0,639,359
4944,60459,60458091,11108,500,-1,-1,1,543,90.1,0,-1.0,0,0,0,639,359
4945,60470,60469199,11108,500,-1,-1,1,629,90.0,0,-1.0,0,0,0,639,359
4946,60481,60480313,11114,500,-1,-1,1,525,90.0,0,-1.0,0,0,0,639,359
4947,60492,60491418,11105,500,-1,-1,1,631,90.0,0,-1.0,0,0,0,639,359
4948,60503,60502530,11112,500,-1,-1,1,528,90.0,0,-1.0,0,0,0,639,359
4949,60514,60513633,11103,500,-1,-1,1,524,90.0,0,-1.0,0,0,0,639,359
4950,60611,60524745,11112,500,-1,-1,1,613,81.6,0,-1.0,0,0,0,639,359
4951,60612,60602491,77746,500,-1,-1,1,2340,82.4,1,-1.0,0,0,0,639,359
4952,60615,60613612,11121,500,-1,-1,1,631,83.4,0,-1.0,0,0,0,639,359
4953,60626,60624732,11120,500,-1,-1,1,525,83.6,0,-1.0,0,0,0,639,359
4954,60637,60635835,11103,500,-1,-1,1,525,83.7,0,-1.0,0,0,0,639,359
4955,60648,60646945,11110,500,-1,-1,1,526,83.8,0,-1.0,0,0,0,639,359
4956,60659,60658057,11112,500,-1,-1,1,630,83.8,0,-1.0,0,0,0,639,359
4957,60670,60669167,11110,500,-1,-1,1,545,83.8,0,-1.0,0,0,0,639,359
4958,60681,60680274,11107,500,-1,-1,1,548,83.9,0,-1.0,0,0,0,639,359
4959,60692,60691384,11110,500,-1,-1,1,637,84.0,0,-1.0,0,0,0,639,359
4960,60727,60724699,33315,500,-1,-1,1,585,28.6,1,-1.0,0,0,0,639,359
4961,60737,60735822,11123,500,-1,-1,1,546,45.5,0,-1.0,0,0,0,639,359
4962,60748,60746930,11108,500,-1,-1,1,535,54.5,0,-1.0,0,0,0,639,359
4963,60759,60758039,11109,500,-1,-1,1,633,59.7,0,-1.0,0,0,0,639,359
4964,60770,60769144,11105,500,-1,-1,1,635,64.1,0,-1.0,0,0,0,639,359
4965,60782,60780257,11113,500,-1,-1,1,523,67.4,0,-1.0,0,0,0,639,359
4966,60792,60791363,11106,500,-1,-1,1,525,70.0,0,-1.0,0,0,0,639,359
4967,60803,60802472,11109,500,-1,-1,1,529,72.1,0,-1.0,0,0,0,639,359
4968,60814,60813584,11112,500,-1,-1,1,525,73.8,0,-1.0,0,0,0,639,359
4969,60826,60824695,11111,500,-1,-1,1,524,75.2,1,-1.0,0,0,0,639,359
4970,60837,60835809,11114,500,-1,-1,1,546,76.4,0,-1.0,0,0,0,639,359
4971,60848,60846915,11106,500,-1,-1,1,545,77.4,0,-1.0,0,0,0,639,359
4972,60859,60858023,11108,500,-1,-1,1,634,77.8,0,-1.0,0,0,0,639,359
4973,60870,60869134,11111,500,-1,-1,1,530,79.1,0,-1.0,0,0,0,639,359
4974,60881,60880242,11108,500,-1,-1,1,632,79.4,0,-1.0,0,0,0,639,359
4975,60892,60891350,11108,500,-1,-1,1,528,80.0,0,-1.0,0,0,0,639,359
4976,60903,60902459,11109,500,-1,-1,1,526,80.6,0,-1.0,0,0,0,639,359
4977,60914,60913566,11107,500,-1,-1,1,526,81.1,0,-1.0,0,0,0,639,359
4978,60926,60924674,11108,500,-1,-1,1,524,81.5,1,-1.0,0,0,0,639,359
4979,60937,60935789,11115,500,-1,-1,1,526,82.0,0,-1.0,0,0,0,639,359
4980,60948,60946897,11108,500,-1,-1,1,646,82.4,0,-1.0,0,0,0,639,359
4981,60959,60958006,11109,500,-1,-1,1,630,82.7,0,-1.0,0,0,0,639,359
4982,60970,60969116,11110,500,-1,-1,1,525,82.7,0,-1.0,0,0,0,639,359
4983,60981,60980222,11106,500,-1,-1,1,628,83.0,0,-1.0,0,0,0,639,359
4984,60992,60991340,11118,500,-1,-1,1,526,83.3,0,-1.0,0,0,0,639,359
4985,61003,61002439,11099,500,-1,-1,1,531,83.6,0,-1.0,0,0,0,639,359
4986,61015,61013546,11107,500,-1,-1,1,527,83.9,0,-1.0,0,0,0,639,359
4987,61026,61024680,11134,500,-1,-1,1,529,84.1,1,-1.0,0,0,0,639,359
4988,61037,61035770,11090,500,-1,-1,1,544,84.3,0,-1.0,0,0,0,639,359
4989,61048,61046876,11106,500,-1,-1,1,539,84.5,0,-1.0,0,0,0,639,359
4990,61059,61057987,11111,500,-1,-1,1,629,84.5,0,-1.0,0,0,0,639,359
4991,61070,61069099,11112,500,-1,-1,1,528,84.9,0,-1.0,0,0,0,639,359
4992,61081,61080207,11108,500,-1,-1,1,632,84.8,0,-1.0,0,0,0,639,359
4993,61092,61091319,11112,500,-1,-1,1,525,85.0,0,-1.0,0,0,0,639,359
4994,61103,61102424,11105,500,-1,-1,1,523,85.2,0,-1.0,0,0,0,639,359
4995,61114,61113530,11106,500,-1,-1,1,525,85.3,0,-1.0,0,0,0,639,359
4996,61125,61124642,11112,500,-1,-1,1,525,85.5,1,-1.0,0,0,0,639,359
4997,61137,61135752,11110,500,-1,-1,1,546,85.6,0,-1.0,0,0,0,639,359
4998,61148,61146862,11110,500,-1,-1,1,529,85.7,0,-1.0,0,0,0,639,359
4999,61159,61157972,11110,500,-1,-1,1,628,85.8,0,-1.0,0,0,0,639,359
5000,61170,61169079,11107,500,-1,-1,1,527,86.0,0,-1.0,0,0,0,639,359
5001,61181,61180187,11108,500,-1,-1,1,635,85.9,0,-1.0,0,0,0,639,359
5002,61192,61191301,11114,500,-1,-1,1,526,86.0,0,-1.0,0,0,0,639,359
5003,61203,61202405,11104,500,-1,-1,1,525,86.1,0,-1.0,0,0,0,639,359
5004,61214,61213517,11112,500,-1,-1,1,525,86.2,0,-1.0,0,0,0,639,359
5005,61225,61224625,11108,500,-1,-1,1,525,86.3,1,-1.0,0,0,0,639,359
5006,61237,61235741,11116,500,-1,-1,1,546,86.4,0,-1.0,0,0,0,639,359
5007,61248,61246845,11104,500,-1,-1,1,547,86.5,0,-1.0,0,0,0,639,359
5008,61259,61257953,11108,500,-1,-1,1,633,86.6,0,-1.0,0,0,0,639,359
5009,61270,61269064,11111,500,-1,-1,1,525,86.7,0,-1.0,0,0,0,639,359
5010,61281,61280175,11111,500,-1,-1,1,631,86.6,0,-1.0,0,0,0,639,359
5011,61292,61291392,11217,500,-1,-1,1,526,86.7,0,-1.0,0,0,0,639,359
5012,61303,61302393,11001,500,-1,-1,1,524,86.7,0,-1.0,0,0,0,639,359
5013,61314,61313499,11106,500,-1,-1,1,525,86.8,0,-1.0,0,0,0,639,359
5014,61326,61324603,11104,500,-1,-1,1,524,86.9,1,-1.0,0,0,0,639,359
5015,61337,61335720,11117,500,-1,-1,1,546,87.0,0,-1.0,0,0,0,639,359
5016,61348,61346831,11111,500,-1,-1,1,544,87.0,0,-1.0,0,0,0,639,359
5017,61359,61357935,11104,500,-1,-1,1,631,87.1,0,-1.0,0,0,0,639,359
5018,61370,61369045,11110,500,-1,-1,1,527,87.0,0,-1.0,0,0,0,639,359
5019,61381,61380155,11110,500,-1,-1,1,631,87.1,0,-1.0,0,0,0,639,359
5020,61392,61391269,11114,500,-1,-1,1,525,87.1,0,-1.0,0,0,0,639,359
5021,61403,61402373,11104,500,-1,-1,1,525,87.2,0,-1.0,0,0,0,639,359
5022,61414,61413480,11107,500,-1,-1,1,526,87.3,0,-1.0,0,0,0,639,359
5023,61425,61424587,11107,500,-1,-1,1,525,87.3,1,-1.0,0,0,0,639,359
5024,61437,61435706,11119,500,-1,-1,1,548,87.4,0,-1.0,0,0,0,639,359
5025,61448,61446808,11102,500,-1,-1,1,545,87.4,0,-1.0,0,0,0,639,359
5026,61459,61457921,11113,500,-1,-1,1,629,87.4,0,-1.0,0,0,0,639,359
5027,61470,61469031,11110,500,-1,-1,1,526,87.5,0,-1.0,0,0,0,639,359
5028,61481,61480140,11109,500,-1,-1,1,633,87.5,0,-1.0,0,0,0,639,359
5029,61492,61491252,11112,500,-1,-1,1,527,87.5,0,-1.0,0,0,0,639,359
5030,61503,61502354,11102,500,-1,-1,1,524,87.5,0,-1.0,0,0,0,639,359
5031,61514,61513462,11108,500,-1,-1,1,526,87.6,0,-1.0,0,0,0,639,359
5032,61525,61524574,11112,500,-1,-1,1,528,87.6,1,-1.0,0,0,0,639,359
5033,61536,61535687,11113,500,-1,-1,1,543,87.7,0,-1.0,0,0,0,639,359
5034,61548,61546793,11106,500,-1,-1,1,532,87.7,0,-1.0,0,0,0,639,359
5035,61559,61557901,11108,500,-1,-1,1,629,87.8,0,-1.0,0,0,0,639,359
5036,61570,61569010,11109,500,-1,-1,1,527,87.8,0,-1.0,0,0,0,639,359
5037,61581,61580120,11110,500,-1,-1,1,637,87.7,0,-1.0,0,0,0,639,359
5038,61592,61591232,11112,500,-1,-1,1,525,87.8,0,-1.0,0,0,0,639,359
5039,61603,61602338,11106,500,-1,-1,1,527,87.8,0,-1.0,0,0,0,639,359
5040,61661,61613445,11107,500,-1,-1,1,617,83.7,0,-1.0,0,0,0,639,359
5041,61662,61657874,44429,500,-1,-1,1,616,84.6,1,-1.0,0,0,0,639,359
5042,61670,61668996,11122,500,-1,-1,1,628,85.0,0,-1.0,0,0,0,639,359
5043,61681,61680106,11110,500,-1,-1,1,541,84.9,0,-1.0,0,0,0,639,359
5044,61692,61691212,11106,500,-1,-1,1,529,85.0,0,-1.0,0,0,0,639,359
5045,61742,61735631,44419,500,-1,-1,1,606,20.0,0,-1.0,0,0,0,639,359
5046,61748,61746771,11140,500,-1,-1,1,635,36.4,0,-1.0,0,0,0,639,359
5047,61759,61757869,11098,500,-1,-1,1,526,45.5,0,-1.0,0,0,0,639,359
5048,61770,61768975,11106,500,-1,-1,1,628,51.3,0,-1.0,0,0,0,639,359
5049,61781,61780085,11110,500,-1,-1,1,529,56.8,0,-1.0,0,0,0,639,359
5050,61792,61791193,11108,500,-1,-1,1,525,60.0,1,-1.0,0,0,0,639,359
5051,61803,61802310,11117,500,-1,-1,1,545,63.1,0,-1.0,0,0,0,639,359
5052,61814,61813418,11108,500,-1,-1,1,548,65.6,0,-1.0,0,0,0,639,359
5053,61825,61824524,11106,500,-1,-1,1,631,67.7,0,-1.0,0,0,0,639,359
5054,61836,61835638,11114,500,-1,-1,1,526,69.4,0,-1.0,0,0,0,639,359
5055,61848,61846741,11103,500,-1,-1,1,633,71.0,0,-1.0,0,0,0,639,359
5056,61859,61857856,11115,500,-1,-1,1,533,72.3,0,-1.0,0,0,0,639,359
5057,61870,61868961,11105,500,-1,-1,1,524,73.4,0,-1.0,0,0,0,639,359
5058,61881,61880068,11107,500,-1,-1,1,528,74.5,0,-1.0,0,0,0,639,359
5059,61892,61891174,11106,500,-1,-1,1,527,75.0,1,-1.0,0,0,0,639,359
5060,61903,61902289,11115,500,-1,-1,1,529,75.8,0,-1.0,0,0,0,639,359
5061,61914,61913396,11107,500,-1,-1,1,530,76.6,0,-1.0,0,0,0,639,359
5062,61925,61924507,11111,500,-1,-1,1,630,77.3,0,-1.0,0,0,0,639,359
5063,61936,61935618,11111,500,-1,-1,1,526,77.9,0,-1.0,0,0,0,639,359
5064,61948,61946725,11107,500,-1,-1,1,634,78.4,0,-1.0,0,0,0,639,359
5065,61959,61957833,11108,500,-1,-1,1,526,78.9,0,-1.0,0,0,0,639,359
5066,61970,61968946,11113,500,-1,-1,1,524,79.4,0,-1.0,0,0,0,639,359
5067,61981,61980049,11103,500,-1,-1,1,525,79.9,0,-1.0,0,0,0,639,359
5068,61992,61991162,11113,500,-1,-1,1,528,80.0,1,-1.0,0,0,0,639,359
5069,62003,62002273,11111,500,-1,-1,1,545,80.4,0,-1.0,0,0,0,639,359
5070,62014,62013380,11107,500,-1,-1,1,544,80.7,0,-1.0,0,0,0,639,359
5071,62025,62024491,11111,500,-1,-1,1,633,81.1,0,-1.0,0,0,0,639,359
5072,62037,62035601,11110,500,-1,-1,1,525,81.4,0,-1.0,0,0,0,639,359
5073,62048,62046707,11106,500,-1,-1,1,631,81.7,0,-1.0,0,0,0,639,359
5074,62059,62057818,11111,500,-1,-1,1,527,82.0,0,-1.0,0,0,0,639,359
5075,62070,62068926,11108,500,-1,-1,1,525,82.2,0,-1.0,0,0,0,639,359
5076,62081,62080033,11107,500,-1,-1,1,525,82.3,0,-1.0,0,0,0,639,359
5077,62092,62091142,11109,500,-1,-1,1,525,82.7,1,-1.0,0,0,0,639,359
5078,62103,62102256,11114,500,-1,-1,1,547,82.7,0,-1.0,0,0,0,639,359
5079,62114,62113361,11105,500,-1,-1,1,548,82.9,0,-1.0,0,0,0,639,359
5080,62125,62124470,11109,500,-1,-1,1,633,83.1,0,-1.0,0,0,0,639,359
5081,62136,62135583,11113,500,-1,-1,1,527,83.3,0,-1.0,0,0,0,639,359
5082,62148,62146695,11112,500,-1,-1,1,630,83.5,0,-1.0,0,0,0,639,359
5083,62159,62157797,11102,500,-1,-1,1,528,83.7,0,-1.0,0,0,0,639,359
5084,62170,62168908,11111,500,-1,-1,1,525,83.9,0,-1.0,0,0,0,639,359
5085,62181,62180015,11107,500,-1,-1,1,526,84.0,0,-1.0,0,0,0,639,359
5086,62192,62191127,11112,500,-1,-1,1,524,84.2,1,-1.0,0,0,0,639,359
5087,62203,62202238,11111,500,-1,-1,1,546,84.1,0,-1.0,0,0,0,639,359
5088,62214,62213347,11109,500,-1,-1,1,546,84.3,0,-1.0,0,0,0,639,359
5089,62225,62224456,11109,500,-1,-1,1,601,84.4,0,-1.0,0,0,0,639,359
5090,62236,62235565,11109,500,-1,-1,1,527,84.6,0,-1.0,0,0,0,639,359
5091,62248,62246669,11104,500,-1,-1,1,632,84.7,0,-1.0,0,0,0,639,359
5092,62259,62257784,11115,500,-1,-1,1,529,84.8,0,-1.0,0,0,0,639,359
5093,62270,62268888,11104,500,-1,-1,1,525,84.9,0,-1.0,0,0,0,639,359
5094,62281,62280000,11112,500,-1,-1,1,527,85.0,0,-1.0,0,0,0,639,359
5095,62292,62291108,11108,500,-1,-1,1,525,85.1,1,-1.0,0,0,0,639,359
5096,62303,62302226,11118,500,-1,-1,1,544,85.1,0,-1.0,0,0,0,639,359
5097,62314,62313332,11106,500,-1,-1,1,545,85.2,0,-1.0,0,0,0,639,359
5098,62325,62324438,11106,500,-1,-1,1,629,85.3,0,-1.0,0,0,0,639,359
5099,62336,62335549,11111,500,-1,-1,1,526,85.4,0,-1.0,0,0,0,639,359
5100,62348,62346660,11111,500,-1,-1,1,633,85.5,0,-1.0,0,0,0,639,359
5101,62359,62357845,11185,500,-1,-1,1,526,85.6,0,-1.0,0,0,0,639,359
5102,62370,62368871,11026,500,-1,-1,1,525,85.7,0,-1.0,0,0,0,639,359
5103,62381,62379977,11106,500,-1,-1,1,528,85.8,0,-1.0,0,0,0,639,359
5104,62392,62391092,11115,500,-1,-1,1,528,85.7,1,-1.0,0,0,0,639,359
5105,62403,62402205,11113,500,-1,-1,1,531,85.8,0,-1.0,0,0,0,639,359
5106,62414,62413314,11109,500,-1,-1,1,528,85.9,0,-1.0,0,0,0,639,359
5107,62425,62424423,11109,500,-1,-1,1,630,85.9,0,-1.0,0,0,0,639,359
5108,62437,62435530,11107,500,-1,-1,1,526,86.0,0,-1.0,0,0,0,639,359
5109,62447,62446637,11107,500,-1,-1,1,634,86.1,0,-1.0,0,0,0,639,359
5110,62459,62457750,11113,500,-1,-1,1,525,86.2,0,-1.0,0,0,0,639,359
5111,62470,62468856,11106,500,-1,-1,1,524,86.2,0,-1.0,0,0,0,639,359
5112,62481,62479964,11108,500,-1,-1,1,525,86.3,0,-1.0,0,0,0,639,359
5113,62492,62491073,11109,500,-1,-1,1,525,86.4,1,-1.0,0,0,0,639,359
5114,62503,62502191,11118,500,-1,-1,1,547,86.3,0,-1.0,0,0,0,639,359
5115,62514,62513292,11101,500,-1,-1,1,546,86.4,0,-1.0,0,0,0,639,359
5116,62525,62524408,11116,500,-1,-1,1,629,86.4,0,-1.0,0,0,0,639,359
5117,62537,62535516,11108,500,-1,-1,1,524,86.5,0,-1.0,0,0,0,639,359
5118,62547,62546625,11109,500,-1,-1,1,631,86.5,0,-1.0,0,0,0,639,359
5119,62559,62557733,11108,500,-1,-1,1,525,86.6,0,-1.0,0,0,0,639,359
5120,62570,62568839,11106,500,-1,-1,1,525,86.7,0,-1.0,0,0,0,639,359
5121,62581,62579947,11108,500,-1,-1,1,528,86.7,0,-1.0,0,0,0,639,359
5122,62592,62591055,11108,500,-1,-1,1,524,86.8,1,-1.0,0,0,0,639,359
5123,62603,62602175,11120,500,-1,-1,1,546,86.7,0,-1.0,0,0,0,639,359
5124,62614,62613279,11104,500,-1,-1,1,547,86.8,0,-1.0,0,0,0,639,359
5125,62625,62624387,11108,500,-1,-1,1,630,86.8,0,-1.0,0,0,0,639,359
5126,62636,62635502,11115,500,-1,-1,1,528,86.9,0,-1.0,0,0,0,639,359
5127,62647,62646606,11104,500,-1,-1,1,630,86.9,0,-1.0,0,0,0,639,359
5128,62659,62657718,11112,500,-1,-1,1,527,87.0,0,-1.0,0,0,0,639,359
5129,62670,62668821,11103,500,-1,-1,1,527,87.0,0,-1.0,0,0,0,639,359
5130,62737,62679931,11110,500,-1,-1,1,611,82.4,0,-1.0,0,0,0,639,359
5131,62794,62791017,111086,500,-1,-1,1,609,17.5,1,-1.0,0,0,0,639,359
5132,62803,62802137,11120,500,-1,-1,1,545,29.9,0,-1.0,0,0,0,639,359
5133,62814,62813244,11107,500,-1,-1,1,542,38.5,0,-1.0,0,0,0,639,359
5134,62825,62824352,11108,500,-1,-1,1,635,44.9,0,-1.0,0,0,0,639,359
5135,62836,62835465,11113,500,-1,-1,1,529,50.0,0,-1.0,0,0,0,639,359
5136,62847,62846571,11106,500,-1,-1,1,632,54.1,0,-1.0,0,0,0,639,359
5137,62858,62857682,11111,500,-1,-1,1,526,57.4,0,-1.0,0,0,0,639,359
5138,62870,62868785,11103,500,-1,-1,1,526,60.2,0,-1.0,0,0,0,639,359
5139,62881,62879898,11113,500,-1,-1,1,525,62.5,0,-1.0,0,0,0,639,359
5140,62892,62891004,11106,500,-1,-1,1,525,64.5,1,-1.0,0,0,0,639,359
5141,62903,62902120,11116,500,-1,-1,1,545,66.3,0,-1.0,0,0,0,639,359
5142,62914,62913229,11109,500,-1,-1,1,547,67.4,0,-1.0,0,0,0,639,359
5143,62925,62924334,11105,500,-1,-1,1,632,68.8,0,-1.0,0,0,0,639,359
5144,62936,62935446,11112,500,-1,-1,1,528,70.0,0,-1.0,0,0,0,639,359
5145,62947,62946555,11109,500,-1,-1,1,724,71.1,0,-1.0,0,0,0,639,359
5146,62959,62957708,11153,500,-1,-1,1,529,72.1,0,-1.0,0,0,0,639,359
5147,62970,62968771,11063,500,-1,-1,1,527,73.0,0,-1.0,0,0,0,639,359
5148,62981,62979876,11105,500,-1,-1,1,528,73.8,0,-1.0,0,0,0,639,359
5149,62992,62990990,11114,500,-1,-1,1,570,74.5,1,-1.0,0,0,0,639,359
5150,63003,63002102,11112,500,-1,-1,1,527,75.2,0,-1.0,0,0,0,639,359
5151,63014,63013211,11109,500,-1,-1,1,547,75.5,0,-1.0,0,0,0,639,359
5152,63025,63024319,11108,500,-1,-1,1,607,76.1,0,-1.0,0,0,0,639,359
5153,63036,63035431,11112,500,-1,-1,1,524,76.7,0,-1.0,0,0,0,639,359
5154,63047,63046538,11107,500,-1,-1,1,632,77.2,0,-1.0,0,0,0,639,359
5155,63059,63057654,11116,500,-1,-1,1,525,77.6,0,-1.0,0,0,0,639,359
5156,63070,63068760,11106,500,-1,-1,1,525,78.1,0,-1.0,0,0,0,639,359
5157,63081,63079867,11107,500,-1,-1,1,526,78.5,0,-1.0,0,0,0,639,359
5158,63092,63090975,11108,500,-1,-1,1,554,78.9,1,-1.0,0,0,0,639,359
5159,63103,63102088,11113,500,-1,-1,1,533,79.0,0,-1.0,0,0,0,639,359
5160,63114,63113193,11105,500,-1,-1,1,534,79.4,0,-1.0,0,0,0,639,359
5161,63125,63124303,11110,500,-1,-1,1,607,79.7,0,-1.0,0,0,0,639,359
5162,63136,63135412,11109,500,-1,-1,1,526,80.0,0,-1.0,0,0,0,639,359
5163,63148,63146522,11110,500,-1,-1,1,632,80.3,0,-1.0,0,0,0,639,359
5164,63158,63157631,11109,500,-1,-1,1,524,80.6,0,-1.0,0,0,0,639,359
5165,63170,63168740,11109,500,-1,-1,1,523,80.8,0,-1.0,0,0,0,639,359
5166,63181,63179848,11108,500,-1,-1,1,524,81.1,0,-1.0,0,0,0,639,359
5167,63192,63190957,11109,500,-1,-1,1,552,81.3,1,-1.0,0,0,0,639,359
5168,63203,63202068,11111,500,-1,-1,1,548,81.5,0,-1.0,0,0,0,639,359
5169,63214,63213180,11112,500,-1,-1,1,524,81.6,0,-1.0,0,0,0,639,359
5170,63225,63224284,11104,500,-1,-1,1,603,81.8,0,-1.0,0,0,0,639,359
5171,63236,63235398,11114,500,-1,-1,1,527,82.0,0,-1.0,0,0,0,639,359
5172,63247,63246505,11107,500,-1,-1,1,630,82.2,0,-1.0,0,0,0,639,359
5173,63258,63257615,11110,500,-1,-1,1,527,82.4,0,-1.0,0,0,0,639,359
5174,63270,63268719,11104,500,-1,-1,1,525,82.6,0,-1.0,0,0,0,639,359
5175,63281,63279828,11109,500,-1,-1,1,524,82.7,0,-1.0,0,0,0,639,359
5176,63292,63290958,11130,500,-1,-1,1,524,82.9,1,-1.0,0,0,0,639,359
5177,63303,63302054,11096,500,-1,-1,1,545,83.0,0,-1.0,0,0,0,639,359
5178,63314,63313160,11106,500,-1,-1,1,547,83.0,0,-1.0,0,0,0,639,359
5179,63325,63324266,11106,500,-1,-1,1,602,83.2,0,-1.0,0,0,0,639,359
5180,63336,63335376,11110,500,-1,-1,1,534,83.3,0,-1.0,0,0,0,639,359
5181,63347,63346488,11112,500,-1,-1,1,634,83.5,0,-1.0,0,0,0,639,359
5182,63358,63357593,11105,500,-1,-1,1,528,83.6,0,-1.0,0,0,0,639,359
5183,63370,63368704,11111,500,-1,-1,1,525,83.7,0,-1.0,0,0,0,639,359
5184,63381,63379808,11104,500,-1,-1,1,525,83.9,0,-1.0,0,0,0,639,359
5185,63392,63390924,11116,500,-1,-1,1,522,84.0,1,-1.0,0,0,0,639,359
5186,63403,63402034,11110,500,-1,-1,1,543,84.1,0,-1.0,0,0,0,639,359
5187,63414,63413158,11124,500,-1,-1,1,557,84.1,0,-1.0,0,0,0,639,359
5188,63425,63424250,11092,500,-1,-1,1,635,84.2,0,-1.0,0,0,0,639,359
5189,63436,63435365,11115,500,-1,-1,1,526,84.3,0,-1.0,0,0,0,639,359
5190,63447,63446468,11103,500,-1,-1,1,632,84.4,0,-1.0,0,0,0,639,359
5191,63459,63457578,11110,500,-1,-1,1,527,84.5,0,-1.0,0,0,0,639,359
5192,63469,63468686,11108,500,-1,-1,1,527,84.6,0,-1.0,0,0,0,639,359
5193,63481,63479792,11106,500,-1,-1,1,528,84.7,0,-1.0,0,0,0,639,359
5194,63492,63490901,11109,500,-1,-1,1,525,84.8,1,-1.0,0,0,0,639,359
5195,63503,63502016,11115,500,-1,-1,1,546,84.7,0,-1.0,0,0,0,639,359
5196,63514,63513124,11108,500,-1,-1,1,545,84.8,0,-1.0,0,0,0,639,359
5197,63525,63524237,11113,500,-1,-1,1,632,84.9,0,-1.0,0,0,0,639,359
5198,63536,63535344,11107,500,-1,-1,1,525,85.0,0,-1.0,0,0,0,639,359
5199,63547,63546454,11110,500,-1,-1,1,632,85.1,0,-1.0,0,0,0,639,359
5200,63559,63557560,11106,500,-1,-1,1,534,85.2,0,-1.0,0,0,0,639,359
5201,63569,63568669,11109,500,-1,-1,1,531,85.2,0,-1.0,0,0,0,639,359
5202,63581,63579777,11108,500,-1,-1,1,524,85.3,0,-1.0,0,0,0,639,359
5203,63592,63590885,11108,500,-1,-1,1,527,85.4,1,-1.0,0,0,0,639,359
5204,63603,63601999,11114,500,-1,-1,1,541,85.5,0,-1.0,0,0,0,639,359
5205,63614,63613105,11106,500,-1,-1,1,536,85.5,0,-1.0,0,0,0,639,359
5206,63625,63624218,11113,500,-1,-1,1,610,85.5,0,-1.0,0,0,0,639,359
5207,63636,63635329,11111,500,-1,-1,1,526,85.6,0,-1.0,0,0,0,639,359
5208,63647,63646438,11109,500,-1,-1,1,630,85.6,0,-1.0,0,0,0,639,359
5209,63658,63657545,11107,500,-1,-1,1,528,85.7,0,-1.0,0,0,0,639,359
5210,63669,63668652,11107,500,-1,-1,1,526,85.7,0,-1.0,0,0,0,639,359
5211,63681,63679764,11112,500,-1,-1,1,525,85.8,0,-1.0,0,0,0,639,359
5212,63692,63690874,11110,500,-1,-1,1,525,85.9,1,-1.0,0,0,0,639,359
5213,63703,63701986,11112,500,-1,-1,1,546,85.9,0,-1.0,0,0,0,639,359
5214,63714,63713091,11105,500,-1,-1,1,546,86.0,0,-1.0,0,0,0,639,359
5215,63725,63724204,11113,500,-1,-1,1,604,85.9,0,-1.0,0,0,0,639,359
5216,63736,63735309,11105,500,-1,-1,1,533,86.0,0,-1.0,0,0,0,639,359
5217,63764,63757509,22200,500,-1,-1,1,606,35.7,0,-1.0,0,0,0,639,359
5218,63770,63768648,11139,500,-1,-1,1,531,60.6,0,-1.0,0,0,0,639,359
5219,63781,63779744,11096,500,-1,-1,1,525,68.2,0,-1.0,0,0,0,639,359
5220,63858,63790855,11111,500,-1,-1,1,612,32.8,0,-1.0,0,0,0,639,359
5221,63859,63857488,66633,500,-1,-1,1,624,40.7,1,-1.0,0,0,0,639,359
5222,63869,63868623,11135,500,-1,-1,1,533,45.1,0,-1.0,0,0,0,639,359
5223,63881,63879729,11106,500,-1,-1,1,527,48.6,0,-1.0,0,0,0,639,359
5224,63892,63890837,11108,500,-1,-1,1,529,51.6,0,-1.0,0,0,0,639,359
5225,63903,63901951,11114,500,-1,-1,1,629,53.9,0,-1.0,0,0,0,639,359
5226,63914,63913057,11106,500,-1,-1,1,530,56.5,0,-1.0,0,0,0,639,359
5227,63925,63924164,11107,500,-1,-1,1,527,58.2,0,-1.0,0,0,0,639,359
5228,63936,63935278,11114,500,-1,-1,1,631,60.0,0,-1.0,0,0,0,639,359
5229,63947,63946387,11109,500,-1,-1,1,526,61.6,0,-1.0,0,0,0,639,359
5230,63958,63957490,11103,500,-1,-1,1,629,63.1,1,-1.0,0,0,0,639,359
5231,63969,63968607,11117,500,-1,-1,1,547,64.4,0,-1.0,0,0,0,639,359
5232,63981,63979712,11105,500,-1,-1,1,549,65.6,0,-1.0,0,0,0,639,359
5233,63992,63990872,11160,500,-1,-1,1,626,66.7,0,-1.0,0,0,0,639,359
5234,64003,64001931,11059,500,-1,-1,1,528,67.7,0,-1.0,0,0,0,639,359
5235,64014,64013042,11111,500,-1,-1,1,632,68.3,0,-1.0,0,0,0,639,359
5236,64025,64024149,11107,500,-1,-1,1,528,69.4,0,-1.0,0,0,0,639,359
5237,64036,64035260,11111,500,-1,-1,1,525,70.0,0,-1.0,0,0,0,639,359
5238,64047,64046362,11102,500,-1,-1,1,528,70.7,0,-1.0,0,0,0,639,359
5239,64058,64057475,11113,500,-1,-1,1,526,71.4,1,-1.0,0,0,0,639,359
5240,64069,64068586,11111,500,-1,-1,1,530,72.1,0,-1.0,0,0,0,639,359
5241,64081,64079695,11109,500,-1,-1,1,545,72.7,0,-1.0,0,0,0,639,359
5242,64092,64090805,11110,500,-1,-1,1,632,73.2,0,-1.0,0,0,0,639,359
5243,64103,64101917,11112,500,-1,-1,1,542,73.8,0,-1.0,0,0,0,639,359
5244,64114,64113022,11105,500,-1,-1,1,639,74.1,0,-1.0,0,0,0,639,359
5245,64125,64124138,11116,500,-1,-1,1,526,74.6,0,-1.0,0,0,0,639,359
5246,64136,64135237,11099,500,-1,-1,1,525,75.0,0,-1.0,0,0,0,639,359
5247,64147,64146348,11111,500,-1,-1,1,525,75.4,0,-1.0,0,0,0,639,359
5248,64158,64157456,11108,500,-1,-1,1,529,75.8,1,-1.0,0,0,0,639,359
5249,64170,64168573,11117,500,-1,-1,1,531,76.2,0,-1.0,0,0,0,639,359
5250,64181,64179675,11102,500,-1,-1,1,536,76.6,0,-1.0,0,0,0,639,359
5251,64192,64190788,11113,500,-1,-1,1,631,76.9,0,-1.0,0,0,0,639,359
5252,64203,64201901,11113,500,-1,-1,1,541,77.3,0,-1.0,0,0,0,639,359
5253,64214,64213008,11107,500,-1,-1,1,625,77.4,0,-1.0,0,0,0,639,359
5254,64225,64224113,11105,500,-1,-1,1,530,77.9,0,-1.0,0,0,0,639,359
5255,64236,64235221,11108,500,-1,-1,1,526,78.0,0,-1.0,0,0,0,639,359
5256,64247,64246328,11107,500,-1,-1,1,524,78.3,0,-1.0,0,0,0,639,359
5257,64258,64257439,11111,500,-1,-1,1,525,78.5,1,-1.0,0,0,0,639,359
5258,64269,64268553,11114,500,-1,-1,1,546,78.8,0,-1.0,0,0,0,639,359
5259,64280,64279660,11107,500,-1,-1,1,548,79.0,0,-1.0,0,0,0,639,359
5260,64293,64290767,11107,500,-1,-1,1,606,79.0,0,-1.0,0,0,0,639,359
5261,64303,64301885,11118,500,-1,-1,1,539,79.5,0,-1.0,0,0,0,639,359
5262,64314,64312986,11101,500,-1,-1,1,633,79.7,0,-1.0,0,0,0,639,359
5263,64325,64324100,11114,500,-1,-1,1,527,79.9,0,-1.0,0,0,0,639,359
5264,64336,64335206,11106,500,-1,-1,1,532,80.0,0,-1.0,0,0,0,639,359
5265,64347,64346316,11110,500,-1,-1,1,524,80.2,0,-1.0,0,0,0,639,359
5266,64358,64357426,11110,500,-1,-1,1,524,80.4,1,-1.0,0,0,0,639,359
5267,64369,64368539,11113,500,-1,-1,1,545,80.6,0,-1.0,0,0,0,639,359
5268,64380,64379645,11106,500,-1,-1,1,543,80.7,0,-1.0,0,0,0,639,359
5269,64392,64390751,11106,500,-1,-1,1,631,80.9,0,-1.0,0,0,0,639,359
5270,64403,64401863,11112,500,-1,-1,1,528,81.1,0,-1.0,0,0,0,639,359
5271,64414,64412972,11109,500,-1,-1,1,627,81.2,0,-1.0,0,0,0,639,359
5272,64425,64424082,11110,500,-1,-1,1,526,81.4,0,-1.0,0,0,0,639,359
5273,64436,64435186,11104,500,-1,-1,1,526,81.4,0,-1.0,0,0,0,639,359
5274,64447,64446295,11109,500,-1,-1,1,528,81.6,0,-1.0,0,0,0,639,359
5275,64458,64457407,11112,500,-1,-1,1,527,81.7,1,-1.0,0,0,0,639,359
5276,64469,64468520,11113,500,-1,-1,1,527,81.9,0,-1.0,0,0,0,639,359
5277,64481,64479625,11105,500,-1,-1,1,545,82.0,0,-1.0,0,0,0,639,359
5278,64492,64490738,11113,500,-1,-1,1,634,82.1,0,-1.0,0,0,0,639,359
5279,64503,64501851,11113,500,-1,-1,1,530,82.2,0,-1.0,0,0,0,639,359
5280,64514,64512955,11104,500,-1,-1,1,633,82.4,0,-1.0,0,0,0,639,359
5281,64525,64524087,11132,500,-1,-1,1,528,82.4,0,-1.0,0,0,0,639,359
5282,64536,64535170,11083,500,-1,-1,1,525,82.6,0,-1.0,0,0,0,639,359
5283,64547,64546282,11112,500,-1,-1,1,525,82.6,0,-1.0,0,0,0,639,359
5284,64558,64557408,11126,500,-1,-1,1,526,82.7,1,-1.0,0,0,0,639,359
5285,64569,64568504,11096,500,-1,-1,1,530,82.8,0,-1.0,0,0,0,639,359
5286,64580,64579608,11104,500,-1,-1,1,531,82.9,0,-1.0,0,0,0,639,359
5287,64592,64590722,11114,500,-1,-1,1,629,83.0,0,-1.0,0,0,0,639,359
5288,64603,64601903,11181,500,-1,-1,1,636,83.1,0,-1.0,0,0,0,639,359
5289,64614,64612939,11036,500,-1,-1,1,526,83.2,0,-1.0,0,0,0,639,359
5290,64625,64624045,11106,500,-1,-1,1,525,83.3,0,-1.0,0,0,0,639,359
5291,64636,64635157,11112,500,-1,-1,1,526,83.4,0,-1.0,0,0,0,639,359
5292,64647,64646262,11105,500,-1,-1,1,524,83.4,0,-1.0,0,0,0,639,359
5293,64658,64657374,11112,500,-1,-1,1,525,83.5,1,-1.0,0,0,0,639,359
5294,64669,64668486,11112,500,-1,-1,1,545,83.6,0,-1.0,0,0,0,639,359
5295,64680,64679592,11106,500,-1,-1,1,548,83.7,0,-1.0,0,0,0,639,359
5296,64692,64690701,11109,500,-1,-1,1,632,83.8,0,-1.0,0,0,0,639,359
5297,64703,64701814,11113,500,-1,-1,1,539,83.9,0,-1.0,0,0,0,639,359
5298,64714,64712920,11106,500,-1,-1,1,629,83.9,0,-1.0,0,0,0,639,359
5299,64725,64724031,11111,500,-1,-1,1,526,84.0,0,-1.0,0,0,0,639,359
5300,64736,64735133,11102,500,-1,-1,1,526,84.1,0,-1.0,0,0,0,639,359
5301,64747,64746248,11115,500,-1,-1,1,528,84.1,0,-1.0,0,0,0,639,359
5302,64761,64757355,11107,500,-1,-1,1,524,71.4,1,-1.0,0,0,0,639,359
5303,64769,64768471,11116,500,-1,-1,1,529,90.9,0,-1.0,0,0,0,639,359
5304,64780,64779575,11104,500,-1,-1,1,526,90.9,0,-1.0,0,0,0,639,359
5305,64792,64790688,11113,500,-1,-1,1,634,90.9,0,-1.0,0,0,0,639,359
5306,64803,64801798,11110,500,-1,-1,1,527,89.3,0,-1.0,0,0,0,639,359
5307,64814,64812905,11107,500,-1,-1,1,626,90.9,0,-1.0,0,0,0,639,359
5308,64825,64824013,11108,500,-1,-1,1,524,90.9,0,-1.0,0,0,0,639,359
5309,64836,64835122,11109,500,-1,-1,1,542,89.9,0,-1.0,0,0,0,639,359
5310,64922,64846229,11107,500,-1,-1,1,636,51.7,0,-1.0,0,0,0,639,359
5311,64922,64912867,66638,500,-1,-1,1,789,57.1,1,-1.0,0,0,0,639,359
5312,64926,64923992,11125,500,-1,-1,1,604,61.8,0,-1.0,0,0,0,639,359
5313,64936,64935108,11116,500,-1,-1,1,524,63.8,0,-1.0,0,0,0,639,359
5314,64947,64946213,11105,500,-1,-1,1,527,65.0,0,-1.0,0,0,0,639,359
5315,64958,64957320,11107,500,-1,-1,1,529,66.4,0,-1.0,0,0,0,639,359
5316,64969,64968436,11116,500,-1,-1,1,632,67.6,0,-1.0,0,0,0,639,359
5317,64980,64979542,11106,500,-1,-1,1,533,68.7,0,-1.0,0,0,0,639,359
5318,64991,64990652,11110,500,-1,-1,1,531,69.7,0,-1.0,0,0,0,639,359
5319,65003,65001761,11109,500,-1,-1,1,545,70.6,0,-1.0,0,0,0,639,359
5320,65014,65012871,11110,500,-1,-1,1,629,71.2,1,-1.0,0,0,0,639,359
5321,65025,65023977,11106,500,-1,-1,1,644,72.2,0,-1.0,0,0,0,639,359
5322,65036,65035091,11114,500,-1,-1,1,526,72.9,0,-1.0,0,0,0,639,359
5323,65047,65046199,11108,500,-1,-1,1,546,73.3,0,-1.0,0,0,0,639,359
5324,65058,65057309,11110,500,-1,-1,1,546,74.0,0,-1.0,0,0,0,639,359
5325,65069,65068416,11107,500,-1,-1,1,633,74.5,0,-1.0,0,0,0,639,359
5326,65080,65079527,11111,500,-1,-1,1,631,75.1,0,-1.0,0,0,0,639,359
5327,65091,65090633,11106,500,-1,-1,1,529,75.6,0,-1.0,0,0,0,639,359
5328,65103,65101744,11111,500,-1,-1,1,531,76.1,0,-1.0,0,0,0,639,359
5329,65114,65112847,11103,500,-1,-1,1,524,76.5,1,-1.0,0,0,0,639,359
5330,65125,65123962,11115,500,-1,-1,1,536,76.9,0,-1.0,0,0,0,639,359
5331,65136,65135068,11106,500,-1,-1,1,535,77.3,0,-1.0,0,0,0,639,359
5332,65147,65146183,11115,500,-1,-1,1,633,77.5,0,-1.0,0,0,0,639,359
5333,65158,65157290,11107,500,-1,-1,1,525,77.9,0,-1.0,0,0,0,639,359
5334,65169,65168401,11111,500,-1,-1,1,629,78.2,0,-1.0,0,0,0,639,359
5335,65180,65179508,11107,500,-1,-1,1,525,78.5,0,-1.0,0,0,0,639,359
5336,65192,65190614,11106,500,-1,-1,1,528,78.8,0,-1.0,0,0,0,639,359
5337,65203,65201723,11109,500,-1,-1,1,525,79.1,0,-1.0,0,0,0,639,359
5338,65214,65212834,11111,500,-1,-1,1,527,79.4,1,-1.0,0,0,0,639,359
5339,65225,65223946,11112,500,-1,-1,1,541,79.7,0,-1.0,0,0,0,639,359
5340,65236,65235054,11108,500,-1,-1,1,536,79.8,0,-1.0,0,0,0,639,359
5341,65247,65246160,11106,500,-1,-1,1,635,80.0,0,-1.0,0,0,0,639,359
5342,65258,65257272,11112,500,-1,-1,1,527,80.2,0,-1.0,0,0,0,639,359
5343,65269,65268380,11108,500,-1,-1,1,626,80.5,0,-1.0,0,0,0,639,359
5344,65280,65279488,11108,500,-1,-1,1,525,80.7,0,-1.0,0,0,0,639,359
5345,65291,65290596,11108,500,-1,-1,1,523,80.9,0,-1.0,0,0,0,639,359
5346,65302,65301711,11115,500,-1,-1,1,524,81.1,0,-1.0,0,0,0,639,359
5347,65314,65312815,11104,500,-1,-1,1,524,81.3,1,-1.0,0,0,0,639,359
5348,65325,65323932,11117,500,-1,-1,1,545,81.5,0,-1.0,0,0,0,639,359
5349,65336,65335034,11102,500,-1,-1,1,545,81.6,0,-1.0,0,0,0,639,359
5350,65347,65346145,11111,500,-1,-1,1,630,81.7,0,-1.0,0,0,0,639,359
5351,65358,65357256,11111,500,-1,-1,1,535,81.8,0,-1.0,0,0,0,639,359
5352,65369,65368368,11112,500,-1,-1,1,635,82.0,0,-1.0,0,0,0,639,359
5353,65380,65379473,11105,500,-1,-1,1,528,82.1,0,-1.0,0,0,0,639,359
5354,65391,65390580,11107,500,-1,-1,1,527,82.3,0,-1.0,0,0,0,639,359
5355,65402,65401690,11110,500,-1,-1,1,528,82.4,0,-1.0,0,0,0,639,359
5356,65414,65412798,11108,500,-1,-1,1,527,82.6,1,-1.0,0,0,0,639,359
5357,65425,65423913,11115,500,-1,-1,1,543,82.7,0,-1.0,0,0,0,639,359
5358,65436,65435022,11109,500,-1,-1,1,547,82.8,0,-1.0,0,0,0,639,359
5359,65447,65446129,11107,500,-1,-1,1,633,82.9,0,-1.0,0,0,0,639,359
5360,65458,65457241,11112,500,-1,-1,1,536,83.0,0,-1.0,0,0,0,639,359
5361,65469,65468348,11107,500,-1,-1,1,630,83.1,0,-1.0,0,0,0,639,359
5362,65480,65479458,11110,500,-1,-1,1,526,83.2,0,-1.0,0,0,0,639,359
5363,65491,65490561,11103,500,-1,-1,1,529,83.3,0,-1.0,0,0,0,639,359
5364,65503,65501676,11115,500,-1,-1,1,527,83.4,0,-1.0,0,0,0,639,359
5365,65514,65512784,11108,500,-1,-1,1,526,83.6,1,-1.0,0,0,0,639,359
5366,65525,65523897,11113,500,-1,-1,1,532,83.7,0,-1.0,0,0,0,639,359
5367,65536,65535002,11105,500,-1,-1,1,545,83.8,0,-1.0,0,0,0,639,359
5368,65547,65546111,11109,500,-1,-1,1,607,83.8,0,-1.0,0,0,0,639,359
5369,65558,65557222,11111,500,-1,-1,1,534,83.8,0,-1.0,0,0,0,639,359
5370,65569,65568333,11111,500,-1,-1,1,632,83.9,0,-1.0,0,0,0,639,359
5371,65580,65579439,11106,500,-1,-1,1,525,84.0,0,-1.0,0,0,0,639,359
5372,65591,65590546,11107,500,-1,-1,1,524,84.1,0,-1.0,0,0,0,639,359
5373,65602,65601655,11109,500,-1,-1,1,524,84.2,0,-1.0,0,0,0,639,359
5374,65614,65612766,11111,500,-1,-1,1,531,84.3,1,-1.0,0,0,0,639,359
5375,65625,65623877,11111,500,-1,-1,1,542,84.4,0,-1.0,0,0,0,639,359
5376,65636,65634987,11110,500,-1,-1,1,530,84.5,0,-1.0,0,0,0,639,359
5377,65647,65646093,11106,500,-1,-1,1,626,84.4,0,-1.0,0,0,0,639,359
5378,65658,65657211,11118,500,-1,-1,1,533,84.5,0,-1.0,0,0,0,639,359
5379,65669,65668313,11102,500,-1,-1,1,631,84.6,0,-1.0,0,0,0,639,359
5380,65681,65679565,11252,500,-1,-1,1,526,84.7,0,-1.0,0,0,0,639,359
5381,65691,65690530,10965,500,-1,-1,1,524,84.7,0,-1.0,0,0,0,639,359
5382,65702,65701642,11112,500,-1,-1,1,527,84.8,0,-1.0,0,0,0,639,359
5383,65714,65712746,11104,500,-1,-1,1,525,84.9,1,-1.0,0,0,0,639,359
5384,65725,65723864,11118,500,-1,-1,1,546,85.0,0,-1.0,0,0,0,639,359
5385,65736,65734969,11105,500,-1,-1,1,546,85.0,0,-1.0,0,0,0,639,359
5386,65747,65746081,11112,500,-1,-1,1,632,85.0,0,-1.0,0,0,0,639,359
5387,65785,65779386,33305,500,-1,-1,1,622,26.3,0,-1.0,0,0,0,639,359
5388,65791,65790520,11134,500,-1,-1,1,528,45.5,0,-1.0,0,0,0,639,359
5389,65802,65801623,11103,500,-1,-1,1,528,54.5,0,-1.0,0,0,0,639,359
5390,65814,65812734,11111,500,-1,-1,1,529,60.6,0,-1.0,0,0,0,639,359
5391,65825,65823840,11106,500,-1,-1,1,527,64.9,0,-1.0,0,0,0,639,359
5392,65836,65834950,11110,500,-1,-1,1,527,68.2,1,-1.0,0,0,0,639,359
5393,65847,65846061,11111,500,-1,-1,1,543,70.7,0,-1.0,0,0,0,639,359
5394,65858,65857170,11109,500,-1,-1,1,545,72.1,0,-1.0,0,0,0,639,359
5395,65869,65868281,11111,500,-1,-1,1,632,73.8,0,-1.0,0,0,0,639,359
5396,65880,65879390,11109,500,-1,-1,1,531,75.2,0,-1.0,0,0,0,639,359
5397,65891,65890495,11105,500,-1,-1,1,722,76.4,0,-1.0,0,0,0,639,359
5398,65903,65901608,11113,500,-1,-1,1,526,77.4,0,-1.0,0,0,0,639,359
5399,65914,65912712,11104,500,-1,-1,1,527,78.3,0,-1.0,0,0,0,639,359
5400,66010,65923822,11110,500,-1,-1,1,648,53.2,0,-1.0,0,0,0,639,359
5401,66011,66001573,77751,500,-1,-1,1,2210,56.6,1,-1.0,0,0,0,639,359
5402,66014,66012694,11121,500,-1,-1,1,607,59.9,0,-1.0,0,0,0,639,359
5403,66025,66023812,11118,500,-1,-1,1,529,61.4,0,-1.0,0,0,0,639,359
5404,66036,66034916,11104,500,-1,-1,1,525,62.5,0,-1.0,0,0,0,639,359
5405,66047,66046026,11110,500,-1,-1,1,528,63.5,0,-1.0,0,0,0,639,359
5406,66058,66057137,11111,500,-1,-1,1,628,64.3,0,-1.0,0,0,0,639,359
5407,66069,66068249,11112,500,-1,-1,1,545,65.2,0,-1.0,0,0,0,639,359
5408,66080,66079356,11107,500,-1,-1,1,546,66.1,0,-1.0,0,0,0,639,359
5409,66091,66090466,11110,500,-1,-1,1,629,66.9,0,-1.0,0,0,0,639,359
5410,66103,66101577,11111,500,-1,-1,1,525,67.6,1,-1.0,0,0,0,639,359
5411,66114,66112683,11106,500,-1,-1,1,630,68.3,0,-1.0,0,0,0,639,359
5412,66125,66123790,11107,500,-1,-1,1,539,69.0,0,-1.0,0,0,0,639,359
5413,66136,66134902,11112,500,-1,-1,1,543,69.6,0,-1.0,0,0,0,639,359
5414,66147,66146011,11109,500,-1,-1,1,526,70.2,0,-1.0,0,0,0,639,359
5415,66158,66157119,11108,500,-1,-1,1,605,70.6,0,-1.0,0,0,0,639,359
5416,66169,66168229,11110,500,-1,-1,1,632,71.1,0,-1.0,0,0,0,639,359
5417,66180,66179339,11110,500,-1,-1,1,528,71.6,0,-1.0,0,0,0,639,359
5418,66191,66190446,11107,500,-1,-1,1,545,72.1,0,-1.0,0,0,0,639,359
5419,66202,66201554,11108,500,-1,-1,1,528,72.5,1,-1.0,0,0,0,639,359
5420,66214,66212668,11114,500,-1,-1,1,546,73.0,0,-1.0,0,0,0,639,359
5421,66225,66223775,11107,500,-1,-1,1,546,73.4,0,-1.0,0,0,0,639,359
5422,66236,66234886,11111,500,-1,-1,1,633,73.8,0,-1.0,0,0,0,639,359
5423,66247,66245995,11109,500,-1,-1,1,526,74.1,0,-1.0,0,0,0,639,359
5424,66258,66257104,11109,500,-1,-1,1,631,74.4,0,-1.0,0,0,0,639,359
5425,66269,66268212,11108,500,-1,-1,1,524,74.7,0,-1.0,0,0,0,639,359
5426,66280,66279316,11104,500,-1,-1,1,526,75.0,0,-1.0,0,0,0,639,359
5427,66291,66290427,11111,500,-1,-1,1,532,75.4,0,-1.0,0,0,0,639,359
5428,66302,66301538,11111,500,-1,-1,1,526,75.7,1,-1.0,0,0,0,639,359
5429,66313,66312650,11112,500,-1,-1,1,532,76.0,0,-1.0,0,0,0,639,359
5430,66325,66323778,11128,500,-1,-1,1,546,76.3,0,-1.0,0,0,0,639,359
5431,66336,66334865,11087,500,-1,-1,1,633,76.5,0,-1.0,0,0,0,639,359
5432,66347,66345981,11116,500,-1,-1,1,531,76.7,0,-1.0,0,0,0,639,359
5433,66358,66357087,11106,500,-1,-1,1,629,76.9,0,-1.0,0,0,0,639,359
5434,66369,66368200,11113,500,-1,-1,1,526,77.2,0,-1.0,0,0,0,639,359
5435,66380,66379302,11102,500,-1,-1,1,525,77.4,0,-1.0,0,0,0,639,359
5436,66391,66390413,11111,500,-1,-1,1,536,77.6,0,-1.0,0,0,0,639,359
5437,66402,66401520,11107,500,-1,-1,1,528,77.9,1,-1.0,0,0,0,639,359
5438,66413,66412635,11115,500,-1,-1,1,542,78.1,0,-1.0,0,0,0,639,359
5439,66425,66423740,11105,500,-1,-1,1,537,78.3,0,-1.0,0,0,0,639,359
5440,66436,66434852,11112,500,-1,-1,1,635,78.5,0,-1.0,0,0,0,639,359
5441,66447,66445956,11104,500,-1,-1,1,526,78.7,0,-1.0,0,0,0,639,359
5442,66458,66457065,11109,500,-1,-1,1,628,78.8,0,-1.0,0,0,0,639,359
5443,66469,66468177,11112,500,-1,-1,1,525,78.9,0,-1.0,0,0,0,639,359
5444,66480,66479287,11110,500,-1,-1,1,526,79.1,0,-1.0,0,0,0,639,359
5445,66491,66490393,11106,500,-1,-1,1,528,79.3,0,-1.0,0,0,0,639,359
5446,66502,66501500,11107,500,-1,-1,1,527,79.5,1,-1.0,0,0,0,639,359
5447,66513,66512616,11116,500,-1,-1,1,545,79.6,0,-1.0,0,0,0,639,359
5448,66525,66523726,11110,500,-1,-1,1,546,79.8,0,-1.0,0,0,0,639,359
5449,66536,66534835,11109,500,-1,-1,1,631,79.9,0,-1.0,0,0,0,639,359
5450,66547,66545944,11109,500,-1,-1,1,526,80.1,0,-1.0,0,0,0,639,359
5451,66558,66557047,11103,500,-1,-1,1,629,80.1,0,-1.0,0,0,0,639,359
5452,66570,66568161,11114,500,-1,-1,1,547,80.3,0,-1.0,0,0,0,639,359
5453,66580,66579266,11105,500,-1,-1,1,529,80.4,0,-1.0,0,0,0,639,359
5454,66591,66590376,11110,500,-1,-1,1,526,80.6,0,-1.0,0,0,0,639,359
5455,66602,66601487,11111,500,-1,-1,1,526,80.7,1,-1.0,0,0,0,639,359
5456,66614,66612604,11117,500,-1,-1,1,546,80.8,0,-1.0,0,0,0,639,359
5457,66625,66623706,11102,500,-1,-1,1,546,81.0,0,-1.0,0,0,0,639,359
5458,66636,66634817,11111,500,-1,-1,1,633,81.1,0,-1.0,0,0,0,639,359
5459,66647,66645929,11112,500,-1,-1,1,524,81.2,0,-1.0,0,0,0,639,359
5460,66658,66657032,11103,500,-1,-1,1,630,81.2,0,-1.0,0,0,0,639,359
5461,66669,66668146,11114,500,-1,-1,1,524,81.3,0,-1.0,0,0,0,639,359
5462,66680,66679249,11103,500,-1,-1,1,525,81.5,0,-1.0,0,0,0,639,359
5463,66691,66690359,11110,500,-1,-1,1,526,81.6,0,-1.0,0,0,0,639,359
5464,66702,66701466,11107,500,-1,-1,1,526,81.7,1,-1.0,0,0,0,639,359
5465,66713,66712580,11114,500,-1,-1,1,544,81.8,0,-1.0,0,0,0,639,359
5466,66725,66723685,11105,500,-1,-1,1,541,81.9,0,-1.0,0,0,0,639,359
5467,66736,66734796,11111,500,-1,-1,1,630,82.0,0,-1.0,0,0,0,639,359
5468,66747,66745910,11114,500,-1,-1,1,525,82.1,0,-1.0,0,0,0,639,359
5469,66758,66757018,11108,500,-1,-1,1,629,82.2,0,-1.0,0,0,0,639,359
5470,66776,66768127,11109,500,-1,-1,1,650,55.6,0,-1.0,0,0,0,639,359
5471,66780,66779224,11097,500,-1,-1,1,527,90.9,0,-1.0,0,0,0,639,359
5472,66791,66790343,11119,500,-1,-1,1,526,90.9,0,-1.0,0,0,0,639,359
5473,66802,66801450,11107,500,-1,-1,1,524,90.9,1,-1.0,0,0,0,639,359
5474,66813,66812568,11118,500,-1,-1,1,547,90.9,0,-1.0,0,0,0,639,359
5475,66824,66823671,11103,500,-1,-1,1,545,90.9,0,-1.0,0,0,0,639,359
5476,66836,66834783,11112,500,-1,-1,1,628,90.9,0,-1.0,0,0,0,639,359
5477,66847,66845891,11108,500,-1,-1,1,525,90.9,0,-1.0,0,0,0,639,359
5478,66858,66856998,11107,500,-1,-1,1,628,90.9,0,-1.0,0,0,0,639,359
5479,66869,66868109,11111,500,-1,-1,1,596,90.1,0,-1.0,0,0,0,639,359
5480,66880,66879217,11108,500,-1,-1,1,526,90.2,0,-1.0,0,0,0,639,359
5481,66891,66890325,11108,500,-1,-1,1,528,90.2,0,-1.0,0,0,0,639,359
5482,66902,66901436,11111,500,-1,-1,1,525,90.3,1,-1.0,0,0,0,639,359
5483,66913,66912542,11106,500,-1,-1,1,531,90.3,0,-1.0,0,0,0,639,359
5484,66925,66923653,11111,500,-1,-1,1,549,90.4,0,-1.0,0,0,0,639,359
5485,66936,66934764,11111,500,-1,-1,1,634,90.4,0,-1.0,0,0,0,639,359
5486,66947,66945876,11112,500,-1,-1,1,524,90.4,0,-1.0,0,0,0,639,359
5487,66958,66956983,11107,500,-1,-1,1,632,90.5,0,-1.0,0,0,0,639,359
5488,66969,66968092,11109,500,-1,-1,1,528,90.0,0,-1.0,0,0,0,639,359
5489,66980,66979200,11108,500,-1,-1,1,524,90.1,0,-1.0,0,0,0,639,359
5490,67087,66990306,11106,500,-1,-1,1,613,63.8,0,-1.0,0,0,0,639,359
5491,67088,67079166,88860,500,-1,-1,1,600,66.7,1,-1.0,0,0,0,639,359
5492,67091,67090287,11121,500,-1,-1,1,629,69.1,0,-1.0,0,0,0,639,359
5493,67102,67101408,11121,500,-1,-1,1,525,69.8,0,-1.0,0,0,0,639,359
5494,67113,67112508,11100,500,-1,-1,1,526,70.4,0,-1.0,0,0,0,639,359
5495,67124,67123619,11111,500,-1,-1,1,529,71.0,0,-1.0,0,0,0,639,359
5496,67136,67134727,11108,500,-1,-1,1,631,71.6,0,-1.0,0,0,0,639,359
5497,67147,67145841,11114,500,-1,-1,1,526,72.2,0,-1.0,0,0,0,639,359
5498,67158,67156947,11106,500,-1,-1,1,530,72.7,0,-1.0,0,0,0,639,359
5499,67169,67168058,11111,500,-1,-1,1,546,73.2,0,-1.0,0,0,0,639,359
5500,67180,67179167,11109,500,-1,-1,1,632,73.5,1,-1.0,0,0,0,639,359
5501,67191,67190278,11111,500,-1,-1,1,633,73.9,0,-1.0,0,0,0,639,359
5502,67202,67201385,11107,500,-1,-1,1,523,74.3,0,-1.0,0,0,0,639,359
5503,67213,67212492,11107,500,-1,-1,1,545,74.7,0,-1.0,0,0,0,639,359
5504,67224,67223604,11112,500,-1,-1,1,547,75.1,0,-1.0,0,0,0,639,359
5505,67236,67234713,11109,500,-1,-1,1,631,75.5,0,-1.0,0,0,0,639,359
5506,67247,67245826,11113,500,-1,-1,1,524,75.7,0,-1.0,0,0,0,639,359
5507,67258,67256933,11107,500,-1,-1,1,630,76.2,0,-1.0,0,0,0,639,359
5508,67269,67268043,11110,500,-1,-1,1,525,76.5,0,-1.0,0,0,0,639,359
5509,67280,67279150,11107,500,-1,-1,1,529,76.6,1,-1.0,0,0,0,639,359
5510,67291,67290263,11113,500,-1,-1,1,528,76.9,0,-1.0,0,0,0,639,359
5511,67302,67301372,11109,500,-1,-1,1,525,77.2,0,-1.0,0,0,0,639,359
5512,67313,67312479,11107,500,-1,-1,1,634,77.5,0,-1.0,0,0,0,639,359
5513,67325,67323589,11110,500,-1,-1,1,525,77.7,0,-1.0,0,0,0,639,359
5514,67336,67334696,11107,500,-1,-1,1,634,78.0,0,-1.0,0,0,0,639,359
5515,67347,67345808,11112,500,-1,-1,1,524,78.2,0,-1.0,0,0,0,639,359
5516,67358,67356914,11106,500,-1,-1,1,523,78.5,0,-1.0,0,0,0,639,359
5517,67369,67368021,11107,500,-1,-1,1,527,78.7,0,-1.0,0,0,0,639,359
5518,67380,67379132,11111,500,-1,-1,1,526,78.9,1,-1.0,0,0,0,639,359
5519,67391,67390245,11113,500,-1,-1,1,535,79.0,0,-1.0,0,0,0,639,359
5520,67402,67401351,11106,500,-1,-1,1,580,79.2,0,-1.0,0,0,0,639,359
5521,67413,67412462,11111,500,-1,-1,1,629,79.4,0,-1.0,0,0,0,639,359
5522,67424,67423569,11107,500,-1,-1,1,552,79.6,0,-1.0,0,0,0,639,359
5523,67435,67434681,11112,500,-1,-1,1,630,79.8,0,-1.0,0,0,0,639,359
5524,67447,67445790,11109,500,-1,-1,1,608,79.9,0,-1.0,0,0,0,639,359
5525,67458,67456898,11108,500,-1,-1,1,525,80.1,0,-1.0,0,0,0,639,359
5526,67469,67468004,11106,500,-1,-1,1,525,80.3,0,-1.0,0,0,0,639,359
5527,67480,67479116,11112,500,-1,-1,1,524,80.4,1,-1.0,0,0,0,639,359
5528,67491,67490228,11112,500,-1,-1,1,545,80.5,0,-1.0,0,0,0,639,359
5529,67502,67501333,11105,500,-1,-1,1,592,80.6,0,-1.0,0,0,0,639,359
5530,67513,67512443,11110,500,-1,-1,1,630,80.8,0,-1.0,0,0,0,639,359
5531,67524,67523555,11112,500,-1,-1,1,526,80.9,0,-1.0,0,0,0,639,359
5532,67535,67534660,11105,500,-1,-1,1,630,81.1,0,-1.0,0,0,0,639,359
5533,67547,67545771,11111,500,-1,-1,1,595,81.2,0,-1.0,0,0,0,639,359
5534,67558,67556881,11110,500,-1,-1,1,527,81.4,0,-1.0,0,0,0,639,359
5535,67569,67567985,11104,500,-1,-1,1,527,81.5,0,-1.0,0,0,0,639,359
5536,67580,67579096,11111,500,-1,-1,1,525,81.6,1,-1.0,0,0,0,639,359
5537,67591,67590212,11116,500,-1,-1,1,543,81.6,0,-1.0,0,0,0,639,359
5538,67602,67601318,11106,500,-1,-1,1,547,81.8,0,-1.0,0,0,0,639,359
5539,67613,67612426,11108,500,-1,-1,1,632,81.9,0,-1.0,0,0,0,639,359
5540,67624,67623535,11109,500,-1,-1,1,524,82.0,0,-1.0,0,0,0,639,359
5541,67636,67634642,11107,500,-1,-1,1,631,82.1,0,-1.0,0,0,0,639,359
5542,67647,67645756,11114,500,-1,-1,1,528,82.2,0,-1.0,0,0,0,639,359
5543,67658,67656862,11106,500,-1,-1,1,526,82.3,0,-1.0,0,0,0,639,359
5544,67669,67667969,11107,500,-1,-1,1,525,82.4,0,-1.0,0,0,0,639,359
5545,67680,67679078,11109,500,-1,-1,1,529,82.4,1,-1.0,0,0,0,639,359
5546,67691,67690191,11113,500,-1,-1,1,530,82.5,0,-1.0,0,0,0,639,359
5547,67702,67701303,11112,500,-1,-1,1,529,82.6,0,-1.0,0,0,0,639,359
5548,67713,67712406,11103,500,-1,-1,1,634,82.7,0,-1.0,0,0,0,639,359
5549,67725,67723520,11114,500,-1,-1,1,525,82.8,0,-1.0,0,0,0,639,359
5550,67735,67734625,11105,500,-1,-1,1,649,82.9,0,-1.0,0,0,0,639,359
5551,67747,67745745,11120,500,-1,-1,1,608,83.0,0,-1.0,0,0,0,639,359
5552,67758,67756845,11100,500,-1,-1,1,524,83.1,0,-1.0,0,0,0,639,359
5553,67769,67767958,11113,500,-1,-1,1,526,83.2,0,-1.0,0,0,0,639,359
5554,67784,67779066,11108,500,-1,-1,1,524,66.7,1,-1.0,0,0,0,639,359
5555,67791,67790177,11111,500,-1,-1,1,544,87.0,0,-1.0,0,0,0,639,359
5556,67802,67801281,11104,500,-1,-1,1,543,88.2,0,-1.0,0,0,0,639,359
5557,67813,67812394,11113,500,-1,-1,1,629,88.9,0,-1.0,0,0,0,639,359
5558,67824,67823505,11111,500,-1,-1,1,526,89.3,0,-1.0,0,0,0,639,359
5559,67835,67834611,11106,500,-1,-1,1,628,89.6,0,-1.0,0,0,0,639,359
5560,67847,67845719,11108,500,-1,-1,1,528,89.7,0,-1.0,0,0,0,639,359
5561,67858,67856829,11110,500,-1,-1,1,526,89.9,0,-1.0,0,0,0,639,359
5562,67869,67867934,11105,500,-1,-1,1,526,90.0,0,-1.0,0,0,0,639,359
5563,67880,67879045,11111,500,-1,-1,1,525,90.1,1,-1.0,0,0,0,639,359
5564,67891,67890162,11117,500,-1,-1,1,544,89.4,0,-1.0,0,0,0,639,359
5565,67902,67901269,11107,500,-1,-1,1,545,89.6,0,-1.0,0,0,0,639,359
5566,67913,67912375,11106,500,-1,-1,1,630,89.7,0,-1.0,0,0,0,639,359
5567,67924,67923489,11114,500,-1,-1,1,526,89.7,0,-1.0,0,0,0,639,359
5568,67935,67934592,11103,500,-1,-1,1,629,89.8,0,-1.0,0,0,0,639,359
5569,67947,67945702,11110,500,-1,-1,1,605,89.9,0,-1.0,0,0,0,639,359
5570,67958,67956807,11105,500,-1,-1,1,527,89.9,0,-1.0,0,0,0,639,359
5571,67969,67967921,11114,500,-1,-1,1,528,90.0,0,-1.0,0,0,0,639,359
5572,67980,67979031,11110,500,-1,-1,1,525,90.0,1,-1.0,0,0,0,639,359
5573,67991,67990146,11115,500,-1,-1,1,546,89.7,0,-1.0,0,0,0,639,359
5574,68002,68001246,11100,500,-1,-1,1,545,89.7,0,-1.0,0,0,0,639,359
5575,68013,68012360,11114,500,-1,-1,1,633,89.8,0,-1.0,0,0,0,639,359
5576,68024,68023470,11110,500,-1,-1,1,527,89.8,0,-1.0,0,0,0,639,359
5577,68036,68034575,11105,500,-1,-1,1,633,89.9,0,-1.0,0,0,0,639,359
5578,68047,68045684,11109,500,-1,-1,1,526,89.9,0,-1.0,0,0,0,639,359
5579,68058,68056795,11111,500,-1,-1,1,528,90.0,0,-1.0,0,0,0,639,359
5580,68165,68067902,11107,500,-1,-1,1,612,68.0,0,-1.0,0,0,0,639,359
5581,68166,68156761,88859,500,-1,-1,1,604,70.4,1,-1.0,0,0,0,639,359
5582,68169,68167882,11121,500,-1,-1,1,625,72.3,0,-1.0,0,0,0,639,359
5583,68180,68179002,11120,500,-1,-1,1,527,73.0,0,-1.0,0,0,0,639,359
5584,68191,68190104,11102,500,-1,-1,1,527,73.5,0,-1.0,0,0,0,639,359
5585,68202,68201213,11109,500,-1,-1,1,524,73.7,0,-1.0,0,0,0,639,359
5586,68213,68212325,11112,500,-1,-1,1,628,74.2,0,-1.0,0,0,0,639,359
5587,68224,68223439,11114,500,-1,-1,1,545,74.6,0,-1.0,0,0,0,639,359
5588,68235,68234543,11104,500,-1,-1,1,544,74.9,0,-1.0,0,0,0,639,359
5589,68247,68245654,11111,500,-1,-1,1,634,75.3,0,-1.0,0,0,0,639,359
5590,68258,68256765,11111,500,-1,-1,1,535,75.7,1,-1.0,0,0,0,639,359
5591,68269,68267871,11106,500,-1,-1,1,632,76.0,0,-1.0,0,0,0,639,359
5592,68280,68278979,11108,500,-1,-1,1,528,76.3,0,-1.0,0,0,0,639,359
5593,68291,68290085,11106,500,-1,-1,1,545,76.6,0,-1.0,0,0,0,639,359
5594,68303,68301197,11112,500,-1,-1,1,550,76.8,0,-1.0,0,0,0,639,359
5595,68313,68312308,11111,500,-1,-1,1,632,77.1,0,-1.0,0,0,0,639,359
5596,68325,68323417,11109,500,-1,-1,1,525,77.3,0,-1.0,0,0,0,639,359
5597,68335,68334528,11111,500,-1,-1,1,631,77.6,0,-1.0,0,0,0,639,359
5598,68347,68345635,11107,500,-1,-1,1,525,77.9,0,-1.0,0,0,0,639,359
5599,68358,68356742,11107,500,-1,-1,1,527,78.1,1,-1.0,0,0,0,639,359
5600,68369,68367857,11115,500,-1,-1,1,546,78.3,0,-1.0,0,0,0,639,359
5601,68380,68378962,11105,500,-1,-1,1,550,78.6,0,-1.0,0,0,0,639,359
5602,68391,68390073,11111,500,-1,-1,1,631,78.7,0,-1.0,0,0,0,639,359
5603,68402,68401179,11106,500,-1,-1,1,555,78.9,0,-1.0,0,0,0,639,359
5604,68413,68412295,11116,500,-1,-1,1,633,79.1,0,-1.0,0,0,0,639,359
5605,68424,68423400,11105,500,-1,-1,1,528,79.3,0,-1.0,0,0,0,639,359
5606,68435,68434510,11110,500,-1,-1,1,527,79.5,0,-1.0,0,0,0,639,359
5607,68446,68445614,11104,500,-1,-1,1,524,79.6,0,-1.0,0,0,0,639,359
5608,68458,68456726,11112,500,-1,-1,1,528,79.8,1,-1.0,0,0,0,639,359
5609,68469,68467839,11113,500,-1,-1,1,530,80.0,0,-1.0,0,0,0,639,359
5610,68480,68478948,11109,500,-1,-1,1,547,80.2,0,-1.0,0,0,0,639,359
5611,68491,68490054,11106,500,-1,-1,1,632,80.2,0,-1.0,0,0,0,639,359
5612,68502,68501166,11112,500,-1,-1,1,525,80.4,0,-1.0,0,0,0,639,359
5613,68513,68512274,11108,500,-1,-1,1,630,80.5,0,-1.0,0,0,0,639,359
5614,68524,68523383,11109,500,-1,-1,1,526,80.7,0,-1.0,0,0,0,639,359
5615,68535,68534491,11108,500,-1,-1,1,525,80.8,0,-1.0,0,0,0,639,359
5616,68546,68545601,11110,500,-1,-1,1,526,81.0,0,-1.0,0,0,0,639,359
5617,68558,68556706,11105,500,-1,-1,1,524,81.1,1,-1.0,0,0,0,639,359
5618,68569,68567821,11115,500,-1,-1,1,536,81.2,0,-1.0,0,0,0,639,359
5619,68580,68578927,11106,500,-1,-1,1,538,81.4,0,-1.0,0,0,0,639,359
5620,68591,68590038,11111,500,-1,-1,1,632,81.4,0,-1.0,0,0,0,639,359
5621,68602,68601148,11110,500,-1,-1,1,525,81.6,0,-1.0,0,0,0,639,359
5622,68613,68612259,11111,500,-1,-1,1,635,81.7,0,-1.0,0,0,0,639,359
5623,68624,68623368,11109,500,-1,-1,1,526,81.8,0,-1.0,0,0,0,639,359
5624,68635,68634473,11105,500,-1,-1,1,524,81.9,0,-1.0,0,0,0,639,359
5625,68646,68645581,11108,500,-1,-1,1,526,82.0,0,-1.0,0,0,0,639,359
5626,68658,68656693,11112,500,-1,-1,1,531,82.1,1,-1.0,0,0,0,639,359
5627,68669,68667805,11112,500,-1,-1,1,544,82.2,0,-1.0,0,0,0,639,359
5628,68680,68678915,11110,500,-1,-1,1,547,82.3,0,-1.0,0,0,0,639,359
5629,68691,68690019,11104,500,-1,-1,1,642,82.3,0,-1.0,0,0,0,639,359
5630,68702,68701137,11118,500,-1,-1,1,551,82.4,0,-1.0,0,0,0,639,359
5631,68713,68712242,11105,500,-1,-1,1,633,82.5,0,-1.0,0,0,0,639,359
5632,68725,68723348,11106,500,-1,-1,1,525,82.6,0,-1.0,0,0,0,639,359
5633,68735,68734455,11107,500,-1,-1,1,526,82.7,0,-1.0,0,0,0,639,359
5634,68747,68745564,11109,500,-1,-1,1,525,82.8,0,-1.0,0,0,0,639,359
5635,68757,68756672,11108,500,-1,-1,1,525,82.9,1,-1.0,0,0,0,639,359
5636,68769,68767792,11120,500,-1,-1,1,545,83.0,0,-1.0,0,0,0,639,359
5637,68830,68823319,55527,500,-1,-1,1,530,16.1,0,-1.0,0,0,0,639,359
5638,68835,68834445,11126,500,-1,-1,1,527,29.9,0,-1.0,0,0,0,639,359
5639,68846,68845546,11101,500,-1,-1,1,525,38.5,0,-1.0,0,0,0,639,359
5640,68857,68856658,11112,500,-1,-1,1,525,44.9,0,-1.0,0,0,0,639,359
5641,68869,68867763,11105,500,-1,-1,1,524,50.0,0,-1.0,0,0,0,639,359
5642,68880,68878875,11112,500,-1,-1,1,526,54.1,0,-1.0,0,0,0,639,359
5643,68891,68889986,11111,500,-1,-1,1,525,57.4,0,-1.0,0,0,0,639,359
5644,68902,68901098,11112,500,-1,-1,1,524,60.2,1,-1.0,0,0,0,639,359
5645,68913,68912210,11112,500,-1,-1,1,547,62.1,0,-1.0,0,0,0,639,359
5646,68924,68923314,11104,500,-1,-1,1,548,64.1,0,-1.0,0,0,0,639,359
5647,68935,68934422,11108,500,-1,-1,1,631,65.9,0,-1.0,0,0,0,639,359
5648,68946,68945536,11114,500,-1,-1,1,553,67.4,0,-1.0,0,0,0,639,359
5649,68957,68956642,11106,500,-1,-1,1,629,68.8,0,-1.0,0,0,0,639,359
5650,68969,68967754,11112,500,-1,-1,1,526,69.7,0,-1.0,0,0,0,639,359
5651,68980,68978859,11105,500,-1,-1,1,528,71.1,0,-1.0,0,0,0,639,359
5652,68991,68989966,11107,500,-1,-1,1,525,72.1,0,-1.0,0,0,0,639,359
5653,69002,69001077,11111,500,-1,-1,1,526,73.0,1,-1.0,0,0,0,639,359
5654,69013,69012192,11115,500,-1,-1,1,547,73.5,0,-1.0,0,0,0,639,359
5655,69024,69023298,11106,500,-1,-1,1,545,74.2,0,-1.0,0,0,0,639,359
5656,69035,69034409,11111,500,-1,-1,1,632,74.9,0,-1.0,0,0,0,639,359
5657,69046,69045516,11107,500,-1,-1,1,556,75.5,0,-1.0,0,0,0,639,359
5658,69058,69056625,11109,500,-1,-1,1,633,76.1,0,-1.0,0,0,0,639,359
5659,69068,69067733,11108,500,-1,-1,1,526,76.7,0,-1.0,0,0,0,639,359
5660,69080,69078845,11112,500,-1,-1,1,526,77.2,0,-1.0,0,0,0,639,359
5661,69091,69089946,11101,500,-1,-1,1,528,77.6,0,-1.0,0,0,0,639,359
5662,69102,69101063,11117,500,-1,-1,1,525,77.8,1,-1.0,0,0,0,639,359
5663,69113,69112173,11110,500,-1,-1,1,547,78.3,0,-1.0,0,0,0,639,359
5664,69124,69123280,11107,500,-1,-1,1,544,78.7,0,-1.0,0,0,0,639,359
5665,69135,69134388,11108,500,-1,-1,1,629,79.0,0,-1.0,0,0,0,639,359
5666,69146,69145505,11117,500,-1,-1,1,556,79.4,0,-1.0,0,0,0,639,359
5667,69157,69156607,11102,500,-1,-1,1,635,79.7,0,-1.0,0,0,0,639,359
5668,69169,69167723,11116,500,-1,-1,1,525,80.0,0,-1.0,0,0,0,639,359
5669,69180,69178822,11099,500,-1,-1,1,529,80.3,0,-1.0,0,0,0,639,359
5670,69288,69189937,11115,500,-1,-1,1,611,65.5,0,-1.0,0,0,0,639,359
5671,69288,69278790,88853,500,-1,-1,1,2208,67.0,1,-1.0,0,0,0,639,359
5672,69291,69289912,11122,500,-1,-1,1,607,68.8,0,-1.0,0,0,0,639,359
5673,69302,69301029,11117,500,-1,-1,1,526,69.4,0,-1.0,0,0,0,639,359
5674,69313,69312135,11106,500,-1,-1,1,528,69.9,0,-1.0,0,0,0,639,359
5675,69324,69323243,11108,500,-1,-1,1,526,70.1,0,-1.0,0,0,0,639,359
5676,69335,69334353,11110,500,-1,-1,1,633,70.5,0,-1.0,0,0,0,639,359
5677,69346,69345469,11116,500,-1,-1,1,530,70.9,0,-1.0,0,0,0,639,359
5678,69357,69356572,11103,500,-1,-1,1,529,71.3,0,-1.0,0,0,0,639,359
5679,69369,69367682,11110,500,-1,-1,1,634,71.7,0,-1.0,0,0,0,639,359
5680,69380,69378795,11113,500,-1,-1,1,589,72.0,1,-1.0,0,0,0,639,359
5681,69391,69389903,11108,500,-1,-1,1,624,72.3,0,-1.0,0,0,0,639,359
5682,69402,69401013,11110,500,-1,-1,1,527,72.7,0,-1.0,0,0,0,639,359
5683,69413,69412122,11109,500,-1,-1,1,546,72.9,0,-1.0,0,0,0,639,359
5684,69424,69423231,11109,500,-1,-1,1,551,73.2,0,-1.0,0,0,0,639,359
5685,69435,69434340,11109,500,-1,-1,1,633,73.5,0,-1.0,0,0,0,639,359
5686,69446,69445448,11108,500,-1,-1,1,632,73.7,0,-1.0,0,0,0,639,359
5687,69458,69456558,11110,500,-1,-1,1,555,74.0,0,-1.0,0,0,0,639,359
5688,69468,69467664,11106,500,-1,-1,1,527,74.3,0,-1.0,0,0,0,639,359
5689,69480,69478770,11106,500,-1,-1,1,529,74.5,1,-1.0,0,0,0,639,359
5690,69491,69489890,11120,500,-1,-1,1,531,74.8,0,-1.0,0,0,0,639,359
5691,69502,69500996,11106,500,-1,-1,1,544,74.9,0,-1.0,0,0,0,639,359
5692,69513,69512100,11104,500,-1,-1,1,525,75.2,0,-1.0,0,0,0,639,359
5693,69524,69523212,11112,500,-1,-1,1,630,75.4,0,-1.0,0,0,0,639,359
5694,69535,69534327,11115,500,-1,-1,1,631,75.6,0,-1.0,0,0,0,639,359
5695,69546,69545435,11108,500,-1,-1,1,526,75.8,0,-1.0,0,0,0,639,359
5696,69557,69556537,11102,500,-1,-1,1,525,76.0,0,-1.0,0,0,0,639,359
5697,69568,69567648,11111,500,-1,-1,1,524,76.2,0,-1.0,0,0,0,639,359
5698,69580,69578751,11103,500,-1,-1,1,526,76.4,1,-1.0,0,0,0,639,359
5699,69591,69589871,11120,500,-1,-1,1,534,76.6,0,-1.0,0,0,0,639,359
5700,69602,69600978,11107,500,-1,-1,1,535,76.8,0,-1.0,0,0,0,639,359
5701,69613,69612084,11106,500,-1,-1,1,527,76.9,0,-1.0,0,0,0,639,359
5702,69624,69623195,11111,500,-1,-1,1,629,77.1,0,-1.0,0,0,0,639,359
5703,69635,69634305,11110,500,-1,-1,1,630,77.3,0,-1.0,0,0,0,639,359
5704,69646,69645412,11107,500,-1,-1,1,526,77.4,0,-1.0,0,0,0,639,359
5705,69657,69656521,11109,500,-1,-1,1,527,77.6,0,-1.0,0,0,0,639,359
5706,69668,69667628,11107,500,-1,-1,1,527,77.8,0,-1.0,0,0,0,639,359
5707,69680,69678741,11113,500,-1,-1,1,526,77.9,1,-1.0,0,0,0,639,359
5708,69691,69689852,11111,500,-1,-1,1,544,78.1,0,-1.0,0,0,0,639,359
5709,69702,69700959,11107,500,-1,-1,1,545,78.2,0,-1.0,0,0,0,639,359
5710,69713,69712070,11111,500,-1,-1,1,634,78.3,0,-1.0,0,0,0,639,359
5711,69724,69723182,11112,500,-1,-1,1,556,78.5,0,-1.0,0,0,0,639,359
5712,69735,69734286,11104,500,-1,-1,1,632,78.6,0,-1.0,0,0,0,639,359
5713,69746,69745399,11113,500,-1,-1,1,524,78.7,0,-1.0,0,0,0,639,359
5714,69757,69756501,11102,500,-1,-1,1,527,78.9,0,-1.0,0,0,0,639,359
5715,69769,69767617,11116,500,-1,-1,1,530,79.0,0,-1.0,0,0,0,639,359
5716,69783,69778721,11104,500,-1,-1,1,525,66.7,1,-1.0,0,0,0,639,359
5717,69791,69789839,11118,500,-1,-1,1,531,90.9,0,-1.0,0,0,0,639,359
5718,69802,69800943,11104,500,-1,-1,1,531,90.9,0,-1.0,0,0,0,639,359
5719,69813,69812050,11107,500,-1,-1,1,633,88.9,0,-1.0,0,0,0,639,359
5720,69824,69823162,11112,500,-1,-1,1,590,89.3,0,-1.0,0,0,0,639,359
5721,69835,69834272,11110,500,-1,-1,1,634,89.6,0,-1.0,0,0,0,639,359
5722,69846,69845380,11108,500,-1,-1,1,595,89.7,0,-1.0,0,0,0,639,359
5723,69857,69856490,11110,500,-1,-1,1,525,89.9,0,-1.0,0,0,0,639,359
5724,69868,69867596,11106,500,-1,-1,1,525,90.0,0,-1.0,0,0,0,639,359
5725,69880,69878707,11111,500,-1,-1,1,525,90.1,1,-1.0,0,0,0,639,359
5726,69891,69889818,11111,500,-1,-1,1,548,90.2,0,-1.0,0,0,0,639,359
5727,69902,69900925,11107,500,-1,-1,1,537,90.2,0,-1.0,0,0,0,639,359
5728,69913,69912075,11150,500,-1,-1,1,526,89.7,0,-1.0,0,0,0,639,359
5729,69924,69923146,11071,500,-1,-1,1,626,89.7,0,-1.0,0,0,0,639,359
5730,69935,69934256,11110,500,-1,-1,1,631,89.8,0,-1.0,0,0,0,639,359
5731,69946,69945362,11106,500,-1,-1,1,529,89.9,0,-1.0,0,0,0,639,359
5732,69957,69956472,11110,500,-1,-1,1,525,89.9,0,-1.0,0,0,0,639,359
5733,69968,69967583,11111,500,-1,-1,1,526,90.0,0,-1.0,0,0,0,639,359
5734,69980,69978687,11104,500,-1,-1,1,525,90.0,1,-1.0,0,0,0,639,359
5735,69991,69989804,11117,500,-1,-1,1,548,90.1,0,-1.0,0,0,0,639,359
5736,70002,70000909,11105,500,-1,-1,1,543,90.1,0,-1.0,0,0,0,639,359
5737,70013,70012021,11112,500,-1,-1,1,527,90.2,0,-1.0,0,0,0,639,359
5738,70024,70023127,11106,500,-1,-1,1,627,89.8,0,-1.0,0,0,0,639,359
5739,70035,70034236,11109,500,-1,-1,1,637,89.9,0,-1.0,0,0,0,639,359
5740,70047,70045349,11113,500,-1,-1,1,526,89.9,0,-1.0,0,0,0,639,359
5741,70057,70056456,11107,500,-1,-1,1,527,90.0,0,-1.0,0,0,0,639,359
5742,70068,70067558,11102,500,-1,-1,1,533,90.0,0,-1.0,0,0,0,639,359
5743,70080,70078672,11114,500,-1,-1,1,526,90.0,1,-1.0,0,0,0,639,359
5744,70091,70089784,11112,500,-1,-1,1,526,90.1,0,-1.0,0,0,0,639,359
5745,70102,70100893,11109,500,-1,-1,1,543,90.1,0,-1.0,0,0,0,639,359
5746,70113,70112004,11111,500,-1,-1,1,632,89.9,0,-1.0,0,0,0,639,359
5747,70124,70123113,11109,500,-1,-1,1,555,89.9,0,-1.0,0,0,0,639,359
5748,70135,70134214,11101,500,-1,-1,1,634,89.9,0,-1.0,0,0,0,639,359
5749,70146,70145329,11115,500,-1,-1,1,527,89.9,0,-1.0,0,0,0,639,359
5750,70157,70156439,11110,500,-1,-1,1,524,90.0,0,-1.0,0,0,0,639,359
5751,70168,70167545,11106,500,-1,-1,1,527,90.0,0,-1.0,0,0,0,639,359
5752,70179,70178657,11112,500,-1,-1,1,526,90.0,1,-1.0,0,0,0,639,359
5753,70191,70189767,11110,500,-1,-1,1,536,90.0,0,-1.0,0,0,0,639,359
5754,70202,70200873,11106,500,-1,-1,1,532,90.1,0,-1.0,0,0,0,639,359
5755,70213,70211985,11112,500,-1,-1,1,634,89.9,0,-1.0,0,0,0,639,359
5756,70224,70223092,11107,500,-1,-1,1,591,89.9,0,-1.0,0,0,0,639,359
5757,70235,70234202,11110,500,-1,-1,1,635,89.9,0,-1.0,0,0,0,639,359
5758,70246,70245310,11108,500,-1,-1,1,525,90.0,0,-1.0,0,0,0,639,359
5759,70257,70256422,11112,500,-1,-1,1,529,90.0,0,-1.0,0,0,0,639,359
5760,70366,70267527,11105,500,-1,-1,1,2199,75.1,0,-1.0,0,0,0,639,359
5761,70369,70367522,99995,500,-1,-1,1,600,76.7,1,-1.0,0,0,0,639,359
5762,70379,70378625,11103,500,-1,-1,1,525,76.9,0,-1.0,0,0,0,639,359
5763,70391,70389730,11105,500,-1,-1,1,525,77.2,0,-1.0,0,0,0,639,359
5764,70402,70400837,11107,500,-1,-1,1,527,77.4,0,-1.0,0,0,0,639,359
5765,70413,70411952,11115,500,-1,-1,1,634,77.6,0,-1.0,0,0,0,639,359
5766,70424,70423056,11104,500,-1,-1,1,525,77.9,0,-1.0,0,0,0,639,359
5767,70435,70434165,11109,500,-1,-1,1,529,78.0,0,-1.0,0,0,0,639,359
5768,70446,70445273,11108,500,-1,-1,1,531,78.2,0,-1.0,0,0,0,639,359
5769,70457,70456388,11115,500,-1,-1,1,629,78.4,0,-1.0,0,0,0,639,359
5770,70468,70467491,11103,500,-1,-1,1,635,78.6,1,-1.0,0,0,0,639,359
5771,70480,70478608,11117,500,-1,-1,1,589,78.8,0,-1.0,0,0,0,639,359
5772,70491,70489714,11106,500,-1,-1,1,546,78.9,0,-1.0,0,0,0,639,359
5773,70502,70500829,11115,500,-1,-1,1,546,79.1,0,-1.0,0,0,0,639,359
5774,70513,70511934,11105,500,-1,-1,1,633,79.3,0,-1.0,0,0,0,639,359
5775,70524,70523046,11112,500,-1,-1,1,526,79.4,0,-1.0,0,0,0,639,359
5776,70535,70534148,11102,500,-1,-1,1,628,79.5,0,-1.0,0,0,0,639,359
5777,70546,70545263,11115,500,-1,-1,1,526,79.7,0,-1.0,0,0,0,639,359
5778,70557,70556367,11104,500,-1,-1,1,526,79.8,0,-1.0,0,0,0,639,359
5779,70568,70567477,11110,500,-1,-1,1,525,80.0,1,-1.0,0,0,0,639,359
5780,70579,70578590,11113,500,-1,-1,1,528,80.1,0,-1.0,0,0,0,639,359
5781,70591,70589700,11110,500,-1,-1,1,545,80.3,0,-1.0,0,0,0,639,359
5782,70602,70600804,11104,500,-1,-1,1,525,80.4,0,-1.0,0,0,0,639,359
5783,70613,70611919,11115,500,-1,-1,1,629,80.5,0,-1.0,0,0,0,639,359
5784,70624,70623024,11105,500,-1,-1,1,608,80.6,0,-1.0,0,0,0,639,359
5785,70635,70634138,11114,500,-1,-1,1,610,80.7,0,-1.0,0,0,0,639,359
5786,70646,70645244,11106,500,-1,-1,1,525,80.9,0,-1.0,0,0,0,639,359
5787,70657,70656351,11107,500,-1,-1,1,528,81.0,0,-1.0,0,0,0,639,359
5788,70668,70667459,11108,500,-1,-1,1,532,81.1,1,-1.0,0,0,0,639,359
5789,70679,70678574,11115,500,-1,-1,1,550,81.2,0,-1.0,0,0,0,639,359
5790,70690,70689680,11106,500,-1,-1,1,535,81.3,0,-1.0,0,0,0,639,359
5791,70702,70700792,11112,500,-1,-1,1,526,81.5,0,-1.0,0,0,0,639,359
5792,70713,70711899,11107,500,-1,-1,1,632,81.6,0,-1.0,0,0,0,639,359
5793,70724,70723008,11109,500,-1,-1,1,630,81.7,0,-1.0,0,0,0,639,359
5794,70735,70734115,11107,500,-1,-1,1,527,81.7,0,-1.0,0,0,0,639,359
5795,70746,70745228,11113,500,-1,-1,1,525,81.8,0,-1.0,0,0,0,639,359
5796,70757,70756337,11109,500,-1,-1,1,525,81.9,0,-1.0,0,0,0,639,359
5797,70768,70767445,11108,500,-1,-1,1,524,82.0,1,-1.0,0,0,0,639,359
5798,70841,70834090,66645,500,-1,-1,1,528,13.9,0,-1.0,0,0,0,639,359
5799,70846,70845212,11122,500,-1,-1,1,527,25.6,0,-1.0,0,0,0,639,359
5800,70857,70856321,11109,500,-1,-1,1,526,33.7,0,-1.0,0,0,0,639,359
5801,70868,70867425,11104,500,-1,-1,1,528,40.0,0,-1.0,0,0,0,639,359
5802,70880,70878534,11109,500,-1,-1,1,526,45.0,0,-1.0,0,0,0,639,359
5803,70890,70889646,11112,500,-1,-1,1,527,49.2,0,-1.0,0,0,0,639,359
5804,70902,70900759,11113,500,-1,-1,1,524,52.6,0,-1.0,0,0,0,639,359
5805,70913,70911862,11103,500,-1,-1,1,525,55.6,0,-1.0,0,0,0,639,359
5806,70924,70922976,11114,500,-1,-1,1,527,58.1,1,-1.0,0,0,0,639,359
5807,70935,70934085,11109,500,-1,-1,1,545,60.2,0,-1.0,0,0,0,639,359
5808,70946,70945192,11107,500,-1,-1,1,540,61.8,0,-1.0,0,0,0,639,359
5809,70957,70956300,11108,500,-1,-1,1,525,63.5,0,-1.0,0,0,0,639,359
5810,70968,70967411,11111,500,-1,-1,1,628,65.0,0,-1.0,0,0,0,639,359
5811,70979,70978517,11106,500,-1,-1,1,632,66.4,0,-1.0,0,0,0,639,359
5812,70990,70989632,11115,500,-1,-1,1,527,67.6,0,-1.0,0,0,0,639,359
5813,71002,71000738,11106,500,-1,-1,1,526,68.7,0,-1.0,0,0,0,639,359
5814,71013,71011845,11107,500,-1,-1,1,529,69.7,0,-1.0,0,0,0,639,359
5815,71024,71022956,11111,500,-1,-1,1,523,70.6,1,-1.0,0,0,0,639,359
5816,71035,71034067,11111,500,-1,-1,1,549,71.4,0,-1.0,0,0,0,639,359
5817,71046,71045174,11107,500,-1,-1,1,545,71.9,0,-1.0,0,0,0,639,359
5818,71057,71056283,11109,500,-1,-1,1,525,72.7,0,-1.0,0,0,0,639,359
5819,71068,71067394,11111,500,-1,-1,1,627,73.3,0,-1.0,0,0,0,639,359
5820,71079,71078502,11108,500,-1,-1,1,632,74.0,0,-1.0,0,0,0,639,359
5821,71091,71089612,11110,500,-1,-1,1,526,74.5,0,-1.0,0,0,0,639,359
5822,71102,71100723,11111,500,-1,-1,1,525,75.1,0,-1.0,0,0,0,639,359
5823,71113,71111826,11103,500,-1,-1,1,526,75.6,0,-1.0,0,0,0,639,359
5824,71124,71122938,11112,500,-1,-1,1,526,76.1,1,-1.0,0,0,0,639,359
5825,71135,71134050,11112,500,-1,-1,1,546,76.5,0,-1.0,0,0,0,639,359
5826,71146,71145158,11108,500,-1,-1,1,543,76.7,0,-1.0,0,0,0,639,359
5827,71157,71156267,11109,500,-1,-1,1,525,77.1,0,-1.0,0,0,0,639,359
5828,71168,71167381,11114,500,-1,-1,1,626,77.5,0,-1.0,0,0,0,639,359
5829,71179,71178482,11101,500,-1,-1,1,628,77.9,0,-1.0,0,0,0,639,359
5830,71191,71189595,11113,500,-1,-1,1,526,78.2,0,-1.0,0,0,0,639,359
5831,71202,71200702,11107,500,-1,-1,1,526,78.5,0,-1.0,0,0,0,639,359
5832,71213,71211813,11111,500,-1,-1,1,527,78.8,0,-1.0,0,0,0,639,359
5833,71224,71222919,11106,500,-1,-1,1,528,79.1,1,-1.0,0,0,0,639,359
5834,71235,71234035,11116,500,-1,-1,1,546,79.2,0,-1.0,0,0,0,639,359
5835,71246,71245139,11104,500,-1,-1,1,545,79.5,0,-1.0,0,0,0,639,359
5836,71257,71256252,11113,500,-1,-1,1,525,79.8,0,-1.0,0,0,0,639,359
5837,71268,71267361,11109,500,-1,-1,1,628,80.0,0,-1.0,0,0,0,639,359
5838,71279,71278469,11108,500,-1,-1,1,633,80.2,0,-1.0,0,0,0,639,359
5839,71291,71289578,11109,500,-1,-1,1,525,80.5,0,-1.0,0,0,0,639,359
5840,71301,71300686,11108,500,-1,-1,1,527,80.7,0,-1.0,0,0,0,639,359
5841,71313,71311793,11107,500,-1,-1,1,525,80.9,0,-1.0,0,0,0,639,359
5842,71324,71322904,11111,500,-1,-1,1,527,81.1,1,-1.0,0,0,0,639,359
5843,71335,71334017,11113,500,-1,-1,1,529,81.3,0,-1.0,0,0,0,639,359
5844,71346,71345123,11106,500,-1,-1,1,545,81.5,0,-1.0,0,0,0,639,359
5845,71357,71356232,11109,500,-1,-1,1,525,81.5,0,-1.0,0,0,0,639,359
5846,71368,71367343,11111,500,-1,-1,1,633,81.7,0,-1.0,0,0,0,639,359
5847,71379,71378453,11110,500,-1,-1,1,636,81.8,0,-1.0,0,0,0,639,359
5848,71391,71389564,11111,500,-1,-1,1,528,82.0,0,-1.0,0,0,0,639,359
5849,71401,71400666,11102,500,-1,-1,1,527,82.1,0,-1.0,0,0,0,639,359
5850,71543,71411780,11114,500,-1,-1,1,528,68.4,0,-1.0,0,0,0,639,359
5851,71544,71533959,122179,500,-1,-1,1,2607,69.4,1,-1.0,0,0,0,639,359
5852,71548,71545075,11116,500,-1,-1,1,523,70.6,0,-1.0,0,0,0,639,359
5853,71557,71556199,11124,500,-1,-1,1,635,71.0,0,-1.0,0,0,0,639,359
5854,71568,71567312,11113,500,-1,-1,1,541,71.2,0,-1.0,0,0,0,639,359
5855,71579,71578418,11106,500,-1,-1,1,534,71.5,0,-1.0,0,0,0,639,359
5856,71591,71589528,11110,500,-1,-1,1,569,71.8,0,-1.0,0,0,0,639,359
5857,71601,71600639,11111,500,-1,-1,1,626,72.0,0,-1.0,0,0,0,639,359
5858,71613,71611747,11108,500,-1,-1,1,636,72.3,0,-1.0,0,0,0,639,359
5859,71624,71622859,11112,500,-1,-1,1,527,72.5,0,-1.0,0,0,0,639,359
5860,71635,71633966,11107,500,-1,-1,1,524,72.7,1,-1.0,0,0,0,639,359
5861,71646,71645078,11112,500,-1,-1,1,545,73.0,0,-1.0,0,0,0,639,359
5862,71657,71656183,11105,500,-1,-1,1,545,73.1,0,-1.0,0,0,0,639,359
5863,71668,71667294,11111,500,-1,-1,1,633,73.3,0,-1.0,0,0,0,639,359
5864,71679,71678407,11113,500,-1,-1,1,526,73.5,0,-1.0,0,0,0,639,359
5865,71690,71689509,11102,500,-1,-1,1,635,73.8,0,-1.0,0,0,0,639,359
5866,71701,71700620,11111,500,-1,-1,1,528,74.0,0,-1.0,0,0,0,639,359
5867,71713,71711725,11105,500,-1,-1,1,524,74.2,0,-1.0,0,0,0,639,359
5868,71724,71722834,11109,500,-1,-1,1,526,74.3,0,-1.0,0,0,0,639,359
5869,71735,71733943,11109,500,-1,-1,1,526,74.5,1,-1.0,0,0,0,639,359
5870,71746,71745060,11117,500,-1,-1,1,546,74.7,0,-1.0,0,0,0,639,359
5871,71757,71756166,11106,500,-1,-1,1,545,74.8,0,-1.0,0,0,0,639,359
5872,71768,71767278,11112,500,-1,-1,1,526,75.0,0,-1.0,0,0,0,639,359
5873,71810,71800591,33313,500,-1,-1,1,754,23.8,0,-1.0,0,0,0,639,359
5874,71813,71811859,11268,500,-1,-1,1,525,45.5,0,-1.0,0,0,0,639,359
5875,71824,71822818,10959,500,-1,-1,1,527,54.5,0,-1.0,0,0,0,639,359
5876,71835,71833929,11111,500,-1,-1,1,528,60.6,0,-1.0,0,0,0,639,359
5877,71846,71845037,11108,500,-1,-1,1,526,64.9,0,-1.0,0,0,0,639,359
5878,71857,71856146,11109,500,-1,-1,1,525,67.4,1,-1.0,0,0,0,639,359
5879,71868,71867258,11112,500,-1,-1,1,528,70.0,0,-1.0,0,0,0,639,359
5880,71879,71878371,11113,500,-1,-1,1,544,72.1,0,-1.0,0,0,0,639,359
5881,71891,71889479,11108,500,-1,-1,1,525,73.8,0,-1.0,0,0,0,639,359
5882,71902,71900589,11110,500,-1,-1,1,627,75.2,0,-1.0,0,0,0,639,359
5883,71913,71911697,11108,500,-1,-1,1,631,76.4,0,-1.0,0,0,0,639,359
5884,71924,71922806,11109,500,-1,-1,1,526,77.4,0,-1.0,0,0,0,639,359
5885,71935,71933914,11108,500,-1,-1,1,525,78.3,0,-1.0,0,0,0,639,359
5886,71946,71945017,11103,500,-1,-1,1,527,78.7,0,-1.0,0,0,0,639,359
5887,71957,71956128,11111,500,-1,-1,1,526,79.8,1,-1.0,0,0,0,639,359
5888,71968,71967243,11115,500,-1,-1,1,537,80.0,0,-1.0,0,0,0,639,359
5889,71979,71978348,11105,500,-1,-1,1,530,80.6,0,-1.0,0,0,0,639,359
5890,71991,71989458,11110,500,-1,-1,1,524,81.1,0,-1.0,0,0,0,639,359
5891,72001,72000570,11112,500,-1,-1,1,635,81.5,0,-1.0,0,0,0,639,359
5892,72013,72011825,11255,500,-1,-1,1,632,82.0,0,-1.0,0,0,0,639,359
5893,72024,72022786,10961,500,-1,-1,1,631,82.4,0,-1.0,0,0,0,639,359
5894,72035,72033897,11111,500,-1,-1,1,525,82.7,0,-1.0,0,0,0,639,359
5895,72046,72045003,11106,500,-1,-1,1,525,83.0,0,-1.0,0,0,0,639,359
5896,72057,72056113,11110,500,-1,-1,1,524,83.3,1,-1.0,0,0,0,639,359
5897,72068,72067223,11110,500,-1,-1,1,545,83.3,0,-1.0,0,0,0,639,359
5898,72079,72078335,11112,500,-1,-1,1,532,83.6,0,-1.0,0,0,0,639,359
5899,72091,72089441,11106,500,-1,-1,1,524,83.9,0,-1.0,0,0,0,639,359
5900,72101,72100554,11113,500,-1,-1,1,607,84.1,0,-1.0,0,0,0,639,359
5901,72113,72111662,11108,500,-1,-1,1,641,84.3,0,-1.0,0,0,0,639,359
5902,72124,72122770,11108,500,-1,-1,1,527,84.3,0,-1.0,0,0,0,639,359
5903,72135,72133880,11110,500,-1,-1,1,524,84.7,0,-1.0,0,0,0,639,359
5904,72146,72144986,11106,500,-1,-1,1,526,84.9,0,-1.0,0,0,0,639,359
5905,72157,72156098,11112,500,-1,-1,1,524,85.1,1,-1.0,0,0,0,639,359
5906,72168,72167211,11113,500,-1,-1,1,547,85.0,0,-1.0,0,0,0,639,359
5907,72179,72178313,11102,500,-1,-1,1,545,85.2,0,-1.0,0,0,0,639,359
5908,72191,72189428,11115,500,-1,-1,1,524,85.3,0,-1.0,0,0,0,639,359
5909,72201,72200536,11108,500,-1,-1,1,607,85.5,0,-1.0,0,0,0,639,359
5910,72213,72211642,11106,500,-1,-1,1,650,85.6,0,-1.0,0,0,0,639,359
5911,72224,72222752,11110,500,-1,-1,1,526,85.7,0,-1.0,0,0,0,639,359
5912,72235,72233860,11108,500,-1,-1,1,527,85.8,0,-1.0,0,0,0,639,359
5913,72246,72244966,11106,500,-1,-1,1,526,86.0,0,-1.0,0,0,0,639,359
5914,72257,72256078,11112,500,-1,-1,1,525,85.9,1,-1.0,0,0,0,639,359
5915,72268,72267190,11112,500,-1,-1,1,546,86.0,0,-1.0,0,0,0,639,359
5916,72279,72278299,11109,500,-1,-1,1,546,86.1,0,-1.0,0,0,0,639,359
5917,72290,72289408,11109,500,-1,-1,1,525,86.2,0,-1.0,0,0,0,639,359
5918,72301,72300520,11112,500,-1,-1,1,627,86.3,0,-1.0,0,0,0,639,359
5919,72313,72311633,11113,500,-1,-1,1,625,86.4,0,-1.0,0,0,0,639,359
5920,72324,72322735,11102,500,-1,-1,1,607,86.5,0,-1.0,0,0,0,639,359
5921,72335,72333846,11111,500,-1,-1,1,527,86.6,0,-1.0,0,0,0,639,359
5922,72346,72344953,11107,500,-1,-1,1,528,86.7,0,-1.0,0,0,0,639,359
5923,72357,72356061,11108,500,-1,-1,1,528,86.7,1,-1.0,0,0,0,639,359
5924,72368,72367174,11113,500,-1,-1,1,528,86.7,0,-1.0,0,0,0,639,359
5925,72379,72378281,11107,500,-1,-1,1,548,86.7,0,-1.0,0,0,0,639,359
5926,72391,72389393,11112,500,-1,-1,1,527,86.8,0,-1.0,0,0,0,639,359
5927,72401,72400498,11105,500,-1,-1,1,605,86.9,0,-1.0,0,0,0,639,359
5928,72412,72411613,11115,500,-1,-1,1,649,87.0,0,-1.0,0,0,0,639,359
5929,72424,72422719,11106,500,-1,-1,1,526,87.0,0,-1.0,0,0,0,639,359
5930,72435,72433827,11108,500,-1,-1,1,529,87.1,0,-1.0,0,0,0,639,359
5931,72446,72444933,11106,500,-1,-1,1,528,87.1,0,-1.0,0,0,0,639,359
5932,72457,72456044,11111,500,-1,-1,1,527,87.2,1,-1.0,0,0,0,639,359
5933,72468,72467157,11113,500,-1,-1,1,530,87.3,0,-1.0,0,0,0,639,359
5934,72479,72478264,11107,500,-1,-1,1,545,87.2,0,-1.0,0,0,0,639,359
5935,72491,72489370,11106,500,-1,-1,1,525,87.3,0,-1.0,0,0,0,639,359
5936,72501,72500483,11113,500,-1,-1,1,603,87.3,0,-1.0,0,0,0,639,359
5937,72512,72511594,11111,500,-1,-1,1,631,87.4,0,-1.0,0,0,0,639,359
5938,72524,72522708,11114,500,-1,-1,1,526,87.3,0,-1.0,0,0,0,639,359
5939,72535,72533812,11104,500,-1,-1,1,525,87.5,0,-1.0,0,0,0,639,359
5940,72677,72544918,11106,500,-1,-1,1,1938,74.7,0,-1.0,0,0,0,639,359
5941,72679,72678209,133291,500,-1,-1,1,539,75.7,1,-1.0,0,0,0,639,359
5942,72690,72689345,11136,500,-1,-1,1,631,75.9,0,-1.0,0,0,0,639,359
5943,72702,72700451,11106,500,-1,-1,1,525,76.1,0,-1.0,0,0,0,639,359
5944,72712,72711560,11109,500,-1,-1,1,545,76.3,0,-1.0,0,0,0,639,359
5945,72723,72722670,11110,500,-1,-1,1,542,76.4,0,-1.0,0,0,0,639,359
5946,72735,72733776,11106,500,-1,-1,1,629,76.6,0,-1.0,0,0,0,639,359
5947,72746,72744889,11113,500,-1,-1,1,526,76.7,0,-1.0,0,0,0,639,359
5948,72757,72755994,11105,500,-1,-1,1,629,76.9,0,-1.0,0,0,0,639,359
5949,72768,72767105,11111,500,-1,-1,1,527,77.1,0,-1.0,0,0,0,639,359
5950,72779,72778209,11104,500,-1,-1,1,524,77.2,1,-1.0,0,0,0,639,359
5951,72837,72833750,55541,500,-1,-1,1,636,17.2,0,-1.0,0,0,0,639,359
5952,72846,72844868,11118,500,-1,-1,1,605,30.3,0,-1.0,0,0,0,639,359
5953,72857,72855981,11113,500,-1,-1,1,526,39.0,0,-1.0,0,0,0,639,359
5954,72868,72867085,11104,500,-1,-1,1,533,45.5,0,-1.0,0,0,0,639,359
5955,72879,72878194,11109,500,-1,-1,1,524,50.0,0,-1.0,0,0,0,639,359
5956,72890,72889301,11107,500,-1,-1,1,528,54.1,0,-1.0,0,0,0,639,359
5957,72901,72900414,11113,500,-1,-1,1,527,57.4,0,-1.0,0,0,0,639,359
5958,72912,72911521,11107,500,-1,-1,1,527,60.2,0,-1.0,0,0,0,639,359
5959,72924,72922631,11110,500,-1,-1,1,525,62.5,1,-1.0,0,0,0,639,359
5960,72935,72933743,11112,500,-1,-1,1,545,64.5,0,-1.0,0,0,0,639,359
5961,72946,72944853,11110,500,-1,-1,1,546,66.3,0,-1.0,0,0,0,639,359
5962,72957,72955964,11111,500,-1,-1,1,527,67.4,0,-1.0,0,0,0,639,359
5963,72968,72967072,11108,500,-1,-1,1,623,68.8,0,-1.0,0,0,0,639,359
5964,72979,72978179,11107,500,-1,-1,1,632,70.0,0,-1.0,0,0,0,639,359
5965,72991,72989289,11110,500,-1,-1,1,526,71.1,0,-1.0,0,0,0,639,359
5966,73001,73000395,11106,500,-1,-1,1,527,72.1,0,-1.0,0,0,0,639,359
5967,73012,73011505,11110,500,-1,-1,1,528,73.0,0,-1.0,0,0,0,639,359
5968,73023,73022612,11107,500,-1,-1,1,527,73.8,1,-1.0,0,0,0,639,359
5969,73035,73033728,11116,500,-1,-1,1,528,74.5,0,-1.0,0,0,0,639,359
5970,73046,73044832,11104,500,-1,-1,1,546,75.2,0,-1.0,0,0,0,639,359
5971,73057,73055945,11113,500,-1,-1,1,526,75.5,0,-1.0,0,0,0,639,359
5972,73068,73067055,11110,500,-1,-1,1,608,76.1,0,-1.0,0,0,0,639,359
5973,73079,73078166,11111,500,-1,-1,1,632,76.7,0,-1.0,0,0,0,639,359
5974,73090,73089271,11105,500,-1,-1,1,526,77.2,0,-1.0,0,0,0,639,359
5975,73101,73100380,11109,500,-1,-1,1,526,77.6,0,-1.0,0,0,0,639,359
5976,73112,73111486,11106,500,-1,-1,1,527,78.1,0,-1.0,0,0,0,639,359
5977,73123,73122597,11111,500,-1,-1,1,526,78.5,1,-1.0,0,0,0,639,359
5978,73135,73133708,11111,500,-1,-1,1,533,78.9,0,-1.0,0,0,0,639,359
5979,73146,73144820,11112,500,-1,-1,1,547,79.2,0,-1.0,0,0,0,639,359
5980,73157,73155929,11109,500,-1,-1,1,524,79.4,0,-1.0,0,0,0,639,359
5981,73168,73167039,11110,500,-1,-1,1,606,79.9,0,-1.0,0,0,0,639,359
5982,73179,73178141,11102,500,-1,-1,1,633,80.0,0,-1.0,0,0,0,639,359
5983,73190,73189262,11121,500,-1,-1,1,614,80.3,0,-1.0,0,0,0,639,359
5984,73201,73200363,11101,500,-1,-1,1,526,80.6,0,-1.0,0,0,0,639,359
5985,73212,73211472,11109,500,-1,-1,1,525,80.8,0,-1.0,0,0,0,639,359
5986,73223,73222582,11110,500,-1,-1,1,525,81.1,1,-1.0,0,0,0,639,359
5987,73235,73233694,11112,500,-1,-1,1,543,81.3,0,-1.0,0,0,0,639,359
5988,73246,73244799,11105,500,-1,-1,1,543,81.5,0,-1.0,0,0,0,639,359
5989,73257,73255910,11111,500,-1,-1,1,525,81.6,0,-1.0,0,0,0,639,359
5990,73268,73267021,11111,500,-1,-1,1,606,82.0,0,-1.0,0,0,0,639,359
5991,73279,73278129,11108,500,-1,-1,1,632,82.0,0,-1.0,0,0,0,639,359
5992,73291,73289238,11109,500,-1,-1,1,527,82.2,0,-1.0,0,0,0,639,359
5993,73301,73300348,11110,500,-1,-1,1,527,82.4,0,-1.0,0,0,0,639,359
5994,73312,73311455,11107,500,-1,-1,1,524,82.6,0,-1.0,0,0,0,639,359
5995,73324,73322565,11110,500,-1,-1,1,525,82.7,1,-1.0,0,0,0,639,359
5996,73335,73333677,11112,500,-1,-1,1,526,82.9,0,-1.0,0,0,0,639,359
5997,73346,73344784,11107,500,-1,-1,1,545,83.0,0,-1.0,0,0,0,639,359
5998,73357,73355893,11109,500,-1,-1,1,525,83.0,0,-1.0,0,0,0,639,359
5999,73368,73367003,11110,500,-1,-1,1,633,83.2,0,-1.0,0,0,0,639,359
6000,73379,73378110,11107,500,-1,-1,1,630,83.3,0,-1.0,0,0,0,639,359
6001,73390,73389221,11111,500,-1,-1,1,525,83.5,0,-1.0,0,0,0,639,359
6002,73401,73400326,11105,500,-1,-1,1,529,83.6,0,-1.0,0,0,0,639,359
6003,73412,73411436,11110,500,-1,-1,1,632,83.7,0,-1.0,0,0,0,639,359
6004,73423,73422548,11112,500,-1,-1,1,526,83.9,1,-1.0,0,0,0,639,359
6005,73434,73433662,11114,500,-1,-1,1,544,84.0,0,-1.0,0,0,0,639,359
6006,73446,73444766,11104,500,-1,-1,1,545,84.1,0,-1.0,0,0,0,639,359
6007,73457,73455876,11110,500,-1,-1,1,525,84.1,0,-1.0,0,0,0,639,359
6008,73468,73466984,11108,500,-1,-1,1,627,84.3,0,-1.0,0,0,0,639,359
6009,73479,73478094,11110,500,-1,-1,1,635,84.3,0,-1.0,0,0,0,639,359
6010,73490,73489204,11110,500,-1,-1,1,527,84.4,0,-1.0,0,0,0,639,359
6011,73501,73500316,11112,500,-1,-1,1,528,84.5,0,-1.0,0,0,0,639,359
6012,73512,73511418,11102,500,-1,-1,1,525,84.6,0,-1.0,0,0,0,639,359
6013,73523,73522531,11113,500,-1,-1,1,526,84.7,1,-1.0,0,0,0,639,359
6014,73534,73533642,11111,500,-1,-1,1,535,84.8,0,-1.0,0,0,0,639,359
6015,73546,73544751,11109,500,-1,-1,1,546,84.9,0,-1.0,0,0,0,639,359
6016,73557,73555857,11106,500,-1,-1,1,527,84.8,0,-1.0,0,0,0,639,359
6017,73568,73566968,11111,500,-1,-1,1,624,85.0,0,-1.0,0,0,0,639,359
6018,73579,73578075,11107,500,-1,-1,1,636,85.0,0,-1.0,0,0,0,639,359
6019,73590,73589188,11113,500,-1,-1,1,526,85.1,0,-1.0,0,0,0,639,359
6020,73601,73600297,11109,500,-1,-1,1,523,85.2,0,-1.0,0,0,0,639,359
6021,73612,73611406,11109,500,-1,-1,1,526,85.2,0,-1.0,0,0,0,639,359
6022,73623,73622509,11103,500,-1,-1,1,525,85.3,1,-1.0,0,0,0,639,359
6023,73635,73633626,11117,500,-1,-1,1,541,85.4,0,-1.0,0,0,0,639,359
6024,73646,73644731,11105,500,-1,-1,1,544,85.5,0,-1.0,0,0,0,639,359
6025,73657,73655849,11118,500,-1,-1,1,526,85.4,0,-1.0,0,0,0,639,359
6026,73668,73666951,11102,500,-1,-1,1,629,85.6,0,-1.0,0,0,0,639,359
6027,73679,73678059,11108,500,-1,-1,1,631,85.6,0,-1.0,0,0,0,639,359
6028,73690,73689170,11111,500,-1,-1,1,526,85.6,0,-1.0,0,0,0,639,359
6029,73701,73700277,11107,500,-1,-1,1,527,85.7,0,-1.0,0,0,0,639,359
6030,73760,73711383,11106,500,-1,-1,1,609,81.5,0,-1.0,0,0,0,639,359
6031,73761,73755807,44424,500,-1,-1,1,601,82.5,1,-1.0,0,0,0,639,359
6032,73768,73766945,11138,500,-1,-1,1,640,82.9,0,-1.0,0,0,0,639,359
6033,73779,73778041,11096,500,-1,-1,1,525,83.1,0,-1.0,0,0,0,639,359
6034,73790,73789150,11109,500,-1,-1,1,525,83.1,0,-1.0,0,0,0,639,359
6035,73849,73844680,55530,500,-1,-1,1,608,17.2,0,-1.0,0,0,0,639,359
6036,73857,73855813,11133,500,-1,-1,1,634,30.3,0,-1.0,0,0,0,639,359
6037,73868,73866915,11102,500,-1,-1,1,633,39.0,0,-1.0,0,0,0,639,359
6038,73879,73878026,11111,500,-1,-1,1,633,44.9,0,-1.0,0,0,0,639,359
6039,73890,73889135,11109,500,-1,-1,1,527,50.5,0,-1.0,0,0,0,639,359
6040,73901,73900243,11108,500,-1,-1,1,525,54.1,1,-1.0,0,0,0,639,359
6041,73912,73911356,11113,500,-1,-1,1,546,57.4,0,-1.0,0,0,0,639,359
6042,73923,73922462,11106,500,-1,-1,1,545,60.2,0,-1.0,0,0,0,639,359
6043,73935,73933570,11108,500,-1,-1,1,525,62.5,0,-1.0,0,0,0,639,359
6044,73946,73944683,11113,500,-1,-1,1,627,64.5,0,-1.0,0,0,0,639,359
6045,73957,73955791,11108,500,-1,-1,1,629,66.3,0,-1.0,0,0,0,639,359
6046,73968,73966905,11114,500,-1,-1,1,528,67.8,0,-1.0,0,0,0,639,359
6047,73979,73978006,11101,500,-1,-1,1,528,69.1,0,-1.0,0,0,0,639,359
6048,73990,73989117,11111,500,-1,-1,1,526,70.0,0,-1.0,0,0,0,639,359
6049,74001,74000223,11106,500,-1,-1,1,525,71.1,1,-1.0,0,0,0,639,359
6050,74012,74011342,11119,500,-1,-1,1,530,72.1,0,-1.0,0,0,0,639,359
6051,74023,74022447,11105,500,-1,-1,1,552,73.0,0,-1.0,0,0,0,639,359
6052,74035,74033555,11108,500,-1,-1,1,525,73.8,0,-1.0,0,0,0,639,359
6053,74046,74044663,11108,500,-1,-1,1,606,74.5,0,-1.0,0,0,0,639,359
6054,74057,74055773,11110,500,-1,-1,1,632,75.2,0,-1.0,0,0,0,639,359
6055,74068,74066885,11112,500,-1,-1,1,526,75.8,0,-1.0,0,0,0,639,359
6056,74079,74077993,11108,500,-1,-1,1,528,76.4,0,-1.0,0,0,0,639,359
6057,74090,74089101,11108,500,-1,-1,1,527,76.9,0,-1.0,0,0,0,639,359
6058,74101,74100209,11108,500,-1,-1,1,527,77.2,1,-1.0,0,0,0,639,359
6059,74112,74111319,11110,500,-1,-1,1,538,77.6,0,-1.0,0,0,0,639,359
6060,74123,74122431,11112,500,-1,-1,1,530,78.1,0,-1.0,0,0,0,639,359
6061,74135,74133536,11105,500,-1,-1,1,524,78.5,0,-1.0,0,0,0,639,359
6062,74146,74144652,11116,500,-1,-1,1,606,78.9,0,-1.0,0,0,0,639,359
6063,74157,74155757,11105,500,-1,-1,1,633,79.2,0,-1.0,0,0,0,639,359
6064,74168,74166871,11114,500,-1,-1,1,525,79.6,0,-1.0,0,0,0,639,359
6065,74179,74177973,11102,500,-1,-1,1,524,79.9,0,-1.0,0,0,0,639,359
6066,74190,74189083,11110,500,-1,-1,1,525,80.2,0,-1.0,0,0,0,639,359
6067,74201,74200194,11111,500,-1,-1,1,525,80.3,1,-1.0,0,0,0,639,359
6068,74212,74211309,11115,500,-1,-1,1,538,80.6,0,-1.0,0,0,0,639,359
6069,74223,74222413,11104,500,-1,-1,1,544,80.8,0,-1.0,0,0,0,639,359
6070,74235,74233522,11109,500,-1,-1,1,523,81.1,0,-1.0,0,0,0,639,359
6071,74245,74244628,11106,500,-1,-1,1,612,81.3,0,-1.0,0,0,0,639,359
6072,74257,74255739,11111,500,-1,-1,1,628,81.5,0,-1.0,0,0,0,639,359
6073,74268,74266849,11110,500,-1,-1,1,525,81.8,0,-1.0,0,0,0,639,359
6074,74279,74277962,11113,500,-1,-1,1,525,82.0,0,-1.0,0,0,0,639,359
6075,74290,74289065,11103,500,-1,-1,1,525,82.2,0,-1.0,0,0,0,639,359
6076,74301,74300175,11110,500,-1,-1,1,524,82.2,1,-1.0,0,0,0,639,359
6077,74312,74311289,11114,500,-1,-1,1,1557,82.2,0,-1.0,0,0,0,639,359
6078,74323,74322396,11107,500,-1,-1,1,546,82.6,0,-1.0,0,0,0,639,359
6079,74334,74333504,11108,500,-1,-1,1,528,82.7,0,-1.0,0,0,0,639,359
6080,74346,74344614,11110,500,-1,-1,1,633,82.9,0,-1.0,0,0,0,639,359
6081,74357,74355722,11108,500,-1,-1,1,527,83.0,0,-1.0,0,0,0,639,359
6082,74368,74366835,11113,500,-1,-1,1,630,83.2,0,-1.0,0,0,0,639,359
6083,74379,74377941,11106,500,-1,-1,1,529,83.3,0,-1.0,0,0,0,639,359
6084,74390,74389053,11112,500,-1,-1,1,527,83.3,0,-1.0,0,0,0,639,359
6085,74401,74400156,11103,500,-1,-1,1,526,83.6,1,-1.0,0,0,0,639,359
6086,74412,74411272,11116,500,-1,-1,1,527,83.6,0,-1.0,0,0,0,639,359
6087,74423,74422376,11104,500,-1,-1,1,546,83.7,0,-1.0,0,0,0,639,359
6088,74435,74433487,11111,500,-1,-1,1,527,83.9,0,-1.0,0,0,0,639,359
6089,74445,74444598,11111,500,-1,-1,1,607,84.0,0,-1.0,0,0,0,639,359
6090,74457,74455709,11111,500,-1,-1,1,632,84.1,0,-1.0,0,0,0,639,359
6091,74468,74466815,11106,500,-1,-1,1,528,84.2,0,-1.0,0,0,0,639,359
6092,74479,74477926,11111,500,-1,-1,1,526,84.2,0,-1.0,0,0,0,639,359
6093,74490,74489031,11105,500,-1,-1,1,527,84.4,0,-1.0,0,0,0,639,359
6094,74501,74500176,11145,500,-1,-1,1,526,84.4,1,-1.0,0,0,0,639,359
6095,74512,74511253,11077,500,-1,-1,1,535,84.5,0,-1.0,0,0,0,639,359
6096,74523,74522360,11107,500,-1,-1,1,527,84.6,0,-1.0,0,0,0,639,359
6097,74535,74533467,11107,500,-1,-1,1,524,84.7,0,-1.0,0,0,0,639,359
6098,74545,74544584,11117,500,-1,-1,1,604,84.8,0,-1.0,0,0,0,639,359
6099,74557,74555686,11102,500,-1,-1,1,626,84.9,0,-1.0,0,0,0,639,359
6100,74568,74566799,11113,500,-1,-1,1,526,84.8,0,-1.0,0,0,0,639,359
6101,74579,74577907,11108,500,-1,-1,1,525,85.0,0,-1.0,0,0,0,639,359
6102,74590,74589015,11108,500,-1,-1,1,523,85.1,0,-1.0,0,0,0,639,359
6103,74601,74600122,11107,500,-1,-1,1,524,85.2,1,-1.0,0,0,0,639,359
6104,74612,74611238,11116,500,-1,-1,1,539,85.2,0,-1.0,0,0,0,639,359
6105,74623,74622343,11105,500,-1,-1,1,542,85.2,0,-1.0,0,0,0,639,359
6106,74635,74633456,11113,500,-1,-1,1,525,85.3,0,-1.0,0,0,0,639,359
6107,74645,74644563,11107,500,-1,-1,1,608,85.4,0,-1.0,0,0,0,639,359
6108,74657,74655671,11108,500,-1,-1,1,635,85.5,0,-1.0,0,0,0,639,359
6109,74668,74666780,11109,500,-1,-1,1,527,85.5,0,-1.0,0,0,0,639,359
6110,74679,74677893,11113,500,-1,-1,1,524,85.6,0,-1.0,0,0,0,639,359
6111,74690,74688997,11104,500,-1,-1,1,525,85.7,0,-1.0,0,0,0,639,359
6112,74701,74700105,11108,500,-1,-1,1,524,85.6,1,-1.0,0,0,0,639,359
6113,74712,74711221,11116,500,-1,-1,1,546,85.7,0,-1.0,0,0,0,639,359
6114,74723,74722330,11109,500,-1,-1,1,545,85.7,0,-1.0,0,0,0,639,359
6115,74734,74733433,11103,500,-1,-1,1,630,85.8,0,-1.0,0,0,0,639,359
6116,74746,74744548,11115,500,-1,-1,1,526,85.9,0,-1.0,0,0,0,639,359
6117,74756,74755651,11103,500,-1,-1,1,627,85.9,0,-1.0,0,0,0,639,359
6118,74768,74766767,11116,500,-1,-1,1,526,86.0,0,-1.0,0,0,0,639,359
6119,74779,74777867,11100,500,-1,-1,1,527,86.0,0,-1.0,0,0,0,639,359
6120,74850,74788982,11115,500,-1,-1,1,609,81.2,0,-1.0,0,0,0,639,359
6121,74912,74911171,122189,500,-1,-1,1,589,15.9,1,-1.0,0,0,0,639,359
6122,74923,74922300,11129,500,-1,-1,1,529,27.0,0,-1.0,0,0,0,639,359
6123,74934,74933400,11100,500,-1,-1,1,528,35.3,0,-1.0,0,0,0,639,359
6124,74945,74944511,11111,500,-1,-1,1,633,41.7,0,-1.0,0,0,0,639,359
6125,74957,74955619,11108,500,-1,-1,1,527,46.7,0,-1.0,0,0,0,639,359
6126,74968,74966728,11109,500,-1,-1,1,628,50.8,0,-1.0,0,0,0,639,359
6127,74979,74977838,11110,500,-1,-1,1,529,54.3,0,-1.0,0,0,0,639,359
6128,74990,74988946,11108,500,-1,-1,1,528,57.1,0,-1.0,0,0,0,639,359
6129,75001,75000055,11109,500,-1,-1,1,524,59.6,0,-1.0,0,0,0,639,359
6130,75012,75011165,11110,500,-1,-1,1,525,61.3,1,-1.0,0,0,0,639,359
6131,75023,75022279,11114,500,-1,-1,1,545,63.2,0,-1.0,0,0,0,639,359
6132,75034,75033388,11109,500,-1,-1,1,545,64.9,0,-1.0,0,0,0,639,359
6133,75046,75044497,11109,500,-1,-1,1,525,66.3,0,-1.0,0,0,0,639,359
6134,75057,75055602,11105,500,-1,-1,1,628,67.6,0,-1.0,0,0,0,639,359
6135,75068,75066712,11110,500,-1,-1,1,635,68.8,0,-1.0,0,0,0,639,359
6136,75079,75077824,11112,500,-1,-1,1,525,69.9,0,-1.0,0,0,0,639,359
6137,75090,75088929,11105,500,-1,-1,1,528,70.8,0,-1.0,0,0,0,639,359
6138,75101,75100036,11107,500,-1,-1,1,526,71.4,0,-1.0,0,0,0,639,359
6139,75112,75111146,11110,500,-1,-1,1,526,72.2,1,-1.0,0,0,0,639,359
6140,75123,75122264,11118,500,-1,-1,1,545,73.0,0,-1.0,0,0,0,639,359
6141,75134,75133369,11105,500,-1,-1,1,549,73.7,0,-1.0,0,0,0,639,359
6142,75146,75144479,11110,500,-1,-1,1,525,74.1,0,-1.0,0,0,0,639,359
6143,75156,75155588,11109,500,-1,-1,1,631,74.9,0,-1.0,0,0,0,639,359
6144,75168,75166698,11110,500,-1,-1,1,641,75.5,0,-1.0,0,0,0,639,359
6145,75179,75177803,11105,500,-1,-1,1,526,76.0,0,-1.0,0,0,0,639,359
6146,75190,75188915,11112,500,-1,-1,1,527,76.5,0,-1.0,0,0,0,639,359
6147,75201,75200019,11104,500,-1,-1,1,526,76.9,0,-1.0,0,0,0,639,359
6148,75212,75211133,11114,500,-1,-1,1,525,77.3,1,-1.0,0,0,0,639,359
6149,75223,75222244,11111,500,-1,-1,1,530,77.5,0,-1.0,0,0,0,639,359
6150,75234,75233353,11109,500,-1,-1,1,545,77.9,0,-1.0,0,0,0,639,359
6151,75245,75244458,11105,500,-1,-1,1,544,78.3,0,-1.0,0,0,0,639,359
6152,75256,75255570,11112,500,-1,-1,1,627,78.6,0,-1.0,0,0,0,639,359
6153,75268,75266793,11223,500,-1,-1,1,607,78.9,0,-1.0,0,0,0,639,359
6154,75279,75277790,10997,500,-1,-1,1,629,79.3,0,-1.0,0,0,0,639,359
6155,75290,75288896,11106,500,-1,-1,1,524,79.5,0,-1.0,0,0,0,639,359
6156,75301,75300005,11109,500,-1,-1,1,525,79.8,0,-1.0,0,0,0,639,359
6157,75312,75311112,11107,500,-1,-1,1,528,80.1,1,-1.0,0,0,0,639,359
6158,75323,75322228,11116,500,-1,-1,1,531,80.2,0,-1.0,0,0,0,639,359
6159,75334,75333334,11106,500,-1,-1,1,534,80.4,0,-1.0,0,0,0,639,359
6160,75345,75344444,11110,500,-1,-1,1,530,80.6,0,-1.0,0,0,0,639,359
6161,75356,75355550,11106,500,-1,-1,1,628,80.9,0,-1.0,0,0,0,639,359
6162,75368,75366681,11131,500,-1,-1,1,607,81.1,0,-1.0,0,0,0,639,359
6163,75379,75377771,11090,500,-1,-1,1,629,81.3,0,-1.0,0,0,0,639,359
6164,75390,75388882,11111,500,-1,-1,1,526,81.5,0,-1.0,0,0,0,639,359
6165,75401,75399988,11106,500,-1,-1,1,524,81.7,0,-1.0,0,0,0,639,359
6166,75412,75411096,11108,500,-1,-1,1,526,81.7,1,-1.0,0,0,0,639,359
6167,75423,75422209,11113,500,-1,-1,1,544,81.9,0,-1.0,0,0,0,639,359
6168,75434,75433318,11109,500,-1,-1,1,542,82.1,0,-1.0,0,0,0,639,359
6169,75446,75444422,11104,500,-1,-1,1,524,82.2,0,-1.0,0,0,0,639,359
6170,75457,75455536,11114,500,-1,-1,1,606,82.4,0,-1.0,0,0,0,639,359
6171,75467,75466646,11110,500,-1,-1,1,634,82.5,0,-1.0,0,0,0,639,359
6172,75479,75477758,11112,500,-1,-1,1,527,82.7,0,-1.0,0,0,0,639,359
6173,75490,75488859,11101,500,-1,-1,1,527,82.8,0,-1.0,0,0,0,639,359
6174,75501,75499975,11116,500,-1,-1,1,525,82.9,0,-1.0,0,0,0,639,359
6175,75512,75511081,11106,500,-1,-1,1,526,83.1,1,-1.0,0,0,0,639,359
6176,75523,75522197,11116,500,-1,-1,1,545,83.1,0,-1.0,0,0,0,639,359
6177,75534,75533299,11102,500,-1,-1,1,543,83.2,0,-1.0,0,0,0,639,359
6178,75546,75544407,11108,500,-1,-1,1,524,83.2,0,-1.0,0,0,0,639,359
6179,75556,75555520,11113,500,-1,-1,1,635,83.5,0,-1.0,0,0,0,639,359
6180,75567,75566630,11110,500,-1,-1,1,634,83.6,0,-1.0,0,0,0,639,359
6181,75579,75577736,11106,500,-1,-1,1,527,83.7,0,-1.0,0,0,0,639,359
6182,75590,75588845,11109,500,-1,-1,1,532,83.8,0,-1.0,0,0,0,639,359
6183,75601,75599953,11108,500,-1,-1,1,525,83.9,0,-1.0,0,0,0,639,359
6184,75612,75611065,11112,500,-1,-1,1,527,84.0,1,-1.0,0,0,0,639,359
6185,75623,75622174,11109,500,-1,-1,1,532,84.0,0,-1.0,0,0,0,639,359
6186,75634,75633283,11109,500,-1,-1,1,546,84.1,0,-1.0,0,0,0,639,359
6187,75645,75644392,11109,500,-1,-1,1,548,84.2,0,-1.0,0,0,0,639,359
6188,75656,75655499,11107,500,-1,-1,1,627,84.3,0,-1.0,0,0,0,639,359
6189,75667,75666672,11173,500,-1,-1,1,646,84.4,0,-1.0,0,0,0,639,359
6190,75679,75677718,11046,500,-1,-1,1,629,84.4,0,-1.0,0,0,0,639,359
6191,75690,75688827,11109,500,-1,-1,1,526,84.5,0,-1.0,0,0,0,639,359
6192,75701,75699934,11107,500,-1,-1,1,525,84.6,0,-1.0,0,0,0,639,359
6193,75712,75711043,11109,500,-1,-1,1,527,84.7,1,-1.0,0,0,0,639,359
6194,75723,75722161,11118,500,-1,-1,1,538,84.7,0,-1.0,0,0,0,639,359
6195,75734,75733264,11103,500,-1,-1,1,540,84.7,0,-1.0,0,0,0,639,359
6196,75745,75744377,11113,500,-1,-1,1,533,84.8,0,-1.0,0,0,0,639,359
6197,75756,75755484,11107,500,-1,-1,1,628,84.9,0,-1.0,0,0,0,639,359
6198,75768,75766595,11111,500,-1,-1,1,629,85.0,0,-1.0,0,0,0,639,359
6199,75779,75777705,11110,500,-1,-1,1,552,85.0,0,-1.0,0,0,0,639,359
6200,75790,75788811,11106,500,-1,-1,1,526,85.1,0,-1.0,0,0,0,639,359
6201,75801,75799925,11114,500,-1,-1,1,525,85.2,0,-1.0,0,0,0,639,359
6202,75812,75811030,11105,500,-1,-1,1,525,85.2,1,-1.0,0,0,0,639,359
6203,75823,75822140,11110,500,-1,-1,1,544,85.2,0,-1.0,0,0,0,639,359
6204,75834,75833251,11111,500,-1,-1,1,551,85.3,0,-1.0,0,0,0,639,359
6205,75846,75844357,11106,500,-1,-1,1,525,85.3,0,-1.0,0,0,0,639,359
6206,75856,75855471,11114,500,-1,-1,1,629,85.4,0,-1.0,0,0,0,639,359
6207,75910,75899887,44416,500,-1,-1,1,1965,18.2,0,-1.0,0,0,0,639,359
6208,75912,75911018,11131,500,-1,-1,1,523,35.7,0,-1.0,0,0,0,639,359
6209,75923,75922127,11109,500,-1,-1,1,524,45.5,0,-1.0,0,0,0,639,359
6210,76006,75933231,11104,500,-1,-1,1,665,26.8,0,-1.0,0,0,0,639,359
6211,76006,75999870,66639,500,-1,-1,1,600,33.3,1,-1.0,0,0,0,639,359
6212,76012,76011014,11144,500,-1,-1,1,635,38.7,0,-1.0,0,0,0,639,359
6213,76023,76022107,11093,500,-1,-1,1,529,42.2,0,-1.0,0,0,0,639,359
6214,76034,76033214,11107,500,-1,-1,1,526,44.9,0,-1.0,0,0,0,639,359
6215,76045,76044318,11104,500,-1,-1,1,634,47.6,0,-1.0,0,0,0,639,359
6216,76056,76055435,11117,500,-1,-1,1,628,50.0,0,-1.0,0,0,0,639,359
6217,76067,76066546,11111,500,-1,-1,1,546,52.1,0,-1.0,0,0,0,639,359
6218,76079,76077655,11109,500,-1,-1,1,544,54.1,0,-1.0,0,0,0,639,359
6219,76090,76088760,11105,500,-1,-1,1,634,55.8,0,-1.0,0,0,0,639,359
6220,76101,76099874,11114,500,-1,-1,1,527,57.4,1,-1.0,0,0,0,639,359
6221,76112,76110978,11104,500,-1,-1,1,633,58.8,0,-1.0,0,0,0,639,359
6222,76123,76122092,11114,500,-1,-1,1,527,59.9,0,-1.0,0,0,0,639,359
6223,76134,76133195,11103,500,-1,-1,1,538,61.2,0,-1.0,0,0,0,639,359
6224,76145,76144308,11113,500,-1,-1,1,532,62.3,0,-1.0,0,0,0,639,359
6225,76156,76155415,11107,500,-1,-1,1,629,63.3,0,-1.0,0,0,0,639,359
6226,76167,76166529,11114,500,-1,-1,1,525,64.3,0,-1.0,0,0,0,639,359
6227,76178,76177632,11103,500,-1,-1,1,628,65.2,0,-1.0,0,0,0,639,359
6228,76190,76188744,11112,500,-1,-1,1,525,66.1,0,-1.0,0,0,0,639,359
6229,76201,76199849,11105,500,-1,-1,1,524,66.9,1,-1.0,0,0,0,639,359
6230,76212,76210968,11119,500,-1,-1,1,546,67.4,0,-1.0,0,0,0,639,359
6231,76223,76222071,11103,500,-1,-1,1,544,68.3,0,-1.0,0,0,0,639,359
6232,76234,76233178,11107,500,-1,-1,1,546,68.8,0,-1.0,0,0,0,639,359
6233,76245,76244291,11113,500,-1,-1,1,634,69.4,0,-1.0,0,0,0,639,359
6234,76256,76255402,11111,500,-1,-1,1,637,70.0,0,-1.0,0,0,0,639,359
6235,76267,76266507,11105,500,-1,-1,1,629,70.6,0,-1.0,0,0,0,639,359
6236,76278,76277617,11110,500,-1,-1,1,527,71.1,0,-1.0,0,0,0,639,359
6237,76290,76288725,11108,500,-1,-1,1,527,71.6,0,-1.0,0,0,0,639,359
6238,76301,76299836,11111,500,-1,-1,1,527,72.1,1,-1.0,0,0,0,639,359
6239,76312,76310946,11110,500,-1,-1,1,529,72.5,0,-1.0,0,0,0,639,359
6240,76323,76322058,11112,500,-1,-1,1,525,73.0,0,-1.0,0,0,0,639,359
6241,76334,76333164,11106,500,-1,-1,1,545,73.2,0,-1.0,0,0,0,639,359
6242,76345,76344270,11106,500,-1,-1,1,633,73.6,0,-1.0,0,0,0,639,359
6243,76356,76355383,11113,500,-1,-1,1,526,74.0,0,-1.0,0,0,0,639,359
6244,76367,76366491,11108,500,-1,-1,1,633,74.4,0,-1.0,0,0,0,639,359
6245,76378,76377600,11109,500,-1,-1,1,526,74.7,0,-1.0,0,0,0,639,359
6246,76390,76388709,11109,500,-1,-1,1,527,75.0,0,-1.0,0,0,0,639,359
6247,76401,76399816,11107,500,-1,-1,1,527,75.4,1,-1.0,0,0,0,639,359
6248,76412,76410932,11116,500,-1,-1,1,539,75.7,0,-1.0,0,0,0,639,359
6249,76423,76422040,11108,500,-1,-1,1,582,76.0,0,-1.0,0,0,0,639,359
6250,76434,76433148,11108,500,-1,-1,1,528,76.1,0,-1.0,0,0,0,639,359
6251,76445,76444256,11108,500,-1,-1,1,634,76.4,0,-1.0,0,0,0,639,359
6252,76456,76455415,11159,500,-1,-1,1,636,76.7,0,-1.0,0,0,0,639,359
6253,76467,76466472,11057,500,-1,-1,1,627,76.9,0,-1.0,0,0,0,639,359
6254,76479,76477584,11112,500,-1,-1,1,526,77.2,0,-1.0,0,0,0,639,359
6255,76490,76488690,11106,500,-1,-1,1,526,77.4,0,-1.0,0,0,0,639,359
6256,76501,76499803,11113,500,-1,-1,1,525,77.6,1,-1.0,0,0,0,639,359
6257,76512,76510915,11112,500,-1,-1,1,546,77.9,0,-1.0,0,0,0,639,359
6258,76523,76522022,11107,500,-1,-1,1,590,78.0,0,-1.0,0,0,0,639,359
6259,76534,76533128,11106,500,-1,-1,1,547,78.3,0,-1.0,0,0,0,639,359
6260,76545,76544240,11112,500,-1,-1,1,632,78.4,0,-1.0,0,0,0,639,359
6261,76556,76555392,11152,500,-1,-1,1,630,78.6,0,-1.0,0,0,0,639,359
6262,76567,76566457,11065,500,-1,-1,1,629,78.8,0,-1.0,0,0,0,639,359
6263,76578,76577567,11110,500,-1,-1,1,527,78.9,0,-1.0,0,0,0,639,359
6264,76589,76588675,11108,500,-1,-1,1,526,79.1,0,-1.0,0,0,0,639,359
6265,76601,76599783,11108,500,-1,-1,1,527,79.3,1,-1.0,0,0,0,639,359
6266,76612,76610896,11113,500,-1,-1,1,546,79.5,0,-1.0,0,0,0,639,359
6267,76623,76622003,11107,500,-1,-1,1,546,79.6,0,-1.0,0,0,0,639,359
6268,76634,76633114,11111,500,-1,-1,1,546,79.8,0,-1.0,0,0,0,639,359
6269,76645,76644222,11108,500,-1,-1,1,632,79.8,0,-1.0,0,0,0,639,359
6270,76656,76655329,11107,500,-1,-1,1,639,80.0,0,-1.0,0,0,0,639,359
6271,76667,76666438,11109,500,-1,-1,1,629,80.1,0,-1.0,0,0,0,639,359
6272,76678,76677549,11111,500,-1,-1,1,529,80.3,0,-1.0,0,0,0,639,359
6273,76689,76688658,11109,500,-1,-1,1,525,80.4,0,-1.0,0,0,0,639,359
6274,76701,76699765,11107,500,-1,-1,1,528,80.6,1,-1.0,0,0,0,639,359
6275,76712,76710877,11112,500,-1,-1,1,548,80.7,0,-1.0,0,0,0,639,359
6276,76723,76721987,11110,500,-1,-1,1,544,80.8,0,-1.0,0,0,0,639,359
6277,76734,76733095,11108,500,-1,-1,1,546,81.0,0,-1.0,0,0,0,639,359
6278,76745,76744206,11111,500,-1,-1,1,634,81.0,0,-1.0,0,0,0,639,359
6279,76756,76755317,11111,500,-1,-1,1,524,81.1,0,-1.0,0,0,0,639,359
6280,76767,76766424,11107,500,-1,-1,1,633,81.2,0,-1.0,0,0,0,639,359
6281,76778,76777534,11110,500,-1,-1,1,525,81.3,0,-1.0,0,0,0,639,359
6282,76790,76788640,11106,500,-1,-1,1,524,81.5,0,-1.0,0,0,0,639,359
6283,76801,76799749,11109,500,-1,-1,1,525,81.6,1,-1.0,0,0,0,639,359
6284,76812,76810865,11116,500,-1,-1,1,547,81.7,0,-1.0,0,0,0,639,359
6285,76823,76821969,11104,500,-1,-1,1,546,81.8,0,-1.0,0,0,0,639,359
6286,76834,76833078,11109,500,-1,-1,1,532,81.8,0,-1.0,0,0,0,639,359
6287,76845,76844190,11112,500,-1,-1,1,632,81.9,0,-1.0,0,0,0,639,359
6288,76856,76855297,11107,500,-1,-1,1,632,82.0,0,-1.0,0,0,0,639,359
6289,76882,76877507,22210,500,-1,-1,1,524,40.0,0,-1.0,0,0,0,639,359
6290,76889,76888623,11116,500,-1,-1,1,527,60.6,0,-1.0,0,0,0,639,359
6291,76901,76899731,11108,500,-1,-1,1,526,68.2,0,-1.0,0,0,0,639,359
6292,76912,76910839,11108,500,-1,-1,1,531,72.7,1,-1.0,0,0,0,639,359
6293,76923,76921955,11116,500,-1,-1,1,545,75.8,0,-1.0,0,0,0,639,359
6294,76934,76933064,11109,500,-1,-1,1,546,77.9,0,-1.0,0,0,0,639,359
6295,76945,76944172,11108,500,-1,-1,1,547,78.7,0,-1.0,0,0,0,639,359
6296,76956,76955280,11108,500,-1,-1,1,632,80.0,0,-1.0,0,0,0,639,359
6297,76967,76966392,11112,500,-1,-1,1,638,81.1,0,-1.0,0,0,0,639,359
6298,76978,76977498,11106,500,-1,-1,1,630,82.0,0,-1.0,0,0,0,639,359
6299,76989,76988609,11111,500,-1,-1,1,528,82.7,0,-1.0,0,0,0,639,359
6300,77084,76999712,11103,500,-1,-1,1,608,52.6,0,-1.0,0,0,0,639,359
6301,77085,77077465,77753,500,-1,-1,1,714,56.8,1,-1.0,0,0,0,639,359
6302,77089,77088599,11134,500,-1,-1,1,629,60.1,0,-1.0,0,0,0,639,359
6303,77101,77099703,11104,500,-1,-1,1,526,61.5,0,-1.0,0,0,0,639,359
6304,77112,77110808,11105,500,-1,-1,1,526,62.7,0,-1.0,0,0,0,639,359
6305,77123,77121915,11107,500,-1,-1,1,631,63.9,0,-1.0,0,0,0,639,359
6306,77134,77133026,11111,500,-1,-1,1,634,65.0,0,-1.0,0,0,0,639,359
6307,77145,77144141,11115,500,-1,-1,1,546,65.7,0,-1.0,0,0,0,639,359
6308,77156,77155243,11102,500,-1,-1,1,529,66.7,0,-1.0,0,0,0,639,359
6309,77168,77166356,11113,500,-1,-1,1,568,67.5,0,-1.0,0,0,0,639,359
6310,77178,77177465,11109,500,-1,-1,1,607,68.3,1,-1.0,0,0,0,639,359
6311,77190,77188577,11112,500,-1,-1,1,639,69.1,0,-1.0,0,0,0,639,359
6312,77201,77199685,11108,500,-1,-1,1,524,69.8,0,-1.0,0,0,0,639,359
6313,77212,77210795,11110,500,-1,-1,1,546,70.4,0,-1.0,0,0,0,639,359
6314,77223,77221901,11106,500,-1,-1,1,545,71.0,0,-1.0,0,0,0,639,359
6315,77234,77233077,11176,500,-1,-1,1,628,71.4,0,-1.0,0,0,0,639,359
6316,77245,77244119,11042,500,-1,-1,1,542,72.2,0,-1.0,0,0,0,639,359
6317,77256,77255227,11108,500,-1,-1,1,631,72.5,0,-1.0,0,0,0,639,359
6318,77267,77266334,11107,500,-1,-1,1,528,73.0,0,-1.0,0,0,0,639,359
6319,77278,77277445,11111,500,-1,-1,1,528,73.5,1,-1.0,0,0,0,639,359
6320,77289,77288560,11115,500,-1,-1,1,562,73.9,0,-1.0,0,0,0,639,359
6321,77300,77299668,11108,500,-1,-1,1,527,74.3,0,-1.0,0,0,0,639,359
6322,77312,77310774,11106,500,-1,-1,1,546,74.7,0,-1.0,0,0,0,639,359
6323,77323,77321886,11112,500,-1,-1,1,630,74.9,0,-1.0,0,0,0,639,359
6324,77334,77333089,11203,500,-1,-1,1,525,75.5,0,-1.0,0,0,0,639,359
6325,77345,77344105,11016,500,-1,-1,1,634,75.7,0,-1.0,0,0,0,639,359
6326,77356,77355211,11106,500,-1,-1,1,525,76.0,0,-1.0,0,0,0,639,359
6327,77367,77366319,11108,500,-1,-1,1,525,76.3,0,-1.0,0,0,0,639,359
6328,77378,77377427,11108,500,-1,-1,1,526,76.6,1,-1.0,0,0,0,639,359
6329,77389,77388542,11115,500,-1,-1,1,536,76.9,0,-1.0,0,0,0,639,359
6330,77400,77399644,11102,500,-1,-1,1,533,77.2,0,-1.0,0,0,0,639,359
6331,77412,77410759,11115,500,-1,-1,1,545,77.5,0,-1.0,0,0,0,639,359
6332,77423,77421869,11110,500,-1,-1,1,634,77.7,0,-1.0,0,0,0,639,359
6333,77434,77433000,11131,500,-1,-1,1,635,78.0,0,-1.0,0,0,0,639,359
6334,77445,77444085,11085,500,-1,-1,1,629,78.1,0,-1.0,0,0,0,639,359
6335,77456,77455195,11110,500,-1,-1,1,526,78.3,0,-1.0,0,0,0,639,359
6336,77467,77466301,11106,500,-1,-1,1,525,78.6,0,-1.0,0,0,0,639,359
6337,77478,77477411,11110,500,-1,-1,1,525,78.8,1,-1.0,0,0,0,639,359
6338,77489,77488522,11111,500,-1,-1,1,545,79.0,0,-1.0,0,0,0,639,359
6339,77501,77499631,11109,500,-1,-1,1,532,79.2,0,-1.0,0,0,0,639,359
6340,77512,77510742,11111,500,-1,-1,1,535,79.4,0,-1.0,0,0,0,639,359
6341,77523,77521853,11111,500,-1,-1,1,639,79.6,0,-1.0,0,0,0,639,359
6342,77534,77532957,11104,500,-1,-1,1,635,79.8,0,-1.0,0,0,0,639,359
6343,77545,77544069,11112,500,-1,-1,1,629,79.8,0,-1.0,0,0,0,639,359
6344,77556,77555174,11105,500,-1,-1,1,524,80.0,0,-1.0,0,0,0,639,359
6345,77567,77566286,11112,500,-1,-1,1,526,80.2,0,-1.0,0,0,0,639,359
6346,77578,77577392,11106,500,-1,-1,1,526,80.3,1,-1.0,0,0,0,639,359
6347,77589,77588512,11120,500,-1,-1,1,547,80.5,0,-1.0,0,0,0,639,359
6348,77600,77599617,11105,500,-1,-1,1,547,80.6,0,-1.0,0,0,0,639,359
6349,77612,77610725,11108,500,-1,-1,1,543,80.8,0,-1.0,0,0,0,639,359
6350,77623,77621831,11106,500,-1,-1,1,635,80.9,0,-1.0,0,0,0,639,359
6351,77634,77632942,11111,500,-1,-1,1,640,81.0,0,-1.0,0,0,0,639,359
6352,77645,77644049,11107,500,-1,-1,1,639,81.1,0,-1.0,0,0,0,639,359
6353,77656,77655165,11116,500,-1,-1,1,525,81.2,0,-1.0,0,0,0,639,359
6354,77667,77666265,11100,500,-1,-1,1,527,81.4,0,-1.0,0,0,0,639,359
6355,77678,77677377,11112,500,-1,-1,1,524,81.5,1,-1.0,0,0,0,639,359
6356,77689,77688492,11115,500,-1,-1,1,544,81.6,0,-1.0,0,0,0,639,359
6357,77700,77699600,11108,500,-1,-1,1,544,81.8,0,-1.0,0,0,0,639,359
6358,77712,77710709,11109,500,-1,-1,1,546,81.9,0,-1.0,0,0,0,639,359
6359,77723,77721816,11107,500,-1,-1,1,635,82.0,0,-1.0,0,0,0,639,359
6360,77734,77732928,11112,500,-1,-1,1,634,82.1,0,-1.0,0,0,0,639,359
6361,77745,77744035,11107,500,-1,-1,1,630,82.1,0,-1.0,0,0,0,639,359
6362,77756,77755146,11111,500,-1,-1,1,531,82.3,0,-1.0,0,0,0,639,359
6363,77767,77766251,11105,500,-1,-1,1,528,82.3,0,-1.0,0,0,0,639,359
6364,77778,77777357,11106,500,-1,-1,1,529,82.4,1,-1.0,0,0,0,639,359
6365,77789,77788477,11120,500,-1,-1,1,529,82.5,0,-1.0,0,0,0,639,359
6366,77800,77799580,11103,500,-1,-1,1,527,82.6,0,-1.0,0,0,0,639,359
6367,77812,77810689,11109,500,-1,-1,1,548,82.7,0,-1.0,0,0,0,639,359
6368,77823,77821799,11110,500,-1,-1,1,632,82.8,0,-1.0,0,0,0,639,359
6369,77834,77832909,11110,500,-1,-1,1,524,82.9,0,-1.0,0,0,0,639,359
6370,77845,77844014,11105,500,-1,-1,1,628,83.0,0,-1.0,0,0,0,639,359
6371,77856,77855129,11115,500,-1,-1,1,528,83.0,0,-1.0,0,0,0,639,359
6372,77867,77866240,11111,500,-1,-1,1,525,90.9,0,-1.0,0,0,0,639,359
6373,77878,77877344,11104,500,-1,-1,1,526,90.9,1,-1.0,0,0,0,639,359
6374,77889,77888454,11110,500,-1,-1,1,545,90.9,0,-1.0,0,0,0,639,359
6375,77901,77899565,11111,500,-1,-1,1,536,90.9,0,-1.0,0,0,0,639,359
6376,77912,77910675,11110,500,-1,-1,1,536,90.9,0,-1.0,0,0,0,639,359
6377,77923,77921781,11106,500,-1,-1,1,633,90.9,0,-1.0,0,0,0,639,359
6378,77934,77932888,11107,500,-1,-1,1,527,90.9,0,-1.0,0,0,0,639,359
6379,77945,77944002,11114,500,-1,-1,1,633,89.9,0,-1.0,0,0,0,639,359
6380,77956,77955113,11111,500,-1,-1,1,526,90.9,0,-1.0,0,0,0,639,359
6381,77967,77966222,11109,500,-1,-1,1,526,90.1,0,-1.0,0,0,0,639,359
6382,77978,77977324,11102,500,-1,-1,1,525,90.2,1,-1.0,0,0,0,639,359
6383,77989,77988443,11119,500,-1,-1,1,546,90.2,0,-1.0,0,0,0,639,359
6384,78000,77999546,11103,500,-1,-1,1,546,90.3,0,-1.0,0,0,0,639,359
6385,78011,78010654,11108,500,-1,-1,1,528,90.3,0,-1.0,0,0,0,639,359
6386,78023,78021765,11111,500,-1,-1,1,630,90.4,0,-1.0,0,0,0,639,359
6387,78034,78032878,11113,500,-1,-1,1,530,90.4,0,-1.0,0,0,0,639,359
6388,78045,78043982,11104,500,-1,-1,1,632,90.4,0,-1.0,0,0,0,639,359
6389,78056,78055095,11113,500,-1,-1,1,530,90.5,0,-1.0,0,0,0,639,359
6390,78164,78066198,11103,500,-1,-1,1,612,61.9,0,-1.0,0,0,0,639,359
6391,78164,78155053,88855,500,-1,-1,1,603,64.9,1,-1.0,0,0,0,639,359
6392,78168,78166183,11130,500,-1,-1,1,601,67.5,0,-1.0,0,0,0,639,359
6393,78178,78177292,11109,500,-1,-1,1,533,68.3,0,-1.0,0,0,0,639,359
6394,78189,78188402,11110,500,-1,-1,1,528,69.1,0,-1.0,0,0,0,639,359
6395,78200,78199509,11107,500,-1,-1,1,526,69.8,0,-1.0,0,0,0,639,359
6396,78212,78210622,11113,500,-1,-1,1,633,70.4,0,-1.0,0,0,0,639,359
6397,78223,78221733,11111,500,-1,-1,1,545,71.0,0,-1.0,0,0,0,639,359
6398,78234,78232843,11110,500,-1,-1,1,545,71.6,0,-1.0,0,0,0,639,359
6399,78245,78243949,11106,500,-1,-1,1,547,72.2,0,-1.0,0,0,0,639,359
6400,78256,78255059,11110,500,-1,-1,1,632,72.5,1,-1.0,0,0,0,639,359
6401,78267,78266170,11111,500,-1,-1,1,626,73.0,0,-1.0,0,0,0,639,359
6402,78278,78277281,11111,500,-1,-1,1,629,73.5,0,-1.0,0,0,0,639,359
6403,78289,78288386,11105,500,-1,-1,1,533,73.9,0,-1.0,0,0,0,639,359
6404,78300,78299496,11110,500,-1,-1,1,544,74.3,0,-1.0,0,0,0,639,359
6405,78311,78310605,11109,500,-1,-1,1,628,74.7,0,-1.0,0,0,0,639,359
6406,78323,78321714,11109,500,-1,-1,1,530,74.9,0,-1.0,0,0,0,639,359
6407,78334,78332823,11109,500,-1,-1,1,634,75.5,0,-1.0,0,0,0,639,359
6408,78345,78343937,11114,500,-1,-1,1,524,75.8,0,-1.0,0,0,0,639,359
6409,78356,78355040,11103,500,-1,-1,1,525,76.2,1,-1.0,0,0,0,639,359
6410,78367,78366155,11115,500,-1,-1,1,528,76.5,0,-1.0,0,0,0,639,359
6411,78378,78377259,11104,500,-1,-1,1,546,76.6,0,-1.0,0,0,0,639,359
6412,78389,78388377,11118,500,-1,-1,1,631,76.9,0,-1.0,0,0,0,639,359
6413,78400,78399479,11102,500,-1,-1,1,526,77.2,0,-1.0,0,0,0,639,359
6414,78411,78410586,11107,500,-1,-1,1,632,77.5,0,-1.0,0,0,0,639,359
6415,78422,78421694,11108,500,-1,-1,1,525,77.7,0,-1.0,0,0,0,639,359
6416,78434,78432805,11111,500,-1,-1,1,527,78.0,0,-1.0,0,0,0,639,359
6417,78445,78443914,11109,500,-1,-1,1,526,78.2,0,-1.0,0,0,0,639,359
6418,78456,78455022,11108,500,-1,-1,1,527,78.5,1,-1.0,0,0,0,639,359
6419,78467,78466137,11115,500,-1,-1,1,536,78.7,0,-1.0,0,0,0,639,359
6420,78478,78477244,11107,500,-1,-1,1,544,78.8,0,-1.0,0,0,0,639,359
6421,78489,78488349,11105,500,-1,-1,1,528,79.0,0,-1.0,0,0,0,639,359
6422,78500,78499464,11115,500,-1,-1,1,628,79.2,0,-1.0,0,0,0,639,359
6423,78511,78510568,11104,500,-1,-1,1,634,79.4,0,-1.0,0,0,0,639,359
6424,78523,78521683,11115,500,-1,-1,1,630,79.6,0,-1.0,0,0,0,639,359
6425,78534,78532792,11109,500,-1,-1,1,524,79.8,0,-1.0,0,0,0,639,359
6426,78545,78543898,11106,500,-1,-1,1,525,79.9,0,-1.0,0,0,0,639,359
6427,78556,78555005,11107,500,-1,-1,1,528,80.1,1,-1.0,0,0,0,639,359
6428,78567,78566118,11113,500,-1,-1,1,534,80.2,0,-1.0,0,0,0,639,359
6429,78578,78577224,11106,500,-1,-1,1,536,80.3,0,-1.0,0,0,0,639,359
6430,78589,78588335,11111,500,-1,-1,1,529,80.5,0,-1.0,0,0,0,639,359
6431,78600,78599444,11109,500,-1,-1,1,630,80.6,0,-1.0,0,0,0,639,359
6432,78612,78610553,11109,500,-1,-1,1,526,80.8,0,-1.0,0,0,0,639,359
6433,78622,78621660,11107,500,-1,-1,1,623,80.9,0,-1.0,0,0,0,639,359
6434,78634,78632773,11113,500,-1,-1,1,525,81.1,0,-1.0,0,0,0,639,359
6435,78645,78643881,11108,500,-1,-1,1,526,81.2,0,-1.0,0,0,0,639,359
6436,78656,78654989,11108,500,-1,-1,1,527,81.4,1,-1.0,0,0,0,639,359
6437,78667,78666102,11113,500,-1,-1,1,547,81.5,0,-1.0,0,0,0,639,359
6438,78678,78677210,11108,500,-1,-1,1,545,81.5,0,-1.0,0,0,0,639,359
6439,78689,78688321,11111,500,-1,-1,1,543,81.6,0,-1.0,0,0,0,639,359
6440,78700,78699427,11106,500,-1,-1,1,629,81.8,0,-1.0,0,0,0,639,359
6441,78711,78710534,11107,500,-1,-1,1,527,81.9,0,-1.0,0,0,0,639,359
6442,78722,78721648,11114,500,-1,-1,1,631,82.0,0,-1.0,0,0,0,639,359
6443,78734,78732755,11107,500,-1,-1,1,526,82.1,0,-1.0,0,0,0,639,359
6444,78745,78743863,11108,500,-1,-1,1,528,82.2,0,-1.0,0,0,0,639,359
6445,78756,78754974,11111,500,-1,-1,1,524,82.3,1,-1.0,0,0,0,639,359
6446,78767,78766084,11110,500,-1,-1,1,543,82.4,0,-1.0,0,0,0,639,359
6447,78779,78777194,11110,500,-1,-1,1,546,82.4,0,-1.0,0,0,0,639,359
6448,78789,78788305,11111,500,-1,-1,1,540,82.5,0,-1.0,0,0,0,639,359
6449,78800,78799412,11107,500,-1,-1,1,627,82.6,0,-1.0,0,0,0,639,359
6450,78811,78810523,11111,500,-1,-1,1,525,82.7,0,-1.0,0,0,0,639,359
6451,78822,78821628,11105,500,-1,-1,1,631,82.8,0,-1.0,0,0,0,639,359
6452,78834,78832737,11109,500,-1,-1,1,530,82.9,0,-1.0,0,0,0,639,359
6453,78845,78843843,11106,500,-1,-1,1,526,83.0,0,-1.0,0,0,0,639,359
6454,78856,78854954,11111,500,-1,-1,1,526,83.1,1,-1.0,0,0,0,639,359
6455,78917,78910486,55532,500,-1,-1,1,1099,16.4,0,-1.0,0,0,0,639,359
6456,78923,78921627,11141,500,-1,-1,1,631,30.3,0,-1.0,0,0,0,639,359
6457,78934,78932719,11092,500,-1,-1,1,527,39.0,0,-1.0,0,0,0,639,359
6458,78945,78943830,11111,500,-1,-1,1,527,45.5,0,-1.0,0,0,0,639,359
6459,78956,78954938,11108,500,-1,-1,1,526,50.5,0,-1.0,0,0,0,639,359
6460,78967,78966047,11109,500,-1,-1,1,526,54.1,0,-1.0,0,0,0,639,359
6461,78978,78977155,11108,500,-1,-1,1,528,57.4,0,-1.0,0,0,0,639,359
6462,78989,78988267,11112,500,-1,-1,1,527,60.2,0,-1.0,0,0,0,639,359
6463,79000,78999374,11107,500,-1,-1,1,525,62.5,1,-1.0,0,0,0,639,359
6464,79011,79010490,11116,500,-1,-1,1,545,64.5,0,-1.0,0,0,0,639,359
6465,79022,79021596,11106,500,-1,-1,1,544,66.3,0,-1.0,0,0,0,639,359
6466,79034,79032708,11112,500,-1,-1,1,526,67.8,0,-1.0,0,0,0,639,359
6467,79045,79043814,11106,500,-1,-1,1,631,69.1,0,-1.0,0,0,0,639,359
6468,79056,79054920,11106,500,-1,-1,1,636,70.0,0,-1.0,0,0,0,639,359
6469,79067,79066030,11110,500,-1,-1,1,627,71.4,0,-1.0,0,0,0,639,359
6470,79078,79077142,11112,500,-1,-1,1,526,72.4,0,-1.0,0,0,0,639,359
6471,79089,79088248,11106,500,-1,-1,1,526,73.0,0,-1.0,0,0,0,639,359
6472,79100,79099359,11111,500,-1,-1,1,527,73.8,1,-1.0,0,0,0,639,359
6473,79111,79110472,11113,500,-1,-1,1,547,74.5,0,-1.0,0,0,0,639,359
6474,79122,79121580,11108,500,-1,-1,1,545,75.2,0,-1.0,0,0,0,639,359
6475,79133,79132691,11111,500,-1,-1,1,546,75.8,0,-1.0,0,0,0,639,359
6476,79145,79143798,11107,500,-1,-1,1,638,76.4,0,-1.0,0,0,0,639,359
6477,79156,79154906,11108,500,-1,-1,1,525,76.7,0,-1.0,0,0,0,639,359
6478,79167,79166018,11112,500,-1,-1,1,632,77.4,0,-1.0,0,0,0,639,359
6479,79178,79177121,11103,500,-1,-1,1,526,77.9,0,-1.0,0,0,0,639,359
6480,79300,79188232,11111,500,-1,-1,1,610,58.6,0,-1.0,0,0,0,639,359
6481,79301,79299305,111073,500,-1,-1,1,597,60.7,1,-1.0,0,0,0,639,359
6482,79311,79310436,11131,500,-1,-1,1,626,61.5,0,-1.0,0,0,0,639,359
6483,79323,79321545,11109,500,-1,-1,1,548,62.2,0,-1.0,0,0,0,639,359
6484,79333,79332650,11105,500,-1,-1,1,526,62.9,0,-1.0,0,0,0,639,359
6485,79345,79343766,11116,500,-1,-1,1,631,63.5,0,-1.0,0,0,0,639,359
6486,79356,79354874,11108,500,-1,-1,1,529,64.1,0,-1.0,0,0,0,639,359
6487,79367,79365981,11107,500,-1,-1,1,531,64.7,0,-1.0,0,0,0,639,359
6488,79378,79377091,11110,500,-1,-1,1,548,65.3,0,-1.0,0,0,0,639,359
6489,79389,79388198,11107,500,-1,-1,1,632,65.7,0,-1.0,0,0,0,639,359
6490,79401,79399311,11113,500,-1,-1,1,526,66.2,1,-1.0,0,0,0,639,359
6491,79411,79410420,11109,500,-1,-1,1,627,66.7,0,-1.0,0,0,0,639,359
6492,79422,79421531,11111,500,-1,-1,1,523,67.1,0,-1.0,0,0,0,639,359
6493,79433,79432635,11104,500,-1,-1,1,546,67.6,0,-1.0,0,0,0,639,359
6494,79445,79443743,11108,500,-1,-1,1,544,68.0,0,-1.0,0,0,0,639,359
6495,79456,79454854,11111,500,-1,-1,1,630,68.4,0,-1.0,0,0,0,639,359
6496,79467,79465966,11112,500,-1,-1,1,527,68.9,0,-1.0,0,0,0,639,359
6497,79478,79477073,11107,500,-1,-1,1,627,69.1,0,-1.0,0,0,0,639,359
6498,79489,79488182,11109,500,-1,-1,1,525,69.5,0,-1.0,0,0,0,639,359
6499,79500,79499289,11107,500,-1,-1,1,524,69.9,1,-1.0,0,0,0,639,359
6500,79511,79510401,11112,500,-1,-1,1,546,70.2,0,-1.0,0,0,0,639,359
6501,79522,79521513,11112,500,-1,-1,1,545,70.6,0,-1.0,0,0,0,639,359
6502,79533,79532616,11103,500,-1,-1,1,545,70.9,0,-1.0,0,0,0,639,359
6503,79545,79543730,11114,500,-1,-1,1,634,71.2,0,-1.0,0,0,0,639,359
6504,79556,79554840,11110,500,-1,-1,1,528,71.5,0,-1.0,0,0,0,639,359
6505,79567,79565944,11104,500,-1,-1,1,632,71.8,0,-1.0,0,0,0,639,359
6506,79578,79577053,11109,500,-1,-1,1,527,72.1,0,-1.0,0,0,0,639,359
6507,79589,79588164,11111,500,-1,-1,1,527,72.3,0,-1.0,0,0,0,639,359
6508,79600,79599270,11106,500,-1,-1,1,527,72.6,1,-1.0,0,0,0,639,359
6509,79611,79610385,11115,500,-1,-1,1,527,72.8,0,-1.0,0,0,0,639,359
6510,79622,79621489,11104,500,-1,-1,1,544,73.1,0,-1.0,0,0,0,639,359
6511,79634,79632606,11117,500,-1,-1,1,545,73.4,0,-1.0,0,0,0,639,359
6512,79645,79643712,11106,500,-1,-1,1,640,73.6,0,-1.0,0,0,0,639,359
6513,79656,79654821,11109,500,-1,-1,1,524,73.8,0,-1.0,0,0,0,639,359
6514,79667,79665932,11111,500,-1,-1,1,630,74.1,0,-1.0,0,0,0,639,359
6515,79678,79677038,11106,500,-1,-1,1,527,74.2,0,-1.0,0,0,0,639,359
6516,79689,79688145,11107,500,-1,-1,1,527,74.5,0,-1.0,0,0,0,639,359
6517,79700,79699256,11111,500,-1,-1,1,527,74.6,1,-1.0,0,0,0,639,359
6518,79711,79710369,11113,500,-1,-1,1,530,74.9,0,-1.0,0,0,0,639,359
6519,79722,79721477,11108,500,-1,-1,1,544,75.1,0,-1.0,0,0,0,639,359
6520,79733,79732583,11106,500,-1,-1,1,527,75.3,0,-1.0,0,0,0,639,359
6521,79745,79743693,11110,500,-1,-1,1,634,75.5,0,-1.0,0,0,0,639,359
6522,79756,79754806,11113,500,-1,-1,1,525,75.6,0,-1.0,0,0,0,639,359
6523,79767,79765913,11107,500,-1,-1,1,632,75.7,0,-1.0,0,0,0,639,359
6524,79778,79777022,11109,500,-1,-1,1,526,76.0,0,-1.0,0,0,0,639,359
6525,79789,79788129,11107,500,-1,-1,1,526,76.2,0,-1.0,0,0,0,639,359
6526,79800,79799238,11109,500,-1,-1,1,524,76.3,1,-1.0,0,0,0,639,359
6527,79811,79810356,11118,500,-1,-1,1,540,76.4,0,-1.0,0,0,0,639,359
6528,79822,79821461,11105,500,-1,-1,1,543,76.6,0,-1.0,0,0,0,639,359
6529,79833,79832569,11108,500,-1,-1,1,537,76.8,0,-1.0,0,0,0,639,359
6530,79845,79843678,11109,500,-1,-1,1,629,76.9,0,-1.0,0,0,0,639,359
6531,79856,79854787,11109,500,-1,-1,1,526,77.1,0,-1.0,0,0,0,639,359
6532,79867,79865895,11108,500,-1,-1,1,631,77.2,0,-1.0,0,0,0,639,359
6533,79882,79877004,11109,500,-1,-1,1,525,66.7,0,-1.0,0,0,0,639,359
6534,79889,79888112,11108,500,-1,-1,1,527,90.9,0,-1.0,0,0,0,639,359
6535,79900,79899222,11110,500,-1,-1,1,527,88.2,1,-1.0,0,0,0,639,359
6536,79911,79910332,11110,500,-1,-1,1,548,88.9,0,-1.0,0,0,0,639,359
6537,79922,79921446,11114,500,-1,-1,1,545,89.3,0,-1.0,0,0,0,639,359
6538,79933,79932551,11105,500,-1,-1,1,527,89.6,0,-1.0,0,0,0,639,359
6539,79945,79943663,11112,500,-1,-1,1,632,89.7,0,-1.0,0,0,0,639,359
6540,79956,79954771,11108,500,-1,-1,1,528,89.9,0,-1.0,0,0,0,639,359
6541,79967,79965880,11109,500,-1,-1,1,633,90.0,0,-1.0,0,0,0,639,359
6542,79978,79976989,11109,500,-1,-1,1,523,90.1,0,-1.0,0,0,0,639,359
6543,79989,79988095,11106,500,-1,-1,1,526,89.4,0,-1.0,0,0,0,639,359
6544,80000,79999203,11108,500,-1,-1,1,527,89.6,1,-1.0,0,0,0,639,359
6545,80011,80010320,11117,500,-1,-1,1,538,89.7,0,-1.0,0,0,0,639,359
6546,80022,80021422,11102,500,-1,-1,1,536,89.7,0,-1.0,0,0,0,639,359
6547,80033,80032533,11111,500,-1,-1,1,528,89.8,0,-1.0,0,0,0,639,359
6548,80044,80043642,11109,500,-1,-1,1,628,89.9,0,-1.0,0,0,0,639,359
6549,80056,80054752,11110,500,-1,-1,1,527,89.9,0,-1.0,0,0,0,639,359
6550,80067,80065861,11109,500,-1,-1,1,629,90.0,0,-1.0,0,0,0,639,359
6551,80078,80076976,11115,500,-1,-1,1,525,90.0,0,-1.0,0,0,0,639,359
6552,80089,80088075,11099,500,-1,-1,1,525,90.1,0,-1.0,0,0,0,639,359
6553,80100,80099191,11116,500,-1,-1,1,525,90.1,1,-1.0,0,0,0,639,359
6554,80111,80110301,11110,500,-1,-1,1,548,89.8,0,-1.0,0,0,0,639,359
6555,80122,80121408,11107,500,-1,-1,1,544,89.8,0,-1.0,0,0,0,639,359
6556,80133,80132515,11107,500,-1,-1,1,546,89.9,0,-1.0,0,0,0,639,359
6557,80144,80143627,11112,500,-1,-1,1,635,89.9,0,-1.0,0,0,0,639,359
6558,80156,80154737,11110,500,-1,-1,1,527,90.0,0,-1.0,0,0,0,639,359
6559,80167,80165842,11105,500,-1,-1,1,629,90.0,0,-1.0,0,0,0,639,359
6560,80178,80176951,11109,500,-1,-1,1,528,90.0,0,-1.0,0,0,0,639,359
6561,80189,80188061,11110,500,-1,-1,1,526,90.1,0,-1.0,0,0,0,639,359
6562,80200,80199171,11110,500,-1,-1,1,524,90.1,1,-1.0,0,0,0,639,359
6563,80211,80210287,11116,500,-1,-1,1,544,89.9,0,-1.0,0,0,0,639,359
6564,80222,80221391,11104,500,-1,-1,1,544,89.9,0,-1.0,0,0,0,639,359
6565,80233,80232505,11114,500,-1,-1,1,545,89.9,0,-1.0,0,0,0,639,359
6566,80244,80243608,11103,500,-1,-1,1,632,89.9,0,-1.0,0,0,0,639,359
6567,80256,80254718,11110,500,-1,-1,1,527,90.0,0,-1.0,0,0,0,639,359
6568,80267,80265826,11108,500,-1,-1,1,630,90.0,0,-1.0,0,0,0,639,359
6569,80278,80276940,11114,500,-1,-1,1,528,90.0,0,-1.0,0,0,0,639,359
6570,80402,80288042,11102,500,-1,-1,1,611,71.0,0,-1.0,0,0,0,639,359
6571,80402,80399119,111077,500,-1,-1,1,601,72.8,1,-1.0,0,0,0,639,359
6572,80411,80410254,11135,500,-1,-1,1,633,73.4,0,-1.0,0,0,0,639,359
6573,80422,80421355,11101,500,-1,-1,1,526,73.7,0,-1.0,0,0,0,639,359
6574,80433,80432465,11110,500,-1,-1,1,524,74.1,0,-1.0,0,0,0,639,359
6575,80444,80443570,11105,500,-1,-1,1,525,74.4,0,-1.0,0,0,0,639,359
6576,80455,80454684,11114,500,-1,-1,1,523,74.7,0,-1.0,0,0,0,639,359
6577,80467,80465792,11108,500,-1,-1,1,630,75.0,0,-1.0,0,0,0,639,359
6578,80478,80476906,11114,500,-1,-1,1,588,75.2,0,-1.0,0,0,0,639,359
6579,80489,80488012,11106,500,-1,-1,1,545,75.6,0,-1.0,0,0,0,639,359
6580,80500,80499120,11108,500,-1,-1,1,530,75.8,1,-1.0,0,0,0,639,359
6581,80511,80510232,11112,500,-1,-1,1,632,76.0,0,-1.0,0,0,0,639,359
6582,80522,80521343,11111,500,-1,-1,1,630,76.2,0,-1.0,0,0,0,639,359
6583,80533,80532447,11104,500,-1,-1,1,633,76.5,0,-1.0,0,0,0,639,359
6584,80544,80543561,11114,500,-1,-1,1,525,76.7,0,-1.0,0,0,0,639,359
6585,80555,80554669,11108,500,-1,-1,1,527,76.9,0,-1.0,0,0,0,639,359
6586,80567,80565780,11111,500,-1,-1,1,527,77.1,0,-1.0,0,0,0,639,359
6587,80578,80576885,11105,500,-1,-1,1,631,77.4,0,-1.0,0,0,0,639,359
6588,80589,80587997,11112,500,-1,-1,1,629,77.6,0,-1.0,0,0,0,639,359
6589,80600,80599101,11104,500,-1,-1,1,640,77.7,1,-1.0,0,0,0,639,359
6590,80612,80610218,11117,500,-1,-1,1,524,77.9,0,-1.0,0,0,0,639,359
6591,80622,80621324,11106,500,-1,-1,1,548,78.0,0,-1.0,0,0,0,639,359
6592,80633,80632433,11109,500,-1,-1,1,543,78.2,0,-1.0,0,0,0,639,359
6593,80644,80643540,11107,500,-1,-1,1,630,78.4,0,-1.0,0,0,0,639,359
6594,80656,80654654,11114,500,-1,-1,1,590,78.6,0,-1.0,0,0,0,639,359
6595,80667,80665758,11104,500,-1,-1,1,633,78.8,0,-1.0,0,0,0,639,359
6596,80678,80676875,11117,500,-1,-1,1,526,78.9,0,-1.0,0,0,0,639,359
6597,80689,80687974,11099,500,-1,-1,1,527,79.1,0,-1.0,0,0,0,639,359
6598,80700,80699083,11109,500,-1,-1,1,526,79.1,1,-1.0,0,0,0,639,359
6599,80711,80710199,11116,500,-1,-1,1,544,79.3,0,-1.0,0,0,0,639,359
6600,80722,80721306,11107,500,-1,-1,1,544,79.4,0,-1.0,0,0,0,639,359
6601,80733,80732416,11110,500,-1,-1,1,543,79.6,0,-1.0,0,0,0,639,359
6602,80745,80743524,11108,500,-1,-1,1,636,79.7,0,-1.0,0,0,0,639,359
6603,80755,80754634,11110,500,-1,-1,1,526,79.9,0,-1.0,0,0,0,639,359
6604,80767,80765744,11110,500,-1,-1,1,631,80.0,0,-1.0,0,0,0,639,359
6605,80778,80776851,11107,500,-1,-1,1,526,80.1,0,-1.0,0,0,0,639,359
6606,80789,80787957,11106,500,-1,-1,1,526,80.3,0,-1.0,0,0,0,639,359
6607,80800,80799069,11112,500,-1,-1,1,526,80.4,1,-1.0,0,0,0,639,359
6608,80811,80810183,11114,500,-1,-1,1,536,80.4,0,-1.0,0,0,0,639,359
6609,80822,80821291,11108,500,-1,-1,1,532,80.5,0,-1.0,0,0,0,639,359
6610,80833,80832397,11106,500,-1,-1,1,544,80.7,0,-1.0,0,0,0,639,359
6611,80844,80843507,11110,500,-1,-1,1,634,80.8,0,-1.0,0,0,0,639,359
6612,80856,80854694,11187,500,-1,-1,1,524,80.9,0,-1.0,0,0,0,639,359
6613,80867,80865721,11027,500,-1,-1,1,629,81.0,0,-1.0,0,0,0,639,359
6614,80886,80876837,11116,500,-1,-1,1,525,52.6,0,-1.0,0,0,0,639,359
6615,80889,80887934,11097,500,-1,-1,1,525,90.9,0,-1.0,0,0,0,639,359
6616,80900,80899050,11116,500,-1,-1,1,524,90.9,1,-1.0,0,0,0,639,359
6617,80911,80910164,11114,500,-1,-1,1,526,88.9,0,-1.0,0,0,0,639,359
6618,80922,80921271,11107,500,-1,-1,1,533,89.3,0,-1.0,0,0,0,639,359
6619,80933,80932378,11107,500,-1,-1,1,590,89.6,0,-1.0,0,0,0,639,359
6620,80944,80943489,11111,500,-1,-1,1,635,89.7,0,-1.0,0,0,0,639,359
6621,80955,80954602,11113,500,-1,-1,1,528,89.9,0,-1.0,0,0,0,639,359
6622,80967,80965707,11105,500,-1,-1,1,634,90.0,0,-1.0,0,0,0,639,359
6623,80978,80976828,11121,500,-1,-1,1,524,90.1,0,-1.0,0,0,0,639,359
6624,80989,80987929,11101,500,-1,-1,1,524,90.2,0,-1.0,0,0,0,639,359
6625,81000,80999035,11106,500,-1,-1,1,525,90.2,1,-1.0,0,0,0,639,359
6626,81011,81010148,11113,500,-1,-1,1,547,89.7,0,-1.0,0,0,0,639,359
6627,81022,81021251,11103,500,-1,-1,1,528,89.7,0,-1.0,0,0,0,639,359
6628,81033,81032363,11112,500,-1,-1,1,596,89.8,0,-1.0,0,0,0,639,359
6629,81044,81043470,11107,500,-1,-1,1,633,89.9,0,-1.0,0,0,0,639,359
6630,81056,81054581,11111,500,-1,-1,1,543,89.9,0,-1.0,0,0,0,639,359
6631,81067,81065691,11110,500,-1,-1,1,637,90.0,0,-1.0,0,0,0,639,359
6632,81078,81076840,11149,500,-1,-1,1,528,90.0,0,-1.0,0,0,0,639,359
6633,81089,81087904,11064,500,-1,-1,1,527,90.1,0,-1.0,0,0,0,639,359
6634,81100,81099015,11111,500,-1,-1,1,525,90.1,1,-1.0,0,0,0,639,359
6635,81111,81110130,11115,500,-1,-1,1,547,89.8,0,-1.0,0,0,0,639,359
6636,81122,81121242,11112,500,-1,-1,1,550,89.8,0,-1.0,0,0,0,639,359
6637,81133,81132347,11105,500,-1,-1,1,544,89.9,0,-1.0,0,0,0,639,359
6638,81144,81143459,11112,500,-1,-1,1,636,89.9,0,-1.0,0,0,0,639,359
6639,81155,81154565,11106,500,-1,-1,1,526,90.0,0,-1.0,0,0,0,639,359
6640,81166,81165677,11112,500,-1,-1,1,632,90.0,0,-1.0,0,0,0,639,359
6641,81178,81176783,11106,500,-1,-1,1,527,90.0,0,-1.0,0,0,0,639,359
6642,81189,81187893,11110,500,-1,-1,1,525,90.1,0,-1.0,0,0,0,639,359
6643,81200,81199003,11110,500,-1,-1,1,529,90.1,1,-1.0,0,0,0,639,359
6644,81211,81210113,11110,500,-1,-1,1,545,90.1,0,-1.0,0,0,0,639,359
6645,81222,81221219,11106,500,-1,-1,1,544,89.9,0,-1.0,0,0,0,639,359
6646,81233,81232332,11113,500,-1,-1,1,546,89.9,0,-1.0,0,0,0,639,359
6647,81244,81243439,11107,500,-1,-1,1,637,89.9,0,-1.0,0,0,0,639,359
6648,81255,81254556,11117,500,-1,-1,1,524,90.0,0,-1.0,0,0,0,639,359
6649,81267,81265656,11100,500,-1,-1,1,630,90.0,0,-1.0,0,0,0,639,359
6650,81278,81276767,11111,500,-1,-1,1,527,90.0,0,-1.0,0,0,0,639,359
6651,81289,81287872,11105,500,-1,-1,1,526,90.0,0,-1.0,0,0,0,639,359
6652,81300,81298985,11113,500,-1,-1,1,526,90.1,1,-1.0,0,0,0,639,359
6653,81311,81310095,11110,500,-1,-1,1,533,90.1,0,-1.0,0,0,0,639,359
6654,81322,81321203,11108,500,-1,-1,1,548,89.9,0,-1.0,0,0,0,639,359
6655,81333,81332313,11110,500,-1,-1,1,547,89.9,0,-1.0,0,0,0,639,359
6656,81344,81343425,11112,500,-1,-1,1,634,90.0,0,-1.0,0,0,0,639,359
6657,81355,81354531,11106,500,-1,-1,1,524,90.0,0,-1.0,0,0,0,639,359
6658,81367,81365640,11109,500,-1,-1,1,633,90.0,0,-1.0,0,0,0,639,359
6659,81378,81376748,11108,500,-1,-1,1,527,90.0,0,-1.0,0,0,0,639,359
6660,81500,81387856,11108,500,-1,-1,1,624,74.1,0,-1.0,0,0,0,639,359
6661,81501,81498932,111076,500,-1,-1,1,601,75.6,1,-1.0,0,0,0,639,359
6662,81511,81510062,11130,500,-1,-1,1,633,76.0,0,-1.0,0,0,0,639,359
6663,81522,81521171,11109,500,-1,-1,1,526,76.2,0,-1.0,0,0,0,639,359
6664,81533,81532278,11107,500,-1,-1,1,525,76.5,0,-1.0,0,0,0,639,359
6665,81544,81543389,11111,500,-1,-1,1,626,76.7,0,-1.0,0,0,0,639,359
6666,81556,81554494,11105,500,-1,-1,1,526,76.9,0,-1.0,0,0,0,639,359
6667,81566,81565608,11114,500,-1,-1,1,538,77.1,0,-1.0,0,0,0,639,359
6668,81578,81576716,11108,500,-1,-1,1,532,77.4,0,-1.0,0,0,0,639,359
6669,81589,81587889,11173,500,-1,-1,1,633,77.5,0,-1.0,0,0,0,639,359
6670,81600,81598935,11046,500,-1,-1,1,592,77.8,1,-1.0,0,0,0,639,359
6671,81611,81610043,11108,500,-1,-1,1,632,77.9,0,-1.0,0,0,0,639,359
6672,81623,81621155,11112,500,-1,-1,1,527,78.0,0,-1.0,0,0,0,639,359
6673,81633,81632263,11108,500,-1,-1,1,543,78.2,0,-1.0,0,0,0,639,359
6674,81644,81643371,11108,500,-1,-1,1,546,78.4,0,-1.0,0,0,0,639,359
6675,81655,81654483,11112,500,-1,-1,1,632,78.6,0,-1.0,0,0,0,639,359
6676,81666,81665591,11108,500,-1,-1,1,610,78.8,0,-1.0,0,0,0,639,359
6677,81678,81676824,11233,500,-1,-1,1,526,78.8,0,-1.0,0,0,0,639,359
6678,81689,81687808,10984,500,-1,-1,1,632,79.1,0,-1.0,0,0,0,639,359
6679,81700,81698916,11108,500,-1,-1,1,525,79.2,1,-1.0,0,0,0,639,359
6680,81711,81710028,11112,500,-1,-1,1,528,79.4,0,-1.0,0,0,0,639,359
6681,81722,81721134,11106,500,-1,-1,1,533,79.4,0,-1.0,0,0,0,639,359
6682,81733,81732247,11113,500,-1,-1,1,634,79.6,0,-1.0,0,0,0,639,359
6683,81744,81743359,11112,500,-1,-1,1,525,79.7,0,-1.0,0,0,0,639,359
6684,81755,81754460,11101,500,-1,-1,1,633,79.9,0,-1.0,0,0,0,639,359
6685,81767,81765576,11116,500,-1,-1,1,525,80.0,0,-1.0,0,0,0,639,359
6686,81777,81776676,11100,500,-1,-1,1,529,80.1,0,-1.0,0,0,0,639,359
6687,81789,81787787,11111,500,-1,-1,1,525,80.3,0,-1.0,0,0,0,639,359
6688,81800,81798897,11110,500,-1,-1,1,526,80.4,1,-1.0,0,0,0,639,359
6689,81811,81810013,11116,500,-1,-1,1,545,80.4,0,-1.0,0,0,0,639,359
6690,81822,81821118,11105,500,-1,-1,1,544,80.6,0,-1.0,0,0,0,639,359
6691,81833,81832228,11110,500,-1,-1,1,545,80.7,0,-1.0,0,0,0,639,359
6692,81844,81843337,11109,500,-1,-1,1,633,80.8,0,-1.0,0,0,0,639,359
6693,81855,81854446,11109,500,-1,-1,1,526,80.9,0,-1.0,0,0,0,639,359
6694,81866,81865554,11108,500,-1,-1,1,630,81.0,0,-1.0,0,0,0,639,359
6695,81885,81876841,11287,500,-1,-1,1,527,52.6,0,-1.0,0,0,0,639,359
6696,81889,81887764,10923,500,-1,-1,1,526,90.9,0,-1.0,0,0,0,639,359
6697,81900,81898880,11116,500,-1,-1,1,528,90.9,1,-1.0,0,0,0,639,359
6698,81911,81909992,11112,500,-1,-1,1,530,90.9,0,-1.0,0,0,0,639,359
6699,81922,81921104,11112,500,-1,-1,1,526,90.9,0,-1.0,0,0,0,639,359
6700,81933,81932209,11105,500,-1,-1,1,546,89.6,0,-1.0,0,0,0,639,359
6701,81944,81943322,11113,500,-1,-1,1,631,89.7,0,-1.0,0,0,0,639,359
6702,81955,81954429,11107,500,-1,-1,1,525,89.9,0,-1.0,0,0,0,639,359
6703,81966,81965540,11111,500,-1,-1,1,631,90.0,0,-1.0,0,0,0,639,359
6704,81977,81976649,11109,500,-1,-1,1,525,90.1,0,-1.0,0,0,0,639,359
6705,81989,81987754,11105,500,-1,-1,1,527,90.2,0,-1.0,0,0,0,639,359
6706,82000,81998862,11108,500,-1,-1,1,527,90.2,1,-1.0,0,0,0,639,359
6707,82011,82009979,11117,500,-1,-1,1,544,90.3,0,-1.0,0,0,0,639,359
6708,82022,82021082,11103,500,-1,-1,1,536,90.3,0,-1.0,0,0,0,639,359
6709,82033,82032195,11113,500,-1,-1,1,546,89.8,0,-1.0,0,0,0,639,359
6710,82044,82043302,11107,500,-1,-1,1,634,89.9,0,-1.0,0,0,0,639,359
6711,82055,82054413,11111,500,-1,-1,1,526,89.9,0,-1.0,0,0,0,639,359
6712,82066,82065518,11105,500,-1,-1,1,632,90.0,0,-1.0,0,0,0,639,359
6713,82078,82076631,11113,500,-1,-1,1,525,90.0,0,-1.0,0,0,0,639,359
6714,82089,82087737,11106,500,-1,-1,1,525,90.1,0,-1.0,0,0,0,639,359
6715,82100,82098851,11114,500,-1,-1,1,525,90.1,1,-1.0,0,0,0,639,359
6716,82111,82109956,11105,500,-1,-1,1,545,90.2,0,-1.0,0,0,0,639,359
6717,82122,82121069,11113,500,-1,-1,1,527,89.8,0,-1.0,0,0,0,639,359
6718,82133,82132174,11105,500,-1,-1,1,537,89.9,0,-1.0,0,0,0,639,359
6719,82144,82143286,11112,500,-1,-1,1,632,89.9,0,-1.0,0,0,0,639,359
6720,82155,82154395,11109,500,-1,-1,1,526,90.0,0,-1.0,0,0,0,639,359
6721,82166,82165504,11109,500,-1,-1,1,630,90.0,0,-1.0,0,0,0,639,359
6722,82177,82176611,11107,500,-1,-1,1,528,90.0,0,-1.0,0,0,0,639,359
6723,82189,82187723,11112,500,-1,-1,1,526,90.1,0,-1.0,0,0,0,639,359
6724,82200,82198825,11102,500,-1,-1,1,525,90.1,1,-1.0,0,0,0,639,359
6725,82211,82209948,11123,500,-1,-1,1,547,90.1,0,-1.0,0,0,0,639,359
6726,82222,82221049,11101,500,-1,-1,1,528,90.1,0,-1.0,0,0,0,639,359
6727,82233,82232161,11112,500,-1,-1,1,546,89.9,0,-1.0,0,0,0,639,359
6728,82244,82243269,11108,500,-1,-1,1,645,89.9,0,-1.0,0,0,0,639,359
6729,82255,82254385,11116,500,-1,-1,1,528,90.0,0,-1.0,0,0,0,639,359
6730,82266,82265485,11100,500,-1,-1,1,641,90.0,0,-1.0,0,0,0,639,359
6731,82278,82276716,11231,500,-1,-1,1,526,90.0,0,-1.0,0,0,0,639,359
6732,82289,82287703,10987,500,-1,-1,1,526,90.0,0,-1.0,0,0,0,639,359
6733,82300,82298814,11111,500,-1,-1,1,527,90.1,1,-1.0,0,0,0,639,359
6734,82311,82309926,11112,500,-1,-1,1,532,90.1,0,-1.0,0,0,0,639,359
6735,82322,82321036,11110,500,-1,-1,1,546,90.1,0,-1.0,0,0,0,639,359
6736,82334,82332141,11105,500,-1,-1,1,528,89.9,0,-1.0,0,0,0,639,359
6737,82344,82343255,11114,500,-1,-1,1,633,90.0,0,-1.0,0,0,0,639,359
6738,82355,82354364,11109,500,-1,-1,1,526,90.0,0,-1.0,0,0,0,639,359
6739,82366,82365470,11106,500,-1,-1,1,633,90.0,0,-1.0,0,0,0,639,359
6740,82377,82376583,11113,500,-1,-1,1,524,90.0,0,-1.0,0,0,0,639,359
6741,82389,82387687,11104,500,-1,-1,1,531,90.0,0,-1.0,0,0,0,639,359
6742,82400,82398796,11109,500,-1,-1,1,527,90.1,1,-1.0,0,0,0,639,359
6743,82411,82409909,11113,500,-1,-1,1,543,90.1,0,-1.0,0,0,0,639,359
6744,82422,82421016,11107,500,-1,-1,1,535,90.1,0,-1.0,0,0,0,639,359
6745,82433,82432127,11111,500,-1,-1,1,548,89.9,0,-1.0,0,0,0,639,359
6746,82444,82443233,11106,500,-1,-1,1,636,90.0,0,-1.0,0,0,0,639,359
6747,82455,82454344,11111,500,-1,-1,1,525,90.0,0,-1.0,0,0,0,639,359
6748,82466,82465454,11110,500,-1,-1,1,637,90.0,0,-1.0,0,0,0,639,359
6749,82478,82476670,11216,500,-1,-1,1,526,90.0,0,-1.0,0,0,0,639,359
6750,82601,82487668,10998,500,-1,-1,1,609,76.2,0,-1.0,0,0,0,639,359
6751,82602,82598746,111078,500,-1,-1,1,601,77.6,1,-1.0,0,0,0,639,359
6752,82611,82609880,11134,500,-1,-1,1,632,77.9,0,-1.0,0,0,0,639,359
6753,82622,82620982,11102,500,-1,-1,1,534,78.1,0,-1.0,0,0,0,639,359
6754,82633,82632093,11111,500,-1,-1,1,526,78.3,0,-1.0,0,0,0,639,359
6755,82644,82643197,11104,500,-1,-1,1,626,78.4,0,-1.0,0,0,0,639,359
6756,82655,82654311,11114,500,-1,-1,1,525,78.6,0,-1.0,0,0,0,639,359
6757,82666,82665419,11108,500,-1,-1,1,531,78.8,0,-1.0,0,0,0,639,359
6758,82677,82676528,11109,500,-1,-1,1,526,78.9,0,-1.0,0,0,0,639,359
6759,82688,82687637,11109,500,-1,-1,1,631,79.1,0,-1.0,0,0,0,639,359
6760,82700,82698752,11115,500,-1,-1,1,637,79.2,1,-1.0,0,0,0,639,359
6761,82711,82709856,11104,500,-1,-1,1,634,79.4,0,-1.0,0,0,0,639,359
6762,82722,82720967,11111,500,-1,-1,1,525,79.5,0,-1.0,0,0,0,639,359
6763,82733,82732070,11103,500,-1,-1,1,546,79.7,0,-1.0,0,0,0,639,359
6764,82744,82743183,11113,500,-1,-1,1,545,79.7,0,-1.0,0,0,0,639,359
6765,82755,82754290,11107,500,-1,-1,1,605,79.9,0,-1.0,0,0,0,639,359
6766,82766,82765404,11114,500,-1,-1,1,604,80.0,0,-1.0,0,0,0,639,359
6767,82777,82776511,11107,500,-1,-1,1,628,80.1,0,-1.0,0,0,0,639,359
6768,82789,82787624,11113,500,-1,-1,1,527,80.3,0,-1.0,0,0,0,639,359
6769,82800,82798728,11104,500,-1,-1,1,525,80.4,1,-1.0,0,0,0,639,359
6770,82811,82809845,11117,500,-1,-1,1,528,80.5,0,-1.0,0,0,0,639,359
6771,82822,82820945,11100,500,-1,-1,1,543,80.6,0,-1.0,0,0,0,639,359
6772,82833,82832061,11116,500,-1,-1,1,630,80.7,0,-1.0,0,0,0,639,359
6773,82844,82843170,11109,500,-1,-1,1,536,80.8,0,-1.0,0,0,0,639,359
6774,82855,82854275,11105,500,-1,-1,1,632,80.9,0,-1.0,0,0,0,639,359
6775,82867,82865382,11107,500,-1,-1,1,550,81.0,0,-1.0,0,0,0,639,359
6776,82877,82876492,11110,500,-1,-1,1,526,90.9,0,-1.0,0,0,0,639,359
6777,82888,82887602,11110,500,-1,-1,1,525,90.9,0,-1.0,0,0,0,639,359
6778,82899,82898715,11113,500,-1,-1,1,525,90.9,1,-1.0,0,0,0,639,359
6779,82911,82909822,11107,500,-1,-1,1,550,90.9,0,-1.0,0,0,0,639,359
6780,82922,82920927,11105,500,-1,-1,1,531,90.9,0,-1.0,0,0,0,639,359
6781,82933,82932042,11115,500,-1,-1,1,545,90.9,0,-1.0,0,0,0,639,359
6782,82944,82943150,11108,500,-1,-1,1,632,89.7,0,-1.0,0,0,0,639,359
6783,82955,82954259,11109,500,-1,-1,1,527,89.9,0,-1.0,0,0,0,639,359
6784,82966,82965368,11109,500,-1,-1,1,631,90.0,0,-1.0,0,0,0,639,359
6785,82977,82976478,11110,500,-1,-1,1,524,90.1,0,-1.0,0,0,0,639,359
6786,82988,82987585,11107,500,-1,-1,1,532,90.2,0,-1.0,0,0,0,639,359
6787,82999,82998690,11105,500,-1,-1,1,526,90.2,1,-1.0,0,0,0,639,359
6788,83011,83009807,11117,500,-1,-1,1,546,90.3,0,-1.0,0,0,0,639,359
6789,83022,83020912,11105,500,-1,-1,1,527,90.3,0,-1.0,0,0,0,639,359
6790,83033,83032025,11113,500,-1,-1,1,546,90.4,0,-1.0,0,0,0,639,359
6791,83044,83043135,11110,500,-1,-1,1,630,89.9,0,-1.0,0,0,0,639,359
6792,83055,83054247,11112,500,-1,-1,1,524,89.9,0,-1.0,0,0,0,639,359
6793,83066,83065349,11102,500,-1,-1,1,632,90.0,0,-1.0,0,0,0,639,359
6794,83077,83076463,11114,500,-1,-1,1,525,90.0,0,-1.0,0,0,0,639,359
6795,83088,83087565,11102,500,-1,-1,1,526,90.1,0,-1.0,0,0,0,639,359
6796,83100,83098674,11109,500,-1,-1,1,529,90.1,1,-1.0,0,0,0,639,359
6797,83111,83109788,11114,500,-1,-1,1,536,90.2,0,-1.0,0,0,0,639,359
6798,83122,83120897,11109,500,-1,-1,1,525,90.2,0,-1.0,0,0,0,639,359
6799,83133,83132004,11107,500,-1,-1,1,530,90.2,0,-1.0,0,0,0,639,359
6800,83144,83143118,11114,500,-1,-1,1,633,89.9,0,-1.0,0,0,0,639,359
6801,83155,83154228,11110,500,-1,-1,1,524,90.3,0,-1.0,0,0,0,639,359
6802,83166,83165332,11104,500,-1,-1,1,630,90.0,0,-1.0,0,0,0,639,359
6803,83177,83176440,11108,500,-1,-1,1,525,90.0,0,-1.0,0,0,0,639,359
6804,83188,83187551,11111,500,-1,-1,1,529,90.1,0,-1.0,0,0,0,639,359
6805,83199,83198656,11105,500,-1,-1,1,528,90.1,1,-1.0,0,0,0,639,359
6806,83211,83209772,11116,500,-1,-1,1,542,90.1,0,-1.0,0,0,0,639,359
6807,83222,83220878,11106,500,-1,-1,1,537,90.1,0,-1.0,0,0,0,639,359
6808,83233,83231990,11112,500,-1,-1,1,527,90.2,0,-1.0,0,0,0,639,359
6809,83244,83243100,11110,500,-1,-1,1,634,89.9,0,-1.0,0,0,0,639,359
6810,83255,83254259,11159,500,-1,-1,1,525,90.0,0,-1.0,0,0,0,639,359
6811,83266,83265314,11055,500,-1,-1,1,628,90.0,0,-1.0,0,0,0,639,359
6812,83277,83276425,11111,500,-1,-1,1,527,90.0,0,-1.0,0,0,0,639,359
6813,83288,83287532,11107,500,-1,-1,1,525,90.0,0,-1.0,0,0,0,639,359
6814,83299,83298641,11109,500,-1,-1,1,524,90.1,1,-1.0,0,0,0,639,359
6815,83311,83309752,11111,500,-1,-1,1,549,90.1,0,-1.0,0,0,0,639,359
6816,83322,83320864,11112,500,-1,-1,1,528,90.1,0,-1.0,0,0,0,639,359
6817,83333,83331972,11108,500,-1,-1,1,539,90.1,0,-1.0,0,0,0,639,359
6818,83344,83343086,11114,500,-1,-1,1,631,90.0,0,-1.0,0,0,0,639,359
6819,83355,83354192,11106,500,-1,-1,1,525,90.0,0,-1.0,0,0,0,639,359
6820,83366,83365302,11110,500,-1,-1,1,632,90.0,0,-1.0,0,0,0,639,359
6821,83377,83376531,11229,500,-1,-1,1,525,90.0,0,-1.0,0,0,0,639,359
6822,83388,83387517,10986,500,-1,-1,1,525,90.0,0,-1.0,0,0,0,639,359
6823,83399,83398623,11106,500,-1,-1,1,525,90.1,1,-1.0,0,0,0,639,359
6824,83411,83409742,11119,500,-1,-1,1,544,90.1,0,-1.0,0,0,0,639,359
6825,83422,83420847,11105,500,-1,-1,1,546,90.1,0,-1.0,0,0,0,639,359
6826,83433,83431955,11108,500,-1,-1,1,543,90.1,0,-1.0,0,0,0,639,359
6827,83444,83443064,11109,500,-1,-1,1,717,90.0,0,-1.0,0,0,0,639,359
6828,83455,83454178,11114,500,-1,-1,1,526,90.0,0,-1.0,0,0,0,639,359
6829,83466,83465281,11103,500,-1,-1,1,640,90.0,0,-1.0,0,0,0,639,359
6830,83477,83476393,11112,500,-1,-1,1,526,90.0,0,-1.0,0,0,0,639,359
6831,83488,83487495,11102,500,-1,-1,1,528,90.0,0,-1.0,0,0,0,639,359
6832,83500,83498607,11112,500,-1,-1,1,525,90.0,1,-1.0,0,0,0,639,359
6833,83511,83509722,11115,500,-1,-1,1,545,90.1,0,-1.0,0,0,0,639,359
6834,83522,83520828,11106,500,-1,-1,1,545,90.1,0,-1.0,0,0,0,639,359
6835,83533,83531940,11112,500,-1,-1,1,547,90.1,0,-1.0,0,0,0,639,359
6836,83544,83543046,11106,500,-1,-1,1,635,90.0,0,-1.0,0,0,0,639,359
6837,83555,83554158,11112,500,-1,-1,1,527,90.0,0,-1.0,0,0,0,639,359
6838,83566,83565268,11110,500,-1,-1,1,629,90.0,0,-1.0,0,0,0,639,359
6839,83577,83576371,11103,500,-1,-1,1,603,90.0,0,-1.0,0,0,0,639,359
6840,83694,83587484,11113,500,-1,-1,1,632,78.5,0,-1.0,0,0,0,639,359
6841,83695,83687448,99964,500,-1,-1,1,1164,79.6,1,-1.0,0,0,0,639,359
6842,83699,83698587,11139,500,-1,-1,1,631,80.4,0,-1.0,0,0,0,639,359
6843,83711,83709689,11102,500,-1,-1,1,527,80.6,0,-1.0,0,0,0,639,359
6844,83722,83720796,11107,500,-1,-1,1,526,80.7,0,-1.0,0,0,0,639,359
6845,83733,83731899,11103,500,-1,-1,1,636,80.8,0,-1.0,0,0,0,639,359
6846,83744,83743013,11114,500,-1,-1,1,626,81.0,0,-1.0,0,0,0,639,359
6847,83755,83754124,11111,500,-1,-1,1,546,81.1,0,-1.0,0,0,0,639,359
6848,83766,83765233,11109,500,-1,-1,1,542,81.1,0,-1.0,0,0,0,639,359
6849,83777,83776340,11107,500,-1,-1,1,545,81.2,0,-1.0,0,0,0,639,359
6850,83788,83787452,11112,500,-1,-1,1,634,81.3,1,-1.0,0,0,0,639,359
6851,83799,83798560,11108,500,-1,-1,1,526,81.5,0,-1.0,0,0,0,639,359
6852,83811,83809668,11108,500,-1,-1,1,632,81.6,0,-1.0,0,0,0,639,359
6853,83822,83820783,11115,500,-1,-1,1,544,81.7,0,-1.0,0,0,0,639,359
6854,83833,83831887,11104,500,-1,-1,1,528,81.8,0,-1.0,0,0,0,639,359
6855,83844,83842995,11108,500,-1,-1,1,544,81.9,0,-1.0,0,0,0,639,359
6856,83855,83854105,11110,500,-1,-1,1,637,81.9,0,-1.0,0,0,0,639,359
6857,83867,83865216,11111,500,-1,-1,1,525,82.0,0,-1.0,0,0,0,639,359
6858,83896,83887413,22197,500,-1,-1,1,526,34.5,0,-1.0,0,0,0,639,359
6859,83899,83898531,11118,500,-1,-1,1,528,60.6,1,-1.0,0,0,0,639,359
6860,83910,83909653,11122,500,-1,-1,1,529,68.2,0,-1.0,0,0,0,639,359
6861,83922,83920765,11112,500,-1,-1,1,546,72.7,0,-1.0,0,0,0,639,359
6862,83933,83931893,11128,500,-1,-1,1,631,75.8,0,-1.0,0,0,0,639,359
6863,83944,83942982,11089,500,-1,-1,1,610,76.9,0,-1.0,0,0,0,639,359
6864,83955,83954089,11107,500,-1,-1,1,634,78.7,0,-1.0,0,0,0,639,359
6865,83966,83965200,11111,500,-1,-1,1,525,80.0,0,-1.0,0,0,0,639,359
6866,83977,83976304,11104,500,-1,-1,1,532,81.1,0,-1.0,0,0,0,639,359
6867,83988,83987418,11114,500,-1,-1,1,526,82.0,0,-1.0,0,0,0,639,359
6868,83999,83998519,11101,500,-1,-1,1,527,82.7,1,-1.0,0,0,0,639,359
6869,84010,84009635,11116,500,-1,-1,1,541,83.3,0,-1.0,0,0,0,639,359
6870,84022,84020742,11107,500,-1,-1,1,536,83.9,0,-1.0,0,0,0,639,359
6871,84033,84031855,11113,500,-1,-1,1,527,84.3,0,-1.0,0,0,0,639,359
6872,84044,84042964,11109,500,-1,-1,1,625,84.7,0,-1.0,0,0,0,639,359
6873,84055,84054075,11111,500,-1,-1,1,531,85.1,0,-1.0,0,0,0,639,359
6874,84066,84065180,11105,500,-1,-1,1,603,85.0,0,-1.0,0,0,0,639,359
6875,84077,84076293,11113,500,-1,-1,1,524,85.3,0,-1.0,0,0,0,639,359
6876,84088,84087398,11105,500,-1,-1,1,525,85.6,0,-1.0,0,0,0,639,359
6877,84099,84098509,11111,500,-1,-1,1,523,85.8,1,-1.0,0,0,0,639,359
6878,84110,84109619,11110,500,-1,-1,1,546,86.1,0,-1.0,0,0,0,639,359
6879,84122,84120731,11112,500,-1,-1,1,527,86.3,0,-1.0,0,0,0,639,359
6880,84133,84131833,11102,500,-1,-1,1,542,86.5,0,-1.0,0,0,0,639,359
6881,84144,84142946,11113,500,-1,-1,1,626,86.6,0,-1.0,0,0,0,639,359
6882,84155,84154054,11108,500,-1,-1,1,525,86.5,0,-1.0,0,0,0,639,359
6883,84166,84165165,11111,500,-1,-1,1,627,86.7,0,-1.0,0,0,0,639,359
6884,84177,84176272,11107,500,-1,-1,1,524,86.8,0,-1.0,0,0,0,639,359
6885,84188,84187379,11107,500,-1,-1,1,526,87.0,0,-1.0,0,0,0,639,359
6886,84199,84198489,11110,500,-1,-1,1,526,87.1,1,-1.0,0,0,0,639,359
6887,84211,84209603,11114,500,-1,-1,1,548,87.2,0,-1.0,0,0,0,639,359
6888,84222,84220709,11106,500,-1,-1,1,532,87.3,0,-1.0,0,0,0,639,359
6889,84233,84231818,11109,500,-1,-1,1,545,87.4,0,-1.0,0,0,0,639,359
6890,84244,84242928,11110,500,-1,-1,1,641,87.5,0,-1.0,0,0,0,639,359
6891,84256,84254042,11114,500,-1,-1,1,525,87.4,0,-1.0,0,0,0,639,359
6892,84266,84265145,11103,500,-1,-1,1,632,87.5,0,-1.0,0,0,0,639,359
6893,84277,84276258,11113,500,-1,-1,1,597,87.6,0,-1.0,0,0,0,639,359
6894,84288,84287363,11105,500,-1,-1,1,526,87.7,0,-1.0,0,0,0,639,359
6895,84299,84298474,11111,500,-1,-1,1,526,87.8,1,-1.0,0,0,0,639,359
6896,84310,84309586,11112,500,-1,-1,1,546,87.8,0,-1.0,0,0,0,639,359
6897,84322,84320692,11106,500,-1,-1,1,526,87.9,0,-1.0,0,0,0,639,359
6898,84333,84331803,11111,500,-1,-1,1,550,88.0,0,-1.0,0,0,0,639,359
6899,84344,84342915,11112,500,-1,-1,1,629,87.9,0,-1.0,0,0,0,639,359
6900,84355,84354021,11106,500,-1,-1,1,526,87.9,0,-1.0,0,0,0,639,359
6901,84366,84365130,11109,500,-1,-1,1,633,88.0,0,-1.0,0,0,0,639,359
6902,84377,84376237,11107,500,-1,-1,1,526,88.1,0,-1.0,0,0,0,639,359
6903,84388,84387348,11111,500,-1,-1,1,524,88.1,0,-1.0,0,0,0,639,359
6904,84399,84398456,11108,500,-1,-1,1,525,88.2,1,-1.0,0,0,0,639,359
6905,84410,84409573,11117,500,-1,-1,1,546,88.2,0,-1.0,0,0,0,639,359
6906,84421,84420675,11102,500,-1,-1,1,528,88.3,0,-1.0,0,0,0,639,359
6907,84433,84431784,11109,500,-1,-1,1,533,88.3,0,-1.0,0,0,0,639,359
6908,84444,84442892,11108,500,-1,-1,1,631,88.4,0,-1.0,0,0,0,639,359
6909,84455,84454006,11114,500,-1,-1,1,525,88.3,0,-1.0,0,0,0,639,359
6910,84466,84465109,11103,500,-1,-1,1,628,88.3,0,-1.0,0,0,0,639,359
6911,84477,84476224,11115,500,-1,-1,1,527,88.4,0,-1.0,0,0,0,639,359
6912,84488,84487329,11105,500,-1,-1,1,525,88.4,0,-1.0,0,0,0,639,359
6913,84499,84498441,11112,500,-1,-1,1,523,88.5,1,-1.0,0,0,0,639,359
6914,84510,84509550,11109,500,-1,-1,1,546,88.5,0,-1.0,0,0,0,639,359
6915,84522,84520660,11110,500,-1,-1,1,529,88.5,0,-1.0,0,0,0,639,359
6916,84533,84531765,11105,500,-1,-1,1,546,88.6,0,-1.0,0,0,0,639,359
6917,84544,84542878,11113,500,-1,-1,1,630,88.6,0,-1.0,0,0,0,639,359
6918,84555,84553983,11105,500,-1,-1,1,526,88.5,0,-1.0,0,0,0,639,359
6919,84566,84565096,11113,500,-1,-1,1,631,88.6,0,-1.0,0,0,0,639,359
6920,84577,84576206,11110,500,-1,-1,1,526,88.6,0,-1.0,0,0,0,639,359
6921,84588,84587310,11104,500,-1,-1,1,527,88.6,0,-1.0,0,0,0,639,359
6922,84599,84598419,11109,500,-1,-1,1,526,88.7,1,-1.0,0,0,0,639,359
6923,84611,84609535,11116,500,-1,-1,1,546,88.7,0,-1.0,0,0,0,639,359
6924,84621,84620642,11107,500,-1,-1,1,543,88.7,0,-1.0,0,0,0,639,359
6925,84633,84631756,11114,500,-1,-1,1,546,88.8,0,-1.0,0,0,0,639,359
6926,84644,84642859,11103,500,-1,-1,1,633,88.8,0,-1.0,0,0,0,639,359
6927,84655,84653972,11113,500,-1,-1,1,542,88.7,0,-1.0,0,0,0,639,359
6928,84666,84665076,11104,500,-1,-1,1,630,88.8,0,-1.0,0,0,0,639,359
6929,84677,84676189,11113,500,-1,-1,1,528,88.8,0,-1.0,0,0,0,639,359
6930,84830,84687294,11105,500,-1,-1,1,704,75.7,0,-1.0,0,0,0,639,359
6931,84833,84820585,133291,500,-1,-1,1,525,76.6,1,-1.0,0,0,0,639,359
6932,84834,84831705,11120,500,-1,-1,1,522,77.6,0,-1.0,0,0,0,639,359
6933,84844,84842827,11122,500,-1,-1,1,628,77.8,0,-1.0,0,0,0,639,359
6934,84855,84853933,11106,500,-1,-1,1,547,77.9,0,-1.0,0,0,0,639,359
6935,84866,84865043,11110,500,-1,-1,1,524,78.1,0,-1.0,0,0,0,639,359
6936,84877,84876156,11113,500,-1,-1,1,546,78.1,0,-1.0,0,0,0,639,359
6937,84934,84931688,55532,500,-1,-1,1,557,17.9,0,-1.0,0,0,0,639,359
6938,84944,84942807,11119,500,-1,-1,1,526,30.3,0,-1.0,0,0,0,639,359
6939,84955,84953913,11106,500,-1,-1,1,527,39.0,0,-1.0,0,0,0,639,359
6940,84966,84965026,11113,500,-1,-1,1,529,45.5,1,-1.0,0,0,0,639,359
6941,84977,84976137,11111,500,-1,-1,1,529,50.0,0,-1.0,0,0,0,639,359
6942,84988,84987246,11109,500,-1,-1,1,527,54.1,0,-1.0,0,0,0,639,359
6943,84999,84998352,11106,500,-1,-1,1,546,57.4,0,-1.0,0,0,0,639,359
6944,85010,85009466,11114,500,-1,-1,1,633,60.2,0,-1.0,0,0,0,639,359
6945,85021,85020576,11110,500,-1,-1,1,526,62.5,0,-1.0,0,0,0,639,359
6946,85033,85031684,11108,500,-1,-1,1,630,64.5,0,-1.0,0,0,0,639,359
6947,85044,85042794,11110,500,-1,-1,1,525,66.3,0,-1.0,0,0,0,639,359
6948,85055,85053901,11107,500,-1,-1,1,526,67.8,0,-1.0,0,0,0,639,359
6949,85066,85065009,11108,500,-1,-1,1,527,69.1,1,-1.0,0,0,0,639,359
6950,85077,85076124,11115,500,-1,-1,1,543,70.0,0,-1.0,0,0,0,639,359
6951,85088,85087227,11103,500,-1,-1,1,538,71.1,0,-1.0,0,0,0,639,359
6952,85099,85098338,11111,500,-1,-1,1,546,72.1,0,-1.0,0,0,0,639,359
6953,85110,85109446,11108,500,-1,-1,1,628,73.0,0,-1.0,0,0,0,639,359
6954,85121,85120560,11114,500,-1,-1,1,543,73.8,0,-1.0,0,0,0,639,359
6955,85132,85131664,11104,500,-1,-1,1,628,74.5,0,-1.0,0,0,0,639,359
6956,85144,85142779,11115,500,-1,-1,1,609,75.2,0,-1.0,0,0,0,639,359
6957,85155,85153885,11106,500,-1,-1,1,525,75.8,0,-1.0,0,0,0,639,359
6958,85166,85164993,11108,500,-1,-1,1,525,76.4,1,-1.0,0,0,0,639,359
6959,85177,85176104,11111,500,-1,-1,1,548,76.9,0,-1.0,0,0,0,639,359
6960,85188,85187212,11108,500,-1,-1,1,542,77.2,0,-1.0,0,0,0,639,359
6961,85199,85198318,11106,500,-1,-1,1,541,77.6,0,-1.0,0,0,0,639,359
6962,85210,85209431,11113,500,-1,-1,1,629,78.1,0,-1.0,0,0,0,639,359
6963,85222,85220541,11110,500,-1,-1,1,525,78.5,0,-1.0,0,0,0,639,359
6964,85233,85231650,11109,500,-1,-1,1,631,78.9,0,-1.0,0,0,0,639,359
6965,85244,85242757,11107,500,-1,-1,1,561,79.2,0,-1.0,0,0,0,639,359
6966,85255,85253864,11107,500,-1,-1,1,527,79.6,0,-1.0,0,0,0,639,359
6967,85266,85264975,11111,500,-1,-1,1,525,79.9,1,-1.0,0,0,0,639,359
6968,85277,85276089,11114,500,-1,-1,1,546,80.0,0,-1.0,0,0,0,639,359
6969,85288,85287193,11104,500,-1,-1,1,545,80.3,0,-1.0,0,0,0,639,359
6970,85299,85298306,11113,500,-1,-1,1,543,80.6,0,-1.0,0,0,0,639,359
6971,85310,85309410,11104,500,-1,-1,1,634,80.8,0,-1.0,0,0,0,639,359
6972,85322,85320524,11114,500,-1,-1,1,528,81.1,0,-1.0,0,0,0,639,359
6973,85332,85331630,11106,500,-1,-1,1,633,81.3,0,-1.0,0,0,0,639,359
6974,85344,85342745,11115,500,-1,-1,1,558,81.5,0,-1.0,0,0,0,639,359
6975,85355,85353849,11104,500,-1,-1,1,526,81.8,0,-1.0,0,0,0,639,359
6976,85366,85364956,11107,500,-1,-1,1,526,82.0,1,-1.0,0,0,0,639,359
6977,85377,85376070,11114,500,-1,-1,1,527,82.2,0,-1.0,0,0,0,639,359
6978,85388,85387179,11109,500,-1,-1,1,530,82.2,0,-1.0,0,0,0,639,359
6979,85399,85398287,11108,500,-1,-1,1,542,82.4,0,-1.0,0,0,0,639,359
6980,85410,85409397,11110,500,-1,-1,1,634,82.6,0,-1.0,0,0,0,639,359
6981,85422,85420507,11110,500,-1,-1,1,527,82.7,0,-1.0,0,0,0,639,359
6982,85432,85431616,11109,500,-1,-1,1,637,82.9,0,-1.0,0,0,0,639,359
6983,85444,85442727,11111,500,-1,-1,1,525,83.0,0,-1.0,0,0,0,639,359
6984,85455,85453832,11105,500,-1,-1,1,524,83.2,0,-1.0,0,0,0,639,359
6985,85466,85464942,11110,500,-1,-1,1,527,83.3,1,-1.0,0,0,0,639,359
6986,85477,85476053,11111,500,-1,-1,1,541,83.5,0,-1.0,0,0,0,639,359
6987,85488,85487159,11106,500,-1,-1,1,533,83.5,0,-1.0,0,0,0,639,359
6988,85499,85498269,11110,500,-1,-1,1,546,83.6,0,-1.0,0,0,0,639,359
6989,85510,85509378,11109,500,-1,-1,1,626,83.7,0,-1.0,0,0,0,639,359
6990,85521,85520492,11114,500,-1,-1,1,525,83.9,0,-1.0,0,0,0,639,359
6991,85532,85531599,11107,500,-1,-1,1,630,84.0,0,-1.0,0,0,0,639,359
6992,85544,85542709,11110,500,-1,-1,1,571,84.0,0,-1.0,0,0,0,639,359
6993,85555,85553815,11106,500,-1,-1,1,523,84.2,0,-1.0,0,0,0,639,359
6994,85566,85564924,11109,500,-1,-1,1,523,84.3,1,-1.0,0,0,0,639,359
6995,85577,85576035,11111,500,-1,-1,1,544,84.4,0,-1.0,0,0,0,639,359
6996,85588,85587141,11106,500,-1,-1,1,534,84.4,0,-1.0,0,0,0,639,359
6997,85599,85598251,11110,500,-1,-1,1,535,84.5,0,-1.0,0,0,0,639,359
6998,85610,85609361,11110,500,-1,-1,1,629,84.6,0,-1.0,0,0,0,639,359
6999,85622,85620471,11110,500,-1,-1,1,528,84.7,0,-1.0,0,0,0,639,359
7000,85633,85631582,11111,500,-1,-1,1,633,84.8,0,-1.0,0,0,0,639,359
7001,85644,85642694,11112,500,-1,-1,1,526,84.9,0,-1.0,0,0,0,639,359
7002,85655,85653796,11102,500,-1,-1,1,524,84.9,0,-1.0,0,0,0,639,359
7003,85666,85664910,11114,500,-1,-1,1,525,85.0,1,-1.0,0,0,0,639,359
7004,85677,85676022,11112,500,-1,-1,1,542,85.0,0,-1.0,0,0,0,639,359
7005,85688,85687127,11105,500,-1,-1,1,544,85.1,0,-1.0,0,0,0,639,359
7006,85699,85698237,11110,500,-1,-1,1,543,85.2,0,-1.0,0,0,0,639,359
7007,85710,85709342,11105,500,-1,-1,1,629,85.2,0,-1.0,0,0,0,639,359
7008,85721,85720457,11115,500,-1,-1,1,528,85.3,0,-1.0,0,0,0,639,359
7009,85732,85731563,11106,500,-1,-1,1,626,85.4,0,-1.0,0,0,0,639,359
7010,85744,85742676,11113,500,-1,-1,1,562,85.4,0,-1.0,0,0,0,639,359
7011,85755,85753780,11104,500,-1,-1,1,525,85.5,0,-1.0,0,0,0,639,359
7012,85766,85764891,11111,500,-1,-1,1,525,85.6,1,-1.0,0,0,0,639,359
7013,85777,85776004,11113,500,-1,-1,1,550,85.7,0,-1.0,0,0,0,639,359
7014,85788,85787113,11109,500,-1,-1,1,544,85.7,0,-1.0,0,0,0,639,359
7015,85799,85798218,11105,500,-1,-1,1,544,85.7,0,-1.0,0,0,0,639,359
7016,85810,85809330,11112,500,-1,-1,1,629,85.7,0,-1.0,0,0,0,639,359
7017,85821,85820438,11108,500,-1,-1,1,527,85.8,0,-1.0,0,0,0,639,359
7018,85832,85831548,11110,500,-1,-1,1,631,85.9,0,-1.0,0,0,0,639,359
7019,85844,85842659,11111,500,-1,-1,1,611,85.9,0,-1.0,0,0,0,639,359
7020,85902,85853766,11107,500,-1,-1,1,726,82.0,0,-1.0,0,0,0,639,359
7021,85966,85964847,111081,500,-1,-1,1,583,15.9,1,-1.0,0,0,0,639,359
7022,85977,85975965,11118,500,-1,-1,1,531,27.0,0,-1.0,0,0,0,639,359
7023,85988,85987078,11113,500,-1,-1,1,545,34.9,0,-1.0,0,0,0,639,359
7024,85999,85998184,11106,500,-1,-1,1,630,41.2,0,-1.0,0,0,0,639,359
7025,86010,86009298,11114,500,-1,-1,1,625,46.3,0,-1.0,0,0,0,639,359
7026,86021,86020401,11103,500,-1,-1,1,631,50.4,0,-1.0,0,0,0,639,359
7027,86032,86031517,11116,500,-1,-1,1,527,53.8,0,-1.0,0,0,0,639,359
7028,86043,86042625,11108,500,-1,-1,1,525,56.7,0,-1.0,0,0,0,639,359
7029,86055,86053733,11108,500,-1,-1,1,529,59.2,0,-1.0,0,0,0,639,359
7030,86066,86064835,11102,500,-1,-1,1,526,61.3,1,-1.0,0,0,0,639,359
7031,86077,86075950,11115,500,-1,-1,1,534,63.2,0,-1.0,0,0,0,639,359
7032,86088,86087058,11108,500,-1,-1,1,567,64.9,0,-1.0,0,0,0,639,359
7033,86099,86098169,11111,500,-1,-1,1,534,66.0,0,-1.0,0,0,0,639,359
7034,86110,86109276,11107,500,-1,-1,1,628,67.3,0,-1.0,0,0,0,639,359
7035,86122,86120388,11112,500,-1,-1,1,526,68.5,0,-1.0,0,0,0,639,359
7036,86132,86131497,11109,500,-1,-1,1,632,69.6,0,-1.0,0,0,0,639,359
7037,86143,86142608,11111,500,-1,-1,1,594,70.5,0,-1.0,0,0,0,639,359
7038,86155,86153714,11106,500,-1,-1,1,525,71.4,0,-1.0,0,0,0,639,359
7039,86166,86164821,11107,500,-1,-1,1,536,72.2,1,-1.0,0,0,0,639,359
7040,86177,86175935,11114,500,-1,-1,1,545,73.0,0,-1.0,0,0,0,639,359
7041,86188,86187044,11109,500,-1,-1,1,523,73.7,0,-1.0,0,0,0,639,359
7042,86199,86198146,11102,500,-1,-1,1,539,74.3,0,-1.0,0,0,0,639,359
7043,86210,86209262,11116,500,-1,-1,1,634,74.7,0,-1.0,0,0,0,639,359
7044,86221,86220373,11111,500,-1,-1,1,533,75.2,0,-1.0,0,0,0,639,359
7045,86232,86231479,11106,500,-1,-1,1,631,75.8,0,-1.0,0,0,0,639,359
7046,86243,86242587,11108,500,-1,-1,1,611,76.2,0,-1.0,0,0,0,639,359
7047,86255,86253698,11111,500,-1,-1,1,524,76.7,0,-1.0,0,0,0,639,359
7048,86266,86264804,11106,500,-1,-1,1,525,77.1,1,-1.0,0,0,0,639,359
7049,86277,86275918,11114,500,-1,-1,1,549,77.5,0,-1.0,0,0,0,639,359
7050,86288,86287024,11106,500,-1,-1,1,547,77.9,0,-1.0,0,0,0,639,359
7051,86299,86298133,11109,500,-1,-1,1,538,78.1,0,-1.0,0,0,0,639,359
7052,86310,86309242,11109,500,-1,-1,1,636,78.4,0,-1.0,0,0,0,639,359
7053,86321,86320356,11114,500,-1,-1,1,527,78.8,0,-1.0,0,0,0,639,359
7054,86332,86331464,11108,500,-1,-1,1,633,79.1,0,-1.0,0,0,0,639,359
7055,86344,86342570,11106,500,-1,-1,1,527,79.4,0,-1.0,0,0,0,639,359
7056,86354,86353676,11106,500,-1,-1,1,527,79.6,0,-1.0,0,0,0,639,359
7057,86366,86364790,11114,500,-1,-1,1,526,79.9,1,-1.0,0,0,0,639,359
7058,86377,86375899,11109,500,-1,-1,1,546,80.2,0,-1.0,0,0,0,639,359
7059,86388,86387008,11109,500,-1,-1,1,544,80.2,0,-1.0,0,0,0,639,359
7060,86399,86398116,11108,500,-1,-1,1,545,80.6,0,-1.0,0,0,0,639,359
7061,86410,86409227,11111,500,-1,-1,1,634,80.7,0,-1.0,0,0,0,639,359
7062,86421,86420338,11111,500,-1,-1,1,527,80.9,0,-1.0,0,0,0,639,359
7063,86432,86431445,11107,500,-1,-1,1,634,81.1,0,-1.0,0,0,0,639,359
7064,86443,86442554,11109,500,-1,-1,1,529,81.3,0,-1.0,0,0,0,639,359
7065,86454,86453663,11109,500,-1,-1,1,527,81.5,0,-1.0,0,0,0,639,359
7066,86466,86464768,11105,500,-1,-1,1,527,81.7,1,-1.0,0,0,0,639,359
7067,86477,86475884,11116,500,-1,-1,1,528,81.9,0,-1.0,0,0,0,639,359
7068,86488,86486985,11101,500,-1,-1,1,529,82.1,0,-1.0,0,0,0,639,359
7069,86499,86498097,11112,500,-1,-1,1,529,82.2,0,-1.0,0,0,0,639,359
7070,86510,86509211,11114,500,-1,-1,1,626,82.2,0,-1.0,0,0,0,639,359
7071,86521,86520319,11108,500,-1,-1,1,526,82.4,0,-1.0,0,0,0,639,359
7072,86532,86531425,11106,500,-1,-1,1,634,82.5,0,-1.0,0,0,0,639,359
7073,86543,86542540,11115,500,-1,-1,1,524,82.7,0,-1.0,0,0,0,639,359
7074,86554,86553643,11103,500,-1,-1,1,527,82.8,0,-1.0,0,0,0,639,359
7075,86566,86564753,11110,500,-1,-1,1,528,83.0,1,-1.0,0,0,0,639,359
7076,86577,86575867,11114,500,-1,-1,1,536,83.1,0,-1.0,0,0,0,639,359
7077,86588,86586975,11108,500,-1,-1,1,532,83.2,0,-1.0,0,0,0,639,359
7078,86599,86598087,11112,500,-1,-1,1,529,83.3,0,-1.0,0,0,0,639,359
7079,86610,86609192,11105,500,-1,-1,1,631,83.3,0,-1.0,0,0,0,639,359
7080,86621,86620304,11112,500,-1,-1,1,528,83.4,0,-1.0,0,0,0,639,359
7081,86632,86631411,11107,500,-1,-1,1,641,83.6,0,-1.0,0,0,0,639,359
7082,86644,86642521,11110,500,-1,-1,1,525,83.7,0,-1.0,0,0,0,639,359
7083,86655,86653630,11109,500,-1,-1,1,526,83.8,0,-1.0,0,0,0,639,359
7084,86666,86664734,11104,500,-1,-1,1,524,83.9,1,-1.0,0,0,0,639,359
7085,86677,86675851,11117,500,-1,-1,1,545,84.0,0,-1.0,0,0,0,639,359
7086,86688,86686956,11105,500,-1,-1,1,541,84.1,0,-1.0,0,0,0,639,359
7087,86699,86698066,11110,500,-1,-1,1,532,84.1,0,-1.0,0,0,0,639,359
7088,86710,86709176,11110,500,-1,-1,1,632,84.2,0,-1.0,0,0,0,639,359
7089,86721,86720286,11110,500,-1,-1,1,525,84.2,0,-1.0,0,0,0,639,359
7090,86732,86731391,11105,500,-1,-1,1,630,84.3,0,-1.0,0,0,0,639,359
7091,86744,86742503,11112,500,-1,-1,1,607,84.4,0,-1.0,0,0,0,639,359
7092,86754,86753610,11107,500,-1,-1,1,529,84.5,0,-1.0,0,0,0,639,359
7093,86766,86764719,11109,500,-1,-1,1,526,84.6,1,-1.0,0,0,0,639,359
7094,86777,86775832,11113,500,-1,-1,1,550,84.7,0,-1.0,0,0,0,639,359
7095,86788,86786946,11114,500,-1,-1,1,543,84.7,0,-1.0,0,0,0,639,359
7096,86799,86798047,11101,500,-1,-1,1,545,84.8,0,-1.0,0,0,0,639,359
7097,86810,86809159,11112,500,-1,-1,1,635,84.8,0,-1.0,0,0,0,639,359
7098,86821,86820269,11110,500,-1,-1,1,527,84.9,0,-1.0,0,0,0,639,359
7099,86832,86831376,11107,500,-1,-1,1,635,84.9,0,-1.0,0,0,0,639,359
7100,86843,86842485,11109,500,-1,-1,1,527,85.0,0,-1.0,0,0,0,639,359
7101,86854,86853596,11111,500,-1,-1,1,527,85.1,0,-1.0,0,0,0,639,359
7102,86865,86864702,11106,500,-1,-1,1,526,85.2,1,-1.0,0,0,0,639,359
7103,86877,86875818,11116,500,-1,-1,1,545,85.2,0,-1.0,0,0,0,639,359
7104,86888,86886922,11104,500,-1,-1,1,527,85.3,0,-1.0,0,0,0,639,359
7105,86899,86898028,11106,500,-1,-1,1,542,85.3,0,-1.0,0,0,0,639,359
7106,86910,86909141,11113,500,-1,-1,1,635,85.3,0,-1.0,0,0,0,639,359
7107,86954,86953569,44428,500,-1,-1,1,588,22.7,0,-1.0,0,0,0,639,359
7108,86966,86964686,11117,500,-1,-1,1,527,36.4,0,-1.0,0,0,0,639,359
7109,86977,86975792,11106,500,-1,-1,1,526,45.5,0,-1.0,0,0,0,639,359
7110,87055,86986903,11111,500,-1,-1,1,611,27.6,0,-1.0,0,0,0,639,359
7111,87056,87053544,66641,500,-1,-1,1,601,34.2,1,-1.0,0,0,0,639,359
7112,87066,87064672,11128,500,-1,-1,1,633,38.7,0,-1.0,0,0,0,639,359
7113,87077,87075779,11107,500,-1,-1,1,533,42.2,0,-1.0,0,0,0,639,359
7114,87088,87086887,11108,500,-1,-1,1,528,45.2,0,-1.0,0,0,0,639,359
7115,87099,87097998,11111,500,-1,-1,1,628,47.6,0,-1.0,0,0,0,639,359
7116,87110,87109107,11109,500,-1,-1,1,525,50.0,0,-1.0,0,0,0,639,359
7117,87121,87120217,11110,500,-1,-1,1,530,52.1,0,-1.0,0,0,0,639,359
7118,87132,87131322,11105,500,-1,-1,1,547,54.1,0,-1.0,0,0,0,639,359
7119,87143,87142437,11115,500,-1,-1,1,633,55.8,0,-1.0,0,0,0,639,359
7120,87154,87153546,11109,500,-1,-1,1,633,57.4,1,-1.0,0,0,0,639,359
7121,87165,87164655,11109,500,-1,-1,1,629,58.8,0,-1.0,0,0,0,639,359
7122,87177,87175764,11109,500,-1,-1,1,631,60.2,0,-1.0,0,0,0,639,359
7123,87188,87186875,11111,500,-1,-1,1,545,61.4,0,-1.0,0,0,0,639,359
7124,87199,87197978,11103,500,-1,-1,1,547,62.5,0,-1.0,0,0,0,639,359
7125,87210,87209090,11112,500,-1,-1,1,545,63.5,0,-1.0,0,0,0,639,359
7126,87221,87220198,11108,500,-1,-1,1,630,64.3,0,-1.0,0,0,0,639,359
7127,87232,87231307,11109,500,-1,-1,1,527,65.2,0,-1.0,0,0,0,639,359
7128,87243,87242414,11107,500,-1,-1,1,631,66.1,0,-1.0,0,0,0,639,359
7129,87254,87253528,11114,500,-1,-1,1,527,66.9,1,-1.0,0,0,0,639,359
7130,87265,87264635,11107,500,-1,-1,1,528,67.6,0,-1.0,0,0,0,639,359
7131,87277,87275742,11107,500,-1,-1,1,545,68.3,0,-1.0,0,0,0,639,359
7132,87288,87286854,11112,500,-1,-1,1,634,69.0,0,-1.0,0,0,0,639,359
7133,87299,87297969,11115,500,-1,-1,1,632,69.6,0,-1.0,0,0,0,639,359
7134,87310,87309075,11106,500,-1,-1,1,633,70.0,0,-1.0,0,0,0,639,359
7135,87321,87320186,11111,500,-1,-1,1,627,70.6,0,-1.0,0,0,0,639,359
7136,87332,87331290,11104,500,-1,-1,1,526,71.1,0,-1.0,0,0,0,639,359
7137,87343,87342400,11110,500,-1,-1,1,523,71.6,0,-1.0,0,0,0,639,359
7138,87354,87353506,11106,500,-1,-1,1,527,72.1,1,-1.0,0,0,0,639,359
7139,87366,87364621,11115,500,-1,-1,1,535,72.5,0,-1.0,0,0,0,639,359
7140,87377,87375729,11108,500,-1,-1,1,527,73.0,0,-1.0,0,0,0,639,359
7141,87388,87386837,11108,500,-1,-1,1,531,73.4,0,-1.0,0,0,0,639,359
7142,87399,87397944,11107,500,-1,-1,1,631,73.8,0,-1.0,0,0,0,639,359
7143,87410,87409057,11113,500,-1,-1,1,524,74.0,0,-1.0,0,0,0,639,359
7144,87421,87420164,11107,500,-1,-1,1,633,74.4,0,-1.0,0,0,0,639,359
7145,87432,87431278,11114,500,-1,-1,1,527,74.7,0,-1.0,0,0,0,639,359
7146,87443,87442380,11102,500,-1,-1,1,526,75.0,0,-1.0,0,0,0,639,359
7147,87454,87453490,11110,500,-1,-1,1,524,75.4,1,-1.0,0,0,0,639,359
7148,87465,87464605,11115,500,-1,-1,1,544,75.7,0,-1.0,0,0,0,639,359
7149,87477,87475713,11108,500,-1,-1,1,546,76.0,0,-1.0,0,0,0,639,359
7150,87488,87486821,11108,500,-1,-1,1,545,76.3,0,-1.0,0,0,0,639,359
7151,87499,87497932,11111,500,-1,-1,1,633,76.4,0,-1.0,0,0,0,639,359
7152,87510,87509040,11108,500,-1,-1,1,525,76.8,0,-1.0,0,0,0,639,359
7153,87521,87520148,11108,500,-1,-1,1,627,76.9,0,-1.0,0,0,0,639,359
7154,87532,87531257,11109,500,-1,-1,1,612,77.2,0,-1.0,0,0,0,639,359
7155,87543,87542369,11112,500,-1,-1,1,526,77.4,0,-1.0,0,0,0,639,359
7156,87554,87553474,11105,500,-1,-1,1,526,77.6,1,-1.0,0,0,0,639,359
7157,87565,87564589,11115,500,-1,-1,1,545,77.9,0,-1.0,0,0,0,639,359
7158,87577,87575693,11104,500,-1,-1,1,547,78.1,0,-1.0,0,0,0,639,359
7159,87588,87586805,11112,500,-1,-1,1,547,78.3,0,-1.0,0,0,0,639,359
7160,87599,87597916,11111,500,-1,-1,1,635,78.5,0,-1.0,0,0,0,639,359
7161,87610,87609026,11110,500,-1,-1,1,528,78.7,0,-1.0,0,0,0,639,359
7162,87621,87620132,11106,500,-1,-1,1,640,78.8,0,-1.0,0,0,0,639,359
7163,87632,87631243,11111,500,-1,-1,1,530,78.9,0,-1.0,0,0,0,639,359
7164,87643,87642346,11103,500,-1,-1,1,527,79.1,0,-1.0,0,0,0,639,359
7165,87654,87653457,11111,500,-1,-1,1,526,79.3,1,-1.0,0,0,0,639,359
7166,87665,87664571,11114,500,-1,-1,1,532,79.5,0,-1.0,0,0,0,639,359
7167,87677,87675673,11102,500,-1,-1,1,547,79.6,0,-1.0,0,0,0,639,359
7168,87688,87686787,11114,500,-1,-1,1,546,79.8,0,-1.0,0,0,0,639,359
7169,87699,87697895,11108,500,-1,-1,1,630,79.9,0,-1.0,0,0,0,639,359
7170,87710,87709007,11112,500,-1,-1,1,524,80.1,0,-1.0,0,0,0,639,359
7171,87721,87720117,11110,500,-1,-1,1,631,80.1,0,-1.0,0,0,0,639,359
7172,87733,87731223,11106,500,-1,-1,1,527,80.3,0,-1.0,0,0,0,639,359
7173,87743,87742335,11112,500,-1,-1,1,527,80.4,0,-1.0,0,0,0,639,359
7174,87754,87753439,11104,500,-1,-1,1,527,80.6,1,-1.0,0,0,0,639,359
7175,87766,87764551,11112,500,-1,-1,1,530,80.7,0,-1.0,0,0,0,639,359
7176,87776,87775658,11107,500,-1,-1,1,528,80.8,0,-1.0,0,0,0,639,359
7177,87788,87786769,11111,500,-1,-1,1,530,81.0,0,-1.0,0,0,0,639,359
7178,87799,87797880,11111,500,-1,-1,1,631,81.1,0,-1.0,0,0,0,639,359
7179,87810,87808987,11107,500,-1,-1,1,526,81.1,0,-1.0,0,0,0,639,359
7180,87821,87820096,11109,500,-1,-1,1,633,81.2,0,-1.0,0,0,0,639,359
7181,87832,87831210,11114,500,-1,-1,1,527,81.4,0,-1.0,0,0,0,639,359
7182,87843,87842313,11103,500,-1,-1,1,524,81.5,0,-1.0,0,0,0,639,359
7183,87854,87853424,11111,500,-1,-1,1,525,81.6,1,-1.0,0,0,0,639,359
7184,87865,87864537,11113,500,-1,-1,1,546,81.7,0,-1.0,0,0,0,639,359
7185,87876,87875643,11106,500,-1,-1,1,546,81.8,0,-1.0,0,0,0,639,359
7186,87888,87886753,11110,500,-1,-1,1,546,81.9,0,-1.0,0,0,0,639,359
7187,87899,87897862,11109,500,-1,-1,1,628,82.0,0,-1.0,0,0,0,639,359
7188,87910,87908970,11108,500,-1,-1,1,527,82.1,0,-1.0,0,0,0,639,359
7189,87921,87920079,11109,500,-1,-1,1,633,82.1,0,-1.0,0,0,0,639,359
7190,87941,87931192,11113,500,-1,-1,1,702,52.6,0,-1.0,0,0,0,639,359
7191,87943,87942289,11097,500,-1,-1,1,525,90.9,0,-1.0,0,0,0,639,359
7192,87954,87953402,11113,500,-1,-1,1,525,90.9,1,-1.0,0,0,0,639,359
7193,87965,87964522,11120,500,-1,-1,1,545,90.9,0,-1.0,0,0,0,639,359
7194,87976,87975627,11105,500,-1,-1,1,546,90.9,0,-1.0,0,0,0,639,359
7195,87988,87986736,11109,500,-1,-1,1,545,90.9,0,-1.0,0,0,0,639,359
7196,87999,87997844,11108,500,-1,-1,1,635,90.9,0,-1.0,0,0,0,639,359
7197,88010,88008956,11112,500,-1,-1,1,526,90.9,0,-1.0,0,0,0,639,359
7198,88021,88020060,11104,500,-1,-1,1,629,90.0,0,-1.0,0,0,0,639,359
7199,88032,88031175,11115,500,-1,-1,1,528,90.1,0,-1.0,0,0,0,639,359
7200,88118,88042279,11104,500,-1,-1,1,612,56.1,0,-1.0,0,0,0,639,359
7201,88119,88108917,66638,500,-1,-1,1,2357,60.3,1,-1.0,0,0,0,639,359
7202,88122,88120040,11123,500,-1,-1,1,606,65.0,0,-1.0,0,0,0,639,359
7203,88132,88131155,11115,500,-1,-1,1,601,66.4,0,-1.0,0,0,0,639,359
7204,88143,88142263,11108,500,-1,-1,1,535,67.6,0,-1.0,0,0,0,639,359
7205,88154,88153375,11112,500,-1,-1,1,526,68.7,0,-1.0,0,0,0,639,359
7206,88165,88164479,11104,500,-1,-1,1,632,69.7,0,-1.0,0,0,0,639,359
7207,88176,88175595,11116,500,-1,-1,1,627,70.6,0,-1.0,0,0,0,639,359
7208,88188,88186705,11110,500,-1,-1,1,545,71.4,0,-1.0,0,0,0,639,359
7209,88199,88197814,11109,500,-1,-1,1,545,72.2,0,-1.0,0,0,0,639,359
7210,88210,88208921,11107,500,-1,-1,1,546,72.9,1,-1.0,0,0,0,639,359
7211,88221,88220031,11110,500,-1,-1,1,630,73.3,0,-1.0,0,0,0,639,359
7212,88232,88231140,11109,500,-1,-1,1,525,74.0,0,-1.0,0,0,0,639,359
7213,88243,88242246,11106,500,-1,-1,1,637,74.5,0,-1.0,0,0,0,639,359
7214,88254,88253361,11115,500,-1,-1,1,527,75.1,0,-1.0,0,0,0,639,359
7215,88265,88264464,11103,500,-1,-1,1,541,75.6,0,-1.0,0,0,0,639,359
7216,88276,88275575,11111,500,-1,-1,1,535,76.1,0,-1.0,0,0,0,639,359
7217,88288,88286685,11110,500,-1,-1,1,625,76.5,0,-1.0,0,0,0,639,359
7218,88299,88297800,11115,500,-1,-1,1,632,76.9,0,-1.0,0,0,0,639,359
7219,88310,88308905,11105,500,-1,-1,1,627,77.3,1,-1.0,0,0,0,639,359
7220,88321,88320015,11110,500,-1,-1,1,554,77.7,0,-1.0,0,0,0,639,359
7221,88332,88331121,11106,500,-1,-1,1,544,78.0,0,-1.0,0,0,0,639,359
7222,88343,88342231,11110,500,-1,-1,1,543,78.2,0,-1.0,0,0,0,639,359
7223,88354,88353343,11112,500,-1,-1,1,530,78.5,0,-1.0,0,0,0,639,359
7224,88365,88364449,11106,500,-1,-1,1,630,78.8,0,-1.0,0,0,0,639,359
7225,88376,88375556,11107,500,-1,-1,1,539,79.1,0,-1.0,0,0,0,639,359
7226,88388,88386670,11114,500,-1,-1,1,628,79.4,0,-1.0,0,0,0,639,359
7227,88399,88397776,11106,500,-1,-1,1,525,79.7,0,-1.0,0,0,0,639,359
7228,88410,88408884,11108,500,-1,-1,1,527,79.9,1,-1.0,0,0,0,639,359
7229,88421,88419998,11114,500,-1,-1,1,538,80.2,0,-1.0,0,0,0,639,359
7230,88432,88431104,11106,500,-1,-1,1,545,80.2,0,-1.0,0,0,0,639,359
7231,88443,88442211,11107,500,-1,-1,1,545,80.5,0,-1.0,0,0,0,639,359
7232,88454,88453330,11119,500,-1,-1,1,633,80.7,0,-1.0,0,0,0,639,359
7233,88465,88464436,11106,500,-1,-1,1,524,80.9,0,-1.0,0,0,0,639,359
7234,88477,88475538,11102,500,-1,-1,1,630,81.1,0,-1.0,0,0,0,639,359
7235,88488,88486651,11113,500,-1,-1,1,527,81.3,0,-1.0,0,0,0,639,359
7236,88499,88497760,11109,500,-1,-1,1,528,81.5,0,-1.0,0,0,0,639,359
7237,88510,88508864,11104,500,-1,-1,1,526,81.6,1,-1.0,0,0,0,639,359
7238,88521,88519980,11116,500,-1,-1,1,636,81.7,0,-1.0,0,0,0,639,359
7239,88532,88531091,11111,500,-1,-1,1,526,82.0,0,-1.0,0,0,0,639,359
7240,88543,88542195,11104,500,-1,-1,1,529,82.0,0,-1.0,0,0,0,639,359
7241,88554,88553306,11111,500,-1,-1,1,629,82.1,0,-1.0,0,0,0,639,359
7242,88565,88564416,11110,500,-1,-1,1,525,82.3,0,-1.0,0,0,0,639,359
7243,88576,88575526,11110,500,-1,-1,1,628,82.4,0,-1.0,0,0,0,639,359
7244,88588,88586636,11110,500,-1,-1,1,525,82.6,0,-1.0,0,0,0,639,359
7245,88599,88597741,11105,500,-1,-1,1,525,82.7,0,-1.0,0,0,0,639,359
7246,88610,88608854,11113,500,-1,-1,1,529,82.8,1,-1.0,0,0,0,639,359
7247,88621,88619960,11106,500,-1,-1,1,546,83.0,0,-1.0,0,0,0,639,359
7248,88632,88631072,11112,500,-1,-1,1,545,83.1,0,-1.0,0,0,0,639,359
7249,88643,88642180,11108,500,-1,-1,1,538,83.1,0,-1.0,0,0,0,639,359
7250,88654,88653294,11114,500,-1,-1,1,626,83.2,0,-1.0,0,0,0,639,359
7251,88665,88664395,11101,500,-1,-1,1,527,83.3,0,-1.0,0,0,0,639,359
7252,88676,88675507,11112,500,-1,-1,1,716,83.4,0,-1.0,0,0,0,639,359
7253,88687,88686618,11111,500,-1,-1,1,527,83.6,0,-1.0,0,0,0,639,359
7254,88699,88697728,11110,500,-1,-1,1,527,83.7,0,-1.0,0,0,0,639,359
7255,88710,88708832,11104,500,-1,-1,1,526,83.8,1,-1.0,0,0,0,639,359
7256,88721,88719948,11116,500,-1,-1,1,546,83.9,0,-1.0,0,0,0,639,359
7257,88732,88731053,11105,500,-1,-1,1,546,84.0,0,-1.0,0,0,0,639,359
7258,88743,88742162,11109,500,-1,-1,1,524,83.9,0,-1.0,0,0,0,639,359
7259,88754,88753273,11111,500,-1,-1,1,627,84.0,0,-1.0,0,0,0,639,359
7260,88765,88764384,11111,500,-1,-1,1,526,84.1,0,-1.0,0,0,0,639,359
7261,88776,88775491,11107,500,-1,-1,1,629,84.2,0,-1.0,0,0,0,639,359
7262,88788,88786598,11107,500,-1,-1,1,524,84.2,0,-1.0,0,0,0,639,359
7263,88799,88797707,11109,500,-1,-1,1,525,84.4,0,-1.0,0,0,0,639,359
7264,88810,88808815,11108,500,-1,-1,1,527,84.5,1,-1.0,0,0,0,639,359
7265,88821,88819928,11113,500,-1,-1,1,528,84.5,0,-1.0,0,0,0,639,359
7266,88832,88831035,11107,500,-1,-1,1,544,84.5,0,-1.0,0,0,0,639,359
7267,88843,88842147,11112,500,-1,-1,1,544,84.6,0,-1.0,0,0,0,639,359
7268,88854,88853258,11111,500,-1,-1,1,635,84.7,0,-1.0,0,0,0,639,359
7269,88865,88864368,11110,500,-1,-1,1,526,84.7,0,-1.0,0,0,0,639,359
7270,88876,88875479,11111,500,-1,-1,1,641,84.8,0,-1.0,0,0,0,639,359
7271,88888,88886583,11104,500,-1,-1,1,527,84.9,0,-1.0,0,0,0,639,359
7272,88898,88897690,11107,500,-1,-1,1,528,85.0,0,-1.0,0,0,0,639,359
7273,88910,88908794,11104,500,-1,-1,1,528,85.0,1,-1.0,0,0,0,639,359
7274,88921,88919915,11121,500,-1,-1,1,530,85.1,0,-1.0,0,0,0,639,359
7275,88932,88931017,11102,500,-1,-1,1,560,85.1,0,-1.0,0,0,0,639,359
7276,88996,88986559,55542,500,-1,-1,1,525,15.6,0,-1.0,0,0,0,639,359
7277,88999,88997665,11106,500,-1,-1,1,525,29.9,0,-1.0,0,0,0,639,359
7278,89010,89008784,11119,500,-1,-1,1,527,38.5,0,-1.0,0,0,0,639,359
7279,89021,89019889,11105,500,-1,-1,1,528,44.9,0,-1.0,0,0,0,639,359
7280,89032,89031000,11111,500,-1,-1,1,527,50.0,0,-1.0,0,0,0,639,359
7281,89043,89042107,11107,500,-1,-1,1,526,54.1,0,-1.0,0,0,0,639,359
7282,89054,89053218,11111,500,-1,-1,1,527,56.9,1,-1.0,0,0,0,639,359
7283,89065,89064333,11115,500,-1,-1,1,529,59.7,0,-1.0,0,0,0,639,359
7284,89076,89075440,11107,500,-1,-1,1,527,62.1,0,-1.0,0,0,0,639,359
7285,89087,89086546,11106,500,-1,-1,1,545,64.1,0,-1.0,0,0,0,639,359
7286,89099,89097659,11113,500,-1,-1,1,640,65.9,0,-1.0,0,0,0,639,359
7287,89110,89108766,11107,500,-1,-1,1,526,67.4,0,-1.0,0,0,0,639,359
7288,89121,89119877,11111,500,-1,-1,1,638,68.8,0,-1.0,0,0,0,639,359
7289,89132,89130984,11107,500,-1,-1,1,527,70.0,0,-1.0,0,0,0,639,359
7290,89232,89142095,11111,500,-1,-1,1,609,49.8,0,-1.0,0,0,0,639,359
7291,89233,89230950,88855,500,-1,-1,1,600,53.0,1,-1.0,0,0,0,639,359
7292,89243,89242080,11130,500,-1,-1,1,633,54.5,0,-1.0,0,0,0,639,359
7293,89254,89253189,11109,500,-1,-1,1,526,55.7,0,-1.0,0,0,0,639,359
7294,89265,89264295,11106,500,-1,-1,1,525,56.9,0,-1.0,0,0,0,639,359
7295,89276,89275406,11111,500,-1,-1,1,631,58.0,0,-1.0,0,0,0,639,359
7296,89287,89286516,11110,500,-1,-1,1,626,59.0,0,-1.0,0,0,0,639,359
7297,89298,89297624,11108,500,-1,-1,1,534,59.9,0,-1.0,0,0,0,639,359
7298,89310,89308733,11109,500,-1,-1,1,529,60.8,0,-1.0,0,0,0,639,359
7299,89321,89319843,11110,500,-1,-1,1,546,61.7,0,-1.0,0,0,0,639,359
7300,89332,89330952,11109,500,-1,-1,1,630,62.5,1,-1.0,0,0,0,639,359
7301,89343,89342062,11110,500,-1,-1,1,525,63.3,0,-1.0,0,0,0,639,359
7302,89354,89353170,11108,500,-1,-1,1,628,63.8,0,-1.0,0,0,0,639,359
7303,89365,89364455,11285,500,-1,-1,1,545,64.5,0,-1.0,0,0,0,639,359
7304,89376,89375383,10928,500,-1,-1,1,527,65.2,0,-1.0,0,0,0,639,359
7305,89387,89386500,11117,500,-1,-1,1,545,65.8,0,-1.0,0,0,0,639,359
7306,89398,89397605,11105,500,-1,-1,1,633,66.4,0,-1.0,0,0,0,639,359
7307,89410,89408717,11112,500,-1,-1,1,554,66.9,0,-1.0,0,0,0,639,359
7308,89421,89419821,11104,500,-1,-1,1,633,67.5,0,-1.0,0,0,0,639,359
7309,89432,89430939,11118,500,-1,-1,1,628,68.0,1,-1.0,0,0,0,639,359
7310,89443,89442043,11104,500,-1,-1,1,546,68.5,0,-1.0,0,0,0,639,359
7311,89454,89453154,11111,500,-1,-1,1,532,68.8,0,-1.0,0,0,0,639,359
7312,89465,89464260,11106,500,-1,-1,1,534,69.3,0,-1.0,0,0,0,639,359
7313,89476,89475374,11114,500,-1,-1,1,629,69.7,0,-1.0,0,0,0,639,359
7314,89488,89486480,11106,500,-1,-1,1,525,70.1,0,-1.0,0,0,0,639,359
7315,89499,89497587,11107,500,-1,-1,1,628,70.5,0,-1.0,0,0,0,639,359
7316,89510,89508698,11111,500,-1,-1,1,610,70.9,0,-1.0,0,0,0,639,359
7317,89521,89519809,11111,500,-1,-1,1,525,71.3,0,-1.0,0,0,0,639,359
7318,89532,89530915,11106,500,-1,-1,1,523,71.7,1,-1.0,0,0,0,639,359
7319,89543,89542028,11113,500,-1,-1,1,547,71.9,0,-1.0,0,0,0,639,359
7320,89554,89553133,11105,500,-1,-1,1,546,72.2,0,-1.0,0,0,0,639,359
7321,89565,89564242,11109,500,-1,-1,1,545,72.6,0,-1.0,0,0,0,639,359
7322,89576,89575352,11110,500,-1,-1,1,631,72.9,0,-1.0,0,0,0,639,359
7323,89587,89586465,11113,500,-1,-1,1,535,73.2,0,-1.0,0,0,0,639,359
7324,89598,89597570,11105,500,-1,-1,1,641,73.5,0,-1.0,0,0,0,639,359
7325,89610,89608682,11112,500,-1,-1,1,525,73.7,0,-1.0,0,0,0,639,359
7326,89621,89619788,11106,500,-1,-1,1,527,74.0,0,-1.0,0,0,0,639,359
7327,89632,89630899,11111,500,-1,-1,1,524,74.3,1,-1.0,0,0,0,639,359
7328,89643,89642009,11110,500,-1,-1,1,546,74.5,0,-1.0,0,0,0,639,359
7329,89654,89653118,11109,500,-1,-1,1,544,74.8,0,-1.0,0,0,0,639,359
7330,89665,89664228,11110,500,-1,-1,1,544,74.9,0,-1.0,0,0,0,639,359
7331,89676,89675344,11116,500,-1,-1,1,629,75.2,0,-1.0,0,0,0,639,359
7332,89687,89686445,11101,500,-1,-1,1,535,75.4,0,-1.0,0,0,0,639,359
7333,89698,89697554,11109,500,-1,-1,1,628,75.6,0,-1.0,0,0,0,639,359
7334,89710,89708663,11109,500,-1,-1,1,527,75.8,0,-1.0,0,0,0,639,359
7335,89721,89719772,11109,500,-1,-1,1,526,76.0,0,-1.0,0,0,0,639,359
7336,89732,89730877,11105,500,-1,-1,1,526,76.2,1,-1.0,0,0,0,639,359
7337,89743,89741996,11119,500,-1,-1,1,530,76.4,0,-1.0,0,0,0,639,359
7338,89754,89753099,11103,500,-1,-1,1,543,76.6,0,-1.0,0,0,0,639,359
7339,89765,89764212,11113,500,-1,-1,1,546,76.7,0,-1.0,0,0,0,639,359
7340,89776,89775319,11107,500,-1,-1,1,635,76.9,0,-1.0,0,0,0,639,359
7341,89787,89786431,11112,500,-1,-1,1,547,77.1,0,-1.0,0,0,0,639,359
7342,89798,89797539,11108,500,-1,-1,1,631,77.3,0,-1.0,0,0,0,639,359
7343,89810,89808648,11109,500,-1,-1,1,528,77.4,0,-1.0,0,0,0,639,359
7344,89821,89819757,11109,500,-1,-1,1,526,77.6,0,-1.0,0,0,0,639,359
7345,89832,89830865,11108,500,-1,-1,1,527,77.8,1,-1.0,0,0,0,639,359
7346,89843,89841976,11111,500,-1,-1,1,542,77.9,0,-1.0,0,0,0,639,359
7347,89854,89853088,11112,500,-1,-1,1,530,78.0,0,-1.0,0,0,0,639,359
7348,89865,89864192,11104,500,-1,-1,1,529,78.2,0,-1.0,0,0,0,639,359
7349,89876,89875304,11112,500,-1,-1,1,627,78.3,0,-1.0,0,0,0,639,359
7350,89887,89886412,11108,500,-1,-1,1,534,78.5,0,-1.0,0,0,0,639,359
7351,89898,89897522,11110,500,-1,-1,1,632,78.6,0,-1.0,0,0,0,639,359
7352,89909,89908629,11107,500,-1,-1,1,525,78.7,0,-1.0,0,0,0,639,359
7353,89921,89919740,11111,500,-1,-1,1,526,78.9,0,-1.0,0,0,0,639,359
7354,89932,89930848,11108,500,-1,-1,1,525,79.0,1,-1.0,0,0,0,639,359
7355,90072,90064135,133287,500,-1,-1,1,586,7.1,0,-1.0,0,0,0,639,359
7356,90076,90075260,11125,500,-1,-1,1,634,13.9,0,-1.0,0,0,0,639,359
7357,90087,90086379,11119,500,-1,-1,1,606,19.4,0,-1.0,0,0,0,639,359
7358,90098,90097493,11114,500,-1,-1,1,528,24.1,0,-1.0,0,0,0,639,359
7359,90109,90108593,11100,500,-1,-1,1,529,28.2,0,-1.0,0,0,0,639,359
7360,90121,90119705,11112,500,-1,-1,1,525,31.9,0,-1.0,0,0,0,639,359
7361,90132,90130812,11107,500,-1,-1,1,525,35.2,0,-1.0,0,0,0,639,359
7362,90143,90141923,11111,500,-1,-1,1,528,38.1,0,-1.0,0,0,0,639,359
7363,90154,90153029,11106,500,-1,-1,1,565,40.7,1,-1.0,0,0,0,639,359
7364,90165,90164145,11116,500,-1,-1,1,544,42.9,0,-1.0,0,0,0,639,359
7365,90176,90175254,11109,500,-1,-1,1,547,45.1,0,-1.0,0,0,0,639,359
7366,90187,90186361,11107,500,-1,-1,1,544,47.1,0,-1.0,0,0,0,639,359
7367,90198,90197472,11111,500,-1,-1,1,630,48.9,0,-1.0,0,0,0,639,359
7368,90210,90208579,11107,500,-1,-1,1,538,50.5,0,-1.0,0,0,0,639,359
7369,90221,90219688,11109,500,-1,-1,1,642,52.1,0,-1.0,0,0,0,639,359
7370,90232,90230799,11111,500,-1,-1,1,527,53.5,0,-1.0,0,0,0,639,359
7371,90243,90241904,11105,500,-1,-1,1,528,54.8,0,-1.0,0,0,0,639,359
7372,90254,90253015,11111,500,-1,-1,1,546,55.9,1,-1.0,0,0,0,639,359
7373,90265,90264125,11110,500,-1,-1,1,529,57.2,0,-1.0,0,0,0,639,359
7374,90276,90275235,11110,500,-1,-1,1,547,58.1,0,-1.0,0,0,0,639,359
7375,90287,90286343,11108,500,-1,-1,1,546,59.2,0,-1.0,0,0,0,639,359
7376,90298,90297453,11110,500,-1,-1,1,636,60.1,0,-1.0,0,0,0,639,359
7377,90309,90308562,11109,500,-1,-1,1,541,61.0,0,-1.0,0,0,0,639,359
7378,90321,90319672,11110,500,-1,-1,1,633,61.9,0,-1.0,0,0,0,639,359
7379,90332,90330781,11109,500,-1,-1,1,526,62.7,0,-1.0,0,0,0,639,359
7380,90447,90341892,11111,500,-1,-1,1,665,50.5,0,-1.0,0,0,0,639,359
7381,90448,90441860,99968,500,-1,-1,1,602,52.3,1,-1.0,0,0,0,639,359
7382,90454,90453002,11142,500,-1,-1,1,632,53.7,0,-1.0,0,0,0,639,359
7383,90465,90464091,11089,500,-1,-1,1,526,54.5,0,-1.0,0,0,0,639,359
7384,90476,90475198,11107,500,-1,-1,1,527,55.1,0,-1.0,0,0,0,639,359
7385,90487,90486309,11111,500,-1,-1,1,526,55.9,0,-1.0,0,0,0,639,359
7386,90498,90497419,11110,500,-1,-1,1,630,56.5,0,-1.0,0,0,0,639,359
7387,90510,90508530,11111,500,-1,-1,1,526,57.2,0,-1.0,0,0,0,639,359
7388,90521,90519636,11106,500,-1,-1,1,530,57.8,0,-1.0,0,0,0,639,359
7389,90532,90530746,11110,500,-1,-1,1,534,58.4,0,-1.0,0,0,0,639,359
7390,90543,90541858,11112,500,-1,-1,1,527,59.0,1,-1.0,0,0,0,639,359
7391,90554,90552964,11106,500,-1,-1,1,633,59.5,0,-1.0,0,0,0,639,359
7392,90565,90564076,11112,500,-1,-1,1,633,60.0,0,-1.0,0,0,0,639,359
7393,90576,90575182,11106,500,-1,-1,1,629,60.6,0,-1.0,0,0,0,639,359
7394,90587,90586291,11109,500,-1,-1,1,546,61.1,0,-1.0,0,0,0,639,359
7395,90598,90597404,11113,500,-1,-1,1,549,61.6,0,-1.0,0,0,0,639,359
7396,90610,90608512,11108,500,-1,-1,1,545,62.0,0,-1.0,0,0,0,639,359
7397,90621,90619667,11155,500,-1,-1,1,628,62.5,0,-1.0,0,0,0,639,359
7398,90632,90630733,11066,500,-1,-1,1,628,62.9,0,-1.0,0,0,0,639,359
7399,90643,90641837,11104,500,-1,-1,1,628,63.4,1,-1.0,0,0,0,639,359
7400,90654,90652949,11112,500,-1,-1,1,594,63.7,0,-1.0,0,0,0,639,359
7401,90665,90664056,11107,500,-1,-1,1,533,64.2,0,-1.0,0,0,0,639,359
7402,90676,90675167,11111,500,-1,-1,1,529,64.5,0,-1.0,0,0,0,639,359
7403,90687,90686276,11109,500,-1,-1,1,527,64.9,0,-1.0,0,0,0,639,359
7404,90698,90697389,11113,500,-1,-1,1,631,65.3,0,-1.0,0,0,0,639,359
7405,90709,90708496,11107,500,-1,-1,1,526,65.6,0,-1.0,0,0,0,639,359
7406,90720,90719600,11104,500,-1,-1,1,631,66.0,0,-1.0,0,0,0,639,359
7407,90732,90730713,11113,500,-1,-1,1,524,66.3,0,-1.0,0,0,0,639,359
7408,90743,90741820,11107,500,-1,-1,1,538,66.7,1,-1.0,0,0,0,639,359
7409,90754,90752934,11114,500,-1,-1,1,544,67.0,0,-1.0,0,0,0,639,359
7410,90765,90764044,11110,500,-1,-1,1,540,67.3,0,-1.0,0,0,0,639,359
7411,90776,90775148,11104,500,-1,-1,1,536,67.5,0,-1.0,0,0,0,639,359
7412,90787,90786261,11113,500,-1,-1,1,631,67.8,0,-1.0,0,0,0,639,359
7413,90798,90797370,11109,500,-1,-1,1,545,68.1,0,-1.0,0,0,0,639,359
7414,90809,90808478,11108,500,-1,-1,1,631,68.4,0,-1.0,0,0,0,639,359
7415,90821,90819587,11109,500,-1,-1,1,525,68.7,0,-1.0,0,0,0,639,359
7416,90832,90830694,11107,500,-1,-1,1,525,69.0,0,-1.0,0,0,0,639,359
7417,90843,90841803,11109,500,-1,-1,1,524,69.2,1,-1.0,0,0,0,639,359
7418,90854,90852917,11114,500,-1,-1,1,546,69.5,0,-1.0,0,0,0,639,359
7419,90865,90864024,11107,500,-1,-1,1,545,69.7,0,-1.0,0,0,0,639,359
7420,90876,90875132,11108,500,-1,-1,1,541,69.9,0,-1.0,0,0,0,639,359
7421,90887,90886242,11110,500,-1,-1,1,633,70.2,0,-1.0,0,0,0,639,359
7422,90898,90897356,11114,500,-1,-1,1,533,70.4,0,-1.0,0,0,0,639,359
7423,90909,90908459,11103,500,-1,-1,1,634,70.6,0,-1.0,0,0,0,639,359
7424,90921,90919573,11114,500,-1,-1,1,526,70.9,0,-1.0,0,0,0,639,359
7425,90931,90930678,11105,500,-1,-1,1,525,71.1,0,-1.0,0,0,0,639,359
7426,90943,90941784,11106,500,-1,-1,1,525,71.3,1,-1.0,0,0,0,639,359
7427,91013,91008428,66644,500,-1,-1,1,609,14.5,0,-1.0,0,0,0,639,359
7428,91020,91019550,11122,500,-1,-1,1,633,26.0,0,-1.0,0,0,0,639,359
7429,91031,91030666,11116,500,-1,-1,1,525,34.1,0,-1.0,0,0,0,639,359
7430,91043,91041766,11100,500,-1,-1,1,526,40.4,0,-1.0,0,0,0,639,359
7431,91054,91052878,11112,500,-1,-1,1,528,45.5,0,-1.0,0,0,0,639,359
7432,91065,91063986,11108,500,-1,-1,1,528,49.6,0,-1.0,0,0,0,639,359
7433,91076,91075095,11109,500,-1,-1,1,525,53.0,0,-1.0,0,0,0,639,359
7434,91087,91086205,11110,500,-1,-1,1,525,55.6,0,-1.0,0,0,0,639,359
7435,91098,91097316,11111,500,-1,-1,1,524,58.1,1,-1.0,0,0,0,639,359
7436,91109,91108430,11114,500,-1,-1,1,546,60.2,0,-1.0,0,0,0,639,359
7437,91120,91119538,11108,500,-1,-1,1,546,62.1,0,-1.0,0,0,0,639,359
7438,91131,91130644,11106,500,-1,-1,1,549,63.8,0,-1.0,0,0,0,639,359
7439,91143,91141753,11109,500,-1,-1,1,632,65.3,0,-1.0,0,0,0,639,359
7440,91154,91152863,11110,500,-1,-1,1,554,66.7,0,-1.0,0,0,0,639,359
7441,91165,91163971,11108,500,-1,-1,1,626,67.9,0,-1.0,0,0,0,639,359
7442,91176,91175082,11111,500,-1,-1,1,629,68.7,0,-1.0,0,0,0,639,359
7443,91187,91186191,11109,500,-1,-1,1,526,69.7,0,-1.0,0,0,0,639,359
7444,91198,91197296,11105,500,-1,-1,1,525,70.6,1,-1.0,0,0,0,639,359
7445,91209,91208413,11117,500,-1,-1,1,546,71.4,0,-1.0,0,0,0,639,359
7446,91220,91219518,11105,500,-1,-1,1,547,72.2,0,-1.0,0,0,0,639,359
7447,91232,91230629,11111,500,-1,-1,1,547,72.9,0,-1.0,0,0,0,639,359
7448,91243,91241736,11107,500,-1,-1,1,632,73.6,0,-1.0,0,0,0,639,359
7449,91254,91252848,11112,500,-1,-1,1,527,74.2,0,-1.0,0,0,0,639,359
7450,91265,91263954,11106,500,-1,-1,1,633,74.8,0,-1.0,0,0,0,639,359
7451,91276,91275065,11111,500,-1,-1,1,610,75.1,0,-1.0,0,0,0,639,359
7452,91287,91286174,11109,500,-1,-1,1,526,75.6,0,-1.0,0,0,0,639,359
7453,91298,91297280,11106,500,-1,-1,1,525,76.1,1,-1.0,0,0,0,639,359
7454,91309,91308393,11113,500,-1,-1,1,527,76.5,0,-1.0,0,0,0,639,359
7455,91320,91319502,11109,500,-1,-1,1,542,76.9,0,-1.0,0,0,0,639,359
7456,91331,91330609,11107,500,-1,-1,1,545,77.3,0,-1.0,0,0,0,639,359
7457,91343,91341722,11113,500,-1,-1,1,628,77.7,0,-1.0,0,0,0,639,359
7458,91354,91352832,11110,500,-1,-1,1,554,78.0,0,-1.0,0,0,0,639,359
7459,91365,91363939,11107,500,-1,-1,1,632,78.2,0,-1.0,0,0,0,639,359
7460,91376,91375049,11110,500,-1,-1,1,631,78.5,0,-1.0,0,0,0,639,359
7461,91387,91386155,11106,500,-1,-1,1,526,79.0,0,-1.0,0,0,0,639,359
7462,91398,91397262,11107,500,-1,-1,1,525,79.1,1,-1.0,0,0,0,639,359
7463,91409,91408377,11115,500,-1,-1,1,530,79.4,0,-1.0,0,0,0,639,359
7464,91420,91419484,11107,500,-1,-1,1,530,79.7,0,-1.0,0,0,0,639,359
7465,91431,91430594,11110,500,-1,-1,1,529,79.9,0,-1.0,0,0,0,639,359
7466,91443,91441702,11108,500,-1,-1,1,627,80.2,0,-1.0,0,0,0,639,359
7467,91454,91452817,11115,500,-1,-1,1,559,80.4,0,-1.0,0,0,0,639,359
7468,91465,91463921,11104,500,-1,-1,1,637,80.6,0,-1.0,0,0,0,639,359
7469,91476,91475032,11111,500,-1,-1,1,610,80.8,0,-1.0,0,0,0,639,359
7470,91606,91486138,11106,500,-1,-1,1,609,66.5,0,-1.0,0,0,0,639,359
7471,91607,91597213,111075,500,-1,-1,1,603,67.9,1,-1.0,0,0,0,639,359
7472,91610,91608338,11125,500,-1,-1,1,608,69.1,0,-1.0,0,0,0,639,359
7473,91620,91619451,11113,500,-1,-1,1,628,69.4,0,-1.0,0,0,0,639,359
7474,91632,91630560,11109,500,-1,-1,1,526,69.8,0,-1.0,0,0,0,639,359
7475,91643,91641668,11108,500,-1,-1,1,525,70.1,0,-1.0,0,0,0,639,359
7476,91654,91652781,11113,500,-1,-1,1,629,70.4,0,-1.0,0,0,0,639,359
7477,91665,91663889,11108,500,-1,-1,1,526,70.7,0,-1.0,0,0,0,639,359
7478,91676,91674998,11109,500,-1,-1,1,546,70.9,0,-1.0,0,0,0,639,359
7479,91687,91686106,11108,500,-1,-1,1,526,71.3,0,-1.0,0,0,0,639,359
7480,91698,91697217,11111,500,-1,-1,1,524,71.5,1,-1.0,0,0,0,639,359
7481,91709,91708324,11107,500,-1,-1,1,628,71.8,0,-1.0,0,0,0,639,359
7482,91721,91719433,11109,500,-1,-1,1,611,72.1,0,-1.0,0,0,0,639,359
7483,91731,91730541,11108,500,-1,-1,1,632,72.3,0,-1.0,0,0,0,639,359
7484,91742,91741657,11116,500,-1,-1,1,544,72.6,0,-1.0,0,0,0,639,359
7485,91754,91752758,11101,500,-1,-1,1,547,72.8,0,-1.0,0,0,0,639,359
7486,91765,91763871,11113,500,-1,-1,1,549,73.1,0,-1.0,0,0,0,639,359
7487,91776,91774988,11117,500,-1,-1,1,631,73.2,0,-1.0,0,0,0,639,359
7488,91787,91786092,11104,500,-1,-1,1,634,73.5,0,-1.0,0,0,0,639,359
7489,91798,91797198,11106,500,-1,-1,1,526,73.7,1,-1.0,0,0,0,639,359
7490,91809,91808309,11111,500,-1,-1,1,632,73.9,0,-1.0,0,0,0,639,359
7491,91820,91819417,11108,500,-1,-1,1,547,74.1,0,-1.0,0,0,0,639,359
7492,91831,91830529,11112,500,-1,-1,1,527,74.3,0,-1.0,0,0,0,639,359
7493,91842,91841638,11109,500,-1,-1,1,544,74.5,0,-1.0,0,0,0,639,359
7494,91854,91852842,11204,500,-1,-1,1,631,74.7,0,-1.0,0,0,0,639,359
7495,91865,91863852,11010,500,-1,-1,1,630,74.9,0,-1.0,0,0,0,639,359
7496,91876,91874962,11110,500,-1,-1,1,634,75.1,0,-1.0,0,0,0,639,359
7497,91887,91886072,11110,500,-1,-1,1,632,75.2,0,-1.0,0,0,0,639,359
7498,91898,91897179,11107,500,-1,-1,1,525,75.4,1,-1.0,0,0,0,639,359
7499,91909,91908289,11110,500,-1,-1,1,534,75.6,0,-1.0,0,0,0,639,359
7500,91920,91919401,11112,500,-1,-1,1,530,75.7,0,-1.0,0,0,0,639,359
7501,91931,91930508,11107,500,-1,-1,1,636,75.9,0,-1.0,0,0,0,639,359
7502,91943,91941618,11110,500,-1,-1,1,632,76.1,0,-1.0,0,0,0,639,359
7503,91954,91952727,11109,500,-1,-1,1,525,76.2,0,-1.0,0,0,0,639,359
7504,91984,91974927,22200,500,-1,-1,1,527,33.3,0,-1.0,0,0,0,639,359
7505,91987,91986048,11121,500,-1,-1,1,524,58.8,0,-1.0,0,0,0,639,359
7506,91998,91997161,11113,500,-1,-1,1,525,68.2,0,-1.0,0,0,0,639,359
7507,92009,92008271,11110,500,-1,-1,1,525,71.4,1,-1.0,0,0,0,639,359
7508,92020,92019386,11115,500,-1,-1,1,545,74.6,0,-1.0,0,0,0,639,359
7509,92031,92030491,11105,500,-1,-1,1,541,76.9,0,-1.0,0,0,0,639,359
7510,92042,92041601,11110,500,-1,-1,1,542,78.7,0,-1.0,0,0,0,639,359
7511,92054,92052714,11113,500,-1,-1,1,635,80.0,0,-1.0,0,0,0,639,359
7512,92065,92063817,11103,500,-1,-1,1,581,81.1,0,-1.0,0,0,0,639,359
7513,92076,92074928,11111,500,-1,-1,1,640,81.3,0,-1.0,0,0,0,639,359
7514,92087,92086038,11110,500,-1,-1,1,630,82.1,0,-1.0,0,0,0,639,359
7515,92098,92097145,11107,500,-1,-1,1,526,83.3,0,-1.0,0,0,0,639,359
7516,92109,92108251,11106,500,-1,-1,1,527,83.3,1,-1.0,0,0,0,639,359
7517,92120,92119368,11117,500,-1,-1,1,545,83.8,0,-1.0,0,0,0,639,359
7518,92131,92130476,11108,500,-1,-1,1,527,84.3,0,-1.0,0,0,0,639,359
7519,92142,92141582,11106,500,-1,-1,1,552,84.7,0,-1.0,0,0,0,639,359
7520,92154,92152695,11113,500,-1,-1,1,635,85.0,0,-1.0,0,0,0,639,359
7521,92165,92163806,11111,500,-1,-1,1,581,85.3,0,-1.0,0,0,0,639,359
7522,92176,92174910,11104,500,-1,-1,1,637,85.6,0,-1.0,0,0,0,639,359
7523,92187,92186024,11114,500,-1,-1,1,631,85.8,0,-1.0,0,0,0,639,359
7524,92198,92197127,11103,500,-1,-1,1,528,86.1,0,-1.0,0,0,0,639,359
7525,92209,92208236,11109,500,-1,-1,1,530,85.9,1,-1.0,0,0,0,639,359
7526,92220,92219350,11114,500,-1,-1,1,531,86.1,0,-1.0,0,0,0,639,359
7527,92231,92230462,11112,500,-1,-1,1,529,86.3,0,-1.0,0,0,0,639,359
7528,92242,92241566,11104,500,-1,-1,1,527,86.5,0,-1.0,0,0,0,639,359
7529,92254,92252678,11112,500,-1,-1,1,626,86.7,0,-1.0,0,0,0,639,359
7530,92265,92263786,11108,500,-1,-1,1,590,86.8,0,-1.0,0,0,0,639,359
7531,92276,92274897,11111,500,-1,-1,1,628,87.0,0,-1.0,0,0,0,639,359
