seq,mono_ms,src_pts,d_pts_us,exp_us,cx,cy,roi,cost_us,captured_fps,pbm
1,2247,2233299,0,250,-1,-1,1,0,52.6,1
2,2291,2277842,44543,250,-1,-1,1,0,32.3,0
3,2305,2288849,11007,250,-1,-1,1,0,39.0,0
4,2312,2311069,22220,250,-1,-1,1,0,49.4,0
5,2323,2322177,11108,250,-1,-1,1,0,54.3,0
6,2334,2333279,11102,250,-1,-1,1,0,58.3,0
7,2345,2344391,11112,250,-1,-1,1,0,61.4,0
8,2356,2355498,11107,250,-1,-1,1,0,64.0,0
9,2367,2366608,11110,250,-1,-1,1,0,66.2,0
10,2379,2377717,11109,250,-1,-1,1,0,67.6,1
11,2390,2388838,11121,250,-1,-1,1,0,69.2,0
12,2401,2399943,11105,250,-1,-1,1,0,70.6,0
13,2412,2411050,11107,250,-1,-1,1,0,71.8,0
14,2423,2422157,11107,250,-1,-1,1,0,72.9,0
15,2434,2433258,11101,250,-1,-1,1,0,73.9,0
16,2445,2444372,11114,250,-1,-1,1,0,74.8,0
17,2456,2455478,11106,250,-1,-1,1,0,75.6,0
18,2467,2466587,11109,250,-1,-1,1,0,76.3,0
19,2479,2477697,11110,250,-1,-1,1,0,76.6,1
20,2490,2488821,11124,250,-1,-1,1,0,77.2,0
21,2501,2499921,11100,250,-1,-1,1,0,77.8,0
22,2512,2511160,11239,250,-1,-1,1,0,78.3,0
23,2523,2522141,10981,250,-1,-1,1,0,78.8,0
24,2534,2533247,11106,250,-1,-1,1,0,79.2,0
25,2545,2544352,11105,250,-1,-1,1,0,79.6,0
26,2556,2555464,11112,250,-1,-1,1,0,80.0,0
27,2567,2566571,11107,250,-1,-1,1,0,80.4,0
28,2579,2577680,11109,250,-1,-1,1,0,80.5,1
29,2590,2588801,11121,250,-1,-1,1,0,80.8,0
30,2601,2599903,11102,250,-1,-1,1,0,81.1,0
31,2612,2611017,11114,250,-1,-1,1,0,81.4,0
32,2623,2622123,11106,250,-1,-1,1,0,81.6,0
33,2634,2633225,11102,250,-1,-1,1,0,81.9,0
34,2645,2644336,11111,250,-1,-1,1,0,82.1,0
35,2656,2655442,11106,250,-1,-1,1,0,82.4,0
36,2667,2666551,11109,250,-1,-1,1,0,82.6,0
37,2678,2677661,11110,250,-1,-1,1,0,82.8,1
38,2690,2688789,11128,250,-1,-1,1,0,82.8,0
39,2701,2699884,11095,250,-1,-1,1,0,83.0,0
40,2713,2711001,11117,250,-1,-1,1,0,83.0,0
41,2723,2722102,11101,250,-1,-1,1,0,83.3,0
42,2734,2733208,11106,250,-1,-1,1,0,83.5,0
43,2745,2744316,11108,250,-1,-1,1,0,83.7,0
44,2756,2755429,11113,250,-1,-1,1,0,83.8,0
45,2767,2766533,11104,250,-1,-1,1,0,84.0,0
46,2778,2777646,11113,250,-1,-1,1,0,84.1,1
47,2790,2788771,11125,250,-1,-1,1,0,84.1,0
48,2801,2799869,11098,250,-1,-1,1,0,84.2,0
49,2812,2810984,11115,250,-1,-1,1,0,84.3,0
50,2823,2822089,11105,250,-1,-1,1,0,84.5,0
51,2834,2833188,11099,250,-1,-1,1,0,84.6,0
52,2845,2844303,11115,250,-1,-1,1,0,84.7,0
53,2856,2855411,11108,250,-1,-1,1,0,84.8,0
54,2867,2866518,11107,250,-1,-1,1,0,84.9,0
55,2878,2877628,11110,250,-1,-1,1,0,85.0,1
56,2890,2888753,11125,250,-1,-1,1,0,85.0,0
57,2901,2899850,11097,250,-1,-1,1,0,85.1,0
58,2912,2910967,11117,250,-1,-1,1,0,85.2,0
59,2923,2922070,11103,250,-1,-1,1,0,85.3,0
60,2934,2933176,11106,250,-1,-1,1,0,85.3,0
61,2945,2944284,11108,250,-1,-1,1,0,85.4,0
62,2956,2955395,11111,250,-1,-1,1,0,85.5,0
63,2967,2966504,11109,250,-1,-1,1,0,85.6,0
64,2979,2977610,11106,250,-1,-1,1,0,85.6,1
65,2990,2988734,11124,250,-1,-1,1,0,85.6,0
66,3001,2999833,11099,250,-1,-1,1,0,85.7,0
67,3012,3010948,11115,250,-1,-1,1,0,85.8,0
68,3023,3022054,11106,250,-1,-1,1,0,85.9,0
69,3034,3033156,11102,250,-1,-1,1,0,85.9,0
70,3045,3044267,11111,250,-1,-1,1,0,86.0,0
71,3056,3055376,11109,250,-1,-1,1,0,86.1,0
72,3067,3066484,11108,250,-1,-1,1,0,86.1,0
73,3078,3077592,11108,250,-1,-1,1,0,86.2,1
74,3090,3088721,11129,250,-1,-1,1,0,86.1,0
75,3101,3099815,11094,250,-1,-1,1,0,86.2,0
76,3112,3110931,11116,250,-1,-1,1,0,86.3,0
77,3123,3122034,11103,250,-1,-1,1,0,86.3,0
78,3134,3133139,11105,250,-1,-1,1,0,86.4,0
79,3145,3144252,11113,250,-1,-1,1,0,86.4,0
80,3156,3155359,11107,250,-1,-1,1,0,86.5,0
81,3167,3166468,11109,250,-1,-1,1,0,86.5,0
82,3178,3177578,11110,250,-1,-1,1,0,86.6,1
83,3190,3188706,11128,250,-1,-1,1,0,86.5,0
84,3201,3199803,11097,250,-1,-1,1,0,86.6,0
85,3212,3210913,11110,250,-1,-1,1,0,86.6,0
86,3223,3222023,11110,250,-1,-1,1,0,86.7,0
87,3234,3233122,11099,250,-1,-1,1,0,86.7,0
88,3245,3244287,11165,250,-1,-1,1,0,90.9,0
89,3256,3255344,11057,250,-1,-1,1,0,90.9,0
90,3308,3266450,11106,250,-1,-1,1,0,40.5,0
91,3309,3299771,33321,250,-1,-1,1,0,53.3,1
92,3312,3310896,11125,250,-1,-1,1,0,64.1,0
93,3323,3321998,11102,250,-1,-1,1,0,67.4,0
94,3334,3333109,11111,250,-1,-1,1,0,70.0,0
95,3345,3344225,11116,250,-1,-1,1,0,72.1,0
96,3356,3355333,11108,250,-1,-1,1,0,73.8,0
97,3367,3366443,11110,250,-1,-1,1,0,75.2,0
98,3378,3377548,11105,250,-1,-1,1,0,76.4,0
99,3389,3388650,11102,250,-1,-1,1,0,77.4,0
100,3401,3399761,11111,250,-1,-1,1,0,77.8,1
101,3412,3410881,11120,250,-1,-1,1,0,78.7,0
102,3423,3421984,11103,250,-1,-1,1,0,79.4,0
103,3434,3433097,11113,250,-1,-1,1,0,80.0,0
104,3445,3444205,11108,250,-1,-1,1,0,80.6,0
105,3456,3455306,11101,250,-1,-1,1,0,81.1,0
106,3467,3466418,11112,250,-1,-1,1,0,81.5,0
107,3478,3477527,11109,250,-1,-1,1,0,82.0,0
108,3489,3488635,11108,250,-1,-1,1,0,82.4,0
109,3501,3499744,11109,250,-1,-1,1,0,82.4,1
110,3512,3510870,11126,250,-1,-1,1,0,82.7,0
111,3523,3521967,11097,250,-1,-1,1,0,83.0,0
112,3534,3533081,11114,250,-1,-1,1,0,83.3,0
113,3545,3544187,11106,250,-1,-1,1,0,83.6,0
114,3556,3555292,11105,250,-1,-1,1,0,83.9,0
115,3567,3566398,11106,250,-1,-1,1,0,84.1,0
116,3578,3577508,11110,250,-1,-1,1,0,84.3,0
117,3589,3588619,11111,250,-1,-1,1,0,84.5,0
118,3601,3599728,11109,250,-1,-1,1,0,84.5,1
119,3612,3610851,11123,250,-1,-1,1,0,84.7,0
120,3623,3621947,11096,250,-1,-1,1,0,84.8,0
121,3634,3633060,11113,250,-1,-1,1,0,85.0,0
122,3645,3644173,11113,250,-1,-1,1,0,85.2,0
123,3656,3655273,11100,250,-1,-1,1,0,85.3,0
124,3667,3666381,11108,250,-1,-1,1,0,85.5,0
125,3678,3677490,11109,250,-1,-1,1,0,85.6,0
126,3689,3688599,11109,250,-1,-1,1,0,85.7,0
127,3700,3699709,11110,250,-1,-1,1,0,85.7,1
128,3712,3710835,11126,250,-1,-1,1,0,85.8,0
129,3723,3721938,11103,250,-1,-1,1,0,85.9,0
130,3734,3733073,11135,250,-1,-1,1,0,86.0,0
131,3745,3744144,11071,250,-1,-1,1,0,86.1,0
132,3756,3755256,11112,250,-1,-1,1,0,86.2,0
133,3767,3766363,11107,250,-1,-1,1,0,86.3,0
134,3778,3777473,11110,250,-1,-1,1,0,86.4,0
135,3789,3788580,11107,250,-1,-1,1,0,86.5,0
136,3801,3799693,11113,250,-1,-1,1,0,86.4,1
137,3812,3810816,11123,250,-1,-1,1,0,86.5,0
138,3823,3821916,11100,250,-1,-1,1,0,86.6,0
139,3834,3833025,11109,250,-1,-1,1,0,86.7,0
140,3845,3844134,11109,250,-1,-1,1,0,86.7,0
141,3856,3855240,11106,250,-1,-1,1,0,86.8,0
142,3867,3866351,11111,250,-1,-1,1,0,86.9,0
143,3878,3877456,11105,250,-1,-1,1,0,87.0,0
144,3889,3888569,11113,250,-1,-1,1,0,87.0,0
145,3900,3899675,11106,250,-1,-1,1,0,87.1,1
146,3912,3910802,11127,250,-1,-1,1,0,87.0,0
147,3923,3921900,11098,250,-1,-1,1,0,87.1,0
148,3934,3933017,11117,250,-1,-1,1,0,87.1,0
149,3945,3944119,11102,250,-1,-1,1,0,87.2,0
150,3956,3955224,11105,250,-1,-1,1,0,87.3,0
151,3967,3966327,11103,250,-1,-1,1,0,87.3,0
152,3978,3977440,11113,250,-1,-1,1,0,87.4,0
153,3989,3988549,11109,250,-1,-1,1,0,87.4,0
154,4000,3999658,11109,250,-1,-1,1,0,87.5,1
155,4012,4010783,11125,250,-1,-1,1,0,87.4,0
156,4023,4021883,11100,250,-1,-1,1,0,87.5,0
157,4034,4032994,11111,250,-1,-1,1,0,87.5,0
158,4045,4044100,11106,250,-1,-1,1,0,87.5,0
159,4056,4055203,11103,250,-1,-1,1,0,87.6,0
160,4067,4066310,11107,250,-1,-1,1,0,87.6,0
161,4078,4077421,11111,250,-1,-1,1,0,87.7,0
162,4089,4088531,11110,250,-1,-1,1,0,87.7,0
163,4100,4099636,11105,250,-1,-1,1,0,87.8,1
164,4112,4110766,11130,250,-1,-1,1,0,87.7,0
165,4123,4121865,11099,250,-1,-1,1,0,87.7,0
166,4134,4132977,11112,250,-1,-1,1,0,87.8,0
167,4145,4144091,11114,250,-1,-1,1,0,87.8,0
168,4156,4155190,11099,250,-1,-1,1,0,87.9,0
169,4167,4166298,11108,250,-1,-1,1,0,87.9,0
170,4178,4177406,11108,250,-1,-1,1,0,87.9,0
171,4189,4188513,11107,250,-1,-1,1,0,88.0,0
172,4201,4199623,11110,250,-1,-1,1,0,87.9,1
173,4212,4210748,11125,250,-1,-1,1,0,87.9,0
174,4223,4221849,11101,250,-1,-1,1,0,88.0,0
175,4234,4232963,11114,250,-1,-1,1,0,88.0,0
176,4245,4244075,11112,250,-1,-1,1,0,90.9,0
177,4256,4255170,11095,250,-1,-1,1,0,90.9,0
178,4267,4266282,11112,250,-1,-1,1,0,90.9,0
179,4278,4277388,11106,250,-1,-1,1,0,90.9,0
180,4330,4288498,11110,250,-1,-1,1,0,52.1,0
181,4331,4321819,33321,250,-1,-1,1,0,61.9,1
182,4334,4332942,11123,250,-1,-1,1,0,70.0,0
183,4345,4344044,11102,250,-1,-1,1,0,72.1,0
184,4356,4355159,11115,250,-1,-1,1,0,73.8,0
185,4367,4366272,11113,250,-1,-1,1,0,75.2,0
186,4378,4377374,11102,250,-1,-1,1,0,76.4,0
187,4389,4388489,11115,250,-1,-1,1,0,77.4,0
188,4400,4399597,11108,250,-1,-1,1,0,78.3,0
189,4411,4410696,11099,250,-1,-1,1,1000,78.7,0
190,4423,4421814,11118,250,-1,-1,1,0,79.4,1
191,4434,4432933,11119,250,-1,-1,1,0,80.0,0
192,4445,4444031,11098,250,-1,-1,1,0,80.6,0
193,4456,4455316,11285,250,-1,-1,1,0,81.1,0
194,4467,4466250,10934,250,-1,-1,1,0,81.5,0
195,4478,4477352,11102,250,-1,-1,1,0,82.0,0
196,4489,4488462,11110,250,-1,-1,1,0,82.4,0
197,4500,4499570,11108,250,-1,-1,1,0,82.7,0
198,4512,4510680,11110,250,-1,-1,1,0,82.7,0
199,4523,4521792,11112,250,-1,-1,1,0,83.0,1
200,4534,4532914,11122,250,-1,-1,1,0,83.3,0
201,4545,4544014,11100,250,-1,-1,1,0,83.6,0
202,4557,4555130,11116,250,-1,-1,1,0,83.6,0
203,4567,4566234,11104,250,-1,-1,1,0,84.1,0
204,4578,4577334,11100,250,-1,-1,1,0,84.3,0
205,4589,4588445,11111,250,-1,-1,1,0,84.5,0
206,4601,4599554,11109,250,-1,-1,1,0,84.5,0
207,4611,4610665,11111,250,-1,-1,1,0,84.9,0
208,4623,4621774,11109,250,-1,-1,1,0,84.8,1
209,4634,4632895,11121,250,-1,-1,1,0,85.0,0
210,4645,4643998,11103,250,-1,-1,1,0,85.2,0
211,4656,4655112,11114,250,-1,-1,1,0,85.3,0
212,4667,4666216,11104,250,-1,-1,1,0,85.5,0
213,4678,4677319,11103,250,-1,-1,1,0,85.6,0
214,4689,4688426,11107,250,-1,-1,1,0,85.7,0
215,4700,4699539,11113,250,-1,-1,1,0,85.8,0
216,4711,4710646,11107,250,-1,-1,1,0,86.0,0
217,4723,4721753,11107,250,-1,-1,1,0,85.9,1
218,4734,4732878,11125,250,-1,-1,1,0,86.0,0
219,4745,4743974,11096,250,-1,-1,1,0,86.1,0
220,4756,4755098,11124,250,-1,-1,1,0,86.2,0
221,4767,4766199,11101,250,-1,-1,1,0,86.3,0
222,4778,4777301,11102,250,-1,-1,1,0,86.4,0
223,4789,4788409,11108,250,-1,-1,1,0,86.5,0
224,4800,4799523,11114,250,-1,-1,1,0,86.6,0
225,4811,4810628,11105,250,-1,-1,1,0,86.7,0
226,4823,4821741,11113,250,-1,-1,1,0,86.6,1
227,4834,4832866,11125,250,-1,-1,1,0,86.7,0
228,4845,4843960,11094,250,-1,-1,1,0,86.7,0
229,4856,4855076,11116,250,-1,-1,1,0,86.8,0
230,4867,4866184,11108,250,-1,-1,1,0,86.9,0
231,4878,4877286,11102,250,-1,-1,1,0,87.0,0
232,4889,4888395,11109,250,-1,-1,1,0,87.0,0
233,4900,4899503,11108,250,-1,-1,1,0,87.1,0
234,4912,4910614,11111,250,-1,-1,1,0,87.0,0
235,4923,4921723,11109,250,-1,-1,1,0,87.1,1
236,4934,4932848,11125,250,-1,-1,1,0,87.1,0
237,4945,4943940,11092,250,-1,-1,1,0,87.2,0
238,4956,4955065,11125,250,-1,-1,1,0,87.3,0
239,4967,4966164,11099,250,-1,-1,1,0,87.3,0
240,4978,4977268,11104,250,-1,-1,1,0,87.4,0
241,4989,4988375,11107,250,-1,-1,1,0,87.4,0
242,5000,4999483,11108,250,-1,-1,1,0,87.5,0
243,5011,5010595,11112,250,-1,-1,1,0,87.5,0
244,5022,5021708,11113,250,-1,-1,1,1000,87.5,1
245,5034,5032827,11119,250,-1,-1,1,0,87.5,0
246,5045,5043927,11100,250,-1,-1,1,0,87.5,0
247,5056,5055042,11115,250,-1,-1,1,0,87.6,0
248,5067,5066153,11111,250,-1,-1,1,0,87.6,0
249,5078,5077248,11095,250,-1,-1,1,0,87.7,0
250,5089,5088360,11112,250,-1,-1,1,0,87.7,0
251,5100,5099468,11108,250,-1,-1,1,0,87.8,0
252,5111,5110577,11109,250,-1,-1,1,0,87.8,0
253,5122,5121683,11106,250,-1,-1,1,0,87.8,1
254,5134,5132813,11130,250,-1,-1,1,0,87.8,0
255,5145,5143911,11098,250,-1,-1,1,0,87.8,0
256,5156,5155027,11116,250,-1,-1,1,0,87.9,0
257,5167,5166131,11104,250,-1,-1,1,0,87.9,0
258,5178,5177233,11102,250,-1,-1,1,0,87.9,0
259,5189,5188343,11110,250,-1,-1,1,0,88.0,0
260,5200,5199454,11111,250,-1,-1,1,0,88.0,0
261,5211,5210558,11104,250,-1,-1,1,0,88.0,0
262,5223,5221674,11116,250,-1,-1,1,0,88.0,1
263,5234,5232793,11119,250,-1,-1,1,0,88.0,0
264,5254,5243893,11100,250,-1,-1,1,0,50.0,0
265,5256,5255004,11111,250,-1,-1,1,0,90.9,0
266,5267,5266115,11111,250,-1,-1,1,0,90.9,0
267,5278,5277220,11105,250,-1,-1,1,0,90.9,0
268,5289,5288327,11107,250,-1,-1,1,0,90.9,0
269,5300,5299432,11105,250,-1,-1,1,0,90.9,0
270,5376,5310545,11113,250,-1,-1,1,0,49.3,0
271,5376,5366087,55542,250,-1,-1,1,0,56.3,1
272,5378,5377196,11109,250,-1,-1,1,0,62.5,0
273,5389,5388318,11122,250,-1,-1,1,0,64.5,0
274,5401,5399422,11104,250,-1,-1,1,0,65.9,0
275,5412,5410535,11113,250,-1,-1,1,0,67.4,0
276,5422,5421646,11111,250,-1,-1,1,0,69.1,0
277,5434,5432744,11098,250,-1,-1,1,0,70.0,0
278,5445,5443853,11109,250,-1,-1,1,0,71.1,0
279,5456,5454962,11109,250,-1,-1,1,0,72.1,0
280,5467,5466074,11112,250,-1,-1,1,0,73.0,1
281,5478,5477197,11123,250,-1,-1,1,0,73.8,0
282,5489,5488298,11101,250,-1,-1,1,0,74.5,0
283,5500,5499407,11109,250,-1,-1,1,0,75.2,0
284,5511,5510517,11110,250,-1,-1,1,0,75.8,0
285,5522,5521617,11100,250,-1,-1,1,0,76.4,0
286,5534,5532726,11109,250,-1,-1,1,0,76.7,0
287,5545,5543839,11113,250,-1,-1,1,0,77.2,0
288,5556,5554947,11108,250,-1,-1,1,0,77.6,0
289,5567,5566052,11105,250,-1,-1,1,0,78.1,1
290,5578,5577182,11130,250,-1,-1,1,0,78.5,0
291,5589,5588281,11099,250,-1,-1,1,0,78.9,0
292,5600,5599398,11117,250,-1,-1,1,0,79.2,0
293,5611,5610497,11099,250,-1,-1,1,0,79.6,0
294,5623,5621604,11107,250,-1,-1,1,0,79.7,0
295,5634,5632712,11108,250,-1,-1,1,0,80.0,0
296,5645,5643819,11107,250,-1,-1,1,0,80.3,0
297,5656,5654929,11110,250,-1,-1,1,0,80.6,0
298,5667,5666037,11108,250,-1,-1,1,0,80.8,1
299,5678,5677165,11128,250,-1,-1,1,0,81.1,0
300,5689,5688262,11097,250,-1,-1,1,0,81.3,0
301,5700,5699377,11115,250,-1,-1,1,0,81.5,0
302,5711,5710488,11111,250,-1,-1,1,0,81.8,0
303,5722,5721586,11098,250,-1,-1,1,0,82.0,0
304,5733,5732696,11110,250,-1,-1,1,0,82.2,0
305,5745,5743803,11107,250,-1,-1,1,0,82.2,0
306,5756,5754912,11109,250,-1,-1,1,0,82.4,0
307,5767,5766023,11111,250,-1,-1,1,0,82.6,1
308,5778,5777149,11126,250,-1,-1,1,0,82.7,0
309,5789,5788242,11093,250,-1,-1,1,0,82.9,0
310,5800,5799360,11118,250,-1,-1,1,0,83.0,0
311,5811,5810463,11103,250,-1,-1,1,0,83.2,0
312,5822,5821564,11101,250,-1,-1,1,0,83.3,0
313,5833,5832673,11109,250,-1,-1,1,0,83.5,0
314,5845,5843785,11112,250,-1,-1,1,0,83.5,0
315,5856,5854894,11109,250,-1,-1,1,0,83.6,0
316,5867,5866004,11110,250,-1,-1,1,0,83.7,1
317,5878,5877128,11124,250,-1,-1,1,0,83.9,0
318,5889,5888226,11098,250,-1,-1,1,0,84.0,0
319,5900,5899347,11121,250,-1,-1,1,0,84.1,0
320,5911,5910449,11102,250,-1,-1,1,0,84.2,0
321,5922,5921551,11102,250,-1,-1,1,0,84.3,0
322,5934,5932658,11107,250,-1,-1,1,0,84.3,0
323,5945,5943767,11109,250,-1,-1,1,0,84.4,0
324,5956,5954879,11112,250,-1,-1,1,0,84.5,0
325,5967,5965986,11107,250,-1,-1,1,0,84.6,1
326,5978,5977113,11127,250,-1,-1,1,0,84.7,0
327,5989,5988208,11095,250,-1,-1,1,0,84.8,0
328,6001,5999328,11120,250,-1,-1,1,0,84.7,0
329,6011,6010429,11101,250,-1,-1,1,0,84.9,0
330,6022,6021533,11104,250,-1,-1,1,0,84.9,0
331,6033,6032639,11106,250,-1,-1,1,0,85.1,0
332,6045,6043750,11111,250,-1,-1,1,0,85.1,0
333,6056,6054863,11113,250,-1,-1,1,0,85.2,0
334,6067,6065969,11106,250,-1,-1,1,0,85.2,1
335,6078,6077091,11122,250,-1,-1,1,0,85.3,0
336,6089,6088193,11102,250,-1,-1,1,0,85.4,0
337,6100,6099303,11110,250,-1,-1,1,0,85.5,0
338,6111,6110413,11110,250,-1,-1,1,0,85.5,0
339,6122,6121516,11103,250,-1,-1,1,0,85.6,0
340,6133,6132623,11107,250,-1,-1,1,0,85.7,0
341,6146,6143737,11114,250,-1,-1,1,0,85.5,0
342,6156,6154849,11112,250,-1,-1,1,0,85.7,0
343,6167,6165952,11103,250,-1,-1,1,0,85.7,1
344,6178,6177077,11125,250,-1,-1,1,0,85.8,0
345,6189,6188173,11096,250,-1,-1,1,0,85.9,0
346,6200,6199293,11120,250,-1,-1,1,0,85.9,0
347,6211,6210398,11105,250,-1,-1,1,0,86.0,0
348,6222,6221496,11098,250,-1,-1,1,0,86.0,0
349,6233,6232604,11108,250,-1,-1,1,0,86.1,0
350,6245,6243716,11112,250,-1,-1,1,0,86.1,0
351,6256,6254904,11188,250,-1,-1,1,0,90.9,0
352,6267,6265939,11035,250,-1,-1,1,0,90.9,1
353,6278,6277057,11118,250,-1,-1,1,0,90.9,0
354,6289,6288160,11103,250,-1,-1,1,0,90.9,0
355,6300,6299283,11123,250,-1,-1,1,0,90.9,0
356,6311,6310381,11098,250,-1,-1,1,0,90.9,0
357,6322,6321507,11126,250,-1,-1,1,0,90.9,0
358,6334,6332589,11082,250,-1,-1,1,0,89.9,0
359,6345,6343699,11110,250,-1,-1,1,0,90.0,0
360,6398,6354807,11108,250,-1,-1,1,0,65.4,0
361,6400,6388134,33327,250,-1,-1,1,0,71.0,1
362,6401,6399243,11109,250,-1,-1,1,0,76.9,0
363,6411,6410368,11125,250,-1,-1,1,0,78.3,0
364,6422,6421467,11099,250,-1,-1,1,0,79.1,0
365,6433,6432585,11118,250,-1,-1,1,0,79.8,0
366,6445,6443690,11105,250,-1,-1,1,0,80.0,0
367,6456,6454799,11109,250,-1,-1,1,0,80.6,0
368,6467,6465909,11110,250,-1,-1,1,0,81.1,0
369,6478,6477009,11100,250,-1,-1,1,0,81.5,0
370,6489,6488119,11110,250,-1,-1,1,0,82.0,1
371,6500,6499246,11127,250,-1,-1,1,0,82.4,0
372,6511,6510340,11094,250,-1,-1,1,0,82.7,0
373,6522,6521483,11143,250,-1,-1,1,0,83.0,0
374,6533,6532565,11082,250,-1,-1,1,0,83.3,0
375,6544,6543663,11098,250,-1,-1,1,0,83.6,0
376,6556,6554777,11114,250,-1,-1,1,0,83.6,0
377,6567,6565883,11106,250,-1,-1,1,0,83.9,0
378,6578,6576993,11110,250,-1,-1,1,0,84.1,0
379,6589,6588104,11111,250,-1,-1,1,0,84.3,1
380,6600,6599227,11123,250,-1,-1,1,0,84.5,0
381,6611,6610324,11097,250,-1,-1,1,0,84.7,0
382,6622,6621440,11116,250,-1,-1,1,0,84.9,0
383,6633,6632545,11105,250,-1,-1,1,0,85.1,0
384,6645,6643647,11102,250,-1,-1,1,0,85.0,0
385,6656,6654758,11111,250,-1,-1,1,0,85.2,0
386,6667,6665866,11108,250,-1,-1,1,0,85.3,0
387,6678,6676975,11109,250,-1,-1,1,0,85.5,0
388,6689,6688083,11108,250,-1,-1,1,0,85.6,1
389,6700,6699209,11126,250,-1,-1,1,0,85.7,0
390,6711,6710308,11099,250,-1,-1,1,0,85.8,0
391,6722,6721420,11112,250,-1,-1,1,0,86.0,0
392,6733,6732529,11109,250,-1,-1,1,0,86.1,0
393,6744,6743632,11103,250,-1,-1,1,0,86.2,0
394,6756,6754738,11106,250,-1,-1,1,0,86.1,0
395,6767,6765846,11108,250,-1,-1,1,0,86.2,0
396,6778,6776960,11114,250,-1,-1,1,0,86.3,0
397,6789,6788065,11105,250,-1,-1,1,0,86.4,1
398,6800,6799194,11129,250,-1,-1,1,0,86.5,0
399,6811,6810292,11098,250,-1,-1,1,0,86.6,0
400,6822,6821408,11116,250,-1,-1,1,0,86.7,0
401,6833,6832515,11107,250,-1,-1,1,0,86.7,0
402,6844,6843616,11101,250,-1,-1,1,0,86.8,0
403,6856,6854723,11107,250,-1,-1,1,0,86.7,0
404,6867,6865830,11107,250,-1,-1,1,0,86.8,0
405,6878,6876941,11111,250,-1,-1,1,0,86.9,0
406,6889,6888051,11110,250,-1,-1,1,0,87.0,1
407,6900,6899174,11123,250,-1,-1,1,0,87.0,0
408,6911,6910275,11101,250,-1,-1,1,0,87.1,0
409,6922,6921386,11111,250,-1,-1,1,0,87.1,0
410,6933,6932493,11107,250,-1,-1,1,0,87.2,0
411,6944,6943597,11104,250,-1,-1,1,0,87.3,0
412,6956,6954712,11115,250,-1,-1,1,0,87.2,0
413,6967,6965817,11105,250,-1,-1,1,0,87.3,0
414,6978,6976927,11110,250,-1,-1,1,0,87.3,0
415,6989,6988034,11107,250,-1,-1,1,0,87.4,1
416,7000,6999159,11125,250,-1,-1,1,0,87.4,0
417,7011,7010255,11096,250,-1,-1,1,0,87.5,0
418,7022,7021373,11118,250,-1,-1,1,0,87.5,0
419,7033,7032474,11101,250,-1,-1,1,0,87.6,0
420,7045,7043580,11106,250,-1,-1,1,0,87.5,0
421,7055,7054690,11110,250,-1,-1,1,0,87.7,0
422,7067,7065802,11112,250,-1,-1,1,0,87.6,0
423,7078,7076906,11104,250,-1,-1,1,0,87.6,0
424,7089,7088019,11113,250,-1,-1,1,0,87.7,1
425,7100,7099141,11122,250,-1,-1,1,0,87.7,0
426,7111,7110241,11100,250,-1,-1,1,0,87.8,0
427,7122,7121408,11167,250,-1,-1,1,0,87.8,0
428,7133,7132461,11053,250,-1,-1,1,0,87.8,0
429,7144,7143562,11101,250,-1,-1,1,0,87.9,0
430,7155,7154672,11110,250,-1,-1,1,0,87.9,0
431,7167,7165780,11108,250,-1,-1,1,0,87.9,0
432,7178,7176887,11107,250,-1,-1,1,0,87.9,0
433,7189,7187998,11111,250,-1,-1,1,0,87.9,1
434,7200,7199126,11128,250,-1,-1,1,0,88.0,0
435,7211,7210224,11098,250,-1,-1,1,0,88.0,0
436,7222,7221335,11111,250,-1,-1,1,0,88.0,0
437,7233,7232443,11108,250,-1,-1,1,0,88.1,0
438,7244,7243544,11101,250,-1,-1,1,0,88.1,0
439,7255,7254653,11109,250,-1,-1,1,0,88.1,0
440,7267,7265770,11117,250,-1,-1,1,0,83.3,0
441,7278,7276873,11103,250,-1,-1,1,0,87.0,0
442,7289,7287983,11110,250,-1,-1,1,0,88.2,1
443,7300,7299107,11124,250,-1,-1,1,0,88.9,0
444,7311,7310205,11098,250,-1,-1,1,0,89.3,0
445,7322,7321315,11110,250,-1,-1,1,0,89.6,0
446,7333,7332425,11110,250,-1,-1,1,0,89.7,0
447,7344,7343528,11103,250,-1,-1,1,0,89.9,0
448,7356,7354635,11107,250,-1,-1,1,0,89.1,0
449,7367,7365748,11113,250,-1,-1,1,0,89.3,0
450,7422,7376859,11111,250,-1,-1,1,0,65.9,0
451,7423,7421289,44430,250,-1,-1,1,0,71.4,1
452,7433,7432410,11121,250,-1,-1,1,0,73.0,0
453,7445,7443514,11104,250,-1,-1,1,0,73.7,0
454,7456,7454693,11179,250,-1,-1,1,0,74.6,0
455,7467,7465731,11038,250,-1,-1,1,0,75.5,0
456,7478,7476845,11114,250,-1,-1,1,0,76.2,0
457,7489,7487955,11110,250,-1,-1,1,0,76.9,0
458,7500,7499055,11100,250,-1,-1,1,0,77.6,0
459,7511,7510166,11111,250,-1,-1,1,0,78.1,0
460,7522,7521274,11108,250,-1,-1,1,0,78.7,1
461,7533,7532399,11125,250,-1,-1,1,0,79.1,0
462,7544,7543502,11103,250,-1,-1,1,0,79.6,0
463,7556,7554674,11172,250,-1,-1,1,0,79.7,0
464,7567,7565721,11047,250,-1,-1,1,0,80.1,0
465,7578,7576821,11100,250,-1,-1,1,0,80.5,0
466,7589,7587928,11107,250,-1,-1,1,0,80.8,0
467,7600,7599039,11111,250,-1,-1,1,0,81.2,0
468,7611,7610146,11107,250,-1,-1,1,0,81.5,0
469,7622,7621258,11112,250,-1,-1,1,0,81.7,1
470,7633,7632383,11125,250,-1,-1,1,0,82.0,0
471,7644,7643483,11100,250,-1,-1,1,0,82.3,0
472,7656,7654713,11230,250,-1,-1,1,0,82.3,0
473,7667,7665703,10990,250,-1,-1,1,0,82.5,0
474,7678,7676803,11100,250,-1,-1,1,0,82.7,0
475,7689,7687919,11116,250,-1,-1,1,0,82.9,0
476,7700,7699018,11099,250,-1,-1,1,0,83.1,0
477,7711,7710131,11113,250,-1,-1,1,0,83.3,0
478,7722,7721240,11109,250,-1,-1,1,0,83.5,1
479,7733,7732369,11129,250,-1,-1,1,0,83.7,0
480,7744,7743463,11094,250,-1,-1,1,0,83.8,0
481,7756,7754577,11114,250,-1,-1,1,0,83.8,0
482,7766,7765703,11126,250,-1,-1,1,0,84.1,0
483,7778,7776787,11084,250,-1,-1,1,0,84.1,0
484,7789,7787894,11107,250,-1,-1,1,0,84.3,0
485,7800,7799006,11112,250,-1,-1,1,0,84.4,0
486,7811,7810114,11108,250,-1,-1,1,0,84.5,0
487,7822,7821226,11112,250,-1,-1,1,0,84.7,1
488,7833,7832349,11123,250,-1,-1,1,0,84.8,0
489,7844,7843450,11101,250,-1,-1,1,0,84.9,0
490,7856,7854642,11192,250,-1,-1,1,0,84.9,0
491,7866,7865669,11027,250,-1,-1,1,0,85.1,0
492,7878,7876764,11095,250,-1,-1,1,0,85.1,0
493,7889,7887880,11116,250,-1,-1,1,0,85.2,0
494,7900,7898986,11106,250,-1,-1,1,0,85.3,0
495,7911,7910099,11113,250,-1,-1,1,0,85.4,0
496,7922,7921204,11105,250,-1,-1,1,0,85.5,1
497,7933,7932336,11132,250,-1,-1,1,0,85.5,0
498,7944,7943429,11093,250,-1,-1,1,0,85.6,0
499,7955,7954553,11124,250,-1,-1,1,0,85.7,0
500,7966,7965650,11097,250,-1,-1,1,0,85.8,0
501,7978,7976754,11104,250,-1,-1,1,0,85.8,0
502,7989,7987862,11108,250,-1,-1,1,0,85.8,0
503,8000,7998973,11111,250,-1,-1,1,0,85.9,0
504,8011,8010078,11105,250,-1,-1,1,0,86.0,0
505,8022,8021189,11111,250,-1,-1,1,0,86.0,1
506,8033,8032314,11125,250,-1,-1,1,0,86.1,0
507,8044,8043410,11096,250,-1,-1,1,0,86.2,0
508,8055,8054528,11118,250,-1,-1,1,0,86.2,0
509,8067,8065634,11106,250,-1,-1,1,0,86.2,0
510,8078,8076734,11100,250,-1,-1,1,0,86.3,0
511,8089,8087846,11112,250,-1,-1,1,0,86.3,0
512,8100,8098955,11109,250,-1,-1,1,0,86.4,0
513,8111,8110063,11108,250,-1,-1,1,0,86.4,0
514,8122,8121171,11108,250,-1,-1,1,0,86.5,1
515,8133,8132296,11125,250,-1,-1,1,0,86.6,0
516,8144,8143393,11097,250,-1,-1,1,0,86.6,0
517,8156,8154522,11129,250,-1,-1,1,0,86.6,0
518,8166,8165620,11098,250,-1,-1,1,0,86.7,0
519,8178,8176720,11100,250,-1,-1,1,0,86.7,0
520,8189,8187826,11106,250,-1,-1,1,0,86.7,0
521,8200,8198941,11115,250,-1,-1,1,0,86.8,0
522,8211,8210043,11102,250,-1,-1,1,0,86.8,0
523,8222,8221156,11113,250,-1,-1,1,0,86.9,1
524,8233,8232280,11124,250,-1,-1,1,0,86.9,0
525,8244,8243376,11096,250,-1,-1,1,0,87.0,0
526,8255,8254574,11198,250,-1,-1,1,0,87.0,0
527,8266,8265609,11035,250,-1,-1,1,0,100.0,0
528,8277,8276699,11090,250,-1,-1,1,0,95.2,0
529,8289,8287809,11110,250,-1,-1,1,0,90.9,0
530,8300,8298920,11111,250,-1,-1,1,0,90.9,0
531,8311,8310032,11112,250,-1,-1,1,0,90.9,0
532,8322,8321138,11106,250,-1,-1,1,0,90.9,1
533,8333,8332261,11123,250,-1,-1,1,0,90.9,0
534,8344,8343358,11097,250,-1,-1,1,0,90.9,0
535,8355,8354612,11254,250,-1,-1,1,0,90.9,0
536,8366,8365583,10971,250,-1,-1,1,0,90.9,0
537,8378,8376686,11103,250,-1,-1,1,0,90.2,0
538,8389,8387793,11107,250,-1,-1,1,0,90.2,0
539,8400,8398903,11110,250,-1,-1,1,0,90.3,0
540,8456,8410008,11105,250,-1,-1,1,0,70.0,0
541,8457,8454447,44439,250,-1,-1,1,0,74.6,1
542,8467,8465573,11126,250,-1,-1,1,0,75.8,0
543,8477,8476666,11093,250,-1,-1,1,0,76.9,0
544,8489,8487781,11115,250,-1,-1,1,0,77.3,0
545,8500,8498894,11113,250,-1,-1,1,0,77.9,0
546,8511,8510010,11116,250,-1,-1,1,0,78.4,0
547,8522,8521107,11097,250,-1,-1,1,0,78.9,0
548,8533,8532212,11105,250,-1,-1,1,0,79.4,0
549,8544,8543321,11109,250,-1,-1,1,0,79.9,0
550,8555,8554432,11111,250,-1,-1,1,0,80.3,1
551,8566,8565557,11125,250,-1,-1,1,0,80.6,0
552,8577,8576659,11102,250,-1,-1,1,0,81.0,0
553,8589,8587892,11233,250,-1,-1,1,0,81.1,0
554,8600,8598878,10986,250,-1,-1,1,0,81.4,0
555,8611,8609976,11098,250,-1,-1,1,0,81.7,0
556,8622,8621086,11110,250,-1,-1,1,0,82.0,0
557,8633,8632192,11106,250,-1,-1,1,0,82.2,0
558,8644,8643307,11115,250,-1,-1,1,0,82.5,0
559,8655,8654416,11109,250,-1,-1,1,0,82.7,1
560,8666,8665539,11123,250,-1,-1,1,0,82.9,0
561,8677,8676638,11099,250,-1,-1,1,0,83.1,0
562,8689,8687872,11234,250,-1,-1,1,0,83.1,0
563,8700,8698860,10988,250,-1,-1,1,0,83.3,0
564,8711,8709969,11109,250,-1,-1,1,0,83.5,0
565,8722,8721070,11101,250,-1,-1,1,0,83.7,0
566,8733,8732179,11109,250,-1,-1,1,0,83.9,0
567,8744,8743289,11110,250,-1,-1,1,0,84.0,0
568,8755,8754401,11112,250,-1,-1,1,0,84.2,1
569,8766,8765517,11116,250,-1,-1,1,0,84.3,0
570,8778,8776618,11101,250,-1,-1,1,0,84.3,0
571,8789,8787757,11139,250,-1,-1,1,0,84.4,0
572,8800,8798841,11084,250,-1,-1,1,0,84.6,0
573,8811,8809943,11102,250,-1,-1,1,0,84.7,0
574,8822,8821054,11111,250,-1,-1,1,0,84.8,0
575,8833,8832162,11108,250,-1,-1,1,0,84.9,0
576,8844,8843281,11119,250,-1,-1,1,0,85.0,0
577,8855,8854379,11098,250,-1,-1,1,0,85.1,1
578,8866,8865501,11122,250,-1,-1,1,0,85.2,0
579,8877,8876601,11100,250,-1,-1,1,0,85.3,0
580,8889,8887859,11258,250,-1,-1,1,0,85.3,0
581,8900,8898825,10966,250,-1,-1,1,0,85.4,0
582,8911,8909928,11103,250,-1,-1,1,0,85.5,0
583,8922,8921035,11107,250,-1,-1,1,0,85.6,0
584,8933,8932143,11108,250,-1,-1,1,0,85.7,0
585,8944,8943254,11111,250,-1,-1,1,0,85.8,0
586,8955,8954363,11109,250,-1,-1,1,0,85.8,1
587,8966,8965490,11127,250,-1,-1,1,0,85.9,0
588,8977,8976588,11098,250,-1,-1,1,0,86.0,0
589,8989,8987702,11114,250,-1,-1,1,0,85.9,0
590,9000,8998807,11105,250,-1,-1,1,0,86.0,0
591,9011,9009907,11100,250,-1,-1,1,0,86.1,0
592,9022,9021022,11115,250,-1,-1,1,0,86.2,0
593,9033,9032127,11105,250,-1,-1,1,0,86.2,0
594,9044,9043235,11108,250,-1,-1,1,0,86.3,0
595,9055,9054347,11112,250,-1,-1,1,0,86.4,1
596,9066,9065471,11124,250,-1,-1,1,0,86.4,0
597,9077,9076569,11098,250,-1,-1,1,0,86.5,0
598,9089,9087683,11114,250,-1,-1,1,0,86.4,0
599,9100,9098791,11108,250,-1,-1,1,0,86.5,0
600,9111,9109897,11106,250,-1,-1,1,0,86.5,0
601,9122,9120998,11101,250,-1,-1,1,0,86.6,0
602,9133,9132110,11112,250,-1,-1,1,0,86.7,0
603,9144,9143219,11109,250,-1,-1,1,0,86.7,0
604,9155,9154331,11112,250,-1,-1,1,0,86.8,1
605,9166,9165454,11123,250,-1,-1,1,0,86.8,0
606,9178,9176552,11098,250,-1,-1,1,0,86.8,0
607,9189,9187699,11147,250,-1,-1,1,0,86.8,0
608,9200,9198776,11077,250,-1,-1,1,0,86.9,0
609,9211,9209875,11099,250,-1,-1,1,0,86.9,0
610,9222,9220983,11108,250,-1,-1,1,0,87.0,0
611,9233,9232093,11110,250,-1,-1,1,0,87.0,0
612,9244,9243205,11112,250,-1,-1,1,0,87.0,0
613,9255,9254309,11104,250,-1,-1,1,0,87.1,1
614,9290,9287646,33337,250,-1,-1,1,0,29.4,0
615,9300,9298784,11138,250,-1,-1,1,0,45.5,0
616,9311,9309857,11073,250,-1,-1,1,0,54.5,0
617,9322,9320967,11110,250,-1,-1,1,0,60.6,0
618,9333,9332078,11111,250,-1,-1,1,0,64.9,0
619,9344,9343185,11107,250,-1,-1,1,0,68.2,0
620,9355,9354300,11115,250,-1,-1,1,0,70.7,0
621,9366,9365404,11104,250,-1,-1,1,0,72.7,0
622,9377,9376511,11107,250,-1,-1,1,0,74.4,1
623,9388,9387637,11126,250,-1,-1,1,0,75.8,0
624,9400,9398735,11098,250,-1,-1,1,0,76.4,0
625,9411,9410023,11288,250,-1,-1,1,0,77.4,0
626,9422,9420962,10939,250,-1,-1,1,0,78.3,0
627,9433,9432058,11096,250,-1,-1,1,0,79.1,0
628,9444,9443168,11110,250,-1,-1,1,0,79.8,0
629,9455,9454278,11110,250,-1,-1,1,0,80.4,0
630,9513,9465386,11108,250,-1,-1,1,0,66.1,0
631,9513,9509820,44434,250,-1,-1,1,0,70.0,1
632,9522,9520946,11126,250,-1,-1,1,0,71.4,0
633,9533,9532046,11100,250,-1,-1,1,0,72.2,0
634,9544,9543162,11116,250,-1,-1,1,0,72.9,0
635,9555,9554266,11104,250,-1,-1,1,0,73.6,0
636,9567,9565380,11114,250,-1,-1,1,0,74.0,0
637,9577,9576483,11103,250,-1,-1,1,0,74.8,0
638,9588,9587589,11106,250,-1,-1,1,0,75.3,0
639,9599,9598704,11115,250,-1,-1,1,0,75.8,0
640,9611,9609803,11099,250,-1,-1,1,0,76.1,1
641,9622,9620932,11129,250,-1,-1,1,0,76.5,0
642,9633,9632025,11093,250,-1,-1,1,0,76.9,0
643,9644,9643147,11122,250,-1,-1,1,0,77.3,0
644,9655,9654248,11101,250,-1,-1,1,0,77.7,0
645,9666,9665354,11106,250,-1,-1,1,0,78.0,0
646,9677,9676461,11107,250,-1,-1,1,0,78.4,0
647,9688,9687570,11109,250,-1,-1,1,0,78.7,0
648,9699,9698679,11109,250,-1,-1,1,0,79.0,0
649,9711,9709788,11109,250,-1,-1,1,0,79.1,1
650,9722,9720913,11125,250,-1,-1,1,0,79.4,0
651,9733,9732011,11098,250,-1,-1,1,0,79.7,0
652,9744,9743131,11120,250,-1,-1,1,0,79.9,0
653,9755,9754240,11109,250,-1,-1,1,0,80.2,0
654,9766,9765340,11100,250,-1,-1,1,0,80.4,0
655,9777,9776445,11105,250,-1,-1,1,0,80.6,0
656,9788,9787553,11108,250,-1,-1,1,0,80.8,0
657,9800,9798663,11110,250,-1,-1,1,0,80.9,0
658,9811,9809770,11107,250,-1,-1,1,0,81.1,1
659,9822,9820898,11128,250,-1,-1,1,0,81.3,0
660,9833,9831995,11097,250,-1,-1,1,0,81.5,0
661,9844,9843201,11206,250,-1,-1,1,0,81.6,0
662,9855,9854218,11017,250,-1,-1,1,0,81.8,0
663,9866,9865320,11102,250,-1,-1,1,0,82.0,0
664,9877,9876425,11105,250,-1,-1,1,0,82.1,0
665,9888,9887536,11111,250,-1,-1,1,0,82.3,0
666,9899,9898643,11107,250,-1,-1,1,0,82.4,0
667,9911,9909753,11110,250,-1,-1,1,0,82.4,1
668,9922,9920877,11124,250,-1,-1,1,0,82.6,0
669,9933,9931977,11100,250,-1,-1,1,0,82.7,0
670,9944,9943094,11117,250,-1,-1,1,0,82.8,0
671,9955,9954196,11102,250,-1,-1,1,0,83.0,0
672,9966,9965298,11102,250,-1,-1,1,0,83.1,0
673,9977,9976413,11115,250,-1,-1,1,0,83.2,0
674,9988,9987519,11106,250,-1,-1,1,0,83.3,0
675,9999,9998630,11111,250,-1,-1,1,0,83.4,0
676,10011,10009738,11108,250,-1,-1,1,0,83.4,1
677,10022,10020863,11125,250,-1,-1,1,0,83.6,0
678,10033,10031959,11096,250,-1,-1,1,0,83.7,0
679,10044,10043078,11119,250,-1,-1,1,0,83.8,0
680,10055,10054185,11107,250,-1,-1,1,0,83.9,0
681,10066,10065284,11099,250,-1,-1,1,0,84.0,0
682,10077,10076391,11107,250,-1,-1,1,0,84.0,0
683,10088,10087507,11116,250,-1,-1,1,0,84.1,0
684,10099,10098607,11100,250,-1,-1,1,0,84.2,0
685,10111,10109720,11113,250,-1,-1,1,0,84.2,1
686,10122,10120848,11128,250,-1,-1,1,0,84.3,0
687,10133,10131944,11096,250,-1,-1,1,0,84.4,0
688,10144,10143061,11117,250,-1,-1,1,0,84.5,0
689,10156,10154171,11110,250,-1,-1,1,0,84.4,0
690,10166,10165270,11099,250,-1,-1,1,0,84.6,0
691,10177,10176378,11108,250,-1,-1,1,0,84.7,0
692,10188,10187483,11105,250,-1,-1,1,0,84.8,0
693,10200,10198593,11110,250,-1,-1,1,0,84.7,0
694,10211,10209701,11108,250,-1,-1,1,0,84.8,1
695,10222,10220828,11127,250,-1,-1,1,0,84.9,0
696,10233,10231926,11098,250,-1,-1,1,0,85.0,0
697,10244,10243045,11119,250,-1,-1,1,0,85.0,0
698,10255,10254148,11103,250,-1,-1,1,0,85.1,0
699,10266,10265252,11104,250,-1,-1,1,0,85.1,0
700,10277,10276515,11263,250,-1,-1,1,0,90.9,0
701,10288,10287472,10957,250,-1,-1,1,0,90.9,0
702,10299,10298576,11104,250,-1,-1,1,0,90.9,0
703,10310,10309686,11110,250,-1,-1,1,0,90.9,1
704,10322,10320807,11121,250,-1,-1,1,0,89.3,0
705,10333,10331911,11104,250,-1,-1,1,0,89.6,0
706,10344,10343029,11118,250,-1,-1,1,0,89.7,0
707,10355,10354131,11102,250,-1,-1,1,0,89.9,0
708,10366,10365230,11099,250,-1,-1,1,0,90.0,0
709,10377,10376339,11109,250,-1,-1,1,0,90.1,0
710,10388,10387452,11113,250,-1,-1,1,0,90.2,0
711,10399,10398563,11111,250,-1,-1,1,0,90.2,0
712,10410,10409669,11106,250,-1,-1,1,0,90.3,1
713,10422,10420795,11126,250,-1,-1,1,0,89.7,0
714,10433,10431891,11096,250,-1,-1,1,0,89.8,0
715,10444,10443004,11113,250,-1,-1,1,0,89.9,0
716,10455,10454114,11110,250,-1,-1,1,0,89.9,0
717,10466,10465213,11099,250,-1,-1,1,0,90.0,0
718,10477,10476323,11110,250,-1,-1,1,0,90.0,0
719,10488,10487436,11113,250,-1,-1,1,0,90.1,0
720,10545,10498539,11103,250,-1,-1,1,0,75.3,0
721,10546,10542973,44434,250,-1,-1,1,0,78.6,1
722,10555,10554102,11129,250,-1,-1,1,0,79.6,0
723,10566,10565198,11096,250,-1,-1,1,0,80.0,0
724,10577,10576316,11118,250,-1,-1,1,0,80.4,0
725,10588,10587418,11102,250,-1,-1,1,0,80.7,0
726,10600,10598537,11119,250,-1,-1,1,0,80.8,0
727,10610,10609644,11107,250,-1,-1,1,0,81.4,0
728,10622,10620743,11099,250,-1,-1,1,0,81.5,0
729,10633,10631851,11108,250,-1,-1,1,0,81.7,0
730,10644,10642961,11110,250,-1,-1,1,0,82.0,1
731,10655,10654083,11122,250,-1,-1,1,0,82.3,0
732,10666,10665183,11100,250,-1,-1,1,0,82.5,0
733,10677,10676295,11112,250,-1,-1,1,0,82.7,0
734,10688,10687408,11113,250,-1,-1,1,0,82.9,0
735,10699,10698510,11102,250,-1,-1,1,0,83.1,0
736,10710,10709618,11108,250,-1,-1,1,0,83.3,0
737,10722,10720729,11111,250,-1,-1,1,0,83.3,0
738,10733,10731835,11106,250,-1,-1,1,0,83.5,0
739,10744,10742943,11108,250,-1,-1,1,0,83.7,1
740,10755,10754068,11125,250,-1,-1,1,0,83.8,0
741,10766,10765168,11100,250,-1,-1,1,0,84.0,0
742,10777,10776284,11116,250,-1,-1,1,0,84.1,0
743,10788,10787389,11105,250,-1,-1,1,0,84.3,0
744,10799,10798491,11102,250,-1,-1,1,0,84.4,0
745,10810,10809597,11106,250,-1,-1,1,0,84.6,0
746,10822,10820712,11115,250,-1,-1,1,0,84.5,0
747,10833,10831818,11106,250,-1,-1,1,0,84.7,0
748,10844,10842930,11112,250,-1,-1,1,0,84.8,1
749,10855,10854051,11121,250,-1,-1,1,0,84.9,0
750,10866,10865150,11099,250,-1,-1,1,0,85.0,0
751,10877,10876264,11114,250,-1,-1,1,0,85.1,0
752,10888,10887378,11114,250,-1,-1,1,0,85.2,0
753,10899,10898475,11097,250,-1,-1,1,0,85.3,0
754,10911,10909582,11107,250,-1,-1,1,0,85.3,0
755,10921,10920691,11109,250,-1,-1,1,0,85.4,0
756,10933,10931802,11111,250,-1,-1,1,0,85.5,0
757,10944,10942908,11106,250,-1,-1,1,0,85.5,1
758,10955,10954039,11131,250,-1,-1,1,0,85.6,0
759,10966,10965136,11097,250,-1,-1,1,0,85.7,0
760,10977,10976251,11115,250,-1,-1,1,0,85.8,0
761,10988,10987359,11108,250,-1,-1,1,0,85.9,0
762,10999,10998460,11101,250,-1,-1,1,0,85.9,0
763,11010,11009567,11107,250,-1,-1,1,0,86.0,0
764,11021,11020675,11108,250,-1,-1,1,0,86.1,0
765,11033,11031783,11108,250,-1,-1,1,0,86.0,0
766,11044,11042895,11112,250,-1,-1,1,0,86.1,1
767,11055,11054017,11122,250,-1,-1,1,0,86.2,0
768,11066,11065117,11100,250,-1,-1,1,0,86.2,0
769,11077,11076232,11115,250,-1,-1,1,0,86.3,0
770,11088,11087341,11109,250,-1,-1,1,0,86.4,0
771,11099,11098441,11100,250,-1,-1,1,0,86.4,0
772,11110,11109554,11113,250,-1,-1,1,0,86.5,0
773,11121,11120659,11105,250,-1,-1,1,0,86.5,0
774,11133,11131767,11108,250,-1,-1,1,0,86.5,0
775,11144,11142875,11108,250,-1,-1,1,0,86.6,1
776,11155,11154002,11127,250,-1,-1,1,0,86.6,0
777,11166,11165097,11095,250,-1,-1,1,0,86.7,0
778,11177,11176218,11121,250,-1,-1,1,0,86.7,0
779,11188,11187322,11104,250,-1,-1,1,0,86.8,0
780,11199,11198421,11099,250,-1,-1,1,0,86.8,0
781,11210,11209531,11110,250,-1,-1,1,0,86.9,0
782,11222,11220641,11110,250,-1,-1,1,0,86.8,0
783,11233,11231755,11114,250,-1,-1,1,0,86.9,0
784,11244,11242860,11105,250,-1,-1,1,0,86.9,1
785,11255,11253982,11122,250,-1,-1,1,0,87.0,0
786,11266,11265085,11103,250,-1,-1,1,0,87.0,0
787,11282,11276197,11112,250,-1,-1,1,0,62.5,0
788,11288,11287310,11113,250,-1,-1,1,0,90.9,0
789,11299,11298404,11094,250,-1,-1,1,0,90.9,0
790,11311,11309514,11110,250,-1,-1,1,0,88.9,0
791,11321,11320623,11109,250,-1,-1,1,0,90.9,0
792,11333,11331740,11117,250,-1,-1,1,0,89.6,0
793,11344,11342848,11108,250,-1,-1,1,0,89.7,1
794,11355,11353968,11120,250,-1,-1,1,0,89.9,0
795,11366,11365071,11103,250,-1,-1,1,0,90.0,0
796,11377,11376181,11110,250,-1,-1,1,0,90.1,0
797,11388,11387289,11108,250,-1,-1,1,0,90.2,0
798,11399,11398388,11099,250,-1,-1,1,0,90.2,0
799,11410,11409496,11108,250,-1,-1,1,0,90.3,0
800,11421,11420609,11113,250,-1,-1,1,0,90.3,0
801,11432,11431715,11106,250,-1,-1,1,0,90.4,0
802,11444,11442825,11110,250,-1,-1,1,0,89.9,1
803,11455,11453951,11126,250,-1,-1,1,0,89.9,0
804,11466,11465047,11096,250,-1,-1,1,0,90.0,0
805,11477,11476162,11115,250,-1,-1,1,0,90.0,0
806,11488,11487273,11111,250,-1,-1,1,0,90.1,0
807,11499,11498375,11102,250,-1,-1,1,0,90.1,0
808,11510,11509481,11106,250,-1,-1,1,0,90.2,0
809,11521,11520591,11110,250,-1,-1,1,0,90.2,0
810,11579,11531699,11108,250,-1,-1,1,0,76.7,0
811,11579,11576126,44427,250,-1,-1,1,0,79.9,1
812,11588,11587259,11133,250,-1,-1,1,0,80.7,0
813,11599,11598359,11100,250,-1,-1,1,0,81.1,0
814,11610,11609473,11114,250,-1,-1,1,0,81.4,0
815,11622,11620581,11108,250,-1,-1,1,0,81.5,0
816,11633,11631695,11114,250,-1,-1,1,0,81.7,0
817,11644,11642805,11110,250,-1,-1,1,0,82.0,0
818,11655,11653897,11092,250,-1,-1,1,0,82.3,0
819,11666,11665009,11112,250,-1,-1,1,0,82.5,0
820,11677,11676119,11110,250,-1,-1,1,0,82.7,1
821,11688,11687245,11126,250,-1,-1,1,0,82.9,0
822,11699,11698340,11095,250,-1,-1,1,0,83.1,0
823,11711,11709457,11117,250,-1,-1,1,0,83.1,0
824,11721,11720563,11106,250,-1,-1,1,0,83.5,0
825,11732,11731665,11102,250,-1,-1,1,0,83.7,0
826,11744,11742770,11105,250,-1,-1,1,0,83.7,0
827,11755,11753884,11114,250,-1,-1,1,0,83.8,0
828,11766,11764992,11108,250,-1,-1,1,0,84.0,0
829,11777,11776112,11120,250,-1,-1,1,0,84.1,1
830,11788,11787225,11113,250,-1,-1,1,0,84.3,0
831,11799,11798334,11109,250,-1,-1,1,0,84.4,0
832,11810,11809437,11103,250,-1,-1,1,0,84.6,0
833,11821,11820544,11107,250,-1,-1,1,0,84.7,0
834,11832,11831646,11102,250,-1,-1,1,0,84.8,0
835,11844,11842760,11114,250,-1,-1,1,0,84.8,0
836,11855,11853867,11107,250,-1,-1,1,0,84.9,0
837,11866,11864975,11108,250,-1,-1,1,0,85.0,0
838,11877,11876087,11112,250,-1,-1,1,0,85.1,1
839,11888,11887212,11125,250,-1,-1,1,0,85.2,0
840,11899,11898308,11096,250,-1,-1,1,0,85.3,0
841,11910,11909423,11115,250,-1,-1,1,0,85.4,0
842,11921,11920533,11110,250,-1,-1,1,0,85.5,0
843,11933,11931632,11099,250,-1,-1,1,0,85.5,0
844,11944,11942742,11110,250,-1,-1,1,0,85.5,0
845,11955,11953850,11108,250,-1,-1,1,0,85.6,0
846,11966,11964956,11106,250,-1,-1,1,0,85.7,0
847,11977,11976070,11114,250,-1,-1,1,0,85.8,1
848,11988,11987191,11121,250,-1,-1,1,0,85.9,0
849,11999,11998289,11098,250,-1,-1,1,0,85.9,0
850,12010,12009403,11114,250,-1,-1,1,0,86.0,0
851,12022,12020514,11111,250,-1,-1,1,0,86.0,0
852,12032,12031612,11098,250,-1,-1,1,0,86.0,0
853,12044,12042725,11113,250,-1,-1,1,0,86.1,0
854,12055,12053830,11105,250,-1,-1,1,0,86.2,0
855,12066,12064936,11106,250,-1,-1,1,0,86.2,0
856,12077,12076052,11116,250,-1,-1,1,0,86.3,1
857,12088,12087176,11124,250,-1,-1,1,0,86.4,0
858,12099,12098274,11098,250,-1,-1,1,0,86.4,0
859,12111,12109391,11117,250,-1,-1,1,0,86.4,0
860,12121,12120495,11104,250,-1,-1,1,0,86.5,0
861,12132,12131599,11104,250,-1,-1,1,0,86.6,0
862,12144,12142703,11104,250,-1,-1,1,0,86.6,0
863,12155,12153812,11109,250,-1,-1,1,0,86.6,0
864,12166,12164936,11124,250,-1,-1,1,0,86.7,0
865,12177,12176037,11101,250,-1,-1,1,0,86.7,1
866,12188,12187160,11123,250,-1,-1,1,0,86.8,0
867,12199,12198256,11096,250,-1,-1,1,0,86.8,0
868,12210,12209370,11114,250,-1,-1,1,0,86.9,0
869,12221,12220481,11111,250,-1,-1,1,0,86.9,0
870,12232,12231578,11097,250,-1,-1,1,0,87.0,0
871,12244,12242689,11111,250,-1,-1,1,0,86.9,0
872,12255,12253799,11110,250,-1,-1,1,0,87.0,0
873,12266,12264908,11109,250,-1,-1,1,0,87.0,0
874,12277,12276031,11123,250,-1,-1,1,0,90.9,1
875,12288,12287138,11107,250,-1,-1,1,0,90.9,0
876,12299,12298246,11108,250,-1,-1,1,0,90.9,0
877,12310,12309424,11178,250,-1,-1,1,0,90.9,0
878,12321,12320452,11028,250,-1,-1,1,0,90.9,0
879,12333,12331559,11107,250,-1,-1,1,0,89.6,0
880,12343,12342675,11116,250,-1,-1,1,0,90.9,0
881,12355,12353781,11106,250,-1,-1,1,0,89.9,0
882,12366,12364889,11108,250,-1,-1,1,0,90.0,0
883,12377,12375995,11106,250,-1,-1,1,0,90.1,1
884,12388,12387122,11127,250,-1,-1,1,0,90.2,0
885,12399,12398220,11098,250,-1,-1,1,0,90.2,0
886,12410,12409336,11116,250,-1,-1,1,0,90.3,0
887,12421,12420441,11105,250,-1,-1,1,0,89.7,0
888,12432,12431544,11103,250,-1,-1,1,0,90.4,0
889,12443,12442657,11113,250,-1,-1,1,0,90.4,0
890,12455,12453760,11103,250,-1,-1,1,0,89.9,0
891,12466,12464872,11112,250,-1,-1,1,0,90.0,0
892,12477,12475981,11109,250,-1,-1,1,0,90.0,1
893,12488,12487111,11130,250,-1,-1,1,0,90.1,0
894,12499,12498204,11093,250,-1,-1,1,0,90.1,0
895,12510,12509321,11117,250,-1,-1,1,0,90.2,0
896,12521,12520425,11104,250,-1,-1,1,0,90.2,0
897,12532,12531530,11105,250,-1,-1,1,0,90.2,0
898,12543,12542634,11104,250,-1,-1,1,0,90.3,0
899,12555,12553748,11114,250,-1,-1,1,0,90.0,0
900,12636,12564854,11106,250,-1,-1,1,0,73.0,0
901,12636,12631504,66650,250,-1,-1,1,0,75.7,1
902,12644,12642638,11134,250,-1,-1,1,0,76.7,0
903,12655,12653737,11099,250,-1,-1,1,0,77.1,0
904,12666,12664843,11106,250,-1,-1,1,0,77.5,0
905,12677,12675957,11114,250,-1,-1,1,0,77.9,0
906,12688,12687061,11104,250,-1,-1,1,0,78.2,0
907,12699,12698166,11105,250,-1,-1,1,0,78.5,0
908,12710,12709275,11109,250,-1,-1,1,0,78.8,0
909,12721,12720380,11105,250,-1,-1,1,0,79.1,0
910,12733,12731494,11114,250,-1,-1,1,0,79.2,1
911,12743,12742617,11123,250,-1,-1,1,0,79.7,0
912,12755,12753717,11100,250,-1,-1,1,0,79.8,0
913,12766,12764831,11114,250,-1,-1,1,0,80.0,0
914,12777,12775944,11113,250,-1,-1,1,0,80.2,0
915,12788,12787040,11096,250,-1,-1,1,0,80.5,0
916,12799,12798144,11104,250,-1,-1,1,0,80.7,0
917,12810,12809255,11111,250,-1,-1,1,0,80.9,0
918,12821,12820366,11111,250,-1,-1,1,0,81.1,0
919,12832,12831477,11111,250,-1,-1,1,0,81.3,1
920,12843,12842603,11126,250,-1,-1,1,0,81.5,0
921,12855,12853699,11096,250,-1,-1,1,0,81.5,0
922,12866,12864817,11118,250,-1,-1,1,0,81.7,0
923,12877,12875924,11107,250,-1,-1,1,0,81.8,0
924,12888,12887021,11097,250,-1,-1,1,0,82.0,0
925,12899,12898130,11109,250,-1,-1,1,0,82.1,0
926,12910,12909241,11111,250,-1,-1,1,0,82.3,0
927,12921,12920348,11107,250,-1,-1,1,0,82.4,0
928,12932,12931460,11112,250,-1,-1,1,0,82.6,1
929,12943,12942585,11125,250,-1,-1,1,0,82.7,0
930,12955,12953683,11098,250,-1,-1,1,0,82.7,0
931,12966,12964797,11114,250,-1,-1,1,0,82.9,0
932,12977,12975906,11109,250,-1,-1,1,0,83.0,0
933,12988,12987004,11098,250,-1,-1,1,0,83.1,0
934,12999,12998119,11115,250,-1,-1,1,0,83.2,0
935,13010,13009226,11107,250,-1,-1,1,0,83.3,0
936,13021,13020344,11118,250,-1,-1,1,0,83.4,0
937,13032,13031445,11101,250,-1,-1,1,0,83.6,1
938,13044,13042570,11125,250,-1,-1,1,0,83.5,0
939,13054,13053666,11096,250,-1,-1,1,0,83.8,0
940,13066,13064779,11113,250,-1,-1,1,0,83.8,0
941,13077,13075889,11110,250,-1,-1,1,0,83.8,0
942,13088,13086987,11098,250,-1,-1,1,0,83.9,0
943,13099,13098097,11110,250,-1,-1,1,0,84.0,0
944,13110,13109206,11109,250,-1,-1,1,0,84.1,0
945,13121,13120317,11111,250,-1,-1,1,0,84.2,0
946,13132,13131423,11106,250,-1,-1,1,0,84.3,1
947,13143,13142550,11127,250,-1,-1,1,0,84.4,0
948,13154,13153649,11099,250,-1,-1,1,0,84.5,0
949,13166,13164776,11127,250,-1,-1,1,0,84.4,0
950,13177,13175872,11096,250,-1,-1,1,0,84.5,0
951,13188,13186971,11099,250,-1,-1,1,0,84.6,0
952,13199,13198082,11111,250,-1,-1,1,0,84.7,0
953,13210,13209187,11105,250,-1,-1,1,0,84.7,0
954,13221,13220297,11110,250,-1,-1,1,0,84.8,0
955,13232,13231407,11110,250,-1,-1,1,0,84.9,1
956,13243,13242537,11130,250,-1,-1,1,0,85.0,0
957,13254,13253632,11095,250,-1,-1,1,0,85.0,0
958,13266,13264746,11114,250,-1,-1,1,0,85.0,0
959,13277,13275853,11107,250,-1,-1,1,0,90.9,0
960,13288,13286954,11101,250,-1,-1,1,0,90.9,0
961,13299,13298063,11109,250,-1,-1,1,0,90.9,0
962,13310,13309170,11107,250,-1,-1,1,0,90.9,0
963,13321,13320285,11115,250,-1,-1,1,0,90.9,0
964,13332,13331393,11108,250,-1,-1,1,0,90.9,1
965,13343,13342516,11123,250,-1,-1,1,0,90.9,0
966,13355,13353613,11097,250,-1,-1,1,0,89.9,0
967,13366,13364729,11116,250,-1,-1,1,0,90.0,0
968,13377,13375835,11106,250,-1,-1,1,0,90.1,0
969,13388,13386936,11101,250,-1,-1,1,0,90.2,0
970,13399,13398048,11112,250,-1,-1,1,0,90.2,0
971,13410,13409157,11109,250,-1,-1,1,0,90.3,0
972,13421,13420265,11108,250,-1,-1,1,0,90.3,0
973,13432,13431371,11106,250,-1,-1,1,0,90.4,1
974,13444,13442500,11129,250,-1,-1,1,0,89.9,0
975,13454,13453598,11098,250,-1,-1,1,0,90.4,0
976,13466,13464712,11114,250,-1,-1,1,0,90.0,0
977,13477,13475818,11106,250,-1,-1,1,0,90.0,0
978,13488,13486920,11102,250,-1,-1,1,0,90.1,0
979,13499,13498028,11108,250,-1,-1,1,0,90.1,0
980,13510,13509136,11108,250,-1,-1,1,0,90.2,0
981,13521,13520243,11107,250,-1,-1,1,0,90.2,0
982,13532,13531355,11112,250,-1,-1,1,0,90.2,1
983,13543,13542480,11125,250,-1,-1,1,0,90.3,0
984,13554,13553581,11101,250,-1,-1,1,0,90.3,0
985,13565,13564692,11111,250,-1,-1,1,0,90.3,0
986,13577,13575806,11114,250,-1,-1,1,0,90.0,0
987,13588,13586903,11097,250,-1,-1,1,0,90.1,0
988,13599,13598011,11108,250,-1,-1,1,0,90.1,0
989,13610,13609119,11108,250,-1,-1,1,0,90.1,0
990,13668,13620234,11115,250,-1,-1,1,0,79.6,0
991,13668,13664664,44430,250,-1,-1,1,0,82.1,1
992,13677,13675790,11126,250,-1,-1,1,0,82.7,0
993,13688,13686886,11096,250,-1,-1,1,0,82.9,0
994,13699,13697998,11112,250,-1,-1,1,0,83.1,0
995,13710,13709116,11118,250,-1,-1,1,0,83.3,0
996,13722,13720218,11102,250,-1,-1,1,0,83.3,0
997,13732,13731329,11111,250,-1,-1,1,0,83.7,0
998,13743,13742438,11109,250,-1,-1,1,0,83.9,0
999,13755,13753546,11108,250,-1,-1,1,0,83.8,0
1000,13765,13764650,11104,250,-1,-1,1,0,84.2,1
1001,13777,13775777,11127,250,-1,-1,1,0,84.1,0
1002,13788,13786873,11096,250,-1,-1,1,0,84.3,0
1003,13799,13797991,11118,250,-1,-1,1,0,84.4,0
1004,13810,13809098,11107,250,-1,-1,1,0,84.6,0
1005,13821,13820197,11099,250,-1,-1,1,0,84.7,0
1006,13832,13831303,11106,250,-1,-1,1,0,84.8,0
1007,13843,13842415,11112,250,-1,-1,1,0,84.9,0
1008,13854,13853525,11110,250,-1,-1,1,0,85.0,0
1009,13865,13864633,11108,250,-1,-1,1,0,85.1,1
1010,13877,13875752,11119,250,-1,-1,1,0,85.1,0
1011,13888,13886858,11106,250,-1,-1,1,0,85.2,0
1012,13899,13897970,11112,250,-1,-1,1,0,85.3,0
1013,13910,13909077,11107,250,-1,-1,1,0,85.4,0
1014,13921,13920179,11102,250,-1,-1,1,0,85.5,0
1015,13932,13931348,11169,250,-1,-1,1,0,85.6,0
1016,13943,13942400,11052,250,-1,-1,1,0,85.7,0
1017,13954,13953507,11107,250,-1,-1,1,0,85.8,0
1018,13965,13964611,11104,250,-1,-1,1,0,85.8,1
1019,13977,13975741,11130,250,-1,-1,1,0,85.8,0
1020,13988,13986838,11097,250,-1,-1,1,0,85.9,0
1021,13999,13997954,11116,250,-1,-1,1,0,85.9,0
1022,14010,14009060,11106,250,-1,-1,1,0,86.0,0
1023,14021,14020163,11103,250,-1,-1,1,0,86.1,0
1024,14032,14031269,11106,250,-1,-1,1,0,86.2,0
1025,14043,14042379,11110,250,-1,-1,1,0,86.2,0
1026,14054,14053492,11113,250,-1,-1,1,0,86.3,0
1027,14066,14064596,11104,250,-1,-1,1,0,86.2,1
1028,14077,14075726,11130,250,-1,-1,1,0,86.3,0
1029,14088,14086824,11098,250,-1,-1,1,0,86.4,0
1030,14099,14097937,11113,250,-1,-1,1,0,86.4,0
1031,14110,14109045,11108,250,-1,-1,1,0,86.5,0
1032,14121,14120145,11100,250,-1,-1,1,0,86.5,0
1033,14132,14131256,11111,250,-1,-1,1,0,86.6,0
1034,14143,14142362,11106,250,-1,-1,1,0,86.7,0
1035,14155,14153470,11108,250,-1,-1,1,0,86.6,0
1036,14166,14164584,11114,250,-1,-1,1,0,86.7,1
1037,14177,14175708,11124,250,-1,-1,1,0,86.7,0
1038,14188,14186805,11097,250,-1,-1,1,0,86.8,0
1039,14199,14197922,11117,250,-1,-1,1,0,86.8,0
1040,14210,14209026,11104,250,-1,-1,1,0,86.9,0
1041,14221,14220130,11104,250,-1,-1,1,0,86.9,0
1042,14232,14231248,11118,250,-1,-1,1,0,87.0,0
1043,14243,14242348,11100,250,-1,-1,1,0,87.0,0
1044,14254,14253452,11104,250,-1,-1,1,0,87.0,0
1045,14265,14264563,11111,250,-1,-1,1,0,87.1,1
1046,14301,14297899,33336,250,-1,-1,1,0,28.6,0
1047,14310,14309015,11116,250,-1,-1,1,0,45.5,0
1048,14321,14320110,11095,250,-1,-1,1,0,54.5,0
1049,14332,14331221,11111,250,-1,-1,1,0,60.6,0
1050,14343,14342330,11109,250,-1,-1,1,0,64.9,0
1051,14354,14353440,11110,250,-1,-1,1,0,68.2,0
1052,14365,14364546,11106,250,-1,-1,1,0,70.7,0
1053,14377,14375658,11112,250,-1,-1,1,0,72.1,0
1054,14388,14386765,11107,250,-1,-1,1,0,73.8,1
1055,14399,14397890,11125,250,-1,-1,1,0,75.2,0
1056,14410,14408986,11096,250,-1,-1,1,0,76.4,0
1057,14421,14420104,11118,250,-1,-1,1,0,77.4,0
1058,14432,14431211,11107,250,-1,-1,1,0,78.3,0
1059,14443,14442314,11103,250,-1,-1,1,0,79.1,0
1060,14454,14453422,11108,250,-1,-1,1,0,79.8,0
1061,14466,14464529,11107,250,-1,-1,1,0,80.0,0
1062,14476,14475640,11111,250,-1,-1,1,0,81.0,0
1063,14488,14486751,11111,250,-1,-1,1,0,81.1,1
1064,14499,14497874,11123,250,-1,-1,1,0,81.5,0
1065,14510,14508972,11098,250,-1,-1,1,0,82.0,0
1066,14521,14520083,11111,250,-1,-1,1,0,82.4,0
1067,14532,14531196,11113,250,-1,-1,1,0,82.7,0
1068,14543,14542291,11095,250,-1,-1,1,0,83.0,0
1069,14554,14553403,11112,250,-1,-1,1,0,83.3,0
1070,14565,14564515,11112,250,-1,-1,1,0,83.6,0
1071,14576,14575621,11106,250,-1,-1,1,0,83.9,0
1072,14588,14586730,11109,250,-1,-1,1,0,83.9,1
1073,14599,14597855,11125,250,-1,-1,1,0,84.1,0
1074,14610,14608951,11096,250,-1,-1,1,0,84.3,0
1075,14621,14620070,11119,250,-1,-1,1,0,84.5,0
1076,14632,14631179,11109,250,-1,-1,1,0,84.7,0
1077,14643,14642279,11100,250,-1,-1,1,0,84.9,0
1078,14654,14653387,11108,250,-1,-1,1,0,85.1,0
1079,14665,14664496,11109,250,-1,-1,1,0,85.2,0
1080,14721,14675603,11107,250,-1,-1,1,0,76.9,0
1081,14721,14720037,44434,250,-1,-1,1,0,79.1,1
1082,14732,14731168,11131,250,-1,-1,1,0,79.4,0
1083,14743,14742261,11093,250,-1,-1,1,0,79.7,0
1084,14754,14753381,11120,250,-1,-1,1,0,79.9,0
1085,14765,14764488,11107,250,-1,-1,1,0,80.2,0
1086,14777,14775768,11280,250,-1,-1,1,0,80.2,0
1087,14788,14786706,10938,250,-1,-1,1,0,80.5,0
1088,14799,14797814,11108,250,-1,-1,1,0,80.7,0
1089,14810,14808915,11101,250,-1,-1,1,0,80.9,0
1090,14821,14820024,11109,250,-1,-1,1,0,81.1,1
1091,14832,14831149,11125,250,-1,-1,1,0,81.3,0
1092,14843,14842245,11096,250,-1,-1,1,0,81.5,0
1093,14854,14853365,11120,250,-1,-1,1,0,81.6,0
1094,14866,14864469,11104,250,-1,-1,1,0,81.7,0
1095,14876,14875576,11107,250,-1,-1,1,0,82.0,0
1096,14887,14886682,11106,250,-1,-1,1,0,82.1,0
1097,14899,14897788,11106,250,-1,-1,1,0,82.1,0
1098,14910,14908898,11110,250,-1,-1,1,0,82.3,0
1099,14921,14920005,11107,250,-1,-1,1,0,82.4,1
1100,14932,14931130,11125,250,-1,-1,1,0,82.6,0
1101,14943,14942231,11101,250,-1,-1,1,0,82.7,0
1102,14954,14953347,11116,250,-1,-1,1,0,82.8,0
1103,14965,14964454,11107,250,-1,-1,1,0,83.0,0
1104,14976,14975558,11104,250,-1,-1,1,0,83.1,0
1105,14987,14986668,11110,250,-1,-1,1,0,83.2,0
1106,14999,14997771,11103,250,-1,-1,1,0,83.2,0
1107,15010,15008882,11111,250,-1,-1,1,0,83.3,0
1108,15021,15019992,11110,250,-1,-1,1,0,83.4,1
1109,15032,15031114,11122,250,-1,-1,1,0,83.6,0
1110,15043,15042214,11100,250,-1,-1,1,0,83.7,0
1111,15054,15053329,11115,250,-1,-1,1,0,83.8,0
1112,15065,15064436,11107,250,-1,-1,1,0,83.9,0
1113,15076,15075537,11101,250,-1,-1,1,0,84.0,0
1114,15088,15086650,11113,250,-1,-1,1,0,83.9,0
1115,15099,15097757,11107,250,-1,-1,1,0,84.0,0
1116,15110,15108868,11111,250,-1,-1,1,0,84.1,0
1117,15121,15119973,11105,250,-1,-1,1,0,84.2,1
1118,15132,15131098,11125,250,-1,-1,1,0,84.3,0
1119,15143,15142195,11097,250,-1,-1,1,0,84.4,0
1120,15154,15153312,11117,250,-1,-1,1,0,84.5,0
1121,15165,15164419,11107,250,-1,-1,1,0,84.5,0
1122,15177,15175523,11104,250,-1,-1,1,0,84.5,0
1123,15187,15186628,11105,250,-1,-1,1,0,84.7,0
1124,15199,15197737,11109,250,-1,-1,1,0,84.7,0
1125,15210,15208845,11108,250,-1,-1,1,0,84.7,0
1126,15221,15219956,11111,250,-1,-1,1,0,84.8,1
1127,15232,15231079,11123,250,-1,-1,1,0,84.9,0
1128,15243,15242179,11100,250,-1,-1,1,0,85.0,0
1129,15254,15253293,11114,250,-1,-1,1,0,85.0,0
1130,15265,15264403,11110,250,-1,-1,1,0,85.1,0
1131,15276,15275502,11099,250,-1,-1,1,0,85.1,0
1132,15288,15286734,11232,250,-1,-1,1,0,83.3,0
1133,15298,15297720,10986,250,-1,-1,1,0,90.9,0
1134,15310,15308833,11113,250,-1,-1,1,0,88.2,0
1135,15321,15319938,11105,250,-1,-1,1,0,88.9,1
1136,15332,15331065,11127,250,-1,-1,1,0,89.3,0
1137,15343,15342158,11093,250,-1,-1,1,0,89.6,0
1138,15354,15353278,11120,250,-1,-1,1,0,89.7,0
1139,15365,15364387,11109,250,-1,-1,1,0,89.9,0
1140,15376,15375484,11097,250,-1,-1,1,0,90.0,0
1141,15387,15386598,11114,250,-1,-1,1,0,90.1,0
1142,15399,15397705,11107,250,-1,-1,1,0,89.4,0
1143,15410,15408810,11105,250,-1,-1,1,0,89.6,0
1144,15421,15419925,11115,250,-1,-1,1,0,89.7,1
1145,15432,15431046,11121,250,-1,-1,1,0,89.7,0
1146,15443,15442141,11095,250,-1,-1,1,0,89.8,0
1147,15454,15453255,11114,250,-1,-1,1,0,89.9,0
1148,15465,15464368,11113,250,-1,-1,1,0,89.9,0
1149,15476,15475467,11099,250,-1,-1,1,0,90.0,0
1150,15488,15486579,11112,250,-1,-1,1,0,89.6,0
1151,15498,15497687,11108,250,-1,-1,1,0,90.1,0
1152,15510,15508797,11110,250,-1,-1,1,0,89.7,0
1153,15521,15519905,11108,250,-1,-1,1,0,89.8,1
1154,15532,15531030,11125,250,-1,-1,1,0,89.8,0
1155,15543,15542127,11097,250,-1,-1,1,0,89.9,0
1156,15554,15553240,11113,250,-1,-1,1,0,89.9,0
1157,15565,15564353,11113,250,-1,-1,1,0,90.0,0
1158,15577,15575450,11097,250,-1,-1,1,0,89.7,0
1159,15587,15586563,11113,250,-1,-1,1,0,90.0,0
1160,15598,15597670,11107,250,-1,-1,1,0,90.1,0
1161,15610,15608776,11106,250,-1,-1,1,0,89.8,0
1162,15621,15619889,11113,250,-1,-1,1,0,89.9,1
1163,15632,15631007,11118,250,-1,-1,1,0,89.9,0
1164,15643,15642113,11106,250,-1,-1,1,0,89.9,0
1165,15654,15653227,11114,250,-1,-1,1,0,89.9,0
1166,15665,15664337,11110,250,-1,-1,1,0,90.0,0
1167,15676,15675434,11097,250,-1,-1,1,0,90.0,0
1168,15687,15686545,11111,250,-1,-1,1,0,90.0,0
1169,15698,15697651,11106,250,-1,-1,1,0,90.0,0
1170,15756,15708762,11111,250,-1,-1,1,0,81.2,0
1171,15756,15753192,44430,250,-1,-1,1,0,83.3,1
1172,15765,15764324,11132,250,-1,-1,1,0,83.8,0
1173,15776,15775421,11097,250,-1,-1,1,0,84.0,0
1174,15788,15786530,11109,250,-1,-1,1,0,84.0,0
1175,15799,15797647,11117,250,-1,-1,1,0,84.1,0
1176,15810,15808751,11104,250,-1,-1,1,0,84.3,0
1177,15821,15819866,11115,250,-1,-1,1,0,84.4,0
1178,15832,15830971,11105,250,-1,-1,1,0,84.5,0
1179,15843,15842073,11102,250,-1,-1,1,0,84.7,0
1180,15854,15853182,11109,250,-1,-1,1,0,84.8,1
1181,15865,15864307,11125,250,-1,-1,1,0,84.9,0
1182,15876,15875398,11091,250,-1,-1,1,0,85.0,0
1183,15888,15886520,11122,250,-1,-1,1,0,85.0,0
1184,15898,15897628,11108,250,-1,-1,1,0,85.2,0
1185,15910,15908731,11103,250,-1,-1,1,0,85.2,0
1186,15921,15919836,11105,250,-1,-1,1,0,85.3,0
1187,15932,15930947,11111,250,-1,-1,1,0,85.4,0
1188,15943,15942056,11109,250,-1,-1,1,0,85.5,0
1189,15954,15953166,11110,250,-1,-1,1,0,85.5,1
1190,15965,15964291,11125,250,-1,-1,1,0,85.6,0
1191,15976,15975388,11097,250,-1,-1,1,0,85.7,0
1192,15987,15986502,11114,250,-1,-1,1,0,85.8,0
1193,15998,15997608,11106,250,-1,-1,1,0,85.9,0
1194,16010,16008710,11102,250,-1,-1,1,0,85.8,0
1195,16021,16019822,11112,250,-1,-1,1,0,85.9,0
1196,16032,16030927,11105,250,-1,-1,1,0,86.0,0
1197,16043,16042037,11110,250,-1,-1,1,0,86.0,0
1198,16054,16053145,11108,250,-1,-1,1,0,86.1,1
1199,16065,16064273,11128,250,-1,-1,1,0,86.2,0
1200,16076,16075372,11099,250,-1,-1,1,0,86.2,0
1201,16087,16086489,11117,250,-1,-1,1,0,86.3,0
1202,16098,16097592,11103,250,-1,-1,1,0,86.4,0
1203,16110,16108694,11102,250,-1,-1,1,0,86.3,0
1204,16121,16119803,11109,250,-1,-1,1,0,86.4,0
1205,16132,16130911,11108,250,-1,-1,1,0,86.4,0
1206,16143,16142022,11111,250,-1,-1,1,0,86.5,0
1207,16154,16153135,11113,250,-1,-1,1,0,86.6,1
1208,16165,16164252,11117,250,-1,-1,1,0,86.6,0
1209,16176,16175363,11111,250,-1,-1,1,0,86.7,0
1210,16187,16186470,11107,250,-1,-1,1,0,86.7,0
1211,16199,16197579,11109,250,-1,-1,1,0,86.7,0
1212,16209,16208674,11095,250,-1,-1,1,0,86.8,0
1213,16221,16219787,11113,250,-1,-1,1,0,86.8,0
1214,16232,16230894,11107,250,-1,-1,1,0,86.8,0
1215,16243,16242005,11111,250,-1,-1,1,0,86.9,0
1216,16254,16253113,11108,250,-1,-1,1,0,86.9,1
1217,16265,16264239,11126,250,-1,-1,1,0,87.0,0
1218,16276,16275342,11103,250,-1,-1,1,0,87.0,0
1219,16294,16286449,11107,250,-1,-1,1,0,55.6,0
1220,16299,16297563,11114,250,-1,-1,1,0,87.0,0
1221,16309,16308667,11104,250,-1,-1,1,0,90.9,0
1222,16321,16319767,11100,250,-1,-1,1,0,88.9,0
1223,16332,16330884,11117,250,-1,-1,1,0,89.3,0
1224,16343,16342024,11140,250,-1,-1,1,0,89.6,0
1225,16354,16353093,11069,250,-1,-1,1,0,89.7,1
1226,16365,16364219,11126,250,-1,-1,1,0,89.9,0
1227,16376,16375322,11103,250,-1,-1,1,0,90.0,0
1228,16387,16386433,11111,250,-1,-1,1,0,90.1,0
1229,16398,16397544,11111,250,-1,-1,1,0,90.2,0
1230,16409,16408648,11104,250,-1,-1,1,0,90.2,0
1231,16421,16419752,11104,250,-1,-1,1,0,89.7,0
1232,16432,16430857,11105,250,-1,-1,1,0,89.7,0
1233,16443,16441968,11111,250,-1,-1,1,0,89.8,0
1234,16454,16453078,11110,250,-1,-1,1,0,89.9,1
1235,16465,16464205,11127,250,-1,-1,1,0,89.9,0
1236,16476,16475305,11100,250,-1,-1,1,0,90.0,0
1237,16487,16486420,11115,250,-1,-1,1,0,90.0,0
1238,16498,16497525,11105,250,-1,-1,1,0,90.1,0
1239,16510,16508633,11108,250,-1,-1,1,0,89.7,0
1240,16521,16519733,11100,250,-1,-1,1,0,89.8,0
1241,16532,16530843,11110,250,-1,-1,1,0,89.8,0
1242,16543,16541952,11109,250,-1,-1,1,0,89.9,0
1243,16554,16553070,11118,250,-1,-1,1,0,89.9,1
1244,16565,16564184,11114,250,-1,-1,1,0,90.0,0
1245,16576,16575285,11101,250,-1,-1,1,0,90.0,0
1246,16587,16586401,11116,250,-1,-1,1,0,90.0,0
1247,16599,16597612,11211,250,-1,-1,1,0,89.8,0
1248,16609,16608607,10995,250,-1,-1,1,0,90.1,0
1249,16621,16619719,11112,250,-1,-1,1,0,89.9,0
1250,16632,16630822,11103,250,-1,-1,1,0,89.9,0
1251,16643,16641933,11111,250,-1,-1,1,0,89.9,0
1252,16654,16653045,11112,250,-1,-1,1,0,89.9,1
1253,16665,16664168,11123,250,-1,-1,1,0,90.0,0
1254,16676,16675264,11096,250,-1,-1,1,0,90.0,0
1255,16688,16686387,11123,250,-1,-1,1,0,89.8,0
1256,16698,16697490,11103,250,-1,-1,1,0,90.0,0
1257,16709,16708592,11102,250,-1,-1,1,0,90.1,0
1258,16720,16719697,11105,250,-1,-1,1,0,90.1,0
1259,16732,16730815,11118,250,-1,-1,1,0,89.9,0
1260,16791,16741919,11104,250,-1,-1,1,0,81.6,0
1261,16791,16786357,44438,250,-1,-1,1,0,83.5,1
1262,16798,16797484,11127,250,-1,-1,1,0,84.3,0
1263,16809,16808581,11097,250,-1,-1,1,0,84.4,0
1264,16821,16819686,11105,250,-1,-1,1,0,84.4,0
1265,16832,16830803,11117,250,-1,-1,1,0,84.5,0
1266,16843,16841907,11104,250,-1,-1,1,0,84.7,0
1267,16854,16853019,11112,250,-1,-1,1,0,84.8,0
1268,16865,16864127,11108,250,-1,-1,1,0,84.9,0
1269,16876,16875230,11103,250,-1,-1,1,0,85.0,0
1270,16887,16886345,11115,250,-1,-1,1,0,85.1,1
1271,16898,16897460,11115,250,-1,-1,1,0,85.2,0
1272,16910,16908560,11100,250,-1,-1,1,0,85.2,0
1273,16921,16919676,11116,250,-1,-1,1,0,85.3,0
1274,16932,16930787,11111,250,-1,-1,1,0,85.4,0
1275,16943,16941883,11096,250,-1,-1,1,0,85.5,0
1276,16954,16952993,11110,250,-1,-1,1,0,85.5,0
1277,16965,16964108,11115,250,-1,-1,1,0,85.6,0
1278,16976,16975210,11102,250,-1,-1,1,0,85.7,0
1279,16987,16986326,11116,250,-1,-1,1,0,85.8,1
1280,16998,16997446,11120,250,-1,-1,1,0,85.9,0
1281,17009,17008599,11153,250,-1,-1,1,0,85.9,0
1282,17020,17019662,11063,250,-1,-1,1,0,86.0,0
1283,17032,17030767,11105,250,-1,-1,1,0,86.0,0
1284,17043,17041864,11097,250,-1,-1,1,0,86.0,0
1285,17054,17052976,11112,250,-1,-1,1,0,86.1,0
1286,17065,17064084,11108,250,-1,-1,1,0,86.2,0
1287,17076,17075191,11107,250,-1,-1,1,0,86.2,0
1288,17087,17086305,11114,250,-1,-1,1,0,86.3,1
1289,17098,17097428,11123,250,-1,-1,1,0,86.4,0
1290,17109,17108525,11097,250,-1,-1,1,0,86.4,0
1291,17120,17119640,11115,250,-1,-1,1,0,86.5,0
1292,17132,17130750,11110,250,-1,-1,1,0,86.4,0
1293,17143,17141853,11103,250,-1,-1,1,0,86.5,0
1294,17154,17152961,11108,250,-1,-1,1,0,86.6,0
1295,17165,17164068,11107,250,-1,-1,1,0,86.6,0
1296,17176,17175180,11112,250,-1,-1,1,0,86.7,0
1297,17187,17186287,11107,250,-1,-1,1,0,86.7,1
1298,17198,17197411,11124,250,-1,-1,1,0,86.8,0
1299,17209,17208506,11095,250,-1,-1,1,0,86.8,0
1300,17221,17219626,11120,250,-1,-1,1,0,86.8,0
1301,17232,17230730,11104,250,-1,-1,1,0,86.8,0
1302,17243,17241834,11104,250,-1,-1,1,0,86.9,0
1303,17254,17252941,11107,250,-1,-1,1,0,86.9,0
1304,17265,17264054,11113,250,-1,-1,1,0,87.0,0
1305,17276,17275159,11105,250,-1,-1,1,0,87.0,0
1306,17287,17286369,11210,250,-1,-1,1,0,90.9,1
1307,17298,17297393,11024,250,-1,-1,1,0,90.9,0
1308,17309,17308498,11105,250,-1,-1,1,0,88.2,0
1309,17320,17319609,11111,250,-1,-1,1,0,90.9,0
1310,17331,17330714,11105,250,-1,-1,1,0,89.3,0
1311,17343,17341816,11102,250,-1,-1,1,0,89.6,0
1312,17354,17352924,11108,250,-1,-1,1,0,89.7,0
1313,17365,17364035,11111,250,-1,-1,1,0,89.9,0
1314,17376,17375146,11111,250,-1,-1,1,0,90.0,0
1315,17387,17386254,11108,250,-1,-1,1,0,90.1,1
1316,17398,17397382,11128,250,-1,-1,1,0,90.2,0
1317,17409,17408474,11092,250,-1,-1,1,0,90.2,0
1318,17421,17419589,11115,250,-1,-1,1,0,89.7,0
1319,17432,17430814,11225,250,-1,-1,1,0,89.7,0
1320,17443,17441802,10988,250,-1,-1,1,0,89.8,0
1321,17454,17452908,11106,250,-1,-1,1,0,89.9,0
1322,17465,17464018,11110,250,-1,-1,1,0,89.9,0
1323,17476,17475122,11104,250,-1,-1,1,0,90.0,0
1324,17487,17486236,11114,250,-1,-1,1,0,90.0,1
1325,17498,17497359,11123,250,-1,-1,1,0,90.1,0
1326,17509,17508460,11101,250,-1,-1,1,0,90.1,0
1327,17521,17519573,11113,250,-1,-1,1,0,89.8,0
1328,17532,17530681,11108,250,-1,-1,1,0,89.8,0
1329,17543,17541781,11100,250,-1,-1,1,0,89.9,0
1330,17554,17552890,11109,250,-1,-1,1,0,89.9,0
1331,17565,17563998,11108,250,-1,-1,1,0,90.0,0
1332,17576,17575108,11110,250,-1,-1,1,0,90.0,0
1333,17587,17586222,11114,250,-1,-1,1,0,90.0,1
1334,17598,17597345,11123,250,-1,-1,1,0,90.1,0
1335,17609,17608441,11096,250,-1,-1,1,0,90.1,0
1336,17621,17619560,11119,250,-1,-1,1,0,89.9,0
1337,17631,17630662,11102,250,-1,-1,1,0,90.1,0
1338,17643,17641766,11104,250,-1,-1,1,0,89.9,0
1339,17654,17652875,11109,250,-1,-1,1,0,89.9,0
1340,17665,17663982,11107,250,-1,-1,1,0,90.0,0
1341,17676,17675093,11111,250,-1,-1,1,0,90.0,0
1342,17687,17686200,11107,250,-1,-1,1,0,90.0,1
1343,17698,17697326,11126,250,-1,-1,1,0,90.0,0
1344,17709,17708420,11094,250,-1,-1,1,0,90.1,0
1345,17720,17719540,11120,250,-1,-1,1,0,90.1,0
1346,17731,17730647,11107,250,-1,-1,1,0,90.1,0
1347,17743,17741745,11098,250,-1,-1,1,0,89.9,0
1348,17754,17752856,11111,250,-1,-1,1,0,90.0,0
1349,17765,17763962,11106,250,-1,-1,1,0,90.0,0
1350,17826,17775075,11113,250,-1,-1,1,0,81.8,0
1351,17826,17819512,44437,250,-1,-1,1,0,83.6,1
1352,17831,17830654,11142,250,-1,-1,1,0,84.7,0
1353,17843,17841737,11083,250,-1,-1,1,0,84.7,0
1354,17854,17852843,11106,250,-1,-1,1,0,84.8,0
1355,17865,17863962,11119,250,-1,-1,1,0,84.9,0
1356,17876,17875067,11105,250,-1,-1,1,0,85.0,0
1357,17887,17886171,11104,250,-1,-1,1,0,85.1,0
1358,17898,17897284,11113,250,-1,-1,1,0,85.2,0
1359,17909,17908393,11109,250,-1,-1,1,0,85.3,0
1360,17920,17919495,11102,250,-1,-1,1,0,85.4,1
1361,17932,17930622,11127,250,-1,-1,1,0,85.4,0
1362,17943,17941719,11097,250,-1,-1,1,0,85.5,0
1363,17954,17952835,11116,250,-1,-1,1,0,85.5,0
1364,17965,17964084,11249,250,-1,-1,1,0,85.6,0
1365,17976,17975043,10959,250,-1,-1,1,0,85.7,0
1366,17987,17986153,11110,250,-1,-1,1,0,85.8,0
1367,17998,17997258,11105,250,-1,-1,1,0,85.9,0
1368,18009,18008380,11122,250,-1,-1,1,0,85.9,0
1369,18020,18019479,11099,250,-1,-1,1,0,86.0,1
1370,18031,18030601,11122,250,-1,-1,1,0,86.1,0
1371,18043,18041702,11101,250,-1,-1,1,0,86.0,0
1372,18054,18052818,11116,250,-1,-1,1,0,86.1,0
1373,18065,18064011,11193,250,-1,-1,1,0,86.2,0
1374,18076,18075022,11011,250,-1,-1,1,0,86.2,0
1375,18087,18086136,11114,250,-1,-1,1,0,86.3,0
1376,18098,18097240,11104,250,-1,-1,1,0,86.4,0
1377,18109,18108351,11111,250,-1,-1,1,0,86.4,0
1378,18120,18119459,11108,250,-1,-1,1,0,86.5,1
1379,18131,18130585,11126,250,-1,-1,1,0,86.5,0
1380,18142,18141682,11097,250,-1,-1,1,0,86.5,0
1381,18154,18152800,11118,250,-1,-1,1,0,86.6,0
1382,18165,18163911,11111,250,-1,-1,1,0,86.6,0
1383,18176,18175013,11102,250,-1,-1,1,0,86.7,0
1384,18187,18186115,11102,250,-1,-1,1,0,86.7,0
1385,18198,18197224,11109,250,-1,-1,1,0,86.8,0
1386,18209,18208334,11110,250,-1,-1,1,0,86.8,0
1387,18220,18219440,11106,250,-1,-1,1,0,86.9,1
1388,18231,18230566,11126,250,-1,-1,1,0,86.9,0
1389,18243,18241674,11108,250,-1,-1,1,0,86.9,0
1390,18254,18252779,11105,250,-1,-1,1,0,86.9,0
1391,18265,18263992,11213,250,-1,-1,1,0,87.0,0
1392,18276,18274988,10996,250,-1,-1,1,0,87.0,0
1393,18287,18286179,11191,250,-1,-1,1,0,90.9,0
1394,18298,18297205,11026,250,-1,-1,1,0,90.9,0
1395,18309,18308317,11112,250,-1,-1,1,0,90.9,0
1396,18320,18319429,11112,250,-1,-1,1,0,90.9,1
1397,18331,18330551,11122,250,-1,-1,1,0,89.3,0
1398,18342,18341651,11100,250,-1,-1,1,0,90.9,0
1399,18354,18352766,11115,250,-1,-1,1,0,89.7,0
1400,18365,18363875,11109,250,-1,-1,1,0,89.9,0
1401,18376,18374971,11096,250,-1,-1,1,0,90.0,0
1402,18387,18386080,11109,250,-1,-1,1,0,90.1,0
1403,18398,18397193,11113,250,-1,-1,1,0,90.2,0
1404,18409,18408297,11104,250,-1,-1,1,0,90.2,0
1405,18420,18419409,11112,250,-1,-1,1,0,90.3,1
1406,18431,18430535,11126,250,-1,-1,1,0,90.3,0
1407,18442,18441634,11099,250,-1,-1,1,0,90.4,0
1408,18454,18452749,11115,250,-1,-1,1,0,89.9,0
1409,18465,18463918,11169,250,-1,-1,1,0,89.9,0
1410,18476,18474956,11038,250,-1,-1,1,0,90.0,0
1411,18487,18486068,11112,250,-1,-1,1,0,90.0,0
1412,18498,18497172,11104,250,-1,-1,1,0,90.1,0
1413,18509,18508281,11109,250,-1,-1,1,0,90.1,0
1414,18520,18519392,11111,250,-1,-1,1,0,90.2,1
1415,18531,18530515,11123,250,-1,-1,1,0,90.2,0
1416,18542,18541614,11099,250,-1,-1,1,0,90.2,0
1417,18554,18552733,11119,250,-1,-1,1,0,89.9,0
1418,18565,18563841,11108,250,-1,-1,1,0,90.0,0
1419,18576,18574942,11101,250,-1,-1,1,0,90.0,0
1420,18587,18586046,11104,250,-1,-1,1,0,90.0,0
1421,18598,18597157,11111,250,-1,-1,1,0,90.1,0
1422,18609,18608266,11109,250,-1,-1,1,0,90.1,0
1423,18620,18619377,11111,250,-1,-1,1,0,90.1,1
1424,18631,18630501,11124,250,-1,-1,1,0,90.1,0
1425,18643,18641594,11093,250,-1,-1,1,0,89.9,0
1426,18654,18652712,11118,250,-1,-1,1,0,89.9,0
1427,18665,18663819,11107,250,-1,-1,1,0,90.0,0
1428,18676,18674919,11100,250,-1,-1,1,0,90.0,0
1429,18687,18686030,11111,250,-1,-1,1,0,90.0,0
1430,18698,18697139,11109,250,-1,-1,1,0,90.0,0
1431,18709,18708248,11109,250,-1,-1,1,0,90.1,0
1432,18720,18719358,11110,250,-1,-1,1,0,90.1,1
1433,18731,18730482,11124,250,-1,-1,1,0,90.1,0
1434,18742,18741580,11098,250,-1,-1,1,0,90.1,0
1435,18754,18752697,11117,250,-1,-1,1,0,90.0,0
1436,18765,18763804,11107,250,-1,-1,1,0,90.0,0
1437,18776,18774903,11099,250,-1,-1,1,0,90.0,0
1438,18787,18786014,11111,250,-1,-1,1,0,90.0,0
1439,18798,18797122,11108,250,-1,-1,1,0,90.0,0
1440,18862,18808237,11115,250,-1,-1,1,0,81.9,0
1441,18862,18852663,44426,250,-1,-1,1,0,83.6,1
1442,18865,18863875,11212,250,-1,-1,1,0,84.9,0
1443,18876,18874893,11018,250,-1,-1,1,0,85.0,0
1444,18887,18885998,11105,250,-1,-1,1,0,85.1,0
1445,18898,18897115,11117,250,-1,-1,1,0,85.2,0
1446,18909,18908223,11108,250,-1,-1,1,0,85.3,0
1447,18920,18919329,11106,250,-1,-1,1,0,85.4,0
1448,18931,18930449,11120,250,-1,-1,1,0,85.5,0
1449,18942,18941547,11098,250,-1,-1,1,0,85.6,0
1450,18954,18952652,11105,250,-1,-1,1,0,85.5,1
1451,18965,18963775,11123,250,-1,-1,1,0,85.6,0
1452,18976,18974877,11102,250,-1,-1,1,0,85.7,0
1453,18987,18985988,11111,250,-1,-1,1,0,85.8,0
1454,18998,18997096,11108,250,-1,-1,1,0,85.9,0
1455,19009,19008204,11108,250,-1,-1,1,0,85.9,0
1456,19020,19019308,11104,250,-1,-1,1,0,86.0,0
1457,19031,19030415,11107,250,-1,-1,1,0,86.1,0
1458,19042,19041524,11109,250,-1,-1,1,0,86.2,0
1459,19053,19052633,11109,250,-1,-1,1,0,86.2,1
1460,19065,19063760,11127,250,-1,-1,1,0,86.2,0
1461,19076,19074857,11097,250,-1,-1,1,0,86.2,0
1462,19087,19085973,11116,250,-1,-1,1,0,86.3,0
1463,19098,19097226,11253,250,-1,-1,1,0,86.4,0
1464,19109,19108185,10959,250,-1,-1,1,0,86.4,0
1465,19120,19119287,11102,250,-1,-1,1,0,86.5,0
1466,19131,19130401,11114,250,-1,-1,1,0,86.5,0
1467,19142,19141509,11108,250,-1,-1,1,0,86.6,0
1468,19153,19152619,11110,250,-1,-1,1,0,86.7,1
1469,19165,19163739,11120,250,-1,-1,1,0,86.6,0
1470,19176,19174839,11100,250,-1,-1,1,0,86.7,0
1471,19187,19185954,11115,250,-1,-1,1,0,86.7,0
1472,19198,19197063,11109,250,-1,-1,1,0,86.8,0
1473,19209,19208164,11101,250,-1,-1,1,0,86.8,0
1474,19220,19219271,11107,250,-1,-1,1,0,86.9,0
1475,19231,19230380,11109,250,-1,-1,1,0,86.9,0
1476,19242,19241491,11111,250,-1,-1,1,0,87.0,0
1477,19253,19252597,11106,250,-1,-1,1,0,87.0,1
1478,19265,19263727,11130,250,-1,-1,1,0,87.0,0
1479,19276,19274822,11095,250,-1,-1,1,0,87.0,0
1480,19293,19285937,11115,250,-1,-1,1,0,58.8,0
1481,19298,19297051,11114,250,-1,-1,1,0,90.9,0
1482,19309,19308156,11105,250,-1,-1,1,0,90.9,0
1483,19320,19319254,11098,250,-1,-1,1,0,90.9,0
1484,19331,19330366,11112,250,-1,-1,1,0,90.9,0
1485,19342,19341473,11107,250,-1,-1,1,0,90.9,0
1486,19353,19352582,11109,250,-1,-1,1,0,89.7,1
1487,19365,19363708,11126,250,-1,-1,1,0,89.9,0
1488,19376,19374805,11097,250,-1,-1,1,0,90.0,0
1489,19387,19385921,11116,250,-1,-1,1,0,90.1,0
1490,19398,19397025,11104,250,-1,-1,1,0,90.2,0
1491,19409,19408131,11106,250,-1,-1,1,0,90.2,0
1492,19420,19419241,11110,250,-1,-1,1,0,90.3,0
1493,19431,19430346,11105,250,-1,-1,1,0,90.3,0
1494,19442,19441457,11111,250,-1,-1,1,0,90.4,0
1495,19453,19452562,11105,250,-1,-1,1,0,90.4,1
1496,19464,19463693,11131,250,-1,-1,1,0,89.9,0
1497,19476,19474785,11092,250,-1,-1,1,0,90.0,0
1498,19487,19485904,11119,250,-1,-1,1,0,90.0,0
1499,19498,19497011,11107,250,-1,-1,1,0,90.1,0
1500,19509,19508113,11102,250,-1,-1,1,0,90.1,0
1501,19520,19519220,11107,250,-1,-1,1,0,90.2,0
1502,19531,19530335,11115,250,-1,-1,1,0,90.2,0
1503,19542,19541439,11104,250,-1,-1,1,0,90.2,0
1504,19553,19552550,11111,250,-1,-1,1,0,90.3,1
1505,19564,19563672,11122,250,-1,-1,1,0,90.3,0
1506,19576,19574769,11097,250,-1,-1,1,0,90.0,0
1507,19587,19585886,11117,250,-1,-1,1,0,90.0,0
1508,19598,19596997,11111,250,-1,-1,1,0,90.1,0
1509,19609,19608094,11097,250,-1,-1,1,0,90.1,0
1510,19620,19619201,11107,250,-1,-1,1,0,90.1,0
1511,19631,19630312,11111,250,-1,-1,1,0,90.1,0
1512,19642,19641429,11117,250,-1,-1,1,0,90.2,0
1513,19653,19652528,11099,250,-1,-1,1,0,90.2,1
1514,19665,19663658,11130,250,-1,-1,1,0,90.0,0
1515,19676,19674753,11095,250,-1,-1,1,0,90.0,0
1516,19687,19685869,11116,250,-1,-1,1,0,90.0,0
1517,19698,19697119,11250,250,-1,-1,1,0,90.0,0
1518,19709,19708078,10959,250,-1,-1,1,0,90.1,0
1519,19720,19719186,11108,250,-1,-1,1,0,90.1,0
1520,19731,19730295,11109,250,-1,-1,1,0,90.1,0
1521,19742,19741404,11109,250,-1,-1,1,0,90.1,0
1522,19753,19752514,11110,250,-1,-1,1,0,90.1,1
1523,19764,19763639,11125,250,-1,-1,1,0,90.2,0
1524,19776,19774738,11099,250,-1,-1,1,0,90.0,0
1525,19787,19785851,11113,250,-1,-1,1,0,90.0,0
1526,19798,19796963,11112,250,-1,-1,1,0,90.0,0
1527,19809,19808069,11106,250,-1,-1,1,0,90.1,0
1528,19820,19819174,11105,250,-1,-1,1,0,90.1,0
1529,19831,19830278,11104,250,-1,-1,1,0,90.1,0
1530,19900,19841389,11111,250,-1,-1,1,0,81.7,0
1531,19900,19896934,55545,250,-1,-1,1,0,83.3,1
1532,19909,19908059,11125,250,-1,-1,1,0,83.7,0
1533,19920,19919153,11094,250,-1,-1,1,0,83.9,0
1534,19931,19930273,11120,250,-1,-1,1,0,84.0,0
1535,19942,19941383,11110,250,-1,-1,1,0,84.1,0
1536,19953,19952487,11104,250,-1,-1,1,0,84.2,0
1537,19964,19963600,11113,250,-1,-1,1,0,84.3,0
1538,19976,19974706,11106,250,-1,-1,1,0,84.3,0
1539,19987,19985809,11103,250,-1,-1,1,0,84.4,0
1540,19998,19996918,11109,250,-1,-1,1,0,84.5,1
1541,20009,20008039,11121,250,-1,-1,1,0,84.6,0
1542,20020,20019137,11098,250,-1,-1,1,0,84.7,0
1543,20032,20030257,11120,250,-1,-1,1,0,84.7,0
1544,20042,20041397,11140,250,-1,-1,1,0,84.9,0
1545,20053,20052460,11063,250,-1,-1,1,0,84.9,0
1546,20064,20063573,11113,250,-1,-1,1,0,85.0,0
1547,20075,20074685,11112,250,-1,-1,1,0,85.0,0
1548,20087,20085794,11109,250,-1,-1,1,0,85.1,0
1549,20098,20096899,11105,250,-1,-1,1,0,85.2,1
1550,20109,20108023,11124,250,-1,-1,1,0,85.2,0
1551,20120,20119122,11099,250,-1,-1,1,0,85.3,0
1552,20132,20130238,11116,250,-1,-1,1,0,85.3,0
1553,20142,20141342,11104,250,-1,-1,1,0,85.5,0
1554,20153,20152446,11104,250,-1,-1,1,0,85.5,0
1555,20164,20163555,11109,250,-1,-1,1,0,85.6,0
1556,20175,20174665,11110,250,-1,-1,1,0,85.7,0
1557,20187,20185782,11117,250,-1,-1,1,0,85.6,0
1558,20198,20196880,11098,250,-1,-1,1,0,85.7,1
1559,20209,20208009,11129,250,-1,-1,1,0,85.7,0
1560,20220,20219111,11102,250,-1,-1,1,0,85.8,0
1561,20232,20230222,11111,250,-1,-1,1,0,85.8,0
1562,20242,20241330,11108,250,-1,-1,1,0,85.9,0
1563,20253,20252430,11100,250,-1,-1,1,0,86.0,0
1564,20264,20263538,11108,250,-1,-1,1,0,86.0,0
1565,20275,20274645,11107,250,-1,-1,1,0,86.1,0
1566,20287,20285756,11111,250,-1,-1,1,0,86.1,0
1567,20298,20296953,11197,250,-1,-1,1,0,90.9,1
1568,20309,20307991,11038,250,-1,-1,1,0,90.9,0
1569,20320,20319108,11117,250,-1,-1,1,0,90.9,0
1570,20331,20330204,11096,250,-1,-1,1,0,90.9,0
1571,20342,20341310,11106,250,-1,-1,1,0,90.9,0
1572,20353,20352413,11103,250,-1,-1,1,0,90.9,0
1573,20364,20363517,11104,250,-1,-1,1,0,90.9,0
1574,20376,20374632,11115,250,-1,-1,1,0,89.9,0
1575,20387,20385738,11106,250,-1,-1,1,0,90.0,0
1576,20398,20396850,11112,250,-1,-1,1,0,90.1,1
1577,20409,20407968,11118,250,-1,-1,1,0,90.2,0
1578,20420,20419073,11105,250,-1,-1,1,0,90.2,0
1579,20431,20430183,11110,250,-1,-1,1,0,90.3,0
1580,20442,20441296,11113,250,-1,-1,1,0,90.3,0
1581,20453,20452398,11102,250,-1,-1,1,0,90.4,0
1582,20464,20463503,11105,250,-1,-1,1,0,90.4,0
1583,20475,20474616,11113,250,-1,-1,1,0,90.4,0
1584,20487,20485721,11105,250,-1,-1,1,0,90.0,0
1585,20498,20496829,11108,250,-1,-1,1,0,90.0,1
1586,20509,20507955,11126,250,-1,-1,1,0,90.1,0
1587,20520,20519056,11101,250,-1,-1,1,0,90.1,0
1588,20532,20530176,11120,250,-1,-1,1,0,89.8,0
1589,20542,20541282,11106,250,-1,-1,1,0,90.2,0
1590,20553,20552378,11096,250,-1,-1,1,0,90.2,0
1591,20564,20563486,11108,250,-1,-1,1,0,90.3,0
1592,20575,20574594,11108,250,-1,-1,1,0,90.3,0
1593,20586,20585704,11110,250,-1,-1,1,0,90.3,0
1594,20598,20596813,11109,250,-1,-1,1,0,90.0,1
1595,20609,20607941,11128,250,-1,-1,1,0,90.1,0
1596,20620,20619041,11100,250,-1,-1,1,0,90.1,0
1597,20631,20630154,11113,250,-1,-1,1,0,90.1,0
1598,20642,20641259,11105,250,-1,-1,1,0,90.1,0
1599,20653,20652361,11102,250,-1,-1,1,0,90.2,0
1600,20664,20663470,11109,250,-1,-1,1,0,90.2,0
1601,20675,20674581,11111,250,-1,-1,1,0,90.2,0
1602,20687,20685688,11107,250,-1,-1,1,0,90.0,0
1603,20698,20696797,11109,250,-1,-1,1,0,90.0,1
1604,20709,20707925,11128,250,-1,-1,1,0,90.0,0
1605,20720,20719017,11092,250,-1,-1,1,0,90.1,0
1606,20732,20730135,11118,250,-1,-1,1,0,89.9,0
1607,20742,20741242,11107,250,-1,-1,1,0,90.1,0
1608,20753,20752342,11100,250,-1,-1,1,0,90.1,0
1609,20764,20763451,11109,250,-1,-1,1,0,90.1,0
1610,20776,20774560,11109,250,-1,-1,1,0,90.0,0
1611,20786,20785675,11115,250,-1,-1,1,0,90.2,0
1612,20798,20796782,11107,250,-1,-1,1,0,90.0,1
1613,20809,20807903,11121,250,-1,-1,1,0,90.0,0
1614,20820,20819000,11097,250,-1,-1,1,0,90.1,0
1615,20831,20830123,11123,250,-1,-1,1,0,90.1,0
1616,20842,20841227,11104,250,-1,-1,1,0,90.1,0
1617,20853,20852325,11098,250,-1,-1,1,0,90.1,0
1618,20864,20863434,11109,250,-1,-1,1,0,90.1,0
1619,20875,20874545,11111,250,-1,-1,1,0,90.1,0
1620,20943,20885651,11106,250,-1,-1,1,0,82.3,0
1621,20944,20941201,55550,250,-1,-1,1,0,83.7,1
1622,20953,20952325,11124,250,-1,-1,1,0,84.1,0
1623,20964,20963423,11098,250,-1,-1,1,0,84.2,0
1624,20975,20974529,11106,250,-1,-1,1,0,84.3,0
1625,20986,20985635,11106,250,-1,-1,1,0,84.4,0
1626,20998,20996758,11123,250,-1,-1,1,0,84.4,0
1627,21009,21007862,11104,250,-1,-1,1,0,84.5,0
1628,21020,21018974,11112,250,-1,-1,1,0,84.6,0
1629,21031,21030080,11106,250,-1,-1,1,0,84.7,0
1630,21042,21041189,11109,250,-1,-1,1,0,84.8,1
1631,21053,21052307,11118,250,-1,-1,1,0,84.9,0
1632,21064,21063450,11143,250,-1,-1,1,0,84.9,0
1633,21075,21074519,11069,250,-1,-1,1,0,85.0,0
1634,21087,21085627,11108,250,-1,-1,1,0,85.0,0
1635,21098,21096731,11104,250,-1,-1,1,0,85.1,0
1636,21109,21107841,11110,250,-1,-1,1,0,85.2,0
1637,21120,21118948,11107,250,-1,-1,1,0,85.2,0
1638,21131,21130058,11110,250,-1,-1,1,0,85.3,0
1639,21142,21141168,11110,250,-1,-1,1,0,85.4,1
1640,21153,21152294,11126,250,-1,-1,1,0,85.5,0
1641,21164,21163390,11096,250,-1,-1,1,0,85.5,0
1642,21176,21174508,11118,250,-1,-1,1,0,85.5,0
1643,21186,21185616,11108,250,-1,-1,1,0,85.7,0
1644,21197,21196716,11100,250,-1,-1,1,0,85.6,0
1645,21209,21207819,11103,250,-1,-1,1,0,85.7,0
1646,21220,21218930,11111,250,-1,-1,1,0,85.7,0
1647,21231,21230037,11107,250,-1,-1,1,0,85.8,0
1648,21242,21241149,11112,250,-1,-1,1,0,85.9,1
1649,21253,21252272,11123,250,-1,-1,1,0,85.9,0
1650,21264,21263374,11102,250,-1,-1,1,0,86.0,0
1651,21276,21274490,11116,250,-1,-1,1,0,85.9,0
1652,21286,21285591,11101,250,-1,-1,1,0,86.1,0
1653,21298,21296702,11111,250,-1,-1,1,0,86.1,0
1654,21309,21307960,11258,250,-1,-1,1,0,90.9,0
1655,21320,21318919,10959,250,-1,-1,1,0,90.9,0
1656,21331,21330052,11133,250,-1,-1,1,0,90.9,0
1657,21342,21341135,11083,250,-1,-1,1,0,90.9,1
1658,21353,21352256,11121,250,-1,-1,1,0,90.9,0
1659,21364,21363357,11101,250,-1,-1,1,0,90.9,0
1660,21375,21374471,11114,250,-1,-1,1,0,90.9,0
1661,21386,21385580,11109,250,-1,-1,1,0,90.9,0
1662,21398,21396687,11107,250,-1,-1,1,0,90.0,0
1663,21409,21407785,11098,250,-1,-1,1,0,90.1,0
1664,21420,21418901,11116,250,-1,-1,1,0,90.2,0
1665,21431,21430003,11102,250,-1,-1,1,0,90.2,0
1666,21442,21441119,11116,250,-1,-1,1,0,90.3,1
1667,21453,21452242,11123,250,-1,-1,1,0,90.3,0
1668,21464,21463337,11095,250,-1,-1,1,0,90.4,0
1669,21475,21474450,11113,250,-1,-1,1,0,90.4,0
1670,21487,21485561,11111,250,-1,-1,1,0,89.9,0
1671,21497,21496667,11106,250,-1,-1,1,0,90.5,0
1672,21509,21507773,11106,250,-1,-1,1,0,90.0,0
1673,21520,21518878,11105,250,-1,-1,1,0,90.1,0
1674,21531,21529988,11110,250,-1,-1,1,0,90.1,0
1675,21542,21541098,11110,250,-1,-1,1,0,90.2,1
1676,21553,21552227,11129,250,-1,-1,1,0,90.2,0
1677,21564,21563323,11096,250,-1,-1,1,0,90.2,0
1678,21575,21574438,11115,250,-1,-1,1,0,90.3,0
1679,21586,21585546,11108,250,-1,-1,1,0,90.3,0
1680,21597,21596655,11109,250,-1,-1,1,0,90.3,0
1681,21609,21607752,11097,250,-1,-1,1,0,90.0,0
1682,21620,21618863,11111,250,-1,-1,1,0,90.1,0
1683,21631,21629968,11105,250,-1,-1,1,0,90.1,0
1684,21642,21641081,11113,250,-1,-1,1,0,90.1,1
1685,21653,21652206,11125,250,-1,-1,1,0,90.1,0
1686,21664,21663300,11094,250,-1,-1,1,0,90.2,0
1687,21675,21674423,11123,250,-1,-1,1,0,90.2,0
1688,21686,21685525,11102,250,-1,-1,1,0,90.2,0
1689,21697,21696630,11105,250,-1,-1,1,0,90.2,0
1690,21709,21707736,11106,250,-1,-1,1,0,90.0,0
1691,21720,21718843,11107,250,-1,-1,1,0,90.0,0
1692,21731,21729960,11117,250,-1,-1,1,0,90.1,0
1693,21742,21741059,11099,250,-1,-1,1,0,90.1,1
1694,21753,21752188,11129,250,-1,-1,1,0,90.1,0
1695,21764,21763285,11097,250,-1,-1,1,0,90.1,0
1696,21775,21774401,11116,250,-1,-1,1,0,90.1,0
1697,21787,21785510,11109,250,-1,-1,1,0,90.0,0
1698,21798,21796616,11106,250,-1,-1,1,0,90.0,0
1699,21809,21807716,11100,250,-1,-1,1,0,90.0,0
1700,21820,21818829,11113,250,-1,-1,1,0,90.0,0
1701,21831,21829945,11116,250,-1,-1,1,0,90.1,0
1702,21842,21841045,11100,250,-1,-1,1,0,90.1,1
1703,21853,21852170,11125,250,-1,-1,1,0,90.1,0
1704,21864,21863270,11100,250,-1,-1,1,0,90.1,0
1705,21875,21874389,11119,250,-1,-1,1,0,90.1,0
1706,21886,21885495,11106,250,-1,-1,1,0,90.1,0
1707,21897,21896599,11104,250,-1,-1,1,0,90.2,0
1708,21908,21907703,11104,250,-1,-1,1,1000,90.0,0
1709,21920,21918807,11104,250,-1,-1,1,0,90.0,0
1710,21991,21929921,11114,250,-1,-1,1,0,82.3,0
1711,21991,21985465,55544,250,-1,-1,1,0,83.6,1
1712,21997,21996591,11126,250,-1,-1,1,0,84.4,0
1713,22009,22007683,11092,250,-1,-1,1,0,84.4,0
1714,22020,22018799,11116,250,-1,-1,1,0,84.5,0
1715,22031,22029911,11112,250,-1,-1,1,0,84.6,0
1716,22042,22041016,11105,250,-1,-1,1,0,84.7,0
1717,22053,22052131,11115,250,-1,-1,1,0,84.8,0
1718,22064,22063237,11106,250,-1,-1,1,0,84.9,0
1719,22075,22074344,11107,250,-1,-1,1,0,84.9,0
1720,22086,22085450,11106,250,-1,-1,1,0,85.0,1
1721,22097,22096572,11122,250,-1,-1,1,0,85.1,0
1722,22109,22107669,11097,250,-1,-1,1,0,85.1,0
1723,22120,22118787,11118,250,-1,-1,1,0,85.2,0
1724,22131,22129896,11109,250,-1,-1,1,0,85.2,0
1725,22142,22140995,11099,250,-1,-1,1,0,85.3,0
1726,22153,22152105,11110,250,-1,-1,1,0,85.4,0
1727,22164,22163212,11107,250,-1,-1,1,0,85.5,0
1728,22175,22174320,11108,250,-1,-1,1,0,85.5,0
1729,22186,22185429,11109,250,-1,-1,1,0,85.6,1
1730,22198,22196560,11131,250,-1,-1,1,0,85.6,0
1731,22208,22207652,11092,250,-1,-1,1,0,85.7,0
1732,22220,22218770,11118,250,-1,-1,1,0,85.7,0
1733,22231,22229879,11109,250,-1,-1,1,0,85.7,0
1734,22242,22240985,11106,250,-1,-1,1,0,85.8,0
1735,22253,22252090,11105,250,-1,-1,1,0,85.9,0
1736,22264,22263199,11109,250,-1,-1,1,0,85.9,0
1737,22275,22274303,11104,250,-1,-1,1,0,86.0,0
1738,22286,22285413,11110,250,-1,-1,1,0,86.0,1
1739,22297,22296538,11125,250,-1,-1,1,0,86.1,0
1740,22308,22307639,11101,250,-1,-1,1,0,86.1,0
1741,22324,22318753,11114,250,-1,-1,1,0,62.5,0
1742,22331,22329861,11108,250,-1,-1,1,0,87.0,0
1743,22342,22340968,11107,250,-1,-1,1,0,88.2,0
1744,22353,22352072,11104,250,-1,-1,1,0,88.9,0
1745,22364,22363177,11105,250,-1,-1,1,0,89.3,0
1746,22375,22374287,11110,250,-1,-1,1,0,89.6,0
1747,22386,22385399,11112,250,-1,-1,1,0,89.7,1
1748,22397,22396527,11128,250,-1,-1,1,0,89.9,0
1749,22408,22407619,11092,250,-1,-1,1,0,90.0,0
1750,22420,22418738,11119,250,-1,-1,1,0,89.3,0
1751,22431,22429847,11109,250,-1,-1,1,0,89.4,0
1752,22442,22440953,11106,250,-1,-1,1,0,89.6,0
1753,22453,22452053,11100,250,-1,-1,1,0,89.7,0
1754,22464,22463161,11108,250,-1,-1,1,0,89.7,0
1755,22475,22474270,11109,250,-1,-1,1,0,89.8,0
1756,22486,22485381,11111,250,-1,-1,1,0,89.9,1
1757,22497,22496506,11125,250,-1,-1,1,0,89.9,0
1758,22509,22507605,11099,250,-1,-1,1,0,89.6,0
1759,22520,22518720,11115,250,-1,-1,1,0,89.6,0
1760,22531,22529828,11108,250,-1,-1,1,0,89.7,0
1761,22542,22540933,11105,250,-1,-1,1,0,89.7,0
1762,22553,22552037,11104,250,-1,-1,1,0,89.8,0
1763,22564,22563144,11107,250,-1,-1,1,0,89.8,0
1764,22575,22574253,11109,250,-1,-1,1,0,89.9,0
1765,22586,22585361,11108,250,-1,-1,1,0,89.9,1
1766,22597,22596487,11126,250,-1,-1,1,0,90.0,0
1767,22608,22607583,11096,250,-1,-1,1,0,90.0,0
1768,22620,22618705,11122,250,-1,-1,1,0,89.7,0
1769,22631,22629810,11105,250,-1,-1,1,0,89.8,0
1770,22642,22640919,11109,250,-1,-1,1,0,89.8,0
1771,22653,22652017,11098,250,-1,-1,1,0,89.9,0
1772,22664,22663127,11110,250,-1,-1,1,0,89.9,0
1773,22675,22674236,11109,250,-1,-1,1,0,89.9,0
1774,22686,22685345,11109,250,-1,-1,1,0,89.9,1
1775,22697,22696466,11121,250,-1,-1,1,0,90.0,0
1776,22708,22707570,11104,250,-1,-1,1,0,90.0,0
1777,22720,22718682,11112,250,-1,-1,1,0,89.8,0
1778,22731,22729792,11110,250,-1,-1,1,0,89.8,0
1779,22742,22740899,11107,250,-1,-1,1,0,89.9,0
1780,22753,22752000,11101,250,-1,-1,1,0,89.9,0
1781,22764,22763109,11109,250,-1,-1,1,0,89.9,0
1782,22775,22774217,11108,250,-1,-1,1,0,89.9,0
1783,22786,22785330,11113,250,-1,-1,1,0,90.0,1
1784,22797,22796457,11127,250,-1,-1,1,0,90.0,0
1785,22808,22807548,11091,250,-1,-1,1,0,90.0,0
1786,22820,22818669,11121,250,-1,-1,1,0,89.8,0
1787,22831,22829777,11108,250,-1,-1,1,0,89.9,0
1788,22842,22840882,11105,250,-1,-1,1,0,89.9,0
1789,22853,22851981,11099,250,-1,-1,1,0,89.9,0
1790,22864,22863101,11120,250,-1,-1,1,0,89.9,0
1791,22875,22874202,11101,250,-1,-1,1,0,89.9,0
1792,22886,22885314,11112,250,-1,-1,1,0,90.0,1
1793,22897,22896437,11123,250,-1,-1,1,0,90.0,0
1794,22909,22907533,11096,250,-1,-1,1,0,89.9,0
1795,22919,22918652,11119,250,-1,-1,1,0,90.0,0
1796,22931,22929757,11105,250,-1,-1,1,0,89.9,0
1797,22942,22940867,11110,250,-1,-1,1,0,89.9,0
1798,22953,22951970,11103,250,-1,-1,1,0,89.9,0
1799,22964,22963075,11105,250,-1,-1,1,0,89.9,0
1800,23033,22974185,11110,250,-1,-1,1,0,82.8,0
1801,23033,23029732,55547,250,-1,-1,1,0,84.1,1
1802,23042,23040857,11125,250,-1,-1,1,0,84.5,0
1803,23053,23051954,11097,250,-1,-1,1,0,84.6,0
1804,23064,23063069,11115,250,-1,-1,1,0,84.7,0
1805,23075,23074181,11112,250,-1,-1,1,0,84.7,0
1806,23086,23085282,11101,250,-1,-1,1,0,84.8,0
1807,23097,23096398,11116,250,-1,-1,1,0,84.9,0
1808,23108,23107504,11106,250,-1,-1,1,0,85.0,0
1809,23119,23118610,11106,250,-1,-1,1,0,85.1,0
1810,23131,23129711,11101,250,-1,-1,1,0,85.1,1
1811,23142,23140839,11128,250,-1,-1,1,0,85.1,0
1812,23153,23151936,11097,250,-1,-1,1,0,85.2,0
1813,23164,23163050,11114,250,-1,-1,1,0,85.3,0
1814,23176,23174166,11116,250,-1,-1,1,0,85.3,0
1815,23186,23185267,11101,250,-1,-1,1,0,85.4,0
1816,23197,23196372,11105,250,-1,-1,1,0,85.5,0
1817,23208,23207526,11154,250,-1,-1,1,0,85.6,0
1818,23220,23218587,11061,250,-1,-1,1,0,85.5,0
1819,23230,23229698,11111,250,-1,-1,1,0,85.7,1
1820,23242,23240825,11127,250,-1,-1,1,0,85.7,0
1821,23253,23251919,11094,250,-1,-1,1,0,85.7,0
1822,23264,23263033,11114,250,-1,-1,1,0,85.8,0
1823,23275,23274141,11108,250,-1,-1,1,0,85.8,0
1824,23286,23285251,11110,250,-1,-1,1,0,85.9,0
1825,23297,23296359,11108,250,-1,-1,1,0,85.9,0
1826,23308,23307465,11106,250,-1,-1,1,0,86.0,0
1827,23319,23318574,11109,250,-1,-1,1,0,90.9,0
1828,23330,23329682,11108,250,-1,-1,1,0,90.9,1
1829,23342,23340805,11123,250,-1,-1,1,0,88.2,0
1830,23353,23351901,11096,250,-1,-1,1,0,88.9,0
1831,23364,23363018,11117,250,-1,-1,1,0,89.3,0
1832,23375,23374131,11113,250,-1,-1,1,0,89.6,0
1833,23386,23385237,11106,250,-1,-1,1,0,89.7,0
1834,23397,23396333,11096,250,-1,-1,1,0,89.9,0
1835,23408,23407443,11110,250,-1,-1,1,0,90.0,0
1836,23419,23418554,11111,250,-1,-1,1,0,90.1,0
1837,23430,23429661,11107,250,-1,-1,1,0,90.2,1
1838,23442,23440788,11127,250,-1,-1,1,0,89.6,0
1839,23453,23451885,11097,250,-1,-1,1,0,89.7,0
1840,23464,23463005,11120,250,-1,-1,1,0,89.7,0
1841,23475,23474109,11104,250,-1,-1,1,0,89.8,0
1842,23486,23485217,11108,250,-1,-1,1,0,89.9,0
1843,23497,23496320,11103,250,-1,-1,1,0,89.9,0
1844,23508,23507433,11113,250,-1,-1,1,0,90.0,0
1845,23519,23518536,11103,250,-1,-1,1,0,90.0,0
1846,23531,23529642,11106,250,-1,-1,1,0,89.7,1
1847,23542,23540772,11130,250,-1,-1,1,0,89.7,0
1848,23553,23551870,11098,250,-1,-1,1,0,89.8,0
1849,23564,23562981,11111,250,-1,-1,1,0,89.8,0
1850,23575,23574095,11114,250,-1,-1,1,0,89.9,0
1851,23586,23585196,11101,250,-1,-1,1,0,89.9,0
1852,23597,23596302,11106,250,-1,-1,1,0,90.0,0
1853,23608,23607411,11109,250,-1,-1,1,0,90.0,0
1854,23620,23618520,11109,250,-1,-1,1,0,89.7,0
1855,23630,23629628,11108,250,-1,-1,1,0,90.1,1
1856,23642,23640755,11127,250,-1,-1,1,0,89.8,0
1857,23653,23651852,11097,250,-1,-1,1,0,89.9,0
1858,23664,23662966,11114,250,-1,-1,1,0,89.9,0
1859,23675,23674073,11107,250,-1,-1,1,0,89.9,0
1860,23686,23685182,11109,250,-1,-1,1,0,89.9,0
1861,23697,23696282,11100,250,-1,-1,1,0,90.0,0
1862,23708,23707395,11113,250,-1,-1,1,0,90.0,0
1863,23719,23718502,11107,250,-1,-1,1,0,90.0,0
1864,23730,23729614,11112,250,-1,-1,1,0,90.0,1
1865,23742,23740737,11123,250,-1,-1,1,0,89.9,0
1866,23753,23751833,11096,250,-1,-1,1,0,89.9,0
1867,23764,23762948,11115,250,-1,-1,1,0,89.9,0
1868,23775,23774058,11110,250,-1,-1,1,0,89.9,0
1869,23786,23785165,11107,250,-1,-1,1,0,90.0,0
1870,23797,23796268,11103,250,-1,-1,1,0,90.0,0
1871,23808,23807377,11109,250,-1,-1,1,0,90.0,0
1872,23819,23818484,11107,250,-1,-1,1,0,90.0,0
1873,23830,23829592,11108,250,-1,-1,1,0,90.0,1
1874,23842,23840716,11124,250,-1,-1,1,0,89.9,0
1875,23853,23851817,11101,250,-1,-1,1,0,89.9,0
1876,23864,23862936,11119,250,-1,-1,1,0,89.9,0
1877,23875,23874043,11107,250,-1,-1,1,0,89.9,0
1878,23886,23885151,11108,250,-1,-1,1,0,90.0,0
1879,23897,23896251,11100,250,-1,-1,1,0,90.0,0
1880,23908,23907363,11112,250,-1,-1,1,0,90.0,0
1881,23919,23918495,11132,250,-1,-1,1,0,90.0,0
1882,23931,23929574,11079,250,-1,-1,1,0,89.9,1
1883,23942,23940702,11128,250,-1,-1,1,0,89.9,0
1884,23953,23951804,11102,250,-1,-1,1,0,89.9,0
1885,23964,23962915,11111,250,-1,-1,1,0,89.9,0
1886,23975,23974026,11111,250,-1,-1,1,0,90.0,0
1887,23986,23985130,11104,250,-1,-1,1,0,90.0,0
1888,23997,23996234,11104,250,-1,-1,1,0,90.0,0
1889,24008,24007343,11109,250,-1,-1,1,0,90.0,0
1890,24080,24018450,11107,250,-1,-1,1,0,82.9,0
1891,24081,24073991,55541,250,-1,-1,1,0,84.1,1
1892,24086,24085136,11145,250,-1,-1,1,0,84.8,0
1893,24097,24096220,11084,250,-1,-1,1,0,84.9,0
1894,24108,24107336,11116,250,-1,-1,1,0,85.0,0
1895,24119,24118446,11110,250,-1,-1,1,0,85.1,0
1896,24130,24129552,11106,250,-1,-1,1,0,85.2,0
1897,24141,24140661,11109,250,-1,-1,1,0,85.1,0
1898,24153,24151774,11113,250,-1,-1,1,0,85.2,0
1899,24164,24162877,11103,250,-1,-1,1,0,85.3,0
1900,24175,24173981,11104,250,-1,-1,1,0,85.4,1
1901,24186,24185105,11124,250,-1,-1,1,0,85.4,0
1902,24197,24196213,11108,250,-1,-1,1,0,85.5,0
1903,24208,24207321,11108,250,-1,-1,1,0,85.6,0
1904,24219,24218428,11107,250,-1,-1,1,0,85.6,0
1905,24230,24229531,11103,250,-1,-1,1,0,85.7,0
1906,24242,24240637,11106,250,-1,-1,1,0,85.7,0
1907,24253,24251748,11111,250,-1,-1,1,0,85.7,0
1908,24264,24262855,11107,250,-1,-1,1,0,85.8,0
1909,24275,24273958,11103,250,-1,-1,1,0,85.8,1
1910,24286,24285086,11128,250,-1,-1,1,0,85.9,0
1911,24297,24296182,11096,250,-1,-1,1,0,85.9,0
1912,24308,24307300,11118,250,-1,-1,1,0,86.0,0
1913,24321,24318412,11112,250,-1,-1,1,0,76.9,0
1914,24331,24329518,11106,250,-1,-1,1,0,87.0,0
1915,24341,24340618,11100,250,-1,-1,1,0,90.9,0
1916,24353,24351729,11111,250,-1,-1,1,0,88.9,0
1917,24364,24362833,11104,250,-1,-1,1,0,89.3,0
1918,24375,24373951,11118,250,-1,-1,1,0,89.6,1
1919,24386,24385066,11115,250,-1,-1,1,0,89.7,0
1920,24397,24396171,11105,250,-1,-1,1,0,89.9,0
1921,24408,24407284,11113,250,-1,-1,1,0,90.0,0
1922,24420,24418392,11108,250,-1,-1,1,0,89.3,0
1923,24430,24429498,11106,250,-1,-1,1,0,90.2,0
1924,24441,24440603,11105,250,-1,-1,1,0,90.2,0
1925,24452,24451709,11106,250,-1,-1,1,0,89.7,0
1926,24464,24462821,11112,250,-1,-1,1,0,89.7,0
1927,24475,24473931,11110,250,-1,-1,1,0,89.8,1
1928,24486,24485055,11124,250,-1,-1,1,0,89.9,0
1929,24497,24496152,11097,250,-1,-1,1,0,89.9,0
1930,24508,24507269,11117,250,-1,-1,1,0,90.0,0
1931,24520,24518374,11105,250,-1,-1,1,0,89.6,0
1932,24530,24529484,11110,250,-1,-1,1,0,90.1,0
1933,24541,24540583,11099,250,-1,-1,1,0,90.1,0
1934,24553,24551693,11110,250,-1,-1,1,0,89.8,0
1935,24564,24562801,11108,250,-1,-1,1,0,89.8,0
1936,24575,24573912,11111,250,-1,-1,1,0,89.9,1
1937,24586,24585036,11124,250,-1,-1,1,0,89.9,0
1938,24597,24596135,11099,250,-1,-1,1,0,90.0,0
1939,24608,24607252,11117,250,-1,-1,1,0,90.0,0
1940,24619,24618362,11110,250,-1,-1,1,0,90.0,0
1941,24630,24629466,11104,250,-1,-1,1,0,90.1,0
1942,24642,24640568,11102,250,-1,-1,1,0,89.8,0
1943,24652,24651678,11110,250,-1,-1,1,0,90.1,0
1944,24664,24662790,11112,250,-1,-1,1,0,89.9,0
1945,24675,24673893,11103,250,-1,-1,1,0,89.9,1
1946,24686,24685022,11129,250,-1,-1,1,0,89.9,0
1947,24697,24696119,11097,250,-1,-1,1,0,90.0,0
1948,24708,24707234,11115,250,-1,-1,1,0,90.0,0
1949,24719,24718341,11107,250,-1,-1,1,0,90.0,0
1950,24730,24729449,11108,250,-1,-1,1,0,90.0,0
1951,24741,24740551,11102,250,-1,-1,1,0,90.1,0
1952,24752,24751663,11112,250,-1,-1,1,0,90.1,0
1953,24764,24762768,11105,250,-1,-1,1,0,89.9,0
1954,24775,24773877,11109,250,-1,-1,1,0,89.9,1
1955,24786,24785005,11128,250,-1,-1,1,0,90.0,0
1956,24797,24796106,11101,250,-1,-1,1,0,90.0,0
1957,24808,24807215,11109,250,-1,-1,1,0,90.0,0
1958,24819,24818326,11111,250,-1,-1,1,0,90.0,0
1959,24830,24829430,11104,250,-1,-1,1,0,90.0,0
1960,24841,24840534,11104,250,-1,-1,1,0,90.1,0
1961,24852,24851640,11106,250,-1,-1,1,0,90.1,0
1962,24864,24862749,11109,250,-1,-1,1,0,89.9,0
1963,24875,24873863,11114,250,-1,-1,1,0,89.9,1
1964,24886,24884984,11121,250,-1,-1,1,0,90.0,0
1965,24897,24896083,11099,250,-1,-1,1,0,90.0,0
1966,24908,24907204,11121,250,-1,-1,1,0,90.0,0
1967,24920,24918307,11103,250,-1,-1,1,0,89.9,0
1968,24930,24929416,11109,250,-1,-1,1,0,90.0,0
1969,24941,24940512,11096,250,-1,-1,1,0,90.0,0
1970,24953,24951628,11116,250,-1,-1,1,0,89.9,0
1971,24964,24962735,11107,250,-1,-1,1,0,89.9,0
1972,24975,24973845,11110,250,-1,-1,1,0,90.0,1
1973,24986,24984970,11125,250,-1,-1,1,0,90.0,0
1974,24997,24996067,11097,250,-1,-1,1,0,90.0,0
1975,25008,25007184,11117,250,-1,-1,1,0,90.0,0
1976,25019,25018294,11110,250,-1,-1,1,0,90.0,0
1977,25030,25029395,11101,250,-1,-1,1,0,90.0,0
1978,25042,25040502,11107,250,-1,-1,1,0,89.9,0
1979,25052,25051610,11108,250,-1,-1,1,0,90.1,0
1980,25148,25062719,11109,250,-1,-1,1,0,81.0,0
1981,25149,25140477,77758,250,-1,-1,1,0,82.0,1
1982,25153,25151593,11116,250,-1,-1,1,0,82.8,0
1983,25164,25162708,11115,250,-1,-1,1,0,82.9,0
1984,25175,25173814,11106,250,-1,-1,1,0,83.0,0
1985,25186,25184930,11116,250,-1,-1,1,0,83.1,0
1986,25197,25196042,11112,250,-1,-1,1,0,83.2,0
1987,25208,25207143,11101,250,-1,-1,1,0,83.3,0
1988,25219,25218247,11104,250,-1,-1,1,0,83.4,0
1989,25230,25229357,11110,250,-1,-1,1,0,83.5,0
1990,25241,25240468,11111,250,-1,-1,1,0,83.6,1
1991,25252,25251581,11113,250,-1,-1,1,0,83.7,0
1992,25264,25262691,11110,250,-1,-1,1,0,83.7,0
1993,25275,25273802,11111,250,-1,-1,1,0,83.8,0
1994,25286,25284914,11112,250,-1,-1,1,0,83.8,0
1995,25297,25296021,11107,250,-1,-1,1,0,83.9,0
1996,25308,25307119,11098,250,-1,-1,1,0,84.0,0
1997,25320,25318396,11277,250,-1,-1,1,0,83.3,0
1998,25330,25329343,10947,250,-1,-1,1,0,90.9,0
1999,25341,25340446,11103,250,-1,-1,1,0,90.9,1
2000,25353,25351575,11129,250,-1,-1,1,0,88.9,0
2001,25363,25362669,11094,250,-1,-1,1,0,90.9,0
2002,25375,25373785,11116,250,-1,-1,1,0,89.6,0
2003,25386,25384894,11109,250,-1,-1,1,0,89.7,0
2004,25397,25396001,11107,250,-1,-1,1,0,89.9,0
2005,25408,25407107,11106,250,-1,-1,1,0,90.0,0
2006,25419,25418216,11109,250,-1,-1,1,0,90.1,0
2007,25430,25429320,11104,250,-1,-1,1,0,90.2,0
2008,25441,25440431,11111,250,-1,-1,1,0,90.2,1
2009,25452,25451555,11124,250,-1,-1,1,0,90.3,0
2010,25463,25462654,11099,250,-1,-1,1,0,90.3,0
2011,25475,25473771,11117,250,-1,-1,1,0,89.8,0
2012,25486,25484877,11106,250,-1,-1,1,0,89.9,0
2013,25497,25495985,11108,250,-1,-1,1,0,89.9,0
2014,25508,25507094,11109,250,-1,-1,1,0,90.0,0
2015,25519,25518195,11101,250,-1,-1,1,0,90.0,0
2016,25530,25529305,11110,250,-1,-1,1,0,90.1,0
2017,25541,25540413,11108,250,-1,-1,1,0,90.1,1
2018,25552,25551537,11124,250,-1,-1,1,0,90.2,0
2019,25563,25562638,11101,250,-1,-1,1,0,90.2,0
2020,25575,25573756,11118,250,-1,-1,1,0,89.9,0
2021,25586,25584859,11103,250,-1,-1,1,0,89.9,0
2022,25597,25595967,11108,250,-1,-1,1,0,90.0,0
2023,25608,25607068,11101,250,-1,-1,1,0,90.0,0
2024,25619,25618180,11112,250,-1,-1,1,0,90.0,0
2025,25630,25629287,11107,250,-1,-1,1,0,90.1,0
2026,25641,25640398,11111,250,-1,-1,1,0,90.1,1
2027,25652,25651519,11121,250,-1,-1,1,0,90.1,0
2028,25664,25662622,11103,250,-1,-1,1,0,89.9,0
2029,25675,25673736,11114,250,-1,-1,1,0,89.9,0
2030,25686,25684844,11108,250,-1,-1,1,0,89.9,0
2031,25697,25695949,11105,250,-1,-1,1,0,90.0,0
2032,25708,25707054,11105,250,-1,-1,1,0,90.0,0
2033,25719,25718160,11106,250,-1,-1,1,0,90.0,0
2034,25730,25729271,11111,250,-1,-1,1,0,90.0,0
2035,25741,25740377,11106,250,-1,-1,1,0,90.1,1
2036,25753,25751502,11125,250,-1,-1,1,0,89.9,0
2037,25763,25762602,11100,250,-1,-1,1,0,90.1,0
2038,25775,25773715,11113,250,-1,-1,1,0,89.9,0
2039,25786,25784829,11114,250,-1,-1,1,0,90.0,0
2040,25797,25795932,11103,250,-1,-1,1,0,90.0,0
2041,25808,25807036,11104,250,-1,-1,1,0,90.0,0
2042,25819,25818151,11115,250,-1,-1,1,0,90.0,0
2043,25830,25829249,11098,250,-1,-1,1,0,90.0,0
2044,25841,25840364,11115,250,-1,-1,1,0,90.1,1
2045,25852,25851487,11123,250,-1,-1,1,0,90.1,0
2046,25863,25862591,11104,250,-1,-1,1,0,90.1,0
2047,25875,25873700,11109,250,-1,-1,1,0,89.9,0
2048,25886,25884809,11109,250,-1,-1,1,0,90.0,0
2049,25897,25895913,11104,250,-1,-1,1,0,90.0,0
2050,25908,25907026,11113,250,-1,-1,1,0,90.0,0
2051,25919,25918125,11099,250,-1,-1,1,0,90.0,0
2052,25930,25929239,11114,250,-1,-1,1,0,90.0,0
2053,25941,25940352,11113,250,-1,-1,1,0,90.0,1
2054,25952,25951468,11116,250,-1,-1,1,0,90.1,0
2055,25963,25962571,11103,250,-1,-1,1,0,90.1,0
2056,25975,25973686,11115,250,-1,-1,1,0,90.0,0
2057,25986,25984795,11109,250,-1,-1,1,0,90.0,0
2058,25997,25995896,11101,250,-1,-1,1,0,90.0,0
2059,26008,26007001,11105,250,-1,-1,1,0,90.0,0
2060,26019,26018110,11109,250,-1,-1,1,0,90.0,0
2061,26030,26029219,11109,250,-1,-1,1,0,90.0,0
2062,26041,26040330,11111,250,-1,-1,1,0,90.0,1
2063,26052,26051452,11122,250,-1,-1,1,0,90.1,0
2064,26064,26062558,11106,250,-1,-1,1,0,89.9,0
2065,26075,26073666,11108,250,-1,-1,1,0,90.0,0
2066,26086,26084776,11110,250,-1,-1,1,0,90.0,0
2067,26097,26095881,11105,250,-1,-1,1,0,90.0,0
2068,26108,26106986,11105,250,-1,-1,1,0,90.0,0
2069,26119,26118100,11114,250,-1,-1,1,0,90.0,0
2070,26169,26129210,11110,250,-1,-1,1,0,85.9,0
2071,26169,26162529,33319,250,-1,-1,1,0,87.1,1
2072,26174,26173665,11136,250,-1,-1,1,0,87.8,0
2073,26186,26184757,11092,250,-1,-1,1,0,87.7,0
2074,26197,26195871,11114,250,-1,-1,1,0,87.7,0
2075,26208,26206978,11107,250,-1,-1,1,0,87.8,0
2076,26219,26218085,11107,250,-1,-1,1,0,87.8,0
2077,26230,26229186,11101,250,-1,-1,1,0,87.9,0
2078,26242,26240419,11233,250,-1,-1,1,0,87.8,0
2079,26252,26251410,10991,250,-1,-1,1,0,87.9,0
2080,26263,26262513,11103,250,-1,-1,1,0,88.0,1
2081,26274,26273637,11124,250,-1,-1,1,0,88.0,0
2082,26286,26284735,11098,250,-1,-1,1,0,87.9,0
2083,26297,26295848,11113,250,-1,-1,1,0,88.0,0
2084,26308,26306959,11111,250,-1,-1,1,0,88.0,0
2085,26319,26318069,11110,250,-1,-1,1,0,90.9,0
2086,26330,26329173,11104,250,-1,-1,1,0,90.9,0
2087,26341,26340277,11104,250,-1,-1,1,0,90.9,0
2088,26352,26351385,11108,250,-1,-1,1,0,90.9,0
2089,26363,26362497,11112,250,-1,-1,1,0,90.9,1
2090,26375,26373619,11122,250,-1,-1,1,0,89.6,0
2091,26386,26384720,11101,250,-1,-1,1,0,89.7,0
2092,26397,26395836,11116,250,-1,-1,1,0,89.9,0
2093,26408,26406944,11108,250,-1,-1,1,0,90.0,0
2094,26419,26418049,11105,250,-1,-1,1,0,90.1,0
2095,26430,26429155,11106,250,-1,-1,1,0,90.2,0
2096,26441,26440269,11114,250,-1,-1,1,0,90.2,0
2097,26452,26451369,11100,250,-1,-1,1,0,90.3,0
2098,26463,26462478,11109,250,-1,-1,1,0,90.3,1
2099,26474,26473600,11122,250,-1,-1,1,0,90.4,0
2100,26486,26484708,11108,250,-1,-1,1,0,89.9,0
2101,26497,26495818,11110,250,-1,-1,1,0,89.9,0
2102,26508,26506924,11106,250,-1,-1,1,0,90.0,0
2103,26519,26518032,11108,250,-1,-1,1,0,90.0,0
2104,26530,26529139,11107,250,-1,-1,1,0,90.1,0
2105,26541,26540239,11100,250,-1,-1,1,0,90.1,0
2106,26552,26551359,11120,250,-1,-1,1,0,90.2,0
2107,26563,26562461,11102,250,-1,-1,1,0,90.2,1
2108,26574,26573585,11124,250,-1,-1,1,0,90.2,0
2109,26586,26584685,11100,250,-1,-1,1,0,89.9,0
2110,26597,26595801,11116,250,-1,-1,1,0,90.0,0
2111,26608,26606907,11106,250,-1,-1,1,0,90.0,0
2112,26619,26618015,11108,250,-1,-1,1,0,90.0,0
2113,26630,26629113,11098,250,-1,-1,1,0,90.1,0
2114,26641,26640227,11114,250,-1,-1,1,0,90.1,0
2115,26652,26651332,11105,250,-1,-1,1,0,90.1,0
2116,26663,26662442,11110,250,-1,-1,1,0,90.1,1
2117,26674,26673568,11126,250,-1,-1,1,0,90.2,0
2118,26686,26684669,11101,250,-1,-1,1,0,89.9,0
2119,26697,26695782,11113,250,-1,-1,1,0,90.0,0
2120,26708,26706893,11111,250,-1,-1,1,0,90.0,0
2121,26719,26717998,11105,250,-1,-1,1,0,90.0,0
2122,26730,26729101,11103,250,-1,-1,1,0,90.0,0
2123,26741,26740207,11106,250,-1,-1,1,0,90.1,0
2124,26752,26751318,11111,250,-1,-1,1,0,90.1,0
2125,26763,26762427,11109,250,-1,-1,1,0,90.1,1
2126,26775,26773554,11127,250,-1,-1,1,0,89.9,0
2127,26785,26784646,11092,250,-1,-1,1,0,90.1,0
2128,26797,26795767,11121,250,-1,-1,1,0,90.0,0
2129,26808,26806878,11111,250,-1,-1,1,0,90.0,0
2130,26819,26817980,11102,250,-1,-1,1,0,90.0,0
2131,26830,26829082,11102,250,-1,-1,1,0,90.0,0
2132,26841,26840195,11113,250,-1,-1,1,0,90.1,0
2133,26852,26851299,11104,250,-1,-1,1,0,90.1,0
2134,26863,26862406,11107,250,-1,-1,1,0,90.1,1
2135,26874,26873535,11129,250,-1,-1,1,0,90.1,0
2136,26885,26884635,11100,250,-1,-1,1,0,90.1,0
2137,26897,26895747,11112,250,-1,-1,1,0,90.0,0
2138,26908,26906860,11113,250,-1,-1,1,0,90.0,0
2139,26919,26917962,11102,250,-1,-1,1,0,90.0,0
2140,26930,26929065,11103,250,-1,-1,1,0,90.0,0
2141,26941,26940174,11109,250,-1,-1,1,0,90.0,0
2142,26952,26951285,11111,250,-1,-1,1,0,90.1,0
2143,26963,26962393,11108,250,-1,-1,1,0,90.1,1
2144,26974,26973519,11126,250,-1,-1,1,0,90.1,0
2145,26985,26984616,11097,250,-1,-1,1,0,90.1,0
2146,26997,26995732,11116,250,-1,-1,1,0,90.0,0
2147,27008,27006841,11109,250,-1,-1,1,0,90.0,0
2148,27019,27017947,11106,250,-1,-1,1,0,90.0,0
2149,27030,27029046,11099,250,-1,-1,1,0,90.0,0
2150,27041,27040157,11111,250,-1,-1,1,0,90.0,0
2151,27052,27051267,11110,250,-1,-1,1,0,90.1,0
2152,27063,27062379,11112,250,-1,-1,1,0,90.1,1
2153,27074,27073498,11119,250,-1,-1,1,0,90.1,0
2154,27086,27084596,11098,250,-1,-1,1,0,90.0,0
2155,27097,27095708,11112,250,-1,-1,1,0,90.0,0
2156,27108,27106824,11116,250,-1,-1,1,0,90.0,0
2157,27119,27117928,11104,250,-1,-1,1,0,90.0,0
2158,27130,27129032,11104,250,-1,-1,1,0,90.0,0
2159,27141,27140138,11106,250,-1,-1,1,0,90.0,0
2160,27202,27151250,11112,250,-1,-1,1,0,85.0,0
2161,27202,27195681,44431,250,-1,-1,1,0,86.1,1
2162,27208,27206817,11136,250,-1,-1,1,0,86.7,0
2163,27219,27217908,11091,250,-1,-1,1,0,86.7,0
2164,27230,27229013,11105,250,-1,-1,1,0,86.8,0
2165,27241,27240128,11115,250,-1,-1,1,0,86.8,0
2166,27252,27251234,11106,250,-1,-1,1,0,86.9,0
2167,27263,27262351,11117,250,-1,-1,1,0,86.9,0
2168,27274,27273457,11106,250,-1,-1,1,0,87.0,0
2169,27285,27284570,11113,250,-1,-1,1,0,87.0,0
2170,27296,27295668,11098,250,-1,-1,1,0,87.0,1
2171,27308,27306792,11124,250,-1,-1,1,0,87.0,0
2172,27336,27329004,22212,250,-1,-1,1,0,35.7,0
2173,27341,27340116,11112,250,-1,-1,1,0,60.6,0
2174,27352,27351226,11110,250,-1,-1,1,0,68.2,0
2175,27363,27362329,11103,250,-1,-1,1,0,72.7,0
2176,27374,27373433,11104,250,-1,-1,1,0,75.8,0
2177,27385,27384546,11113,250,-1,-1,1,0,77.9,0
2178,27397,27395652,11106,250,-1,-1,1,0,78.7,0
2179,27408,27406761,11109,250,-1,-1,1,0,80.0,1
2180,27419,27417888,11127,250,-1,-1,1,0,81.1,0
2181,27430,27428981,11093,250,-1,-1,1,0,82.0,0
2182,27441,27440103,11122,250,-1,-1,1,0,82.7,0
2183,27453,27451208,11105,250,-1,-1,1,0,82.8,0
2184,27463,27462317,11109,250,-1,-1,1,0,83.9,0
2185,27474,27473414,11097,250,-1,-1,1,0,84.3,0
2186,27486,27484527,11113,250,-1,-1,1,0,84.3,0
2187,27496,27495635,11108,250,-1,-1,1,0,85.1,0
2188,27508,27506747,11112,250,-1,-1,1,0,85.0,1
2189,27519,27517868,11121,250,-1,-1,1,0,85.3,0
2190,27530,27528966,11098,250,-1,-1,1,0,85.6,0
2191,27541,27540081,11115,250,-1,-1,1,0,85.8,0
2192,27552,27551193,11112,250,-1,-1,1,0,86.1,0
2193,27563,27562294,11101,250,-1,-1,1,0,86.3,0
2194,27574,27573398,11104,250,-1,-1,1,0,86.5,0
2195,27585,27584506,11108,250,-1,-1,1,0,86.6,0
2196,27596,27595619,11113,250,-1,-1,1,0,86.8,0
2197,27608,27606723,11104,250,-1,-1,1,0,86.7,1
2198,27619,27617850,11127,250,-1,-1,1,0,86.8,0
2199,27630,27628949,11099,250,-1,-1,1,0,87.0,0
2200,27641,27640064,11115,250,-1,-1,1,0,87.1,0
2201,27652,27651173,11109,250,-1,-1,1,0,87.2,0
2202,27663,27662280,11107,250,-1,-1,1,0,87.3,0
2203,27674,27673383,11103,250,-1,-1,1,0,87.4,0
2204,27685,27684494,11111,250,-1,-1,1,0,87.5,0
2205,27696,27695607,11113,250,-1,-1,1,0,87.6,0
2206,27708,27706717,11110,250,-1,-1,1,0,87.5,1
2207,27719,27717830,11113,250,-1,-1,1,0,87.6,0
2208,27730,27728931,11101,250,-1,-1,1,0,87.7,0
2209,27741,27740049,11118,250,-1,-1,1,0,87.8,0
2210,27752,27751156,11107,250,-1,-1,1,0,87.8,0
2211,27763,27762264,11108,250,-1,-1,1,0,87.9,0
2212,27774,27773365,11101,250,-1,-1,1,0,88.0,0
2213,27785,27784481,11116,250,-1,-1,1,0,88.1,0
2214,27797,27795584,11103,250,-1,-1,1,0,87.9,0
2215,27808,27806695,11111,250,-1,-1,1,0,88.0,1
2216,27819,27817816,11121,250,-1,-1,1,0,88.1,0
2217,27830,27828919,11103,250,-1,-1,1,0,88.1,0
2218,27841,27840028,11109,250,-1,-1,1,0,88.2,0
2219,27852,27851138,11110,250,-1,-1,1,0,88.2,0
2220,27863,27862247,11109,250,-1,-1,1,0,88.3,0
2221,27874,27873349,11102,250,-1,-1,1,0,88.3,0
2222,27886,27884458,11109,250,-1,-1,1,0,88.2,0
2223,27896,27895569,11111,250,-1,-1,1,0,88.4,0
2224,27907,27906676,11107,250,-1,-1,1,0,88.5,1
2225,27919,27917803,11127,250,-1,-1,1,0,88.4,0
2226,27930,27928899,11096,250,-1,-1,1,0,88.4,0
2227,27941,27940014,11115,250,-1,-1,1,0,88.5,0
2228,27952,27951124,11110,250,-1,-1,1,0,88.5,0
2229,27963,27962228,11104,250,-1,-1,1,0,88.5,0
2230,27974,27973331,11103,250,-1,-1,1,0,88.6,0
2231,27985,27984443,11112,250,-1,-1,1,0,88.6,0
2232,27996,27995551,11108,250,-1,-1,1,0,88.7,0
2233,28007,28006656,11105,250,-1,-1,1,0,88.7,1
2234,28019,28017783,11127,250,-1,-1,1,0,88.6,0
2235,28030,28028884,11101,250,-1,-1,1,0,88.6,0
2236,28041,28039996,11112,250,-1,-1,1,0,88.7,0
2237,28052,28051106,11110,250,-1,-1,1,0,88.7,0
2238,28063,28062216,11110,250,-1,-1,1,0,88.7,0
2239,28074,28073314,11098,250,-1,-1,1,0,88.8,0
2240,28085,28084424,11110,250,-1,-1,1,0,88.8,0
2241,28096,28095535,11111,250,-1,-1,1,0,88.8,0
2242,28108,28106642,11107,250,-1,-1,1,0,88.8,1
2243,28119,28117764,11122,250,-1,-1,1,0,88.8,0
2244,28130,28128886,11122,250,-1,-1,1,0,88.8,0
2245,28141,28139979,11093,250,-1,-1,1,0,88.8,0
2246,28152,28151087,11108,250,-1,-1,1,0,88.9,0
2247,28163,28162196,11109,250,-1,-1,1,0,88.9,0
2248,28174,28173301,11105,250,-1,-1,1,0,88.9,0
2249,28185,28184404,11103,250,-1,-1,1,0,88.9,0
2250,28252,28195516,11112,250,-1,-1,1,0,83.7,0
2251,28253,28251080,55564,250,-1,-1,1,0,84.7,1
2252,28263,28262186,11106,250,-1,-1,1,0,84.8,0
2253,28274,28273280,11094,250,-1,-1,1,0,84.9,0
2254,28285,28284395,11115,250,-1,-1,1,0,85.0,0
2255,28296,28295512,11117,250,-1,-1,1,0,85.0,0
2256,28307,28306615,11103,250,-1,-1,1,0,85.1,0
2257,28319,28317729,11114,250,-1,-1,1,0,85.1,0
2258,28334,28328839,11110,250,-1,-1,1,0,66.7,0
2259,28341,28339942,11103,250,-1,-1,1,0,90.9,0
2260,28352,28351044,11102,250,-1,-1,1,0,90.9,1
2261,28363,28362167,11123,250,-1,-1,1,0,90.9,0
2262,28374,28373268,11101,250,-1,-1,1,0,90.9,0
2263,28385,28384381,11113,250,-1,-1,1,0,90.9,0
2264,28396,28395494,11113,250,-1,-1,1,0,90.9,0
2265,28407,28406601,11107,250,-1,-1,1,0,90.9,0
2266,28419,28417699,11098,250,-1,-1,1,0,90.0,0
2267,28430,28428810,11111,250,-1,-1,1,0,90.1,0
2268,28441,28439917,11107,250,-1,-1,1,0,90.2,0
2269,28452,28451032,11115,250,-1,-1,1,0,90.2,1
2270,28463,28462152,11120,250,-1,-1,1,0,90.3,0
2271,28474,28473252,11100,250,-1,-1,1,0,90.3,0
2272,28485,28484366,11114,250,-1,-1,1,0,90.4,0
2273,28496,28495472,11106,250,-1,-1,1,0,90.4,0
2274,28508,28506582,11110,250,-1,-1,1,0,89.9,0
2275,28518,28517683,11101,250,-1,-1,1,0,90.5,0
2276,28530,28528792,11109,250,-1,-1,1,0,90.0,0
2277,28541,28539901,11109,250,-1,-1,1,0,90.1,0
2278,28552,28551009,11108,250,-1,-1,1,0,90.1,1
2279,28563,28562137,11128,250,-1,-1,1,0,90.2,0
2280,28574,28573234,11097,250,-1,-1,1,0,90.2,0
2281,28585,28584348,11114,250,-1,-1,1,0,90.2,0
2282,28597,28595458,11110,250,-1,-1,1,0,89.9,0
2283,28607,28606565,11107,250,-1,-1,1,0,90.3,0
2284,28618,28617666,11101,250,-1,-1,1,0,90.3,0
2285,28630,28628774,11108,250,-1,-1,1,0,90.0,0
2286,28641,28639883,11109,250,-1,-1,1,0,90.1,0
2287,28652,28650992,11109,250,-1,-1,1,0,90.1,1
2288,28663,28662118,11126,250,-1,-1,1,0,90.1,0
2289,28674,28673213,11095,250,-1,-1,1,0,90.1,0
2290,28685,28684332,11119,250,-1,-1,1,0,90.2,0
2291,28696,28695440,11108,250,-1,-1,1,0,90.2,0
2292,28707,28706549,11109,250,-1,-1,1,0,90.2,0
2293,28718,28717649,11100,250,-1,-1,1,0,90.2,0
2294,28730,28728756,11107,250,-1,-1,1,0,90.0,0
2295,28741,28739866,11110,250,-1,-1,1,0,90.0,0
2296,28752,28750976,11110,250,-1,-1,1,0,90.1,1
2297,28763,28762099,11123,250,-1,-1,1,0,90.1,0
2298,28774,28773199,11100,250,-1,-1,1,0,90.1,0
2299,28785,28784312,11113,250,-1,-1,1,0,90.1,0
2300,28796,28795426,11114,250,-1,-1,1,0,90.1,0
2301,28807,28806527,11101,250,-1,-1,1,0,90.2,0
2302,28819,28817630,11103,250,-1,-1,1,0,90.0,0
2303,28830,28828744,11114,250,-1,-1,1,0,90.0,0
2304,28841,28839852,11108,250,-1,-1,1,0,90.0,0
2305,28852,28850958,11106,250,-1,-1,1,0,90.1,1
2306,28863,28862085,11127,250,-1,-1,1,0,90.1,0
2307,28874,28873184,11099,250,-1,-1,1,0,90.1,0
2308,28885,28884299,11115,250,-1,-1,1,0,90.1,0
2309,28896,28895403,11104,250,-1,-1,1,0,90.1,0
2310,28908,28906512,11109,250,-1,-1,1,0,90.0,0
2311,28918,28917615,11103,250,-1,-1,1,0,90.2,0
2312,28930,28928722,11107,250,-1,-1,1,0,90.0,0
2313,28941,28939831,11109,250,-1,-1,1,0,90.0,0
2314,28952,28950940,11109,250,-1,-1,1,0,90.0,1
2315,28963,28962064,11124,250,-1,-1,1,0,90.1,0
2316,28974,28973168,11104,250,-1,-1,1,0,90.1,0
2317,28985,28984282,11114,250,-1,-1,1,0,90.1,0
2318,28996,28995390,11108,250,-1,-1,1,0,90.1,0
2319,29007,29006503,11113,250,-1,-1,1,0,90.1,0
2320,29018,29017601,11098,250,-1,-1,1,0,90.1,0
2321,29029,29028711,11110,250,-1,-1,1,0,90.1,0
2322,29041,29039815,11104,250,-1,-1,1,0,90.0,0
2323,29052,29050922,11107,250,-1,-1,1,0,90.0,1
2324,29063,29062051,11129,250,-1,-1,1,0,90.1,0
2325,29074,29073148,11097,250,-1,-1,1,0,90.1,0
2326,29085,29084262,11114,250,-1,-1,1,0,90.1,0
2327,29096,29095372,11110,250,-1,-1,1,0,90.1,0
2328,29107,29106480,11108,250,-1,-1,1,0,90.1,0
2329,29118,29117581,11101,250,-1,-1,1,0,90.1,0
2330,29130,29128687,11106,250,-1,-1,1,0,90.0,0
2331,29141,29139801,11114,250,-1,-1,1,0,90.0,0
2332,29152,29150911,11110,250,-1,-1,1,0,90.0,1
2333,29163,29162031,11120,250,-1,-1,1,0,90.0,0
2334,29174,29173129,11098,250,-1,-1,1,0,90.1,0
2335,29185,29184243,11114,250,-1,-1,1,0,90.1,0
2336,29196,29195357,11114,250,-1,-1,1,0,90.1,0
2337,29207,29206461,11104,250,-1,-1,1,0,90.1,0
2338,29219,29217563,11102,250,-1,-1,1,0,90.0,0
2339,29229,29228671,11108,250,-1,-1,1,0,90.1,0
2340,29299,29239782,11111,250,-1,-1,1,0,84.7,0
2341,29299,29295321,55539,250,-1,-1,1,0,85.7,1
2342,29308,29306453,11132,250,-1,-1,1,0,85.9,0
2343,29318,29317549,11096,250,-1,-1,1,0,86.1,0
2344,29330,29328659,11110,250,-1,-1,1,0,86.1,0
2345,29341,29339773,11114,250,-1,-1,1,0,90.9,0
2346,29352,29350882,11109,250,-1,-1,1,0,90.9,0
2347,29363,29361986,11104,250,-1,-1,1,0,90.9,0
2348,29374,29373191,11205,250,-1,-1,1,0,90.9,0
2349,29385,29384209,11018,250,-1,-1,1,0,90.9,0
2350,29396,29395312,11103,250,-1,-1,1,0,90.9,1
2351,29407,29406432,11120,250,-1,-1,1,0,90.9,0
2352,29418,29417535,11103,250,-1,-1,1,0,90.9,0
2353,29429,29428649,11114,250,-1,-1,1,0,90.9,0
2354,29441,29439758,11109,250,-1,-1,1,0,90.1,0
2355,29452,29450866,11108,250,-1,-1,1,0,90.2,0
2356,29463,29461966,11100,250,-1,-1,1,0,90.2,0
2357,29474,29473072,11106,250,-1,-1,1,0,90.3,0
2358,29485,29484183,11111,250,-1,-1,1,0,90.3,0
2359,29496,29495292,11109,250,-1,-1,1,0,90.4,1
2360,29507,29506417,11125,250,-1,-1,1,0,90.4,0
2361,29518,29517515,11098,250,-1,-1,1,0,90.4,0
2362,29530,29528631,11116,250,-1,-1,1,0,90.0,0
2363,29541,29539739,11108,250,-1,-1,1,0,90.0,0
2364,29552,29550847,11108,250,-1,-1,1,0,90.1,0
2365,29563,29561945,11098,250,-1,-1,1,0,90.1,0
2366,29574,29573057,11112,250,-1,-1,1,0,90.2,0
2367,29585,29584167,11110,250,-1,-1,1,0,90.2,0
2368,29596,29595275,11108,250,-1,-1,1,0,90.2,1
2369,29607,29606398,11123,250,-1,-1,1,0,90.3,0
2370,29619,29617497,11099,250,-1,-1,1,0,90.0,0
2371,29629,29628615,11118,250,-1,-1,1,0,90.3,0
2372,29641,29639726,11111,250,-1,-1,1,0,90.0,0
2373,29652,29650829,11103,250,-1,-1,1,0,90.1,0
2374,29663,29661932,11103,250,-1,-1,1,0,90.1,0
2375,29674,29673040,11108,250,-1,-1,1,0,90.1,0
2376,29685,29684150,11110,250,-1,-1,1,0,90.1,0
2377,29696,29695256,11106,250,-1,-1,1,0,90.2,1
2378,29707,29706382,11126,250,-1,-1,1,0,90.2,0
2379,29718,29717479,11097,250,-1,-1,1,0,90.2,0
2380,29729,29728597,11118,250,-1,-1,1,0,90.2,0
2381,29741,29739706,11109,250,-1,-1,1,0,90.0,0
2382,29752,29750808,11102,250,-1,-1,1,0,90.0,0
2383,29763,29761911,11103,250,-1,-1,1,0,90.1,0
2384,29774,29773023,11112,250,-1,-1,1,0,90.1,0
2385,29785,29784132,11109,250,-1,-1,1,0,90.1,0
2386,29796,29795250,11118,250,-1,-1,1,0,90.1,1
2387,29807,29806365,11115,250,-1,-1,1,0,90.1,0
2388,29818,29817466,11101,250,-1,-1,1,0,90.2,0
2389,29829,29828578,11112,250,-1,-1,1,0,90.2,0
2390,29841,29839686,11108,250,-1,-1,1,0,90.0,0
2391,29852,29850795,11109,250,-1,-1,1,0,90.0,0
2392,29863,29861898,11103,250,-1,-1,1,0,90.1,0
2393,29874,29873008,11110,250,-1,-1,1,0,90.1,0
2394,29885,29884116,11108,250,-1,-1,1,0,90.1,0
2395,29896,29895226,11110,250,-1,-1,1,0,90.1,1
2396,29907,29906353,11127,250,-1,-1,1,0,90.1,0
2397,29918,29917448,11095,250,-1,-1,1,0,90.1,0
2398,29930,29928562,11114,250,-1,-1,1,0,90.0,0
2399,29941,29939672,11110,250,-1,-1,1,0,90.0,0
2400,29952,29950780,11108,250,-1,-1,1,0,90.0,0
2401,29963,29961878,11098,250,-1,-1,1,0,90.0,0
2402,29974,29972988,11110,250,-1,-1,1,0,90.1,0
2403,29985,29984098,11110,250,-1,-1,1,0,90.1,0
2404,29996,29995207,11109,250,-1,-1,1,0,90.1,1
2405,30007,30006331,11124,250,-1,-1,1,0,90.1,0
2406,30018,30017431,11100,250,-1,-1,1,0,90.0,0
2407,30029,30028544,11113,250,-1,-1,1,0,90.1,0
2408,30040,30039659,11115,250,-1,-1,1,0,90.0,0
2409,30052,30050761,11102,250,-1,-1,1,0,90.0,0
2410,30063,30061866,11105,250,-1,-1,1,0,90.0,0
2411,30074,30072972,11106,250,-1,-1,1,0,90.1,0
2412,30085,30084081,11109,250,-1,-1,1,0,90.1,0
2413,30096,30095188,11107,250,-1,-1,1,0,90.1,1
2414,30107,30106318,11130,250,-1,-1,1,0,90.1,0
2415,30118,30117413,11095,250,-1,-1,1,0,90.1,0
2416,30129,30128531,11118,250,-1,-1,1,0,90.1,0
2417,30140,30139636,11105,250,-1,-1,1,0,90.1,0
2418,30152,30150742,11106,250,-1,-1,1,0,90.0,0
2419,30163,30161853,11111,250,-1,-1,1,0,90.0,0
2420,30174,30172953,11100,250,-1,-1,1,0,90.0,0
2421,30185,30184066,11113,250,-1,-1,1,0,90.1,0
2422,30196,30195172,11106,250,-1,-1,1,0,90.1,1
2423,30207,30206300,11128,250,-1,-1,1,0,90.1,0
2424,30218,30217402,11102,250,-1,-1,1,0,90.1,0
2425,30229,30228511,11109,250,-1,-1,1,0,90.1,0
2426,30241,30239620,11109,250,-1,-1,1,0,90.0,0
2427,30252,30250721,11101,250,-1,-1,1,0,90.0,0
2428,30263,30261829,11108,250,-1,-1,1,0,90.0,0
2429,30274,30272933,11104,250,-1,-1,1,0,90.0,0
2430,30349,30284046,11113,250,-1,-1,1,0,84.4,0
2431,30383,30372919,88873,250,-1,-1,1,0,29.4,1
2432,30386,30384031,11112,250,-1,-1,1,0,54.1,0
2433,30396,30395151,11120,250,-1,-1,1,0,63.8,0
2434,30407,30406254,11103,250,-1,-1,1,0,69.0,0
2435,30418,30417396,11142,250,-1,-1,1,0,72.5,0
2436,30429,30428469,11073,250,-1,-1,1,0,75.0,0
2437,30440,30439584,11115,250,-1,-1,1,0,76.9,0
2438,30451,30450683,11099,250,-1,-1,1,0,78.4,0
2439,30463,30461794,11111,250,-1,-1,1,0,78.9,0
2440,30474,30472904,11110,250,-1,-1,1,0,80.0,1
2441,30485,30484030,11126,250,-1,-1,1,0,80.9,0
2442,30496,30495126,11096,250,-1,-1,1,0,81.6,0
2443,30507,30506238,11112,250,-1,-1,1,0,82.3,0
2444,30518,30517349,11111,250,-1,-1,1,0,82.8,0
2445,30529,30528462,11113,250,-1,-1,1,0,83.3,0
2446,30540,30539557,11095,250,-1,-1,1,0,83.8,0
2447,30552,30550669,11112,250,-1,-1,1,0,83.7,0
2448,30563,30561773,11104,250,-1,-1,1,0,84.1,0
2449,30574,30572887,11114,250,-1,-1,1,0,84.4,1
2450,30585,30584015,11128,250,-1,-1,1,0,84.7,0
2451,30596,30595109,11094,250,-1,-1,1,0,85.0,0
2452,30607,30606225,11116,250,-1,-1,1,0,85.3,0
2453,30618,30617337,11112,250,-1,-1,1,0,85.5,0
2454,30629,30628441,11104,250,-1,-1,1,0,85.7,0
2455,30641,30639545,11104,250,-1,-1,1,0,85.6,0
2456,30651,30650653,11108,250,-1,-1,1,0,86.1,0
2457,30663,30661762,11109,250,-1,-1,1,0,86.0,0
2458,30674,30672867,11105,250,-1,-1,1,0,86.2,1
2459,30685,30683999,11132,250,-1,-1,1,0,86.3,0
2460,30696,30695091,11092,250,-1,-1,1,0,86.5,0
2461,30707,30706206,11115,250,-1,-1,1,0,86.6,0
2462,30718,30717317,11111,250,-1,-1,1,0,86.7,0
2463,30729,30728421,11104,250,-1,-1,1,0,86.8,0
2464,30740,30739526,11105,250,-1,-1,1,0,87.0,0
2465,30751,30750633,11107,250,-1,-1,1,0,87.1,0
2466,30763,30761740,11107,250,-1,-1,1,0,87.0,0
2467,30774,30772852,11112,250,-1,-1,1,0,87.1,1
2468,30785,30783976,11124,250,-1,-1,1,0,87.2,0
2469,30796,30795074,11098,250,-1,-1,1,0,87.2,0
2470,30807,30806188,11114,250,-1,-1,1,0,87.3,0
2471,30818,30817305,11117,250,-1,-1,1,0,87.4,0
2472,30829,30828405,11100,250,-1,-1,1,0,87.5,0
2473,30840,30839506,11101,250,-1,-1,1,0,87.6,0
2474,30851,30850614,11108,250,-1,-1,1,0,87.6,0
2475,30863,30861727,11113,250,-1,-1,1,0,87.5,0
2476,30874,30872837,11110,250,-1,-1,1,0,87.6,1
2477,30885,30883960,11123,250,-1,-1,1,0,87.7,0
2478,30896,30895058,11098,250,-1,-1,1,0,87.8,0
2479,30907,30906174,11116,250,-1,-1,1,0,87.8,0
2480,30918,30917283,11109,250,-1,-1,1,0,87.9,0
2481,30929,30928389,11106,250,-1,-1,1,0,87.9,0
2482,30940,30939492,11103,250,-1,-1,1,0,88.0,0
2483,30952,30950598,11106,250,-1,-1,1,0,87.9,0
2484,30962,30961707,11109,250,-1,-1,1,0,88.1,0
2485,30974,30972819,11112,250,-1,-1,1,0,88.0,1
2486,30985,30983945,11126,250,-1,-1,1,0,88.1,0
2487,30996,30995042,11097,250,-1,-1,1,0,88.1,0
2488,31007,31006159,11117,250,-1,-1,1,0,88.1,0
2489,31018,31017267,11108,250,-1,-1,1,0,88.2,0
2490,31029,31028374,11107,250,-1,-1,1,0,88.2,0
2491,31041,31039477,11103,250,-1,-1,1,0,88.2,0
2492,31051,31050583,11106,250,-1,-1,1,0,88.3,0
2493,31062,31061691,11108,250,-1,-1,1,0,88.4,0
2494,31074,31072800,11109,250,-1,-1,1,0,88.3,1
2495,31085,31083929,11129,250,-1,-1,1,0,88.3,0
2496,31096,31095023,11094,250,-1,-1,1,0,88.4,0
2497,31107,31106141,11118,250,-1,-1,1,0,88.4,0
2498,31118,31117251,11110,250,-1,-1,1,0,88.4,0
2499,31129,31128354,11103,250,-1,-1,1,0,88.5,0
2500,31140,31139456,11102,250,-1,-1,1,0,88.5,0
2501,31151,31150567,11111,250,-1,-1,1,0,88.5,0
2502,31162,31161671,11104,250,-1,-1,1,0,88.6,0
2503,31174,31172786,11115,250,-1,-1,1,0,88.5,1
2504,31185,31183907,11121,250,-1,-1,1,0,88.5,0
2505,31196,31195008,11101,250,-1,-1,1,0,88.5,0
2506,31207,31206122,11114,250,-1,-1,1,0,88.6,0
2507,31218,31217231,11109,250,-1,-1,1,0,88.6,0
2508,31229,31228343,11112,250,-1,-1,1,0,88.6,0
2509,31240,31239441,11098,250,-1,-1,1,0,88.7,0
2510,31251,31250549,11108,250,-1,-1,1,0,88.7,0
2511,31263,31261658,11109,250,-1,-1,1,0,88.6,0
2512,31274,31272767,11109,250,-1,-1,1,0,88.6,1
2513,31285,31283892,11125,250,-1,-1,1,0,88.7,0
2514,31296,31294988,11096,250,-1,-1,1,0,88.7,0
2515,31307,31306107,11119,250,-1,-1,1,0,88.7,0
2516,31318,31317217,11110,250,-1,-1,1,0,88.8,0
2517,31329,31328323,11106,250,-1,-1,1,0,88.8,0
2518,31340,31339420,11097,250,-1,-1,1,0,88.8,0
2519,31352,31350533,11113,250,-1,-1,1,0,88.7,0
2520,31425,31361687,11154,250,-1,-1,1,0,13.7,0
2521,31425,31417187,55500,250,-1,-1,1,0,27.4,1
2522,31429,31428305,11118,250,-1,-1,1,0,39.0,0
2523,31440,31439410,11105,250,-1,-1,1,0,45.5,0
2524,31451,31450516,11106,250,-1,-1,1,0,50.5,0
2525,31463,31461635,11119,250,-1,-1,1,0,54.1,0
2526,31474,31472867,11232,250,-1,-1,1,0,57.4,0
2527,31485,31483847,10980,250,-1,-1,1,0,60.2,0
2528,31496,31495020,11173,250,-1,-1,1,0,62.5,0
2529,31507,31506071,11051,250,-1,-1,1,0,64.5,0
2530,31518,31517174,11103,250,-1,-1,1,0,66.3,1
2531,31529,31528295,11121,250,-1,-1,1,0,67.8,0
2532,31540,31539393,11098,250,-1,-1,1,0,69.1,0
2533,31551,31550503,11110,250,-1,-1,1,0,70.4,0
2534,31562,31561612,11109,250,-1,-1,1,0,71.4,0
2535,31574,31572716,11104,250,-1,-1,1,0,72.1,0
2536,31585,31583824,11108,250,-1,-1,1,0,73.0,0
2537,31596,31594933,11109,250,-1,-1,1,0,73.8,0
2538,31607,31606042,11109,250,-1,-1,1,0,74.5,0
2539,31618,31617158,11116,250,-1,-1,1,0,75.2,1
2540,31629,31628276,11118,250,-1,-1,1,0,75.8,0
2541,31640,31639376,11100,250,-1,-1,1,0,76.4,0
2542,31651,31650491,11115,250,-1,-1,1,0,76.9,0
2543,31663,31661599,11108,250,-1,-1,1,0,77.2,0
2544,31674,31672708,11109,250,-1,-1,1,0,77.6,0
2545,31685,31683806,11098,250,-1,-1,1,0,78.1,0
2546,31696,31694920,11114,250,-1,-1,1,0,78.5,0
2547,31707,31706025,11105,250,-1,-1,1,0,78.9,0
2548,31718,31717134,11109,250,-1,-1,1,0,79.2,1
2549,31729,31728259,11125,250,-1,-1,1,0,79.6,0
2550,31740,31739356,11097,250,-1,-1,1,0,79.9,0
2551,31752,31750476,11120,250,-1,-1,1,0,80.0,0
2552,31762,31761583,11107,250,-1,-1,1,0,80.5,0
2553,31773,31772687,11104,250,-1,-1,1,0,80.8,0
2554,31785,31783791,11104,250,-1,-1,1,0,80.8,0
2555,31796,31794901,11110,250,-1,-1,1,0,81.1,0
2556,31807,31806008,11107,250,-1,-1,1,0,81.3,0
2557,31818,31817121,11113,250,-1,-1,1,0,81.5,1
2558,31829,31828242,11121,250,-1,-1,1,0,81.8,0
2559,31840,31839343,11101,250,-1,-1,1,0,82.0,0
2560,31851,31850455,11112,250,-1,-1,1,0,82.2,0
2561,31862,31861564,11109,250,-1,-1,1,0,82.4,0
2562,31873,31872670,11106,250,-1,-1,1,0,82.5,0
2563,31885,31883779,11109,250,-1,-1,1,0,82.6,0
2564,31896,31894881,11102,250,-1,-1,1,0,82.7,0
2565,31907,31905993,11112,250,-1,-1,1,0,82.9,0
2566,31918,31917099,11106,250,-1,-1,1,0,83.0,1
2567,31929,31928224,11125,250,-1,-1,1,0,83.2,0
2568,31940,31939325,11101,250,-1,-1,1,0,83.3,0
2569,31951,31950441,11116,250,-1,-1,1,0,83.5,0
2570,31962,31961550,11109,250,-1,-1,1,0,83.6,0
2571,31974,31972655,11105,250,-1,-1,1,0,83.6,0
2572,31985,31983756,11101,250,-1,-1,1,0,83.7,0
2573,31996,31994865,11109,250,-1,-1,1,0,83.9,0
2574,32007,32005972,11107,250,-1,-1,1,0,84.0,0
2575,32018,32017084,11112,250,-1,-1,1,0,84.1,1
2576,32029,32028208,11124,250,-1,-1,1,0,84.2,0
2577,32040,32039309,11101,250,-1,-1,1,0,84.3,0
2578,32051,32050421,11112,250,-1,-1,1,0,84.4,0
2579,32063,32061530,11109,250,-1,-1,1,0,84.4,0
2580,32073,32072642,11112,250,-1,-1,1,0,84.6,0
2581,32085,32083745,11103,250,-1,-1,1,0,84.6,0
2582,32096,32094847,11102,250,-1,-1,1,0,84.7,0
2583,32107,32105962,11115,250,-1,-1,1,0,84.8,0
2584,32118,32117067,11105,250,-1,-1,1,0,84.9,1
2585,32129,32128193,11126,250,-1,-1,1,0,84.9,0
2586,32140,32139288,11095,250,-1,-1,1,0,85.0,0
2587,32151,32150405,11117,250,-1,-1,1,0,85.1,0
2588,32162,32161513,11108,250,-1,-1,1,0,85.2,0
2589,32173,32172622,11109,250,-1,-1,1,0,85.3,0
2590,32185,32183724,11102,250,-1,-1,1,0,85.2,0
2591,32196,32194832,11108,250,-1,-1,1,0,85.3,0
2592,32208,32205937,11105,250,-1,-1,1,0,85.3,0
2593,32218,32217057,11120,250,-1,-1,1,0,85.5,1
2594,32229,32228169,11112,250,-1,-1,1,0,85.5,0
2595,32240,32239272,11103,250,-1,-1,1,0,85.6,0
2596,32251,32250384,11112,250,-1,-1,1,0,85.7,0
2597,32262,32261494,11110,250,-1,-1,1,0,85.7,0
2598,32273,32272603,11109,250,-1,-1,1,0,85.8,0
2599,32285,32283705,11102,250,-1,-1,1,0,85.7,0
2600,32296,32294815,11110,250,-1,-1,1,0,85.8,0
2601,32307,32305925,11110,250,-1,-1,1,0,85.9,0
2602,32318,32317029,11104,250,-1,-1,1,0,85.9,1
2603,32329,32328157,11128,250,-1,-1,1,0,86.0,0
2604,32340,32339258,11101,250,-1,-1,1,0,86.0,0
2605,32351,32350370,11112,250,-1,-1,1,0,86.1,0
2606,32362,32361479,11109,250,-1,-1,1,0,86.1,0
2607,32374,32372664,11185,250,-1,-1,1,0,83.3,0
2608,32384,32383688,11024,250,-1,-1,1,0,90.9,0
2609,32396,32394796,11108,250,-1,-1,1,0,88.2,0
2610,32475,32405905,11109,250,-1,-1,1,0,35.4,0
2611,32475,32472556,66651,250,-1,-1,1,0,44.2,1
2612,32484,32483689,11133,250,-1,-1,1,0,49.2,0
2613,32496,32494782,11093,250,-1,-1,1,0,52.2,0
2614,32507,32505893,11111,250,-1,-1,1,0,55.2,0
2615,32518,32517007,11114,250,-1,-1,1,0,57.7,0
2616,32529,32528112,11105,250,-1,-1,1,0,59.9,0
2617,32540,32539225,11113,250,-1,-1,1,0,61.8,0
2618,32551,32550338,11113,250,-1,-1,1,0,63.5,0
2619,32562,32561441,11103,250,-1,-1,1,0,65.0,0
2620,32573,32572544,11103,250,-1,-1,1,0,66.4,1
2621,32584,32583666,11122,250,-1,-1,1,0,67.6,0
2622,32596,32594767,11101,250,-1,-1,1,0,68.4,0
2623,32607,32605877,11110,250,-1,-1,1,0,69.4,0
2624,32618,32616994,11117,250,-1,-1,1,0,70.3,0
2625,32629,32628097,11103,250,-1,-1,1,0,71.2,0
2626,32640,32639199,11102,250,-1,-1,1,0,71.9,0
2627,32651,32650312,11113,250,-1,-1,1,0,72.7,0
2628,32662,32661422,11110,250,-1,-1,1,0,73.3,0
2629,32673,32672527,11105,250,-1,-1,1,0,74.0,1
2630,32685,32683652,11125,250,-1,-1,1,0,74.3,0
2631,32696,32694790,11138,250,-1,-1,1,0,74.9,0
2632,32707,32705869,11079,250,-1,-1,1,0,75.4,0
2633,32718,32716969,11100,250,-1,-1,1,0,75.8,0
2634,32729,32728086,11117,250,-1,-1,1,0,76.3,0
2635,32740,32739189,11103,250,-1,-1,1,0,76.7,0
2636,32751,32750295,11106,250,-1,-1,1,0,77.1,0
2637,32762,32761400,11105,250,-1,-1,1,0,77.5,0
2638,32774,32772508,11108,250,-1,-1,1,0,77.7,1
2639,32784,32783634,11126,250,-1,-1,1,0,78.2,0
2640,32796,32794735,11101,250,-1,-1,1,0,78.3,0
2641,32807,32805850,11115,250,-1,-1,1,0,78.7,0
2642,32818,32816954,11104,250,-1,-1,1,0,78.9,0
2643,32829,32828063,11109,250,-1,-1,1,0,79.2,0
2644,32840,32839167,11104,250,-1,-1,1,0,79.5,0
2645,32851,32850283,11116,250,-1,-1,1,0,79.8,0
2646,32862,32861385,11102,250,-1,-1,1,0,80.0,0
2647,32873,32872492,11107,250,-1,-1,1,0,80.2,1
2648,32884,32883620,11128,250,-1,-1,1,0,80.5,0
2649,32896,32894720,11100,250,-1,-1,1,0,80.5,0
2650,32907,32905833,11113,250,-1,-1,1,0,80.7,0
2651,32918,32916938,11105,250,-1,-1,1,0,80.9,0
2652,32929,32928048,11110,250,-1,-1,1,0,81.1,0
2653,32940,32939147,11099,250,-1,-1,1,0,81.3,0
2654,32951,32950256,11109,250,-1,-1,1,0,81.5,0
2655,32962,32961374,11118,250,-1,-1,1,0,81.7,0
2656,32973,32972480,11106,250,-1,-1,1,0,81.8,1
2657,32984,32983602,11122,250,-1,-1,1,0,82.0,0
2658,32996,32994694,11092,250,-1,-1,1,0,82.0,0
2659,33007,33005815,11121,250,-1,-1,1,0,82.2,0
2660,33018,33016922,11107,250,-1,-1,1,0,82.3,0
2661,33029,33028027,11105,250,-1,-1,1,0,82.5,0
2662,33040,33039139,11112,250,-1,-1,1,0,82.6,0
2663,33051,33050241,11102,250,-1,-1,1,0,82.7,0
2664,33062,33061352,11111,250,-1,-1,1,0,82.9,0
2665,33073,33072457,11105,250,-1,-1,1,0,83.0,1
2666,33085,33083580,11123,250,-1,-1,1,0,83.0,0
2667,33095,33094684,11104,250,-1,-1,1,0,83.1,0
2668,33107,33105798,11114,250,-1,-1,1,0,83.2,0
2669,33118,33116904,11106,250,-1,-1,1,0,83.3,0
2670,33129,33128012,11108,250,-1,-1,1,0,83.4,0
2671,33140,33139117,11105,250,-1,-1,1,0,83.5,0
2672,33151,33150224,11107,250,-1,-1,1,0,83.7,0
2673,33162,33161332,11108,250,-1,-1,1,0,83.8,0
2674,33173,33172440,11108,250,-1,-1,1,0,83.8,1
2675,33184,33183564,11124,250,-1,-1,1,0,83.9,0
2676,33195,33194666,11102,250,-1,-1,1,0,84.0,0
2677,33207,33205780,11114,250,-1,-1,1,0,84.0,0
2678,33218,33216889,11109,250,-1,-1,1,0,84.1,0
2679,33229,33227996,11107,250,-1,-1,1,0,84.2,0
2680,33240,33239100,11104,250,-1,-1,1,0,84.3,0
2681,33251,33250203,11103,250,-1,-1,1,0,84.4,0
2682,33262,33261315,11112,250,-1,-1,1,0,84.4,0
2683,33273,33272425,11110,250,-1,-1,1,0,84.5,1
2684,33284,33283549,11124,250,-1,-1,1,0,84.6,0
2685,33295,33294646,11097,250,-1,-1,1,0,84.7,0
2686,33307,33305764,11118,250,-1,-1,1,0,84.7,0
2687,33318,33316870,11106,250,-1,-1,1,0,84.7,0
2688,33329,33327977,11107,250,-1,-1,1,0,84.8,0
2689,33340,33339083,11106,250,-1,-1,1,0,84.9,0
2690,33351,33350189,11106,250,-1,-1,1,0,84.9,0
2691,33362,33361299,11110,250,-1,-1,1,0,85.0,0
2692,33375,33372417,11118,250,-1,-1,1,0,76.9,1
2693,33384,33383533,11116,250,-1,-1,1,0,90.9,0
2694,33396,33394635,11102,250,-1,-1,1,0,88.2,0
2695,33407,33405745,11110,250,-1,-1,1,0,88.9,0
2696,33418,33416858,11113,250,-1,-1,1,0,89.3,0
2697,33429,33427960,11102,250,-1,-1,1,0,89.6,0
2698,33440,33439066,11106,250,-1,-1,1,0,89.7,0
2699,33451,33450175,11109,250,-1,-1,1,0,89.9,0
2700,33559,33461281,11106,250,-1,-1,1,0,45.7,0
2701,33559,33550151,88870,250,-1,-1,1,0,50.8,1
2702,33562,33561262,11111,250,-1,-1,1,0,55.0,0
2703,33573,33572382,11120,250,-1,-1,1,0,56.9,0
2704,33584,33583485,11103,250,-1,-1,1,0,58.6,0
2705,33595,33594594,11109,250,-1,-1,1,0,60.1,0
2706,33607,33605708,11114,250,-1,-1,1,0,61.2,0
2707,33618,33616820,11112,250,-1,-1,1,0,62.5,0
2708,33629,33627920,11100,250,-1,-1,1,0,63.7,0
2709,33640,33639031,11111,250,-1,-1,1,0,64.7,0
2710,33651,33650138,11107,250,-1,-1,1,0,65.7,1
2711,33662,33661261,11123,250,-1,-1,1,0,66.7,0
2712,33673,33672365,11104,250,-1,-1,1,0,67.5,0
2713,33684,33683478,11113,250,-1,-1,1,0,68.3,0
2714,33695,33694582,11104,250,-1,-1,1,0,69.1,0
2715,33707,33705692,11110,250,-1,-1,1,0,69.6,0
2716,33718,33716795,11103,250,-1,-1,1,0,70.2,0
2717,33729,33727901,11106,250,-1,-1,1,0,70.8,0
2718,33740,33739010,11109,250,-1,-1,1,0,71.4,0
2719,33751,33750119,11109,250,-1,-1,1,0,72.0,1
2720,33762,33761244,11125,250,-1,-1,1,0,72.5,0
2721,33773,33772342,11098,250,-1,-1,1,0,73.0,0
2722,33784,33783455,11113,250,-1,-1,1,0,73.5,0
2723,33796,33794564,11109,250,-1,-1,1,0,73.7,0
2724,33806,33805674,11110,250,-1,-1,1,0,74.3,0
2725,33818,33816782,11108,250,-1,-1,1,0,74.6,0
2726,33829,33827884,11102,250,-1,-1,1,0,74.9,0
2727,33840,33838994,11110,250,-1,-1,1,0,75.3,0
2728,33851,33850105,11111,250,-1,-1,1,0,75.7,1
2729,33862,33861224,11119,250,-1,-1,1,0,76.0,0
2730,33873,33872328,11104,250,-1,-1,1,0,76.3,0
2731,33884,33883445,11117,250,-1,-1,1,0,76.6,0
2732,33895,33894552,11107,250,-1,-1,1,0,76.9,0
2733,33906,33905664,11112,250,-1,-1,1,0,77.2,0
2734,33918,33916761,11097,250,-1,-1,1,0,77.3,0
2735,33929,33927932,11171,250,-1,-1,1,0,77.6,0
2736,33940,33938977,11045,250,-1,-1,1,0,77.9,0
2737,33951,33950086,11109,250,-1,-1,1,0,78.1,1
2738,33962,33961212,11126,250,-1,-1,1,0,78.3,0
2739,33973,33972311,11099,250,-1,-1,1,0,78.6,0
2740,33984,33983426,11115,250,-1,-1,1,0,78.8,0
2741,33995,33994532,11106,250,-1,-1,1,0,79.0,0
2742,34006,34005644,11112,250,-1,-1,1,0,79.2,0
2743,34018,34016745,11101,250,-1,-1,1,0,79.3,0
2744,34029,34027851,11106,250,-1,-1,1,0,79.5,0
2745,34040,34038960,11109,250,-1,-1,1,0,79.6,0
2746,34051,34050070,11110,250,-1,-1,1,0,79.8,1
2747,34062,34061194,11124,250,-1,-1,1,0,80.0,0
2748,34073,34072293,11099,250,-1,-1,1,0,80.2,0
2749,34084,34083409,11116,250,-1,-1,1,0,80.3,0
2750,34095,34094511,11102,250,-1,-1,1,0,80.5,0
2751,34107,34105627,11116,250,-1,-1,1,0,80.5,0
2752,34118,34116726,11099,250,-1,-1,1,0,80.7,0
2753,34129,34127834,11108,250,-1,-1,1,0,80.8,0
2754,34140,34138943,11109,250,-1,-1,1,0,81.0,0
2755,34151,34150052,11109,250,-1,-1,1,0,81.1,1
2756,34162,34161175,11123,250,-1,-1,1,0,81.2,0
2757,34173,34172279,11104,250,-1,-1,1,0,81.4,0
2758,34184,34183392,11113,250,-1,-1,1,0,81.5,0
2759,34196,34194505,11113,250,-1,-1,1,0,81.5,0
2760,34206,34205603,11098,250,-1,-1,1,0,81.8,0
2761,34218,34216718,11115,250,-1,-1,1,0,81.8,0
2762,34229,34227816,11098,250,-1,-1,1,0,81.9,0
2763,34240,34238925,11109,250,-1,-1,1,0,82.0,0
2764,34251,34250036,11111,250,-1,-1,1,0,82.1,1
2765,34262,34261157,11121,250,-1,-1,1,0,82.2,0
2766,34273,34272253,11096,250,-1,-1,1,0,82.3,0
2767,34284,34283375,11122,250,-1,-1,1,0,82.4,0
2768,34295,34294480,11105,250,-1,-1,1,0,82.5,0
2769,34306,34305593,11113,250,-1,-1,1,0,82.6,0
2770,34317,34316688,11095,250,-1,-1,1,0,82.7,0
2771,34329,34327801,11113,250,-1,-1,1,0,82.7,0
2772,34340,34338908,11107,250,-1,-1,1,0,82.8,0
2773,34351,34350024,11116,250,-1,-1,1,0,82.9,1
2774,34362,34361140,11116,250,-1,-1,1,0,83.0,0
2775,34393,34383351,22211,250,-1,-1,1,0,32.3,0
2776,34395,34394461,11110,250,-1,-1,1,0,60.6,0
2777,34406,34405574,11113,250,-1,-1,1,0,68.2,0
2778,34418,34416671,11097,250,-1,-1,1,0,71.4,0
2779,34429,34427784,11113,250,-1,-1,1,0,74.6,0
2780,34440,34438894,11110,250,-1,-1,1,0,76.9,0
2781,34451,34450001,11107,250,-1,-1,1,0,78.7,0
2782,34462,34461110,11109,250,-1,-1,1,0,80.0,1
2783,34473,34472236,11126,250,-1,-1,1,0,81.1,0
2784,34484,34483336,11100,250,-1,-1,1,0,82.0,0
2785,34495,34494448,11112,250,-1,-1,1,0,82.7,0
2786,34507,34505551,11103,250,-1,-1,1,0,82.8,0
2787,34517,34516668,11117,250,-1,-1,1,0,83.9,0
2788,34529,34527767,11099,250,-1,-1,1,0,83.8,0
2789,34540,34538872,11105,250,-1,-1,1,0,84.3,0
2790,34620,34549982,11110,250,-1,-1,1,0,62.0,0
2791,34620,34616638,66656,250,-1,-1,1,0,65.9,1
2792,34629,34627765,11127,250,-1,-1,1,0,67.4,0
2793,34640,34638883,11118,250,-1,-1,1,0,68.3,0
2794,34651,34649971,11088,250,-1,-1,1,0,69.2,0
2795,34662,34661089,11118,250,-1,-1,1,0,70.0,0
2796,34673,34672195,11106,250,-1,-1,1,0,70.7,0
2797,34684,34683308,11113,250,-1,-1,1,0,71.4,0
2798,34695,34694414,11106,250,-1,-1,1,0,72.1,0
2799,34706,34705523,11109,250,-1,-1,1,0,72.7,0
2800,34717,34716628,11105,250,-1,-1,1,0,73.2,1
2801,34729,34727746,11118,250,-1,-1,1,0,73.6,0
2802,34740,34738848,11102,250,-1,-1,1,0,74.1,0
2803,34751,34749979,11131,250,-1,-1,1,0,74.6,0
2804,34762,34761066,11087,250,-1,-1,1,0,75.0,0
2805,34773,34772167,11101,250,-1,-1,1,0,75.4,0
2806,34784,34783279,11112,250,-1,-1,1,0,75.8,0
2807,34795,34794393,11114,250,-1,-1,1,0,76.2,0
2808,34806,34805495,11102,250,-1,-1,1,0,76.6,0
2809,34818,34816607,11112,250,-1,-1,1,0,76.8,1
2810,34829,34827728,11121,250,-1,-1,1,0,77.1,0
2811,34840,34838830,11102,250,-1,-1,1,0,77.4,0
2812,34851,34849947,11117,250,-1,-1,1,0,77.7,0
2813,34862,34861051,11104,250,-1,-1,1,0,78.0,0
2814,34873,34872164,11113,250,-1,-1,1,0,78.3,0
2815,34884,34883264,11100,250,-1,-1,1,0,78.5,0
2816,34895,34894367,11103,250,-1,-1,1,0,78.8,0
2817,34906,34905484,11117,250,-1,-1,1,0,79.0,0
2818,34917,34916587,11103,250,-1,-1,1,0,79.3,1
2819,34929,34927711,11124,250,-1,-1,1,0,79.4,0
2820,34940,34938809,11098,250,-1,-1,1,0,79.6,0
2821,34951,34949931,11122,250,-1,-1,1,0,79.8,0
2822,34962,34961028,11097,250,-1,-1,1,0,80.0,0
2823,34973,34972144,11116,250,-1,-1,1,0,80.2,0
2824,34984,34983242,11098,250,-1,-1,1,0,80.4,0
2825,34995,34994352,11110,250,-1,-1,1,0,80.6,0
2826,35006,35005463,11111,250,-1,-1,1,0,80.7,0
2827,35017,35016570,11107,250,-1,-1,1,0,80.9,1
2828,35029,35027701,11131,250,-1,-1,1,0,81.0,0
2829,35040,35038793,11092,250,-1,-1,1,0,81.1,0
2830,35051,35049909,11116,250,-1,-1,1,0,81.3,0
2831,35062,35061018,11109,250,-1,-1,1,0,81.4,0
2832,35073,35072125,11107,250,-1,-1,1,0,81.6,0
2833,35084,35083228,11103,250,-1,-1,1,0,81.7,0
2834,35095,35094334,11106,250,-1,-1,1,0,81.9,0
2835,35106,35105444,11110,250,-1,-1,1,0,82.0,0
2836,35117,35116552,11108,250,-1,-1,1,0,82.1,1
2837,35129,35127679,11127,250,-1,-1,1,0,82.1,0
2838,35140,35138781,11102,250,-1,-1,1,0,82.3,0
2839,35151,35149893,11112,250,-1,-1,1,0,82.4,0
2840,35162,35160998,11105,250,-1,-1,1,0,82.5,0
2841,35173,35172105,11107,250,-1,-1,1,0,82.6,0
2842,35184,35183214,11109,250,-1,-1,1,0,82.7,0
2843,35195,35194319,11105,250,-1,-1,1,0,82.8,0
2844,35206,35205428,11109,250,-1,-1,1,0,82.9,0
2845,35217,35216543,11115,250,-1,-1,1,0,83.0,1
2846,35228,35227661,11118,250,-1,-1,1,0,83.1,0
2847,35240,35238763,11102,250,-1,-1,1,0,83.1,0
2848,35251,35249876,11113,250,-1,-1,1,0,83.2,0
2849,35262,35260992,11116,250,-1,-1,1,0,83.3,0
2850,35273,35272187,11195,250,-1,-1,1,0,83.4,0
2851,35284,35283200,11013,250,-1,-1,1,0,83.5,0
2852,35295,35294306,11106,250,-1,-1,1,0,83.6,0
2853,35306,35305414,11108,250,-1,-1,1,0,83.7,0
2854,35317,35316520,11106,250,-1,-1,1,0,83.8,1
2855,35328,35327645,11125,250,-1,-1,1,0,83.9,0
2856,35340,35338744,11099,250,-1,-1,1,0,83.8,0
2857,35351,35349857,11113,250,-1,-1,1,0,83.9,0
2858,35362,35360964,11107,250,-1,-1,1,0,84.0,0
2859,35374,35372080,11116,250,-1,-1,1,0,83.3,0
2860,35384,35383180,11100,250,-1,-1,1,0,90.9,0
2861,35395,35394282,11102,250,-1,-1,1,0,90.9,0
2862,35406,35405393,11111,250,-1,-1,1,0,90.9,0
2863,35417,35416506,11113,250,-1,-1,1,0,90.9,1
2864,35428,35427628,11122,250,-1,-1,1,0,90.9,0
2865,35440,35438727,11099,250,-1,-1,1,0,89.7,0
2866,35451,35449843,11116,250,-1,-1,1,0,89.9,0
2867,35462,35460949,11106,250,-1,-1,1,0,90.0,0
2868,35473,35472236,11287,250,-1,-1,1,0,90.1,0
2869,35484,35483164,10928,250,-1,-1,1,0,90.2,0
2870,35495,35494266,11102,250,-1,-1,1,0,90.2,0
2871,35506,35505378,11112,250,-1,-1,1,0,90.3,0
2872,35517,35516485,11107,250,-1,-1,1,0,90.3,1
2873,35529,35527613,11128,250,-1,-1,1,0,89.8,0
2874,35540,35538708,11095,250,-1,-1,1,0,89.9,0
2875,35551,35549826,11118,250,-1,-1,1,0,89.9,0
2876,35562,35560926,11100,250,-1,-1,1,0,90.0,0
2877,35573,35572038,11112,250,-1,-1,1,0,90.0,0
2878,35584,35583142,11104,250,-1,-1,1,0,90.1,0
2879,35595,35594251,11109,250,-1,-1,1,0,90.1,0
2880,35675,35605358,11107,250,-1,-1,1,0,70.3,0
2881,35675,35672009,66651,250,-1,-1,1,0,73.5,1
2882,35684,35683141,11132,250,-1,-1,1,0,74.5,0
2883,35695,35694236,11095,250,-1,-1,1,0,75.1,0
2884,35706,35705346,11110,250,-1,-1,1,0,75.6,0
2885,35717,35716458,11112,250,-1,-1,1,0,76.1,0
2886,35728,35727563,11105,250,-1,-1,1,0,76.5,0
2887,35740,35738674,11111,250,-1,-1,1,0,76.7,0
2888,35751,35749792,11118,250,-1,-1,1,0,77.1,0
2889,35762,35760901,11109,250,-1,-1,1,0,77.5,0
2890,35773,35772000,11099,250,-1,-1,1,0,77.9,1
2891,35784,35783120,11120,250,-1,-1,1,0,78.2,0
2892,35795,35794223,11103,250,-1,-1,1,0,78.5,0
2893,35806,35805337,11114,250,-1,-1,1,0,78.8,0
2894,35817,35816442,11105,250,-1,-1,1,0,79.1,0
2895,35828,35827554,11112,250,-1,-1,1,0,79.4,0
2896,35840,35838653,11099,250,-1,-1,1,0,79.5,0
2897,35851,35849760,11107,250,-1,-1,1,0,79.8,0
2898,35862,35860871,11111,250,-1,-1,1,0,80.0,0
2899,35873,35871978,11107,250,-1,-1,1,0,80.2,1
2900,35884,35883107,11129,250,-1,-1,1,0,80.5,0
2901,35895,35894203,11096,250,-1,-1,1,0,80.7,0
2902,35906,35905322,11119,250,-1,-1,1,0,80.9,0
2903,35917,35916431,11109,250,-1,-1,1,0,81.1,0
2904,35928,35927535,11104,250,-1,-1,1,0,81.3,0
2905,35939,35938637,11102,250,-1,-1,1,0,81.5,0
2906,35951,35949747,11110,250,-1,-1,1,0,81.5,0
2907,35962,35960852,11105,250,-1,-1,1,0,81.7,0
2908,35973,35971964,11112,250,-1,-1,1,0,81.8,1
2909,35984,35983088,11124,250,-1,-1,1,0,82.0,0
2910,35995,35994209,11121,250,-1,-1,1,0,82.1,0
2911,36006,36005301,11092,250,-1,-1,1,0,82.3,0
2912,36017,36016410,11109,250,-1,-1,1,0,82.4,0
2913,36028,36027520,11110,250,-1,-1,1,0,82.6,0
2914,36039,36038629,11109,250,-1,-1,1,0,82.7,0
2915,36051,36049725,11096,250,-1,-1,1,0,82.7,0
2916,36062,36060838,11113,250,-1,-1,1,0,82.9,0
2917,36073,36071949,11111,250,-1,-1,1,0,83.0,1
2918,36084,36083072,11123,250,-1,-1,1,0,83.1,0
2919,36095,36094168,11096,250,-1,-1,1,0,83.2,0
2920,36106,36105285,11117,250,-1,-1,1,0,83.3,0
2921,36117,36116394,11109,250,-1,-1,1,0,83.4,0
2922,36128,36127528,11134,250,-1,-1,1,0,83.6,0
2923,36139,36138596,11068,250,-1,-1,1,0,83.7,0
2924,36151,36149709,11113,250,-1,-1,1,0,83.7,0
2925,36162,36160818,11109,250,-1,-1,1,0,83.8,0
2926,36173,36171931,11113,250,-1,-1,1,0,83.8,1
2927,36184,36183053,11122,250,-1,-1,1,0,83.9,0
2928,36195,36194154,11101,250,-1,-1,1,0,84.0,0
2929,36206,36205270,11116,250,-1,-1,1,0,84.1,0
2930,36219,36216378,11108,250,-1,-1,1,0,84.0,0
2931,36228,36227491,11113,250,-1,-1,1,0,84.3,0
2932,36240,36238592,11101,250,-1,-1,1,0,84.3,0
2933,36250,36249692,11100,250,-1,-1,1,0,84.5,0
2934,36262,36260807,11115,250,-1,-1,1,0,84.4,0
2935,36273,36271909,11102,250,-1,-1,1,0,84.5,1
2936,36284,36283037,11128,250,-1,-1,1,0,84.6,0
2937,36295,36294135,11098,250,-1,-1,1,0,84.7,0
2938,36306,36305249,11114,250,-1,-1,1,0,84.7,0
2939,36317,36316355,11106,250,-1,-1,1,0,84.8,0
2940,36328,36327465,11110,250,-1,-1,1,0,84.9,0
2941,36339,36338566,11101,250,-1,-1,1,0,85.0,0
2942,36350,36349676,11110,250,-1,-1,1,0,85.0,0
2943,36362,36360784,11108,250,-1,-1,1,0,85.0,0
2944,36373,36372060,11276,250,-1,-1,1,0,90.9,1
2945,36384,36383019,10959,250,-1,-1,1,0,90.9,0
2946,36395,36394118,11099,250,-1,-1,1,0,90.9,0
2947,36406,36405226,11108,250,-1,-1,1,0,90.9,0
2948,36417,36416339,11113,250,-1,-1,1,0,90.9,0
2949,36428,36427445,11106,250,-1,-1,1,0,90.9,0
2950,36439,36438551,11106,250,-1,-1,1,0,90.9,0
2951,36450,36449657,11106,250,-1,-1,1,0,90.9,0
2952,36462,36460773,11116,250,-1,-1,1,0,90.0,0
2953,36473,36471878,11105,250,-1,-1,1,0,90.1,1
2954,36484,36483000,11122,250,-1,-1,1,0,90.2,0
2955,36495,36494103,11103,250,-1,-1,1,0,90.2,0
2956,36506,36505219,11116,250,-1,-1,1,0,90.3,0
2957,36517,36516324,11105,250,-1,-1,1,0,90.3,0
2958,36528,36527432,11108,250,-1,-1,1,0,90.4,0
2959,36539,36538529,11097,250,-1,-1,1,0,90.4,0
2960,36551,36549638,11109,250,-1,-1,1,0,89.9,0
2961,36562,36560753,11115,250,-1,-1,1,0,90.0,0
2962,36573,36571860,11107,250,-1,-1,1,0,90.0,1
2963,36584,36582984,11124,250,-1,-1,1,0,90.1,0
2964,36595,36594084,11100,250,-1,-1,1,0,90.1,0
2965,36606,36605197,11113,250,-1,-1,1,0,90.2,0
2966,36617,36616306,11109,250,-1,-1,1,0,90.2,0
2967,36628,36627415,11109,250,-1,-1,1,0,90.2,0
2968,36639,36638518,11103,250,-1,-1,1,0,90.3,0
2969,36650,36649626,11108,250,-1,-1,1,0,90.3,0
2970,36731,36660735,11109,250,-1,-1,1,0,73.2,0
2971,36732,36727385,66650,250,-1,-1,1,0,75.7,1
2972,36739,36738514,11129,250,-1,-1,1,0,76.9,0
2973,36750,36749613,11099,250,-1,-1,1,0,77.3,0
2974,36762,36760719,11106,250,-1,-1,1,0,77.5,0
2975,36773,36771834,11115,250,-1,-1,1,0,77.9,0
2976,36784,36782939,11105,250,-1,-1,1,0,78.2,0
2977,36795,36794049,11110,250,-1,-1,1,0,78.5,0
2978,36806,36805158,11109,250,-1,-1,1,0,78.8,0
2979,36817,36816271,11113,250,-1,-1,1,0,79.1,0
2980,36828,36827375,11104,250,-1,-1,1,0,79.4,1
2981,36839,36838499,11124,250,-1,-1,1,0,79.7,0
2982,36850,36849592,11093,250,-1,-1,1,0,79.9,0
2983,36862,36860735,11143,250,-1,-1,1,0,80.0,0
2984,36873,36871817,11082,250,-1,-1,1,0,80.2,0
2985,36884,36882929,11112,250,-1,-1,1,0,80.5,0
2986,36895,36894027,11098,250,-1,-1,1,0,80.7,0
2987,36906,36905138,11111,250,-1,-1,1,0,80.9,0
2988,36917,36916245,11107,250,-1,-1,1,0,81.1,0
2989,36928,36927356,11111,250,-1,-1,1,0,81.3,1
2990,36939,36938476,11120,250,-1,-1,1,0,81.5,0
2991,36951,36949580,11104,250,-1,-1,1,0,81.5,0
2992,36962,36960693,11113,250,-1,-1,1,0,81.7,0
2993,36973,36971800,11107,250,-1,-1,1,0,81.8,0
2994,36984,36982912,11112,250,-1,-1,1,0,82.0,0
2995,36995,36994008,11096,250,-1,-1,1,0,82.1,0
2996,37006,37005118,11110,250,-1,-1,1,0,82.3,0
2997,37017,37016229,11111,250,-1,-1,1,0,82.4,0
2998,37028,37027339,11110,250,-1,-1,1,0,82.6,1
2999,37039,37038465,11126,250,-1,-1,1,0,82.7,0
3000,37050,37049561,11096,250,-1,-1,1,0,82.8,0
3001,37061,37060673,11112,250,-1,-1,1,0,83.0,0
3002,37073,37071781,11108,250,-1,-1,1,0,83.0,0
3003,37084,37082888,11107,250,-1,-1,1,0,83.1,0
3004,37095,37093993,11105,250,-1,-1,1,0,83.2,0
3005,37106,37105103,11110,250,-1,-1,1,0,83.3,0
3006,37117,37116210,11107,250,-1,-1,1,0,83.4,0
3007,37128,37127320,11110,250,-1,-1,1,0,83.6,1
3008,37139,37138446,11126,250,-1,-1,1,0,83.7,0
3009,37150,37149547,11101,250,-1,-1,1,0,83.8,0
3010,37161,37160661,11114,250,-1,-1,1,0,83.9,0
3011,37173,37171766,11105,250,-1,-1,1,0,83.8,0
3012,37184,37182874,11108,250,-1,-1,1,0,83.9,0
3013,37195,37193978,11104,250,-1,-1,1,0,84.0,0
3014,37206,37205081,11103,250,-1,-1,1,0,84.1,0
3015,37217,37216196,11115,250,-1,-1,1,0,84.2,0
3016,37228,37227309,11113,250,-1,-1,1,0,84.3,1
3017,37239,37238428,11119,250,-1,-1,1,0,84.4,0
3018,37250,37249526,11098,250,-1,-1,1,0,84.5,0
3019,37262,37260645,11119,250,-1,-1,1,0,84.4,0
3020,37273,37271749,11104,250,-1,-1,1,0,84.5,0
3021,37284,37282859,11110,250,-1,-1,1,0,84.6,0
3022,37295,37293958,11099,250,-1,-1,1,0,84.7,0
3023,37306,37305069,11111,250,-1,-1,1,0,84.7,0
3024,37317,37316177,11108,250,-1,-1,1,0,84.8,0
3025,37328,37327289,11112,250,-1,-1,1,0,84.9,1
3026,37339,37338408,11119,250,-1,-1,1,0,85.0,0
3027,37350,37349510,11102,250,-1,-1,1,0,85.0,0
3028,37361,37360624,11114,250,-1,-1,1,0,85.1,0
3029,37375,37371730,11106,250,-1,-1,1,0,76.9,0
3030,37384,37382843,11113,250,-1,-1,1,0,90.9,0
3031,37395,37393949,11106,250,-1,-1,1,0,90.9,0
3032,37406,37405053,11104,250,-1,-1,1,0,90.9,0
3033,37417,37416161,11108,250,-1,-1,1,0,90.9,0
3034,37428,37427270,11109,250,-1,-1,1,0,90.9,1
3035,37439,37438396,11126,250,-1,-1,1,0,90.9,0
3036,37450,37449490,11094,250,-1,-1,1,0,90.9,0
3037,37461,37460608,11118,250,-1,-1,1,0,90.9,0
3038,37473,37471710,11102,250,-1,-1,1,0,90.1,0
3039,37484,37482823,11113,250,-1,-1,1,0,90.2,0
3040,37495,37493924,11101,250,-1,-1,1,0,90.2,0
3041,37506,37505035,11111,250,-1,-1,1,0,90.3,0
3042,37517,37516144,11109,250,-1,-1,1,0,90.3,0
3043,37528,37527252,11108,250,-1,-1,1,0,90.4,1
3044,37539,37538374,11122,250,-1,-1,1,0,90.4,0
3045,37550,37549474,11100,250,-1,-1,1,0,90.4,0
3046,37561,37560593,11119,250,-1,-1,1,0,90.5,0
3047,37573,37571700,11107,250,-1,-1,1,0,90.0,0
3048,37584,37582808,11108,250,-1,-1,1,0,90.1,0
3049,37595,37593907,11099,250,-1,-1,1,0,90.1,0
3050,37606,37605016,11109,250,-1,-1,1,0,90.2,0
3051,37617,37616125,11109,250,-1,-1,1,0,90.2,0
3052,37628,37627239,11114,250,-1,-1,1,0,90.2,1
3053,37639,37638362,11123,250,-1,-1,1,0,90.3,0
3054,37650,37649461,11099,250,-1,-1,1,0,90.3,0
3055,37662,37660577,11116,250,-1,-1,1,0,90.0,0
3056,37673,37671676,11099,250,-1,-1,1,0,90.0,0
3057,37684,37682795,11119,250,-1,-1,1,0,90.1,0
3058,37695,37693890,11095,250,-1,-1,1,0,90.1,0
3059,37706,37704998,11108,250,-1,-1,1,0,90.1,0
3060,37765,37716109,11111,250,-1,-1,1,0,79.4,0
3061,37765,37760541,44432,250,-1,-1,1,0,81.9,1
3062,37772,37771671,11130,250,-1,-1,1,0,82.7,0
3063,37784,37782768,11097,250,-1,-1,1,0,82.9,0
3064,37795,37793874,11106,250,-1,-1,1,0,83.1,0
3065,37806,37804987,11113,250,-1,-1,1,0,83.3,0
3066,37817,37816101,11114,250,-1,-1,1,0,83.5,0
3067,37828,37827203,11102,250,-1,-1,1,0,83.7,0
3068,37839,37838315,11112,250,-1,-1,1,0,83.9,0
3069,37850,37849422,11107,250,-1,-1,1,0,84.0,0
3070,37861,37860537,11115,250,-1,-1,1,0,84.2,1
3071,37872,37871650,11113,250,-1,-1,1,0,84.3,0
3072,37884,37882749,11099,250,-1,-1,1,0,84.3,0
3073,37895,37893858,11109,250,-1,-1,1,0,84.4,0
3074,37906,37904965,11107,250,-1,-1,1,0,84.6,0
3075,37917,37916085,11120,250,-1,-1,1,0,84.7,0
3076,37928,37927188,11103,250,-1,-1,1,0,84.8,0
3077,37939,37938306,11118,250,-1,-1,1,0,84.9,0
3078,37950,37949411,11105,250,-1,-1,1,0,85.0,0
3079,37961,37960519,11108,250,-1,-1,1,0,85.1,1
3080,37973,37971633,11114,250,-1,-1,1,0,85.1,0
3081,37984,37982736,11103,250,-1,-1,1,0,85.2,0
3082,37995,37993848,11112,250,-1,-1,1,0,85.3,0
3083,38006,38004955,11107,250,-1,-1,1,0,85.4,0
3084,38017,38016064,11109,250,-1,-1,1,0,85.5,0
3085,38028,38027170,11106,250,-1,-1,1,0,85.6,0
3086,38039,38038278,11108,250,-1,-1,1,0,85.7,0
3087,38050,38049386,11108,250,-1,-1,1,0,85.8,0
3088,38061,38060493,11107,250,-1,-1,1,0,85.8,1
3089,38072,38071620,11127,250,-1,-1,1,0,85.9,0
3090,38084,38082719,11099,250,-1,-1,1,0,85.9,0
3091,38095,38093837,11118,250,-1,-1,1,0,85.9,0
3092,38106,38104938,11101,250,-1,-1,1,0,86.0,0
3093,38117,38116048,11110,250,-1,-1,1,0,86.1,0
3094,38128,38127153,11105,250,-1,-1,1,0,86.2,0
3095,38139,38138260,11107,250,-1,-1,1,0,86.2,0
3096,38150,38149368,11108,250,-1,-1,1,0,86.3,0
3097,38161,38160479,11111,250,-1,-1,1,0,86.4,1
3098,38172,38171604,11125,250,-1,-1,1,0,86.4,0
3099,38184,38182700,11096,250,-1,-1,1,0,86.4,0
3100,38195,38193819,11119,250,-1,-1,1,0,86.4,0
3101,38206,38204921,11102,250,-1,-1,1,0,86.5,0
3102,38217,38216033,11112,250,-1,-1,1,0,86.5,0
3103,38228,38227146,11113,250,-1,-1,1,0,86.6,0
3104,38239,38238244,11098,250,-1,-1,1,0,86.7,0
3105,38250,38249356,11112,250,-1,-1,1,0,86.7,0
3106,38261,38260461,11105,250,-1,-1,1,0,86.8,1
3107,38272,38271587,11126,250,-1,-1,1,0,86.8,0
3108,38284,38282683,11096,250,-1,-1,1,0,86.8,0
3109,38295,38293801,11118,250,-1,-1,1,0,86.8,0
3110,38306,38304905,11104,250,-1,-1,1,0,86.9,0
3111,38317,38316014,11109,250,-1,-1,1,0,86.9,0
3112,38328,38327116,11102,250,-1,-1,1,0,87.0,0
3113,38339,38338227,11111,250,-1,-1,1,0,87.0,0
3114,38350,38349336,11109,250,-1,-1,1,0,87.0,0
3115,38361,38360439,11103,250,-1,-1,1,0,87.1,1
3116,38395,38393772,33333,250,-1,-1,1,0,30.3,0
3117,38406,38404881,11109,250,-1,-1,1,0,45.5,0
3118,38417,38415998,11117,250,-1,-1,1,0,54.5,0
3119,38428,38427105,11107,250,-1,-1,1,0,60.6,0
3120,38439,38438211,11106,250,-1,-1,1,0,64.9,0
3121,38450,38449316,11105,250,-1,-1,1,0,68.2,0
3122,38461,38460423,11107,250,-1,-1,1,0,70.7,0
3123,38472,38471534,11111,250,-1,-1,1,0,72.7,0
3124,38483,38482642,11108,250,-1,-1,1,0,74.4,1
3125,38495,38493767,11125,250,-1,-1,1,0,75.2,0
3126,38506,38504868,11101,250,-1,-1,1,0,76.4,0
3127,38517,38515986,11118,250,-1,-1,1,0,77.4,0
3128,38528,38527088,11102,250,-1,-1,1,0,78.3,0
3129,38539,38538197,11109,250,-1,-1,1,0,79.1,0
3130,38550,38549302,11105,250,-1,-1,1,0,79.8,0
3131,38561,38560407,11105,250,-1,-1,1,0,80.4,0
3132,38572,38571518,11111,250,-1,-1,1,0,81.0,0
3133,38583,38582627,11109,250,-1,-1,1,0,81.4,1
3134,38595,38593751,11124,250,-1,-1,1,0,81.5,0
3135,38606,38604846,11095,250,-1,-1,1,0,82.0,0
3136,38617,38615971,11125,250,-1,-1,1,0,82.4,0
3137,38628,38627071,11100,250,-1,-1,1,0,82.7,0
3138,38639,38638183,11112,250,-1,-1,1,0,83.0,0
3139,38650,38649286,11103,250,-1,-1,1,0,83.3,0
3140,38661,38660391,11105,250,-1,-1,1,0,83.6,0
3141,38672,38671500,11109,250,-1,-1,1,0,83.9,0
3142,38684,38682610,11110,250,-1,-1,1,0,83.9,1
3143,38695,38693736,11126,250,-1,-1,1,0,84.1,0
3144,38706,38704836,11100,250,-1,-1,1,0,84.3,0
3145,38717,38715947,11111,250,-1,-1,1,0,84.5,0
3146,38728,38727057,11110,250,-1,-1,1,0,84.7,0
3147,38739,38738165,11108,250,-1,-1,1,0,84.9,0
3148,38750,38749267,11102,250,-1,-1,1,0,85.1,0
3149,38761,38760374,11107,250,-1,-1,1,0,85.2,0
3150,38826,38771484,11110,250,-1,-1,1,0,75.4,0
3151,38826,38815919,44435,250,-1,-1,1,0,77.6,1
3152,38828,38827169,11250,250,-1,-1,1,0,79.4,0
3153,38839,38838151,10982,250,-1,-1,1,0,79.7,0
3154,38850,38849249,11098,250,-1,-1,1,0,79.9,0
3155,38861,38860364,11115,250,-1,-1,1,0,80.2,0
3156,38872,38871476,11112,250,-1,-1,1,0,80.4,0
3157,38883,38882582,11106,250,-1,-1,1,0,80.6,0
3158,38895,38893688,11106,250,-1,-1,1,0,80.7,0
3159,38906,38904801,11113,250,-1,-1,1,0,80.9,0
3160,38917,38915913,11112,250,-1,-1,1,0,81.1,1
3161,38928,38927028,11115,250,-1,-1,1,0,81.3,0
3162,38940,38938132,11104,250,-1,-1,1,0,81.3,0
3163,38951,38949243,11111,250,-1,-1,1,0,81.5,0
3164,38961,38960353,11110,250,-1,-1,1,0,81.8,0
3165,38972,38971463,11110,250,-1,-1,1,0,82.0,0
3166,38983,38982561,11098,250,-1,-1,1,0,82.1,0
3167,38995,38993670,11109,250,-1,-1,1,0,82.1,0
3168,39006,39004780,11110,250,-1,-1,1,0,82.3,0
3169,39017,39015887,11107,250,-1,-1,1,0,82.4,1
3170,39028,39027010,11123,250,-1,-1,1,0,82.6,0
3171,39039,39038111,11101,250,-1,-1,1,0,82.7,0
3172,39050,39049229,11118,250,-1,-1,1,0,82.8,0
3173,39061,39060334,11105,250,-1,-1,1,0,83.0,0
3174,39072,39071567,11233,250,-1,-1,1,0,83.1,0
3175,39084,39082545,10978,250,-1,-1,1,0,83.1,0
3176,39094,39093652,11107,250,-1,-1,1,0,83.3,0
3177,39106,39104762,11110,250,-1,-1,1,0,83.3,0
3178,39117,39115866,11104,250,-1,-1,1,0,83.4,1
3179,39128,39126992,11126,250,-1,-1,1,0,83.6,0
3180,39139,39138093,11101,250,-1,-1,1,0,83.7,0
3181,39150,39149212,11119,250,-1,-1,1,0,83.8,0
3182,39161,39160313,11101,250,-1,-1,1,0,83.9,0
3183,39172,39171423,11110,250,-1,-1,1,0,84.0,0
3184,39183,39182528,11105,250,-1,-1,1,0,84.0,0
3185,39194,39193636,11108,250,-1,-1,1,0,84.1,0
3186,39206,39204742,11106,250,-1,-1,1,0,84.1,0
3187,39217,39215854,11112,250,-1,-1,1,0,84.2,1
3188,39228,39226975,11121,250,-1,-1,1,0,84.3,0
3189,39239,39238076,11101,250,-1,-1,1,0,84.4,0
3190,39250,39249194,11118,250,-1,-1,1,0,84.5,0
3191,39261,39260297,11103,250,-1,-1,1,0,84.5,0
3192,39272,39271406,11109,250,-1,-1,1,0,84.6,0
3193,39283,39282507,11101,250,-1,-1,1,0,84.7,0
3194,39294,39293615,11108,250,-1,-1,1,0,84.8,0
3195,39306,39304729,11114,250,-1,-1,1,0,84.7,0
3196,39317,39315839,11110,250,-1,-1,1,0,84.8,1
3197,39328,39326964,11125,250,-1,-1,1,0,84.9,0
3198,39339,39338057,11093,250,-1,-1,1,0,85.0,0
3199,39350,39349174,11117,250,-1,-1,1,0,85.0,0
3200,39361,39360280,11106,250,-1,-1,1,0,85.1,0
3201,39372,39371446,11166,250,-1,-1,1,0,85.1,0
3202,39383,39382494,11048,250,-1,-1,1,0,90.9,0
3203,39395,39393601,11107,250,-1,-1,1,0,87.0,0
3204,39406,39404707,11106,250,-1,-1,1,0,88.2,0
3205,39417,39415820,11113,250,-1,-1,1,0,88.9,1
3206,39428,39426947,11127,250,-1,-1,1,0,89.3,0
3207,39439,39438044,11097,250,-1,-1,1,0,89.6,0
3208,39450,39449159,11115,250,-1,-1,1,0,89.7,0
3209,39461,39460270,11111,250,-1,-1,1,0,89.9,0
3210,39472,39471370,11100,250,-1,-1,1,0,90.0,0
3211,39483,39482474,11104,250,-1,-1,1,0,90.1,0
3212,39494,39493584,11110,250,-1,-1,1,0,90.2,0
3213,39505,39504694,11110,250,-1,-1,1,0,90.2,0
3214,39517,39515798,11104,250,-1,-1,1,0,89.7,1
3215,39528,39526925,11127,250,-1,-1,1,0,89.7,0
3216,39539,39538029,11104,250,-1,-1,1,0,89.8,0
3217,39550,39549145,11116,250,-1,-1,1,0,89.9,0
3218,39561,39560246,11101,250,-1,-1,1,0,89.9,0
3219,39572,39571395,11149,250,-1,-1,1,0,90.0,0
3220,39583,39582455,11060,250,-1,-1,1,0,90.0,0
3221,39594,39593566,11111,250,-1,-1,1,0,90.1,0
3222,39605,39604673,11107,250,-1,-1,1,0,90.1,0
3223,39617,39615786,11113,250,-1,-1,1,0,89.8,1
3224,39628,39626908,11122,250,-1,-1,1,0,89.8,0
3225,39639,39638008,11100,250,-1,-1,1,0,89.9,0
3226,39650,39649126,11118,250,-1,-1,1,0,89.9,0
3227,39661,39660229,11103,250,-1,-1,1,0,90.0,0
3228,39672,39671342,11113,250,-1,-1,1,0,90.0,0
3229,39683,39682442,11100,250,-1,-1,1,0,90.0,0
3230,39694,39693550,11108,250,-1,-1,1,0,90.1,0
3231,39706,39704658,11108,250,-1,-1,1,0,89.8,0
3232,39717,39715765,11107,250,-1,-1,1,0,89.9,1
3233,39728,39726894,11129,250,-1,-1,1,0,89.9,0
3234,39739,39737990,11096,250,-1,-1,1,0,89.9,0
3235,39750,39749109,11119,250,-1,-1,1,0,89.9,0
3236,39761,39760212,11103,250,-1,-1,1,0,90.0,0
3237,39772,39771410,11198,250,-1,-1,1,0,90.0,0
3238,39783,39782421,11011,250,-1,-1,1,0,90.0,0
3239,39795,39793543,11122,250,-1,-1,1,0,89.8,0
3240,39865,39804643,11100,250,-1,-1,1,0,79.1,0
3241,39865,39860186,55543,250,-1,-1,1,0,81.1,1
3242,39872,39871311,11125,250,-1,-1,1,0,82.0,0
3243,39883,39882406,11095,250,-1,-1,1,0,82.2,0
3244,39894,39893518,11112,250,-1,-1,1,0,82.4,0
3245,39905,39904638,11120,250,-1,-1,1,0,82.6,0
3246,39917,39915741,11103,250,-1,-1,1,0,82.6,0
3247,39928,39926847,11106,250,-1,-1,1,0,82.7,0
3248,39939,39937963,11116,250,-1,-1,1,0,82.9,0
3249,39950,39949072,11109,250,-1,-1,1,0,83.0,0
3250,39961,39960180,11108,250,-1,-1,1,0,83.2,1
3251,39972,39971293,11113,250,-1,-1,1,0,83.3,0
3252,39984,39982392,11099,250,-1,-1,1,0,83.3,0
3253,39995,39993509,11117,250,-1,-1,1,0,83.5,0
3254,40006,40004614,11105,250,-1,-1,1,0,83.6,0
3255,40017,40015726,11112,250,-1,-1,1,0,83.7,0
3256,40028,40026822,11096,250,-1,-1,1,0,83.8,0
3257,40039,40037937,11115,250,-1,-1,1,0,84.0,0
3258,40050,40049041,11104,250,-1,-1,1,0,84.1,0
3259,40061,40060151,11110,250,-1,-1,1,0,84.2,1
3260,40072,40071279,11128,250,-1,-1,1,0,84.3,0
3261,40083,40082377,11098,250,-1,-1,1,0,84.4,0
3262,40094,40093494,11117,250,-1,-1,1,0,84.5,0
3263,40106,40104601,11107,250,-1,-1,1,0,84.5,0
3264,40117,40115716,11115,250,-1,-1,1,0,84.6,0
3265,40128,40126811,11095,250,-1,-1,1,0,84.7,0
3266,40139,40137918,11107,250,-1,-1,1,0,84.7,0
3267,40150,40149027,11109,250,-1,-1,1,0,84.8,0
3268,40161,40160137,11110,250,-1,-1,1,0,84.9,1
3269,40172,40171263,11126,250,-1,-1,1,0,85.0,0
3270,40183,40182356,11093,250,-1,-1,1,0,85.1,0
3271,40195,40193479,11123,250,-1,-1,1,0,85.1,0
3272,40205,40204576,11097,250,-1,-1,1,0,85.2,0
3273,40217,40215785,11209,250,-1,-1,1,0,85.2,0
3274,40228,40226791,11006,250,-1,-1,1,0,85.3,0
3275,40239,40237905,11114,250,-1,-1,1,0,85.4,0
3276,40250,40249011,11106,250,-1,-1,1,0,85.4,0
3277,40261,40260118,11107,250,-1,-1,1,0,85.5,1
3278,40272,40271241,11123,250,-1,-1,1,0,85.6,0
3279,40283,40282345,11104,250,-1,-1,1,0,85.6,0
3280,40294,40293459,11114,250,-1,-1,1,0,85.7,0
3281,40305,40304569,11110,250,-1,-1,1,0,85.7,0
3282,40316,40315672,11103,250,-1,-1,1,0,85.8,0
3283,40328,40326771,11099,250,-1,-1,1,0,85.8,0
3284,40339,40337882,11111,250,-1,-1,1,0,85.8,0
3285,40350,40348994,11112,250,-1,-1,1,0,85.9,0
3286,40361,40360099,11105,250,-1,-1,1,0,85.9,1
3287,40372,40371228,11129,250,-1,-1,1,0,86.0,0
3288,40408,40404537,33309,250,-1,-1,1,0,27.8,0
3289,40417,40415675,11138,250,-1,-1,1,0,44.4,0
3290,40428,40426764,11089,250,-1,-1,1,0,53.6,0
3291,40439,40437865,11101,250,-1,-1,1,0,59.7,0
3292,40450,40448977,11112,250,-1,-1,1,0,64.1,0
3293,40461,40460088,11111,250,-1,-1,1,0,67.4,0
3294,40472,40471191,11103,250,-1,-1,1,0,70.0,0
3295,40483,40482303,11112,250,-1,-1,1,0,72.1,1
3296,40494,40493426,11123,250,-1,-1,1,0,73.8,0
3297,40506,40504528,11102,250,-1,-1,1,0,74.6,0
3298,40516,40515646,11118,250,-1,-1,1,0,76.4,0
3299,40528,40526748,11102,250,-1,-1,1,0,76.9,0
3300,40539,40537995,11247,250,-1,-1,1,0,77.8,0
3301,40550,40548960,10965,250,-1,-1,1,0,78.7,0
3302,40561,40560066,11106,250,-1,-1,1,0,79.4,0
3303,40572,40571178,11112,250,-1,-1,1,0,80.0,0
3304,40583,40582286,11108,250,-1,-1,1,0,80.6,1
3305,40594,40593412,11126,250,-1,-1,1,0,81.1,0
3306,40605,40604510,11098,250,-1,-1,1,0,81.5,0
3307,40616,40615627,11117,250,-1,-1,1,0,82.0,0
3308,40628,40626731,11104,250,-1,-1,1,0,82.0,0
3309,40639,40637977,11246,250,-1,-1,1,0,82.4,0
3310,40650,40648943,10966,250,-1,-1,1,0,82.7,0
3311,40661,40660059,11116,250,-1,-1,1,0,83.0,0
3312,40672,40671157,11098,250,-1,-1,1,0,83.3,0
3313,40683,40682272,11115,250,-1,-1,1,0,83.6,1
3314,40694,40693391,11119,250,-1,-1,1,0,83.9,0
3315,40705,40704493,11102,250,-1,-1,1,0,84.1,0
3316,40716,40715609,11116,250,-1,-1,1,0,84.3,0
3317,40728,40726712,11103,250,-1,-1,1,0,84.3,0
3318,40739,40737821,11109,250,-1,-1,1,0,84.5,0
3319,40750,40748925,11104,250,-1,-1,1,0,84.7,0
3320,40761,40760031,11106,250,-1,-1,1,0,84.8,0
3321,40772,40771145,11114,250,-1,-1,1,0,85.0,0
3322,40783,40782253,11108,250,-1,-1,1,0,85.2,1
3323,40794,40793378,11125,250,-1,-1,1,0,85.3,0
3324,40805,40804475,11097,250,-1,-1,1,0,85.5,0
3325,40817,40815591,11116,250,-1,-1,1,0,85.4,0
3326,40828,40826696,11105,250,-1,-1,1,0,85.5,0
3327,40839,40837900,11204,250,-1,-1,1,0,85.7,0
3328,40850,40848907,11007,250,-1,-1,1,0,85.8,0
3329,40861,40860015,11108,250,-1,-1,1,0,85.9,0
3330,40939,40871126,11111,250,-1,-1,1,0,75.8,0
3331,40939,40937774,66648,250,-1,-1,1,0,77.6,1
3332,40950,40948907,11133,250,-1,-1,1,0,77.9,0
3333,40961,40960003,11096,250,-1,-1,1,0,78.1,0
3334,40972,40971117,11114,250,-1,-1,1,0,78.3,0
3335,40983,40982228,11111,250,-1,-1,1,0,78.6,0
3336,40994,40993328,11100,250,-1,-1,1,0,78.8,0
3337,41005,41004451,11123,250,-1,-1,1,0,79.0,0
3338,41016,41015553,11102,250,-1,-1,1,0,79.2,0
3339,41027,41026655,11102,250,-1,-1,1,0,79.3,0
3340,41039,41037769,11114,250,-1,-1,1,0,79.5,1
3341,41050,41048892,11123,250,-1,-1,1,0,79.6,0
3342,41061,41059989,11097,250,-1,-1,1,0,79.8,0
3343,41072,41071108,11119,250,-1,-1,1,0,80.0,0
3344,41083,41082288,11180,250,-1,-1,1,0,80.2,0
3345,41094,41093319,11031,250,-1,-1,1,0,80.3,0
3346,41105,41104419,11100,250,-1,-1,1,0,80.5,0
3347,41116,41115529,11110,250,-1,-1,1,0,80.6,0
3348,41128,41126637,11108,250,-1,-1,1,0,80.7,0
3349,41139,41137746,11109,250,-1,-1,1,0,80.8,1
3350,41150,41148870,11124,250,-1,-1,1,0,81.0,0
3351,41161,41159970,11100,250,-1,-1,1,0,81.1,0
3352,41172,41171088,11118,250,-1,-1,1,0,81.2,0
3353,41183,41182264,11176,250,-1,-1,1,0,81.4,0
3354,41194,41193303,11039,250,-1,-1,1,0,81.5,0
3355,41205,41204401,11098,250,-1,-1,1,0,81.6,0
3356,41217,41215509,11108,250,-1,-1,1,0,81.7,0
3357,41227,41226616,11107,250,-1,-1,1,0,81.9,0
3358,41239,41237727,11111,250,-1,-1,1,0,81.9,1
3359,41250,41248852,11125,250,-1,-1,1,0,82.0,0
3360,41261,41259950,11098,250,-1,-1,1,0,82.1,0
3361,41272,41271067,11117,250,-1,-1,1,0,82.2,0
3362,41283,41282245,11178,250,-1,-1,1,0,82.3,0
3363,41294,41293282,11037,250,-1,-1,1,0,82.4,0
3364,41305,41304387,11105,250,-1,-1,1,0,82.5,0
3365,41316,41315495,11108,250,-1,-1,1,0,82.6,0
3366,41327,41326604,11109,250,-1,-1,1,0,82.7,0
3367,41339,41337710,11106,250,-1,-1,1,0,82.7,1
3368,41350,41348838,11128,250,-1,-1,1,0,82.8,0
3369,41361,41359935,11097,250,-1,-1,1,0,82.9,0
3370,41372,41371054,11119,250,-1,-1,1,0,83.0,0
3371,41386,41382188,11134,250,-1,-1,1,0,71.4,0
3372,41395,41393266,11078,250,-1,-1,1,0,87.0,0
3373,41405,41404373,11107,250,-1,-1,1,0,90.9,0
3374,41416,41415478,11105,250,-1,-1,1,0,90.9,0
3375,41427,41426584,11106,250,-1,-1,1,0,90.9,0
3376,41439,41437696,11112,250,-1,-1,1,0,89.6,1
3377,41450,41448821,11125,250,-1,-1,1,0,89.7,0
3378,41461,41459915,11094,250,-1,-1,1,0,89.9,0
3379,41472,41471031,11116,250,-1,-1,1,0,90.0,0
3380,41483,41482195,11164,250,-1,-1,1,0,90.1,0
3381,41494,41493249,11054,250,-1,-1,1,0,90.2,0
3382,41505,41504360,11111,250,-1,-1,1,0,90.2,0
3383,41516,41515459,11099,250,-1,-1,1,0,90.3,0
3384,41528,41526564,11105,250,-1,-1,1,0,89.7,0
3385,41539,41537677,11113,250,-1,-1,1,0,89.8,1
3386,41550,41548850,11173,250,-1,-1,1,0,89.9,0
3387,41561,41559903,11053,250,-1,-1,1,0,89.9,0
3388,41572,41571021,11118,250,-1,-1,1,0,90.0,0
3389,41583,41582263,11242,250,-1,-1,1,0,90.0,0
3390,41594,41593233,10970,250,-1,-1,1,0,90.1,0
3391,41605,41604334,11101,250,-1,-1,1,0,90.1,0
3392,41616,41615440,11106,250,-1,-1,1,0,90.2,0
3393,41627,41626551,11111,250,-1,-1,1,0,90.2,0
3394,41638,41637663,11112,250,-1,-1,1,0,90.2,1
3395,41650,41648781,11118,250,-1,-1,1,0,89.9,0
3396,41661,41659884,11103,250,-1,-1,1,0,90.0,0
3397,41672,41671000,11116,250,-1,-1,1,0,90.0,0
3398,41683,41682152,11152,250,-1,-1,1,0,90.0,0
3399,41694,41693352,11200,250,-1,-1,1,0,90.1,0
3400,41705,41704317,10965,250,-1,-1,1,0,90.1,0
3401,41716,41715430,11113,250,-1,-1,1,0,90.1,0
3402,41727,41726537,11107,250,-1,-1,1,0,90.1,0
3403,41738,41737640,11103,250,-1,-1,1,0,90.2,1
3404,41750,41748770,11130,250,-1,-1,1,0,89.9,0
3405,41761,41759868,11098,250,-1,-1,1,0,90.0,0
3406,41772,41770986,11118,250,-1,-1,1,0,90.0,0
3407,41783,41782127,11141,250,-1,-1,1,0,90.0,0
3408,41794,41793198,11071,250,-1,-1,1,0,90.0,0
3409,41805,41804300,11102,250,-1,-1,1,0,90.1,0
3410,41816,41815413,11113,250,-1,-1,1,0,90.1,0
3411,41827,41826519,11106,250,-1,-1,1,0,90.1,0
3412,41839,41837626,11107,250,-1,-1,1,0,89.9,1
3413,41850,41848749,11123,250,-1,-1,1,0,90.0,0
3414,41861,41859851,11102,250,-1,-1,1,0,90.0,0
3415,41872,41870966,11115,250,-1,-1,1,0,90.0,0
3416,41883,41882076,11110,250,-1,-1,1,0,90.0,0
3417,41894,41893180,11104,250,-1,-1,1,0,90.0,0
3418,41905,41904282,11102,250,-1,-1,1,0,90.1,0
3419,41916,41915391,11109,250,-1,-1,1,0,90.1,0
3420,42000,41926499,11108,250,-1,-1,1,0,79.6,0
3421,42000,41993153,66654,250,-1,-1,1,0,81.2,1
3422,42005,42004291,11138,250,-1,-1,1,0,82.1,0
3423,42016,42015380,11089,250,-1,-1,1,0,82.3,0
3424,42027,42026487,11107,250,-1,-1,1,0,82.4,0
3425,42038,42037607,11120,250,-1,-1,1,0,82.6,0
3426,42050,42048714,11107,250,-1,-1,1,0,82.6,0
3427,42061,42059815,11101,250,-1,-1,1,0,82.7,0
3428,42072,42070935,11120,250,-1,-1,1,0,82.9,0
3429,42083,42082037,11102,250,-1,-1,1,0,83.0,0
3430,42094,42093146,11109,250,-1,-1,1,0,83.1,1
3431,42105,42104264,11118,250,-1,-1,1,0,83.2,0
3432,42116,42115356,11092,250,-1,-1,1,0,83.3,0
3433,42128,42126479,11123,250,-1,-1,1,0,83.3,0
3434,42138,42137585,11106,250,-1,-1,1,0,83.6,0
3435,42150,42148695,11110,250,-1,-1,1,0,83.5,0
3436,42161,42159796,11101,250,-1,-1,1,0,83.7,0
3437,42172,42170906,11110,250,-1,-1,1,0,83.8,0
3438,42183,42182009,11103,250,-1,-1,1,0,83.8,0
3439,42194,42193122,11113,250,-1,-1,1,0,83.9,1
3440,42205,42204243,11121,250,-1,-1,1,0,84.0,0
3441,42216,42215346,11103,250,-1,-1,1,0,84.1,0
3442,42227,42226462,11116,250,-1,-1,1,0,84.2,0
3443,42239,42237739,11277,250,-1,-1,1,0,84.2,0
3444,42250,42248679,10940,250,-1,-1,1,0,84.3,0
3445,42261,42259788,11109,250,-1,-1,1,0,84.4,0
3446,42272,42270887,11099,250,-1,-1,1,0,84.4,0
3447,42283,42281997,11110,250,-1,-1,1,0,84.5,0
3448,42294,42293104,11107,250,-1,-1,1,0,84.6,1
3449,42305,42304231,11127,250,-1,-1,1,0,84.7,0
3450,42316,42315328,11097,250,-1,-1,1,0,84.7,0
3451,42328,42326449,11121,250,-1,-1,1,0,84.7,0
3452,42339,42337710,11261,250,-1,-1,1,0,84.8,0
3453,42349,42348670,10960,250,-1,-1,1,0,85.0,0
3454,42361,42359760,11090,250,-1,-1,1,0,84.9,0
3455,42372,42370867,11107,250,-1,-1,1,0,85.0,0
3456,42383,42381981,11114,250,-1,-1,1,0,90.9,0
3457,42394,42393088,11107,250,-1,-1,1,0,90.9,1
3458,42405,42404210,11122,250,-1,-1,1,0,90.9,0
3459,42416,42415309,11099,250,-1,-1,1,0,90.9,0
3460,42427,42426428,11119,250,-1,-1,1,0,90.9,0
3461,42438,42437534,11106,250,-1,-1,1,0,90.9,0
3462,42449,42448642,11108,250,-1,-1,1,0,90.9,0
3463,42461,42459742,11100,250,-1,-1,1,0,89.9,0
3464,42472,42470850,11108,250,-1,-1,1,0,90.0,0
3465,42483,42481962,11112,250,-1,-1,1,0,90.1,0
3466,42494,42493070,11108,250,-1,-1,1,0,90.2,1
3467,42505,42504194,11124,250,-1,-1,1,0,90.2,0
3468,42516,42515294,11100,250,-1,-1,1,0,90.3,0
3469,42527,42526412,11118,250,-1,-1,1,0,90.3,0
3470,42538,42537515,11103,250,-1,-1,1,0,90.4,0
3471,42550,42548627,11112,250,-1,-1,1,0,89.9,0
3472,42561,42559726,11099,250,-1,-1,1,0,89.9,0
3473,42572,42570836,11110,250,-1,-1,1,0,90.0,0
3474,42583,42581940,11104,250,-1,-1,1,0,90.0,0
3475,42594,42593053,11113,250,-1,-1,1,0,90.1,1
3476,42605,42604179,11126,250,-1,-1,1,0,90.1,0
3477,42616,42615279,11100,250,-1,-1,1,0,90.2,0
3478,42627,42626391,11112,250,-1,-1,1,0,90.2,0
3479,42639,42637551,11160,250,-1,-1,1,0,89.9,0
3480,42649,42648605,11054,250,-1,-1,1,0,90.3,0
3481,42660,42659710,11105,250,-1,-1,1,0,90.3,0
3482,42672,42670817,11107,250,-1,-1,1,0,90.0,0
3483,42683,42681925,11108,250,-1,-1,1,0,90.0,0
3484,42694,42693038,11113,250,-1,-1,1,0,90.1,1
3485,42705,42704160,11122,250,-1,-1,1,0,90.1,0
3486,42716,42715259,11099,250,-1,-1,1,0,90.1,0
3487,42727,42726379,11120,250,-1,-1,1,0,90.1,0
3488,42738,42737483,11104,250,-1,-1,1,0,90.2,0
3489,42749,42748593,11110,250,-1,-1,1,0,90.2,0
3490,42760,42759690,11097,250,-1,-1,1,0,90.2,0
3491,42772,42770800,11110,250,-1,-1,1,0,90.0,0
3492,42783,42781912,11112,250,-1,-1,1,0,90.0,0
3493,42794,42793018,11106,250,-1,-1,1,0,90.0,1
3494,42805,42804142,11124,250,-1,-1,1,0,90.1,0
3495,42816,42815243,11101,250,-1,-1,1,0,90.1,0
3496,42827,42826354,11111,250,-1,-1,1,0,90.1,0
3497,42838,42837463,11109,250,-1,-1,1,0,90.1,0
3498,42849,42848614,11151,250,-1,-1,1,0,90.1,0
3499,42861,42859681,11067,250,-1,-1,1,0,90.0,0
3500,42872,42870783,11102,250,-1,-1,1,0,90.0,0
3501,42883,42881896,11113,250,-1,-1,1,0,90.0,0
3502,42894,42893001,11105,250,-1,-1,1,0,90.0,1
3503,42905,42904127,11126,250,-1,-1,1,0,90.1,0
3504,42916,42915224,11097,250,-1,-1,1,0,90.1,0
3505,42927,42926342,11118,250,-1,-1,1,0,90.1,0
3506,42938,42937443,11101,250,-1,-1,1,0,90.1,0
3507,42950,42948559,11116,250,-1,-1,1,0,90.0,0
3508,42960,42959663,11104,250,-1,-1,1,0,90.1,0
3509,42972,42970768,11105,250,-1,-1,1,0,90.0,0
3510,43063,42981880,11112,250,-1,-1,1,0,79.6,0
3511,43063,43059638,77758,250,-1,-1,1,0,81.0,1
3512,43072,43070766,11128,250,-1,-1,1,0,81.4,0
3513,43083,43081863,11097,250,-1,-1,1,0,81.6,0
3514,43094,43092972,11109,250,-1,-1,1,0,81.7,0
3515,43105,43104087,11115,250,-1,-1,1,0,81.9,0
3516,43116,43115193,11106,250,-1,-1,1,0,82.0,0
3517,43127,43126300,11107,250,-1,-1,1,0,82.1,0
3518,43138,43137415,11115,250,-1,-1,1,0,82.2,0
3519,43149,43148529,11114,250,-1,-1,1,0,82.4,0
3520,43160,43159628,11099,250,-1,-1,1,0,82.5,1
3521,43172,43170751,11123,250,-1,-1,1,0,82.5,0
3522,43183,43181843,11092,250,-1,-1,1,0,82.6,0
3523,43194,43192962,11119,250,-1,-1,1,0,82.7,0
3524,43205,43204069,11107,250,-1,-1,1,0,82.8,0
3525,43216,43215177,11108,250,-1,-1,1,0,82.9,0
3526,43227,43226276,11099,250,-1,-1,1,0,83.0,0
3527,43238,43237389,11113,250,-1,-1,1,0,83.1,0
3528,43249,43248501,11112,250,-1,-1,1,0,83.2,0
3529,43261,43259607,11106,250,-1,-1,1,0,83.2,1
3530,43272,43270729,11122,250,-1,-1,1,0,83.3,0
3531,43283,43281830,11101,250,-1,-1,1,0,83.4,0
3532,43294,43292944,11114,250,-1,-1,1,0,83.5,0
3533,43305,43304099,11155,250,-1,-1,1,0,83.6,0
3534,43316,43315159,11060,250,-1,-1,1,0,83.7,0
3535,43327,43326265,11106,250,-1,-1,1,0,83.8,0
3536,43338,43337372,11107,250,-1,-1,1,0,83.9,0
3537,43350,43348490,11118,250,-1,-1,1,0,83.8,0
3538,43360,43359589,11099,250,-1,-1,1,0,84.0,1
3539,43372,43370715,11126,250,-1,-1,1,0,84.0,0
3540,43406,43404032,33317,250,-1,-1,1,0,29.4,0
3541,43416,43415145,11113,250,-1,-1,1,0,45.5,0
3542,43427,43426250,11105,250,-1,-1,1,0,54.5,0
3543,43438,43437354,11104,250,-1,-1,1,0,60.6,0
3544,43449,43448463,11109,250,-1,-1,1,0,64.9,0
3545,43460,43459570,11107,250,-1,-1,1,0,68.2,0
3546,43471,43470683,11113,250,-1,-1,1,0,70.7,0
3547,43483,43481790,11107,250,-1,-1,1,0,72.1,1
3548,43494,43492913,11123,250,-1,-1,1,0,73.8,0
3549,43505,43504018,11105,250,-1,-1,1,0,75.2,0
3550,43516,43515132,11114,250,-1,-1,1,0,76.4,0
3551,43527,43526231,11099,250,-1,-1,1,0,77.4,0
3552,43538,43537343,11112,250,-1,-1,1,0,78.3,0
3553,43549,43548458,11115,250,-1,-1,1,0,79.1,0
3554,43560,43559556,11098,250,-1,-1,1,0,79.8,0
3555,43572,43570664,11108,250,-1,-1,1,0,80.0,0
3556,43583,43581780,11116,250,-1,-1,1,0,80.6,1
3557,43594,43592898,11118,250,-1,-1,1,0,81.1,0
3558,43605,43603995,11097,250,-1,-1,1,0,81.5,0
3559,43616,43615115,11120,250,-1,-1,1,0,82.0,0
3560,43627,43626218,11103,250,-1,-1,1,0,82.4,0
3561,43638,43637327,11109,250,-1,-1,1,0,82.7,0
3562,43649,43648430,11103,250,-1,-1,1,0,83.0,0
3563,43661,43659536,11106,250,-1,-1,1,0,83.0,0
3564,43671,43670645,11109,250,-1,-1,1,0,83.6,0
3565,43683,43681758,11113,250,-1,-1,1,0,83.6,1
3566,43694,43692879,11121,250,-1,-1,1,0,83.9,0
3567,43705,43703980,11101,250,-1,-1,1,0,84.1,0
3568,43716,43715091,11111,250,-1,-1,1,0,84.3,0
3569,43727,43726200,11109,250,-1,-1,1,0,84.5,0
3570,43738,43737307,11107,250,-1,-1,1,0,84.7,0
3571,43749,43748419,11112,250,-1,-1,1,0,84.9,0
3572,43760,43759521,11102,250,-1,-1,1,0,85.1,0
3573,43771,43770630,11109,250,-1,-1,1,0,85.2,0
3574,43783,43781738,11108,250,-1,-1,1,0,85.2,1
3575,43794,43792867,11129,250,-1,-1,1,0,85.3,0
3576,43805,43803962,11095,250,-1,-1,1,0,85.5,0
3577,43816,43815078,11116,250,-1,-1,1,0,85.6,0
3578,43827,43826295,11217,250,-1,-1,1,0,85.7,0
3579,43838,43837296,11001,250,-1,-1,1,0,85.8,0
3580,43849,43848396,11100,250,-1,-1,1,0,86.0,0
3581,43860,43859504,11108,250,-1,-1,1,0,86.1,0
3582,43871,43870611,11107,250,-1,-1,1,0,86.2,0
3583,43883,43881722,11111,250,-1,-1,1,0,86.1,1
3584,43894,43892847,11125,250,-1,-1,1,0,86.2,0
3585,43905,43903946,11099,250,-1,-1,1,0,86.3,0
3586,43916,43915060,11114,250,-1,-1,1,0,86.4,0
3587,43927,43926304,11244,250,-1,-1,1,0,86.5,0
3588,43938,43937279,10975,250,-1,-1,1,0,86.6,0
3589,43949,43948380,11101,250,-1,-1,1,0,86.7,0
3590,43960,43959482,11102,250,-1,-1,1,0,86.7,0
3591,43972,43970603,11121,250,-1,-1,1,0,86.7,0
3592,43983,43981704,11101,250,-1,-1,1,0,86.7,1
3593,43994,43992830,11126,250,-1,-1,1,0,86.8,0
3594,44005,44003932,11102,250,-1,-1,1,0,86.9,0
3595,44016,44015051,11119,250,-1,-1,1,0,87.0,0
3596,44027,44026148,11097,250,-1,-1,1,0,87.0,0
3597,44038,44037261,11113,250,-1,-1,1,0,87.1,0
3598,44049,44048361,11100,250,-1,-1,1,0,87.1,0
3599,44060,44059473,11112,250,-1,-1,1,0,87.2,0
3600,44152,44070577,11104,250,-1,-1,1,0,78.2,0
3601,44152,44148341,77764,250,-1,-1,1,0,79.5,1
3602,44160,44159468,11127,250,-1,-1,1,0,79.9,0
3603,44171,44170565,11097,250,-1,-1,1,0,80.1,0
3604,44182,44181672,11107,250,-1,-1,1,0,80.2,0
3605,44194,44192791,11119,250,-1,-1,1,0,80.3,0
3606,44205,44203895,11104,250,-1,-1,1,0,80.4,0
3607,44216,44215007,11112,250,-1,-1,1,0,80.6,0
3608,44227,44226119,11112,250,-1,-1,1,0,80.7,0
3609,44238,44237244,11125,250,-1,-1,1,0,80.8,0
3610,44249,44248340,11096,250,-1,-1,1,0,81.0,1
3611,44260,44259452,11112,250,-1,-1,1,0,81.1,0
3612,44271,44270548,11096,250,-1,-1,1,0,81.2,0
3613,44283,44281666,11118,250,-1,-1,1,0,81.2,0
3614,44294,44292914,11248,250,-1,-1,1,0,81.3,0
3615,44305,44303881,10967,250,-1,-1,1,0,81.5,0
3616,44316,44314976,11095,250,-1,-1,1,0,81.6,0
3617,44327,44326092,11116,250,-1,-1,1,0,81.7,0
3618,44338,44337199,11107,250,-1,-1,1,0,81.8,0
3619,44349,44348307,11108,250,-1,-1,1,0,81.9,1
3620,44360,44359435,11128,250,-1,-1,1,0,82.0,0
3621,44372,44370531,11096,250,-1,-1,1,0,82.0,0
3622,44398,44392745,22214,250,-1,-1,1,0,38.5,0
3623,44405,44403861,11116,250,-1,-1,1,0,60.6,0
3624,44416,44414971,11110,250,-1,-1,1,0,68.2,0
3625,44427,44426072,11101,250,-1,-1,1,0,72.7,0
3626,44438,44437183,11111,250,-1,-1,1,0,75.8,0
3627,44449,44448296,11113,250,-1,-1,1,0,77.9,0
3628,44460,44459399,11103,250,-1,-1,1,0,79.5,1
3629,44471,44470524,11125,250,-1,-1,1,0,80.8,0
3630,44482,44481628,11104,250,-1,-1,1,0,81.8,0
3631,44494,44492738,11110,250,-1,-1,1,0,82.0,0
3632,44505,44503846,11108,250,-1,-1,1,0,82.7,0
3633,44516,44514956,11110,250,-1,-1,1,0,83.3,0
3634,44527,44526061,11105,250,-1,-1,1,0,83.9,0
3635,44538,44537166,11105,250,-1,-1,1,0,84.3,0
3636,44549,44548278,11112,250,-1,-1,1,0,84.7,0
3637,44560,44559385,11107,250,-1,-1,1,0,85.1,1
3638,44571,44570509,11124,250,-1,-1,1,0,85.4,0
3639,44582,44581606,11097,250,-1,-1,1,0,85.7,0
3640,44594,44592721,11115,250,-1,-1,1,0,85.6,0
3641,44605,44603827,11106,250,-1,-1,1,0,85.8,0
3642,44616,44614941,11114,250,-1,-1,1,0,86.1,0
3643,44627,44626036,11095,250,-1,-1,1,0,86.3,0
3644,44638,44637147,11111,250,-1,-1,1,0,86.5,0
3645,44649,44648256,11109,250,-1,-1,1,0,86.6,0
3646,44660,44659369,11113,250,-1,-1,1,0,86.8,1
3647,44671,44670491,11122,250,-1,-1,1,0,87.0,0
3648,44683,44681588,11097,250,-1,-1,1,0,86.8,0
3649,44694,44692707,11119,250,-1,-1,1,0,87.0,0
3650,44705,44703964,11257,250,-1,-1,1,0,87.1,0
3651,44716,44714918,10954,250,-1,-1,1,0,87.2,0
3652,44727,44726030,11112,250,-1,-1,1,0,87.3,0
3653,44738,44737132,11102,250,-1,-1,1,0,87.4,0
3654,44749,44748241,11109,250,-1,-1,1,0,87.5,0
3655,44760,44759348,11107,250,-1,-1,1,0,87.6,1
3656,44772,44770476,11128,250,-1,-1,1,0,87.5,0
3657,44782,44781571,11095,250,-1,-1,1,0,87.8,0
3658,44794,44792689,11118,250,-1,-1,1,0,87.7,0
3659,44805,44803795,11106,250,-1,-1,1,0,87.8,0
3660,44816,44814905,11110,250,-1,-1,1,0,87.8,0
3661,44827,44826006,11101,250,-1,-1,1,0,87.9,0
3662,44838,44837113,11107,250,-1,-1,1,0,88.0,0
3663,44849,44848222,11109,250,-1,-1,1,0,88.1,0
3664,44860,44859334,11112,250,-1,-1,1,0,88.1,1
3665,44871,44870454,11120,250,-1,-1,1,0,88.2,0
3666,44882,44881555,11101,250,-1,-1,1,0,88.2,0
3667,44893,44892672,11117,250,-1,-1,1,0,88.3,0
3668,44905,44903779,11107,250,-1,-1,1,0,88.2,0
3669,44916,44914890,11111,250,-1,-1,1,0,88.2,0
3670,44927,44925994,11104,250,-1,-1,1,0,88.3,0
3671,44938,44937096,11102,250,-1,-1,1,0,88.3,0
3672,44949,44948202,11106,250,-1,-1,1,0,88.4,0
3673,44960,44959316,11114,250,-1,-1,1,0,88.4,1
3674,44971,44970442,11126,250,-1,-1,1,0,88.5,0
3675,44982,44981540,11098,250,-1,-1,1,0,88.5,0
3676,44994,44992657,11117,250,-1,-1,1,0,88.4,0
3677,45005,45003755,11098,250,-1,-1,1,0,88.5,0
3678,45016,45014870,11115,250,-1,-1,1,0,88.5,0
3679,45027,45025971,11101,250,-1,-1,1,0,88.5,0
3680,45038,45037077,11106,250,-1,-1,1,0,88.6,0
3681,45049,45048188,11111,250,-1,-1,1,0,88.6,0
3682,45060,45059297,11109,250,-1,-1,1,0,88.7,1
3683,45071,45070422,11125,250,-1,-1,1,0,88.7,0
3684,45083,45081522,11100,250,-1,-1,1,0,88.6,0
3685,45093,45092634,11112,250,-1,-1,1,0,88.8,0
3686,45105,45103748,11114,250,-1,-1,1,0,88.7,0
3687,45116,45114853,11105,250,-1,-1,1,0,88.7,0
3688,45127,45125961,11108,250,-1,-1,1,0,88.7,0
3689,45138,45137061,11100,250,-1,-1,1,0,88.8,0
3690,45229,45148173,11112,250,-1,-1,1,0,80.5,0
3691,45230,45225933,77760,250,-1,-1,1,0,81.6,1
3692,45238,45237062,11129,250,-1,-1,1,0,82.0,0
3693,45249,45248157,11095,250,-1,-1,1,0,82.1,0
3694,45260,45259273,11116,250,-1,-1,1,0,82.2,0
3695,45271,45270381,11108,250,-1,-1,1,0,82.3,0
3696,45282,45281491,11110,250,-1,-1,1,0,82.4,0
3697,45294,45292598,11107,250,-1,-1,1,0,82.4,0
3698,45305,45303713,11115,250,-1,-1,1,0,82.5,0
3699,45316,45314821,11108,250,-1,-1,1,0,82.6,0
3700,45327,45325931,11110,250,-1,-1,1,0,82.7,1
3701,45338,45337045,11114,250,-1,-1,1,0,82.8,0
3702,45349,45348145,11100,250,-1,-1,1,0,82.9,0
3703,45360,45359258,11113,250,-1,-1,1,0,83.0,0
3704,45371,45370364,11106,250,-1,-1,1,0,83.1,0
3705,45382,45381469,11105,250,-1,-1,1,0,83.2,0
3706,45394,45392583,11114,250,-1,-1,1,0,83.3,0
3707,45404,45403685,11102,250,-1,-1,1,0,90.9,0
3708,45416,45414796,11111,250,-1,-1,1,0,88.2,0
3709,45427,45425897,11101,250,-1,-1,1,0,88.9,1
3710,45438,45437031,11134,250,-1,-1,1,0,89.3,0
3711,45449,45448130,11099,250,-1,-1,1,0,89.6,0
3712,45460,45459243,11113,250,-1,-1,1,0,89.7,0
3713,45471,45470345,11102,250,-1,-1,1,0,89.9,0
3714,45483,45481458,11113,250,-1,-1,1,0,89.1,0
3715,45493,45492564,11106,250,-1,-1,1,0,90.1,0
3716,45504,45503667,11103,250,-1,-1,1,0,90.2,0
3717,45516,45514771,11104,250,-1,-1,1,0,89.6,0
3718,45527,45525885,11114,250,-1,-1,1,0,89.7,1
3719,45538,45537010,11125,250,-1,-1,1,0,89.7,0
3720,45549,45548107,11097,250,-1,-1,1,0,89.8,0
3721,45560,45559259,11152,250,-1,-1,1,0,89.9,0
3722,45571,45570324,11065,250,-1,-1,1,0,89.9,0
3723,45582,45581439,11115,250,-1,-1,1,0,90.0,0
3724,45593,45592545,11106,250,-1,-1,1,0,90.0,0
3725,45604,45603648,11103,250,-1,-1,1,0,90.1,0
3726,45616,45614765,11117,250,-1,-1,1,0,89.7,0
3727,45627,45625868,11103,250,-1,-1,1,0,89.8,1
3728,45638,45636990,11122,250,-1,-1,1,0,89.8,0
3729,45649,45648088,11098,250,-1,-1,1,0,89.9,0
3730,45660,45659206,11118,250,-1,-1,1,0,89.9,0
3731,45671,45670310,11104,250,-1,-1,1,0,90.0,0
3732,45682,45681427,11117,250,-1,-1,1,0,90.0,0
3733,45693,45692529,11102,250,-1,-1,1,0,90.0,0
3734,45705,45703633,11104,250,-1,-1,1,0,89.8,0
3735,45716,45714743,11110,250,-1,-1,1,0,89.8,0
3736,45727,45725849,11106,250,-1,-1,1,0,89.9,1
3737,45738,45736977,11128,250,-1,-1,1,0,89.9,0
3738,45749,45748075,11098,250,-1,-1,1,0,89.9,0
3739,45760,45759193,11118,250,-1,-1,1,0,89.9,0
3740,45771,45770300,11107,250,-1,-1,1,0,90.0,0
3741,45782,45781400,11100,250,-1,-1,1,0,90.0,0
3742,45794,45792513,11113,250,-1,-1,1,0,89.8,0
3743,45804,45803617,11104,250,-1,-1,1,0,90.0,0
3744,45816,45814724,11107,250,-1,-1,1,0,89.9,0
3745,45827,45825834,11110,250,-1,-1,1,0,89.9,1
3746,45838,45836958,11124,250,-1,-1,1,0,89.9,0
3747,45849,45848056,11098,250,-1,-1,1,0,89.9,0
3748,45860,45859172,11116,250,-1,-1,1,0,90.0,0
3749,45871,45870279,11107,250,-1,-1,1,0,90.0,0
3750,45883,45881392,11113,250,-1,-1,1,0,89.8,0
3751,45893,45892494,11102,250,-1,-1,1,0,90.0,0
3752,45904,45903606,11112,250,-1,-1,1,0,90.0,0
3753,45916,45914709,11103,250,-1,-1,1,0,89.9,0
3754,45927,45925815,11106,250,-1,-1,1,0,89.9,1
3755,45938,45936942,11127,250,-1,-1,1,0,89.9,0
3756,45949,45948046,11104,250,-1,-1,1,0,89.9,0
3757,45960,45959155,11109,250,-1,-1,1,0,90.0,0
3758,45971,45970261,11106,250,-1,-1,1,0,90.0,0
3759,45982,45981370,11109,250,-1,-1,1,0,90.0,0
3760,45993,45992474,11104,250,-1,-1,1,0,90.0,0
3761,46004,46003578,11104,250,-1,-1,1,0,90.0,0
3762,46016,46014691,11113,250,-1,-1,1,0,89.9,0
3763,46027,46025796,11105,250,-1,-1,1,0,89.9,1
3764,46038,46036927,11131,250,-1,-1,1,0,89.9,0
3765,46049,46048023,11096,250,-1,-1,1,0,90.0,0
3766,46060,46059136,11113,250,-1,-1,1,0,90.0,0
3767,46071,46070245,11109,250,-1,-1,1,0,90.0,0
3768,46082,46081359,11114,250,-1,-1,1,0,90.0,0
3769,46093,46092461,11102,250,-1,-1,1,0,90.0,0
3770,46105,46103565,11104,250,-1,-1,1,0,89.9,0
3771,46115,46114673,11108,250,-1,-1,1,0,90.0,0
3772,46127,46125781,11108,250,-1,-1,1,0,89.9,1
3773,46138,46136908,11127,250,-1,-1,1,0,89.9,0
3774,46149,46148007,11099,250,-1,-1,1,0,90.0,0
3775,46160,46159119,11112,250,-1,-1,1,0,90.0,0
3776,46171,46170226,11107,250,-1,-1,1,0,90.0,0
3777,46182,46181336,11110,250,-1,-1,1,0,90.0,0
3778,46193,46192442,11106,250,-1,-1,1,0,90.0,0
3779,46204,46203545,11103,250,-1,-1,1,0,90.0,0
3780,46329,46214655,11110,250,-1,-1,1,0,79.2,0
3781,46329,46325746,111091,250,-1,-1,1,0,80.3,1
3782,46338,46336871,11125,250,-1,-1,1,0,80.5,0
3783,46349,46348124,11253,250,-1,-1,1,0,80.7,0
3784,46360,46359078,10954,250,-1,-1,1,0,80.8,0
3785,46371,46370187,11109,250,-1,-1,1,0,80.9,0
3786,46382,46381297,11110,250,-1,-1,1,0,81.0,0
3787,46396,46392416,11119,250,-1,-1,1,0,71.4,0
3788,46404,46403517,11101,250,-1,-1,1,0,90.9,0
3789,46416,46414623,11106,250,-1,-1,1,0,88.2,0
3790,46427,46425733,11110,250,-1,-1,1,0,88.9,1
3791,46438,46436857,11124,250,-1,-1,1,0,89.3,0
3792,46449,46447954,11097,250,-1,-1,1,0,89.6,0
3793,46460,46459070,11116,250,-1,-1,1,0,89.7,0
3794,46471,46470173,11103,250,-1,-1,1,0,89.9,0
3795,46483,46481288,11115,250,-1,-1,1,0,89.1,0
3796,46493,46492392,11104,250,-1,-1,1,0,90.1,0
3797,46504,46503495,11103,250,-1,-1,1,0,89.4,0
3798,46515,46514605,11110,250,-1,-1,1,1000,89.6,0
3799,46526,46525718,11113,250,-1,-1,1,0,89.7,1
3800,46538,46536838,11120,250,-1,-1,1,0,89.7,0
3801,46549,46547939,11101,250,-1,-1,1,0,89.8,0
3802,46560,46559049,11110,250,-1,-1,1,0,89.9,0
3803,46571,46570160,11111,250,-1,-1,1,0,89.9,0
3804,46582,46581267,11107,250,-1,-1,1,0,90.0,0
3805,46593,46592371,11104,250,-1,-1,1,0,90.0,0
3806,46604,46603477,11106,250,-1,-1,1,0,90.1,0
3807,46615,46614588,11111,250,-1,-1,1,0,90.1,0
3808,46626,46625697,11109,250,-1,-1,1,0,90.2,1
3809,46638,46636822,11125,250,-1,-1,1,0,89.8,0
3810,46649,46647924,11102,250,-1,-1,1,0,89.9,0
3811,46660,46659039,11115,250,-1,-1,1,0,89.9,0
3812,46671,46670140,11101,250,-1,-1,1,0,90.0,0
3813,46682,46681253,11113,250,-1,-1,1,0,90.0,0
3814,46693,46692353,11100,250,-1,-1,1,0,90.0,0
3815,46704,46703462,11109,250,-1,-1,1,0,90.1,0
3816,46715,46714571,11109,250,-1,-1,1,0,90.1,0
3817,46727,46725679,11108,250,-1,-1,1,0,89.9,1
3818,46738,46736805,11126,250,-1,-1,1,0,89.9,0
3819,46749,46747904,11099,250,-1,-1,1,0,89.9,0
3820,46760,46759017,11113,250,-1,-1,1,0,89.9,0
3821,46771,46770121,11104,250,-1,-1,1,0,90.0,0
3822,46782,46781235,11114,250,-1,-1,1,0,90.0,0
3823,46793,46792345,11110,250,-1,-1,1,0,90.0,0
3824,46804,46803443,11098,250,-1,-1,1,0,90.0,0
3825,46816,46814555,11112,250,-1,-1,1,0,89.9,0
3826,46826,46825663,11108,250,-1,-1,1,0,90.1,1
3827,46838,46836787,11124,250,-1,-1,1,0,89.9,0
3828,46849,46847883,11096,250,-1,-1,1,0,89.9,0
3829,46860,46859002,11119,250,-1,-1,1,0,90.0,0
3830,46871,46870106,11104,250,-1,-1,1,0,90.0,0
3831,46882,46881218,11112,250,-1,-1,1,0,90.0,0
3832,46893,46892323,11105,250,-1,-1,1,0,90.0,0
3833,46904,46903426,11103,250,-1,-1,1,0,90.0,0
3834,46915,46914537,11111,250,-1,-1,1,0,90.1,0
3835,46926,46925647,11110,250,-1,-1,1,0,90.1,1
3836,46938,46936769,11122,250,-1,-1,1,0,89.9,0
3837,46949,46947867,11098,250,-1,-1,1,0,89.9,0
3838,46960,46959003,11136,250,-1,-1,1,0,90.0,0
3839,46971,46970094,11091,250,-1,-1,1,0,90.0,0
3840,46982,46981199,11105,250,-1,-1,1,0,90.0,0
3841,46993,46992308,11109,250,-1,-1,1,0,90.0,0
3842,47004,47003410,11102,250,-1,-1,1,0,90.0,0
3843,47015,47014520,11110,250,-1,-1,1,0,90.0,0
3844,47026,47025628,11108,250,-1,-1,1,0,90.1,1
3845,47038,47036755,11127,250,-1,-1,1,0,89.9,0
3846,47049,47047854,11099,250,-1,-1,1,0,90.0,0
3847,47060,47059017,11163,250,-1,-1,1,0,90.0,0
3848,47071,47070070,11053,250,-1,-1,1,0,90.0,0
3849,47082,47081179,11109,250,-1,-1,1,0,90.0,0
3850,47093,47092289,11110,250,-1,-1,1,0,90.0,0
3851,47104,47103392,11103,250,-1,-1,1,0,90.0,0
3852,47115,47114503,11111,250,-1,-1,1,0,90.0,0
3853,47127,47125614,11111,250,-1,-1,1,0,89.9,1
3854,47138,47136732,11118,250,-1,-1,1,0,89.9,0
3855,47149,47147840,11108,250,-1,-1,1,0,90.0,0
3856,47160,47158988,11148,250,-1,-1,1,0,90.0,0
3857,47171,47170053,11065,250,-1,-1,1,0,90.0,0
3858,47183,47181164,11111,250,-1,-1,1,0,89.9,0
3859,47193,47192275,11111,250,-1,-1,1,0,90.0,0
3860,47204,47203378,11103,250,-1,-1,1,0,90.0,0
3861,47215,47214483,11105,250,-1,-1,1,0,90.0,0
3862,47226,47225594,11111,250,-1,-1,1,0,90.0,1
3863,47238,47236720,11126,250,-1,-1,1,0,90.0,0
3864,47249,47247819,11099,250,-1,-1,1,0,90.0,0
3865,47260,47258934,11115,250,-1,-1,1,0,90.0,0
3866,47271,47270034,11100,250,-1,-1,1,0,90.0,0
3867,47282,47281151,11117,250,-1,-1,1,0,90.0,0
3868,47293,47292251,11100,250,-1,-1,1,0,90.0,0
3869,47304,47303358,11107,250,-1,-1,1,0,90.0,0
3870,47396,47314466,11108,250,-1,-1,1,0,82.8,0
3871,47435,47425558,111092,250,-1,-1,1,0,25.6,1
3872,47438,47436673,11115,250,-1,-1,1,0,47.6,0
3873,47449,47447785,11112,250,-1,-1,1,0,56.6,0
3874,47460,47458895,11110,250,-1,-1,1,0,62.5,0
3875,47471,47470001,11106,250,-1,-1,1,0,66.7,0
3876,47482,47481115,11114,250,-1,-1,1,0,69.8,0
3877,47493,47492223,11108,250,-1,-1,1,0,72.2,0
3878,47504,47503334,11111,250,-1,-1,1,0,74.1,0
3879,47515,47514434,11100,250,-1,-1,1,0,75.6,0
3880,47526,47525541,11107,250,-1,-1,1,0,76.9,1
3881,47538,47536667,11126,250,-1,-1,1,0,77.5,0
3882,47549,47547767,11100,250,-1,-1,1,0,78.4,0
3883,47560,47558881,11114,250,-1,-1,1,0,79.3,0
3884,47571,47569987,11106,250,-1,-1,1,0,80.0,0
3885,47582,47581101,11114,250,-1,-1,1,0,80.6,0
3886,47593,47592210,11109,250,-1,-1,1,0,81.2,0
3887,47604,47603306,11096,250,-1,-1,1,0,81.7,0
3888,47615,47614418,11112,250,-1,-1,1,0,82.2,0
3889,47626,47625524,11106,250,-1,-1,1,0,82.6,1
3890,47637,47636652,11128,250,-1,-1,1,0,83.0,0
3891,47649,47647746,11094,250,-1,-1,1,0,83.0,0
3892,47660,47658862,11116,250,-1,-1,1,0,83.3,0
3893,47671,47669970,11108,250,-1,-1,1,0,83.6,0
3894,47682,47681080,11110,250,-1,-1,1,0,83.9,0
3895,47693,47692187,11107,250,-1,-1,1,0,84.2,0
3896,47704,47703291,11104,250,-1,-1,1,0,84.4,0
3897,47715,47714401,11110,250,-1,-1,1,0,84.6,0
3898,47726,47725512,11111,250,-1,-1,1,0,84.8,1
3899,47737,47736632,11120,250,-1,-1,1,0,85.0,0
3900,47749,47747730,11098,250,-1,-1,1,0,85.0,0
3901,47760,47758847,11117,250,-1,-1,1,0,85.2,0
3902,47771,47769951,11104,250,-1,-1,1,0,85.3,0
3903,47782,47781060,11109,250,-1,-1,1,0,85.5,0
3904,47793,47792170,11110,250,-1,-1,1,0,85.6,0
3905,47804,47803272,11102,250,-1,-1,1,0,85.8,0
3906,47815,47814385,11113,250,-1,-1,1,0,85.9,0
3907,47826,47825491,11106,250,-1,-1,1,0,86.0,1
3908,47838,47836621,11130,250,-1,-1,1,0,86.0,0
3909,47849,47847716,11095,250,-1,-1,1,0,86.1,0
3910,47860,47858896,11180,250,-1,-1,1,0,86.2,0
3911,47871,47869934,11038,250,-1,-1,1,0,86.3,0
3912,47883,47881042,11108,250,-1,-1,1,0,86.2,0
3913,47893,47892150,11108,250,-1,-1,1,0,86.5,0
3914,47904,47903259,11109,250,-1,-1,1,0,86.6,0
3915,47915,47914365,11106,250,-1,-1,1,0,86.7,0
3916,47926,47925475,11110,250,-1,-1,1,0,86.8,1
3917,47937,47936595,11120,250,-1,-1,1,0,86.9,0
3918,47949,47947696,11101,250,-1,-1,1,0,86.8,0
3919,47960,47958811,11115,250,-1,-1,1,0,86.9,0
3920,47971,47969918,11107,250,-1,-1,1,0,87.0,0
3921,47982,47981029,11111,250,-1,-1,1,0,87.0,0
3922,47993,47992137,11108,250,-1,-1,1,0,87.1,0
3923,48004,48003239,11102,250,-1,-1,1,0,87.2,0
3924,48015,48014347,11108,250,-1,-1,1,0,87.2,0
3925,48026,48025456,11109,250,-1,-1,1,0,87.3,1
3926,48037,48036583,11127,250,-1,-1,1,0,87.4,0
3927,48048,48047679,11096,250,-1,-1,1,0,87.4,0
3928,48060,48058796,11117,250,-1,-1,1,0,87.3,0
3929,48071,48069899,11103,250,-1,-1,1,0,87.4,0
3930,48082,48081013,11114,250,-1,-1,1,0,87.5,0
3931,48093,48092122,11109,250,-1,-1,1,0,87.5,0
3932,48104,48103222,11100,250,-1,-1,1,0,87.6,0
3933,48115,48114331,11109,250,-1,-1,1,0,87.6,0
3934,48126,48125442,11111,250,-1,-1,1,0,87.7,1
3935,48137,48136559,11117,250,-1,-1,1,0,87.7,0
3936,48149,48147664,11105,250,-1,-1,1,0,87.6,0
3937,48160,48158770,11106,250,-1,-1,1,0,87.7,0
3938,48171,48169883,11113,250,-1,-1,1,0,87.7,0
3939,48182,48180994,11111,250,-1,-1,1,0,87.8,0
3940,48193,48192105,11111,250,-1,-1,1,0,87.8,0
3941,48204,48203202,11097,250,-1,-1,1,0,87.9,0
3942,48215,48214313,11111,250,-1,-1,1,0,87.9,0
3943,48226,48225424,11111,250,-1,-1,1,0,88.0,1
3944,48238,48236554,11130,250,-1,-1,1,0,87.9,0
3945,48248,48247654,11100,250,-1,-1,1,0,88.0,0
3946,48260,48258766,11112,250,-1,-1,1,0,88.0,0
3947,48271,48269865,11099,250,-1,-1,1,0,88.0,0
3948,48282,48280978,11113,250,-1,-1,1,0,88.0,0
3949,48293,48292086,11108,250,-1,-1,1,0,88.1,0
3950,48304,48303192,11106,250,-1,-1,1,0,88.1,0
3951,48315,48314296,11104,250,-1,-1,1,0,88.1,0
3952,48326,48325404,11108,250,-1,-1,1,0,88.2,1
3953,48337,48336531,11127,250,-1,-1,1,0,88.2,0
3954,48348,48347632,11101,250,-1,-1,1,0,88.2,0
3955,48360,48358777,11145,250,-1,-1,1,0,88.2,0
3956,48371,48369853,11076,250,-1,-1,1,0,88.2,0
3957,48382,48380965,11112,250,-1,-1,1,0,88.2,0
3958,48393,48392069,11104,250,-1,-1,1,0,88.3,0
3959,48404,48403171,11102,250,-1,-1,1,0,88.3,0
3960,48490,48414389,11218,250,-1,-1,1,0,11.6,0
3961,48490,48480935,66546,250,-1,-1,1,0,23.3,1
3962,48493,48492056,11121,250,-1,-1,1,0,33.7,0
3963,48504,48503158,11102,250,-1,-1,1,0,40.0,0
3964,48515,48514266,11108,250,-1,-1,1,0,45.0,0
3965,48526,48525380,11114,250,-1,-1,1,0,49.2,0
3966,48537,48536551,11171,250,-1,-1,1,0,52.6,0
3967,48549,48547595,11044,250,-1,-1,1,0,55.2,0
3968,48560,48558701,11106,250,-1,-1,1,0,57.7,0
3969,48571,48569816,11115,250,-1,-1,1,0,59.9,0
3970,48582,48580926,11110,250,-1,-1,1,0,61.8,1
3971,48593,48592046,11120,250,-1,-1,1,0,63.5,0
3972,48604,48603147,11101,250,-1,-1,1,0,65.0,0
3973,48615,48614262,11115,250,-1,-1,1,0,66.4,0
3974,48626,48625539,11277,250,-1,-1,1,0,67.6,0
3975,48637,48636472,10933,250,-1,-1,1,0,68.7,0
3976,48648,48647578,11106,250,-1,-1,1,0,69.7,0
3977,48659,48658682,11104,250,-1,-1,1,0,70.6,0
3978,48671,48669790,11108,250,-1,-1,1,0,71.2,0
3979,48682,48680898,11108,250,-1,-1,1,0,71.9,1
3980,48693,48692027,11129,250,-1,-1,1,0,72.7,0
3981,48704,48703125,11098,250,-1,-1,1,0,73.3,0
3982,48715,48714315,11190,250,-1,-1,1,0,74.0,0
3983,48726,48725350,11035,250,-1,-1,1,0,74.5,0
3984,48737,48736458,11108,250,-1,-1,1,0,75.1,0
3985,48748,48747568,11110,250,-1,-1,1,0,75.6,0
3986,48759,48758667,11099,250,-1,-1,1,0,76.1,0
3987,48771,48769780,11113,250,-1,-1,1,0,76.3,0
3988,48782,48780884,11104,250,-1,-1,1,0,76.7,1
3989,48793,48792008,11124,250,-1,-1,1,0,77.1,0
3990,48804,48803110,11102,250,-1,-1,1,0,77.5,0
3991,48815,48814261,11151,250,-1,-1,1,0,77.9,0
3992,48826,48825323,11062,250,-1,-1,1,0,78.2,0
3993,48838,48836438,11115,250,-1,-1,1,0,78.3,0
3994,48848,48847549,11111,250,-1,-1,1,0,78.8,0
3995,48860,48858658,11109,250,-1,-1,1,0,78.9,0
3996,48871,48869765,11107,250,-1,-1,1,0,79.2,0
3997,48882,48880872,11107,250,-1,-1,1,0,79.5,1
3998,48893,48891996,11124,250,-1,-1,1,0,79.8,0
3999,48904,48903093,11097,250,-1,-1,1,0,80.0,0
4000,48915,48914299,11206,250,-1,-1,1,0,80.2,0
4001,48926,48925314,11015,250,-1,-1,1,0,80.5,0
4002,48937,48936416,11102,250,-1,-1,1,0,80.7,0
4003,48949,48947530,11114,250,-1,-1,1,0,80.7,0
4004,48959,48958632,11102,250,-1,-1,1,0,81.1,0
4005,48971,48969741,11109,250,-1,-1,1,0,81.1,0
4006,48982,48980850,11109,250,-1,-1,1,0,81.3,1
4007,48993,48991974,11124,250,-1,-1,1,0,81.5,0
4008,49004,49003074,11100,250,-1,-1,1,0,81.7,0
4009,49015,49014248,11174,250,-1,-1,1,0,81.8,0
4010,49026,49025289,11041,250,-1,-1,1,0,82.0,0
4011,49037,49036409,11120,250,-1,-1,1,0,82.1,0
4012,49048,49047517,11108,250,-1,-1,1,0,82.3,0
4013,49059,49058617,11100,250,-1,-1,1,0,82.4,0
4014,49071,49069718,11101,250,-1,-1,1,0,82.5,0
4015,49082,49080835,11117,250,-1,-1,1,0,82.6,1
4016,49093,49091956,11121,250,-1,-1,1,0,82.7,0
4017,49104,49103059,11103,250,-1,-1,1,0,82.9,0
4018,49115,49114223,11164,250,-1,-1,1,0,83.0,0
4019,49126,49125273,11050,250,-1,-1,1,0,83.1,0
4020,49137,49136387,11114,250,-1,-1,1,0,83.2,0
4021,49148,49147496,11109,250,-1,-1,1,0,83.3,0
4022,49159,49158596,11100,250,-1,-1,1,0,83.4,0
4023,49171,49169707,11111,250,-1,-1,1,0,83.4,0
4024,49182,49180815,11108,250,-1,-1,1,0,83.5,1
4025,49193,49191941,11126,250,-1,-1,1,0,83.7,0
4026,49204,49203041,11100,250,-1,-1,1,0,83.8,0
4027,49215,49214200,11159,250,-1,-1,1,0,83.8,0
4028,49226,49225254,11054,250,-1,-1,1,0,83.9,0
4029,49238,49236368,11114,250,-1,-1,1,0,83.9,0
4030,49248,49247476,11108,250,-1,-1,1,0,84.1,0
4031,49260,49258579,11103,250,-1,-1,1,0,84.1,0
4032,49270,49269688,11109,250,-1,-1,1,1000,84.2,0
4033,49282,49280796,11108,250,-1,-1,1,0,84.3,1
4034,49293,49291924,11128,250,-1,-1,1,0,84.4,0
4035,49304,49303020,11096,250,-1,-1,1,0,84.4,0
4036,49315,49314240,11220,250,-1,-1,1,0,84.5,0
4037,49326,49325241,11001,250,-1,-1,1,0,84.6,0
4038,49337,49336351,11110,250,-1,-1,1,0,84.7,0
4039,49348,49347461,11110,250,-1,-1,1,0,84.7,0
4040,49359,49358564,11103,250,-1,-1,1,0,84.8,0
4041,49370,49369670,11106,250,-1,-1,1,0,84.9,0
4042,49382,49380777,11107,250,-1,-1,1,0,84.9,1
4043,49393,49391905,11128,250,-1,-1,1,0,84.9,0
4044,49404,49403003,11098,250,-1,-1,1,0,85.0,0
4045,49432,49425215,22212,250,-1,-1,1,0,35.7,0
4046,49437,49436342,11127,250,-1,-1,1,0,60.6,0
4047,49448,49447442,11100,250,-1,-1,1,0,68.2,0
4048,49459,49458547,11105,250,-1,-1,1,0,72.7,0
4049,49470,49469653,11106,250,-1,-1,1,0,75.8,0
4050,49531,49480766,11113,250,-1,-1,1,0,47.2,0
4051,49531,49525196,44430,250,-1,-1,1,0,55.1,1
4052,49537,49536331,11135,250,-1,-1,1,0,60.2,0
4053,49548,49547426,11095,250,-1,-1,1,0,62.5,0
4054,49559,49558532,11106,250,-1,-1,1,0,64.5,0
4055,49571,49569639,11107,250,-1,-1,1,0,65.9,0
4056,49582,49580756,11117,250,-1,-1,1,0,67.4,0
4057,49593,49591870,11114,250,-1,-1,1,0,68.8,0
4058,49604,49602968,11098,250,-1,-1,1,0,70.0,0
4059,49615,49614086,11118,250,-1,-1,1,0,71.1,0
4060,49626,49625191,11105,250,-1,-1,1,0,72.1,1
4061,49637,49636310,11119,250,-1,-1,1,0,73.0,0
4062,49648,49647403,11093,250,-1,-1,1,0,73.8,0
4063,49660,49658515,11112,250,-1,-1,1,0,74.2,0
4064,49671,49669626,11111,250,-1,-1,1,0,74.9,0
4065,49682,49680740,11114,250,-1,-1,1,0,75.5,0
4066,49693,49691847,11107,250,-1,-1,1,0,76.1,0
4067,49704,49702952,11105,250,-1,-1,1,0,76.7,0
4068,49715,49714058,11106,250,-1,-1,1,0,77.2,0
4069,49726,49725169,11111,250,-1,-1,1,0,77.6,1
4070,49737,49736293,11124,250,-1,-1,1,0,78.1,0
4071,49748,49747390,11097,250,-1,-1,1,0,78.5,0
4072,49759,49758614,11224,250,-1,-1,1,0,78.9,0
4073,49771,49769612,10998,250,-1,-1,1,0,79.0,0
4074,49782,49780722,11110,250,-1,-1,1,0,79.4,0
4075,49793,49791828,11106,250,-1,-1,1,0,79.7,0
4076,49804,49802932,11104,250,-1,-1,1,0,80.0,0
4077,49815,49814041,11109,250,-1,-1,1,0,80.3,0
4078,49826,49825149,11108,250,-1,-1,1,0,80.6,1
4079,49837,49836276,11127,250,-1,-1,1,0,80.8,0
4080,49848,49847372,11096,250,-1,-1,1,0,81.1,0
4081,49859,49858560,11188,250,-1,-1,1,0,81.3,0
4082,49870,49869590,11030,250,-1,-1,1,0,81.5,0
4083,49882,49880705,11115,250,-1,-1,1,0,81.6,0
4084,49893,49891811,11106,250,-1,-1,1,0,81.8,0
4085,49904,49902915,11104,250,-1,-1,1,0,82.0,0
4086,49915,49914020,11105,250,-1,-1,1,0,82.2,0
4087,49926,49925134,11114,250,-1,-1,1,0,82.4,1
4088,49937,49936256,11122,250,-1,-1,1,0,82.6,0
4089,49948,49947357,11101,250,-1,-1,1,0,82.7,0
4090,49959,49958538,11181,250,-1,-1,1,0,82.9,0
4091,49971,49969579,11041,250,-1,-1,1,0,82.9,0
4092,49982,49980687,11108,250,-1,-1,1,0,83.0,0
4093,49993,49991797,11110,250,-1,-1,1,0,83.2,0
4094,50004,50002896,11099,250,-1,-1,1,0,83.3,0
4095,50015,50014007,11111,250,-1,-1,1,0,83.5,0
4096,50026,50025115,11108,250,-1,-1,1,0,83.6,1
4097,50037,50036241,11126,250,-1,-1,1,0,83.7,0
4098,50048,50047341,11100,250,-1,-1,1,0,83.9,0
4099,50060,50058483,11142,250,-1,-1,1,0,83.8,0
4100,50070,50069560,11077,250,-1,-1,1,0,84.1,0
4101,50081,50080672,11112,250,-1,-1,1,0,84.2,0
4102,50093,50091776,11104,250,-1,-1,1,0,84.2,0
4103,50104,50102877,11101,250,-1,-1,1,0,84.3,0
4104,50115,50113989,11112,250,-1,-1,1,0,84.4,0
4105,50126,50125098,11109,250,-1,-1,1,0,84.5,1
4106,50137,50136220,11122,250,-1,-1,1,0,84.6,0
4107,50148,50147321,11101,250,-1,-1,1,0,84.7,0
4108,50159,50158554,11233,250,-1,-1,1,0,84.8,0
4109,50170,50169543,10989,250,-1,-1,1,0,84.9,0
4110,50181,50180652,11109,250,-1,-1,1,0,84.9,0
4111,50193,50191763,11111,250,-1,-1,1,0,84.9,0
4112,50204,50202865,11102,250,-1,-1,1,0,85.0,0
4113,50215,50213973,11108,250,-1,-1,1,0,85.1,0
4114,50226,50225081,11108,250,-1,-1,1,0,85.2,1
4115,50237,50236206,11125,250,-1,-1,1,0,85.2,0
4116,50249,50247303,11097,250,-1,-1,1,0,85.2,0
4117,50259,50258418,11115,250,-1,-1,1,0,85.4,0
4118,50271,50269523,11105,250,-1,-1,1,0,85.4,0
4119,50282,50280639,11116,250,-1,-1,1,0,85.4,0
4120,50293,50291742,11103,250,-1,-1,1,0,85.5,0
4121,50304,50302846,11104,250,-1,-1,1,0,85.6,0
4122,50315,50313951,11105,250,-1,-1,1,0,85.6,0
4123,50326,50325064,11113,250,-1,-1,1,0,85.7,1
4124,50337,50336190,11126,250,-1,-1,1,0,85.7,0
4125,50348,50347289,11099,250,-1,-1,1,0,85.8,0
4126,50359,50358396,11107,250,-1,-1,1,0,85.9,0
4127,50371,50369531,11135,250,-1,-1,1,0,85.8,0
4128,50381,50380620,11089,250,-1,-1,1,0,86.0,0
4129,50393,50391729,11109,250,-1,-1,1,0,85.9,0
4130,50404,50402827,11098,250,-1,-1,1,0,86.0,0
4131,50415,50414022,11195,250,-1,-1,1,0,90.9,0
4132,50426,50425048,11026,250,-1,-1,1,0,90.9,1
4133,50437,50436170,11122,250,-1,-1,1,0,90.9,0
4134,50448,50447268,11098,250,-1,-1,1,0,90.9,0
4135,50460,50458424,11156,250,-1,-1,1,0,89.3,0
4136,50470,50469491,11067,250,-1,-1,1,0,90.9,0
4137,50481,50480599,11108,250,-1,-1,1,0,90.9,0
4138,50492,50491709,11110,250,-1,-1,1,1000,89.9,0
4139,50504,50502814,11105,250,-1,-1,1,0,90.0,0
4140,50572,50513920,11106,250,-1,-1,1,0,59.5,0
4141,50573,50569466,55546,250,-1,-1,1,0,65.1,1
4142,50581,50580591,11125,250,-1,-1,1,0,67.8,0
4143,50593,50591690,11099,250,-1,-1,1,0,68.8,0
4144,50604,50602794,11104,250,-1,-1,1,0,70.0,0
4145,50615,50613931,11137,250,-1,-1,1,0,71.1,0
4146,50626,50625021,11090,250,-1,-1,1,0,72.1,0
4147,50637,50636128,11107,250,-1,-1,1,0,73.0,0
4148,50648,50647243,11115,250,-1,-1,1,0,73.8,0
4149,50659,50658350,11107,250,-1,-1,1,0,74.5,0
4150,50670,50669460,11110,250,-1,-1,1,0,75.2,1
4151,50682,50680575,11115,250,-1,-1,1,0,75.5,0
4152,50692,50691669,11094,250,-1,-1,1,0,76.4,0
4153,50704,50702788,11119,250,-1,-1,1,0,76.7,0
4154,50715,50713900,11112,250,-1,-1,1,0,77.2,0
4155,50726,50725003,11103,250,-1,-1,1,0,77.6,0
4156,50737,50736105,11102,250,-1,-1,1,0,78.1,0
4157,50748,50747215,11110,250,-1,-1,1,0,78.5,0
4158,50759,50758323,11108,250,-1,-1,1,0,78.9,0
4159,50771,50769438,11115,250,-1,-1,1,0,79.0,1
4160,50781,50780557,11119,250,-1,-1,1,0,79.6,0
4161,50792,50791658,11101,250,-1,-1,1,0,79.9,0
4162,50804,50802763,11105,250,-1,-1,1,0,80.0,0
4163,50815,50813880,11117,250,-1,-1,1,0,80.3,0
4164,50826,50824990,11110,250,-1,-1,1,0,80.6,0
4165,50837,50836097,11107,250,-1,-1,1,0,80.8,0
4166,50848,50847195,11098,250,-1,-1,1,0,81.1,0
4167,50859,50858306,11111,250,-1,-1,1,0,81.3,0
4168,50870,50869413,11107,250,-1,-1,1,0,81.5,1
4169,50881,50880542,11129,250,-1,-1,1,0,81.8,0
4170,50892,50891639,11097,250,-1,-1,1,0,82.0,0
4171,50904,50902799,11160,250,-1,-1,1,0,82.0,0
4172,50915,50913860,11061,250,-1,-1,1,0,82.2,0
4173,50926,50924972,11112,250,-1,-1,1,0,82.4,0
4174,50937,50936077,11105,250,-1,-1,1,0,82.6,0
4175,50948,50947181,11104,250,-1,-1,1,0,82.7,0
4176,50959,50958293,11112,250,-1,-1,1,0,82.9,0
4177,50970,50969401,11108,250,-1,-1,1,0,83.0,1
4178,50981,50980520,11119,250,-1,-1,1,0,83.2,0
4179,50993,50991617,11097,250,-1,-1,1,0,83.2,0
4180,51004,51002832,11215,250,-1,-1,1,0,83.3,0
4181,51015,51013841,11009,250,-1,-1,1,0,83.5,0
4182,51026,51024957,11116,250,-1,-1,1,0,83.6,0
4183,51037,51036060,11103,250,-1,-1,1,0,83.7,0
4184,51048,51047166,11106,250,-1,-1,1,0,83.9,0
4185,51059,51058273,11107,250,-1,-1,1,0,84.0,0
4186,51070,51069383,11110,250,-1,-1,1,0,84.1,1
4187,51082,51080511,11128,250,-1,-1,1,0,84.1,0
4188,51092,51091602,11091,250,-1,-1,1,0,84.3,0
4189,51104,51102714,11112,250,-1,-1,1,0,84.3,0
4190,51115,51113825,11111,250,-1,-1,1,0,84.4,0
4191,51126,51124938,11113,250,-1,-1,1,0,84.5,0
4192,51137,51136042,11104,250,-1,-1,1,0,84.6,0
4193,51148,51147144,11102,250,-1,-1,1,0,84.7,0
4194,51159,51158254,11110,250,-1,-1,1,0,84.8,0
4195,51170,51169370,11116,250,-1,-1,1,0,84.9,1
4196,51181,51180486,11116,250,-1,-1,1,0,84.9,0
4197,51192,51191588,11102,250,-1,-1,1,0,85.0,0
4198,51204,51202695,11107,250,-1,-1,1,0,85.0,0
4199,51215,51213810,11115,250,-1,-1,1,0,85.1,0
4200,51226,51224921,11111,250,-1,-1,1,0,85.2,0
4201,51237,51236029,11108,250,-1,-1,1,0,85.2,0
4202,51248,51247128,11099,250,-1,-1,1,0,85.3,0
4203,51259,51258240,11112,250,-1,-1,1,0,85.4,0
4204,51270,51269346,11106,250,-1,-1,1,0,85.5,1
4205,51281,51280471,11125,250,-1,-1,1,0,85.5,0
4206,51292,51291567,11096,250,-1,-1,1,0,85.6,0
4207,51304,51302707,11140,250,-1,-1,1,0,85.6,0
4208,51315,51313789,11082,250,-1,-1,1,0,85.6,0
4209,51326,51324902,11113,250,-1,-1,1,0,85.7,0
4210,51337,51336010,11108,250,-1,-1,1,0,85.7,0
4211,51348,51347111,11101,250,-1,-1,1,0,85.8,0
4212,51359,51358220,11109,250,-1,-1,1,0,85.9,0
4213,51370,51369329,11109,250,-1,-1,1,0,85.9,1
4214,51381,51380453,11124,250,-1,-1,1,0,86.0,0
4215,51393,51391553,11100,250,-1,-1,1,0,85.9,0
4216,51404,51402662,11109,250,-1,-1,1,0,86.0,0
4217,51421,51413774,11112,250,-1,-1,1,0,58.8,0
4218,51426,51424886,11112,250,-1,-1,1,0,90.9,0
4219,51437,51435985,11099,250,-1,-1,1,0,90.9,0
4220,51448,51447093,11108,250,-1,-1,1,0,90.9,0
4221,51459,51458205,11112,250,-1,-1,1,0,90.9,0
4222,51470,51469311,11106,250,-1,-1,1,0,90.9,1
4223,51482,51480437,11126,250,-1,-1,1,0,89.7,0
4224,51492,51491533,11096,250,-1,-1,1,0,90.9,0
4225,51503,51502643,11110,250,-1,-1,1,0,90.9,0
4226,51515,51513758,11115,250,-1,-1,1,0,90.1,0
4227,51526,51524872,11114,250,-1,-1,1,0,90.2,0
4228,51537,51535978,11106,250,-1,-1,1,0,90.2,0
4229,51548,51547080,11102,250,-1,-1,1,0,90.3,0
4230,51624,51558187,11107,250,-1,-1,1,0,63.6,0
4231,51626,51613730,55543,250,-1,-1,1,0,67.6,1
4232,51627,51624847,11117,250,-1,-1,1,0,71.7,0
4233,51637,51635968,11121,250,-1,-1,1,0,73.0,0
4234,51648,51647061,11093,250,-1,-1,1,0,73.8,0
4235,51659,51658175,11114,250,-1,-1,1,0,74.5,0
4236,51670,51669282,11107,250,-1,-1,1,0,75.2,0
4237,51681,51680395,11113,250,-1,-1,1,0,75.8,0
4238,51692,51691499,11104,250,-1,-1,1,0,76.4,0
4239,51704,51702619,11120,250,-1,-1,1,0,76.7,0
4240,51715,51713725,11106,250,-1,-1,1,0,77.2,1
4241,51726,51724845,11120,250,-1,-1,1,0,77.6,0
4242,51737,51735945,11100,250,-1,-1,1,0,78.1,0
4243,51748,51747046,11101,250,-1,-1,1,0,78.5,0
4244,51759,51758159,11113,250,-1,-1,1,0,78.9,0
4245,51770,51769268,11109,250,-1,-1,1,0,79.2,0
4246,51781,51780377,11109,250,-1,-1,1,0,79.6,0
4247,51793,51791479,11102,250,-1,-1,1,0,79.7,0
4248,51803,51802589,11110,250,-1,-1,1,0,80.2,0
4249,51814,51813701,11112,250,-1,-1,1,0,80.5,1
4250,51826,51824820,11119,250,-1,-1,1,0,80.6,0
4251,51837,51835919,11099,250,-1,-1,1,0,80.8,0
4252,51848,51847031,11112,250,-1,-1,1,0,81.1,0
4253,51859,51858142,11111,250,-1,-1,1,0,81.3,0
4254,51870,51869252,11110,250,-1,-1,1,0,81.5,0
4255,51881,51880361,11109,250,-1,-1,1,0,81.8,0
4256,51892,51891462,11101,250,-1,-1,1,0,82.0,0
4257,51903,51902574,11112,250,-1,-1,1,0,82.2,0
4258,51914,51913682,11108,250,-1,-1,1,0,82.4,1
4259,51926,51924805,11123,250,-1,-1,1,0,82.4,0
4260,51937,51935904,11099,250,-1,-1,1,0,82.6,0
4261,51948,51947015,11111,250,-1,-1,1,0,82.7,0
4262,51959,51958125,11110,250,-1,-1,1,0,82.9,0
4263,51970,51969235,11110,250,-1,-1,1,0,83.0,0
4264,51981,51980344,11109,250,-1,-1,1,0,83.2,0
4265,51992,51991446,11102,250,-1,-1,1,0,83.3,0
4266,52003,52002551,11105,250,-1,-1,1,0,83.5,0
4267,52015,52013663,11112,250,-1,-1,1,0,83.5,1
4268,52026,52024788,11125,250,-1,-1,1,0,83.6,0
4269,52037,52035890,11102,250,-1,-1,1,0,83.7,0
4270,52048,52046994,11104,250,-1,-1,1,0,83.9,0
4271,52059,52058109,11115,250,-1,-1,1,0,84.0,0
4272,52070,52069217,11108,250,-1,-1,1,0,84.1,0
4273,52081,52080327,11110,250,-1,-1,1,0,84.2,0
4274,52092,52091425,11098,250,-1,-1,1,0,84.3,0
4275,52104,52102538,11113,250,-1,-1,1,0,84.3,0
4276,52114,52113646,11108,250,-1,-1,1,0,84.5,1
4277,52126,52124772,11126,250,-1,-1,1,0,84.5,0
4278,52137,52135866,11094,250,-1,-1,1,0,84.6,0
4279,52148,52147052,11186,250,-1,-1,1,0,84.7,0
4280,52159,52158094,11042,250,-1,-1,1,0,84.8,0
4281,52170,52169205,11111,250,-1,-1,1,0,84.9,0
4282,52181,52180308,11103,250,-1,-1,1,0,84.9,0
4283,52192,52191411,11103,250,-1,-1,1,0,85.0,0
4284,52203,52202518,11107,250,-1,-1,1,0,85.1,0
4285,52214,52213628,11110,250,-1,-1,1,0,85.2,1
4286,52226,52224751,11123,250,-1,-1,1,0,85.2,0
4287,52237,52235854,11103,250,-1,-1,1,0,85.2,0
4288,52248,52246961,11107,250,-1,-1,1,0,85.3,0
4289,52259,52258082,11121,250,-1,-1,1,0,85.4,0
4290,52270,52269181,11099,250,-1,-1,1,0,85.5,0
4291,52281,52280294,11113,250,-1,-1,1,0,85.5,0
4292,52292,52291392,11098,250,-1,-1,1,0,85.6,0
4293,52303,52302504,11112,250,-1,-1,1,0,85.7,0
4294,52314,52313611,11107,250,-1,-1,1,0,85.7,1
4295,52326,52324738,11127,250,-1,-1,1,0,85.7,0
4296,52337,52335836,11098,250,-1,-1,1,0,85.7,0
4297,52348,52346946,11110,250,-1,-1,1,0,85.8,0
4298,52359,52358053,11107,250,-1,-1,1,0,85.9,0
4299,52370,52369170,11117,250,-1,-1,1,0,85.9,0
4300,52381,52380272,11102,250,-1,-1,1,0,86.0,0
4301,52392,52391379,11107,250,-1,-1,1,0,86.0,0
4302,52403,52402488,11109,250,-1,-1,1,0,86.1,0
4303,52415,52413603,11115,250,-1,-1,1,0,86.1,1
4304,52450,52446921,33318,250,-1,-1,1,0,28.6,0
4305,52459,52458041,11120,250,-1,-1,1,0,45.5,0
4306,52470,52469146,11105,250,-1,-1,1,0,54.5,0
4307,52481,52480254,11108,250,-1,-1,1,0,60.6,0
4308,52492,52491360,11106,250,-1,-1,1,0,64.9,0
4309,52504,52502471,11111,250,-1,-1,1,0,67.4,0
4310,52514,52513578,11107,250,-1,-1,1,0,70.7,0
4311,52525,52524688,11110,250,-1,-1,1,0,72.7,0
4312,52537,52535798,11110,250,-1,-1,1,0,73.8,1
4313,52548,52546924,11126,250,-1,-1,1,0,75.2,0
4314,52559,52558018,11094,250,-1,-1,1,0,76.4,0
4315,52570,52569128,11110,250,-1,-1,1,0,77.4,0
4316,52581,52580239,11111,250,-1,-1,1,0,78.3,0
4317,52592,52591353,11114,250,-1,-1,1,0,79.1,0
4318,52603,52602458,11105,250,-1,-1,1,0,79.8,0
4319,52614,52613562,11104,250,-1,-1,1,0,80.4,0
4320,52699,52624669,11107,250,-1,-1,1,0,59.9,0
4321,52700,52691322,66653,250,-1,-1,1,0,63.2,1
4322,52703,52702443,11121,250,-1,-1,1,0,66.0,0
4323,52714,52713551,11108,250,-1,-1,1,0,66.9,0
4324,52726,52724655,11104,250,-1,-1,1,0,67.5,0
4325,52737,52735766,11111,250,-1,-1,1,0,68.3,0
4326,52748,52747040,11274,250,-1,-1,1,0,69.1,0
4327,52759,52757982,10942,250,-1,-1,1,0,69.8,0
4328,52771,52769096,11114,250,-1,-1,1,0,70.2,0
4329,52781,52780205,11109,250,-1,-1,1,0,71.0,0
4330,52792,52791319,11114,250,-1,-1,1,0,71.6,1
4331,52803,52802433,11114,250,-1,-1,1,0,72.2,0
4332,52815,52813537,11104,250,-1,-1,1,0,72.5,0
4333,52826,52824768,11231,250,-1,-1,1,0,73.0,0
4334,52837,52835754,10986,250,-1,-1,1,0,73.5,0
4335,52848,52846863,11109,250,-1,-1,1,0,73.9,0
4336,52859,52857971,11108,250,-1,-1,1,0,74.3,0
4337,52870,52869074,11103,250,-1,-1,1,0,74.7,0
4338,52881,52880185,11111,250,-1,-1,1,0,75.1,0
4339,52892,52891289,11104,250,-1,-1,1,0,75.5,1
4340,52904,52902415,11126,250,-1,-1,1,0,75.7,0
4341,52914,52913515,11100,250,-1,-1,1,0,76.2,0
4342,52925,52924625,11110,250,-1,-1,1,0,76.5,0
4343,52937,52935735,11110,250,-1,-1,1,0,76.6,0
4344,52948,52946846,11111,250,-1,-1,1,0,76.9,0
4345,52959,52957954,11108,250,-1,-1,1,0,77.2,0
4346,52970,52969064,11110,250,-1,-1,1,0,77.5,0
4347,52981,52980168,11104,250,-1,-1,1,0,77.7,0
4348,52992,52991276,11108,250,-1,-1,1,0,78.0,1
4349,53003,53002396,11120,250,-1,-1,1,0,78.2,0
4350,53014,53013500,11104,250,-1,-1,1,0,78.5,0
4351,53025,53024607,11107,250,-1,-1,1,0,78.7,0
4352,53037,53035715,11108,250,-1,-1,1,0,78.8,0
4353,53048,53046834,11119,250,-1,-1,1,0,79.0,0
4354,53059,53057937,11103,250,-1,-1,1,0,79.2,0
4355,53070,53069039,11102,250,-1,-1,1,0,79.4,0
4356,53081,53080150,11111,250,-1,-1,1,0,79.6,0
4357,53092,53091256,11106,250,-1,-1,1,0,79.8,1
4358,53103,53102383,11127,250,-1,-1,1,0,79.9,0
4359,53114,53113476,11093,250,-1,-1,1,0,80.1,0
4360,53126,53124590,11114,250,-1,-1,1,0,80.2,0
4361,53136,53135705,11115,250,-1,-1,1,0,80.4,0
4362,53148,53146813,11108,250,-1,-1,1,0,80.5,0
4363,53159,53157919,11106,250,-1,-1,1,0,80.6,0
4364,53170,53169024,11105,250,-1,-1,1,0,80.8,0
4365,53181,53180136,11112,250,-1,-1,1,0,80.9,0
4366,53192,53191244,11108,250,-1,-1,1,0,81.1,1
4367,53203,53202364,11120,250,-1,-1,1,0,81.2,0
4368,53215,53213463,11099,250,-1,-1,1,0,81.2,0
4369,53225,53224572,11109,250,-1,-1,1,0,81.5,0
4370,53237,53235687,11115,250,-1,-1,1,0,81.5,0
4371,53248,53246794,11107,250,-1,-1,1,0,81.6,0
4372,53259,53257903,11109,250,-1,-1,1,0,81.8,0
4373,53270,53269008,11105,250,-1,-1,1,0,81.9,0
4374,53281,53280114,11106,250,-1,-1,1,0,82.0,0
4375,53292,53291219,11105,250,-1,-1,1,0,82.1,1
4376,53303,53302348,11129,250,-1,-1,1,0,82.2,0
4377,53314,53313446,11098,250,-1,-1,1,0,82.3,0
4378,53325,53324556,11110,250,-1,-1,1,0,82.4,0
4379,53337,53335667,11111,250,-1,-1,1,0,82.4,0
4380,53348,53346779,11112,250,-1,-1,1,0,82.5,0
4381,53359,53357885,11106,250,-1,-1,1,0,82.6,0
4382,53370,53368989,11104,250,-1,-1,1,0,82.7,0
4383,53381,53380096,11107,250,-1,-1,1,0,82.8,0
4384,53392,53391206,11110,250,-1,-1,1,0,82.9,1
4385,53403,53402331,11125,250,-1,-1,1,0,83.0,0
4386,53414,53413430,11099,250,-1,-1,1,0,83.1,0
4387,53425,53424537,11107,250,-1,-1,1,0,83.2,0
4388,53444,53435650,11113,250,-1,-1,1,0,52.6,0
4389,53448,53446757,11107,250,-1,-1,1,0,87.0,0
4390,53459,53458023,11266,250,-1,-1,1,0,88.2,0
4391,53470,53468969,10946,250,-1,-1,1,0,88.9,0
4392,53481,53480083,11114,250,-1,-1,1,0,89.3,0
4393,53492,53491192,11109,250,-1,-1,1,0,89.6,1
4394,53503,53502317,11125,250,-1,-1,1,0,89.7,0
4395,53514,53513410,11093,250,-1,-1,1,0,89.9,0
4396,53526,53524519,11109,250,-1,-1,1,0,89.1,0
4397,53537,53535631,11112,250,-1,-1,1,0,89.3,0
4398,53548,53546743,11112,250,-1,-1,1,0,89.4,0
4399,53559,53557851,11108,250,-1,-1,1,0,89.6,0
4400,53570,53568952,11101,250,-1,-1,1,0,89.7,0
4401,53581,53580059,11107,250,-1,-1,1,0,89.7,0
4402,53592,53591172,11113,250,-1,-1,1,0,89.8,1
4403,53603,53602294,11122,250,-1,-1,1,0,89.9,0
4404,53614,53613393,11099,250,-1,-1,1,0,89.9,0
4405,53625,53624504,11111,250,-1,-1,1,0,90.0,0
4406,53637,53635619,11115,250,-1,-1,1,0,89.6,0
4407,53648,53646726,11107,250,-1,-1,1,0,89.7,0
4408,53659,53657837,11111,250,-1,-1,1,0,89.7,0
4409,53670,53668933,11096,250,-1,-1,1,0,89.8,0
4410,53763,53680049,11116,250,-1,-1,1,0,68.0,0
4411,53763,53757806,77757,250,-1,-1,1,0,71.0,1
4412,53770,53768940,11134,250,-1,-1,1,0,72.5,0
4413,53781,53780033,11093,250,-1,-1,1,0,73.0,0
4414,53792,53791144,11111,250,-1,-1,1,0,73.6,0
4415,53803,53802255,11111,250,-1,-1,1,0,74.1,0
4416,53814,53813370,11115,250,-1,-1,1,0,74.6,0
4417,53825,53824469,11099,250,-1,-1,1,0,75.0,0
4418,53837,53835578,11109,250,-1,-1,1,0,75.2,0
4419,53848,53846690,11112,250,-1,-1,1,0,75.7,0
4420,53859,53857803,11113,250,-1,-1,1,0,76.0,1
4421,53870,53868916,11113,250,-1,-1,1,0,76.4,0
4422,53881,53880015,11099,250,-1,-1,1,0,76.8,0
4423,53892,53891133,11118,250,-1,-1,1,0,77.1,0
4424,53903,53902235,11102,250,-1,-1,1,0,77.4,0
4425,53915,53913350,11115,250,-1,-1,1,0,77.6,0
4426,53926,53924456,11106,250,-1,-1,1,0,77.8,0
4427,53936,53935556,11100,250,-1,-1,1,0,78.3,0
4428,53947,53946667,11111,250,-1,-1,1,0,78.5,0
4429,53959,53957778,11111,250,-1,-1,1,0,78.7,1
4430,53970,53968902,11124,250,-1,-1,1,0,78.9,0
4431,53981,53980000,11098,250,-1,-1,1,0,79.1,0
4432,53992,53991107,11107,250,-1,-1,1,0,79.4,0
4433,54004,54002215,11108,250,-1,-1,1,0,79.4,0
4434,54014,54013329,11114,250,-1,-1,1,0,79.8,0
4435,54025,54024437,11108,250,-1,-1,1,0,80.0,0
4436,54036,54035538,11101,250,-1,-1,1,0,80.2,0
4437,54047,54046648,11110,250,-1,-1,1,0,80.4,0
4438,54059,54057756,11108,250,-1,-1,1,0,80.4,1
4439,54070,54068883,11127,250,-1,-1,1,0,80.6,0
4440,54081,54079983,11100,250,-1,-1,1,0,80.8,0
4441,54092,54091094,11111,250,-1,-1,1,0,81.0,0
4442,54104,54102200,11106,250,-1,-1,1,0,81.0,0
4443,54114,54113319,11119,250,-1,-1,1,0,81.3,0
4444,54125,54124422,11103,250,-1,-1,1,0,81.4,0
4445,54136,54135521,11099,250,-1,-1,1,0,81.6,0
4446,54148,54146632,11111,250,-1,-1,1,0,81.6,0
4447,54159,54157746,11114,250,-1,-1,1,0,81.7,1
4448,54170,54168866,11120,250,-1,-1,1,0,81.9,0
4449,54181,54179963,11097,250,-1,-1,1,0,82.0,0
4450,54192,54191074,11111,250,-1,-1,1,0,82.1,0
4451,54203,54202187,11113,250,-1,-1,1,0,82.3,0
4452,54214,54213301,11114,250,-1,-1,1,0,82.4,0
4453,54225,54224404,11103,250,-1,-1,1,0,82.5,0
4454,54237,54235503,11099,250,-1,-1,1,0,82.5,0
4455,54247,54246618,11115,250,-1,-1,1,0,82.7,0
4456,54260,54257727,11109,250,-1,-1,1,0,82.6,1
4457,54270,54268845,11118,250,-1,-1,1,0,82.8,0
4458,54281,54279948,11103,250,-1,-1,1,0,82.9,0
4459,54292,54291057,11109,250,-1,-1,1,0,83.0,0
4460,54304,54302167,11110,250,-1,-1,1,0,83.0,0
4461,54314,54313277,11110,250,-1,-1,1,0,83.2,0
4462,54325,54324385,11108,250,-1,-1,1,0,83.3,0
4463,54336,54335488,11103,250,-1,-1,1,0,83.4,0
4464,54347,54346601,11113,250,-1,-1,1,0,83.5,0
4465,54358,54357705,11104,250,-1,-1,1,0,83.6,1
4466,54370,54368830,11125,250,-1,-1,1,0,83.6,0
4467,54381,54379932,11102,250,-1,-1,1,0,83.7,0
4468,54392,54391037,11105,250,-1,-1,1,0,83.8,0
4469,54404,54402150,11113,250,-1,-1,1,0,83.8,0
4470,54414,54413265,11115,250,-1,-1,1,0,83.9,0
4471,54425,54424373,11108,250,-1,-1,1,0,84.0,0
4472,54436,54435479,11106,250,-1,-1,1,0,90.9,0
4473,54447,54446581,11102,250,-1,-1,1,0,90.9,0
4474,54459,54457691,11110,250,-1,-1,1,0,88.2,1
4475,54470,54468816,11125,250,-1,-1,1,0,88.9,0
4476,54481,54479914,11098,250,-1,-1,1,0,89.3,0
4477,54492,54491023,11109,250,-1,-1,1,0,89.6,0
4478,54504,54502134,11111,250,-1,-1,1,0,88.6,0
4479,54514,54513245,11111,250,-1,-1,1,0,89.9,0
4480,54525,54524352,11107,250,-1,-1,1,0,90.0,0
4481,54536,54535454,11102,250,-1,-1,1,0,90.1,0
4482,54548,54546567,11113,250,-1,-1,1,0,89.4,0
4483,54558,54557670,11103,250,-1,-1,1,0,90.2,1
4484,54570,54568799,11129,250,-1,-1,1,0,89.7,0
4485,54581,54579893,11094,250,-1,-1,1,0,89.7,0
4486,54592,54591002,11109,250,-1,-1,1,0,89.8,0
4487,54603,54602119,11117,250,-1,-1,1,0,89.9,0
4488,54614,54613231,11112,250,-1,-1,1,0,89.9,0
4489,54625,54624338,11107,250,-1,-1,1,0,90.0,0
4490,54636,54635439,11101,250,-1,-1,1,0,90.0,0
4491,54647,54646547,11108,250,-1,-1,1,0,90.1,0
4492,54658,54657654,11107,250,-1,-1,1,0,90.1,1
4493,54670,54668781,11127,250,-1,-1,1,0,89.8,0
4494,54681,54679881,11100,250,-1,-1,1,0,89.8,0
4495,54692,54690988,11107,250,-1,-1,1,0,89.9,0
4496,54703,54702100,11112,250,-1,-1,1,0,89.9,0
4497,54714,54713211,11111,250,-1,-1,1,0,90.0,0
4498,54725,54724318,11107,250,-1,-1,1,0,90.0,0
4499,54736,54735419,11101,250,-1,-1,1,0,90.0,0
4500,54873,54746530,11111,250,-1,-1,1,0,64.7,0
4501,54874,54868728,122198,250,-1,-1,1,0,66.8,1
4502,54881,54879862,11134,250,-1,-1,1,0,68.0,0
4503,54892,54891060,11198,250,-1,-1,1,0,68.5,0
4504,54903,54902063,11003,250,-1,-1,1,0,69.0,0
4505,54914,54913173,11110,250,-1,-1,1,0,69.5,0
4506,54925,54924290,11117,250,-1,-1,1,0,70.0,0
4507,54936,54935393,11103,250,-1,-1,1,0,70.5,0
4508,54948,54946502,11109,250,-1,-1,1,0,70.7,0
4509,54958,54957604,11102,250,-1,-1,1,0,71.3,0
4510,54970,54968715,11111,250,-1,-1,1,0,71.6,1
4511,54981,54979836,11121,250,-1,-1,1,0,71.9,0
4512,54992,54990937,11101,250,-1,-1,1,0,72.3,0
4513,55003,55002045,11108,250,-1,-1,1,0,72.7,0
4514,55015,55013160,11115,250,-1,-1,1,0,72.9,0
4515,55025,55024266,11106,250,-1,-1,1,0,73.3,0
4516,55036,55035377,11111,250,-1,-1,1,0,73.6,0
4517,55047,55046481,11104,250,-1,-1,1,0,74.0,0
4518,55058,55057589,11108,250,-1,-1,1,0,74.2,0
4519,55069,55068693,11104,250,-1,-1,1,0,74.5,1
4520,55081,55079820,11127,250,-1,-1,1,0,74.7,0
4521,55092,55090920,11100,250,-1,-1,1,0,75.0,0
4522,55103,55102029,11109,250,-1,-1,1,0,75.2,0
4523,55114,55113147,11118,250,-1,-1,1,0,75.5,0
4524,55125,55124253,11106,250,-1,-1,1,0,75.7,0
4525,55136,55135362,11109,250,-1,-1,1,0,75.9,0
4526,55147,55146464,11102,250,-1,-1,1,0,76.2,0
4527,55158,55157573,11109,250,-1,-1,1,0,76.4,0
4528,55170,55168674,11101,250,-1,-1,1,0,76.5,1
4529,55181,55179803,11129,250,-1,-1,1,0,76.7,0
4530,55192,55190907,11104,250,-1,-1,1,0,76.9,0
4531,55203,55202011,11104,250,-1,-1,1,0,77.1,0
4532,55215,55213125,11114,250,-1,-1,1,0,77.2,0
4533,55225,55224234,11109,250,-1,-1,1,0,77.5,0
4534,55236,55235342,11108,250,-1,-1,1,0,77.7,0
4535,55247,55246444,11102,250,-1,-1,1,0,77.9,0
4536,55259,55257554,11110,250,-1,-1,1,0,77.9,0
4537,55269,55268663,11109,250,-1,-1,1,0,78.2,1
4538,55281,55279787,11124,250,-1,-1,1,0,78.3,0
4539,55292,55290888,11101,250,-1,-1,1,0,78.4,0
4540,55303,55302002,11114,250,-1,-1,1,0,78.6,0
4541,55314,55313106,11104,250,-1,-1,1,0,78.7,0
4542,55325,55324221,11115,250,-1,-1,1,0,78.9,0
4543,55336,55335327,11106,250,-1,-1,1,0,79.0,0
4544,55347,55346426,11099,250,-1,-1,1,0,79.2,0
4545,55358,55357538,11112,250,-1,-1,1,0,79.3,0
4546,55369,55368647,11109,250,-1,-1,1,0,79.4,1
4547,55381,55379767,11120,250,-1,-1,1,0,79.5,0
4548,55392,55390868,11101,250,-1,-1,1,0,79.6,0
4549,55403,55401979,11111,250,-1,-1,1,0,79.8,0
4550,55414,55413094,11115,250,-1,-1,1,0,79.9,0
4551,55425,55424203,11109,250,-1,-1,1,0,80.0,0
4552,55437,55435308,11105,250,-1,-1,1,0,83.3,0
4553,55447,55446416,11108,250,-1,-1,1,0,90.9,0
4554,55458,55457528,11112,250,-1,-1,1,0,90.9,0
4555,55469,55468623,11095,250,-1,-1,1,0,90.9,1
4556,55481,55479753,11130,250,-1,-1,1,0,89.3,0
4557,55492,55490849,11096,250,-1,-1,1,0,89.6,0
4558,55503,55501961,11112,250,-1,-1,1,0,89.7,0
4559,55514,55513069,11108,250,-1,-1,1,0,89.9,0
4560,55525,55524184,11115,250,-1,-1,1,0,90.0,0
4561,55536,55535293,11109,250,-1,-1,1,0,90.1,0
4562,55547,55546392,11099,250,-1,-1,1,0,90.2,0
4563,55558,55557497,11105,250,-1,-1,1,0,90.2,0
4564,55570,55568610,11113,250,-1,-1,1,0,89.7,1
4565,55581,55579735,11125,250,-1,-1,1,0,89.7,0
4566,55592,55590834,11099,250,-1,-1,1,0,89.8,0
4567,55603,55601940,11106,250,-1,-1,1,0,89.9,0
4568,55615,55613051,11111,250,-1,-1,1,0,89.5,0
4569,55625,55624166,11115,250,-1,-1,1,0,90.0,0
4570,55636,55635276,11110,250,-1,-1,1,0,90.0,0
4571,55647,55646438,11162,250,-1,-1,1,0,90.1,0
4572,55658,55657488,11050,250,-1,-1,1,0,90.1,0
4573,55669,55668591,11103,250,-1,-1,1,0,90.2,1
4574,55681,55679717,11126,250,-1,-1,1,0,89.8,0
4575,55692,55690822,11105,250,-1,-1,1,0,89.9,0
4576,55703,55701924,11102,250,-1,-1,1,0,89.9,0
4577,55714,55713036,11112,250,-1,-1,1,0,90.0,0
4578,55725,55724150,11114,250,-1,-1,1,0,90.0,0
4579,55736,55735261,11111,250,-1,-1,1,0,90.0,0
4580,55747,55746360,11099,250,-1,-1,1,0,90.1,0
4581,55758,55757470,11110,250,-1,-1,1,0,90.1,0
4582,55769,55768582,11112,250,-1,-1,1,0,90.1,1
4583,55781,55779702,11120,250,-1,-1,1,0,89.9,0
4584,55792,55790802,11100,250,-1,-1,1,0,89.9,0
4585,55803,55801913,11111,250,-1,-1,1,0,89.9,0
4586,55814,55813020,11107,250,-1,-1,1,0,90.0,0
4587,55825,55824131,11111,250,-1,-1,1,0,90.0,0
4588,55836,55835237,11106,250,-1,-1,1,0,90.0,0
4589,55847,55846347,11110,250,-1,-1,1,0,90.0,0
4590,55949,55857450,11103,250,-1,-1,1,0,74.4,0
4591,55950,55946323,88873,250,-1,-1,1,0,76.2,1
4592,55958,55957451,11128,250,-1,-1,1,0,76.9,0
4593,55970,55968552,11101,250,-1,-1,1,0,77.1,0
4594,55980,55979656,11104,250,-1,-1,1,0,77.5,0
4595,55992,55990773,11117,250,-1,-1,1,0,77.6,0
4596,56003,56001879,11106,250,-1,-1,1,0,77.9,0
4597,56014,56012985,11106,250,-1,-1,1,0,78.1,0
4598,56025,56024133,11148,250,-1,-1,1,0,78.3,0
4599,56036,56035203,11070,250,-1,-1,1,0,78.6,0
4600,56047,56046315,11112,250,-1,-1,1,0,78.8,1
4601,56058,56057438,11123,250,-1,-1,1,0,79.0,0
4602,56069,56068531,11093,250,-1,-1,1,0,79.2,0
4603,56080,56079642,11111,250,-1,-1,1,0,79.4,0
4604,56092,56090749,11107,250,-1,-1,1,0,79.5,0
4605,56103,56101865,11116,250,-1,-1,1,0,79.6,0
4606,56114,56112970,11105,250,-1,-1,1,0,79.8,0
4607,56125,56124074,11104,250,-1,-1,1,0,80.0,0
4608,56136,56135179,11105,250,-1,-1,1,0,80.2,0
4609,56147,56146290,11111,250,-1,-1,1,0,80.3,1
4610,56158,56157414,11124,250,-1,-1,1,0,80.5,0
4611,56169,56168516,11102,250,-1,-1,1,0,80.6,0
4612,56180,56179621,11105,250,-1,-1,1,0,80.8,0
4613,56192,56190733,11112,250,-1,-1,1,0,80.8,0
4614,56203,56201847,11114,250,-1,-1,1,0,81.0,0
4615,56214,56212952,11105,250,-1,-1,1,0,81.1,0
4616,56225,56224051,11099,250,-1,-1,1,0,81.2,0
4617,56236,56235165,11114,250,-1,-1,1,0,81.4,0
4618,56247,56246270,11105,250,-1,-1,1,0,81.5,1
4619,56258,56257400,11130,250,-1,-1,1,0,81.6,0
4620,56269,56268506,11106,250,-1,-1,1,0,81.8,0
4621,56281,56279609,11103,250,-1,-1,1,0,81.8,0
4622,56292,56290718,11109,250,-1,-1,1,0,81.9,0
4623,56303,56301831,11113,250,-1,-1,1,0,82.0,0
4624,56314,56312935,11104,250,-1,-1,1,0,82.1,0
4625,56325,56324043,11108,250,-1,-1,1,0,82.2,0
4626,56336,56335145,11102,250,-1,-1,1,0,82.3,0
4627,56347,56346258,11113,250,-1,-1,1,0,82.4,1
4628,56358,56357377,11119,250,-1,-1,1,0,82.5,0
4629,56369,56368481,11104,250,-1,-1,1,0,82.5,0
4630,56380,56379585,11104,250,-1,-1,1,0,82.7,0
4631,56392,56390699,11114,250,-1,-1,1,0,82.7,0
4632,56403,56401809,11110,250,-1,-1,1,0,82.8,0
4633,56414,56412916,11107,250,-1,-1,1,0,82.9,0
4634,56425,56424018,11102,250,-1,-1,1,0,83.0,0
4635,56438,56435138,11120,250,-1,-1,1,0,76.9,0
4636,56447,56446244,11106,250,-1,-1,1,0,90.9,1
4637,56458,56457363,11119,250,-1,-1,1,0,90.9,0
4638,56469,56468462,11099,250,-1,-1,1,0,90.9,0
4639,56480,56479573,11111,250,-1,-1,1,0,90.9,0
4640,56491,56490682,11109,250,-1,-1,1,0,90.9,0
4641,56503,56501796,11114,250,-1,-1,1,0,89.7,0
4642,56514,56512898,11102,250,-1,-1,1,0,89.9,0
4643,56525,56524005,11107,250,-1,-1,1,0,90.0,0
4644,56536,56535110,11105,250,-1,-1,1,0,90.1,0
4645,56547,56546225,11115,250,-1,-1,1,0,90.2,1
4646,56558,56557345,11120,250,-1,-1,1,0,90.2,0
4647,56569,56568442,11097,250,-1,-1,1,0,90.3,0
4648,56580,56579556,11114,250,-1,-1,1,0,90.3,0
4649,56592,56590663,11107,250,-1,-1,1,0,89.8,0
4650,56603,56601780,11117,250,-1,-1,1,0,89.9,0
4651,56614,56612882,11102,250,-1,-1,1,0,89.9,0
4652,56625,56623986,11104,250,-1,-1,1,0,90.0,0
4653,56636,56635094,11108,250,-1,-1,1,0,90.0,0
4654,56647,56646204,11110,250,-1,-1,1,0,90.1,1
4655,56658,56657328,11124,250,-1,-1,1,0,90.1,0
4656,56669,56668428,11100,250,-1,-1,1,0,90.2,0
4657,56681,56679539,11111,250,-1,-1,1,0,89.8,0
4658,56692,56690647,11108,250,-1,-1,1,0,89.9,0
4659,56703,56701761,11114,250,-1,-1,1,0,89.9,0
4660,56714,56712867,11106,250,-1,-1,1,0,90.0,0
4661,56725,56723969,11102,250,-1,-1,1,0,90.0,0
4662,56736,56735079,11110,250,-1,-1,1,0,90.0,0
4663,56747,56746186,11107,250,-1,-1,1,0,90.1,1
4664,56758,56757314,11128,250,-1,-1,1,0,90.1,0
4665,56769,56768412,11098,250,-1,-1,1,0,90.1,0
4666,56780,56779521,11109,250,-1,-1,1,0,90.1,0
4667,56792,56790631,11110,250,-1,-1,1,0,89.9,0
4668,56803,56801739,11108,250,-1,-1,1,0,89.9,0
4669,56814,56812850,11111,250,-1,-1,1,0,90.0,0
4670,56825,56823952,11102,250,-1,-1,1,0,90.0,0
4671,56836,56835063,11111,250,-1,-1,1,0,90.0,0
4672,56847,56846168,11105,250,-1,-1,1,0,90.0,1
4673,56858,56857294,11126,250,-1,-1,1,0,90.1,0
4674,56869,56868390,11096,250,-1,-1,1,0,90.1,0
4675,56880,56879509,11119,250,-1,-1,1,0,90.1,0
4676,56891,56890612,11103,250,-1,-1,1,0,90.1,0
4677,56903,56901725,11113,250,-1,-1,1,0,90.0,0
4678,56914,56912834,11109,250,-1,-1,1,0,90.0,0
4679,56925,56923935,11101,250,-1,-1,1,0,90.0,0
4680,57027,56935041,11106,250,-1,-1,1,0,76.4,0
4681,57027,57023912,88871,250,-1,-1,1,0,78.1,1
4682,57036,57035045,11133,250,-1,-1,1,0,78.6,0
4683,57047,57046141,11096,250,-1,-1,1,0,78.8,0
4684,57058,57057249,11108,250,-1,-1,1,0,79.0,0
4685,57069,57068359,11110,250,-1,-1,1,0,79.2,0
4686,57080,57079474,11115,250,-1,-1,1,0,79.4,0
4687,57091,57090585,11111,250,-1,-1,1,0,79.6,0
4688,57103,57101687,11102,250,-1,-1,1,0,79.6,0
4689,57114,57112802,11115,250,-1,-1,1,0,79.8,0
4690,57125,57123909,11107,250,-1,-1,1,0,80.0,1
4691,57136,57135025,11116,250,-1,-1,1,0,80.2,0
4692,57147,57146127,11102,250,-1,-1,1,0,80.3,0
4693,57158,57157230,11103,250,-1,-1,1,0,80.5,0
4694,57169,57168350,11120,250,-1,-1,1,0,80.6,0
4695,57180,57179453,11103,250,-1,-1,1,0,80.8,0
4696,57191,57190693,11240,250,-1,-1,1,0,80.9,0
4697,57202,57201664,10971,250,-1,-1,1,0,81.1,0
4698,57214,57212773,11109,250,-1,-1,1,0,81.1,0
4699,57225,57223881,11108,250,-1,-1,1,0,81.2,1
4700,57236,57235010,11129,250,-1,-1,1,0,81.4,0
4701,57247,57246109,11099,250,-1,-1,1,0,81.5,0
4702,57258,57257216,11107,250,-1,-1,1,0,81.6,0
4703,57269,57268341,11125,250,-1,-1,1,0,81.8,0
4704,57280,57279469,11128,250,-1,-1,1,0,81.9,0
4705,57291,57290545,11076,250,-1,-1,1,0,82.0,0
4706,57303,57301650,11105,250,-1,-1,1,0,82.0,0
4707,57314,57312759,11109,250,-1,-1,1,0,82.1,0
4708,57325,57323873,11114,250,-1,-1,1,0,82.2,1
4709,57336,57334989,11116,250,-1,-1,1,0,82.3,0
4710,57347,57346087,11098,250,-1,-1,1,0,82.4,0
4711,57358,57357199,11112,250,-1,-1,1,0,82.5,0
4712,57369,57368309,11110,250,-1,-1,1,0,82.6,0
4713,57380,57379425,11116,250,-1,-1,1,0,82.7,0
4714,57391,57390531,11106,250,-1,-1,1,0,82.8,0
4715,57402,57401637,11106,250,-1,-1,1,0,82.9,0
4716,57414,57412740,11103,250,-1,-1,1,0,82.9,0
4717,57425,57423847,11107,250,-1,-1,1,0,83.0,1
4718,57461,57457178,33331,250,-1,-1,1,0,27.8,0
4719,57469,57468295,11117,250,-1,-1,1,0,45.5,0
4720,57480,57479407,11112,250,-1,-1,1,0,54.5,0
4721,57491,57490512,11105,250,-1,-1,1,0,60.6,0
4722,57502,57501618,11106,250,-1,-1,1,0,64.9,0
4723,57514,57512723,11105,250,-1,-1,1,0,67.4,0
4724,57525,57523833,11110,250,-1,-1,1,0,70.0,0
4725,57536,57534937,11104,250,-1,-1,1,0,72.1,0
4726,57547,57546051,11114,250,-1,-1,1,0,73.8,1
4727,57558,57557176,11125,250,-1,-1,1,0,75.2,0
4728,57569,57568271,11095,250,-1,-1,1,0,76.4,0
4729,57580,57579381,11110,250,-1,-1,1,0,77.4,0
4730,57591,57590491,11110,250,-1,-1,1,0,78.3,0
4731,57602,57601608,11117,250,-1,-1,1,0,79.1,0
4732,57614,57612716,11108,250,-1,-1,1,0,79.4,0
4733,57625,57623819,11103,250,-1,-1,1,0,80.0,0
4734,57636,57634923,11104,250,-1,-1,1,0,80.6,0
4735,57647,57646033,11110,250,-1,-1,1,0,81.1,1
4736,57658,57657158,11125,250,-1,-1,1,0,81.5,0
4737,57669,57668253,11095,250,-1,-1,1,0,82.0,0
4738,57680,57679366,11113,250,-1,-1,1,0,82.4,0
4739,57691,57690475,11109,250,-1,-1,1,0,82.7,0
4740,57703,57701590,11115,250,-1,-1,1,0,82.7,0
4741,57714,57712697,11107,250,-1,-1,1,0,83.0,0
4742,57725,57723797,11100,250,-1,-1,1,0,83.3,0
4743,57736,57734909,11112,250,-1,-1,1,0,83.6,0
4744,57747,57746017,11108,250,-1,-1,1,0,83.9,1
4745,57758,57757144,11127,250,-1,-1,1,0,84.1,0
4746,57769,57768242,11098,250,-1,-1,1,0,84.3,0
4747,57780,57779348,11106,250,-1,-1,1,0,84.5,0
4748,57791,57790458,11110,250,-1,-1,1,0,84.7,0
4749,57802,57801570,11112,250,-1,-1,1,0,84.9,0
4750,57813,57812678,11108,250,-1,-1,1,0,85.1,0
4751,57825,57823780,11102,250,-1,-1,1,0,85.0,0
4752,57836,57834889,11109,250,-1,-1,1,0,85.2,0
4753,57847,57846000,11111,250,-1,-1,1,0,85.3,1
4754,57858,57857123,11123,250,-1,-1,1,0,85.5,0
4755,57869,57868224,11101,250,-1,-1,1,0,85.6,0
4756,57880,57879335,11111,250,-1,-1,1,0,85.7,0
4757,57892,57890444,11109,250,-1,-1,1,0,85.7,0
4758,57902,57901557,11113,250,-1,-1,1,0,86.0,0
4759,57913,57912665,11108,250,-1,-1,1,0,86.1,0
4760,57925,57923765,11100,250,-1,-1,1,0,86.0,0
4761,57936,57934871,11106,250,-1,-1,1,0,86.1,0
4762,57947,57945981,11110,250,-1,-1,1,0,86.2,1
4763,57958,57957103,11122,250,-1,-1,1,0,86.3,0
4764,57969,57968204,11101,250,-1,-1,1,0,86.4,0
4765,57980,57979313,11109,250,-1,-1,1,0,86.5,0
4766,57991,57990426,11113,250,-1,-1,1,0,86.6,0
4767,58002,58001538,11112,250,-1,-1,1,0,86.7,0
4768,58014,58012650,11112,250,-1,-1,1,0,86.6,0
4769,58025,58023742,11092,250,-1,-1,1,0,86.7,0
4770,58127,58034854,11112,250,-1,-1,1,0,75.5,0
4771,58127,58123726,88872,250,-1,-1,1,0,76.9,1
4772,58136,58134855,11129,250,-1,-1,1,0,77.4,0
4773,58147,58145953,11098,250,-1,-1,1,0,77.6,0
4774,58158,58157059,11106,250,-1,-1,1,0,77.8,0
4775,58169,58168177,11118,250,-1,-1,1,0,78.0,0
4776,58180,58179284,11107,250,-1,-1,1,0,78.1,0
4777,58191,58190391,11107,250,-1,-1,1,0,78.3,0
4778,58202,58201499,11108,250,-1,-1,1,0,78.5,0
4779,58213,58212610,11111,250,-1,-1,1,0,78.7,0
4780,58225,58223725,11115,250,-1,-1,1,0,78.8,1
4781,58236,58234839,11114,250,-1,-1,1,0,78.9,0
4782,58247,58245938,11099,250,-1,-1,1,0,79.1,0
4783,58258,58257047,11109,250,-1,-1,1,0,79.2,0
4784,58270,58268153,11106,250,-1,-1,1,0,79.3,0
4785,58280,58279271,11118,250,-1,-1,1,0,79.5,0
4786,58291,58290375,11104,250,-1,-1,1,0,79.7,0
4787,58302,58301479,11104,250,-1,-1,1,0,79.8,0
4788,58313,58312586,11107,250,-1,-1,1,0,80.0,0
4789,58325,58323697,11111,250,-1,-1,1,0,80.0,1
4790,58336,58334821,11124,250,-1,-1,1,0,80.1,0
4791,58347,58345920,11099,250,-1,-1,1,0,80.3,0
4792,58358,58357030,11110,250,-1,-1,1,0,80.4,0
4793,58369,58368136,11106,250,-1,-1,1,0,80.5,0
4794,58380,58379253,11117,250,-1,-1,1,0,80.6,0
4795,58391,58390358,11105,250,-1,-1,1,0,80.7,0
4796,58402,58401457,11099,250,-1,-1,1,0,80.9,0
4797,58413,58412571,11114,250,-1,-1,1,0,81.0,0
4798,58424,58423675,11104,250,-1,-1,1,0,81.1,1
4799,58472,58468116,44441,250,-1,-1,1,0,21.3,0
4800,58481,58479231,11115,250,-1,-1,1,0,35.7,0
4801,58491,58490341,11110,250,-1,-1,1,0,45.5,0
4802,58502,58501449,11108,250,-1,-1,1,0,51.9,0
4803,58513,58512555,11106,250,-1,-1,1,0,56.8,0
4804,58524,58523661,11106,250,-1,-1,1,0,60.6,0
4805,58536,58534766,11105,250,-1,-1,1,0,63.1,0
4806,58547,58545881,11115,250,-1,-1,1,0,65.6,0
4807,58558,58556990,11109,250,-1,-1,1,0,67.7,1
4808,58569,58568114,11124,250,-1,-1,1,0,69.4,0
4809,58580,58579210,11096,250,-1,-1,1,0,71.0,0
4810,58591,58590321,11111,250,-1,-1,1,0,72.3,0
4811,58602,58601431,11110,250,-1,-1,1,0,73.4,0
4812,58613,58612547,11116,250,-1,-1,1,0,74.5,0
4813,58624,58623652,11105,250,-1,-1,1,0,75.4,0
4814,58636,58634754,11102,250,-1,-1,1,0,75.8,0
4815,58647,58645862,11108,250,-1,-1,1,0,76.6,0
4816,58658,58656968,11106,250,-1,-1,1,0,77.3,1
4817,58669,58668094,11126,250,-1,-1,1,0,77.9,0
4818,58680,58679195,11101,250,-1,-1,1,0,78.4,0
4819,58691,58690302,11107,250,-1,-1,1,0,78.9,0
4820,58702,58701420,11118,250,-1,-1,1,0,79.4,0
4821,58713,58712529,11109,250,-1,-1,1,0,79.9,0
4822,58725,58723638,11109,250,-1,-1,1,0,80.0,0
4823,58736,58734736,11098,250,-1,-1,1,0,80.4,0
4824,58747,58745848,11112,250,-1,-1,1,0,80.7,0
4825,58758,58756954,11106,250,-1,-1,1,0,81.1,1
4826,58769,58768078,11124,250,-1,-1,1,0,81.4,0
4827,58780,58779176,11098,250,-1,-1,1,0,81.7,0
4828,58791,58790289,11113,250,-1,-1,1,0,82.0,0
4829,58802,58801397,11108,250,-1,-1,1,0,82.2,0
4830,58813,58812511,11114,250,-1,-1,1,0,82.5,0
4831,58824,58823620,11109,250,-1,-1,1,0,82.7,0
4832,58836,58834721,11101,250,-1,-1,1,0,82.7,0
4833,58847,58845828,11107,250,-1,-1,1,0,82.9,0
4834,58858,58856935,11107,250,-1,-1,1,0,83.1,1
4835,58869,58868059,11124,250,-1,-1,1,0,83.3,0
4836,58880,58879161,11102,250,-1,-1,1,0,83.5,0
4837,58891,58890270,11109,250,-1,-1,1,0,83.7,0
4838,58902,58901376,11106,250,-1,-1,1,0,83.9,0
4839,58913,58912496,11120,250,-1,-1,1,0,84.0,0
4840,58924,58923604,11108,250,-1,-1,1,0,84.2,0
4841,58935,58934701,11097,250,-1,-1,1,0,84.1,0
4842,58947,58945811,11110,250,-1,-1,1,0,84.3,0
4843,58958,58956919,11108,250,-1,-1,1,0,84.4,1
4844,58969,58968043,11124,250,-1,-1,1,0,84.6,0
4845,58980,58979141,11098,250,-1,-1,1,0,84.7,0
4846,58991,58990255,11114,250,-1,-1,1,0,84.8,0
4847,59002,59001366,11111,250,-1,-1,1,0,84.9,0
4848,59013,59012477,11111,250,-1,-1,1,0,85.0,0
4849,59024,59023581,11104,250,-1,-1,1,0,85.1,0
4850,59036,59034685,11104,250,-1,-1,1,0,85.1,0
4851,59047,59045794,11109,250,-1,-1,1,0,85.2,0
4852,59058,59056906,11112,250,-1,-1,1,0,85.3,1
4853,59069,59068025,11119,250,-1,-1,1,0,85.4,0
4854,59080,59079125,11100,250,-1,-1,1,0,85.5,0
4855,59091,59090232,11107,250,-1,-1,1,0,85.6,0
4856,59102,59101346,11114,250,-1,-1,1,0,85.7,0
4857,59113,59112456,11110,250,-1,-1,1,0,85.8,0
4858,59125,59123654,11198,250,-1,-1,1,0,85.7,0
4859,59135,59134669,11015,250,-1,-1,1,0,85.9,0
4860,59238,59145777,11108,250,-1,-1,1,0,76.3,0
4861,59238,59234646,88869,250,-1,-1,1,0,77.5,1
4862,59247,59245775,11129,250,-1,-1,1,0,77.9,0
4863,59258,59256877,11102,250,-1,-1,1,0,78.0,0
4864,59269,59267977,11100,250,-1,-1,1,0,78.2,0
4865,59280,59279101,11124,250,-1,-1,1,0,78.4,0
4866,59291,59290206,11105,250,-1,-1,1,0,78.5,0
4867,59302,59301311,11105,250,-1,-1,1,0,78.7,0
4868,59313,59312421,11110,250,-1,-1,1,0,78.8,0
4869,59324,59323529,11108,250,-1,-1,1,0,79.0,0
4870,59335,59334641,11112,250,-1,-1,1,0,79.1,1
4871,59347,59345758,11117,250,-1,-1,1,0,79.2,0
4872,59358,59356855,11097,250,-1,-1,1,0,79.3,0
4873,59369,59367964,11109,250,-1,-1,1,0,79.4,0
4874,59380,59379077,11113,250,-1,-1,1,0,79.6,0
4875,59391,59390191,11114,250,-1,-1,1,0,79.7,0
4876,59402,59401298,11107,250,-1,-1,1,0,79.8,0
4877,59413,59412398,11100,250,-1,-1,1,0,80.0,0
4878,59424,59423504,11106,250,-1,-1,1,0,80.1,0
4879,59436,59434613,11109,250,-1,-1,1,0,80.1,1
4880,59472,59467937,33324,250,-1,-1,1,0,27.8,0
4881,59480,59479064,11127,250,-1,-1,1,0,45.5,0
4882,59491,59490169,11105,250,-1,-1,1,0,54.5,0
4883,59502,59501279,11110,250,-1,-1,1,0,60.6,0
4884,59513,59512386,11107,250,-1,-1,1,0,64.9,0
4885,59524,59523488,11102,250,-1,-1,1,0,68.2,0
4886,59535,59534601,11113,250,-1,-1,1,0,70.7,0
4887,59546,59545711,11110,250,-1,-1,1,0,72.7,0
4888,59558,59556817,11106,250,-1,-1,1,0,73.8,1
4889,59569,59567944,11127,250,-1,-1,1,0,75.2,0
4890,59580,59579040,11096,250,-1,-1,1,0,76.4,0
4891,59591,59590153,11113,250,-1,-1,1,0,77.4,0
4892,59602,59601255,11102,250,-1,-1,1,0,78.3,0
4893,59613,59612375,11120,250,-1,-1,1,0,79.1,0
4894,59624,59623480,11105,250,-1,-1,1,0,79.8,0
4895,59635,59634580,11100,250,-1,-1,1,0,80.4,0
4896,59646,59645690,11110,250,-1,-1,1,0,81.0,0
4897,59658,59656802,11112,250,-1,-1,1,0,81.1,1
4898,59669,59667924,11122,250,-1,-1,1,0,81.5,0
4899,59680,59679023,11099,250,-1,-1,1,0,82.0,0
4900,59691,59690129,11106,250,-1,-1,1,0,82.4,0
4901,59702,59701244,11115,250,-1,-1,1,0,82.7,0
4902,59713,59712357,11113,250,-1,-1,1,0,83.0,0
4903,59724,59723465,11108,250,-1,-1,1,0,83.3,0
4904,59735,59734560,11095,250,-1,-1,1,0,83.6,0
4905,59747,59745671,11111,250,-1,-1,1,0,83.6,0
4906,59758,59756784,11113,250,-1,-1,1,0,83.9,1
4907,59769,59767910,11126,250,-1,-1,1,0,84.1,0
4908,59780,59779006,11096,250,-1,-1,1,0,84.3,0
4909,59791,59790115,11109,250,-1,-1,1,0,84.5,0
4910,59802,59801224,11109,250,-1,-1,1,0,84.7,0
4911,59813,59812344,11120,250,-1,-1,1,0,84.9,0
4912,59824,59823447,11103,250,-1,-1,1,0,85.1,0
4913,59836,59834547,11100,250,-1,-1,1,0,85.0,0
4914,59846,59845655,11108,250,-1,-1,1,0,85.4,0
4915,59858,59856764,11109,250,-1,-1,1,0,85.3,1
4916,59869,59867892,11128,250,-1,-1,1,0,85.5,0
4917,59880,59878991,11099,250,-1,-1,1,0,85.6,0
4918,59891,59890100,11109,250,-1,-1,1,0,85.7,0
4919,59902,59901210,11110,250,-1,-1,1,0,85.8,0
4920,59913,59912320,11110,250,-1,-1,1,0,86.0,0
4921,59924,59923429,11109,250,-1,-1,1,0,86.1,0
4922,59935,59934536,11107,250,-1,-1,1,0,86.2,0
4923,59946,59945639,11103,250,-1,-1,1,0,86.3,0
4924,59958,59956748,11109,250,-1,-1,1,0,86.2,1
4925,59969,59967876,11128,250,-1,-1,1,0,86.3,0
4926,59980,59978970,11094,250,-1,-1,1,0,86.4,0
4927,59991,59990085,11115,250,-1,-1,1,0,86.5,0
4928,60002,60001192,11107,250,-1,-1,1,0,86.6,0
4929,60013,60012308,11116,250,-1,-1,1,0,86.7,0
4930,60024,60023415,11107,250,-1,-1,1,0,86.7,0
4931,60035,60034516,11101,250,-1,-1,1,0,86.8,0
4932,60046,60045621,11105,250,-1,-1,1,0,86.9,0
4933,60058,60056744,11123,250,-1,-1,1,0,86.8,1
4934,60069,60067853,11109,250,-1,-1,1,0,86.9,0
4935,60080,60078953,11100,250,-1,-1,1,0,87.0,0
4936,60091,60090064,11111,250,-1,-1,1,0,87.0,0
4937,60102,60101172,11108,250,-1,-1,1,0,87.1,0
4938,60113,60112287,11115,250,-1,-1,1,0,87.1,0
4939,60124,60123395,11108,250,-1,-1,1,0,87.2,0
4940,60135,60134495,11100,250,-1,-1,1,0,87.3,0
4941,60147,60145610,11115,250,-1,-1,1,0,87.2,0
4942,60158,60156715,11105,250,-1,-1,1,0,87.3,1
4943,60169,60167840,11125,250,-1,-1,1,0,87.3,0
4944,60180,60178937,11097,250,-1,-1,1,0,87.4,0
4945,60191,60190050,11113,250,-1,-1,1,0,87.4,0
4946,60202,60201162,11112,250,-1,-1,1,0,87.5,0
4947,60213,60212297,11135,250,-1,-1,1,0,87.5,0
4948,60224,60223379,11082,250,-1,-1,1,0,87.6,0
4949,60235,60234479,11100,250,-1,-1,1,0,87.6,0
4950,60342,60245587,11108,250,-1,-1,1,0,78.4,0
4951,60342,60334460,88873,250,-1,-1,1,0,79.5,1
4952,60346,60345591,11131,250,-1,-1,1,0,80.2,0
4953,60357,60356687,11096,250,-1,-1,1,0,80.3,0
4954,60369,60367792,11105,250,-1,-1,1,0,80.4,0
4955,60380,60378909,11117,250,-1,-1,1,0,80.5,0
4956,60391,60390019,11110,250,-1,-1,1,0,80.6,0
4957,60402,60401125,11106,250,-1,-1,1,0,80.7,0
4958,60413,60412234,11109,250,-1,-1,1,0,80.9,0
4959,60424,60423344,11110,250,-1,-1,1,0,81.0,0
4960,60435,60434453,11109,250,-1,-1,1,0,81.1,1
4961,60477,60467778,33325,250,-1,-1,1,0,24.4,0
4962,60480,60478890,11112,250,-1,-1,1,0,45.5,0
4963,60491,60489996,11106,250,-1,-1,1,0,54.5,0
4964,60502,60501113,11117,250,-1,-1,1,0,60.6,0
4965,60513,60512220,11107,250,-1,-1,1,0,64.9,0
4966,60524,60523320,11100,250,-1,-1,1,0,68.2,0
4967,60535,60534428,11108,250,-1,-1,1,0,70.7,0
4968,60547,60545537,11109,250,-1,-1,1,0,72.1,0
4969,60557,60556651,11114,250,-1,-1,1,0,74.4,1
4970,60569,60567769,11118,250,-1,-1,1,0,75.2,0
4971,60580,60578867,11098,250,-1,-1,1,0,76.4,0
4972,60591,60589989,11122,250,-1,-1,1,0,77.4,0
4973,60602,60601086,11097,250,-1,-1,1,0,78.3,0
4974,60613,60612200,11114,250,-1,-1,1,0,79.1,0
4975,60624,60623311,11111,250,-1,-1,1,0,79.8,0
4976,60635,60634417,11106,250,-1,-1,1,0,80.4,0
4977,60646,60645520,11103,250,-1,-1,1,0,81.0,0
4978,60658,60656631,11111,250,-1,-1,1,0,81.1,1
4979,60669,60667755,11124,250,-1,-1,1,0,81.5,0
4980,60680,60678854,11099,250,-1,-1,1,0,82.0,0
4981,60691,60689962,11108,250,-1,-1,1,0,82.4,0
4982,60702,60701123,11161,250,-1,-1,1,0,82.7,0
4983,60713,60712186,11063,250,-1,-1,1,0,83.0,0
4984,60724,60723298,11112,250,-1,-1,1,0,83.3,0
4985,60735,60734390,11092,250,-1,-1,1,0,83.6,0
4986,60746,60745513,11123,250,-1,-1,1,0,83.9,0
4987,60757,60756609,11096,250,-1,-1,1,0,84.1,1
4988,60769,60767738,11129,250,-1,-1,1,0,84.1,0
4989,60780,60778832,11094,250,-1,-1,1,0,84.3,0
4990,60791,60789949,11117,250,-1,-1,1,0,84.5,0
4991,60802,60801054,11105,250,-1,-1,1,0,84.7,0
4992,60813,60812168,11114,250,-1,-1,1,0,84.9,0
4993,60824,60823282,11114,250,-1,-1,1,0,85.1,0
4994,60835,60834377,11095,250,-1,-1,1,0,85.2,0
4995,60846,60845482,11105,250,-1,-1,1,0,85.4,0
4996,60857,60856595,11113,250,-1,-1,1,0,85.5,1
4997,60869,60867718,11123,250,-1,-1,1,0,85.5,0
4998,60880,60878819,11101,250,-1,-1,1,0,85.6,0
4999,60891,60889924,11105,250,-1,-1,1,0,85.7,0
5000,60902,60901039,11115,250,-1,-1,1,0,85.8,0
5001,60913,60912151,11112,250,-1,-1,1,0,86.0,0
5002,60924,60923259,11108,250,-1,-1,1,0,86.1,0
5003,60935,60934358,11099,250,-1,-1,1,0,86.2,0
5004,60946,60945468,11110,250,-1,-1,1,0,86.3,0
5005,60957,60956576,11108,250,-1,-1,1,0,86.4,1
5006,60969,60967703,11127,250,-1,-1,1,0,86.3,0
5007,60980,60978801,11098,250,-1,-1,1,0,86.4,0
5008,60991,60989913,11112,250,-1,-1,1,0,86.5,0
5009,61002,61001022,11109,250,-1,-1,1,0,86.6,0
5010,61013,61012135,11113,250,-1,-1,1,0,86.7,0
5011,61024,61023242,11107,250,-1,-1,1,0,86.7,0
5012,61035,61034343,11101,250,-1,-1,1,0,86.8,0
5013,61046,61045451,11108,250,-1,-1,1,0,86.9,0
5014,61057,61056560,11109,250,-1,-1,1,0,87.0,1
5015,61069,61067684,11124,250,-1,-1,1,0,86.9,0
5016,61080,61078784,11100,250,-1,-1,1,0,87.0,0
5017,61091,61089894,11110,250,-1,-1,1,0,87.0,0
5018,61102,61101004,11110,250,-1,-1,1,0,87.1,0
5019,61113,61112117,11113,250,-1,-1,1,0,87.1,0
5020,61124,61123226,11109,250,-1,-1,1,0,87.2,0
5021,61135,61134325,11099,250,-1,-1,1,0,87.3,0
5022,61146,61145436,11111,250,-1,-1,1,0,87.3,0
5023,61157,61156543,11107,250,-1,-1,1,0,87.4,1
5024,61169,61167670,11127,250,-1,-1,1,0,87.3,0
5025,61180,61178767,11097,250,-1,-1,1,0,87.4,0
5026,61191,61189877,11110,250,-1,-1,1,0,87.4,0
5027,61202,61200985,11108,250,-1,-1,1,0,87.5,0
5028,61213,61212102,11117,250,-1,-1,1,0,87.5,0
5029,61224,61223208,11106,250,-1,-1,1,0,87.6,0
5030,61235,61234305,11097,250,-1,-1,1,0,87.6,0
5031,61246,61245415,11110,250,-1,-1,1,0,87.7,0
5032,61257,61256527,11112,250,-1,-1,1,0,87.7,1
5033,61268,61267648,11121,250,-1,-1,1,0,87.7,0
5034,61280,61278753,11105,250,-1,-1,1,0,87.7,0
5035,61291,61289858,11105,250,-1,-1,1,0,87.7,0
5036,61302,61300970,11112,250,-1,-1,1,0,87.8,0
5037,61313,61312082,11112,250,-1,-1,1,0,87.8,0
5038,61324,61323193,11111,250,-1,-1,1,0,87.8,0
5039,61335,61334290,11097,250,-1,-1,1,0,87.9,0
5040,61398,61345406,11116,250,-1,-1,1,0,83.2,0
5041,61399,61389842,44436,250,-1,-1,1,0,84.1,1
5042,61402,61400952,11110,250,-1,-1,1,0,84.9,0
5043,61413,61412063,11111,250,-1,-1,1,0,85.0,0
5044,61424,61423168,11105,250,-1,-1,1,0,85.0,0
5045,61435,61434278,11110,250,-1,-1,1,0,85.1,0
5046,61447,61445390,11112,250,-1,-1,1,0,85.1,0
5047,61492,61489820,44430,250,-1,-1,1,0,22.2,0
5048,61502,61500936,11116,250,-1,-1,1,0,36.4,0
5049,61513,61512045,11109,250,-1,-1,1,0,45.5,0
5050,61524,61523146,11101,250,-1,-1,1,0,51.9,1
5051,61535,61534272,11126,250,-1,-1,1,0,56.8,0
5052,61546,61545371,11099,250,-1,-1,1,0,60.6,0
5053,61558,61556479,11108,250,-1,-1,1,0,63.1,0
5054,61568,61567593,11114,250,-1,-1,1,0,66.1,0
5055,61580,61578711,11118,250,-1,-1,1,0,67.7,0
5056,61591,61589809,11098,250,-1,-1,1,0,69.4,0
5057,61602,61600916,11107,250,-1,-1,1,0,71.0,0
5058,61613,61612022,11106,250,-1,-1,1,0,72.3,0
5059,61624,61623128,11106,250,-1,-1,1,0,73.4,1
5060,61635,61634255,11127,250,-1,-1,1,0,74.5,0
5061,61646,61645349,11094,250,-1,-1,1,0,75.4,0
5062,61657,61656461,11112,250,-1,-1,1,0,76.2,0
5063,61668,61667572,11111,250,-1,-1,1,0,76.9,0
5064,61680,61678688,11116,250,-1,-1,1,0,77.3,0
5065,61691,61689793,11105,250,-1,-1,1,0,77.9,0
5066,61702,61700894,11101,250,-1,-1,1,0,78.4,0
5067,61713,61712013,11119,250,-1,-1,1,0,78.9,0
5068,61724,61723112,11099,250,-1,-1,1,0,79.4,1
5069,61735,61734238,11126,250,-1,-1,1,0,79.9,0
5070,61746,61745335,11097,250,-1,-1,1,0,80.3,0
5071,61757,61756443,11108,250,-1,-1,1,0,80.6,0
5072,61768,61767557,11114,250,-1,-1,1,0,81.0,0
5073,61780,61778670,11113,250,-1,-1,1,0,81.1,0
5074,61791,61789780,11110,250,-1,-1,1,0,81.4,0
5075,61802,61800878,11098,250,-1,-1,1,0,81.7,0
5076,61813,61811994,11116,250,-1,-1,1,0,82.0,0
5077,61824,61823095,11101,250,-1,-1,1,0,82.2,1
5078,61835,61834219,11124,250,-1,-1,1,0,82.5,0
5079,61846,61845316,11097,250,-1,-1,1,0,82.7,0
5080,61857,61856432,11116,250,-1,-1,1,0,82.9,0
5081,61868,61867536,11104,250,-1,-1,1,0,82.9,0
5082,61879,61878657,11121,250,-1,-1,1,0,83.1,0
5083,61891,61889808,11151,250,-1,-1,1,0,83.3,0
5084,61902,61900863,11055,250,-1,-1,1,0,83.5,0
5085,61913,61911976,11113,250,-1,-1,1,0,83.7,0
5086,61924,61923076,11100,250,-1,-1,1,0,83.9,1
5087,61935,61934202,11126,250,-1,-1,1,0,84.0,0
5088,61946,61945300,11098,250,-1,-1,1,0,84.2,0
5089,61957,61956408,11108,250,-1,-1,1,0,84.3,0
5090,61968,61967523,11115,250,-1,-1,1,0,84.5,0
5091,61979,61978637,11114,250,-1,-1,1,0,84.6,0
5092,61991,61989741,11104,250,-1,-1,1,0,84.6,0
5093,62002,62000844,11103,250,-1,-1,1,0,84.7,0
5094,62013,62011959,11115,250,-1,-1,1,0,84.8,0
5095,62024,62023060,11101,250,-1,-1,1,0,84.9,1
5096,62035,62034188,11128,250,-1,-1,1,0,85.0,0
5097,62046,62045283,11095,250,-1,-1,1,0,85.1,0
5098,62057,62056398,11115,250,-1,-1,1,0,85.2,0
5099,62068,62067504,11106,250,-1,-1,1,0,85.3,0
5100,62079,62078620,11116,250,-1,-1,1,0,85.4,0
5101,62091,62089729,11109,250,-1,-1,1,0,85.4,0
5102,62102,62100828,11099,250,-1,-1,1,0,85.5,0
5103,62113,62111937,11109,250,-1,-1,1,0,85.6,0
5104,62124,62123045,11108,250,-1,-1,1,0,85.7,1
5105,62135,62134170,11125,250,-1,-1,1,0,85.8,0
5106,62146,62145271,11101,250,-1,-1,1,0,85.8,0
5107,62157,62156381,11110,250,-1,-1,1,0,85.9,0
5108,62168,62167489,11108,250,-1,-1,1,0,86.0,0
5109,62180,62178600,11111,250,-1,-1,1,0,85.9,0
5110,62190,62189712,11112,250,-1,-1,1,0,86.0,0
5111,62202,62200849,11137,250,-1,-1,1,0,86.1,0
5112,62213,62211921,11072,250,-1,-1,1,0,86.2,0
5113,62224,62223025,11104,250,-1,-1,1,0,86.2,1
5114,62235,62234153,11128,250,-1,-1,1,0,86.3,0
5115,62246,62245258,11105,250,-1,-1,1,0,86.4,0
5116,62257,62256359,11101,250,-1,-1,1,0,86.4,0
5117,62268,62267470,11111,250,-1,-1,1,0,86.5,0
5118,62280,62278619,11149,250,-1,-1,1,0,86.4,0
5119,62290,62289695,11076,250,-1,-1,1,0,86.6,0
5120,62302,62300791,11096,250,-1,-1,1,0,86.5,0
5121,62313,62311899,11108,250,-1,-1,1,0,86.6,0
5122,62324,62323021,11122,250,-1,-1,1,0,86.7,1
5123,62335,62334132,11111,250,-1,-1,1,0,86.7,0
5124,62346,62345233,11101,250,-1,-1,1,0,86.8,0
5125,62357,62356339,11106,250,-1,-1,1,0,86.8,0
5126,62368,62367459,11120,250,-1,-1,1,0,86.9,0
5127,62379,62378567,11108,250,-1,-1,1,0,86.9,0
5128,62391,62389675,11108,250,-1,-1,1,0,86.9,0
5129,62402,62400777,11102,250,-1,-1,1,0,86.9,0
5130,62508,62411888,11111,250,-1,-1,1,0,79.2,0
5131,62529,62522982,111094,250,-1,-1,1,0,47.6,1
5132,62535,62534109,11127,250,-1,-1,1,0,74.1,0
5133,62546,62545200,11091,250,-1,-1,1,0,78.9,0
5134,62557,62556309,11109,250,-1,-1,1,0,81.6,0
5135,62568,62567421,11112,250,-1,-1,1,0,83.3,0
5136,62580,62578532,11111,250,-1,-1,1,0,83.3,0
5137,62590,62589639,11107,250,-1,-1,1,0,85.4,0
5138,62602,62600740,11101,250,-1,-1,1,0,85.1,0
5139,62613,62611860,11120,250,-1,-1,1,0,85.7,0
5140,62624,62622958,11098,250,-1,-1,1,0,86.2,1
5141,62635,62634086,11128,250,-1,-1,1,0,86.6,0
5142,62646,62645180,11094,250,-1,-1,1,0,87.0,0
5143,62657,62656293,11113,250,-1,-1,1,0,87.2,0
5144,62668,62667399,11106,250,-1,-1,1,0,87.5,0
5145,62679,62678520,11121,250,-1,-1,1,0,87.7,0
5146,62690,62689623,11103,250,-1,-1,1,0,87.9,0
5147,62702,62700723,11100,250,-1,-1,1,0,87.6,0
5148,62713,62711832,11109,250,-1,-1,1,0,87.8,0
5149,62724,62722939,11107,250,-1,-1,1,0,88.0,1
5150,62735,62734066,11127,250,-1,-1,1,0,88.1,0
5151,62746,62745165,11099,250,-1,-1,1,0,88.2,0
5152,62757,62756272,11107,250,-1,-1,1,0,88.4,0
5153,62768,62767385,11113,250,-1,-1,1,0,88.5,0
5154,62779,62778498,11113,250,-1,-1,1,0,88.6,0
5155,62790,62789613,11115,250,-1,-1,1,0,88.7,0
5156,62802,62800704,11091,250,-1,-1,1,0,88.4,0
5157,62813,62811818,11114,250,-1,-1,1,0,88.5,0
5158,62824,62822921,11103,250,-1,-1,1,0,88.6,1
5159,62835,62834047,11126,250,-1,-1,1,0,88.7,0
5160,62846,62845146,11099,250,-1,-1,1,0,88.8,0
5161,62857,62856256,11110,250,-1,-1,1,0,88.8,0
5162,62868,62867368,11112,250,-1,-1,1,0,88.9,0
5163,62879,62878479,11111,250,-1,-1,1,0,88.9,0
5164,62891,62889587,11108,250,-1,-1,1,0,88.8,0
5165,62901,62900692,11105,250,-1,-1,1,0,88.8,0
5166,62913,62911799,11107,250,-1,-1,1,0,88.9,0
5167,62924,62922905,11106,250,-1,-1,1,0,88.9,1
5168,62935,62934031,11126,250,-1,-1,1,0,89.0,0
5169,62946,62945132,11101,250,-1,-1,1,0,89.0,0
5170,62957,62956237,11105,250,-1,-1,1,0,89.1,0
5171,62968,62967350,11113,250,-1,-1,1,0,89.1,0
5172,62979,62978465,11115,250,-1,-1,1,0,89.2,0
5173,62990,62989570,11105,250,-1,-1,1,0,89.2,0
5174,63001,63000674,11104,250,-1,-1,1,0,89.2,0
5175,63013,63011785,11111,250,-1,-1,1,0,89.1,0
5176,63024,63022887,11102,250,-1,-1,1,0,89.1,1
5177,63035,63034019,11132,250,-1,-1,1,0,89.2,0
5178,63046,63045112,11093,250,-1,-1,1,0,89.2,0
5179,63057,63056222,11110,250,-1,-1,1,0,89.3,0
5180,63068,63067336,11114,250,-1,-1,1,0,89.3,0
5181,63079,63078448,11112,250,-1,-1,1,0,89.3,0
5182,63090,63089555,11107,250,-1,-1,1,0,89.3,0
5183,63101,63100655,11100,250,-1,-1,1,0,89.4,0
5184,63113,63111762,11107,250,-1,-1,1,0,89.3,0
5185,63124,63122875,11113,250,-1,-1,1,0,89.3,1
5186,63135,63133994,11119,250,-1,-1,1,0,89.3,0
5187,63146,63145097,11103,250,-1,-1,1,0,89.3,0
5188,63157,63156202,11105,250,-1,-1,1,0,89.4,0
5189,63168,63167314,11112,250,-1,-1,1,0,89.4,0
5190,63179,63178432,11118,250,-1,-1,1,0,89.4,0
5191,63190,63189538,11106,250,-1,-1,1,0,89.4,0
5192,63202,63200639,11101,250,-1,-1,1,0,89.3,0
5193,63213,63211748,11109,250,-1,-1,1,0,89.4,0
5194,63224,63222855,11107,250,-1,-1,1,0,89.4,1
5195,63235,63233984,11129,250,-1,-1,1,0,89.4,0
5196,63246,63245079,11095,250,-1,-1,1,0,89.4,0
5197,63257,63256190,11111,250,-1,-1,1,0,89.5,0
5198,63268,63267300,11110,250,-1,-1,1,0,89.5,0
5199,63279,63278412,11112,250,-1,-1,1,0,89.5,0
5200,63291,63289616,11204,250,-1,-1,1,0,89.4,0
5201,63301,63300624,11008,250,-1,-1,1,0,89.5,0
5202,63313,63311729,11105,250,-1,-1,1,0,89.4,0
5203,63324,63322836,11107,250,-1,-1,1,0,89.5,1
5204,63335,63333961,11125,250,-1,-1,1,0,89.5,0
5205,63346,63345064,11103,250,-1,-1,1,0,89.5,0
5206,63357,63356172,11108,250,-1,-1,1,0,89.5,0
5207,63368,63367281,11109,250,-1,-1,1,0,89.5,0
5208,63379,63378394,11113,250,-1,-1,1,0,89.6,0
5209,63390,63389501,11107,250,-1,-1,1,0,89.6,0
5210,63401,63400603,11102,250,-1,-1,1,0,89.6,0
5211,63413,63411710,11107,250,-1,-1,1,0,89.5,0
5212,63424,63422821,11111,250,-1,-1,1,0,89.5,1
5213,63435,63433949,11128,250,-1,-1,1,0,89.5,0
5214,63446,63445047,11098,250,-1,-1,1,0,89.6,0
5215,63457,63456156,11109,250,-1,-1,1,0,89.6,0
5216,63468,63467262,11106,250,-1,-1,1,0,89.6,0
5217,63479,63478378,11116,250,-1,-1,1,0,89.6,0
5218,63490,63489483,11105,250,-1,-1,1,0,89.6,0
5219,63501,63500589,11106,250,-1,-1,1,0,89.6,0
5220,63583,63511695,11106,250,-1,-1,1,0,83.7,0
5221,63625,63622787,111092,250,-1,-1,1,0,23.8,1
5222,63635,63633916,11129,250,-1,-1,1,0,38.5,0
5223,63646,63645016,11100,250,-1,-1,1,0,47.6,0
5224,63657,63656120,11104,250,-1,-1,1,0,54.1,0
5225,63668,63667228,11108,250,-1,-1,1,0,58.8,0
5226,63679,63678341,11113,250,-1,-1,1,0,62.5,0
5227,63690,63689452,11111,250,-1,-1,1,0,65.4,0
5228,63701,63700560,11108,250,-1,-1,1,0,67.8,0
5229,63712,63711660,11100,250,-1,-1,1,0,69.8,0
5230,63724,63722771,11111,250,-1,-1,1,0,70.9,1
5231,63735,63733898,11127,250,-1,-1,1,0,72.4,0
5232,63746,63744995,11097,250,-1,-1,1,0,73.6,0
5233,63757,63756103,11108,250,-1,-1,1,0,74.7,0
5234,63768,63767214,11111,250,-1,-1,1,0,75.7,0
5235,63779,63778327,11113,250,-1,-1,1,0,76.5,0
5236,63790,63789437,11110,250,-1,-1,1,0,77.3,0
5237,63801,63800533,11096,250,-1,-1,1,0,78.0,0
5238,63812,63811648,11115,250,-1,-1,1,0,78.6,0
5239,63824,63822753,11105,250,-1,-1,1,0,78.8,1
5240,63835,63833879,11126,250,-1,-1,1,0,79.4,0
5241,63846,63844975,11096,250,-1,-1,1,0,79.8,0
5242,63857,63856086,11111,250,-1,-1,1,0,80.3,0
5243,63868,63867195,11109,250,-1,-1,1,0,80.7,0
5244,63879,63878314,11119,250,-1,-1,1,0,81.1,0
5245,63890,63889417,11103,250,-1,-1,1,0,81.4,0
5246,63901,63900520,11103,250,-1,-1,1,0,81.8,0
5247,63913,63911623,11103,250,-1,-1,1,0,81.8,0
5248,63924,63922743,11120,250,-1,-1,1,0,82.1,1
5249,63935,63933860,11117,250,-1,-1,1,0,82.4,0
5250,63946,63944961,11101,250,-1,-1,1,0,82.6,0
5251,63957,63956065,11104,250,-1,-1,1,0,82.9,0
5252,63968,63967181,11116,250,-1,-1,1,0,83.1,0
5253,63979,63978292,11111,250,-1,-1,1,0,83.3,0
5254,63990,63989400,11108,250,-1,-1,1,0,83.5,0
5255,64001,64000500,11100,250,-1,-1,1,0,83.7,0
5256,64012,64011613,11113,250,-1,-1,1,0,83.9,0
5257,64023,64022716,11103,250,-1,-1,1,0,84.1,1
5258,64035,64033847,11131,250,-1,-1,1,0,84.1,0
5259,64046,64044939,11092,250,-1,-1,1,0,84.2,0
5260,64057,64056054,11115,250,-1,-1,1,0,84.4,0
5261,64068,64067161,11107,250,-1,-1,1,0,84.5,0
5262,64079,64078275,11114,250,-1,-1,1,0,84.7,0
5263,64090,64089386,11111,250,-1,-1,1,0,84.8,0
5264,64101,64100488,11102,250,-1,-1,1,0,84.9,0
5265,64112,64111592,11104,250,-1,-1,1,0,85.1,0
5266,64123,64122703,11111,250,-1,-1,1,0,85.2,1
5267,64135,64133828,11125,250,-1,-1,1,0,85.1,0
5268,64146,64144925,11097,250,-1,-1,1,0,85.3,0
5269,64157,64156039,11114,250,-1,-1,1,0,85.4,0
5270,64168,64167150,11111,250,-1,-1,1,0,85.5,0
5271,64179,64178258,11108,250,-1,-1,1,0,85.6,0
5272,64190,64189367,11109,250,-1,-1,1,0,85.7,0
5273,64201,64200471,11104,250,-1,-1,1,0,85.8,0
5274,64212,64211577,11106,250,-1,-1,1,0,85.9,0
5275,64224,64222693,11116,250,-1,-1,1,0,85.8,1
5276,64235,64233813,11120,250,-1,-1,1,0,85.9,0
5277,64246,64244904,11091,250,-1,-1,1,0,86.0,0
5278,64257,64256016,11112,250,-1,-1,1,0,86.1,0
5279,64268,64267127,11111,250,-1,-1,1,0,86.1,0
5280,64279,64278244,11117,250,-1,-1,1,0,86.2,0
5281,64290,64289356,11112,250,-1,-1,1,0,86.3,0
5282,64301,64300450,11094,250,-1,-1,1,0,86.4,0
5283,64313,64311557,11107,250,-1,-1,1,0,86.3,0
5284,64323,64322671,11114,250,-1,-1,1,0,86.5,1
5285,64335,64333795,11124,250,-1,-1,1,0,86.4,0
5286,64346,64344891,11096,250,-1,-1,1,0,86.5,0
5287,64357,64356000,11109,250,-1,-1,1,0,86.6,0
5288,64368,64367116,11116,250,-1,-1,1,0,86.6,0
5289,64379,64378222,11106,250,-1,-1,1,0,86.7,0
5290,64390,64389334,11112,250,-1,-1,1,0,86.7,0
5291,64401,64400432,11098,250,-1,-1,1,0,86.8,0
5292,64412,64411544,11112,250,-1,-1,1,0,86.9,0
5293,64423,64422649,11105,250,-1,-1,1,0,86.9,1
5294,64435,64433776,11127,250,-1,-1,1,0,86.9,0
5295,64446,64444873,11097,250,-1,-1,1,0,86.9,0
5296,64457,64455985,11112,250,-1,-1,1,0,87.0,0
5297,64468,64467093,11108,250,-1,-1,1,0,87.0,0
5298,64479,64478206,11113,250,-1,-1,1,0,87.1,0
5299,64490,64489316,11110,250,-1,-1,1,0,87.1,0
5300,64501,64500419,11103,250,-1,-1,1,0,87.1,0
5301,64512,64511523,11104,250,-1,-1,1,0,87.2,0
5302,64523,64522636,11113,250,-1,-1,1,0,87.2,1
5303,64535,64533757,11121,250,-1,-1,1,0,87.2,0
5304,64546,64544859,11102,250,-1,-1,1,0,87.2,0
5305,64557,64555967,11108,250,-1,-1,1,0,87.3,0
5306,64568,64567077,11110,250,-1,-1,1,0,87.3,0
5307,64579,64578189,11112,250,-1,-1,1,0,87.3,0
5308,64590,64589299,11110,250,-1,-1,1,0,87.4,0
5309,64601,64600406,11107,250,-1,-1,1,0,90.9,0
5310,64693,64611508,11102,250,-1,-1,1,0,19.4,0
5311,64694,64689271,77763,250,-1,-1,1,0,28.8,1
5312,64701,64700399,11128,250,-1,-1,1,0,36.0,0
5313,64712,64711493,11094,250,-1,-1,1,0,41.0,0
5314,64723,64722604,11111,250,-1,-1,1,0,45.1,0
5315,64735,64733714,11110,250,-1,-1,1,0,48.3,0
5316,64746,64744831,11117,250,-1,-1,1,0,51.3,0
5317,64757,64755934,11103,250,-1,-1,1,0,53.9,0
5318,64768,64767040,11106,250,-1,-1,1,0,56.2,0
5319,64779,64778149,11109,250,-1,-1,1,0,58.2,0
5320,64790,64789261,11112,250,-1,-1,1,0,60.0,1
5321,64801,64800380,11119,250,-1,-1,1,0,61.6,0
5322,64812,64811486,11106,250,-1,-1,1,0,63.1,0
5323,64823,64822589,11103,250,-1,-1,1,0,64.4,0
5324,64835,64833699,11110,250,-1,-1,1,0,65.3,0
5325,64846,64844812,11113,250,-1,-1,1,0,66.4,0
5326,64857,64855918,11106,250,-1,-1,1,0,67.4,0
5327,64868,64867031,11113,250,-1,-1,1,0,68.3,0
5328,64879,64878130,11099,250,-1,-1,1,0,69.2,0
5329,64890,64889235,11105,250,-1,-1,1,0,70.0,1
5330,64901,64900363,11128,250,-1,-1,1,0,70.7,0
5331,64912,64911461,11098,250,-1,-1,1,0,71.4,0
5332,64923,64922569,11108,250,-1,-1,1,0,72.1,0
5333,64935,64933683,11114,250,-1,-1,1,0,72.5,0
5334,64946,64944797,11114,250,-1,-1,1,0,73.0,0
5335,64957,64955899,11102,250,-1,-1,1,0,73.6,0
5336,64968,64967004,11105,250,-1,-1,1,0,74.1,0
5337,64979,64978111,11107,250,-1,-1,1,0,74.6,0
5338,64990,64989222,11111,250,-1,-1,1,0,75.0,1
5339,65001,65000347,11125,250,-1,-1,1,0,75.4,0
5340,65012,65011444,11097,250,-1,-1,1,0,75.8,0
5341,65024,65022550,11106,250,-1,-1,1,0,76.0,0
5342,65034,65033665,11115,250,-1,-1,1,0,76.6,0
5343,65046,65044777,11112,250,-1,-1,1,0,76.8,0
5344,65057,65055885,11108,250,-1,-1,1,0,77.1,0
5345,65068,65066985,11100,250,-1,-1,1,0,77.4,0
5346,65079,65078093,11108,250,-1,-1,1,0,77.7,0
5347,65090,65089203,11110,250,-1,-1,1,0,78.0,1
5348,65101,65100330,11127,250,-1,-1,1,0,78.3,0
5349,65112,65111429,11099,250,-1,-1,1,0,78.5,0
5350,65123,65122536,11107,250,-1,-1,1,0,78.8,0
5351,65134,65133647,11111,250,-1,-1,1,0,79.0,0
5352,65146,65144762,11115,250,-1,-1,1,0,79.1,0
5353,65157,65155866,11104,250,-1,-1,1,0,79.4,0
5354,65168,65166966,11100,250,-1,-1,1,0,79.6,0
5355,65179,65178079,11113,250,-1,-1,1,0,79.8,0
5356,65190,65189187,11108,250,-1,-1,1,0,80.0,1
5357,65201,65200312,11125,250,-1,-1,1,0,80.2,0
5358,65212,65211411,11099,250,-1,-1,1,0,80.4,0
5359,65223,65222518,11107,250,-1,-1,1,0,80.6,0
5360,65234,65233634,11116,250,-1,-1,1,0,80.7,0
5361,65246,65244743,11109,250,-1,-1,1,0,80.8,0
5362,65257,65255853,11110,250,-1,-1,1,0,81.0,0
5363,65268,65266949,11096,250,-1,-1,1,0,81.1,0
5364,65279,65278062,11113,250,-1,-1,1,0,81.3,0
5365,65290,65289170,11108,250,-1,-1,1,0,81.4,1
5366,65301,65300295,11125,250,-1,-1,1,0,81.6,0
5367,65312,65311395,11100,250,-1,-1,1,0,81.7,0
5368,65323,65322501,11106,250,-1,-1,1,0,81.9,0
5369,65335,65333611,11110,250,-1,-1,1,0,81.9,0
5370,65346,65344726,11115,250,-1,-1,1,0,82.0,0
5371,65357,65355833,11107,250,-1,-1,1,0,82.1,0
5372,65368,65366931,11098,250,-1,-1,1,0,82.3,0
5373,65379,65378042,11111,250,-1,-1,1,0,82.4,0
5374,65390,65389153,11111,250,-1,-1,1,0,82.5,1
5375,65401,65400281,11128,250,-1,-1,1,0,82.6,0
5376,65412,65411377,11096,250,-1,-1,1,0,82.7,0
5377,65423,65422484,11107,250,-1,-1,1,0,82.8,0
5378,65434,65433597,11113,250,-1,-1,1,0,82.9,0
5379,65446,65444706,11109,250,-1,-1,1,0,82.9,0
5380,65457,65455820,11114,250,-1,-1,1,0,83.0,0
5381,65468,65466916,11096,250,-1,-1,1,0,83.1,0
5382,65479,65478028,11112,250,-1,-1,1,0,83.2,0
5383,65490,65489137,11109,250,-1,-1,1,0,83.3,1
5384,65501,65500264,11127,250,-1,-1,1,0,83.4,0
5385,65512,65511360,11096,250,-1,-1,1,0,83.5,0
5386,65523,65522471,11111,250,-1,-1,1,0,83.6,0
5387,65534,65533578,11107,250,-1,-1,1,0,83.7,0
5388,65546,65544693,11115,250,-1,-1,1,0,83.7,0
5389,65557,65555802,11109,250,-1,-1,1,0,83.8,0
5390,65568,65566899,11097,250,-1,-1,1,0,83.8,0
5391,65579,65578010,11111,250,-1,-1,1,0,83.9,0
5392,65590,65589116,11106,250,-1,-1,1,0,84.0,1
5393,65646,65644659,55543,250,-1,-1,1,0,17.9,0
5394,65657,65655786,11127,250,-1,-1,1,0,29.9,0
5395,65668,65666890,11104,250,-1,-1,1,0,38.5,0
5396,65679,65677993,11103,250,-1,-1,1,0,44.9,0
5397,65690,65689100,11107,250,-1,-1,1,0,50.0,0
5398,65701,65700211,11111,250,-1,-1,1,0,54.1,0
5399,65712,65711323,11112,250,-1,-1,1,0,57.4,0
5400,65815,65722430,11107,250,-1,-1,1,0,35.6,0
5401,65815,65811299,88869,250,-1,-1,1,0,40.0,1
5402,65823,65822430,11131,250,-1,-1,1,0,42.9,0
5403,65834,65833528,11098,250,-1,-1,1,0,45.1,0
5404,65845,65844632,11104,250,-1,-1,1,0,47.1,0
5405,65857,65855751,11119,250,-1,-1,1,0,48.7,0
5406,65868,65866856,11105,250,-1,-1,1,0,50.4,0
5407,65879,65877961,11105,250,-1,-1,1,0,51.9,0
5408,65890,65889072,11111,250,-1,-1,1,0,53.3,0
5409,65901,65900188,11116,250,-1,-1,1,0,54.7,0
5410,65912,65911290,11102,250,-1,-1,1,0,55.9,1
5411,65924,65922411,11121,250,-1,-1,1,0,56.9,0
5412,65934,65933513,11102,250,-1,-1,1,0,58.1,0
5413,65945,65944618,11105,250,-1,-1,1,0,59.2,0
5414,65957,65955731,11113,250,-1,-1,1,0,59.9,0
5415,65968,65966839,11108,250,-1,-1,1,0,60.8,0
5416,65979,65977951,11112,250,-1,-1,1,0,61.7,0
5417,65990,65989058,11107,250,-1,-1,1,0,62.5,0
5418,66001,66000162,11104,250,-1,-1,1,0,63.3,0
5419,66012,66011272,11110,250,-1,-1,1,0,64.0,1
5420,66023,66022391,11119,250,-1,-1,1,0,64.7,0
5421,66034,66033488,11097,250,-1,-1,1,0,65.3,0
5422,66046,66044599,11111,250,-1,-1,1,0,65.8,0
5423,66057,66055712,11113,250,-1,-1,1,0,66.4,0
5424,66068,66066828,11116,250,-1,-1,1,0,66.9,0
5425,66079,66077963,11135,250,-1,-1,1,0,67.5,0
5426,66090,66089032,11069,250,-1,-1,1,0,68.0,0
5427,66101,66100146,11114,250,-1,-1,1,0,68.5,0
5428,66112,66111255,11109,250,-1,-1,1,0,69.0,1
5429,66123,66122380,11125,250,-1,-1,1,0,69.4,0
5430,66134,66133474,11094,250,-1,-1,1,0,69.9,0
5431,66145,66144586,11112,250,-1,-1,1,0,70.3,0
5432,66157,66155697,11111,250,-1,-1,1,0,70.5,0
5433,66168,66166805,11108,250,-1,-1,1,0,70.9,0
5434,66179,66177912,11107,250,-1,-1,1,0,71.3,0
5435,66190,66189023,11111,250,-1,-1,1,0,71.7,0
5436,66201,66200126,11103,250,-1,-1,1,0,72.0,0
5437,66212,66211234,11108,250,-1,-1,1,0,72.3,1
5438,66223,66222360,11126,250,-1,-1,1,0,72.7,0
5439,66234,66233459,11099,250,-1,-1,1,0,73.0,0
5440,66245,66244567,11108,250,-1,-1,1,0,73.3,0
5441,66256,66255684,11117,250,-1,-1,1,0,73.5,0
5442,66268,66266788,11104,250,-1,-1,1,0,73.7,0
5443,66279,66277896,11108,250,-1,-1,1,0,74.0,0
5444,66290,66289009,11113,250,-1,-1,1,0,74.3,0
5445,66301,66300110,11101,250,-1,-1,1,0,74.5,0
5446,66312,66311215,11105,250,-1,-1,1,0,74.8,1
5447,66323,66322340,11125,250,-1,-1,1,0,75.0,0
5448,66334,66333438,11098,250,-1,-1,1,0,75.3,0
5449,66345,66344550,11112,250,-1,-1,1,0,75.5,0
5450,66357,66355661,11111,250,-1,-1,1,0,75.6,0
5451,66368,66366772,11111,250,-1,-1,1,0,75.8,0
5452,66379,66377874,11102,250,-1,-1,1,0,76.0,0
5453,66390,66388982,11108,250,-1,-1,1,0,76.2,0
5454,66401,66400090,11108,250,-1,-1,1,0,76.4,0
5455,66412,66411201,11111,250,-1,-1,1,0,76.6,1
5456,66423,66422324,11123,250,-1,-1,1,0,76.8,0
5457,66434,66433424,11100,250,-1,-1,1,0,77.0,0
5458,66446,66444531,11107,250,-1,-1,1,0,77.1,0
5459,66456,66455643,11112,250,-1,-1,1,0,77.4,0
5460,66468,66466759,11116,250,-1,-1,1,0,77.4,0
5461,66479,66477867,11108,250,-1,-1,1,0,77.6,0
5462,66490,66488964,11097,250,-1,-1,1,0,77.8,0
5463,66501,66500073,11109,250,-1,-1,1,0,77.9,0
5464,66512,66511184,11111,250,-1,-1,1,0,78.1,1
5465,66523,66522306,11122,250,-1,-1,1,0,78.2,0
5466,66534,66533403,11097,250,-1,-1,1,0,78.4,0
5467,66545,66544517,11114,250,-1,-1,1,0,78.5,0
5468,66556,66555628,11111,250,-1,-1,1,0,78.7,0
5469,66568,66566741,11113,250,-1,-1,1,0,78.7,0
5470,66579,66577845,11104,250,-1,-1,1,0,78.9,0
5471,66590,66588959,11114,250,-1,-1,1,0,79.0,0
5472,66601,66600064,11105,250,-1,-1,1,0,90.9,0
5473,66612,66611166,11102,250,-1,-1,1,0,90.9,1
5474,66623,66622289,11123,250,-1,-1,1,0,90.9,0
5475,66634,66633388,11099,250,-1,-1,1,0,90.9,0
5476,66645,66644496,11108,250,-1,-1,1,0,90.9,0
5477,66656,66655609,11113,250,-1,-1,1,0,90.9,0
5478,66668,66666718,11109,250,-1,-1,1,0,89.7,0
5479,66679,66677832,11114,250,-1,-1,1,0,89.9,0
5480,66690,66688928,11096,250,-1,-1,1,0,90.0,0
5481,66701,66700044,11116,250,-1,-1,1,0,90.1,0
5482,66712,66711144,11100,250,-1,-1,1,0,90.2,1
5483,66723,66722272,11128,250,-1,-1,1,0,90.2,0
5484,66734,66733373,11101,250,-1,-1,1,0,90.3,0
5485,66746,66744483,11110,250,-1,-1,1,0,89.7,0
5486,66757,66755595,11112,250,-1,-1,1,0,89.8,0
5487,66768,66766702,11107,250,-1,-1,1,0,89.9,0
5488,66779,66777813,11111,250,-1,-1,1,0,89.9,0
5489,66790,66788922,11109,250,-1,-1,1,0,90.0,0
5490,66903,66800047,11125,250,-1,-1,1,0,60.7,0
5491,66903,66899999,99952,250,-1,-1,1,0,63.9,1
5492,66912,66911130,11131,250,-1,-1,1,0,65.2,0
5493,66923,66922231,11101,250,-1,-1,1,0,66.1,0
5494,66934,66933339,11108,250,-1,-1,1,0,66.9,0
5495,66945,66944455,11116,250,-1,-1,1,0,67.6,0
5496,66956,66955558,11103,250,-1,-1,1,0,68.3,0
5497,66967,66966667,11109,250,-1,-1,1,0,68.8,0
5498,66979,66977774,11107,250,-1,-1,1,0,69.4,0
5499,66990,66988890,11116,250,-1,-1,1,0,70.0,0
5500,67001,66999997,11107,250,-1,-1,1,0,70.6,1
5501,67012,67011114,11117,250,-1,-1,1,0,71.1,0
5502,67023,67022216,11102,250,-1,-1,1,0,71.6,0
5503,67034,67033321,11105,250,-1,-1,1,0,72.1,0
5504,67045,67044434,11113,250,-1,-1,1,0,72.5,0
5505,67056,67055543,11109,250,-1,-1,1,0,73.0,0
5506,67068,67066651,11108,250,-1,-1,1,0,73.2,0
5507,67079,67077762,11111,250,-1,-1,1,0,73.6,0
5508,67090,67088867,11105,250,-1,-1,1,0,74.0,0
5509,67101,67099971,11104,250,-1,-1,1,0,74.4,1
5510,67112,67111092,11121,250,-1,-1,1,0,74.7,0
5511,67123,67122195,11103,250,-1,-1,1,0,75.0,0
5512,67134,67133305,11110,250,-1,-1,1,0,75.4,0
5513,67145,67144417,11112,250,-1,-1,1,0,75.7,0
5514,67157,67155521,11104,250,-1,-1,1,0,75.8,0
5515,67167,67166634,11113,250,-1,-1,1,0,76.3,0
5516,67179,67177737,11103,250,-1,-1,1,0,76.4,0
5517,67190,67188844,11107,250,-1,-1,1,0,76.7,0
5518,67201,67199955,11111,250,-1,-1,1,0,76.9,1
5519,67212,67211082,11127,250,-1,-1,1,0,77.2,0
5520,67223,67222176,11094,250,-1,-1,1,0,77.4,0
5521,67234,67233284,11108,250,-1,-1,1,0,77.6,0
5522,67245,67244398,11114,250,-1,-1,1,0,77.9,0
5523,67256,67255506,11108,250,-1,-1,1,0,78.1,0
5524,67267,67266614,11108,250,-1,-1,1,0,78.3,0
5525,67279,67277726,11112,250,-1,-1,1,0,78.4,0
5526,67290,67288826,11100,250,-1,-1,1,0,78.6,0
5527,67301,67299938,11112,250,-1,-1,1,0,78.8,1
5528,67312,67311063,11125,250,-1,-1,1,0,78.9,0
5529,67323,67322166,11103,250,-1,-1,1,0,79.1,0
5530,67334,67333269,11103,250,-1,-1,1,0,79.3,0
5531,67345,67344383,11114,250,-1,-1,1,0,79.5,0
5532,67356,67355489,11106,250,-1,-1,1,0,79.6,0
5533,67368,67366598,11109,250,-1,-1,1,0,79.7,0
5534,67379,67377708,11110,250,-1,-1,1,0,79.8,0
5535,67390,67388812,11104,250,-1,-1,1,0,80.0,0
5536,67401,67399921,11109,250,-1,-1,1,0,80.1,1
5537,67412,67411045,11124,250,-1,-1,1,0,80.3,0
5538,67423,67422138,11093,250,-1,-1,1,0,80.4,0
5539,67434,67433253,11115,250,-1,-1,1,0,80.6,0
5540,67445,67444367,11114,250,-1,-1,1,0,80.7,0
5541,67456,67455472,11105,250,-1,-1,1,0,80.8,0
5542,67468,67466579,11107,250,-1,-1,1,0,80.9,0
5543,67478,67477693,11114,250,-1,-1,1,1000,81.0,0
5544,67490,67488789,11096,250,-1,-1,1,0,81.1,0
5545,67501,67499903,11114,250,-1,-1,1,0,81.2,1
5546,67512,67511024,11121,250,-1,-1,1,0,81.3,0
5547,67523,67522127,11103,250,-1,-1,1,0,81.5,0
5548,67534,67533234,11107,250,-1,-1,1,0,81.6,0
5549,67545,67544348,11114,250,-1,-1,1,0,81.7,0
5550,67556,67555454,11106,250,-1,-1,1,0,81.8,0
5551,67567,67566563,11109,250,-1,-1,1,0,81.9,0
5552,67578,67577673,11110,250,-1,-1,1,0,82.0,0
5553,67590,67588774,11101,250,-1,-1,1,0,82.0,0
5554,67601,67599899,11125,250,-1,-1,1,0,90.9,1
5555,67612,67611011,11112,250,-1,-1,1,0,90.9,0
5556,67623,67622107,11096,250,-1,-1,1,0,90.9,0
5557,67634,67633229,11122,250,-1,-1,1,0,90.9,0
5558,67645,67644328,11099,250,-1,-1,1,0,90.9,0
5559,67656,67655444,11116,250,-1,-1,1,0,90.9,0
5560,67667,67666548,11104,250,-1,-1,1,0,90.9,0
5561,67678,67677651,11103,250,-1,-1,1,0,90.9,0
5562,67690,67688760,11109,250,-1,-1,1,0,90.0,0
5563,67701,67699873,11113,250,-1,-1,1,0,90.1,1
5564,67712,67710994,11121,250,-1,-1,1,0,90.2,0
5565,67723,67722091,11097,250,-1,-1,1,0,90.2,0
5566,67734,67733199,11108,250,-1,-1,1,0,90.3,0
5567,67745,67744313,11114,250,-1,-1,1,0,90.3,0
5568,67756,67755424,11111,250,-1,-1,1,0,90.4,0
5569,67767,67766530,11106,250,-1,-1,1,0,90.4,0
5570,67779,67777636,11106,250,-1,-1,1,0,89.9,0
5571,67790,67788743,11107,250,-1,-1,1,0,90.0,0
5572,67801,67799851,11108,250,-1,-1,1,0,90.0,1
5573,67812,67810975,11124,250,-1,-1,1,0,90.1,0
5574,67823,67822076,11101,250,-1,-1,1,0,90.1,0
5575,67834,67833187,11111,250,-1,-1,1,0,90.2,0
5576,67845,67844298,11111,250,-1,-1,1,0,90.2,0
5577,67856,67855407,11109,250,-1,-1,1,0,90.2,0
5578,67867,67866516,11109,250,-1,-1,1,0,90.3,0
5579,67878,67877618,11102,250,-1,-1,1,0,90.3,0
5580,67993,67888724,11106,250,-1,-1,1,0,67.0,0
5581,67993,67988702,99978,250,-1,-1,1,0,69.5,1
5582,68001,67999835,11133,250,-1,-1,1,0,70.6,0
5583,68012,68010932,11097,250,-1,-1,1,0,71.1,0
5584,68023,68022040,11108,250,-1,-1,1,0,71.6,0
5585,68034,68033153,11113,250,-1,-1,1,0,72.1,0
5586,68045,68044259,11106,250,-1,-1,1,0,72.5,0
5587,68056,68055369,11110,250,-1,-1,1,0,73.0,0
5588,68067,68066475,11106,250,-1,-1,1,0,73.4,0
5589,68078,68077590,11115,250,-1,-1,1,0,73.8,0
5590,68090,68088694,11104,250,-1,-1,1,0,74.0,1
5591,68101,68099814,11120,250,-1,-1,1,0,74.4,0
5592,68112,68110921,11107,250,-1,-1,1,0,74.7,0
5593,68123,68122022,11101,250,-1,-1,1,0,75.0,0
5594,68134,68133138,11116,250,-1,-1,1,0,75.4,0
5595,68145,68144246,11108,250,-1,-1,1,0,75.7,0
5596,68156,68155358,11112,250,-1,-1,1,0,76.0,0
5597,68167,68166462,11104,250,-1,-1,1,0,76.3,0
5598,68179,68177567,11105,250,-1,-1,1,0,76.4,0
5599,68189,68188675,11108,250,-1,-1,1,0,76.8,1
5600,68201,68199800,11125,250,-1,-1,1,0,76.9,0
5601,68212,68210896,11096,250,-1,-1,1,0,77.2,0
5602,68223,68222005,11109,250,-1,-1,1,0,77.4,0
5603,68234,68233120,11115,250,-1,-1,1,0,77.6,0
5604,68245,68244225,11105,250,-1,-1,1,0,77.9,0
5605,68256,68255336,11111,250,-1,-1,1,0,78.1,0
5606,68267,68266445,11109,250,-1,-1,1,0,78.3,0
5607,68278,68277550,11105,250,-1,-1,1,0,78.5,0
5608,68291,68288654,11104,250,-1,-1,1,0,78.5,1
5609,68301,68299781,11127,250,-1,-1,1,0,78.8,0
5610,68312,68310879,11098,250,-1,-1,1,0,78.9,0
5611,68323,68321991,11112,250,-1,-1,1,0,79.1,0
5612,68334,68333105,11114,250,-1,-1,1,0,79.3,0
5613,68345,68344213,11108,250,-1,-1,1,0,79.5,0
5614,68357,68355314,11101,250,-1,-1,1,0,79.5,0
5615,68367,68366427,11113,250,-1,-1,1,0,79.8,0
5616,68378,68377529,11102,250,-1,-1,1,0,79.9,0
5617,68389,68388638,11109,250,-1,-1,1,0,80.1,1
5618,68401,68399763,11125,250,-1,-1,1,0,80.1,0
5619,68412,68410864,11101,250,-1,-1,1,0,80.3,0
5620,68423,68421971,11107,250,-1,-1,1,0,80.4,0
5621,68434,68433089,11118,250,-1,-1,1,0,80.6,0
5622,68445,68444195,11106,250,-1,-1,1,0,80.7,0
5623,68457,68455301,11106,250,-1,-1,1,0,80.7,0
5624,68467,68466409,11108,250,-1,-1,1,0,81.0,0
5625,68478,68477514,11105,250,-1,-1,1,0,81.1,0
5626,68490,68488621,11107,250,-1,-1,1,0,81.1,1
5627,68501,68499769,11148,250,-1,-1,1,0,81.2,0
5628,68512,68510847,11078,250,-1,-1,1,0,81.3,0
5629,68523,68521958,11111,250,-1,-1,1,0,81.5,0
5630,68534,68533065,11107,250,-1,-1,1,0,81.6,0
5631,68545,68544178,11113,250,-1,-1,1,0,81.7,0
5632,68556,68555280,11102,250,-1,-1,1,0,81.8,0
5633,68567,68566393,11113,250,-1,-1,1,0,81.9,0
5634,68578,68577497,11104,250,-1,-1,1,0,82.0,0
5635,68589,68588606,11109,250,-1,-1,1,0,82.1,1
5636,68642,68633053,44447,250,-1,-1,1,0,19.2,0
5637,68645,68644156,11103,250,-1,-1,1,0,36.4,0
5638,68656,68655272,11116,250,-1,-1,1,0,45.5,0
5639,68667,68666373,11101,250,-1,-1,1,0,51.9,0
5640,68678,68677486,11113,250,-1,-1,1,0,56.8,0
5641,68689,68688589,11103,250,-1,-1,1,0,60.6,0
5642,68701,68699697,11108,250,-1,-1,1,0,63.1,0
5643,68712,68710802,11105,250,-1,-1,1,0,65.6,0
5644,68723,68721917,11115,250,-1,-1,1,0,67.7,1
5645,68734,68733042,11125,250,-1,-1,1,0,69.4,0
5646,68745,68744143,11101,250,-1,-1,1,0,71.0,0
5647,68756,68755254,11111,250,-1,-1,1,0,72.3,0
5648,68767,68766363,11109,250,-1,-1,1,0,73.4,0
5649,68778,68777466,11103,250,-1,-1,1,0,74.5,0
5650,68789,68788576,11110,250,-1,-1,1,0,75.4,0
5651,68801,68799687,11111,250,-1,-1,1,0,75.8,0
5652,68812,68810787,11100,250,-1,-1,1,0,76.6,0
5653,68823,68821896,11109,250,-1,-1,1,0,77.3,1
5654,68834,68833024,11128,250,-1,-1,1,0,77.9,0
5655,68845,68844123,11099,250,-1,-1,1,0,78.4,0
5656,68856,68855230,11107,250,-1,-1,1,0,78.9,0
5657,68867,68866345,11115,250,-1,-1,1,0,79.4,0
5658,68878,68877453,11108,250,-1,-1,1,0,79.9,0
5659,68890,68888556,11103,250,-1,-1,1,0,80.0,0
5660,68900,68899670,11114,250,-1,-1,1,0,80.6,0
5661,68912,68910778,11108,250,-1,-1,1,0,80.7,0
5662,68923,68921882,11104,250,-1,-1,1,0,81.1,1
5663,68934,68933004,11122,250,-1,-1,1,0,81.4,0
5664,68945,68944103,11099,250,-1,-1,1,0,81.7,0
5665,68956,68955218,11115,250,-1,-1,1,0,82.0,0
5666,68967,68966329,11111,250,-1,-1,1,0,82.2,0
5667,68978,68977434,11105,250,-1,-1,1,0,82.5,0
5668,68989,68988543,11109,250,-1,-1,1,0,82.7,0
5669,69000,68999656,11113,250,-1,-1,1,0,82.9,0
5670,69148,69010756,11100,250,-1,-1,1,0,62.7,0
5671,69149,69144068,133312,250,-1,-1,1,0,64.4,1
5672,69156,69155190,11122,250,-1,-1,1,0,65.4,0
5673,69167,69166288,11098,250,-1,-1,1,0,65.9,0
5674,69178,69177398,11110,250,-1,-1,1,0,66.3,0
5675,69189,69188507,11109,250,-1,-1,1,0,66.8,0
5676,69201,69199622,11115,250,-1,-1,1,0,67.1,0
5677,69212,69210732,11110,250,-1,-1,1,0,67.5,0
5678,69223,69221838,11106,250,-1,-1,1,0,67.9,0
5679,69234,69232946,11108,250,-1,-1,1,0,68.3,0
5680,69245,69244047,11101,250,-1,-1,1,0,68.7,1
5681,69256,69255196,11149,250,-1,-1,1,0,69.1,0
5682,69267,69266272,11076,250,-1,-1,1,0,69.4,0
5683,69279,69277384,11112,250,-1,-1,1,0,69.7,0
5684,69290,69288490,11106,250,-1,-1,1,0,70.0,0
5685,69300,69299609,11119,250,-1,-1,1,0,70.4,0
5686,69312,69310707,11098,250,-1,-1,1,0,70.6,0
5687,69323,69321823,11116,250,-1,-1,1,0,70.9,0
5688,69334,69332921,11098,250,-1,-1,1,0,71.2,0
5689,69345,69344034,11113,250,-1,-1,1,0,71.5,1
5690,69356,69355159,11125,250,-1,-1,1,0,71.8,0
5691,69367,69366255,11096,250,-1,-1,1,0,72.1,0
5692,69379,69377363,11108,250,-1,-1,1,0,72.2,0
5693,69389,69388477,11114,250,-1,-1,1,0,72.6,0
5694,69400,69399582,11105,250,-1,-1,1,0,72.8,0
5695,69412,69410698,11116,250,-1,-1,1,0,73.0,0
5696,69423,69421801,11103,250,-1,-1,1,0,73.2,0
5697,69434,69432906,11105,250,-1,-1,1,0,73.5,0
5698,69445,69444015,11109,250,-1,-1,1,0,73.7,1
5699,69456,69455137,11122,250,-1,-1,1,0,73.9,0
5700,69467,69466234,11097,250,-1,-1,1,0,74.1,0
5701,69479,69477350,11116,250,-1,-1,1,0,74.2,0
5702,69489,69488461,11111,250,-1,-1,1,0,74.5,0
5703,69500,69499571,11110,250,-1,-1,1,0,74.7,0
5704,69512,69510672,11101,250,-1,-1,1,0,74.8,0
5705,69523,69521783,11111,250,-1,-1,1,0,75.0,0
5706,69534,69532893,11110,250,-1,-1,1,0,75.2,0
5707,69545,69543997,11104,250,-1,-1,1,0,75.4,1
5708,69556,69555121,11124,250,-1,-1,1,0,75.6,0
5709,69567,69566221,11100,250,-1,-1,1,0,75.7,0
5710,69579,69577332,11111,250,-1,-1,1,0,75.8,0
5711,69589,69588440,11108,250,-1,-1,1,0,76.1,0
5712,69601,69599552,11112,250,-1,-1,1,0,76.2,0
5713,69617,69610658,11106,250,-1,-1,1,0,62.5,0
5714,69623,69621774,11116,250,-1,-1,1,0,90.9,0
5715,69634,69632870,11096,250,-1,-1,1,0,90.9,0
5716,69645,69643978,11108,250,-1,-1,1,0,90.9,1
5717,69656,69655104,11126,250,-1,-1,1,0,90.9,0
5718,69667,69666200,11096,250,-1,-1,1,0,90.9,0
5719,69679,69677311,11111,250,-1,-1,1,0,89.7,0
5720,69689,69688431,11120,250,-1,-1,1,0,90.9,0
5721,69700,69699534,11103,250,-1,-1,1,0,90.9,0
5722,69711,69710646,11112,250,-1,-1,1,0,90.9,0
5723,69723,69721752,11106,250,-1,-1,1,0,90.2,0
5724,69734,69732861,11109,250,-1,-1,1,0,90.2,0
5725,69745,69743967,11106,250,-1,-1,1,0,90.3,1
5726,69756,69755087,11120,250,-1,-1,1,0,90.3,0
5727,69767,69766194,11107,250,-1,-1,1,0,90.4,0
5728,69778,69777295,11101,250,-1,-1,1,0,90.4,0
5729,69789,69788411,11116,250,-1,-1,1,0,90.4,0
5730,69800,69799515,11104,250,-1,-1,1,0,90.5,0
5731,69811,69810624,11109,250,-1,-1,1,0,90.5,0
5732,69823,69821730,11106,250,-1,-1,1,0,90.1,0
5733,69834,69832839,11109,250,-1,-1,1,0,90.1,0
5734,69845,69843943,11104,250,-1,-1,1,0,90.2,1
5735,69856,69855071,11128,250,-1,-1,1,0,90.2,0
5736,69867,69866170,11099,250,-1,-1,1,0,90.2,0
5737,69879,69877279,11109,250,-1,-1,1,0,89.9,0
5738,69889,69888390,11111,250,-1,-1,1,0,90.3,0
5739,69900,69899496,11106,250,-1,-1,1,0,90.3,0
5740,69912,69910614,11118,250,-1,-1,1,0,90.0,0
5741,69922,69921713,11099,250,-1,-1,1,0,90.1,0
5742,69934,69932816,11103,250,-1,-1,1,0,90.1,0
5743,69945,69943954,11138,250,-1,-1,1,0,90.1,1
5744,69956,69955052,11098,250,-1,-1,1,0,90.1,0
5745,69967,69966158,11106,250,-1,-1,1,0,90.2,0
5746,69979,69977264,11106,250,-1,-1,1,0,89.9,0
5747,69989,69988372,11108,250,-1,-1,1,0,90.2,0
5748,70000,69999483,11111,250,-1,-1,1,0,90.2,0
5749,70011,70010595,11112,250,-1,-1,1,0,90.2,0
5750,70022,70021698,11103,250,-1,-1,1,0,90.3,0
5751,70034,70032805,11107,250,-1,-1,1,0,90.1,0
5752,70045,70043914,11109,250,-1,-1,1,0,90.1,1
5753,70056,70055037,11123,250,-1,-1,1,0,90.1,0
5754,70067,70066135,11098,250,-1,-1,1,0,90.1,0
5755,70079,70077245,11110,250,-1,-1,1,0,90.0,0
5756,70089,70088361,11116,250,-1,-1,1,0,90.2,0
5757,70100,70099470,11109,250,-1,-1,1,0,90.2,0
5758,70111,70110573,11103,250,-1,-1,1,0,90.2,0
5759,70122,70121688,11115,250,-1,-1,1,0,90.2,0
5760,70237,70132783,11095,250,-1,-1,1,0,75.5,0
5761,70237,70232765,99982,250,-1,-1,1,0,77.0,1
5762,70245,70243897,11132,250,-1,-1,1,0,77.6,0
5763,70256,70254990,11093,250,-1,-1,1,0,77.9,0
5764,70267,70266097,11107,250,-1,-1,1,0,78.1,0
5765,70278,70277217,11120,250,-1,-1,1,0,78.3,0
5766,70289,70288319,11102,250,-1,-1,1,0,78.5,0
5767,70300,70299436,11117,250,-1,-1,1,0,78.7,0
5768,70312,70310538,11102,250,-1,-1,1,0,78.8,0
5769,70322,70321653,11115,250,-1,-1,1,0,79.1,0
5770,70334,70332756,11103,250,-1,-1,1,0,79.1,1
5771,70345,70343880,11124,250,-1,-1,1,0,79.3,0
5772,70356,70354976,11096,250,-1,-1,1,0,79.5,0
5773,70367,70366081,11105,250,-1,-1,1,0,79.6,0
5774,70378,70377193,11112,250,-1,-1,1,0,79.8,0
5775,70389,70388301,11108,250,-1,-1,1,0,79.9,0
5776,70400,70399415,11114,250,-1,-1,1,0,80.1,0
5777,70411,70410524,11109,250,-1,-1,1,0,80.2,0
5778,70422,70421626,11102,250,-1,-1,1,0,80.4,0
5779,70434,70432734,11108,250,-1,-1,1,0,80.4,1
5780,70445,70443861,11127,250,-1,-1,1,0,80.6,0
5781,70456,70454959,11098,250,-1,-1,1,0,80.7,0
5782,70467,70466064,11105,250,-1,-1,1,1000,80.7,0
5783,70478,70477183,11119,250,-1,-1,1,0,81.0,0
5784,70489,70488287,11104,250,-1,-1,1,0,81.1,0
5785,70500,70499395,11108,250,-1,-1,1,0,81.2,0
5786,70511,70510504,11109,250,-1,-1,1,0,81.3,0
5787,70522,70521609,11105,250,-1,-1,1,0,81.4,0
5788,70534,70532714,11105,250,-1,-1,1,0,81.5,1
5789,70545,70543844,11130,250,-1,-1,1,0,81.6,0
5790,70556,70554938,11094,250,-1,-1,1,0,81.7,0
5791,70568,70566049,11111,250,-1,-1,1,0,81.7,0
5792,70578,70577160,11111,250,-1,-1,1,0,81.9,0
5793,70589,70588270,11110,250,-1,-1,1,0,82.0,0
5794,70601,70599378,11108,250,-1,-1,1,0,82.0,0
5795,70611,70610489,11111,250,-1,-1,1,0,100.0,0
5796,70623,70621587,11098,250,-1,-1,1,0,90.9,0
5797,70634,70632705,11118,250,-1,-1,1,0,90.9,1
5798,70645,70643820,11115,250,-1,-1,1,0,90.9,0
5799,70656,70654925,11105,250,-1,-1,1,0,90.9,0
5800,70667,70666042,11117,250,-1,-1,1,0,90.9,0
5801,70678,70677146,11104,250,-1,-1,1,0,90.9,0
5802,70689,70688256,11110,250,-1,-1,1,0,90.9,0
5803,70700,70699364,11108,250,-1,-1,1,0,90.9,0
5804,70711,70710467,11103,250,-1,-1,1,0,90.9,0
5805,70722,70721571,11104,250,-1,-1,1,0,90.9,0
5806,70733,70732682,11111,250,-1,-1,1,0,90.9,1
5807,70745,70743807,11125,250,-1,-1,1,0,90.3,0
5808,70756,70754904,11097,250,-1,-1,1,0,90.3,0
5809,70767,70766016,11112,250,-1,-1,1,0,90.4,0
5810,70778,70777131,11115,250,-1,-1,1,0,90.4,0
5811,70789,70788240,11109,250,-1,-1,1,0,90.4,0
5812,70801,70799340,11100,250,-1,-1,1,0,90.0,0
5813,70811,70810456,11116,250,-1,-1,1,0,90.5,0
5814,70822,70821557,11101,250,-1,-1,1,0,90.5,0
5815,70833,70832665,11108,250,-1,-1,1,0,90.5,1
5816,70845,70843789,11124,250,-1,-1,1,0,90.2,0
5817,70856,70854887,11098,250,-1,-1,1,0,90.2,0
5818,70867,70865997,11110,250,-1,-1,1,0,90.2,0
5819,70878,70877114,11117,250,-1,-1,1,0,90.3,0
5820,70889,70888220,11106,250,-1,-1,1,0,90.3,0
5821,70901,70899326,11106,250,-1,-1,1,0,90.0,0
5822,70911,70910438,11112,250,-1,-1,1,0,90.3,0
5823,70922,70921539,11101,250,-1,-1,1,0,90.3,0
5824,70934,70932646,11107,250,-1,-1,1,0,90.1,1
5825,70945,70943772,11126,250,-1,-1,1,0,90.1,0
5826,70956,70954868,11096,250,-1,-1,1,0,90.1,0
5827,70967,70965980,11112,250,-1,-1,1,0,90.2,0
5828,70978,70977097,11117,250,-1,-1,1,0,90.2,0
5829,70989,70988202,11105,250,-1,-1,1,0,90.2,0
5830,71001,70999309,11107,250,-1,-1,1,0,90.0,0
5831,71011,71010425,11116,250,-1,-1,1,0,90.2,0
5832,71022,71021520,11095,250,-1,-1,1,0,90.3,0
5833,71033,71032632,11112,250,-1,-1,1,0,90.3,1
5834,71045,71043754,11122,250,-1,-1,1,0,90.1,0
5835,71056,71054856,11102,250,-1,-1,1,0,90.1,0
5836,71067,71065966,11110,250,-1,-1,1,0,90.1,0
5837,71078,71077083,11117,250,-1,-1,1,0,90.1,0
5838,71089,71088184,11101,250,-1,-1,1,0,90.2,0
5839,71100,71099291,11107,250,-1,-1,1,0,90.2,0
5840,71111,71110401,11110,250,-1,-1,1,0,90.2,0
5841,71122,71121509,11108,250,-1,-1,1,0,90.2,0
5842,71133,71132611,11102,250,-1,-1,1,0,90.2,1
5843,71145,71143743,11132,250,-1,-1,1,0,90.1,0
5844,71156,71154838,11095,250,-1,-1,1,0,90.1,0
5845,71167,71165948,11110,250,-1,-1,1,0,90.1,0
5846,71178,71177060,11112,250,-1,-1,1,0,90.1,0
5847,71189,71188171,11111,250,-1,-1,1,0,90.1,0
5848,71201,71199274,11103,250,-1,-1,1,0,90.0,0
5849,71211,71210388,11114,250,-1,-1,1,0,90.2,0
5850,71325,71221485,11097,250,-1,-1,1,0,77.3,0
5851,71325,71321469,99984,250,-1,-1,1,0,78.7,1
5852,71334,71332596,11127,250,-1,-1,1,0,79.1,0
5853,71344,71343690,11094,250,-1,-1,1,0,79.4,0
5854,71356,71354799,11109,250,-1,-1,1,0,79.5,0
5855,71367,71365911,11112,250,-1,-1,1,0,79.6,0
5856,71378,71377022,11111,250,-1,-1,1,0,79.8,0
5857,71389,71388134,11112,250,-1,-1,1,0,79.9,0
5858,71400,71399242,11108,250,-1,-1,1,0,80.1,0
5859,71411,71410359,11117,250,-1,-1,1,0,80.2,0
5860,71422,71421459,11100,250,-1,-1,1,0,80.4,1
5861,71433,71432580,11121,250,-1,-1,1,0,80.5,0
5862,71444,71443681,11101,250,-1,-1,1,0,80.6,0
5863,71456,71454786,11105,250,-1,-1,1,0,80.7,0
5864,71467,71465897,11111,250,-1,-1,1,0,80.8,0
5865,71478,71477006,11109,250,-1,-1,1,0,81.0,0
5866,71489,71488118,11112,250,-1,-1,1,0,81.1,0
5867,71500,71499226,11108,250,-1,-1,1,0,81.2,0
5868,71511,71510334,11108,250,-1,-1,1,0,81.3,0
5869,71522,71521435,11101,250,-1,-1,1,0,81.4,1
5870,71533,71532561,11126,250,-1,-1,1,0,81.5,0
5871,71544,71543660,11099,250,-1,-1,1,0,81.7,0
5872,71556,71554767,11107,250,-1,-1,1,0,81.7,0
5873,71567,71565884,11117,250,-1,-1,1,0,81.8,0
5874,71578,71576993,11109,250,-1,-1,1,0,81.9,0
5875,71589,71588096,11103,250,-1,-1,1,0,82.0,0
5876,71600,71599210,11114,250,-1,-1,1,0,82.1,0
5877,71611,71610311,11101,250,-1,-1,1,0,82.2,0
5878,71622,71621433,11122,250,-1,-1,1,0,90.9,1
5879,71633,71632546,11113,250,-1,-1,1,0,90.9,0
5880,71645,71643643,11097,250,-1,-1,1,0,88.2,0
5881,71656,71654760,11117,250,-1,-1,1,0,88.9,0
5882,71667,71665864,11104,250,-1,-1,1,0,89.3,0
5883,71678,71676976,11112,250,-1,-1,1,0,89.6,0
5884,71689,71688086,11110,250,-1,-1,1,0,89.7,0
5885,71700,71699191,11105,250,-1,-1,1,0,89.9,0
5886,71711,71710295,11104,250,-1,-1,1,0,90.0,0
5887,71722,71721404,11109,250,-1,-1,1,0,90.1,1
5888,71734,71732528,11124,250,-1,-1,1,0,89.4,0
5889,71744,71743629,11101,250,-1,-1,1,0,90.2,0
5890,71756,71754736,11107,250,-1,-1,1,0,89.7,0
5891,71767,71765852,11116,250,-1,-1,1,0,89.7,0
5892,71778,71776955,11103,250,-1,-1,1,0,89.8,0
5893,71789,71788065,11110,250,-1,-1,1,0,89.9,0
5894,71800,71799172,11107,250,-1,-1,1,0,89.9,0
5895,71811,71810277,11105,250,-1,-1,1,0,90.0,0
5896,71822,71821383,11106,250,-1,-1,1,0,90.0,1
5897,71833,71832512,11129,250,-1,-1,1,0,90.1,0
5898,71844,71843610,11098,250,-1,-1,1,0,90.1,0
5899,71856,71854719,11109,250,-1,-1,1,0,89.8,0
5900,71867,71865830,11111,250,-1,-1,1,0,89.8,0
5901,71878,71876937,11107,250,-1,-1,1,0,89.9,0
5902,71889,71888046,11109,250,-1,-1,1,0,89.9,0
5903,71900,71899155,11109,250,-1,-1,1,0,90.0,0
5904,71911,71910257,11102,250,-1,-1,1,0,90.0,0
5905,71922,71921370,11113,250,-1,-1,1,0,90.0,1
5906,71933,71932492,11122,250,-1,-1,1,0,90.1,0
5907,71944,71943591,11099,250,-1,-1,1,0,90.1,0
5908,71956,71954701,11110,250,-1,-1,1,0,89.9,0
5909,71967,71965813,11112,250,-1,-1,1,0,89.9,0
5910,71978,71976924,11111,250,-1,-1,1,0,89.9,0
5911,71989,71988028,11104,250,-1,-1,1,0,89.9,0
5912,72000,71999139,11111,250,-1,-1,1,0,90.0,0
5913,72011,72010246,11107,250,-1,-1,1,0,90.0,0
5914,72022,72021351,11105,250,-1,-1,1,0,90.0,1
5915,72033,72032476,11125,250,-1,-1,1,0,90.0,0
5916,72045,72043573,11097,250,-1,-1,1,0,89.9,0
5917,72055,72054683,11110,250,-1,-1,1,0,89.9,0
5918,72067,72065796,11113,250,-1,-1,1,0,89.9,0
5919,72078,72076903,11107,250,-1,-1,1,0,89.9,0
5920,72090,72088013,11110,250,-1,-1,1,0,89.8,0
5921,72100,72099123,11110,250,-1,-1,1,0,90.0,0
5922,72111,72110225,11102,250,-1,-1,1,0,90.0,0
5923,72122,72121336,11111,250,-1,-1,1,0,90.0,1
5924,72133,72132460,11124,250,-1,-1,1,0,90.0,0
5925,72144,72143559,11099,250,-1,-1,1,0,90.1,0
5926,72155,72154668,11109,250,-1,-1,1,0,90.1,0
5927,72167,72165785,11117,250,-1,-1,1,0,89.9,0
5928,72178,72176886,11101,250,-1,-1,1,0,89.9,0
5929,72189,72187998,11112,250,-1,-1,1,0,90.0,0
5930,72200,72199108,11110,250,-1,-1,1,0,90.0,0
5931,72211,72210209,11101,250,-1,-1,1,0,90.0,0
5932,72222,72221315,11106,250,-1,-1,1,0,90.0,1
5933,72233,72232442,11127,250,-1,-1,1,0,90.0,0
5934,72244,72243539,11097,250,-1,-1,1,0,90.0,0
5935,72255,72254648,11109,250,-1,-1,1,0,90.1,0
5936,72267,72265760,11112,250,-1,-1,1,0,89.9,0
5937,72278,72276873,11113,250,-1,-1,1,0,90.0,0
5938,72289,72287975,11102,250,-1,-1,1,0,90.0,0
5939,72300,72299085,11110,250,-1,-1,1,0,90.0,0
5940,72414,72310195,11110,250,-1,-1,1,0,78.5,0
5941,72414,72410173,99978,250,-1,-1,1,0,79.7,1
5942,72422,72421301,11128,250,-1,-1,1,0,80.1,0
5943,72433,72432403,11102,250,-1,-1,1,0,80.3,0
5944,72444,72443505,11102,250,-1,-1,1,0,80.4,0
5945,72456,72454759,11254,250,-1,-1,1,0,80.5,0
5946,72467,72465722,10963,250,-1,-1,1,0,80.6,0
5947,72478,72476838,11116,250,-1,-1,1,0,80.7,0
5948,72489,72487943,11105,250,-1,-1,1,0,80.9,0
5949,72500,72499053,11110,250,-1,-1,1,0,81.0,0
5950,72511,72510163,11110,250,-1,-1,1,0,81.1,1
5951,72522,72521283,11120,250,-1,-1,1,0,81.2,0
5952,72533,72532380,11097,250,-1,-1,1,0,81.3,0
5953,72544,72543493,11113,250,-1,-1,1,0,81.5,0
5954,72555,72554597,11104,250,-1,-1,1,0,81.6,0
5955,72567,72565712,11115,250,-1,-1,1,0,81.6,0
5956,72578,72576817,11105,250,-1,-1,1,0,81.7,0
5957,72589,72587935,11118,250,-1,-1,1,0,81.8,0
5958,72600,72599037,11102,250,-1,-1,1,0,81.9,0
5959,72611,72610139,11102,250,-1,-1,1,0,82.0,1
5960,72667,72654583,44444,250,-1,-1,1,0,18.2,0
5961,72667,72665684,11101,250,-1,-1,1,0,36.4,0
5962,72678,72676810,11126,250,-1,-1,1,0,45.5,0
5963,72689,72687913,11103,250,-1,-1,1,0,51.9,0
5964,72700,72699017,11104,250,-1,-1,1,0,56.8,0
5965,72711,72710121,11104,250,-1,-1,1,0,60.6,0
5966,72722,72721232,11111,250,-1,-1,1,0,63.6,0
5967,72733,72732341,11109,250,-1,-1,1,0,66.1,0
5968,72744,72743450,11109,250,-1,-1,1,0,68.2,1
5969,72756,72754577,11127,250,-1,-1,1,0,69.4,0
5970,72767,72765671,11094,250,-1,-1,1,0,71.0,0
5971,72778,72776780,11109,250,-1,-1,1,0,72.3,0
5972,72789,72787895,11115,250,-1,-1,1,0,73.4,0
5973,72800,72799002,11107,250,-1,-1,1,0,74.5,0
5974,72811,72810109,11107,250,-1,-1,1,0,75.4,0
5975,72822,72821222,11113,250,-1,-1,1,0,76.2,0
5976,72833,72832325,11103,250,-1,-1,1,0,76.9,0
5977,72844,72843433,11108,250,-1,-1,1,0,77.6,1
5978,72855,72854559,11126,250,-1,-1,1,0,78.2,0
5979,72866,72865656,11097,250,-1,-1,1,0,78.7,0
5980,72878,72876767,11111,250,-1,-1,1,0,78.9,0
5981,72889,72887877,11110,250,-1,-1,1,0,79.4,0
5982,72900,72898989,11112,250,-1,-1,1,0,79.9,0
5983,72911,72910094,11105,250,-1,-1,1,0,80.3,0
5984,72922,72921206,11112,250,-1,-1,1,0,80.6,0
5985,72933,72932305,11099,250,-1,-1,1,0,81.0,0
5986,72944,72943418,11113,250,-1,-1,1,0,81.3,1
5987,72955,72954540,11122,250,-1,-1,1,0,81.6,0
5988,72966,72965637,11097,250,-1,-1,1,0,81.9,0
5989,72978,72976744,11107,250,-1,-1,1,0,82.0,0
5990,72989,72987865,11121,250,-1,-1,1,0,82.2,0
5991,73000,72998968,11103,250,-1,-1,1,0,82.5,0
5992,73011,73010078,11110,250,-1,-1,1,0,82.7,0
5993,73022,73021190,11112,250,-1,-1,1,0,82.9,0
5994,73033,73032287,11097,250,-1,-1,1,0,83.1,0
5995,73044,73043399,11112,250,-1,-1,1,0,83.3,1
5996,73055,73054528,11129,250,-1,-1,1,0,83.5,0
5997,73067,73065620,11092,250,-1,-1,1,0,83.5,0
5998,73078,73076731,11111,250,-1,-1,1,0,83.7,0
5999,73089,73087844,11113,250,-1,-1,1,0,83.9,0
6000,73100,73098954,11110,250,-1,-1,1,0,84.0,0
6001,73111,73110058,11104,250,-1,-1,1,0,84.2,0
6002,73122,73121173,11115,250,-1,-1,1,0,84.3,0
6003,73133,73132273,11100,250,-1,-1,1,0,84.5,0
6004,73144,73143381,11108,250,-1,-1,1,0,84.6,1
6005,73155,73154506,11125,250,-1,-1,1,0,84.7,0
6006,73166,73165602,11096,250,-1,-1,1,0,84.8,0
6007,73178,73176713,11111,250,-1,-1,1,0,84.8,0
6008,73189,73187828,11115,250,-1,-1,1,0,84.9,0
6009,73200,73198936,11108,250,-1,-1,1,0,85.0,0
6010,73211,73210043,11107,250,-1,-1,1,0,85.1,0
6011,73222,73221149,11106,250,-1,-1,1,0,85.2,0
6012,73233,73232257,11108,250,-1,-1,1,0,85.3,0
6013,73244,73243364,11107,250,-1,-1,1,0,85.4,1
6014,73255,73254490,11126,250,-1,-1,1,0,85.5,0
6015,73266,73265586,11096,250,-1,-1,1,0,85.6,0
6016,73278,73276697,11111,250,-1,-1,1,0,85.6,0
6017,73289,73287811,11114,250,-1,-1,1,0,85.7,0
6018,73300,73298919,11108,250,-1,-1,1,0,85.8,0
6019,73311,73310026,11107,250,-1,-1,1,0,85.8,0
6020,73322,73321136,11110,250,-1,-1,1,0,85.9,0
6021,73333,73332237,11101,250,-1,-1,1,0,86.0,0
6022,73344,73343348,11111,250,-1,-1,1,0,86.1,1
6023,73355,73354469,11121,250,-1,-1,1,0,86.1,0
6024,73366,73365571,11102,250,-1,-1,1,0,86.2,0
6025,73378,73376678,11107,250,-1,-1,1,0,86.2,0
6026,73389,73387797,11119,250,-1,-1,1,0,86.2,0
6027,73400,73398903,11106,250,-1,-1,1,0,86.3,0
6028,73411,73410008,11105,250,-1,-1,1,0,86.4,0
6029,73422,73421120,11112,250,-1,-1,1,0,86.4,0
6030,73485,73432221,11101,250,-1,-1,1,0,81.3,0
6031,73486,73476657,44436,250,-1,-1,1,0,82.4,1
6032,73489,73487776,11119,250,-1,-1,1,0,83.2,0
6033,73500,73498880,11104,250,-1,-1,1,0,83.3,0
6034,73511,73509990,11110,250,-1,-1,1,0,83.4,0
6035,73522,73521101,11111,250,-1,-1,1,0,83.5,0
6036,73533,73532215,11114,250,-1,-1,1,0,83.6,0
6037,73544,73543324,11109,250,-1,-1,1,0,83.7,0
6038,73555,73554426,11102,250,-1,-1,1,0,83.8,0
6039,73566,73565537,11111,250,-1,-1,1,0,83.9,0
6040,73577,73576653,11116,250,-1,-1,1,0,83.9,1
6041,73589,73587768,11115,250,-1,-1,1,0,83.9,0
6042,73600,73598860,11092,250,-1,-1,1,0,84.0,0
6043,73611,73609980,11120,250,-1,-1,1,0,84.1,0
6044,73622,73621083,11103,250,-1,-1,1,0,84.2,0
6045,73650,73643295,22212,250,-1,-1,1,0,35.7,0
6046,73655,73654581,11286,250,-1,-1,1,0,60.6,0
6047,73666,73665519,10938,250,-1,-1,1,0,68.2,0
6048,73677,73676633,11114,250,-1,-1,1,0,72.7,0
6049,73689,73687730,11097,250,-1,-1,1,0,74.6,1
6050,73700,73698856,11126,250,-1,-1,1,0,76.9,0
6051,73711,73709956,11100,250,-1,-1,1,0,78.7,0
6052,73722,73721066,11110,250,-1,-1,1,0,80.0,0
6053,73733,73732180,11114,250,-1,-1,1,0,81.1,0
6054,73744,73743289,11109,250,-1,-1,1,0,82.0,0
6055,73755,73754393,11104,250,-1,-1,1,0,82.7,0
6056,73766,73765509,11116,250,-1,-1,1,0,83.3,0
6057,73778,73776608,11099,250,-1,-1,1,0,83.3,0
6058,73789,73787718,11110,250,-1,-1,1,0,83.8,1
6059,73800,73798839,11121,250,-1,-1,1,0,84.3,0
6060,73811,73809937,11098,250,-1,-1,1,0,84.7,0
6061,73822,73821047,11110,250,-1,-1,1,0,85.0,0
6062,73833,73832166,11119,250,-1,-1,1,0,85.3,0
6063,73844,73843268,11102,250,-1,-1,1,0,85.6,0
6064,73856,73854375,11107,250,-1,-1,1,0,85.5,0
6065,73866,73865487,11112,250,-1,-1,1,0,86.1,0
6066,73877,73876594,11107,250,-1,-1,1,0,86.3,0
6067,73888,73887698,11104,250,-1,-1,1,0,86.5,1
6068,73900,73898824,11126,250,-1,-1,1,0,86.3,0
6069,73911,73909922,11098,250,-1,-1,1,0,86.5,0
6070,73922,73921034,11112,250,-1,-1,1,0,86.7,0
6071,73933,73932149,11115,250,-1,-1,1,0,86.8,0
6072,73944,73943252,11103,250,-1,-1,1,0,87.0,0
6073,73956,73954357,11105,250,-1,-1,1,0,86.8,0
6074,73966,73965471,11114,250,-1,-1,1,0,87.2,0
6075,73977,73976572,11101,250,-1,-1,1,0,87.3,0
6076,73988,73987681,11109,250,-1,-1,1,0,87.4,1
6077,74000,73998804,11123,250,-1,-1,1,0,87.3,0
6078,74011,74009906,11102,250,-1,-1,1,0,87.4,0
6079,74022,74021013,11107,250,-1,-1,1,0,87.5,0
6080,74033,74032130,11117,250,-1,-1,1,0,87.6,0
6081,74044,74043231,11101,250,-1,-1,1,0,87.7,0
6082,74055,74054345,11114,250,-1,-1,1,0,87.8,0
6083,74066,74065451,11106,250,-1,-1,1,0,87.8,0
6084,74077,74076557,11106,250,-1,-1,1,0,87.9,0
6085,74089,74087663,11106,250,-1,-1,1,0,87.8,1
6086,74100,74098786,11123,250,-1,-1,1,0,87.9,0
6087,74111,74109889,11103,250,-1,-1,1,0,87.9,0
6088,74122,74120998,11109,250,-1,-1,1,0,88.0,0
6089,74133,74132111,11113,250,-1,-1,1,0,88.1,0
6090,74144,74143220,11109,250,-1,-1,1,0,88.1,0
6091,74156,74154325,11105,250,-1,-1,1,0,88.0,0
6092,74166,74165439,11114,250,-1,-1,1,0,88.2,0
6093,74177,74176537,11098,250,-1,-1,1,0,88.3,0
6094,74188,74187651,11114,250,-1,-1,1,0,88.3,1
6095,74200,74198772,11121,250,-1,-1,1,0,88.2,0
6096,74211,74209868,11096,250,-1,-1,1,0,88.3,0
6097,74222,74220981,11113,250,-1,-1,1,0,88.3,0
6098,74233,74232098,11117,250,-1,-1,1,0,88.4,0
6099,74244,74243200,11102,250,-1,-1,1,0,88.4,0
6100,74255,74254308,11108,250,-1,-1,1,0,88.5,0
6101,74266,74265419,11111,250,-1,-1,1,0,88.5,0
6102,74277,74276525,11106,250,-1,-1,1,0,88.5,0
6103,74289,74287631,11106,250,-1,-1,1,0,88.5,1
6104,74300,74298759,11128,250,-1,-1,1,0,88.5,0
6105,74311,74309861,11102,250,-1,-1,1,0,88.5,0
6106,74322,74320967,11106,250,-1,-1,1,0,88.6,0
6107,74333,74332077,11110,250,-1,-1,1,0,88.6,0
6108,74344,74343181,11104,250,-1,-1,1,0,88.6,0
6109,74355,74354287,11106,250,-1,-1,1,0,88.7,0
6110,74366,74365400,11113,250,-1,-1,1,0,88.7,0
6111,74377,74376504,11104,250,-1,-1,1,0,88.7,0
6112,74388,74387617,11113,250,-1,-1,1,0,88.8,1
6113,74400,74398737,11120,250,-1,-1,1,0,88.7,0
6114,74411,74409836,11099,250,-1,-1,1,0,88.7,0
6115,74422,74420944,11108,250,-1,-1,1,0,88.8,0
6116,74433,74432061,11117,250,-1,-1,1,0,88.8,0
6117,74444,74443169,11108,250,-1,-1,1,0,88.8,0
6118,74455,74454274,11105,250,-1,-1,1,0,88.8,0
6119,74466,74465382,11108,250,-1,-1,1,0,88.9,0
6120,74541,74476489,11107,250,-1,-1,1,0,82.7,0
6121,74542,74532027,55538,250,-1,-1,1,0,83.7,1
6122,74544,74543141,11114,250,-1,-1,1,0,84.6,0
6123,74555,74554257,11116,250,-1,-1,1,0,84.7,0
6124,74566,74565367,11110,250,-1,-1,1,0,84.7,0
6125,74577,74576474,11107,250,-1,-1,1,0,84.8,0
6126,74588,74587589,11115,250,-1,-1,1,0,84.9,0
6127,74600,74598701,11112,250,-1,-1,1,0,84.9,0
6128,74611,74609801,11100,250,-1,-1,1,0,84.9,0
6129,74622,74620909,11108,250,-1,-1,1,0,85.0,0
6130,74645,74643127,22218,250,-1,-1,1,0,43.5,1
6131,74655,74654253,11126,250,-1,-1,1,0,60.6,0
6132,74666,74665355,11102,250,-1,-1,1,0,68.2,0
6133,74677,74676460,11105,250,-1,-1,1,0,72.7,0
6134,74688,74687569,11109,250,-1,-1,1,0,75.8,0
6135,74700,74698676,11107,250,-1,-1,1,0,76.9,0
6136,74711,74709784,11108,250,-1,-1,1,0,78.7,0
6137,74722,74720896,11112,250,-1,-1,1,0,80.0,0
6138,74733,74732003,11107,250,-1,-1,1,0,81.1,0
6139,74744,74743110,11107,250,-1,-1,1,0,82.0,1
6140,74755,74754232,11122,250,-1,-1,1,0,82.7,0
6141,74766,74765330,11098,250,-1,-1,1,0,83.3,0
6142,74777,74776438,11108,250,-1,-1,1,0,83.9,0
6143,74788,74787556,11118,250,-1,-1,1,0,84.3,0
6144,74800,74798666,11110,250,-1,-1,1,0,84.3,0
6145,74811,74809771,11105,250,-1,-1,1,0,84.7,0
6146,74822,74820879,11108,250,-1,-1,1,0,85.0,0
6147,74833,74831981,11102,250,-1,-1,1,0,85.3,0
6148,74844,74843091,11110,250,-1,-1,1,0,85.6,1
6149,74855,74854216,11125,250,-1,-1,1,0,85.8,0
6150,74866,74865316,11100,250,-1,-1,1,0,86.1,0
6151,74877,74876425,11109,250,-1,-1,1,0,86.3,0
6152,74889,74887539,11114,250,-1,-1,1,0,86.1,0
6153,74899,74898646,11107,250,-1,-1,1,1000,86.3,0
6154,74911,74909751,11105,250,-1,-1,1,0,86.5,0
6155,74922,74920865,11114,250,-1,-1,1,0,86.7,0
6156,74933,74931965,11100,250,-1,-1,1,0,86.8,0
6157,74944,74943074,11109,250,-1,-1,1,0,87.0,1
6158,74955,74954199,11125,250,-1,-1,1,0,87.1,0
6159,74966,74965297,11098,250,-1,-1,1,0,87.2,0
6160,74977,74976403,11106,250,-1,-1,1,0,87.3,0
6161,74988,74987525,11122,250,-1,-1,1,0,87.4,0
6162,74999,74998631,11106,250,-1,-1,1,0,87.5,0
6163,75011,75009737,11106,250,-1,-1,1,0,87.4,0
6164,75022,75020844,11107,250,-1,-1,1,0,87.5,0
6165,75033,75031947,11103,250,-1,-1,1,0,87.6,0
6166,75044,75043057,11110,250,-1,-1,1,0,87.7,1
6167,75055,75054179,11122,250,-1,-1,1,0,87.8,0
6168,75066,75065277,11098,250,-1,-1,1,0,87.8,0
6169,75077,75076388,11111,250,-1,-1,1,0,87.9,0
6170,75088,75087505,11117,250,-1,-1,1,0,88.0,0
6171,75099,75098613,11108,250,-1,-1,1,0,88.1,0
6172,75111,75109718,11105,250,-1,-1,1,0,87.9,0
6173,75122,75120832,11114,250,-1,-1,1,0,88.0,0
6174,75133,75131929,11097,250,-1,-1,1,0,88.1,0
6175,75144,75143042,11113,250,-1,-1,1,0,88.1,1
6176,75155,75154164,11122,250,-1,-1,1,0,88.2,0
6177,75166,75165264,11100,250,-1,-1,1,0,88.2,0
6178,75177,75176372,11108,250,-1,-1,1,0,88.3,0
6179,75188,75187490,11118,250,-1,-1,1,0,88.3,0
6180,75200,75198593,11103,250,-1,-1,1,0,88.2,0
6181,75211,75209706,11113,250,-1,-1,1,0,88.3,0
6182,75222,75220813,11107,250,-1,-1,1,0,88.3,0
6183,75233,75231915,11102,250,-1,-1,1,0,88.4,0
6184,75244,75243025,11110,250,-1,-1,1,0,88.4,1
6185,75255,75254148,11123,250,-1,-1,1,0,88.5,0
6186,75266,75265247,11099,250,-1,-1,1,0,88.5,0
6187,75277,75276353,11106,250,-1,-1,1,0,88.5,0
6188,75288,75287475,11122,250,-1,-1,1,0,88.6,0
6189,75299,75298579,11104,250,-1,-1,1,0,88.6,0
6190,75311,75309682,11103,250,-1,-1,1,0,88.5,0
6191,75322,75320796,11114,250,-1,-1,1,0,88.6,0
6192,75333,75331893,11097,250,-1,-1,1,0,88.6,0
6193,75344,75343012,11119,250,-1,-1,1,0,88.6,1
6194,75355,75354128,11116,250,-1,-1,1,0,88.7,0
6195,75366,75365231,11103,250,-1,-1,1,0,88.7,0
6196,75377,75376334,11103,250,-1,-1,1,0,88.7,0
6197,75388,75387455,11121,250,-1,-1,1,0,88.8,0
6198,75399,75398560,11105,250,-1,-1,1,0,88.8,0
6199,75411,75409666,11106,250,-1,-1,1,0,88.7,0
6200,75422,75420781,11115,250,-1,-1,1,0,88.8,0
6201,75433,75431881,11100,250,-1,-1,1,0,88.8,0
6202,75444,75442990,11109,250,-1,-1,1,0,88.8,1
6203,75455,75454112,11122,250,-1,-1,1,0,88.8,0
6204,75466,75465212,11100,250,-1,-1,1,0,88.9,0
6205,75477,75476321,11109,250,-1,-1,1,0,88.9,0
6206,75488,75487437,11116,250,-1,-1,1,0,88.9,0
6207,75499,75498544,11107,250,-1,-1,1,0,88.9,0
6208,75511,75509648,11104,250,-1,-1,1,0,88.9,0
6209,75522,75520764,11116,250,-1,-1,1,0,88.9,0
6210,75608,75531863,11099,250,-1,-1,1,0,82.2,0
6211,75608,75598515,66652,250,-1,-1,1,0,83.2,1
6212,75611,75609802,11287,250,-1,-1,1,0,83.9,0
6213,75622,75620741,10939,250,-1,-1,1,0,84.0,0
6214,75648,75642947,22206,250,-1,-1,1,0,38.5,0
6215,75655,75654076,11129,250,-1,-1,1,0,60.6,0
6216,75666,75665181,11105,250,-1,-1,1,0,68.2,0
6217,75677,75676286,11105,250,-1,-1,1,0,72.7,0
6218,75688,75687395,11109,250,-1,-1,1,0,75.8,0
6219,75699,75698512,11117,250,-1,-1,1,0,77.9,0
6220,75710,75709616,11104,250,-1,-1,1,0,79.5,1
6221,75722,75720738,11122,250,-1,-1,1,0,80.0,0
6222,75733,75731839,11101,250,-1,-1,1,0,81.1,0
6223,75744,75742944,11105,250,-1,-1,1,0,82.0,0
6224,75755,75754051,11107,250,-1,-1,1,0,82.7,0
6225,75766,75765166,11115,250,-1,-1,1,0,83.3,0
6226,75777,75776277,11111,250,-1,-1,1,0,83.9,0
6227,75788,75787383,11106,250,-1,-1,1,0,84.3,0
6228,75799,75798488,11105,250,-1,-1,1,0,84.7,0
6229,75810,75809596,11108,250,-1,-1,1,0,85.1,1
6230,75822,75820714,11118,250,-1,-1,1,0,85.0,0
6231,75833,75831817,11103,250,-1,-1,1,0,85.3,0
6232,75844,75842923,11106,250,-1,-1,1,0,85.6,0
6233,75855,75854042,11119,250,-1,-1,1,0,85.8,0
6234,75866,75865186,11144,250,-1,-1,1,0,86.1,0
6235,75877,75876253,11067,250,-1,-1,1,0,86.3,0
6236,75888,75887364,11111,250,-1,-1,1,0,86.5,0
6237,75899,75898465,11101,250,-1,-1,1,0,86.6,0
6238,75911,75909574,11109,250,-1,-1,1,0,86.5,1
6239,75922,75920705,11131,250,-1,-1,1,0,86.7,0
6240,75933,75931796,11091,250,-1,-1,1,0,86.8,0
6241,75944,75942911,11115,250,-1,-1,1,0,87.0,0
6242,75955,75954022,11111,250,-1,-1,1,0,87.1,0
6243,75966,75965136,11114,250,-1,-1,1,0,87.2,0
6244,75977,75976235,11099,250,-1,-1,1,0,87.3,0
6245,75988,75987348,11113,250,-1,-1,1,0,87.4,0
6246,75999,75998458,11110,250,-1,-1,1,0,87.5,0
6247,76010,76009561,11103,250,-1,-1,1,0,87.6,1
6248,76021,76020683,11122,250,-1,-1,1,0,87.7,0
6249,76033,76031784,11101,250,-1,-1,1,0,87.6,0
6250,76044,76042889,11105,250,-1,-1,1,0,87.7,0
6251,76055,76054007,11118,250,-1,-1,1,0,87.8,0
6252,76066,76065108,11101,250,-1,-1,1,0,87.8,0
6253,76077,76076216,11108,250,-1,-1,1,0,87.9,0
6254,76088,76087332,11116,250,-1,-1,1,0,88.0,0
6255,76099,76098437,11105,250,-1,-1,1,0,88.1,0
6256,76110,76109541,11104,250,-1,-1,1,0,88.1,1
6257,76121,76120667,11126,250,-1,-1,1,0,88.2,0
6258,76133,76131762,11095,250,-1,-1,1,0,88.1,0
6259,76144,76142874,11112,250,-1,-1,1,0,88.1,0
6260,76155,76153987,11113,250,-1,-1,1,0,88.2,0
6261,76166,76165097,11110,250,-1,-1,1,0,88.2,0
6262,76177,76176205,11108,250,-1,-1,1,0,88.3,0
6263,76188,76187314,11109,250,-1,-1,1,0,88.3,0
6264,76199,76198415,11101,250,-1,-1,1,0,88.4,0
6265,76210,76209528,11113,250,-1,-1,1,0,88.4,1
6266,76222,76220648,11120,250,-1,-1,1,0,88.3,0
6267,76233,76231749,11101,250,-1,-1,1,0,88.4,0
6268,76244,76242854,11105,250,-1,-1,1,0,88.4,0
6269,76255,76253972,11118,250,-1,-1,1,0,88.5,0
6270,76266,76265080,11108,250,-1,-1,1,0,88.5,0
6271,76277,76276188,11108,250,-1,-1,1,0,88.5,0
6272,76288,76287295,11107,250,-1,-1,1,0,88.6,0
6273,76299,76298395,11100,250,-1,-1,1,0,88.6,0
6274,76310,76309515,11120,250,-1,-1,1,0,88.7,1
6275,76321,76320632,11117,250,-1,-1,1,0,88.7,0
6276,76333,76331731,11099,250,-1,-1,1,0,88.6,0
6277,76344,76342842,11111,250,-1,-1,1,0,88.6,0
6278,76355,76353954,11112,250,-1,-1,1,0,88.7,0
6279,76366,76365076,11122,250,-1,-1,1,0,88.7,0
6280,76377,76376167,11091,250,-1,-1,1,0,88.7,0
6281,76388,76387279,11112,250,-1,-1,1,0,88.8,0
6282,76399,76398380,11101,250,-1,-1,1,0,88.8,0
6283,76410,76409494,11114,250,-1,-1,1,0,88.8,1
6284,76421,76420614,11120,250,-1,-1,1,0,88.9,0
6285,76433,76431713,11099,250,-1,-1,1,0,88.8,0
6286,76444,76442819,11106,250,-1,-1,1,0,88.8,0
6287,76455,76453940,11121,250,-1,-1,1,0,88.8,0
6288,76466,76465043,11103,250,-1,-1,1,0,88.9,0
6289,76477,76476152,11109,250,-1,-1,1,0,88.9,0
6290,76488,76487259,11107,250,-1,-1,1,0,88.9,0
6291,76499,76498367,11108,250,-1,-1,1,0,88.9,0
6292,76510,76509473,11106,250,-1,-1,1,0,89.0,1
6293,76521,76520599,11126,250,-1,-1,1,0,89.0,0
6294,76533,76531694,11095,250,-1,-1,1,0,88.9,0
6295,76544,76542806,11112,250,-1,-1,1,0,88.9,0
6296,76555,76553919,11113,250,-1,-1,1,0,89.0,0
6297,76566,76565092,11173,250,-1,-1,1,0,89.0,0
6298,76577,76576135,11043,250,-1,-1,1,0,89.0,0
6299,76588,76587244,11109,250,-1,-1,1,0,89.0,0
6300,76723,76598347,11103,250,-1,-1,1,0,79.0,0
6301,76747,76742766,144419,250,-1,-1,1,0,41.7,1
6302,76755,76753892,11126,250,-1,-1,1,0,62.5,0
6303,76766,76764989,11097,250,-1,-1,1,0,69.8,0
6304,76777,76776097,11108,250,-1,-1,1,0,74.1,0
6305,76788,76787215,11118,250,-1,-1,1,0,76.9,0
6306,76799,76798319,11104,250,-1,-1,1,0,78.9,0
6307,76810,76809432,11113,250,-1,-1,1,0,80.5,0
6308,76821,76820544,11112,250,-1,-1,1,0,81.6,0
6309,76832,76831640,11096,250,-1,-1,1,0,82.6,0
6310,76844,76842750,11110,250,-1,-1,1,0,82.6,1
6311,76855,76853873,11123,250,-1,-1,1,0,83.3,0
6312,76866,76864972,11099,250,-1,-1,1,0,83.9,0
6313,76877,76876088,11116,250,-1,-1,1,0,84.4,0
6314,76888,76887197,11109,250,-1,-1,1,0,84.8,0
6315,76899,76898409,11212,250,-1,-1,1,0,85.2,0
6316,76910,76909407,10998,250,-1,-1,1,0,85.6,0
6317,76921,76920525,11118,250,-1,-1,1,0,85.9,0
6318,76933,76931621,11096,250,-1,-1,1,0,85.7,0
6319,76944,76942733,11112,250,-1,-1,1,0,86.0,1
6320,76955,76953854,11121,250,-1,-1,1,0,86.2,0
6321,76966,76964955,11101,250,-1,-1,1,0,86.4,0
6322,76977,76976059,11104,250,-1,-1,1,0,86.6,0
6323,76988,76987182,11123,250,-1,-1,1,0,86.8,0
6324,76999,76998287,11105,250,-1,-1,1,0,87.0,0
6325,77010,77009394,11107,250,-1,-1,1,0,87.1,0
6326,77021,77020502,11108,250,-1,-1,1,0,87.2,0
6327,77032,77031616,11114,250,-1,-1,1,0,87.4,0
6328,77044,77042715,11099,250,-1,-1,1,0,87.2,1
6329,77055,77053838,11123,250,-1,-1,1,0,87.3,0
6330,77066,77064936,11098,250,-1,-1,1,0,87.5,0
6331,77077,77076051,11115,250,-1,-1,1,0,87.6,0
6332,77088,77087165,11114,250,-1,-1,1,0,87.7,0
6333,77099,77098268,11103,250,-1,-1,1,0,87.8,0
6334,77110,77109375,11107,250,-1,-1,1,0,87.9,0
6335,77121,77120486,11111,250,-1,-1,1,0,87.9,0
6336,77132,77131586,11100,250,-1,-1,1,0,88.0,0
6337,77143,77142697,11111,250,-1,-1,1,0,88.1,1
6338,77155,77153824,11127,250,-1,-1,1,0,88.0,0
6339,77166,77164921,11097,250,-1,-1,1,0,88.0,0
6340,77177,77176033,11112,250,-1,-1,1,0,88.1,0
6341,77188,77187146,11113,250,-1,-1,1,0,88.2,0
6342,77199,77198253,11107,250,-1,-1,1,0,88.2,0
6343,77210,77209361,11108,250,-1,-1,1,0,88.3,0
6344,77221,77220471,11110,250,-1,-1,1,0,88.4,0
6345,77232,77231573,11102,250,-1,-1,1,0,88.4,0
6346,77244,77242683,11110,250,-1,-1,1,0,88.3,1
6347,77255,77253806,11123,250,-1,-1,1,0,88.3,0
6348,77266,77264903,11097,250,-1,-1,1,0,88.4,0
6349,77277,77276012,11109,250,-1,-1,1,0,88.4,0
6350,77288,77287127,11115,250,-1,-1,1,0,88.5,0
6351,77299,77298256,11129,250,-1,-1,1,0,88.5,0
6352,77310,77309342,11086,250,-1,-1,1,0,88.6,0
6353,77321,77320450,11108,250,-1,-1,1,0,88.6,0
6354,77333,77331558,11108,250,-1,-1,1,0,88.5,0
6355,77343,77342666,11108,250,-1,-1,1,0,88.7,1
6356,77355,77353789,11123,250,-1,-1,1,0,88.6,0
6357,77366,77364887,11098,250,-1,-1,1,0,88.6,0
6358,77377,77375994,11107,250,-1,-1,1,0,88.7,0
6359,77388,77387115,11121,250,-1,-1,1,0,88.7,0
6360,77399,77398295,11180,250,-1,-1,1,0,88.8,0
6361,77410,77409329,11034,250,-1,-1,1,0,88.8,0
6362,77421,77420435,11106,250,-1,-1,1,0,88.8,0
6363,77432,77431541,11106,250,-1,-1,1,0,88.9,0
6364,77443,77442649,11108,250,-1,-1,1,0,88.9,1
6365,77455,77453774,11125,250,-1,-1,1,0,88.8,0
6366,77466,77464868,11094,250,-1,-1,1,0,88.8,0
6367,77477,77475983,11115,250,-1,-1,1,0,88.9,0
6368,77488,77487093,11110,250,-1,-1,1,0,88.9,0
6369,77499,77498271,11178,250,-1,-1,1,0,88.9,0
6370,77510,77509308,11037,250,-1,-1,1,0,88.9,0
6371,77521,77520419,11111,250,-1,-1,1,0,89.0,0
6372,77532,77531518,11099,250,-1,-1,1,0,89.0,0
6373,77543,77542629,11111,250,-1,-1,1,0,89.0,1
6374,77555,77553755,11126,250,-1,-1,1,0,88.9,0
6375,77566,77564854,11099,250,-1,-1,1,0,89.0,0
6376,77577,77575963,11109,250,-1,-1,1,0,89.0,0
6377,77588,77587081,11118,250,-1,-1,1,0,89.0,0
6378,77599,77598280,11199,250,-1,-1,1,0,89.0,0
6379,77610,77609299,11019,250,-1,-1,1,0,89.1,0
6380,77621,77620397,11098,250,-1,-1,1,0,89.1,0
6381,77632,77631502,11105,250,-1,-1,1,0,89.1,0
6382,77644,77642612,11110,250,-1,-1,1,0,89.0,1
6383,77655,77653736,11124,250,-1,-1,1,0,89.1,0
6384,77666,77664841,11105,250,-1,-1,1,0,89.1,0
6385,77677,77675945,11104,250,-1,-1,1,0,89.1,0
6386,77688,77687060,11115,250,-1,-1,1,0,89.1,0
6387,77699,77698200,11140,250,-1,-1,1,0,89.1,0
6388,77710,77709278,11078,250,-1,-1,1,0,89.2,0
6389,77721,77720387,11109,250,-1,-1,1,0,89.2,0
6390,77833,77731486,11099,250,-1,-1,1,0,81.1,0
6391,77874,77864791,133305,250,-1,-1,1,0,24.4,1
6392,77877,77875910,11119,250,-1,-1,1,0,45.5,0
6393,77888,77887021,11111,250,-1,-1,1,0,54.5,0
6394,77899,77898135,11114,250,-1,-1,1,0,60.6,0
6395,77910,77909239,11104,250,-1,-1,1,0,64.9,0
6396,77921,77920353,11114,250,-1,-1,1,0,68.2,0
6397,77932,77931466,11113,250,-1,-1,1,0,70.7,0
6398,77943,77942575,11109,250,-1,-1,1,0,72.7,0
6399,77955,77953675,11100,250,-1,-1,1,0,73.8,0
6400,77966,77964787,11112,250,-1,-1,1,0,75.2,1
6401,77977,77975904,11117,250,-1,-1,1,0,76.4,0
6402,77988,77987003,11099,250,-1,-1,1,0,77.4,0
6403,77999,77998109,11106,250,-1,-1,1,0,78.3,0
6404,78010,78009232,11123,250,-1,-1,1,0,79.1,0
6405,78021,78020436,11204,250,-1,-1,1,0,79.8,0
6406,78032,78031444,11008,250,-1,-1,1,0,80.4,0
6407,78044,78042551,11107,250,-1,-1,1,0,80.6,0
6408,78054,78053655,11104,250,-1,-1,1,0,81.4,0
6409,78066,78064763,11108,250,-1,-1,1,0,81.5,1
6410,78077,78075887,11124,250,-1,-1,1,0,82.0,0
6411,78088,78086985,11098,250,-1,-1,1,0,82.4,0
6412,78099,78098096,11111,250,-1,-1,1,0,82.7,0
6413,78110,78109210,11114,250,-1,-1,1,0,83.0,0
6414,78121,78120442,11232,250,-1,-1,1,0,83.3,0
6415,78132,78131428,10986,250,-1,-1,1,0,83.6,0
6416,78143,78142536,11108,250,-1,-1,1,0,83.9,0
6417,78154,78153638,11102,250,-1,-1,1,0,84.1,0
6418,78166,78164753,11115,250,-1,-1,1,0,84.1,1
6419,78177,78175868,11115,250,-1,-1,1,0,84.3,0
6420,78188,78186972,11104,250,-1,-1,1,0,84.5,0
6421,78199,78198077,11105,250,-1,-1,1,0,84.7,0
6422,78210,78209194,11117,250,-1,-1,1,0,84.9,0
6423,78221,78220359,11165,250,-1,-1,1,0,85.1,0
6424,78232,78231411,11052,250,-1,-1,1,0,85.2,0
6425,78243,78242517,11106,250,-1,-1,1,0,85.4,0
6426,78254,78253618,11101,250,-1,-1,1,0,85.5,0
6427,78266,78264727,11109,250,-1,-1,1,0,85.5,1
6428,78277,78275855,11128,250,-1,-1,1,0,85.6,0
6429,78288,78286955,11100,250,-1,-1,1,0,85.7,0
6430,78299,78298063,11108,250,-1,-1,1,0,85.8,0
6431,78311,78309176,11113,250,-1,-1,1,0,85.8,0
6432,78321,78320286,11110,250,-1,-1,1,0,86.1,0
6433,78332,78331393,11107,250,-1,-1,1,0,86.2,0
6434,78343,78342501,11108,250,-1,-1,1,0,86.3,0
6435,78355,78353601,11100,250,-1,-1,1,0,86.2,0
6436,78366,78364714,11113,250,-1,-1,1,0,86.3,1
6437,78377,78375836,11122,250,-1,-1,1,0,86.4,0
6438,78388,78386937,11101,250,-1,-1,1,0,86.5,0
6439,78399,78398041,11104,250,-1,-1,1,0,86.6,0
6440,78410,78409160,11119,250,-1,-1,1,0,86.7,0
6441,78421,78420265,11105,250,-1,-1,1,0,86.7,0
6442,78432,78431374,11109,250,-1,-1,1,0,86.8,0
6443,78443,78442482,11108,250,-1,-1,1,0,86.9,0
6444,78454,78453586,11104,250,-1,-1,1,0,87.0,0
6445,78465,78464695,11109,250,-1,-1,1,0,87.0,1
6446,78477,78475823,11128,250,-1,-1,1,0,87.0,0
6447,78488,78486915,11092,250,-1,-1,1,0,87.0,0
6448,78499,78498026,11111,250,-1,-1,1,0,87.1,0
6449,78510,78509143,11117,250,-1,-1,1,0,87.1,0
6450,78521,78520323,11180,250,-1,-1,1,0,87.2,0
6451,78532,78531359,11036,250,-1,-1,1,0,87.3,0
6452,78543,78542467,11108,250,-1,-1,1,0,87.3,0
6453,78554,78553567,11100,250,-1,-1,1,0,87.4,0
6454,78565,78564680,11113,250,-1,-1,1,0,87.4,1
6455,78577,78575799,11119,250,-1,-1,1,0,87.4,0
6456,78588,78586898,11099,250,-1,-1,1,0,87.4,0
6457,78599,78598008,11110,250,-1,-1,1,0,87.5,0
6458,78610,78609126,11118,250,-1,-1,1,0,87.5,0
6459,78621,78620298,11172,250,-1,-1,1,0,87.6,0
6460,78632,78631339,11041,250,-1,-1,1,0,87.6,0
6461,78643,78642449,11110,250,-1,-1,1,0,87.7,0
6462,78654,78653551,11102,250,-1,-1,1,0,87.7,0
6463,78666,78664659,11108,250,-1,-1,1,0,87.6,1
6464,78677,78675785,11126,250,-1,-1,1,0,87.7,0
6465,78688,78686884,11099,250,-1,-1,1,0,87.7,0
6466,78699,78697992,11108,250,-1,-1,1,0,87.8,0
6467,78710,78709106,11114,250,-1,-1,1,0,87.8,0
6468,78721,78720215,11109,250,-1,-1,1,0,87.8,0
6469,78732,78731324,11109,250,-1,-1,1,0,87.9,0
6470,78743,78742435,11111,250,-1,-1,1,0,87.9,0
6471,78754,78753536,11101,250,-1,-1,1,0,87.9,0
6472,78765,78764655,11119,250,-1,-1,1,0,88.0,1
6473,78777,78775766,11111,250,-1,-1,1,0,87.9,0
6474,78788,78786869,11103,250,-1,-1,1,0,88.0,0
6475,78799,78797981,11112,250,-1,-1,1,0,88.0,0
6476,78810,78809084,11103,250,-1,-1,1,0,88.0,0
6477,78821,78820196,11112,250,-1,-1,1,0,88.1,0
6478,78832,78831308,11112,250,-1,-1,1,0,88.1,0
6479,78843,78842405,11097,250,-1,-1,1,0,88.1,0
6480,78962,78853578,11173,250,-1,-1,1,0,8.4,0
6481,78962,78953497,99919,250,-1,-1,1,0,16.8,1
6482,78965,78964615,11118,250,-1,-1,1,0,24.6,0
6483,78977,78975725,11110,250,-1,-1,1,0,29.9,0
6484,78988,78986830,11105,250,-1,-1,1,0,34.5,0
6485,78999,78997945,11115,250,-1,-1,1,0,38.5,0
6486,79010,79009054,11109,250,-1,-1,1,0,41.9,0
6487,79021,79020167,11113,250,-1,-1,1,0,44.9,0
6488,79032,79031273,11106,250,-1,-1,1,0,47.6,0
6489,79043,79042378,11105,250,-1,-1,1,0,50.0,0
6490,79054,79053497,11119,250,-1,-1,1,0,52.1,1
6491,79066,79064604,11107,250,-1,-1,1,0,53.8,0
6492,79077,79075706,11102,250,-1,-1,1,0,55.6,0
6493,79088,79086815,11109,250,-1,-1,1,0,57.1,0
6494,79099,79097926,11111,250,-1,-1,1,0,58.6,0
6495,79110,79109032,11106,250,-1,-1,1,0,59.9,0
6496,79121,79120145,11113,250,-1,-1,1,0,61.2,0
6497,79132,79131255,11110,250,-1,-1,1,0,62.3,0
6498,79144,79142362,11107,250,-1,-1,1,0,63.1,0
6499,79154,79153470,11108,250,-1,-1,1,0,64.3,1
6500,79165,79164589,11119,250,-1,-1,1,0,65.2,0
6501,79177,79175689,11100,250,-1,-1,1,0,65.9,0
6502,79188,79186808,11119,250,-1,-1,1,0,66.7,0
6503,79199,79197906,11098,250,-1,-1,1,0,67.4,0
6504,79210,79209021,11115,250,-1,-1,1,0,68.1,0
6505,79221,79220127,11106,250,-1,-1,1,0,68.8,0
6506,79232,79231232,11105,250,-1,-1,1,0,69.4,0
6507,79243,79242343,11111,250,-1,-1,1,0,70.0,0
6508,79254,79253449,11106,250,-1,-1,1,0,70.6,1
6509,79265,79264573,11124,250,-1,-1,1,0,71.1,0
6510,79277,79275678,11105,250,-1,-1,1,0,71.4,0
6511,79288,79286780,11102,250,-1,-1,1,0,71.9,0
6512,79299,79297898,11118,250,-1,-1,1,0,72.4,0
6513,79310,79309004,11106,250,-1,-1,1,0,72.8,0
6514,79321,79320115,11111,250,-1,-1,1,0,73.2,0
6515,79332,79331222,11107,250,-1,-1,1,0,73.6,0
6516,79343,79342328,11106,250,-1,-1,1,0,74.0,0
6517,79354,79353430,11102,250,-1,-1,1,0,74.4,1
6518,79365,79364556,11126,250,-1,-1,1,0,74.7,0
6519,79377,79375653,11097,250,-1,-1,1,0,74.9,0
6520,79388,79386763,11110,250,-1,-1,1,0,75.2,0
6521,79399,79397882,11119,250,-1,-1,1,0,75.5,0
6522,79410,79408996,11114,250,-1,-1,1,0,75.8,0
6523,79421,79420093,11097,250,-1,-1,1,0,76.1,0
6524,79432,79431204,11111,250,-1,-1,1,0,76.4,0
6525,79443,79442310,11106,250,-1,-1,1,0,76.7,0
6526,79454,79453416,11106,250,-1,-1,1,0,76.9,1
6527,79466,79464542,11126,250,-1,-1,1,0,77.0,0
6528,79476,79475640,11098,250,-1,-1,1,0,77.4,0
6529,79488,79486749,11109,250,-1,-1,1,0,77.5,0
6530,79499,79497862,11113,250,-1,-1,1,0,77.7,0
6531,79510,79508968,11106,250,-1,-1,1,0,78.0,0
6532,79521,79520082,11114,250,-1,-1,1,0,78.2,0
6533,79532,79531186,11104,250,-1,-1,1,0,78.4,0
6534,79543,79542289,11103,250,-1,-1,1,0,78.6,0
6535,79554,79553399,11110,250,-1,-1,1,0,78.8,1
6536,79565,79564522,11123,250,-1,-1,1,0,78.9,0
6537,79576,79575618,11096,250,-1,-1,1,0,79.1,0
6538,79588,79586728,11110,250,-1,-1,1,0,79.2,0
6539,79599,79597843,11115,250,-1,-1,1,0,79.4,0
6540,79610,79608953,11110,250,-1,-1,1,0,79.5,0
6541,79621,79620061,11108,250,-1,-1,1,0,79.7,0
6542,79632,79631169,11108,250,-1,-1,1,0,79.8,0
6543,79643,79642270,11101,250,-1,-1,1,0,80.0,0
6544,79654,79653380,11110,250,-1,-1,1,0,80.1,1
6545,79665,79664506,11126,250,-1,-1,1,0,80.3,0
6546,79676,79675604,11098,250,-1,-1,1,0,80.4,0
6547,79688,79686714,11110,250,-1,-1,1,0,80.5,0
6548,79699,79697829,11115,250,-1,-1,1,0,80.6,0
6549,79710,79708931,11102,250,-1,-1,1,0,80.7,0
6550,79721,79720044,11113,250,-1,-1,1,0,80.9,0
6551,79732,79731155,11111,250,-1,-1,1,0,81.0,0
6552,79743,79742258,11103,250,-1,-1,1,0,81.1,0
6553,79754,79753361,11103,250,-1,-1,1,0,81.2,1
6554,79765,79764488,11127,250,-1,-1,1,0,81.3,0
6555,79777,79775586,11098,250,-1,-1,1,0,81.4,0
6556,79788,79786696,11110,250,-1,-1,1,0,81.5,0
6557,79799,79797811,11115,250,-1,-1,1,0,81.6,0
6558,79810,79809044,11233,250,-1,-1,1,0,81.7,0
6559,79821,79820025,10981,250,-1,-1,1,0,81.8,0
6560,79832,79831134,11109,250,-1,-1,1,0,81.9,0
6561,79843,79842235,11101,250,-1,-1,1,0,82.0,0
6562,79854,79853351,11116,250,-1,-1,1,0,90.9,1
6563,79865,79864470,11119,250,-1,-1,1,0,90.9,0
6564,79876,79875571,11101,250,-1,-1,1,0,90.9,0
6565,79888,79886686,11115,250,-1,-1,1,0,88.9,0
6566,79899,79897789,11103,250,-1,-1,1,0,89.3,0
6567,79910,79908903,11114,250,-1,-1,1,0,89.6,0
6568,79921,79920012,11109,250,-1,-1,1,0,89.7,0
6569,79932,79931111,11099,250,-1,-1,1,0,89.9,0
6570,80056,79942218,11107,250,-1,-1,1,0,42.3,0
6571,80056,80053306,111088,250,-1,-1,1,0,46.9,1
6572,80065,80064437,11131,250,-1,-1,1,0,49.5,0
6573,80076,80075535,11098,250,-1,-1,1,0,51.5,0
6574,80088,80086640,11105,250,-1,-1,1,0,53.1,0
6575,80099,80097763,11123,250,-1,-1,1,0,54.7,0
6576,80110,80108863,11100,250,-1,-1,1,0,56.2,0
6577,80121,80119977,11114,250,-1,-1,1,0,57.6,0
6578,80132,80131081,11104,250,-1,-1,1,0,58.8,0
6579,80143,80142203,11122,250,-1,-1,1,0,60.0,0
6580,80154,80153300,11097,250,-1,-1,1,0,61.1,1
6581,80165,80164423,11123,250,-1,-1,1,0,62.1,0
6582,80176,80175514,11091,250,-1,-1,1,1000,62.9,0
6583,80188,80186627,11113,250,-1,-1,1,0,63.8,0
6584,80199,80197736,11109,250,-1,-1,1,0,64.6,0
6585,80210,80208847,11111,250,-1,-1,1,0,65.4,0
6586,80221,80219958,11111,250,-1,-1,1,0,66.1,0
6587,80232,80231066,11108,250,-1,-1,1,0,66.8,0
6588,80243,80242341,11275,250,-1,-1,1,0,67.5,0
6589,80254,80253279,10938,250,-1,-1,1,0,68.1,1
6590,80265,80264401,11122,250,-1,-1,1,0,68.7,0
6591,80276,80275501,11100,250,-1,-1,1,0,69.3,0
6592,80287,80286610,11109,250,-1,-1,1,0,69.8,0
6593,80299,80297726,11116,250,-1,-1,1,0,70.2,0
6594,80310,80308833,11107,250,-1,-1,1,0,70.7,0
6595,80321,80319947,11114,250,-1,-1,1,0,71.1,0
6596,80332,80331050,11103,250,-1,-1,1,0,71.6,0
6597,80343,80342152,11102,250,-1,-1,1,0,72.0,0
6598,80354,80353256,11104,250,-1,-1,1,0,72.4,1
6599,80365,80364389,11133,250,-1,-1,1,0,72.8,0
6600,80376,80375483,11094,250,-1,-1,1,0,73.2,0
6601,80387,80386591,11108,250,-1,-1,1,0,73.5,0
6602,80399,80397708,11117,250,-1,-1,1,0,73.7,0
6603,80410,80408815,11107,250,-1,-1,1,0,74.1,0
6604,80421,80419926,11111,250,-1,-1,1,0,74.4,0
6605,80432,80431036,11110,250,-1,-1,1,0,74.7,0
6606,80443,80442136,11100,250,-1,-1,1,0,75.0,0
6607,80454,80453243,11107,250,-1,-1,1,0,75.3,1
6608,80465,80464367,11124,250,-1,-1,1,0,75.6,0
6609,80476,80475469,11102,250,-1,-1,1,0,75.8,0
6610,80488,80486573,11104,250,-1,-1,1,0,76.0,0
6611,80499,80497691,11118,250,-1,-1,1,0,76.2,0
6612,80510,80508798,11107,250,-1,-1,1,0,76.5,0
6613,80521,80519908,11110,250,-1,-1,1,0,76.7,0
6614,80532,80531014,11106,250,-1,-1,1,0,76.9,0
6615,80543,80542117,11103,250,-1,-1,1,0,77.1,0
6616,80554,80553224,11107,250,-1,-1,1,0,77.4,1
6617,80565,80564351,11127,250,-1,-1,1,0,77.6,0
6618,80576,80575452,11101,250,-1,-1,1,0,77.8,0
6619,80587,80586560,11108,250,-1,-1,1,0,78.0,0
6620,80599,80597674,11114,250,-1,-1,1,0,78.0,0
6621,80610,80608779,11105,250,-1,-1,1,0,78.2,0
6622,80621,80619889,11110,250,-1,-1,1,0,78.4,0
6623,80632,80631002,11113,250,-1,-1,1,0,78.6,0
6624,80643,80642099,11097,250,-1,-1,1,0,78.8,0
6625,80654,80653211,11112,250,-1,-1,1,0,78.9,1
6626,80665,80664332,11121,250,-1,-1,1,0,79.1,0
6627,80676,80675431,11099,250,-1,-1,1,0,79.2,0
6628,80687,80686543,11112,250,-1,-1,1,0,79.4,0
6629,80698,80697656,11113,250,-1,-1,1,0,79.5,0
6630,80710,80708760,11104,250,-1,-1,1,0,79.6,0
6631,80721,80719872,11112,250,-1,-1,1,0,79.7,0
6632,80732,80730982,11110,250,-1,-1,1,0,79.9,0
6633,80743,80742083,11101,250,-1,-1,1,0,80.0,0
6634,80754,80753189,11106,250,-1,-1,1,0,80.1,1
6635,80765,80764320,11131,250,-1,-1,1,0,80.3,0
6636,80776,80775415,11095,250,-1,-1,1,0,80.4,0
6637,80787,80786522,11107,250,-1,-1,1,0,80.5,0
6638,80799,80797639,11117,250,-1,-1,1,0,80.5,0
6639,80810,80808752,11113,250,-1,-1,1,0,80.7,0
6640,80821,80819857,11105,250,-1,-1,1,0,80.8,0
6641,80832,80830966,11109,250,-1,-1,1,0,80.9,0
6642,80843,80842066,11100,250,-1,-1,1,0,81.0,0
6643,80854,80853251,11185,250,-1,-1,1,0,90.9,1
6644,80865,80864301,11050,250,-1,-1,1,0,90.9,0
6645,80876,80875401,11100,250,-1,-1,1,0,90.9,0
6646,80888,80886519,11118,250,-1,-1,1,0,88.9,0
6647,80898,80897618,11099,250,-1,-1,1,0,90.9,0
6648,80910,80908733,11115,250,-1,-1,1,0,89.6,0
6649,80921,80919840,11107,250,-1,-1,1,0,89.7,0
6650,80932,80930938,11098,250,-1,-1,1,0,89.9,0
6651,80943,80942053,11115,250,-1,-1,1,0,90.0,0
6652,80954,80953157,11104,250,-1,-1,1,0,90.1,1
6653,80965,80964283,11126,250,-1,-1,1,0,90.2,0
6654,80976,80975378,11095,250,-1,-1,1,0,90.2,0
6655,80987,80986490,11112,250,-1,-1,1,0,90.3,0
6656,80998,80997602,11112,250,-1,-1,1,0,90.3,0
6657,81010,81008712,11110,250,-1,-1,1,0,89.8,0
6658,81021,81019822,11110,250,-1,-1,1,0,89.9,0
6659,81032,81030934,11112,250,-1,-1,1,0,89.9,0
6660,81156,81042032,11098,250,-1,-1,1,0,57.5,0
6661,81156,81153120,111088,250,-1,-1,1,0,60.7,1
6662,81165,81164251,11131,250,-1,-1,1,0,62.1,0
6663,81176,81175350,11099,250,-1,-1,1,0,63.1,0
6664,81187,81186457,11107,250,-1,-1,1,0,64.0,0
6665,81199,81197565,11108,250,-1,-1,1,0,64.6,0
6666,81210,81208672,11107,250,-1,-1,1,0,65.4,0
6667,81221,81219786,11114,250,-1,-1,1,0,66.1,0
6668,81232,81230895,11109,250,-1,-1,1,0,66.8,0
6669,81243,81242018,11123,250,-1,-1,1,0,67.5,0
6670,81254,81253112,11094,250,-1,-1,1,0,68.1,1
6671,81265,81264237,11125,250,-1,-1,1,0,68.7,0
6672,81276,81275329,11092,250,-1,-1,1,0,69.3,0
6673,81287,81286442,11113,250,-1,-1,1,0,69.8,0
6674,81298,81297551,11109,250,-1,-1,1,0,70.3,0
6675,81309,81308663,11112,250,-1,-1,1,0,70.8,0
6676,81321,81319784,11121,250,-1,-1,1,0,71.1,0
6677,81332,81330882,11098,250,-1,-1,1,0,71.6,0
6678,81343,81341988,11106,250,-1,-1,1,0,72.0,0
6679,81354,81353092,11104,250,-1,-1,1,0,72.4,1
6680,81365,81364215,11123,250,-1,-1,1,0,72.8,0
6681,81376,81375314,11099,250,-1,-1,1,0,73.2,0
6682,81387,81386432,11118,250,-1,-1,1,0,73.5,0
6683,81398,81397530,11098,250,-1,-1,1,0,73.9,0
6684,81409,81408648,11118,250,-1,-1,1,0,74.2,0
6685,81421,81419756,11108,250,-1,-1,1,0,74.4,0
6686,81432,81430858,11102,250,-1,-1,1,0,74.7,0
6687,81443,81441964,11106,250,-1,-1,1,0,75.0,0
6688,81454,81453074,11110,250,-1,-1,1,0,75.3,1
6689,81465,81464200,11126,250,-1,-1,1,0,75.6,0
6690,81476,81475295,11095,250,-1,-1,1,0,75.8,0
6691,81487,81486405,11110,250,-1,-1,1,0,76.1,0
6692,81498,81497524,11119,250,-1,-1,1,0,76.3,0
6693,81510,81508622,11098,250,-1,-1,1,0,76.5,0
6694,81521,81519739,11117,250,-1,-1,1,0,76.7,0
6695,81532,81530844,11105,250,-1,-1,1,0,76.9,0
6696,81543,81541948,11104,250,-1,-1,1,0,77.1,0
6697,81554,81553055,11107,250,-1,-1,1,0,77.4,1
6698,81565,81564177,11122,250,-1,-1,1,0,77.6,0
6699,81576,81575278,11101,250,-1,-1,1,0,77.8,0
6700,81587,81586389,11111,250,-1,-1,1,0,78.0,0
6701,81599,81597502,11113,250,-1,-1,1,0,78.0,0
6702,81609,81608613,11111,250,-1,-1,1,0,78.3,0
6703,81621,81619719,11106,250,-1,-1,1,0,78.4,0
6704,81632,81630829,11110,250,-1,-1,1,0,78.6,0
6705,81643,81641930,11101,250,-1,-1,1,0,78.8,0
6706,81654,81653039,11109,250,-1,-1,1,0,78.9,1
6707,81665,81664160,11121,250,-1,-1,1,0,79.1,0
6708,81676,81675263,11103,250,-1,-1,1,0,79.2,0
6709,81687,81686368,11105,250,-1,-1,1,0,79.4,0
6710,81698,81697492,11124,250,-1,-1,1,0,79.5,0
6711,81710,81708593,11101,250,-1,-1,1,0,79.6,0
6712,81721,81719707,11114,250,-1,-1,1,0,79.7,0
6713,81732,81730810,11103,250,-1,-1,1,0,79.9,0
6714,81743,81741916,11106,250,-1,-1,1,0,80.0,0
6715,81754,81753024,11108,250,-1,-1,1,0,80.1,1
6716,81765,81764148,11124,250,-1,-1,1,0,80.3,0
6717,81776,81775246,11098,250,-1,-1,1,0,80.4,0
6718,81787,81786356,11110,250,-1,-1,1,0,80.5,0
6719,81798,81797471,11115,250,-1,-1,1,0,80.6,0
6720,81809,81808574,11103,250,-1,-1,1,0,80.7,0
6721,81821,81819684,11110,250,-1,-1,1,0,80.8,0
6722,81832,81830793,11109,250,-1,-1,1,0,80.9,0
6723,81843,81841897,11104,250,-1,-1,1,0,81.0,0
6724,81855,81853010,11113,250,-1,-1,1,0,83.3,1
6725,81865,81864127,11117,250,-1,-1,1,0,90.9,0
6726,81876,81875234,11107,250,-1,-1,1,0,90.9,0
6727,81887,81886378,11144,250,-1,-1,1,0,90.9,0
6728,81898,81897446,11068,250,-1,-1,1,0,90.9,0
6729,81910,81908560,11114,250,-1,-1,1,0,89.6,0
6730,81921,81919666,11106,250,-1,-1,1,0,89.7,0
6731,81932,81930779,11113,250,-1,-1,1,0,89.9,0
6732,81943,81941880,11101,250,-1,-1,1,0,90.0,0
6733,81954,81952986,11106,250,-1,-1,1,0,90.1,1
6734,81965,81964115,11129,250,-1,-1,1,0,90.2,0
6735,81976,81975207,11092,250,-1,-1,1,0,90.2,0
6736,81987,81986320,11113,250,-1,-1,1,0,90.3,0
6737,81998,81997434,11114,250,-1,-1,1,0,90.3,0
6738,82009,82008544,11110,250,-1,-1,1,0,90.4,0
6739,82020,82019650,11106,250,-1,-1,1,0,90.4,0
6740,82032,82030759,11109,250,-1,-1,1,0,89.9,0
6741,82043,82041861,11102,250,-1,-1,1,0,90.0,0
6742,82054,82052971,11110,250,-1,-1,1,0,90.0,1
6743,82065,82064096,11125,250,-1,-1,1,0,90.1,0
6744,82076,82075196,11100,250,-1,-1,1,0,90.1,0
6745,82087,82086301,11105,250,-1,-1,1,0,90.2,0
6746,82098,82097420,11119,250,-1,-1,1,0,90.2,0
6747,82109,82108523,11103,250,-1,-1,1,0,90.2,0
6748,82120,82119633,11110,250,-1,-1,1,0,90.3,0
6749,82132,82130747,11114,250,-1,-1,1,0,90.0,0
6750,82256,82141845,11098,250,-1,-1,1,0,65.4,0
6751,82256,82252930,111085,250,-1,-1,1,0,67.8,1
6752,82265,82264064,11134,250,-1,-1,1,0,68.7,0
6753,82276,82275163,11099,250,-1,-1,1,0,69.3,0
6754,82287,82286268,11105,250,-1,-1,1,0,69.8,0
6755,82298,82297378,11110,250,-1,-1,1,0,70.3,0
6756,82310,82308486,11108,250,-1,-1,1,0,70.7,0
6757,82321,82319607,11121,250,-1,-1,1,0,71.1,0
6758,82332,82330710,11103,250,-1,-1,1,0,71.6,0
6759,82343,82341816,11106,250,-1,-1,1,0,72.0,0
6760,82354,82352924,11108,250,-1,-1,1,0,72.4,1
6761,82365,82364046,11122,250,-1,-1,1,0,72.8,0
6762,82376,82375142,11096,250,-1,-1,1,0,73.2,0
6763,82387,82386259,11117,250,-1,-1,1,0,73.5,0
6764,82398,82397364,11105,250,-1,-1,1,0,73.9,0
6765,82409,82408473,11109,250,-1,-1,1,0,74.2,0
6766,82420,82419581,11108,250,-1,-1,1,0,74.5,0
6767,82432,82430702,11121,250,-1,-1,1,0,74.7,0
6768,82443,82441798,11096,250,-1,-1,1,0,75.0,0
6769,82454,82452910,11112,250,-1,-1,1,0,75.3,1
6770,82465,82464028,11118,250,-1,-1,1,0,75.6,0
6771,82476,82475129,11101,250,-1,-1,1,0,75.8,0
6772,82487,82486242,11113,250,-1,-1,1,0,76.1,0
6773,82498,82497344,11102,250,-1,-1,1,0,76.3,0
6774,82509,82508460,11116,250,-1,-1,1,0,76.6,0
6775,82521,82519726,11266,250,-1,-1,1,0,76.7,0
6776,82532,82530666,10940,250,-1,-1,1,0,76.9,0
6777,82543,82541776,11110,250,-1,-1,1,0,77.1,0
6778,82554,82552891,11115,250,-1,-1,1,0,77.4,1
6779,82565,82564012,11121,250,-1,-1,1,0,77.6,0
6780,82576,82575106,11094,250,-1,-1,1,0,77.8,0
6781,82587,82586224,11118,250,-1,-1,1,0,78.0,0
6782,82598,82597329,11105,250,-1,-1,1,0,78.1,0
6783,82609,82608435,11106,250,-1,-1,1,0,78.3,0
6784,82621,82619543,11108,250,-1,-1,1,0,78.4,0
6785,82631,82630655,11112,250,-1,-1,1,0,78.7,0
6786,82643,82641759,11104,250,-1,-1,1,0,78.8,0
6787,82654,82652865,11106,250,-1,-1,1,0,78.9,1
6788,82665,82663990,11125,250,-1,-1,1,0,79.1,0
6789,82676,82675091,11101,250,-1,-1,1,0,79.2,0
6790,82687,82686200,11109,250,-1,-1,1,0,79.4,0
6791,82698,82697321,11121,250,-1,-1,1,0,79.5,0
6792,82709,82708425,11104,250,-1,-1,1,0,79.7,0
6793,82720,82719531,11106,250,-1,-1,1,0,79.8,0
6794,82731,82730639,11108,250,-1,-1,1,0,80.0,0
6795,82743,82741740,11101,250,-1,-1,1,0,80.0,0
6796,82754,82752852,11112,250,-1,-1,1,0,80.1,1
6797,82765,82763977,11125,250,-1,-1,1,0,80.3,0
6798,82776,82775076,11099,250,-1,-1,1,0,80.4,0
6799,82787,82786188,11112,250,-1,-1,1,0,80.5,0
6800,82798,82797299,11111,250,-1,-1,1,0,80.6,0
6801,82809,82808404,11105,250,-1,-1,1,0,80.7,0
6802,82820,82819510,11106,250,-1,-1,1,0,80.9,0
6803,82832,82830713,11203,250,-1,-1,1,0,80.9,0
6804,82843,82841724,11011,250,-1,-1,1,0,81.0,0
6805,82854,82852857,11133,250,-1,-1,1,0,90.9,1
6806,82865,82863955,11098,250,-1,-1,1,0,90.9,0
6807,82876,82875064,11109,250,-1,-1,1,0,90.9,0
6808,82887,82886173,11109,250,-1,-1,1,0,90.9,0
6809,82898,82897278,11105,250,-1,-1,1,0,90.9,0
6810,82909,82908396,11118,250,-1,-1,1,0,90.9,0
6811,82920,82919496,11100,250,-1,-1,1,0,90.9,0
6812,82932,82930603,11107,250,-1,-1,1,0,89.9,0
6813,82943,82941709,11106,250,-1,-1,1,0,90.0,0
6814,82954,82952825,11116,250,-1,-1,1,0,90.1,1
6815,82965,82963942,11117,250,-1,-1,1,0,90.2,0
6816,82976,82975037,11095,250,-1,-1,1,0,90.2,0
6817,82987,82986157,11120,250,-1,-1,1,0,90.3,0
6818,82998,82997264,11107,250,-1,-1,1,0,90.3,0
6819,83009,83008370,11106,250,-1,-1,1,0,90.4,0
6820,83020,83019477,11107,250,-1,-1,1,0,90.4,0
6821,83031,83030588,11111,250,-1,-1,1,0,90.4,0
6822,83042,83041692,11104,250,-1,-1,1,0,90.5,0
6823,83054,83052798,11106,250,-1,-1,1,0,90.0,1
6824,83065,83063925,11127,250,-1,-1,1,0,90.1,0
6825,83076,83075024,11099,250,-1,-1,1,0,90.1,0
6826,83087,83086133,11109,250,-1,-1,1,0,90.2,0
6827,83098,83097250,11117,250,-1,-1,1,0,90.2,0
6828,83109,83108354,11104,250,-1,-1,1,0,90.2,0
6829,83120,83119466,11112,250,-1,-1,1,0,90.3,0
6830,83131,83130572,11106,250,-1,-1,1,0,90.3,0
6831,83142,83141674,11102,250,-1,-1,1,0,90.3,0
6832,83154,83152783,11109,250,-1,-1,1,0,90.0,1
6833,83165,83163906,11123,250,-1,-1,1,0,90.1,0
6834,83176,83175007,11101,250,-1,-1,1,0,90.1,0
6835,83187,83186117,11110,250,-1,-1,1,0,90.1,0
6836,83198,83197230,11113,250,-1,-1,1,0,90.1,0
6837,83209,83208334,11104,250,-1,-1,1,0,90.2,0
6838,83220,83219444,11110,250,-1,-1,1,0,90.2,0
6839,83231,83230556,11112,250,-1,-1,1,0,90.2,0
6840,83356,83241656,11100,250,-1,-1,1,0,70.2,0
6841,83357,83352743,111087,250,-1,-1,1,0,72.0,1
6842,83365,83363876,11133,250,-1,-1,1,0,72.8,0
6843,83376,83374970,11094,250,-1,-1,1,0,73.2,0
6844,83387,83386077,11107,250,-1,-1,1,0,73.5,0
6845,83398,83397189,11112,250,-1,-1,1,0,73.9,0
6846,83409,83408298,11109,250,-1,-1,1,0,74.2,0
6847,83420,83419413,11115,250,-1,-1,1,0,74.5,0
6848,83431,83430520,11107,250,-1,-1,1,0,74.8,0
6849,83442,83441627,11107,250,-1,-1,1,0,75.1,0
6850,83454,83452735,11108,250,-1,-1,1,0,75.3,1
6851,83465,83463856,11121,250,-1,-1,1,0,75.6,0
6852,83476,83474958,11102,250,-1,-1,1,0,75.8,0
6853,83487,83486070,11112,250,-1,-1,1,0,76.1,0
6854,83498,83497177,11107,250,-1,-1,1,0,76.3,0
6855,83509,83508285,11108,250,-1,-1,1,0,76.6,0
6856,83520,83519392,11107,250,-1,-1,1,0,76.8,0
6857,83531,83530504,11112,250,-1,-1,1,0,77.0,0
6858,83542,83541609,11105,250,-1,-1,1,0,77.3,0
6859,83554,83552721,11112,250,-1,-1,1,0,77.4,1
6860,83565,83563839,11118,250,-1,-1,1,0,77.6,0
6861,83576,83574937,11098,250,-1,-1,1,0,77.8,0
6862,83587,83586055,11118,250,-1,-1,1,0,78.0,0
6863,83598,83597155,11100,250,-1,-1,1,0,78.1,0
6864,83609,83608273,11118,250,-1,-1,1,0,78.3,0
6865,83620,83619376,11103,250,-1,-1,1,0,78.5,0
6866,83631,83630480,11104,250,-1,-1,1,0,78.7,0
6867,83643,83641586,11106,250,-1,-1,1,0,78.8,0
6868,83654,83652698,11112,250,-1,-1,1,0,78.9,1
6869,83665,83663820,11122,250,-1,-1,1,0,79.1,0
6870,83676,83674923,11103,250,-1,-1,1,0,79.2,0
6871,83687,83686027,11104,250,-1,-1,1,0,79.4,0
6872,83698,83697145,11118,250,-1,-1,1,0,79.5,0
6873,83709,83708251,11106,250,-1,-1,1,0,79.7,0
6874,83720,83719362,11111,250,-1,-1,1,0,79.8,0
6875,83731,83730466,11104,250,-1,-1,1,0,80.0,0
6876,83742,83741572,11106,250,-1,-1,1,0,80.1,0
6877,83753,83752685,11113,250,-1,-1,1,0,80.2,1
6878,83765,83763805,11120,250,-1,-1,1,0,80.3,0
6879,83776,83774902,11097,250,-1,-1,1,0,80.4,0
6880,83787,83786015,11113,250,-1,-1,1,0,80.5,0
6881,83798,83797123,11108,250,-1,-1,1,0,80.6,0
6882,83809,83808233,11110,250,-1,-1,1,0,80.7,0
6883,83820,83819341,11108,250,-1,-1,1,0,80.9,0
6884,83831,83830453,11112,250,-1,-1,1,0,81.0,0
6885,83842,83841556,11103,250,-1,-1,1,0,81.1,0
6886,83853,83852662,11106,250,-1,-1,1,0,81.2,1
6887,83930,83919313,66651,250,-1,-1,1,0,13.2,0
6888,83932,83930426,11113,250,-1,-1,1,0,25.6,0
6889,83942,83941549,11123,250,-1,-1,1,0,34.1,0
6890,83954,83952658,11109,250,-1,-1,1,0,40.0,0
6891,83965,83963755,11097,250,-1,-1,1,0,45.0,0
6892,83976,83974862,11107,250,-1,-1,1,0,49.2,0
6893,83987,83985974,11112,250,-1,-1,1,0,52.6,0
6894,83998,83997083,11109,250,-1,-1,1,0,55.6,0
6895,84009,84008195,11112,250,-1,-1,1,0,58.1,1
6896,84020,84019318,11123,250,-1,-1,1,0,60.2,0
6897,84031,84030415,11097,250,-1,-1,1,0,62.1,0
6898,84043,84041523,11108,250,-1,-1,1,0,63.5,0
6899,84053,84052641,11118,250,-1,-1,1,0,65.3,0
6900,84065,84063743,11102,250,-1,-1,1,0,66.4,0
6901,84076,84074854,11111,250,-1,-1,1,0,67.6,0
6902,84087,84085963,11109,250,-1,-1,1,0,68.7,0
6903,84098,84097066,11103,250,-1,-1,1,0,69.7,0
6904,84109,84108176,11110,250,-1,-1,1,0,70.6,1
6905,84120,84119299,11123,250,-1,-1,1,0,71.4,0
6906,84131,84130399,11100,250,-1,-1,1,0,72.2,0
6907,84142,84141506,11107,250,-1,-1,1,0,72.9,0
6908,84153,84152621,11115,250,-1,-1,1,0,73.6,0
6909,84165,84163725,11104,250,-1,-1,1,0,74.0,0
6910,84176,84174837,11112,250,-1,-1,1,0,74.5,0
6911,84187,84185950,11113,250,-1,-1,1,0,75.1,0
6912,84198,84197049,11099,250,-1,-1,1,0,75.6,0
6913,84209,84208154,11105,250,-1,-1,1,0,76.1,1
6914,84220,84219284,11130,250,-1,-1,1,0,76.5,0
6915,84231,84230387,11103,250,-1,-1,1,0,76.9,0
6916,84242,84241489,11102,250,-1,-1,1,0,77.3,0
6917,84253,84252607,11118,250,-1,-1,1,0,77.7,0
6918,84265,84263712,11105,250,-1,-1,1,0,77.9,0
6919,84276,84274820,11108,250,-1,-1,1,0,78.2,0
6920,84287,84285932,11112,250,-1,-1,1,0,78.5,0
6921,84298,84297029,11097,250,-1,-1,1,0,78.8,0
6922,84309,84308145,11116,250,-1,-1,1,0,79.1,1
6923,84320,84319264,11119,250,-1,-1,1,0,79.4,0
6924,84331,84330374,11110,250,-1,-1,1,0,79.7,0
6925,84342,84341482,11108,250,-1,-1,1,0,79.9,0
6926,84354,84352590,11108,250,-1,-1,1,0,80.0,0
6927,84365,84363695,11105,250,-1,-1,1,0,80.2,0
6928,84376,84374805,11110,250,-1,-1,1,0,80.5,0
6929,84387,84385911,11106,250,-1,-1,1,0,80.7,0
6930,84512,84397012,11101,250,-1,-1,1,0,66.9,0
6931,84513,84508103,111091,250,-1,-1,1,0,68.3,1
6932,84520,84519229,11126,250,-1,-1,1,0,69.1,0
6933,84531,84530332,11103,250,-1,-1,1,0,69.4,0
6934,84542,84541442,11110,250,-1,-1,1,0,69.8,0
6935,84553,84552546,11104,250,-1,-1,1,0,70.1,0
6936,84564,84563661,11115,250,-1,-1,1,0,70.4,0
6937,84576,84574774,11113,250,-1,-1,1,0,70.6,0
6938,84587,84585874,11100,250,-1,-1,1,0,70.9,0
6939,84598,84596985,11111,250,-1,-1,1,0,71.2,0
6940,84609,84608098,11113,250,-1,-1,1,0,71.5,1
6941,84620,84619209,11111,250,-1,-1,1,0,71.8,0
6942,84631,84630314,11105,250,-1,-1,1,0,72.1,0
6943,84642,84641423,11109,250,-1,-1,1,0,72.3,0
6944,84653,84652532,11109,250,-1,-1,1,0,72.6,0
6945,84665,84663635,11103,250,-1,-1,1,0,72.7,0
6946,84676,84674756,11121,250,-1,-1,1,0,73.0,0
6947,84687,84685856,11100,250,-1,-1,1,0,73.2,0
6948,84698,84696972,11116,250,-1,-1,1,0,73.5,0
6949,84709,84708078,11106,250,-1,-1,1,0,73.7,1
6950,84720,84719195,11117,250,-1,-1,1,0,73.9,0
6951,84731,84730296,11101,250,-1,-1,1,0,74.1,0
6952,84742,84741414,11118,250,-1,-1,1,0,74.3,0
6953,84753,84752511,11097,250,-1,-1,1,0,74.5,0
6954,84764,84763629,11118,250,-1,-1,1,0,74.7,0
6955,84776,84774733,11104,250,-1,-1,1,0,74.8,0
6956,84787,84785848,11115,250,-1,-1,1,0,75.0,0
6957,84798,84796944,11096,250,-1,-1,1,0,75.2,0
6958,84809,84808065,11121,250,-1,-1,1,0,75.4,1
6959,84820,84819179,11114,250,-1,-1,1,0,75.6,0
6960,84831,84830279,11100,250,-1,-1,1,0,75.7,0
6961,84842,84841389,11110,250,-1,-1,1,0,75.9,0
6962,84853,84852507,11118,250,-1,-1,1,0,76.1,0
6963,84864,84863641,11134,250,-1,-1,1,0,76.2,0
6964,84876,84874725,11084,250,-1,-1,1,0,90.9,0
6965,84887,84885825,11100,250,-1,-1,1,0,90.9,0
6966,84898,84896937,11112,250,-1,-1,1,0,90.9,0
6967,84909,84908037,11100,250,-1,-1,1,0,90.9,1
6968,84920,84919161,11124,250,-1,-1,1,0,90.9,0
6969,84931,84930257,11096,250,-1,-1,1,0,90.9,0
6970,84942,84941369,11112,250,-1,-1,1,0,90.9,0
6971,84953,84952486,11117,250,-1,-1,1,0,90.9,0
6972,84964,84963588,11102,250,-1,-1,1,0,90.9,0
6973,84976,84974701,11113,250,-1,-1,1,0,90.1,0
6974,84987,84985818,11117,250,-1,-1,1,0,90.2,0
6975,84998,84996911,11093,250,-1,-1,1,0,90.2,0
6976,85009,85008017,11106,250,-1,-1,1,0,90.3,1
6977,85020,85019145,11128,250,-1,-1,1,0,90.3,0
6978,85031,85030246,11101,250,-1,-1,1,0,90.4,0
6979,85042,85041356,11110,250,-1,-1,1,0,90.4,0
6980,85053,85052471,11115,250,-1,-1,1,0,90.4,0
6981,85065,85063571,11100,250,-1,-1,1,0,90.0,0
6982,85076,85074685,11114,250,-1,-1,1,0,90.0,0
6983,85087,85085792,11107,250,-1,-1,1,0,90.1,0
6984,85098,85096895,11103,250,-1,-1,1,0,90.1,0
6985,85109,85108003,11108,250,-1,-1,1,0,90.2,1
6986,85120,85119129,11126,250,-1,-1,1,0,90.2,0
6987,85131,85130228,11099,250,-1,-1,1,0,90.2,0
6988,85142,85141338,11110,250,-1,-1,1,0,90.3,0
6989,85153,85152452,11114,250,-1,-1,1,0,90.3,0
6990,85164,85163556,11104,250,-1,-1,1,0,90.3,0
6991,85175,85174668,11112,250,-1,-1,1,1000,90.0,0
6992,85187,85185776,11108,250,-1,-1,1,0,90.1,0
6993,85198,85196879,11103,250,-1,-1,1,0,90.1,0
6994,85209,85207989,11110,250,-1,-1,1,0,90.1,1
6995,85220,85219111,11122,250,-1,-1,1,0,90.1,0
6996,85231,85230208,11097,250,-1,-1,1,0,90.2,0
6997,85242,85241320,11112,250,-1,-1,1,0,90.2,0
6998,85253,85252437,11117,250,-1,-1,1,0,90.2,0
6999,85264,85263536,11099,250,-1,-1,1,0,90.2,0
7000,85275,85274653,11117,250,-1,-1,1,0,90.2,0
7001,85287,85285758,11105,250,-1,-1,1,0,90.0,0
7002,85298,85296862,11104,250,-1,-1,1,0,90.1,0
7003,85309,85307971,11109,250,-1,-1,1,0,90.1,1
7004,85320,85319096,11125,250,-1,-1,1,0,90.1,0
7005,85331,85330195,11099,250,-1,-1,1,0,90.1,0
7006,85342,85341304,11109,250,-1,-1,1,0,90.1,0
7007,85353,85352418,11114,250,-1,-1,1,0,90.2,0
7008,85364,85363521,11103,250,-1,-1,1,0,90.2,0
7009,85376,85374635,11114,250,-1,-1,1,0,90.0,0
7010,85387,85385746,11111,250,-1,-1,1,0,90.0,0
7011,85398,85396844,11098,250,-1,-1,1,0,90.1,0
7012,85409,85407952,11108,250,-1,-1,1,0,90.1,1
7013,85420,85419082,11130,250,-1,-1,1,0,90.1,0
7014,85431,85430180,11098,250,-1,-1,1,0,90.1,0
7015,85442,85441285,11105,250,-1,-1,1,0,90.1,0
7016,85453,85452401,11116,250,-1,-1,1,0,90.1,0
7017,85464,85463502,11101,250,-1,-1,1,0,90.2,0
7018,85475,85474620,11118,250,-1,-1,1,0,90.2,0
7019,85487,85485727,11107,250,-1,-1,1,0,90.0,0
7020,85589,85496831,11104,250,-1,-1,1,0,78.7,0
7021,85590,85585698,88867,250,-1,-1,1,0,80.0,1
7022,85598,85596830,11132,250,-1,-1,1,0,80.5,0
7023,85609,85607924,11094,250,-1,-1,1,0,80.6,0
7024,85620,85619035,11111,250,-1,-1,1,0,80.8,0
7025,85631,85630145,11110,250,-1,-1,1,0,80.9,0
7026,85642,85641327,11182,250,-1,-1,1,0,81.1,0
7027,85653,85652361,11034,250,-1,-1,1,0,81.2,0
7028,85664,85663475,11114,250,-1,-1,1,0,81.4,0
7029,85675,85674577,11102,250,-1,-1,1,0,81.5,0
7030,85687,85685685,11108,250,-1,-1,1,0,81.5,1
7031,85698,85696810,11125,250,-1,-1,1,0,81.6,0
7032,85709,85707906,11096,250,-1,-1,1,0,81.8,0
7033,85720,85719020,11114,250,-1,-1,1,0,81.9,0
7034,85731,85730122,11102,250,-1,-1,1,0,82.0,0
7035,85742,85741241,11119,250,-1,-1,1,0,82.1,0
7036,85753,85752347,11106,250,-1,-1,1,0,82.2,0
7037,85764,85763449,11102,250,-1,-1,1,0,82.3,0
7038,85776,85774556,11107,250,-1,-1,1,0,82.3,0
7039,85786,85785667,11111,250,-1,-1,1,0,82.5,1
7040,85798,85796791,11124,250,-1,-1,1,0,82.5,0
7041,85809,85807889,11098,250,-1,-1,1,0,82.6,0
7042,85820,85818996,11107,250,-1,-1,1,0,82.7,0
7043,85831,85830114,11118,250,-1,-1,1,0,82.8,0
7044,85842,85841217,11103,250,-1,-1,1,0,82.9,0
7045,85853,85852329,11112,250,-1,-1,1,0,83.0,0
7046,85864,85863440,11111,250,-1,-1,1,0,83.1,0
7047,85875,85874539,11099,250,-1,-1,1,0,83.2,0
7048,85887,85885808,11269,250,-1,-1,1,0,83.3,1
7049,85898,85896775,10967,250,-1,-1,1,0,87.0,0
7050,85909,85907875,11100,250,-1,-1,1,0,88.2,0
7051,85920,85918988,11113,250,-1,-1,1,0,88.9,0
7052,85931,85930091,11103,250,-1,-1,1,0,89.3,0
7053,85942,85941207,11116,250,-1,-1,1,0,89.6,0
7054,85954,85952307,11100,250,-1,-1,1,0,88.6,0
7055,85964,85963423,11116,250,-1,-1,1,0,89.9,0
7056,85975,85974523,11100,250,-1,-1,1,0,90.0,0
7057,85986,85985632,11109,250,-1,-1,1,0,90.1,1
7058,85998,85996756,11124,250,-1,-1,1,0,89.4,0
7059,86009,86007857,11101,250,-1,-1,1,0,89.6,0
7060,86020,86018962,11105,250,-1,-1,1,0,89.7,0
7061,86031,86030083,11121,250,-1,-1,1,0,89.7,0
7062,86042,86041183,11100,250,-1,-1,1,0,89.8,0
7063,86053,86052297,11114,250,-1,-1,1,0,89.9,0
7064,86064,86063405,11108,250,-1,-1,1,0,89.9,0
7065,86075,86074507,11102,250,-1,-1,1,0,90.0,0
7066,86087,86085613,11106,250,-1,-1,1,0,89.6,1
7067,86098,86096742,11129,250,-1,-1,1,0,89.7,0
7068,86109,86107838,11096,250,-1,-1,1,0,89.7,0
7069,86120,86118947,11109,250,-1,-1,1,0,89.8,0
7070,86131,86130063,11116,250,-1,-1,1,0,89.8,0
7071,86142,86141171,11108,250,-1,-1,1,0,89.9,0
7072,86153,86152280,11109,250,-1,-1,1,0,89.9,0
7073,86164,86163388,11108,250,-1,-1,1,0,90.0,0
7074,86175,86174489,11101,250,-1,-1,1,0,90.0,0
7075,86186,86185596,11107,250,-1,-1,1,0,90.0,1
7076,86198,86196721,11125,250,-1,-1,1,0,89.8,0
7077,86209,86207821,11100,250,-1,-1,1,0,89.8,0
7078,86220,86218927,11106,250,-1,-1,1,0,89.9,0
7079,86231,86230046,11119,250,-1,-1,1,0,89.9,0
7080,86242,86241154,11108,250,-1,-1,1,0,89.9,0
7081,86253,86252263,11109,250,-1,-1,1,0,89.9,0
7082,86264,86263372,11109,250,-1,-1,1,0,90.0,0
7083,86275,86274472,11100,250,-1,-1,1,0,90.0,0
7084,86286,86285578,11106,250,-1,-1,1,0,90.0,1
7085,86298,86296708,11130,250,-1,-1,1,0,89.8,0
7086,86309,86307802,11094,250,-1,-1,1,0,89.9,0
7087,86320,86318914,11112,250,-1,-1,1,0,89.9,0
7088,86331,86330026,11112,250,-1,-1,1,0,89.9,0
7089,86342,86341133,11107,250,-1,-1,1,0,89.9,0
7090,86353,86352244,11111,250,-1,-1,1,0,90.0,0
7091,86364,86363359,11115,250,-1,-1,1,0,90.0,0
7092,86375,86374455,11096,250,-1,-1,1,0,90.0,0
7093,86386,86385566,11111,250,-1,-1,1,0,90.0,1
7094,86398,86396687,11121,250,-1,-1,1,0,89.9,0
7095,86409,86407786,11099,250,-1,-1,1,0,89.9,0
7096,86420,86418894,11108,250,-1,-1,1,0,89.9,0
7097,86431,86430012,11118,250,-1,-1,1,0,89.9,0
7098,86442,86441115,11103,250,-1,-1,1,0,89.9,0
7099,86453,86452228,11113,250,-1,-1,1,0,90.0,0
7100,86464,86463336,11108,250,-1,-1,1,0,90.0,0
7101,86475,86474442,11106,250,-1,-1,1,0,90.0,0
7102,86486,86485548,11106,250,-1,-1,1,0,90.0,1
7103,86498,86496670,11122,250,-1,-1,1,0,89.9,0
7104,86509,86507772,11102,250,-1,-1,1,0,89.9,0
7105,86520,86518879,11107,250,-1,-1,1,0,89.9,0
7106,86531,86529993,11114,250,-1,-1,1,0,89.9,0
7107,86542,86541100,11107,250,-1,-1,1,0,90.0,0
7108,86553,86552206,11106,250,-1,-1,1,0,90.0,0
7109,86564,86563320,11114,250,-1,-1,1,0,90.0,0
7110,86644,86574418,11098,250,-1,-1,1,0,81.9,0
7111,86644,86641205,66787,250,-1,-1,1,0,83.2,1
7112,86653,86652204,10999,250,-1,-1,1,0,83.5,0
7113,86664,86663300,11096,250,-1,-1,1,0,83.7,0
7114,86675,86674403,11103,250,-1,-1,1,0,83.8,0
7115,86686,86685516,11113,250,-1,-1,1,0,83.8,0
7116,86697,86696626,11110,250,-1,-1,1,0,83.9,0
7117,86709,86707739,11113,250,-1,-1,1,0,83.9,0
7118,86720,86718850,11111,250,-1,-1,1,0,84.0,0
7119,86731,86729950,11100,250,-1,-1,1,0,84.1,0
7120,86742,86741066,11116,250,-1,-1,1,0,84.2,1
7121,86753,86752181,11115,250,-1,-1,1,0,84.3,0
7122,86764,86763287,11106,250,-1,-1,1,0,84.4,0
7123,86775,86774396,11109,250,-1,-1,1,0,84.4,0
7124,86786,86785500,11104,250,-1,-1,1,0,84.5,0
7125,86797,86796605,11105,250,-1,-1,1,0,84.6,0
7126,86809,86807723,11118,250,-1,-1,1,0,84.6,0
7127,86820,86818829,11106,250,-1,-1,1,0,84.7,0
7128,86831,86829940,11111,250,-1,-1,1,0,84.7,0
7129,86842,86841048,11108,250,-1,-1,1,0,84.8,1
7130,86853,86852167,11119,250,-1,-1,1,0,84.9,0
7131,86864,86863266,11099,250,-1,-1,1,0,84.9,0
7132,86875,86874543,11277,250,-1,-1,1,0,85.0,0
7133,86901,86896590,22047,250,-1,-1,1,0,38.5,0
7134,86909,86907705,11115,250,-1,-1,1,0,58.8,0
7135,86920,86918816,11111,250,-1,-1,1,0,66.7,0
7136,86931,86929915,11099,250,-1,-1,1,0,71.4,0
7137,86942,86941023,11108,250,-1,-1,1,0,74.6,0
7138,86953,86952132,11109,250,-1,-1,1,0,76.9,1
7139,86964,86963258,11126,250,-1,-1,1,0,78.7,0
7140,86975,86974358,11100,250,-1,-1,1,0,80.0,0
7141,86986,86985464,11106,250,-1,-1,1,0,81.1,0
7142,86997,86996586,11122,250,-1,-1,1,0,82.0,0
7143,87008,87007686,11100,250,-1,-1,1,0,82.7,0
7144,87020,87018800,11114,250,-1,-1,1,0,82.8,0
7145,87031,87029907,11107,250,-1,-1,1,0,83.3,0
7146,87042,87041012,11105,250,-1,-1,1,0,83.8,0
7147,87053,87052116,11104,250,-1,-1,1,0,84.3,1
7148,87064,87063239,11123,250,-1,-1,1,0,84.7,0
7149,87075,87074340,11101,250,-1,-1,1,0,85.0,0
7150,87086,87085448,11108,250,-1,-1,1,0,85.3,0
7151,87097,87096566,11118,250,-1,-1,1,0,85.6,0
7152,87108,87107667,11101,250,-1,-1,1,0,85.8,0
7153,87120,87118782,11115,250,-1,-1,1,0,85.7,0
7154,87131,87129893,11111,250,-1,-1,1,0,85.9,0
7155,87142,87140991,11098,250,-1,-1,1,0,86.1,0
7156,87153,87152099,11108,250,-1,-1,1,0,86.3,1
7157,87164,87163223,11124,250,-1,-1,1,0,86.5,0
7158,87175,87174320,11097,250,-1,-1,1,0,86.7,0
7159,87186,87185434,11114,250,-1,-1,1,0,86.8,0
7160,87197,87196546,11112,250,-1,-1,1,0,87.0,0
7161,87209,87207652,11106,250,-1,-1,1,0,86.8,0
7162,87220,87218765,11113,250,-1,-1,1,0,87.0,0
7163,87231,87229872,11107,250,-1,-1,1,0,87.1,0
7164,87242,87240972,11100,250,-1,-1,1,0,87.2,0
7165,87253,87252085,11113,250,-1,-1,1,0,87.3,1
7166,87264,87263205,11120,250,-1,-1,1,0,87.4,0
7167,87275,87274307,11102,250,-1,-1,1,0,87.5,0
7168,87286,87285412,11105,250,-1,-1,1,0,87.6,0
7169,87298,87296530,11118,250,-1,-1,1,0,87.5,0
7170,87308,87307633,11103,250,-1,-1,1,0,87.8,0
7171,87320,87318746,11113,250,-1,-1,1,0,87.6,0
7172,87331,87329851,11105,250,-1,-1,1,0,87.7,0
7173,87342,87340957,11106,250,-1,-1,1,0,87.8,0
7174,87353,87352063,11106,250,-1,-1,1,0,87.9,1
7175,87364,87363192,11129,250,-1,-1,1,0,87.9,0
7176,87375,87374291,11099,250,-1,-1,1,0,88.0,0
7177,87386,87385396,11105,250,-1,-1,1,0,88.1,0
7178,87397,87396509,11113,250,-1,-1,1,0,88.1,0
7179,87408,87407615,11106,250,-1,-1,1,0,88.2,0
7180,87420,87418727,11112,250,-1,-1,1,0,88.1,0
7181,87431,87429836,11109,250,-1,-1,1,0,88.1,0
7182,87442,87440938,11102,250,-1,-1,1,0,88.2,0
7183,87453,87452047,11109,250,-1,-1,1,0,88.2,1
7184,87464,87463169,11122,250,-1,-1,1,0,88.3,0
7185,87475,87474272,11103,250,-1,-1,1,0,88.3,0
7186,87486,87485381,11109,250,-1,-1,1,0,88.4,0
7187,87497,87496497,11116,250,-1,-1,1,0,88.4,0
7188,87508,87507600,11103,250,-1,-1,1,0,88.5,0
7189,87520,87518713,11113,250,-1,-1,1,0,88.4,0
7190,87531,87529822,11109,250,-1,-1,1,0,88.4,0
7191,87542,87540925,11103,250,-1,-1,1,0,88.5,0
7192,87553,87552028,11103,250,-1,-1,1,0,88.5,1
7193,87564,87563155,11127,250,-1,-1,1,0,88.5,0
7194,87575,87574252,11097,250,-1,-1,1,0,88.6,0
7195,87586,87585365,11113,250,-1,-1,1,0,88.6,0
7196,87597,87596480,11115,250,-1,-1,1,0,88.6,0
7197,87609,87607585,11105,250,-1,-1,1,0,88.6,0
7198,87620,87618697,11112,250,-1,-1,1,0,88.6,0
7199,87631,87629863,11166,250,-1,-1,1,0,88.6,0
7200,87724,87640904,11041,250,-1,-1,1,0,80.1,0
7201,87724,87718667,77763,250,-1,-1,1,0,81.3,1
7202,87731,87729795,11128,250,-1,-1,1,0,81.8,0
7203,87742,87740896,11101,250,-1,-1,1,0,81.9,0
7204,87753,87752001,11105,250,-1,-1,1,0,82.0,0
7205,87764,87763106,11105,250,-1,-1,1,0,82.1,0
7206,87775,87774227,11121,250,-1,-1,1,0,82.2,0
7207,87786,87785336,11109,250,-1,-1,1,0,82.3,0
7208,87797,87796437,11101,250,-1,-1,1,0,82.4,0
7209,87808,87807549,11112,250,-1,-1,1,0,82.5,0
7210,87819,87818664,11115,250,-1,-1,1,0,82.6,1
7211,87831,87829776,11112,250,-1,-1,1,0,82.6,0
7212,87842,87840880,11104,250,-1,-1,1,0,82.7,0
7213,87853,87851986,11106,250,-1,-1,1,0,82.8,0
7214,87864,87863094,11108,250,-1,-1,1,0,82.9,0
7215,87875,87874201,11107,250,-1,-1,1,0,83.0,0
7216,87904,87896414,22213,250,-1,-1,1,0,34.5,0
7217,87908,87907536,11122,250,-1,-1,1,0,60.6,0
7218,87920,87918639,11103,250,-1,-1,1,0,66.7,0
7219,87931,87929755,11116,250,-1,-1,1,0,71.4,1
7220,87942,87940871,11116,250,-1,-1,1,0,74.6,0
7221,87953,87951969,11098,250,-1,-1,1,0,76.9,0
7222,87964,87963081,11112,250,-1,-1,1,0,78.7,0
7223,87975,87974185,11104,250,-1,-1,1,0,80.0,0
7224,87986,87985305,11120,250,-1,-1,1,0,81.1,0
7225,87997,87996402,11097,250,-1,-1,1,0,82.0,0
7226,88008,88007515,11113,250,-1,-1,1,0,82.7,0
7227,88019,88018625,11110,250,-1,-1,1,0,83.3,0
7228,88031,88029729,11104,250,-1,-1,1,0,83.3,1
7229,88042,88040851,11122,250,-1,-1,1,0,83.8,0
7230,88053,88051953,11102,250,-1,-1,1,0,84.3,0
7231,88064,88063057,11104,250,-1,-1,1,0,84.7,0
7232,88075,88074177,11120,250,-1,-1,1,0,85.0,0
7233,88086,88085279,11102,250,-1,-1,1,0,85.3,0
7234,88097,88096391,11112,250,-1,-1,1,0,85.6,0
7235,88108,88107506,11115,250,-1,-1,1,0,85.8,0
7236,88119,88118601,11095,250,-1,-1,1,0,86.1,0
7237,88131,88129711,11110,250,-1,-1,1,0,85.9,1
7238,88142,88140833,11122,250,-1,-1,1,0,86.1,0
7239,88153,88151931,11098,250,-1,-1,1,0,86.3,0
7240,88164,88163040,11109,250,-1,-1,1,0,86.5,0
7241,88175,88174156,11116,250,-1,-1,1,0,86.7,0
7242,88186,88185262,11106,250,-1,-1,1,0,86.8,0
7243,88197,88196373,11111,250,-1,-1,1,0,87.0,0
7244,88208,88207482,11109,250,-1,-1,1,0,87.1,0
7245,88219,88218583,11101,250,-1,-1,1,0,87.2,0
7246,88231,88229695,11112,250,-1,-1,1,0,87.1,1
7247,88242,88240818,11123,250,-1,-1,1,0,87.2,0
7248,88253,88251920,11102,250,-1,-1,1,0,87.3,0
7249,88264,88263024,11104,250,-1,-1,1,0,87.4,0
7250,88275,88274141,11117,250,-1,-1,1,0,87.5,0
7251,88286,88285246,11105,250,-1,-1,1,0,87.6,0
7252,88297,88296357,11111,250,-1,-1,1,0,87.7,0
7253,88308,88307546,11189,250,-1,-1,1,0,87.8,0
7254,88319,88318564,11018,250,-1,-1,1,0,87.8,0
7255,88330,88329678,11114,250,-1,-1,1,0,87.9,1
7256,88342,88340805,11127,250,-1,-1,1,0,87.8,0
7257,88353,88351896,11091,250,-1,-1,1,0,87.9,0
7258,88364,88363008,11112,250,-1,-1,1,0,87.9,0
7259,88375,88374125,11117,250,-1,-1,1,0,88.0,0
7260,88386,88385228,11103,250,-1,-1,1,0,88.1,0
7261,88397,88396339,11111,250,-1,-1,1,0,88.1,0
7262,88408,88407447,11108,250,-1,-1,1,0,88.2,0
7263,88419,88418552,11105,250,-1,-1,1,0,88.2,0
7264,88430,88429658,11106,250,-1,-1,1,0,88.3,1
7265,88442,88440783,11125,250,-1,-1,1,0,88.2,0
7266,88453,88451885,11102,250,-1,-1,1,0,88.2,0
7267,88464,88462991,11106,250,-1,-1,1,0,88.3,0
7268,88475,88474108,11117,250,-1,-1,1,0,88.3,0
7269,88486,88485213,11105,250,-1,-1,1,0,88.4,0
7270,88497,88496322,11109,250,-1,-1,1,0,88.4,0
7271,88508,88507472,11150,250,-1,-1,1,0,88.5,0
7272,88519,88518533,11061,250,-1,-1,1,0,88.5,0
7273,88530,88529640,11107,250,-1,-1,1,0,88.5,1
7274,88542,88540768,11128,250,-1,-1,1,0,88.5,0
7275,88553,88551863,11095,250,-1,-1,1,0,88.5,0
7276,88564,88562974,11111,250,-1,-1,1,0,88.5,0
7277,88575,88574090,11116,250,-1,-1,1,0,88.6,0
7278,88586,88585196,11106,250,-1,-1,1,0,88.6,0
7279,88597,88596305,11109,250,-1,-1,1,0,88.6,0
7280,88608,88607452,11147,250,-1,-1,1,0,88.7,0
7281,88619,88618515,11063,250,-1,-1,1,0,88.7,0
7282,88631,88629623,11108,250,-1,-1,1,0,88.6,1
7283,88642,88640749,11126,250,-1,-1,1,0,88.7,0
7284,88653,88651848,11099,250,-1,-1,1,0,88.7,0
7285,88664,88662956,11108,250,-1,-1,1,0,88.7,0
7286,88675,88674075,11119,250,-1,-1,1,0,88.8,0
7287,88686,88685178,11103,250,-1,-1,1,0,88.8,0
7288,88697,88696289,11111,250,-1,-1,1,0,88.8,0
7289,88708,88707398,11109,250,-1,-1,1,0,88.8,0
7290,88815,88718500,11102,250,-1,-1,1,0,79.8,0
7291,88815,88807369,88869,250,-1,-1,1,0,80.9,1
7292,88819,88818495,11126,250,-1,-1,1,0,81.6,0
7293,88830,88829600,11105,250,-1,-1,1,0,81.7,0
7294,88842,88840703,11103,250,-1,-1,1,0,81.7,0
7295,88853,88851813,11110,250,-1,-1,1,0,81.8,0
7296,88864,88862929,11116,250,-1,-1,1,0,81.9,0
7297,88875,88874041,11112,250,-1,-1,1,0,82.0,0
7298,88933,88929575,55534,250,-1,-1,1,0,17.2,0
7299,88942,88940690,11115,250,-1,-1,1,0,29.9,0
7300,88953,88951910,11220,250,-1,-1,1,0,38.5,1
7301,88964,88962916,11006,250,-1,-1,1,0,44.9,0
7302,88975,88974015,11099,250,-1,-1,1,0,50.0,0
7303,88986,88985294,11279,250,-1,-1,1,0,54.1,0
7304,88997,88996233,10939,250,-1,-1,1,0,57.4,0
7305,89008,89007347,11114,250,-1,-1,1,0,60.2,0
7306,89019,89018510,11163,250,-1,-1,1,0,62.5,0
7307,89030,89029563,11053,250,-1,-1,1,0,64.5,0
7308,89041,89040668,11105,250,-1,-1,1,0,66.3,0
7309,89053,89051777,11109,250,-1,-1,1,0,67.4,1
7310,89064,89062896,11119,250,-1,-1,1,0,68.8,0
7311,89075,89073996,11100,250,-1,-1,1,0,70.0,0
7312,89086,89085103,11107,250,-1,-1,1,0,71.1,0
7313,89097,89096219,11116,250,-1,-1,1,0,72.1,0
7314,89108,89107328,11109,250,-1,-1,1,0,72.6,0
7315,89119,89118439,11111,250,-1,-1,1,0,73.8,0
7316,89130,89129545,11106,250,-1,-1,1,0,74.5,0
7317,89141,89140657,11112,250,-1,-1,1,0,75.2,0
7318,89153,89151755,11098,250,-1,-1,1,0,75.5,1
7319,89164,89162884,11129,250,-1,-1,1,0,76.1,0
7320,89175,89173981,11097,250,-1,-1,1,0,76.7,0
7321,89186,89185090,11109,250,-1,-1,1,0,77.2,0
7322,89197,89196201,11111,250,-1,-1,1,0,77.6,0
7323,89208,89207312,11111,250,-1,-1,1,0,78.1,0
7324,89219,89218425,11113,250,-1,-1,1,0,78.5,0
7325,89230,89229531,11106,250,-1,-1,1,0,78.9,0
7326,89241,89240634,11103,250,-1,-1,1,0,79.2,0
7327,89253,89251741,11107,250,-1,-1,1,0,79.4,1
7328,89264,89262868,11127,250,-1,-1,1,0,79.7,0
7329,89275,89273964,11096,250,-1,-1,1,0,80.0,0
7330,89286,89285072,11108,250,-1,-1,1,0,80.3,0
7331,89297,89296190,11118,250,-1,-1,1,0,80.6,0
7332,89309,89307291,11101,250,-1,-1,1,0,80.6,0
7333,89319,89318406,11115,250,-1,-1,1,0,81.1,0
7334,89330,89329510,11104,250,-1,-1,1,0,81.3,0
7335,89342,89340619,11109,250,-1,-1,1,0,81.4,0
7336,89353,89351724,11105,250,-1,-1,1,0,81.6,1
7337,89364,89362848,11124,250,-1,-1,1,0,81.8,0
7338,89375,89373945,11097,250,-1,-1,1,0,82.0,0
7339,89386,89385062,11117,250,-1,-1,1,0,82.2,0
7340,89397,89396170,11108,250,-1,-1,1,0,82.4,0
7341,89409,89407277,11107,250,-1,-1,1,0,82.4,0
7342,89419,89418387,11110,250,-1,-1,1,0,82.7,0
7343,89431,89429492,11105,250,-1,-1,1,0,82.7,0
7344,89441,89440600,11108,250,-1,-1,1,0,83.0,0
7345,89452,89451717,11117,250,-1,-1,1,0,83.2,1
7346,89464,89462831,11114,250,-1,-1,1,0,83.2,0
7347,89475,89473932,11101,250,-1,-1,1,0,83.3,0
7348,89486,89485042,11110,250,-1,-1,1,0,83.5,0
7349,89497,89496153,11111,250,-1,-1,1,0,83.6,0
7350,89508,89507261,11108,250,-1,-1,1,0,83.7,0
7351,89519,89518422,11161,250,-1,-1,1,0,83.9,0
7352,89530,89529477,11055,250,-1,-1,1,0,84.0,0
7353,89541,89540581,11104,250,-1,-1,1,0,84.1,0
7354,89552,89551685,11104,250,-1,-1,1,0,84.2,1
7355,89564,89562815,11130,250,-1,-1,1,0,84.2,0
7356,89575,89573912,11097,250,-1,-1,1,0,84.3,0
7357,89586,89585023,11111,250,-1,-1,1,0,84.4,0
7358,89597,89596142,11119,250,-1,-1,1,0,84.5,0
7359,89609,89607242,11100,250,-1,-1,1,0,84.5,0
7360,89619,89618351,11109,250,-1,-1,1,0,84.7,0
7361,89630,89629461,11110,250,-1,-1,1,0,84.8,0
7362,89641,89640563,11102,250,-1,-1,1,0,84.9,0
7363,89653,89651676,11113,250,-1,-1,1,0,84.8,1
7364,89664,89662796,11120,250,-1,-1,1,0,84.9,0
7365,89675,89673894,11098,250,-1,-1,1,0,85.0,0
7366,89686,89685001,11107,250,-1,-1,1,0,85.1,0
7367,89697,89696122,11121,250,-1,-1,1,0,85.2,0
7368,89709,89707224,11102,250,-1,-1,1,0,85.1,0
7369,89719,89718345,11121,250,-1,-1,1,0,85.3,0
7370,89730,89729442,11097,250,-1,-1,1,0,85.4,0
7371,89741,89740545,11103,250,-1,-1,1,0,85.5,0
7372,89752,89751662,11117,250,-1,-1,1,0,85.5,1
7373,89764,89762780,11118,250,-1,-1,1,0,85.5,0
7374,89775,89773878,11098,250,-1,-1,1,0,85.6,0
7375,89786,89784988,11110,250,-1,-1,1,0,85.6,0
7376,89797,89796104,11116,250,-1,-1,1,0,85.7,0
7377,89808,89807209,11105,250,-1,-1,1,0,85.7,0
7378,89819,89818320,11111,250,-1,-1,1,0,85.8,0
7379,89830,89829427,11107,250,-1,-1,1,0,85.9,0
7380,89951,89840527,11100,250,-1,-1,1,0,77.1,0
7381,89994,89984943,144416,250,-1,-1,1,0,23.3,1
7382,89997,89996056,11113,250,-1,-1,1,0,43.5,0
7383,90008,90007172,11116,250,-1,-1,1,0,52.6,0
7384,90019,90018289,11117,250,-1,-1,1,0,58.8,0
7385,90030,90029392,11103,250,-1,-1,1,0,63.3,0
7386,90042,90040498,11106,250,-1,-1,1,0,65.9,0
7387,90052,90051617,11119,250,-1,-1,1,0,69.3,0
7388,90064,90062718,11101,250,-1,-1,1,0,70.8,0
7389,90075,90073829,11111,250,-1,-1,1,0,72.6,0
7390,90086,90084938,11109,250,-1,-1,1,0,74.1,1
7391,90097,90096058,11120,250,-1,-1,1,0,75.3,0
7392,90108,90107153,11095,250,-1,-1,1,0,76.4,0
7393,90119,90118310,11157,250,-1,-1,1,0,77.4,0
7394,90130,90129371,11061,250,-1,-1,1,0,78.2,0
7395,90141,90140490,11119,250,-1,-1,1,0,78.9,0
7396,90152,90151591,11101,250,-1,-1,1,0,79.6,0
7397,90164,90162703,11112,250,-1,-1,1,0,79.8,0
7398,90175,90173805,11102,250,-1,-1,1,0,80.4,0
7399,90186,90184917,11112,250,-1,-1,1,0,80.9,1
7400,90197,90196039,11122,250,-1,-1,1,0,81.3,0
7401,90208,90207141,11102,250,-1,-1,1,0,81.7,0
7402,90219,90218241,11100,250,-1,-1,1,0,82.1,0
7403,90230,90229363,11122,250,-1,-1,1,0,82.4,0
7404,90241,90240466,11103,250,-1,-1,1,0,82.8,0
7405,90252,90251578,11112,250,-1,-1,1,0,83.1,0
7406,90264,90262683,11105,250,-1,-1,1,0,83.1,0
7407,90275,90273788,11105,250,-1,-1,1,0,83.3,0
7408,90286,90284898,11110,250,-1,-1,1,0,83.6,1
7409,90297,90296026,11128,250,-1,-1,1,0,83.8,0
7410,90308,90307119,11093,250,-1,-1,1,0,84.0,0
7411,90319,90318231,11112,250,-1,-1,1,0,84.2,0
7412,90330,90329345,11114,250,-1,-1,1,0,84.4,0
7413,90342,90340463,11118,250,-1,-1,1,0,84.4,0
7414,90353,90351561,11098,250,-1,-1,1,0,84.6,0
7415,90363,90362667,11106,250,-1,-1,1,0,85.0,0
7416,90375,90373771,11104,250,-1,-1,1,0,84.9,0
7417,90386,90384879,11108,250,-1,-1,1,0,85.1,1
7418,90397,90396002,11123,250,-1,-1,1,0,85.2,0
7419,90408,90407103,11101,250,-1,-1,1,0,85.3,0
7420,90419,90418211,11108,250,-1,-1,1,0,85.5,0
7421,90430,90429330,11119,250,-1,-1,1,0,85.6,0
7422,90442,90440432,11102,250,-1,-1,1,0,85.5,0
7423,90452,90451546,11114,250,-1,-1,1,0,85.8,0
7424,90463,90462654,11108,250,-1,-1,1,0,85.9,0
7425,90475,90473752,11098,250,-1,-1,1,0,85.9,0
7426,90486,90484863,11111,250,-1,-1,1,0,86.0,1
7427,90497,90495987,11124,250,-1,-1,1,0,86.1,0
7428,90508,90507084,11097,250,-1,-1,1,0,86.2,0
7429,90519,90518192,11108,250,-1,-1,1,0,86.3,0
7430,90530,90529309,11117,250,-1,-1,1,0,86.4,0
7431,90542,90540415,11106,250,-1,-1,1,0,86.3,0
7432,90552,90551527,11112,250,-1,-1,1,0,86.5,0
7433,90563,90562635,11108,250,-1,-1,1,0,86.6,0
7434,90575,90573737,11102,250,-1,-1,1,0,86.5,0
7435,90586,90584850,11113,250,-1,-1,1,0,86.6,1
7436,90597,90595969,11119,250,-1,-1,1,0,86.7,0
7437,90608,90607070,11101,250,-1,-1,1,0,86.8,0
7438,90619,90618175,11105,250,-1,-1,1,0,86.8,0
7439,90630,90629296,11121,250,-1,-1,1,0,86.9,0
7440,90642,90640399,11103,250,-1,-1,1,0,86.8,0
7441,90652,90651511,11112,250,-1,-1,1,0,87.0,0
7442,90663,90662615,11104,250,-1,-1,1,0,87.1,0
7443,90675,90673724,11109,250,-1,-1,1,0,87.0,0
7444,90686,90684829,11105,250,-1,-1,1,0,87.1,1
7445,90697,90695957,11128,250,-1,-1,1,0,87.1,0
7446,90708,90707055,11098,250,-1,-1,1,0,87.2,0
7447,90719,90718164,11109,250,-1,-1,1,0,87.2,0
7448,90730,90729277,11113,250,-1,-1,1,0,87.3,0
7449,90742,90740386,11109,250,-1,-1,1,0,87.2,0
7450,90752,90751497,11111,250,-1,-1,1,0,87.4,0
7451,90763,90762602,11105,250,-1,-1,1,0,87.4,0
7452,90774,90773705,11103,250,-1,-1,1,0,87.5,0
7453,90786,90784811,11106,250,-1,-1,1,0,87.4,1
7454,90797,90795934,11123,250,-1,-1,1,0,87.5,0
7455,90808,90807039,11105,250,-1,-1,1,0,87.5,0
7456,90819,90818145,11106,250,-1,-1,1,0,87.6,0
7457,90830,90829266,11121,250,-1,-1,1,0,87.6,0
7458,90842,90840362,11096,250,-1,-1,1,0,87.5,0
7459,90852,90851479,11117,250,-1,-1,1,0,87.7,0
7460,90863,90862581,11102,250,-1,-1,1,0,87.7,0
7461,90875,90873685,11104,250,-1,-1,1,0,87.7,0
7462,90886,90884792,11107,250,-1,-1,1,0,87.7,1
7463,90897,90895918,11126,250,-1,-1,1,0,87.7,0
7464,90908,90907016,11098,250,-1,-1,1,0,87.8,0
7465,90919,90918131,11115,250,-1,-1,1,0,87.8,0
7466,90930,90929245,11114,250,-1,-1,1,0,87.8,0
7467,90942,90940351,11106,250,-1,-1,1,0,87.8,0
7468,90952,90951467,11116,250,-1,-1,1,0,87.9,0
7469,90969,90962569,11102,250,-1,-1,1,0,58.8,0
7470,91093,90973678,11109,250,-1,-1,1,0,14.2,0
7471,91093,91084763,111085,250,-1,-1,1,0,21.3,1
7472,91097,91095882,11119,250,-1,-1,1,0,27.6,0
7473,91108,91106991,11109,250,-1,-1,1,0,32.1,0
7474,91119,91118097,11106,250,-1,-1,1,0,35.9,0
7475,91131,91129198,11101,250,-1,-1,1,0,39.1,0
7476,91141,91140315,11117,250,-1,-1,1,0,42.3,0
7477,91152,91151425,11110,250,-1,-1,1,0,45.0,0
7478,91163,91162533,11108,250,-1,-1,1,0,47.4,0
7479,91174,91173638,11105,250,-1,-1,1,0,49.5,0
7480,91186,91184754,11116,250,-1,-1,1,0,51.3,1
7481,91197,91195871,11117,250,-1,-1,1,0,53.1,0
7482,91208,91206970,11099,250,-1,-1,1,0,54.7,0
7483,91219,91218076,11106,250,-1,-1,1,0,56.2,0
7484,91230,91229192,11116,250,-1,-1,1,0,57.6,0
7485,91241,91240294,11102,250,-1,-1,1,0,58.8,0
7486,91252,91251405,11111,250,-1,-1,1,0,60.0,0
7487,91263,91262517,11112,250,-1,-1,1,0,61.1,0
7488,91275,91273628,11111,250,-1,-1,1,0,61.9,0
7489,91286,91284734,11106,250,-1,-1,1,0,62.9,1
7490,91297,91295852,11118,250,-1,-1,1,0,63.8,0
7491,91308,91306946,11094,250,-1,-1,1,0,64.6,0
7492,91319,91318058,11112,250,-1,-1,1,0,65.4,0
7493,91330,91329172,11114,250,-1,-1,1,0,66.1,0
7494,91342,91340279,11107,250,-1,-1,1,0,66.7,0
7495,91352,91351389,11110,250,-1,-1,1,0,67.5,0
7496,91363,91362598,11209,250,-1,-1,1,0,68.1,0
7497,91374,91373603,11005,250,-1,-1,1,0,68.7,0
7498,91386,91384710,11107,250,-1,-1,1,0,69.1,1
7499,91397,91395833,11123,250,-1,-1,1,0,69.7,0
7500,91408,91406933,11100,250,-1,-1,1,0,70.2,0
7501,91419,91418038,11105,250,-1,-1,1,0,70.7,0
7502,91430,91429155,11117,250,-1,-1,1,0,71.1,0
7503,91442,91440261,11106,250,-1,-1,1,0,71.4,0
7504,91452,91451374,11113,250,-1,-1,1,0,72.0,0
7505,91463,91462477,11103,250,-1,-1,1,0,72.4,0
7506,91474,91473591,11114,250,-1,-1,1,0,72.8,0
7507,91485,91484689,11098,250,-1,-1,1,0,73.2,1
7508,91497,91495818,11129,250,-1,-1,1,0,73.4,0
7509,91508,91506915,11097,250,-1,-1,1,0,73.7,0
7510,91519,91518024,11109,250,-1,-1,1,0,74.1,0
7511,91530,91529143,11119,250,-1,-1,1,0,74.4,0
7512,91542,91540245,11102,250,-1,-1,1,0,74.6,0
7513,91552,91551353,11108,250,-1,-1,1,0,75.0,0
7514,91563,91562465,11112,250,-1,-1,1,0,75.3,0
7515,91574,91573567,11102,250,-1,-1,1,0,75.6,0
7516,91585,91584674,11107,250,-1,-1,1,0,75.8,1
7517,91597,91595798,11124,250,-1,-1,1,0,76.0,0
7518,91608,91606900,11102,250,-1,-1,1,0,76.2,0
7519,91619,91618003,11103,250,-1,-1,1,0,76.5,0
7520,91630,91629121,11118,250,-1,-1,1,0,76.7,0
7521,91642,91640230,11109,250,-1,-1,1,0,76.8,0
7522,91652,91651343,11113,250,-1,-1,1,0,77.1,0
7523,91663,91662447,11104,250,-1,-1,1,0,77.4,0
7524,91674,91673551,11104,250,-1,-1,1,0,77.6,0
7525,91685,91684659,11108,250,-1,-1,1,0,77.8,1
7526,91697,91695781,11122,250,-1,-1,1,0,77.9,0
7527,91708,91706882,11101,250,-1,-1,1,0,78.0,0
7528,91719,91717992,11110,250,-1,-1,1,0,78.2,0
7529,91730,91729104,11112,250,-1,-1,1,0,78.4,0
7530,91742,91740211,11107,250,-1,-1,1,0,78.5,0
7531,91752,91751319,11108,250,-1,-1,1,0,78.8,0
7532,91763,91762439,11120,250,-1,-1,1,0,78.9,0
7533,91774,91773543,11104,250,-1,-1,1,0,79.1,0
7534,91785,91784640,11097,250,-1,-1,1,0,79.2,1
7535,91797,91795766,11126,250,-1,-1,1,0,79.3,0
7536,91808,91806868,11102,250,-1,-1,1,0,79.4,0
7537,91819,91817971,11103,250,-1,-1,1,0,79.6,0
7538,91830,91829091,11120,250,-1,-1,1,0,79.7,0
7539,91841,91840193,11102,250,-1,-1,1,0,79.9,0
7540,91852,91851304,11111,250,-1,-1,1,0,80.0,0
7541,91863,91862409,11105,250,-1,-1,1,0,80.1,0
7542,91874,91873521,11112,250,-1,-1,1,0,80.3,0
7543,91885,91884622,11101,250,-1,-1,1,0,80.4,1
7544,91897,91895750,11128,250,-1,-1,1,0,80.4,0
7545,91908,91906849,11099,250,-1,-1,1,0,80.5,0
7546,91919,91917961,11112,250,-1,-1,1,0,80.7,0
7547,91930,91929076,11115,250,-1,-1,1,0,80.8,0
7548,91942,91940175,11099,250,-1,-1,1,0,80.8,0
7549,91952,91951288,11113,250,-1,-1,1,0,81.0,0
7550,91965,91962494,11206,250,-1,-1,1,0,76.9,0
7551,91974,91973501,11007,250,-1,-1,1,0,90.9,0
7552,91985,91984612,11111,250,-1,-1,1,0,90.9,1
7553,91997,91995729,11117,250,-1,-1,1,0,88.9,0
7554,92008,92006831,11102,250,-1,-1,1,0,89.3,0
7555,92019,92017936,11105,250,-1,-1,1,0,89.6,0
7556,92030,92029051,11115,250,-1,-1,1,0,89.7,0
7557,92041,92040156,11105,250,-1,-1,1,0,89.9,0
7558,92052,92051274,11118,250,-1,-1,1,0,90.0,0
7559,92063,92062376,11102,250,-1,-1,1,0,90.1,0
7560,92193,92073486,11110,250,-1,-1,1,0,45.6,0
7561,92193,92184571,111085,250,-1,-1,1,0,49.8,1
7562,92197,92195689,11118,250,-1,-1,1,0,53.1,0
7563,92208,92206800,11111,250,-1,-1,1,0,54.7,0
7564,92219,92217901,11101,250,-1,-1,1,0,56.2,0
7565,92230,92229011,11110,250,-1,-1,1,0,57.6,0
7566,92241,92240126,11115,250,-1,-1,1,0,58.8,0
