seq,mono_ms,src_pts,d_pts_us,cx,cy,roi,cost_us,y_hash,captured_fps,pbm
1,2198,2171685,0,-1,-1,1,0,1ca36ecd,45.5,1
2,2380,2360574,188889,-1,-1,1,0,1ca36ecd,9.8,0
3,2399,2382796,22222,-1,-1,1,0,1ca36ecd,13.5,0
4,2409,2405017,22221,-1,-1,1,0,1ca36ecd,17.4,0
5,2420,2416124,11107,-1,-1,1,0,1ca36ecd,20.7,0
6,2431,2427230,11106,-1,-1,1,0,1ca36ecd,23.8,0
7,2442,2438338,11108,-1,-1,1,0,1ca36ecd,26.6,0
8,2453,2449451,11113,-1,-1,1,0,1ca36ecd,29.2,0
9,2464,2460552,11101,-1,-1,1,0,1ca36ecd,31.6,0
10,2475,2471666,11114,-1,-1,1,0,1ca36ecd,33.8,1
11,2568,2560532,88866,-1,-1,1,0,1ca36ecd,28.3,0
12,2575,2571647,11115,-1,-1,1,0,1ca36ecd,30.3,0
13,2586,2582760,11113,-1,-1,1,0,1ca36ecd,31.9,0
14,2597,2593867,11107,-1,-1,1,0,1ca36ecd,33.5,0
15,2608,2604977,11110,-1,-1,1,0,1ca36ecd,35.0,0
16,2620,2616084,11107,-1,-1,1,0,1ca36ecd,36.3,0
17,2631,2627196,11112,-1,-1,1,0,1ca36ecd,37.6,0
18,2642,2638301,11105,-1,-1,1,0,1ca36ecd,38.9,0
19,2653,2649410,11109,-1,-1,1,0,1ca36ecd,40.1,1
20,2746,2738283,88873,-1,-1,1,0,1ca36ecd,35.3,0
21,2753,2749397,11114,-1,-1,1,0,1ca36ecd,36.6,0
22,2764,2760503,11106,-1,-1,1,0,1ca36ecd,37.6,0
23,2775,2771608,11105,-1,-1,1,0,1ca36ecd,38.6,0
24,2786,2782724,11116,-1,-1,1,0,1ca36ecd,39.5,0
25,2797,2793832,11108,-1,-1,1,0,1ca36ecd,40.5,0
26,2808,2804939,11107,-1,-1,1,0,1ca36ecd,41.3,0
27,2819,2816049,11110,-1,-1,1,0,1ca36ecd,42.1,0
28,2831,2827158,11109,-1,-1,1,0,1ca36ecd,42.9,1
29,2923,2916030,88872,-1,-1,1,0,1ca36ecd,39.0,0
30,2931,2927146,11116,-1,-1,1,0,1ca36ecd,39.9,0
31,2942,2938256,11110,-1,-1,1,0,1ca36ecd,40.6,0
32,2953,2949356,11100,-1,-1,1,0,1ca36ecd,41.3,0
33,2964,2960470,11114,-1,-1,1,0,1ca36ecd,42.0,0
34,2975,2971575,11105,-1,-1,1,0,1ca36ecd,42.7,0
35,2986,2982687,11112,-1,-1,1,0,1ca36ecd,43.4,0
36,2997,2993797,11110,-1,-1,1,0,1ca36ecd,44.0,0
37,3008,3004907,11110,-1,-1,1,0,1ca36ecd,44.6,1
38,3102,3093779,88872,-1,-1,1,0,1ca36ecd,41.2,0
39,3108,3104892,11113,-1,-1,1,0,1ca36ecd,42.0,0
40,3119,3115998,11106,-1,-1,1,0,1ca36ecd,42.6,0
41,3131,3127102,11104,-1,-1,1,0,1ca36ecd,43.1,0
42,3142,3138217,11115,-1,-1,1,0,1ca36ecd,43.6,0
43,3153,3149325,11108,-1,-1,1,0,1ca36ecd,44.1,0
44,3164,3160436,11111,-1,-1,1,0,1ca36ecd,44.7,0
45,3175,3171543,11107,-1,-1,1,0,1ca36ecd,45.2,0
46,3186,3182652,11109,-1,-1,1,0,1ca36ecd,45.7,1
47,3284,3271521,88869,-1,-1,1,0,1ca36ecd,111.1,0
48,3287,3282643,11122,-1,-1,1,0,1ca36ecd,166.7,0
49,3297,3293747,11104,-1,-1,1,0,1ca36ecd,136.4,0
50,3308,3304852,11105,-1,-1,1,0,1ca36ecd,121.2,0
51,3319,3315962,11110,-1,-1,1,0,1ca36ecd,113.6,0
52,3331,3327070,11108,-1,-1,1,0,1ca36ecd,107.1,0
53,3342,3338190,11120,-1,-1,1,0,1ca36ecd,104.5,0
54,3353,3349291,11101,-1,-1,1,0,1ca36ecd,102.6,0
55,3364,3360403,11112,-1,-1,1,0,1ca36ecd,101.1,1
56,3484,3471484,111081,-1,-1,1,0,1ca36ecd,47.8,0
57,3487,3482612,11128,-1,-1,1,0,1ca36ecd,51.9,0
58,3497,3493712,11100,-1,-1,1,0,1ca36ecd,54.1,0
59,3508,3504818,11106,-1,-1,1,0,1ca36ecd,55.8,0
60,3519,3515931,11113,-1,-1,1,0,1ca36ecd,57.4,0
61,3530,3527036,11105,-1,-1,1,0,1ca36ecd,58.8,0
62,3542,3538147,11111,-1,-1,1,0,1ca36ecd,59.9,0
63,3553,3549255,11108,-1,-1,1,0,1ca36ecd,61.2,0
64,3564,3560364,11109,-1,-1,1,0,1ca36ecd,62.3,1
65,3659,3649238,88874,-1,-1,1,0,1ca36ecd,49.5,0
66,3664,3660353,11115,-1,-1,1,0,1ca36ecd,51.4,0
67,3675,3671460,11107,-1,-1,1,0,1ca36ecd,52.5,0
68,3686,3682573,11113,-1,-1,1,0,1ca36ecd,53.5,0
69,3697,3693680,11107,-1,-1,1,0,1ca36ecd,54.5,0
70,3708,3704783,11103,-1,-1,1,0,1ca36ecd,55.4,0
71,3719,3715893,11110,-1,-1,1,0,1ca36ecd,56.3,0
72,3730,3727001,11108,-1,-1,1,0,1ca36ecd,57.1,0
73,3742,3738109,11108,-1,-1,1,0,1ca36ecd,57.8,1
74,3837,3826983,88874,-1,-1,1,0,1ca36ecd,49.8,0
75,3842,3838105,11122,-1,-1,1,0,1ca36ecd,51.1,0
76,3853,3849208,11103,-1,-1,1,0,1ca36ecd,51.9,0
77,3864,3860314,11106,-1,-1,1,0,1ca36ecd,52.6,0
78,3875,3871429,11115,-1,-1,1,0,1ca36ecd,53.3,0
79,3886,3882531,11102,-1,-1,1,0,1ca36ecd,54.0,0
80,3897,3893643,11112,-1,-1,1,0,1ca36ecd,54.7,0
81,3908,3904749,11106,-1,-1,1,0,1ca36ecd,55.3,0
82,3919,3915858,11109,-1,-1,1,0,1ca36ecd,55.9,1
83,4011,4004733,88875,-1,-1,1,0,1ca36ecd,50.3,0
84,4019,4015852,11119,-1,-1,1,0,1ca36ecd,51.1,0
85,4030,4026955,11103,-1,-1,1,0,1ca36ecd,51.7,0
86,4042,4038061,11106,-1,-1,1,0,1ca36ecd,52.2,0
87,4053,4049174,11113,-1,-1,1,0,1ca36ecd,52.7,0
88,4064,4060276,11102,-1,-1,1,0,1ca36ecd,53.2,0
89,4075,4071388,11112,-1,-1,1,0,1ca36ecd,53.8,0
90,4121,4082495,11107,-1,-1,1,0,1ca36ecd,52.0,0
91,4125,4115830,33335,-1,-1,1,0,1ca36ecd,52.9,1
92,4218,4204699,88869,-1,-1,1,0,1ca36ecd,48.8,0
93,4221,4215815,11116,-1,-1,1,0,1ca36ecd,49.7,0
94,4230,4226927,11112,-1,-1,1,0,1ca36ecd,50.3,0
95,4242,4238024,11097,-1,-1,1,0,1ca36ecd,50.7,0
96,4253,4249136,11112,-1,-1,1,0,1ca36ecd,51.1,0
97,4264,4260244,11108,-1,-1,1,0,1ca36ecd,51.6,0
98,4275,4271353,11109,-1,-1,1,0,1ca36ecd,52.0,0
99,4288,4282465,11112,-1,-1,1,0,1ca36ecd,76.9,0
100,4297,4293579,11114,-1,-1,1,0,1ca36ecd,90.9,1
101,4394,4382446,88867,-1,-1,1,0,1ca36ecd,25.2,0
102,4398,4393561,11115,-1,-1,1,0,1ca36ecd,32.5,0
103,4408,4404667,11106,-1,-1,1,0,1ca36ecd,37.6,0
104,4419,4415771,11104,-1,-1,1,0,1ca36ecd,41.7,0
105,4430,4426880,11109,-1,-1,1,0,1ca36ecd,45.2,0
106,4441,4437988,11108,-1,-1,1,0,1ca36ecd,48.2,0
107,4453,4449101,11113,-1,-1,1,0,1ca36ecd,50.6,0
108,4464,4460219,11118,-1,-1,1,0,1ca36ecd,52.9,0
109,4475,4471321,11102,-1,-1,1,0,1ca36ecd,55.0,1
110,4574,4560192,88871,-1,-1,1,0,1ca36ecd,40.1,0
111,4577,4571311,11119,-1,-1,1,0,1ca36ecd,43.0,0
112,4586,4582422,11111,-1,-1,1,0,1ca36ecd,45.0,0
113,4597,4593518,11096,-1,-1,1,0,1ca36ecd,46.6,0
114,4608,4604631,11113,-1,-1,1,0,1ca36ecd,48.0,0
115,4619,4615740,11109,-1,-1,1,0,1ca36ecd,49.4,0
116,4630,4626847,11107,-1,-1,1,0,1ca36ecd,50.7,0
117,4641,4637959,11112,-1,-1,1,0,1ca36ecd,51.9,0
118,4653,4649066,11107,-1,-1,1,0,1ca36ecd,52.9,1
119,4750,4737939,88873,-1,-1,1,0,1ca36ecd,44.2,0
120,4753,4749053,11114,-1,-1,1,0,1ca36ecd,46.0,0
121,4764,4760160,11107,-1,-1,1,0,1ca36ecd,47.0,0
122,4775,4771266,11106,-1,-1,1,0,1ca36ecd,48.0,0
123,4786,4782382,11116,-1,-1,1,0,1ca36ecd,48.9,0
124,4797,4793485,11103,-1,-1,1,0,1ca36ecd,49.8,0
125,4808,4804597,11112,-1,-1,1,0,1ca36ecd,50.7,0
126,4819,4815705,11108,-1,-1,1,0,1ca36ecd,51.5,0
127,4830,4826814,11109,-1,-1,1,0,1ca36ecd,52.3,1
128,4929,4915688,88874,-1,-1,1,0,1ca36ecd,45.9,0
129,4932,4926795,11107,-1,-1,1,0,1ca36ecd,47.2,0
130,4941,4937908,11113,-1,-1,1,0,1ca36ecd,48.0,0
131,4952,4949014,11106,-1,-1,1,0,1ca36ecd,48.7,0
132,4964,4960123,11109,-1,-1,1,0,1ca36ecd,49.3,0
133,4975,4971229,11106,-1,-1,1,0,1ca36ecd,50.0,0
134,4986,4982342,11113,-1,-1,1,0,1ca36ecd,50.6,0
135,4997,4993449,11107,-1,-1,1,0,1ca36ecd,51.2,0
136,5008,5004564,11115,-1,-1,1,0,1ca36ecd,51.8,1
137,5106,5093437,88873,-1,-1,1,0,1ca36ecd,46.9,0
138,5109,5104554,11117,-1,-1,1,0,1ca36ecd,48.0,0
139,5119,5115654,11100,-1,-1,1,0,1ca36ecd,48.6,0
140,5130,5126759,11105,-1,-1,1,0,1ca36ecd,49.1,0
141,5141,5137873,11114,-1,-1,1,0,1ca36ecd,49.7,0
142,5152,5148980,11107,-1,-1,1,0,1ca36ecd,50.2,0
143,5164,5160089,11109,-1,-1,1,0,1ca36ecd,50.6,0
144,5175,5171196,11107,-1,-1,1,0,1ca36ecd,51.1,0
145,5186,5182306,11110,-1,-1,1,0,1ca36ecd,51.6,1
146,5286,5282300,99994,-1,-1,1,0,1ca36ecd,125.0,0
147,5297,5293406,11106,-1,-1,1,0,1ca36ecd,105.3,0
148,5308,5304508,11102,-1,-1,1,0,1ca36ecd,100.0,0
149,5319,5315620,11112,-1,-1,1,0,1ca36ecd,97.6,0
150,5330,5326726,11106,-1,-1,1,0,1ca36ecd,96.2,0
151,5341,5337835,11109,-1,-1,1,0,1ca36ecd,95.2,0
152,5352,5348944,11109,-1,-1,1,0,1ca36ecd,94.6,0
153,5363,5360055,11111,-1,-1,1,0,1ca36ecd,94.1,0
154,5375,5371164,11109,-1,-1,1,0,1ca36ecd,92.8,1
155,5474,5460035,88871,-1,-1,1,0,1ca36ecd,51.0,0
156,5477,5471148,11113,-1,-1,1,0,1ca36ecd,55.3,0
157,5486,5482255,11107,-1,-1,1,0,1ca36ecd,57.7,0
158,5497,5493364,11109,-1,-1,1,0,1ca36ecd,59.4,0
159,5508,5504473,11109,-1,-1,1,0,1ca36ecd,60.9,0
160,5519,5515586,11113,-1,-1,1,0,1ca36ecd,62.2,0
161,5530,5526691,11105,-1,-1,1,0,1ca36ecd,63.5,0
162,5541,5537801,11110,-1,-1,1,0,1ca36ecd,64.6,0
163,5552,5548910,11109,-1,-1,1,0,1ca36ecd,65.7,1
164,5653,5648905,99995,-1,-1,1,0,1ca36ecd,50.7,0
165,5663,5660008,11103,-1,-1,1,0,1ca36ecd,51.9,0
166,5675,5671115,11107,-1,-1,1,0,1ca36ecd,52.9,0
167,5686,5682223,11108,-1,-1,1,0,1ca36ecd,53.9,0
168,5697,5693341,11118,-1,-1,1,0,1ca36ecd,54.9,0
169,5708,5704437,11096,-1,-1,1,0,1ca36ecd,55.8,0
170,5719,5715551,11114,-1,-1,1,0,1ca36ecd,56.7,0
171,5730,5726657,11106,-1,-1,1,0,1ca36ecd,57.5,0
172,5741,5737769,11112,-1,-1,1,0,1ca36ecd,58.3,1
173,5840,5826641,88872,-1,-1,1,0,1ca36ecd,49.8,0
174,5843,5837746,11105,-1,-1,1,0,1ca36ecd,51.3,0
175,5852,5848859,11113,-1,-1,1,0,1ca36ecd,52.3,0
176,5863,5859970,11111,-1,-1,1,0,1ca36ecd,53.0,0
177,5875,5871077,11107,-1,-1,1,0,1ca36ecd,53.6,0
178,5886,5882187,11110,-1,-1,1,0,1ca36ecd,54.3,0
179,5897,5893297,11110,-1,-1,1,0,1ca36ecd,54.9,0
180,5944,5904405,11108,-1,-1,1,0,1ca36ecd,52.6,0
181,5950,5937742,33337,-1,-1,1,0,1ca36ecd,53.6,1
182,6040,6026607,88865,-1,-1,1,0,1ca36ecd,48.6,0
183,6043,6037717,11110,-1,-1,1,0,1ca36ecd,49.7,0
184,6052,6048824,11107,-1,-1,1,0,1ca36ecd,50.4,0
185,6063,6059933,11109,-1,-1,1,0,1ca36ecd,51.0,0
186,6074,6071043,11110,-1,-1,1,1000,1ca36ecd,51.4,0
187,6086,6082152,11109,-1,-1,1,0,1ca36ecd,52.0,0
188,6097,6093264,11112,-1,-1,1,0,1ca36ecd,52.5,0
189,6108,6104370,11106,-1,-1,1,0,1ca36ecd,53.0,0
190,6119,6115486,11116,-1,-1,1,0,1ca36ecd,53.5,1
191,6216,6204355,88869,-1,-1,1,0,1ca36ecd,49.0,0
192,6221,6215473,11118,-1,-1,1,0,1ca36ecd,49.8,0
193,6230,6226580,11107,-1,-1,1,0,1ca36ecd,50.4,0
194,6241,6237684,11104,-1,-1,1,0,1ca36ecd,50.9,0
195,6252,6248793,11109,-1,-1,1,0,1ca36ecd,51.3,0
196,6263,6259901,11108,-1,-1,1,0,1ca36ecd,51.8,0
197,6274,6271007,11106,-1,-1,1,0,1ca36ecd,52.2,0
198,6286,6282118,11111,-1,-1,1,0,1ca36ecd,52.6,0
199,6301,6293230,11112,-1,-1,1,0,1ca36ecd,66.7,1
200,6391,6382100,88870,-1,-1,1,0,1ca36ecd,19.0,0
201,6397,6393218,11118,-1,-1,1,0,1ca36ecd,27.0,0
202,6408,6404320,11102,-1,-1,1,0,1ca36ecd,32.8,0
203,6419,6415430,11110,-1,-1,1,0,1ca36ecd,37.6,0
204,6430,6426538,11108,-1,-1,1,0,1ca36ecd,41.7,0
205,6441,6437644,11106,-1,-1,1,0,1ca36ecd,45.2,0
206,6452,6448757,11113,-1,-1,1,0,1ca36ecd,48.2,0
207,6463,6459865,11108,-1,-1,1,0,1ca36ecd,50.8,0
208,6474,6470977,11112,-1,-1,1,0,1ca36ecd,53.2,1
209,6572,6559848,88871,-1,-1,1,0,1ca36ecd,38.5,0
210,6575,6570963,11115,-1,-1,1,0,1ca36ecd,41.5,0
211,6586,6582068,11105,-1,-1,1,0,1ca36ecd,43.3,0
212,6597,6593175,11107,-1,-1,1,0,1ca36ecd,45.0,0
213,6608,6604289,11114,-1,-1,1,0,1ca36ecd,46.6,0
214,6619,6615394,11105,-1,-1,1,0,1ca36ecd,48.0,0
215,6630,6626505,11111,-1,-1,1,0,1ca36ecd,49.4,0
216,6641,6637611,11106,-1,-1,1,0,1ca36ecd,50.7,0
217,6652,6648721,11110,-1,-1,1,0,1ca36ecd,51.9,1
218,6753,6748713,99992,-1,-1,1,0,1ca36ecd,42.8,0
219,6763,6759822,11109,-1,-1,1,0,1ca36ecd,44.0,0
220,6774,6770927,11105,-1,-1,1,0,1ca36ecd,45.1,0
221,6786,6782034,11107,-1,-1,1,0,1ca36ecd,46.0,0
222,6797,6793141,11107,-1,-1,1,0,1ca36ecd,47.0,0
223,6808,6804254,11113,-1,-1,1,0,1ca36ecd,47.9,0
224,6819,6815359,11105,-1,-1,1,0,1ca36ecd,48.8,0
225,6830,6826468,11109,-1,-1,1,0,1ca36ecd,49.6,0
226,6841,6837578,11110,-1,-1,1,0,1ca36ecd,50.5,1
227,6938,6926452,88874,-1,-1,1,0,1ca36ecd,44.5,0
228,6942,6937572,11120,-1,-1,1,0,1ca36ecd,45.7,0
229,6952,6948672,11100,-1,-1,1,0,1ca36ecd,46.5,0
230,6963,6959780,11108,-1,-1,1,0,1ca36ecd,47.3,0
231,6974,6970888,11108,-1,-1,1,0,1ca36ecd,48.0,0
232,6985,6981996,11108,-1,-1,1,0,1ca36ecd,48.6,0
233,6997,6993107,11111,-1,-1,1,0,1ca36ecd,49.2,0
234,7008,7004221,11114,-1,-1,1,0,1ca36ecd,49.9,0
235,7019,7015325,11104,-1,-1,1,0,1ca36ecd,50.5,1
236,7118,7104191,88866,-1,-1,1,0,1ca36ecd,45.7,0
237,7121,7115310,11119,-1,-1,1,0,1ca36ecd,46.7,0
238,7130,7126418,11108,-1,-1,1,0,1ca36ecd,47.4,0
239,7141,7137528,11110,-1,-1,1,0,1ca36ecd,48.0,0
240,7152,7148634,11106,-1,-1,1,0,1ca36ecd,48.5,0
241,7163,7159745,11111,-1,-1,1,0,1ca36ecd,49.0,0
242,7174,7170850,11105,-1,-1,1,0,1ca36ecd,49.5,0
243,7185,7181962,11112,-1,-1,1,0,1ca36ecd,50.1,0
244,7197,7193071,11109,-1,-1,1,0,1ca36ecd,50.5,1
245,7296,7281945,88874,-1,-1,1,0,1ca36ecd,142.9,0
246,7300,7293066,11121,-1,-1,1,0,1ca36ecd,181.8,0
247,7308,7304168,11102,-1,-1,1,0,1ca36ecd,157.9,0
248,7319,7315272,11104,-1,-1,1,0,1ca36ecd,133.3,0
249,7330,7326381,11109,-1,-1,1,0,1ca36ecd,122.0,0
250,7341,7337493,11112,-1,-1,1,0,1ca36ecd,115.4,0
251,7352,7348603,11110,-1,-1,1,0,1ca36ecd,111.1,0
252,7363,7359711,11108,-1,-1,1,0,1ca36ecd,108.1,0
253,7374,7370821,11110,-1,-1,1,0,1ca36ecd,105.9,1
254,7472,7459694,88873,-1,-1,1,0,1ca36ecd,54.6,0
255,7475,7470814,11120,-1,-1,1,0,1ca36ecd,59.1,0
256,7485,7481912,11098,-1,-1,1,0,1ca36ecd,61.2,0
257,7496,7493024,11112,-1,-1,1,0,1ca36ecd,62.8,0
258,7508,7504130,11106,-1,-1,1,0,1ca36ecd,63.9,0
259,7519,7515241,11111,-1,-1,1,0,1ca36ecd,65.2,0
260,7530,7526345,11104,-1,-1,1,0,1ca36ecd,66.4,0
261,7541,7537459,11114,-1,-1,1,0,1ca36ecd,67.5,0
262,7552,7548567,11108,-1,-1,1,0,1ca36ecd,68.4,1
263,7651,7637438,88871,-1,-1,1,0,1ca36ecd,52.5,0
264,7654,7648549,11111,-1,-1,1,0,1ca36ecd,54.8,0
265,7663,7659657,11108,-1,-1,1,0,1ca36ecd,56.1,0
266,7674,7670767,11110,-1,-1,1,0,1ca36ecd,57.1,0
267,7685,7681878,11111,-1,-1,1,0,1ca36ecd,58.1,0
268,7696,7692986,11108,-1,-1,1,0,1ca36ecd,59.0,0
269,7708,7704105,11119,-1,-1,1,0,1ca36ecd,59.7,0
270,7756,7715207,11102,-1,-1,1,0,1ca36ecd,55.7,0
271,7766,7759650,44443,-1,-1,1,0,1ca36ecd,56.6,1
272,7857,7848511,88861,-1,-1,1,0,1ca36ecd,49.3,0
273,7863,7859631,11120,-1,-1,1,0,1ca36ecd,50.5,0
274,7874,7870731,11100,-1,-1,1,0,1ca36ecd,51.3,0
275,7885,7881840,11109,-1,-1,1,0,1ca36ecd,52.0,0
276,7896,7892955,11115,-1,-1,1,0,1ca36ecd,52.7,0
277,7908,7904059,11104,-1,-1,1,0,1ca36ecd,53.3,0
278,7919,7915170,11111,-1,-1,1,0,1ca36ecd,54.0,0
279,7930,7926275,11105,-1,-1,1,0,1ca36ecd,54.6,0
280,7941,7937390,11115,-1,-1,1,0,1ca36ecd,55.2,1
281,8038,8026258,88868,-1,-1,1,0,1ca36ecd,49.4,0
282,8041,8037379,11121,-1,-1,1,0,1ca36ecd,50.5,0
283,8052,8048482,11103,-1,-1,1,0,1ca36ecd,51.1,0
284,8063,8059589,11107,-1,-1,1,0,1ca36ecd,51.7,0
285,8074,8070700,11111,-1,-1,1,0,1ca36ecd,52.2,0
286,8085,8081807,11107,-1,-1,1,0,1ca36ecd,52.8,0
287,8096,8092919,11112,-1,-1,1,0,1ca36ecd,53.3,0
288,8107,8104026,11107,-1,-1,1,0,1ca36ecd,53.8,0
289,8119,8115134,11108,-1,-1,1,0,1ca36ecd,54.2,1
290,8218,8204008,88874,-1,-1,1,0,1ca36ecd,49.5,0
291,8222,8215119,11111,-1,-1,1,0,1ca36ecd,50.4,0
292,8230,8226238,11119,-1,-1,1,0,1ca36ecd,51.0,0
293,8241,8237332,11094,-1,-1,1,0,1ca36ecd,51.5,0
294,8252,8248446,11114,-1,-1,1,0,1ca36ecd,51.9,0
295,8263,8259552,11106,-1,-1,1,0,1ca36ecd,52.4,0
296,8274,8270666,11114,-1,-1,1,0,1ca36ecd,52.8,0
297,8285,8281774,11108,-1,-1,1,0,1ca36ecd,53.2,0
298,8296,8292883,11109,-1,-1,1,0,1ca36ecd,53.6,1
299,8399,8392872,99989,-1,-1,1,0,1ca36ecd,125.0,0
300,8407,8403982,11110,-1,-1,1,0,1ca36ecd,125.0,0
301,8419,8415082,11100,-1,-1,1,0,1ca36ecd,107.1,0
302,8430,8426198,11116,-1,-1,1,0,1ca36ecd,102.6,0
303,8441,8437302,11104,-1,-1,1,0,1ca36ecd,100.0,0
304,8452,8448412,11110,-1,-1,1,0,1ca36ecd,98.4,0
305,8463,8459528,11116,-1,-1,1,0,1ca36ecd,97.2,0
306,8474,8470634,11106,-1,-1,1,0,1ca36ecd,96.4,0
307,8485,8481739,11105,-1,-1,1,0,1ca36ecd,95.7,1
308,8584,8570611,88872,-1,-1,1,0,1ca36ecd,51.8,0
309,8587,8581723,11112,-1,-1,1,0,1ca36ecd,56.1,0
310,8596,8592831,11108,-1,-1,1,0,1ca36ecd,58.5,0
311,8607,8603940,11109,-1,-1,1,0,1ca36ecd,60.2,0
312,8618,8615050,11110,-1,-1,1,0,1ca36ecd,61.7,0
313,8630,8626161,11111,-1,-1,1,0,1ca36ecd,62.8,0
314,8641,8637266,11105,-1,-1,1,0,1ca36ecd,64.0,0
315,8652,8648376,11110,-1,-1,1,0,1ca36ecd,65.1,0
316,8663,8659485,11109,-1,-1,1,0,1ca36ecd,66.2,1
317,8766,8759470,99985,-1,-1,1,0,1ca36ecd,50.7,0
318,8774,8770588,11118,-1,-1,1,0,1ca36ecd,52.2,0
319,8785,8781688,11100,-1,-1,1,0,1ca36ecd,53.3,0
320,8796,8792798,11110,-1,-1,1,0,1ca36ecd,54.3,0
321,8807,8803909,11111,-1,-1,1,0,1ca36ecd,55.3,0
322,8818,8815015,11106,-1,-1,1,0,1ca36ecd,56.2,0
323,8830,8826127,11112,-1,-1,1,0,1ca36ecd,56.9,0
324,8841,8837232,11105,-1,-1,1,0,1ca36ecd,57.8,0
325,8852,8848345,11113,-1,-1,1,0,1ca36ecd,58.6,1
326,8951,8937215,88870,-1,-1,1,0,1ca36ecd,50.0,0
327,8954,8948327,11112,-1,-1,1,0,1ca36ecd,51.5,0
328,8963,8959437,11110,-1,-1,1,0,1ca36ecd,52.4,0
329,8974,8970542,11105,-1,-1,1,0,1ca36ecd,53.2,0
330,8985,8981651,11109,-1,-1,1,0,1ca36ecd,53.9,0
331,8996,8992760,11109,-1,-1,1,0,1ca36ecd,54.5,0
332,9007,9003873,11113,-1,-1,1,0,1ca36ecd,55.2,0
333,9018,9014980,11107,-1,-1,1,0,1ca36ecd,55.8,0
334,9030,9026091,11111,-1,-1,1,0,1ca36ecd,56.3,1
335,9128,9114966,88875,-1,-1,1,0,1ca36ecd,50.2,0
336,9131,9126066,11100,-1,-1,1,0,1ca36ecd,51.4,0
337,9141,9137183,11117,-1,-1,1,0,1ca36ecd,52.0,0
338,9152,9148290,11107,-1,-1,1,0,1ca36ecd,52.6,0
339,9163,9159401,11111,-1,-1,1,0,1ca36ecd,53.1,0
340,9174,9170510,11109,-1,-1,1,0,1ca36ecd,53.6,0
341,9185,9181621,11111,-1,-1,1,0,1ca36ecd,54.2,0
342,9196,9192728,11107,-1,-1,1,0,1ca36ecd,54.7,0
343,9207,9203838,11110,-1,-1,1,0,1ca36ecd,55.1,1
344,9305,9292711,88873,-1,-1,1,0,1ca36ecd,50.3,0
345,9308,9303827,11116,-1,-1,1,0,1ca36ecd,51.3,0
346,9318,9314933,11106,-1,-1,1,0,1ca36ecd,51.8,0
347,9329,9326039,11106,-1,-1,1,0,1ca36ecd,52.2,0
348,9341,9337146,11107,-1,-1,1,0,1ca36ecd,52.6,0
349,9352,9348255,11109,-1,-1,1,0,1ca36ecd,53.1,0
350,9363,9359367,11112,-1,-1,1,0,1ca36ecd,53.5,0
351,9374,9370472,11105,-1,-1,1,0,1ca36ecd,53.9,0
352,9385,9381585,11113,-1,-1,1,0,1ca36ecd,54.3,1
353,9487,9481568,99983,-1,-1,1,0,1ca36ecd,125.0,0
354,9496,9492685,11117,-1,-1,1,0,1ca36ecd,117.6,0
355,9507,9503785,11100,-1,-1,1,0,1ca36ecd,107.1,0
356,9518,9514898,11113,-1,-1,1,0,1ca36ecd,102.6,0
357,9529,9526006,11108,-1,-1,1,0,1ca36ecd,100.0,0
358,9541,9537113,11107,-1,-1,1,0,1ca36ecd,96.8,0
359,9552,9548224,11111,-1,-1,1,0,1ca36ecd,95.9,0
360,9602,9559332,11108,-1,-1,1,0,1ca36ecd,65.0,0
361,9607,9592673,33341,-1,-1,1,0,1ca36ecd,70.3,1
362,9696,9692642,99969,-1,-1,1,0,1ca36ecd,46.1,0
363,9707,9703755,11113,-1,-1,1,0,1ca36ecd,48.2,0
364,9718,9714870,11115,-1,-1,1,0,1ca36ecd,50.2,0
365,9729,9725969,11099,-1,-1,1,0,1ca36ecd,52.0,0
366,9741,9737079,11110,-1,-1,1,0,1ca36ecd,53.4,0
367,9752,9748190,11111,-1,-1,1,0,1ca36ecd,54.9,0
368,9763,9759299,11109,-1,-1,1,0,1ca36ecd,56.3,0
369,9776,9770409,11110,-1,-1,1,0,1ca36ecd,57.2,0
370,9785,9781521,11112,-1,-1,1,0,1ca36ecd,58.8,1
371,9882,9870389,88868,-1,-1,1,0,1ca36ecd,47.1,0
372,9885,9881506,11117,-1,-1,1,0,1ca36ecd,49.3,0
373,9896,9892608,11102,-1,-1,1,0,1ca36ecd,50.4,0
374,9907,9903717,11109,-1,-1,1,0,1ca36ecd,51.4,0
375,9918,9914826,11109,-1,-1,1,0,1ca36ecd,52.4,0
376,9929,9925935,11109,-1,-1,1,0,1ca36ecd,53.3,0
377,9940,9937046,11111,-1,-1,1,0,1ca36ecd,54.2,0
378,9952,9948152,11106,-1,-1,1,0,1ca36ecd,55.0,0
379,9963,9959264,11112,-1,-1,1,0,1ca36ecd,55.8,1
380,10062,10048136,88872,-1,-1,1,0,1ca36ecd,48.0,0
381,10065,10059246,11110,-1,-1,1,0,1ca36ecd,49.5,0
382,10074,10070357,11111,-1,-1,1,0,1ca36ecd,50.4,0
383,10085,10081464,11107,-1,-1,1,0,1ca36ecd,51.2,0
384,10096,10092572,11108,-1,-1,1,0,1ca36ecd,51.9,0
385,10107,10103680,11108,-1,-1,1,0,1ca36ecd,52.5,0
386,10118,10114792,11112,-1,-1,1,0,1ca36ecd,53.2,0
387,10129,10125901,11109,-1,-1,1,0,1ca36ecd,53.8,0
388,10140,10137012,11111,-1,-1,1,0,1ca36ecd,54.5,1
389,10236,10225885,88873,-1,-1,1,0,1ca36ecd,48.9,0
390,10241,10236997,11112,-1,-1,1,0,1ca36ecd,49.9,0
391,10252,10248103,11106,-1,-1,1,0,1ca36ecd,50.5,0
392,10263,10259212,11109,-1,-1,1,0,1ca36ecd,51.0,0
393,10274,10270320,11108,-1,-1,1,0,1ca36ecd,51.6,0
394,10285,10281430,11110,-1,-1,1,0,1ca36ecd,52.1,0
395,10296,10292541,11111,-1,-1,1,0,1ca36ecd,52.6,0
396,10307,10303646,11105,-1,-1,1,0,1ca36ecd,53.1,0
397,10318,10314760,11114,-1,-1,1,0,1ca36ecd,53.6,1
398,10417,10403631,88871,-1,-1,1,0,1ca36ecd,49.0,0
399,10420,10414738,11107,-1,-1,1,0,1ca36ecd,49.9,0
400,10429,10425851,11113,-1,-1,1,0,1ca36ecd,50.5,0
401,10440,10436956,11105,-1,-1,1,0,1ca36ecd,51.0,0
402,10452,10448068,11112,-1,-1,1,0,1ca36ecd,51.4,0
403,10463,10459173,11105,-1,-1,1,0,1ca36ecd,51.8,0
404,10474,10470286,11113,-1,-1,1,0,1ca36ecd,52.3,0
405,10485,10481396,11110,-1,-1,1,0,1ca36ecd,52.7,0
406,10498,10492507,11111,-1,-1,1,0,1ca36ecd,76.9,1
407,10590,10581378,88871,-1,-1,1,0,1ca36ecd,19.0,0
408,10596,10592493,11115,-1,-1,1,0,1ca36ecd,27.0,0
409,10607,10603598,11105,-1,-1,1,0,1ca36ecd,32.8,0
410,10618,10614707,11109,-1,-1,1,0,1ca36ecd,37.6,0
411,10629,10625817,11110,-1,-1,1,0,1ca36ecd,41.7,0
412,10640,10636924,11107,-1,-1,1,0,1ca36ecd,45.2,0
413,10651,10648033,11109,-1,-1,1,0,1ca36ecd,48.2,0
414,10663,10659141,11108,-1,-1,1,0,1ca36ecd,50.6,0
415,10674,10670250,11109,-1,-1,1,0,1ca36ecd,52.9,1
416,10775,10770247,99997,-1,-1,1,0,1ca36ecd,37.9,0
417,10785,10781350,11103,-1,-1,1,0,1ca36ecd,40.0,0
418,10796,10792454,11104,-1,-1,1,0,1ca36ecd,41.8,0
419,10807,10803561,11107,-1,-1,1,0,1ca36ecd,43.5,0
420,10818,10814671,11110,-1,-1,1,0,1ca36ecd,45.0,0
421,10829,10825779,11108,-1,-1,1,0,1ca36ecd,46.5,0
422,10840,10836890,11111,-1,-1,1,0,1ca36ecd,47.9,0
423,10851,10847999,11109,-1,-1,1,0,1ca36ecd,49.2,0
424,10863,10859115,11116,-1,-1,1,0,1ca36ecd,50.3,1
425,10960,10947981,88866,-1,-1,1,0,1ca36ecd,42.1,0
426,10963,10959101,11120,-1,-1,1,0,1ca36ecd,43.9,0
427,10974,10970201,11100,-1,-1,1,0,1ca36ecd,45.0,0
428,10985,10981338,11137,-1,-1,1,0,1ca36ecd,46.0,0
429,10996,10992418,11080,-1,-1,1,0,1ca36ecd,47.0,0
430,11007,11003528,11110,-1,-1,1,0,1ca36ecd,47.9,0
431,11018,11014638,11110,-1,-1,1,0,1ca36ecd,48.8,0
432,11029,11025746,11108,-1,-1,1,0,1ca36ecd,49.6,0
433,11040,11036855,11109,-1,-1,1,0,1ca36ecd,50.5,1
434,11139,11125728,88873,-1,-1,1,0,1ca36ecd,44.3,0
435,11142,11136836,11108,-1,-1,1,0,1ca36ecd,45.7,0
436,11151,11147946,11110,-1,-1,1,0,1ca36ecd,46.5,0
437,11162,11159059,11113,-1,-1,1,0,1ca36ecd,47.3,0
438,11174,11170170,11111,-1,-1,1,0,1ca36ecd,47.9,0
439,11185,11181272,11102,-1,-1,1,0,1ca36ecd,48.6,0
440,11196,11192383,11111,-1,-1,1,0,1ca36ecd,49.2,0
441,11207,11203495,11112,-1,-1,1,0,1ca36ecd,49.9,0
442,11218,11214600,11105,-1,-1,1,0,1ca36ecd,50.5,1
443,11317,11303471,88871,-1,-1,1,0,1ca36ecd,45.7,0
444,11320,11314585,11114,-1,-1,1,0,1ca36ecd,46.7,0
445,11329,11325705,11120,-1,-1,1,0,1ca36ecd,47.4,0
446,11340,11336817,11112,-1,-1,1,0,1ca36ecd,48.0,0
447,11351,11347913,11096,-1,-1,1,0,1ca36ecd,48.5,0
448,11362,11359025,11112,-1,-1,1,0,1ca36ecd,49.0,0
449,11374,11370131,11106,-1,-1,1,0,1ca36ecd,49.5,0
450,11424,11381240,11109,-1,-1,1,0,1ca36ecd,47.9,0
451,11429,11425682,44442,-1,-1,1,0,1ca36ecd,48.7,1
452,11528,11514550,88868,-1,-1,1,0,1ca36ecd,100.0,0
453,11531,11525666,11116,-1,-1,1,0,1ca36ecd,153.8,0
454,11540,11536768,11102,-1,-1,1,0,1ca36ecd,136.4,0
455,11551,11547876,11108,-1,-1,1,0,1ca36ecd,121.2,0
456,11562,11558988,11112,-1,-1,1,0,1ca36ecd,113.6,0
457,11574,11570096,11108,-1,-1,1,0,1ca36ecd,107.1,0
458,11585,11581207,11111,-1,-1,1,0,1ca36ecd,104.5,0
459,11596,11592318,11111,-1,-1,1,0,1ca36ecd,102.6,0
460,11607,11603426,11108,-1,-1,1,0,1ca36ecd,101.1,1
461,11706,11692301,88875,-1,-1,1,0,1ca36ecd,53.2,0
462,11709,11703411,11110,-1,-1,1,0,1ca36ecd,57.6,0
463,11718,11714521,11110,-1,-1,1,0,1ca36ecd,60.0,0
464,11729,11725633,11112,-1,-1,1,0,1ca36ecd,61.6,0
465,11740,11736735,11102,-1,-1,1,0,1ca36ecd,63.1,0
466,11751,11747841,11106,-1,-1,1,0,1ca36ecd,64.4,0
467,11762,11758953,11112,-1,-1,1,0,1ca36ecd,65.6,0
468,11774,11770061,11108,-1,-1,1,0,1ca36ecd,66.4,0
469,11789,11781172,11111,-1,-1,1,0,1ca36ecd,66.4,1
470,11882,11870046,88874,-1,-1,1,0,1ca36ecd,52.2,0
471,11885,11881162,11116,-1,-1,1,0,1ca36ecd,54.5,0
472,11896,11892265,11103,-1,-1,1,0,1ca36ecd,55.6,0
473,11907,11903371,11106,-1,-1,1,0,1ca36ecd,56.6,0
474,11918,11914481,11110,-1,-1,1,0,1ca36ecd,57.5,0
475,11929,11925588,11107,-1,-1,1,0,1ca36ecd,58.4,0
476,11940,11936701,11113,-1,-1,1,0,1ca36ecd,59.2,0
477,11951,11947809,11108,-1,-1,1,0,1ca36ecd,60.0,0
478,11962,11958916,11107,-1,-1,1,0,1ca36ecd,60.8,1
479,12061,12047789,88873,-1,-1,1,0,1ca36ecd,51.6,0
480,12064,12058903,11114,-1,-1,1,0,1ca36ecd,53.1,0
481,12073,12070017,11114,-1,-1,1,0,1ca36ecd,54.1,0
482,12085,12081122,11105,-1,-1,1,0,1ca36ecd,54.7,0
483,12096,12092232,11110,-1,-1,1,0,1ca36ecd,55.4,0
484,12107,12103336,11104,-1,-1,1,0,1ca36ecd,56.0,0
485,12118,12114448,11112,-1,-1,1,0,1ca36ecd,56.7,0
486,12129,12125557,11109,-1,-1,1,0,1ca36ecd,57.3,0
487,12140,12136666,11109,-1,-1,1,0,1ca36ecd,57.9,1
488,12240,12225536,88870,-1,-1,1,0,1ca36ecd,51.2,0
489,12243,12236661,11125,-1,-1,1,0,1ca36ecd,52.4,0
490,12251,12247763,11102,-1,-1,1,0,1ca36ecd,53.2,0
491,12262,12258866,11103,-1,-1,1,0,1ca36ecd,53.8,0
492,12273,12269978,11112,-1,-1,1,0,1ca36ecd,54.3,0
493,12285,12281087,11109,-1,-1,1,0,1ca36ecd,54.8,0
494,12296,12292199,11112,-1,-1,1,0,1ca36ecd,55.3,0
495,12307,12303303,11104,-1,-1,1,0,1ca36ecd,55.8,0
496,12318,12314412,11109,-1,-1,1,0,1ca36ecd,56.2,1
497,12417,12403289,88877,-1,-1,1,0,1ca36ecd,51.2,0
498,12420,12414398,11109,-1,-1,1,0,1ca36ecd,52.1,0
499,12429,12425510,11112,-1,-1,1,0,1ca36ecd,52.7,0
500,12440,12436614,11104,-1,-1,1,0,1ca36ecd,53.1,0
501,12451,12447724,11110,-1,-1,1,0,1ca36ecd,53.6,0
502,12462,12458831,11107,-1,-1,1,0,1ca36ecd,54.0,0
503,12473,12469946,11115,-1,-1,1,0,1ca36ecd,54.5,0
504,12484,12481051,11105,-1,-1,1,0,1ca36ecd,54.9,0
505,12496,12492160,11109,-1,-1,1,0,1ca36ecd,55.2,1
506,12601,12592140,99980,-1,-1,1,0,1ca36ecd,100.0,0
507,12607,12603255,11115,-1,-1,1,0,1ca36ecd,125.0,0
508,12618,12614361,11106,-1,-1,1,0,1ca36ecd,111.1,0
509,12629,12625475,11114,-1,-1,1,0,1ca36ecd,105.3,0
510,12640,12636581,11106,-1,-1,1,0,1ca36ecd,102.0,0
511,12651,12647692,11111,-1,-1,1,0,1ca36ecd,100.0,0
512,12662,12658797,11105,-1,-1,1,0,1ca36ecd,98.6,0
513,12673,12669907,11110,-1,-1,1,0,1ca36ecd,97.6,0
514,12684,12681015,11108,-1,-1,1,0,1ca36ecd,96.8,1
515,12787,12781001,99986,-1,-1,1,0,1ca36ecd,51.0,0
516,12796,12792114,11113,-1,-1,1,0,1ca36ecd,53.7,0
517,12807,12803223,11109,-1,-1,1,0,1ca36ecd,55.6,0
518,12818,12814326,11103,-1,-1,1,0,1ca36ecd,57.3,0
519,12829,12825438,11112,-1,-1,1,0,1ca36ecd,58.8,0
520,12840,12836544,11106,-1,-1,1,0,1ca36ecd,60.2,0
521,12851,12847653,11109,-1,-1,1,0,02413a04,61.5,0
522,12862,12858766,11113,-1,-1,1,0,09d34d4c,62.7,0
523,12873,12869873,11107,-1,-1,1,0,cd593cc2,63.8,1
524,12987,12980958,111085,-1,-1,1,0,1ca36ecd,48.0,0
525,12996,12992077,11119,-1,-1,1,0,1ca36ecd,49.4,0
526,13007,13003184,11107,-1,-1,1,0,1ca36ecd,50.5,0
527,13018,13014294,11110,-1,-1,1,0,1ca36ecd,51.5,0
528,13029,13025401,11107,-1,-1,1,0,1ca36ecd,52.5,0
529,13040,13036512,11111,-1,-1,1,0,1ca36ecd,53.5,0
530,13051,13047619,11107,-1,-1,1,0,1ca36ecd,54.3,0
531,13062,13058727,11108,-1,-1,1,0,1ca36ecd,55.2,0
532,13073,13069838,11111,-1,-1,1,0,1ca36ecd,56.0,1
533,13172,13158715,88877,-1,-1,1,0,1ca36ecd,48.2,0
534,13175,13169817,11102,-1,-1,1,0,1ca36ecd,49.7,0
535,13184,13180932,11115,-1,-1,1,0,1ca36ecd,50.6,0
536,13195,13192037,11105,-1,-1,1,0,1ca36ecd,51.3,0
537,13207,13203149,11112,-1,-1,1,0,1ca36ecd,51.9,0
538,13218,13214259,11110,-1,-1,1,0,1ca36ecd,52.6,0
539,13229,13225368,11109,-1,-1,1,0,1ca36ecd,53.3,0
540,13283,13236478,11110,-1,-1,1,0,1ca36ecd,50.6,0
541,13286,13280918,44440,-1,-1,1,0,1ca36ecd,51.8,1
542,13380,13369791,88873,-1,-1,1,0,1ca36ecd,46.9,0
543,13385,13380903,11112,-1,-1,1,0,1ca36ecd,47.9,0
544,13395,13392007,11104,-1,-1,1,0,1ca36ecd,48.5,0
545,13407,13403115,11108,-1,-1,1,0,1ca36ecd,49.0,0
546,13418,13414222,11107,-1,-1,1,0,1ca36ecd,49.6,0
547,13429,13425330,11108,-1,-1,1,0,1ca36ecd,50.1,0
548,13440,13436442,11112,-1,-1,1,0,1ca36ecd,50.6,0
549,13451,13447550,11108,-1,-1,1,0,1ca36ecd,51.2,0
550,13462,13458658,11108,-1,-1,1,0,1ca36ecd,51.7,1
551,13558,13547532,88874,-1,-1,1,0,1ca36ecd,47.6,0
552,13563,13558654,11122,-1,-1,1,0,1ca36ecd,48.4,0
553,13573,13569757,11103,-1,-1,1,0,c59ae3ac,48.9,0
554,13584,13580861,11104,-1,-1,1,0,c921bd5d,49.3,0
555,13595,13591972,11111,-1,-1,1,0,4ffc99ce,49.8,0
556,13609,13603084,11112,-1,-1,1,0,a248cf25,76.9,0
557,13618,13614200,11116,-1,-1,1,0,d8846166,90.9,0
558,13629,13625300,11100,-1,-1,1,0,1ca36ecd,90.9,0
559,13640,13636406,11106,-1,-1,1,0,1ca36ecd,90.9,1
560,13739,13725287,88881,-1,-1,1,0,1ca36ecd,35.0,0
561,13742,13736432,11145,-1,-1,1,0,1ca36ecd,41.1,0
562,13751,13747502,11070,-1,-1,1,0,1ca36ecd,45.2,0
563,13762,13758609,11107,-1,-1,1,0,1ca36ecd,48.2,0
564,13773,13769720,11111,-1,-1,1,0,1ca36ecd,50.8,0
565,13784,13780826,11106,-1,-1,1,0,1ca36ecd,53.2,0
566,13798,13791939,11113,-1,-1,1,0,1ca36ecd,54.5,0
567,13807,13803053,11114,-1,-1,1,0,1ca36ecd,56.9,0
568,13818,13814156,11103,-1,-1,1,0,1ca36ecd,58.6,1
569,13917,13903026,88870,-1,-1,1,0,1ca36ecd,43.6,0
570,13920,13914138,11112,-1,-1,1,0,1ca36ecd,46.3,0
571,13929,13925252,11114,-1,-1,1,0,1ca36ecd,48.0,0
572,13940,13936355,11103,-1,-1,1,0,1ca36ecd,49.4,0
573,13951,13947466,11111,-1,-1,1,0,1ca36ecd,50.7,0
574,13962,13958577,11111,-1,-1,1,0,1ca36ecd,51.9,0
575,13973,13969682,11105,-1,-1,1,0,1ca36ecd,53.1,0
576,13984,13980797,11115,-1,-1,1,0,1ca36ecd,54.1,0
577,13995,13991901,11104,-1,-1,1,0,1ca36ecd,55.1,1
578,14091,14080775,88874,-1,-1,1,0,1ca36ecd,46.5,0
579,14096,14091895,11120,-1,-1,1,0,1ca36ecd,48.0,0
580,14106,14102992,11097,-1,-1,1,0,1ca36ecd,49.0,0
581,14118,14114104,11112,-1,-1,1,0,1ca36ecd,49.8,0
582,14129,14125212,11108,-1,-1,1,0,1ca36ecd,50.7,0
583,14140,14136323,11111,-1,-1,1,0,1ca36ecd,51.5,0
584,14151,14147431,11108,-1,-1,1,0,1ca36ecd,52.3,0
585,14162,14158541,11110,-1,-1,1,0,1ca36ecd,53.0,0
586,14173,14169649,11108,-1,-1,1,0,1ca36ecd,53.7,1
587,14272,14258518,88869,-1,-1,1,0,1ca36ecd,47.3,0
588,14276,14269631,11113,-1,-1,1,0,1ca36ecd,48.5,0
589,14284,14280744,11113,-1,-1,1,0,1ca36ecd,49.4,0
590,14295,14291852,11108,-1,-1,1,0,1ca36ecd,50.1,0
591,14306,14302963,11111,-1,-1,1,0,1ca36ecd,50.7,0
592,14318,14314069,11106,-1,-1,1,0,1ca36ecd,51.2,0
593,14329,14325180,11111,-1,-1,1,0,1ca36ecd,51.8,0
594,14340,14336287,11107,-1,-1,1,0,1ca36ecd,52.4,0
595,14351,14347393,11106,-1,-1,1,0,1ca36ecd,53.0,1
596,14448,14436272,88879,-1,-1,1,0,1ca36ecd,48.1,0
597,14451,14447391,11119,-1,-1,1,0,1ca36ecd,49.1,0
598,14462,14458491,11100,-1,-1,1,0,1ca36ecd,49.7,0
599,14473,14469598,11107,-1,-1,1,0,1ca36ecd,50.2,0
600,14484,14480707,11109,-1,-1,1,0,1ca36ecd,50.7,0
601,14495,14491816,11109,-1,-1,1,0,1ca36ecd,51.2,0
602,14506,14502924,11108,-1,-1,1,0,1ca36ecd,51.6,0
603,14517,14514035,11111,-1,-1,1,0,1ca36ecd,52.1,0
604,14529,14525145,11110,-1,-1,1,0,1ca36ecd,52.5,1
605,14634,14625126,99981,-1,-1,1,0,5b87fe9d,125.0,0
606,14640,14636239,11113,-1,-1,1,0,2e6f02d3,142.9,0
607,14651,14647349,11110,-1,-1,1,0,2ee6b322,120.0,0
608,14662,14658453,11104,-1,-1,1,0,e5abdf45,111.1,0
609,14673,14669563,11110,-1,-1,1,0,53774968,106.4,0
610,14684,14680669,11106,-1,-1,1,0,f0a42d3d,103.4,0
611,14695,14691781,11112,-1,-1,1,0,43438f77,101.4,0
612,14706,14702888,11107,-1,-1,1,0,e868803f,100.0,0
613,14717,14714001,11113,-1,-1,1,0,5befc977,98.9,1
614,14826,14813981,99980,-1,-1,1,0,1ca36ecd,50.0,0
615,14829,14825100,11119,-1,-1,1,0,1ca36ecd,54.2,0
616,14840,14836203,11103,-1,-1,1,0,1ca36ecd,56.1,0
617,14851,14847311,11108,-1,-1,1,0,1ca36ecd,57.8,0
618,14862,14858419,11108,-1,-1,1,0,1ca36ecd,59.3,0
619,14873,14869531,11112,-1,-1,1,0,1ca36ecd,60.7,0
620,14884,14880640,11109,-1,-1,1,0,1ca36ecd,62.0,0
621,14895,14891748,11108,-1,-1,1,0,1ca36ecd,63.2,0
622,14907,14902859,11111,-1,-1,1,0,1ca36ecd,64.1,1
623,15008,15002838,99979,-1,-1,1,0,1ca36ecd,49.7,0
624,15017,15013952,11114,-1,-1,1,0,1ca36ecd,51.2,0
625,15028,15025057,11105,-1,-1,1,0,1ca36ecd,52.2,0
626,15040,15036165,11108,-1,-1,1,0,1ca36ecd,53.1,0
627,15051,15047278,11113,-1,-1,1,0,1ca36ecd,54.1,0
628,15062,15058386,11108,-1,-1,1,0,1ca36ecd,55.0,0
629,15073,15069494,11108,-1,-1,1,0,1ca36ecd,55.9,0
630,15128,15080604,11110,-1,-1,1,0,1ca36ecd,51.8,0
631,15131,15125046,44442,-1,-1,1,0,1ca36ecd,53.5,1
632,15226,15213914,88868,-1,-1,1,0,3da0931e,46.7,0
633,15229,15225038,11124,-1,-1,1,0,a4fe8186,48.1,0
634,15240,15236135,11097,-1,-1,1,0,4a30db6a,48.9,0
635,15251,15247241,11106,-1,-1,1,0,92c7575c,49.6,0
636,15262,15258349,11108,-1,-1,1,0,283dc66a,50.3,0
637,15273,15269463,11114,-1,-1,1,0,21da111d,51.0,0
638,15284,15280567,11104,-1,-1,1,0,2cd2aa62,51.7,0
639,15295,15291682,11115,-1,-1,1,0,7fd66236,52.3,0
640,15307,15302785,11103,-1,-1,1,0,97a363c9,52.9,1
641,15405,15391660,88875,-1,-1,1,0,67bb90ea,47.5,0
642,15409,15402772,11112,-1,-1,1,0,e94e5e05,48.5,0
643,15417,15413886,11114,-1,-1,1,0,bbfb3985,49.3,0
644,15428,15424991,11105,-1,-1,1,0,0bd0a53d,49.9,0
645,15440,15436097,11106,-1,-1,1,0,6448e4f0,50.4,0
646,15451,15447206,11109,-1,-1,1,0,3f272524,50.9,0
647,15462,15458315,11109,-1,-1,1,0,3aeb6539,51.4,0
648,15473,15469428,11113,-1,-1,1,0,b816e579,51.9,0
649,15484,15480536,11108,-1,-1,1,0,600bd7aa,52.4,1
650,15585,15580519,99983,-1,-1,1,0,ca50f902,48.0,0
651,15595,15591632,11113,-1,-1,1,0,65fbae58,48.5,0
652,15606,15602735,11103,-1,-1,1,0,9c90dce4,49.0,0
653,15618,15613843,11108,-1,-1,1,0,45f0d2fa,49.4,0
654,15628,15624957,11114,-1,-1,1,0,3e2fe89c,49.9,0
655,15642,15636066,11109,-1,-1,1,0,1e99f5e7,76.9,0
656,15651,15647182,11116,-1,-1,1,0,c41993bc,90.9,0
657,15662,15658283,11101,-1,-1,1,0,b13ef862,90.9,0
658,15673,15669392,11109,-1,-1,1,0,28def3ba,90.9,1
659,15775,15769376,99984,-1,-1,1,0,fc4631ca,34.2,0
660,15784,15780491,11115,-1,-1,1,0,1ca36ecd,38.7,0
661,15795,15791594,11103,-1,-1,1,0,1ca36ecd,42.2,0
662,15806,15802705,11111,-1,-1,1,0,1ca36ecd,45.2,0
663,15817,15813811,11106,-1,-1,1,0,1ca36ecd,47.9,0
664,15835,15824927,11116,-1,-1,1,0,1ca36ecd,48.5,0
665,15840,15836035,11108,-1,-1,1,0,1ca36ecd,52.1,0
666,15851,15847142,11107,-1,-1,1,0,106d4af1,54.1,0
667,15862,15858247,11105,-1,-1,1,0,f0662a13,55.8,1
668,15961,15947120,88873,-1,-1,1,0,eed27bde,42.2,0
669,15964,15958228,11108,-1,-1,1,0,057d42fe,44.8,0
670,15973,15969340,11112,-1,-1,1,0,b258ddcc,46.5,0
671,15984,15980450,11110,-1,-1,1,0,d4b1fb24,47.9,0
672,15995,15991564,11114,-1,-1,1,0,3f1de1c3,49.2,0
673,16006,16002668,11104,-1,-1,1,0,1ca36ecd,50.4,0
674,16017,16013777,11109,-1,-1,1,0,1ca36ecd,51.5,0
675,16028,16024890,11113,-1,-1,1,0,1ca36ecd,52.6,0
676,16039,16035995,11105,-1,-1,1,0,1ca36ecd,53.7,1
677,16137,16124867,88872,-1,-1,1,0,45793cc0,45.3,0
678,16140,16135990,11123,-1,-1,1,0,18c5a27f,47.0,0
679,16151,16147086,11096,-1,-1,1,0,82e35d9d,47.9,0
680,16162,16158199,11113,-1,-1,1,0,227b9632,48.8,0
681,16173,16169306,11107,-1,-1,1,0,2c6f9c9e,49.6,0
682,16184,16180413,11107,-1,-1,1,0,87e7b647,50.5,0
683,16195,16191520,11107,-1,-1,1,0,fd8196a7,51.2,0
684,16206,16202632,11112,-1,-1,1,0,7390fda4,52.0,0
685,16217,16213741,11109,-1,-1,1,0,931bc724,52.7,1
686,16317,16313721,99980,-1,-1,1,0,1ca36ecd,46.5,0
687,16328,16324839,11118,-1,-1,1,0,1ca36ecd,47.2,0
688,16339,16335947,11108,-1,-1,1,0,1ca36ecd,47.9,0
689,16350,16347053,11106,-1,-1,1,0,1ca36ecd,48.5,0
690,16362,16358164,11111,-1,-1,1,0,1ca36ecd,49.1,0
691,16373,16369270,11106,-1,-1,1,0,1ca36ecd,49.7,0
692,16384,16380385,11115,-1,-1,1,0,1ca36ecd,50.3,0
693,16395,16391491,11106,-1,-1,1,0,1ca36ecd,50.9,0
694,16406,16402599,11108,-1,-1,1,0,1ca36ecd,51.5,1
695,16505,16491473,88874,-1,-1,1,0,1ca36ecd,46.8,0
696,16508,16502579,11106,-1,-1,1,0,1ca36ecd,47.8,0
697,16517,16513694,11115,-1,-1,1,0,1ca36ecd,48.4,0
698,16528,16524798,11104,-1,-1,1,0,1ca36ecd,48.9,0
699,16539,16535910,11112,-1,-1,1,0,1ca36ecd,49.5,0
700,16551,16547017,11107,-1,-1,1,0,1ca36ecd,49.9,0
701,16562,16558131,11114,-1,-1,1,0,1ca36ecd,50.4,0
702,16573,16569237,11106,-1,-1,1,0,1ca36ecd,50.8,0
703,16584,16580343,11106,-1,-1,1,0,1ca36ecd,51.3,1
704,16685,16680343,100000,-1,-1,1,0,1ca36ecd,111.1,0
705,16695,16691443,11100,-1,-1,1,0,1ca36ecd,105.3,0
706,16706,16702544,11101,-1,-1,1,0,1ca36ecd,100.0,0
707,16717,16713653,11109,-1,-1,1,0,1ca36ecd,97.6,0
708,16728,16724763,11110,-1,-1,1,0,1ca36ecd,96.2,0
709,16739,16735876,11113,-1,-1,1,0,1ca36ecd,95.2,0
710,16750,16746983,11107,-1,-1,1,0,1ca36ecd,94.6,0
711,16762,16758095,11112,-1,-1,1,0,1ca36ecd,93.0,0
712,16773,16769203,11108,-1,-1,1,0,1ca36ecd,92.8,1
713,16882,16869190,99987,-1,-1,1,0,1ca36ecd,48.5,0
714,16885,16880302,11112,-1,-1,1,0,1ca36ecd,52.6,0
715,16895,16891407,11105,-1,-1,1,0,1ca36ecd,54.8,0
716,16906,16902512,11105,-1,-1,1,0,1ca36ecd,56.5,0
717,16917,16913625,11113,-1,-1,1,0,1ca36ecd,58.1,0
718,16928,16924731,11106,-1,-1,1,0,1ca36ecd,59.5,0
719,16939,16935841,11110,-1,-1,1,0,1ca36ecd,60.8,0
720,16996,16946950,11109,-1,-1,1,0,1ca36ecd,53.1,0
721,17000,16991395,44445,-1,-1,1,0,1ca36ecd,55.6,1
722,17094,17080257,88862,-1,-1,1,0,1ca36ecd,45.5,0
723,17097,17091374,11117,-1,-1,1,0,1ca36ecd,47.5,0
724,17106,17102484,11110,-1,-1,1,0,1ca36ecd,48.8,0
725,17117,17113589,11105,-1,-1,1,0,1ca36ecd,49.9,0
726,17128,17124696,11107,-1,-1,1,0,1ca36ecd,50.9,0
727,17139,17135806,11110,-1,-1,1,0,1ca36ecd,51.8,0
728,17150,17146917,11111,-1,-1,1,0,1ca36ecd,52.7,0
729,17161,17158023,11106,-1,-1,1,0,1ca36ecd,53.6,0
730,17173,17169136,11113,-1,-1,1,0,1ca36ecd,54.3,1
731,17272,17258005,88869,-1,-1,1,0,1ca36ecd,47.0,0
732,17275,17269120,11115,-1,-1,1,0,1ca36ecd,48.4,0
733,17284,17280230,11110,-1,-1,1,0,1ca36ecd,49.3,0
734,17295,17291334,11104,-1,-1,1,0,1ca36ecd,50.1,0
735,17306,17302441,11107,-1,-1,1,0,1ca36ecd,50.8,0
736,17317,17313556,11115,-1,-1,1,0,1ca36ecd,51.5,0
737,17328,17324662,11106,-1,-1,1,0,1ca36ecd,52.1,0
738,17339,17335773,11111,-1,-1,1,0,1ca36ecd,52.8,0
739,17351,17346880,11107,-1,-1,1,0,1ca36ecd,53.3,1
740,17451,17446864,99984,-1,-1,1,0,1ca36ecd,47.7,0
741,17461,17457982,11118,-1,-1,1,0,1ca36ecd,48.4,0
742,17473,17469085,11103,-1,-1,1,0,1ca36ecd,48.9,0
743,17484,17480191,11106,-1,-1,1,0,1ca36ecd,49.5,0
744,17495,17491300,11109,-1,-1,1,0,1ca36ecd,50.1,0
745,17506,17502408,11108,-1,-1,1,0,1ca36ecd,50.6,0
746,17517,17513520,11112,-1,-1,1,0,1ca36ecd,51.1,0
747,17528,17524625,11105,-1,-1,1,0,1ca36ecd,51.6,0
748,17539,17535737,11112,-1,-1,1,0,1ca36ecd,52.1,1
749,17640,17635716,99979,-1,-1,1,0,1ca36ecd,47.7,0
750,17650,17646836,11120,-1,-1,1,0,1ca36ecd,48.3,0
751,17661,17657937,11101,-1,-1,1,0,1ca36ecd,48.7,0
752,17672,17669046,11109,-1,-1,1,0,1ca36ecd,49.2,0
753,17684,17680158,11112,-1,-1,1,0,1ca36ecd,49.6,0
754,17697,17691273,11115,-1,-1,1,0,1ca36ecd,76.9,0
755,17706,17702380,11107,-1,-1,1,0,1ca36ecd,90.9,0
756,17717,17713484,11104,-1,-1,1,0,1ca36ecd,90.9,0
757,17728,17724592,11108,-1,-1,1,0,1ca36ecd,90.9,1
758,17833,17824576,99984,-1,-1,1,0,1ca36ecd,33.6,0
759,17839,17835690,11114,-1,-1,1,0,1ca36ecd,38.7,0
760,17850,17846793,11103,-1,-1,1,0,1ca36ecd,42.2,0
761,17862,17857904,11111,-1,-1,1,0,1ca36ecd,44.9,0
762,17872,17869014,11110,-1,-1,1,0,1ca36ecd,47.9,0
763,17886,17880126,11112,-1,-1,1,0,1ca36ecd,49.5,0
764,17895,17891238,11112,-1,-1,1,0,1ca36ecd,52.1,0
765,17906,17902338,11100,-1,-1,1,0,1ca36ecd,54.1,0
766,17917,17913454,11116,-1,-1,1,0,1ca36ecd,55.8,1
767,18018,18013428,99974,-1,-1,1,0,1ca36ecd,41.9,0
768,18028,18024546,11118,-1,-1,1,0,1ca36ecd,43.6,0
769,18039,18035649,11103,-1,-1,1,0,1ca36ecd,45.1,0
770,18050,18046763,11114,-1,-1,1,0,1ca36ecd,46.4,0
771,18061,18057870,11107,-1,-1,1,0,1ca36ecd,47.7,0
772,18072,18068979,11109,-1,-1,1,0,1ca36ecd,49.0,0
773,18084,18080091,11112,-1,-1,1,0,1ca36ecd,50.0,0
774,18095,18091202,11111,-1,-1,1,0,1ca36ecd,51.1,0
775,18106,18102306,11104,-1,-1,1,0,1ca36ecd,52.1,1
776,18206,18202288,99982,-1,-1,1,0,1ca36ecd,44.1,0
777,18217,18213402,11114,-1,-1,1,0,1ca36ecd,45.0,0
778,18228,18224510,11108,-1,-1,1,0,1ca36ecd,46.0,0
779,18240,18235618,11108,-1,-1,1,0,1ca36ecd,46.8,0
780,18250,18246734,11116,-1,-1,1,0,1ca36ecd,47.7,0
781,18261,18257834,11100,-1,-1,1,0,1ca36ecd,48.5,0
782,18272,18268948,11114,-1,-1,1,0,1ca36ecd,49.3,0
783,18283,18280052,11104,-1,-1,1,0,1ca36ecd,50.1,0
784,18295,18291165,11113,-1,-1,1,0,1ca36ecd,50.7,1
785,18395,18391148,99983,-1,-1,1,0,1ca36ecd,45.0,0
786,18406,18402263,11115,-1,-1,1,0,1ca36ecd,45.7,0
787,18417,18413363,11100,-1,-1,1,0,1ca36ecd,46.4,0
788,18428,18424473,11110,-1,-1,1,0,1ca36ecd,47.0,0
789,18439,18435582,11109,-1,-1,1,0,1ca36ecd,47.7,0
790,18450,18446703,11121,-1,-1,1,0,1ca36ecd,48.3,0
791,18461,18457801,11098,-1,-1,1,0,1ca36ecd,48.9,0
792,18472,18468909,11108,-1,-1,1,0,1ca36ecd,49.5,0
793,18484,18480019,11110,-1,-1,1,0,1ca36ecd,50.0,1
794,18583,18568894,88875,-1,-1,1,0,04337460,45.6,0
795,18586,18580003,11109,-1,-1,1,0,b7008393,46.6,0
796,18595,18591116,11113,-1,-1,1,0,cd08f5cc,47.2,0
797,18606,18602220,11104,-1,-1,1,0,5e7a350e,47.7,0
798,18617,18613331,11111,-1,-1,1,0,b3b20c72,48.2,0
799,18628,18624444,11113,-1,-1,1,0,85f886bd,48.7,0
800,18639,18635546,11102,-1,-1,1,0,8022ab1a,49.2,0
801,18650,18646658,11112,-1,-1,1,0,60a9c1a9,49.7,0
802,18661,18657767,11109,-1,-1,1,0,1ca36ecd,50.2,1
803,18770,18757752,99985,-1,-1,1,0,fd8133a6,90.9,0
804,18773,18768864,11112,-1,-1,1,0,e680d91d,142.9,0
805,18784,18779969,11105,-1,-1,1,0,3115ce2e,120.0,0
806,18795,18791078,11109,-1,-1,1,0,a9150783,111.1,0
807,18806,18802184,11106,-1,-1,1,0,6dc42cdf,106.4,0
808,18817,18813296,11112,-1,-1,1,0,362e1f18,103.4,0
809,18828,18824405,11109,-1,-1,1,0,31b4e904,101.4,0
810,18885,18835514,11109,-1,-1,1,0,213b4634,63.5,0
811,18894,18879959,44445,-1,-1,1,0,e82bc928,66.7,1
812,18987,18979937,99978,-1,-1,1,0,3f575055,43.9,0
813,18994,18991047,11110,-1,-1,1,0,01b30bcc,46.8,0
814,19006,19002153,11106,-1,-1,1,0,da4f82dc,48.6,0
815,19017,19013263,11110,-1,-1,1,0,162bfaee,50.4,0
816,19028,19024371,11108,-1,-1,1,0,280b0951,52.0,0
817,19039,19035479,11108,-1,-1,1,0,9cbf0dce,53.6,0
818,19050,19046591,11112,-1,-1,1,0,9a355f4b,55.0,0
819,19061,19057699,11108,-1,-1,1,0,67934681,56.3,0
820,19072,19068806,11107,-1,-1,1,0,cc7a2dd9,57.5,1
821,19173,19168786,99980,-1,-1,1,0,5d41252d,45.9,0
822,19183,19179906,11120,-1,-1,1,0,49a1da82,47.1,0
823,19194,19191009,11103,-1,-1,1,0,8395b9ee,48.3,0
824,19206,19202118,11109,-1,-1,1,0,9660cd8d,49.2,0
825,19217,19213227,11109,-1,-1,1,0,4ace3694,50.2,0
826,19228,19224336,11109,-1,-1,1,0,6c464def,51.2,0
827,19239,19235446,11110,-1,-1,1,0,014daa85,52.1,0
828,19250,19246557,11111,-1,-1,1,0,d19b85de,53.0,0
829,19261,19257662,11105,-1,-1,1,0,3981ecf7,53.8,1
830,19362,19357645,99983,-1,-1,1,0,5a159804,46.4,0
831,19372,19368763,11118,-1,-1,1,0,0edd2c17,47.3,0
832,19383,19379871,11108,-1,-1,1,0,85c86aed,48.1,0
833,19394,19390973,11102,-1,-1,1,0,780cdb32,48.8,0
834,19406,19402088,11115,-1,-1,1,0,45ca5871,49.5,0
835,19417,19413193,11105,-1,-1,1,0,871488ed,50.2,0
836,19428,19424302,11109,-1,-1,1,0,08c0f677,50.8,0
837,19439,19435410,11108,-1,-1,1,0,8ba9cf80,51.5,0
838,19450,19446521,11111,-1,-1,1,0,1c37720e,52.1,1
839,19551,19546504,99983,-1,-1,1,0,8ba9cf80,46.7,0
840,19561,19557620,11116,-1,-1,1,0,620d0275,47.4,0
841,19572,19568721,11101,-1,-1,1,0,dc63d9c4,48.0,0
842,19583,19579834,11113,-1,-1,1,0,992d863f,48.5,0
843,19594,19590941,11107,-1,-1,1,0,2f0f3ef1,49.1,0
844,19605,19602049,11108,-1,-1,1,0,eda64932,49.6,0
845,19617,19613158,11109,-1,-1,1,0,374853a3,50.1,0
846,19628,19624271,11113,-1,-1,1,0,036e29ea,50.6,0
847,19639,19635377,11106,-1,-1,1,0,2ae1400b,51.1,1
848,19739,19735360,99983,-1,-1,1,0,21bc1ee1,46.9,0
849,19750,19746477,11117,-1,-1,1,0,ad0c6f33,47.4,0
850,19761,19757581,11104,-1,-1,1,0,00fd3d58,47.9,0
851,19774,19768851,11270,-1,-1,1,0,490bcc39,83.3,0
852,19783,19779805,10954,-1,-1,1,0,3dc2c114,95.2,0
853,19794,19790902,11097,-1,-1,1,0,00719a81,93.8,0
854,19806,19802017,11115,-1,-1,1,0,59b6d289,90.9,0
855,19817,19813123,11106,-1,-1,1,0,7f291c6a,90.9,0
856,19828,19824235,11112,-1,-1,1,0,c1b99540,90.9,1
857,19936,19924215,99980,-1,-1,1,0,99abc860,40.2,0
858,19939,19935332,11117,-1,-1,1,0,578dcd2c,45.2,0
859,19950,19946436,11104,-1,-1,1,0,2f957ca9,47.9,0
860,19961,19957545,11109,-1,-1,1,0,90dd8389,50.3,0
861,19972,19968653,11108,-1,-1,1,0,42b85f01,52.4,0
862,19983,19979760,11107,-1,-1,1,0,0bec6f26,54.3,0
863,19994,19990872,11112,-1,-1,1,0,5b26ca79,56.0,0
864,20005,20001982,11110,-1,-1,1,0,d9598e82,57.6,0
865,20017,20013087,11105,-1,-1,1,0,dc475a34,58.8,1
866,20117,20113075,99988,-1,-1,1,0,9ac9e218,45.1,0
867,20128,20124186,11111,-1,-1,1,0,d62523a5,46.4,0
868,20139,20135292,11106,-1,-1,1,0,80ef751a,47.7,0
869,20150,20146407,11115,-1,-1,1,0,ac645d6b,49.0,0
870,20161,20157507,11100,-1,-1,1,0,84efb515,50.1,0
871,20172,20168621,11114,-1,-1,1,0,8fd50cd8,51.2,0
872,20183,20179728,11107,-1,-1,1,0,6cd1cb05,52.3,0
873,20194,20190836,11108,-1,-1,1,0,9401d713,53.2,0
874,20206,20201946,11110,-1,-1,1,0,e7c8ae42,54.1,1
875,20306,20301931,99985,-1,-1,1,0,f88104c7,46.0,0
876,20316,20313045,11114,-1,-1,1,0,4d81a93f,46.9,0
877,20328,20324147,11102,-1,-1,1,0,b75e7478,47.7,0
878,20339,20335256,11109,-1,-1,1,0,5d29f3f6,48.5,0
879,20350,20346365,11109,-1,-1,1,0,023fe468,49.3,0
880,20361,20357478,11113,-1,-1,1,0,daac6898,50.1,0
881,20372,20368588,11110,-1,-1,1,0,9b7de006,50.8,0
882,20383,20379698,11110,-1,-1,1,0,9b7de006,51.5,0
883,20394,20390811,11113,-1,-1,1,0,daac6898,52.2,1
884,20495,20490792,99981,-1,-1,1,0,7bcf78e6,46.4,0
885,20505,20501897,11105,-1,-1,1,0,2ca32f8b,47.1,0
886,20517,20513006,11109,-1,-1,1,0,1ac4699b,47.7,0
887,20528,20524112,11106,-1,-1,1,0,a8b186e5,48.3,0
888,20539,20535224,11112,-1,-1,1,0,3c192c63,48.9,0
889,20550,20546336,11112,-1,-1,1,0,2c7a2200,49.5,0
890,20561,20557442,11106,-1,-1,1,0,ef9da252,50.1,0
891,20572,20568589,11147,-1,-1,1,0,3c0a4772,50.6,0
892,20583,20579663,11074,-1,-1,1,0,6bbb8efd,51.2,1
893,20683,20668533,88870,-1,-1,1,0,882c1777,46.7,0
894,20686,20679647,11114,-1,-1,1,0,882c1777,47.6,0
895,20694,20690759,11112,-1,-1,1,0,cfe3fdde,48.3,0
896,20705,20701863,11104,-1,-1,1,0,289a16c1,48.8,0
897,20716,20712972,11109,-1,-1,1,0,240df8de,49.2,0
898,20727,20724086,11114,-1,-1,1,0,808b9ede,49.7,0
899,20739,20735185,11099,-1,-1,1,0,808b9ede,50.2,0
900,20794,20746299,11114,-1,-1,1,0,808b9ede,48.4,0
901,20803,20790742,44443,-1,-1,1,0,fdf78c87,125.0,1
902,20894,20890714,99972,-1,-1,1,0,e3b65cf3,20.2,0
903,20905,20901833,11119,-1,-1,1,0,45e1e910,27.3,0
904,20917,20912944,11111,-1,-1,1,0,ce6f6a06,32.8,0
905,20928,20924046,11102,-1,-1,1,0,97417173,37.6,0
906,20941,20935158,11112,-1,-1,1,0,b2049af7,41.1,0
907,20950,20946273,11115,-1,-1,1,0,31f956b5,45.2,0
908,20961,20957382,11109,-1,-1,1,0,754c9789,48.2,0
909,20972,20968482,11100,-1,-1,1,0,d377ae6b,50.8,0
910,20983,20979591,11109,-1,-1,1,0,4d206ebb,53.2,1
911,21083,21079571,99980,-1,-1,1,0,6c3888c6,38.2,0
912,21094,21090688,11117,-1,-1,1,0,cf41b841,40.1,0
913,21105,21101792,11104,-1,-1,1,0,7981a6c6,41.9,0
914,21116,21112901,11109,-1,-1,1,0,6c3888c6,43.6,0
915,21127,21124010,11109,-1,-1,1,0,b5aada99,45.2,0
916,21139,21135119,11109,-1,-1,1,0,e746735e,46.5,0
917,21150,21146230,11111,-1,-1,1,0,7c870085,47.9,0
918,21161,21157339,11109,-1,-1,1,0,bf588617,49.2,0
919,21172,21168446,11107,-1,-1,1,0,bf588617,50.4,1
920,21272,21257318,88872,-1,-1,1,0,f35eabf9,41.9,0
921,21275,21268432,11114,-1,-1,1,0,0e6415ed,43.8,0
922,21283,21279546,11114,-1,-1,1,0,a6ab8062,45.1,0
923,21294,21290652,11106,-1,-1,1,0,8d181b82,46.1,0
924,21305,21301758,11106,-1,-1,1,0,640d4bd3,47.1,0
925,21316,21312869,11111,-1,-1,1,0,640d4bd3,48.0,0
926,21327,21323975,11106,-1,-1,1,0,3101c882,48.9,0
927,21339,21335086,11111,-1,-1,1,0,640d4bd3,49.6,0
928,21350,21346193,11107,-1,-1,1,0,156592ac,50.5,1
929,21452,21446180,99987,-1,-1,1,0,7b030243,44.1,0
930,21461,21457293,11113,-1,-1,1,0,754a1c23,45.0,0
931,21472,21468397,11104,-1,-1,1,0,5f4713c3,45.8,0
932,21483,21479506,11109,-1,-1,1,0,d5c05e23,46.5,0
933,21494,21490614,11108,-1,-1,1,0,9341b4a8,47.2,0
934,21505,21501724,11110,-1,-1,1,0,aa3bbac1,47.9,0
935,21516,21512836,11112,-1,-1,1,0,75281dd6,48.5,0
936,21527,21523940,11104,-1,-1,1,0,3f0331a3,49.2,0
937,21539,21535052,11112,-1,-1,1,0,fb62ba25,49.7,1
938,21640,21635030,99978,-1,-1,1,0,e7e0287e,45.0,0
939,21650,21646150,11120,-1,-1,1,0,f4401c7e,45.6,0
940,21661,21657252,11102,-1,-1,1,0,9bf9b8cf,46.2,0
941,21672,21668364,11112,-1,-1,1,0,674d046d,46.8,0
942,21683,21679474,11110,-1,-1,1,0,81666157,47.3,0
943,21694,21690581,11107,-1,-1,1,0,8b78ae2f,47.8,0
944,21705,21701689,11108,-1,-1,1,0,2fbecd57,48.4,0
945,21716,21712800,11111,-1,-1,1,0,ef620d7a,48.9,0
946,21727,21723907,11107,-1,-1,1,0,1ca36ecd,49.4,1
947,21840,21835007,111100,-1,-1,1,0,1ca36ecd,100.0,0
948,21850,21846114,11107,-1,-1,1,0,1ca36ecd,100.0,0
949,21861,21857219,11105,-1,-1,1,0,1ca36ecd,96.8,0
950,21872,21868331,11112,-1,-1,1,0,1ca36ecd,95.2,0
951,21883,21879436,11105,-1,-1,1,0,1ca36ecd,94.3,0
952,21894,21890547,11111,-1,-1,1,0,1ca36ecd,93.8,0
953,21905,21901655,11108,-1,-1,1,0,1ca36ecd,93.3,0
954,21916,21912769,11114,-1,-1,1,0,1ca36ecd,93.0,0
955,21927,21923872,11103,-1,-1,1,0,1ca36ecd,92.8,1
956,22036,22023855,99983,-1,-1,1,0,1ca36ecd,48.5,0
957,22039,22034973,11118,-1,-1,1,0,1ca36ecd,52.6,0
958,22049,22046076,11103,-1,-1,1,1000,1ca36ecd,54.5,0
959,22061,22057182,11106,-1,-1,1,0,1ca36ecd,56.3,0
960,22072,22068303,11121,-1,-1,1,0,b0bcbb93,57.9,0
961,22083,22079403,11100,-1,-1,1,0,a9121f61,59.3,0
962,22094,22090514,11111,-1,-1,1,0,747a2a01,60.6,0
963,22105,22101618,11104,-1,-1,1,0,1ca36ecd,61.8,0
964,22116,22112729,11111,-1,-1,1,0,1ca36ecd,62.9,1
965,22217,22212711,99982,-1,-1,1,0,1ca36ecd,49.1,0
966,22227,22223831,11120,-1,-1,1,0,1ca36ecd,50.4,0
967,22238,22234929,11098,-1,-1,1,0,1ca36ecd,51.5,0
968,22250,22246054,11125,-1,-1,1,0,1ca36ecd,52.4,0
969,22261,22257148,11094,-1,-1,1,0,1ca36ecd,53.4,0
970,22272,22268265,11117,-1,-1,1,0,1ca36ecd,54.3,0
971,22283,22279369,11104,-1,-1,1,0,1ca36ecd,55.2,0
972,22294,22290476,11107,-1,-1,1,0,1ca36ecd,56.0,0
973,22305,22301586,11110,-1,-1,1,0,1ca36ecd,56.8,1
974,22405,22401705,100119,-1,-1,1,0,1ca36ecd,48.7,0
975,22416,22412685,10980,-1,-1,1,0,1ca36ecd,49.5,0
976,22427,22423789,11104,-1,-1,1,0,1ca36ecd,50.3,0
977,22438,22434893,11104,-1,-1,1,0,1ca36ecd,51.0,0
978,22449,22446010,11117,-1,-1,1,0,1ca36ecd,51.7,0
979,22461,22457112,11102,-1,-1,1,0,1ca36ecd,52.3,0
980,22472,22468225,11113,-1,-1,1,0,1ca36ecd,53.0,0
981,22483,22479336,11111,-1,-1,1,0,1ca36ecd,53.6,0
982,22494,22490443,11107,-1,-1,1,0,1ca36ecd,54.2,1
983,22594,22590427,99984,-1,-1,1,0,1ca36ecd,48.4,0
984,22605,22601541,11114,-1,-1,1,0,1ca36ecd,49.0,0
985,22616,22612643,11102,-1,-1,1,0,1ca36ecd,49.6,0
986,22627,22623759,11116,-1,-1,1,0,1ca36ecd,50.2,0
987,22638,22634862,11103,-1,-1,1,0,1ca36ecd,50.7,0
988,22649,22645974,11112,-1,-1,1,0,1ca36ecd,51.3,0
989,22661,22657081,11107,-1,-1,1,0,1ca36ecd,51.7,0
990,22716,22668190,11109,-1,-1,1,0,1ca36ecd,49.7,0
991,22720,22712691,44501,-1,-1,1,0,1ca36ecd,50.6,1
992,22831,22823716,111025,-1,-1,1,0,5f632098,46.0,0
993,22839,22834831,11115,-1,-1,1,0,5f632098,142.9,0
994,22849,22845942,11111,-1,-1,1,0,1ca36ecd,117.6,0
995,22860,22857046,11104,-1,-1,1,0,1ca36ecd,107.1,0
996,22872,22868157,11111,-1,-1,1,0,1ca36ecd,100.0,0
997,22883,22879268,11111,-1,-1,1,0,1ca36ecd,98.0,0
998,22894,22890378,11110,-1,-1,1,0,1ca36ecd,96.8,0
999,22905,22901483,11105,-1,-1,1,0,1ca36ecd,95.9,0
1000,22916,22912591,11108,-1,-1,1,0,1ca36ecd,95.2,1
1001,23016,23012575,99984,-1,-1,1,0,1ca36ecd,48.9,0
1002,23027,23023694,11119,-1,-1,1,0,1ca36ecd,51.3,0
1003,23038,23034962,11268,-1,-1,1,0,1ca36ecd,53.4,0
1004,23049,23045901,10939,-1,-1,1,0,1ca36ecd,55.3,0
1005,23061,23057015,11114,-1,-1,1,0,1ca36ecd,56.8,0
1006,23072,23068123,11108,-1,-1,1,0,1ca36ecd,58.3,0
1007,23083,23079234,11111,-1,-1,1,0,5f632098,59.8,0
1008,23094,23090338,11104,-1,-1,1,0,1ca36ecd,61.1,0
1009,23105,23101457,11119,-1,-1,1,0,1ca36ecd,62.3,1
1010,23204,23190331,88874,-1,-1,1,0,7aaeed1e,48.4,0
1011,23207,23201432,11101,-1,-1,1,0,7aaeed1e,50.7,0
1012,23216,23212544,11112,-1,-1,1,0,7aaeed1e,52.1,0
1013,23227,23223654,11110,-1,-1,1,0,7aaeed1e,53.2,0
1014,23238,23234763,11109,-1,-1,1,0,7ee4cbe1,54.2,0
1015,23249,23245888,11125,-1,-1,1,0,7ee4cbe1,55.2,0
1016,23260,23256974,11086,-1,-1,1,0,7ee4cbe1,56.1,0
1017,23272,23268086,11112,-1,-1,1,0,7ee4cbe1,56.8,0
1018,23283,23279196,11110,-1,-1,1,0,7ee4cbe1,57.6,1
1019,23383,23379181,99985,-1,-1,1,0,ac819ab5,49.0,0
1020,23394,23390293,11112,-1,-1,1,0,401b36d3,49.8,0
1021,23405,23401396,11103,-1,-1,1,0,bfb368f4,50.6,0
1022,23416,23412510,11114,-1,-1,1,0,7aaeed1e,51.4,0
1023,23427,23423618,11108,-1,-1,1,0,1ca36ecd,52.1,0
1024,23438,23434723,11105,-1,-1,1,0,1ca36ecd,52.8,0
1025,23449,23445837,11114,-1,-1,1,0,1ca36ecd,53.5,0
1026,23460,23456943,11106,-1,-1,1,0,1ca36ecd,54.1,0
1027,23471,23468055,11112,-1,-1,1,0,1ca36ecd,54.8,1
1028,23571,23556930,88875,-1,-1,1,0,1ca36ecd,48.7,0
1029,23574,23568035,11105,-1,-1,1,0,1ca36ecd,49.9,0
1030,23583,23579150,11115,-1,-1,1,0,1ca36ecd,50.6,0
1031,23594,23590256,11106,-1,-1,1,0,1ca36ecd,51.2,0
1032,23605,23601362,11106,-1,-1,1,0,1ca36ecd,51.7,0
1033,23616,23612473,11111,-1,-1,1,0,1ca36ecd,52.3,0
1034,23627,23623585,11112,-1,-1,1,0,1ca36ecd,52.8,0
1035,23638,23634690,11105,-1,-1,1,0,1ca36ecd,53.3,0
1036,23649,23645798,11108,-1,-1,1,0,1ca36ecd,53.9,1
1037,23750,23745781,99983,-1,-1,1,0,1ca36ecd,49.0,0
1038,23760,23756902,11121,-1,-1,1,0,1ca36ecd,49.6,0
1039,23771,23768002,11100,-1,-1,1,0,1ca36ecd,50.1,0
1040,23783,23779111,11109,-1,-1,1,0,1ca36ecd,50.5,0
1041,23794,23790221,11110,-1,-1,1,0,1ca36ecd,50.9,0
1042,23805,23801339,11118,-1,-1,1,0,1ca36ecd,51.4,0
1043,23816,23812435,11096,-1,-1,1,0,1ca36ecd,51.8,0
1044,23827,23823550,11115,-1,-1,1,0,1ca36ecd,52.3,0
1045,23838,23834655,11105,-1,-1,1,0,1ca36ecd,52.7,1
1046,23941,23934641,99986,-1,-1,1,0,1ca36ecd,111.1,0
1047,23949,23945756,11115,-1,-1,1,0,1ca36ecd,117.6,0
1048,23960,23956859,11103,-1,-1,1,0,1ca36ecd,107.1,0
1049,23971,23967968,11109,-1,-1,1,0,1ca36ecd,102.6,0
1050,23983,23979075,11107,-1,-1,1,0,1ca36ecd,98.0,0
1051,23994,23990186,11111,-1,-1,1,0,1ca36ecd,96.8,0
1052,24005,24001296,11110,-1,-1,1,0,1ca36ecd,95.9,0
1053,24016,24012404,11108,-1,-1,1,0,1ca36ecd,95.2,0
1054,24027,24023517,11113,-1,-1,1,0,1ca36ecd,94.7,1
1055,24135,24123496,99979,-1,-1,1,0,1ca36ecd,49.3,0
1056,24139,24134616,11120,-1,-1,1,0,1ca36ecd,53.1,0
1057,24149,24145716,11100,-1,-1,1,0,1ca36ecd,55.3,0
1058,24160,24156825,11109,-1,-1,1,0,1ca36ecd,57.0,0
1059,24171,24167931,11106,-1,-1,1,0,1ca36ecd,58.6,0
1060,24182,24179043,11112,-1,-1,1,0,1ca36ecd,60.0,0
1061,24194,24190151,11108,-1,-1,1,0,1ca36ecd,61.1,0
1062,24205,24201258,11107,-1,-1,1,0,1ca36ecd,62.3,0
1063,24216,24212371,11113,-1,-1,1,0,1ca36ecd,63.4,1
1064,24316,24312347,99976,-1,-1,1,0,1ca36ecd,49.5,0
1065,24327,24323466,11119,-1,-1,1,0,1ca36ecd,50.6,0
1066,24338,24334569,11103,-1,-1,1,0,1ca36ecd,51.7,0
1067,24349,24345679,11110,-1,-1,1,0,1ca36ecd,52.8,0
1068,24360,24356790,11111,-1,-1,1,0,1ca36ecd,53.7,0
1069,24371,24367898,11108,-1,-1,1,0,1ca36ecd,54.7,0
1070,24383,24379010,11112,-1,-1,1,0,1ca36ecd,55.4,0
1071,24394,24390119,11109,-1,-1,1,0,1ca36ecd,56.3,0
1072,24405,24401229,11110,-1,-1,1,0,1ca36ecd,57.1,1
1073,24504,24490105,88876,-1,-1,1,0,7ee4cbe1,49.0,0
1074,24508,24501208,11103,-1,-1,1,0,ac819ab5,50.3,0
1075,24516,24512322,11114,-1,-1,1,0,1f496407,51.4,0
1076,24527,24523430,11108,-1,-1,1,0,4af32f49,52.1,0
1077,24538,24534537,11107,-1,-1,1,0,5bbeaf6c,52.8,0
1078,24549,24545643,11106,-1,-1,1,0,dda6d314,53.5,0
1079,24560,24556755,11112,-1,-1,1,0,ae13eb8b,54.1,0
1080,24636,24567863,11108,-1,-1,1,0,7fff7a90,49.7,0
1081,24640,24634523,66660,-1,-1,1,0,1ca36ecd,50.8,1
1082,24741,24734499,99976,-1,-1,1,0,1ca36ecd,45.7,0
1083,24749,24745619,11120,-1,-1,1,0,1ca36ecd,46.5,0
1084,24760,24756722,11103,-1,-1,1,0,1ca36ecd,47.1,0
1085,24771,24767830,11108,-1,-1,1,0,1ca36ecd,47.7,0
1086,24782,24778935,11105,-1,-1,1,0,1ca36ecd,48.2,0
1087,24794,24790048,11113,-1,-1,1,0,1ca36ecd,48.7,0
1088,24805,24801156,11108,-1,-1,1,0,1ca36ecd,49.3,0
1089,24816,24812265,11109,-1,-1,1,0,1ca36ecd,49.8,0
1090,24827,24823373,11108,-1,-1,1,0,1ca36ecd,50.3,1
1091,24928,24923357,99984,-1,-1,1,0,1ca36ecd,46.2,0
1092,24938,24934474,11117,-1,-1,1,0,1ca36ecd,46.7,0
1093,24952,24945581,11107,-1,-1,1,0,1ca36ecd,71.4,0
1094,24960,24956690,11109,-1,-1,1,0,1ca36ecd,90.9,0
1095,24971,24967796,11106,-1,-1,1,0,1ca36ecd,90.9,0
1096,24982,24978902,11106,-1,-1,1,0,1ca36ecd,90.9,0
1097,24993,24990015,11113,-1,-1,1,0,1ca36ecd,90.9,0
1098,25005,25001123,11108,-1,-1,1,0,1ca36ecd,89.6,0
1099,25016,25012233,11110,-1,-1,1,0,1ca36ecd,89.7,1
1100,25116,25112216,99983,-1,-1,1,0,1ca36ecd,44.9,0
1101,25127,25123334,11118,-1,-1,1,0,1ca36ecd,47.6,0
1102,25140,25134440,11106,-1,-1,1,0,1ca36ecd,49.5,0
1103,25149,25145548,11108,-1,-1,1,0,1ca36ecd,52.1,0
1104,25160,25156653,11105,-1,-1,1,0,1ca36ecd,54.1,0
1105,25171,25167758,11105,-1,-1,1,0,1ca36ecd,55.8,0
1106,25182,25178868,11110,-1,-1,1,0,1ca36ecd,57.4,0
1107,25193,25189986,11118,-1,-1,1,0,1ca36ecd,58.8,0
1108,25205,25201088,11102,-1,-1,1,0,1ca36ecd,59.9,1
1109,25305,25301069,99981,-1,-1,1,0,1ca36ecd,46.3,0
1110,25316,25312187,11118,-1,-1,1,0,1ca36ecd,47.6,0
1111,25327,25323287,11100,-1,-1,1,0,1ca36ecd,48.8,0
1112,25338,25334400,11113,-1,-1,1,0,1ca36ecd,50.0,0
1113,25349,25345508,11108,-1,-1,1,0,1ca36ecd,51.1,0
1114,25360,25356621,11113,-1,-1,1,0,1ca36ecd,52.1,0
1115,25371,25367731,11110,-1,-1,1,0,1ca36ecd,53.1,0
1116,25382,25378837,11106,-1,-1,1,0,1ca36ecd,54.1,0
1117,25393,25389945,11108,-1,-1,1,0,1ca36ecd,54.9,1
1118,25495,25489933,99988,-1,-1,1,0,1ca36ecd,46.7,0
1119,25505,25501044,11111,-1,-1,1,0,1ca36ecd,47.6,0
1120,25516,25512149,11105,-1,-1,1,0,1ca36ecd,48.4,0
1121,25527,25523254,11105,-1,-1,1,0,1ca36ecd,49.2,0
1122,25538,25534365,11111,-1,-1,1,0,1ca36ecd,50.0,0
1123,25549,25545478,11113,-1,-1,1,0,1ca36ecd,50.7,0
1124,25560,25556584,11106,-1,-1,1,0,1ca36ecd,51.4,0
1125,25571,25567692,11108,-1,-1,1,0,1ca36ecd,52.1,0
1126,25582,25578803,11111,-1,-1,1,0,1ca36ecd,52.8,1
1127,25684,25678783,99980,-1,-1,1,0,1ca36ecd,46.9,0
1128,25693,25689902,11119,-1,-1,1,0,1ca36ecd,47.7,0
1129,25704,25701013,11111,-1,-1,1,1000,1ca36ecd,48.2,0
1130,25716,25712112,11099,-1,-1,1,0,1ca36ecd,48.8,0
1131,25727,25723224,11112,-1,-1,1,0,1ca36ecd,49.4,0
1132,25738,25734331,11107,-1,-1,1,0,1ca36ecd,50.0,0
1133,25749,25745446,11115,-1,-1,1,0,1ca36ecd,50.6,0
1134,25760,25756548,11102,-1,-1,1,0,1ca36ecd,51.1,0
1135,25771,25767660,11112,-1,-1,1,0,1ca36ecd,51.6,1
1136,25873,25867650,99990,-1,-1,1,0,1ca36ecd,47.1,0
1137,25882,25878755,11105,-1,-1,1,0,1ca36ecd,47.7,0
1138,25893,25889866,11111,-1,-1,1,0,1ca36ecd,48.2,0
1139,25904,25900972,11106,-1,-1,1,0,1ca36ecd,48.7,0
1140,25916,25912080,11108,-1,-1,1,0,1ca36ecd,49.1,0
1141,25927,25923186,11106,-1,-1,1,0,1ca36ecd,49.5,0
1142,25938,25934296,11110,-1,-1,1,0,1ca36ecd,50.0,0
1143,25951,25945407,11111,-1,-1,1,0,1ca36ecd,76.9,0
1144,25960,25956523,11116,-1,-1,1,0,1ca36ecd,90.9,1
1145,26060,26056495,99972,-1,-1,1,0,1ca36ecd,24.6,0
1146,26071,26067614,11119,-1,-1,1,0,1ca36ecd,30.1,0
1147,26082,26078716,11102,-1,-1,1,0,1ca36ecd,34.7,0
1148,26093,26089831,11115,-1,-1,1,0,1ca36ecd,38.7,0
1149,26104,26100933,11102,-1,-1,1,0,1ca36ecd,42.2,0
1150,26116,26112044,11111,-1,-1,1,0,1ca36ecd,44.9,0
1151,26127,26123154,11110,-1,-1,1,0,1ca36ecd,47.6,0
1152,26140,26134266,11112,-1,-1,1,0,1ca36ecd,49.5,0
1153,26149,26145377,11111,-1,-1,1,0,1ca36ecd,52.1,1
1154,26250,26245353,99976,-1,-1,1,0,1ca36ecd,38.5,0
1155,26260,26256475,11122,-1,-1,1,0,1ca36ecd,40.4,0
1156,26271,26267570,11095,-1,-1,1,0,1ca36ecd,42.0,0
1157,26282,26278681,11111,-1,-1,1,0,1ca36ecd,43.6,0
1158,26293,26289795,11114,-1,-1,1,0,1ca36ecd,45.1,0
1159,26304,26300901,11106,-1,-1,1,0,1ca36ecd,46.4,0
1160,26315,26312013,11112,-1,-1,1,0,1ca36ecd,47.7,0
1161,26327,26323116,11103,-1,-1,1,0,1ca36ecd,48.8,0
1162,26338,26334225,11109,-1,-1,1,0,1ca36ecd,50.0,1
1163,26437,26423105,88880,-1,-1,1,0,1ca36ecd,42.1,0
1164,26440,26434209,11104,-1,-1,1,0,1ca36ecd,43.8,0
1165,26449,26445323,11114,-1,-1,1,0,1ca36ecd,45.0,0
1166,26460,26456427,11104,-1,-1,1,0,1ca36ecd,46.0,0
1167,26471,26467533,11106,-1,-1,1,0,1ca36ecd,46.9,0
1168,26482,26478647,11114,-1,-1,1,0,1ca36ecd,47.8,0
1169,26493,26489759,11112,-1,-1,1,0,1ca36ecd,48.6,0
1170,26552,26500863,11104,-1,-1,1,0,1ca36ecd,45.6,0
1171,26558,26545309,44446,-1,-1,1,0,1ca36ecd,46.8,1
1172,26651,26645286,99977,-1,-1,1,0,1ca36ecd,42.1,0
1173,26660,26656402,11116,-1,-1,1,0,1ca36ecd,42.9,0
1174,26671,26667505,11103,-1,-1,1,0,1ca36ecd,43.7,0
1175,26682,26678610,11105,-1,-1,1,0,1ca36ecd,44.4,0
1176,26693,26689726,11116,-1,-1,1,0,1ca36ecd,45.0,0
1177,26704,26700837,11111,-1,-1,1,0,1ca36ecd,45.7,0
1178,26715,26711942,11105,-1,-1,1,0,1ca36ecd,46.3,0
1179,26727,26723047,11105,-1,-1,1,0,1ca36ecd,46.9,0
1180,26738,26734157,11110,-1,-1,1,0,1ca36ecd,47.5,1
1181,26841,26834137,99980,-1,-1,1,0,1ca36ecd,43.2,0
1182,26849,26845257,11120,-1,-1,1,0,1ca36ecd,43.9,0
1183,26860,26856363,11106,-1,-1,1,0,1ca36ecd,44.5,0
1184,26871,26867468,11105,-1,-1,1,0,1ca36ecd,45.0,0
1185,26882,26878582,11114,-1,-1,1,0,1ca36ecd,45.6,0
1186,26893,26889692,11110,-1,-1,1,0,1ca36ecd,46.1,0
1187,26904,26900805,11113,-1,-1,1,0,1ca36ecd,46.6,0
1188,26915,26911905,11100,-1,-1,1,0,1ca36ecd,47.1,0
1189,26926,26923014,11109,-1,-1,1,0,1ca36ecd,47.6,1
1190,27037,27023000,99986,-1,-1,1,0,1ca36ecd,100.0,0
1191,27040,27034238,11238,-1,-1,1,0,1ca36ecd,153.8,0
1192,27049,27045221,10983,-1,-1,1,0,1ca36ecd,136.4,0
1193,27060,27056335,11114,-1,-1,1,0,1ca36ecd,121.2,0
1194,27071,27067434,11099,-1,-1,1,0,1ca36ecd,113.6,0
1195,27082,27078540,11106,-1,-1,1,0,1ca36ecd,109.1,0
1196,27093,27089656,11116,-1,-1,1,0,1ca36ecd,106.1,0
1197,27104,27100771,11115,-1,-1,1,0,1ca36ecd,103.9,0
1198,27115,27111874,11103,-1,-1,1,0,1ca36ecd,102.3,1
1199,27227,27211857,99983,-1,-1,1,0,1ca36ecd,50.0,0
1200,27230,27222975,11118,-1,-1,1,0,1ca36ecd,54.2,0
1201,27238,27234079,11104,-1,-1,1,0,1ca36ecd,56.9,0
1202,27249,27245183,11104,-1,-1,1,0,1ca36ecd,58.6,0
1203,27260,27256293,11110,-1,-1,1,0,1ca36ecd,60.1,0
1204,27271,27267401,11108,-1,-1,1,0,1ca36ecd,61.5,0
1205,27282,27278511,11110,-1,-1,1,0,1ca36ecd,62.7,0
1206,27293,27289625,11114,-1,-1,1,0,1ca36ecd,63.9,0
1207,27304,27300729,11104,-1,-1,1,0,1ca36ecd,65.0,1
1208,27408,27400710,99981,-1,-1,1,0,1ca36ecd,49.9,0
1209,27415,27411829,11119,-1,-1,1,0,1ca36ecd,51.5,0
1210,27426,27422932,11103,-1,-1,1,0,1ca36ecd,52.6,0
1211,27438,27434034,11102,-1,-1,1,0,1ca36ecd,53.5,0
1212,27449,27445148,11114,-1,-1,1,0,1ca36ecd,54.5,0
1213,27460,27456260,11112,-1,-1,1,0,1ca36ecd,55.4,0
1214,27471,27467366,11106,-1,-1,1,0,1ca36ecd,56.3,0
1215,27482,27478476,11110,-1,-1,1,0,1ca36ecd,57.1,0
1216,27493,27489589,11113,-1,-1,1,0,1ca36ecd,57.9,1
1217,27596,27589569,99980,-1,-1,1,0,1ca36ecd,49.2,0
1218,27604,27600683,11114,-1,-1,1,0,1ca36ecd,50.3,0
1219,27615,27611783,11100,-1,-1,1,0,1ca36ecd,51.0,0
1220,27626,27622895,11112,-1,-1,1,0,1ca36ecd,51.8,0
1221,27637,27634005,11110,-1,-1,1,0,1ca36ecd,52.5,0
1222,27649,27645114,11109,-1,-1,1,0,1ca36ecd,53.1,0
1223,27660,27656224,11110,-1,-1,1,0,1ca36ecd,53.7,0
1224,27671,27667331,11107,-1,-1,1,0,1ca36ecd,54.3,0
1225,27682,27678444,11113,-1,-1,1,0,1ca36ecd,55.0,1
1226,27785,27778425,99981,-1,-1,1,0,1ca36ecd,48.8,0
1227,27793,27789540,11115,-1,-1,1,0,1ca36ecd,49.6,0
1228,27804,27800644,11104,-1,-1,1,0,1ca36ecd,50.2,0
1229,27815,27811752,11108,-1,-1,1,0,1ca36ecd,50.8,0
1230,27826,27822871,11119,-1,-1,1,0,1ca36ecd,51.3,0
1231,27837,27833972,11101,-1,-1,1,0,1ca36ecd,51.9,0
1232,27849,27845080,11108,-1,-1,1,0,1ca36ecd,52.3,0
1233,27860,27856190,11110,-1,-1,1,0,1ca36ecd,52.8,0
1234,27871,27867298,11108,-1,-1,1,0,1ca36ecd,53.3,1
1235,27972,27967279,99981,-1,-1,1,0,1ca36ecd,48.7,0
1236,27982,27978398,11119,-1,-1,1,0,1ca36ecd,49.2,0
1237,27993,27989499,11101,-1,-1,1,0,1ca36ecd,49.7,0
1238,28004,28000611,11112,-1,-1,1,0,1ca36ecd,50.2,0
1239,28015,28011715,11104,-1,-1,1,0,1ca36ecd,50.6,0
1240,28026,28022829,11114,-1,-1,1,0,1ca36ecd,51.1,0
1241,28040,28033943,11114,-1,-1,1,0,1ca36ecd,76.9,0
1242,28048,28045059,11116,-1,-1,1,0,1ca36ecd,95.2,0
1243,28060,28056155,11096,-1,-1,1,0,1ca36ecd,90.9,1
1244,28162,28156136,99981,-1,-1,1,0,1ca36ecd,29.6,0
1245,28171,28167254,11118,-1,-1,1,0,1ca36ecd,34.7,0
1246,28182,28178356,11102,-1,-1,1,0,1ca36ecd,38.7,0
1247,28193,28189463,11107,-1,-1,1,0,1ca36ecd,42.2,0
1248,28204,28200573,11110,-1,-1,1,0,1ca36ecd,45.2,0
1249,28215,28211686,11113,-1,-1,1,0,1ca36ecd,47.9,0
1250,28229,28222797,11111,-1,-1,1,0,1ca36ecd,49.5,0
1251,28237,28233908,11111,-1,-1,1,0,1ca36ecd,52.4,0
1252,28249,28245012,11104,-1,-1,1,0,1ca36ecd,54.1,1
1253,28352,28344993,99981,-1,-1,1,0,1ca36ecd,40.0,0
1254,28360,28356110,11117,-1,-1,1,0,1ca36ecd,42.0,0
1255,28371,28367210,11100,-1,-1,1,0,1ca36ecd,43.6,0
1256,28382,28378319,11109,-1,-1,1,0,1ca36ecd,45.1,0
1257,28393,28389428,11109,-1,-1,1,0,1ca36ecd,46.4,0
1258,28404,28400542,11114,-1,-1,1,0,1ca36ecd,47.7,0
1259,28415,28411648,11106,-1,-1,1,0,1ca36ecd,49.0,0
1260,28477,28422755,11107,-1,-1,1,0,1ca36ecd,44.4,0
1261,28482,28478311,55556,-1,-1,1,0,1ca36ecd,46.2,1
1262,28581,28567178,88867,-1,-1,1,0,1ca36ecd,39.7,0
1263,28584,28578293,11115,-1,-1,1,0,1ca36ecd,41.3,0
1264,28593,28589405,11112,-1,-1,1,0,5f632098,42.4,0
1265,28604,28600505,11100,-1,-1,1,0,7aaeed1e,43.3,0
1266,28615,28611612,11107,-1,-1,1,0,bfb368f4,44.2,0
1267,28626,28622723,11111,-1,-1,1,0,dcdfcf9a,45.1,0
1268,28637,28633831,11108,-1,-1,1,0,ac819ab5,45.9,0
1269,28648,28644940,11109,-1,-1,1,0,7fff7a90,46.7,0
1270,28659,28656052,11112,-1,-1,1,0,1f496407,47.5,1
1271,28763,28756035,99983,-1,-1,1,0,030b4ae4,42.1,0
1272,28771,28767148,11113,-1,-1,1,0,df751c01,43.0,0
1273,28782,28778255,11107,-1,-1,1,0,3fe1db66,43.7,0
1274,28793,28789362,11107,-1,-1,1,0,99ac862b,44.4,0
1275,28804,28800470,11108,-1,-1,1,0,7bdeaf85,45.0,0
1276,28815,28811580,11110,-1,-1,1,0,a253b9b5,45.7,0
1277,28826,28822690,11110,-1,-1,1,0,9c2ef2a4,46.3,0
1278,28837,28833801,11111,-1,-1,1,0,da0fee42,46.9,0
1279,28848,28844909,11108,-1,-1,1,0,e755b923,47.5,1
1280,28952,28944893,99984,-1,-1,1,0,9ac11687,43.2,0
1281,28960,28956005,11112,-1,-1,1,0,2a960652,43.9,0
1282,28971,28967111,11106,-1,-1,1,0,5b26f8fb,44.5,0
1283,28982,28978222,11111,-1,-1,1,0,5bbeaf6c,45.0,0
1284,28993,28989325,11103,-1,-1,1,0,5bbeaf6c,45.5,0
1285,29004,29000438,11113,-1,-1,1,0,4af32f49,46.1,0
1286,29015,29011545,11107,-1,-1,1,0,a74a1756,46.6,0
1287,29026,29022657,11112,-1,-1,1,0,a74a1756,47.0,0
1288,29037,29033766,11109,-1,-1,1,0,1f496407,47.5,1
1289,29159,29144860,111094,-1,-1,1,0,7aaeed1e,100.0,0
1290,29162,29155977,11117,-1,-1,1,0,26cc995f,153.8,0
1291,29171,29167079,11102,-1,-1,1,0,26cc995f,136.4,0
1292,29182,29178184,11105,-1,-1,1,0,26cc995f,121.2,0
1293,29193,29189293,11109,-1,-1,1,0,26cc995f,113.6,0
1294,29204,29200405,11112,-1,-1,1,0,26cc995f,109.1,0
1295,29215,29211511,11106,-1,-1,1,0,26cc995f,106.1,0
1296,29226,29222621,11110,-1,-1,1,0,26cc995f,103.9,0
1297,29246,29233731,11110,-1,-1,1,0,5f632098,92.8,1
1298,29347,29333710,99979,-1,-1,1,0,1ca36ecd,50.5,0
1299,29350,29344822,11112,-1,-1,1,0,1ca36ecd,54.7,0
1300,29359,29355934,11112,-1,-1,1,0,1ca36ecd,57.1,0
1301,29371,29367042,11108,-1,-1,1,0,1ca36ecd,58.6,0
1302,29382,29378149,11107,-1,-1,1,0,1ca36ecd,60.1,0
1303,29393,29389259,11110,-1,-1,1,0,1ca36ecd,61.5,0
1304,29404,29400369,11110,-1,-1,1,0,1ca36ecd,62.7,0
1305,29415,29411480,11111,-1,-1,1,0,1ca36ecd,63.9,0
1306,29426,29422588,11108,-1,-1,1,0,1ca36ecd,65.0,1
1307,29529,29522565,99977,-1,-1,1,0,1ca36ecd,50.0,0
1308,29537,29533685,11120,-1,-1,1,0,26cc995f,51.5,0
1309,29548,29544793,11108,-1,-1,1,0,7aaeed1e,52.6,0
1310,29559,29555897,11104,-1,-1,1,0,7ee4cbe1,53.7,0
1311,29570,29567004,11107,-1,-1,1,0,7ee4cbe1,54.6,0
1312,29582,29578115,11111,-1,-1,1,0,bfb368f4,55.4,0
1313,29593,29589225,11110,-1,-1,1,0,bfb368f4,56.3,0
1314,29604,29600334,11109,-1,-1,1,0,401b36d3,57.1,0
1315,29615,29611443,11109,-1,-1,1,0,bfb368f4,57.9,1
1316,29718,29711422,99979,-1,-1,1,0,ac819ab5,49.2,0
1317,29726,29722541,11119,-1,-1,1,0,ac819ab5,50.3,0
1318,29737,29733644,11103,-1,-1,1,0,7fff7a90,51.0,0
1319,29748,29744752,11108,-1,-1,1,0,ac819ab5,51.8,0
1320,29759,29755862,11110,-1,-1,1,0,ac819ab5,52.5,0
1321,29770,29766973,11111,-1,-1,1,0,ac819ab5,53.1,0
1322,29782,29778082,11109,-1,-1,1,0,ac819ab5,53.7,0
1323,29793,29789194,11112,-1,-1,1,0,ac819ab5,54.3,0
1324,29804,29800298,11104,-1,-1,1,0,7fff7a90,55.0,1
1325,29909,29900285,99987,-1,-1,1,0,a74a1756,48.7,0
1326,29915,29911401,11116,-1,-1,1,0,a74a1756,49.6,0
1327,29926,29922499,11098,-1,-1,1,0,a74a1756,50.2,0
1328,29937,29933609,11110,-1,-1,1,0,4af32f49,50.8,0
1329,29948,29944721,11112,-1,-1,1,0,4af32f49,51.3,0
1330,29959,29955827,11106,-1,-1,1,0,4af32f49,51.9,0
1331,29970,29966936,11109,-1,-1,1,0,4af32f49,52.4,0
1332,29982,29978046,11110,-1,-1,1,0,5bbeaf6c,52.8,0
1333,29993,29989158,11112,-1,-1,1,0,4af32f49,53.3,1
1334,30093,30089139,99981,-1,-1,1,0,0a188b7e,48.7,0
1335,30104,30100253,11114,-1,-1,1,0,7060de0b,49.2,0
1336,30115,30111355,11102,-1,-1,1,0,e9622cf6,49.7,0
1337,30126,30122469,11114,-1,-1,1,0,30196fc5,50.2,0
1338,30137,30133576,11107,-1,-1,1,0,0c9f2f87,50.6,0
1339,30148,30144684,11108,-1,-1,1,0,46e2d5d4,51.1,0
1340,30159,30155795,11111,-1,-1,1,0,eb486f6d,51.5,0
1341,30172,30166904,11109,-1,-1,1,0,260c2f10,83.3,0
1342,30181,30178020,11116,-1,-1,1,0,8a0a7fef,95.2,1
1343,30290,30277994,99974,-1,-1,1,0,a3c20adb,23.1,0
1344,30294,30289119,11125,-1,-1,1,0,a3c20adb,29.9,0
1345,30304,30300216,11097,-1,-1,1,0,a3c20adb,34.7,0
1346,30315,30311320,11104,-1,-1,1,0,a3c20adb,38.7,0
1347,30326,30322427,11107,-1,-1,1,0,a3c20adb,42.2,0
1348,30337,30333540,11113,-1,-1,1,0,a698068a,45.2,0
1349,30348,30344651,11111,-1,-1,1,0,a3c20adb,47.9,0
1350,30413,30355763,11112,-1,-1,1,0,46e2d5d4,39.5,0
1351,30416,30411309,55546,-1,-1,1,0,5d904b92,43.0,1
1352,30515,30500177,88868,-1,-1,1,0,87c7a884,33.8,0
1353,30518,30511291,11114,-1,-1,1,0,16eb6e4a,36.3,0
1354,30526,30522402,11111,-1,-1,1,0,3fb81b0e,38.3,0
1355,30537,30533507,11105,-1,-1,1,0,230590f6,39.8,0
1356,30548,30544616,11109,-1,-1,1,0,ee25441f,41.2,0
1357,30559,30555727,11111,-1,-1,1,0,06ff94df,42.6,0
1358,30570,30566835,11108,-1,-1,1,0,85d40846,43.9,0
1359,30581,30577947,11112,-1,-1,1,0,63d2d680,45.1,0
1360,30592,30589052,11105,-1,-1,1,0,c61b78b7,46.3,1
1361,30696,30689035,99983,-1,-1,1,0,1f496407,39.2,0
1362,30704,30700150,11115,-1,-1,1,0,7fff7a90,40.4,0
1363,30715,30711256,11106,-1,-1,1,0,7fff7a90,41.4,0
1364,30726,30722363,11107,-1,-1,1,0,7fff7a90,42.4,0
1365,30737,30733473,11110,-1,-1,1,0,ac819ab5,43.3,0
1366,30748,30744582,11109,-1,-1,1,0,ac819ab5,44.2,0
1367,30759,30755690,11108,-1,-1,1,0,7fff7a90,45.1,0
1368,30770,30766798,11108,-1,-1,1,0,7fff7a90,45.9,0
1369,30781,30777909,11111,-1,-1,1,0,7fff7a90,46.7,1
1370,30883,30877892,99983,-1,-1,1,0,a74a1756,41.5,0
1371,30892,30889011,11119,-1,-1,1,0,d7d65fe8,42.3,0
1372,30904,30900109,11098,-1,-1,1,0,b9a83e35,43.0,0
1373,30915,30911223,11114,-1,-1,1,0,81b1391b,43.7,0
1374,30926,30922330,11107,-1,-1,1,0,e755b923,44.4,0
1375,30937,30933442,11112,-1,-1,1,0,0a188b7e,45.0,0
1376,30948,30944550,11108,-1,-1,1,0,6a95091d,45.7,0
1377,30959,30955659,11109,-1,-1,1,0,2537c81f,46.3,0
1378,30970,30966768,11109,-1,-1,1,0,e9622cf6,46.9,1
1379,31074,31066749,99981,-1,-1,1,0,1ca36ecd,42.7,0
1380,31081,31077863,11114,-1,-1,1,0,1ca36ecd,43.4,0
1381,31093,31088973,11110,-1,-1,1,0,1ca36ecd,43.9,0
1382,31104,31100076,11103,-1,-1,1,0,1ca36ecd,44.5,0
1383,31115,31111188,11112,-1,-1,1,0,1ca36ecd,45.0,0
1384,31126,31122293,11105,-1,-1,1,0,1ca36ecd,45.5,0
1385,31137,31133404,11111,-1,-1,1,0,1ca36ecd,46.1,0
1386,31148,31144514,11110,-1,-1,1,0,1ca36ecd,46.6,0
1387,31159,31155622,11108,-1,-1,1,0,1ca36ecd,47.0,1
1388,31270,31255599,99977,-1,-1,1,0,1ca36ecd,90.9,0
1389,31273,31266798,11199,-1,-1,1,0,1ca36ecd,142.9,0
1390,31281,31277826,11028,-1,-1,1,0,1ca36ecd,136.4,0
1391,31295,31288938,11112,-1,-1,1,0,1ca36ecd,111.1,0
1392,31303,31300046,11108,-1,-1,1,0,1ca36ecd,113.6,0
1393,31315,31311153,11107,-1,-1,1,0,1ca36ecd,107.1,0
1394,31326,31322264,11111,-1,-1,1,0,1ca36ecd,104.5,0
1395,31337,31333371,11107,-1,-1,1,0,1ca36ecd,102.6,0
1396,31348,31344475,11104,-1,-1,1,0,1ca36ecd,101.1,1
1397,31453,31444463,99988,-1,-1,1,0,1ca36ecd,51.5,0
1398,31459,31455579,11116,-1,-1,1,0,1ca36ecd,55.0,0
1399,31470,31466681,11102,-1,-1,1,0,1ca36ecd,56.9,0
1400,31481,31477791,11110,-1,-1,1,0,1ca36ecd,58.6,0
1401,31492,31488902,11111,-1,-1,1,0,1ca36ecd,60.1,0
1402,31503,31500009,11107,-1,-1,1,0,1ca36ecd,61.5,0
1403,31515,31511120,11111,-1,-1,1,0,1ca36ecd,62.5,0
1404,31526,31522229,11109,-1,-1,1,0,1ca36ecd,63.7,0
1405,31537,31533336,11107,-1,-1,1,0,1ca36ecd,64.7,1
1406,31640,31633316,99980,-1,-1,1,0,1ca36ecd,49.9,0
1407,31648,31644432,11116,-1,-1,1,0,1ca36ecd,51.4,0
1408,31659,31655539,11107,-1,-1,1,0,1ca36ecd,52.5,0
1409,31670,31666645,11106,-1,-1,1,0,1ca36ecd,53.5,0
1410,31681,31677755,11110,-1,-1,1,0,1ca36ecd,54.5,0
1411,31692,31688862,11107,-1,-1,1,0,1ca36ecd,55.4,0
1412,31703,31699974,11112,-1,-1,1,0,1ca36ecd,56.3,0
1413,31715,31711089,11115,-1,-1,1,0,1ca36ecd,57.0,0
1414,31726,31722196,11107,-1,-1,1,0,1ca36ecd,57.8,1
1415,31829,31822180,99984,-1,-1,1,0,1ca36ecd,49.1,0
1416,31837,31833291,11111,-1,-1,1,0,1ca36ecd,50.2,0
1417,31848,31844404,11113,-1,-1,1,0,1ca36ecd,50.9,0
1418,31859,31855509,11105,-1,-1,1,0,1ca36ecd,51.7,0
1419,31870,31866613,11104,-1,-1,1,0,1ca36ecd,52.4,0
1420,31881,31877718,11105,-1,-1,1,0,1ca36ecd,53.1,0
1421,31892,31888831,11113,-1,-1,1,0,1ca36ecd,53.7,0
1422,31903,31899942,11111,-1,-1,1,0,1ca36ecd,54.3,0
1423,31914,31911056,11114,-1,-1,1,0,1ca36ecd,55.0,1
1424,32015,32011027,99971,-1,-1,1,0,1ca36ecd,48.9,0
1425,32026,32022145,11118,-1,-1,1,0,1ca36ecd,49.5,0
1426,32037,32033255,11110,-1,-1,1,0,1ca36ecd,50.1,0
1427,32048,32044362,11107,-1,-1,1,0,1ca36ecd,50.7,0
1428,32059,32055466,11104,-1,-1,1,0,1ca36ecd,51.2,0
1429,32070,32066581,11115,-1,-1,1,0,1ca36ecd,51.8,0
1430,32081,32077685,11104,-1,-1,1,0,1ca36ecd,52.3,0
1431,32092,32088800,11115,-1,-1,1,0,1ca36ecd,52.8,0
1432,32103,32099905,11105,-1,-1,1,0,1ca36ecd,53.3,1
1433,32210,32199889,99984,-1,-1,1,0,1ca36ecd,48.4,0
1434,32215,32211006,11117,-1,-1,1,0,1ca36ecd,49.2,0
1435,32226,32222107,11101,-1,-1,1,0,1ca36ecd,49.6,0
1436,32237,32233212,11105,-1,-1,1,0,1ca36ecd,50.1,0
1437,32248,32244335,11123,-1,-1,1,0,1ca36ecd,50.6,0
1438,32260,32255436,11101,-1,-1,1,0,1ca36ecd,50.9,0
1439,32273,32266556,11120,-1,-1,1,0,1ca36ecd,83.3,0
1440,32332,32277658,11102,-1,-1,1,0,1ca36ecd,28.2,0
1441,32341,32333207,55549,-1,-1,1,0,1ca36ecd,37.5,1
1442,32440,32433178,99971,-1,-1,1,0,895c14c8,22.3,0
1443,32448,32444298,11120,-1,-1,1,0,55cafedf,26.7,0
1444,32459,32455402,11104,-1,-1,1,0,f265b403,30.3,0
1445,32470,32466511,11109,-1,-1,1,0,0ed3a53c,33.5,0
1446,32481,32477621,11110,-1,-1,1,0,f5b81bce,36.4,0
1447,32492,32488730,11109,-1,-1,1,0,15547a84,39.0,0
1448,32503,32499837,11107,-1,-1,1,0,15547a84,41.3,0
1449,32515,32510947,11110,-1,-1,1,0,107418e3,43.3,0
1450,32525,32522057,11110,-1,-1,1,0,5256c27f,45.3,1
1451,32629,32622039,99982,-1,-1,1,0,107418e3,35.3,0
1452,32637,32633153,11114,-1,-1,1,0,1ca36ecd,37.2,0
1453,32648,32644258,11105,-1,-1,1,0,a8408827,38.8,0
1454,32659,32655364,11106,-1,-1,1,0,49b390c1,40.2,0
1455,32670,32666476,11112,-1,-1,1,0,e95cd588,41.6,0
1456,32681,32677582,11106,-1,-1,1,0,e81f8c9c,42.9,0
1457,32692,32688695,11113,-1,-1,1,0,7ef550a2,44.1,0
1458,32703,32699804,11109,-1,-1,1,0,d2fac5a1,45.2,0
1459,32714,32710913,11109,-1,-1,1,0,f33215ba,46.4,1
1460,32837,32833108,122195,-1,-1,1,0,4b4ac8c1,38.2,0
1461,32848,32844229,11121,-1,-1,1,0,db010ff7,39.2,0
1462,32859,32855330,11101,-1,-1,1,0,1323ccf8,40.1,0
1463,32870,32866442,11112,-1,-1,1,0,50d0d2be,41.1,0
1464,32881,32877549,11107,-1,-1,1,0,9dcc5f8c,41.9,0
1465,32892,32888661,11112,-1,-1,1,0,047541c1,42.8,0
1466,32903,32899767,11106,-1,-1,1,0,4cb04204,43.6,0
1467,32914,32910879,11112,-1,-1,1,0,bd380d7f,44.4,0
1468,32925,32921990,11111,-1,-1,1,0,757c2c66,45.2,1
1469,33029,33021966,99976,-1,-1,1,0,1ca36ecd,40.4,0
1470,33037,33033085,11119,-1,-1,1,0,1ca36ecd,41.2,0
1471,33048,33044188,11103,-1,-1,1,0,1ca36ecd,41.9,0
1472,33059,33055296,11108,-1,-1,1,0,1ca36ecd,42.6,0
1473,33070,33066410,11114,-1,-1,1,0,1ca36ecd,43.3,0
1474,33081,33077515,11105,-1,-1,1,0,1ca36ecd,43.9,0
1475,33092,33088625,11110,-1,-1,1,0,1ca36ecd,44.5,0
1476,33103,33099738,11113,-1,-1,1,0,1ca36ecd,45.1,0
1477,33114,33110841,11103,-1,-1,1,0,1ca36ecd,45.7,1
1478,33218,33210825,99984,-1,-1,1,0,1ca36ecd,41.8,0
1479,33225,33221941,11116,-1,-1,1,0,1ca36ecd,42.5,0
1480,33236,33233042,11101,-1,-1,1,0,1ca36ecd,43.1,0
1481,33248,33244156,11114,-1,-1,1,0,1ca36ecd,43.6,0
1482,33259,33255259,11103,-1,-1,1,0,1ca36ecd,44.1,0
1483,33270,33266371,11112,-1,-1,1,0,1ca36ecd,44.6,0
1484,33283,33277487,11116,-1,-1,1,0,1ca36ecd,76.9,0
1485,33292,33288597,11110,-1,-1,1,0,1ca36ecd,90.9,0
1486,33303,33299701,11104,-1,-1,1,0,1ca36ecd,90.9,1
1487,33415,33410797,111096,-1,-1,1,0,1ca36ecd,27.6,0
1488,33425,33421908,11111,-1,-1,1,0,1ca36ecd,32.3,0
1489,33436,33433009,11101,-1,-1,1,0,1ca36ecd,36.1,0
1490,33448,33444119,11110,-1,-1,1,0,1ca36ecd,39.3,0
1491,33459,33455227,11108,-1,-1,1,0,1ca36ecd,42.3,0
1492,33470,33466337,11110,-1,-1,1,0,1ca36ecd,45.0,0
1493,33481,33477445,11108,-1,-1,1,0,1ca36ecd,47.4,0
1494,33492,33488557,11112,-1,-1,1,0,1ca36ecd,49.5,0
1495,33503,33499665,11108,-1,-1,1,0,1ca36ecd,51.5,1
1496,33606,33599652,99987,-1,-1,1,0,1ca36ecd,38.7,0
1497,33614,33610763,11111,-1,-1,1,0,1ca36ecd,40.7,0
1498,33625,33621864,11101,-1,-1,1,0,1ca36ecd,42.3,0
1499,33636,33632985,11121,-1,-1,1,0,1ca36ecd,43.6,0
1500,33648,33644086,11101,-1,-1,1,0,1ca36ecd,45.0,0
1501,33659,33655194,11108,-1,-1,1,0,1ca36ecd,46.3,0
1502,33670,33666309,11115,-1,-1,1,0,1ca36ecd,47.5,0
1503,33681,33677412,11103,-1,-1,1,0,1ca36ecd,48.7,0
1504,33692,33688524,11112,-1,-1,1,0,1ca36ecd,49.8,1
1505,33795,33788504,99980,-1,-1,1,0,1ca36ecd,41.9,0
1506,33803,33799622,11118,-1,-1,1,0,1ca36ecd,43.2,0
1507,33814,33810729,11107,-1,-1,1,0,1ca36ecd,44.1,0
1508,33825,33821833,11104,-1,-1,1,0,1ca36ecd,45.0,0
1509,33836,33832943,11110,-1,-1,1,0,1ca36ecd,45.9,0
1510,33848,33844050,11107,-1,-1,1,0,1ca36ecd,46.7,0
1511,33859,33855168,11118,-1,-1,1,0,1ca36ecd,47.5,0
1512,33870,33866270,11102,-1,-1,1,0,1ca36ecd,48.3,0
1513,33881,33877377,11107,-1,-1,1,0,1ca36ecd,49.1,1
1514,33984,33977361,99984,-1,-1,1,0,1ca36ecd,43.4,0
1515,33992,33988478,11117,-1,-1,1,0,1ca36ecd,44.3,0
1516,34003,33999581,11103,-1,-1,1,0,1ca36ecd,45.0,0
1517,34014,34010692,11111,-1,-1,1,0,1ca36ecd,45.7,0
1518,34025,34021802,11110,-1,-1,1,0,1ca36ecd,46.4,0
1519,34036,34032914,11112,-1,-1,1,0,1ca36ecd,47.0,0
1520,34047,34044016,11102,-1,-1,1,0,1ca36ecd,47.6,0
1521,34059,34055126,11110,-1,-1,1,0,1ca36ecd,48.2,0
1522,34070,34066232,11106,-1,-1,1,0,1ca36ecd,48.8,1
1523,34173,34166218,99986,-1,-1,1,0,1ca36ecd,44.3,0
1524,34181,34177334,11116,-1,-1,1,0,1ca36ecd,45.0,0
1525,34192,34188435,11101,-1,-1,1,0,1ca36ecd,45.6,0
1526,34203,34199551,11116,-1,-1,1,0,1ca36ecd,46.1,0
1527,34214,34210657,11106,-1,-1,1,0,1ca36ecd,46.6,0
1528,34225,34221768,11111,-1,-1,1,0,1ca36ecd,47.1,0
1529,34236,34232874,11106,-1,-1,1,0,1ca36ecd,47.6,0
1530,34315,34243991,11117,-1,-1,1,0,1ca36ecd,45.0,0
1531,34323,34310645,66654,-1,-1,1,0,1ca36ecd,142.9,1
1532,34429,34421744,111099,-1,-1,1,0,1ca36ecd,17.7,0
1533,34436,34432845,11101,-1,-1,1,0,1ca36ecd,25.0,0
1534,34447,34443947,11102,-1,-1,1,0,1ca36ecd,30.5,0
1535,34458,34455053,11106,-1,-1,1,0,1ca36ecd,35.2,0
1536,34470,34466164,11111,-1,-1,1,0,1ca36ecd,39.0,0
1537,34481,34477278,11114,-1,-1,1,0,1ca36ecd,42.4,0
1538,34492,34488396,11118,-1,-1,1,0,1ca36ecd,45.5,0
1539,34503,34499494,11098,-1,-1,1,0,1ca36ecd,48.1,0
1540,34514,34510607,11113,-1,-1,1,0,1ca36ecd,50.5,1
1541,34618,34610587,99980,-1,-1,1,0,1ca36ecd,36.4,0
1542,34625,34621702,11115,-1,-1,1,0,1ca36ecd,38.8,0
1543,34636,34632802,11100,-1,-1,1,0,1ca36ecd,40.6,0
1544,34647,34643915,11113,-1,-1,1,0,1ca36ecd,42.3,0
1545,34658,34655031,11116,-1,-1,1,0,1ca36ecd,43.9,0
1546,34670,34666131,11100,-1,-1,1,0,1ca36ecd,45.2,0
1547,34681,34677237,11106,-1,-1,1,0,1ca36ecd,46.6,0
1548,34692,34688352,11115,-1,-1,1,0,1ca36ecd,47.9,0
1549,34703,34699465,11113,-1,-1,1,0,1ca36ecd,49.1,1
1550,34806,34799442,99977,-1,-1,1,0,1ca36ecd,40.8,0
1551,34814,34810560,11118,-1,-1,1,0,1ca36ecd,42.2,0
1552,34825,34821662,11102,-1,-1,1,0,1ca36ecd,43.2,0
1553,34836,34832772,11110,-1,-1,1,0,1ca36ecd,44.2,0
1554,34847,34843903,11131,-1,-1,1,0,1ca36ecd,45.2,0
1555,34858,34854990,11087,-1,-1,1,0,1ca36ecd,46.1,0
1556,34870,34866101,11111,-1,-1,1,0,1ca36ecd,46.9,0
1557,34881,34877203,11102,-1,-1,1,0,1ca36ecd,47.8,0
1558,34892,34888322,11119,-1,-1,1,0,1ca36ecd,48.6,1
1559,34995,34988294,99972,-1,-1,1,0,1ca36ecd,42.7,0
1560,35003,34999418,11124,-1,-1,1,0,1ca36ecd,43.7,0
1561,35014,35010518,11100,-1,-1,1,0,1ca36ecd,44.4,0
1562,35025,35021626,11108,-1,-1,1,0,1ca36ecd,45.1,0
1563,35036,35032735,11109,-1,-1,1,0,1ca36ecd,45.8,0
1564,35047,35043851,11116,-1,-1,1,0,1ca36ecd,46.5,0
1565,35058,35054956,11105,-1,-1,1,0,1ca36ecd,47.2,0
1566,35069,35066062,11106,-1,-1,1,1000,1ca36ecd,47.7,0
1567,35081,35077171,11109,-1,-1,1,0,1ca36ecd,48.4,1
1568,35184,35177155,99984,-1,-1,1,0,1ca36ecd,43.8,0
1569,35192,35188268,11113,-1,-1,1,0,1ca36ecd,44.5,0
1570,35203,35199375,11107,-1,-1,1,0,1ca36ecd,45.1,0
1571,35214,35210481,11106,-1,-1,1,0,1ca36ecd,45.7,0
1572,35225,35221594,11113,-1,-1,1,0,1ca36ecd,46.2,0
1573,35236,35232701,11107,-1,-1,1,0,1ca36ecd,46.7,0
1574,35247,35243813,11112,-1,-1,1,0,1ca36ecd,47.3,0
1575,35258,35254918,11105,-1,-1,1,0,1ca36ecd,47.8,0
1576,35270,35266031,11113,-1,-1,1,0,1ca36ecd,48.2,1
1577,35382,35377128,111097,-1,-1,1,0,1ca36ecd,83.3,0
1578,35392,35388233,11105,-1,-1,1,0,1ca36ecd,90.9,0
1579,35403,35399340,11107,-1,-1,1,0,1ca36ecd,90.9,0
1580,35414,35410448,11108,-1,-1,1,0,1ca36ecd,90.9,0
1581,35425,35421558,11110,-1,-1,1,0,1ca36ecd,90.9,0
1582,35439,35432670,11112,-1,-1,1,0,1ca36ecd,87.0,0
1583,35447,35443782,11112,-1,-1,1,0,1ca36ecd,90.9,0
1584,35458,35454885,11103,-1,-1,1,0,1ca36ecd,90.9,0
1585,35469,35465995,11110,-1,-1,1,0,1ca36ecd,90.9,1
1586,35572,35565974,99979,-1,-1,1,0,1ca36ecd,49.5,0
1587,35581,35577092,11118,-1,-1,1,0,1ca36ecd,52.1,0
1588,35592,35588196,11104,-1,-1,1,0,1ca36ecd,54.1,0
1589,35603,35599306,11110,-1,-1,1,0,1ca36ecd,55.8,0
1590,35614,35610410,11104,-1,-1,1,0,1ca36ecd,57.4,0
1591,35625,35621523,11113,-1,-1,1,0,1ca36ecd,58.8,0
1592,35636,35632632,11109,-1,-1,1,0,1ca36ecd,60.2,0
1593,35647,35643742,11110,-1,-1,1,0,1ca36ecd,61.4,0
1594,35658,35654848,11106,-1,-1,1,0,1ca36ecd,62.5,1
1595,35762,35754834,99986,-1,-1,1,0,1ca36ecd,48.5,0
1596,35769,35765945,11111,-1,-1,1,0,1ca36ecd,50.1,0
1597,35780,35777054,11109,-1,-1,1,0,1ca36ecd,51.2,0
1598,35792,35788161,11107,-1,-1,1,0,1ca36ecd,52.1,0
1599,35803,35799274,11113,-1,-1,1,0,1ca36ecd,53.1,0
1600,35814,35810382,11108,-1,-1,1,0,1ca36ecd,54.1,0
1601,35825,35821491,11109,-1,-1,1,0,1ca36ecd,54.9,0
1602,35836,35832596,11105,-1,-1,1,0,1ca36ecd,55.8,0
1603,35847,35843706,11110,-1,-1,1,0,1ca36ecd,56.6,1
1604,35957,35943692,99986,-1,-1,1,0,1ca36ecd,47.7,0
1605,35960,35954808,11116,-1,-1,1,0,1ca36ecd,49.2,0
1606,35969,35965913,11105,-1,-1,1,0,1ca36ecd,50.1,0
1607,35981,35977019,11106,-1,-1,1,0,1ca36ecd,50.7,0
1608,35992,35988127,11108,-1,-1,1,0,1ca36ecd,51.4,0
1609,36003,35999238,11111,-1,-1,1,0,1ca36ecd,52.1,0
1610,36014,36010344,11106,-1,-1,1,0,1ca36ecd,52.8,0
1611,36025,36021456,11112,-1,-1,1,0,1ca36ecd,53.4,0
1612,36036,36032562,11106,-1,-1,1,0,1ca36ecd,54.1,1
1613,36139,36132547,99985,-1,-1,1,0,41501a4c,48.1,0
1614,36147,36143662,11115,-1,-1,1,0,a8b95061,48.9,0
1615,36158,36154768,11106,-1,-1,1,0,a8b95061,49.5,0
1616,36169,36165880,11112,-1,-1,1,0,c5ad4789,50.1,0
1617,36180,36176981,11101,-1,-1,1,0,e81f8c9c,50.6,0
1618,36192,36188093,11112,-1,-1,1,0,0cab0a64,51.1,0
1619,36203,36199211,11118,-1,-1,1,0,075302f2,51.6,0
1620,36278,36210311,11100,-1,-1,1,0,f22910cd,48.5,0
1621,36281,36276975,66664,-1,-1,1,0,693ee63a,49.4,1
1622,36384,36376960,99985,-1,-1,1,0,28d52b99,90.9,0
1623,36392,36388064,11104,-1,-1,1,0,c648cdc4,105.3,0
1624,36403,36399173,11109,-1,-1,1,0,edad0344,100.0,0
1625,36414,36410278,11105,-1,-1,1,0,09ad37d3,97.6,0
1626,36425,36421386,11108,-1,-1,1,0,45321a58,96.2,0
1627,36439,36432497,11111,-1,-1,1,0,aecad1a6,90.9,0
1628,36447,36443616,11119,-1,-1,1,0,4ec28087,94.6,0
1629,36458,36454710,11094,-1,-1,1,0,5c46c578,94.1,0
1630,36469,36465825,11115,-1,-1,1,0,9b2821b6,93.8,1
1631,36575,36565802,99977,-1,-1,1,0,52b7639f,49.5,0
1632,36580,36576924,11122,-1,-1,1,0,6b0d949d,53.1,0
1633,36592,36588023,11099,-1,-1,1,0,c960e573,54.8,0
1634,36603,36599133,11110,-1,-1,1,0,8f6e675d,56.5,0
1635,36614,36610246,11113,-1,-1,1,0,f7232aab,58.1,0
1636,36625,36621352,11106,-1,-1,1,0,576d7291,59.5,0
1637,36636,36632459,11107,-1,-1,1,0,f048c7be,60.8,0
1638,36647,36643573,11114,-1,-1,1,0,0792a48f,62.0,0
1639,36658,36654678,11105,-1,-1,1,0,68375060,63.2,1
1640,36762,36754662,99984,-1,-1,1,0,0792a48f,48.8,0
1641,36769,36765781,11119,-1,-1,1,0,0792a48f,50.5,0
1642,36780,36776880,11099,-1,-1,1,0,0792a48f,51.6,0
1643,36791,36787992,11112,-1,-1,1,0,60a9c1a9,52.6,0
1644,36803,36799100,11108,-1,-1,1,0,386c9190,53.5,0
1645,36814,36810208,11108,-1,-1,1,0,b0bcbb93,54.4,0
1646,36825,36821319,11111,-1,-1,1,0,0f945eca,55.3,0
1647,36836,36832424,11105,-1,-1,1,0,1ca36ecd,56.2,0
1648,36847,36843540,11116,-1,-1,1,0,1ca36ecd,57.0,1
1649,36948,36943513,99973,-1,-1,1,0,1ca36ecd,48.7,0
1650,36958,36954638,11125,-1,-1,1,0,1ca36ecd,49.6,0
1651,36969,36965735,11097,-1,-1,1,0,1ca36ecd,50.3,0
1652,36980,36976849,11114,-1,-1,1,0,1ca36ecd,51.1,0
1653,36991,36987954,11105,-1,-1,1,0,1ca36ecd,51.8,0
1654,37003,36999067,11113,-1,-1,1,0,1ca36ecd,52.4,0
1655,37014,37010172,11105,-1,-1,1,0,1ca36ecd,53.0,0
1656,37025,37021283,11111,-1,-1,1,0,1ca36ecd,53.7,0
1657,37036,37032391,11108,-1,-1,1,0,1ca36ecd,54.3,1
1658,37140,37132375,99984,-1,-1,1,0,1ca36ecd,48.2,0
1659,37147,37143486,11111,-1,-1,1,0,1ca36ecd,49.1,0
1660,37158,37154596,11110,-1,-1,1,0,1ca36ecd,49.7,0
1661,37169,37165699,11103,-1,-1,1,0,1ca36ecd,50.3,0
1662,37180,37176812,11113,-1,-1,1,0,1ca36ecd,50.8,0
1663,37191,37187919,11107,-1,-1,1,0,1ca36ecd,51.3,0
1664,37202,37199030,11111,-1,-1,1,0,1ca36ecd,51.9,0
1665,37214,37210140,11110,-1,-1,1,0,1ca36ecd,52.3,0
1666,37225,37221248,11108,-1,-1,1,0,1ca36ecd,52.8,1
1667,37333,37321233,99985,-1,-1,1,0,1ca36ecd,47.9,0
1668,37336,37332354,11121,-1,-1,1,0,1ca36ecd,48.8,0
1669,37347,37343455,11101,-1,-1,1,0,1ca36ecd,49.3,0
1670,37358,37354559,11104,-1,-1,1,0,1ca36ecd,49.7,0
1671,37369,37365668,11109,-1,-1,1,0,1ca36ecd,50.2,0
1672,37380,37376781,11113,-1,-1,1,0,1ca36ecd,50.6,0
1673,37393,37387890,11109,-1,-1,1,0,1ca36ecd,83.3,0
1674,37403,37399004,11114,-1,-1,1,0,1ca36ecd,90.9,0
1675,37414,37410107,11103,-1,-1,1,0,1ca36ecd,90.9,1
1676,37528,37521208,111101,-1,-1,1,0,1ca36ecd,27.2,0
1677,37536,37532308,11100,-1,-1,1,0,1ca36ecd,32.3,0
1678,37547,37543415,11107,-1,-1,1,0,1ca36ecd,36.1,0
1679,37558,37554525,11110,-1,-1,1,0,1ca36ecd,39.5,0
1680,37569,37565631,11106,-1,-1,1,0,1ca36ecd,42.6,0
1681,37580,37576745,11114,-1,-1,1,0,1ca36ecd,45.2,0
1682,37591,37587852,11107,-1,-1,1,0,1ca36ecd,47.6,0
1683,37602,37598963,11111,-1,-1,1,0,1ca36ecd,49.8,0
1684,37614,37610072,11109,-1,-1,1,0,1ca36ecd,51.5,1
1685,37717,37710053,99981,-1,-1,1,0,1ca36ecd,38.7,0
1686,37725,37721167,11114,-1,-1,1,0,1ca36ecd,40.7,0
1687,37736,37732273,11106,-1,-1,1,0,1ca36ecd,42.3,0
1688,37747,37743378,11105,-1,-1,1,0,1ca36ecd,43.7,0
1689,37758,37754492,11114,-1,-1,1,0,1ca36ecd,45.1,0
1690,37769,37765597,11105,-1,-1,1,0,1ca36ecd,46.4,0
1691,37780,37776708,11111,-1,-1,1,0,1ca36ecd,47.6,0
1692,37791,37787820,11112,-1,-1,1,0,1ca36ecd,48.8,0
1693,37802,37798927,11107,-1,-1,1,0,1ca36ecd,49.9,1
1694,37915,37910015,111088,-1,-1,1,0,1ca36ecd,41.2,0
1695,37925,37921134,11119,-1,-1,1,0,1ca36ecd,42.3,0
1696,37936,37932241,11107,-1,-1,1,0,1ca36ecd,43.2,0
1697,37947,37943349,11108,-1,-1,1,0,1ca36ecd,44.2,0
1698,37958,37954460,11111,-1,-1,1,0,1ca36ecd,45.1,0
1699,37969,37965565,11105,-1,-1,1,0,1ca36ecd,45.9,0
1700,37980,37976674,11109,-1,-1,1,0,1ca36ecd,46.7,0
1701,37991,37987783,11109,-1,-1,1,0,1ca36ecd,47.5,0
1702,38002,37998894,11111,-1,-1,1,0,1ca36ecd,48.3,1
1703,38107,38098874,99980,-1,-1,1,0,1ca36ecd,42.7,0
1704,38114,38109992,11118,-1,-1,1,0,1ca36ecd,43.7,0
1705,38125,38121092,11100,-1,-1,1,0,1ca36ecd,44.4,0
1706,38136,38132202,11110,-1,-1,1,0,1ca36ecd,45.0,0
1707,38147,38143309,11107,-1,-1,1,0,1ca36ecd,45.7,0
1708,38158,38154421,11112,-1,-1,1,0,1ca36ecd,46.3,0
1709,38169,38165529,11108,-1,-1,1,0,1ca36ecd,47.0,0
1710,38244,38176641,11112,-1,-1,1,0,1ca36ecd,44.0,0
1711,38247,38243301,66660,-1,-1,1,0,1ca36ecd,45.0,1
1712,38348,38343284,99983,-1,-1,1,0,1ca36ecd,41.4,0
1713,38358,38354396,11112,-1,-1,1,0,1ca36ecd,42.0,0
1714,38369,38365495,11099,-1,-1,1,0,1ca36ecd,42.5,0
1715,38380,38376606,11111,-1,-1,1,0,1ca36ecd,43.0,0
1716,38395,38387718,11112,-1,-1,1,0,1ca36ecd,71.4,0
1717,38402,38398829,11111,-1,-1,1,0,1ca36ecd,95.2,0
1718,38413,38409929,11100,-1,-1,1,0,1ca36ecd,93.8,0
1719,38425,38421042,11113,-1,-1,1,0,1ca36ecd,90.9,0
1720,38436,38432154,11112,-1,-1,1,0,1ca36ecd,90.9,1
1721,38551,38543263,111109,-1,-1,1,0,1ca36ecd,35.3,0
1722,38558,38554355,11092,-1,-1,1,0,1ca36ecd,39.5,0
1723,38569,38565464,11109,-1,-1,1,0,1ca36ecd,42.6,0
1724,38580,38576574,11110,-1,-1,1,0,1ca36ecd,45.2,0
1725,38591,38587682,11108,-1,-1,1,0,1ca36ecd,47.6,0
1726,38602,38598791,11109,-1,-1,1,0,1ca36ecd,49.8,0
1727,38613,38609901,11110,-1,-1,1,0,1ca36ecd,51.7,0
1728,38624,38621009,11108,-1,-1,1,0,1ca36ecd,53.5,0
1729,38636,38632118,11109,-1,-1,1,0,1ca36ecd,54.9,1
1730,38742,38732098,99980,-1,-1,1,0,1ca36ecd,41.6,0
1731,38747,38743215,11117,-1,-1,1,0,1ca36ecd,43.7,0
1732,38758,38754319,11104,-1,-1,1,0,1ca36ecd,45.1,0
1733,38769,38765427,11108,-1,-1,1,0,1ca36ecd,46.4,0
1734,38780,38776535,11108,-1,-1,1,0,1ca36ecd,47.6,0
1735,38791,38787648,11113,-1,-1,1,0,1ca36ecd,48.8,0
1736,38802,38798757,11109,-1,-1,1,0,1ca36ecd,49.9,0
1737,38813,38809868,11111,-1,-1,1,0,1ca36ecd,50.9,0
1738,38824,38820978,11110,-1,-1,1,0,1ca36ecd,51.9,1
1739,38929,38920956,99978,-1,-1,1,0,1ca36ecd,43.8,0
1740,38936,38932077,11121,-1,-1,1,0,1ca36ecd,45.0,0
1741,38947,38943177,11100,-1,-1,1,0,1ca36ecd,45.9,0
1742,38958,38954287,11110,-1,-1,1,0,1ca36ecd,46.8,0
1743,38969,38965394,11107,-1,-1,1,0,1ca36ecd,47.6,0
1744,38980,38976505,11111,-1,-1,1,0,1ca36ecd,48.4,0
1745,38991,38987614,11109,-1,-1,1,0,1ca36ecd,49.2,0
1746,39002,38998724,11110,-1,-1,1,0,1ca36ecd,49.9,0
1747,39013,39009832,11108,-1,-1,1,0,1ca36ecd,50.6,1
1748,39119,39109815,99983,-1,-1,1,0,1ca36ecd,44.7,0
1749,39124,39120928,11113,-1,-1,1,0,1ca36ecd,45.8,0
1750,39135,39132031,11103,-1,-1,1,0,1ca36ecd,46.4,0
1751,39147,39143142,11111,-1,-1,1,0,1ca36ecd,47.0,0
1752,39158,39154252,11110,-1,-1,1,0,1ca36ecd,47.6,0
1753,39169,39165365,11113,-1,-1,1,0,1ca36ecd,48.2,0
1754,39180,39176470,11105,-1,-1,1,0,1ca36ecd,48.8,0
1755,39191,39187579,11109,-1,-1,1,0,1ca36ecd,49.4,0
1756,39202,39198690,11111,-1,-1,1,0,1ca36ecd,49.9,1
1757,39304,39298671,99981,-1,-1,1,0,1ca36ecd,45.5,0
1758,39313,39309788,11117,-1,-1,1,0,1ca36ecd,46.1,0
1759,39324,39320884,11096,-1,-1,1,0,1ca36ecd,46.7,0
1760,39336,39331997,11113,-1,-1,1,0,1ca36ecd,47.1,0
1761,39347,39343108,11111,-1,-1,1,0,1ca36ecd,47.6,0
1762,39358,39354218,11110,-1,-1,1,0,1ca36ecd,48.1,0
1763,39369,39365327,11109,-1,-1,1,0,1ca36ecd,48.6,0
1764,39380,39376437,11110,-1,-1,1,0,1ca36ecd,49.0,0
1765,39391,39387545,11108,-1,-1,1,0,1ca36ecd,49.5,1
1766,39502,39487527,99982,-1,-1,1,0,1ca36ecd,90.9,0
1767,39505,39498647,11120,-1,-1,1,0,1ca36ecd,142.9,0
1768,39513,39509752,11105,-1,-1,1,0,1ca36ecd,136.4,0
1769,39524,39520856,11104,-1,-1,1,0,1ca36ecd,121.2,0
1770,39535,39531965,11109,-1,-1,1,0,1ca36ecd,113.6,0
1771,39547,39543071,11106,-1,-1,1,0,1ca36ecd,107.1,0
1772,39560,39554185,11114,-1,-1,1,0,1ca36ecd,101.4,0
1773,39569,39565296,11111,-1,-1,1,0,1ca36ecd,102.6,0
1774,39580,39576402,11106,-1,-1,1,0,1ca36ecd,101.1,1
1775,39684,39676381,99979,-1,-1,1,0,1ca36ecd,51.8,0
1776,39691,39687500,11119,-1,-1,1,0,1ca36ecd,55.0,0
1777,39702,39698600,11100,-1,-1,1,0,1ca36ecd,56.9,0
1778,39713,39709710,11110,-1,-1,1,0,1ca36ecd,58.6,0
1779,39724,39720817,11107,-1,-1,1,0,1ca36ecd,60.1,0
1780,39735,39731931,11114,-1,-1,1,0,1ca36ecd,61.5,0
1781,39747,39743039,11108,-1,-1,1,0,1ca36ecd,62.5,0
1782,39758,39754157,11118,-1,-1,1,0,1ca36ecd,63.7,0
1783,39769,39765256,11099,-1,-1,1,0,1ca36ecd,64.7,1
1784,39877,39865237,99981,-1,-1,1,0,1ca36ecd,49.2,0
1785,39880,39876361,11124,-1,-1,1,0,a71ca7a0,51.4,0
1786,39891,39887463,11102,-1,-1,1,0,8cde1b72,52.5,0
1787,39902,39898577,11114,-1,-1,1,0,ed6876f5,53.5,0
1788,39913,39909685,11108,-1,-1,1,0,a4482458,54.5,0
1789,39924,39920786,11101,-1,-1,1,0,ed6876f5,55.4,0
1790,39935,39931897,11111,-1,-1,1,0,ed6876f5,56.3,0
1791,39946,39943003,11106,-1,-1,1,1000,ed6876f5,57.0,0
1792,39958,39954114,11111,-1,-1,1,0,ed6876f5,57.8,1
1793,40066,40054095,99981,-1,-1,1,0,624e9886,48.7,0
1794,40069,40065214,11119,-1,-1,1,0,acb98e2c,50.2,0
1795,40080,40076314,11100,-1,-1,1,0,7f86eae5,50.9,0
1796,40091,40087422,11108,-1,-1,1,0,6b220003,51.7,0
1797,40102,40098532,11110,-1,-1,1,0,dbd38fe3,52.4,0
1798,40113,40109642,11110,-1,-1,1,0,60dede69,53.1,0
1799,40124,40120750,11108,-1,-1,1,0,1efba8de,53.7,0
1800,40199,40131863,11113,-1,-1,1,0,efb19dda,49.4,0
1801,40203,40198523,66660,-1,-1,1,0,80aabd3b,50.6,1
1802,40305,40298495,99972,-1,-1,1,0,bcb341f0,45.5,0
1803,40313,40309617,11122,-1,-1,1,0,70785477,46.2,0
1804,40324,40320719,11102,-1,-1,1,0,70785477,46.8,0
1805,40335,40331825,11106,-1,-1,1,0,bcb341f0,47.4,0
1806,40346,40342934,11109,-1,-1,1,0,bcb341f0,48.0,0
1807,40358,40354048,11114,-1,-1,1,0,c667d186,48.4,0
1808,40369,40365156,11108,-1,-1,1,0,f03376ab,49.0,0
1809,40380,40376265,11109,-1,-1,1,0,2cc4927d,49.5,0
1810,40391,40387373,11108,-1,-1,1,0,cbb3bf8d,50.0,1
1811,40504,40498474,111101,-1,-1,1,0,c7e1e081,100.0,0
1812,40513,40509584,11110,-1,-1,1,0,c7e1e081,105.3,0
1813,40524,40520684,11100,-1,-1,1,0,d080743e,100.0,0
1814,40535,40531793,11109,-1,-1,1,0,64e2bb4b,97.6,0
1815,40546,40542899,11106,-1,-1,1,0,25422e02,96.2,0
1816,40560,40554016,11117,-1,-1,1,0,07911865,90.9,0
1817,40569,40565123,11107,-1,-1,1,0,3e416e0a,93.3,0
1818,40580,40576230,11107,-1,-1,1,0,07911865,93.0,0
1819,40591,40587337,11107,-1,-1,1,0,07911865,92.8,1
1820,40700,40687321,99984,-1,-1,1,0,a4671d24,48.5,0
1821,40704,40698426,11105,-1,-1,1,0,65f017c9,52.4,0
1822,40713,40709543,11117,-1,-1,1,0,ecad7fce,54.8,0
1823,40724,40720649,11106,-1,-1,1,0,39e84a8f,56.5,0
1824,40735,40731761,11112,-1,-1,1,0,5664ef07,58.1,0
1825,40746,40742871,11110,-1,-1,1,0,672ebb38,59.5,0
1826,40758,40753979,11108,-1,-1,1,0,19d3f6d8,60.6,0
1827,40769,40765085,11106,-1,-1,1,0,ab922f5d,61.8,0
1828,40780,40776196,11111,-1,-1,1,0,914bd0b2,62.9,1
1829,40885,40876172,99976,-1,-1,1,0,153ab98b,48.6,0
1830,40891,40887301,11129,-1,-1,1,0,26749e6a,50.4,0
1831,40902,40898397,11096,-1,-1,1,0,4029f40b,51.5,0
1832,40913,40909509,11112,-1,-1,1,0,f82e1a8b,52.5,0
1833,40924,40920613,11104,-1,-1,1,0,45286b0b,53.5,0
1834,40935,40931725,11112,-1,-1,1,0,5d69409b,54.4,0
1835,40946,40942836,11111,-1,-1,1,0,fe25178b,55.3,0
1836,40957,40953945,11109,-1,-1,1,0,438db8db,56.2,0
1837,40968,40965050,11105,-1,-1,1,0,438db8db,57.0,1
1838,41072,41065032,99982,-1,-1,1,0,1b96599b,48.4,0
1839,41080,41076146,11114,-1,-1,1,0,1b96599b,49.5,0
1840,41091,41087251,11105,-1,-1,1,0,1b96599b,50.3,0
1841,41102,41098358,11107,-1,-1,1,0,1b96599b,51.0,0
1842,41113,41109473,11115,-1,-1,1,0,1b96599b,51.7,0
1843,41124,41120583,11110,-1,-1,1,0,177e5b94,52.4,0
1844,41135,41131690,11107,-1,-1,1,0,73353d7d,53.0,0
1845,41146,41142796,11106,-1,-1,1,0,ca77cfa9,53.7,0
1846,41157,41153911,11115,-1,-1,1,0,ca77cfa9,54.3,1
1847,41266,41253889,99978,-1,-1,1,0,302c3ae6,47.9,0
1848,41269,41265010,11121,-1,-1,1,0,35eed41a,49.0,0
1849,41280,41276111,11101,-1,-1,1,0,35eed41a,49.6,0
1850,41291,41287217,11106,-1,-1,1,0,302c3ae6,50.2,0
1851,41302,41298329,11112,-1,-1,1,0,df0bd08f,50.7,0
1852,41313,41309438,11109,-1,-1,1,0,6415fac1,51.3,0
1853,41324,41320546,11108,-1,-1,1,0,5391b4dc,51.8,0
1854,41335,41331658,11112,-1,-1,1,0,33385eb2,52.3,0
1855,41346,41342759,11101,-1,-1,1,0,021e2894,52.8,1
1856,41456,41442753,99994,-1,-1,1,0,620d35d4,47.8,0
1857,41459,41453856,11103,-1,-1,1,0,f5399514,48.7,0
1858,41469,41464972,11116,-1,-1,1,0,ebafa2b6,49.2,0
1859,41480,41476075,11103,-1,-1,1,0,ebafa2b6,49.7,0
1860,41491,41487184,11109,-1,-1,1,0,d94e6391,50.2,0
1861,41502,41498290,11106,-1,-1,1,0,91421824,50.6,0
1862,41516,41509408,11118,-1,-1,1,0,5a780cff,71.4,0
1863,41524,41520517,11109,-1,-1,1,0,620d35d4,90.9,0
1864,41535,41531625,11108,-1,-1,1,0,6937d6d1,90.9,1
1865,41651,41642727,111102,-1,-1,1,0,7027dc21,26.8,0
1866,41657,41653825,11098,-1,-1,1,0,f05e7c67,32.3,0
1867,41668,41664932,11107,-1,-1,1,0,afbdf237,36.1,0
1868,41679,41676039,11107,-1,-1,1,0,1c954e34,39.5,0
1869,41691,41687151,11112,-1,-1,1,0,ee528fb1,42.3,0
1870,41702,41698258,11107,-1,-1,1,0,1f6d14a9,45.0,0
1871,41713,41709371,11113,-1,-1,1,0,0ce192ce,47.4,0
1872,41724,41720475,11104,-1,-1,1,0,be9ee701,49.5,0
1873,41735,41731586,11111,-1,-1,1,0,49727065,51.5,1
1874,41844,41831571,99985,-1,-1,1,0,45f93209,38.0,0
1875,41847,41842693,11122,-1,-1,1,0,24a284cf,40.6,0
1876,41857,41853786,11093,-1,-1,1,0,1628de8e,42.3,0
1877,41869,41864896,11110,-1,-1,1,0,a307cbda,43.6,0
1878,41879,41876007,11111,-1,-1,1,0,4a343efb,45.1,0
1879,41891,41887114,11107,-1,-1,1,0,4043f76a,46.3,0
1880,41902,41898224,11110,-1,-1,1,0,7c295d00,47.5,0
1881,41913,41909345,11121,-1,-1,1,0,d9ab0d73,48.7,0
1882,41924,41920446,11101,-1,-1,1,0,b8a5476c,49.8,1
1883,42033,42020423,99977,-1,-1,1,0,2bdb996e,41.4,0
1884,42036,42031542,11119,-1,-1,1,0,aa9e38d4,43.1,0
1885,42046,42042645,11103,-1,-1,1,0,63661c1d,44.1,0
1886,42057,42053756,11111,-1,-1,1,0,7e177f8d,45.0,0
1887,42068,42064863,11107,-1,-1,1,0,d039eed5,45.9,0
1888,42079,42075970,11107,-1,-1,1,0,a705b821,46.8,0
1889,42091,42087080,11110,-1,-1,1,0,19833f07,47.5,0
1890,42167,42098189,11109,-1,-1,1,0,19833f07,43.6,0
1891,42170,42164843,66654,-1,-1,1,0,bee1f470,44.9,1
1892,42269,42264827,99984,-1,-1,1,0,c5de190d,40.4,0
1893,42279,42275952,11125,-1,-1,1,0,5b29e58d,41.2,0
1894,42290,42287052,11100,-1,-1,1,0,c531164e,41.9,0
1895,42302,42298153,11101,-1,-1,1,0,5b29e58d,42.5,0
1896,42313,42309265,11112,-1,-1,1,0,de23168d,43.2,0
1897,42324,42320377,11112,-1,-1,1,0,3e1dd1f0,43.8,0
1898,42335,42331486,11109,-1,-1,1,0,bee1f470,44.4,0
1899,42346,42342590,11104,-1,-1,1,0,bee1f470,45.0,0
1900,42357,42353699,11109,-1,-1,1,0,29fab00d,45.6,1
1901,42466,42453680,99981,-1,-1,1,0,ee7bcf8d,41.5,0
1902,42469,42464805,11125,-1,-1,1,0,78f978b6,42.4,0
1903,42479,42475905,11100,-1,-1,1,0,659d4772,43.0,0
1904,42491,42487012,11107,-1,-1,1,0,659d4772,43.5,0
1905,42502,42498120,11108,-1,-1,1,0,f6a1174f,44.0,0
1906,42515,42509241,11121,-1,-1,1,0,29fab00d,76.9,0
1907,42524,42520345,11104,-1,-1,1,0,29fab00d,90.9,0
1908,42535,42531447,11102,-1,-1,1,0,ee7bcf8d,90.9,0
1909,42546,42542557,11110,-1,-1,1,0,7aecff0d,90.9,1
1910,42658,42653655,111098,-1,-1,1,0,bfff4807,32.1,0
1911,42668,42664768,11113,-1,-1,1,0,bfff4807,36.1,0
1912,42679,42675872,11104,-1,-1,1,0,d09961b7,39.5,0
1913,42690,42686978,11106,-1,-1,1,0,38071987,42.6,0
1914,42702,42698086,11108,-1,-1,1,0,c1ff64c1,45.0,0
1915,42713,42709197,11111,-1,-1,1,0,73012e8c,47.4,0
1916,42724,42720305,11108,-1,-1,1,0,741050d1,49.5,0
1917,42735,42731413,11108,-1,-1,1,0,4810dade,51.5,0
1918,42746,42742523,11110,-1,-1,1,0,6f91a53c,53.3,1
1919,42857,42842505,99982,-1,-1,1,0,426e64b2,39.4,0
1920,42860,42853613,11108,-1,-1,1,0,046d5f7b,41.9,0
1921,42868,42864730,11117,-1,-1,1,0,1815ba66,43.7,0
1922,42879,42875834,11104,-1,-1,1,0,db4df54d,45.1,0
1923,42891,42886945,11111,-1,-1,1,0,17e605ba,46.3,0
1924,42901,42898055,11110,-1,-1,1,0,b8370465,47.6,0
1925,42913,42909168,11113,-1,-1,1,0,4a558ac7,48.7,0
1926,42924,42920270,11102,-1,-1,1,0,4a558ac7,49.8,0
1927,42935,42931389,11119,-1,-1,1,0,4a558ac7,50.8,1
1928,43058,43053589,122200,-1,-1,1,0,36809d54,41.4,0
1929,43068,43064697,11108,-1,-1,1,0,c116074d,42.4,0
1930,43079,43075798,11101,-1,-1,1,0,c116074d,43.3,0
1931,43090,43086915,11117,-1,-1,1,0,bacfed72,44.2,0
1932,43101,43098016,11101,-1,-1,1,0,bacfed72,45.1,0
1933,43113,43109130,11114,-1,-1,1,0,bacfed72,45.8,0
1934,43124,43120238,11108,-1,-1,1,0,f543adb0,46.6,0
1935,43135,43131348,11110,-1,-1,1,0,3c02fa7b,47.4,0
1936,43146,43142452,11104,-1,-1,1,0,f3109900,48.1,1
1937,43255,43242439,99987,-1,-1,1,0,c4044e6c,42.5,0
1938,43258,43253560,11121,-1,-1,1,0,c4044e6c,43.7,0
1939,43268,43264662,11102,-1,-1,1,0,c4044e6c,44.4,0
1940,43279,43275766,11104,-1,-1,1,0,c4044e6c,45.0,0
1941,43290,43286882,11116,-1,-1,1,0,3f50def6,45.7,0
1942,43301,43297987,11105,-1,-1,1,0,20c257a4,46.3,0
1943,43313,43309098,11111,-1,-1,1,0,3d1ffe0e,46.9,0
1944,43324,43320204,11106,-1,-1,1,0,b3f9d4c8,47.4,0
1945,43335,43331314,11110,-1,-1,1,0,2db34448,48.0,1
1946,43443,43431294,99980,-1,-1,1,0,40e8fc0a,43.6,0
1947,43447,43442413,11119,-1,-1,1,0,40e8fc0a,44.4,0
1948,43457,43453516,11103,-1,-1,1,0,b48b15d5,45.0,0
1949,43468,43464619,11103,-1,-1,1,0,b48b15d5,45.5,0
1950,43479,43475729,11110,-1,-1,1,0,2a3ea3c8,46.1,0
1951,43490,43486841,11112,-1,-1,1,0,c45df848,46.6,0
1952,43501,43497949,11108,-1,-1,1,0,8b02bec8,47.0,0
1953,43514,43509064,11115,-1,-1,1,0,8c22b50f,83.3,0
1954,43524,43520172,11108,-1,-1,1,0,8c22b50f,90.9,1
1955,43627,43620153,99981,-1,-1,1,0,375e2248,24.0,0
1956,43635,43631267,11114,-1,-1,1,0,eb506155,30.1,0
1957,43646,43642371,11104,-1,-1,1,0,eb506155,34.7,0
1958,43666,43653485,11114,-1,-1,1,0,06e3f5ca,36.6,0
1959,43669,43664588,11103,-1,-1,1,0,3ef50f53,41.9,0
1960,43679,43675700,11112,-1,-1,1,0,31ab9895,45.2,0
1961,43690,43686807,11107,-1,-1,1,0,b30fa10f,47.9,0
1962,43701,43697920,11113,-1,-1,1,0,36c15876,50.3,0
1963,43713,43709029,11109,-1,-1,1,0,9dce06f6,52.1,1
1964,43821,43809011,99982,-1,-1,1,0,6fe188fd,37.6,0
1965,43824,43820132,11121,-1,-1,1,0,b835fbc3,40.4,0
1966,43835,43831228,11096,-1,-1,1,0,86a0b481,42.0,0
1967,43846,43842335,11107,-1,-1,1,0,dffab276,43.6,0
1968,43857,43853443,11108,-1,-1,1,0,492f1097,45.1,0
1969,43868,43864553,11110,-1,-1,1,0,ed766eaa,46.4,0
1970,43879,43875663,11110,-1,-1,1,0,ed766eaa,47.7,0
1971,43890,43886775,11112,-1,-1,1,0,2a88f419,49.0,0
1972,43901,43897878,11103,-1,-1,1,0,2996fc69,50.1,1
1973,44011,43997864,99986,-1,-1,1,0,68f77d4e,41.3,0
1974,44014,44008974,11110,-1,-1,1,0,5ec9f14e,43.0,0
1975,44024,44020086,11112,-1,-1,1,0,7edb5b12,44.1,0
1976,44035,44031190,11104,-1,-1,1,0,2e69e023,45.0,0
1977,44046,44042301,11111,-1,-1,1,0,e04301ba,46.0,0
1978,44057,44053410,11109,-1,-1,1,0,d9aa63ac,46.8,0
1979,44068,44064519,11109,-1,-1,1,0,4ddac3a2,47.7,0
1980,44146,44075628,11109,-1,-1,1,0,83eec19a,43.5,0
1981,44149,44142291,66663,-1,-1,1,0,784155d1,44.8,1
1982,44247,44242263,99972,-1,-1,1,0,963b4745,40.3,0
1983,44257,44253379,11116,-1,-1,1,0,ef8d4dff,41.1,0
1984,44268,44264487,11108,-1,-1,1,0,d472fe0a,41.8,0
1985,44281,44275594,11107,-1,-1,1,0,c9e5db93,42.4,0
1986,44290,44286712,11118,-1,-1,1,0,df01aa97,43.1,0
1987,44301,44297813,11101,-1,-1,1,0,22497862,43.8,0
1988,44313,44308923,11110,-1,-1,1,0,59e06f14,44.4,0
1989,44323,44320031,11108,-1,-1,1,0,0bca2b03,45.1,0
1990,44335,44331140,11109,-1,-1,1,0,49f2d3f6,45.6,1
1991,44443,44431122,99982,-1,-1,1,0,7c75905d,41.4,0
1992,44446,44442243,11121,-1,-1,1,0,1def0090,42.4,0
1993,44457,44453341,11098,-1,-1,1,0,3cda02c9,42.9,0
1994,44468,44464449,11108,-1,-1,1,0,998d568f,43.5,0
1995,44479,44475555,11106,-1,-1,1,0,244abaf0,44.0,0
1996,44490,44486678,11123,-1,-1,1,0,f3523ade,44.5,0
1997,44501,44497779,11101,-1,-1,1,0,c240ebaa,45.0,0
1998,44515,44508893,11114,-1,-1,1,0,908714cc,76.9,0
1999,44524,44520002,11109,-1,-1,1,0,9f7ea089,90.9,1
2000,44632,44619976,99974,-1,-1,1,0,86aab714,23.1,0
2001,44635,44631092,11116,-1,-1,1,0,aa986821,30.1,0
2002,44646,44642203,11111,-1,-1,1,0,d2bf3221,34.7,0
2003,44659,44653310,11107,-1,-1,1,0,ff78aa9d,38.2,0
2004,44668,44664426,11116,-1,-1,1,0,2403a65d,42.2,0
2005,44679,44675528,11102,-1,-1,1,0,9b1f9190,45.2,0
2006,44690,44686639,11111,-1,-1,1,0,bed23954,47.9,0
2007,44701,44697744,11105,-1,-1,1,0,e1be31bd,50.3,0
2008,44712,44708852,11108,-1,-1,1,0,9d38ae37,52.4,1
2009,44821,44808838,99986,-1,-1,1,0,50d0d2be,37.6,0
2010,44824,44819958,11120,-1,-1,1,0,50d0d2be,40.4,0
2011,44834,44831053,11095,-1,-1,1,0,05b2531f,42.0,0
2012,44846,44842163,11110,-1,-1,1,0,1323ccf8,43.6,0
2013,44857,44853273,11110,-1,-1,1,0,1ca36ecd,45.1,0
2014,44868,44864379,11106,-1,-1,1,0,1ca36ecd,46.4,0
2015,44879,44875492,11113,-1,-1,1,0,1ca36ecd,47.7,0
2016,44890,44886598,11106,-1,-1,1,0,1ca36ecd,49.0,0
2017,44901,44897711,11113,-1,-1,1,0,1ca36ecd,50.1,1
2018,45004,44997695,99984,-1,-1,1,0,1ca36ecd,41.8,0
2019,45012,45008804,11109,-1,-1,1,0,1ca36ecd,43.1,0
2020,45023,45019916,11112,-1,-1,1,0,1ca36ecd,44.1,0
2021,45034,45031022,11106,-1,-1,1,0,1ca36ecd,45.1,0
2022,45046,45042131,11109,-1,-1,1,0,1ca36ecd,46.0,0
2023,45057,45053240,11109,-1,-1,1,0,1ca36ecd,46.8,0
2024,45068,45064349,11109,-1,-1,1,0,1ca36ecd,47.7,0
2025,45079,45075458,11109,-1,-1,1,0,1ca36ecd,48.5,0
2026,45090,45086569,11111,-1,-1,1,0,1ca36ecd,49.3,1
2027,45199,45186545,99976,-1,-1,1,0,1ca36ecd,43.0,0
2028,45202,45197667,11122,-1,-1,1,0,1ca36ecd,44.3,0
2029,45212,45208770,11103,-1,-1,1,0,1ca36ecd,45.1,0
2030,45223,45219878,11108,-1,-1,1,0,1ca36ecd,45.8,0
2031,45234,45230983,11105,-1,-1,1,0,1ca36ecd,46.4,0
2032,45246,45242092,11109,-1,-1,1,0,1ca36ecd,47.0,0
2033,45257,45253205,11113,-1,-1,1,0,1ca36ecd,47.7,0
2034,45268,45264315,11110,-1,-1,1,0,1ca36ecd,48.3,0
2035,45279,45275424,11109,-1,-1,1,0,1ca36ecd,48.9,1
2036,45384,45375409,99985,-1,-1,1,0,1ca36ecd,44.2,0
2037,45390,45386522,11113,-1,-1,1,0,1ca36ecd,45.0,0
2038,45401,45397625,11103,-1,-1,1,0,1ca36ecd,45.6,0
2039,45412,45408731,11106,-1,-1,1,0,1ca36ecd,46.2,0
2040,45423,45419844,11113,-1,-1,1,0,1ca36ecd,46.7,0
2041,45434,45430947,11103,-1,-1,1,0,1ca36ecd,47.2,0
2042,45445,45442060,11113,-1,-1,1,0,1ca36ecd,47.7,0
2043,45457,45453171,11111,-1,-1,1,0,1ca36ecd,48.2,0
2044,45468,45464281,11110,-1,-1,1,0,1ca36ecd,48.7,1
2045,45583,45575385,111104,-1,-1,1,0,1ca36ecd,83.3,0
2046,45590,45586483,11098,-1,-1,1,0,1ca36ecd,105.3,0
2047,45601,45597592,11109,-1,-1,1,0,1ca36ecd,100.0,0
2048,45612,45608699,11107,-1,-1,1,0,1ca36ecd,97.6,0
2049,45623,45619811,11112,-1,-1,1,0,1ca36ecd,96.2,0
2050,45634,45630915,11104,-1,-1,1,0,1ca36ecd,95.2,0
2051,45646,45642025,11110,-1,-1,1,0,1ca36ecd,93.3,0
2052,45661,45653135,11110,-1,-1,1,0,1ca36ecd,88.9,0
2053,45668,45664248,11113,-1,-1,1,0,1ca36ecd,92.8,1
2054,45773,45764223,99975,-1,-1,1,0,1ca36ecd,49.5,0
2055,45779,45775348,11125,-1,-1,1,0,1ca36ecd,52.9,0
2056,45790,45786446,11098,-1,-1,1,0,1ca36ecd,54.8,0
2057,45801,45797554,11108,-1,-1,1,0,1ca36ecd,56.5,0
2058,45812,45808662,11108,-1,-1,1,0,1ca36ecd,58.1,0
2059,45823,45819777,11115,-1,-1,1,0,1ca36ecd,59.5,0
2060,45834,45830881,11104,-1,-1,1,0,1ca36ecd,60.8,0
2061,45845,45841993,11112,-1,-1,1,0,1ca36ecd,62.0,0
2062,45857,45853099,11106,-1,-1,1,0,1ca36ecd,62.9,1
2063,45967,45953084,99985,-1,-1,1,0,1ca36ecd,48.0,0
2064,45971,45964194,11110,-1,-1,1,0,1ca36ecd,50.0,0
2065,45979,45975311,11117,-1,-1,1,0,1ca36ecd,51.5,0
2066,45990,45986411,11100,-1,-1,1,0,1ca36ecd,52.5,0
2067,46001,45997520,11109,-1,-1,1,0,1ca36ecd,53.5,0
2068,46012,46008628,11108,-1,-1,1,0,1ca36ecd,54.4,0
2069,46023,46019742,11114,-1,-1,1,0,1ca36ecd,55.3,0
2070,46089,46030847,11105,-1,-1,1,0,1ca36ecd,50.2,0
2071,46092,46086405,55558,-1,-1,1,0,1ca36ecd,51.8,1
2072,46191,46186374,99969,-1,-1,1,0,1ca36ecd,45.2,0
2073,46201,46197497,11123,-1,-1,1,0,1ca36ecd,46.0,0
2074,46212,46208595,11098,-1,-1,1,0,1ca36ecd,46.8,0
2075,46223,46219707,11112,-1,-1,1,0,1ca36ecd,47.5,0
2076,46234,46230816,11109,-1,-1,1,0,1ca36ecd,48.3,0
2077,46245,46241922,11106,-1,-1,1,0,1ca36ecd,49.0,0
2078,46256,46253028,11106,-1,-1,1,0,1ca36ecd,49.6,0
2079,46268,46264143,11115,-1,-1,1,0,1ca36ecd,50.2,0
2080,46280,46275249,11106,-1,-1,1,0,1ca36ecd,50.8,1
2081,46389,46375230,99981,-1,-1,1,0,1ca36ecd,45.2,0
2082,46392,46386342,11112,-1,-1,1,0,1ca36ecd,46.3,0
2083,46401,46397458,11116,-1,-1,1,0,1323ccf8,47.0,0
2084,46412,46408563,11105,-1,-1,1,0,05b2531f,47.6,0
2085,46423,46419673,11110,-1,-1,1,0,50d0d2be,48.1,0
2086,46434,46430777,11104,-1,-1,1,0,a9121f61,48.7,0
2087,46445,46441891,11114,-1,-1,1,0,cc0d0bd4,49.2,0
2088,46456,46453002,11111,-1,-1,1,0,57c819b5,49.7,0
2089,46468,46464110,11108,-1,-1,1,0,baa3bfc9,50.2,1
2090,46571,46564092,99982,-1,-1,1,0,1ca36ecd,46.0,0
2091,46579,46575210,11118,-1,-1,1,0,759b3c8f,125.0,0
2092,46590,46586309,11099,-1,-1,1,0,77c7a3bd,105.3,0
2093,46601,46597417,11108,-1,-1,1,0,9c5d0530,100.0,0
2094,46612,46608526,11109,-1,-1,1,0,113a9c44,97.6,0
2095,46623,46619639,11113,-1,-1,1,0,46ff8118,96.2,0
2096,46634,46630746,11107,-1,-1,1,0,0369d0ad,95.2,0
2097,46645,46641853,11107,-1,-1,1,0,0369d0ad,94.6,0
2098,46659,46652965,11112,-1,-1,1,0,0369d0ad,90.9,1
2099,46760,46752949,99984,-1,-1,1,0,4f0caedb,47.6,0
2100,46768,46764064,11115,-1,-1,1,0,7ef179a6,50.8,0
2101,46779,46775170,11106,-1,-1,1,0,9430b364,52.9,0
2102,46790,46786273,11103,-1,-1,1,0,1b7bfa1b,54.8,0
2103,46801,46797384,11111,-1,-1,1,0,f0359017,56.5,0
2104,46812,46808493,11109,-1,-1,1,0,47a5c438,58.1,0
2105,46823,46819603,11110,-1,-1,1,0,3eee0638,59.5,0
2106,46834,46830711,11108,-1,-1,1,0,03f6cc38,60.8,0
2107,46845,46841821,11110,-1,-1,1,0,7840070d,62.0,1
2108,46955,46941802,99981,-1,-1,1,0,1106ff0c,46.9,0
2109,46959,46952919,11117,-1,-1,1,0,e7630821,49.0,0
2110,46967,46964026,11107,-1,-1,1,0,41d477e3,50.5,0
2111,46979,46975130,11104,-1,-1,1,0,79718a60,51.5,0
2112,46990,46986240,11110,-1,-1,1,0,733b2c7a,52.5,0
2113,47001,46997351,11111,-1,-1,1,0,f89836bb,53.5,0
2114,47012,47008458,11107,-1,-1,1,0,48d29cb1,54.4,0
2115,47023,47019569,11111,-1,-1,1,0,9d3044eb,55.3,0
2116,47034,47030678,11109,-1,-1,1,0,0d9232f7,56.2,1
2117,47140,47130661,99983,-1,-1,1,0,3cf17d35,47.5,0
2118,47145,47141774,11113,-1,-1,1,0,1ca36ecd,48.8,0
2119,47156,47152876,11102,-1,-1,1,0,1ca36ecd,49.6,0
2120,47167,47163988,11112,-1,-1,1,0,1ca36ecd,50.3,0
2121,47179,47175098,11110,-1,-1,1,0,1ca36ecd,51.0,0
2122,47190,47186207,11109,-1,-1,1,0,1ca36ecd,51.7,0
2123,47201,47197318,11111,-1,-1,1,0,1ca36ecd,52.4,0
2124,47212,47208427,11109,-1,-1,1,0,1ca36ecd,53.0,0
2125,47223,47219536,11109,-1,-1,1,0,1ca36ecd,53.7,1
2126,47328,47319519,99983,-1,-1,1,0,f49e0422,47.6,0
2127,47334,47330634,11115,-1,-1,1,0,1033dd5b,48.5,0
2128,47345,47341736,11102,-1,-1,1,0,f5a7507e,49.1,0
2129,47356,47352846,11110,-1,-1,1,0,ccb0e798,49.7,0
2130,47367,47363953,11107,-1,-1,1,0,7b2ef82d,50.2,0
2131,47379,47375067,11114,-1,-1,1,0,45b9adf3,50.7,0
2132,47390,47386175,11108,-1,-1,1,0,6fbe7b0b,51.3,0
2133,47401,47397286,11111,-1,-1,1,0,f70c66f1,51.8,0
2134,47412,47408397,11111,-1,-1,1,0,9f123b85,52.3,1
2135,47521,47508375,99978,-1,-1,1,0,1ca36ecd,47.4,0
2136,47524,47519496,11121,-1,-1,1,0,1ca36ecd,48.3,0
2137,47534,47530596,11100,-1,-1,1,0,1ca36ecd,48.8,0
2138,47545,47541701,11105,-1,-1,1,0,1ca36ecd,49.3,0
2139,47556,47552808,11107,-1,-1,1,0,1ca36ecd,49.7,0
2140,47567,47563917,11109,-1,-1,1,0,1ca36ecd,50.2,0
2141,47579,47575028,11111,-1,-1,1,0,1ca36ecd,50.6,0
2142,47592,47586139,11111,-1,-1,1,0,1ca36ecd,76.9,0
2143,47601,47597251,11112,-1,-1,1,0,1ca36ecd,90.9,1
2144,47721,47708337,111086,-1,-1,1,0,1ca36ecd,21.1,0
2145,47724,47719449,11112,-1,-1,1,0,1ca36ecd,27.6,0
2146,47734,47730559,11110,-1,-1,1,0,1ca36ecd,32.3,0
2147,47745,47741669,11110,-1,-1,1,0,1ca36ecd,36.1,0
2148,47756,47752775,11106,-1,-1,1,0,1ca36ecd,39.5,0
2149,47767,47763889,11114,-1,-1,1,0,1323ccf8,42.6,0
2150,47779,47774994,11105,-1,-1,1,0,72904613,45.0,0
2151,47790,47786108,11114,-1,-1,1,0,e9a5b2c7,47.4,0
2152,47801,47797210,11102,-1,-1,1,0,6a9b419d,49.5,1
2153,47910,47897196,99986,-1,-1,1,0,b1bb5e2b,36.3,0
2154,47913,47908314,11118,-1,-1,1,0,b9cedfab,38.9,0
2155,47923,47919416,11102,-1,-1,1,0,ac31c52b,40.7,0
2156,47934,47930522,11106,-1,-1,1,0,ac31c52b,42.3,0
2157,47945,47941633,11111,-1,-1,1,0,8c06b315,43.7,0
2158,47956,47952749,11116,-1,-1,1,0,94068081,45.1,0
2159,47967,47963850,11101,-1,-1,1,0,35c06986,46.4,0
2160,48035,47974968,11118,-1,-1,1,0,70f2fe13,41.7,0
2161,48039,48030510,55542,-1,-1,1,0,6f790791,43.5,1
2162,48144,48130489,99979,-1,-1,1,0,64916ec7,37.2,0
2163,48148,48141599,11110,-1,-1,1,0,f2c3fc5f,38.7,0
2164,48156,48152716,11117,-1,-1,1,0,c805d09b,39.9,0
2165,48167,48163811,11095,-1,-1,1,0,9d26c876,40.8,0
2166,48179,48174926,11115,-1,-1,1,0,21385f9b,41.7,0
2167,48189,48186043,11117,-1,-1,1,0,570544f0,42.6,0
2168,48201,48197144,11101,-1,-1,1,0,13fe14e2,43.4,0
2169,48212,48208252,11108,-1,-1,1,0,d1070bf7,44.2,0
2170,48223,48219369,11117,-1,-1,1,0,e739c5f6,45.0,1
2171,48334,48330456,111087,-1,-1,1,0,7c214f40,39.7,0
2172,48345,48341570,11114,-1,-1,1,0,7c214f40,40.5,0
2173,48356,48352672,11102,-1,-1,1,0,220d64d9,41.2,0
2174,48367,48363783,11111,-1,-1,1,0,6d632719,41.9,0
2175,48378,48374892,11109,-1,-1,1,0,d8e42722,42.6,0
2176,48389,48386001,11109,-1,-1,1,0,179fe65d,43.2,0
2177,48401,48397109,11108,-1,-1,1,0,430de5fa,43.8,0
2178,48412,48408221,11112,-1,-1,1,0,1f5b2bf8,44.4,0
2179,48423,48419329,11108,-1,-1,1,0,e1e3408d,45.0,1
2180,48533,48519307,99978,-1,-1,1,0,849edfb4,40.9,0
2181,48537,48530421,11114,-1,-1,1,0,7f0a7134,41.8,0
2182,48545,48541532,11111,-1,-1,1,0,8616afd9,42.4,0
2183,48556,48552637,11105,-1,-1,1,0,8616afd9,43.0,0
2184,48567,48563747,11110,-1,-1,1,0,8616afd9,43.5,0
2185,48578,48574856,11109,-1,-1,1,0,7da94978,44.0,0
2186,48592,48585968,11112,-1,-1,1,0,88dcebd7,76.9,0
2187,48601,48597082,11114,-1,-1,1,0,40f664c4,90.9,0
2188,48612,48608185,11103,-1,-1,1,0,c409d7a3,90.9,1
2189,48729,48719287,111102,-1,-1,1,0,bd573518,26.7,0
2190,48734,48730395,11108,-1,-1,1,0,9fffddfc,32.3,0
2191,48745,48741494,11099,-1,-1,1,0,e36b533d,36.1,0
2192,48756,48752608,11114,-1,-1,1,0,9222dd16,39.5,0
2193,48767,48763715,11107,-1,-1,1,0,be677957,42.6,0
2194,48778,48774824,11109,-1,-1,1,0,f3b4341d,45.2,0
2195,48789,48785928,11104,-1,-1,1,0,0c298b36,47.6,0
2196,48801,48797043,11115,-1,-1,1,0,ff69bfe5,49.5,0
2197,48812,48808152,11109,-1,-1,1,0,74cfd96a,51.5,1
2198,48921,48908134,99982,-1,-1,1,0,30b7403b,38.0,0
2199,48924,48919253,11119,-1,-1,1,0,6e58da21,40.6,0
2200,48934,48930356,11103,-1,-1,1,0,9665d17c,42.3,0
2201,48945,48941462,11106,-1,-1,1,0,a5240b3b,43.7,0
2202,48956,48952572,11110,-1,-1,1,0,458ecb4c,45.1,0
2203,48967,48963675,11103,-1,-1,1,0,7b7e23c1,46.4,0
2204,48978,48974788,11113,-1,-1,1,0,6588f48c,47.6,0
2205,48989,48985898,11110,-1,-1,1,0,6059ff6f,48.8,0
2206,49000,48997005,11107,-1,-1,1,0,c7e4f27d,49.9,1
2207,49111,49096986,99981,-1,-1,1,0,3c5632ac,41.4,0
2208,49114,49108101,11115,-1,-1,1,0,95c3d798,43.0,0
2209,49123,49119212,11111,-1,-1,1,0,8238a4f2,44.1,0
2210,49134,49130317,11105,-1,-1,1,0,deefc9e4,45.0,0
2211,49145,49141425,11108,-1,-1,1,0,deefc9e4,45.9,0
2212,49156,49152534,11109,-1,-1,1,0,deefc9e4,46.8,0
2213,49167,49163647,11113,-1,-1,1,0,deefc9e4,47.6,0
2214,49178,49174760,11113,-1,-1,1,0,47d03e0e,48.4,0
2215,49189,49185861,11101,-1,-1,1,0,e2b61d21,49.2,1
2216,49300,49285864,100003,-1,-1,1,0,8e5d09c2,43.0,0
2217,49303,49296955,11091,-1,-1,1,0,50c8a842,44.2,0
2218,49311,49308074,11119,-1,-1,1,0,e5e713a8,45.1,0
2219,49323,49319176,11102,-1,-1,1,0,d34fabea,45.7,0
2220,49334,49330281,11105,-1,-1,1,0,7aa94024,46.4,0
2221,49345,49341394,11113,-1,-1,1,0,83d4d1ab,47.0,0
2222,49356,49352513,11119,-1,-1,1,0,ebac2476,47.6,0
2223,49367,49363610,11097,-1,-1,1,0,ebac2476,48.2,0
2224,49378,49374719,11109,-1,-1,1,0,d81d6c80,48.8,1
2225,49489,49474697,99978,-1,-1,1,0,8206af55,44.0,0
2226,49492,49485811,11114,-1,-1,1,0,8cf2aa6d,44.9,0
2227,49500,49496931,11120,-1,-1,1,0,111a61f3,45.6,0
2228,49512,49508031,11100,-1,-1,1,0,c5a0f5be,46.1,0
2229,49523,49519139,11108,-1,-1,1,0,30eadc51,46.6,0
2230,49534,49530250,11111,-1,-1,1,0,247d6f69,47.1,0
2231,49545,49541358,11108,-1,-1,1,0,9e38b263,47.6,0
2232,49556,49552464,11106,-1,-1,1,0,323c13df,48.1,0
2233,49567,49563575,11111,-1,-1,1,0,323c13df,48.6,1
2234,49684,49674664,111089,-1,-1,1,0,77710bed,90.9,0
2235,49689,49685782,11118,-1,-1,1,0,b21379e3,125.0,0
2236,49700,49696889,11107,-1,-1,1,0,3acbf862,111.1,0
2237,49711,49707997,11108,-1,-1,1,0,af773ac2,105.3,0
2238,49723,49719101,11104,-1,-1,1,0,49904fe0,100.0,0
2239,49737,49730225,11124,-1,-1,1,0,7b253be8,93.8,0
2240,49745,49741330,11105,-1,-1,1,0,f28e359e,97.2,0
2241,49756,49752439,11109,-1,-1,1,0,8206af55,96.4,0
2242,49767,49763539,11100,-1,-1,1,0,7b3aea5a,95.7,1
2243,49878,49863526,99987,-1,-1,1,0,247d6f69,48.8,0
2244,49881,49874633,11107,-1,-1,1,0,f1686e14,52.9,0
2245,49889,49885754,11121,-1,-1,1,0,0d547385,55.6,0
2246,49900,49896850,11096,-1,-1,1,0,f751932c,57.3,0
2247,49912,49907962,11112,-1,-1,1,0,f877041f,58.6,0
2248,49923,49919073,11111,-1,-1,1,0,459151db,60.0,0
2249,49934,49930184,11111,-1,-1,1,0,c5a0f5be,61.3,0
2250,50070,49941286,11102,-1,-1,1,0,c5a0f5be,42.8,0
2251,50074,50063480,122194,-1,-1,1,0,cf98932e,44.9,1
2252,50176,50163470,99990,-1,-1,1,0,ceeddc31,37.8,0
2253,50179,50174592,11122,-1,-1,1,0,f088d538,39.5,0
2254,50189,50185692,11100,-1,-1,1,0,f088d538,40.7,0
2255,50200,50196800,11108,-1,-1,1,0,f088d538,41.7,0
2256,50211,50207909,11109,-1,-1,1,0,5ea42955,42.8,0
2257,50223,50219019,11110,-1,-1,1,0,d1ce8c6f,43.6,0
2258,50234,50230129,11110,-1,-1,1,0,94a5e2b3,44.6,0
2259,50245,50241239,11110,-1,-1,1,0,4f4f4dac,45.5,0
2260,50256,50252342,11103,-1,-1,1,0,4f4f4dac,46.3,1
2261,50366,50352328,99986,-1,-1,1,0,6899db86,40.4,0
2262,50369,50363440,11112,-1,-1,1,0,94a5e2b3,41.7,0
2263,50378,50374558,11118,-1,-1,1,0,94a5e2b3,42.6,0
2264,50389,50385653,11095,-1,-1,1,0,94a5e2b3,43.3,0
2265,50400,50396767,11114,-1,-1,1,0,94a5e2b3,44.0,0
2266,50411,50407878,11111,-1,-1,1,0,94a5e2b3,44.7,0
2267,50422,50418983,11105,-1,-1,1,0,94a5e2b3,45.4,0
2268,50434,50430092,11109,-1,-1,1,0,4f4f4dac,46.0,0
2269,50445,50441202,11110,-1,-1,1,0,97ded6f1,46.6,1
2270,50554,50541181,99979,-1,-1,1,0,ff0e8ac1,42.0,0
2271,50557,50552305,11124,-1,-1,1,0,dbe12dec,43.0,0
2272,50567,50563407,11102,-1,-1,1,0,5fbef10b,43.6,0
2273,50578,50574517,11110,-1,-1,1,0,5fbef10b,44.2,0
2274,50589,50585621,11104,-1,-1,1,0,25af106a,44.8,0
2275,50600,50596733,11112,-1,-1,1,0,25af106a,45.3,0
2276,50611,50607841,11108,-1,-1,1,0,4e3c36b4,45.8,0
2277,50623,50618952,11111,-1,-1,1,0,4e3c36b4,46.3,0
2278,50634,50630062,11110,-1,-1,1,0,4e3c36b4,46.8,1
2279,50757,50752273,122211,-1,-1,1,0,dedbd1de,125.0,0
2280,50767,50763373,11100,-1,-1,1,0,379df196,111.1,0
2281,50778,50774478,11105,-1,-1,1,0,379df196,103.4,0
2282,50789,50785587,11109,-1,-1,1,0,dedbd1de,100.0,0
2283,50800,50796696,11109,-1,-1,1,0,435a37c6,98.0,0
2284,50811,50807807,11111,-1,-1,1,0,34caffce,96.8,0
2285,50822,50818913,11106,-1,-1,1,0,9f907a0c,95.9,0
2286,50833,50830027,11114,-1,-1,1,0,0c2ada3d,95.2,0
2287,50845,50841135,11108,-1,-1,1,0,3ecbf43e,93.8,1
2288,50955,50941119,99984,-1,-1,1,0,5f5ffa38,48.5,0
2289,50958,50952226,11107,-1,-1,1,0,5f5ffa38,52.6,0
2290,50967,50963338,11112,-1,-1,1,0,2dcc7b3f,55.0,0
2291,50978,50974446,11108,-1,-1,1,0,45d80370,56.8,0
2292,50989,50985553,11107,-1,-1,1,0,034a7767,58.3,0
2293,51000,50996663,11110,-1,-1,1,0,a814149f,59.8,0
2294,51011,51007771,11108,-1,-1,1,0,5f5ffa38,61.1,0
2295,51022,51018881,11110,-1,-1,1,0,2dcc7b3f,62.3,0
2296,51033,51029996,11115,-1,-1,1,0,45d80370,63.4,1
2297,51144,51129974,99978,-1,-1,1,0,817bab9d,48.1,0
2298,51147,51141081,11107,-1,-1,1,0,4aa047aa,50.3,0
2299,51156,51152197,11116,-1,-1,1,0,9d7587eb,51.6,0
2300,51167,51163302,11105,-1,-1,1,0,57e697d9,52.6,0
2301,51178,51174408,11106,-1,-1,1,0,57e697d9,53.6,0
2302,51189,51185520,11112,-1,-1,1,0,dd1e4b80,54.5,0
2303,51200,51196629,11109,-1,-1,1,0,effef055,55.4,0
2304,51211,51207740,11111,-1,-1,1,0,cdb4d2b6,56.3,0
2305,51222,51218853,11113,-1,-1,1,0,dd1e4b80,57.1,1
2306,51333,51318827,99974,-1,-1,1,0,f788dbfe,47.9,0
2307,51336,51329937,11110,-1,-1,1,0,2957c1a8,49.4,0
2308,51344,51341053,11116,-1,-1,1,0,4aa047aa,50.4,0
2309,51356,51352159,11106,-1,-1,1,0,9d7587eb,51.1,0
2310,51367,51363266,11107,-1,-1,1,0,52a3aa02,51.8,0
2311,51378,51374374,11108,-1,-1,1,0,57e697d9,52.5,0
2312,51389,51385486,11112,-1,-1,1,0,ef16248d,53.1,0
2313,51400,51396594,11108,-1,-1,1,0,cdb4d2b6,53.8,0
2314,51411,51407699,11105,-1,-1,1,0,849798a4,54.4,1
2315,51523,51518797,111098,-1,-1,1,0,67e4a607,47.8,0
2316,51533,51529913,11116,-1,-1,1,0,ecd8be79,48.5,0
2317,51545,51541014,11101,-1,-1,1,0,0a006c5e,49.0,0
2318,51556,51552123,11109,-1,-1,1,0,ecd8be79,49.6,0
2319,51567,51563236,11113,-1,-1,1,0,ea3a37d8,50.1,0
2320,51578,51574346,11110,-1,-1,1,0,67e4a607,50.7,0
2321,51589,51585450,11104,-1,-1,1,0,67e4a607,51.2,0
2322,51600,51596559,11109,-1,-1,1,0,67e4a607,51.7,0
2323,51611,51607671,11112,-1,-1,1,0,78a3365d,52.2,1
2324,51720,51707651,99980,-1,-1,1,0,3824277e,47.4,0
2325,51723,51718769,11118,-1,-1,1,0,3824277e,48.3,0
2326,51733,51729875,11106,-1,-1,1,0,e651b957,48.8,0
2327,51744,51740982,11107,-1,-1,1,0,c81b27e6,49.2,0
2328,51765,51752088,11106,-1,-1,1,0,c81b27e6,125.0,0
2329,51768,51763204,11116,-1,-1,1,0,c81b27e6,181.8,0
2330,51778,51774311,11107,-1,-1,1,0,034a7767,142.9,0
2331,51789,51785421,11110,-1,-1,1,0,c167f70f,125.0,0
2332,51800,51796529,11108,-1,-1,1,0,11898753,116.3,1
2333,51910,51896506,99977,-1,-1,1,0,67e4a607,39.2,0
2334,51913,51907622,11116,-1,-1,1,0,26dafe90,44.9,0
2335,51922,51918733,11111,-1,-1,1,0,67e4a607,48.5,0
2336,51933,51929839,11106,-1,-1,1,0,ea3a37d8,51.1,0
2337,51944,51940944,11105,-1,-1,1,0,67e4a607,53.5,0
2338,51956,51952054,11110,-1,-1,1,0,67e4a607,55.3,0
2339,51967,51963164,11110,-1,-1,1,0,ea3a37d8,57.1,0
2340,52053,51974272,11108,-1,-1,1,0,ecd8be79,43.9,0
2341,52056,52052045,77773,-1,-1,1,0,6c97c69f,46.8,1
2342,52159,52152022,99977,-1,-1,1,0,4f4057e6,37.3,0
2343,52167,52163135,11113,-1,-1,1,0,fd1cbc5b,39.0,0
2344,52178,52174242,11107,-1,-1,1,0,fd1cbc5b,40.4,0
2345,52189,52185347,11105,-1,-1,1,0,fd1cbc5b,41.7,0
2346,52200,52196457,11110,-1,-1,1,0,e702541f,42.9,0
2347,52211,52207567,11110,-1,-1,1,0,849798a4,44.1,0
2348,52222,52218676,11109,-1,-1,1,0,849798a4,45.2,0
2349,52233,52229787,11111,-1,-1,1,0,849798a4,46.2,0
2350,52244,52240895,11108,-1,-1,1,0,849798a4,47.2,1
2351,52355,52340876,99981,-1,-1,1,0,9d0b1761,40.1,0
2352,52358,52351985,11109,-1,-1,1,0,fd1cbc5b,41.6,0
2353,52367,52363103,11118,-1,-1,1,0,4e4db468,42.6,0
2354,52378,52374203,11100,-1,-1,1,0,9b6ffed0,43.5,0
2355,52389,52385309,11106,-1,-1,1,0,0a006c5e,44.3,0
2356,52400,52396423,11114,-1,-1,1,0,8d234417,45.1,0
2357,52411,52407535,11112,-1,-1,1,0,c167f70f,45.9,0
2358,52422,52418641,11106,-1,-1,1,0,034a7767,46.6,0
2359,52433,52429751,11110,-1,-1,1,0,bae67f98,47.3,1
2360,52542,52529734,99983,-1,-1,1,0,ea3a37d8,42.0,0
2361,52545,52540853,11119,-1,-1,1,0,67e4a607,43.1,0
2362,52555,52551955,11102,-1,-1,1,0,67e4a607,43.9,0
2363,52566,52563060,11105,-1,-1,1,0,ea3a37d8,44.4,0
2364,52578,52574168,11108,-1,-1,1,0,ecd8be79,45.1,0
2365,52589,52585279,11111,-1,-1,1,0,11898753,45.7,0
2366,52600,52596389,11110,-1,-1,1,0,795d4f84,46.3,0
2367,52611,52607496,11107,-1,-1,1,0,2136cc22,46.8,0
2368,52622,52618605,11109,-1,-1,1,0,bae67f98,47.4,1
2369,52731,52718586,99981,-1,-1,1,0,11898753,43.1,0
2370,52734,52729707,11121,-1,-1,1,0,ecd8be79,44.0,0
2371,52744,52740810,11103,-1,-1,1,0,f788dbfe,44.6,0
2372,52758,52751918,11108,-1,-1,1,0,f788dbfe,45.0,0
2373,52766,52763034,11116,-1,-1,1,1000,f788dbfe,111.1,0
2374,52778,52774134,11100,-1,-1,1,0,f788dbfe,100.0,0
2375,52789,52785245,11111,-1,-1,1,0,9d8ca575,96.8,0
2376,52800,52796356,11111,-1,-1,1,0,78a3365d,95.2,0
2377,52811,52807465,11109,-1,-1,1,0,39b444e6,94.3,1
2378,52922,52918556,111091,-1,-1,1,0,acff0d8c,36.6,0
2379,52933,52929674,11118,-1,-1,1,0,acff0d8c,40.0,0
2380,52944,52940775,11101,-1,-1,1,0,f788dbfe,43.0,0
2381,52955,52951883,11108,-1,-1,1,0,f788dbfe,45.7,0
2382,52966,52962991,11108,-1,-1,1,0,f788dbfe,48.1,0
2383,52978,52974102,11111,-1,-1,1,0,f788dbfe,50.0,0
2384,52989,52985210,11108,-1,-1,1,0,9d8ca575,51.9,0
2385,53000,52996319,11109,-1,-1,1,0,f788dbfe,53.7,0
2386,53011,53007428,11109,-1,-1,1,0,f788dbfe,55.3,1
2387,53122,53107412,99984,-1,-1,1,0,64c9c0c0,41.2,0
2388,53125,53118524,11112,-1,-1,1,0,64c9c0c0,43.6,0
2389,53133,53129638,11114,-1,-1,1,0,64c9c0c0,45.3,0
2390,53144,53140738,11100,-1,-1,1,0,ecd8be79,46.6,0
2391,53155,53151847,11109,-1,-1,1,0,acff0d8c,47.9,0
2392,53166,53162958,11111,-1,-1,1,0,f788dbfe,49.0,0
2393,53177,53174070,11112,-1,-1,1,0,2957c1a8,50.1,0
2394,53189,53185176,11106,-1,-1,1,0,2957c1a8,51.0,0
2395,53200,53196286,11110,-1,-1,1,0,4371819f,52.0,1
2396,53331,53318483,122197,-1,-1,1,0,034a7767,41.9,0
2397,53334,53329608,11125,-1,-1,1,0,034a7767,43.4,0
2398,53344,53340707,11099,-1,-1,1,0,bae67f98,44.4,0
2399,53355,53351814,11107,-1,-1,1,0,a814149f,45.2,0
2400,53366,53362921,11107,-1,-1,1,0,a814149f,46.1,0
2401,53378,53374031,11110,-1,-1,1,0,2dcc7b3f,46.8,0
2402,53389,53385142,11111,-1,-1,1,0,73e1d2b5,47.5,0
2403,53400,53396255,11113,-1,-1,1,0,73e1d2b5,48.3,0
2404,53411,53407361,11106,-1,-1,1,0,73e1d2b5,49.0,1
2405,53519,53507345,99984,-1,-1,1,0,a814149f,43.4,0
2406,53523,53518459,11114,-1,-1,1,0,89d9e637,44.4,0
2407,53533,53529568,11109,-1,-1,1,0,89d9e637,45.2,0
2408,53544,53540670,11102,-1,-1,1,0,89d9e637,45.8,0
2409,53555,53551780,11110,-1,-1,1,0,ddf31e0c,46.4,0
2410,53566,53562888,11108,-1,-1,1,0,08ae3b4a,47.0,0
2411,53577,53573999,11111,-1,-1,1,0,a2bdf087,47.6,0
2412,53589,53585106,11107,-1,-1,1,0,a2bdf087,48.1,0
2413,53600,53596219,11113,-1,-1,1,0,a2bdf087,48.7,1
2414,53710,53696195,99976,-1,-1,1,0,910e0daf,44.1,0
2415,53713,53707307,11112,-1,-1,1,0,dedbd1de,45.0,0
2416,53722,53718422,11115,-1,-1,1,0,435a37c6,45.6,0
2417,53733,53729535,11113,-1,-1,1,0,34caffce,46.2,0
2418,53744,53740636,11101,-1,-1,1,0,0bb1a269,46.7,0
2419,53755,53751749,11113,-1,-1,1,0,0bb1a269,47.1,0
2420,53776,53762855,11106,-1,-1,1,0,969a2f70,100.0,0
2421,53779,53773974,11119,-1,-1,1,0,4e3c36b4,153.8,0
2422,53789,53785074,11100,-1,-1,1,0,d494f717,130.4,1
2423,53900,53896161,111087,-1,-1,1,0,83ae629d,29.9,0
2424,53911,53907280,11119,-1,-1,1,0,775db0d8,34.5,0
2425,53922,53918385,11105,-1,-1,1,0,83ae629d,38.5,0
2426,53933,53929495,11110,-1,-1,1,0,d494f717,41.9,0
2427,53944,53940603,11108,-1,-1,1,0,c8986aa6,44.9,0
2428,53955,53951717,11114,-1,-1,1,0,5ace2ab1,47.6,0
2429,53966,53962821,11104,-1,-1,1,0,caf9d521,50.0,0
2430,54051,53973932,11111,-1,-1,1,0,cdba7e51,38.6,0
2431,54055,54051701,77769,-1,-1,1,0,97ded6f1,41.5,1
2432,54160,54151680,99979,-1,-1,1,0,83ae629d,33.0,0
2433,54166,54162793,11113,-1,-1,1,0,83ae629d,35.0,0
2434,54177,54173896,11103,-1,-1,1,0,83ae629d,36.5,0
2435,54188,54185009,11113,-1,-1,1,0,83ae629d,37.9,0
2436,54200,54196114,11105,-1,-1,1,0,9bb5720a,39.2,0
2437,54211,54207224,11110,-1,-1,1,0,9f1a8373,40.4,0
2438,54222,54218334,11110,-1,-1,1,0,9bb5720a,41.7,0
2439,54233,54229446,11112,-1,-1,1,0,9bb5720a,42.8,0
2440,54244,54240553,11107,-1,-1,1,0,edbb988b,43.9,1
2441,54355,54340538,99985,-1,-1,1,0,163f66d6,37.4,0
2442,54358,54351638,11100,-1,-1,1,0,67d26339,38.9,0
2443,54366,54362757,11119,-1,-1,1,0,969a2f70,40.0,0
2444,54377,54373860,11103,-1,-1,1,0,336de4a1,40.9,0
2445,54388,54384971,11111,-1,-1,1,0,336de4a1,41.8,0
2446,54400,54396081,11110,-1,-1,1,0,336de4a1,42.6,0
2447,54411,54407189,11108,-1,-1,1,0,67d26339,43.4,0
2448,54422,54418298,11109,-1,-1,1,0,67d26339,44.2,0
2449,54433,54429412,11114,-1,-1,1,0,a8088e3c,45.0,1
2450,54543,54529391,99979,-1,-1,1,0,83ae629d,39.9,0
2451,54547,54540497,11106,-1,-1,1,0,25af106a,41.0,0
2452,54555,54551612,11115,-1,-1,1,0,25af106a,41.8,0
2453,54566,54562718,11106,-1,-1,1,0,85ac5189,42.5,0
2454,54577,54573834,11116,-1,-1,1,0,4e3c36b4,43.2,0
2455,54588,54584936,11102,-1,-1,1,0,163f66d6,43.8,0
2456,54599,54596047,11111,-1,-1,1,0,67d26339,44.4,0
2457,54611,54607153,11106,-1,-1,1,0,67d26339,45.0,0
2458,54622,54618269,11116,-1,-1,1,0,163f66d6,45.6,1
2459,54732,54718250,99981,-1,-1,1,0,3bafd334,41.4,0
2460,54735,54729358,11108,-1,-1,1,0,3bafd334,42.3,0
2461,54744,54740468,11110,-1,-1,1,0,25af106a,42.9,0
2462,54755,54751574,11106,-1,-1,1,0,25af106a,43.5,0
2463,54775,54762686,11112,-1,-1,1,0,25af106a,111.1,0
2464,54778,54773802,11116,-1,-1,1,0,25af106a,166.7,0
2465,54788,54784903,11101,-1,-1,1,0,25af106a,136.4,0
2466,54800,54796008,11105,-1,-1,1,0,4e3c36b4,117.6,0
2467,54811,54807118,11110,-1,-1,1,0,4e3c36b4,111.1,1
2468,54921,54907111,99993,-1,-1,1,0,d494f717,38.7,0
2469,54924,54918211,11100,-1,-1,1,0,d494f717,44.3,0
2470,54933,54929326,11115,-1,-1,1,0,767eaa99,47.9,0
2471,54944,54940430,11104,-1,-1,1,0,767eaa99,50.6,0
2472,54955,54951549,11119,-1,-1,1,0,b56dab24,52.9,0
2473,54966,54962647,11098,-1,-1,1,0,c8986aa6,55.0,0
2474,54977,54973759,11112,-1,-1,1,0,c8986aa6,56.9,0
2475,54988,54984866,11107,-1,-1,1,0,c8986aa6,58.6,0
2476,54999,54995979,11113,-1,-1,1,0,d494f717,60.1,1
2477,55109,55095957,99978,-1,-1,1,0,2a9497f6,43.7,0
2478,55112,55107069,11112,-1,-1,1,0,5d8381c3,46.2,0
2479,55122,55118179,11110,-1,-1,1,0,70a032e4,47.8,0
2480,55133,55129289,11110,-1,-1,1,0,caf9d521,49.0,0
2481,55144,55140395,11106,-1,-1,1,0,cdba7e51,50.3,0
2482,55155,55151503,11108,-1,-1,1,0,cdba7e51,51.4,0
2483,55166,55162616,11113,-1,-1,1,0,9154c141,52.5,0
2484,55177,55173728,11112,-1,-1,1,0,e4436366,53.5,0
2485,55188,55184831,11103,-1,-1,1,0,e4436366,54.5,1
2486,55299,55284813,99982,-1,-1,1,0,e4436366,45.0,0
2487,55302,55295925,11112,-1,-1,1,0,97ded6f1,46.6,0
2488,55310,55307041,11116,-1,-1,1,0,4f4f4dac,47.8,0
2489,55322,55318143,11102,-1,-1,1,0,209db904,48.6,0
2490,55333,55329253,11110,-1,-1,1,0,19401ac4,49.4,0
2491,55344,55340363,11110,-1,-1,1,0,c84160d2,50.2,0
2492,55355,55351469,11106,-1,-1,1,0,9509e1cb,50.9,0
2493,55366,55362574,11105,-1,-1,1,0,2a69cd6a,51.7,0
2494,55377,55373688,11114,-1,-1,1,0,ec920045,52.4,1
2495,55488,55473668,99980,-1,-1,1,0,f5d81123,45.7,0
2496,55491,55484784,11116,-1,-1,1,0,209db904,46.9,0
2497,55499,55495894,11110,-1,-1,1,0,80d61ed9,47.7,0
2498,55511,55506998,11104,-1,-1,1,0,80d61ed9,48.3,0
2499,55522,55518107,11109,-1,-1,1,0,209db904,48.9,0
2500,55533,55529218,11111,-1,-1,1,0,209db904,49.5,0
2501,55544,55540329,11111,-1,-1,1,0,209db904,50.1,0
2502,55555,55551436,11107,-1,-1,1,0,209db904,50.7,0
2503,55566,55562547,11111,-1,-1,1,0,97ded6f1,51.2,1
2504,55676,55662528,99981,-1,-1,1,0,209db904,46.2,0
2505,55680,55673635,11107,-1,-1,1,0,80d61ed9,47.0,0
2506,55688,55684754,11119,-1,-1,1,0,97ded6f1,47.7,0
2507,55699,55695856,11102,-1,-1,1,0,97ded6f1,48.2,0
2508,55710,55706969,11113,-1,-1,1,0,e4436366,48.7,0
2509,55722,55718073,11104,-1,-1,1,0,59a86b1f,49.2,0
2510,55733,55729184,11111,-1,-1,1,0,9154c141,49.6,0
2511,55744,55740293,11109,-1,-1,1,0,9154c141,50.1,0
2512,55755,55751402,11109,-1,-1,1,0,e4436366,50.6,1
2513,55879,55873774,122372,-1,-1,1,0,209db904,142.9,0
2514,55888,55884720,10946,-1,-1,1,0,80d61ed9,125.0,0
2515,55899,55895822,11102,-1,-1,1,0,80d61ed9,111.1,0
2516,55911,55906933,11111,-1,-1,1,0,80d61ed9,102.6,0
2517,55921,55918044,11111,-1,-1,1,0,80d61ed9,102.0,0
2518,55933,55929155,11111,-1,-1,1,0,4f4f4dac,98.4,0
2519,55944,55940259,11104,-1,-1,1,0,97ded6f1,97.2,0
2520,56033,55951367,11108,-1,-1,1,0,97ded6f1,49.7,0
2521,56036,56029140,77773,-1,-1,1,0,07770ecc,54.9,1
2522,56144,56129120,99980,-1,-1,1,0,4f4f4dac,36.8,0
2523,56147,56140224,11104,-1,-1,1,0,4e2f309a,40.0,0
2524,56155,56151340,11116,-1,-1,1,0,c84160d2,42.4,0
2525,56166,56162444,11104,-1,-1,1,0,cca1a448,44.2,0
2526,56177,56173561,11117,-1,-1,1,0,243360bd,45.9,0
2527,56188,56184659,11098,-1,-1,1,0,243360bd,47.5,0
2528,56199,56195776,11117,-1,-1,1,0,0562c92a,48.9,0
2529,56210,56206878,11102,-1,-1,1,0,cca1a448,50.3,0
2530,56222,56217987,11109,-1,-1,1,0,0f6eca2a,51.4,1
2531,56334,56329083,111096,-1,-1,1,0,3bddfc2b,41.1,0
2532,56344,56340194,11111,-1,-1,1,0,e0fd60ed,42.4,0
2533,56355,56351304,11110,-1,-1,1,0,6cd9b615,43.5,0
2534,56366,56362408,11104,-1,-1,1,0,b17d9360,44.5,0
2535,56377,56373520,11112,-1,-1,1,0,7022eea5,45.5,0
2536,56388,56384634,11114,-1,-1,1,0,331ee16a,46.5,0
2537,56399,56395738,11104,-1,-1,1,0,ed34ef2b,47.4,0
2538,56410,56406846,11108,-1,-1,1,0,7b2b68d1,48.3,0
2539,56421,56417955,11109,-1,-1,1,0,9bc4e4df,49.2,1
2540,56533,56517936,99981,-1,-1,1,0,11eef8a6,42.4,0
2541,56536,56529051,11115,-1,-1,1,0,57ec504c,43.7,0
2542,56544,56540162,11111,-1,-1,1,0,57ec504c,44.6,0
2543,56555,56551268,11106,-1,-1,1,0,ed34ef2b,45.4,0
2544,56566,56562371,11103,-1,-1,1,0,ed34ef2b,46.1,0
2545,56577,56573484,11113,-1,-1,1,0,ed34ef2b,46.8,0
2546,56588,56584590,11106,-1,-1,1,0,7b2b68d1,47.5,0
2547,56599,56595700,11110,-1,-1,1,0,7b2b68d1,48.1,0
2548,56610,56606808,11108,-1,-1,1,0,727316b0,48.8,1
2549,56722,56717901,111093,-1,-1,1,0,d0bcb127,43.5,0
2550,56732,56729024,11123,-1,-1,1,0,b550b86f,44.2,0
2551,56744,56740124,11100,-1,-1,1,0,8cf8381f,44.7,0
2552,56755,56751231,11107,-1,-1,1,0,8cf8381f,45.3,0
2553,56766,56762344,11113,-1,-1,1,0,28746787,45.9,0
2554,56777,56773451,11107,-1,-1,1,0,28746787,46.4,0
2555,56788,56784556,11105,-1,-1,1,0,3dc7ebf0,46.9,0
2556,56799,56795667,11111,-1,-1,1,0,3dc7ebf0,47.5,0
2557,56810,56806779,11112,-1,-1,1,0,527c7758,48.0,1
2558,56934,56928978,122199,-1,-1,1,0,94d9de28,125.0,0
2559,56944,56940089,11111,-1,-1,1,0,3dc7ebf0,111.1,0
2560,56955,56951205,11116,-1,-1,1,0,4df680e0,103.4,0
2561,56966,56962306,11101,-1,-1,1,0,b4a90b08,100.0,0
2562,56977,56973413,11107,-1,-1,1,0,d0bcb127,98.0,0
2563,56988,56984522,11109,-1,-1,1,0,f4a0d744,96.8,0
2564,56999,56995632,11110,-1,-1,1,0,60359fb5,95.9,0
2565,57010,57006739,11107,-1,-1,1,0,9bc4e4df,95.2,0
2566,57021,57017848,11109,-1,-1,1,0,9bc4e4df,94.7,1
2567,57132,57117832,99984,-1,-1,1,0,fadd1c33,48.5,0
2568,57135,57128941,11109,-1,-1,1,0,fadd1c33,52.6,0
2569,57144,57140055,11114,-1,-1,1,0,019e2e40,55.0,0
2570,57155,57151160,11105,-1,-1,1,0,60359fb5,56.8,0
2571,57166,57162270,11110,-1,-1,1,0,60359fb5,58.3,0
2572,57177,57173380,11110,-1,-1,1,0,ae63e898,59.8,0
2573,57188,57184488,11108,-1,-1,1,0,ae63e898,61.1,0
2574,57199,57195598,11110,-1,-1,1,0,11eef8a6,62.3,0
2575,57210,57206711,11113,-1,-1,1,0,57ec504c,63.4,1
2576,57321,57306691,99980,-1,-1,1,0,d81d6c80,48.1,0
2577,57324,57317800,11109,-1,-1,1,0,ecb95fc5,50.3,0
2578,57333,57328914,11114,-1,-1,1,0,50c8a842,51.6,0
2579,57343,57340019,11105,-1,-1,1,0,7760c51d,52.8,0
2580,57355,57351126,11107,-1,-1,1,0,3c4934e7,53.6,0
2581,57366,57362234,11108,-1,-1,1,0,a634f6c2,54.5,0
2582,57377,57373345,11111,-1,-1,1,0,77d19ebe,55.4,0
2583,57388,57384452,11107,-1,-1,1,0,3c303565,56.3,0
2584,57399,57395569,11117,-1,-1,1,0,ebfae58e,57.1,1
2585,57512,57506653,111084,-1,-1,1,0,0b50dcbd,47.8,0
2586,57521,57517774,11121,-1,-1,1,0,58516691,48.7,0
2587,57532,57528878,11104,-1,-1,1,0,bdcbfded,49.5,0
2588,57543,57539982,11104,-1,-1,1,0,82bb35a8,50.2,0
2589,57555,57551094,11112,-1,-1,1,0,751095f2,50.9,0
2590,57566,57562205,11111,-1,-1,1,0,751095f2,51.6,0
2591,57577,57573314,11109,-1,-1,1,0,751095f2,52.2,0
2592,57588,57584420,11106,-1,-1,1,0,751095f2,52.9,0
2593,57599,57595526,11106,-1,-1,1,0,751095f2,53.5,1
2594,57710,57695513,99987,-1,-1,1,0,bdcbfded,47.2,0
2595,57713,57706621,11108,-1,-1,1,0,31a9685a,48.3,0
2596,57721,57717735,11114,-1,-1,1,0,dd95d6c3,49.1,0
2597,57733,57728841,11106,-1,-1,1,0,b236d1dc,49.6,0
2598,57743,57739952,11111,-1,-1,1,0,0608af55,50.2,0
2599,57754,57751057,11105,-1,-1,1,0,c049cdc9,50.7,0
2600,57766,57762165,11108,-1,-1,1,0,45601d7b,51.2,0
2601,57777,57773279,11114,-1,-1,1,0,b6a3162a,51.7,0
2602,57788,57784384,11105,-1,-1,1,0,ce3a246b,52.2,1
2603,57897,57884370,99986,-1,-1,1,0,c136337d,47.4,0
2604,57900,57895490,11120,-1,-1,1,0,e0315f0e,48.3,0
2605,57910,57906593,11103,-1,-1,1,0,b236d1dc,48.8,0
2606,57921,57917696,11103,-1,-1,1,0,e153d9fb,49.2,0
2607,57939,57928808,11112,-1,-1,1,0,5d1e7dab,142.9,0
2608,57944,57939921,11113,-1,-1,1,0,9349951b,166.7,0
2609,57955,57951024,11103,-1,-1,1,0,9b245491,130.4,0
2610,58044,57962135,11111,-1,-1,1,0,c4afa2ea,35.7,0
2611,58047,58039905,77770,-1,-1,1,0,92ca410b,43.5,1
2612,58156,58150989,111084,-1,-1,1,0,c2badb4d,26.8,0
2613,58166,58162106,11117,-1,-1,1,0,5d9080b3,29.9,0
2614,58177,58173207,11101,-1,-1,1,0,5d9080b3,32.7,0
2615,58188,58184316,11109,-1,-1,1,0,0e7390b4,35.2,0
2616,58199,58195425,11109,-1,-1,1,0,6d4e85ac,37.5,0
2617,58210,58206535,11110,-1,-1,1,0,fcb87516,39.6,0
2618,58221,58217644,11109,-1,-1,1,0,fcdb15d8,41.5,0
2619,58232,58228756,11112,-1,-1,1,0,c4ed4492,43.3,0
2620,58243,58239864,11108,-1,-1,1,0,d9304964,45.0,1
2621,58355,58350953,111089,-1,-1,1,0,6e875023,35.5,0
2622,58366,58362068,11115,-1,-1,1,0,c4ed4492,36.9,0
2623,58377,58373174,11106,-1,-1,1,0,20e405fc,38.2,0
2624,58388,58384282,11108,-1,-1,1,0,a13f9a19,39.5,0
2625,58399,58395394,11112,-1,-1,1,0,b21f70b7,40.7,0
2626,58410,58406508,11114,-1,-1,1,0,0400b7b8,41.8,0
2627,58421,58417611,11103,-1,-1,1,0,a6477df9,42.9,0
2628,58432,58428719,11108,-1,-1,1,0,777a7ac1,44.0,0
2629,58443,58439827,11108,-1,-1,1,0,7d0d0bd4,45.0,1
2630,58555,58550916,111089,-1,-1,1,0,45601d7b,38.5,0
2631,58566,58562033,11117,-1,-1,1,0,cf0d6e53,39.4,0
2632,58577,58573140,11107,-1,-1,1,0,7bd8600b,40.3,0
2633,58588,58584248,11108,-1,-1,1,0,24910522,41.2,0
2634,58599,58595360,11112,-1,-1,1,0,7bd8600b,42.0,0
2635,58610,58606467,11107,-1,-1,1,0,d9304964,42.8,0
2636,58621,58617577,11110,-1,-1,1,0,45601d7b,43.5,0
2637,58632,58628686,11109,-1,-1,1,0,d4348204,44.3,0
2638,58643,58639795,11109,-1,-1,1,0,9f20b16b,45.0,1
2639,58754,58739775,99980,-1,-1,1,0,a23a112c,40.1,0
2640,58758,58750888,11113,-1,-1,1,0,a23a112c,41.2,0
2641,58765,58762004,11116,-1,-1,1,0,258da019,42.0,0
2642,58777,58773106,11102,-1,-1,1,0,b82d32d4,42.6,0
2643,58788,58784212,11106,-1,-1,1,0,b82d32d4,43.2,0
2644,58799,58795324,11112,-1,-1,1,0,b82d32d4,43.8,0
2645,58810,58806433,11109,-1,-1,1,0,b82d32d4,44.4,0
2646,58821,58817546,11113,-1,-1,1,0,b82d32d4,45.0,0
2647,58832,58828653,11107,-1,-1,1,0,258da019,45.6,1
2648,58960,58950863,122210,-1,-1,1,0,b3c6fa2a,125.0,0
2649,58965,58961969,11106,-1,-1,1,0,b3c6fa2a,153.8,0
2650,58977,58973071,11102,-1,-1,1,0,c308ba59,120.0,0
2651,58988,58984178,11107,-1,-1,1,0,656d2cb7,111.1,0
2652,58999,58995292,11114,-1,-1,1,0,b82d32d4,106.4,0
2653,59010,59006405,11113,-1,-1,1,0,b82d32d4,103.4,0
2654,59021,59017507,11102,-1,-1,1,0,a23a112c,101.4,0
2655,59032,59028617,11110,-1,-1,1,0,b82d32d4,100.0,0
2656,59043,59039732,11115,-1,-1,1,0,a23a112c,98.9,1
2657,59156,59150812,111080,-1,-1,1,0,48b17250,49.0,0
2658,59165,59161933,11121,-1,-1,1,0,62a3d098,51.6,0
2659,59176,59173043,11110,-1,-1,1,0,62a3d098,53.6,0
2660,59188,59184143,11100,-1,-1,1,0,62a3d098,55.1,0
2661,59199,59195257,11114,-1,-1,1,0,d589cc3f,56.7,0
2662,59210,59206366,11109,-1,-1,1,0,48b17250,58.1,0
2663,59221,59217476,11110,-1,-1,1,0,10ccc98d,59.5,0
2664,59232,59228582,11106,-1,-1,1,0,10ccc98d,60.7,0
2665,59243,59239699,11117,-1,-1,1,0,ec751728,61.9,1
2666,59354,59339675,99976,-1,-1,1,0,eeda05dd,47.3,0
2667,59357,59350787,11112,-1,-1,1,0,6ab0b94a,49.4,0
2668,59365,59361901,11114,-1,-1,1,0,89540303,50.8,0
2669,59377,59373003,11102,-1,-1,1,0,07467091,51.8,0
2670,59388,59384116,11113,-1,-1,1,0,07467091,52.8,0
2671,59399,59395220,11104,-1,-1,1,0,c491311a,53.7,0
2672,59410,59406327,11107,-1,-1,1,0,ceea96e7,54.6,0
2673,59421,59417439,11112,-1,-1,1,0,c491311a,55.4,0
2674,59432,59428553,11114,-1,-1,1,0,bc412262,56.2,1
2675,59544,59539640,111087,-1,-1,1,0,7d7377c3,47.3,0
2676,59554,59550768,11128,-1,-1,1,0,5ca1783b,48.2,0
2677,59565,59561859,11091,-1,-1,1,0,5ca1783b,48.9,0
2678,59576,59572979,11120,-1,-1,1,0,5ca1783b,49.7,0
2679,59588,59584082,11103,-1,-1,1,0,a5f4b3c1,50.3,0
2680,59599,59595186,11104,-1,-1,1,0,1289e3bf,51.0,0
2681,59610,59606299,11113,-1,-1,1,0,a6545444,51.7,0
2682,59621,59617409,11110,-1,-1,1,0,f0b0a0c5,52.3,0
2683,59632,59628511,11102,-1,-1,1,0,5248c2b3,52.9,1
2684,59744,59739612,111101,-1,-1,1,0,58a2cef9,46.7,0
2685,59754,59750726,11114,-1,-1,1,0,328cb2f4,47.4,0
2686,59765,59761822,11096,-1,-1,1,0,13895c6d,48.0,0
2687,59777,59772940,11118,-1,-1,1,0,3fcbdbda,48.5,0
2688,59787,59784047,11107,-1,-1,1,0,7c7df163,49.1,0
2689,59799,59795152,11105,-1,-1,1,0,ecbc47bc,49.6,0
2690,59810,59806267,11115,-1,-1,1,0,5e3b0716,50.1,0
2691,59821,59817371,11104,-1,-1,1,0,b5dc4627,50.6,0
2692,59832,59828476,11105,-1,-1,1,0,c1fa3a32,51.1,1
2693,59943,59939569,111093,-1,-1,1,0,6b61ed42,46.4,0
2694,59954,59950692,11123,-1,-1,1,0,b4e1f1ca,46.9,0
2695,59965,59961796,11104,-1,-1,1,0,d22bf20a,100.0,0
2696,59976,59972898,11102,-1,-1,1,0,84a436bd,95.2,0
2697,59987,59984013,11115,-1,-1,1,0,f15ad2f0,93.8,0
2698,59999,59995118,11105,-1,-1,1,0,1c79779f,90.9,0
2699,60010,60006228,11110,-1,-1,1,0,bd35b01f,90.9,0
2700,60099,60017336,11108,-1,-1,1,0,2b3063d5,41.7,0
2701,60102,60095107,77771,-1,-1,1,0,21112fd9,47.6,1
2702,60211,60206189,111082,-1,-1,1,0,c82ab446,31.2,0
2703,60221,60217310,11121,-1,-1,1,0,60428fba,33.8,0
2704,60232,60228410,11100,-1,-1,1,0,0f180d0d,36.1,0
2705,60243,60239523,11113,-1,-1,1,0,642af24b,38.2,0
2706,60254,60250632,11109,-1,-1,1,0,83a4b779,40.1,0
2707,60265,60261744,11112,-1,-1,1,0,7e306c84,41.9,0
2708,60276,60272851,11107,-1,-1,1,0,ba08944a,43.6,0
2709,60287,60283959,11108,-1,-1,1,0,396757a6,45.2,0
2710,60300,60295063,11104,-1,-1,1,0,d6a4b00b,46.4,1
2711,60411,60406158,111095,-1,-1,1,0,d3d5e089,37.3,0
2712,60421,60417273,11115,-1,-1,1,0,b07ae14a,38.6,0
2713,60432,60428374,11101,-1,-1,1,0,7b5688b3,39.8,0
2714,60443,60439488,11114,-1,-1,1,0,592bec9a,41.0,0
2715,60454,60450592,11104,-1,-1,1,0,c6803d69,42.1,0
2716,60465,60461703,11111,-1,-1,1,0,22471279,43.1,0
2717,60476,60472810,11107,-1,-1,1,0,57c30cd4,44.1,0
2718,60488,60483926,11116,-1,-1,1,0,abc24428,45.0,0
2719,60498,60495032,11106,-1,-1,1,0,4ddc3c88,46.0,1
2720,60609,60595014,99982,-1,-1,1,0,cbababf9,39.8,0
2721,60612,60606122,11108,-1,-1,1,0,bc9e081d,41.1,0
2722,60621,60617239,11117,-1,-1,1,0,f33a8657,42.0,0
2723,60632,60628344,11105,-1,-1,1,0,e70cfc2f,42.8,0
2724,60643,60639452,11108,-1,-1,1,0,1ca36ecd,43.6,0
2725,60654,60650560,11108,-1,-1,1,0,1ca36ecd,44.3,0
2726,60665,60661671,11111,-1,-1,1,0,1ca36ecd,45.1,0
2727,60676,60672778,11107,-1,-1,1,0,1ca36ecd,45.8,0
2728,60687,60683890,11112,-1,-1,1,0,1ca36ecd,46.4,1
2729,60800,60794980,111090,-1,-1,1,0,1ca36ecd,41.4,0
2730,60810,60806095,11115,-1,-1,1,0,acd2a106,42.1,0
2731,60821,60817200,11105,-1,-1,1,0,e755b923,42.7,0
2732,60832,60828306,11106,-1,-1,1,0,8fc0919a,43.3,0
2733,60843,60839421,11115,-1,-1,1,0,2c677081,43.9,0
2734,60854,60850527,11106,-1,-1,1,0,33489d37,44.5,0
2735,60865,60861635,11108,-1,-1,1,0,56308174,45.1,0
2736,60876,60872742,11107,-1,-1,1,0,c056b675,45.6,0
2737,60887,60883857,11115,-1,-1,1,0,d1802b9c,46.1,1
2738,61013,61006060,122203,-1,-1,1,0,401d3a11,166.7,0
2739,61021,61017172,11112,-1,-1,1,0,83a28f68,142.9,0
2740,61032,61028277,11105,-1,-1,1,0,83a28f68,120.0,0
2741,61043,61039383,11106,-1,-1,1,0,f7de4b54,111.1,0
2742,61054,61050496,11113,-1,-1,1,0,f3a1a536,106.4,0
2743,61065,61061600,11104,-1,-1,1,0,677ce5c9,103.4,0
2744,61076,61072713,11113,-1,-1,1,0,01e87074,101.4,0
2745,61087,61083822,11109,-1,-1,1,0,01e87074,100.0,0
2746,61098,61094935,11113,-1,-1,1,0,01e87074,98.9,1
2747,61209,61194911,99976,-1,-1,1,0,abb19af5,49.5,0
2748,61213,61206028,11117,-1,-1,1,0,6864cc54,53.4,0
2749,61221,61217141,11113,-1,-1,1,0,abb19af5,56.1,0
2750,61232,61228238,11097,-1,-1,1,0,df0bb85b,57.8,0
2751,61243,61239348,11110,-1,-1,1,0,0020f423,59.3,0
2752,61254,61250459,11111,-1,-1,1,0,78334282,60.7,0
2753,61265,61261565,11106,-1,-1,1,0,16aa1c9a,62.0,0
2754,61276,61272673,11108,-1,-1,1,0,3a266de5,63.2,0
2755,61287,61283790,11117,-1,-1,1,0,0b5d889b,64.3,1
2756,61400,61394885,111095,-1,-1,1,0,f2ca755f,48.3,0
2757,61409,61405991,11106,-1,-1,1,0,4e4abf32,49.8,0
2758,61421,61417094,11103,-1,-1,1,0,bc9dd755,50.7,0
2759,61432,61428202,11108,-1,-1,1,0,bc9dd755,51.8,0
2760,61443,61439319,11117,-1,-1,1,0,4e4abf32,52.8,0
2761,61454,61450424,11105,-1,-1,1,0,4e4abf32,53.7,0
2762,61465,61461533,11109,-1,-1,1,0,4e4abf32,54.6,0
2763,61476,61472642,11109,-1,-1,1,0,bc9dd755,55.4,0
2764,61487,61483761,11119,-1,-1,1,0,a8dea8fa,56.2,1
2765,61599,61583731,99970,-1,-1,1,0,572afd6b,47.3,0
2766,61602,61594850,11119,-1,-1,1,0,ad7ed68c,48.7,0
2767,61609,61605953,11103,-1,-1,1,0,ad7ed68c,49.8,0
2768,61620,61617061,11108,-1,-1,1,0,ad7ed68c,50.6,0
2769,61632,61628168,11107,-1,-1,1,0,ad7ed68c,51.2,0
2770,61643,61639283,11115,-1,-1,1,0,deb884f3,51.9,0
2771,61654,61650389,11106,-1,-1,1,0,df0bb85b,52.6,0
2772,61665,61661499,11110,-1,-1,1,0,bc9dd755,53.2,0
2773,61676,61672614,11115,-1,-1,1,0,4e4abf32,53.8,1
2774,61788,61783698,111084,-1,-1,1,0,eaa46bfd,47.4,0
2775,61798,61794815,11117,-1,-1,1,0,3a266de5,48.0,0
2776,61809,61805921,11106,-1,-1,1,0,45fed1e4,48.6,0
2777,61821,61817031,11110,-1,-1,1,0,45fed1e4,49.1,0
2778,61832,61828140,11109,-1,-1,1,0,eaa46bfd,49.7,0
2779,61843,61839247,11107,-1,-1,1,0,8f40a1f5,50.2,0
2780,61854,61850355,11108,-1,-1,1,0,8f40a1f5,50.8,0
2781,61865,61861460,11105,-1,-1,1,0,f99f6a3e,51.3,0
2782,61876,61872571,11111,-1,-1,1,0,eaa46bfd,51.8,1
2783,61987,61972559,99988,-1,-1,1,0,41baf718,46.9,0
2784,61990,61983665,11106,-1,-1,1,0,52d5150b,47.8,0
2785,61998,61994779,11114,-1,-1,1,0,52d5150b,48.4,0
2786,62018,62005886,11107,-1,-1,1,0,7e5abcd0,111.1,0
2787,62021,62016999,11113,-1,-1,1,0,41baf718,166.7,0
2788,62032,62028099,11100,-1,-1,1,0,41baf718,130.4,0
2789,62043,62039217,11118,-1,-1,1,0,5ffc3500,117.6,0
2790,62143,62050320,11103,-1,-1,1,0,eaa46bfd,37.3,0
2791,62146,62139200,88880,-1,-1,1,0,52d5150b,43.8,1
2792,62252,62239179,99979,-1,-1,1,0,4e7aeb42,28.8,0
2793,62255,62250294,11115,-1,-1,1,0,4e7aeb42,32.5,0
2794,62265,62261398,11104,-1,-1,1,0,ae1593cf,35.2,0
2795,62276,62272504,11106,-1,-1,1,0,ae1593cf,37.5,0
2796,62287,62283614,11110,-1,-1,1,0,ae1593cf,39.6,0
2797,62298,62294719,11105,-1,-1,1,0,ae1593cf,41.5,0
2798,62309,62305848,11129,-1,-1,1,0,ae1593cf,43.3,0
2799,62320,62316942,11094,-1,-1,1,0,ae1593cf,45.0,0
2800,62331,62328053,11111,-1,-1,1,1000,601bc457,46.4,1
2801,62443,62428030,99977,-1,-1,1,0,cd2e065e,36.9,0
2802,62446,62439147,11117,-1,-1,1,0,cd2e065e,38.9,0
2803,62454,62450255,11108,-1,-1,1,0,cd2e065e,40.4,0
2804,62465,62461363,11108,-1,-1,1,0,cd2e065e,41.7,0
2805,62476,62472469,11106,-1,-1,1,0,cd2e065e,42.8,0
2806,62487,62483582,11113,-1,-1,1,0,cd2e065e,43.9,0
2807,62498,62494689,11107,-1,-1,1,0,cd2e065e,45.0,0
2808,62509,62505798,11109,-1,-1,1,0,d196f126,46.0,0
2809,62520,62516905,11107,-1,-1,1,0,601bc457,47.0,1
2810,62633,62627997,111092,-1,-1,1,0,502c58d1,40.1,0
2811,62643,62639118,11121,-1,-1,1,0,9fa095ad,41.0,0
2812,62654,62650216,11098,-1,-1,1,0,1a69a7a8,41.9,0
2813,62665,62661328,11112,-1,-1,1,0,4afcff2f,42.7,0
2814,62676,62672439,11111,-1,-1,1,0,4afcff2f,43.5,0
2815,62687,62683546,11107,-1,-1,1,0,4afcff2f,44.2,0
2816,62698,62694649,11103,-1,-1,1,0,4afcff2f,45.0,0
2817,62709,62705762,11113,-1,-1,1,0,4afcff2f,45.7,0
2818,62720,62716874,11112,-1,-1,1,0,4afcff2f,46.4,1
2819,62833,62827963,111089,-1,-1,1,0,c1e95129,41.3,0
2820,62843,62839080,11117,-1,-1,1,0,c1e95129,42.0,0
2821,62854,62850182,11102,-1,-1,1,0,c1e95129,42.6,0
2822,62865,62861293,11111,-1,-1,1,0,c1e95129,43.2,0
2823,62876,62872402,11109,-1,-1,1,0,3341e41b,43.8,0
2824,62887,62883513,11111,-1,-1,1,0,849d242a,44.4,0
2825,62898,62894623,11110,-1,-1,1,0,3341e41b,45.0,0
2826,62909,62905730,11107,-1,-1,1,0,3341e41b,45.6,0
2827,62920,62916839,11109,-1,-1,1,0,3341e41b,46.1,1
2828,63044,63039098,122259,-1,-1,1,0,c2a08026,142.9,0
2829,63054,63050152,11054,-1,-1,1,0,c2a08026,117.6,0
2830,63065,63061257,11105,-1,-1,1,0,c2a08026,107.1,0
2831,63076,63072367,11110,-1,-1,1,0,c2a08026,102.6,0
2832,63087,63083475,11108,-1,-1,1,0,c2a08026,100.0,0
2833,63098,63094586,11111,-1,-1,1,0,c2a08026,98.4,0
2834,63109,63105693,11107,-1,-1,1,0,c2a08026,97.2,0
2835,63120,63116804,11111,-1,-1,1,0,c2a08026,96.4,0
2836,63131,63127922,11118,-1,-1,1,0,ade3bb47,95.7,1
2837,63244,63239004,111082,-1,-1,1,0,c6904a1a,48.3,0
2838,63254,63250119,11115,-1,-1,1,0,c6904a1a,50.7,0
2839,63265,63261222,11103,-1,-1,1,0,c6904a1a,52.6,0
2840,63276,63272335,11113,-1,-1,1,0,c6904a1a,54.4,0
2841,63287,63283443,11108,-1,-1,1,0,c2a08026,56.0,0
2842,63298,63294551,11108,-1,-1,1,0,c2a08026,57.5,0
2843,63309,63305660,11109,-1,-1,1,0,ade3bb47,58.8,0
2844,63320,63316768,11108,-1,-1,1,0,c6904a1a,60.1,0
2845,63331,63327878,11110,-1,-1,1,0,c6904a1a,61.2,1
2846,63442,63427861,99983,-1,-1,1,0,20a8cc4b,46.9,0
2847,63445,63438973,11112,-1,-1,1,0,2361801a,49.0,0
2848,63454,63450085,11112,-1,-1,1,0,2361801a,50.4,0
2849,63465,63461192,11107,-1,-1,1,0,e9d3fc45,51.4,0
2850,63476,63472299,11107,-1,-1,1,0,e9d3fc45,52.4,0
2851,63487,63483410,11111,-1,-1,1,0,f7df889a,53.3,0
2852,63498,63494516,11106,-1,-1,1,0,b862a557,54.2,0
2853,63509,63505628,11112,-1,-1,1,0,b862a557,55.1,0
2854,63520,63516734,11106,-1,-1,1,0,38ea9321,55.9,1
2855,63632,63627840,111106,-1,-1,1,0,3dcf682a,47.1,0
2856,63643,63638941,11101,-1,-1,1,0,63c08ec3,47.9,0
2857,63653,63650045,11104,-1,-1,1,0,3dcf682a,48.7,0
2858,63665,63661156,11111,-1,-1,1,0,3dcf682a,49.4,0
2859,63676,63672260,11104,-1,-1,1,0,3dcf682a,50.1,0
2860,63687,63683374,11114,-1,-1,1,0,3dcf682a,50.8,0
2861,63698,63694482,11108,-1,-1,1,0,16c97fcc,51.4,0
2862,63709,63705594,11112,-1,-1,1,0,16c97fcc,52.1,0
2863,63720,63716700,11106,-1,-1,1,0,16c97fcc,52.7,1
2864,63846,63838906,122206,-1,-1,1,0,0020f423,45.7,0
2865,63853,63850022,11116,-1,-1,1,0,4ea93df6,46.6,0
2866,63865,63861120,11098,-1,-1,1,0,7670f841,47.1,0
2867,63876,63872237,11117,-1,-1,1,0,0b5d889b,47.7,0
2868,63887,63883339,11102,-1,-1,1,0,629971f2,48.2,0
2869,63898,63894445,11106,-1,-1,1,0,e5e46e2d,48.8,0
2870,63909,63905557,11112,-1,-1,1,0,3569bf55,49.3,0
2871,63920,63916669,11112,-1,-1,1,0,cffe71dd,49.8,0
2872,63931,63927774,11105,-1,-1,1,0,4864b831,50.3,1
2873,64057,64049982,122208,-1,-1,1,0,1cdef4b7,166.7,0
2874,64065,64061091,11109,-1,-1,1,0,d8a65be9,142.9,0
2875,64076,64072193,11102,-1,-1,1,0,ed0da0dc,120.0,0
2876,64087,64083306,11113,-1,-1,1,0,4233221a,111.1,0
2877,64098,64094415,11109,-1,-1,1,0,4233221a,106.4,0
2878,64109,64105523,11108,-1,-1,1,0,ce5ed760,103.4,0
2879,64120,64116632,11109,-1,-1,1,0,ce5ed760,101.4,0
2880,64219,64127739,11107,-1,-1,1,0,fa3fcc29,47.6,0
2881,64222,64216618,88879,-1,-1,1,0,cabc23ee,52.6,1
2882,64331,64316606,99988,-1,-1,1,0,d1802b9c,35.7,0
2883,64334,64327709,11103,-1,-1,1,0,16314d0b,38.9,0
2884,64342,64338819,11110,-1,-1,1,0,d1802b9c,41.2,0
2885,64354,64349923,11104,-1,-1,1,0,d1802b9c,42.9,0
2886,64364,64361034,11111,-1,-1,1,0,16314d0b,44.7,0
2887,64376,64372144,11110,-1,-1,1,0,16314d0b,46.2,0
2888,64387,64383250,11106,-1,-1,1,0,16314d0b,47.6,0
2889,64398,64394360,11110,-1,-1,1,0,eb98126a,49.0,0
2890,64409,64405474,11114,-1,-1,1,0,eb98126a,50.3,1
2891,64521,64516558,111084,-1,-1,1,0,e72debb9,40.4,0
2892,64531,64527679,11121,-1,-1,1,0,eda834d6,41.7,0
2893,64542,64538784,11105,-1,-1,1,0,eda834d6,42.8,0
2894,64553,64549890,11106,-1,-1,1,0,e72debb9,43.8,0
2895,64564,64561004,11114,-1,-1,1,0,e72debb9,44.8,0
2896,64576,64572109,11105,-1,-1,1,0,56308174,45.7,0
2897,64587,64583218,11109,-1,-1,1,0,6ab1a693,46.6,0
2898,64598,64594329,11111,-1,-1,1,0,b6a92902,47.5,0
2899,64609,64605438,11109,-1,-1,1,0,b6a92902,48.4,1
2900,64719,64705421,99983,-1,-1,1,0,a1629d00,41.9,0
2901,64723,64716528,11107,-1,-1,1,0,a1629d00,43.2,0
2902,64731,64727641,11113,-1,-1,1,0,a1629d00,44.1,0
2903,64742,64738746,11105,-1,-1,1,0,a1629d00,44.9,0
2904,64753,64749858,11112,-1,-1,1,0,a1629d00,45.6,0
2905,64764,64760964,11106,-1,-1,1,0,357f263d,46.3,0
2906,64775,64772077,11113,-1,-1,1,0,b6a92902,47.0,0
2907,64787,64783181,11104,-1,-1,1,0,b6a92902,47.6,0
2908,64798,64794291,11110,-1,-1,1,0,b6a92902,48.2,1
2909,64908,64894277,99986,-1,-1,1,0,6ab1a693,43.2,0
2910,64911,64905387,11110,-1,-1,1,0,6ab1a693,44.2,0
2911,64920,64916500,11113,-1,-1,1,0,6ab1a693,44.9,0
2912,64931,64927602,11102,-1,-1,1,0,6ab1a693,45.5,0
2913,64942,64938712,11110,-1,-1,1,0,6ab1a693,46.0,0
2914,64953,64949822,11110,-1,-1,1,0,56308174,46.6,0
2915,64964,64960929,11107,-1,-1,1,0,e72debb9,47.1,0
2916,64976,64972041,11112,-1,-1,1,0,e72debb9,47.6,0
2917,64987,64983150,11109,-1,-1,1,0,56308174,48.1,1
2918,65112,65105357,122207,-1,-1,1,0,a1629d00,142.9,0
2919,65120,65116466,11109,-1,-1,1,0,33489d37,133.3,0
2920,65131,65127570,11104,-1,-1,1,0,33489d37,115.4,0
2921,65142,65138678,11108,-1,-1,1,0,33489d37,108.1,0
2922,65153,65149790,11112,-1,-1,1,0,33489d37,104.2,0
2923,65164,65160897,11107,-1,-1,1,0,a1629d00,101.7,0
2924,65175,65172009,11112,-1,-1,1,0,a1629d00,100.0,0
2925,65187,65183115,11106,-1,-1,1,0,33489d37,97.6,0
2926,65198,65194226,11111,-1,-1,1,0,232f7001,96.8,1
2927,65308,65294206,99980,-1,-1,1,0,acd2a106,49.3,0
2928,65311,65305318,11112,-1,-1,1,0,ce60f84f,53.4,0
2929,65320,65316427,11109,-1,-1,1,0,ce60f84f,55.8,0
2930,65331,65327534,11107,-1,-1,1,0,ce60f84f,57.5,0
2931,65342,65338647,11113,-1,-1,1,0,ce60f84f,59.1,0
2932,65353,65349755,11108,-1,-1,1,0,4e93c630,60.5,0
2933,65364,65360861,11106,-1,-1,1,0,4e93c630,61.8,0
2934,65376,65371972,11111,-1,-1,1,0,4e93c630,62.7,0
2935,65387,65383085,11113,-1,-1,1,0,4e93c630,63.8,1
2936,65498,65494168,111083,-1,-1,1,0,a0f62149,48.3,0
2937,65509,65505292,11124,-1,-1,1,0,a0f62149,49.5,0
2938,65520,65516390,11098,-1,-1,1,0,a0f62149,50.6,0
2939,65531,65527503,11113,-1,-1,1,0,a0f62149,51.6,0
2940,65542,65538609,11106,-1,-1,1,0,a07fe024,52.6,0
2941,65553,65549721,11112,-1,-1,1,0,eef988a3,53.6,0
2942,65564,65560829,11108,-1,-1,1,0,91fb8d32,54.5,0
2943,65575,65571940,11111,-1,-1,1,0,1ca36ecd,55.3,0
2944,65586,65583044,11104,-1,-1,1,0,1ca36ecd,56.1,1
2945,65698,65694138,111094,-1,-1,1,0,1ca36ecd,47.2,0
2946,65709,65705255,11117,-1,-1,1,0,1ca36ecd,48.0,0
2947,65720,65716358,11103,-1,-1,1,0,1ca36ecd,48.8,0
2948,65731,65727469,11111,-1,-1,1,0,1ca36ecd,49.5,0
2949,65742,65738575,11106,-1,-1,1,0,1ca36ecd,50.2,0
2950,65753,65749690,11115,-1,-1,1,0,1ca36ecd,50.9,0
2951,65764,65760795,11105,-1,-1,1,0,1ca36ecd,51.6,0
2952,65775,65771905,11110,-1,-1,1,0,1ca36ecd,52.2,0
2953,65786,65783014,11109,-1,-1,1,0,1ca36ecd,52.9,1
2954,65898,65894105,111091,-1,-1,1,0,1ca36ecd,46.7,0
2955,65909,65905222,11117,-1,-1,1,0,1ca36ecd,47.3,0
2956,65920,65916325,11103,-1,-1,1,0,1ca36ecd,47.9,0
2957,65931,65927431,11106,-1,-1,1,0,8d4efb7a,48.4,0
2958,65942,65938539,11108,-1,-1,1,0,6e2afc73,49.0,0
2959,65953,65949652,11113,-1,-1,1,0,faa5a05c,49.5,0
2960,65964,65960759,11107,-1,-1,1,0,faa5a05c,50.1,0
2961,65975,65971873,11114,-1,-1,1,0,9311de69,50.6,0
2962,65986,65982978,11105,-1,-1,1,0,68bef4af,51.1,1
2963,66098,66082963,99985,-1,-1,1,0,4058e5b1,46.3,0
2964,66108,66094074,11111,-1,-1,1,0,b32db57b,46.9,0
2965,66118,66105190,11116,-1,-1,1,0,a07d1d10,111.1,0
2966,66121,66116298,11108,-1,-1,1,0,fc0614da,166.7,0
2967,66131,66127401,11103,-1,-1,1,0,6ff050e3,136.4,0
2968,66142,66138510,11109,-1,-1,1,0,24456b97,121.2,0
2969,66153,66149618,11108,-1,-1,1,0,0438f766,113.6,0
2970,66248,66160726,11108,-1,-1,1,0,e1051c62,43.2,0
2971,66253,66249682,88956,-1,-1,1,0,ed7f81b1,48.6,1
2972,66362,66349580,99898,-1,-1,1,0,104accf9,31.6,0
2973,66365,66360703,11123,-1,-1,1,0,f940ff09,35.2,0
2974,66375,66371804,11101,-1,-1,1,0,188fc20e,37.6,0
2975,66386,66382908,11104,-1,-1,1,0,9bc2d9be,39.7,0
2976,66398,66394019,11111,-1,-1,1,0,eccd546f,41.5,0
2977,66409,66405130,11111,-1,-1,1,0,10c97033,43.3,0
2978,66420,66416238,11108,-1,-1,1,0,1c6d5a94,45.0,0
2979,66431,66427345,11107,-1,-1,1,0,fde53470,46.6,0
2980,66442,66438455,11110,-1,-1,1,0,1bc7ad06,48.0,1
2981,66554,66549546,111091,-1,-1,1,0,6a1c25d5,38.2,0
2982,66564,66560664,11118,-1,-1,1,0,0c984528,39.6,0
2983,66575,66571765,11101,-1,-1,1,0,f8547cef,40.8,0
2984,66586,66582874,11109,-1,-1,1,0,63941906,41.9,0
2985,66597,66593984,11110,-1,-1,1,0,48704994,43.0,0
2986,66609,66605097,11113,-1,-1,1,0,2a045f52,44.0,0
2987,66620,66616205,11108,-1,-1,1,0,10984f07,45.0,0
2988,66631,66627314,11109,-1,-1,1,0,558da165,46.0,0
2989,66642,66638426,11112,-1,-1,1,0,d120b785,46.9,1
2990,66756,66749519,111093,-1,-1,1,0,2a045f52,40.2,0
2991,66764,66760627,11108,-1,-1,1,0,95601f33,41.2,0
2992,66775,66771735,11108,-1,-1,1,0,48704994,42.0,0
2993,66786,66782839,11104,-1,-1,1,0,8adb65c1,42.8,0
2994,66798,66793949,11110,-1,-1,1,0,8f122395,43.5,0
2995,66808,66805060,11111,-1,-1,1,0,0f2a3f30,44.3,0
2996,66820,66816167,11107,-1,-1,1,0,191ec69d,45.0,0
2997,66831,66827278,11111,-1,-1,1,0,6c784bca,45.7,0
2998,66842,66838386,11108,-1,-1,1,0,c4a220a5,46.4,1
2999,66953,66949480,111094,-1,-1,1,0,5c7371a5,41.5,0
3000,66964,66960592,11112,-1,-1,1,0,f871c1d6,42.1,0
3001,66975,66971699,11107,-1,-1,1,0,b2576452,42.7,0
3002,66986,66982807,11108,-1,-1,1,0,81d105e6,43.3,0
3003,66997,66993915,11108,-1,-1,1,0,2ea8144c,43.9,0
3004,67008,67005024,11109,-1,-1,1,0,2ea8144c,44.5,0
3005,67020,67016131,11107,-1,-1,1,0,5a128803,45.0,0
3006,67031,67027246,11115,-1,-1,1,0,c1150869,45.6,0
3007,67042,67038352,11106,-1,-1,1,0,f41bfbfe,46.1,1
3008,67168,67160560,122208,-1,-1,1,0,60a0e59c,142.9,0
3009,67175,67171668,11108,-1,-1,1,0,67ee339b,142.9,0
3010,67186,67182771,11103,-1,-1,1,0,f3abbde2,120.0,0
3011,67198,67193881,11110,-1,-1,1,0,f8410043,108.1,0
3012,67208,67204994,11113,-1,-1,1,0,6b260b0e,106.4,0
3013,67220,67216099,11105,-1,-1,1,0,e2cbca6d,101.7,0
3014,67231,67227209,11110,-1,-1,1,0,b8103669,100.0,0
3015,67242,67238318,11109,-1,-1,1,0,d10c0aae,98.8,0
3016,67253,67249427,11109,-1,-1,1,0,08168125,97.8,1
3017,67365,67360516,111089,-1,-1,1,0,1ca36ecd,49.0,0
3018,67375,67371635,11119,-1,-1,1,0,986c71c5,51.4,0
3019,67386,67382736,11101,-1,-1,1,0,c5e86321,53.3,0
3020,67397,67393847,11111,-1,-1,1,0,aefbbc47,55.1,0
3021,67408,67404954,11107,-1,-1,1,0,b727dcae,56.7,0
3022,67420,67416064,11110,-1,-1,1,0,1ca36ecd,57.9,0
3023,67431,67427175,11111,-1,-1,1,0,1ca36ecd,59.3,0
3024,67442,67438283,11108,-1,-1,1,0,1ca36ecd,60.5,0
3025,67453,67449393,11110,-1,-1,1,0,1ca36ecd,61.6,1
3026,67565,67560486,111093,-1,-1,1,0,1ca36ecd,47.0,0
3027,67575,67571600,11114,-1,-1,1,0,1ca36ecd,48.3,0
3028,67586,67582702,11102,-1,-1,1,0,1ca36ecd,49.4,0
3029,67597,67593814,11112,-1,-1,1,0,1ca36ecd,50.5,0
3030,67608,67604919,11105,-1,-1,1,0,1ca36ecd,51.5,0
3031,67619,67616032,11113,-1,-1,1,0,1ca36ecd,52.4,0
3032,67631,67627136,11104,-1,-1,1,0,1ca36ecd,53.2,0
3033,67642,67638249,11113,-1,-1,1,0,1ca36ecd,54.1,0
3034,67653,67649360,11111,-1,-1,1,0,1ca36ecd,54.9,1
3035,67763,67749346,99986,-1,-1,1,0,1ca36ecd,46.5,0
3036,67767,67760451,11105,-1,-1,1,0,1ca36ecd,47.9,0
3037,67775,67771565,11114,-1,-1,1,0,1ca36ecd,48.9,0
3038,67786,67782672,11107,-1,-1,1,0,1ca36ecd,49.6,0
3039,67797,67793779,11107,-1,-1,1,0,1ca36ecd,50.3,0
3040,67808,67804892,11113,-1,-1,1,0,1ca36ecd,51.0,0
3041,67819,67816001,11109,-1,-1,1,0,1ca36ecd,51.7,0
3042,67831,67827106,11105,-1,-1,1,0,1ca36ecd,52.2,0
3043,67842,67838213,11107,-1,-1,1,0,1ca36ecd,52.9,1
3044,67954,67949307,111094,-1,-1,1,0,1ca36ecd,46.7,0
3045,67964,67960429,11122,-1,-1,1,0,1ca36ecd,47.3,0
3046,67975,67971527,11098,-1,-1,1,0,1ca36ecd,47.9,0
3047,67986,67982631,11104,-1,-1,1,0,1ca36ecd,48.5,0
3048,67997,67993746,11115,-1,-1,1,0,1ca36ecd,49.0,0
3049,68008,68004854,11108,-1,-1,1,0,1ca36ecd,49.6,0
3050,68019,68015963,11109,-1,-1,1,0,1ca36ecd,50.1,0
3051,68031,68027068,11105,-1,-1,1,0,1ca36ecd,50.6,0
3052,68042,68038179,11111,-1,-1,1,0,1ca36ecd,51.1,1
3053,68152,68138163,99984,-1,-1,1,0,1ca36ecd,46.4,0
3054,68163,68149320,11157,-1,-1,1,0,1ca36ecd,46.9,0
3055,68170,68160386,11066,-1,-1,1,0,1ca36ecd,166.7,0
3056,68175,68171494,11108,-1,-1,1,0,1ca36ecd,181.8,0
3057,68186,68182599,11105,-1,-1,1,0,1ca36ecd,136.4,0
3058,68197,68193707,11108,-1,-1,1,0,1ca36ecd,121.2,0
3059,68208,68204821,11114,-1,-1,1,0,1ca36ecd,113.6,0
3060,68286,68215926,11105,-1,-1,1,0,1ca36ecd,49.2,0
3061,68289,68282590,66664,-1,-1,1,0,1ca36ecd,56.0,1
3062,68397,68382566,99976,-1,-1,1,0,360114e7,34.3,0
3063,68400,68393674,11108,-1,-1,1,0,86a241d7,38.1,0
3064,68408,68404788,11114,-1,-1,1,0,8e39892d,41.0,0
3065,68419,68415890,11102,-1,-1,1,0,22831787,43.1,0
3066,68430,68427007,11117,-1,-1,1,0,c9156831,45.1,0
3067,68442,68438113,11106,-1,-1,1,0,99097497,46.8,0
3068,68453,68449222,11109,-1,-1,1,0,b78c05e9,48.4,0
3069,68464,68460329,11107,-1,-1,1,0,5f662fd2,50.0,0
3070,68475,68471440,11111,-1,-1,1,0,12b50b30,51.4,1
3071,68587,68582538,111098,-1,-1,1,0,c777a362,40.2,0
3072,68597,68593646,11108,-1,-1,1,0,0d8abb36,41.6,0
3073,68608,68604749,11103,-1,-1,1,0,4d2f4e01,42.8,0
3074,68620,68615860,11111,-1,-1,1,0,a08d1ab7,43.9,0
3075,68630,68626970,11110,-1,-1,1,0,31a3170d,45.1,0
3076,68642,68638080,11110,-1,-1,1,0,f0da7c3c,46.0,0
3077,68653,68649185,11105,-1,-1,1,0,064ed762,47.0,0
3078,68664,68660304,11119,-1,-1,1,0,18105616,48.0,0
3079,68675,68671404,11100,-1,-1,1,0,9f526fc3,48.9,1
3080,68786,68771391,99987,-1,-1,1,0,1ca36ecd,41.8,0
3081,68789,68782497,11106,-1,-1,1,0,1ca36ecd,43.2,0
3082,68797,68793612,11115,-1,-1,1,0,1ca36ecd,44.2,0
3083,68808,68804714,11102,-1,-1,1,0,1ca36ecd,45.0,0
3084,68819,68815824,11110,-1,-1,1,0,1ca36ecd,45.8,0
3085,68830,68826934,11110,-1,-1,1,0,1ca36ecd,46.5,0
3086,68841,68838047,11113,-1,-1,1,0,1ca36ecd,47.3,0
3087,68853,68849151,11104,-1,-1,1,0,1ca36ecd,47.9,0
3088,68864,68860263,11112,-1,-1,1,0,1ca36ecd,48.6,1
3089,68975,68971361,111098,-1,-1,1,0,1ca36ecd,43.2,0
3090,68986,68982470,11109,-1,-1,1,0,1ca36ecd,43.8,0
3091,68997,68993573,11103,-1,-1,1,0,1ca36ecd,44.4,0
3092,69008,69004678,11105,-1,-1,1,0,1ca36ecd,45.0,0
3093,69019,69015795,11117,-1,-1,1,0,1ca36ecd,45.6,0
3094,69030,69026900,11105,-1,-1,1,0,1ca36ecd,46.2,0
3095,69041,69038009,11109,-1,-1,1,0,1ca36ecd,46.8,0
3096,69053,69049121,11112,-1,-1,1,0,1ca36ecd,47.2,0
3097,69064,69060226,11105,-1,-1,1,0,1ca36ecd,47.8,1
3098,69188,69182516,122290,-1,-1,1,0,1ca36ecd,125.0,0
3099,69197,69193544,11028,-1,-1,1,0,1ca36ecd,117.6,0
3100,69208,69204655,11111,-1,-1,1,0,1ca36ecd,107.1,0
3101,69219,69215756,11101,-1,-1,1,0,1ca36ecd,102.6,0
3102,69230,69226864,11108,-1,-1,1,0,1ca36ecd,100.0,0
3103,69242,69237978,11114,-1,-1,1,0,1ca36ecd,96.8,0
3104,69253,69249086,11108,-1,-1,1,0,1ca36ecd,95.9,0
3105,69264,69260192,11106,-1,-1,1,0,1ca36ecd,95.2,0
3106,69275,69271301,11109,-1,-1,1,0,1ca36ecd,94.7,1
3107,69389,69382392,111091,-1,-1,1,0,1ca36ecd,47.8,0
3108,69397,69393508,11116,-1,-1,1,0,1ca36ecd,50.7,0
3109,69408,69404616,11108,-1,-1,1,0,1ca36ecd,52.6,0
3110,69419,69415721,11105,-1,-1,1,0,1ca36ecd,54.4,0
3111,69430,69426829,11108,-1,-1,1,0,1ca36ecd,56.0,0
3112,69442,69437942,11113,-1,-1,1,0,1ca36ecd,57.3,0
3113,69452,69449050,11108,-1,-1,1,0,1ca36ecd,58.8,0
3114,69464,69460161,11111,-1,-1,1,0,1ca36ecd,59.9,0
3115,69475,69471267,11106,-1,-1,1,0,1ca36ecd,61.0,1
3116,69587,69582358,111091,-1,-1,1,0,1ca36ecd,46.7,0
3117,69597,69593478,11120,-1,-1,1,0,1ca36ecd,48.0,0
3118,69608,69604579,11101,-1,-1,1,0,1ca36ecd,49.1,0
3119,69619,69615690,11111,-1,-1,1,0,1ca36ecd,50.1,0
3120,69630,69626793,11103,-1,-1,1,0,1ca36ecd,51.1,0
3121,69641,69637906,11113,-1,-1,1,0,1ca36ecd,52.1,0
3122,69652,69649017,11111,-1,-1,1,0,1ca36ecd,53.0,0
3123,69664,69660122,11105,-1,-1,1,0,1ca36ecd,53.7,0
3124,69675,69671232,11110,-1,-1,1,0,1ca36ecd,54.5,1
3125,69789,69782324,111092,-1,-1,1,0,1ca36ecd,46.0,0
3126,69797,69793443,11119,-1,-1,1,0,1ca36ecd,47.0,0
3127,69808,69804547,11104,-1,-1,1,0,1ca36ecd,47.8,0
3128,69819,69815651,11104,-1,-1,1,0,1ca36ecd,48.5,0
3129,69830,69826762,11111,-1,-1,1,0,1ca36ecd,49.2,0
3130,69842,69837871,11109,-1,-1,1,0,1ca36ecd,49.8,0
3131,69852,69848981,11110,-1,-1,1,0,1ca36ecd,50.6,0
3132,69864,69860089,11108,-1,-1,1,0,1ca36ecd,51.2,0
3133,69875,69871194,11105,-1,-1,1,0,1ca36ecd,51.8,1
3134,69987,69982292,111098,-1,-1,1,0,1ca36ecd,45.8,0
3135,69997,69993406,11114,-1,-1,1,0,1ca36ecd,46.5,0
3136,70008,70004509,11103,-1,-1,1,0,1ca36ecd,47.1,0
3137,70019,70015618,11109,-1,-1,1,0,1ca36ecd,47.7,0
3138,70030,70026727,11109,-1,-1,1,0,1ca36ecd,48.2,0
3139,70041,70037836,11109,-1,-1,1,0,1ca36ecd,48.8,0
3140,70052,70048945,11109,-1,-1,1,0,1ca36ecd,49.3,0
3141,70064,70060054,11109,-1,-1,1,0,1ca36ecd,49.8,0
3142,70075,70071168,11114,-1,-1,1,0,1ca36ecd,50.3,1
3143,70208,70193376,122208,-1,-1,1,0,1ca36ecd,111.1,0
3144,70211,70204510,11134,-1,-1,1,0,1ca36ecd,166.7,0
3145,70219,70215589,11079,-1,-1,1,0,1ca36ecd,150.0,0
3146,70230,70226691,11102,-1,-1,1,0,1ca36ecd,129.0,0
3147,70241,70237801,11110,-1,-1,1,0,1ca36ecd,119.0,0
3148,70252,70248913,11112,-1,-1,1,0,1ca36ecd,113.2,0
3149,70263,70260024,11111,-1,-1,1,0,1ca36ecd,109.4,0
3150,70334,70271137,11113,-1,-1,1,0,1ca36ecd,59.3,0
3151,70340,70326686,55549,-1,-1,1,0,1ca36ecd,63.8,1
3152,70450,70437771,111085,-1,-1,1,0,1ca36ecd,39.8,0
3153,70453,70448883,11112,-1,-1,1,0,1ca36ecd,43.3,0
3154,70464,70459992,11109,-1,-1,1,0,1ca36ecd,45.3,0
3155,70475,70471095,11103,-1,-1,1,0,1ca36ecd,47.1,0
3156,70486,70482205,11110,-1,-1,1,0,1ca36ecd,48.8,0
3157,70497,70493310,11105,-1,-1,1,0,1ca36ecd,50.3,0
3158,70508,70504425,11115,-1,-1,1,0,1ca36ecd,51.8,0
3159,70519,70515532,11107,-1,-1,1,0,1ca36ecd,53.1,0
3160,70530,70526643,11111,-1,-1,1,0,1ca36ecd,54.4,1
3161,70645,70637734,111091,-1,-1,1,0,1ca36ecd,42.6,0
3162,70652,70648849,11115,-1,-1,1,0,1ca36ecd,44.2,0
3163,70663,70659955,11106,-1,-1,1,0,1ca36ecd,45.3,0
3164,70674,70671061,11106,-1,-1,1,0,1ca36ecd,46.3,0
3165,70686,70682169,11108,-1,-1,1,0,1ca36ecd,47.2,0
3166,70697,70693281,11112,-1,-1,1,0,1ca36ecd,48.2,0
3167,70708,70704390,11109,-1,-1,1,0,1ca36ecd,49.1,0
3168,70719,70715496,11106,-1,-1,1,0,1ca36ecd,50.0,0
3169,70730,70726608,11112,-1,-1,1,0,1ca36ecd,50.8,1
3170,70842,70837698,111090,-1,-1,1,0,1ca36ecd,43.5,0
3171,70852,70848814,11116,-1,-1,1,0,1ca36ecd,44.4,0
3172,70864,70859919,11105,-1,-1,1,0,1ca36ecd,45.1,0
3173,70874,70871030,11111,-1,-1,1,0,1ca36ecd,45.9,0
3174,70886,70882136,11106,-1,-1,1,0,1ca36ecd,46.6,0
3175,70897,70893244,11108,-1,-1,1,0,1ca36ecd,47.3,0
3176,70908,70904354,11110,-1,-1,1,0,1ca36ecd,48.0,0
3177,70919,70915464,11110,-1,-1,1,0,1ca36ecd,48.6,0
3178,70930,70926574,11110,-1,-1,1,0,1ca36ecd,49.2,1
3179,71045,71037663,111089,-1,-1,1,0,1ca36ecd,43.7,0
3180,71052,71048778,11115,-1,-1,1,0,1ca36ecd,44.5,0
3181,71063,71059883,11105,-1,-1,1,0,1ca36ecd,45.1,0
3182,71074,71070991,11108,-1,-1,1,0,1ca36ecd,45.7,0
3183,71086,71082102,11111,-1,-1,1,0,1ca36ecd,46.2,0
3184,71097,71093210,11108,-1,-1,1,0,1ca36ecd,46.8,0
3185,71108,71104320,11110,-1,-1,1,0,1ca36ecd,47.3,0
3186,71119,71115429,11109,-1,-1,1,0,1ca36ecd,47.8,0
3187,71130,71126539,11110,-1,-1,1,0,1ca36ecd,48.3,1
3188,71265,71259849,133310,-1,-1,1,0,1ca36ecd,142.9,0
3189,71274,71270967,11118,-1,-1,1,0,1ca36ecd,125.0,0
3190,71285,71282065,11098,-1,-1,1,0,1ca36ecd,111.1,0
3191,71297,71293173,11108,-1,-1,1,0,1ca36ecd,102.6,0
3192,71308,71304286,11113,-1,-1,1,0,1ca36ecd,100.0,0
3193,71319,71315395,11109,-1,-1,1,0,1ca36ecd,98.4,0
3194,71330,71326508,11113,-1,-1,1,0,1ca36ecd,97.2,0
3195,71341,71337612,11104,-1,-1,1,0,1ca36ecd,96.4,0
3196,71352,71348726,11114,-1,-1,1,0,1ca36ecd,95.7,1
3197,71467,71459813,111087,-1,-1,1,0,1ca36ecd,47.8,0
3198,71474,71470931,11118,-1,-1,1,0,1ca36ecd,50.9,0
3199,71486,71482035,11104,-1,-1,1,0,1ca36ecd,52.6,0
3200,71497,71493146,11111,-1,-1,1,0,1ca36ecd,54.4,0
3201,71508,71504252,11106,-1,-1,1,0,1ca36ecd,56.0,0
3202,71519,71515357,11105,-1,-1,1,0,1ca36ecd,57.5,0
3203,71530,71526473,11116,-1,-1,1,0,1ca36ecd,58.8,0
3204,71541,71537582,11109,-1,-1,1,0,1ca36ecd,60.1,0
3205,71552,71548697,11115,-1,-1,1,0,1ca36ecd,61.2,1
3206,71667,71659774,111077,-1,-1,1,0,1ca36ecd,46.5,0
3207,71674,71670893,11119,-1,-1,1,0,1ca36ecd,48.1,0
3208,71685,71681999,11106,-1,-1,1,0,1ca36ecd,49.2,0
3209,71697,71693105,11106,-1,-1,1,0,1ca36ecd,50.1,0
3210,71708,71704218,11113,-1,-1,1,0,1ca36ecd,51.1,0
3211,71719,71715326,11108,-1,-1,1,0,1ca36ecd,52.1,0
3212,71730,71726437,11111,-1,-1,1,0,1ca36ecd,53.0,0
3213,71741,71737543,11106,-1,-1,1,0,1ca36ecd,53.8,0
3214,71752,71748654,11111,-1,-1,1,0,1ca36ecd,54.7,1
3215,71867,71859747,111093,-1,-1,1,0,1ca36ecd,46.0,0
3216,71874,71870864,11117,-1,-1,1,0,1ca36ecd,47.1,0
3217,71886,71881962,11098,-1,-1,1,0,1ca36ecd,47.8,0
3218,71897,71893071,11109,-1,-1,1,0,1ca36ecd,48.5,0
3219,71908,71904185,11114,-1,-1,1,0,1ca36ecd,49.2,0
3220,71919,71915291,11106,-1,-1,1,0,1ca36ecd,49.9,0
3221,71930,71926400,11109,-1,-1,1,0,1ca36ecd,50.6,0
3222,71941,71937513,11113,-1,-1,1,0,1ca36ecd,51.2,0
3223,71952,71948618,11105,-1,-1,1,0,1ca36ecd,51.9,1
3224,72067,72059711,111093,-1,-1,1,0,1ca36ecd,45.7,0
3225,72074,72070828,11117,-1,-1,1,0,1ca36ecd,46.6,0
3226,72085,72081932,11104,-1,-1,1,0,1ca36ecd,47.2,0
3227,72097,72093039,11107,-1,-1,1,0,1ca36ecd,47.7,0
3228,72108,72104147,11108,-1,-1,1,0,1ca36ecd,48.2,0
3229,72119,72115259,11112,-1,-1,1,0,1ca36ecd,48.8,0
3230,72130,72126367,11108,-1,-1,1,0,1ca36ecd,49.3,0
3231,72141,72137474,11107,-1,-1,1,0,1ca36ecd,49.8,0
3232,72152,72148585,11111,-1,-1,1,0,1ca36ecd,50.3,1
3233,72285,72270796,122211,-1,-1,1,0,1ca36ecd,90.9,0
3234,72288,72281975,11179,-1,-1,1,0,1ca36ecd,142.9,0
3235,72296,72293008,11033,-1,-1,1,0,1ca36ecd,136.4,0
3236,72308,72304113,11105,-1,-1,1,0,1ca36ecd,117.6,0
3237,72320,72315222,11109,-1,-1,1,0,1ca36ecd,108.7,0
3238,72330,72326344,11122,-1,-1,1,0,1ca36ecd,107.1,0
3239,72341,72337441,11097,-1,-1,1,0,1ca36ecd,104.5,0
3240,72426,72348551,11110,-1,-1,1,0,1ca36ecd,52.6,0
3241,72430,72426325,77774,-1,-1,1,0,1ca36ecd,57.7,1
3242,72541,72537405,111080,-1,-1,1,0,1ca36ecd,37.5,0
3243,72552,72548523,11118,-1,-1,1,0,1ca36ecd,39.6,0
3244,72563,72559627,11104,-1,-1,1,0,1ca36ecd,41.5,0
3245,72574,72570737,11110,-1,-1,1,0,1ca36ecd,43.3,0
3246,72585,72581841,11104,-1,-1,1,0,1ca36ecd,45.0,0
3247,72597,72592951,11110,-1,-1,1,0,1ca36ecd,46.4,0
3248,72608,72604062,11111,-1,-1,1,0,1ca36ecd,47.9,0
3249,72619,72615170,11108,-1,-1,1,0,1ca36ecd,49.3,0
3250,72630,72626277,11107,-1,-1,1,0,1ca36ecd,50.6,1
3251,72744,72737379,111102,-1,-1,1,0,1ca36ecd,40.4,0
3252,72752,72748491,11112,-1,-1,1,0,1ca36ecd,41.8,0
3253,72763,72759591,11100,-1,-1,1,0,1ca36ecd,42.9,0
3254,72774,72770703,11112,-1,-1,1,0,1ca36ecd,44.0,0
3255,72785,72781809,11106,-1,-1,1,0,1ca36ecd,45.0,0
3256,72796,72792920,11111,-1,-1,1,0,1ca36ecd,46.0,0
3257,72807,72804028,11108,-1,-1,1,0,1ca36ecd,46.9,0
3258,72819,72815136,11108,-1,-1,1,0,1ca36ecd,47.7,0
3259,72830,72826245,11109,-1,-1,1,0,1ca36ecd,48.6,1
3260,72944,72937332,111087,-1,-1,1,0,1ca36ecd,41.8,0
3261,72952,72948458,11126,-1,-1,1,0,1ca36ecd,42.8,0
3262,72963,72959557,11099,-1,-1,1,0,1ca36ecd,43.5,0
3263,72974,72970668,11111,-1,-1,1,0,1ca36ecd,44.3,0
3264,72985,72981780,11112,-1,-1,1,0,1ca36ecd,45.0,0
3265,72997,72992886,11106,-1,-1,1,0,1ca36ecd,45.6,0
3266,73007,73003998,11112,-1,-1,1,0,1ca36ecd,46.4,0
3267,73019,73015103,11105,-1,-1,1,0,1ca36ecd,47.0,0
3268,73030,73026211,11108,-1,-1,1,0,1ca36ecd,47.6,1
3269,73142,73137306,111095,-1,-1,1,0,1ca36ecd,42.6,0
3270,73152,73148423,11117,-1,-1,1,0,1ca36ecd,43.3,0
3271,73163,73159523,11100,-1,-1,1,0,1ca36ecd,43.9,0
3272,73174,73170631,11108,-1,-1,1,0,1ca36ecd,44.4,0
3273,73185,73181741,11110,-1,-1,1,0,1ca36ecd,45.0,0
3274,73196,73192850,11109,-1,-1,1,0,1ca36ecd,45.6,0
3275,73207,73203956,11106,-1,-1,1,0,1ca36ecd,46.1,0
3276,73219,73215070,11114,-1,-1,1,0,1ca36ecd,46.6,0
3277,73230,73226188,11118,-1,-1,1,0,1ca36ecd,47.1,1
3278,73363,73359631,133443,-1,-1,1,0,1ca36ecd,125.0,0
3279,73374,73370602,10971,-1,-1,1,0,1ca36ecd,105.3,0
3280,73385,73381706,11104,-1,-1,1,0,1ca36ecd,100.0,0
3281,73396,73392812,11106,-1,-1,1,0,1ca36ecd,97.6,0
3282,73407,73403927,11115,-1,-1,1,0,1ca36ecd,96.2,0
3283,73419,73415033,11106,-1,-1,1,0,1ca36ecd,93.8,0
3284,73430,73426141,11108,-1,-1,1,0,1ca36ecd,93.3,0
3285,73441,73437253,11112,-1,-1,1,0,1ca36ecd,93.0,0
3286,73452,73448360,11107,-1,-1,1,0,1ca36ecd,92.8,1
3287,73566,73559451,111091,-1,-1,1,0,1ca36ecd,47.4,0
3288,73574,73570573,11122,-1,-1,1,0,1ca36ecd,50.2,0
3289,73585,73581673,11100,-1,-1,1,0,1ca36ecd,52.2,0
3290,73596,73592784,11111,-1,-1,1,0,1ca36ecd,53.9,0
3291,73607,73603888,11104,-1,-1,1,0,1ca36ecd,55.6,0
3292,73619,73614996,11108,-1,-1,1,0,1ca36ecd,56.8,0
3293,73630,73626110,11114,-1,-1,1,0,1ca36ecd,58.2,0
3294,73641,73637218,11108,-1,-1,1,0,1ca36ecd,59.4,0
3295,73652,73648325,11107,-1,-1,1,0,1ca36ecd,60.6,1
3296,73765,73759420,111095,-1,-1,1,0,1ca36ecd,46.3,0
3297,73774,73770535,11115,-1,-1,1,0,1ca36ecd,47.7,0
3298,73785,73781638,11103,-1,-1,1,0,1ca36ecd,48.8,0
3299,73796,73792746,11108,-1,-1,1,0,1ca36ecd,49.9,0
3300,73807,73803858,11112,-1,-1,1,0,1ca36ecd,50.9,0
3301,73818,73814975,11117,-1,-1,1,0,1ca36ecd,51.8,0
3302,73830,73826073,11098,-1,-1,1,0,1ca36ecd,52.6,0
3303,73841,73837189,11116,-1,-1,1,0,1ca36ecd,53.5,0
3304,73852,73848293,11104,-1,-1,1,0,1ca36ecd,54.3,1
3305,73966,73959393,111100,-1,-1,1,0,1ca36ecd,45.8,0
3306,73974,73970503,11110,-1,-1,1,0,1ca36ecd,46.8,0
3307,73985,73981604,11101,-1,-1,1,0,1ca36ecd,47.6,0
3308,73996,73992714,11110,-1,-1,1,0,1ca36ecd,48.4,0
3309,74007,74003822,11108,-1,-1,1,0,1ca36ecd,49.1,0
3310,74019,74014930,11108,-1,-1,1,0,1ca36ecd,49.7,0
3311,74029,74026040,11110,-1,-1,1,0,1ca36ecd,50.4,0
3312,74041,74037152,11112,-1,-1,1,0,1ca36ecd,51.0,0
3313,74052,74048259,11107,-1,-1,1,0,1ca36ecd,51.6,1
3314,74164,74159355,111096,-1,-1,1,0,1ca36ecd,45.7,0
3315,74174,74170468,11113,-1,-1,1,0,1ca36ecd,46.4,0
3316,74185,74181570,11102,-1,-1,1,0,1ca36ecd,47.0,0
3317,74196,74192677,11107,-1,-1,1,0,1ca36ecd,47.6,0
3318,74207,74203788,11111,-1,-1,1,0,1ca36ecd,48.1,0
3319,74218,74214896,11108,-1,-1,1,0,1ca36ecd,48.7,0
3320,74229,74226002,11106,-1,-1,1,0,1ca36ecd,49.2,0
3321,74241,74237114,11112,-1,-1,1,0,1ca36ecd,49.7,0
3322,74252,74248223,11109,-1,-1,1,0,1ca36ecd,50.2,1
3323,74403,74392638,144415,-1,-1,1,0,1ca36ecd,40.0,0
3324,74407,74403755,11117,-1,-1,1,0,1ca36ecd,69.0,0
3325,74418,74414864,11109,-1,-1,1,0,1ca36ecd,75.0,0
3326,74429,74425974,11110,-1,-1,1,0,1ca36ecd,78.4,0
3327,74441,74437081,11107,-1,-1,1,0,1ca36ecd,79.4,0
3328,74452,74448189,11108,-1,-1,1,0,1ca36ecd,81.1,0
3329,74463,74459299,11110,-1,-1,1,0,1ca36ecd,82.4,0
3330,74554,74470407,11108,-1,-1,1,0,1ca36ecd,45.5,0
3331,74558,74548175,77768,-1,-1,1,0,1ca36ecd,50.0,1
3332,74666,74659261,111086,-1,-1,1,0,1ca36ecd,34.7,0
3333,74674,74670382,11121,-1,-1,1,0,1ca36ecd,37.2,0
3334,74685,74681482,11100,-1,-1,1,0,1ca36ecd,39.1,0
3335,74696,74692592,11110,-1,-1,1,0,1ca36ecd,40.9,0
3336,74707,74703701,11109,-1,-1,1,0,1ca36ecd,42.6,0
3337,74718,74714810,11109,-1,-1,1,0,1ca36ecd,44.1,0
3338,74730,74725918,11108,-1,-1,1,0,1ca36ecd,45.5,0
3339,74741,74737028,11110,-1,-1,1,0,1ca36ecd,46.8,0
3340,74752,74748139,11111,-1,-1,1,0,1ca36ecd,48.1,1
3341,74864,74859230,111091,-1,-1,1,0,1ca36ecd,39.1,0
3342,74874,74870349,11119,-1,-1,1,0,1ca36ecd,40.3,0
3343,74885,74881452,11103,-1,-1,1,0,1ca36ecd,41.4,0
3344,74896,74892557,11105,-1,-1,1,0,1ca36ecd,42.5,0
3345,74907,74903664,11107,-1,-1,1,0,1ca36ecd,43.5,0
3346,74918,74914779,11115,-1,-1,1,0,1ca36ecd,44.4,0
3347,74929,74925885,11106,-1,-1,1,0,1ca36ecd,45.4,0
3348,74940,74936990,11105,-1,-1,1,0,1ca36ecd,46.3,0
3349,74952,74948106,11116,-1,-1,1,0,1ca36ecd,47.0,1
3350,75066,75059196,111090,-1,-1,1,0,1ca36ecd,40.7,0
3351,75074,75070314,11118,-1,-1,1,0,1ca36ecd,41.7,0
3352,75085,75081419,11105,-1,-1,1,0,1ca36ecd,42.4,0
3353,75096,75092527,11108,-1,-1,1,0,1ca36ecd,43.2,0
3354,75107,75103635,11108,-1,-1,1,0,1ca36ecd,43.9,0
3355,75118,75114740,11105,-1,-1,1,0,1ca36ecd,44.6,0
3356,75129,75125850,11110,-1,-1,1,0,1ca36ecd,45.2,0
3357,75140,75136962,11112,-1,-1,1,0,1ca36ecd,45.9,0
3358,75152,75148069,11107,-1,-1,1,0,1ca36ecd,46.5,1
3359,75266,75259164,111095,-1,-1,1,0,1ca36ecd,41.7,0
3360,75274,75270278,11114,-1,-1,1,0,1ca36ecd,42.4,0
3361,75285,75281380,11102,-1,-1,1,0,1ca36ecd,43.0,0
3362,75296,75292484,11104,-1,-1,1,0,1ca36ecd,43.6,0
3363,75307,75303598,11114,-1,-1,1,0,1ca36ecd,44.1,0
3364,75318,75314708,11110,-1,-1,1,0,1ca36ecd,44.7,0
3365,75329,75325817,11109,-1,-1,1,0,1ca36ecd,45.2,0
3366,75340,75336926,11109,-1,-1,1,0,1ca36ecd,45.7,0
3367,75352,75348035,11109,-1,-1,1,0,1ca36ecd,46.2,1
3368,75483,75470244,122209,-1,-1,1,0,1ca36ecd,125.0,0
3369,75486,75481359,11115,-1,-1,1,0,1ca36ecd,181.8,0
3370,75496,75492457,11098,-1,-1,1,0,1ca36ecd,142.9,0
3371,75507,75503566,11109,-1,-1,1,0,1ca36ecd,125.0,0
3372,75518,75514675,11109,-1,-1,1,0,1ca36ecd,116.3,0
3373,75529,75525783,11108,-1,-1,1,0,1ca36ecd,111.1,0
3374,75540,75536892,11109,-1,-1,1,0,1ca36ecd,107.7,0
3375,75551,75548000,11108,-1,-1,1,0,1ca36ecd,105.3,0
3376,75563,75559109,11109,-1,-1,1,0,1ca36ecd,102.3,1
3377,75677,75670200,111091,-1,-1,1,0,1ca36ecd,49.5,0
3378,75685,75681321,11121,-1,-1,1,0,1ca36ecd,52.4,0
3379,75696,75692421,11100,-1,-1,1,0,1ca36ecd,54.3,0
3380,75707,75703532,11111,-1,-1,1,0,1ca36ecd,56.0,0
3381,75718,75714638,11106,-1,-1,1,0,1ca36ecd,57.6,0
3382,75729,75725747,11109,-1,-1,1,0,1ca36ecd,59.1,0
3383,75740,75736855,11108,-1,-1,1,0,1ca36ecd,60.4,0
3384,75752,75747966,11111,-1,-1,1,0,1ca36ecd,61.4,0
3385,75763,75759081,11115,-1,-1,1,0,1ca36ecd,62.5,1
3386,75877,75870168,111087,-1,-1,1,0,1ca36ecd,47.3,0
3387,75885,75881285,11117,-1,-1,1,0,1ca36ecd,48.8,0
3388,75896,75892388,11103,-1,-1,1,0,1ca36ecd,49.9,0
3389,75907,75903496,11108,-1,-1,1,0,1ca36ecd,50.9,0
3390,75918,75914602,11106,-1,-1,1,0,1ca36ecd,51.9,0
3391,75929,75925715,11113,-1,-1,1,0,1ca36ecd,52.9,0
3392,75940,75936824,11109,-1,-1,1,0,1ca36ecd,53.8,0
3393,75951,75947932,11108,-1,-1,1,0,1ca36ecd,54.6,0
3394,75962,75959043,11111,-1,-1,1,0,1ca36ecd,55.4,1
3395,76075,76070134,111091,-1,-1,1,0,1ca36ecd,46.7,0
3396,76085,76081250,11116,-1,-1,1,0,1ca36ecd,47.5,0
3397,76096,76092351,11101,-1,-1,1,0,1ca36ecd,48.3,0
3398,76107,76103460,11109,-1,-1,1,0,1ca36ecd,49.1,0
3399,76118,76114568,11108,-1,-1,1,0,1ca36ecd,49.8,0
3400,76129,76125683,11115,-1,-1,1,0,1ca36ecd,50.5,0
3401,76140,76136788,11105,-1,-1,1,0,1ca36ecd,51.1,0
3402,76152,76147898,11110,-1,-1,1,0,1ca36ecd,51.7,0
3403,76163,76159008,11110,-1,-1,1,0,1ca36ecd,52.3,1
3404,76279,76270099,111091,-1,-1,1,0,1ca36ecd,46.0,0
3405,76285,76281215,11116,-1,-1,1,0,1ca36ecd,46.9,0
3406,76296,76292319,11104,-1,-1,1,0,1ca36ecd,47.5,0
3407,76307,76303437,11118,-1,-1,1,0,1ca36ecd,48.1,0
3408,76318,76314537,11100,-1,-1,1,0,1ca36ecd,48.6,0
3409,76329,76325658,11121,-1,-1,1,0,1ca36ecd,49.2,0
3410,76340,76336759,11101,-1,-1,1,0,1ca36ecd,49.7,0
3411,76351,76347868,11109,-1,-1,1,0,1ca36ecd,50.2,0
3412,76362,76358975,11107,-1,-1,1,0,1ca36ecd,50.7,1
3413,76495,76481182,122207,-1,-1,1,0,1ca36ecd,100.0,0
3414,76498,76492292,11110,-1,-1,1,0,1ca36ecd,153.8,0
3415,76507,76503397,11105,-1,-1,1,0,1ca36ecd,136.4,0
3416,76518,76514503,11106,-1,-1,1,0,1ca36ecd,121.2,0
3417,76529,76525612,11109,-1,-1,1,0,1ca36ecd,113.6,0
3418,76540,76536718,11106,-1,-1,1,0,1ca36ecd,109.1,0
3419,76551,76547834,11116,-1,-1,1,0,1ca36ecd,106.1,0
3420,76650,76558940,11106,-1,-1,1,0,1ca36ecd,48.5,0
3421,76654,76647818,88878,-1,-1,1,0,1ca36ecd,53.3,1
3422,76763,76758901,111083,-1,-1,1,0,1ca36ecd,36.0,0
3423,76774,76770021,11120,-1,-1,1,0,1ca36ecd,38.1,0
3424,76785,76781125,11104,-1,-1,1,0,1ca36ecd,40.0,0
3425,76796,76792237,11112,-1,-1,1,0,1ca36ecd,41.8,0
3426,76807,76803340,11103,-1,-1,1,0,1ca36ecd,43.5,0
3427,76818,76814457,11117,-1,-1,1,0,1ca36ecd,45.0,0
3428,76829,76825560,11103,-1,-1,1,0,1ca36ecd,46.5,0
3429,76840,76836669,11109,-1,-1,1,0,1ca36ecd,47.9,0
3430,76851,76847776,11107,-1,-1,1,0,1ca36ecd,49.2,1
3431,76966,76958872,111096,-1,-1,1,0,1ca36ecd,39.5,0
3432,76974,76969989,11117,-1,-1,1,0,1ca36ecd,40.9,0
3433,76985,76981091,11102,-1,-1,1,0,1ca36ecd,42.0,0
3434,76996,76992199,11108,-1,-1,1,0,1ca36ecd,43.1,0
3435,77007,77003308,11109,-1,-1,1,0,1ca36ecd,44.1,0
3436,77018,77014417,11109,-1,-1,1,0,1ca36ecd,45.0,0
3437,77029,77025524,11107,-1,-1,1,0,1ca36ecd,46.0,0
3438,77040,77036634,11110,-1,-1,1,0,1ca36ecd,46.8,0
3439,77051,77047752,11118,-1,-1,1,0,1ca36ecd,47.7,1
3440,77166,77158834,111082,-1,-1,1,0,1ca36ecd,41.1,0
3441,77174,77169955,11121,-1,-1,1,0,1ca36ecd,42.1,0
3442,77184,77181053,11098,-1,-1,1,0,1ca36ecd,42.9,0
3443,77196,77192163,11110,-1,-1,1,0,1ca36ecd,43.6,0
3444,77207,77203270,11107,-1,-1,1,0,1ca36ecd,44.3,0
3445,77218,77214385,11115,-1,-1,1,0,1ca36ecd,45.0,0
3446,77229,77225491,11106,-1,-1,1,0,1ca36ecd,45.7,0
3447,77240,77236601,11110,-1,-1,1,0,1ca36ecd,46.4,0
3448,77251,77247712,11111,-1,-1,1,0,1ca36ecd,47.0,1
3449,77366,77358807,111095,-1,-1,1,0,1ca36ecd,42.0,0
3450,77373,77369920,11113,-1,-1,1,0,1ca36ecd,42.8,0
3451,77384,77381019,11099,-1,-1,1,0,1ca36ecd,43.4,0
3452,77396,77392128,11109,-1,-1,1,0,1ca36ecd,43.9,0
3453,77407,77403244,11116,-1,-1,1,0,1ca36ecd,44.5,0
3454,77418,77414348,11104,-1,-1,1,0,1ca36ecd,45.0,0
3455,77429,77425453,11105,-1,-1,1,0,1ca36ecd,45.6,0
3456,77440,77436564,11111,-1,-1,1,0,1ca36ecd,46.1,0
3457,77451,77447676,11112,-1,-1,1,0,1ca36ecd,46.6,1
3458,77583,77569884,122208,-1,-1,1,0,1ca36ecd,142.9,0
3459,77586,77580992,11108,-1,-1,1,0,1ca36ecd,200.0,0
3460,77596,77592095,11103,-1,-1,1,0,1ca36ecd,150.0,0
3461,77607,77603202,11107,-1,-1,1,0,1ca36ecd,129.0,0
3462,77618,77614310,11108,-1,-1,1,0,1ca36ecd,119.0,0
3463,77629,77625420,11110,-1,-1,1,0,1ca36ecd,113.2,0
3464,77640,77636530,11110,-1,-1,1,0,1ca36ecd,109.4,0
3465,77651,77647638,11108,-1,-1,1,0,1ca36ecd,106.7,0
3466,77662,77658752,11114,-1,-1,1,0,1ca36ecd,104.7,1
3467,77777,77769838,111086,-1,-1,1,0,1ca36ecd,49.8,0
3468,77784,77780958,11120,-1,-1,1,0,1ca36ecd,52.9,0
3469,77796,77792062,11104,-1,-1,1,0,1ca36ecd,54.5,0
3470,77807,77803168,11106,-1,-1,1,0,1ca36ecd,56.3,0
3471,77818,77814279,11111,-1,-1,1,0,1ca36ecd,57.9,0
3472,77829,77825388,11109,-1,-1,1,0,1ca36ecd,59.3,0
3473,77840,77836495,11107,-1,-1,1,0,1ca36ecd,60.6,0
3474,77851,77847605,11110,-1,-1,1,0,1ca36ecd,61.8,0
3475,77862,77858719,11114,-1,-1,1,0,1ca36ecd,62.9,1
3476,77977,77969803,111084,-1,-1,1,0,1ca36ecd,47.4,0
3477,77984,77980925,11122,-1,-1,1,0,1ca36ecd,49.0,0
3478,77995,77992030,11105,-1,-1,1,0,1ca36ecd,50.1,0
3479,78007,78003136,11106,-1,-1,1,0,1ca36ecd,51.0,0
3480,78018,78014243,11107,-1,-1,1,0,1ca36ecd,52.0,0
3481,78029,78025353,11110,-1,-1,1,0,1ca36ecd,53.0,0
3482,78040,78036464,11111,-1,-1,1,0,1ca36ecd,53.9,0
3483,78051,78047571,11107,-1,-1,1,0,1ca36ecd,54.7,0
3484,78062,78058682,11111,-1,-1,1,0,1ca36ecd,55.6,1
3485,78174,78169771,111089,-1,-1,1,0,1ca36ecd,46.8,0
3486,78184,78180890,11119,-1,-1,1,0,1ca36ecd,47.7,0
3487,78196,78191991,11101,-1,-1,1,0,1ca36ecd,48.4,0
3488,78207,78203102,11111,-1,-1,1,0,1ca36ecd,49.1,0
3489,78218,78214209,11107,-1,-1,1,0,1ca36ecd,49.8,0
3490,78229,78225318,11109,-1,-1,1,0,1ca36ecd,50.5,0
3491,78240,78236429,11111,-1,-1,1,0,1ca36ecd,51.2,0
3492,78251,78247535,11106,-1,-1,1,0,1ca36ecd,51.9,0
3493,78262,78258650,11115,-1,-1,1,0,1ca36ecd,52.5,1
3494,78379,78369741,111091,-1,-1,1,0,1ca36ecd,46.1,0
3495,78384,78380856,11115,-1,-1,1,0,1ca36ecd,47.0,0
3496,78395,78391959,11103,-1,-1,1,0,1ca36ecd,47.6,0
3497,78406,78403063,11104,-1,-1,1,0,1ca36ecd,48.2,0
3498,78418,78414175,11112,-1,-1,1,0,1ca36ecd,48.7,0
3499,78429,78425284,11109,-1,-1,1,0,1ca36ecd,49.2,0
3500,78440,78436396,11112,-1,-1,1,0,1ca36ecd,49.8,0
3501,78451,78447503,11107,-1,-1,1,0,1ca36ecd,50.3,0
3502,78462,78458611,11108,-1,-1,1,0,1ca36ecd,50.8,1
3503,78593,78580820,122209,-1,-1,1,0,1ca36ecd,125.0,0
3504,78596,78591931,11111,-1,-1,1,0,1ca36ecd,181.8,0
3505,78607,78603041,11110,-1,-1,1,0,1ca36ecd,136.4,0
3506,78618,78614142,11101,-1,-1,1,0,1ca36ecd,121.2,0
3507,78629,78625250,11108,-1,-1,1,0,1ca36ecd,113.6,0
3508,78640,78636368,11118,-1,-1,1,0,1ca36ecd,109.1,0
3509,78651,78647469,11101,-1,-1,1,0,1ca36ecd,106.1,0
3510,78756,78658577,11108,-1,-1,1,0,1ca36ecd,46.8,0
3511,78761,78747463,88886,-1,-1,1,0,1ca36ecd,51.1,1
3512,78872,78858552,111089,-1,-1,1,0,1ca36ecd,34.8,0
3513,78875,78869651,11099,-1,-1,1,0,1ca36ecd,37.9,0
3514,78884,78880766,11115,-1,-1,1,0,1ca36ecd,40.1,0
3515,78895,78891870,11104,-1,-1,1,0,1ca36ecd,41.9,0
3516,78907,78902977,11107,-1,-1,1,0,1ca36ecd,43.5,0
3517,78918,78914093,11116,-1,-1,1,0,1ca36ecd,45.0,0
3518,78929,78925206,11113,-1,-1,1,0,1ca36ecd,46.5,0
3519,78940,78936308,11102,-1,-1,1,0,1ca36ecd,47.9,0
3520,78951,78947420,11112,-1,-1,1,0,1ca36ecd,49.2,1
3521,79065,79058504,111084,-1,-1,1,0,1ca36ecd,39.6,0
3522,79073,79069627,11123,-1,-1,1,0,1ca36ecd,41.0,0
3523,79084,79080728,11101,-1,-1,1,0,1ca36ecd,42.1,0
3524,79095,79091842,11114,-1,-1,1,0,1ca36ecd,43.1,0
3525,79106,79102948,11106,-1,-1,1,0,1ca36ecd,44.1,0
3526,79117,79114058,11110,-1,-1,1,0,1ca36ecd,45.1,0
3527,79129,79125172,11114,-1,-1,1,0,1ca36ecd,46.0,0
3528,79140,79136274,11102,-1,-1,1,0,1ca36ecd,46.8,0
3529,79151,79147384,11110,-1,-1,1,0,1ca36ecd,47.7,1
3530,79264,79258474,111090,-1,-1,1,0,1ca36ecd,41.2,0
3531,79273,79269590,11116,-1,-1,1,0,1ca36ecd,42.2,0
3532,79284,79280696,11106,-1,-1,1,0,1ca36ecd,42.9,0
3533,79295,79291801,11105,-1,-1,1,0,1ca36ecd,43.7,0
3534,79307,79302914,11113,-1,-1,1,0,1ca36ecd,44.3,0
3535,79317,79314019,11105,-1,-1,1,0,1ca36ecd,45.1,0
3536,79329,79325128,11109,-1,-1,1,0,1ca36ecd,45.7,0
3537,79340,79336239,11111,-1,-1,1,0,1ca36ecd,46.4,0
3538,79351,79347348,11109,-1,-1,1,0,1ca36ecd,47.0,1
3539,79465,79458440,111092,-1,-1,1,0,1ca36ecd,42.0,0
3540,79473,79469559,11119,-1,-1,1,0,1ca36ecd,42.8,0
3541,79484,79480659,11100,-1,-1,1,0,1ca36ecd,43.4,0
3542,79495,79491767,11108,-1,-1,1,0,1ca36ecd,44.0,0
3543,79506,79502880,11113,-1,-1,1,0,1ca36ecd,44.5,0
3544,79517,79513989,11109,-1,-1,1,0,1ca36ecd,45.1,0
3545,79529,79525097,11108,-1,-1,1,0,1ca36ecd,45.6,0
3546,79540,79536206,11109,-1,-1,1,0,1ca36ecd,46.1,0
3547,79551,79547318,11112,-1,-1,1,0,1ca36ecd,46.6,1
3548,79683,79669526,122208,-1,-1,1,0,1ca36ecd,111.1,0
3549,79687,79680629,11103,-1,-1,1,0,1ca36ecd,153.8,0
3550,79695,79691733,11104,-1,-1,1,0,1ca36ecd,142.9,0
3551,79706,79702844,11111,-1,-1,1,0,1ca36ecd,125.0,0
3552,79717,79713953,11109,-1,-1,1,0,1ca36ecd,116.3,0
3553,79729,79725060,11107,-1,-1,1,0,1ca36ecd,109.1,0
3554,79740,79736170,11110,-1,-1,1,0,1ca36ecd,106.1,0
3555,79751,79747279,11109,-1,-1,1,0,1ca36ecd,103.9,0
3556,79762,79758389,11110,-1,-1,1,0,1ca36ecd,102.3,1
3557,79877,79869485,111096,-1,-1,1,0,1ca36ecd,49.3,0
3558,79884,79880600,11115,-1,-1,1,0,1ca36ecd,52.4,0
3559,79895,79891701,11101,-1,-1,1,0,1ca36ecd,54.3,0
3560,79906,79902808,11107,-1,-1,1,0,1ca36ecd,56.0,0
3561,79917,79913919,11111,-1,-1,1,0,1ca36ecd,57.6,0
3562,79929,79925027,11108,-1,-1,1,0,1ca36ecd,58.8,0
3563,79940,79936138,11111,-1,-1,1,0,1ca36ecd,60.2,0
3564,79951,79947247,11109,-1,-1,1,0,1ca36ecd,61.4,0
3565,79962,79958354,11107,-1,-1,1,0,1ca36ecd,62.5,1
3566,80076,80069447,111093,-1,-1,1,0,1ca36ecd,47.3,0
3567,80084,80080563,11116,-1,-1,1,0,1ca36ecd,48.8,0
3568,80095,80091668,11105,-1,-1,1,0,1ca36ecd,49.9,0
3569,80107,80102776,11108,-1,-1,1,0,1ca36ecd,50.8,0
3570,80117,80113885,11109,-1,-1,1,0,1ca36ecd,51.9,0
3571,80128,80124994,11109,-1,-1,1,0,1ca36ecd,52.9,0
3572,80140,80136102,11108,-1,-1,1,0,1ca36ecd,53.6,0
3573,80151,80147214,11112,-1,-1,1,0,1ca36ecd,54.5,0
3574,80162,80158322,11108,-1,-1,1,0,1ca36ecd,55.3,1
3575,80277,80269420,111098,-1,-1,1,0,1ca36ecd,46.4,0
3576,80284,80280533,11113,-1,-1,1,0,1ca36ecd,47.5,0
3577,80295,80291633,11100,-1,-1,1,0,1ca36ecd,48.3,0
3578,80306,80302741,11108,-1,-1,1,0,1ca36ecd,49.1,0
3579,80317,80313850,11109,-1,-1,1,0,1ca36ecd,49.8,0
3580,80330,80324968,11118,-1,-1,1,0,1ca36ecd,50.3,0
3581,80340,80336077,11109,-1,-1,1,0,1ca36ecd,51.1,0
3582,80351,80347181,11104,-1,-1,1,0,1ca36ecd,51.7,0
3583,80362,80358287,11106,-1,-1,1,0,1ca36ecd,52.3,1
3584,80474,80469381,111094,-1,-1,1,0,1ca36ecd,46.2,0
3585,80484,80480497,11116,-1,-1,1,0,1ca36ecd,46.9,0
3586,80495,80491596,11099,-1,-1,1,0,1ca36ecd,47.5,0
3587,80506,80502703,11107,-1,-1,1,0,1ca36ecd,48.1,0
3588,80517,80513813,11110,-1,-1,1,0,1ca36ecd,48.6,0
3589,80528,80524922,11109,-1,-1,1,0,1ca36ecd,49.2,0
3590,80539,80536032,11110,-1,-1,1,0,1ca36ecd,49.7,0
3591,80551,80547139,11107,-1,-1,1,0,1ca36ecd,50.2,0
3592,80562,80558253,11114,-1,-1,1,0,1ca36ecd,50.7,1
3593,80694,80680465,122212,-1,-1,1,0,1ca36ecd,111.1,0
3594,80697,80691572,11107,-1,-1,1,0,1ca36ecd,166.7,0
3595,80706,80702675,11103,-1,-1,1,0,1ca36ecd,142.9,0
3596,80717,80713780,11105,-1,-1,1,0,1ca36ecd,125.0,0
3597,80729,80724889,11109,-1,-1,1,0,1ca36ecd,113.6,0
3598,80739,80736001,11112,-1,-1,1,0,1ca36ecd,111.1,0
3599,80751,80747109,11108,-1,-1,1,0,1ca36ecd,106.1,0
3600,80860,80758218,11109,-1,-1,1,0,1ca36ecd,45.7,0
3601,80864,80858203,99985,-1,-1,1,0,1ca36ecd,50.3,1
3602,80973,80958183,99980,-1,-1,1,0,1ca36ecd,34.7,0
3603,80976,80969293,11110,-1,-1,1,0,1ca36ecd,37.8,0
3604,80984,80980408,11115,-1,-1,1,0,1ca36ecd,40.1,0
3605,80995,80991511,11103,-1,-1,1,0,1ca36ecd,41.9,0
3606,81006,81002620,11109,-1,-1,1,0,1ca36ecd,43.6,0
3607,81017,81013730,11110,-1,-1,1,0,1ca36ecd,45.2,0
3608,81028,81024835,11105,-1,-1,1,0,1ca36ecd,46.6,0
3609,81040,81035944,11109,-1,-1,1,0,1ca36ecd,47.9,0
3610,81050,81047056,11112,-1,-1,1,0,1ca36ecd,49.3,1
3611,81166,81158146,111090,-1,-1,1,0,1ca36ecd,39.5,0
3612,81173,81169267,11121,-1,-1,1,0,1ca36ecd,41.0,0
3613,81184,81180370,11103,-1,-1,1,0,1ca36ecd,42.1,0
3614,81195,81191476,11106,-1,-1,1,0,1ca36ecd,43.1,0
3615,81206,81202589,11113,-1,-1,1,0,1ca36ecd,44.1,0
3616,81217,81213698,11109,-1,-1,1,0,1ca36ecd,45.1,0
3617,81228,81224804,11106,-1,-1,1,0,1ca36ecd,46.0,0
3618,81239,81235914,11110,-1,-1,1,0,1ca36ecd,46.9,0
3619,81250,81247023,11109,-1,-1,1,0,1ca36ecd,47.8,1
3620,81370,81358116,111093,-1,-1,1,0,1ca36ecd,40.9,0
3621,81374,81369238,11122,-1,-1,1,0,1ca36ecd,42.1,0
3622,81384,81380341,11103,-1,-1,1,0,1ca36ecd,42.9,0
3623,81395,81391443,11102,-1,-1,1,0,1ca36ecd,43.7,0
3624,81406,81402555,11112,-1,-1,1,0,1ca36ecd,44.4,0
3625,81417,81413662,11107,-1,-1,1,0,1ca36ecd,45.1,0
3626,81428,81424771,11109,-1,-1,1,0,1ca36ecd,45.8,0
3627,81440,81435881,11110,-1,-1,1,0,1ca36ecd,46.4,0
3628,81450,81446993,11112,-1,-1,1,0,1ca36ecd,47.1,1
3629,81565,81558081,111088,-1,-1,1,0,1ca36ecd,42.0,0
3630,81573,81569204,11123,-1,-1,1,0,1ca36ecd,42.8,0
3631,81584,81580308,11104,-1,-1,1,0,1ca36ecd,43.4,0
3632,81595,81591409,11101,-1,-1,1,0,1ca36ecd,44.0,0
3633,81606,81602524,11115,-1,-1,1,0,1ca36ecd,44.5,0
3634,81617,81613627,11103,-1,-1,1,0,1ca36ecd,45.1,0
3635,81628,81624737,11110,-1,-1,1,0,1ca36ecd,45.6,0
3636,81639,81635845,11108,-1,-1,1,0,1ca36ecd,46.1,0
3637,81650,81646952,11107,-1,-1,1,0,1ca36ecd,46.6,1
3638,81783,81769171,122219,-1,-1,1,0,1ca36ecd,125.0,0
3639,81786,81780273,11102,-1,-1,1,0,1ca36ecd,181.8,0
3640,81795,81791376,11103,-1,-1,1,0,1ca36ecd,150.0,0
3641,81806,81802486,11110,-1,-1,1,0,1ca36ecd,129.0,0
3642,81817,81813593,11107,-1,-1,1,0,1ca36ecd,119.0,0
3643,81828,81824702,11109,-1,-1,1,0,1ca36ecd,113.2,0
3644,81840,81835814,11112,-1,-1,1,0,1ca36ecd,107.7,0
3645,81850,81846926,11112,-1,-1,1,0,1ca36ecd,106.7,0
3646,81861,81858030,11104,-1,-1,1,0,1ca36ecd,104.7,1
3647,81982,81969123,111093,-1,-1,1,0,1ca36ecd,48.3,0
3648,81985,81980241,11118,-1,-1,1,0,1ca36ecd,52.4,0
3649,81995,81991404,11163,-1,-1,1,0,1ca36ecd,54.5,0
3650,82006,82002447,11043,-1,-1,1,0,1ca36ecd,56.3,0
3651,82017,82013556,11109,-1,-1,1,0,1ca36ecd,57.9,0
3652,82028,82024667,11111,-1,-1,1,0,1ca36ecd,59.3,0
3653,82039,82035781,11114,-1,-1,1,0,1ca36ecd,60.6,0
3654,82050,82046884,11103,-1,-1,1,0,1ca36ecd,61.8,0
3655,82062,82057997,11113,-1,-1,1,0,1ca36ecd,62.7,1
3656,82181,82169089,111092,-1,-1,1,0,1ca36ecd,46.8,0
3657,82185,82180205,11116,-1,-1,1,0,1ca36ecd,48.8,0
3658,82195,82191309,11104,-1,-1,1,0,1ca36ecd,50.0,0
3659,82206,82202420,11111,-1,-1,1,0,1ca36ecd,51.0,0
3660,82217,82213524,11104,-1,-1,1,0,1ca36ecd,52.0,0
3661,82228,82224632,11108,-1,-1,1,0,1ca36ecd,53.0,0
3662,82239,82235742,11110,-1,-1,1,0,1ca36ecd,53.9,0
3663,82250,82246851,11109,-1,-1,1,0,1ca36ecd,54.7,0
3664,82261,82257963,11112,-1,-1,1,0,1ca36ecd,55.6,1
3665,82384,82369054,111091,-1,-1,1,0,1ca36ecd,46.0,0
3666,82387,82380163,11109,-1,-1,1,0,1ca36ecd,47.4,0
3667,82395,82391273,11110,-1,-1,1,0,1ca36ecd,48.4,0
3668,82406,82402382,11109,-1,-1,1,0,1ca36ecd,49.1,0
3669,82417,82413490,11108,-1,-1,1,0,1ca36ecd,49.8,0
3670,82428,82424596,11106,-1,-1,1,0,1ca36ecd,50.5,0
3671,82439,82435707,11111,-1,-1,1,0,1ca36ecd,51.2,0
3672,82450,82446815,11108,-1,-1,1,0,1ca36ecd,51.9,0
3673,82462,82457925,11110,-1,-1,1,0,1ca36ecd,52.4,1
3674,82578,82569022,111097,-1,-1,1,0,1ca36ecd,46.1,0
3675,82584,82580138,11116,-1,-1,1,0,1ca36ecd,47.0,0
3676,82595,82591240,11102,-1,-1,1,0,1ca36ecd,47.6,0
3677,82606,82602347,11107,-1,-1,1,0,1ca36ecd,48.1,0
3678,82617,82613453,11106,-1,-1,1,0,1ca36ecd,48.7,0
3679,82628,82624562,11109,-1,-1,1,0,1ca36ecd,49.2,0
3680,82639,82635672,11110,-1,-1,1,0,1ca36ecd,49.8,0
3681,82650,82646783,11111,-1,-1,1,0,1ca36ecd,50.3,0
3682,82661,82657892,11109,-1,-1,1,0,1ca36ecd,50.8,1
3683,82796,82791212,133320,-1,-1,1,0,1ca36ecd,111.1,0
3684,82806,82802318,11106,-1,-1,1,0,1ca36ecd,105.3,0
3685,82817,82813416,11098,-1,-1,1,0,1ca36ecd,100.0,0
3686,82828,82824529,11113,-1,-1,1,0,1ca36ecd,97.6,0
3687,82839,82835638,11109,-1,-1,1,0,1ca36ecd,96.2,0
3688,82850,82846746,11108,-1,-1,1,0,1ca36ecd,95.2,0
3689,82862,82857859,11113,-1,-1,1,0,1ca36ecd,93.3,0
3690,82968,82868969,11110,-1,-1,1,0,1ca36ecd,44.2,0
3691,82973,82968959,99990,-1,-1,1,0,1ca36ecd,48.4,1
3692,83085,83080041,111082,-1,-1,1,0,1ca36ecd,33.6,0
3693,83095,83091160,11119,-1,-1,1,0,1ca36ecd,35.7,0
3694,83106,83102264,11104,-1,-1,1,0,1ca36ecd,37.6,0
3695,83117,83113369,11105,-1,-1,1,0,1ca36ecd,39.4,0
3696,83128,83124480,11111,-1,-1,1,0,1ca36ecd,41.1,0
3697,83139,83135587,11107,-1,-1,1,0,1ca36ecd,42.6,0
3698,83150,83146695,11108,-1,-1,1,0,1ca36ecd,44.1,0
3699,83161,83157806,11111,-1,-1,1,0,1ca36ecd,45.5,0
3700,83173,83168915,11109,-1,-1,1,0,1ca36ecd,46.6,1
3701,83292,83280009,111094,-1,-1,1,0,1ca36ecd,37.6,0
3702,83296,83291127,11118,-1,-1,1,0,1ca36ecd,39.3,0
3703,83306,83302232,11105,-1,-1,1,0,1ca36ecd,40.5,0
3704,83317,83313333,11101,-1,-1,1,0,1ca36ecd,41.5,0
3705,83328,83324444,11111,-1,-1,1,0,1ca36ecd,42.5,0
3706,83339,83335554,11110,-1,-1,1,0,1ca36ecd,43.5,0
3707,83350,83346668,11114,-1,-1,1,0,1ca36ecd,44.4,0
3708,83361,83357772,11104,-1,-1,1,0,1ca36ecd,45.3,0
3709,83372,83368883,11111,-1,-1,1,0,1ca36ecd,46.2,1
3710,83489,83479974,111091,-1,-1,1,0,1ca36ecd,39.9,0
3711,83495,83491089,11115,-1,-1,1,0,1ca36ecd,41.0,0
3712,83506,83502194,11105,-1,-1,1,0,1ca36ecd,41.7,0
3713,83517,83513305,11111,-1,-1,1,0,1ca36ecd,42.5,0
3714,83528,83524410,11105,-1,-1,1,0,1ca36ecd,43.2,0
3715,83539,83535518,11108,-1,-1,1,0,1ca36ecd,43.9,0
3716,83550,83546637,11119,-1,-1,1,0,1ca36ecd,44.6,0
3717,83561,83557740,11103,-1,-1,1,0,1ca36ecd,45.2,0
3718,83573,83568850,11110,-1,-1,1,0,1ca36ecd,45.8,1
3719,83693,83679942,111092,-1,-1,1,0,1ca36ecd,40.8,0
3720,83697,83691046,11104,-1,-1,1,0,1ca36ecd,41.8,0
3721,83706,83702169,11123,-1,-1,1,0,1ca36ecd,42.4,0
3722,83717,83713266,11097,-1,-1,1,0,1ca36ecd,43.0,0
3723,83728,83724376,11110,-1,-1,1,0,1ca36ecd,43.6,0
3724,83739,83735492,11116,-1,-1,1,0,1ca36ecd,44.1,0
3725,83750,83746596,11104,-1,-1,1,0,1ca36ecd,44.7,0
3726,83761,83757702,11106,-1,-1,1,0,1ca36ecd,45.2,0
3727,83772,83768813,11111,-1,-1,1,0,1ca36ecd,45.7,1
3728,83906,83902130,133317,-1,-1,1,0,1ca36ecd,142.9,0
3729,83917,83913236,11106,-1,-1,1,0,1ca36ecd,111.1,0
3730,83928,83924341,11105,-1,-1,1,0,1ca36ecd,103.4,0
3731,83939,83935450,11109,-1,-1,1,0,1ca36ecd,100.0,0
3732,83950,83946561,11111,-1,-1,1,0,1ca36ecd,98.0,0
3733,83961,83957674,11113,-1,-1,1,0,1ca36ecd,96.8,0
3734,83972,83968788,11114,-1,-1,1,0,1ca36ecd,95.9,0
3735,83983,83979888,11100,-1,-1,1,0,1ca36ecd,95.2,0
3736,83994,83990998,11110,-1,-1,1,0,1ca36ecd,94.7,1
3737,84114,84102089,111091,-1,-1,1,0,1ca36ecd,46.5,0
3738,84118,84113209,11120,-1,-1,1,0,1ca36ecd,50.2,0
3739,84128,84124312,11103,-1,-1,1,0,1ca36ecd,52.4,0
3740,84139,84135415,11103,-1,-1,1,0,1ca36ecd,54.2,0
3741,84150,84146528,11113,-1,-1,1,0,1ca36ecd,55.8,0
3742,84161,84157638,11110,-1,-1,1,0,1ca36ecd,57.3,0
3743,84172,84168746,11108,-1,-1,1,0,1ca36ecd,58.6,0
3744,84183,84179854,11108,-1,-1,1,0,1ca36ecd,59.9,0
3745,84195,84190962,11108,-1,-1,1,0,1ca36ecd,60.8,1
3746,84309,84302056,111094,-1,-1,1,0,1ca36ecd,46.3,0
3747,84317,84313170,11114,-1,-1,1,0,1ca36ecd,47.8,0
3748,84328,84324277,11107,-1,-1,1,0,1ca36ecd,49.0,0
3749,84339,84335378,11101,-1,-1,1,0,1ca36ecd,50.0,0
3750,84350,84346502,11124,-1,-1,1,0,1ca36ecd,51.0,0
3751,84361,84357598,11096,-1,-1,1,0,1ca36ecd,51.9,0
3752,84372,84368710,11112,-1,-1,1,0,1ca36ecd,52.9,0
3753,84383,84379820,11110,-1,-1,1,0,1ca36ecd,53.7,0
3754,84394,84390929,11109,-1,-1,1,0,1ca36ecd,54.5,1
3755,84509,84502023,111094,-1,-1,1,0,1ca36ecd,45.9,0
3756,84517,84513135,11112,-1,-1,1,0,1ca36ecd,46.9,0
3757,84528,84524242,11107,-1,-1,1,0,1ca36ecd,47.7,0
3758,84539,84535348,11106,-1,-1,1,0,1ca36ecd,48.4,0
3759,84550,84546458,11110,-1,-1,1,0,1ca36ecd,49.2,0
3760,84561,84557568,11110,-1,-1,1,0,1ca36ecd,49.8,0
3761,84572,84568677,11109,-1,-1,1,0,1ca36ecd,50.5,0
3762,84583,84579785,11108,-1,-1,1,0,1ca36ecd,51.2,0
3763,84595,84590896,11111,-1,-1,1,0,1ca36ecd,51.7,1
3764,84714,84701990,111094,-1,-1,1,0,1ca36ecd,45.4,0
3765,84718,84713105,11115,-1,-1,1,0,1ca36ecd,46.4,0
3766,84728,84724212,11107,-1,-1,1,0,1ca36ecd,47.0,0
3767,84739,84735313,11101,-1,-1,1,0,1ca36ecd,47.6,0
3768,84750,84746422,11109,-1,-1,1,0,1ca36ecd,48.2,0
3769,84761,84757530,11108,-1,-1,1,0,1ca36ecd,48.7,0
3770,84772,84768640,11110,-1,-1,1,0,1ca36ecd,49.3,0
3771,84783,84779748,11108,-1,-1,1,0,1ca36ecd,49.8,0
3772,84794,84790862,11114,-1,-1,1,0,1ca36ecd,50.3,1
3773,84928,84924174,133312,-1,-1,1,0,1ca36ecd,142.9,0
3774,84939,84935280,11106,-1,-1,1,0,1ca36ecd,111.1,0
3775,84950,84946390,11110,-1,-1,1,0,1ca36ecd,103.4,0
3776,84961,84957498,11108,-1,-1,1,0,1ca36ecd,100.0,0
3777,84972,84968607,11109,-1,-1,1,0,1ca36ecd,98.0,0
3778,84983,84979716,11109,-1,-1,1,0,1ca36ecd,96.8,0
3779,84995,84990823,11107,-1,-1,1,0,1ca36ecd,94.6,0
3780,85104,85001934,11111,-1,-1,1,0,1ca36ecd,43.7,0
3781,85107,85101921,99987,-1,-1,1,0,1ca36ecd,48.4,1
3782,85218,85213009,111088,-1,-1,1,0,1ca36ecd,33.7,0
3783,85228,85224126,11117,-1,-1,1,0,1ca36ecd,35.8,0
3784,85239,85235231,11105,-1,-1,1,0,1ca36ecd,37.7,0
3785,85250,85246336,11105,-1,-1,1,0,1ca36ecd,39.5,0
3786,85261,85257443,11107,-1,-1,1,0,1ca36ecd,41.2,0
3787,85272,85268552,11109,-1,-1,1,0,1ca36ecd,42.7,0
3788,85283,85279665,11113,-1,-1,1,0,1ca36ecd,44.2,0
3789,85294,85290770,11105,-1,-1,1,0,1ca36ecd,45.6,0
3790,85306,85301883,11113,-1,-1,1,0,1ca36ecd,46.8,1
3791,85439,85424080,122197,-1,-1,1,0,1ca36ecd,36.7,0
3792,85442,85435196,11116,-1,-1,1,0,1ca36ecd,38.4,0
3793,85450,85446305,11109,-1,-1,1,0,1ca36ecd,39.7,0
3794,85461,85457414,11109,-1,-1,1,0,1ca36ecd,40.7,0
3795,85472,85468521,11107,-1,-1,1,0,1ca36ecd,41.7,0
3796,85483,85479629,11108,-1,-1,1,0,1ca36ecd,42.7,0
3797,85494,85490738,11109,-1,-1,1,0,1ca36ecd,43.6,0
3798,85505,85501849,11111,-1,-1,1,0,1ca36ecd,44.5,0
3799,85516,85512956,11107,-1,-1,1,0,1ca36ecd,45.4,1
3800,85636,85624049,111093,-1,-1,1,0,1ca36ecd,39.2,0
3801,85640,85635172,11123,-1,-1,1,0,1ca36ecd,40.3,0
3802,85650,85646268,11096,-1,-1,1,0,1ca36ecd,41.2,0
3803,85661,85657376,11108,-1,-1,1,0,1ca36ecd,41.9,0
3804,85672,85668487,11111,-1,-1,1,0,1ca36ecd,42.6,0
3805,85683,85679597,11110,-1,-1,1,0,1ca36ecd,43.3,0
3806,85694,85690704,11107,-1,-1,1,0,1ca36ecd,44.0,0
3807,85705,85701814,11110,-1,-1,1,0,1ca36ecd,44.6,0
3808,85716,85712922,11108,-1,-1,1,0,1ca36ecd,45.3,1
3809,85836,85824009,111087,-1,-1,1,0,1ca36ecd,40.4,0
3810,85840,85835138,11129,-1,-1,1,0,1ca36ecd,41.3,0
3811,85850,85846238,11100,-1,-1,1,0,1ca36ecd,42.0,0
3812,85861,85857345,11107,-1,-1,1,0,1ca36ecd,42.6,0
3813,85872,85868452,11107,-1,-1,1,0,1ca36ecd,43.1,0
3814,85883,85879562,11110,-1,-1,1,0,1ca36ecd,43.7,0
3815,85894,85890670,11108,-1,-1,1,0,1ca36ecd,44.2,0
3816,85905,85901781,11111,-1,-1,1,0,1ca36ecd,44.7,0
3817,85916,85912888,11107,-1,-1,1,0,1ca36ecd,45.2,1
3818,86055,86046352,133464,-1,-1,1,0,1ca36ecd,111.1,0
3819,86061,86057309,10957,-1,-1,1,0,1ca36ecd,133.3,0
3820,86072,86068416,11107,-1,-1,1,0,1ca36ecd,115.4,0
3821,86083,86079528,11112,-1,-1,1,0,1ca36ecd,108.1,0
3822,86094,86090638,11110,-1,-1,1,0,1ca36ecd,104.2,0
3823,86105,86101743,11105,-1,-1,1,0,1ca36ecd,101.7,0
3824,86116,86112856,11113,-1,-1,1,0,1ca36ecd,100.0,0
3825,86127,86123966,11110,-1,-1,1,0,1ca36ecd,98.8,0
3826,86139,86135070,11104,-1,-1,1,0,1ca36ecd,96.8,1
3827,86258,86246167,111097,-1,-1,1,0,1ca36ecd,47.2,0
3828,86262,86257283,11116,-1,-1,1,0,1ca36ecd,50.9,0
3829,86272,86268385,11102,-1,-1,1,0,1ca36ecd,53.1,0
3830,86283,86279495,11110,-1,-1,1,0,1ca36ecd,54.9,0
3831,86294,86290602,11107,-1,-1,1,0,1ca36ecd,56.5,0
3832,86305,86301715,11113,-1,-1,1,0,1ca36ecd,57.9,0
3833,86316,86312819,11104,-1,-1,1,0,1ca36ecd,59.3,0
3834,86328,86323928,11109,-1,-1,1,0,1ca36ecd,60.3,0
3835,86339,86335039,11111,-1,-1,1,0,1ca36ecd,61.4,1
3836,86459,86446129,111090,-1,-1,1,0,1ca36ecd,46.0,0
3837,86463,86457250,11121,-1,-1,1,0,1ca36ecd,48.0,0
3838,86472,86468353,11103,-1,-1,1,0,1ca36ecd,49.3,0
3839,86483,86479466,11113,-1,-1,1,0,1ca36ecd,50.3,0
3840,86494,86490566,11100,-1,-1,1,0,1ca36ecd,51.3,0
3841,86505,86501677,11111,-1,-1,1,0,1ca36ecd,52.3,0
3842,86516,86512790,11113,-1,-1,1,0,1ca36ecd,53.2,0
3843,86527,86523894,11104,-1,-1,1,0,1ca36ecd,54.1,0
3844,86538,86535005,11111,-1,-1,1,0,1ca36ecd,54.9,1
3845,86658,86646095,111090,-1,-1,1,0,1ca36ecd,45.8,0
3846,86662,86657219,11124,-1,-1,1,0,1ca36ecd,47.1,0
3847,86672,86668319,11100,-1,-1,1,0,1ca36ecd,47.9,0
3848,86684,86679428,11109,-1,-1,1,0,1ca36ecd,48.6,0
3849,86694,86690535,11107,-1,-1,1,0,1ca36ecd,49.4,0
3850,86705,86701645,11110,-1,-1,1,0,1ca36ecd,50.1,0
3851,86716,86712749,11104,-1,-1,1,0,1ca36ecd,50.7,0
3852,86728,86723859,11110,-1,-1,1,0,1ca36ecd,51.3,0
3853,86738,86734970,11111,-1,-1,1,0,1ca36ecd,52.0,1
3854,86858,86846057,111087,-1,-1,1,0,1ca36ecd,45.6,0
3855,86862,86857184,11127,-1,-1,1,0,1ca36ecd,46.6,0
3856,86872,86868284,11100,-1,-1,1,0,1ca36ecd,47.2,0
3857,86883,86879392,11108,-1,-1,1,0,1ca36ecd,47.8,0
3858,86894,86890499,11107,-1,-1,1,0,1ca36ecd,48.3,0
3859,86905,86901610,11111,-1,-1,1,0,1ca36ecd,48.9,0
3860,86916,86912720,11110,-1,-1,1,0,1ca36ecd,49.4,0
3861,86927,86923827,11107,-1,-1,1,0,1ca36ecd,49.9,0
3862,86938,86934933,11106,-1,-1,1,0,1ca36ecd,50.4,1
3863,87074,87068248,133315,-1,-1,1,0,1ca36ecd,142.9,0
3864,87083,87079363,11115,-1,-1,1,0,1ca36ecd,125.0,0
3865,87094,87090466,11103,-1,-1,1,0,1ca36ecd,111.1,0
3866,87105,87101576,11110,-1,-1,1,0,1ca36ecd,105.3,0
3867,87116,87112685,11109,-1,-1,1,0,1ca36ecd,102.0,0
3868,87127,87123794,11109,-1,-1,1,0,1ca36ecd,100.0,0
3869,87138,87134902,11108,-1,-1,1,0,1ca36ecd,98.6,0
3870,87248,87146014,11112,-1,-1,1,0,1ca36ecd,44.2,0
3871,87252,87246000,99986,-1,-1,1,0,1ca36ecd,48.6,1
3872,87364,87357088,111088,-1,-1,1,0,1ca36ecd,33.7,0
3873,87372,87368201,11113,-1,-1,1,0,1ca36ecd,36.1,0
3874,87383,87379307,11106,-1,-1,1,0,1ca36ecd,38.0,0
3875,87394,87390423,11116,-1,-1,1,0,1ca36ecd,39.8,0
3876,87405,87401523,11100,-1,-1,1,0,1ca36ecd,41.4,0
3877,87416,87412636,11113,-1,-1,1,0,1ca36ecd,43.0,0
3878,87427,87423740,11104,-1,-1,1,0,1ca36ecd,44.4,0
3879,87439,87434850,11110,-1,-1,1,0,1ca36ecd,45.7,0
3880,87449,87445961,11111,-1,-1,1,0,1ca36ecd,47.1,1
3881,87569,87557047,111086,-1,-1,1,0,1ca36ecd,37.8,0
3882,87573,87568169,11122,-1,-1,1,0,1ca36ecd,39.5,0
3883,87583,87579273,11104,-1,-1,1,0,1ca36ecd,40.7,0
3884,87594,87590382,11109,-1,-1,1,0,1ca36ecd,41.7,0
3885,87605,87601489,11107,-1,-1,1,0,1ca36ecd,42.8,0
3886,87616,87612601,11112,-1,-1,1,0,1ca36ecd,43.7,0
3887,87627,87623709,11108,-1,-1,1,0,1ca36ecd,44.6,0
3888,87638,87634821,11112,-1,-1,1,0,1ca36ecd,45.5,0
3889,87649,87645922,11101,-1,-1,1,0,1ca36ecd,46.4,1
3890,87764,87757014,111092,-1,-1,1,0,1ca36ecd,40.2,0
3891,87772,87768138,11124,-1,-1,1,0,1ca36ecd,41.1,0
3892,87783,87779236,11098,-1,-1,1,0,1ca36ecd,41.9,0
3893,87794,87790344,11108,-1,-1,1,0,1ca36ecd,42.6,0
3894,87805,87801454,11110,-1,-1,1,0,1ca36ecd,43.4,0
3895,87816,87812563,11109,-1,-1,1,0,1ca36ecd,44.1,0
3896,87827,87823673,11110,-1,-1,1,0,1ca36ecd,44.7,0
3897,87838,87834782,11109,-1,-1,1,0,1ca36ecd,45.4,0
3898,87849,87845891,11109,-1,-1,1,0,1ca36ecd,46.0,1
3899,87969,87956983,111092,-1,-1,1,0,1ca36ecd,41.0,0
3900,87973,87968102,11119,-1,-1,1,0,1ca36ecd,41.9,0
3901,87983,87979204,11102,-1,-1,1,0,1ca36ecd,42.6,0
3902,87994,87990311,11107,-1,-1,1,0,1ca36ecd,43.1,0
3903,88005,88001417,11106,-1,-1,1,0,1ca36ecd,43.7,0
3904,88016,88012530,11113,-1,-1,1,0,1ca36ecd,44.3,0
3905,88027,88023638,11108,-1,-1,1,0,1ca36ecd,44.8,0
3906,88038,88034748,11110,-1,-1,1,0,1ca36ecd,45.3,0
3907,88049,88045853,11105,-1,-1,1,0,1ca36ecd,45.8,1
3908,88184,88179328,133475,-1,-1,1,0,1ca36ecd,142.9,0
3909,88194,88190284,10956,-1,-1,1,0,1ca36ecd,117.6,0
3910,88205,88201388,11104,-1,-1,1,0,1ca36ecd,107.1,0
3911,88216,88212494,11106,-1,-1,1,0,1ca36ecd,102.6,0
3912,88227,88223606,11112,-1,-1,1,0,1ca36ecd,100.0,0
3913,88238,88234713,11107,-1,-1,1,0,1ca36ecd,98.4,0
3914,88249,88245823,11110,-1,-1,1,0,1ca36ecd,97.2,0
3915,88260,88256932,11109,-1,-1,1,0,1ca36ecd,96.4,0
3916,88271,88268040,11108,-1,-1,1,0,1ca36ecd,95.7,1
3917,88396,88390248,122208,-1,-1,1,0,1ca36ecd,45.7,0
3918,88405,88401359,11111,-1,-1,1,0,1ca36ecd,48.2,0
3919,88416,88412465,11106,-1,-1,1,0,1ca36ecd,50.2,0
3920,88427,88423569,11104,-1,-1,1,0,1ca36ecd,52.0,0
3921,88438,88434680,11111,-1,-1,1,0,1ca36ecd,53.6,0
3922,88449,88445786,11106,-1,-1,1,0,1ca36ecd,55.1,0
3923,88461,88456896,11110,-1,-1,1,0,1ca36ecd,56.3,0
3924,88471,88468004,11108,-1,-1,1,0,1ca36ecd,57.8,0
3925,88483,88479123,11119,-1,-1,1,0,1ca36ecd,58.8,1
3926,88603,88590208,111085,-1,-1,1,0,1ca36ecd,44.6,0
3927,88606,88601325,11117,-1,-1,1,0,1ca36ecd,46.6,0
3928,88616,88612430,11105,-1,-1,1,0,1ca36ecd,47.8,0
3929,88627,88623535,11105,-1,-1,1,0,1ca36ecd,48.9,0
3930,88638,88634648,11113,-1,-1,1,0,1ca36ecd,49.9,0
3931,88649,88645752,11104,-1,-1,1,0,1ca36ecd,50.8,0
3932,88660,88656863,11111,-1,-1,1,0,1ca36ecd,51.8,0
3933,88672,88667971,11108,-1,-1,1,0,1ca36ecd,52.5,0
3934,88683,88679090,11119,-1,-1,1,0,1ca36ecd,53.4,1
3935,88804,88790173,111083,-1,-1,1,0,1ca36ecd,44.7,0
3936,88807,88801288,11115,-1,-1,1,0,1ca36ecd,46.0,0
3937,88816,88812396,11108,-1,-1,1,0,1ca36ecd,46.9,0
3938,88827,88823498,11102,-1,-1,1,0,1ca36ecd,47.7,0
3939,88838,88834611,11113,-1,-1,1,0,1ca36ecd,48.4,0
3940,88849,88845718,11107,-1,-1,1,0,1ca36ecd,49.1,0
3941,88861,88856826,11108,-1,-1,1,0,1ca36ecd,49.7,0
3942,88871,88867942,11116,-1,-1,1,0,1ca36ecd,50.4,0
3943,88882,88879048,11106,-1,-1,1,0,1ca36ecd,51.1,1
3944,89002,88990146,111098,-1,-1,1,0,1ca36ecd,44.8,0
3945,89006,89001256,11110,-1,-1,1,0,1ca36ecd,45.8,0
3946,89016,89012362,11106,-1,-1,1,0,1ca36ecd,46.5,0
3947,89027,89023464,11102,-1,-1,1,0,1ca36ecd,47.1,0
3948,89038,89034581,11117,-1,-1,1,0,1ca36ecd,47.6,0
3949,89049,89045686,11105,-1,-1,1,0,1ca36ecd,48.2,0
3950,89060,89056795,11109,-1,-1,1,0,1ca36ecd,48.7,0
3951,89071,89067912,11117,-1,-1,1,0,1ca36ecd,49.2,0
3952,89083,89079019,11107,-1,-1,1,0,1ca36ecd,49.7,1
3953,89220,89212326,133307,-1,-1,1,0,1ca36ecd,111.1,0
3954,89227,89223430,11104,-1,-1,1,0,1ca36ecd,125.0,0
3955,89238,89234542,11112,-1,-1,1,0,1ca36ecd,111.1,0
3956,89249,89245650,11108,-1,-1,1,0,1ca36ecd,105.3,0
3957,89261,89256757,11107,-1,-1,1,0,1ca36ecd,100.0,0
3958,89271,89267868,11111,-1,-1,1,0,1ca36ecd,100.0,0
3959,89282,89278980,11112,-1,-1,1,0,1ca36ecd,98.6,0
3960,89393,89290086,11106,-1,-1,1,0,1ca36ecd,44.0,0
3961,89396,89390079,99993,-1,-1,1,0,1ca36ecd,48.6,1
3962,89508,89501165,111086,-1,-1,1,0,1ca36ecd,33.7,0
3963,89516,89512278,11113,-1,-1,1,0,1ca36ecd,36.1,0
3964,89527,89523387,11109,-1,-1,1,0,1ca36ecd,38.0,0
3965,89538,89534491,11104,-1,-1,1,0,1ca36ecd,39.8,0
3966,89549,89545599,11108,-1,-1,1,0,1ca36ecd,41.4,0
3967,89560,89556705,11106,-1,-1,1,0,1ca36ecd,43.0,0
3968,89572,89567818,11113,-1,-1,1,0,1ca36ecd,44.3,0
3969,89582,89578928,11110,-1,-1,1,0,1ca36ecd,45.8,0
3970,89593,89590038,11110,-1,-1,1,0,1ca36ecd,47.1,1
3971,89714,89701126,111088,-1,-1,1,0,1ca36ecd,37.8,0
3972,89717,89712245,11119,-1,-1,1,0,1ca36ecd,39.5,0
3973,89727,89723354,11109,-1,-1,1,0,1ca36ecd,40.7,0
3974,89738,89734458,11104,-1,-1,1,0,1ca36ecd,41.7,0
3975,89749,89745567,11109,-1,-1,1,0,1ca36ecd,42.8,0
3976,89760,89756674,11107,-1,-1,1,0,1ca36ecd,43.7,0
3977,89771,89767786,11112,-1,-1,1,0,1ca36ecd,44.6,0
3978,89782,89778894,11108,-1,-1,1,0,1ca36ecd,45.5,0
3979,89794,89790005,11111,-1,-1,1,0,1ca36ecd,46.3,1
3980,89913,89901092,111087,-1,-1,1,0,1ca36ecd,39.9,0
3981,89917,89912210,11118,-1,-1,1,0,1ca36ecd,41.1,0
3982,89927,89923315,11105,-1,-1,1,0,1ca36ecd,41.9,0
3983,89938,89934424,11109,-1,-1,1,0,1ca36ecd,42.6,0
3984,89949,89945533,11109,-1,-1,1,0,1ca36ecd,43.4,0
3985,89960,89956636,11103,-1,-1,1,0,1ca36ecd,44.1,0
3986,89971,89967749,11113,-1,-1,1,0,1ca36ecd,44.7,0
3987,89982,89978858,11109,-1,-1,1,0,1ca36ecd,45.4,0
3988,89993,89989967,11109,-1,-1,1,0,1ca36ecd,46.0,1
3989,90113,90101068,111101,-1,-1,1,0,1ca36ecd,41.0,0
3990,90117,90112177,11109,-1,-1,1,0,1ca36ecd,41.9,0
3991,90127,90123285,11108,-1,-1,1,0,1ca36ecd,42.6,0
3992,90138,90134385,11100,-1,-1,1,0,1ca36ecd,43.1,0
3993,90149,90145495,11110,-1,-1,1,0,1ca36ecd,43.7,0
3994,90160,90156607,11112,-1,-1,1,0,1ca36ecd,44.3,0
3995,90171,90167714,11107,-1,-1,1,0,1ca36ecd,44.8,0
3996,90182,90178824,11110,-1,-1,1,0,1ca36ecd,45.3,0
3997,90194,90189938,11114,-1,-1,1,0,1ca36ecd,45.8,1
3998,90330,90323248,133310,-1,-1,1,0,1ca36ecd,125.0,0
3999,90338,90334356,11108,-1,-1,1,0,1ca36ecd,125.0,0
4000,90349,90345473,11117,-1,-1,1,0,1ca36ecd,111.1,0
4001,90360,90356573,11100,-1,-1,1,0,1ca36ecd,105.3,0
4002,90371,90367682,11109,-1,-1,1,0,1ca36ecd,102.0,0
4003,90382,90378796,11114,-1,-1,1,0,1ca36ecd,100.0,0
4004,90393,90389902,11106,-1,-1,1,0,1ca36ecd,98.6,0
4005,90405,90401008,11106,-1,-1,1,0,1ca36ecd,96.4,0
4006,90416,90412126,11118,-1,-1,1,0,1ca36ecd,95.7,1
4007,90535,90523210,111084,-1,-1,1,0,1ca36ecd,46.9,0
4008,90539,90534329,11119,-1,-1,1,0,1ca36ecd,50.7,0
4009,90549,90545438,11109,-1,-1,1,0,1ca36ecd,52.9,0
4010,90560,90556536,11098,-1,-1,1,0,1ca36ecd,54.6,0
4011,90571,90567647,11111,-1,-1,1,0,1ca36ecd,56.2,0
4012,90582,90578756,11109,-1,-1,1,0,1ca36ecd,57.7,0
4013,90594,90589868,11112,-1,-1,1,0,1ca36ecd,58.8,0
4014,90604,90600976,11108,-1,-1,1,0,1ca36ecd,60.3,0
4015,90615,90612085,11109,-1,-1,1,1000,1ca36ecd,61.2,1
4016,90736,90723172,111087,-1,-1,1,0,1ca36ecd,45.9,0
4017,90739,90734293,11121,-1,-1,1,0,1ca36ecd,48.0,0
4018,90749,90745394,11101,-1,-1,1,0,1ca36ecd,49.2,0
4019,90760,90756502,11108,-1,-1,1,0,1ca36ecd,50.2,0
4020,90771,90767612,11110,-1,-1,1,0,1ca36ecd,51.2,0
4021,90782,90778721,11109,-1,-1,1,0,1ca36ecd,52.2,0
4022,90793,90789832,11111,-1,-1,1,0,1ca36ecd,53.1,0
4023,90804,90800939,11107,-1,-1,1,0,1ca36ecd,53.9,0
4024,90816,90812049,11110,-1,-1,1,0,1ca36ecd,54.7,1
4025,90935,90923142,111093,-1,-1,1,0,1ca36ecd,45.7,0
4026,90939,90934258,11116,-1,-1,1,0,1ca36ecd,47.0,0
4027,90949,90945366,11108,-1,-1,1,0,1ca36ecd,47.8,0
4028,90960,90956470,11104,-1,-1,1,0,1ca36ecd,48.6,0
4029,90971,90967579,11109,-1,-1,1,0,1ca36ecd,49.3,0
4030,90982,90978692,11113,-1,-1,1,0,1ca36ecd,50.0,0
4031,90994,90989797,11105,-1,-1,1,0,1ca36ecd,50.6,0
4032,91004,91000904,11107,-1,-1,1,0,1ca36ecd,51.3,0
4033,91015,91012012,11108,-1,-1,1,0,1ca36ecd,51.9,1
4034,91137,91123105,111093,-1,-1,1,0,1ca36ecd,45.4,0
4035,91141,91134217,11112,-1,-1,1,0,1ca36ecd,46.4,0
4036,91149,91145329,11112,-1,-1,1,0,1ca36ecd,47.2,0
4037,91160,91156435,11106,-1,-1,1,0,1ca36ecd,47.7,0
4038,91171,91167544,11109,-1,-1,1,0,1ca36ecd,48.3,0
4039,91182,91178655,11111,-1,-1,1,0,1ca36ecd,48.8,0
4040,91193,91189763,11108,-1,-1,1,0,1ca36ecd,49.4,0
4041,91204,91200869,11106,-1,-1,1,0,1ca36ecd,49.9,0
4042,91216,91211978,11109,-1,-1,1,0,1ca36ecd,50.3,1
4043,91350,91345292,133314,-1,-1,1,0,1ca36ecd,125.0,0
4044,91360,91356404,11112,-1,-1,1,0,1ca36ecd,111.1,0
4045,91371,91367514,11110,-1,-1,1,0,1ca36ecd,103.4,0
4046,91382,91378617,11103,-1,-1,1,0,1ca36ecd,100.0,0
4047,91394,91389726,11109,-1,-1,1,0,1ca36ecd,96.2,0
4048,91404,91400840,11114,-1,-1,1,0,1ca36ecd,96.8,0
4049,91415,91411946,11106,-1,-1,1,0,1ca36ecd,95.9,0
4050,91503,91423055,11109,-1,-1,1,0,1ca36ecd,49.7,0
4051,91506,91500821,77766,-1,-1,1,0,1ca36ecd,54.9,1
4052,91625,91611918,111097,-1,-1,1,0,1ca36ecd,35.3,0
4053,91628,91623031,11113,-1,-1,1,0,1ca36ecd,38.5,0
4054,91638,91634136,11105,-1,-1,1,0,1ca36ecd,40.5,0
4055,91649,91645241,11105,-1,-1,1,0,1ca36ecd,42.3,0
4056,91660,91656350,11109,-1,-1,1,0,1ca36ecd,44.0,0
4057,91671,91667458,11108,-1,-1,1,0,1ca36ecd,45.6,0
4058,91682,91678571,11113,-1,-1,1,0,1ca36ecd,47.1,0
4059,91693,91689677,11106,-1,-1,1,0,1ca36ecd,48.4,0
4060,91704,91700784,11107,-1,-1,1,0,1ca36ecd,49.7,1
4061,91826,91811879,111095,-1,-1,1,0,1ca36ecd,39.3,0
4062,91829,91822984,11105,-1,-1,1,0,1ca36ecd,41.1,0
4063,91838,91834100,11116,-1,-1,1,0,1ca36ecd,42.3,0
4064,91849,91845207,11107,-1,-1,1,0,1ca36ecd,43.4,0
4065,91860,91856316,11109,-1,-1,1,0,1ca36ecd,44.4,0
4066,91871,91867421,11105,-1,-1,1,0,1ca36ecd,45.4,0
4067,91882,91878535,11114,-1,-1,1,0,1ca36ecd,46.3,0
4068,91893,91889639,11104,-1,-1,1,0,1ca36ecd,47.2,0
4069,91904,91900755,11116,-1,-1,1,0,1ca36ecd,48.0,1
4070,92026,92011847,111092,-1,-1,1,0,1ca36ecd,40.9,0
4071,92029,92022954,11107,-1,-1,1,0,1ca36ecd,42.2,0
4072,92037,92034067,11113,-1,-1,1,0,1ca36ecd,43.2,0
4073,92049,92045172,11105,-1,-1,1,0,1ca36ecd,43.8,0
4074,92060,92056279,11107,-1,-1,1,0,1ca36ecd,44.6,0
4075,92071,92067389,11110,-1,-1,1,0,1ca36ecd,45.3,0
4076,92082,92078499,11110,-1,-1,1,0,1ca36ecd,45.9,0
4077,92093,92089607,11108,-1,-1,1,0,1ca36ecd,46.6,0
4078,92104,92100719,11112,-1,-1,1,0,1ca36ecd,47.2,1
