seq,mono_ms,src_pts,d_pts_us,exp_us,cx,cy,roi,cost_us,captured_fps,pbm,radius,state,roi_x0,roi_y0,roi_x1,roi_y1
1,2273,2255705,0,250,-1,-1,1,580,52.6,1,-1.0,0,0,0,639,359
2,2315,2300145,44440,250,-1,-1,1,528,33.3,0,-1.0,0,0,0,639,359
3,2331,2322368,22223,250,-1,-1,1,528,39.0,0,-1.0,0,0,0,639,359
4,2338,2333484,11116,250,-1,-1,1,527,50.0,0,-1.0,0,0,0,639,359
5,2345,2344594,11110,250,-1,-1,1,525,56.8,0,-1.0,0,0,0,639,359
6,2357,2355697,11103,250,-1,-1,1,527,60.6,0,-1.0,0,0,0,639,359
7,2368,2366805,11108,250,-1,-1,1,527,63.6,0,-1.0,0,0,0,639,359
8,2379,2377918,11113,250,-1,-1,1,525,66.1,0,-1.0,0,0,0,639,359
9,2390,2389023,11105,250,-1,-1,1,528,68.2,0,-1.0,0,0,0,639,359
10,2401,2400136,11113,250,-1,-1,1,527,69.4,1,-1.0,0,0,0,639,359
11,2412,2411246,11110,250,-1,-1,1,531,71.0,0,-1.0,0,0,0,639,359
12,2423,2422355,11109,250,-1,-1,1,615,72.3,0,-1.0,0,0,0,639,359
13,2434,2433460,11105,250,-1,-1,1,525,73.4,0,-1.0,0,0,0,639,359
14,2445,2444571,11111,250,-1,-1,1,527,74.5,0,-1.0,0,0,0,639,359
15,2457,2455679,11108,250,-1,-1,1,526,75.4,0,-1.0,0,0,0,639,359
16,2468,2466788,11109,250,-1,-1,1,526,76.2,0,-1.0,0,0,0,639,359
17,2479,2477898,11110,250,-1,-1,1,524,76.9,0,-1.0,0,0,0,639,359
18,2490,2489008,11110,250,-1,-1,1,527,77.6,0,-1.0,0,0,0,639,359
19,2501,2500117,11109,250,-1,-1,1,526,78.2,1,-1.0,0,0,0,639,359
20,2512,2511227,11110,250,-1,-1,1,547,78.4,0,-1.0,0,0,0,639,359
21,2523,2522337,11110,250,-1,-1,1,535,78.9,0,-1.0,0,0,0,639,359
22,2534,2533527,11190,250,-1,-1,1,535,79.4,0,-1.0,0,0,0,639,359
23,2545,2544550,11023,250,-1,-1,1,540,79.9,0,-1.0,0,0,0,639,359
24,2556,2555663,11113,250,-1,-1,1,526,80.3,0,-1.0,0,0,0,639,359
25,2568,2566769,11106,250,-1,-1,1,529,80.6,0,-1.0,0,0,0,639,359
26,2579,2577883,11114,250,-1,-1,1,538,81.0,0,-1.0,0,0,0,639,359
27,2590,2588989,11106,250,-1,-1,1,544,81.3,0,-1.0,0,0,0,639,359
28,2601,2600100,11111,250,-1,-1,1,540,81.6,1,-1.0,0,0,0,639,359
29,2612,2611211,11111,250,-1,-1,1,556,81.7,0,-1.0,0,0,0,639,359
30,2623,2622322,11111,250,-1,-1,1,525,82.0,0,-1.0,0,0,0,639,359
31,2634,2633428,11106,250,-1,-1,1,525,82.2,0,-1.0,0,0,0,639,359
32,2645,2644537,11109,250,-1,-1,1,536,82.5,0,-1.0,0,0,0,639,359
33,2656,2655648,11111,250,-1,-1,1,524,82.7,0,-1.0,0,0,0,639,359
34,2668,2666754,11106,250,-1,-1,1,525,82.9,0,-1.0,0,0,0,639,359
35,2679,2677861,11107,250,-1,-1,1,528,83.1,0,-1.0,0,0,0,639,359
36,2690,2688972,11111,250,-1,-1,1,527,83.3,0,-1.0,0,0,0,639,359
37,2701,2700080,11108,250,-1,-1,1,527,83.5,1,-1.0,0,0,0,639,359
38,2712,2711193,11113,250,-1,-1,1,530,83.5,0,-1.0,0,0,0,639,359
39,2723,2722303,11110,250,-1,-1,1,589,83.7,0,-1.0,0,0,0,639,359
40,2734,2733412,11109,250,-1,-1,1,523,83.9,0,-1.0,0,0,0,639,359
41,2745,2744517,11105,250,-1,-1,1,527,84.0,0,-1.0,0,0,0,639,359
42,2756,2755625,11108,250,-1,-1,1,525,84.2,0,-1.0,0,0,0,639,359
43,2768,2766734,11109,250,-1,-1,1,526,84.3,0,-1.0,0,0,0,639,359
44,2779,2777845,11111,250,-1,-1,1,525,84.5,0,-1.0,0,0,0,639,359
45,2790,2788954,11109,250,-1,-1,1,527,84.6,0,-1.0,0,0,0,639,359
46,2801,2800063,11109,250,-1,-1,1,527,84.7,1,-1.0,0,0,0,639,359
47,2812,2811173,11110,250,-1,-1,1,551,84.7,0,-1.0,0,0,0,639,359
48,2823,2822285,11112,250,-1,-1,1,554,84.8,0,-1.0,0,0,0,639,359
49,2834,2833547,11262,250,-1,-1,1,552,84.9,0,-1.0,0,0,0,639,359
50,2845,2844506,10959,250,-1,-1,1,553,85.0,0,-1.0,0,0,0,639,359
51,2857,2855610,11104,250,-1,-1,1,556,85.1,0,-1.0,0,0,0,639,359
52,2868,2866722,11112,250,-1,-1,1,555,85.2,0,-1.0,0,0,0,639,359
53,2879,2877826,11104,250,-1,-1,1,552,85.3,0,-1.0,0,0,0,639,359
54,2890,2888942,11116,250,-1,-1,1,554,85.4,0,-1.0,0,0,0,639,359
55,2901,2900047,11105,250,-1,-1,1,548,85.5,1,-1.0,0,0,0,639,359
56,2912,2911162,11115,250,-1,-1,1,568,85.5,0,-1.0,0,0,0,639,359
57,2923,2922265,11103,250,-1,-1,1,559,85.6,0,-1.0,0,0,0,639,359
58,2934,2933376,11111,250,-1,-1,1,606,85.7,0,-1.0,0,0,0,639,359
59,2945,2944486,11110,250,-1,-1,1,555,85.8,0,-1.0,0,0,0,639,359
60,2956,2955596,11110,250,-1,-1,1,545,85.8,0,-1.0,0,0,0,639,359
61,2968,2966704,11108,250,-1,-1,1,546,85.9,0,-1.0,0,0,0,639,359
62,2979,2977811,11107,250,-1,-1,1,537,86.0,0,-1.0,0,0,0,639,359
63,2990,2988922,11111,250,-1,-1,1,529,86.1,0,-1.0,0,0,0,639,359
64,3001,3000032,11110,250,-1,-1,1,524,86.1,1,-1.0,0,0,0,639,359
65,3012,3011143,11111,250,-1,-1,1,546,86.1,0,-1.0,0,0,0,639,359
66,3023,3022255,11112,250,-1,-1,1,543,86.2,0,-1.0,0,0,0,639,359
67,3034,3033441,11186,250,-1,-1,1,525,86.2,0,-1.0,0,0,0,639,359
68,3045,3044468,11027,250,-1,-1,1,525,86.3,0,-1.0,0,0,0,639,359
69,3056,3055578,11110,250,-1,-1,1,529,86.4,0,-1.0,0,0,0,639,359
70,3067,3066684,11106,250,-1,-1,1,527,86.4,0,-1.0,0,0,0,639,359
71,3079,3077792,11108,250,-1,-1,1,534,86.5,0,-1.0,0,0,0,639,359
72,3090,3088904,11112,250,-1,-1,1,543,86.5,0,-1.0,0,0,0,639,359
73,3101,3100013,11109,250,-1,-1,1,549,86.6,1,-1.0,0,0,0,639,359
74,3112,3111129,11116,250,-1,-1,1,573,86.5,0,-1.0,0,0,0,639,359
75,3123,3122229,11100,250,-1,-1,1,570,86.6,0,-1.0,0,0,0,639,359
76,3134,3133481,11252,250,-1,-1,1,554,86.7,0,-1.0,0,0,0,639,359
77,3145,3144449,10968,250,-1,-1,1,556,86.7,0,-1.0,0,0,0,639,359
78,3156,3155564,11115,250,-1,-1,1,554,86.8,0,-1.0,0,0,0,639,359
79,3167,3166665,11101,250,-1,-1,1,553,86.8,0,-1.0,0,0,0,639,359
80,3179,3177776,11111,250,-1,-1,1,561,86.9,0,-1.0,0,0,0,639,359
81,3190,3188887,11111,250,-1,-1,1,553,86.9,0,-1.0,0,0,0,639,359
82,3201,3199997,11110,250,-1,-1,1,562,87.0,1,-1.0,0,0,0,639,359
83,3212,3211107,11110,250,-1,-1,1,566,87.0,0,-1.0,0,0,0,639,359
84,3223,3222217,11110,250,-1,-1,1,545,87.0,0,-1.0,0,0,0,639,359
85,3234,3233425,11208,250,-1,-1,1,543,87.0,0,-1.0,0,0,0,639,359
86,3245,3244436,11011,250,-1,-1,1,536,87.0,0,-1.0,0,0,0,639,359
87,3256,3255542,11106,250,-1,-1,1,533,87.1,0,-1.0,0,0,0,639,359
88,3267,3266655,11113,250,-1,-1,1,532,87.1,0,-1.0,0,0,0,639,359
89,3284,3277759,11104,250,-1,-1,1,562,62.5,0,-1.0,0,0,0,639,359
90,3316,3288877,11118,250,-1,-1,1,611,41.7,0,-1.0,0,0,0,639,359
91,3317,3311075,22198,250,-1,-1,1,520,61.2,1,-1.0,0,0,0,639,359
92,3323,3322206,11131,250,-1,-1,1,531,71.4,0,-1.0,0,0,0,639,359
93,3334,3333308,11102,250,-1,-1,1,534,74.6,0,-1.0,0,0,0,639,359
94,3346,3344413,11105,250,-1,-1,1,531,76.9,0,-1.0,0,0,0,639,359
95,3356,3355529,11116,250,-1,-1,1,549,78.7,0,-1.0,0,0,0,639,359
96,3368,3366638,11109,250,-1,-1,1,653,80.0,0,-1.0,0,0,0,639,359
97,3379,3377747,11109,250,-1,-1,1,537,81.1,0,-1.0,0,0,0,639,359
98,3390,3388851,11104,250,-1,-1,1,541,82.0,0,-1.0,0,0,0,639,359
99,3401,3399960,11109,250,-1,-1,1,537,82.7,0,-1.0,0,0,0,639,359
100,3412,3411071,11111,250,-1,-1,1,524,83.3,1,-1.0,0,0,0,639,359
101,3423,3422186,11115,250,-1,-1,1,544,83.3,0,-1.0,0,0,0,639,359
102,3434,3433290,11104,250,-1,-1,1,540,83.8,0,-1.0,0,0,0,639,359
103,3445,3444552,11262,250,-1,-1,1,532,84.3,0,-1.0,0,0,0,639,359
104,3456,3455504,10952,250,-1,-1,1,541,84.7,0,-1.0,0,0,0,639,359
105,3467,3466618,11114,250,-1,-1,1,544,85.0,0,-1.0,0,0,0,639,359
106,3479,3477727,11109,250,-1,-1,1,557,85.3,0,-1.0,0,0,0,639,359
107,3490,3488834,11107,250,-1,-1,1,556,85.6,0,-1.0,0,0,0,639,359
108,3501,3499942,11108,250,-1,-1,1,564,85.8,0,-1.0,0,0,0,639,359
109,3512,3511056,11114,250,-1,-1,1,573,86.1,1,-1.0,0,0,0,639,359
110,3523,3522166,11110,250,-1,-1,1,579,85.9,0,-1.0,0,0,0,639,359
111,3534,3533277,11111,250,-1,-1,1,560,86.1,0,-1.0,0,0,0,639,359
112,3545,3544385,11108,250,-1,-1,1,551,86.3,0,-1.0,0,0,0,639,359
113,3556,3555492,11107,250,-1,-1,1,538,86.5,0,-1.0,0,0,0,639,359
114,3567,3566596,11104,250,-1,-1,1,551,86.7,0,-1.0,0,0,0,639,359
115,3578,3577708,11112,250,-1,-1,1,572,86.8,0,-1.0,0,0,0,639,359
116,3590,3588818,11110,250,-1,-1,1,559,87.0,0,-1.0,0,0,0,639,359
117,3601,3599927,11109,250,-1,-1,1,546,87.1,0,-1.0,0,0,0,639,359
118,3612,3611035,11108,250,-1,-1,1,547,87.2,1,-1.0,0,0,0,639,359
119,3623,3622152,11117,250,-1,-1,1,531,87.1,0,-1.0,0,0,0,639,359
120,3634,3633259,11107,250,-1,-1,1,527,87.2,0,-1.0,0,0,0,639,359
121,3645,3644367,11108,250,-1,-1,1,547,87.3,0,-1.0,0,0,0,639,359
122,3656,3655471,11104,250,-1,-1,1,527,87.4,0,-1.0,0,0,0,639,359
123,3667,3666582,11111,250,-1,-1,1,525,87.5,0,-1.0,0,0,0,639,359
124,3679,3677690,11108,250,-1,-1,1,525,87.6,0,-1.0,0,0,0,639,359
125,3690,3688803,11113,250,-1,-1,1,526,87.7,0,-1.0,0,0,0,639,359
126,3701,3699910,11107,250,-1,-1,1,524,87.8,0,-1.0,0,0,0,639,359
127,3712,3711019,11109,250,-1,-1,1,525,87.8,1,-1.0,0,0,0,639,359
128,3723,3722129,11110,250,-1,-1,1,547,87.7,0,-1.0,0,0,0,639,359
129,3734,3733242,11113,250,-1,-1,1,526,87.8,0,-1.0,0,0,0,639,359
130,3745,3744348,11106,250,-1,-1,1,540,87.9,0,-1.0,0,0,0,639,359
131,3756,3755461,11113,250,-1,-1,1,528,87.9,0,-1.0,0,0,0,639,359
132,3767,3766563,11102,250,-1,-1,1,527,88.0,0,-1.0,0,0,0,639,359
133,3778,3777674,11111,250,-1,-1,1,525,88.1,0,-1.0,0,0,0,639,359
134,3790,3788782,11108,250,-1,-1,1,525,88.1,0,-1.0,0,0,0,639,359
135,3801,3799894,11112,250,-1,-1,1,526,88.2,0,-1.0,0,0,0,639,359
136,3812,3811001,11107,250,-1,-1,1,525,88.2,1,-1.0,0,0,0,639,359
137,3823,3822116,11115,250,-1,-1,1,555,88.1,0,-1.0,0,0,0,639,359
138,3834,3833224,11108,250,-1,-1,1,541,88.2,0,-1.0,0,0,0,639,359
139,3845,3844334,11110,250,-1,-1,1,543,88.2,0,-1.0,0,0,0,639,359
140,3856,3855438,11104,250,-1,-1,1,539,88.3,0,-1.0,0,0,0,639,359
141,3867,3866548,11110,250,-1,-1,1,535,88.3,0,-1.0,0,0,0,639,359
142,3879,3877656,11108,250,-1,-1,1,536,88.4,0,-1.0,0,0,0,639,359
143,3890,3888770,11114,250,-1,-1,1,535,88.4,0,-1.0,0,0,0,639,359
144,3901,3899873,11103,250,-1,-1,1,529,88.5,0,-1.0,0,0,0,639,359
145,3912,3910987,11114,250,-1,-1,1,524,88.5,1,-1.0,0,0,0,639,359
146,3923,3922094,11107,250,-1,-1,1,547,88.5,0,-1.0,0,0,0,639,359
147,3934,3933209,11115,250,-1,-1,1,524,88.5,0,-1.0,0,0,0,639,359
148,3946,3944313,11104,250,-1,-1,1,526,88.5,0,-1.0,0,0,0,639,359
149,3956,3955423,11110,250,-1,-1,1,525,88.5,0,-1.0,0,0,0,639,359
150,3967,3966532,11109,250,-1,-1,1,525,88.6,0,-1.0,0,0,0,639,359
151,3978,3977643,11111,250,-1,-1,1,527,88.6,0,-1.0,0,0,0,639,359
152,3990,3988746,11103,250,-1,-1,1,528,88.6,0,-1.0,0,0,0,639,359
153,4001,3999860,11114,250,-1,-1,1,527,88.7,0,-1.0,0,0,0,639,359
154,4012,4010964,11104,250,-1,-1,1,527,88.7,1,-1.0,0,0,0,639,359
155,4023,4022083,11119,250,-1,-1,1,553,88.6,0,-1.0,0,0,0,639,359
156,4034,4033188,11105,250,-1,-1,1,533,88.7,0,-1.0,0,0,0,639,359
157,4045,4044300,11112,250,-1,-1,1,530,88.7,0,-1.0,0,0,0,639,359
158,4056,4055406,11106,250,-1,-1,1,525,88.7,0,-1.0,0,0,0,639,359
159,4067,4066514,11108,250,-1,-1,1,525,88.8,0,-1.0,0,0,0,639,359
160,4078,4077622,11108,250,-1,-1,1,525,88.8,0,-1.0,0,0,0,639,359
161,4090,4088733,11111,250,-1,-1,1,524,88.8,0,-1.0,0,0,0,639,359
162,4101,4099837,11104,250,-1,-1,1,529,88.8,0,-1.0,0,0,0,639,359
163,4112,4110949,11112,250,-1,-1,1,528,88.9,1,-1.0,0,0,0,639,359
164,4123,4122061,11112,250,-1,-1,1,535,88.9,0,-1.0,0,0,0,639,359
165,4134,4133170,11109,250,-1,-1,1,528,88.8,0,-1.0,0,0,0,639,359
166,4145,4144283,11113,250,-1,-1,1,575,88.8,0,-1.0,0,0,0,639,359
167,4156,4155388,11105,250,-1,-1,1,526,88.9,0,-1.0,0,0,0,639,359
168,4167,4166497,11109,250,-1,-1,1,526,88.9,0,-1.0,0,0,0,639,359
169,4178,4177604,11107,250,-1,-1,1,526,88.9,0,-1.0,0,0,0,639,359
170,4190,4188713,11109,250,-1,-1,1,526,88.9,0,-1.0,0,0,0,639,359
171,4201,4199829,11116,250,-1,-1,1,526,89.0,0,-1.0,0,0,0,639,359
172,4212,4210933,11104,250,-1,-1,1,526,89.0,1,-1.0,0,0,0,639,359
173,4223,4222044,11111,250,-1,-1,1,546,89.0,0,-1.0,0,0,0,639,359
174,4234,4233153,11109,250,-1,-1,1,527,88.9,0,-1.0,0,0,0,639,359
175,4246,4244266,11113,250,-1,-1,1,524,89.0,0,-1.0,0,0,0,639,359
176,4256,4255372,11106,250,-1,-1,1,527,89.0,0,-1.0,0,0,0,639,359
177,4267,4266479,11107,250,-1,-1,1,526,89.0,0,-1.0,0,0,0,639,359
178,4282,4277752,11273,250,-1,-1,1,527,66.7,0,-1.0,0,0,0,639,359
179,4290,4288702,10950,250,-1,-1,1,526,90.9,0,-1.0,0,0,0,639,359
180,4334,4299808,11106,250,-1,-1,1,611,44.8,0,-1.0,0,0,0,639,359
181,4335,4333121,33313,250,-1,-1,1,522,59.7,1,-1.0,0,0,0,639,359
182,4345,4344248,11127,250,-1,-1,1,523,64.1,0,-1.0,0,0,0,639,359
183,4356,4355356,11108,250,-1,-1,1,525,67.4,0,-1.0,0,0,0,639,359
184,4368,4366462,11106,250,-1,-1,1,526,70.0,0,-1.0,0,0,0,639,359
185,4378,4377574,11112,250,-1,-1,1,543,72.1,0,-1.0,0,0,0,639,359
186,4390,4388681,11107,250,-1,-1,1,526,73.8,0,-1.0,0,0,0,639,359
187,4401,4399788,11107,250,-1,-1,1,528,75.2,0,-1.0,0,0,0,639,359
188,4412,4410894,11106,250,-1,-1,1,524,76.4,0,-1.0,0,0,0,639,359
189,4423,4422005,11111,250,-1,-1,1,529,77.4,0,-1.0,0,0,0,639,359
190,4434,4433119,11114,250,-1,-1,1,525,78.3,1,-1.0,0,0,0,639,359
191,4445,4444231,11112,250,-1,-1,1,544,78.7,0,-1.0,0,0,0,639,359
192,4456,4455339,11108,250,-1,-1,1,526,79.4,0,-1.0,0,0,0,639,359
193,4467,4466448,11109,250,-1,-1,1,525,80.0,0,-1.0,0,0,0,639,359
194,4478,4477551,11103,250,-1,-1,1,526,80.6,0,-1.0,0,0,0,639,359
195,4489,4488663,11112,250,-1,-1,1,524,81.1,0,-1.0,0,0,0,639,359
196,4501,4499770,11107,250,-1,-1,1,529,81.5,0,-1.0,0,0,0,639,359
197,4512,4510882,11112,250,-1,-1,1,527,82.0,0,-1.0,0,0,0,639,359
198,4523,4521988,11106,250,-1,-1,1,527,82.4,0,-1.0,0,0,0,639,359
199,4534,4533102,11114,250,-1,-1,1,527,82.7,1,-1.0,0,0,0,639,359
200,4545,4544211,11109,250,-1,-1,1,547,82.7,0,-1.0,0,0,0,639,359
201,4556,4555323,11112,250,-1,-1,1,526,83.0,0,-1.0,0,0,0,639,359
202,4568,4566428,11105,250,-1,-1,1,526,83.3,0,-1.0,0,0,0,639,359
203,4578,4577541,11113,250,-1,-1,1,525,83.6,0,-1.0,0,0,0,639,359
204,4589,4588647,11106,250,-1,-1,1,525,83.9,0,-1.0,0,0,0,639,359
205,4601,4599755,11108,250,-1,-1,1,526,84.1,0,-1.0,0,0,0,639,359
206,4612,4610864,11109,250,-1,-1,1,527,84.3,0,-1.0,0,0,0,639,359
207,4623,4621976,11112,250,-1,-1,1,526,84.5,0,-1.0,0,0,0,639,359
208,4634,4633079,11103,250,-1,-1,1,527,84.7,1,-1.0,0,0,0,639,359
209,4645,4644196,11117,250,-1,-1,1,528,84.7,0,-1.0,0,0,0,639,359
210,4656,4655298,11102,250,-1,-1,1,524,84.8,0,-1.0,0,0,0,639,359
211,4667,4666410,11112,250,-1,-1,1,525,85.0,0,-1.0,0,0,0,639,359
212,4678,4677519,11109,250,-1,-1,1,526,85.2,0,-1.0,0,0,0,639,359
213,4689,4688632,11113,250,-1,-1,1,525,85.3,0,-1.0,0,0,0,639,359
214,4701,4699738,11106,250,-1,-1,1,525,85.5,0,-1.0,0,0,0,639,359
215,4712,4710850,11112,250,-1,-1,1,526,85.6,0,-1.0,0,0,0,639,359
216,4723,4721956,11106,250,-1,-1,1,525,85.7,0,-1.0,0,0,0,639,359
217,4734,4733067,11111,250,-1,-1,1,529,85.8,1,-1.0,0,0,0,639,359
218,4745,4744177,11110,250,-1,-1,1,539,85.8,0,-1.0,0,0,0,639,359
219,4756,4755286,11109,250,-1,-1,1,525,85.9,0,-1.0,0,0,0,639,359
220,4767,4766397,11111,250,-1,-1,1,523,86.0,0,-1.0,0,0,0,639,359
221,4778,4777504,11107,250,-1,-1,1,527,86.1,0,-1.0,0,0,0,639,359
222,4789,4788612,11108,250,-1,-1,1,527,86.2,0,-1.0,0,0,0,639,359
223,4801,4799719,11107,250,-1,-1,1,527,86.3,0,-1.0,0,0,0,639,359
224,4812,4810828,11109,250,-1,-1,1,525,86.4,0,-1.0,0,0,0,639,359
225,4823,4821941,11113,250,-1,-1,1,524,86.5,0,-1.0,0,0,0,639,359
226,4834,4833048,11107,250,-1,-1,1,524,86.6,1,-1.0,0,0,0,639,359
227,4845,4844164,11116,250,-1,-1,1,547,86.5,0,-1.0,0,0,0,639,359
228,4856,4855268,11104,250,-1,-1,1,528,86.6,0,-1.0,0,0,0,639,359
229,4867,4866378,11110,250,-1,-1,1,528,86.7,0,-1.0,0,0,0,639,359
230,4878,4877487,11109,250,-1,-1,1,524,86.7,0,-1.0,0,0,0,639,359
231,4889,4888596,11109,250,-1,-1,1,527,86.8,0,-1.0,0,0,0,639,359
232,4901,4899704,11108,250,-1,-1,1,527,86.9,0,-1.0,0,0,0,639,359
233,4912,4910814,11110,250,-1,-1,1,528,87.0,0,-1.0,0,0,0,639,359
234,4923,4921918,11104,250,-1,-1,1,527,87.0,0,-1.0,0,0,0,639,359
235,4934,4933032,11114,250,-1,-1,1,526,87.1,1,-1.0,0,0,0,639,359
236,4945,4944142,11110,250,-1,-1,1,545,87.0,0,-1.0,0,0,0,639,359
237,4956,4955252,11110,250,-1,-1,1,551,87.1,0,-1.0,0,0,0,639,359
238,4967,4966361,11109,250,-1,-1,1,526,87.1,0,-1.0,0,0,0,639,359
239,4978,4977471,11110,250,-1,-1,1,525,87.2,0,-1.0,0,0,0,639,359
240,4989,4988576,11105,250,-1,-1,1,524,87.3,0,-1.0,0,0,0,639,359
241,5000,4999685,11109,250,-1,-1,1,525,87.3,0,-1.0,0,0,0,639,359
242,5012,5010793,11108,250,-1,-1,1,525,87.4,0,-1.0,0,0,0,639,359
243,5023,5021907,11114,250,-1,-1,1,527,87.4,0,-1.0,0,0,0,639,359
244,5034,5033012,11105,250,-1,-1,1,528,87.5,1,-1.0,0,0,0,639,359
245,5045,5044128,11116,250,-1,-1,1,534,87.5,0,-1.0,0,0,0,639,359
246,5056,5055234,11106,250,-1,-1,1,556,87.5,0,-1.0,0,0,0,639,359
247,5067,5066345,11111,250,-1,-1,1,544,87.5,0,-1.0,0,0,0,639,359
248,5078,5077452,11107,250,-1,-1,1,526,87.5,0,-1.0,0,0,0,639,359
249,5089,5088560,11108,250,-1,-1,1,526,87.6,0,-1.0,0,0,0,639,359
250,5100,5099670,11110,250,-1,-1,1,525,87.6,0,-1.0,0,0,0,639,359
251,5112,5110776,11106,250,-1,-1,1,526,87.7,0,-1.0,0,0,0,639,359
252,5123,5121885,11109,250,-1,-1,1,525,87.7,0,-1.0,0,0,0,639,359
253,5134,5132994,11109,250,-1,-1,1,526,87.8,1,-1.0,0,0,0,639,359
254,5145,5144105,11111,250,-1,-1,1,546,87.8,0,-1.0,0,0,0,639,359
255,5156,5155220,11115,250,-1,-1,1,584,87.7,0,-1.0,0,0,0,639,359
256,5168,5166324,11104,250,-1,-1,1,525,87.8,0,-1.0,0,0,0,639,359
257,5178,5177438,11114,250,-1,-1,1,526,87.8,0,-1.0,0,0,0,639,359
258,5189,5188539,11101,250,-1,-1,1,528,87.9,0,-1.0,0,0,0,639,359
259,5200,5199651,11112,250,-1,-1,1,527,87.9,0,-1.0,0,0,0,639,359
260,5212,5210762,11111,250,-1,-1,1,526,87.9,0,-1.0,0,0,0,639,359
261,5223,5221870,11108,250,-1,-1,1,528,88.0,0,-1.0,0,0,0,639,359
262,5234,5232978,11108,250,-1,-1,1,526,88.0,1,-1.0,0,0,0,639,359
263,5245,5244099,11121,250,-1,-1,1,546,88.0,0,-1.0,0,0,0,639,359
264,5256,5255201,11102,250,-1,-1,1,585,88.0,0,-1.0,0,0,0,639,359
265,5267,5266311,11110,250,-1,-1,1,526,88.0,0,-1.0,0,0,0,639,359
266,5280,5277419,11108,250,-1,-1,1,525,83.3,0,-1.0,0,0,0,639,359
267,5289,5288525,11106,250,-1,-1,1,529,90.9,0,-1.0,0,0,0,639,359
268,5300,5299634,11109,250,-1,-1,1,527,90.9,0,-1.0,0,0,0,639,359
269,5312,5310742,11108,250,-1,-1,1,527,90.9,0,-1.0,0,0,0,639,359
270,5356,5321853,11111,250,-1,-1,1,610,56.2,0,-1.0,0,0,0,639,359
271,5357,5355169,33316,250,-1,-1,1,520,66.7,1,-1.0,0,0,0,639,359
272,5367,5366296,11127,250,-1,-1,1,526,70.0,0,-1.0,0,0,0,639,359
273,5378,5377402,11106,250,-1,-1,1,525,72.1,0,-1.0,0,0,0,639,359
274,5389,5388509,11107,250,-1,-1,1,544,73.8,0,-1.0,0,0,0,639,359
275,5401,5399627,11118,250,-1,-1,1,527,75.2,0,-1.0,0,0,0,639,359
276,5412,5410726,11099,250,-1,-1,1,527,76.4,0,-1.0,0,0,0,639,359
277,5423,5421837,11111,250,-1,-1,1,526,77.4,0,-1.0,0,0,0,639,359
278,5434,5432945,11108,250,-1,-1,1,528,78.3,0,-1.0,0,0,0,639,359
279,5445,5444056,11111,250,-1,-1,1,527,79.1,0,-1.0,0,0,0,639,359
280,5456,5455163,11107,250,-1,-1,1,527,79.4,1,-1.0,0,0,0,639,359
281,5467,5466279,11116,250,-1,-1,1,546,80.0,0,-1.0,0,0,0,639,359
282,5478,5477384,11105,250,-1,-1,1,552,80.6,0,-1.0,0,0,0,639,359
283,5490,5488496,11112,250,-1,-1,1,525,81.1,0,-1.0,0,0,0,639,359
284,5500,5499601,11105,250,-1,-1,1,524,81.5,0,-1.0,0,0,0,639,359
285,5512,5510709,11108,250,-1,-1,1,525,82.0,0,-1.0,0,0,0,639,359
286,5523,5521818,11109,250,-1,-1,1,528,82.4,0,-1.0,0,0,0,639,359
287,5534,5532925,11107,250,-1,-1,1,530,82.7,0,-1.0,0,0,0,639,359
288,5545,5544035,11110,250,-1,-1,1,526,83.0,0,-1.0,0,0,0,639,359
289,5556,5555148,11113,250,-1,-1,1,525,83.0,1,-1.0,0,0,0,639,359
290,5567,5566260,11112,250,-1,-1,1,528,83.3,0,-1.0,0,0,0,639,359
291,5578,5577367,11107,250,-1,-1,1,554,83.6,0,-1.0,0,0,0,639,359
292,5589,5588475,11108,250,-1,-1,1,525,83.9,0,-1.0,0,0,0,639,359
293,5600,5599582,11107,250,-1,-1,1,526,84.1,0,-1.0,0,0,0,639,359
294,5611,5610689,11107,250,-1,-1,1,526,84.3,0,-1.0,0,0,0,639,359
295,5623,5621803,11114,250,-1,-1,1,525,84.5,0,-1.0,0,0,0,639,359
296,5634,5632907,11104,250,-1,-1,1,524,84.7,0,-1.0,0,0,0,639,359
297,5645,5644021,11114,250,-1,-1,1,528,84.9,0,-1.0,0,0,0,639,359
298,5656,5655129,11108,250,-1,-1,1,529,84.8,1,-1.0,0,0,0,639,359
299,5667,5666242,11113,250,-1,-1,1,539,85.0,0,-1.0,0,0,0,639,359
300,5678,5677350,11108,250,-1,-1,1,555,85.2,0,-1.0,0,0,0,639,359
301,5689,5688459,11109,250,-1,-1,1,525,85.3,0,-1.0,0,0,0,639,359
302,5700,5699567,11108,250,-1,-1,1,526,85.5,0,-1.0,0,0,0,639,359
303,5711,5710677,11110,250,-1,-1,1,527,85.6,0,-1.0,0,0,0,639,359
304,5723,5721785,11108,250,-1,-1,1,529,85.7,0,-1.0,0,0,0,639,359
305,5734,5732894,11109,250,-1,-1,1,524,85.8,0,-1.0,0,0,0,639,359
306,5745,5744005,11111,250,-1,-1,1,526,86.0,0,-1.0,0,0,0,639,359
307,5756,5755114,11109,250,-1,-1,1,525,86.1,1,-1.0,0,0,0,639,359
308,5767,5766224,11110,250,-1,-1,1,594,86.0,0,-1.0,0,0,0,639,359
309,5778,5777334,11110,250,-1,-1,1,526,86.1,0,-1.0,0,0,0,639,359
310,5789,5788439,11105,250,-1,-1,1,526,86.2,0,-1.0,0,0,0,639,359
311,5800,5799554,11115,250,-1,-1,1,525,86.3,0,-1.0,0,0,0,639,359
312,5811,5810659,11105,250,-1,-1,1,528,86.4,0,-1.0,0,0,0,639,359
313,5823,5821766,11107,250,-1,-1,1,527,86.5,0,-1.0,0,0,0,639,359
314,5834,5832878,11112,250,-1,-1,1,529,86.6,0,-1.0,0,0,0,639,359
315,5845,5843986,11108,250,-1,-1,1,525,86.7,0,-1.0,0,0,0,639,359
316,5856,5855092,11106,250,-1,-1,1,526,86.7,1,-1.0,0,0,0,639,359
317,5867,5866206,11114,250,-1,-1,1,546,86.7,0,-1.0,0,0,0,639,359
318,5878,5877317,11111,250,-1,-1,1,553,86.7,0,-1.0,0,0,0,639,359
319,5889,5888423,11106,250,-1,-1,1,526,86.8,0,-1.0,0,0,0,639,359
320,5900,5899534,11111,250,-1,-1,1,526,86.9,0,-1.0,0,0,0,639,359
321,5911,5910644,11110,250,-1,-1,1,524,87.0,0,-1.0,0,0,0,639,359
322,5923,5921749,11105,250,-1,-1,1,524,87.0,0,-1.0,0,0,0,639,359
323,5934,5932861,11112,250,-1,-1,1,529,87.1,0,-1.0,0,0,0,639,359
324,5945,5943967,11106,250,-1,-1,1,528,87.1,0,-1.0,0,0,0,639,359
325,5956,5955079,11112,250,-1,-1,1,526,87.2,1,-1.0,0,0,0,639,359
326,5967,5966191,11112,250,-1,-1,1,533,87.1,0,-1.0,0,0,0,639,359
327,5978,5977303,11112,250,-1,-1,1,588,87.2,0,-1.0,0,0,0,639,359
328,5990,5988410,11107,250,-1,-1,1,525,87.3,0,-1.0,0,0,0,639,359
329,6000,5999517,11107,250,-1,-1,1,529,87.3,0,-1.0,0,0,0,639,359
330,6011,6010625,11108,250,-1,-1,1,525,87.4,0,-1.0,0,0,0,639,359
331,6023,6021734,11109,250,-1,-1,1,526,87.4,0,-1.0,0,0,0,639,359
332,6034,6032841,11107,250,-1,-1,1,524,87.5,0,-1.0,0,0,0,639,359
333,6045,6043951,11110,250,-1,-1,1,527,87.5,0,-1.0,0,0,0,639,359
334,6056,6055061,11110,250,-1,-1,1,526,87.6,1,-1.0,0,0,0,639,359
335,6067,6066174,11113,250,-1,-1,1,545,87.5,0,-1.0,0,0,0,639,359
336,6078,6077279,11105,250,-1,-1,1,587,87.5,0,-1.0,0,0,0,639,359
337,6090,6088392,11113,250,-1,-1,1,524,87.6,0,-1.0,0,0,0,639,359
338,6100,6099495,11103,250,-1,-1,1,527,87.6,0,-1.0,0,0,0,639,359
339,6111,6110604,11109,250,-1,-1,1,526,87.7,0,-1.0,0,0,0,639,359
340,6123,6121712,11108,250,-1,-1,1,526,87.7,0,-1.0,0,0,0,639,359
341,6134,6132826,11114,250,-1,-1,1,526,87.8,0,-1.0,0,0,0,639,359
342,6145,6143938,11112,250,-1,-1,1,526,87.8,0,-1.0,0,0,0,639,359
343,6156,6155044,11106,250,-1,-1,1,526,87.8,1,-1.0,0,0,0,639,359
344,6167,6166155,11111,250,-1,-1,1,546,87.8,0,-1.0,0,0,0,639,359
345,6178,6177260,11105,250,-1,-1,1,612,87.8,0,-1.0,0,0,0,639,359
346,6190,6188374,11114,250,-1,-1,1,526,87.9,0,-1.0,0,0,0,639,359
347,6200,6199483,11109,250,-1,-1,1,524,87.9,0,-1.0,0,0,0,639,359
348,6211,6210586,11103,250,-1,-1,1,528,87.9,0,-1.0,0,0,0,639,359
349,6223,6221700,11114,250,-1,-1,1,527,88.0,0,-1.0,0,0,0,639,359
350,6234,6232806,11106,250,-1,-1,1,526,88.0,0,-1.0,0,0,0,639,359
351,6245,6243917,11111,250,-1,-1,1,528,88.0,0,-1.0,0,0,0,639,359
352,6256,6255021,11104,250,-1,-1,1,526,88.1,1,-1.0,0,0,0,639,359
353,6267,6266139,11118,250,-1,-1,1,545,88.0,0,-1.0,0,0,0,639,359
354,6297,6288350,22211,250,-1,-1,1,528,34.5,0,-1.0,0,0,0,639,359
355,6300,6299461,11111,250,-1,-1,1,524,60.6,0,-1.0,0,0,0,639,359
356,6311,6310575,11114,250,-1,-1,1,526,68.2,0,-1.0,0,0,0,639,359
357,6322,6321678,11103,250,-1,-1,1,526,72.7,0,-1.0,0,0,0,639,359
358,6334,6332794,11116,250,-1,-1,1,524,75.8,0,-1.0,0,0,0,639,359
359,6345,6343896,11102,250,-1,-1,1,529,77.9,0,-1.0,0,0,0,639,359
360,6391,6355010,11114,250,-1,-1,1,607,56.9,0,-1.0,0,0,0,639,359
361,6391,6388323,33313,250,-1,-1,1,563,64.5,1,-1.0,0,0,0,639,359
362,6400,6399453,11130,250,-1,-1,1,527,67.7,0,-1.0,0,0,0,639,359
363,6411,6410554,11101,250,-1,-1,1,527,69.4,0,-1.0,0,0,0,639,359
364,6423,6421670,11116,250,-1,-1,1,524,71.0,0,-1.0,0,0,0,639,359
365,6434,6432776,11106,250,-1,-1,1,546,72.3,0,-1.0,0,0,0,639,359
366,6445,6443886,11110,250,-1,-1,1,526,73.4,0,-1.0,0,0,0,639,359
367,6456,6454991,11105,250,-1,-1,1,524,74.5,0,-1.0,0,0,0,639,359
368,6467,6466101,11110,250,-1,-1,1,526,75.4,0,-1.0,0,0,0,639,359
369,6478,6477210,11109,250,-1,-1,1,526,75.8,0,-1.0,0,0,0,639,359
370,6489,6488318,11108,250,-1,-1,1,526,76.6,1,-1.0,0,0,0,639,359
371,6500,6499429,11111,250,-1,-1,1,528,77.3,0,-1.0,0,0,0,639,359
372,6511,6510535,11106,250,-1,-1,1,526,77.9,0,-1.0,0,0,0,639,359
373,6522,6521646,11111,250,-1,-1,1,546,78.4,0,-1.0,0,0,0,639,359
374,6534,6532758,11112,250,-1,-1,1,525,78.9,0,-1.0,0,0,0,639,359
375,6545,6543866,11108,250,-1,-1,1,525,79.4,0,-1.0,0,0,0,639,359
376,6556,6554975,11109,250,-1,-1,1,526,79.9,0,-1.0,0,0,0,639,359
377,6567,6566082,11107,250,-1,-1,1,526,80.3,0,-1.0,0,0,0,639,359
378,6578,6577193,11111,250,-1,-1,1,526,80.4,0,-1.0,0,0,0,639,359
379,6589,6588299,11106,250,-1,-1,1,528,80.7,1,-1.0,0,0,0,639,359
380,6600,6599418,11119,250,-1,-1,1,527,81.1,0,-1.0,0,0,0,639,359
381,6611,6610520,11102,250,-1,-1,1,526,81.4,0,-1.0,0,0,0,639,359
382,6622,6621633,11113,250,-1,-1,1,543,81.7,0,-1.0,0,0,0,639,359
383,6634,6632735,11102,250,-1,-1,1,528,82.0,0,-1.0,0,0,0,639,359
384,6645,6643849,11114,250,-1,-1,1,526,82.2,0,-1.0,0,0,0,639,359
385,6656,6654956,11107,250,-1,-1,1,524,82.5,0,-1.0,0,0,0,639,359
386,6667,6666064,11108,250,-1,-1,1,525,82.7,0,-1.0,0,0,0,639,359
387,6678,6677177,11113,250,-1,-1,1,526,82.7,0,-1.0,0,0,0,639,359
388,6689,6688284,11107,250,-1,-1,1,525,82.9,1,-1.0,0,0,0,639,359
389,6700,6699395,11111,250,-1,-1,1,529,83.1,0,-1.0,0,0,0,639,359
390,6711,6710504,11109,250,-1,-1,1,525,83.3,0,-1.0,0,0,0,639,359
391,6722,6721611,11107,250,-1,-1,1,541,83.5,0,-1.0,0,0,0,639,359
392,6734,6732723,11112,250,-1,-1,1,528,83.7,0,-1.0,0,0,0,639,359
393,6745,6743829,11106,250,-1,-1,1,527,83.9,0,-1.0,0,0,0,639,359
394,6756,6754941,11112,250,-1,-1,1,525,84.0,0,-1.0,0,0,0,639,359
395,6767,6766046,11105,250,-1,-1,1,525,84.2,0,-1.0,0,0,0,639,359
396,6778,6777159,11113,250,-1,-1,1,526,84.3,0,-1.0,0,0,0,639,359
397,6789,6788267,11108,250,-1,-1,1,526,84.3,1,-1.0,0,0,0,639,359
398,6800,6799375,11108,250,-1,-1,1,524,84.4,0,-1.0,0,0,0,639,359
399,6811,6810486,11111,250,-1,-1,1,527,84.6,0,-1.0,0,0,0,639,359
400,6822,6821595,11109,250,-1,-1,1,537,84.7,0,-1.0,0,0,0,639,359
401,6834,6832703,11108,250,-1,-1,1,526,84.8,0,-1.0,0,0,0,639,359
402,6845,6843810,11107,250,-1,-1,1,527,84.9,0,-1.0,0,0,0,639,359
403,6856,6854923,11113,250,-1,-1,1,528,85.0,0,-1.0,0,0,0,639,359
404,6867,6866032,11109,250,-1,-1,1,526,85.1,0,-1.0,0,0,0,639,359
405,6878,6877140,11108,250,-1,-1,1,526,85.2,0,-1.0,0,0,0,639,359
406,6889,6888254,11114,250,-1,-1,1,524,85.2,1,-1.0,0,0,0,639,359
407,6900,6899357,11103,250,-1,-1,1,525,85.3,0,-1.0,0,0,0,639,359
408,6911,6910469,11112,250,-1,-1,1,526,85.4,0,-1.0,0,0,0,639,359
409,6922,6921575,11106,250,-1,-1,1,532,85.5,0,-1.0,0,0,0,639,359
410,6933,6932685,11110,250,-1,-1,1,527,85.6,0,-1.0,0,0,0,639,359
411,6945,6943795,11110,250,-1,-1,1,526,85.7,0,-1.0,0,0,0,639,359
412,6956,6954906,11111,250,-1,-1,1,527,85.8,0,-1.0,0,0,0,639,359
413,6967,6966012,11106,250,-1,-1,1,528,85.8,0,-1.0,0,0,0,639,359
414,6978,6977127,11115,250,-1,-1,1,525,85.9,0,-1.0,0,0,0,639,359
415,6989,6988232,11105,250,-1,-1,1,526,85.9,1,-1.0,0,0,0,639,359
416,7000,6999346,11114,250,-1,-1,1,525,85.9,0,-1.0,0,0,0,639,359
417,7011,7010451,11105,250,-1,-1,1,523,86.0,0,-1.0,0,0,0,639,359
418,7022,7021560,11109,250,-1,-1,1,525,86.1,0,-1.0,0,0,0,639,359
419,7033,7032670,11110,250,-1,-1,1,527,86.2,0,-1.0,0,0,0,639,359
420,7045,7043781,11111,250,-1,-1,1,527,86.2,0,-1.0,0,0,0,639,359
421,7056,7054891,11110,250,-1,-1,1,526,86.3,0,-1.0,0,0,0,639,359
422,7067,7065998,11107,250,-1,-1,1,525,86.4,0,-1.0,0,0,0,639,359
423,7078,7077104,11106,250,-1,-1,1,527,86.4,0,-1.0,0,0,0,639,359
424,7089,7088214,11110,250,-1,-1,1,527,86.4,1,-1.0,0,0,0,639,359
425,7100,7099326,11112,250,-1,-1,1,526,86.4,0,-1.0,0,0,0,639,359
426,7111,7110438,11112,250,-1,-1,1,525,86.5,0,-1.0,0,0,0,639,359
427,7122,7121544,11106,250,-1,-1,1,525,86.5,0,-1.0,0,0,0,639,359
428,7133,7132654,11110,250,-1,-1,1,529,86.6,0,-1.0,0,0,0,639,359
429,7145,7143763,11109,250,-1,-1,1,527,86.7,0,-1.0,0,0,0,639,359
430,7156,7154873,11110,250,-1,-1,1,527,86.7,0,-1.0,0,0,0,639,359
431,7167,7165980,11107,250,-1,-1,1,526,86.8,0,-1.0,0,0,0,639,359
432,7178,7177090,11110,250,-1,-1,1,527,86.8,0,-1.0,0,0,0,639,359
433,7189,7188204,11114,250,-1,-1,1,529,86.8,1,-1.0,0,0,0,639,359
434,7201,7199313,11109,250,-1,-1,1,561,86.8,0,-1.0,0,0,0,639,359
435,7211,7210419,11106,250,-1,-1,1,614,86.9,0,-1.0,0,0,0,639,359
436,7222,7221533,11114,250,-1,-1,1,530,86.9,0,-1.0,0,0,0,639,359
437,7233,7232635,11102,250,-1,-1,1,525,87.0,0,-1.0,0,0,0,639,359
438,7245,7243749,11114,250,-1,-1,1,525,87.0,0,-1.0,0,0,0,639,359
439,7256,7254855,11106,250,-1,-1,1,545,87.0,0,-1.0,0,0,0,639,359
440,7267,7265965,11110,250,-1,-1,1,528,87.0,0,-1.0,0,0,0,639,359
441,7303,7299286,33321,250,-1,-1,1,527,27.8,0,-1.0,0,0,0,639,359
442,7311,7310406,11120,250,-1,-1,1,546,45.5,1,-1.0,0,0,0,639,359
443,7322,7321511,11105,250,-1,-1,1,541,54.5,0,-1.0,0,0,0,639,359
444,7333,7332620,11109,250,-1,-1,1,527,60.6,0,-1.0,0,0,0,639,359
445,7345,7343726,11106,250,-1,-1,1,528,64.9,0,-1.0,0,0,0,639,359
446,7356,7354839,11113,250,-1,-1,1,527,68.2,0,-1.0,0,0,0,639,359
447,7367,7365944,11105,250,-1,-1,1,527,70.7,0,-1.0,0,0,0,639,359
448,7378,7377057,11113,250,-1,-1,1,527,72.7,0,-1.0,0,0,0,639,359
449,7389,7388165,11108,250,-1,-1,1,527,73.8,0,-1.0,0,0,0,639,359
450,7436,7399274,11109,250,-1,-1,1,629,59.2,0,-1.0,0,0,0,639,359
451,7437,7432590,33316,250,-1,-1,1,557,65.1,1,-1.0,0,0,0,639,359
452,7445,7443719,11129,250,-1,-1,1,535,67.8,0,-1.0,0,0,0,639,359
453,7456,7454820,11101,250,-1,-1,1,532,69.1,0,-1.0,0,0,0,639,359
454,7467,7465929,11109,250,-1,-1,1,633,70.4,0,-1.0,0,0,0,639,359
455,7478,7477038,11109,250,-1,-1,1,547,71.4,0,-1.0,0,0,0,639,359
456,7489,7488152,11114,250,-1,-1,1,525,72.1,0,-1.0,0,0,0,639,359
457,7500,7499261,11109,250,-1,-1,1,527,73.0,0,-1.0,0,0,0,639,359
458,7511,7510366,11105,250,-1,-1,1,529,73.8,0,-1.0,0,0,0,639,359
459,7522,7521475,11109,250,-1,-1,1,528,74.5,0,-1.0,0,0,0,639,359
460,7533,7532583,11108,250,-1,-1,1,525,75.2,1,-1.0,0,0,0,639,359
461,7545,7543696,11113,250,-1,-1,1,529,75.8,0,-1.0,0,0,0,639,359
462,7556,7554808,11112,250,-1,-1,1,614,76.4,0,-1.0,0,0,0,639,359
463,7567,7565909,11101,250,-1,-1,1,526,76.7,0,-1.0,0,0,0,639,359
464,7578,7577026,11117,250,-1,-1,1,528,77.4,0,-1.0,0,0,0,639,359
465,7589,7588129,11103,250,-1,-1,1,526,77.9,0,-1.0,0,0,0,639,359
466,7600,7599238,11109,250,-1,-1,1,526,78.1,0,-1.0,0,0,0,639,359
467,7611,7610349,11111,250,-1,-1,1,525,78.5,0,-1.0,0,0,0,639,359
468,7622,7621455,11106,250,-1,-1,1,526,78.9,0,-1.0,0,0,0,639,359
469,7633,7632565,11110,250,-1,-1,1,525,79.2,1,-1.0,0,0,0,639,359
470,7644,7643680,11115,250,-1,-1,1,547,79.6,0,-1.0,0,0,0,639,359
471,7656,7654786,11106,250,-1,-1,1,613,79.9,0,-1.0,0,0,0,639,359
472,7667,7665897,11111,250,-1,-1,1,525,80.0,0,-1.0,0,0,0,639,359
473,7678,7677001,11104,250,-1,-1,1,528,80.5,0,-1.0,0,0,0,639,359
474,7689,7688116,11115,250,-1,-1,1,528,80.8,0,-1.0,0,0,0,639,359
475,7700,7699218,11102,250,-1,-1,1,527,80.8,0,-1.0,0,0,0,639,359
476,7711,7710330,11112,250,-1,-1,1,527,81.1,0,-1.0,0,0,0,639,359
477,7722,7721440,11110,250,-1,-1,1,526,81.3,0,-1.0,0,0,0,639,359
478,7733,7732552,11112,250,-1,-1,1,526,81.5,1,-1.0,0,0,0,639,359
479,7744,7743661,11109,250,-1,-1,1,548,81.8,0,-1.0,0,0,0,639,359
480,7756,7754774,11113,250,-1,-1,1,613,82.0,0,-1.0,0,0,0,639,359
481,7767,7765880,11106,250,-1,-1,1,524,82.0,0,-1.0,0,0,0,639,359
482,7778,7776988,11108,250,-1,-1,1,527,82.4,0,-1.0,0,0,0,639,359
483,7789,7788099,11111,250,-1,-1,1,527,82.5,0,-1.0,0,0,0,639,359
484,7800,7799203,11104,250,-1,-1,1,526,82.6,0,-1.0,0,0,0,639,359
485,7811,7810315,11112,250,-1,-1,1,527,82.7,0,-1.0,0,0,0,639,359
486,7822,7821426,11111,250,-1,-1,1,528,82.9,0,-1.0,0,0,0,639,359
487,7833,7832532,11106,250,-1,-1,1,527,83.0,1,-1.0,0,0,0,639,359
488,7844,7843645,11113,250,-1,-1,1,544,83.2,0,-1.0,0,0,0,639,359
489,7856,7854754,11109,250,-1,-1,1,610,83.3,0,-1.0,0,0,0,639,359
490,7867,7865865,11111,250,-1,-1,1,525,83.3,0,-1.0,0,0,0,639,359
491,7878,7876971,11106,250,-1,-1,1,525,83.6,0,-1.0,0,0,0,639,359
492,7889,7888082,11111,250,-1,-1,1,526,83.7,0,-1.0,0,0,0,639,359
493,7900,7899184,11102,250,-1,-1,1,527,83.7,0,-1.0,0,0,0,639,359
494,7911,7910294,11110,250,-1,-1,1,527,83.9,0,-1.0,0,0,0,639,359
495,7922,7921406,11112,250,-1,-1,1,529,84.0,0,-1.0,0,0,0,639,359
496,7933,7932518,11112,250,-1,-1,1,527,84.1,1,-1.0,0,0,0,639,359
497,7944,7943629,11111,250,-1,-1,1,529,84.2,0,-1.0,0,0,0,639,359
498,7956,7954734,11105,250,-1,-1,1,612,84.3,0,-1.0,0,0,0,639,359
499,7967,7965840,11106,250,-1,-1,1,613,84.4,0,-1.0,0,0,0,639,359
500,7978,7976957,11117,250,-1,-1,1,527,84.5,0,-1.0,0,0,0,639,359
501,7989,7988060,11103,250,-1,-1,1,525,84.6,0,-1.0,0,0,0,639,359
502,8000,7999174,11114,250,-1,-1,1,526,84.6,0,-1.0,0,0,0,639,359
503,8011,8010280,11106,250,-1,-1,1,524,84.7,0,-1.0,0,0,0,639,359
504,8022,8021391,11111,250,-1,-1,1,526,84.8,0,-1.0,0,0,0,639,359
505,8033,8032495,11104,250,-1,-1,1,529,84.9,1,-1.0,0,0,0,639,359
506,8044,8043612,11117,250,-1,-1,1,544,84.9,0,-1.0,0,0,0,639,359
507,8056,8054722,11110,250,-1,-1,1,603,85.0,0,-1.0,0,0,0,639,359
508,8067,8065830,11108,250,-1,-1,1,527,85.1,0,-1.0,0,0,0,639,359
509,8078,8076932,11102,250,-1,-1,1,527,85.2,0,-1.0,0,0,0,639,359
510,8089,8088046,11114,250,-1,-1,1,526,85.3,0,-1.0,0,0,0,639,359
511,8100,8099154,11108,250,-1,-1,1,524,85.2,0,-1.0,0,0,0,639,359
512,8111,8110263,11109,250,-1,-1,1,526,85.3,0,-1.0,0,0,0,639,359
513,8122,8121373,11110,250,-1,-1,1,526,85.4,0,-1.0,0,0,0,639,359
514,8133,8132482,11109,250,-1,-1,1,525,85.5,1,-1.0,0,0,0,639,359
515,8146,8143591,11109,250,-1,-1,1,526,85.3,0,-1.0,0,0,0,639,359
516,8156,8154701,11110,250,-1,-1,1,525,85.5,0,-1.0,0,0,0,639,359
517,8167,8165820,11119,250,-1,-1,1,526,85.7,0,-1.0,0,0,0,639,359
518,8178,8176922,11102,250,-1,-1,1,528,85.7,0,-1.0,0,0,0,639,359
519,8189,8188023,11101,250,-1,-1,1,528,85.8,0,-1.0,0,0,0,639,359
520,8200,8199137,11114,250,-1,-1,1,528,85.8,0,-1.0,0,0,0,639,359
521,8211,8210245,11108,250,-1,-1,1,527,85.8,0,-1.0,0,0,0,639,359
522,8222,8221354,11109,250,-1,-1,1,526,85.9,0,-1.0,0,0,0,639,359
523,8233,8232465,11111,250,-1,-1,1,524,85.9,1,-1.0,0,0,0,639,359
524,8244,8243578,11113,250,-1,-1,1,545,86.0,0,-1.0,0,0,0,639,359
525,8256,8254685,11107,250,-1,-1,1,607,86.0,0,-1.0,0,0,0,639,359
526,8267,8265797,11112,250,-1,-1,1,525,86.1,0,-1.0,0,0,0,639,359
527,8278,8276904,11107,250,-1,-1,1,525,86.1,0,-1.0,0,0,0,639,359
528,8289,8288014,11110,250,-1,-1,1,526,90.9,0,-1.0,0,0,0,639,359
529,8300,8299119,11105,250,-1,-1,1,525,90.9,0,-1.0,0,0,0,639,359
530,8311,8310228,11109,250,-1,-1,1,529,88.2,0,-1.0,0,0,0,639,359
531,8322,8321334,11106,250,-1,-1,1,527,88.9,0,-1.0,0,0,0,639,359
532,8333,8332444,11110,250,-1,-1,1,526,89.3,1,-1.0,0,0,0,639,359
533,8344,8343559,11115,250,-1,-1,1,530,89.6,0,-1.0,0,0,0,639,359
534,8356,8354671,11112,250,-1,-1,1,607,89.7,0,-1.0,0,0,0,639,359
535,8367,8365773,11102,250,-1,-1,1,633,89.9,0,-1.0,0,0,0,639,359
536,8378,8376887,11114,250,-1,-1,1,527,90.0,0,-1.0,0,0,0,639,359
537,8389,8387992,11105,250,-1,-1,1,527,90.1,0,-1.0,0,0,0,639,359
538,8400,8399101,11109,250,-1,-1,1,526,90.2,0,-1.0,0,0,0,639,359
539,8411,8410212,11111,250,-1,-1,1,525,89.6,0,-1.0,0,0,0,639,359
540,8459,8421322,11110,250,-1,-1,1,632,71.8,0,-1.0,0,0,0,639,359
541,8459,8454630,33308,250,-1,-1,1,587,76.9,1,-1.0,0,0,0,639,359
542,8467,8465761,11131,250,-1,-1,1,526,79.4,0,-1.0,0,0,0,639,359
543,8478,8476866,11105,250,-1,-1,1,526,80.0,0,-1.0,0,0,0,639,359
544,8489,8488093,11227,250,-1,-1,1,635,80.2,0,-1.0,0,0,0,639,359
545,8500,8499081,10988,250,-1,-1,1,534,81.1,0,-1.0,0,0,0,639,359
546,8511,8510196,11115,250,-1,-1,1,528,81.2,0,-1.0,0,0,0,639,359
547,8522,8521310,11114,250,-1,-1,1,529,81.6,0,-1.0,0,0,0,639,359
548,8533,8532414,11104,250,-1,-1,1,527,82.0,0,-1.0,0,0,0,639,359
549,8544,8543518,11104,250,-1,-1,1,526,82.4,0,-1.0,0,0,0,639,359
550,8555,8554634,11116,250,-1,-1,1,525,82.7,1,-1.0,0,0,0,639,359
551,8567,8565743,11109,250,-1,-1,1,545,83.0,0,-1.0,0,0,0,639,359
552,8578,8576854,11111,250,-1,-1,1,609,83.3,0,-1.0,0,0,0,639,359
553,8589,8587959,11105,250,-1,-1,1,553,83.3,0,-1.0,0,0,0,639,359
554,8600,8599071,11112,250,-1,-1,1,526,83.9,0,-1.0,0,0,0,639,359
555,8611,8610173,11102,250,-1,-1,1,527,84.1,0,-1.0,0,0,0,639,359
556,8622,8621285,11112,250,-1,-1,1,528,84.1,0,-1.0,0,0,0,639,359
557,8633,8632395,11110,250,-1,-1,1,528,84.3,0,-1.0,0,0,0,639,359
558,8644,8643506,11111,250,-1,-1,1,528,84.5,0,-1.0,0,0,0,639,359
559,8655,8654612,11106,250,-1,-1,1,565,84.7,1,-1.0,0,0,0,639,359
560,8667,8665727,11115,250,-1,-1,1,547,84.8,0,-1.0,0,0,0,639,359
561,8678,8676836,11109,250,-1,-1,1,602,85.0,0,-1.0,0,0,0,639,359
562,8689,8687944,11108,250,-1,-1,1,525,85.2,0,-1.0,0,0,0,639,359
563,8700,8699050,11106,250,-1,-1,1,526,85.3,0,-1.0,0,0,0,639,359
564,8711,8710163,11113,250,-1,-1,1,526,85.5,0,-1.0,0,0,0,639,359
565,8722,8721269,11106,250,-1,-1,1,529,85.4,0,-1.0,0,0,0,639,359
566,8733,8732380,11111,250,-1,-1,1,526,85.5,0,-1.0,0,0,0,639,359
567,8744,8743484,11104,250,-1,-1,1,527,85.7,0,-1.0,0,0,0,639,359
568,8755,8754601,11117,250,-1,-1,1,562,85.8,1,-1.0,0,0,0,639,359
569,8767,8765707,11106,250,-1,-1,1,529,85.9,0,-1.0,0,0,0,639,359
570,8778,8776819,11112,250,-1,-1,1,605,86.0,0,-1.0,0,0,0,639,359
571,8789,8787925,11106,250,-1,-1,1,527,86.1,0,-1.0,0,0,0,639,359
572,8800,8799037,11112,250,-1,-1,1,524,86.2,0,-1.0,0,0,0,639,359
573,8811,8810143,11106,250,-1,-1,1,524,86.3,0,-1.0,0,0,0,639,359
574,8822,8821254,11111,250,-1,-1,1,525,86.2,0,-1.0,0,0,0,639,359
575,8833,8832358,11104,250,-1,-1,1,525,86.3,0,-1.0,0,0,0,639,359
576,8844,8843474,11116,250,-1,-1,1,528,86.4,0,-1.0,0,0,0,639,359
577,8855,8854578,11104,250,-1,-1,1,558,86.5,1,-1.0,0,0,0,639,359
578,8867,8865693,11115,250,-1,-1,1,534,86.6,0,-1.0,0,0,0,639,359
579,8878,8876798,11105,250,-1,-1,1,608,86.7,0,-1.0,0,0,0,639,359
580,8889,8887909,11111,250,-1,-1,1,526,86.6,0,-1.0,0,0,0,639,359
581,8900,8899017,11108,250,-1,-1,1,529,86.8,0,-1.0,0,0,0,639,359
582,8911,8910124,11107,250,-1,-1,1,526,86.9,0,-1.0,0,0,0,639,359
583,8922,8921230,11106,250,-1,-1,1,525,86.8,0,-1.0,0,0,0,639,359
584,8933,8932350,11120,250,-1,-1,1,525,86.9,0,-1.0,0,0,0,639,359
585,8944,8943453,11103,250,-1,-1,1,526,87.0,0,-1.0,0,0,0,639,359
586,8955,8954563,11110,250,-1,-1,1,525,87.0,1,-1.0,0,0,0,639,359
587,8967,8965673,11110,250,-1,-1,1,547,87.1,0,-1.0,0,0,0,639,359
588,8978,8976782,11109,250,-1,-1,1,605,87.1,0,-1.0,0,0,0,639,359
589,8989,8987889,11107,250,-1,-1,1,604,87.2,0,-1.0,0,0,0,639,359
590,9000,8999000,11111,250,-1,-1,1,528,87.3,0,-1.0,0,0,0,639,359
591,9011,9010102,11102,250,-1,-1,1,527,87.3,0,-1.0,0,0,0,639,359
592,9022,9021215,11113,250,-1,-1,1,527,87.2,0,-1.0,0,0,0,639,359
593,9033,9032326,11111,250,-1,-1,1,525,87.3,0,-1.0,0,0,0,639,359
594,9044,9043433,11107,250,-1,-1,1,525,87.4,0,-1.0,0,0,0,639,359
595,9055,9054544,11111,250,-1,-1,1,526,87.4,1,-1.0,0,0,0,639,359
596,9066,9065656,11112,250,-1,-1,1,547,87.5,0,-1.0,0,0,0,639,359
597,9078,9076770,11114,250,-1,-1,1,633,87.5,0,-1.0,0,0,0,639,359
598,9089,9087876,11106,250,-1,-1,1,525,87.5,0,-1.0,0,0,0,639,359
599,9100,9098984,11108,250,-1,-1,1,525,87.6,0,-1.0,0,0,0,639,359
600,9111,9110089,11105,250,-1,-1,1,525,87.6,0,-1.0,0,0,0,639,359
601,9122,9121199,11110,250,-1,-1,1,525,87.6,0,-1.0,0,0,0,639,359
602,9133,9132311,11112,250,-1,-1,1,528,87.6,0,-1.0,0,0,0,639,359
603,9144,9143418,11107,250,-1,-1,1,527,87.7,0,-1.0,0,0,0,639,359
604,9155,9154529,11111,250,-1,-1,1,529,87.7,1,-1.0,0,0,0,639,359
605,9166,9165635,11106,250,-1,-1,1,531,87.7,0,-1.0,0,0,0,639,359
606,9178,9176751,11116,250,-1,-1,1,607,87.8,0,-1.0,0,0,0,639,359
607,9189,9187856,11105,250,-1,-1,1,527,87.8,0,-1.0,0,0,0,639,359
608,9200,9198968,11112,250,-1,-1,1,525,87.9,0,-1.0,0,0,0,639,359
609,9211,9210074,11106,250,-1,-1,1,526,87.9,0,-1.0,0,0,0,639,359
610,9222,9221185,11111,250,-1,-1,1,526,87.8,0,-1.0,0,0,0,639,359
611,9233,9232291,11106,250,-1,-1,1,526,87.9,0,-1.0,0,0,0,639,359
612,9244,9243403,11112,250,-1,-1,1,526,87.9,0,-1.0,0,0,0,639,359
613,9255,9254509,11106,250,-1,-1,1,529,87.9,1,-1.0,0,0,0,639,359
614,9266,9265623,11114,250,-1,-1,1,539,88.0,0,-1.0,0,0,0,639,359
615,9278,9276731,11108,250,-1,-1,1,605,88.0,0,-1.0,0,0,0,639,359
616,9300,9298937,22206,250,-1,-1,1,590,45.5,0,-1.0,0,0,0,639,359
617,9311,9310059,11122,250,-1,-1,1,528,60.6,0,-1.0,0,0,0,639,359
618,9322,9321161,11102,250,-1,-1,1,526,66.7,0,-1.0,0,0,0,639,359
619,9333,9332276,11115,250,-1,-1,1,525,71.4,0,-1.0,0,0,0,639,359
620,9344,9343383,11107,250,-1,-1,1,525,74.6,0,-1.0,0,0,0,639,359
621,9355,9354496,11113,250,-1,-1,1,525,76.9,0,-1.0,0,0,0,639,359
622,9366,9365604,11108,250,-1,-1,1,524,78.7,1,-1.0,0,0,0,639,359
623,9378,9376716,11112,250,-1,-1,1,548,80.0,0,-1.0,0,0,0,639,359
624,9389,9387822,11106,250,-1,-1,1,604,81.1,0,-1.0,0,0,0,639,359
625,9400,9398931,11109,250,-1,-1,1,611,82.0,0,-1.0,0,0,0,639,359
626,9411,9410038,11107,250,-1,-1,1,528,82.7,0,-1.0,0,0,0,639,359
627,9422,9421146,11108,250,-1,-1,1,528,83.3,0,-1.0,0,0,0,639,359
628,9433,9432256,11110,250,-1,-1,1,528,83.3,0,-1.0,0,0,0,639,359
629,9444,9443368,11112,250,-1,-1,1,528,83.8,0,-1.0,0,0,0,639,359
630,9492,9454475,11107,250,-1,-1,1,605,69.8,0,-1.0,0,0,0,639,359
631,9493,9487788,33313,250,-1,-1,1,607,74.1,1,-1.0,0,0,0,639,359
632,9500,9498922,11134,250,-1,-1,1,526,76.6,0,-1.0,0,0,0,639,359
633,9511,9510025,11103,250,-1,-1,1,535,77.3,0,-1.0,0,0,0,639,359
634,9522,9521132,11107,250,-1,-1,1,524,77.9,0,-1.0,0,0,0,639,359
635,9533,9532243,11111,250,-1,-1,1,545,78.1,0,-1.0,0,0,0,639,359
636,9544,9543409,11166,250,-1,-1,1,554,78.7,0,-1.0,0,0,0,639,359
637,9555,9554463,11054,250,-1,-1,1,606,79.1,0,-1.0,0,0,0,639,359
638,9566,9565572,11109,250,-1,-1,1,528,79.6,0,-1.0,0,0,0,639,359
639,9577,9576677,11105,250,-1,-1,1,527,80.0,0,-1.0,0,0,0,639,359
640,9589,9587787,11110,250,-1,-1,1,525,80.4,1,-1.0,0,0,0,639,359
641,9600,9598899,11112,250,-1,-1,1,544,80.7,0,-1.0,0,0,0,639,359
642,9611,9610005,11106,250,-1,-1,1,633,81.1,0,-1.0,0,0,0,639,359
643,9622,9621117,11112,250,-1,-1,1,524,81.2,0,-1.0,0,0,0,639,359
644,9633,9632222,11105,250,-1,-1,1,524,81.5,0,-1.0,0,0,0,639,359
645,9644,9643330,11108,250,-1,-1,1,526,81.7,0,-1.0,0,0,0,639,359
646,9655,9654440,11110,250,-1,-1,1,527,82.0,0,-1.0,0,0,0,639,359
647,9666,9665553,11113,250,-1,-1,1,528,82.3,0,-1.0,0,0,0,639,359
648,9677,9676658,11105,250,-1,-1,1,528,82.5,0,-1.0,0,0,0,639,359
649,9689,9687769,11111,250,-1,-1,1,527,82.7,1,-1.0,0,0,0,639,359
650,9700,9698880,11111,250,-1,-1,1,530,82.9,0,-1.0,0,0,0,639,359
651,9711,9709990,11110,250,-1,-1,1,637,83.1,0,-1.0,0,0,0,639,359
652,9722,9721099,11109,250,-1,-1,1,536,83.3,0,-1.0,0,0,0,639,359
653,9733,9732211,11112,250,-1,-1,1,525,83.3,0,-1.0,0,0,0,639,359
654,9744,9743315,11104,250,-1,-1,1,524,83.5,0,-1.0,0,0,0,639,359
655,9755,9754425,11110,250,-1,-1,1,525,83.7,0,-1.0,0,0,0,639,359
656,9766,9765529,11104,250,-1,-1,1,527,83.8,0,-1.0,0,0,0,639,359
657,9777,9776644,11115,250,-1,-1,1,524,84.0,0,-1.0,0,0,0,639,359
658,9789,9787749,11105,250,-1,-1,1,526,84.1,1,-1.0,0,0,0,639,359
659,9800,9798867,11118,250,-1,-1,1,532,84.3,0,-1.0,0,0,0,639,359
660,9811,9809972,11105,250,-1,-1,1,635,84.4,0,-1.0,0,0,0,639,359
661,9822,9821082,11110,250,-1,-1,1,528,84.6,0,-1.0,0,0,0,639,359
662,9833,9832188,11106,250,-1,-1,1,529,84.5,0,-1.0,0,0,0,639,359
663,9844,9843296,11108,250,-1,-1,1,526,84.7,0,-1.0,0,0,0,639,359
664,9855,9854411,11115,250,-1,-1,1,526,84.8,0,-1.0,0,0,0,639,359
665,9866,9865518,11107,250,-1,-1,1,526,84.9,0,-1.0,0,0,0,639,359
666,9877,9876628,11110,250,-1,-1,1,526,85.0,0,-1.0,0,0,0,639,359
667,9889,9887734,11106,250,-1,-1,1,525,85.1,1,-1.0,0,0,0,639,359
668,9900,9898847,11113,250,-1,-1,1,546,85.2,0,-1.0,0,0,0,639,359
669,9911,9909956,11109,250,-1,-1,1,632,85.3,0,-1.0,0,0,0,639,359
670,9922,9921060,11104,250,-1,-1,1,603,85.3,0,-1.0,0,0,0,639,359
671,9933,9932172,11112,250,-1,-1,1,529,85.4,0,-1.0,0,0,0,639,359
672,9944,9943279,11107,250,-1,-1,1,525,85.5,0,-1.0,0,0,0,639,359
673,9955,9954394,11115,250,-1,-1,1,525,85.5,0,-1.0,0,0,0,639,359
674,9966,9965498,11104,250,-1,-1,1,527,85.6,0,-1.0,0,0,0,639,359
675,9977,9976609,11111,250,-1,-1,1,527,85.7,0,-1.0,0,0,0,639,359
676,9989,9987719,11110,250,-1,-1,1,525,85.8,1,-1.0,0,0,0,639,359
677,10000,9998835,11116,250,-1,-1,1,545,85.9,0,-1.0,0,0,0,639,359
678,10011,10009937,11102,250,-1,-1,1,608,85.9,0,-1.0,0,0,0,639,359
679,10022,10021047,11110,250,-1,-1,1,525,86.0,0,-1.0,0,0,0,639,359
680,10033,10032153,11106,250,-1,-1,1,526,86.1,0,-1.0,0,0,0,639,359
681,10044,10043266,11113,250,-1,-1,1,528,86.0,0,-1.0,0,0,0,639,359
682,10055,10054370,11104,250,-1,-1,1,527,86.1,0,-1.0,0,0,0,639,359
683,10066,10065483,11113,250,-1,-1,1,527,86.2,0,-1.0,0,0,0,639,359
684,10077,10076591,11108,250,-1,-1,1,525,86.2,0,-1.0,0,0,0,639,359
685,10089,10087700,11109,250,-1,-1,1,526,86.3,1,-1.0,0,0,0,639,359
686,10100,10098810,11110,250,-1,-1,1,545,86.4,0,-1.0,0,0,0,639,359
687,10111,10109925,11115,250,-1,-1,1,608,86.4,0,-1.0,0,0,0,639,359
688,10122,10121030,11105,250,-1,-1,1,525,86.5,0,-1.0,0,0,0,639,359
689,10133,10132144,11114,250,-1,-1,1,524,86.5,0,-1.0,0,0,0,639,359
690,10144,10143241,11097,250,-1,-1,1,526,86.5,0,-1.0,0,0,0,639,359
691,10155,10154362,11121,250,-1,-1,1,525,86.6,0,-1.0,0,0,0,639,359
692,10166,10165463,11101,250,-1,-1,1,526,86.6,0,-1.0,0,0,0,639,359
693,10177,10176575,11112,250,-1,-1,1,529,86.7,0,-1.0,0,0,0,639,359
694,10188,10187681,11106,250,-1,-1,1,528,86.7,1,-1.0,0,0,0,639,359
695,10200,10198796,11115,250,-1,-1,1,534,86.8,0,-1.0,0,0,0,639,359
696,10211,10209907,11111,250,-1,-1,1,529,86.8,0,-1.0,0,0,0,639,359
697,10222,10221012,11105,250,-1,-1,1,633,86.8,0,-1.0,0,0,0,639,359
698,10233,10232121,11109,250,-1,-1,1,528,86.9,0,-1.0,0,0,0,639,359
699,10244,10243228,11107,250,-1,-1,1,528,86.9,0,-1.0,0,0,0,639,359
700,10255,10254336,11108,250,-1,-1,1,527,86.9,0,-1.0,0,0,0,639,359
701,10266,10265449,11113,250,-1,-1,1,528,87.0,0,-1.0,0,0,0,639,359
702,10277,10276553,11104,250,-1,-1,1,526,87.0,0,-1.0,0,0,0,639,359
703,10292,10287669,11116,250,-1,-1,1,523,66.7,1,-1.0,0,0,0,639,359
704,10300,10298781,11112,250,-1,-1,1,545,90.9,0,-1.0,0,0,0,639,359
705,10311,10309886,11105,250,-1,-1,1,524,90.9,0,-1.0,0,0,0,639,359
706,10322,10320995,11109,250,-1,-1,1,527,88.9,0,-1.0,0,0,0,639,359
707,10333,10332106,11111,250,-1,-1,1,528,90.9,0,-1.0,0,0,0,639,359
708,10344,10343211,11105,250,-1,-1,1,528,89.6,0,-1.0,0,0,0,639,359
709,10355,10354320,11109,250,-1,-1,1,527,89.7,0,-1.0,0,0,0,639,359
710,10366,10365431,11111,250,-1,-1,1,527,89.9,0,-1.0,0,0,0,639,359
711,10377,10376540,11109,250,-1,-1,1,526,90.0,0,-1.0,0,0,0,639,359
712,10388,10387646,11106,250,-1,-1,1,525,90.1,1,-1.0,0,0,0,639,359
713,10400,10398764,11118,250,-1,-1,1,547,90.2,0,-1.0,0,0,0,639,359
714,10411,10409868,11104,250,-1,-1,1,634,90.2,0,-1.0,0,0,0,639,359
715,10422,10420981,11113,250,-1,-1,1,587,90.3,0,-1.0,0,0,0,639,359
716,10433,10432086,11105,250,-1,-1,1,526,90.3,0,-1.0,0,0,0,639,359
717,10444,10443201,11115,250,-1,-1,1,525,89.8,0,-1.0,0,0,0,639,359
718,10455,10454302,11101,250,-1,-1,1,524,89.9,0,-1.0,0,0,0,639,359
719,10466,10465416,11114,250,-1,-1,1,528,89.9,0,-1.0,0,0,0,639,359
720,10514,10476520,11104,250,-1,-1,1,632,75.9,0,-1.0,0,0,0,639,359
721,10515,10509838,33318,250,-1,-1,1,605,80.2,1,-1.0,0,0,0,639,359
722,10522,10520967,11129,250,-1,-1,1,526,82.0,0,-1.0,0,0,0,639,359
723,10533,10532073,11106,250,-1,-1,1,532,82.4,0,-1.0,0,0,0,639,359
724,10544,10543178,11105,250,-1,-1,1,526,82.4,0,-1.0,0,0,0,639,359
725,10555,10554291,11113,250,-1,-1,1,544,82.7,0,-1.0,0,0,0,639,359
726,10566,10565397,11106,250,-1,-1,1,547,83.0,0,-1.0,0,0,0,639,359
727,10577,10576512,11115,250,-1,-1,1,525,83.3,0,-1.0,0,0,0,639,359
728,10588,10587615,11103,250,-1,-1,1,527,83.6,0,-1.0,0,0,0,639,359
729,10600,10598728,11113,250,-1,-1,1,526,83.9,0,-1.0,0,0,0,639,359
730,10611,10609831,11103,250,-1,-1,1,529,84.1,1,-1.0,0,0,0,639,359
731,10622,10620945,11114,250,-1,-1,1,541,84.3,0,-1.0,0,0,0,639,359
732,10633,10632052,11107,250,-1,-1,1,606,84.3,0,-1.0,0,0,0,639,359
733,10644,10643164,11112,250,-1,-1,1,528,84.5,0,-1.0,0,0,0,639,359
734,10655,10654269,11105,250,-1,-1,1,527,84.7,0,-1.0,0,0,0,639,359
735,10666,10665379,11110,250,-1,-1,1,527,84.8,0,-1.0,0,0,0,639,359
736,10677,10676486,11107,250,-1,-1,1,525,85.0,0,-1.0,0,0,0,639,359
737,10688,10687600,11114,250,-1,-1,1,524,85.2,0,-1.0,0,0,0,639,359
738,10700,10698707,11107,250,-1,-1,1,524,85.3,0,-1.0,0,0,0,639,359
739,10711,10709818,11111,250,-1,-1,1,525,85.5,1,-1.0,0,0,0,639,359
740,10722,10720929,11111,250,-1,-1,1,547,85.6,0,-1.0,0,0,0,639,359
741,10733,10732039,11110,250,-1,-1,1,629,85.5,0,-1.0,0,0,0,639,359
742,10744,10743142,11103,250,-1,-1,1,560,85.7,0,-1.0,0,0,0,639,359
743,10755,10754253,11111,250,-1,-1,1,530,85.8,0,-1.0,0,0,0,639,359
744,10766,10765364,11111,250,-1,-1,1,527,85.9,0,-1.0,0,0,0,639,359
745,10777,10776470,11106,250,-1,-1,1,528,86.0,0,-1.0,0,0,0,639,359
746,10788,10787576,11106,250,-1,-1,1,526,86.1,0,-1.0,0,0,0,639,359
747,10800,10798691,11115,250,-1,-1,1,528,86.2,0,-1.0,0,0,0,639,359
748,10811,10809794,11103,250,-1,-1,1,525,86.3,1,-1.0,0,0,0,639,359
749,10822,10820913,11119,250,-1,-1,1,545,86.4,0,-1.0,0,0,0,639,359
750,10833,10832021,11108,250,-1,-1,1,635,86.3,0,-1.0,0,0,0,639,359
751,10844,10843128,11107,250,-1,-1,1,552,86.4,0,-1.0,0,0,0,639,359
752,10855,10854235,11107,250,-1,-1,1,525,86.5,0,-1.0,0,0,0,639,359
753,10866,10865346,11111,250,-1,-1,1,525,86.6,0,-1.0,0,0,0,639,359
754,10877,10876452,11106,250,-1,-1,1,529,86.7,0,-1.0,0,0,0,639,359
755,10888,10887565,11113,250,-1,-1,1,525,86.7,0,-1.0,0,0,0,639,359
756,10899,10898673,11108,250,-1,-1,1,528,86.8,0,-1.0,0,0,0,639,359
757,10911,10909785,11112,250,-1,-1,1,528,86.9,1,-1.0,0,0,0,639,359
758,10922,10920893,11108,250,-1,-1,1,529,87.0,0,-1.0,0,0,0,639,359
759,10933,10932005,11112,250,-1,-1,1,634,86.9,0,-1.0,0,0,0,639,359
760,10944,10943108,11103,250,-1,-1,1,553,87.0,0,-1.0,0,0,0,639,359
761,10955,10954220,11112,250,-1,-1,1,525,87.0,0,-1.0,0,0,0,639,359
762,10966,10965325,11105,250,-1,-1,1,525,87.1,0,-1.0,0,0,0,639,359
763,10977,10976438,11113,250,-1,-1,1,525,87.1,0,-1.0,0,0,0,639,359
764,10988,10987546,11108,250,-1,-1,1,525,87.2,0,-1.0,0,0,0,639,359
765,10999,10998653,11107,250,-1,-1,1,528,87.3,0,-1.0,0,0,0,639,359
766,11011,11009763,11110,250,-1,-1,1,525,87.3,1,-1.0,0,0,0,639,359
767,11022,11020880,11117,250,-1,-1,1,533,87.4,0,-1.0,0,0,0,639,359
768,11033,11031987,11107,250,-1,-1,1,635,87.4,0,-1.0,0,0,0,639,359
769,11044,11043095,11108,250,-1,-1,1,552,87.5,0,-1.0,0,0,0,639,359
770,11055,11054200,11105,250,-1,-1,1,526,87.4,0,-1.0,0,0,0,639,359
771,11066,11065313,11113,250,-1,-1,1,527,87.5,0,-1.0,0,0,0,639,359
772,11077,11076422,11109,250,-1,-1,1,527,87.5,0,-1.0,0,0,0,639,359
773,11088,11087528,11106,250,-1,-1,1,524,87.5,0,-1.0,0,0,0,639,359
774,11099,11098639,11111,250,-1,-1,1,525,87.6,0,-1.0,0,0,0,639,359
775,11111,11109747,11108,250,-1,-1,1,528,87.6,1,-1.0,0,0,0,639,359
776,11122,11120858,11111,250,-1,-1,1,541,87.7,0,-1.0,0,0,0,639,359
777,11133,11131971,11113,250,-1,-1,1,635,87.7,0,-1.0,0,0,0,639,359
778,11144,11143077,11106,250,-1,-1,1,635,87.7,0,-1.0,0,0,0,639,359
779,11155,11154189,11112,250,-1,-1,1,527,87.7,0,-1.0,0,0,0,639,359
780,11166,11165296,11107,250,-1,-1,1,526,87.7,0,-1.0,0,0,0,639,359
781,11177,11176402,11106,250,-1,-1,1,529,87.8,0,-1.0,0,0,0,639,359
782,11188,11187508,11106,250,-1,-1,1,525,87.8,0,-1.0,0,0,0,639,359
783,11199,11198624,11116,250,-1,-1,1,526,87.9,0,-1.0,0,0,0,639,359
784,11211,11209731,11107,250,-1,-1,1,524,87.9,1,-1.0,0,0,0,639,359
785,11222,11220846,11115,250,-1,-1,1,545,87.9,0,-1.0,0,0,0,639,359
786,11233,11231952,11106,250,-1,-1,1,635,88.0,0,-1.0,0,0,0,639,359
787,11244,11243064,11112,250,-1,-1,1,551,88.0,0,-1.0,0,0,0,639,359
788,11255,11254165,11101,250,-1,-1,1,526,87.9,0,-1.0,0,0,0,639,359
789,11266,11265276,11111,250,-1,-1,1,528,88.0,0,-1.0,0,0,0,639,359
790,11277,11276382,11106,250,-1,-1,1,526,88.0,0,-1.0,0,0,0,639,359
791,11294,11287497,11115,250,-1,-1,1,523,58.8,0,-1.0,0,0,0,639,359
792,11299,11298610,11113,250,-1,-1,1,527,90.9,0,-1.0,0,0,0,639,359
793,11311,11309713,11103,250,-1,-1,1,526,90.9,1,-1.0,0,0,0,639,359
794,11322,11320822,11109,250,-1,-1,1,525,90.9,0,-1.0,0,0,0,639,359
795,11333,11331936,11114,250,-1,-1,1,633,90.9,0,-1.0,0,0,0,639,359
796,11344,11343046,11110,250,-1,-1,1,525,90.9,0,-1.0,0,0,0,639,359
797,11355,11354155,11109,250,-1,-1,1,527,89.7,0,-1.0,0,0,0,639,359
798,11366,11365261,11106,250,-1,-1,1,525,89.9,0,-1.0,0,0,0,639,359
799,11377,11376370,11109,250,-1,-1,1,524,90.0,0,-1.0,0,0,0,639,359
800,11388,11387473,11103,250,-1,-1,1,527,90.1,0,-1.0,0,0,0,639,359
801,11399,11398588,11115,250,-1,-1,1,526,90.2,0,-1.0,0,0,0,639,359
802,11410,11409695,11107,250,-1,-1,1,528,90.2,1,-1.0,0,0,0,639,359
803,11422,11420807,11112,250,-1,-1,1,530,90.3,0,-1.0,0,0,0,639,359
804,11433,11431916,11109,250,-1,-1,1,633,90.3,0,-1.0,0,0,0,639,359
805,11444,11443022,11106,250,-1,-1,1,528,90.4,0,-1.0,0,0,0,639,359
806,11455,11454130,11108,250,-1,-1,1,527,90.4,0,-1.0,0,0,0,639,359
807,11466,11465242,11112,250,-1,-1,1,528,89.9,0,-1.0,0,0,0,639,359
808,11477,11476348,11106,250,-1,-1,1,526,90.0,0,-1.0,0,0,0,639,359
809,11488,11487460,11112,250,-1,-1,1,525,90.0,0,-1.0,0,0,0,639,359
810,11563,11498565,11105,250,-1,-1,1,527,70.2,0,-1.0,0,0,0,639,359
811,11563,11554101,55536,250,-1,-1,1,522,73.4,1,-1.0,0,0,0,639,359
812,11566,11565211,11110,250,-1,-1,1,528,76.1,0,-1.0,0,0,0,639,359
813,11577,11576338,11127,250,-1,-1,1,528,76.7,0,-1.0,0,0,0,639,359
814,11588,11587444,11106,250,-1,-1,1,526,77.2,0,-1.0,0,0,0,639,359
815,11599,11598554,11110,250,-1,-1,1,526,77.6,0,-1.0,0,0,0,639,359
816,11610,11609661,11107,250,-1,-1,1,527,78.1,0,-1.0,0,0,0,639,359
817,11622,11620773,11112,250,-1,-1,1,526,78.5,0,-1.0,0,0,0,639,359
818,11633,11631875,11102,250,-1,-1,1,526,78.9,0,-1.0,0,0,0,639,359
819,11644,11642988,11113,250,-1,-1,1,525,79.2,0,-1.0,0,0,0,639,359
820,11655,11654097,11109,250,-1,-1,1,527,79.6,1,-1.0,0,0,0,639,359
821,11666,11665211,11114,250,-1,-1,1,546,79.7,0,-1.0,0,0,0,639,359
822,11677,11676319,11108,250,-1,-1,1,630,80.0,0,-1.0,0,0,0,639,359
823,11688,11687429,11110,250,-1,-1,1,555,80.3,0,-1.0,0,0,0,639,359
824,11699,11698532,11103,250,-1,-1,1,528,80.6,0,-1.0,0,0,0,639,359
825,11710,11709643,11111,250,-1,-1,1,527,80.8,0,-1.0,0,0,0,639,359
826,11722,11720753,11110,250,-1,-1,1,526,81.1,0,-1.0,0,0,0,639,359
827,11733,11731865,11112,250,-1,-1,1,527,81.3,0,-1.0,0,0,0,639,359
828,11744,11742971,11106,250,-1,-1,1,526,81.5,0,-1.0,0,0,0,639,359
829,11755,11754082,11111,250,-1,-1,1,525,81.8,1,-1.0,0,0,0,639,359
830,11766,11765194,11112,250,-1,-1,1,546,81.8,0,-1.0,0,0,0,639,359
831,11777,11776302,11108,250,-1,-1,1,633,82.0,0,-1.0,0,0,0,639,359
832,11788,11787409,11107,250,-1,-1,1,633,82.2,0,-1.0,0,0,0,639,359
833,11799,11798522,11113,250,-1,-1,1,524,82.4,0,-1.0,0,0,0,639,359
834,11810,11809627,11105,250,-1,-1,1,528,82.6,0,-1.0,0,0,0,639,359
835,11822,11820737,11110,250,-1,-1,1,527,82.7,0,-1.0,0,0,0,639,359
836,11833,11831845,11108,250,-1,-1,1,526,82.9,0,-1.0,0,0,0,639,359
837,11844,11842955,11110,250,-1,-1,1,528,83.0,0,-1.0,0,0,0,639,359
838,11855,11854066,11111,250,-1,-1,1,527,83.2,1,-1.0,0,0,0,639,359
839,11866,11865173,11107,250,-1,-1,1,544,83.2,0,-1.0,0,0,0,639,359
840,11877,11876286,11113,250,-1,-1,1,632,83.3,0,-1.0,0,0,0,639,359
841,11888,11887395,11109,250,-1,-1,1,554,83.5,0,-1.0,0,0,0,639,359
842,11899,11898502,11107,250,-1,-1,1,525,83.6,0,-1.0,0,0,0,639,359
843,11910,11909614,11112,250,-1,-1,1,525,83.7,0,-1.0,0,0,0,639,359
844,11922,11920719,11105,250,-1,-1,1,525,83.9,0,-1.0,0,0,0,639,359
845,11933,11931829,11110,250,-1,-1,1,530,84.0,0,-1.0,0,0,0,639,359
846,11944,11942936,11107,250,-1,-1,1,528,84.1,0,-1.0,0,0,0,639,359
847,11955,11954047,11111,250,-1,-1,1,527,84.2,1,-1.0,0,0,0,639,359
848,11966,11965158,11111,250,-1,-1,1,532,84.2,0,-1.0,0,0,0,639,359
849,11977,11976271,11113,250,-1,-1,1,631,84.3,0,-1.0,0,0,0,639,359
850,11988,11987515,11244,250,-1,-1,1,632,84.4,0,-1.0,0,0,0,639,359
851,11999,11998489,10974,250,-1,-1,1,525,84.5,0,-1.0,0,0,0,639,359
852,12010,12009594,11105,250,-1,-1,1,524,84.6,0,-1.0,0,0,0,639,359
853,12022,12020705,11111,250,-1,-1,1,525,84.7,0,-1.0,0,0,0,639,359
854,12033,12031811,11106,250,-1,-1,1,524,84.8,0,-1.0,0,0,0,639,359
855,12044,12042920,11109,250,-1,-1,1,527,84.9,0,-1.0,0,0,0,639,359
856,12055,12054028,11108,250,-1,-1,1,526,84.9,1,-1.0,0,0,0,639,359
857,12066,12065141,11113,250,-1,-1,1,538,84.9,0,-1.0,0,0,0,639,359
858,12077,12076250,11109,250,-1,-1,1,635,85.0,0,-1.0,0,0,0,639,359
859,12088,12087362,11112,250,-1,-1,1,593,85.1,0,-1.0,0,0,0,639,359
860,12099,12098465,11103,250,-1,-1,1,527,85.2,0,-1.0,0,0,0,639,359
861,12110,12109578,11113,250,-1,-1,1,526,85.2,0,-1.0,0,0,0,639,359
862,12122,12120684,11106,250,-1,-1,1,528,85.3,0,-1.0,0,0,0,639,359
863,12133,12131792,11108,250,-1,-1,1,525,85.4,0,-1.0,0,0,0,639,359
864,12144,12142899,11107,250,-1,-1,1,525,85.5,0,-1.0,0,0,0,639,359
865,12156,12154018,11119,250,-1,-1,1,523,85.3,1,-1.0,0,0,0,639,359
866,12166,12165121,11103,250,-1,-1,1,548,85.5,0,-1.0,0,0,0,639,359
867,12177,12176235,11114,250,-1,-1,1,547,85.6,0,-1.0,0,0,0,639,359
868,12188,12187340,11105,250,-1,-1,1,525,85.6,0,-1.0,0,0,0,639,359
869,12199,12198456,11116,250,-1,-1,1,528,85.7,0,-1.0,0,0,0,639,359
870,12210,12209558,11102,250,-1,-1,1,529,85.7,0,-1.0,0,0,0,639,359
871,12221,12220670,11112,250,-1,-1,1,527,85.8,0,-1.0,0,0,0,639,359
872,12233,12231777,11107,250,-1,-1,1,527,85.9,0,-1.0,0,0,0,639,359
873,12244,12242886,11109,250,-1,-1,1,528,85.9,0,-1.0,0,0,0,639,359
874,12255,12253993,11107,250,-1,-1,1,527,86.0,1,-1.0,0,0,0,639,359
875,12266,12265109,11116,250,-1,-1,1,547,86.0,0,-1.0,0,0,0,639,359
876,12277,12276216,11107,250,-1,-1,1,634,86.0,0,-1.0,0,0,0,639,359
877,12302,12298486,22270,250,-1,-1,1,587,40.0,0,-1.0,0,0,0,639,359
878,12310,12309546,11060,250,-1,-1,1,525,60.6,0,-1.0,0,0,0,639,359
879,12321,12320651,11105,250,-1,-1,1,530,68.2,0,-1.0,0,0,0,639,359
880,12333,12331761,11110,250,-1,-1,1,528,72.7,0,-1.0,0,0,0,639,359
881,12344,12342867,11106,250,-1,-1,1,523,75.8,0,-1.0,0,0,0,639,359
882,12355,12353978,11111,250,-1,-1,1,527,77.9,0,-1.0,0,0,0,639,359
883,12366,12365085,11107,250,-1,-1,1,528,79.5,1,-1.0,0,0,0,639,359
884,12377,12376201,11116,250,-1,-1,1,528,80.0,0,-1.0,0,0,0,639,359
885,12388,12387305,11104,250,-1,-1,1,632,81.1,0,-1.0,0,0,0,639,359
886,12399,12398421,11116,250,-1,-1,1,590,82.0,0,-1.0,0,0,0,639,359
887,12410,12409520,11099,250,-1,-1,1,525,82.7,0,-1.0,0,0,0,639,359
888,12421,12420635,11115,250,-1,-1,1,526,83.3,0,-1.0,0,0,0,639,359
889,12433,12431742,11107,250,-1,-1,1,528,83.9,0,-1.0,0,0,0,639,359
890,12444,12442854,11112,250,-1,-1,1,528,84.3,0,-1.0,0,0,0,639,359
891,12455,12453959,11105,250,-1,-1,1,527,84.7,0,-1.0,0,0,0,639,359
892,12466,12465075,11116,250,-1,-1,1,527,85.1,1,-1.0,0,0,0,639,359
893,12477,12476181,11106,250,-1,-1,1,528,85.0,0,-1.0,0,0,0,639,359
894,12488,12487288,11107,250,-1,-1,1,634,85.3,0,-1.0,0,0,0,639,359
895,12499,12498398,11110,250,-1,-1,1,593,85.6,0,-1.0,0,0,0,639,359
896,12510,12509510,11112,250,-1,-1,1,529,85.8,0,-1.0,0,0,0,639,359
897,12521,12520614,11104,250,-1,-1,1,524,86.1,0,-1.0,0,0,0,639,359
898,12533,12531726,11112,250,-1,-1,1,525,86.3,0,-1.0,0,0,0,639,359
899,12544,12542833,11107,250,-1,-1,1,524,86.5,0,-1.0,0,0,0,639,359
900,12615,12553944,11111,250,-1,-1,1,609,71.2,0,-1.0,0,0,0,639,359
901,12615,12609469,55525,250,-1,-1,1,637,74.0,1,-1.0,0,0,0,639,359
902,12621,12620615,11146,250,-1,-1,1,531,75.6,0,-1.0,0,0,0,639,359
903,12633,12631712,11097,250,-1,-1,1,533,76.1,0,-1.0,0,0,0,639,359
904,12644,12642819,11107,250,-1,-1,1,629,76.5,0,-1.0,0,0,0,639,359
905,12655,12653929,11110,250,-1,-1,1,528,76.9,0,-1.0,0,0,0,639,359
906,12666,12665035,11106,250,-1,-1,1,526,77.3,0,-1.0,0,0,0,639,359
907,12677,12676148,11113,250,-1,-1,1,525,77.5,0,-1.0,0,0,0,639,359
908,12688,12687258,11110,250,-1,-1,1,525,77.9,0,-1.0,0,0,0,639,359
909,12699,12698365,11107,250,-1,-1,1,526,78.2,0,-1.0,0,0,0,639,359
910,12710,12709475,11110,250,-1,-1,1,525,78.5,1,-1.0,0,0,0,639,359
911,12721,12720586,11111,250,-1,-1,1,547,78.8,0,-1.0,0,0,0,639,359
912,12733,12731692,11106,250,-1,-1,1,629,79.1,0,-1.0,0,0,0,639,359
913,12744,12742798,11106,250,-1,-1,1,628,79.4,0,-1.0,0,0,0,639,359
914,12755,12753911,11113,250,-1,-1,1,528,79.7,0,-1.0,0,0,0,639,359
915,12766,12765018,11107,250,-1,-1,1,526,79.9,0,-1.0,0,0,0,639,359
916,12777,12776128,11110,250,-1,-1,1,528,80.2,0,-1.0,0,0,0,639,359
917,12788,12787234,11106,250,-1,-1,1,529,80.2,0,-1.0,0,0,0,639,359
918,12799,12798350,11116,250,-1,-1,1,527,80.5,0,-1.0,0,0,0,639,359
919,12810,12809451,11101,250,-1,-1,1,524,80.7,1,-1.0,0,0,0,639,359
920,12821,12820571,11120,250,-1,-1,1,544,80.9,0,-1.0,0,0,0,639,359
921,12833,12831672,11101,250,-1,-1,1,633,81.1,0,-1.0,0,0,0,639,359
922,12844,12842785,11113,250,-1,-1,1,553,81.3,0,-1.0,0,0,0,639,359
923,12855,12853893,11108,250,-1,-1,1,526,81.5,0,-1.0,0,0,0,639,359
924,12866,12865004,11111,250,-1,-1,1,524,81.6,0,-1.0,0,0,0,639,359
925,12877,12876109,11105,250,-1,-1,1,529,81.8,0,-1.0,0,0,0,639,359
926,12888,12887223,11114,250,-1,-1,1,528,81.8,0,-1.0,0,0,0,639,359
927,12899,12898329,11106,250,-1,-1,1,526,82.0,0,-1.0,0,0,0,639,359
928,12910,12909441,11112,250,-1,-1,1,526,82.1,1,-1.0,0,0,0,639,359
929,12921,12920550,11109,250,-1,-1,1,528,82.3,0,-1.0,0,0,0,639,359
930,12933,12931658,11108,250,-1,-1,1,634,82.4,0,-1.0,0,0,0,639,359
931,12944,12942767,11109,250,-1,-1,1,631,82.6,0,-1.0,0,0,0,639,359
932,12955,12953880,11113,250,-1,-1,1,526,82.7,0,-1.0,0,0,0,639,359
933,12966,12964983,11103,250,-1,-1,1,525,82.8,0,-1.0,0,0,0,639,359
934,12977,12976093,11110,250,-1,-1,1,525,83.0,0,-1.0,0,0,0,639,359
935,12988,12987204,11111,250,-1,-1,1,526,83.0,0,-1.0,0,0,0,639,359
936,12999,12998315,11111,250,-1,-1,1,525,83.1,0,-1.0,0,0,0,639,359
937,13010,13009419,11104,250,-1,-1,1,528,83.2,1,-1.0,0,0,0,639,359
938,13021,13020537,11118,250,-1,-1,1,543,83.3,0,-1.0,0,0,0,639,359
939,13033,13031643,11106,250,-1,-1,1,635,83.4,0,-1.0,0,0,0,639,359
940,13044,13042754,11111,250,-1,-1,1,611,83.6,0,-1.0,0,0,0,639,359
941,13055,13053858,11104,250,-1,-1,1,526,83.7,0,-1.0,0,0,0,639,359
942,13066,13064966,11108,250,-1,-1,1,564,83.8,0,-1.0,0,0,0,639,359
943,13077,13076077,11111,250,-1,-1,1,529,83.9,0,-1.0,0,0,0,639,359
944,13088,13087184,11107,250,-1,-1,1,526,83.8,0,-1.0,0,0,0,639,359
945,13099,13098296,11112,250,-1,-1,1,524,83.9,0,-1.0,0,0,0,639,359
946,13110,13109407,11111,250,-1,-1,1,525,84.0,1,-1.0,0,0,0,639,359
947,13121,13120517,11110,250,-1,-1,1,547,84.1,0,-1.0,0,0,0,639,359
948,13132,13131622,11105,250,-1,-1,1,634,84.2,0,-1.0,0,0,0,639,359
949,13144,13142731,11109,250,-1,-1,1,610,84.3,0,-1.0,0,0,0,639,359
950,13155,13153846,11115,250,-1,-1,1,529,84.4,0,-1.0,0,0,0,639,359
951,13166,13164952,11106,250,-1,-1,1,557,84.5,0,-1.0,0,0,0,639,359
952,13177,13176060,11108,250,-1,-1,1,527,84.5,0,-1.0,0,0,0,639,359
953,13188,13187168,11108,250,-1,-1,1,529,84.5,0,-1.0,0,0,0,639,359
954,13199,13198276,11108,250,-1,-1,1,528,84.6,0,-1.0,0,0,0,639,359
955,13210,13209387,11111,250,-1,-1,1,524,84.7,1,-1.0,0,0,0,639,359
956,13221,13220503,11116,250,-1,-1,1,545,84.7,0,-1.0,0,0,0,639,359
957,13232,13231605,11102,250,-1,-1,1,631,84.8,0,-1.0,0,0,0,639,359
958,13244,13242720,11115,250,-1,-1,1,617,84.9,0,-1.0,0,0,0,639,359
959,13255,13253824,11104,250,-1,-1,1,525,85.0,0,-1.0,0,0,0,639,359
960,13266,13264933,11109,250,-1,-1,1,551,85.0,0,-1.0,0,0,0,639,359
961,13277,13276041,11108,250,-1,-1,1,527,85.1,0,-1.0,0,0,0,639,359
962,13288,13287154,11113,250,-1,-1,1,525,85.1,0,-1.0,0,0,0,639,359
963,13303,13298263,11109,250,-1,-1,1,524,71.4,0,-1.0,0,0,0,639,359
964,13310,13309373,11110,250,-1,-1,1,527,90.9,1,-1.0,0,0,0,639,359
965,13321,13320482,11109,250,-1,-1,1,530,90.9,0,-1.0,0,0,0,639,359
966,13332,13331593,11111,250,-1,-1,1,636,90.9,0,-1.0,0,0,0,639,359
967,13344,13342698,11105,250,-1,-1,1,634,90.9,0,-1.0,0,0,0,639,359
968,13355,13353803,11105,250,-1,-1,1,525,90.9,0,-1.0,0,0,0,639,359
969,13366,13364912,11109,250,-1,-1,1,526,90.9,0,-1.0,0,0,0,639,359
970,13377,13376029,11117,250,-1,-1,1,526,90.9,0,-1.0,0,0,0,639,359
971,13388,13387133,11104,250,-1,-1,1,525,90.9,0,-1.0,0,0,0,639,359
972,13399,13398242,11109,250,-1,-1,1,526,90.1,0,-1.0,0,0,0,639,359
973,13410,13409353,11111,250,-1,-1,1,529,90.2,1,-1.0,0,0,0,639,359
974,13421,13420469,11116,250,-1,-1,1,543,90.2,0,-1.0,0,0,0,639,359
975,13432,13431570,11101,250,-1,-1,1,635,90.3,0,-1.0,0,0,0,639,359
976,13444,13442681,11111,250,-1,-1,1,592,90.3,0,-1.0,0,0,0,639,359
977,13455,13453788,11107,250,-1,-1,1,525,90.4,0,-1.0,0,0,0,639,359
978,13466,13464899,11111,250,-1,-1,1,527,90.4,0,-1.0,0,0,0,639,359
979,13477,13476005,11106,250,-1,-1,1,526,90.4,0,-1.0,0,0,0,639,359
980,13488,13487118,11113,250,-1,-1,1,525,90.5,0,-1.0,0,0,0,639,359
981,13499,13498227,11109,250,-1,-1,1,526,90.0,0,-1.0,0,0,0,639,359
982,13510,13509338,11111,250,-1,-1,1,526,90.1,1,-1.0,0,0,0,639,359
983,13521,13520448,11110,250,-1,-1,1,548,90.1,0,-1.0,0,0,0,639,359
984,13532,13531555,11107,250,-1,-1,1,634,90.2,0,-1.0,0,0,0,639,359
985,13544,13542661,11106,250,-1,-1,1,634,90.2,0,-1.0,0,0,0,639,359
986,13555,13553775,11114,250,-1,-1,1,528,90.2,0,-1.0,0,0,0,639,359
987,13566,13564879,11104,250,-1,-1,1,529,90.3,0,-1.0,0,0,0,639,359
988,13577,13575991,11112,250,-1,-1,1,526,90.3,0,-1.0,0,0,0,639,359
989,13588,13587098,11107,250,-1,-1,1,527,90.3,0,-1.0,0,0,0,639,359
990,13636,13598208,11110,250,-1,-1,1,609,80.5,0,-1.0,0,0,0,639,359
991,13637,13631528,33320,250,-1,-1,1,604,83.1,1,-1.0,0,0,0,639,359
992,13643,13642661,11133,250,-1,-1,1,525,84.5,0,-1.0,0,0,0,639,359
993,13655,13653755,11094,250,-1,-1,1,532,84.7,0,-1.0,0,0,0,639,359
994,13666,13664872,11117,250,-1,-1,1,524,84.9,0,-1.0,0,0,0,639,359
995,13677,13675975,11103,250,-1,-1,1,549,85.1,0,-1.0,0,0,0,639,359
996,13688,13687086,11111,250,-1,-1,1,632,85.0,0,-1.0,0,0,0,639,359
997,13699,13698192,11106,250,-1,-1,1,631,85.2,0,-1.0,0,0,0,639,359
998,13710,13709304,11112,250,-1,-1,1,527,85.3,0,-1.0,0,0,0,639,359
999,13721,13720410,11106,250,-1,-1,1,528,85.5,0,-1.0,0,0,0,639,359
1000,13732,13731522,11112,250,-1,-1,1,527,85.6,1,-1.0,0,0,0,639,359
1001,13743,13742631,11109,250,-1,-1,1,546,85.7,0,-1.0,0,0,0,639,359
1002,13755,13753745,11114,250,-1,-1,1,633,85.8,0,-1.0,0,0,0,639,359
1003,13766,13764850,11105,250,-1,-1,1,632,86.0,0,-1.0,0,0,0,639,359
1004,13777,13775961,11111,250,-1,-1,1,526,86.1,0,-1.0,0,0,0,639,359
1005,13788,13787065,11104,250,-1,-1,1,525,86.2,0,-1.0,0,0,0,639,359
1006,13799,13798173,11108,250,-1,-1,1,525,86.1,0,-1.0,0,0,0,639,359
1007,13810,13809284,11111,250,-1,-1,1,526,86.2,0,-1.0,0,0,0,639,359
1008,13821,13820393,11109,250,-1,-1,1,529,86.3,0,-1.0,0,0,0,639,359
1009,13832,13831500,11107,250,-1,-1,1,526,86.4,1,-1.0,0,0,0,639,359
1010,13843,13842614,11114,250,-1,-1,1,538,86.5,0,-1.0,0,0,0,639,359
1011,13855,13853724,11110,250,-1,-1,1,528,86.6,0,-1.0,0,0,0,639,359
1012,13866,13864830,11106,250,-1,-1,1,528,86.7,0,-1.0,0,0,0,639,359
1013,13877,13875937,11107,250,-1,-1,1,526,86.6,0,-1.0,0,0,0,639,359
1014,13888,13887051,11114,250,-1,-1,1,528,86.8,0,-1.0,0,0,0,639,359
1015,13899,13898154,11103,250,-1,-1,1,527,86.9,0,-1.0,0,0,0,639,359
1016,13910,13909269,11115,250,-1,-1,1,525,86.8,0,-1.0,0,0,0,639,359
1017,13921,13920373,11104,250,-1,-1,1,525,86.9,0,-1.0,0,0,0,639,359
1018,13932,13931482,11109,250,-1,-1,1,525,87.0,1,-1.0,0,0,0,639,359
1019,13943,13942596,11114,250,-1,-1,1,547,87.0,0,-1.0,0,0,0,639,359
1020,13955,13953709,11113,250,-1,-1,1,628,87.1,0,-1.0,0,0,0,639,359
1021,13966,13964814,11105,250,-1,-1,1,626,87.1,0,-1.0,0,0,0,639,359
1022,13977,13975925,11111,250,-1,-1,1,529,87.2,0,-1.0,0,0,0,639,359
1023,13988,13987028,11103,250,-1,-1,1,527,87.3,0,-1.0,0,0,0,639,359
1024,13999,13998139,11111,250,-1,-1,1,527,87.3,0,-1.0,0,0,0,639,359
1025,14010,14009250,11111,250,-1,-1,1,526,87.3,0,-1.0,0,0,0,639,359
1026,14021,14020361,11111,250,-1,-1,1,528,87.3,0,-1.0,0,0,0,639,359
1027,14032,14031466,11105,250,-1,-1,1,527,87.4,1,-1.0,0,0,0,639,359
1028,14043,14042582,11116,250,-1,-1,1,547,87.4,0,-1.0,0,0,0,639,359
1029,14055,14053688,11106,250,-1,-1,1,632,87.5,0,-1.0,0,0,0,639,359
1030,14066,14064799,11111,250,-1,-1,1,615,87.5,0,-1.0,0,0,0,639,359
1031,14077,14075906,11107,250,-1,-1,1,525,87.6,0,-1.0,0,0,0,639,359
1032,14088,14087016,11110,250,-1,-1,1,525,87.6,0,-1.0,0,0,0,639,359
1033,14099,14098122,11106,250,-1,-1,1,526,87.7,0,-1.0,0,0,0,639,359
1034,14110,14109235,11113,250,-1,-1,1,529,87.6,0,-1.0,0,0,0,639,359
1035,14121,14120340,11105,250,-1,-1,1,528,87.6,0,-1.0,0,0,0,639,359
1036,14132,14131452,11112,250,-1,-1,1,528,87.7,1,-1.0,0,0,0,639,359
1037,14143,14142562,11110,250,-1,-1,1,531,87.7,0,-1.0,0,0,0,639,359
1038,14155,14153670,11108,250,-1,-1,1,632,87.8,0,-1.0,0,0,0,639,359
1039,14166,14164952,11282,250,-1,-1,1,607,87.8,0,-1.0,0,0,0,639,359
1040,14177,14175895,10943,250,-1,-1,1,526,87.8,0,-1.0,0,0,0,639,359
1041,14188,14186998,11103,250,-1,-1,1,524,87.9,0,-1.0,0,0,0,639,359
1042,14199,14198106,11108,250,-1,-1,1,524,87.9,0,-1.0,0,0,0,639,359
1043,14210,14209216,11110,250,-1,-1,1,526,87.9,0,-1.0,0,0,0,639,359
1044,14221,14220327,11111,250,-1,-1,1,529,87.9,0,-1.0,0,0,0,639,359
1045,14232,14231433,11106,250,-1,-1,1,528,87.9,1,-1.0,0,0,0,639,359
1046,14243,14242544,11111,250,-1,-1,1,537,88.0,0,-1.0,0,0,0,639,359
1047,14255,14253652,11108,250,-1,-1,1,635,88.0,0,-1.0,0,0,0,639,359
1048,14266,14264763,11111,250,-1,-1,1,632,88.0,0,-1.0,0,0,0,639,359
1049,14277,14275873,11110,250,-1,-1,1,527,88.1,0,-1.0,0,0,0,639,359
1050,14288,14286979,11106,250,-1,-1,1,524,88.1,0,-1.0,0,0,0,639,359
1051,14299,14298089,11110,250,-1,-1,1,525,88.1,0,-1.0,0,0,0,639,359
1052,14313,14309201,11112,250,-1,-1,1,527,71.4,0,-1.0,0,0,0,639,359
1053,14321,14320307,11106,250,-1,-1,1,526,87.0,0,-1.0,0,0,0,639,359
1054,14332,14331414,11107,250,-1,-1,1,529,88.2,1,-1.0,0,0,0,639,359
1055,14343,14342530,11116,250,-1,-1,1,544,88.9,0,-1.0,0,0,0,639,359
1056,14355,14353636,11106,250,-1,-1,1,633,89.3,0,-1.0,0,0,0,639,359
1057,14366,14364744,11108,250,-1,-1,1,525,89.6,0,-1.0,0,0,0,639,359
1058,14377,14375856,11112,250,-1,-1,1,524,89.7,0,-1.0,0,0,0,639,359
1059,14388,14386959,11103,250,-1,-1,1,527,89.9,0,-1.0,0,0,0,639,359
1060,14399,14398071,11112,250,-1,-1,1,525,90.0,0,-1.0,0,0,0,639,359
1061,14410,14409179,11108,250,-1,-1,1,525,89.3,0,-1.0,0,0,0,639,359
1062,14421,14420292,11113,250,-1,-1,1,525,89.4,0,-1.0,0,0,0,639,359
1063,14432,14431399,11107,250,-1,-1,1,524,89.6,1,-1.0,0,0,0,639,359
1064,14443,14442516,11117,250,-1,-1,1,546,89.7,0,-1.0,0,0,0,639,359
1065,14454,14453619,11103,250,-1,-1,1,628,89.7,0,-1.0,0,0,0,639,359
1066,14466,14464727,11108,250,-1,-1,1,626,89.8,0,-1.0,0,0,0,639,359
1067,14477,14475833,11106,250,-1,-1,1,530,89.9,0,-1.0,0,0,0,639,359
1068,14488,14486943,11110,250,-1,-1,1,526,89.9,0,-1.0,0,0,0,639,359
1069,14499,14498053,11110,250,-1,-1,1,528,90.0,0,-1.0,0,0,0,639,359
1070,14510,14509162,11109,250,-1,-1,1,528,90.0,0,-1.0,0,0,0,639,359
1071,14521,14520271,11109,250,-1,-1,1,528,89.7,0,-1.0,0,0,0,639,359
1072,14532,14531383,11112,250,-1,-1,1,527,89.7,1,-1.0,0,0,0,639,359
1073,14543,14542494,11111,250,-1,-1,1,544,89.8,0,-1.0,0,0,0,639,359
1074,14554,14553606,11112,250,-1,-1,1,633,89.8,0,-1.0,0,0,0,639,359
1075,14566,14564712,11106,250,-1,-1,1,612,89.9,0,-1.0,0,0,0,639,359
1076,14577,14575823,11111,250,-1,-1,1,526,89.9,0,-1.0,0,0,0,639,359
1077,14588,14586927,11104,250,-1,-1,1,526,90.0,0,-1.0,0,0,0,639,359
1078,14599,14598037,11110,250,-1,-1,1,526,90.0,0,-1.0,0,0,0,639,359
1079,14610,14609144,11107,250,-1,-1,1,527,90.0,0,-1.0,0,0,0,639,359
1080,14657,14620255,11111,250,-1,-1,1,607,81.0,0,-1.0,0,0,0,639,359
1081,14657,14653568,33313,250,-1,-1,1,602,83.6,1,-1.0,0,0,0,639,359
1082,14666,14664695,11127,250,-1,-1,1,527,84.5,0,-1.0,0,0,0,639,359
1083,14677,14675803,11108,250,-1,-1,1,526,84.7,0,-1.0,0,0,0,639,359
1084,14688,14686910,11107,250,-1,-1,1,633,84.8,0,-1.0,0,0,0,639,359
1085,14699,14698023,11113,250,-1,-1,1,545,85.0,0,-1.0,0,0,0,639,359
1086,14710,14709136,11113,250,-1,-1,1,633,85.0,0,-1.0,0,0,0,639,359
1087,14721,14720243,11107,250,-1,-1,1,628,85.1,0,-1.0,0,0,0,639,359
1088,14732,14731353,11110,250,-1,-1,1,526,85.3,0,-1.0,0,0,0,639,359
1089,14743,14742455,11102,250,-1,-1,1,525,85.4,0,-1.0,0,0,0,639,359
1090,14754,14753567,11112,250,-1,-1,1,524,85.5,1,-1.0,0,0,0,639,359
1091,14766,14764678,11111,250,-1,-1,1,546,85.7,0,-1.0,0,0,0,639,359
1092,14777,14775786,11108,250,-1,-1,1,631,85.8,0,-1.0,0,0,0,639,359
1093,14788,14786896,11110,250,-1,-1,1,624,85.9,0,-1.0,0,0,0,639,359
1094,14799,14798006,11110,250,-1,-1,1,527,86.0,0,-1.0,0,0,0,639,359
1095,14810,14809113,11107,250,-1,-1,1,527,86.1,0,-1.0,0,0,0,639,359
1096,14821,14820224,11111,250,-1,-1,1,528,86.0,0,-1.0,0,0,0,639,359
1097,14832,14831329,11105,250,-1,-1,1,526,86.1,0,-1.0,0,0,0,639,359
1098,14843,14842443,11114,250,-1,-1,1,525,86.2,0,-1.0,0,0,0,639,359
1099,14854,14853549,11106,250,-1,-1,1,525,86.3,1,-1.0,0,0,0,639,359
1100,14865,14864662,11113,250,-1,-1,1,546,86.4,0,-1.0,0,0,0,639,359
1101,14877,14875769,11107,250,-1,-1,1,526,86.5,0,-1.0,0,0,0,639,359
1102,14888,14886878,11109,250,-1,-1,1,632,86.6,0,-1.0,0,0,0,639,359
1103,14899,14897984,11106,250,-1,-1,1,528,86.7,0,-1.0,0,0,0,639,359
1104,14910,14909095,11111,250,-1,-1,1,526,86.7,0,-1.0,0,0,0,639,359
1105,14921,14920202,11107,250,-1,-1,1,525,86.7,0,-1.0,0,0,0,639,359
1106,14932,14931315,11113,250,-1,-1,1,526,86.8,0,-1.0,0,0,0,639,359
1107,14943,14942419,11104,250,-1,-1,1,526,86.8,0,-1.0,0,0,0,639,359
1108,14954,14953532,11113,250,-1,-1,1,525,86.9,1,-1.0,0,0,0,639,359
1109,14965,14964645,11113,250,-1,-1,1,544,87.0,0,-1.0,0,0,0,639,359
1110,14977,14975759,11114,250,-1,-1,1,632,87.0,0,-1.0,0,0,0,639,359
1111,14988,14986860,11101,250,-1,-1,1,626,87.1,0,-1.0,0,0,0,639,359
1112,14999,14997971,11111,250,-1,-1,1,526,87.1,0,-1.0,0,0,0,639,359
1113,15010,15009079,11108,250,-1,-1,1,525,87.2,0,-1.0,0,0,0,639,359
1114,15021,15020186,11107,250,-1,-1,1,526,87.1,0,-1.0,0,0,0,639,359
1115,15032,15031295,11109,250,-1,-1,1,528,87.2,0,-1.0,0,0,0,639,359
1116,15043,15042411,11116,250,-1,-1,1,528,87.2,0,-1.0,0,0,0,639,359
1117,15054,15053512,11101,250,-1,-1,1,528,87.3,1,-1.0,0,0,0,639,359
1118,15065,15064627,11115,250,-1,-1,1,531,87.4,0,-1.0,0,0,0,639,359
1119,15077,15075734,11107,250,-1,-1,1,527,87.4,0,-1.0,0,0,0,639,359
1120,15088,15086844,11110,250,-1,-1,1,632,87.5,0,-1.0,0,0,0,639,359
1121,15099,15097950,11106,250,-1,-1,1,524,87.5,0,-1.0,0,0,0,639,359
1122,15110,15109058,11108,250,-1,-1,1,528,87.5,0,-1.0,0,0,0,639,359
1123,15121,15120169,11111,250,-1,-1,1,526,87.5,0,-1.0,0,0,0,639,359
1124,15132,15131281,11112,250,-1,-1,1,525,87.5,0,-1.0,0,0,0,639,359
1125,15143,15142387,11106,250,-1,-1,1,534,87.6,0,-1.0,0,0,0,639,359
1126,15154,15153499,11112,250,-1,-1,1,531,87.6,1,-1.0,0,0,0,639,359
1127,15166,15164625,11126,250,-1,-1,1,558,87.7,0,-1.0,0,0,0,639,359
1128,15177,15175722,11097,250,-1,-1,1,534,87.7,0,-1.0,0,0,0,639,359
1129,15188,15186877,11155,250,-1,-1,1,628,87.7,0,-1.0,0,0,0,639,359
1130,15199,15197937,11060,250,-1,-1,1,529,87.8,0,-1.0,0,0,0,639,359
1131,15210,15209042,11105,250,-1,-1,1,528,87.8,0,-1.0,0,0,0,639,359
1132,15221,15220157,11115,250,-1,-1,1,529,87.8,0,-1.0,0,0,0,639,359
1133,15232,15231261,11104,250,-1,-1,1,527,87.8,0,-1.0,0,0,0,639,359
1134,15243,15242370,11109,250,-1,-1,1,526,87.8,0,-1.0,0,0,0,639,359
1135,15254,15253483,11113,250,-1,-1,1,526,87.9,1,-1.0,0,0,0,639,359
1136,15265,15264596,11113,250,-1,-1,1,545,87.9,0,-1.0,0,0,0,639,359
1137,15277,15275702,11106,250,-1,-1,1,524,87.9,0,-1.0,0,0,0,639,359
1138,15288,15286811,11109,250,-1,-1,1,524,88.0,0,-1.0,0,0,0,639,359
1139,15299,15297921,11110,250,-1,-1,1,526,88.0,0,-1.0,0,0,0,639,359
1140,15310,15309029,11108,250,-1,-1,1,526,90.9,0,-1.0,0,0,0,639,359
1141,15321,15320134,11105,250,-1,-1,1,525,90.9,0,-1.0,0,0,0,639,359
1142,15332,15331243,11109,250,-1,-1,1,526,88.2,0,-1.0,0,0,0,639,359
1143,15343,15342353,11110,250,-1,-1,1,529,88.9,0,-1.0,0,0,0,639,359
1144,15354,15353464,11111,250,-1,-1,1,527,89.3,1,-1.0,0,0,0,639,359
1145,15365,15364577,11113,250,-1,-1,1,538,89.6,0,-1.0,0,0,0,639,359
1146,15377,15375685,11108,250,-1,-1,1,527,89.7,0,-1.0,0,0,0,639,359
1147,15388,15386834,11149,250,-1,-1,1,524,89.9,0,-1.0,0,0,0,639,359
1148,15399,15398004,11170,250,-1,-1,1,525,90.0,0,-1.0,0,0,0,639,359
1149,15410,15409004,11000,250,-1,-1,1,525,90.1,0,-1.0,0,0,0,639,359
1150,15421,15420118,11114,250,-1,-1,1,525,90.2,0,-1.0,0,0,0,639,359
1151,15432,15431224,11106,250,-1,-1,1,525,89.6,0,-1.0,0,0,0,639,359
1152,15443,15442343,11119,250,-1,-1,1,526,89.7,0,-1.0,0,0,0,639,359
1153,15454,15453448,11105,250,-1,-1,1,527,89.7,1,-1.0,0,0,0,639,359
1154,15465,15464562,11114,250,-1,-1,1,547,89.8,0,-1.0,0,0,0,639,359
1155,15477,15475666,11104,250,-1,-1,1,526,89.9,0,-1.0,0,0,0,639,359
1156,15488,15486875,11209,250,-1,-1,1,634,89.9,0,-1.0,0,0,0,639,359
1157,15499,15497885,11010,250,-1,-1,1,528,90.0,0,-1.0,0,0,0,639,359
1158,15510,15508995,11110,250,-1,-1,1,526,90.0,0,-1.0,0,0,0,639,359
1159,15521,15520096,11101,250,-1,-1,1,528,90.1,0,-1.0,0,0,0,639,359
1160,15532,15531208,11112,250,-1,-1,1,527,89.7,0,-1.0,0,0,0,639,359
1161,15543,15542320,11112,250,-1,-1,1,526,89.8,0,-1.0,0,0,0,639,359
1162,15554,15553430,11110,250,-1,-1,1,526,89.8,1,-1.0,0,0,0,639,359
1163,15565,15564541,11111,250,-1,-1,1,544,89.9,0,-1.0,0,0,0,639,359
1164,15577,15575653,11112,250,-1,-1,1,525,89.9,0,-1.0,0,0,0,639,359
1165,15588,15586785,11132,250,-1,-1,1,528,90.0,0,-1.0,0,0,0,639,359
1166,15599,15597957,11172,250,-1,-1,1,525,90.0,0,-1.0,0,0,0,639,359
1167,15610,15608975,11018,250,-1,-1,1,525,90.0,0,-1.0,0,0,0,639,359
1168,15621,15620082,11107,250,-1,-1,1,526,90.1,0,-1.0,0,0,0,639,359
1169,15632,15631192,11110,250,-1,-1,1,524,89.8,0,-1.0,0,0,0,639,359
1170,15680,15642305,11113,250,-1,-1,1,610,81.4,0,-1.0,0,0,0,639,359
1171,15681,15675614,33309,250,-1,-1,1,603,83.8,1,-1.0,0,0,0,639,359
1172,15688,15686757,11143,250,-1,-1,1,527,84.8,0,-1.0,0,0,0,639,359
1173,15699,15697848,11091,250,-1,-1,1,533,85.0,0,-1.0,0,0,0,639,359
1174,15710,15708965,11117,250,-1,-1,1,524,85.2,0,-1.0,0,0,0,639,359
1175,15721,15720242,11277,250,-1,-1,1,548,85.1,0,-1.0,0,0,0,639,359
1176,15732,15731182,10940,250,-1,-1,1,546,85.3,0,-1.0,0,0,0,639,359
1177,15743,15742287,11105,250,-1,-1,1,526,85.4,0,-1.0,0,0,0,639,359
1178,15754,15753398,11111,250,-1,-1,1,525,85.5,0,-1.0,0,0,0,639,359
1179,15765,15764501,11103,250,-1,-1,1,528,85.7,0,-1.0,0,0,0,639,359
1180,15776,15775612,11111,250,-1,-1,1,528,85.8,1,-1.0,0,0,0,639,359
1181,15788,15786727,11115,250,-1,-1,1,536,85.9,0,-1.0,0,0,0,639,359
1182,15799,15797831,11104,250,-1,-1,1,525,86.0,0,-1.0,0,0,0,639,359
1183,15810,15809024,11193,250,-1,-1,1,527,86.1,0,-1.0,0,0,0,639,359
1184,15821,15820052,11028,250,-1,-1,1,528,86.2,0,-1.0,0,0,0,639,359
1185,15832,15831156,11104,250,-1,-1,1,525,86.1,0,-1.0,0,0,0,639,359
1186,15843,15842269,11113,250,-1,-1,1,525,86.2,0,-1.0,0,0,0,639,359
1187,15854,15853379,11110,250,-1,-1,1,525,86.3,0,-1.0,0,0,0,639,359
1188,15865,15864490,11111,250,-1,-1,1,525,86.4,0,-1.0,0,0,0,639,359
1189,15876,15875599,11109,250,-1,-1,1,526,86.5,1,-1.0,0,0,0,639,359
1190,15888,15886709,11110,250,-1,-1,1,580,86.6,0,-1.0,0,0,0,639,359
1191,15899,15897819,11110,250,-1,-1,1,556,86.7,0,-1.0,0,0,0,639,359
1192,15910,15908921,11102,250,-1,-1,1,524,86.7,0,-1.0,0,0,0,639,359
1193,15921,15920032,11111,250,-1,-1,1,526,86.8,0,-1.0,0,0,0,639,359
1194,15932,15931140,11108,250,-1,-1,1,528,86.9,0,-1.0,0,0,0,639,359
1195,15943,15942250,11110,250,-1,-1,1,527,86.8,0,-1.0,0,0,0,639,359
1196,15954,15953358,11108,250,-1,-1,1,527,86.9,0,-1.0,0,0,0,639,359
1197,15965,15964467,11109,250,-1,-1,1,528,87.0,0,-1.0,0,0,0,639,359
1198,15976,15975578,11111,250,-1,-1,1,527,87.0,1,-1.0,0,0,0,639,359
1199,15988,15986692,11114,250,-1,-1,1,546,87.1,0,-1.0,0,0,0,639,359
1200,15999,15997803,11111,250,-1,-1,1,525,87.1,0,-1.0,0,0,0,639,359
1201,16010,16009012,11209,250,-1,-1,1,524,87.2,0,-1.0,0,0,0,639,359
1202,16021,16020017,11005,250,-1,-1,1,525,87.3,0,-1.0,0,0,0,639,359
1203,16032,16031127,11110,250,-1,-1,1,528,87.3,0,-1.0,0,0,0,639,359
1204,16043,16042235,11108,250,-1,-1,1,529,87.2,0,-1.0,0,0,0,639,359
1205,16054,16053344,11109,250,-1,-1,1,529,87.3,0,-1.0,0,0,0,639,359
1206,16065,16064452,11108,250,-1,-1,1,526,87.4,0,-1.0,0,0,0,639,359
1207,16076,16075559,11107,250,-1,-1,1,525,87.4,1,-1.0,0,0,0,639,359
1208,16088,16086672,11113,250,-1,-1,1,527,87.5,0,-1.0,0,0,0,639,359
1209,16099,16097780,11108,250,-1,-1,1,535,87.5,0,-1.0,0,0,0,639,359
1210,16110,16108928,11148,250,-1,-1,1,643,87.5,0,-1.0,0,0,0,639,359
1211,16121,16120000,11072,250,-1,-1,1,535,87.6,0,-1.0,0,0,0,639,359
1212,16132,16131104,11104,250,-1,-1,1,537,87.6,0,-1.0,0,0,0,639,359
1213,16143,16142217,11113,250,-1,-1,1,532,87.6,0,-1.0,0,0,0,639,359
1214,16154,16153328,11111,250,-1,-1,1,537,87.6,0,-1.0,0,0,0,639,359
1215,16167,16164433,11105,250,-1,-1,1,539,87.6,0,-1.0,0,0,0,639,359
1216,16176,16175548,11115,250,-1,-1,1,544,87.7,1,-1.0,0,0,0,639,359
1217,16188,16186654,11106,250,-1,-1,1,558,87.7,0,-1.0,0,0,0,639,359
1218,16199,16197765,11111,250,-1,-1,1,539,87.8,0,-1.0,0,0,0,639,359
1219,16210,16208876,11111,250,-1,-1,1,543,87.8,0,-1.0,0,0,0,639,359
1220,16221,16219982,11106,250,-1,-1,1,546,87.9,0,-1.0,0,0,0,639,359
1221,16232,16231089,11107,250,-1,-1,1,544,87.8,0,-1.0,0,0,0,639,359
1222,16243,16242199,11110,250,-1,-1,1,542,87.8,0,-1.0,0,0,0,639,359
1223,16254,16253307,11108,250,-1,-1,1,540,87.9,0,-1.0,0,0,0,639,359
1224,16265,16264419,11112,250,-1,-1,1,534,87.9,0,-1.0,0,0,0,639,359
1225,16276,16275530,11111,250,-1,-1,1,536,87.9,1,-1.0,0,0,0,639,359
1226,16287,16286639,11109,250,-1,-1,1,556,88.0,0,-1.0,0,0,0,639,359
1227,16299,16297749,11110,250,-1,-1,1,534,88.0,0,-1.0,0,0,0,639,359
1228,16326,16319954,22205,250,-1,-1,1,608,37.0,0,-1.0,0,0,0,639,359
1229,16332,16331078,11124,250,-1,-1,1,526,60.6,0,-1.0,0,0,0,639,359
1230,16343,16342181,11103,250,-1,-1,1,527,66.7,0,-1.0,0,0,0,639,359
1231,16354,16353293,11112,250,-1,-1,1,534,71.4,0,-1.0,0,0,0,639,359
1232,16365,16364400,11107,250,-1,-1,1,526,74.6,0,-1.0,0,0,0,639,359
1233,16376,16375515,11115,250,-1,-1,1,525,76.9,0,-1.0,0,0,0,639,359
1234,16387,16386618,11103,250,-1,-1,1,527,78.7,1,-1.0,0,0,0,639,359
1235,16399,16397733,11115,250,-1,-1,1,547,80.0,0,-1.0,0,0,0,639,359
1236,16410,16408842,11109,250,-1,-1,1,525,81.1,0,-1.0,0,0,0,639,359
1237,16421,16419951,11109,250,-1,-1,1,630,82.0,0,-1.0,0,0,0,639,359
1238,16432,16431054,11103,250,-1,-1,1,526,82.7,0,-1.0,0,0,0,639,359
1239,16443,16442167,11113,250,-1,-1,1,525,83.3,0,-1.0,0,0,0,639,359
1240,16454,16453273,11106,250,-1,-1,1,528,83.3,0,-1.0,0,0,0,639,359
1241,16465,16464384,11111,250,-1,-1,1,526,83.8,0,-1.0,0,0,0,639,359
1242,16476,16475492,11108,250,-1,-1,1,528,84.3,0,-1.0,0,0,0,639,359
1243,16487,16486602,11110,250,-1,-1,1,527,84.7,1,-1.0,0,0,0,639,359
1244,16499,16497715,11113,250,-1,-1,1,545,85.0,0,-1.0,0,0,0,639,359
1245,16510,16508826,11111,250,-1,-1,1,526,85.3,0,-1.0,0,0,0,639,359
1246,16521,16519931,11105,250,-1,-1,1,524,85.6,0,-1.0,0,0,0,639,359
1247,16532,16531049,11118,250,-1,-1,1,525,85.8,0,-1.0,0,0,0,639,359
1248,16543,16542146,11097,250,-1,-1,1,525,86.1,0,-1.0,0,0,0,639,359
1249,16554,16553259,11113,250,-1,-1,1,525,85.9,0,-1.0,0,0,0,639,359
1250,16565,16564363,11104,250,-1,-1,1,528,86.1,0,-1.0,0,0,0,639,359
1251,16576,16575478,11115,250,-1,-1,1,526,86.3,0,-1.0,0,0,0,639,359
1252,16587,16586584,11106,250,-1,-1,1,527,86.5,1,-1.0,0,0,0,639,359
1253,16599,16597699,11115,250,-1,-1,1,531,86.7,0,-1.0,0,0,0,639,359
1254,16610,16608807,11108,250,-1,-1,1,525,86.8,0,-1.0,0,0,0,639,359
1255,16621,16619919,11112,250,-1,-1,1,527,87.0,0,-1.0,0,0,0,639,359
1256,16632,16631020,11101,250,-1,-1,1,528,87.1,0,-1.0,0,0,0,639,359
1257,16643,16642132,11112,250,-1,-1,1,528,87.2,0,-1.0,0,0,0,639,359
1258,16654,16653240,11108,250,-1,-1,1,525,87.1,0,-1.0,0,0,0,639,359
1259,16665,16664348,11108,250,-1,-1,1,524,87.2,0,-1.0,0,0,0,639,359
1260,16717,16675459,11111,250,-1,-1,1,612,78.8,0,-1.0,0,0,0,639,359
1261,16718,16708773,33314,250,-1,-1,1,784,81.0,1,-1.0,0,0,0,639,359
1262,16721,16719893,11120,250,-1,-1,1,525,82.7,0,-1.0,0,0,0,639,359
1263,16732,16731011,11118,250,-1,-1,1,526,83.1,0,-1.0,0,0,0,639,359
1264,16743,16742112,11101,250,-1,-1,1,526,83.3,0,-1.0,0,0,0,639,359
1265,16754,16753226,11114,250,-1,-1,1,526,83.3,0,-1.0,0,0,0,639,359
1266,16765,16764335,11109,250,-1,-1,1,531,83.5,0,-1.0,0,0,0,639,359
1267,16776,16775439,11104,250,-1,-1,1,557,83.7,0,-1.0,0,0,0,639,359
1268,16787,16786551,11112,250,-1,-1,1,628,83.8,0,-1.0,0,0,0,639,359
1269,16798,16797663,11112,250,-1,-1,1,526,84.0,0,-1.0,0,0,0,639,359
1270,16810,16808772,11109,250,-1,-1,1,525,84.1,1,-1.0,0,0,0,639,359
1271,16821,16819885,11113,250,-1,-1,1,547,84.3,0,-1.0,0,0,0,639,359
1272,16832,16830991,11106,250,-1,-1,1,525,84.4,0,-1.0,0,0,0,639,359
1273,16843,16842155,11164,250,-1,-1,1,629,84.4,0,-1.0,0,0,0,639,359
1274,16854,16853209,11054,250,-1,-1,1,527,84.5,0,-1.0,0,0,0,639,359
1275,16865,16864314,11105,250,-1,-1,1,527,84.7,0,-1.0,0,0,0,639,359
1276,16876,16875425,11111,250,-1,-1,1,526,84.8,0,-1.0,0,0,0,639,359
1277,16887,16886531,11106,250,-1,-1,1,527,84.9,0,-1.0,0,0,0,639,359
1278,16898,16897642,11111,250,-1,-1,1,527,85.0,0,-1.0,0,0,0,639,359
1279,16910,16908752,11110,250,-1,-1,1,524,85.1,1,-1.0,0,0,0,639,359
1280,16921,16919865,11113,250,-1,-1,1,546,85.2,0,-1.0,0,0,0,639,359
1281,16932,16930976,11111,250,-1,-1,1,524,85.3,0,-1.0,0,0,0,639,359
1282,16943,16942082,11106,250,-1,-1,1,526,85.4,0,-1.0,0,0,0,639,359
1283,16954,16953191,11109,250,-1,-1,1,526,85.4,0,-1.0,0,0,0,639,359
1284,16965,16964299,11108,250,-1,-1,1,525,85.5,0,-1.0,0,0,0,639,359
1285,16976,16975407,11108,250,-1,-1,1,527,85.5,0,-1.0,0,0,0,639,359
1286,16987,16986513,11106,250,-1,-1,1,526,85.6,0,-1.0,0,0,0,639,359
1287,16998,16997627,11114,250,-1,-1,1,527,85.7,0,-1.0,0,0,0,639,359
1288,17010,17008733,11106,250,-1,-1,1,529,85.8,1,-1.0,0,0,0,639,359
1289,17021,17019846,11113,250,-1,-1,1,548,85.9,0,-1.0,0,0,0,639,359
1290,17032,17030955,11109,250,-1,-1,1,525,85.9,0,-1.0,0,0,0,639,359
1291,17043,17042108,11153,250,-1,-1,1,637,85.9,0,-1.0,0,0,0,639,359
1292,17054,17053169,11061,250,-1,-1,1,527,86.0,0,-1.0,0,0,0,639,359
1293,17065,17064281,11112,250,-1,-1,1,536,86.0,0,-1.0,0,0,0,639,359
1294,17076,17075387,11106,250,-1,-1,1,538,86.1,0,-1.0,0,0,0,639,359
1295,17087,17086496,11109,250,-1,-1,1,539,86.2,0,-1.0,0,0,0,639,359
1296,17098,17097608,11112,250,-1,-1,1,547,86.2,0,-1.0,0,0,0,639,359
1297,17110,17108719,11111,250,-1,-1,1,554,86.3,1,-1.0,0,0,0,639,359
1298,17121,17119831,11112,250,-1,-1,1,563,86.4,0,-1.0,0,0,0,639,359
1299,17132,17130937,11106,250,-1,-1,1,541,86.3,0,-1.0,0,0,0,639,359
1300,17143,17142045,11108,250,-1,-1,1,539,86.5,0,-1.0,0,0,0,639,359
1301,17154,17153159,11114,250,-1,-1,1,541,86.4,0,-1.0,0,0,0,639,359
1302,17165,17164261,11102,250,-1,-1,1,540,86.5,0,-1.0,0,0,0,639,359
1303,17176,17175372,11111,250,-1,-1,1,573,86.6,0,-1.0,0,0,0,639,359
1304,17187,17186484,11112,250,-1,-1,1,561,86.6,0,-1.0,0,0,0,639,359
1305,17198,17197593,11109,250,-1,-1,1,557,86.7,0,-1.0,0,0,0,639,359
1306,17210,17208700,11107,250,-1,-1,1,562,86.7,1,-1.0,0,0,0,639,359
1307,17221,17219815,11115,250,-1,-1,1,574,86.8,0,-1.0,0,0,0,639,359
1308,17232,17230921,11106,250,-1,-1,1,567,86.7,0,-1.0,0,0,0,639,359
1309,17243,17242125,11204,250,-1,-1,1,671,86.8,0,-1.0,0,0,0,639,359
1310,17254,17253139,11014,250,-1,-1,1,567,86.8,0,-1.0,0,0,0,639,359
1311,17265,17264253,11114,250,-1,-1,1,566,86.9,0,-1.0,0,0,0,639,359
1312,17276,17275356,11103,250,-1,-1,1,551,86.9,0,-1.0,0,0,0,639,359
1313,17287,17286463,11107,250,-1,-1,1,552,87.0,0,-1.0,0,0,0,639,359
1314,17298,17297569,11106,250,-1,-1,1,549,87.0,0,-1.0,0,0,0,639,359
1315,17315,17308684,11115,250,-1,-1,1,578,62.5,1,-1.0,0,0,0,639,359
1316,17321,17319807,11123,250,-1,-1,1,554,90.9,0,-1.0,0,0,0,639,359
1317,17332,17330907,11100,250,-1,-1,1,632,90.9,0,-1.0,0,0,0,639,359
1318,17343,17342011,11104,250,-1,-1,1,625,90.9,0,-1.0,0,0,0,639,359
1319,17354,17353123,11112,250,-1,-1,1,528,90.9,0,-1.0,0,0,0,639,359
1320,17365,17364229,11106,250,-1,-1,1,525,89.6,0,-1.0,0,0,0,639,359
1321,17376,17375341,11112,250,-1,-1,1,527,89.7,0,-1.0,0,0,0,639,359
1322,17387,17386448,11107,250,-1,-1,1,524,89.9,0,-1.0,0,0,0,639,359
1323,17398,17397560,11112,250,-1,-1,1,526,90.0,0,-1.0,0,0,0,639,359
1324,17409,17408665,11105,250,-1,-1,1,524,90.1,1,-1.0,0,0,0,639,359
1325,17421,17419780,11115,250,-1,-1,1,545,90.2,0,-1.0,0,0,0,639,359
1326,17432,17430885,11105,250,-1,-1,1,526,89.6,0,-1.0,0,0,0,639,359
1327,17443,17442001,11116,250,-1,-1,1,524,90.3,0,-1.0,0,0,0,639,359
1328,17454,17453243,11242,250,-1,-1,1,527,89.7,0,-1.0,0,0,0,639,359
1329,17465,17464212,10969,250,-1,-1,1,526,89.8,0,-1.0,0,0,0,639,359
1330,17476,17475320,11108,250,-1,-1,1,527,89.9,0,-1.0,0,0,0,639,359
1331,17487,17486429,11109,250,-1,-1,1,528,89.9,0,-1.0,0,0,0,639,359
1332,17498,17497538,11109,250,-1,-1,1,527,90.0,0,-1.0,0,0,0,639,359
1333,17509,17508649,11111,250,-1,-1,1,525,90.0,1,-1.0,0,0,0,639,359
1334,17521,17519760,11111,250,-1,-1,1,548,90.1,0,-1.0,0,0,0,639,359
1335,17532,17530868,11108,250,-1,-1,1,528,89.7,0,-1.0,0,0,0,639,359
1336,17543,17541980,11112,250,-1,-1,1,525,90.2,0,-1.0,0,0,0,639,359
1337,17554,17553090,11110,250,-1,-1,1,524,90.2,0,-1.0,0,0,0,639,359
1338,17565,17564194,11104,250,-1,-1,1,526,89.9,0,-1.0,0,0,0,639,359
1339,17576,17575303,11109,250,-1,-1,1,528,89.9,0,-1.0,0,0,0,639,359
1340,17587,17586411,11108,250,-1,-1,1,527,90.0,0,-1.0,0,0,0,639,359
1341,17598,17597521,11110,250,-1,-1,1,528,90.0,0,-1.0,0,0,0,639,359
1342,17609,17608630,11109,250,-1,-1,1,528,90.0,1,-1.0,0,0,0,639,359
1343,17621,17619746,11116,250,-1,-1,1,528,90.1,0,-1.0,0,0,0,639,359
1344,17632,17630852,11106,250,-1,-1,1,525,90.1,0,-1.0,0,0,0,639,359
1345,17643,17641964,11112,250,-1,-1,1,525,90.1,0,-1.0,0,0,0,639,359
1346,17654,17653070,11106,250,-1,-1,1,525,90.1,0,-1.0,0,0,0,639,359
1347,17665,17664177,11107,250,-1,-1,1,526,89.9,0,-1.0,0,0,0,639,359
1348,17676,17675285,11108,250,-1,-1,1,526,89.9,0,-1.0,0,0,0,639,359
1349,17687,17686399,11114,250,-1,-1,1,525,90.0,0,-1.0,0,0,0,639,359
1350,17739,17697505,11106,250,-1,-1,1,613,81.6,0,-1.0,0,0,0,639,359
1351,17740,17730818,33313,250,-1,-1,1,786,83.7,1,-1.0,0,0,0,639,359
1352,17743,17741934,11116,250,-1,-1,1,524,85.4,0,-1.0,0,0,0,639,359
1353,17754,17753056,11122,250,-1,-1,1,545,85.7,0,-1.0,0,0,0,639,359
1354,17765,17764163,11107,250,-1,-1,1,525,85.7,0,-1.0,0,0,0,639,359
1355,17776,17775277,11114,250,-1,-1,1,524,85.8,0,-1.0,0,0,0,639,359
1356,17787,17786384,11107,250,-1,-1,1,544,85.9,0,-1.0,0,0,0,639,359
1357,17798,17797498,11114,250,-1,-1,1,553,86.0,0,-1.0,0,0,0,639,359
1358,17809,17808597,11099,250,-1,-1,1,573,86.1,0,-1.0,0,0,0,639,359
1359,17821,17819713,11116,250,-1,-1,1,525,86.2,0,-1.0,0,0,0,639,359
1360,17832,17830813,11100,250,-1,-1,1,525,86.3,1,-1.0,0,0,0,639,359
1361,17843,17841929,11116,250,-1,-1,1,544,86.4,0,-1.0,0,0,0,639,359
1362,17854,17853034,11105,250,-1,-1,1,542,86.3,0,-1.0,0,0,0,639,359
1363,17865,17864149,11115,250,-1,-1,1,525,86.4,0,-1.0,0,0,0,639,359
1364,17876,17875258,11109,250,-1,-1,1,526,86.5,0,-1.0,0,0,0,639,359
1365,17887,17886361,11103,250,-1,-1,1,530,86.6,0,-1.0,0,0,0,639,359
1366,17898,17897471,11110,250,-1,-1,1,527,86.7,0,-1.0,0,0,0,639,359
1367,17909,17908582,11111,250,-1,-1,1,525,86.7,0,-1.0,0,0,0,639,359
1368,17921,17919686,11104,250,-1,-1,1,527,86.8,0,-1.0,0,0,0,639,359
1369,17932,17930800,11114,250,-1,-1,1,527,86.9,1,-1.0,0,0,0,639,359
1370,17943,17941908,11108,250,-1,-1,1,526,87.0,0,-1.0,0,0,0,639,359
1371,17954,17953017,11109,250,-1,-1,1,524,86.9,0,-1.0,0,0,0,639,359
1372,17965,17964130,11113,250,-1,-1,1,527,87.1,0,-1.0,0,0,0,639,359
1373,17976,17975262,11132,250,-1,-1,1,527,87.0,0,-1.0,0,0,0,639,359
1374,17987,17986346,11084,250,-1,-1,1,525,87.1,0,-1.0,0,0,0,639,359
1375,17998,17997455,11109,250,-1,-1,1,525,87.1,0,-1.0,0,0,0,639,359
1376,18009,18008562,11107,250,-1,-1,1,525,87.2,0,-1.0,0,0,0,639,359
1377,18020,18019672,11110,250,-1,-1,1,526,87.3,0,-1.0,0,0,0,639,359
1378,18032,18030780,11108,250,-1,-1,1,529,87.3,1,-1.0,0,0,0,639,359
1379,18043,18041896,11116,250,-1,-1,1,535,87.4,0,-1.0,0,0,0,639,359
1380,18054,18053004,11108,250,-1,-1,1,525,87.3,0,-1.0,0,0,0,639,359
1381,18065,18064110,11106,250,-1,-1,1,526,87.5,0,-1.0,0,0,0,639,359
1382,18076,18075218,11108,250,-1,-1,1,527,87.4,0,-1.0,0,0,0,639,359
1383,18087,18086326,11108,250,-1,-1,1,525,87.5,0,-1.0,0,0,0,639,359
1384,18098,18097434,11108,250,-1,-1,1,526,87.5,0,-1.0,0,0,0,639,359
1385,18109,18108548,11114,250,-1,-1,1,525,87.5,0,-1.0,0,0,0,639,359
1386,18120,18119655,11107,250,-1,-1,1,526,87.6,0,-1.0,0,0,0,639,359
1387,18132,18130765,11110,250,-1,-1,1,525,87.6,1,-1.0,0,0,0,639,359
1388,18143,18141873,11108,250,-1,-1,1,548,87.7,0,-1.0,0,0,0,639,359
1389,18154,18152986,11113,250,-1,-1,1,524,87.6,0,-1.0,0,0,0,639,359
1390,18165,18164094,11108,250,-1,-1,1,527,87.8,0,-1.0,0,0,0,639,359
1391,18176,18175205,11111,250,-1,-1,1,529,87.7,0,-1.0,0,0,0,639,359
1392,18187,18186308,11103,250,-1,-1,1,527,87.7,0,-1.0,0,0,0,639,359
1393,18198,18197418,11110,250,-1,-1,1,526,87.8,0,-1.0,0,0,0,639,359
1394,18209,18208528,11110,250,-1,-1,1,527,87.8,0,-1.0,0,0,0,639,359
1395,18220,18219635,11107,250,-1,-1,1,525,87.9,0,-1.0,0,0,0,639,359
1396,18232,18230746,11111,250,-1,-1,1,526,87.9,1,-1.0,0,0,0,639,359
1397,18243,18241861,11115,250,-1,-1,1,545,87.9,0,-1.0,0,0,0,639,359
1398,18254,18252969,11108,250,-1,-1,1,525,87.9,0,-1.0,0,0,0,639,359
1399,18265,18264082,11113,250,-1,-1,1,525,88.0,0,-1.0,0,0,0,639,359
1400,18276,18275184,11102,250,-1,-1,1,526,87.9,0,-1.0,0,0,0,639,359
1401,18287,18286292,11108,250,-1,-1,1,528,88.0,0,-1.0,0,0,0,639,359
1402,18298,18297398,11106,250,-1,-1,1,526,88.0,0,-1.0,0,0,0,639,359
1403,18313,18308513,11115,250,-1,-1,1,526,66.7,0,-1.0,0,0,0,639,359
1404,18320,18319620,11107,250,-1,-1,1,527,90.9,0,-1.0,0,0,0,639,359
1405,18332,18330729,11109,250,-1,-1,1,527,90.9,1,-1.0,0,0,0,639,359
1406,18343,18341842,11113,250,-1,-1,1,549,90.9,0,-1.0,0,0,0,639,359
1407,18354,18352953,11111,250,-1,-1,1,524,89.3,0,-1.0,0,0,0,639,359
1408,18365,18364059,11106,250,-1,-1,1,549,90.9,0,-1.0,0,0,0,639,359
1409,18376,18375170,11111,250,-1,-1,1,525,90.9,0,-1.0,0,0,0,639,359
1410,18387,18386277,11107,250,-1,-1,1,525,89.9,0,-1.0,0,0,0,639,359
1411,18398,18397383,11106,250,-1,-1,1,526,90.0,0,-1.0,0,0,0,639,359
1412,18409,18408494,11111,250,-1,-1,1,525,90.1,0,-1.0,0,0,0,639,359
1413,18420,18419601,11107,250,-1,-1,1,527,90.2,0,-1.0,0,0,0,639,359
1414,18432,18430712,11111,250,-1,-1,1,527,90.2,1,-1.0,0,0,0,639,359
1415,18443,18441824,11112,250,-1,-1,1,537,90.3,0,-1.0,0,0,0,639,359
1416,18454,18452934,11110,250,-1,-1,1,524,89.7,0,-1.0,0,0,0,639,359
1417,18465,18464047,11113,250,-1,-1,1,636,89.8,0,-1.0,0,0,0,639,359
1418,18476,18475148,11101,250,-1,-1,1,526,90.4,0,-1.0,0,0,0,639,359
1419,18487,18486258,11110,250,-1,-1,1,525,89.9,0,-1.0,0,0,0,639,359
1420,18498,18497368,11110,250,-1,-1,1,526,90.0,0,-1.0,0,0,0,639,359
1421,18509,18508477,11109,250,-1,-1,1,527,90.0,0,-1.0,0,0,0,639,359
1422,18520,18519586,11109,250,-1,-1,1,525,90.1,0,-1.0,0,0,0,639,359
1423,18532,18530697,11111,250,-1,-1,1,525,90.1,1,-1.0,0,0,0,639,359
1424,18543,18541806,11109,250,-1,-1,1,546,90.2,0,-1.0,0,0,0,639,359
1425,18554,18552917,11111,250,-1,-1,1,523,89.8,0,-1.0,0,0,0,639,359
1426,18565,18564021,11104,250,-1,-1,1,633,89.9,0,-1.0,0,0,0,639,359
1427,18576,18575135,11114,250,-1,-1,1,527,90.3,0,-1.0,0,0,0,639,359
1428,18587,18586240,11105,250,-1,-1,1,526,90.0,0,-1.0,0,0,0,639,359
1429,18598,18597354,11114,250,-1,-1,1,526,90.0,0,-1.0,0,0,0,639,359
1430,18609,18608460,11106,250,-1,-1,1,528,90.0,0,-1.0,0,0,0,639,359
1431,18620,18619567,11107,250,-1,-1,1,526,90.1,0,-1.0,0,0,0,639,359
1432,18631,18630674,11107,250,-1,-1,1,526,90.1,1,-1.0,0,0,0,639,359
1433,18643,18641793,11119,250,-1,-1,1,546,90.1,0,-1.0,0,0,0,639,359
1434,18654,18652899,11106,250,-1,-1,1,526,89.9,0,-1.0,0,0,0,639,359
1435,18665,18664008,11109,250,-1,-1,1,526,90.2,0,-1.0,0,0,0,639,359
1436,18676,18675251,11243,250,-1,-1,1,525,89.9,0,-1.0,0,0,0,639,359
1437,18687,18686224,10973,250,-1,-1,1,525,90.0,0,-1.0,0,0,0,639,359
1438,18698,18697333,11109,250,-1,-1,1,528,90.0,0,-1.0,0,0,0,639,359
1439,18709,18708441,11108,250,-1,-1,1,527,90.0,0,-1.0,0,0,0,639,359
1440,18765,18719551,11110,250,-1,-1,1,607,81.4,0,-1.0,0,0,0,639,359
1441,18766,18763973,44422,250,-1,-1,1,596,83.3,1,-1.0,0,0,0,639,359
1442,18776,18775102,11129,250,-1,-1,1,526,83.9,0,-1.0,0,0,0,639,359
1443,18787,18786207,11105,250,-1,-1,1,525,83.8,0,-1.0,0,0,0,639,359
1444,18798,18797317,11110,250,-1,-1,1,631,84.0,0,-1.0,0,0,0,639,359
1445,18809,18808432,11115,250,-1,-1,1,550,84.1,0,-1.0,0,0,0,639,359
1446,18820,18819541,11109,250,-1,-1,1,629,84.3,0,-1.0,0,0,0,639,359
1447,18831,18830647,11106,250,-1,-1,1,631,84.4,0,-1.0,0,0,0,639,359
1448,18843,18841757,11110,250,-1,-1,1,527,84.6,0,-1.0,0,0,0,639,359
1449,18854,18852860,11103,250,-1,-1,1,530,84.7,0,-1.0,0,0,0,639,359
1450,18865,18863970,11110,250,-1,-1,1,527,84.8,1,-1.0,0,0,0,639,359
1451,18876,18875083,11113,250,-1,-1,1,538,84.9,0,-1.0,0,0,0,639,359
1452,18887,18886197,11114,250,-1,-1,1,524,84.9,0,-1.0,0,0,0,639,359
1453,18898,18897303,11106,250,-1,-1,1,526,85.0,0,-1.0,0,0,0,639,359
1454,18909,18908408,11105,250,-1,-1,1,525,85.1,0,-1.0,0,0,0,639,359
1455,18920,18919517,11109,250,-1,-1,1,527,85.2,0,-1.0,0,0,0,639,359
1456,18931,18930629,11112,250,-1,-1,1,526,85.3,0,-1.0,0,0,0,639,359
1457,18943,18941737,11108,250,-1,-1,1,525,85.4,0,-1.0,0,0,0,639,359
1458,18954,18952849,11112,250,-1,-1,1,525,85.5,0,-1.0,0,0,0,639,359
1459,18965,18963956,11107,250,-1,-1,1,526,85.6,1,-1.0,0,0,0,639,359
1460,18976,18975066,11110,250,-1,-1,1,548,85.7,0,-1.0,0,0,0,639,359
1461,18988,18986173,11107,250,-1,-1,1,525,85.6,0,-1.0,0,0,0,639,359
1462,18998,18997282,11109,250,-1,-1,1,524,85.7,0,-1.0,0,0,0,639,359
1463,19009,19008477,11195,250,-1,-1,1,528,85.8,0,-1.0,0,0,0,639,359
1464,19020,19019505,11028,250,-1,-1,1,527,85.9,0,-1.0,0,0,0,639,359
1465,19031,19030608,11103,250,-1,-1,1,528,85.9,0,-1.0,0,0,0,639,359
1466,19043,19041720,11112,250,-1,-1,1,528,86.0,0,-1.0,0,0,0,639,359
1467,19054,19052827,11107,250,-1,-1,1,525,86.1,0,-1.0,0,0,0,639,359
1468,19065,19063941,11114,250,-1,-1,1,525,86.2,1,-1.0,0,0,0,639,359
1469,19076,19075049,11108,250,-1,-1,1,546,86.2,0,-1.0,0,0,0,639,359
1470,19088,19086164,11115,250,-1,-1,1,527,86.2,0,-1.0,0,0,0,639,359
1471,19098,19097267,11103,250,-1,-1,1,524,86.2,0,-1.0,0,0,0,639,359
1472,19109,19108375,11108,250,-1,-1,1,525,86.3,0,-1.0,0,0,0,639,359
1473,19120,19119481,11106,250,-1,-1,1,526,86.4,0,-1.0,0,0,0,639,359
1474,19131,19130594,11113,250,-1,-1,1,527,86.4,0,-1.0,0,0,0,639,359
1475,19143,19141699,11105,250,-1,-1,1,526,86.5,0,-1.0,0,0,0,639,359
1476,19154,19152811,11112,250,-1,-1,1,528,86.5,0,-1.0,0,0,0,639,359
1477,19165,19163921,11110,250,-1,-1,1,527,86.6,1,-1.0,0,0,0,639,359
1478,19176,19175032,11111,250,-1,-1,1,547,86.7,0,-1.0,0,0,0,639,359
1479,19188,19186140,11108,250,-1,-1,1,527,86.6,0,-1.0,0,0,0,639,359
1480,19198,19197251,11111,250,-1,-1,1,524,86.7,0,-1.0,0,0,0,639,359
1481,19209,19208354,11103,250,-1,-1,1,526,86.7,0,-1.0,0,0,0,639,359
1482,19220,19219468,11114,250,-1,-1,1,526,86.8,0,-1.0,0,0,0,639,359
1483,19231,19230575,11107,250,-1,-1,1,529,86.8,0,-1.0,0,0,0,639,359
1484,19242,19241685,11110,250,-1,-1,1,528,86.9,0,-1.0,0,0,0,639,359
1485,19254,19252794,11109,250,-1,-1,1,527,86.9,0,-1.0,0,0,0,639,359
1486,19265,19263903,11109,250,-1,-1,1,527,87.0,1,-1.0,0,0,0,639,359
1487,19276,19275013,11110,250,-1,-1,1,528,87.0,0,-1.0,0,0,0,639,359
1488,19288,19286125,11112,250,-1,-1,1,525,87.0,0,-1.0,0,0,0,639,359
1489,19298,19297231,11106,250,-1,-1,1,525,87.0,0,-1.0,0,0,0,639,359
1490,19321,19319442,22211,250,-1,-1,1,525,45.5,0,-1.0,0,0,0,639,359
1491,19331,19330560,11118,250,-1,-1,1,525,60.6,0,-1.0,0,0,0,639,359
1492,19342,19341669,11109,250,-1,-1,1,525,68.2,0,-1.0,0,0,0,639,359
1493,19354,19352777,11108,250,-1,-1,1,527,72.7,0,-1.0,0,0,0,639,359
1494,19365,19363887,11110,250,-1,-1,1,527,75.8,0,-1.0,0,0,0,639,359
1495,19376,19374991,11104,250,-1,-1,1,525,77.9,1,-1.0,0,0,0,639,359
1496,19387,19386108,11117,250,-1,-1,1,534,79.5,0,-1.0,0,0,0,639,359
1497,19398,19397214,11106,250,-1,-1,1,524,80.0,0,-1.0,0,0,0,639,359
1498,19409,19408320,11106,250,-1,-1,1,524,81.1,0,-1.0,0,0,0,639,359
1499,19420,19419432,11112,250,-1,-1,1,526,82.0,0,-1.0,0,0,0,639,359
1500,19431,19430535,11103,250,-1,-1,1,525,82.7,0,-1.0,0,0,0,639,359
1501,19442,19441653,11118,250,-1,-1,1,526,83.3,0,-1.0,0,0,0,639,359
1502,19454,19452758,11105,250,-1,-1,1,525,83.9,0,-1.0,0,0,0,639,359
1503,19465,19463872,11114,250,-1,-1,1,525,84.3,0,-1.0,0,0,0,639,359
1504,19476,19474981,11109,250,-1,-1,1,525,84.7,1,-1.0,0,0,0,639,359
1505,19487,19486092,11111,250,-1,-1,1,545,85.1,0,-1.0,0,0,0,639,359
1506,19498,19497195,11103,250,-1,-1,1,528,85.0,0,-1.0,0,0,0,639,359
1507,19509,19508309,11114,250,-1,-1,1,631,85.3,0,-1.0,0,0,0,639,359
1508,19520,19519415,11106,250,-1,-1,1,525,85.6,0,-1.0,0,0,0,639,359
1509,19531,19530525,11110,250,-1,-1,1,526,85.8,0,-1.0,0,0,0,639,359
1510,19542,19541633,11108,250,-1,-1,1,527,86.1,0,-1.0,0,0,0,639,359
1511,19554,19552741,11108,250,-1,-1,1,526,86.3,0,-1.0,0,0,0,639,359
1512,19565,19563853,11112,250,-1,-1,1,526,86.5,0,-1.0,0,0,0,639,359
1513,19576,19574959,11106,250,-1,-1,1,526,86.6,1,-1.0,0,0,0,639,359
1514,19587,19586070,11111,250,-1,-1,1,527,86.8,0,-1.0,0,0,0,639,359
1515,19598,19597182,11112,250,-1,-1,1,526,86.7,0,-1.0,0,0,0,639,359
1516,19609,19608290,11108,250,-1,-1,1,526,86.8,0,-1.0,0,0,0,639,359
1517,19620,19619402,11112,250,-1,-1,1,526,87.0,0,-1.0,0,0,0,639,359
1518,19631,19630506,11104,250,-1,-1,1,525,87.1,0,-1.0,0,0,0,639,359
1519,19642,19641617,11111,250,-1,-1,1,525,87.2,0,-1.0,0,0,0,639,359
1520,19654,19652725,11108,250,-1,-1,1,526,87.3,0,-1.0,0,0,0,639,359
1521,19665,19663837,11112,250,-1,-1,1,526,87.4,0,-1.0,0,0,0,639,359
1522,19676,19674942,11105,250,-1,-1,1,527,87.5,1,-1.0,0,0,0,639,359
1523,19687,19686057,11115,250,-1,-1,1,539,87.6,0,-1.0,0,0,0,639,359
1524,19699,19697164,11107,250,-1,-1,1,524,87.5,0,-1.0,0,0,0,639,359
1525,19709,19708271,11107,250,-1,-1,1,526,87.6,0,-1.0,0,0,0,639,359
1526,19720,19719384,11113,250,-1,-1,1,526,87.7,0,-1.0,0,0,0,639,359
1527,19731,19730488,11104,250,-1,-1,1,525,87.8,0,-1.0,0,0,0,639,359
1528,19742,19741600,11112,250,-1,-1,1,527,87.8,0,-1.0,0,0,0,639,359
1529,19754,19752708,11108,250,-1,-1,1,529,87.9,0,-1.0,0,0,0,639,359
1530,19812,19763812,11104,250,-1,-1,1,610,79.8,0,-1.0,0,0,0,639,359
1531,19813,19808237,44425,250,-1,-1,1,599,81.6,1,-1.0,0,0,0,639,359
1532,19820,19819375,11138,250,-1,-1,1,528,82.4,0,-1.0,0,0,0,639,359
1533,19831,19830476,11101,250,-1,-1,1,536,82.6,0,-1.0,0,0,0,639,359
1534,19842,19841584,11108,250,-1,-1,1,525,82.7,0,-1.0,0,0,0,639,359
1535,19854,19852692,11108,250,-1,-1,1,524,82.9,0,-1.0,0,0,0,639,359
1536,19865,19863806,11114,250,-1,-1,1,537,83.0,0,-1.0,0,0,0,639,359
1537,19876,19874912,11106,250,-1,-1,1,525,83.2,0,-1.0,0,0,0,639,359
1538,19887,19886023,11111,250,-1,-1,1,525,83.2,0,-1.0,0,0,0,639,359
1539,19898,19897132,11109,250,-1,-1,1,527,83.5,0,-1.0,0,0,0,639,359
1540,19909,19908239,11107,250,-1,-1,1,527,83.5,1,-1.0,0,0,0,639,359
1541,19920,19919347,11108,250,-1,-1,1,546,83.6,0,-1.0,0,0,0,639,359
1542,19932,19930460,11113,250,-1,-1,1,527,83.7,0,-1.0,0,0,0,639,359
1543,19942,19941570,11110,250,-1,-1,1,526,83.9,0,-1.0,0,0,0,639,359
1544,19954,19952678,11108,250,-1,-1,1,525,84.0,0,-1.0,0,0,0,639,359
1545,19965,19963783,11105,250,-1,-1,1,525,84.1,0,-1.0,0,0,0,639,359
1546,19976,19974898,11115,250,-1,-1,1,525,84.2,0,-1.0,0,0,0,639,359
1547,19987,19986001,11103,250,-1,-1,1,527,84.3,0,-1.0,0,0,0,639,359
1548,19998,19997113,11112,250,-1,-1,1,528,84.4,0,-1.0,0,0,0,639,359
1549,20009,20008219,11106,250,-1,-1,1,527,84.4,1,-1.0,0,0,0,639,359
1550,20020,20019331,11112,250,-1,-1,1,529,84.5,0,-1.0,0,0,0,639,359
1551,20032,20030439,11108,250,-1,-1,1,528,84.6,0,-1.0,0,0,0,639,359
1552,20042,20041548,11109,250,-1,-1,1,526,84.7,0,-1.0,0,0,0,639,359
1553,20054,20052659,11111,250,-1,-1,1,523,84.8,0,-1.0,0,0,0,639,359
1554,20065,20063769,11110,250,-1,-1,1,525,84.9,0,-1.0,0,0,0,639,359
1555,20076,20074876,11107,250,-1,-1,1,525,84.9,0,-1.0,0,0,0,639,359
1556,20087,20085983,11107,250,-1,-1,1,525,85.0,0,-1.0,0,0,0,639,359
1557,20098,20097091,11108,250,-1,-1,1,526,85.1,0,-1.0,0,0,0,639,359
1558,20109,20108200,11109,250,-1,-1,1,527,85.1,1,-1.0,0,0,0,639,359
1559,20120,20119313,11113,250,-1,-1,1,539,85.2,0,-1.0,0,0,0,639,359
1560,20132,20130426,11113,250,-1,-1,1,524,85.2,0,-1.0,0,0,0,639,359
1561,20142,20141532,11106,250,-1,-1,1,640,85.3,0,-1.0,0,0,0,639,359
1562,20153,20152642,11110,250,-1,-1,1,526,85.4,0,-1.0,0,0,0,639,359
1563,20165,20163744,11102,250,-1,-1,1,527,85.5,0,-1.0,0,0,0,639,359
1564,20177,20174861,11117,250,-1,-1,1,526,85.3,0,-1.0,0,0,0,639,359
1565,20187,20185968,11107,250,-1,-1,1,526,85.6,0,-1.0,0,0,0,639,359
1566,20198,20197080,11112,250,-1,-1,1,526,85.7,0,-1.0,0,0,0,639,359
1567,20209,20208184,11104,250,-1,-1,1,524,85.6,1,-1.0,0,0,0,639,359
1568,20220,20219300,11116,250,-1,-1,1,547,85.7,0,-1.0,0,0,0,639,359
1569,20232,20230404,11104,250,-1,-1,1,523,85.7,0,-1.0,0,0,0,639,359
1570,20242,20241518,11114,250,-1,-1,1,528,85.8,0,-1.0,0,0,0,639,359
1571,20253,20252623,11105,250,-1,-1,1,525,85.9,0,-1.0,0,0,0,639,359
1572,20265,20263731,11108,250,-1,-1,1,529,85.9,0,-1.0,0,0,0,639,359
1573,20276,20274841,11110,250,-1,-1,1,529,86.0,0,-1.0,0,0,0,639,359
1574,20287,20285957,11116,250,-1,-1,1,528,86.0,0,-1.0,0,0,0,639,359
1575,20298,20297056,11099,250,-1,-1,1,527,86.1,0,-1.0,0,0,0,639,359
1576,20309,20308169,11113,250,-1,-1,1,525,86.1,1,-1.0,0,0,0,639,359
1577,20356,20352765,44596,250,-1,-1,1,524,21.3,0,-1.0,0,0,0,639,359
1578,20365,20363716,10951,250,-1,-1,1,526,36.4,0,-1.0,0,0,0,639,359
1579,20376,20374821,11105,250,-1,-1,1,528,45.5,0,-1.0,0,0,0,639,359
1580,20387,20385932,11111,250,-1,-1,1,528,51.9,0,-1.0,0,0,0,639,359
1581,20398,20397039,11107,250,-1,-1,1,527,56.8,0,-1.0,0,0,0,639,359
1582,20409,20408146,11107,250,-1,-1,1,528,60.0,0,-1.0,0,0,0,639,359
1583,20420,20419256,11110,250,-1,-1,1,529,63.1,0,-1.0,0,0,0,639,359
1584,20431,20430370,11114,250,-1,-1,1,526,65.6,0,-1.0,0,0,0,639,359
1585,20442,20441479,11109,250,-1,-1,1,525,67.7,1,-1.0,0,0,0,639,359
1586,20453,20452589,11110,250,-1,-1,1,548,69.4,0,-1.0,0,0,0,639,359
1587,20465,20463701,11112,250,-1,-1,1,545,71.0,0,-1.0,0,0,0,639,359
1588,20476,20474807,11106,250,-1,-1,1,525,72.3,0,-1.0,0,0,0,639,359
1589,20487,20485917,11110,250,-1,-1,1,524,73.4,0,-1.0,0,0,0,639,359
1590,20498,20497024,11107,250,-1,-1,1,526,74.5,0,-1.0,0,0,0,639,359
1591,20509,20508136,11112,250,-1,-1,1,528,75.0,0,-1.0,0,0,0,639,359
1592,20520,20519241,11105,250,-1,-1,1,527,75.8,0,-1.0,0,0,0,639,359
1593,20531,20530353,11112,250,-1,-1,1,529,76.6,0,-1.0,0,0,0,639,359
1594,20542,20541461,11108,250,-1,-1,1,527,77.3,1,-1.0,0,0,0,639,359
1595,20553,20552573,11112,250,-1,-1,1,546,77.9,0,-1.0,0,0,0,639,359
1596,20565,20563681,11108,250,-1,-1,1,528,78.4,0,-1.0,0,0,0,639,359
1597,20576,20574788,11107,250,-1,-1,1,526,78.9,0,-1.0,0,0,0,639,359
1598,20587,20585898,11110,250,-1,-1,1,524,79.4,0,-1.0,0,0,0,639,359
1599,20598,20597014,11116,250,-1,-1,1,525,79.9,0,-1.0,0,0,0,639,359
1600,20609,20608116,11102,250,-1,-1,1,525,80.3,0,-1.0,0,0,0,639,359
1601,20620,20619227,11111,250,-1,-1,1,524,80.4,0,-1.0,0,0,0,639,359
1602,20631,20630333,11106,250,-1,-1,1,525,80.7,0,-1.0,0,0,0,639,359
1603,20642,20641445,11112,250,-1,-1,1,526,81.1,1,-1.0,0,0,0,639,359
1604,20653,20652558,11113,250,-1,-1,1,542,81.4,0,-1.0,0,0,0,639,359
1605,20665,20663666,11108,250,-1,-1,1,525,81.5,0,-1.0,0,0,0,639,359
1606,20676,20674775,11109,250,-1,-1,1,527,82.0,0,-1.0,0,0,0,639,359
1607,20687,20685967,11192,250,-1,-1,1,525,82.2,0,-1.0,0,0,0,639,359
1608,20698,20696985,11018,250,-1,-1,1,525,82.5,0,-1.0,0,0,0,639,359
1609,20709,20708099,11114,250,-1,-1,1,528,82.7,0,-1.0,0,0,0,639,359
1610,20720,20719212,11113,250,-1,-1,1,526,82.7,0,-1.0,0,0,0,639,359
1611,20731,20730319,11107,250,-1,-1,1,526,82.9,0,-1.0,0,0,0,639,359
1612,20742,20741427,11108,250,-1,-1,1,524,83.1,1,-1.0,0,0,0,639,359
1613,20753,20752541,11114,250,-1,-1,1,547,83.3,0,-1.0,0,0,0,639,359
1614,20765,20763645,11104,250,-1,-1,1,526,83.3,0,-1.0,0,0,0,639,359
1615,20776,20774755,11110,250,-1,-1,1,525,83.7,0,-1.0,0,0,0,639,359
1616,20787,20785862,11107,250,-1,-1,1,600,83.9,0,-1.0,0,0,0,639,359
1617,20798,20796975,11113,250,-1,-1,1,525,84.0,0,-1.0,0,0,0,639,359
1618,20809,20808081,11106,250,-1,-1,1,525,84.2,0,-1.0,0,0,0,639,359
1619,20820,20819197,11116,250,-1,-1,1,526,84.1,0,-1.0,0,0,0,639,359
1620,20880,20830301,11104,250,-1,-1,1,609,77.2,0,-1.0,0,0,0,639,359
1621,20880,20874722,44421,250,-1,-1,1,602,78.8,1,-1.0,0,0,0,639,359
1622,20887,20885860,11138,250,-1,-1,1,530,79.7,0,-1.0,0,0,0,639,359
1623,20898,20896956,11096,250,-1,-1,1,532,79.9,0,-1.0,0,0,0,639,359
1624,20909,20908067,11111,250,-1,-1,1,526,80.1,0,-1.0,0,0,0,639,359
1625,20920,20919172,11105,250,-1,-1,1,547,80.2,0,-1.0,0,0,0,639,359
1626,20931,20930286,11114,250,-1,-1,1,544,80.4,0,-1.0,0,0,0,639,359
1627,20943,20941397,11111,250,-1,-1,1,525,80.6,0,-1.0,0,0,0,639,359
1628,20953,20952506,11109,250,-1,-1,1,527,80.7,0,-1.0,0,0,0,639,359
1629,20964,20963615,11109,250,-1,-1,1,528,80.9,0,-1.0,0,0,0,639,359
1630,20976,20974720,11105,250,-1,-1,1,527,81.1,1,-1.0,0,0,0,639,359
1631,20987,20985830,11110,250,-1,-1,1,579,81.2,0,-1.0,0,0,0,639,359
1632,20998,20996945,11115,250,-1,-1,1,525,81.3,0,-1.0,0,0,0,639,359
1633,21009,21008049,11104,250,-1,-1,1,525,81.5,0,-1.0,0,0,0,639,359
1634,21020,21019155,11106,250,-1,-1,1,528,81.6,0,-1.0,0,0,0,639,359
1635,21031,21030264,11109,250,-1,-1,1,525,81.7,0,-1.0,0,0,0,639,359
1636,21042,21041378,11114,250,-1,-1,1,526,81.9,0,-1.0,0,0,0,639,359
1637,21053,21052483,11105,250,-1,-1,1,525,82.0,0,-1.0,0,0,0,639,359
1638,21064,21063594,11111,250,-1,-1,1,524,82.1,0,-1.0,0,0,0,639,359
1639,21075,21074702,11108,250,-1,-1,1,525,82.2,1,-1.0,0,0,0,639,359
1640,21087,21085819,11117,250,-1,-1,1,592,82.4,0,-1.0,0,0,0,639,359
1641,21098,21096926,11107,250,-1,-1,1,527,82.4,0,-1.0,0,0,0,639,359
1642,21109,21108034,11108,250,-1,-1,1,630,82.5,0,-1.0,0,0,0,639,359
1643,21120,21119141,11107,250,-1,-1,1,526,82.7,0,-1.0,0,0,0,639,359
1644,21131,21130250,11109,250,-1,-1,1,528,82.7,0,-1.0,0,0,0,639,359
1645,21142,21141357,11107,250,-1,-1,1,526,82.8,0,-1.0,0,0,0,639,359
1646,21153,21152470,11113,250,-1,-1,1,525,82.9,0,-1.0,0,0,0,639,359
1647,21164,21163578,11108,250,-1,-1,1,526,83.0,0,-1.0,0,0,0,639,359
1648,21175,21174687,11109,250,-1,-1,1,525,83.1,1,-1.0,0,0,0,639,359
1649,21187,21185799,11112,250,-1,-1,1,588,83.2,0,-1.0,0,0,0,639,359
1650,21198,21196906,11107,250,-1,-1,1,524,83.2,0,-1.0,0,0,0,639,359
1651,21209,21208015,11109,250,-1,-1,1,545,83.4,0,-1.0,0,0,0,639,359
1652,21220,21219146,11131,250,-1,-1,1,526,83.5,0,-1.0,0,0,0,639,359
1653,21231,21230232,11086,250,-1,-1,1,527,83.5,0,-1.0,0,0,0,639,359
1654,21242,21241342,11110,250,-1,-1,1,527,83.6,0,-1.0,0,0,0,639,359
1655,21253,21252449,11107,250,-1,-1,1,528,83.7,0,-1.0,0,0,0,639,359
1656,21264,21263559,11110,250,-1,-1,1,526,83.8,0,-1.0,0,0,0,639,359
1657,21275,21274665,11106,250,-1,-1,1,525,83.9,1,-1.0,0,0,0,639,359
1658,21287,21285785,11120,250,-1,-1,1,546,83.9,0,-1.0,0,0,0,639,359
1659,21298,21296886,11101,250,-1,-1,1,525,83.9,0,-1.0,0,0,0,639,359
1660,21309,21307996,11110,250,-1,-1,1,527,84.1,0,-1.0,0,0,0,639,359
1661,21320,21319181,11185,250,-1,-1,1,527,84.1,0,-1.0,0,0,0,639,359
1662,21331,21330217,11036,250,-1,-1,1,526,90.9,0,-1.0,0,0,0,639,359
1663,21342,21341327,11110,250,-1,-1,1,528,90.9,0,-1.0,0,0,0,639,359
1664,21353,21352433,11106,250,-1,-1,1,528,90.9,0,-1.0,0,0,0,639,359
1665,21364,21363544,11111,250,-1,-1,1,538,90.9,0,-1.0,0,0,0,639,359
1666,21375,21374654,11110,250,-1,-1,1,525,90.9,1,-1.0,0,0,0,639,359
1667,21387,21385765,11111,250,-1,-1,1,548,90.9,0,-1.0,0,0,0,639,359
1668,21398,21396877,11112,250,-1,-1,1,526,89.7,0,-1.0,0,0,0,639,359
1669,21409,21407985,11108,250,-1,-1,1,525,90.9,0,-1.0,0,0,0,639,359
1670,21420,21419093,11108,250,-1,-1,1,639,90.0,0,-1.0,0,0,0,639,359
1671,21431,21430205,11112,250,-1,-1,1,526,90.1,0,-1.0,0,0,0,639,359
1672,21442,21441314,11109,250,-1,-1,1,524,90.2,0,-1.0,0,0,0,639,359
1673,21453,21452413,11099,250,-1,-1,1,525,90.2,0,-1.0,0,0,0,639,359
1674,21464,21463525,11112,250,-1,-1,1,525,90.3,0,-1.0,0,0,0,639,359
1675,21475,21474633,11108,250,-1,-1,1,527,90.3,1,-1.0,0,0,0,639,359
1676,21487,21485748,11115,250,-1,-1,1,546,90.4,0,-1.0,0,0,0,639,359
1677,21498,21496855,11107,250,-1,-1,1,541,90.4,0,-1.0,0,0,0,639,359
1678,21509,21507963,11108,250,-1,-1,1,526,90.4,0,-1.0,0,0,0,639,359
1679,21520,21519071,11108,250,-1,-1,1,607,90.0,0,-1.0,0,0,0,639,359
1680,21531,21530180,11109,250,-1,-1,1,530,90.0,0,-1.0,0,0,0,639,359
1681,21542,21541287,11107,250,-1,-1,1,525,90.1,0,-1.0,0,0,0,639,359
1682,21553,21552401,11114,250,-1,-1,1,525,90.1,0,-1.0,0,0,0,639,359
1683,21564,21563506,11105,250,-1,-1,1,525,90.2,0,-1.0,0,0,0,639,359
1684,21575,21574622,11116,250,-1,-1,1,525,90.2,1,-1.0,0,0,0,639,359
1685,21587,21585731,11109,250,-1,-1,1,547,90.2,0,-1.0,0,0,0,639,359
1686,21598,21596838,11107,250,-1,-1,1,546,90.3,0,-1.0,0,0,0,639,359
1687,21609,21607948,11110,250,-1,-1,1,527,90.3,0,-1.0,0,0,0,639,359
1688,21620,21619053,11105,250,-1,-1,1,526,90.3,0,-1.0,0,0,0,639,359
1689,21631,21630162,11109,250,-1,-1,1,527,90.0,0,-1.0,0,0,0,639,359
1690,21642,21641272,11110,250,-1,-1,1,528,90.1,0,-1.0,0,0,0,639,359
1691,21653,21652383,11111,250,-1,-1,1,526,90.1,0,-1.0,0,0,0,639,359
1692,21664,21663491,11108,250,-1,-1,1,528,90.1,0,-1.0,0,0,0,639,359
1693,21675,21674601,11110,250,-1,-1,1,525,90.1,1,-1.0,0,0,0,639,359
1694,21687,21685716,11115,250,-1,-1,1,546,90.2,0,-1.0,0,0,0,639,359
1695,21698,21696818,11102,250,-1,-1,1,527,89.9,0,-1.0,0,0,0,639,359
1696,21709,21707934,11116,250,-1,-1,1,525,90.2,0,-1.0,0,0,0,639,359
1697,21720,21719040,11106,250,-1,-1,1,525,90.2,0,-1.0,0,0,0,639,359
1698,21731,21730145,11105,250,-1,-1,1,528,90.0,0,-1.0,0,0,0,639,359
1699,21742,21741253,11108,250,-1,-1,1,529,90.0,0,-1.0,0,0,0,639,359
1700,21753,21752366,11113,250,-1,-1,1,524,90.1,0,-1.0,0,0,0,639,359
1701,21764,21763470,11104,250,-1,-1,1,529,90.1,0,-1.0,0,0,0,639,359
1702,21775,21774582,11112,250,-1,-1,1,527,90.1,1,-1.0,0,0,0,639,359
1703,21787,21785695,11113,250,-1,-1,1,547,90.1,0,-1.0,0,0,0,639,359
1704,21798,21796805,11110,250,-1,-1,1,526,90.0,0,-1.0,0,0,0,639,359
1705,21809,21807912,11107,250,-1,-1,1,526,90.2,0,-1.0,0,0,0,639,359
1706,21820,21819046,11134,250,-1,-1,1,525,90.2,0,-1.0,0,0,0,639,359
1707,21831,21830126,11080,250,-1,-1,1,526,90.2,0,-1.0,0,0,0,639,359
1708,21842,21841241,11115,250,-1,-1,1,524,90.0,0,-1.0,0,0,0,639,359
1709,21853,21852347,11106,250,-1,-1,1,525,90.1,0,-1.0,0,0,0,639,359
1710,21914,21863461,11114,250,-1,-1,1,608,82.5,0,-1.0,0,0,0,639,359
1711,21915,21907877,44416,250,-1,-1,1,1158,84.0,1,-1.0,0,0,0,639,359
1712,21920,21919014,11137,250,-1,-1,1,537,85.1,0,-1.0,0,0,0,639,359
1713,21931,21930115,11101,250,-1,-1,1,534,85.2,0,-1.0,0,0,0,639,359
1714,21942,21941225,11110,250,-1,-1,1,525,85.2,0,-1.0,0,0,0,639,359
1715,21953,21952335,11110,250,-1,-1,1,524,85.3,0,-1.0,0,0,0,639,359
1716,21964,21963443,11108,250,-1,-1,1,544,85.4,0,-1.0,0,0,0,639,359
1717,21975,21974550,11107,250,-1,-1,1,630,85.5,0,-1.0,0,0,0,639,359
1718,21987,21985662,11112,250,-1,-1,1,630,85.6,0,-1.0,0,0,0,639,359
1719,21998,21996844,11182,250,-1,-1,1,525,85.7,0,-1.0,0,0,0,639,359
1720,22009,22007871,11027,250,-1,-1,1,527,85.8,1,-1.0,0,0,0,639,359
1721,22020,22018990,11119,250,-1,-1,1,544,85.8,0,-1.0,0,0,0,639,359
1722,22031,22030097,11107,250,-1,-1,1,538,85.9,0,-1.0,0,0,0,639,359
1723,22042,22041204,11107,250,-1,-1,1,525,85.9,0,-1.0,0,0,0,639,359
1724,22053,22052352,11148,250,-1,-1,1,525,85.9,0,-1.0,0,0,0,639,359
1725,22064,22063422,11070,250,-1,-1,1,529,86.0,0,-1.0,0,0,0,639,359
1726,22075,22074528,11106,250,-1,-1,1,525,86.1,0,-1.0,0,0,0,639,359
1727,22086,22085643,11115,250,-1,-1,1,526,86.2,0,-1.0,0,0,0,639,359
1728,22098,22096752,11109,250,-1,-1,1,526,86.2,0,-1.0,0,0,0,639,359
1729,22109,22107861,11109,250,-1,-1,1,525,86.3,1,-1.0,0,0,0,639,359
1730,22120,22118970,11109,250,-1,-1,1,547,86.4,0,-1.0,0,0,0,639,359
1731,22131,22130083,11113,250,-1,-1,1,547,86.4,0,-1.0,0,0,0,639,359
1732,22142,22141189,11106,250,-1,-1,1,527,86.4,0,-1.0,0,0,0,639,359
1733,22153,22152299,11110,250,-1,-1,1,527,86.4,0,-1.0,0,0,0,639,359
1734,22164,22163403,11104,250,-1,-1,1,527,86.5,0,-1.0,0,0,0,639,359
1735,22175,22174518,11115,250,-1,-1,1,526,86.5,0,-1.0,0,0,0,639,359
1736,22186,22185624,11106,250,-1,-1,1,529,86.6,0,-1.0,0,0,0,639,359
1737,22198,22196732,11108,250,-1,-1,1,525,86.7,0,-1.0,0,0,0,639,359
1738,22209,22207841,11109,250,-1,-1,1,525,86.7,1,-1.0,0,0,0,639,359
1739,22220,22218957,11116,250,-1,-1,1,547,86.8,0,-1.0,0,0,0,639,359
1740,22231,22230064,11107,250,-1,-1,1,546,86.8,0,-1.0,0,0,0,639,359
1741,22242,22241175,11111,250,-1,-1,1,527,86.8,0,-1.0,0,0,0,639,359
1742,22253,22252280,11105,250,-1,-1,1,525,86.8,0,-1.0,0,0,0,639,359
1743,22264,22263392,11112,250,-1,-1,1,529,86.9,0,-1.0,0,0,0,639,359
1744,22275,22274498,11106,250,-1,-1,1,527,86.9,0,-1.0,0,0,0,639,359
1745,22286,22285607,11109,250,-1,-1,1,524,87.0,0,-1.0,0,0,0,639,359
1746,22298,22296716,11109,250,-1,-1,1,528,87.0,0,-1.0,0,0,0,639,359
1747,22309,22307826,11110,250,-1,-1,1,528,87.0,1,-1.0,0,0,0,639,359
1748,22320,22318936,11110,250,-1,-1,1,546,87.1,0,-1.0,0,0,0,639,359
1749,22331,22330049,11113,250,-1,-1,1,547,87.1,0,-1.0,0,0,0,639,359
1750,22362,22352258,22209,250,-1,-1,1,729,31.2,0,-1.0,0,0,0,639,359
1751,22364,22363540,11282,250,-1,-1,1,525,58.8,0,-1.0,0,0,0,639,359
1752,22375,22374485,10945,250,-1,-1,1,525,66.7,0,-1.0,0,0,0,639,359
1753,22386,22385588,11103,250,-1,-1,1,526,71.4,0,-1.0,0,0,0,639,359
1754,22398,22396701,11113,250,-1,-1,1,526,74.6,0,-1.0,0,0,0,639,359
1755,22409,22407807,11106,250,-1,-1,1,527,76.9,0,-1.0,0,0,0,639,359
1756,22420,22418917,11110,250,-1,-1,1,528,78.7,1,-1.0,0,0,0,639,359
1757,22431,22430027,11110,250,-1,-1,1,538,80.0,0,-1.0,0,0,0,639,359
1758,22442,22441137,11110,250,-1,-1,1,559,80.4,0,-1.0,0,0,0,639,359
1759,22454,22452244,11107,250,-1,-1,1,525,81.3,0,-1.0,0,0,0,639,359
1760,22464,22463358,11114,250,-1,-1,1,526,82.1,0,-1.0,0,0,0,639,359
1761,22475,22474464,11106,250,-1,-1,1,527,82.8,0,-1.0,0,0,0,639,359
1762,22486,22485572,11108,250,-1,-1,1,525,83.3,0,-1.0,0,0,0,639,359
1763,22497,22496682,11110,250,-1,-1,1,525,83.8,0,-1.0,0,0,0,639,359
1764,22509,22507795,11113,250,-1,-1,1,525,84.3,0,-1.0,0,0,0,639,359
1765,22520,22518898,11103,250,-1,-1,1,525,84.7,1,-1.0,0,0,0,639,359
1766,22531,22530014,11116,250,-1,-1,1,547,85.0,0,-1.0,0,0,0,639,359
1767,22542,22541120,11106,250,-1,-1,1,546,85.3,0,-1.0,0,0,0,639,359
1768,22553,22552229,11109,250,-1,-1,1,527,85.2,0,-1.0,0,0,0,639,359
1769,22564,22563336,11107,250,-1,-1,1,528,85.5,0,-1.0,0,0,0,639,359
1770,22575,22574445,11109,250,-1,-1,1,527,85.7,0,-1.0,0,0,0,639,359
1771,22586,22585551,11106,250,-1,-1,1,528,85.9,0,-1.0,0,0,0,639,359
1772,22597,22596665,11114,250,-1,-1,1,525,86.1,0,-1.0,0,0,0,639,359
1773,22609,22607775,11110,250,-1,-1,1,525,86.3,0,-1.0,0,0,0,639,359
1774,22620,22618884,11109,250,-1,-1,1,524,86.5,1,-1.0,0,0,0,639,359
1775,22631,22629994,11110,250,-1,-1,1,547,86.7,0,-1.0,0,0,0,639,359
1776,22642,22641106,11112,250,-1,-1,1,547,86.5,0,-1.0,0,0,0,639,359
1777,22653,22652210,11104,250,-1,-1,1,525,86.7,0,-1.0,0,0,0,639,359
1778,22665,22663320,11110,250,-1,-1,1,525,86.8,0,-1.0,0,0,0,639,359
1779,22675,22674428,11108,250,-1,-1,1,526,87.0,0,-1.0,0,0,0,639,359
1780,22686,22685540,11112,250,-1,-1,1,529,87.1,0,-1.0,0,0,0,639,359
1781,22697,22696645,11105,250,-1,-1,1,528,87.2,0,-1.0,0,0,0,639,359
1782,22709,22707757,11112,250,-1,-1,1,526,87.3,0,-1.0,0,0,0,639,359
1783,22720,22718867,11110,250,-1,-1,1,526,87.4,1,-1.0,0,0,0,639,359
1784,22731,22729985,11118,250,-1,-1,1,547,87.5,0,-1.0,0,0,0,639,359
1785,22742,22741088,11103,250,-1,-1,1,545,87.6,0,-1.0,0,0,0,639,359
1786,22753,22752197,11109,250,-1,-1,1,526,87.5,0,-1.0,0,0,0,639,359
1787,22764,22763297,11100,250,-1,-1,1,524,87.6,0,-1.0,0,0,0,639,359
1788,22775,22774414,11117,250,-1,-1,1,524,87.6,0,-1.0,0,0,0,639,359
1789,22786,22785518,11104,250,-1,-1,1,528,87.7,0,-1.0,0,0,0,639,359
1790,22797,22796627,11109,250,-1,-1,1,527,87.8,0,-1.0,0,0,0,639,359
1791,22809,22807738,11111,250,-1,-1,1,527,87.9,0,-1.0,0,0,0,639,359
1792,22820,22818851,11113,250,-1,-1,1,526,87.9,1,-1.0,0,0,0,639,359
1793,22831,22829961,11110,250,-1,-1,1,528,88.0,0,-1.0,0,0,0,639,359
1794,22842,22841070,11109,250,-1,-1,1,528,88.1,0,-1.0,0,0,0,639,359
1795,22853,22852183,11113,250,-1,-1,1,526,88.0,0,-1.0,0,0,0,639,359
1796,22864,22863288,11105,250,-1,-1,1,526,88.0,0,-1.0,0,0,0,639,359
1797,22875,22874392,11104,250,-1,-1,1,528,88.1,0,-1.0,0,0,0,639,359
1798,22886,22885505,11113,250,-1,-1,1,527,88.1,0,-1.0,0,0,0,639,359
1799,22897,22896611,11106,250,-1,-1,1,525,88.2,0,-1.0,0,0,0,639,359
1800,22989,22907728,11117,250,-1,-1,1,526,77.4,0,-1.0,0,0,0,639,359
1801,22990,22985466,77738,250,-1,-1,1,524,78.9,1,-1.0,0,0,0,639,359
1802,22998,22996601,11135,250,-1,-1,1,626,79.5,0,-1.0,0,0,0,639,359
1803,23009,23007711,11110,250,-1,-1,1,549,79.6,0,-1.0,0,0,0,639,359
1804,23020,23018817,11106,250,-1,-1,1,525,79.8,0,-1.0,0,0,0,639,359
1805,23031,23029925,11108,250,-1,-1,1,525,80.0,0,-1.0,0,0,0,639,359
1806,23042,23041035,11110,250,-1,-1,1,524,80.2,0,-1.0,0,0,0,639,359
1807,23053,23052140,11105,250,-1,-1,1,525,80.2,0,-1.0,0,0,0,639,359
1808,23064,23063250,11110,250,-1,-1,1,526,80.4,0,-1.0,0,0,0,639,359
1809,23075,23074358,11108,250,-1,-1,1,528,80.5,0,-1.0,0,0,0,639,359
1810,23086,23085470,11112,250,-1,-1,1,528,80.7,1,-1.0,0,0,0,639,359
1811,23097,23096581,11111,250,-1,-1,1,541,80.8,0,-1.0,0,0,0,639,359
1812,23108,23107689,11108,250,-1,-1,1,533,81.0,0,-1.0,0,0,0,639,359
1813,23120,23118800,11111,250,-1,-1,1,528,81.1,0,-1.0,0,0,0,639,359
1814,23131,23129906,11106,250,-1,-1,1,527,81.2,0,-1.0,0,0,0,639,359
1815,23142,23141018,11112,250,-1,-1,1,527,81.4,0,-1.0,0,0,0,639,359
1816,23153,23152128,11110,250,-1,-1,1,526,81.4,0,-1.0,0,0,0,639,359
1817,23164,23163232,11104,250,-1,-1,1,527,81.5,0,-1.0,0,0,0,639,359
1818,23175,23174346,11114,250,-1,-1,1,525,81.7,0,-1.0,0,0,0,639,359
1819,23186,23185469,11123,250,-1,-1,1,526,81.8,1,-1.0,0,0,0,639,359
1820,23197,23196566,11097,250,-1,-1,1,547,81.9,0,-1.0,0,0,0,639,359
1821,23208,23207672,11106,250,-1,-1,1,548,82.0,0,-1.0,0,0,0,639,359
1822,23220,23218783,11111,250,-1,-1,1,525,82.1,0,-1.0,0,0,0,639,359
1823,23231,23229890,11107,250,-1,-1,1,526,82.1,0,-1.0,0,0,0,639,359
1824,23242,23241003,11113,250,-1,-1,1,527,82.3,0,-1.0,0,0,0,639,359
1825,23253,23252103,11100,250,-1,-1,1,526,82.4,0,-1.0,0,0,0,639,359
1826,23264,23263216,11113,250,-1,-1,1,526,82.4,0,-1.0,0,0,0,639,359
1827,23275,23274325,11109,250,-1,-1,1,527,82.5,0,-1.0,0,0,0,639,359
1828,23286,23285433,11108,250,-1,-1,1,526,82.6,1,-1.0,0,0,0,639,359
1829,23297,23296548,11115,250,-1,-1,1,547,82.7,0,-1.0,0,0,0,639,359
1830,23308,23307657,11109,250,-1,-1,1,546,82.8,0,-1.0,0,0,0,639,359
1831,23320,23318763,11106,250,-1,-1,1,528,82.9,0,-1.0,0,0,0,639,359
1832,23331,23329874,11111,250,-1,-1,1,525,83.0,0,-1.0,0,0,0,639,359
1833,23342,23340985,11111,250,-1,-1,1,527,90.9,0,-1.0,0,0,0,639,359
1834,23353,23352092,11107,250,-1,-1,1,529,90.9,0,-1.0,0,0,0,639,359
1835,23364,23363199,11107,250,-1,-1,1,526,88.2,0,-1.0,0,0,0,639,359
1836,23375,23374311,11112,250,-1,-1,1,526,88.9,0,-1.0,0,0,0,639,359
1837,23386,23385418,11107,250,-1,-1,1,526,89.3,1,-1.0,0,0,0,639,359
1838,23397,23396534,11116,250,-1,-1,1,529,89.6,0,-1.0,0,0,0,639,359
1839,23408,23407636,11102,250,-1,-1,1,543,89.7,0,-1.0,0,0,0,639,359
1840,23420,23418748,11112,250,-1,-1,1,527,89.9,0,-1.0,0,0,0,639,359
1841,23431,23429856,11108,250,-1,-1,1,525,90.0,0,-1.0,0,0,0,639,359
1842,23442,23440966,11110,250,-1,-1,1,525,90.1,0,-1.0,0,0,0,639,359
1843,23453,23452073,11107,250,-1,-1,1,525,90.2,0,-1.0,0,0,0,639,359
1844,23464,23463186,11113,250,-1,-1,1,524,89.6,0,-1.0,0,0,0,639,359
1845,23475,23474292,11106,250,-1,-1,1,526,89.7,0,-1.0,0,0,0,639,359
1846,23486,23485401,11109,250,-1,-1,1,528,89.7,1,-1.0,0,0,0,639,359
1847,23497,23496510,11109,250,-1,-1,1,543,89.8,0,-1.0,0,0,0,639,359
1848,23508,23507623,11113,250,-1,-1,1,538,89.9,0,-1.0,0,0,0,639,359
1849,23519,23518731,11108,250,-1,-1,1,526,89.9,0,-1.0,0,0,0,639,359
1850,23531,23529840,11109,250,-1,-1,1,588,90.0,0,-1.0,0,0,0,639,359
1851,23542,23540944,11104,250,-1,-1,1,528,90.0,0,-1.0,0,0,0,639,359
1852,23553,23552059,11115,250,-1,-1,1,528,90.1,0,-1.0,0,0,0,639,359
1853,23564,23563162,11103,250,-1,-1,1,526,90.1,0,-1.0,0,0,0,639,359
1854,23575,23574278,11116,250,-1,-1,1,524,89.8,0,-1.0,0,0,0,639,359
1855,23586,23585383,11105,250,-1,-1,1,525,89.8,1,-1.0,0,0,0,639,359
1856,23597,23596499,11116,250,-1,-1,1,545,89.9,0,-1.0,0,0,0,639,359
1857,23608,23607605,11106,250,-1,-1,1,546,89.9,0,-1.0,0,0,0,639,359
1858,23620,23618716,11111,250,-1,-1,1,525,90.0,0,-1.0,0,0,0,639,359
1859,23631,23629822,11106,250,-1,-1,1,525,89.7,0,-1.0,0,0,0,639,359
1860,23642,23640935,11113,250,-1,-1,1,526,90.0,0,-1.0,0,0,0,639,359
1861,23653,23652040,11105,250,-1,-1,1,527,90.1,0,-1.0,0,0,0,639,359
1862,23664,23663150,11110,250,-1,-1,1,527,90.1,0,-1.0,0,0,0,639,359
1863,23675,23674260,11110,250,-1,-1,1,528,89.9,0,-1.0,0,0,0,639,359
1864,23686,23685366,11106,250,-1,-1,1,526,89.9,1,-1.0,0,0,0,639,359
1865,23697,23696481,11115,250,-1,-1,1,546,89.9,0,-1.0,0,0,0,639,359
1866,23708,23707588,11107,250,-1,-1,1,546,89.9,0,-1.0,0,0,0,639,359
1867,23720,23718697,11109,250,-1,-1,1,526,90.0,0,-1.0,0,0,0,639,359
1868,23731,23729804,11107,250,-1,-1,1,524,90.0,0,-1.0,0,0,0,639,359
1869,23742,23740910,11106,250,-1,-1,1,528,90.0,0,-1.0,0,0,0,639,359
1870,23753,23752021,11111,250,-1,-1,1,530,90.0,0,-1.0,0,0,0,639,359
1871,23764,23763131,11110,250,-1,-1,1,527,90.1,0,-1.0,0,0,0,639,359
1872,23775,23774243,11112,250,-1,-1,1,526,89.9,0,-1.0,0,0,0,639,359
1873,23786,23785348,11105,250,-1,-1,1,527,89.9,1,-1.0,0,0,0,639,359
1874,23797,23796464,11116,250,-1,-1,1,546,89.9,0,-1.0,0,0,0,639,359
1875,23808,23807571,11107,250,-1,-1,1,544,90.0,0,-1.0,0,0,0,639,359
1876,23820,23818681,11110,250,-1,-1,1,526,90.0,0,-1.0,0,0,0,639,359
1877,23831,23829784,11103,250,-1,-1,1,528,89.8,0,-1.0,0,0,0,639,359
1878,23842,23840901,11117,250,-1,-1,1,525,90.0,0,-1.0,0,0,0,639,359
1879,23853,23852004,11103,250,-1,-1,1,525,90.0,0,-1.0,0,0,0,639,359
1880,23864,23863118,11114,250,-1,-1,1,526,90.1,0,-1.0,0,0,0,639,359
1881,23875,23874223,11105,250,-1,-1,1,529,89.9,0,-1.0,0,0,0,639,359
1882,23886,23885334,11111,250,-1,-1,1,526,89.9,1,-1.0,0,0,0,639,359
1883,23897,23896449,11115,250,-1,-1,1,538,89.9,0,-1.0,0,0,0,639,359
1884,23908,23907553,11104,250,-1,-1,1,533,90.0,0,-1.0,0,0,0,639,359
1885,23920,23918658,11105,250,-1,-1,1,526,90.0,0,-1.0,0,0,0,639,359
1886,23931,23929775,11117,250,-1,-1,1,612,90.0,0,-1.0,0,0,0,639,359
1887,23942,23940880,11105,250,-1,-1,1,528,90.0,0,-1.0,0,0,0,639,359
1888,23953,23951985,11105,250,-1,-1,1,526,90.0,0,-1.0,0,0,0,639,359
1889,23964,23963097,11112,250,-1,-1,1,525,90.0,0,-1.0,0,0,0,639,359
1890,24024,23974209,11112,250,-1,-1,1,670,83.6,0,-1.0,0,0,0,639,359
1891,24025,24018629,44420,250,-1,-1,1,602,84.9,1,-1.0,0,0,0,639,359
1892,24031,24029763,11134,250,-1,-1,1,528,85.7,0,-1.0,0,0,0,639,359
1893,24042,24040861,11098,250,-1,-1,1,534,85.8,0,-1.0,0,0,0,639,359
1894,24053,24051975,11114,250,-1,-1,1,526,85.9,0,-1.0,0,0,0,639,359
1895,24064,24063083,11108,250,-1,-1,1,559,85.8,0,-1.0,0,0,0,639,359
1896,24075,24074271,11188,250,-1,-1,1,529,85.9,0,-1.0,0,0,0,639,359
1897,24086,24085298,11027,250,-1,-1,1,529,86.0,0,-1.0,0,0,0,639,359
1898,24098,24096408,11110,250,-1,-1,1,526,86.0,0,-1.0,0,0,0,639,359
1899,24109,24107521,11113,250,-1,-1,1,525,86.1,0,-1.0,0,0,0,639,359
1900,24119,24118625,11104,250,-1,-1,1,525,86.2,1,-1.0,0,0,0,639,359
1901,24131,24129742,11117,250,-1,-1,1,548,86.2,0,-1.0,0,0,0,639,359
1902,24142,24140850,11108,250,-1,-1,1,548,86.3,0,-1.0,0,0,0,639,359
1903,24153,24151957,11107,250,-1,-1,1,525,86.4,0,-1.0,0,0,0,639,359
1904,24164,24163065,11108,250,-1,-1,1,524,86.3,0,-1.0,0,0,0,639,359
1905,24175,24174175,11110,250,-1,-1,1,527,86.4,0,-1.0,0,0,0,639,359
1906,24188,24185279,11104,250,-1,-1,1,526,86.3,0,-1.0,0,0,0,639,359
1907,24197,24196391,11112,250,-1,-1,1,528,86.5,0,-1.0,0,0,0,639,359
1908,24208,24207502,11111,250,-1,-1,1,527,86.6,0,-1.0,0,0,0,639,359
1909,24219,24218611,11109,250,-1,-1,1,528,86.6,1,-1.0,0,0,0,639,359
1910,24231,24229720,11109,250,-1,-1,1,548,86.7,0,-1.0,0,0,0,639,359
1911,24242,24240831,11111,250,-1,-1,1,548,86.7,0,-1.0,0,0,0,639,359
1912,24253,24251943,11112,250,-1,-1,1,527,86.8,0,-1.0,0,0,0,639,359
1913,24264,24263048,11105,250,-1,-1,1,526,86.8,0,-1.0,0,0,0,639,359
1914,24275,24274154,11106,250,-1,-1,1,525,86.9,0,-1.0,0,0,0,639,359
1915,24286,24285265,11111,250,-1,-1,1,527,86.8,0,-1.0,0,0,0,639,359
1916,24297,24296371,11106,250,-1,-1,1,529,86.9,0,-1.0,0,0,0,639,359
1917,24308,24307483,11112,250,-1,-1,1,528,86.9,0,-1.0,0,0,0,639,359
1918,24319,24318594,11111,250,-1,-1,1,525,87.0,1,-1.0,0,0,0,639,359
1919,24331,24329703,11109,250,-1,-1,1,531,87.0,0,-1.0,0,0,0,639,359
1920,24370,24363020,33317,250,-1,-1,1,524,25.6,0,-1.0,0,0,0,639,359
1921,24375,24374151,11131,250,-1,-1,1,522,44.4,0,-1.0,0,0,0,639,359
1922,24386,24385245,11094,250,-1,-1,1,524,53.6,0,-1.0,0,0,0,639,359
1923,24397,24396357,11112,250,-1,-1,1,524,59.7,0,-1.0,0,0,0,639,359
1924,24408,24407464,11107,250,-1,-1,1,528,64.1,0,-1.0,0,0,0,639,359
1925,24419,24418574,11110,250,-1,-1,1,529,67.4,0,-1.0,0,0,0,639,359
1926,24430,24429682,11108,250,-1,-1,1,526,70.0,0,-1.0,0,0,0,639,359
1927,24442,24440792,11110,250,-1,-1,1,527,72.1,1,-1.0,0,0,0,639,359
1928,24453,24451902,11110,250,-1,-1,1,528,73.8,0,-1.0,0,0,0,639,359
1929,24464,24463011,11109,250,-1,-1,1,542,75.2,0,-1.0,0,0,0,639,359
1930,24475,24474122,11111,250,-1,-1,1,525,75.9,0,-1.0,0,0,0,639,359
1931,24486,24485236,11114,250,-1,-1,1,523,76.9,0,-1.0,0,0,0,639,359
1932,24497,24496341,11105,250,-1,-1,1,526,77.8,0,-1.0,0,0,0,639,359
1933,24508,24507445,11104,250,-1,-1,1,526,78.7,0,-1.0,0,0,0,639,359
1934,24519,24518557,11112,250,-1,-1,1,524,79.4,0,-1.0,0,0,0,639,359
1935,24530,24529666,11109,250,-1,-1,1,528,80.0,0,-1.0,0,0,0,639,359
1936,24542,24540774,11108,250,-1,-1,1,527,80.6,1,-1.0,0,0,0,639,359
1937,24553,24551887,11113,250,-1,-1,1,535,81.1,0,-1.0,0,0,0,639,359
1938,24564,24562996,11109,250,-1,-1,1,532,81.5,0,-1.0,0,0,0,639,359
1939,24575,24574104,11108,250,-1,-1,1,525,82.0,0,-1.0,0,0,0,639,359
1940,24587,24585216,11112,250,-1,-1,1,525,82.0,0,-1.0,0,0,0,639,359
1941,24597,24596318,11102,250,-1,-1,1,526,82.4,0,-1.0,0,0,0,639,359
1942,24608,24607430,11112,250,-1,-1,1,528,82.7,0,-1.0,0,0,0,639,359
1943,24619,24618539,11109,250,-1,-1,1,525,83.0,0,-1.0,0,0,0,639,359
1944,24630,24629651,11112,250,-1,-1,1,525,83.3,0,-1.0,0,0,0,639,359
1945,24642,24640758,11107,250,-1,-1,1,526,83.6,1,-1.0,0,0,0,639,359
1946,24653,24651870,11112,250,-1,-1,1,547,83.9,0,-1.0,0,0,0,639,359
1947,24664,24662983,11113,250,-1,-1,1,548,84.1,0,-1.0,0,0,0,639,359
1948,24675,24674086,11103,250,-1,-1,1,528,84.1,0,-1.0,0,0,0,639,359
1949,24686,24685200,11114,250,-1,-1,1,526,84.3,0,-1.0,0,0,0,639,359
1950,24697,24696305,11105,250,-1,-1,1,527,84.5,0,-1.0,0,0,0,639,359
1951,24708,24707415,11110,250,-1,-1,1,528,84.7,0,-1.0,0,0,0,639,359
1952,24719,24718520,11105,250,-1,-1,1,527,84.8,0,-1.0,0,0,0,639,359
1953,24730,24729632,11112,250,-1,-1,1,525,85.0,0,-1.0,0,0,0,639,359
1954,24742,24740738,11106,250,-1,-1,1,527,85.2,1,-1.0,0,0,0,639,359
1955,24753,24751853,11115,250,-1,-1,1,526,85.3,0,-1.0,0,0,0,639,359
1956,24764,24762960,11107,250,-1,-1,1,547,85.5,0,-1.0,0,0,0,639,359
1957,24775,24774073,11113,250,-1,-1,1,525,85.4,0,-1.0,0,0,0,639,359
1958,24786,24785181,11108,250,-1,-1,1,525,85.5,0,-1.0,0,0,0,639,359
1959,24797,24796288,11107,250,-1,-1,1,524,85.7,0,-1.0,0,0,0,639,359
1960,24808,24807397,11109,250,-1,-1,1,525,85.8,0,-1.0,0,0,0,639,359
1961,24819,24818506,11109,250,-1,-1,1,530,85.9,0,-1.0,0,0,0,639,359
1962,24830,24829616,11110,250,-1,-1,1,526,86.0,0,-1.0,0,0,0,639,359
1963,24842,24840728,11112,250,-1,-1,1,529,86.1,1,-1.0,0,0,0,639,359
1964,24853,24851836,11108,250,-1,-1,1,532,86.2,0,-1.0,0,0,0,639,359
1965,24864,24862948,11112,250,-1,-1,1,530,86.3,0,-1.0,0,0,0,639,359
1966,24875,24874052,11104,250,-1,-1,1,525,86.2,0,-1.0,0,0,0,639,359
1967,24886,24885164,11112,250,-1,-1,1,524,86.3,0,-1.0,0,0,0,639,359
1968,24897,24896276,11112,250,-1,-1,1,525,86.4,0,-1.0,0,0,0,639,359
1969,24908,24907383,11107,250,-1,-1,1,524,86.5,0,-1.0,0,0,0,639,359
1970,24919,24918488,11105,250,-1,-1,1,525,86.6,0,-1.0,0,0,0,639,359
1971,24930,24929599,11111,250,-1,-1,1,525,86.7,0,-1.0,0,0,0,639,359
1972,24942,24940703,11104,250,-1,-1,1,527,86.7,1,-1.0,0,0,0,639,359
1973,24953,24951822,11119,250,-1,-1,1,540,86.8,0,-1.0,0,0,0,639,359
1974,24964,24962929,11107,250,-1,-1,1,533,86.9,0,-1.0,0,0,0,639,359
1975,24975,24974036,11107,250,-1,-1,1,526,87.0,0,-1.0,0,0,0,639,359
1976,24987,24985143,11107,250,-1,-1,1,525,86.9,0,-1.0,0,0,0,639,359
1977,24997,24996251,11108,250,-1,-1,1,526,87.0,0,-1.0,0,0,0,639,359
1978,25008,25007363,11112,250,-1,-1,1,527,87.0,0,-1.0,0,0,0,639,359
1979,25019,25018472,11109,250,-1,-1,1,524,87.1,0,-1.0,0,0,0,639,359
1980,25079,25029584,11112,250,-1,-1,1,610,81.4,0,-1.0,0,0,0,639,359
1981,25080,25073999,44415,250,-1,-1,1,637,82.7,1,-1.0,0,0,0,639,359
1982,25086,25085142,11143,250,-1,-1,1,528,83.3,0,-1.0,0,0,0,639,359
1983,25097,25096234,11092,250,-1,-1,1,533,83.4,0,-1.0,0,0,0,639,359
1984,25108,25107344,11110,250,-1,-1,1,526,83.5,0,-1.0,0,0,0,639,359
1985,25119,25118456,11112,250,-1,-1,1,525,83.7,0,-1.0,0,0,0,639,359
1986,25130,25129569,11113,250,-1,-1,1,530,83.8,0,-1.0,0,0,0,639,359
1987,25142,25140674,11105,250,-1,-1,1,629,83.8,0,-1.0,0,0,0,639,359
1988,25153,25151784,11110,250,-1,-1,1,628,83.9,0,-1.0,0,0,0,639,359
1989,25164,25162891,11107,250,-1,-1,1,525,84.0,0,-1.0,0,0,0,639,359
1990,25175,25174003,11112,250,-1,-1,1,525,84.1,1,-1.0,0,0,0,639,359
1991,25186,25185117,11114,250,-1,-1,1,545,84.1,0,-1.0,0,0,0,639,359
1992,25197,25196224,11107,250,-1,-1,1,545,84.2,0,-1.0,0,0,0,639,359
1993,25208,25207330,11106,250,-1,-1,1,529,84.3,0,-1.0,0,0,0,639,359
1994,25219,25218441,11111,250,-1,-1,1,637,84.4,0,-1.0,0,0,0,639,359
1995,25230,25229543,11102,250,-1,-1,1,529,84.4,0,-1.0,0,0,0,639,359
1996,25241,25240660,11117,250,-1,-1,1,527,84.5,0,-1.0,0,0,0,639,359
1997,25253,25251762,11102,250,-1,-1,1,527,84.6,0,-1.0,0,0,0,639,359
1998,25264,25262877,11115,250,-1,-1,1,527,84.7,0,-1.0,0,0,0,639,359
1999,25275,25273979,11102,250,-1,-1,1,528,84.7,1,-1.0,0,0,0,639,359
2000,25286,25285098,11119,250,-1,-1,1,546,84.8,0,-1.0,0,0,0,639,359
2001,25297,25296204,11106,250,-1,-1,1,543,84.8,0,-1.0,0,0,0,639,359
2002,25308,25307312,11108,250,-1,-1,1,527,84.9,0,-1.0,0,0,0,639,359
2003,25319,25318427,11115,250,-1,-1,1,526,84.9,0,-1.0,0,0,0,639,359
2004,25330,25329533,11106,250,-1,-1,1,528,85.0,0,-1.0,0,0,0,639,359
2005,25345,25340639,11106,250,-1,-1,1,523,71.4,0,-1.0,0,0,0,639,359
2006,25353,25351748,11109,250,-1,-1,1,527,90.9,0,-1.0,0,0,0,639,359
2007,25364,25362854,11106,250,-1,-1,1,528,90.9,0,-1.0,0,0,0,639,359
2008,25375,25373967,11113,250,-1,-1,1,526,90.9,1,-1.0,0,0,0,639,359
2009,25386,25385079,11112,250,-1,-1,1,546,90.9,0,-1.0,0,0,0,639,359
2010,25397,25396191,11112,250,-1,-1,1,525,89.6,0,-1.0,0,0,0,639,359
2011,25408,25407299,11108,250,-1,-1,1,525,89.7,0,-1.0,0,0,0,639,359
2012,25419,25418406,11107,250,-1,-1,1,526,89.9,0,-1.0,0,0,0,639,359
2013,25430,25429514,11108,250,-1,-1,1,526,90.0,0,-1.0,0,0,0,639,359
2014,25441,25440624,11110,250,-1,-1,1,524,90.1,0,-1.0,0,0,0,639,359
2015,25453,25451726,11102,250,-1,-1,1,527,90.2,0,-1.0,0,0,0,639,359
2016,25464,25462842,11116,250,-1,-1,1,527,90.2,0,-1.0,0,0,0,639,359
2017,25475,25473944,11102,250,-1,-1,1,526,90.3,1,-1.0,0,0,0,639,359
2018,25486,25485061,11117,250,-1,-1,1,530,90.3,0,-1.0,0,0,0,639,359
2019,25497,25496169,11108,250,-1,-1,1,578,89.8,0,-1.0,0,0,0,639,359
2020,25508,25507278,11109,250,-1,-1,1,526,89.9,0,-1.0,0,0,0,639,359
2021,25519,25518386,11108,250,-1,-1,1,525,89.9,0,-1.0,0,0,0,639,359
2022,25530,25529497,11111,250,-1,-1,1,526,90.0,0,-1.0,0,0,0,639,359
2023,25541,25540605,11108,250,-1,-1,1,525,90.0,0,-1.0,0,0,0,639,359
2024,25553,25551712,11107,250,-1,-1,1,525,90.1,0,-1.0,0,0,0,639,359
2025,25564,25562823,11111,250,-1,-1,1,526,90.1,0,-1.0,0,0,0,639,359
2026,25575,25573933,11110,250,-1,-1,1,526,90.2,1,-1.0,0,0,0,639,359
2027,25586,25585044,11111,250,-1,-1,1,545,90.2,0,-1.0,0,0,0,639,359
2028,25597,25596154,11110,250,-1,-1,1,587,89.9,0,-1.0,0,0,0,639,359
2029,25608,25607261,11107,250,-1,-1,1,526,89.9,0,-1.0,0,0,0,639,359
2030,25619,25618369,11108,250,-1,-1,1,526,90.0,0,-1.0,0,0,0,639,359
2031,25630,25629477,11108,250,-1,-1,1,526,90.0,0,-1.0,0,0,0,639,359
2032,25641,25640587,11110,250,-1,-1,1,528,90.0,0,-1.0,0,0,0,639,359
2033,25653,25651696,11109,250,-1,-1,1,524,90.1,0,-1.0,0,0,0,639,359
2034,25664,25662807,11111,250,-1,-1,1,524,90.1,0,-1.0,0,0,0,639,359
2035,25675,25673914,11107,250,-1,-1,1,525,90.1,1,-1.0,0,0,0,639,359
2036,25686,25685030,11116,250,-1,-1,1,547,90.1,0,-1.0,0,0,0,639,359
2037,25697,25696133,11103,250,-1,-1,1,587,89.9,0,-1.0,0,0,0,639,359
2038,25708,25707248,11115,250,-1,-1,1,525,89.9,0,-1.0,0,0,0,639,359
2039,25719,25718356,11108,250,-1,-1,1,607,90.0,0,-1.0,0,0,0,639,359
2040,25730,25729465,11109,250,-1,-1,1,526,90.0,0,-1.0,0,0,0,639,359
2041,25741,25740569,11104,250,-1,-1,1,529,90.0,0,-1.0,0,0,0,639,359
2042,25752,25751683,11114,250,-1,-1,1,527,90.0,0,-1.0,0,0,0,639,359
2043,25764,25762788,11105,250,-1,-1,1,526,90.1,0,-1.0,0,0,0,639,359
2044,25775,25773895,11107,250,-1,-1,1,526,90.1,1,-1.0,0,0,0,639,359
2045,25786,25785010,11115,250,-1,-1,1,528,90.1,0,-1.0,0,0,0,639,359
2046,25797,25796120,11110,250,-1,-1,1,546,89.9,0,-1.0,0,0,0,639,359
2047,25808,25807228,11108,250,-1,-1,1,528,90.0,0,-1.0,0,0,0,639,359
2048,25819,25818340,11112,250,-1,-1,1,525,90.0,0,-1.0,0,0,0,639,359
2049,25830,25829445,11105,250,-1,-1,1,525,90.0,0,-1.0,0,0,0,639,359
2050,25841,25840554,11109,250,-1,-1,1,526,90.0,0,-1.0,0,0,0,639,359
2051,25853,25851662,11108,250,-1,-1,1,527,90.0,0,-1.0,0,0,0,639,359
2052,25864,25862774,11112,250,-1,-1,1,528,90.1,0,-1.0,0,0,0,639,359
2053,25875,25873881,11107,250,-1,-1,1,525,90.1,1,-1.0,0,0,0,639,359
2054,25886,25884995,11114,250,-1,-1,1,529,90.1,0,-1.0,0,0,0,639,359
2055,25897,25896102,11107,250,-1,-1,1,529,90.1,0,-1.0,0,0,0,639,359
2056,25909,25907211,11109,250,-1,-1,1,527,90.0,0,-1.0,0,0,0,639,359
2057,25920,25918319,11108,250,-1,-1,1,528,90.0,0,-1.0,0,0,0,639,359
2058,25930,25929429,11110,250,-1,-1,1,526,90.0,0,-1.0,0,0,0,639,359
2059,25941,25940538,11109,250,-1,-1,1,525,90.0,0,-1.0,0,0,0,639,359
2060,25952,25951648,11110,250,-1,-1,1,525,90.0,0,-1.0,0,0,0,639,359
2061,25964,25962753,11105,250,-1,-1,1,524,90.0,0,-1.0,0,0,0,639,359
2062,25975,25973864,11111,250,-1,-1,1,525,90.1,1,-1.0,0,0,0,639,359
2063,25986,25984976,11112,250,-1,-1,1,544,90.1,0,-1.0,0,0,0,639,359
2064,25997,25996084,11108,250,-1,-1,1,540,90.1,0,-1.0,0,0,0,639,359
2065,26009,26007189,11105,250,-1,-1,1,525,90.0,0,-1.0,0,0,0,639,359
2066,26019,26018300,11111,250,-1,-1,1,526,90.0,0,-1.0,0,0,0,639,359
2067,26030,26029411,11111,250,-1,-1,1,526,90.0,0,-1.0,0,0,0,639,359
2068,26041,26040519,11108,250,-1,-1,1,528,90.0,0,-1.0,0,0,0,639,359
2069,26052,26051625,11106,250,-1,-1,1,525,90.0,0,-1.0,0,0,0,639,359
2070,26105,26062741,11116,250,-1,-1,1,527,85.3,0,-1.0,0,0,0,639,359
2071,26105,26096047,33306,250,-1,-1,1,524,86.5,1,-1.0,0,0,0,639,359
2072,26108,26107174,11127,250,-1,-1,1,525,87.4,0,-1.0,0,0,0,639,359
2073,26119,26118285,11111,250,-1,-1,1,526,87.5,0,-1.0,0,0,0,639,359
2074,26130,26129391,11106,250,-1,-1,1,527,87.5,0,-1.0,0,0,0,639,359
2075,26141,26140501,11110,250,-1,-1,1,632,87.5,0,-1.0,0,0,0,639,359
2076,26153,26151762,11261,250,-1,-1,1,545,87.6,0,-1.0,0,0,0,639,359
2077,26164,26162724,10962,250,-1,-1,1,546,87.6,0,-1.0,0,0,0,639,359
2078,26175,26173836,11112,250,-1,-1,1,524,87.7,0,-1.0,0,0,0,639,359
2079,26186,26184941,11105,250,-1,-1,1,526,87.6,0,-1.0,0,0,0,639,359
2080,26197,26196053,11112,250,-1,-1,1,526,87.8,1,-1.0,0,0,0,639,359
2081,26208,26207159,11106,250,-1,-1,1,544,87.7,0,-1.0,0,0,0,639,359
2082,26219,26218270,11111,250,-1,-1,1,545,87.7,0,-1.0,0,0,0,639,359
2083,26231,26229375,11105,250,-1,-1,1,524,87.8,0,-1.0,0,0,0,639,359
2084,26241,26240488,11113,250,-1,-1,1,525,87.8,0,-1.0,0,0,0,639,359
2085,26252,26251589,11101,250,-1,-1,1,528,87.9,0,-1.0,0,0,0,639,359
2086,26264,26262705,11116,250,-1,-1,1,526,87.9,0,-1.0,0,0,0,639,359
2087,26275,26273810,11105,250,-1,-1,1,527,87.9,0,-1.0,0,0,0,639,359
2088,26286,26284920,11110,250,-1,-1,1,527,88.0,0,-1.0,0,0,0,639,359
2089,26297,26296032,11112,250,-1,-1,1,525,88.0,1,-1.0,0,0,0,639,359
2090,26308,26307148,11116,250,-1,-1,1,547,87.9,0,-1.0,0,0,0,639,359
2091,26319,26318251,11103,250,-1,-1,1,546,88.0,0,-1.0,0,0,0,639,359
2092,26331,26329363,11112,250,-1,-1,1,526,88.0,0,-1.0,0,0,0,639,359
2093,26351,26340471,11108,250,-1,-1,1,1895,45.5,0,-1.0,0,0,0,639,359
2094,26353,26351740,11269,250,-1,-1,1,522,87.0,0,-1.0,0,0,0,639,359
2095,26363,26362687,10947,250,-1,-1,1,526,90.9,0,-1.0,0,0,0,639,359
2096,26375,26373798,11111,250,-1,-1,1,526,90.9,0,-1.0,0,0,0,639,359
2097,26386,26384904,11106,250,-1,-1,1,526,90.9,0,-1.0,0,0,0,639,359
2098,26397,26396014,11110,250,-1,-1,1,527,90.9,1,-1.0,0,0,0,639,359
2099,26408,26407123,11109,250,-1,-1,1,537,90.9,0,-1.0,0,0,0,639,359
2100,26419,26418237,11114,250,-1,-1,1,531,89.9,0,-1.0,0,0,0,639,359
2101,26430,26429340,11103,250,-1,-1,1,546,90.0,0,-1.0,0,0,0,639,359
2102,26441,26440452,11112,250,-1,-1,1,627,90.1,0,-1.0,0,0,0,639,359
2103,26452,26451559,11107,250,-1,-1,1,526,90.2,0,-1.0,0,0,0,639,359
2104,26463,26462671,11112,250,-1,-1,1,525,90.2,0,-1.0,0,0,0,639,359
2105,26475,26473779,11108,250,-1,-1,1,526,90.3,0,-1.0,0,0,0,639,359
2106,26486,26484886,11107,250,-1,-1,1,526,90.3,0,-1.0,0,0,0,639,359
2107,26497,26495993,11107,250,-1,-1,1,526,90.4,1,-1.0,0,0,0,639,359
2108,26508,26507110,11117,250,-1,-1,1,547,90.4,0,-1.0,0,0,0,639,359
2109,26519,26518218,11108,250,-1,-1,1,538,89.9,0,-1.0,0,0,0,639,359
2110,26531,26529326,11108,250,-1,-1,1,525,90.0,0,-1.0,0,0,0,639,359
2111,26542,26540438,11112,250,-1,-1,1,525,90.0,0,-1.0,0,0,0,639,359
2112,26552,26551545,11107,250,-1,-1,1,526,90.1,0,-1.0,0,0,0,639,359
2113,26563,26562651,11106,250,-1,-1,1,525,90.1,0,-1.0,0,0,0,639,359
2114,26575,26573764,11113,250,-1,-1,1,527,90.2,0,-1.0,0,0,0,639,359
2115,26586,26584868,11104,250,-1,-1,1,525,90.2,0,-1.0,0,0,0,639,359
2116,26597,26595979,11111,250,-1,-1,1,525,90.2,1,-1.0,0,0,0,639,359
2117,26608,26607090,11111,250,-1,-1,1,546,90.3,0,-1.0,0,0,0,639,359
2118,26619,26618204,11114,250,-1,-1,1,544,90.0,0,-1.0,0,0,0,639,359
2119,26630,26629309,11105,250,-1,-1,1,525,90.0,0,-1.0,0,0,0,639,359
2120,26641,26640421,11112,250,-1,-1,1,526,90.0,0,-1.0,0,0,0,639,359
2121,26652,26651528,11107,250,-1,-1,1,525,90.1,0,-1.0,0,0,0,639,359
2122,26663,26662632,11104,250,-1,-1,1,527,90.1,0,-1.0,0,0,0,639,359
2123,26675,26673743,11111,250,-1,-1,1,528,90.1,0,-1.0,0,0,0,639,359
2124,26686,26684853,11110,250,-1,-1,1,526,90.1,0,-1.0,0,0,0,639,359
2125,26697,26695959,11106,250,-1,-1,1,528,90.2,1,-1.0,0,0,0,639,359
2126,26708,26707075,11116,250,-1,-1,1,530,90.2,0,-1.0,0,0,0,639,359
2127,26719,26718179,11104,250,-1,-1,1,547,90.0,0,-1.0,0,0,0,639,359
2128,26731,26729296,11117,250,-1,-1,1,526,90.0,0,-1.0,0,0,0,639,359
2129,26742,26740399,11103,250,-1,-1,1,524,90.0,0,-1.0,0,0,0,639,359
2130,26752,26751511,11112,250,-1,-1,1,525,90.0,0,-1.0,0,0,0,639,359
2131,26763,26762615,11104,250,-1,-1,1,525,90.1,0,-1.0,0,0,0,639,359
2132,26775,26773724,11109,250,-1,-1,1,528,90.1,0,-1.0,0,0,0,639,359
2133,26786,26784831,11107,250,-1,-1,1,528,90.1,0,-1.0,0,0,0,639,359
2134,26797,26795945,11114,250,-1,-1,1,524,90.1,1,-1.0,0,0,0,639,359
2135,26808,26807056,11111,250,-1,-1,1,533,90.1,0,-1.0,0,0,0,639,359
2136,26819,26818165,11109,250,-1,-1,1,547,90.0,0,-1.0,0,0,0,639,359
2137,26830,26829268,11103,250,-1,-1,1,526,90.0,0,-1.0,0,0,0,639,359
2138,26841,26840383,11115,250,-1,-1,1,526,90.0,0,-1.0,0,0,0,639,359
2139,26852,26851491,11108,250,-1,-1,1,526,90.0,0,-1.0,0,0,0,639,359
2140,26863,26862602,11111,250,-1,-1,1,525,90.1,0,-1.0,0,0,0,639,359
2141,26875,26873707,11105,250,-1,-1,1,525,90.1,0,-1.0,0,0,0,639,359
2142,26886,26884824,11117,250,-1,-1,1,524,90.1,0,-1.0,0,0,0,639,359
2143,26897,26895925,11101,250,-1,-1,1,528,90.1,1,-1.0,0,0,0,639,359
2144,26908,26907038,11113,250,-1,-1,1,545,90.1,0,-1.0,0,0,0,639,359
2145,26919,26918149,11111,250,-1,-1,1,535,90.0,0,-1.0,0,0,0,639,359
2146,26931,26929255,11106,250,-1,-1,1,525,90.0,0,-1.0,0,0,0,639,359
2147,26942,26940366,11111,250,-1,-1,1,524,90.0,0,-1.0,0,0,0,639,359
2148,26952,26951472,11106,250,-1,-1,1,527,90.0,0,-1.0,0,0,0,639,359
2149,26963,26962584,11112,250,-1,-1,1,526,90.0,0,-1.0,0,0,0,639,359
2150,26974,26973694,11110,250,-1,-1,1,525,90.1,0,-1.0,0,0,0,639,359
2151,26986,26984800,11106,250,-1,-1,1,526,90.1,0,-1.0,0,0,0,639,359
2152,26997,26995911,11111,250,-1,-1,1,526,90.1,1,-1.0,0,0,0,639,359
2153,27008,27007020,11109,250,-1,-1,1,545,90.1,0,-1.0,0,0,0,639,359
2154,27019,27018133,11113,250,-1,-1,1,546,90.0,0,-1.0,0,0,0,639,359
2155,27030,27029238,11105,250,-1,-1,1,526,90.0,0,-1.0,0,0,0,639,359
2156,27041,27040354,11116,250,-1,-1,1,529,90.0,0,-1.0,0,0,0,639,359
2157,27052,27051456,11102,250,-1,-1,1,528,90.0,0,-1.0,0,0,0,639,359
2158,27063,27062568,11112,250,-1,-1,1,527,90.0,0,-1.0,0,0,0,639,359
2159,27074,27073672,11104,250,-1,-1,1,526,90.1,0,-1.0,0,0,0,639,359
2160,27126,27084784,11112,250,-1,-1,1,636,85.4,0,-1.0,0,0,0,639,359
2161,27127,27118096,33312,250,-1,-1,1,604,86.6,1,-1.0,0,0,0,639,359
2162,27130,27129219,11123,250,-1,-1,1,603,87.5,0,-1.0,0,0,0,639,359
2163,27141,27140334,11115,250,-1,-1,1,526,87.5,0,-1.0,0,0,0,639,359
2164,27152,27151441,11107,250,-1,-1,1,524,87.6,0,-1.0,0,0,0,639,359
2165,27163,27162548,11107,250,-1,-1,1,630,87.6,0,-1.0,0,0,0,639,359
2166,27174,27173663,11115,250,-1,-1,1,547,87.7,0,-1.0,0,0,0,639,359
2167,27186,27184769,11106,250,-1,-1,1,628,87.7,0,-1.0,0,0,0,639,359
2168,27197,27195884,11115,250,-1,-1,1,632,87.8,0,-1.0,0,0,0,639,359
2169,27208,27206987,11103,250,-1,-1,1,527,87.8,0,-1.0,0,0,0,639,359
2170,27219,27218098,11111,250,-1,-1,1,526,87.8,1,-1.0,0,0,0,639,359
2171,27230,27229204,11106,250,-1,-1,1,539,87.8,0,-1.0,0,0,0,639,359
2172,27241,27240318,11114,250,-1,-1,1,532,87.8,0,-1.0,0,0,0,639,359
2173,27253,27251422,11104,250,-1,-1,1,525,87.9,0,-1.0,0,0,0,639,359
2174,27263,27262538,11116,250,-1,-1,1,563,87.9,0,-1.0,0,0,0,639,359
2175,27274,27273640,11102,250,-1,-1,1,527,87.9,0,-1.0,0,0,0,639,359
2176,27286,27284752,11112,250,-1,-1,1,528,88.0,0,-1.0,0,0,0,639,359
2177,27297,27295855,11103,250,-1,-1,1,525,88.0,0,-1.0,0,0,0,639,359
2178,27308,27306968,11113,250,-1,-1,1,526,88.0,0,-1.0,0,0,0,639,359
2179,27319,27318075,11107,250,-1,-1,1,525,88.1,1,-1.0,0,0,0,639,359
2180,27330,27329191,11116,250,-1,-1,1,545,88.0,0,-1.0,0,0,0,639,359
2181,27370,27362649,33458,250,-1,-1,1,1093,25.0,0,-1.0,0,0,0,639,359
2182,27374,27373614,10965,250,-1,-1,1,525,45.5,0,-1.0,0,0,0,639,359
2183,27386,27384735,11121,250,-1,-1,1,527,54.5,0,-1.0,0,0,0,639,359
2184,27397,27395842,11107,250,-1,-1,1,528,60.6,0,-1.0,0,0,0,639,359
2185,27408,27406947,11105,250,-1,-1,1,527,64.9,0,-1.0,0,0,0,639,359
2186,27419,27418058,11111,250,-1,-1,1,527,68.2,0,-1.0,0,0,0,639,359
2187,27430,27429166,11108,250,-1,-1,1,527,70.0,0,-1.0,0,0,0,639,359
2188,27441,27440282,11116,250,-1,-1,1,526,72.1,1,-1.0,0,0,0,639,359
2189,27452,27451390,11108,250,-1,-1,1,547,73.8,0,-1.0,0,0,0,639,359
2190,27463,27462500,11110,250,-1,-1,1,545,75.2,0,-1.0,0,0,0,639,359
2191,27475,27473607,11107,250,-1,-1,1,524,76.4,0,-1.0,0,0,0,639,359
2192,27486,27484720,11113,250,-1,-1,1,524,77.4,0,-1.0,0,0,0,639,359
2193,27497,27495826,11106,250,-1,-1,1,524,78.3,0,-1.0,0,0,0,639,359
2194,27508,27506937,11111,250,-1,-1,1,524,79.1,0,-1.0,0,0,0,639,359
2195,27519,27518043,11106,250,-1,-1,1,528,79.8,0,-1.0,0,0,0,639,359
2196,27530,27529156,11113,250,-1,-1,1,528,80.4,0,-1.0,0,0,0,639,359
2197,27541,27540261,11105,250,-1,-1,1,528,80.6,1,-1.0,0,0,0,639,359
2198,27552,27551374,11113,250,-1,-1,1,531,81.1,0,-1.0,0,0,0,639,359
2199,27563,27562483,11109,250,-1,-1,1,546,81.5,0,-1.0,0,0,0,639,359
2200,27575,27573594,11111,250,-1,-1,1,528,82.0,0,-1.0,0,0,0,639,359
2201,27586,27584696,11102,250,-1,-1,1,633,82.4,0,-1.0,0,0,0,639,359
2202,27597,27595812,11116,250,-1,-1,1,526,82.7,0,-1.0,0,0,0,639,359
2203,27608,27606918,11106,250,-1,-1,1,525,83.0,0,-1.0,0,0,0,639,359
2204,27619,27618028,11110,250,-1,-1,1,525,83.3,0,-1.0,0,0,0,639,359
2205,27630,27629135,11107,250,-1,-1,1,526,83.6,0,-1.0,0,0,0,639,359
2206,27641,27640242,11107,250,-1,-1,1,527,83.6,1,-1.0,0,0,0,639,359
2207,27652,27651357,11115,250,-1,-1,1,539,83.9,0,-1.0,0,0,0,639,359
2208,27663,27662466,11109,250,-1,-1,1,534,84.1,0,-1.0,0,0,0,639,359
2209,27675,27673572,11106,250,-1,-1,1,525,84.3,0,-1.0,0,0,0,639,359
2210,27686,27684686,11114,250,-1,-1,1,524,84.3,0,-1.0,0,0,0,639,359
2211,27697,27695790,11104,250,-1,-1,1,527,84.7,0,-1.0,0,0,0,639,359
2212,27708,27706899,11109,250,-1,-1,1,528,84.9,0,-1.0,0,0,0,639,359
2213,27719,27718007,11108,250,-1,-1,1,525,85.1,0,-1.0,0,0,0,639,359
2214,27730,27729120,11113,250,-1,-1,1,524,85.2,0,-1.0,0,0,0,639,359
2215,27741,27740224,11104,250,-1,-1,1,525,85.2,1,-1.0,0,0,0,639,359
2216,27752,27751342,11118,250,-1,-1,1,545,85.3,0,-1.0,0,0,0,639,359
2217,27763,27762445,11103,250,-1,-1,1,547,85.5,0,-1.0,0,0,0,639,359
2218,27775,27773557,11112,250,-1,-1,1,525,85.6,0,-1.0,0,0,0,639,359
2219,27786,27784667,11110,250,-1,-1,1,582,85.7,0,-1.0,0,0,0,639,359
2220,27797,27795776,11109,250,-1,-1,1,526,85.8,0,-1.0,0,0,0,639,359
2221,27808,27806883,11107,250,-1,-1,1,527,86.0,0,-1.0,0,0,0,639,359
2222,27819,27817991,11108,250,-1,-1,1,527,86.1,0,-1.0,0,0,0,639,359
2223,27830,27829099,11108,250,-1,-1,1,524,86.2,0,-1.0,0,0,0,639,359
2224,27841,27840211,11112,250,-1,-1,1,525,86.1,1,-1.0,0,0,0,639,359
2225,27852,27851323,11112,250,-1,-1,1,544,86.2,0,-1.0,0,0,0,639,359
2226,27863,27862437,11114,250,-1,-1,1,545,86.3,0,-1.0,0,0,0,639,359
2227,27875,27873540,11103,250,-1,-1,1,526,86.4,0,-1.0,0,0,0,639,359
2228,27886,27884652,11112,250,-1,-1,1,525,86.3,0,-1.0,0,0,0,639,359
2229,27897,27895756,11104,250,-1,-1,1,528,86.6,0,-1.0,0,0,0,639,359
2230,27908,27906866,11110,250,-1,-1,1,526,86.7,0,-1.0,0,0,0,639,359
2231,27919,27917974,11108,250,-1,-1,1,524,86.7,0,-1.0,0,0,0,639,359
2232,27930,27929084,11110,250,-1,-1,1,527,86.8,0,-1.0,0,0,0,639,359
2233,27941,27940193,11109,250,-1,-1,1,529,86.7,1,-1.0,0,0,0,639,359
2234,27952,27951307,11114,250,-1,-1,1,546,86.8,0,-1.0,0,0,0,639,359
2235,27963,27962413,11106,250,-1,-1,1,546,86.9,0,-1.0,0,0,0,639,359
2236,27974,27973525,11112,250,-1,-1,1,533,87.0,0,-1.0,0,0,0,639,359
2237,27985,27984634,11109,250,-1,-1,1,526,87.0,0,-1.0,0,0,0,639,359
2238,27997,27995743,11109,250,-1,-1,1,524,87.1,0,-1.0,0,0,0,639,359
2239,28008,28006848,11105,250,-1,-1,1,526,87.1,0,-1.0,0,0,0,639,359
2240,28019,28017959,11111,250,-1,-1,1,526,87.2,0,-1.0,0,0,0,639,359
2241,28030,28029064,11105,250,-1,-1,1,528,87.3,0,-1.0,0,0,0,639,359
2242,28041,28040176,11112,250,-1,-1,1,526,87.2,1,-1.0,0,0,0,639,359
2243,28052,28051286,11110,250,-1,-1,1,535,87.3,0,-1.0,0,0,0,639,359
2244,28063,28062403,11117,250,-1,-1,1,532,87.3,0,-1.0,0,0,0,639,359
2245,28074,28073502,11099,250,-1,-1,1,527,87.4,0,-1.0,0,0,0,639,359
2246,28085,28084617,11115,250,-1,-1,1,526,87.4,0,-1.0,0,0,0,639,359
2247,28097,28095723,11106,250,-1,-1,1,524,87.5,0,-1.0,0,0,0,639,359
2248,28108,28106835,11112,250,-1,-1,1,525,87.5,0,-1.0,0,0,0,639,359
2249,28119,28117937,11102,250,-1,-1,1,526,87.6,0,-1.0,0,0,0,639,359
2250,28175,28129052,11115,250,-1,-1,1,611,82.9,0,-1.0,0,0,0,639,359
2251,28176,28173472,44420,250,-1,-1,1,602,84.0,1,-1.0,0,0,0,639,359
2252,28185,28184597,11125,250,-1,-1,1,527,84.2,0,-1.0,0,0,0,639,359
2253,28197,28195707,11110,250,-1,-1,1,525,84.3,0,-1.0,0,0,0,639,359
2254,28208,28206814,11107,250,-1,-1,1,550,84.4,0,-1.0,0,0,0,639,359
2255,28219,28217927,11113,250,-1,-1,1,528,84.5,0,-1.0,0,0,0,639,359
2256,28230,28229035,11108,250,-1,-1,1,546,84.5,0,-1.0,0,0,0,639,359
2257,28241,28240148,11113,250,-1,-1,1,526,84.6,0,-1.0,0,0,0,639,359
2258,28253,28251253,11105,250,-1,-1,1,525,84.6,0,-1.0,0,0,0,639,359
2259,28263,28262363,11110,250,-1,-1,1,527,84.7,0,-1.0,0,0,0,639,359
2260,28274,28273467,11104,250,-1,-1,1,524,84.7,1,-1.0,0,0,0,639,359
2261,28285,28284582,11115,250,-1,-1,1,544,84.8,0,-1.0,0,0,0,639,359
2262,28297,28295684,11102,250,-1,-1,1,542,84.9,0,-1.0,0,0,0,639,359
2263,28308,28306801,11117,250,-1,-1,1,525,84.9,0,-1.0,0,0,0,639,359
2264,28319,28317906,11105,250,-1,-1,1,527,85.0,0,-1.0,0,0,0,639,359
2265,28330,28329022,11116,250,-1,-1,1,529,85.1,0,-1.0,0,0,0,639,359
2266,28341,28340123,11101,250,-1,-1,1,527,85.1,0,-1.0,0,0,0,639,359
2267,28356,28351240,11117,250,-1,-1,1,525,66.7,0,-1.0,0,0,0,639,359
2268,28363,28362342,11102,250,-1,-1,1,524,87.0,0,-1.0,0,0,0,639,359
2269,28374,28373458,11116,250,-1,-1,1,524,88.2,1,-1.0,0,0,0,639,359
2270,28385,28384565,11107,250,-1,-1,1,547,88.9,0,-1.0,0,0,0,639,359
2271,28397,28395675,11110,250,-1,-1,1,549,89.3,0,-1.0,0,0,0,639,359
2272,28408,28406779,11104,250,-1,-1,1,524,88.2,0,-1.0,0,0,0,639,359
2273,28419,28417896,11117,250,-1,-1,1,525,88.6,0,-1.0,0,0,0,639,359
2274,28430,28429001,11105,250,-1,-1,1,526,89.9,0,-1.0,0,0,0,639,359
2275,28441,28440105,11104,250,-1,-1,1,527,90.0,0,-1.0,0,0,0,639,359
2276,28452,28451213,11108,250,-1,-1,1,527,89.3,0,-1.0,0,0,0,639,359
2277,28463,28462325,11112,250,-1,-1,1,527,89.4,0,-1.0,0,0,0,639,359
2278,28474,28473433,11108,250,-1,-1,1,528,89.6,1,-1.0,0,0,0,639,359
2279,28485,28484548,11115,250,-1,-1,1,546,89.7,0,-1.0,0,0,0,639,359
2280,28496,28495655,11107,250,-1,-1,1,546,89.7,0,-1.0,0,0,0,639,359
2281,28508,28506766,11111,250,-1,-1,1,526,89.8,0,-1.0,0,0,0,639,359
2282,28519,28517873,11107,250,-1,-1,1,524,89.9,0,-1.0,0,0,0,639,359
2283,28530,28528984,11111,250,-1,-1,1,525,89.9,0,-1.0,0,0,0,639,359
2284,28541,28540085,11101,250,-1,-1,1,526,90.0,0,-1.0,0,0,0,639,359
2285,28552,28551202,11117,250,-1,-1,1,527,89.6,0,-1.0,0,0,0,639,359
2286,28563,28562306,11104,250,-1,-1,1,527,89.7,0,-1.0,0,0,0,639,359
2287,28574,28573418,11112,250,-1,-1,1,527,89.7,1,-1.0,0,0,0,639,359
2288,28585,28584527,11109,250,-1,-1,1,531,89.8,0,-1.0,0,0,0,639,359
2289,28596,28595635,11108,250,-1,-1,1,528,89.8,0,-1.0,0,0,0,639,359
2290,28608,28606746,11111,250,-1,-1,1,524,89.9,0,-1.0,0,0,0,639,359
2291,28619,28617859,11113,250,-1,-1,1,524,89.9,0,-1.0,0,0,0,639,359
2292,28630,28628965,11106,250,-1,-1,1,525,90.0,0,-1.0,0,0,0,639,359
2293,28641,28640078,11113,250,-1,-1,1,526,90.0,0,-1.0,0,0,0,639,359
2294,28652,28651182,11104,250,-1,-1,1,524,89.7,0,-1.0,0,0,0,639,359
2295,28663,28662292,11110,250,-1,-1,1,526,89.8,0,-1.0,0,0,0,639,359
2296,28674,28673398,11106,250,-1,-1,1,528,89.8,1,-1.0,0,0,0,639,359
2297,28685,28684514,11116,250,-1,-1,1,542,89.9,0,-1.0,0,0,0,639,359
2298,28696,28695620,11106,250,-1,-1,1,536,89.9,0,-1.0,0,0,0,639,359
2299,28708,28706727,11107,250,-1,-1,1,527,89.9,0,-1.0,0,0,0,639,359
2300,28719,28717837,11110,250,-1,-1,1,526,89.9,0,-1.0,0,0,0,639,359
2301,28730,28728947,11110,250,-1,-1,1,525,90.0,0,-1.0,0,0,0,639,359
2302,28741,28740053,11106,250,-1,-1,1,525,90.0,0,-1.0,0,0,0,639,359
2303,28752,28751165,11112,250,-1,-1,1,525,89.8,0,-1.0,0,0,0,639,359
2304,28763,28762272,11107,250,-1,-1,1,525,89.8,0,-1.0,0,0,0,639,359
2305,28774,28773384,11112,250,-1,-1,1,524,89.9,1,-1.0,0,0,0,639,359
2306,28785,28784497,11113,250,-1,-1,1,545,89.9,0,-1.0,0,0,0,639,359
2307,28796,28795602,11105,250,-1,-1,1,540,89.9,0,-1.0,0,0,0,639,359
2308,28808,28806713,11111,250,-1,-1,1,526,89.9,0,-1.0,0,0,0,639,359
2309,28819,28817823,11110,250,-1,-1,1,628,90.0,0,-1.0,0,0,0,639,359
2310,28830,28828929,11106,250,-1,-1,1,527,90.0,0,-1.0,0,0,0,639,359
2311,28841,28840035,11106,250,-1,-1,1,527,90.0,0,-1.0,0,0,0,639,359
2312,28852,28851144,11109,250,-1,-1,1,527,89.8,0,-1.0,0,0,0,639,359
2313,28863,28862260,11116,250,-1,-1,1,527,89.9,0,-1.0,0,0,0,639,359
2314,28874,28873365,11105,250,-1,-1,1,525,89.9,1,-1.0,0,0,0,639,359
2315,28885,28884479,11114,250,-1,-1,1,544,89.9,0,-1.0,0,0,0,639,359
2316,28896,28895588,11109,250,-1,-1,1,545,89.9,0,-1.0,0,0,0,639,359
2317,28908,28906700,11112,250,-1,-1,1,525,89.9,0,-1.0,0,0,0,639,359
2318,28919,28917803,11103,250,-1,-1,1,557,90.0,0,-1.0,0,0,0,639,359
2319,28930,28928915,11112,250,-1,-1,1,526,90.0,0,-1.0,0,0,0,639,359
2320,28941,28940021,11106,250,-1,-1,1,526,90.0,0,-1.0,0,0,0,639,359
2321,28952,28951132,11111,250,-1,-1,1,526,90.0,0,-1.0,0,0,0,639,359
2322,28963,28962238,11106,250,-1,-1,1,525,89.9,0,-1.0,0,0,0,639,359
2323,28974,28973351,11113,250,-1,-1,1,528,89.9,1,-1.0,0,0,0,639,359
2324,28985,28984464,11113,250,-1,-1,1,527,89.9,0,-1.0,0,0,0,639,359
2325,28996,28995570,11106,250,-1,-1,1,543,89.9,0,-1.0,0,0,0,639,359
2326,29008,29006674,11104,250,-1,-1,1,526,90.0,0,-1.0,0,0,0,639,359
2327,29019,29017791,11117,250,-1,-1,1,632,90.0,0,-1.0,0,0,0,639,359
2328,29030,29028896,11105,250,-1,-1,1,524,90.0,0,-1.0,0,0,0,639,359
2329,29041,29040007,11111,250,-1,-1,1,526,90.0,0,-1.0,0,0,0,639,359
2330,29052,29051110,11103,250,-1,-1,1,525,90.0,0,-1.0,0,0,0,639,359
2331,29063,29062225,11115,250,-1,-1,1,525,89.9,0,-1.0,0,0,0,639,359
2332,29074,29073329,11104,250,-1,-1,1,528,89.9,1,-1.0,0,0,0,639,359
2333,29085,29084445,11116,250,-1,-1,1,540,89.9,0,-1.0,0,0,0,639,359
2334,29096,29095551,11106,250,-1,-1,1,536,89.9,0,-1.0,0,0,0,639,359
2335,29108,29106663,11112,250,-1,-1,1,525,89.8,0,-1.0,0,0,0,639,359
2336,29119,29117771,11108,250,-1,-1,1,526,90.0,0,-1.0,0,0,0,639,359
2337,29130,29128883,11112,250,-1,-1,1,525,90.0,0,-1.0,0,0,0,639,359
2338,29141,29139986,11103,250,-1,-1,1,524,90.0,0,-1.0,0,0,0,639,359
2339,29152,29151097,11111,250,-1,-1,1,525,90.0,0,-1.0,0,0,0,639,359
2340,29212,29162206,11109,250,-1,-1,1,607,84.9,0,-1.0,0,0,0,639,359
2341,29213,29206628,44422,250,-1,-1,1,601,85.9,1,-1.0,0,0,0,639,359
2342,29219,29217773,11145,250,-1,-1,1,537,86.6,0,-1.0,0,0,0,639,359
2343,29230,29228863,11090,250,-1,-1,1,534,86.6,0,-1.0,0,0,0,639,359
2344,29241,29239975,11112,250,-1,-1,1,525,86.6,0,-1.0,0,0,0,639,359
2345,29252,29251080,11105,250,-1,-1,1,526,86.6,0,-1.0,0,0,0,639,359
2346,29263,29262195,11115,250,-1,-1,1,548,86.7,0,-1.0,0,0,0,639,359
2347,29274,29273396,11201,250,-1,-1,1,604,86.7,0,-1.0,0,0,0,639,359
2348,29285,29284412,11016,250,-1,-1,1,524,86.8,0,-1.0,0,0,0,639,359
2349,29296,29295582,11170,250,-1,-1,1,526,86.8,0,-1.0,0,0,0,639,359
2350,29307,29306627,11045,250,-1,-1,1,525,86.9,1,-1.0,0,0,0,639,359
2351,29319,29317735,11108,250,-1,-1,1,543,86.9,0,-1.0,0,0,0,639,359
2352,29330,29328848,11113,250,-1,-1,1,539,87.0,0,-1.0,0,0,0,639,359
2353,29341,29339953,11105,250,-1,-1,1,524,87.0,0,-1.0,0,0,0,639,359
2354,29365,29362160,22207,250,-1,-1,1,525,40.0,0,-1.0,0,0,0,639,359
2355,29374,29373281,11121,250,-1,-1,1,525,58.8,0,-1.0,0,0,0,639,359
2356,29385,29384391,11110,250,-1,-1,1,525,66.7,0,-1.0,0,0,0,639,359
2357,29396,29395498,11107,250,-1,-1,1,524,71.4,0,-1.0,0,0,0,639,359
2358,29407,29406609,11111,250,-1,-1,1,524,74.6,0,-1.0,0,0,0,639,359
2359,29419,29417717,11108,250,-1,-1,1,525,76.9,1,-1.0,0,0,0,639,359
2360,29430,29428829,11112,250,-1,-1,1,544,78.7,0,-1.0,0,0,0,639,359
2361,29441,29439938,11109,250,-1,-1,1,548,80.0,0,-1.0,0,0,0,639,359
2362,29452,29451044,11106,250,-1,-1,1,528,81.1,0,-1.0,0,0,0,639,359
2363,29463,29462160,11116,250,-1,-1,1,526,81.3,0,-1.0,0,0,0,639,359
2364,29474,29473263,11103,250,-1,-1,1,525,82.1,0,-1.0,0,0,0,639,359
2365,29485,29484372,11109,250,-1,-1,1,527,82.8,0,-1.0,0,0,0,639,359
2366,29496,29495481,11109,250,-1,-1,1,526,83.3,0,-1.0,0,0,0,639,359
2367,29507,29506592,11111,250,-1,-1,1,526,83.8,0,-1.0,0,0,0,639,359
2368,29519,29517695,11103,250,-1,-1,1,524,84.3,1,-1.0,0,0,0,639,359
2369,29530,29528813,11118,250,-1,-1,1,543,84.7,0,-1.0,0,0,0,639,359
2370,29541,29539919,11106,250,-1,-1,1,545,85.0,0,-1.0,0,0,0,639,359
2371,29552,29551033,11114,250,-1,-1,1,525,85.3,0,-1.0,0,0,0,639,359
2372,29563,29562139,11106,250,-1,-1,1,526,85.2,0,-1.0,0,0,0,639,359
2373,29574,29573250,11111,250,-1,-1,1,528,85.5,0,-1.0,0,0,0,639,359
2374,29585,29584355,11105,250,-1,-1,1,526,85.7,0,-1.0,0,0,0,639,359
2375,29596,29595465,11110,250,-1,-1,1,527,85.9,0,-1.0,0,0,0,639,359
2376,29607,29606574,11109,250,-1,-1,1,526,86.1,0,-1.0,0,0,0,639,359
2377,29619,29617682,11108,250,-1,-1,1,528,86.3,1,-1.0,0,0,0,639,359
2378,29630,29628795,11113,250,-1,-1,1,546,86.5,0,-1.0,0,0,0,639,359
2379,29641,29639908,11113,250,-1,-1,1,545,86.7,0,-1.0,0,0,0,639,359
2380,29652,29651015,11107,250,-1,-1,1,525,86.8,0,-1.0,0,0,0,639,359
2381,29663,29662124,11109,250,-1,-1,1,628,86.7,0,-1.0,0,0,0,639,359
2382,29674,29673227,11103,250,-1,-1,1,525,86.8,0,-1.0,0,0,0,639,359
2383,29685,29684338,11111,250,-1,-1,1,525,87.0,0,-1.0,0,0,0,639,359
2384,29696,29695448,11110,250,-1,-1,1,524,87.1,0,-1.0,0,0,0,639,359
2385,29707,29706558,11110,250,-1,-1,1,524,87.2,0,-1.0,0,0,0,639,359
2386,29718,29717665,11107,250,-1,-1,1,528,87.3,1,-1.0,0,0,0,639,359
2387,29730,29728780,11115,250,-1,-1,1,543,87.4,0,-1.0,0,0,0,639,359
2388,29741,29739884,11104,250,-1,-1,1,540,87.5,0,-1.0,0,0,0,639,359
2389,29752,29751000,11116,250,-1,-1,1,526,87.6,0,-1.0,0,0,0,639,359
2390,29763,29762106,11106,250,-1,-1,1,526,87.7,0,-1.0,0,0,0,639,359
2391,29774,29773217,11111,250,-1,-1,1,528,87.6,0,-1.0,0,0,0,639,359
2392,29785,29784319,11102,250,-1,-1,1,526,87.6,0,-1.0,0,0,0,639,359
2393,29796,29795429,11110,250,-1,-1,1,526,87.7,0,-1.0,0,0,0,639,359
2394,29807,29806540,11111,250,-1,-1,1,525,87.8,0,-1.0,0,0,0,639,359
2395,29818,29817651,11111,250,-1,-1,1,525,87.9,1,-1.0,0,0,0,639,359
2396,29830,29828766,11115,250,-1,-1,1,547,87.9,0,-1.0,0,0,0,639,359
2397,29841,29839871,11105,250,-1,-1,1,544,88.0,0,-1.0,0,0,0,639,359
2398,29852,29850976,11105,250,-1,-1,1,524,88.1,0,-1.0,0,0,0,639,359
2399,29863,29862087,11111,250,-1,-1,1,628,88.0,0,-1.0,0,0,0,639,359
2400,29874,29873192,11105,250,-1,-1,1,527,88.0,0,-1.0,0,0,0,639,359
2401,29885,29884304,11112,250,-1,-1,1,526,88.1,0,-1.0,0,0,0,639,359
2402,29896,29895414,11110,250,-1,-1,1,525,88.1,0,-1.0,0,0,0,639,359
2403,29907,29906525,11111,250,-1,-1,1,524,88.2,0,-1.0,0,0,0,639,359
2404,29918,29917627,11102,250,-1,-1,1,524,88.2,1,-1.0,0,0,0,639,359
2405,29930,29928748,11121,250,-1,-1,1,546,88.3,0,-1.0,0,0,0,639,359
2406,29941,29939854,11106,250,-1,-1,1,547,88.3,0,-1.0,0,0,0,639,359
2407,29952,29950962,11108,250,-1,-1,1,526,88.4,0,-1.0,0,0,0,639,359
2408,29963,29962070,11108,250,-1,-1,1,527,88.4,0,-1.0,0,0,0,639,359
2409,29974,29973181,11111,250,-1,-1,1,527,88.3,0,-1.0,0,0,0,639,359
2410,29985,29984285,11104,250,-1,-1,1,528,88.4,0,-1.0,0,0,0,639,359
2411,29996,29995396,11111,250,-1,-1,1,528,88.4,0,-1.0,0,0,0,639,359
2412,30007,30006502,11106,250,-1,-1,1,525,88.5,0,-1.0,0,0,0,639,359
2413,30018,30017620,11118,250,-1,-1,1,526,88.5,1,-1.0,0,0,0,639,359
2414,30030,30028726,11106,250,-1,-1,1,546,88.5,0,-1.0,0,0,0,639,359
2415,30041,30039835,11109,250,-1,-1,1,544,88.6,0,-1.0,0,0,0,639,359
2416,30052,30050941,11106,250,-1,-1,1,526,88.6,0,-1.0,0,0,0,639,359
2417,30063,30062055,11114,250,-1,-1,1,525,88.6,0,-1.0,0,0,0,639,359
2418,30074,30073157,11102,250,-1,-1,1,530,88.7,0,-1.0,0,0,0,639,359
2419,30085,30084269,11112,250,-1,-1,1,527,88.6,0,-1.0,0,0,0,639,359
2420,30096,30095376,11107,250,-1,-1,1,525,88.6,0,-1.0,0,0,0,639,359
2421,30107,30106491,11115,250,-1,-1,1,560,88.7,0,-1.0,0,0,0,639,359
2422,30118,30117598,11107,250,-1,-1,1,528,88.7,1,-1.0,0,0,0,639,359
2423,30130,30128712,11114,250,-1,-1,1,545,88.7,0,-1.0,0,0,0,639,359
2424,30141,30139820,11108,250,-1,-1,1,545,88.8,0,-1.0,0,0,0,639,359
2425,30152,30150930,11110,250,-1,-1,1,525,88.7,0,-1.0,0,0,0,639,359
2426,30163,30162037,11107,250,-1,-1,1,615,88.7,0,-1.0,0,0,0,639,359
2427,30174,30173147,11110,250,-1,-1,1,526,88.8,0,-1.0,0,0,0,639,359
2428,30185,30184253,11106,250,-1,-1,1,524,88.8,0,-1.0,0,0,0,639,359
2429,30196,30195361,11108,250,-1,-1,1,529,88.8,0,-1.0,0,0,0,639,359
2430,30294,30206473,11112,250,-1,-1,1,790,80.7,0,-1.0,0,0,0,639,359
2431,30297,30284222,77749,250,-1,-1,1,527,81.6,1,-1.0,0,0,0,639,359
2432,30298,30295337,11115,250,-1,-1,1,524,82.5,0,-1.0,0,0,0,639,359
2433,30308,30306459,11122,250,-1,-1,1,542,82.7,0,-1.0,0,0,0,639,359
2434,30318,30317563,11104,250,-1,-1,1,543,82.8,0,-1.0,0,0,0,639,359
2435,30330,30328747,11184,250,-1,-1,1,624,82.9,0,-1.0,0,0,0,639,359
2436,30341,30339822,11075,250,-1,-1,1,526,83.0,0,-1.0,0,0,0,639,359
2437,30359,30350891,11069,250,-1,-1,1,636,55.6,0,-1.0,0,0,0,639,359
2438,30363,30361994,11103,250,-1,-1,1,526,90.9,0,-1.0,0,0,0,639,359
2439,30374,30373109,11115,250,-1,-1,1,528,90.9,0,-1.0,0,0,0,639,359
2440,30385,30384215,11106,250,-1,-1,1,528,88.9,1,-1.0,0,0,0,639,359
2441,30396,30395331,11116,250,-1,-1,1,545,89.3,0,-1.0,0,0,0,639,359
2442,30407,30406440,11109,250,-1,-1,1,548,89.6,0,-1.0,0,0,0,639,359
2443,30418,30417548,11108,250,-1,-1,1,525,89.7,0,-1.0,0,0,0,639,359
2444,30430,30428661,11113,250,-1,-1,1,628,89.9,0,-1.0,0,0,0,639,359
2445,30441,30439767,11106,250,-1,-1,1,526,90.0,0,-1.0,0,0,0,639,359
2446,30452,30450872,11105,250,-1,-1,1,528,90.1,0,-1.0,0,0,0,639,359
2447,30463,30461984,11112,250,-1,-1,1,526,90.2,0,-1.0,0,0,0,639,359
2448,30474,30473095,11111,250,-1,-1,1,528,90.2,0,-1.0,0,0,0,639,359
2449,30485,30484201,11106,250,-1,-1,1,524,89.7,1,-1.0,0,0,0,639,359
2450,30496,30495314,11113,250,-1,-1,1,530,89.7,0,-1.0,0,0,0,639,359
2451,30507,30506422,11108,250,-1,-1,1,527,89.8,0,-1.0,0,0,0,639,359
2452,30518,30517532,11110,250,-1,-1,1,525,89.9,0,-1.0,0,0,0,639,359
2453,30529,30528640,11108,250,-1,-1,1,524,89.9,0,-1.0,0,0,0,639,359
2454,30541,30539747,11107,250,-1,-1,1,525,90.0,0,-1.0,0,0,0,639,359
2455,30552,30550857,11110,250,-1,-1,1,526,90.0,0,-1.0,0,0,0,639,359
2456,30563,30561968,11111,250,-1,-1,1,523,90.1,0,-1.0,0,0,0,639,359
2457,30574,30573077,11109,250,-1,-1,1,527,90.1,0,-1.0,0,0,0,639,359
2458,30585,30584182,11105,250,-1,-1,1,527,89.8,1,-1.0,0,0,0,639,359
2459,30596,30595297,11115,250,-1,-1,1,542,89.8,0,-1.0,0,0,0,639,359
2460,30607,30606403,11106,250,-1,-1,1,534,89.9,0,-1.0,0,0,0,639,359
2461,30618,30617517,11114,250,-1,-1,1,526,89.9,0,-1.0,0,0,0,639,359
2462,30629,30628625,11108,250,-1,-1,1,526,90.0,0,-1.0,0,0,0,639,359
2463,30641,30639730,11105,250,-1,-1,1,528,90.0,0,-1.0,0,0,0,639,359
2464,30652,30650835,11105,250,-1,-1,1,525,90.0,0,-1.0,0,0,0,639,359
2465,30663,30661950,11115,250,-1,-1,1,524,90.1,0,-1.0,0,0,0,639,359
2466,30674,30673060,11110,250,-1,-1,1,525,90.1,0,-1.0,0,0,0,639,359
2467,30685,30684167,11107,250,-1,-1,1,525,89.9,1,-1.0,0,0,0,639,359
2468,30696,30695279,11112,250,-1,-1,1,546,89.9,0,-1.0,0,0,0,639,359
2469,30707,30706389,11110,250,-1,-1,1,547,89.9,0,-1.0,0,0,0,639,359
2470,30718,30717492,11103,250,-1,-1,1,527,89.9,0,-1.0,0,0,0,639,359
2471,30729,30728610,11118,250,-1,-1,1,628,90.0,0,-1.0,0,0,0,639,359
2472,30741,30739712,11102,250,-1,-1,1,527,90.0,0,-1.0,0,0,0,639,359
2473,30752,30750823,11111,250,-1,-1,1,528,90.0,0,-1.0,0,0,0,639,359
2474,30763,30761931,11108,250,-1,-1,1,526,90.0,0,-1.0,0,0,0,639,359
2475,30774,30773043,11112,250,-1,-1,1,525,90.1,0,-1.0,0,0,0,639,359
2476,30785,30784149,11106,250,-1,-1,1,525,90.1,1,-1.0,0,0,0,639,359
2477,30796,30795265,11116,250,-1,-1,1,526,89.9,0,-1.0,0,0,0,639,359
2478,30807,30806370,11105,250,-1,-1,1,544,89.9,0,-1.0,0,0,0,639,359
2479,30818,30817479,11109,250,-1,-1,1,627,90.0,0,-1.0,0,0,0,639,359
2480,30829,30828586,11107,250,-1,-1,1,529,90.0,0,-1.0,0,0,0,639,359
2481,30840,30839697,11111,250,-1,-1,1,526,90.0,0,-1.0,0,0,0,639,359
2482,30852,30850803,11106,250,-1,-1,1,528,90.0,0,-1.0,0,0,0,639,359
2483,30863,30861915,11112,250,-1,-1,1,526,90.0,0,-1.0,0,0,0,639,359
2484,30874,30873023,11108,250,-1,-1,1,526,90.1,0,-1.0,0,0,0,639,359
2485,30885,30884132,11109,250,-1,-1,1,526,90.1,1,-1.0,0,0,0,639,359
2486,30896,30895244,11112,250,-1,-1,1,547,89.9,0,-1.0,0,0,0,639,359
2487,30907,30906355,11111,250,-1,-1,1,546,89.9,0,-1.0,0,0,0,639,359
2488,30918,30917464,11109,250,-1,-1,1,526,90.0,0,-1.0,0,0,0,639,359
2489,30929,30928575,11111,250,-1,-1,1,524,90.0,0,-1.0,0,0,0,639,359
2490,30940,30939678,11103,250,-1,-1,1,525,90.0,0,-1.0,0,0,0,639,359
2491,30952,30950790,11112,250,-1,-1,1,524,90.0,0,-1.0,0,0,0,639,359
2492,30963,30961899,11109,250,-1,-1,1,529,90.0,0,-1.0,0,0,0,639,359
2493,30974,30973006,11107,250,-1,-1,1,527,90.0,0,-1.0,0,0,0,639,359
2494,30985,30984118,11112,250,-1,-1,1,528,90.1,1,-1.0,0,0,0,639,359
2495,30996,30995228,11110,250,-1,-1,1,535,89.9,0,-1.0,0,0,0,639,359
2496,31007,31006332,11104,250,-1,-1,1,529,90.0,0,-1.0,0,0,0,639,359
2497,31018,31017450,11118,250,-1,-1,1,525,90.0,0,-1.0,0,0,0,639,359
2498,31029,31028555,11105,250,-1,-1,1,527,90.0,0,-1.0,0,0,0,639,359
2499,31040,31039662,11107,250,-1,-1,1,524,90.0,0,-1.0,0,0,0,639,359
2500,31052,31050770,11108,250,-1,-1,1,525,90.0,0,-1.0,0,0,0,639,359
2501,31063,31061882,11112,250,-1,-1,1,526,90.0,0,-1.0,0,0,0,639,359
2502,31074,31072991,11109,250,-1,-1,1,526,90.0,0,-1.0,0,0,0,639,359
2503,31085,31084102,11111,250,-1,-1,1,524,90.1,1,-1.0,0,0,0,639,359
2504,31096,31095210,11108,250,-1,-1,1,545,89.9,0,-1.0,0,0,0,639,359
2505,31107,31106318,11108,250,-1,-1,1,545,90.0,0,-1.0,0,0,0,639,359
2506,31118,31117429,11111,250,-1,-1,1,527,90.0,0,-1.0,0,0,0,639,359
2507,31129,31128537,11108,250,-1,-1,1,629,90.0,0,-1.0,0,0,0,639,359
2508,31140,31139645,11108,250,-1,-1,1,529,90.0,0,-1.0,0,0,0,639,359
2509,31152,31150755,11110,250,-1,-1,1,528,90.0,0,-1.0,0,0,0,639,359
2510,31163,31161861,11106,250,-1,-1,1,527,90.0,0,-1.0,0,0,0,639,359
2511,31174,31172973,11112,250,-1,-1,1,526,90.0,0,-1.0,0,0,0,639,359
2512,31185,31184079,11106,250,-1,-1,1,527,90.0,1,-1.0,0,0,0,639,359
2513,31196,31195197,11118,250,-1,-1,1,545,90.0,0,-1.0,0,0,0,639,359
2514,31207,31206304,11107,250,-1,-1,1,546,90.0,0,-1.0,0,0,0,639,359
2515,31218,31217416,11112,250,-1,-1,1,524,90.0,0,-1.0,0,0,0,639,359
2516,31229,31228526,11110,250,-1,-1,1,524,90.0,0,-1.0,0,0,0,639,359
2517,31240,31239634,11108,250,-1,-1,1,525,90.0,0,-1.0,0,0,0,639,359
2518,31252,31250734,11100,250,-1,-1,1,528,90.0,0,-1.0,0,0,0,639,359
2519,31263,31261846,11112,250,-1,-1,1,528,90.0,0,-1.0,0,0,0,639,359
2520,31333,31272954,11108,250,-1,-1,1,610,84.7,0,-1.0,0,0,0,639,359
2521,31333,31328489,55535,250,-1,-1,1,601,85.6,1,-1.0,0,0,0,639,359
2522,31340,31339625,11136,250,-1,-1,1,526,86.0,0,-1.0,0,0,0,639,359
2523,31400,31395143,55518,250,-1,-1,1,604,16.7,0,-1.0,0,0,0,639,359
2524,31407,31406269,11126,250,-1,-1,1,527,29.9,0,-1.0,0,0,0,639,359
2525,31418,31417382,11113,250,-1,-1,1,628,38.5,0,-1.0,0,0,0,639,359
2526,31429,31428483,11101,250,-1,-1,1,529,44.9,0,-1.0,0,0,0,639,359
2527,31440,31439595,11112,250,-1,-1,1,527,50.0,0,-1.0,0,0,0,639,359
2528,31452,31450699,11104,250,-1,-1,1,531,54.1,0,-1.0,0,0,0,639,359
2529,31463,31461816,11117,250,-1,-1,1,526,57.4,0,-1.0,0,0,0,639,359
2530,31474,31472916,11100,250,-1,-1,1,527,60.2,1,-1.0,0,0,0,639,359
2531,31485,31484034,11118,250,-1,-1,1,545,62.5,0,-1.0,0,0,0,639,359
2532,31496,31495143,11109,250,-1,-1,1,546,64.1,0,-1.0,0,0,0,639,359
2533,31507,31506255,11112,250,-1,-1,1,525,65.9,0,-1.0,0,0,0,639,359
2534,31518,31517361,11106,250,-1,-1,1,526,67.4,0,-1.0,0,0,0,639,359
2535,31529,31528469,11108,250,-1,-1,1,526,68.8,0,-1.0,0,0,0,639,359
2536,31540,31539577,11108,250,-1,-1,1,525,70.0,0,-1.0,0,0,0,639,359
2537,31552,31550686,11109,250,-1,-1,1,528,71.1,0,-1.0,0,0,0,639,359
2538,31563,31561794,11108,250,-1,-1,1,527,72.1,0,-1.0,0,0,0,639,359
2539,31574,31572903,11109,250,-1,-1,1,526,73.0,1,-1.0,0,0,0,639,359
2540,31585,31584016,11113,250,-1,-1,1,530,73.8,0,-1.0,0,0,0,639,359
2541,31596,31595129,11113,250,-1,-1,1,527,74.5,0,-1.0,0,0,0,639,359
2542,31607,31606236,11107,250,-1,-1,1,526,74.9,0,-1.0,0,0,0,639,359
2543,31618,31617343,11107,250,-1,-1,1,632,75.5,0,-1.0,0,0,0,639,359
2544,31629,31628451,11108,250,-1,-1,1,527,76.1,0,-1.0,0,0,0,639,359
2545,31640,31639558,11107,250,-1,-1,1,524,76.7,0,-1.0,0,0,0,639,359
2546,31652,31650668,11110,250,-1,-1,1,525,77.2,0,-1.0,0,0,0,639,359
2547,31663,31661778,11110,250,-1,-1,1,525,77.6,0,-1.0,0,0,0,639,359
2548,31674,31672887,11109,250,-1,-1,1,528,78.1,1,-1.0,0,0,0,639,359
2549,31685,31684002,11115,250,-1,-1,1,537,78.5,0,-1.0,0,0,0,639,359
2550,31696,31695109,11107,250,-1,-1,1,533,78.9,0,-1.0,0,0,0,639,359
2551,31707,31706216,11107,250,-1,-1,1,637,79.0,0,-1.0,0,0,0,639,359
2552,31718,31717323,11107,250,-1,-1,1,629,79.4,0,-1.0,0,0,0,639,359
2553,31729,31728439,11116,250,-1,-1,1,527,79.7,0,-1.0,0,0,0,639,359
2554,31740,31739540,11101,250,-1,-1,1,526,80.0,0,-1.0,0,0,0,639,359
2555,31751,31750651,11111,250,-1,-1,1,526,80.3,0,-1.0,0,0,0,639,359
2556,31763,31761760,11109,250,-1,-1,1,525,80.6,0,-1.0,0,0,0,639,359
2557,31774,31772869,11109,250,-1,-1,1,526,80.8,1,-1.0,0,0,0,639,359
2558,31785,31783982,11113,250,-1,-1,1,545,81.1,0,-1.0,0,0,0,639,359
2559,31796,31795092,11110,250,-1,-1,1,547,81.3,0,-1.0,0,0,0,639,359
2560,31807,31806197,11105,250,-1,-1,1,525,81.4,0,-1.0,0,0,0,639,359
2561,31818,31817311,11114,250,-1,-1,1,584,81.6,0,-1.0,0,0,0,639,359
2562,31829,31828414,11103,250,-1,-1,1,528,81.8,0,-1.0,0,0,0,639,359
2563,31840,31839525,11111,250,-1,-1,1,527,82.0,0,-1.0,0,0,0,639,359
2564,31851,31850634,11109,250,-1,-1,1,527,82.2,0,-1.0,0,0,0,639,359
2565,31863,31861743,11109,250,-1,-1,1,528,82.4,0,-1.0,0,0,0,639,359
2566,31874,31872849,11106,250,-1,-1,1,527,82.6,1,-1.0,0,0,0,639,359
2567,31885,31883965,11116,250,-1,-1,1,546,82.7,0,-1.0,0,0,0,639,359
2568,31896,31895074,11109,250,-1,-1,1,546,82.9,0,-1.0,0,0,0,639,359
2569,31907,31906184,11110,250,-1,-1,1,526,82.9,0,-1.0,0,0,0,639,359
2570,31918,31917291,11107,250,-1,-1,1,611,83.0,0,-1.0,0,0,0,639,359
2571,31929,31928400,11109,250,-1,-1,1,527,83.2,0,-1.0,0,0,0,639,359
2572,31940,31939507,11107,250,-1,-1,1,526,83.3,0,-1.0,0,0,0,639,359
2573,31951,31950619,11112,250,-1,-1,1,528,83.5,0,-1.0,0,0,0,639,359
2574,31963,31961725,11106,250,-1,-1,1,528,83.6,0,-1.0,0,0,0,639,359
2575,31974,31972835,11110,250,-1,-1,1,527,83.7,1,-1.0,0,0,0,639,359
2576,31985,31983945,11110,250,-1,-1,1,545,83.9,0,-1.0,0,0,0,639,359
2577,31996,31995058,11113,250,-1,-1,1,545,84.0,0,-1.0,0,0,0,639,359
2578,32007,32006165,11107,250,-1,-1,1,525,84.0,0,-1.0,0,0,0,639,359
2579,32018,32017279,11114,250,-1,-1,1,590,84.1,0,-1.0,0,0,0,639,359
2580,32029,32028381,11102,250,-1,-1,1,526,84.2,0,-1.0,0,0,0,639,359
2581,32040,32039491,11110,250,-1,-1,1,526,84.3,0,-1.0,0,0,0,639,359
2582,32051,32050599,11108,250,-1,-1,1,526,84.4,0,-1.0,0,0,0,639,359
2583,32063,32061706,11107,250,-1,-1,1,527,84.5,0,-1.0,0,0,0,639,359
2584,32074,32072817,11111,250,-1,-1,1,526,84.6,1,-1.0,0,0,0,639,359
2585,32085,32083929,11112,250,-1,-1,1,535,84.7,0,-1.0,0,0,0,639,359
2586,32096,32095040,11111,250,-1,-1,1,531,84.8,0,-1.0,0,0,0,639,359
2587,32107,32106147,11107,250,-1,-1,1,525,84.9,0,-1.0,0,0,0,639,359
2588,32118,32117253,11106,250,-1,-1,1,611,84.8,0,-1.0,0,0,0,639,359
2589,32129,32128365,11112,250,-1,-1,1,527,84.9,0,-1.0,0,0,0,639,359
2590,32140,32139479,11114,250,-1,-1,1,525,85.0,0,-1.0,0,0,0,639,359
2591,32151,32150583,11104,250,-1,-1,1,525,85.1,0,-1.0,0,0,0,639,359
2592,32162,32161693,11110,250,-1,-1,1,524,85.2,0,-1.0,0,0,0,639,359
2593,32174,32172805,11112,250,-1,-1,1,525,85.2,1,-1.0,0,0,0,639,359
2594,32185,32183911,11106,250,-1,-1,1,547,85.3,0,-1.0,0,0,0,639,359
2595,32196,32195025,11114,250,-1,-1,1,542,85.4,0,-1.0,0,0,0,639,359
2596,32207,32206133,11108,250,-1,-1,1,527,85.4,0,-1.0,0,0,0,639,359
2597,32218,32217241,11108,250,-1,-1,1,631,85.4,0,-1.0,0,0,0,639,359
2598,32229,32228349,11108,250,-1,-1,1,527,85.5,0,-1.0,0,0,0,639,359
2599,32240,32239456,11107,250,-1,-1,1,528,85.6,0,-1.0,0,0,0,639,359
2600,32251,32250563,11107,250,-1,-1,1,527,85.6,0,-1.0,0,0,0,639,359
2601,32263,32261676,11113,250,-1,-1,1,526,85.7,0,-1.0,0,0,0,639,359
2602,32274,32272780,11104,250,-1,-1,1,525,85.7,1,-1.0,0,0,0,639,359
2603,32285,32283900,11120,250,-1,-1,1,546,85.8,0,-1.0,0,0,0,639,359
2604,32296,32295005,11105,250,-1,-1,1,547,85.9,0,-1.0,0,0,0,639,359
2605,32307,32306111,11106,250,-1,-1,1,528,85.9,0,-1.0,0,0,0,639,359
2606,32318,32317220,11109,250,-1,-1,1,604,85.9,0,-1.0,0,0,0,639,359
2607,32329,32328333,11113,250,-1,-1,1,527,85.9,0,-1.0,0,0,0,639,359
2608,32340,32339437,11104,250,-1,-1,1,527,86.0,0,-1.0,0,0,0,639,359
2609,32355,32350553,11116,250,-1,-1,1,523,66.7,0,-1.0,0,0,0,639,359
2610,32422,32361654,11101,250,-1,-1,1,606,24.4,0,-1.0,0,0,0,639,359
2611,32423,32417196,55542,250,-1,-1,1,635,36.1,1,-1.0,0,0,0,639,359
2612,32429,32428327,11131,250,-1,-1,1,524,44.9,0,-1.0,0,0,0,639,359
2613,32440,32439423,11096,250,-1,-1,1,537,50.0,0,-1.0,0,0,0,639,359
2614,32452,32450529,11106,250,-1,-1,1,525,54.1,0,-1.0,0,0,0,639,359
2615,32462,32461642,11113,250,-1,-1,1,526,57.4,0,-1.0,0,0,0,639,359
2616,32474,32472750,11108,250,-1,-1,1,534,60.2,0,-1.0,0,0,0,639,359
2617,32485,32483862,11112,250,-1,-1,1,631,62.5,0,-1.0,0,0,0,639,359
2618,32496,32494970,11108,250,-1,-1,1,527,64.5,0,-1.0,0,0,0,639,359
2619,32507,32506076,11106,250,-1,-1,1,525,66.3,0,-1.0,0,0,0,639,359
2620,32518,32517189,11113,250,-1,-1,1,525,67.4,1,-1.0,0,0,0,639,359
2621,32529,32528299,11110,250,-1,-1,1,545,68.8,0,-1.0,0,0,0,639,359
2622,32540,32539406,11107,250,-1,-1,1,546,70.0,0,-1.0,0,0,0,639,359
2623,32551,32550518,11112,250,-1,-1,1,527,71.1,0,-1.0,0,0,0,639,359
2624,32562,32561625,11107,250,-1,-1,1,556,72.1,0,-1.0,0,0,0,639,359
2625,32574,32572736,11111,250,-1,-1,1,526,73.0,0,-1.0,0,0,0,639,359
2626,32585,32583840,11104,250,-1,-1,1,525,73.8,0,-1.0,0,0,0,639,359
2627,32596,32594949,11109,250,-1,-1,1,524,74.5,0,-1.0,0,0,0,639,359
2628,32607,32606063,11114,250,-1,-1,1,526,75.2,0,-1.0,0,0,0,639,359
2629,32618,32617170,11107,250,-1,-1,1,528,75.5,1,-1.0,0,0,0,639,359
2630,32629,32628275,11105,250,-1,-1,1,546,76.1,0,-1.0,0,0,0,639,359
2631,32640,32639392,11117,250,-1,-1,1,544,76.7,0,-1.0,0,0,0,639,359
2632,32651,32650498,11106,250,-1,-1,1,525,77.2,0,-1.0,0,0,0,639,359
2633,32662,32661610,11112,250,-1,-1,1,553,77.6,0,-1.0,0,0,0,639,359
2634,32674,32672717,11107,250,-1,-1,1,526,78.1,0,-1.0,0,0,0,639,359
2635,32685,32683827,11110,250,-1,-1,1,525,78.5,0,-1.0,0,0,0,639,359
2636,32696,32694932,11105,250,-1,-1,1,527,78.9,0,-1.0,0,0,0,639,359
2637,32707,32706045,11113,250,-1,-1,1,527,79.2,0,-1.0,0,0,0,639,359
2638,32718,32717150,11105,250,-1,-1,1,526,79.4,1,-1.0,0,0,0,639,359
2639,32729,32728266,11116,250,-1,-1,1,529,79.7,0,-1.0,0,0,0,639,359
2640,32740,32739372,11106,250,-1,-1,1,548,80.0,0,-1.0,0,0,0,639,359
2641,32751,32750484,11112,250,-1,-1,1,525,80.3,0,-1.0,0,0,0,639,359
2642,32762,32761594,11110,250,-1,-1,1,628,80.6,0,-1.0,0,0,0,639,359
2643,32774,32772706,11112,250,-1,-1,1,525,80.8,0,-1.0,0,0,0,639,359
2644,32785,32783808,11102,250,-1,-1,1,525,81.1,0,-1.0,0,0,0,639,359
2645,32796,32794918,11110,250,-1,-1,1,525,81.3,0,-1.0,0,0,0,639,359
2646,32807,32806025,11107,250,-1,-1,1,527,81.5,0,-1.0,0,0,0,639,359
2647,32818,32817136,11111,250,-1,-1,1,527,81.8,1,-1.0,0,0,0,639,359
2648,32829,32828247,11111,250,-1,-1,1,538,81.8,0,-1.0,0,0,0,639,359
2649,32840,32839358,11111,250,-1,-1,1,532,82.0,0,-1.0,0,0,0,639,359
2650,32851,32850463,11105,250,-1,-1,1,527,82.2,0,-1.0,0,0,0,639,359
2651,32862,32861570,11107,250,-1,-1,1,633,82.4,0,-1.0,0,0,0,639,359
2652,32873,32872683,11113,250,-1,-1,1,527,82.6,0,-1.0,0,0,0,639,359
2653,32885,32883790,11107,250,-1,-1,1,527,82.7,0,-1.0,0,0,0,639,359
2654,32896,32894899,11109,250,-1,-1,1,524,82.9,0,-1.0,0,0,0,639,359
2655,32907,32906009,11110,250,-1,-1,1,525,83.0,0,-1.0,0,0,0,639,359
2656,32918,32917121,11112,250,-1,-1,1,525,83.2,1,-1.0,0,0,0,639,359
2657,32929,32928232,11111,250,-1,-1,1,546,83.2,0,-1.0,0,0,0,639,359
2658,32940,32939338,11106,250,-1,-1,1,547,83.3,0,-1.0,0,0,0,639,359
2659,32951,32950446,11108,250,-1,-1,1,527,83.5,0,-1.0,0,0,0,639,359
2660,32962,32961557,11111,250,-1,-1,1,556,83.6,0,-1.0,0,0,0,639,359
2661,32973,32972668,11111,250,-1,-1,1,528,83.7,0,-1.0,0,0,0,639,359
2662,32985,32983773,11105,250,-1,-1,1,528,83.9,0,-1.0,0,0,0,639,359
2663,32996,32994883,11110,250,-1,-1,1,525,84.0,0,-1.0,0,0,0,639,359
2664,33007,33005991,11108,250,-1,-1,1,525,84.1,0,-1.0,0,0,0,639,359
2665,33018,33017102,11111,250,-1,-1,1,525,84.2,1,-1.0,0,0,0,639,359
2666,33029,33028213,11111,250,-1,-1,1,546,84.2,0,-1.0,0,0,0,639,359
2667,33040,33039321,11108,250,-1,-1,1,549,84.3,0,-1.0,0,0,0,639,359
2668,33051,33050431,11110,250,-1,-1,1,543,84.4,0,-1.0,0,0,0,639,359
2669,33062,33061544,11113,250,-1,-1,1,610,84.5,0,-1.0,0,0,0,639,359
2670,33073,33072643,11099,250,-1,-1,1,529,84.6,0,-1.0,0,0,0,639,359
2671,33085,33083759,11116,250,-1,-1,1,528,84.7,0,-1.0,0,0,0,639,359
2672,33096,33094864,11105,250,-1,-1,1,528,84.8,0,-1.0,0,0,0,639,359
2673,33107,33105971,11107,250,-1,-1,1,525,84.9,0,-1.0,0,0,0,639,359
2674,33118,33117081,11110,250,-1,-1,1,526,84.9,1,-1.0,0,0,0,639,359
2675,33129,33128197,11116,250,-1,-1,1,548,84.9,0,-1.0,0,0,0,639,359
2676,33140,33139306,11109,250,-1,-1,1,546,85.0,0,-1.0,0,0,0,639,359
2677,33151,33150416,11110,250,-1,-1,1,525,85.1,0,-1.0,0,0,0,639,359
2678,33162,33161522,11106,250,-1,-1,1,632,85.2,0,-1.0,0,0,0,639,359
2679,33174,33172632,11110,250,-1,-1,1,525,85.2,0,-1.0,0,0,0,639,359
2680,33185,33183734,11102,250,-1,-1,1,526,85.3,0,-1.0,0,0,0,639,359
2681,33196,33194850,11116,250,-1,-1,1,528,85.4,0,-1.0,0,0,0,639,359
2682,33207,33205957,11107,250,-1,-1,1,527,85.5,0,-1.0,0,0,0,639,359
2683,33218,33217068,11111,250,-1,-1,1,527,85.5,1,-1.0,0,0,0,639,359
2684,33229,33228180,11112,250,-1,-1,1,529,85.5,0,-1.0,0,0,0,639,359
2685,33240,33239289,11109,250,-1,-1,1,528,85.6,0,-1.0,0,0,0,639,359
2686,33251,33250395,11106,250,-1,-1,1,525,85.6,0,-1.0,0,0,0,639,359
2687,33262,33261504,11109,250,-1,-1,1,629,85.7,0,-1.0,0,0,0,639,359
2688,33273,33272609,11105,250,-1,-1,1,526,85.7,0,-1.0,0,0,0,639,359
2689,33285,33283724,11115,250,-1,-1,1,526,85.8,0,-1.0,0,0,0,639,359
2690,33296,33294830,11106,250,-1,-1,1,525,85.9,0,-1.0,0,0,0,639,359
2691,33307,33305942,11112,250,-1,-1,1,526,85.9,0,-1.0,0,0,0,639,359
2692,33318,33317045,11103,250,-1,-1,1,527,86.0,1,-1.0,0,0,0,639,359
2693,33329,33328163,11118,250,-1,-1,1,544,85.9,0,-1.0,0,0,0,639,359
2694,33340,33339273,11110,250,-1,-1,1,537,86.0,0,-1.0,0,0,0,639,359
2695,33374,33372593,33320,250,-1,-1,1,527,30.3,0,-1.0,0,0,0,639,359
2696,33385,33383704,11111,250,-1,-1,1,529,45.5,0,-1.0,0,0,0,639,359
2697,33396,33394816,11112,250,-1,-1,1,528,54.5,0,-1.0,0,0,0,639,359
2698,33407,33405924,11108,250,-1,-1,1,526,60.6,0,-1.0,0,0,0,639,359
2699,33418,33417035,11111,250,-1,-1,1,524,64.9,0,-1.0,0,0,0,639,359
2700,33521,33428144,11109,250,-1,-1,1,527,33.3,0,-1.0,0,0,0,639,359
2701,33521,33516997,88853,250,-1,-1,1,522,38.7,1,-1.0,0,0,0,639,359
2702,33529,33528129,11132,250,-1,-1,1,627,42.3,0,-1.0,0,0,0,639,359
2703,33540,33539240,11111,250,-1,-1,1,544,45.0,0,-1.0,0,0,0,639,359
2704,33551,33550346,11106,250,-1,-1,1,546,47.4,0,-1.0,0,0,0,639,359
2705,33562,33561453,11107,250,-1,-1,1,525,49.5,0,-1.0,0,0,0,639,359
2706,33573,33572565,11112,250,-1,-1,1,633,51.5,0,-1.0,0,0,0,639,359
2707,33584,33583671,11106,250,-1,-1,1,526,53.3,0,-1.0,0,0,0,639,359
2708,33596,33594781,11110,250,-1,-1,1,529,54.9,0,-1.0,0,0,0,639,359
2709,33607,33605887,11106,250,-1,-1,1,528,56.4,0,-1.0,0,0,0,639,359
2710,33618,33616999,11112,250,-1,-1,1,527,57.8,1,-1.0,0,0,0,639,359
2711,33629,33628113,11114,250,-1,-1,1,531,59.0,0,-1.0,0,0,0,639,359
2712,33640,33639218,11105,250,-1,-1,1,531,60.0,0,-1.0,0,0,0,639,359
2713,33651,33650327,11109,250,-1,-1,1,525,61.1,0,-1.0,0,0,0,639,359
2714,33662,33661437,11110,250,-1,-1,1,592,62.1,0,-1.0,0,0,0,639,359
2715,33673,33672540,11103,250,-1,-1,1,526,63.1,0,-1.0,0,0,0,639,359
2716,33684,33683655,11115,250,-1,-1,1,525,64.0,0,-1.0,0,0,0,639,359
2717,33696,33694763,11108,250,-1,-1,1,527,64.8,0,-1.0,0,0,0,639,359
2718,33707,33705871,11108,250,-1,-1,1,525,65.6,0,-1.0,0,0,0,639,359
2719,33718,33716982,11111,250,-1,-1,1,525,66.3,1,-1.0,0,0,0,639,359
2720,33729,33728095,11113,250,-1,-1,1,548,67.0,0,-1.0,0,0,0,639,359
2721,33740,33739204,11109,250,-1,-1,1,545,67.5,0,-1.0,0,0,0,639,359
2722,33751,33750311,11107,250,-1,-1,1,526,68.1,0,-1.0,0,0,0,639,359
2723,33762,33761418,11107,250,-1,-1,1,635,68.7,0,-1.0,0,0,0,639,359
2724,33773,33772530,11112,250,-1,-1,1,527,69.3,0,-1.0,0,0,0,639,359
2725,33784,33783636,11106,250,-1,-1,1,526,69.8,0,-1.0,0,0,0,639,359
2726,33796,33794747,11111,250,-1,-1,1,526,70.3,0,-1.0,0,0,0,639,359
2727,33807,33805854,11107,250,-1,-1,1,528,70.8,0,-1.0,0,0,0,639,359
2728,33818,33816964,11110,250,-1,-1,1,526,71.3,1,-1.0,0,0,0,639,359
2729,33829,33828079,11115,250,-1,-1,1,547,71.7,0,-1.0,0,0,0,639,359
2730,33840,33839186,11107,250,-1,-1,1,545,72.0,0,-1.0,0,0,0,639,359
2731,33851,33850294,11108,250,-1,-1,1,525,72.4,0,-1.0,0,0,0,639,359
2732,33862,33861409,11115,250,-1,-1,1,588,72.8,0,-1.0,0,0,0,639,359
2733,33873,33872507,11098,250,-1,-1,1,528,73.2,0,-1.0,0,0,0,639,359
2734,33884,33883622,11115,250,-1,-1,1,528,73.5,0,-1.0,0,0,0,639,359
2735,33896,33894729,11107,250,-1,-1,1,525,73.9,0,-1.0,0,0,0,639,359
2736,33907,33905836,11107,250,-1,-1,1,527,74.2,0,-1.0,0,0,0,639,359
2737,33918,33916947,11111,250,-1,-1,1,526,74.5,1,-1.0,0,0,0,639,359
2738,33929,33928062,11115,250,-1,-1,1,547,74.8,0,-1.0,0,0,0,639,359
2739,33940,33939166,11104,250,-1,-1,1,546,75.0,0,-1.0,0,0,0,639,359
2740,33951,33950278,11112,250,-1,-1,1,526,75.3,0,-1.0,0,0,0,639,359
2741,33962,33961389,11111,250,-1,-1,1,591,75.6,0,-1.0,0,0,0,639,359
2742,33973,33972495,11106,250,-1,-1,1,526,75.8,0,-1.0,0,0,0,639,359
2743,33984,33983602,11107,250,-1,-1,1,525,76.1,0,-1.0,0,0,0,639,359
2744,33996,33994713,11111,250,-1,-1,1,526,76.3,0,-1.0,0,0,0,639,359
2745,34007,34005818,11105,250,-1,-1,1,528,76.6,0,-1.0,0,0,0,639,359
2746,34018,34016933,11115,250,-1,-1,1,528,76.8,1,-1.0,0,0,0,639,359
2747,34029,34028041,11108,250,-1,-1,1,535,77.0,0,-1.0,0,0,0,639,359
2748,34040,34039152,11111,250,-1,-1,1,529,77.3,0,-1.0,0,0,0,639,359
2749,34051,34050258,11106,250,-1,-1,1,605,77.4,0,-1.0,0,0,0,639,359
2750,34062,34061368,11110,250,-1,-1,1,633,77.6,0,-1.0,0,0,0,639,359
2751,34073,34072479,11111,250,-1,-1,1,527,77.8,0,-1.0,0,0,0,639,359
2752,34084,34083589,11110,250,-1,-1,1,526,78.0,0,-1.0,0,0,0,639,359
2753,34096,34094695,11106,250,-1,-1,1,524,78.1,0,-1.0,0,0,0,639,359
2754,34107,34105804,11109,250,-1,-1,1,526,78.3,0,-1.0,0,0,0,639,359
2755,34118,34116913,11109,250,-1,-1,1,524,78.5,1,-1.0,0,0,0,639,359
2756,34129,34128027,11114,250,-1,-1,1,544,78.7,0,-1.0,0,0,0,639,359
2757,34140,34139132,11105,250,-1,-1,1,542,78.8,0,-1.0,0,0,0,639,359
2758,34151,34150245,11113,250,-1,-1,1,538,78.9,0,-1.0,0,0,0,639,359
2759,34162,34161354,11109,250,-1,-1,1,593,79.1,0,-1.0,0,0,0,639,359
2760,34173,34172460,11106,250,-1,-1,1,529,79.2,0,-1.0,0,0,0,639,359
2761,34184,34183565,11105,250,-1,-1,1,528,79.4,0,-1.0,0,0,0,639,359
2762,34195,34194676,11111,250,-1,-1,1,528,79.5,0,-1.0,0,0,0,639,359
2763,34208,34205784,11108,250,-1,-1,1,525,79.6,0,-1.0,0,0,0,639,359
2764,34218,34216898,11114,250,-1,-1,1,523,79.8,1,-1.0,0,0,0,639,359
2765,34229,34228010,11112,250,-1,-1,1,547,80.0,0,-1.0,0,0,0,639,359
2766,34240,34239115,11105,250,-1,-1,1,546,80.1,0,-1.0,0,0,0,639,359
2767,34251,34250227,11112,250,-1,-1,1,531,80.1,0,-1.0,0,0,0,639,359
2768,34262,34261333,11106,250,-1,-1,1,636,80.3,0,-1.0,0,0,0,639,359
2769,34273,34272440,11107,250,-1,-1,1,529,80.4,0,-1.0,0,0,0,639,359
2770,34284,34283553,11113,250,-1,-1,1,526,80.5,0,-1.0,0,0,0,639,359
2771,34295,34294659,11106,250,-1,-1,1,528,80.6,0,-1.0,0,0,0,639,359
2772,34307,34305770,11111,250,-1,-1,1,526,80.7,0,-1.0,0,0,0,639,359
2773,34318,34316874,11104,250,-1,-1,1,527,80.9,1,-1.0,0,0,0,639,359
2774,34329,34327991,11117,250,-1,-1,1,547,81.0,0,-1.0,0,0,0,639,359
2775,34340,34339099,11108,250,-1,-1,1,545,81.1,0,-1.0,0,0,0,639,359
2776,34379,34372421,33322,250,-1,-1,1,612,26.3,0,-1.0,0,0,0,639,359
2777,34384,34383538,11117,250,-1,-1,1,526,45.5,0,-1.0,0,0,0,639,359
2778,34395,34394644,11106,250,-1,-1,1,529,54.5,0,-1.0,0,0,0,639,359
2779,34407,34405753,11109,250,-1,-1,1,526,60.6,0,-1.0,0,0,0,639,359
2780,34418,34416862,11109,250,-1,-1,1,527,64.9,0,-1.0,0,0,0,639,359
2781,34429,34427967,11105,250,-1,-1,1,529,68.2,0,-1.0,0,0,0,639,359
2782,34440,34439084,11117,250,-1,-1,1,527,70.7,1,-1.0,0,0,0,639,359
2783,34451,34450189,11105,250,-1,-1,1,548,72.1,0,-1.0,0,0,0,639,359
2784,34462,34461300,11111,250,-1,-1,1,545,73.8,0,-1.0,0,0,0,639,359
2785,34473,34472409,11109,250,-1,-1,1,628,75.2,0,-1.0,0,0,0,639,359
2786,34484,34483522,11113,250,-1,-1,1,630,76.4,0,-1.0,0,0,0,639,359
2787,34495,34494627,11105,250,-1,-1,1,525,77.4,0,-1.0,0,0,0,639,359
2788,34507,34505736,11109,250,-1,-1,1,526,78.3,0,-1.0,0,0,0,639,359
2789,34518,34516842,11106,250,-1,-1,1,525,79.1,0,-1.0,0,0,0,639,359
2790,34622,34527953,11111,250,-1,-1,1,525,53.4,0,-1.0,0,0,0,639,359
2791,34622,34616812,88859,250,-1,-1,1,520,56.7,1,-1.0,0,0,0,639,359
2792,34629,34627987,11175,250,-1,-1,1,629,59.0,0,-1.0,0,0,0,639,359
2793,34640,34639049,11062,250,-1,-1,1,546,60.2,0,-1.0,0,0,0,639,359
2794,34651,34650155,11106,250,-1,-1,1,545,61.1,0,-1.0,0,0,0,639,359
2795,34662,34661267,11112,250,-1,-1,1,625,62.1,0,-1.0,0,0,0,639,359
2796,34673,34672376,11109,250,-1,-1,1,636,63.1,0,-1.0,0,0,0,639,359
2797,34684,34683487,11111,250,-1,-1,1,530,64.0,0,-1.0,0,0,0,639,359
2798,34695,34694589,11102,250,-1,-1,1,527,64.8,0,-1.0,0,0,0,639,359
2799,34707,34705701,11112,250,-1,-1,1,527,65.6,0,-1.0,0,0,0,639,359
2800,34718,34716809,11108,250,-1,-1,1,560,66.3,1,-1.0,0,0,0,639,359
2801,34729,34727922,11113,250,-1,-1,1,528,67.0,0,-1.0,0,0,0,639,359
2802,34740,34739029,11107,250,-1,-1,1,527,67.7,0,-1.0,0,0,0,639,359
2803,34751,34750139,11110,250,-1,-1,1,541,68.1,0,-1.0,0,0,0,639,359
2804,34762,34761249,11110,250,-1,-1,1,634,68.7,0,-1.0,0,0,0,639,359
2805,34773,34772358,11109,250,-1,-1,1,527,69.3,0,-1.0,0,0,0,639,359
2806,34784,34783463,11105,250,-1,-1,1,525,69.8,0,-1.0,0,0,0,639,359
2807,34795,34794577,11114,250,-1,-1,1,525,70.3,0,-1.0,0,0,0,639,359
2808,34806,34805683,11106,250,-1,-1,1,527,70.8,0,-1.0,0,0,0,639,359
2809,34818,34816796,11113,250,-1,-1,1,552,71.3,1,-1.0,0,0,0,639,359
2810,34829,34827904,11108,250,-1,-1,1,540,71.7,0,-1.0,0,0,0,639,359
2811,34840,34839013,11109,250,-1,-1,1,535,72.1,0,-1.0,0,0,0,639,359
2812,34851,34850121,11108,250,-1,-1,1,528,72.5,0,-1.0,0,0,0,639,359
2813,34862,34861232,11111,250,-1,-1,1,629,72.8,0,-1.0,0,0,0,639,359
2814,34873,34872338,11106,250,-1,-1,1,526,73.2,0,-1.0,0,0,0,639,359
2815,34884,34883445,11107,250,-1,-1,1,526,73.5,0,-1.0,0,0,0,639,359
2816,34895,34894554,11109,250,-1,-1,1,524,73.9,0,-1.0,0,0,0,639,359
2817,34906,34905668,11114,250,-1,-1,1,524,74.2,0,-1.0,0,0,0,639,359
2818,34918,34916773,11105,250,-1,-1,1,526,74.5,1,-1.0,0,0,0,639,359
2819,34929,34927889,11116,250,-1,-1,1,544,74.8,0,-1.0,0,0,0,639,359
2820,34940,34938994,11105,250,-1,-1,1,547,75.1,0,-1.0,0,0,0,639,359
2821,34951,34950104,11110,250,-1,-1,1,543,75.4,0,-1.0,0,0,0,639,359
2822,34962,34961212,11108,250,-1,-1,1,612,75.6,0,-1.0,0,0,0,639,359
2823,34973,34972324,11112,250,-1,-1,1,528,75.8,0,-1.0,0,0,0,639,359
2824,34984,34983432,11108,250,-1,-1,1,526,76.1,0,-1.0,0,0,0,639,359
2825,34995,34994542,11110,250,-1,-1,1,528,76.3,0,-1.0,0,0,0,639,359
2826,35006,35005647,11105,250,-1,-1,1,527,76.6,0,-1.0,0,0,0,639,359
2827,35018,35016759,11112,250,-1,-1,1,525,76.8,1,-1.0,0,0,0,639,359
2828,35029,35027871,11112,250,-1,-1,1,547,77.0,0,-1.0,0,0,0,639,359
2829,35040,35038980,11109,250,-1,-1,1,546,77.3,0,-1.0,0,0,0,639,359
2830,35051,35050086,11106,250,-1,-1,1,526,77.5,0,-1.0,0,0,0,639,359
2831,35062,35061201,11115,250,-1,-1,1,612,77.6,0,-1.0,0,0,0,639,359
2832,35073,35072308,11107,250,-1,-1,1,526,77.8,0,-1.0,0,0,0,639,359
2833,35084,35083413,11105,250,-1,-1,1,527,78.0,0,-1.0,0,0,0,639,359
2834,35095,35094521,11108,250,-1,-1,1,526,78.1,0,-1.0,0,0,0,639,359
2835,35106,35105632,11111,250,-1,-1,1,528,78.3,0,-1.0,0,0,0,639,359
2836,35118,35116741,11109,250,-1,-1,1,541,78.5,1,-1.0,0,0,0,639,359
2837,35129,35127857,11116,250,-1,-1,1,528,78.7,0,-1.0,0,0,0,639,359
2838,35140,35138960,11103,250,-1,-1,1,548,78.8,0,-1.0,0,0,0,639,359
2839,35151,35150074,11114,250,-1,-1,1,543,79.0,0,-1.0,0,0,0,639,359
2840,35162,35161182,11108,250,-1,-1,1,609,79.1,0,-1.0,0,0,0,639,359
2841,35173,35172291,11109,250,-1,-1,1,526,79.2,0,-1.0,0,0,0,639,359
2842,35184,35183395,11104,250,-1,-1,1,525,79.4,0,-1.0,0,0,0,639,359
2843,35195,35194502,11107,250,-1,-1,1,526,79.5,0,-1.0,0,0,0,639,359
2844,35206,35205612,11110,250,-1,-1,1,527,79.7,0,-1.0,0,0,0,639,359
2845,35218,35216724,11112,250,-1,-1,1,527,79.8,1,-1.0,0,0,0,639,359
2846,35229,35227838,11114,250,-1,-1,1,537,80.0,0,-1.0,0,0,0,639,359
2847,35240,35238946,11108,250,-1,-1,1,534,80.1,0,-1.0,0,0,0,639,359
2848,35251,35250056,11110,250,-1,-1,1,543,80.2,0,-1.0,0,0,0,639,359
2849,35262,35261163,11107,250,-1,-1,1,633,80.3,0,-1.0,0,0,0,639,359
2850,35273,35272270,11107,250,-1,-1,1,526,80.4,0,-1.0,0,0,0,639,359
2851,35284,35283381,11111,250,-1,-1,1,526,80.5,0,-1.0,0,0,0,639,359
2852,35295,35294489,11108,250,-1,-1,1,526,80.6,0,-1.0,0,0,0,639,359
2853,35306,35305602,11113,250,-1,-1,1,526,80.7,0,-1.0,0,0,0,639,359
2854,35318,35316705,11103,250,-1,-1,1,525,80.9,1,-1.0,0,0,0,639,359
2855,35329,35327820,11115,250,-1,-1,1,549,81.0,0,-1.0,0,0,0,639,359
2856,35340,35338929,11109,250,-1,-1,1,545,81.1,0,-1.0,0,0,0,639,359
2857,35351,35350036,11107,250,-1,-1,1,538,81.2,0,-1.0,0,0,0,639,359
2858,35374,35372239,22203,250,-1,-1,1,609,41.7,0,-1.0,0,0,0,639,359
2859,35384,35383361,11122,250,-1,-1,1,528,58.8,0,-1.0,0,0,0,639,359
2860,35395,35394471,11110,250,-1,-1,1,527,66.7,0,-1.0,0,0,0,639,359
2861,35406,35405579,11108,250,-1,-1,1,525,71.4,0,-1.0,0,0,0,639,359
2862,35418,35416692,11113,250,-1,-1,1,525,74.6,0,-1.0,0,0,0,639,359
2863,35429,35427801,11109,250,-1,-1,1,525,76.9,1,-1.0,0,0,0,639,359
2864,35440,35438913,11112,250,-1,-1,1,546,78.7,0,-1.0,0,0,0,639,359
2865,35451,35450021,11108,250,-1,-1,1,545,80.0,0,-1.0,0,0,0,639,359
2866,35462,35461134,11113,250,-1,-1,1,542,81.1,0,-1.0,0,0,0,639,359
2867,35473,35472235,11101,250,-1,-1,1,630,81.3,0,-1.0,0,0,0,639,359
2868,35484,35483351,11116,250,-1,-1,1,527,82.1,0,-1.0,0,0,0,639,359
2869,35495,35494455,11104,250,-1,-1,1,526,82.8,0,-1.0,0,0,0,639,359
2870,35506,35505564,11109,250,-1,-1,1,525,83.3,0,-1.0,0,0,0,639,359
2871,35517,35516670,11106,250,-1,-1,1,527,83.8,0,-1.0,0,0,0,639,359
2872,35529,35527785,11115,250,-1,-1,1,526,84.3,1,-1.0,0,0,0,639,359
2873,35540,35538893,11108,250,-1,-1,1,546,84.7,0,-1.0,0,0,0,639,359
2874,35551,35550003,11110,250,-1,-1,1,546,85.0,0,-1.0,0,0,0,639,359
2875,35562,35561112,11109,250,-1,-1,1,535,85.3,0,-1.0,0,0,0,639,359
2876,35573,35572221,11109,250,-1,-1,1,635,85.2,0,-1.0,0,0,0,639,359
2877,35584,35583327,11106,250,-1,-1,1,527,85.5,0,-1.0,0,0,0,639,359
2878,35595,35594438,11111,250,-1,-1,1,525,85.7,0,-1.0,0,0,0,639,359
2879,35606,35605544,11106,250,-1,-1,1,527,85.9,0,-1.0,0,0,0,639,359
2880,35677,35616656,11112,250,-1,-1,1,611,70.6,0,-1.0,0,0,0,639,359
2881,35678,35672184,55528,250,-1,-1,1,651,73.4,1,-1.0,0,0,0,639,359
2882,35684,35683326,11142,250,-1,-1,1,550,74.9,0,-1.0,0,0,0,639,359
2883,35695,35694420,11094,250,-1,-1,1,524,75.4,0,-1.0,0,0,0,639,359
2884,35706,35705533,11113,250,-1,-1,1,534,75.8,0,-1.0,0,0,0,639,359
2885,35717,35716641,11108,250,-1,-1,1,629,76.3,0,-1.0,0,0,0,639,359
2886,35729,35727752,11111,250,-1,-1,1,528,76.7,0,-1.0,0,0,0,639,359
2887,35740,35738861,11109,250,-1,-1,1,568,77.1,0,-1.0,0,0,0,639,359
2888,35751,35749971,11110,250,-1,-1,1,526,77.5,0,-1.0,0,0,0,639,359
2889,35762,35761077,11106,250,-1,-1,1,526,77.9,0,-1.0,0,0,0,639,359
2890,35773,35772184,11107,250,-1,-1,1,527,78.0,1,-1.0,0,0,0,639,359
2891,35784,35783296,11112,250,-1,-1,1,537,78.3,0,-1.0,0,0,0,639,359
2892,35795,35794407,11111,250,-1,-1,1,532,78.7,0,-1.0,0,0,0,639,359
2893,35806,35805513,11106,250,-1,-1,1,545,78.9,0,-1.0,0,0,0,639,359
2894,35817,35816625,11112,250,-1,-1,1,615,79.2,0,-1.0,0,0,0,639,359
2895,35829,35827732,11107,250,-1,-1,1,527,79.5,0,-1.0,0,0,0,639,359
2896,35840,35838838,11106,250,-1,-1,1,529,79.8,0,-1.0,0,0,0,639,359
2897,35851,35849948,11110,250,-1,-1,1,525,80.0,0,-1.0,0,0,0,639,359
2898,35862,35861061,11113,250,-1,-1,1,525,80.2,0,-1.0,0,0,0,639,359
2899,35873,35872168,11107,250,-1,-1,1,525,80.5,1,-1.0,0,0,0,639,359
2900,35884,35883279,11111,250,-1,-1,1,545,80.5,0,-1.0,0,0,0,639,359
2901,35895,35894389,11110,250,-1,-1,1,547,80.7,0,-1.0,0,0,0,639,359
2902,35906,35905498,11109,250,-1,-1,1,524,80.9,0,-1.0,0,0,0,639,359
2903,35917,35916605,11107,250,-1,-1,1,633,81.1,0,-1.0,0,0,0,639,359
2904,35929,35927716,11111,250,-1,-1,1,527,81.3,0,-1.0,0,0,0,639,359
2905,35940,35938821,11105,250,-1,-1,1,526,81.5,0,-1.0,0,0,0,639,359
2906,35951,35949930,11109,250,-1,-1,1,528,81.7,0,-1.0,0,0,0,639,359
2907,35962,35961038,11108,250,-1,-1,1,528,81.8,0,-1.0,0,0,0,639,359
2908,35973,35972152,11114,250,-1,-1,1,528,82.0,1,-1.0,0,0,0,639,359
2909,35984,35983261,11109,250,-1,-1,1,544,82.0,0,-1.0,0,0,0,639,359
2910,35995,35994373,11112,250,-1,-1,1,547,82.2,0,-1.0,0,0,0,639,359
2911,36006,36005475,11102,250,-1,-1,1,523,82.3,0,-1.0,0,0,0,639,359
2912,36017,36016592,11117,250,-1,-1,1,603,82.5,0,-1.0,0,0,0,639,359
2913,36029,36027697,11105,250,-1,-1,1,525,82.6,0,-1.0,0,0,0,639,359
2914,36040,36038808,11111,250,-1,-1,1,526,82.7,0,-1.0,0,0,0,639,359
2915,36051,36049912,11104,250,-1,-1,1,526,82.9,0,-1.0,0,0,0,639,359
2916,36062,36061026,11114,250,-1,-1,1,527,83.0,0,-1.0,0,0,0,639,359
2917,36073,36072131,11105,250,-1,-1,1,527,83.1,1,-1.0,0,0,0,639,359
2918,36084,36083247,11116,250,-1,-1,1,536,83.1,0,-1.0,0,0,0,639,359
2919,36095,36094354,11107,250,-1,-1,1,531,83.2,0,-1.0,0,0,0,639,359
2920,36106,36105461,11107,250,-1,-1,1,528,83.3,0,-1.0,0,0,0,639,359
2921,36117,36116574,11113,250,-1,-1,1,631,83.4,0,-1.0,0,0,0,639,359
2922,36128,36127682,11108,250,-1,-1,1,527,83.5,0,-1.0,0,0,0,639,359
2923,36140,36138789,11107,250,-1,-1,1,525,83.7,0,-1.0,0,0,0,639,359
2924,36151,36149900,11111,250,-1,-1,1,526,83.8,0,-1.0,0,0,0,639,359
2925,36162,36161006,11106,250,-1,-1,1,526,83.8,0,-1.0,0,0,0,639,359
2926,36173,36172118,11112,250,-1,-1,1,525,83.9,1,-1.0,0,0,0,639,359
2927,36184,36183228,11110,250,-1,-1,1,546,83.9,0,-1.0,0,0,0,639,359
2928,36195,36194335,11107,250,-1,-1,1,542,84.0,0,-1.0,0,0,0,639,359
2929,36206,36205443,11108,250,-1,-1,1,524,84.1,0,-1.0,0,0,0,639,359
2930,36217,36216559,11116,250,-1,-1,1,633,84.2,0,-1.0,0,0,0,639,359
2931,36228,36227663,11104,250,-1,-1,1,526,84.3,0,-1.0,0,0,0,639,359
2932,36240,36238771,11108,250,-1,-1,1,528,84.4,0,-1.0,0,0,0,639,359
2933,36251,36249879,11108,250,-1,-1,1,527,84.4,0,-1.0,0,0,0,639,359
2934,36262,36260992,11113,250,-1,-1,1,525,84.5,0,-1.0,0,0,0,639,359
2935,36273,36272097,11105,250,-1,-1,1,525,84.6,1,-1.0,0,0,0,639,359
2936,36284,36283213,11116,250,-1,-1,1,545,84.6,0,-1.0,0,0,0,639,359
2937,36295,36294319,11106,250,-1,-1,1,546,84.7,0,-1.0,0,0,0,639,359
2938,36306,36305431,11112,250,-1,-1,1,526,84.7,0,-1.0,0,0,0,639,359
2939,36317,36316537,11106,250,-1,-1,1,629,84.8,0,-1.0,0,0,0,639,359
2940,36328,36327649,11112,250,-1,-1,1,528,84.9,0,-1.0,0,0,0,639,359
2941,36340,36338754,11105,250,-1,-1,1,529,84.9,0,-1.0,0,0,0,639,359
2942,36351,36349867,11113,250,-1,-1,1,528,85.0,0,-1.0,0,0,0,639,359
2943,36365,36360975,11108,250,-1,-1,1,524,66.7,0,-1.0,0,0,0,639,359
2944,36373,36372083,11108,250,-1,-1,1,528,90.9,1,-1.0,0,0,0,639,359
2945,36384,36383193,11110,250,-1,-1,1,539,88.2,0,-1.0,0,0,0,639,359
2946,36395,36394369,11176,250,-1,-1,1,605,88.9,0,-1.0,0,0,0,639,359
2947,36406,36405415,11046,250,-1,-1,1,634,89.3,0,-1.0,0,0,0,639,359
2948,36417,36416522,11107,250,-1,-1,1,527,89.6,0,-1.0,0,0,0,639,359
2949,36428,36427626,11104,250,-1,-1,1,529,89.7,0,-1.0,0,0,0,639,359
2950,36440,36438737,11111,250,-1,-1,1,527,89.9,0,-1.0,0,0,0,639,359
2951,36451,36449844,11107,250,-1,-1,1,524,90.0,0,-1.0,0,0,0,639,359
2952,36462,36460955,11111,250,-1,-1,1,525,90.1,0,-1.0,0,0,0,639,359
2953,36473,36472067,11112,250,-1,-1,1,525,90.2,1,-1.0,0,0,0,639,359
2954,36484,36483177,11110,250,-1,-1,1,547,89.6,0,-1.0,0,0,0,639,359
2955,36495,36494285,11108,250,-1,-1,1,546,89.7,0,-1.0,0,0,0,639,359
2956,36506,36505393,11108,250,-1,-1,1,526,89.7,0,-1.0,0,0,0,639,359
2957,36517,36516504,11111,250,-1,-1,1,630,89.8,0,-1.0,0,0,0,639,359
2958,36528,36527615,11111,250,-1,-1,1,526,89.9,0,-1.0,0,0,0,639,359
2959,36540,36538718,11103,250,-1,-1,1,529,89.9,0,-1.0,0,0,0,639,359
2960,36551,36549832,11114,250,-1,-1,1,527,90.0,0,-1.0,0,0,0,639,359
2961,36562,36560937,11105,250,-1,-1,1,525,90.0,0,-1.0,0,0,0,639,359
2962,36573,36572046,11109,250,-1,-1,1,527,90.1,1,-1.0,0,0,0,639,359
2963,36584,36583158,11112,250,-1,-1,1,548,89.7,0,-1.0,0,0,0,639,359
2964,36595,36594275,11117,250,-1,-1,1,544,89.8,0,-1.0,0,0,0,639,359
2965,36606,36605376,11101,250,-1,-1,1,527,89.8,0,-1.0,0,0,0,639,359
2966,36617,36616487,11111,250,-1,-1,1,629,89.9,0,-1.0,0,0,0,639,359
2967,36628,36627596,11109,250,-1,-1,1,526,89.9,0,-1.0,0,0,0,639,359
2968,36640,36638706,11110,250,-1,-1,1,526,90.0,0,-1.0,0,0,0,639,359
2969,36651,36649811,11105,250,-1,-1,1,526,90.0,0,-1.0,0,0,0,639,359
2970,36721,36660923,11112,250,-1,-1,1,611,75.5,0,-1.0,0,0,0,639,359
2971,36722,36716447,55524,250,-1,-1,1,656,78.0,1,-1.0,0,0,0,639,359
2972,36728,36727596,11149,250,-1,-1,1,525,79.4,0,-1.0,0,0,0,639,359
2973,36740,36738688,11092,250,-1,-1,1,526,79.7,0,-1.0,0,0,0,639,359
2974,36751,36749796,11108,250,-1,-1,1,531,80.0,0,-1.0,0,0,0,639,359
2975,36762,36760905,11109,250,-1,-1,1,616,80.3,0,-1.0,0,0,0,639,359
2976,36773,36772018,11113,250,-1,-1,1,545,80.6,0,-1.0,0,0,0,639,359
2977,36784,36783122,11104,250,-1,-1,1,544,80.6,0,-1.0,0,0,0,639,359
2978,36795,36794233,11111,250,-1,-1,1,527,80.9,0,-1.0,0,0,0,639,359
2979,36806,36805340,11107,250,-1,-1,1,630,81.1,0,-1.0,0,0,0,639,359
2980,36817,36816451,11111,250,-1,-1,1,528,81.4,1,-1.0,0,0,0,639,359
2981,36828,36827564,11113,250,-1,-1,1,529,81.6,0,-1.0,0,0,0,639,359
2982,36839,36838668,11104,250,-1,-1,1,636,81.8,0,-1.0,0,0,0,639,359
2983,36851,36849778,11110,250,-1,-1,1,631,82.0,0,-1.0,0,0,0,639,359
2984,36862,36860885,11107,250,-1,-1,1,525,82.2,0,-1.0,0,0,0,639,359
2985,36873,36871996,11111,250,-1,-1,1,525,82.4,0,-1.0,0,0,0,639,359
2986,36884,36883106,11110,250,-1,-1,1,526,82.6,0,-1.0,0,0,0,639,359
2987,36895,36894212,11106,250,-1,-1,1,525,82.6,0,-1.0,0,0,0,639,359
2988,36906,36905326,11114,250,-1,-1,1,525,82.7,0,-1.0,0,0,0,639,359
2989,36917,36916429,11103,250,-1,-1,1,527,82.9,1,-1.0,0,0,0,639,359
2990,36928,36927547,11118,250,-1,-1,1,541,83.0,0,-1.0,0,0,0,639,359
2991,36939,36938651,11104,250,-1,-1,1,536,83.2,0,-1.0,0,0,0,639,359
2992,36951,36949764,11113,250,-1,-1,1,527,83.3,0,-1.0,0,0,0,639,359
2993,36962,36960868,11104,250,-1,-1,1,628,83.5,0,-1.0,0,0,0,639,359
2994,36973,36971980,11112,250,-1,-1,1,525,83.6,0,-1.0,0,0,0,639,359
2995,36984,36983088,11108,250,-1,-1,1,526,83.7,0,-1.0,0,0,0,639,359
2996,36995,36994195,11107,250,-1,-1,1,525,83.7,0,-1.0,0,0,0,639,359
2997,37006,37005307,11112,250,-1,-1,1,525,83.8,0,-1.0,0,0,0,639,359
2998,37017,37016420,11113,250,-1,-1,1,527,84.0,1,-1.0,0,0,0,639,359
2999,37028,37027529,11109,250,-1,-1,1,545,84.1,0,-1.0,0,0,0,639,359
3000,37039,37038640,11111,250,-1,-1,1,541,84.2,0,-1.0,0,0,0,639,359
3001,37051,37049742,11102,250,-1,-1,1,527,84.3,0,-1.0,0,0,0,639,359
3002,37062,37060855,11113,250,-1,-1,1,632,84.4,0,-1.0,0,0,0,639,359
3003,37073,37071961,11106,250,-1,-1,1,528,84.5,0,-1.0,0,0,0,639,359
3004,37084,37083070,11109,250,-1,-1,1,526,84.6,0,-1.0,0,0,0,639,359
3005,37095,37094177,11107,250,-1,-1,1,526,84.6,0,-1.0,0,0,0,639,359
3006,37106,37105290,11113,250,-1,-1,1,524,84.7,0,-1.0,0,0,0,639,359
3007,37117,37116399,11109,250,-1,-1,1,525,84.7,1,-1.0,0,0,0,639,359
3008,37128,37127516,11117,250,-1,-1,1,545,84.8,0,-1.0,0,0,0,639,359
3009,37139,37138618,11102,250,-1,-1,1,545,84.9,0,-1.0,0,0,0,639,359
3010,37151,37149730,11112,250,-1,-1,1,526,85.0,0,-1.0,0,0,0,639,359
3011,37162,37160836,11106,250,-1,-1,1,634,85.1,0,-1.0,0,0,0,639,359
3012,37173,37171949,11113,250,-1,-1,1,528,85.2,0,-1.0,0,0,0,639,359
3013,37184,37183052,11103,250,-1,-1,1,526,85.2,0,-1.0,0,0,0,639,359
3014,37195,37194163,11111,250,-1,-1,1,526,85.2,0,-1.0,0,0,0,639,359
3015,37206,37205269,11106,250,-1,-1,1,525,85.3,0,-1.0,0,0,0,639,359
3016,37217,37216384,11115,250,-1,-1,1,525,85.4,1,-1.0,0,0,0,639,359
3017,37228,37227496,11112,250,-1,-1,1,548,85.4,0,-1.0,0,0,0,639,359
3018,37239,37238605,11109,250,-1,-1,1,547,85.5,0,-1.0,0,0,0,639,359
3019,37251,37249707,11102,250,-1,-1,1,589,85.6,0,-1.0,0,0,0,639,359
3020,37262,37260819,11112,250,-1,-1,1,632,85.6,0,-1.0,0,0,0,639,359
3021,37273,37271928,11109,250,-1,-1,1,529,85.7,0,-1.0,0,0,0,639,359
3022,37284,37283037,11109,250,-1,-1,1,528,85.7,0,-1.0,0,0,0,639,359
3023,37295,37294145,11108,250,-1,-1,1,528,85.7,0,-1.0,0,0,0,639,359
3024,37306,37305258,11113,250,-1,-1,1,528,85.8,0,-1.0,0,0,0,639,359
3025,37317,37316365,11107,250,-1,-1,1,526,85.8,1,-1.0,0,0,0,639,359
3026,37328,37327478,11113,250,-1,-1,1,546,85.9,0,-1.0,0,0,0,639,359
3027,37339,37338585,11107,250,-1,-1,1,544,85.9,0,-1.0,0,0,0,639,359
3028,37351,37349690,11105,250,-1,-1,1,610,86.0,0,-1.0,0,0,0,639,359
3029,37379,37371905,22215,250,-1,-1,1,585,35.7,0,-1.0,0,0,0,639,359
3030,37384,37383032,11127,250,-1,-1,1,525,60.6,0,-1.0,0,0,0,639,359
3031,37395,37394131,11099,250,-1,-1,1,525,68.2,0,-1.0,0,0,0,639,359
3032,37406,37405237,11106,250,-1,-1,1,527,71.4,0,-1.0,0,0,0,639,359
3033,37417,37416346,11109,250,-1,-1,1,528,74.6,0,-1.0,0,0,0,639,359
3034,37428,37427458,11112,250,-1,-1,1,528,76.9,1,-1.0,0,0,0,639,359
3035,37439,37438572,11114,250,-1,-1,1,531,78.7,0,-1.0,0,0,0,639,359
3036,37451,37449674,11102,250,-1,-1,1,545,80.0,0,-1.0,0,0,0,639,359
3037,37462,37460786,11112,250,-1,-1,1,611,81.1,0,-1.0,0,0,0,639,359
3038,37473,37471895,11109,250,-1,-1,1,632,82.0,0,-1.0,0,0,0,639,359
3039,37484,37483010,11115,250,-1,-1,1,526,82.7,0,-1.0,0,0,0,639,359
3040,37495,37494114,11104,250,-1,-1,1,525,83.3,0,-1.0,0,0,0,639,359
3041,37506,37505223,11109,250,-1,-1,1,526,83.3,0,-1.0,0,0,0,639,359
3042,37517,37516331,11108,250,-1,-1,1,527,83.8,0,-1.0,0,0,0,639,359
3043,37528,37527437,11106,250,-1,-1,1,529,84.3,1,-1.0,0,0,0,639,359
3044,37539,37538550,11113,250,-1,-1,1,536,84.7,0,-1.0,0,0,0,639,359
3045,37551,37549663,11113,250,-1,-1,1,530,85.0,0,-1.0,0,0,0,639,359
3046,37562,37560769,11106,250,-1,-1,1,612,85.3,0,-1.0,0,0,0,639,359
3047,37573,37571877,11108,250,-1,-1,1,631,85.6,0,-1.0,0,0,0,639,359
3048,37584,37582983,11106,250,-1,-1,1,529,85.8,0,-1.0,0,0,0,639,359
3049,37595,37594091,11108,250,-1,-1,1,526,86.1,0,-1.0,0,0,0,639,359
3050,37606,37605205,11114,250,-1,-1,1,525,85.9,0,-1.0,0,0,0,639,359
3051,37617,37616312,11107,250,-1,-1,1,524,86.1,0,-1.0,0,0,0,639,359
3052,37628,37627423,11111,250,-1,-1,1,526,86.3,1,-1.0,0,0,0,639,359
3053,37639,37638537,11114,250,-1,-1,1,543,86.5,0,-1.0,0,0,0,639,359
3054,37650,37649643,11106,250,-1,-1,1,545,86.7,0,-1.0,0,0,0,639,359
3055,37662,37660751,11108,250,-1,-1,1,609,86.8,0,-1.0,0,0,0,639,359
3056,37673,37671858,11107,250,-1,-1,1,635,87.0,0,-1.0,0,0,0,639,359
3057,37684,37683028,11170,250,-1,-1,1,527,87.1,0,-1.0,0,0,0,639,359
3058,37695,37694077,11049,250,-1,-1,1,526,87.2,0,-1.0,0,0,0,639,359
3059,37706,37705188,11111,250,-1,-1,1,525,87.1,0,-1.0,0,0,0,639,359
3060,37755,37716299,11111,250,-1,-1,1,610,79.0,0,-1.0,0,0,0,639,359
3061,37756,37749607,33308,250,-1,-1,1,636,81.3,1,-1.0,0,0,0,639,359
3062,37762,37760749,11142,250,-1,-1,1,635,82.7,0,-1.0,0,0,0,639,359
3063,37773,37771847,11098,250,-1,-1,1,535,82.9,0,-1.0,0,0,0,639,359
3064,37784,37782954,11107,250,-1,-1,1,527,83.1,0,-1.0,0,0,0,639,359
3065,37795,37794065,11111,250,-1,-1,1,633,83.1,0,-1.0,0,0,0,639,359
3066,37806,37805175,11110,250,-1,-1,1,529,83.3,0,-1.0,0,0,0,639,359
3067,37817,37816284,11109,250,-1,-1,1,534,83.5,0,-1.0,0,0,0,639,359
3068,37828,37827386,11102,250,-1,-1,1,544,83.7,0,-1.0,0,0,0,639,359
3069,37839,37838502,11116,250,-1,-1,1,629,83.8,0,-1.0,0,0,0,639,359
3070,37850,37849605,11103,250,-1,-1,1,528,84.0,1,-1.0,0,0,0,639,359
3071,37862,37860722,11117,250,-1,-1,1,527,84.1,0,-1.0,0,0,0,639,359
3072,37873,37871900,11178,250,-1,-1,1,631,84.3,0,-1.0,0,0,0,639,359
3073,37884,37882937,11037,250,-1,-1,1,629,84.4,0,-1.0,0,0,0,639,359
3074,37895,37894044,11107,250,-1,-1,1,526,84.6,0,-1.0,0,0,0,639,359
3075,37906,37905152,11108,250,-1,-1,1,527,84.7,0,-1.0,0,0,0,639,359
3076,37917,37916256,11104,250,-1,-1,1,527,84.7,0,-1.0,0,0,0,639,359
3077,37928,37927369,11113,250,-1,-1,1,527,84.8,0,-1.0,0,0,0,639,359
3078,37939,37938477,11108,250,-1,-1,1,527,84.9,0,-1.0,0,0,0,639,359
3079,37950,37949588,11111,250,-1,-1,1,527,85.0,1,-1.0,0,0,0,639,359
3080,37962,37960703,11115,250,-1,-1,1,545,85.1,0,-1.0,0,0,0,639,359
3081,37973,37971806,11103,250,-1,-1,1,548,85.2,0,-1.0,0,0,0,639,359
3082,37984,37982917,11111,250,-1,-1,1,570,85.3,0,-1.0,0,0,0,639,359
3083,37995,37994032,11115,250,-1,-1,1,634,85.3,0,-1.0,0,0,0,639,359
3084,38006,38005141,11109,250,-1,-1,1,527,85.5,0,-1.0,0,0,0,639,359
3085,38017,38016243,11102,250,-1,-1,1,525,85.5,0,-1.0,0,0,0,639,359
3086,38028,38027352,11109,250,-1,-1,1,526,85.5,0,-1.0,0,0,0,639,359
3087,38039,38038460,11108,250,-1,-1,1,528,85.6,0,-1.0,0,0,0,639,359
3088,38050,38049571,11111,250,-1,-1,1,528,85.7,1,-1.0,0,0,0,639,359
3089,38062,38060686,11115,250,-1,-1,1,534,85.8,0,-1.0,0,0,0,639,359
3090,38073,38071792,11106,250,-1,-1,1,532,85.9,0,-1.0,0,0,0,639,359
3091,38084,38082904,11112,250,-1,-1,1,570,85.9,0,-1.0,0,0,0,639,359
3092,38095,38094010,11106,250,-1,-1,1,633,86.0,0,-1.0,0,0,0,639,359
3093,38106,38105120,11110,250,-1,-1,1,526,86.1,0,-1.0,0,0,0,639,359
3094,38117,38116228,11108,250,-1,-1,1,525,86.0,0,-1.0,0,0,0,639,359
3095,38128,38127335,11107,250,-1,-1,1,525,86.1,0,-1.0,0,0,0,639,359
3096,38139,38138445,11110,250,-1,-1,1,525,86.2,0,-1.0,0,0,0,639,359
3097,38150,38149556,11111,250,-1,-1,1,527,86.2,1,-1.0,0,0,0,639,359
3098,38161,38160667,11111,250,-1,-1,1,547,86.3,0,-1.0,0,0,0,639,359
3099,38173,38171780,11113,250,-1,-1,1,540,86.4,0,-1.0,0,0,0,639,359
3100,38184,38182881,11101,250,-1,-1,1,570,86.4,0,-1.0,0,0,0,639,359
3101,38195,38193994,11113,250,-1,-1,1,634,86.5,0,-1.0,0,0,0,639,359
3102,38206,38205101,11107,250,-1,-1,1,527,86.5,0,-1.0,0,0,0,639,359
3103,38218,38216211,11110,250,-1,-1,1,526,86.4,0,-1.0,0,0,0,639,359
3104,38228,38227319,11108,250,-1,-1,1,526,86.6,0,-1.0,0,0,0,639,359
3105,38239,38238433,11114,250,-1,-1,1,525,86.6,0,-1.0,0,0,0,639,359
3106,38250,38249537,11104,250,-1,-1,1,524,86.7,1,-1.0,0,0,0,639,359
3107,38261,38260651,11114,250,-1,-1,1,545,86.7,0,-1.0,0,0,0,639,359
3108,38273,38271755,11104,250,-1,-1,1,549,86.8,0,-1.0,0,0,0,639,359
3109,38284,38282868,11113,250,-1,-1,1,616,86.8,0,-1.0,0,0,0,639,359
3110,38295,38293981,11113,250,-1,-1,1,629,86.9,0,-1.0,0,0,0,639,359
3111,38306,38305085,11104,250,-1,-1,1,528,86.9,0,-1.0,0,0,0,639,359
3112,38317,38316192,11107,250,-1,-1,1,528,86.9,0,-1.0,0,0,0,639,359
3113,38328,38327305,11113,250,-1,-1,1,528,86.9,0,-1.0,0,0,0,639,359
3114,38339,38338407,11102,250,-1,-1,1,526,87.0,0,-1.0,0,0,0,639,359
3115,38350,38349522,11115,250,-1,-1,1,527,87.0,1,-1.0,0,0,0,639,359
3116,38403,38393948,44426,250,-1,-1,1,607,19.2,0,-1.0,0,0,0,639,359
3117,38406,38405058,11110,250,-1,-1,1,629,35.7,0,-1.0,0,0,0,639,359
3118,38417,38416178,11120,250,-1,-1,1,526,44.8,0,-1.0,0,0,0,639,359
3119,38428,38427285,11107,250,-1,-1,1,525,51.3,0,-1.0,0,0,0,639,359
3120,38439,38438396,11111,250,-1,-1,1,525,56.2,0,-1.0,0,0,0,639,359
3121,38450,38449502,11106,250,-1,-1,1,527,60.0,0,-1.0,0,0,0,639,359
3122,38461,38460612,11110,250,-1,-1,1,529,63.1,0,-1.0,0,0,0,639,359
3123,38473,38471720,11108,250,-1,-1,1,527,65.6,0,-1.0,0,0,0,639,359
3124,38484,38482833,11113,250,-1,-1,1,527,67.7,1,-1.0,0,0,0,639,359
3125,38495,38493941,11108,250,-1,-1,1,528,69.4,0,-1.0,0,0,0,639,359
3126,38506,38505057,11116,250,-1,-1,1,548,71.0,0,-1.0,0,0,0,639,359
3127,38517,38516158,11101,250,-1,-1,1,569,71.9,0,-1.0,0,0,0,639,359
3128,38528,38527284,11126,250,-1,-1,1,630,73.0,0,-1.0,0,0,0,639,359
3129,38539,38538380,11096,250,-1,-1,1,526,74.1,0,-1.0,0,0,0,639,359
3130,38550,38549490,11110,250,-1,-1,1,525,75.0,0,-1.0,0,0,0,639,359
3131,38561,38560593,11103,250,-1,-1,1,526,75.8,0,-1.0,0,0,0,639,359
3132,38573,38571706,11113,250,-1,-1,1,528,76.6,0,-1.0,0,0,0,639,359
3133,38584,38582812,11106,250,-1,-1,1,527,77.3,1,-1.0,0,0,0,639,359
3134,38595,38593931,11119,250,-1,-1,1,534,77.9,0,-1.0,0,0,0,639,359
3135,38606,38605033,11102,250,-1,-1,1,530,78.4,0,-1.0,0,0,0,639,359
3136,38617,38616141,11108,250,-1,-1,1,574,78.7,0,-1.0,0,0,0,639,359
3137,38628,38627249,11108,250,-1,-1,1,630,79.1,0,-1.0,0,0,0,639,359
3138,38639,38638364,11115,250,-1,-1,1,526,79.6,0,-1.0,0,0,0,639,359
3139,38650,38649468,11104,250,-1,-1,1,526,80.0,0,-1.0,0,0,0,639,359
3140,38661,38660580,11112,250,-1,-1,1,524,80.4,0,-1.0,0,0,0,639,359
3141,38672,38671689,11109,250,-1,-1,1,525,80.7,0,-1.0,0,0,0,639,359
3142,38684,38682797,11108,250,-1,-1,1,526,81.1,1,-1.0,0,0,0,639,359
3143,38695,38693907,11110,250,-1,-1,1,546,81.4,0,-1.0,0,0,0,639,359
3144,38706,38705018,11111,250,-1,-1,1,543,81.7,0,-1.0,0,0,0,639,359
3145,38717,38716125,11107,250,-1,-1,1,572,81.7,0,-1.0,0,0,0,639,359
3146,38728,38727237,11112,250,-1,-1,1,636,82.0,0,-1.0,0,0,0,639,359
3147,38739,38738373,11136,250,-1,-1,1,528,82.3,0,-1.0,0,0,0,639,359
3148,38750,38749453,11080,250,-1,-1,1,526,82.5,0,-1.0,0,0,0,639,359
3149,38761,38760559,11106,250,-1,-1,1,527,82.7,0,-1.0,0,0,0,639,359
3150,38817,38771671,11112,250,-1,-1,1,612,74.9,0,-1.0,0,0,0,639,359
3151,38818,38816094,44423,250,-1,-1,1,600,76.9,1,-1.0,0,0,0,639,359
3152,38828,38827222,11128,250,-1,-1,1,525,77.4,0,-1.0,0,0,0,639,359
3153,38839,38838327,11105,250,-1,-1,1,527,77.7,0,-1.0,0,0,0,639,359
3154,38850,38849434,11107,250,-1,-1,1,526,78.0,0,-1.0,0,0,0,639,359
3155,38861,38860545,11111,250,-1,-1,1,629,78.3,0,-1.0,0,0,0,639,359
3156,38872,38871651,11106,250,-1,-1,1,541,78.5,0,-1.0,0,0,0,639,359
3157,38884,38882767,11116,250,-1,-1,1,536,78.8,0,-1.0,0,0,0,639,359
3158,38895,38893873,11106,250,-1,-1,1,528,79.0,0,-1.0,0,0,0,639,359
3159,38906,38904985,11112,250,-1,-1,1,630,79.3,0,-1.0,0,0,0,639,359
3160,38917,38916091,11106,250,-1,-1,1,529,79.5,1,-1.0,0,0,0,639,359
3161,38928,38927203,11112,250,-1,-1,1,525,79.6,0,-1.0,0,0,0,639,359
3162,38939,38938313,11110,250,-1,-1,1,546,79.8,0,-1.0,0,0,0,639,359
3163,38950,38949424,11111,250,-1,-1,1,636,80.0,0,-1.0,0,0,0,639,359
3164,38961,38960528,11104,250,-1,-1,1,633,80.2,0,-1.0,0,0,0,639,359
3165,38973,38971720,11192,250,-1,-1,1,526,80.4,0,-1.0,0,0,0,639,359
3166,38984,38982743,11023,250,-1,-1,1,527,80.6,0,-1.0,0,0,0,639,359
3167,38995,38993855,11112,250,-1,-1,1,526,80.7,0,-1.0,0,0,0,639,359
3168,39006,39004964,11109,250,-1,-1,1,527,80.9,0,-1.0,0,0,0,639,359
3169,39017,39016072,11108,250,-1,-1,1,525,81.1,1,-1.0,0,0,0,639,359
3170,39028,39027186,11114,250,-1,-1,1,576,81.1,0,-1.0,0,0,0,639,359
3171,39039,39038295,11109,250,-1,-1,1,530,81.3,0,-1.0,0,0,0,639,359
3172,39050,39049404,11109,250,-1,-1,1,588,81.4,0,-1.0,0,0,0,639,359
3173,39061,39060510,11106,250,-1,-1,1,634,81.6,0,-1.0,0,0,0,639,359
3174,39072,39071626,11116,250,-1,-1,1,525,81.7,0,-1.0,0,0,0,639,359
3175,39084,39082728,11102,250,-1,-1,1,525,81.9,0,-1.0,0,0,0,639,359
3176,39095,39093834,11106,250,-1,-1,1,526,82.0,0,-1.0,0,0,0,639,359
3177,39106,39104950,11116,250,-1,-1,1,527,82.1,0,-1.0,0,0,0,639,359
3178,39117,39116052,11102,250,-1,-1,1,527,82.2,1,-1.0,0,0,0,639,359
3179,39128,39127172,11120,250,-1,-1,1,569,82.3,0,-1.0,0,0,0,639,359
3180,39139,39138273,11101,250,-1,-1,1,534,82.4,0,-1.0,0,0,0,639,359
3181,39150,39149386,11113,250,-1,-1,1,636,82.5,0,-1.0,0,0,0,639,359
3182,39161,39160491,11105,250,-1,-1,1,630,82.6,0,-1.0,0,0,0,639,359
3183,39172,39171607,11116,250,-1,-1,1,528,82.7,0,-1.0,0,0,0,639,359
3184,39184,39182707,11100,250,-1,-1,1,527,82.8,0,-1.0,0,0,0,639,359
3185,39195,39193820,11113,250,-1,-1,1,525,82.9,0,-1.0,0,0,0,639,359
3186,39206,39204927,11107,250,-1,-1,1,524,83.0,0,-1.0,0,0,0,639,359
3187,39217,39216040,11113,250,-1,-1,1,525,83.1,1,-1.0,0,0,0,639,359
3188,39228,39227151,11111,250,-1,-1,1,545,83.1,0,-1.0,0,0,0,639,359
3189,39239,39238258,11107,250,-1,-1,1,548,83.2,0,-1.0,0,0,0,639,359
3190,39250,39249369,11111,250,-1,-1,1,628,83.3,0,-1.0,0,0,0,639,359
3191,39261,39260476,11107,250,-1,-1,1,636,83.4,0,-1.0,0,0,0,639,359
3192,39272,39271583,11107,250,-1,-1,1,527,83.5,0,-1.0,0,0,0,639,359
3193,39284,39282694,11111,250,-1,-1,1,528,83.6,0,-1.0,0,0,0,639,359
3194,39295,39293802,11108,250,-1,-1,1,527,83.7,0,-1.0,0,0,0,639,359
3195,39306,39304916,11114,250,-1,-1,1,527,83.8,0,-1.0,0,0,0,639,359
3196,39317,39316022,11106,250,-1,-1,1,525,83.9,1,-1.0,0,0,0,639,359
3197,39328,39327137,11115,250,-1,-1,1,547,83.8,0,-1.0,0,0,0,639,359
3198,39339,39338239,11102,250,-1,-1,1,547,83.9,0,-1.0,0,0,0,639,359
3199,39350,39349351,11112,250,-1,-1,1,629,84.0,0,-1.0,0,0,0,639,359
3200,39378,39371562,22211,250,-1,-1,1,641,35.7,0,-1.0,0,0,0,639,359
3201,39384,39382688,11126,250,-1,-1,1,524,60.6,0,-1.0,0,0,0,639,359
3202,39395,39393783,11095,250,-1,-1,1,527,68.2,0,-1.0,0,0,0,639,359
3203,39406,39404892,11109,250,-1,-1,1,528,72.7,0,-1.0,0,0,0,639,359
3204,39417,39416002,11110,250,-1,-1,1,526,75.8,0,-1.0,0,0,0,639,359
3205,39428,39427114,11112,250,-1,-1,1,528,77.9,1,-1.0,0,0,0,639,359
3206,39439,39438229,11115,250,-1,-1,1,528,78.7,0,-1.0,0,0,0,639,359
3207,39450,39449334,11105,250,-1,-1,1,528,80.0,0,-1.0,0,0,0,639,359
3208,39461,39460441,11107,250,-1,-1,1,630,81.1,0,-1.0,0,0,0,639,359
3209,39472,39471553,11112,250,-1,-1,1,633,82.0,0,-1.0,0,0,0,639,359
3210,39483,39482664,11111,250,-1,-1,1,525,82.7,0,-1.0,0,0,0,639,359
3211,39495,39493770,11106,250,-1,-1,1,526,83.3,0,-1.0,0,0,0,639,359
3212,39506,39504882,11112,250,-1,-1,1,525,83.9,0,-1.0,0,0,0,639,359
3213,39517,39515985,11103,250,-1,-1,1,528,84.3,0,-1.0,0,0,0,639,359
3214,39528,39527098,11113,250,-1,-1,1,528,84.7,1,-1.0,0,0,0,639,359
3215,39539,39538206,11108,250,-1,-1,1,536,84.7,0,-1.0,0,0,0,639,359
3216,39550,39549320,11114,250,-1,-1,1,531,85.0,0,-1.0,0,0,0,639,359
3217,39561,39560424,11104,250,-1,-1,1,625,85.3,0,-1.0,0,0,0,639,359
3218,39572,39571536,11112,250,-1,-1,1,633,85.6,0,-1.0,0,0,0,639,359
3219,39583,39582647,11111,250,-1,-1,1,527,85.8,0,-1.0,0,0,0,639,359
3220,39595,39593756,11109,250,-1,-1,1,526,86.1,0,-1.0,0,0,0,639,359
3221,39606,39604861,11105,250,-1,-1,1,525,86.3,0,-1.0,0,0,0,639,359
3222,39617,39615969,11108,250,-1,-1,1,525,86.5,0,-1.0,0,0,0,639,359
3223,39628,39627080,11111,250,-1,-1,1,525,86.6,1,-1.0,0,0,0,639,359
3224,39639,39638194,11114,250,-1,-1,1,546,86.5,0,-1.0,0,0,0,639,359
3225,39650,39649297,11103,250,-1,-1,1,540,86.7,0,-1.0,0,0,0,639,359
3226,39661,39660411,11114,250,-1,-1,1,629,86.8,0,-1.0,0,0,0,639,359
3227,39672,39671518,11107,250,-1,-1,1,628,87.0,0,-1.0,0,0,0,639,359
3228,39684,39682727,11209,250,-1,-1,1,529,87.1,0,-1.0,0,0,0,639,359
3229,39695,39693735,11008,250,-1,-1,1,525,87.2,0,-1.0,0,0,0,639,359
3230,39706,39704846,11111,250,-1,-1,1,528,87.3,0,-1.0,0,0,0,639,359
3231,39717,39715955,11109,250,-1,-1,1,527,87.4,0,-1.0,0,0,0,639,359
3232,39728,39727060,11105,250,-1,-1,1,525,87.5,1,-1.0,0,0,0,639,359
3233,39739,39738177,11117,250,-1,-1,1,545,87.4,0,-1.0,0,0,0,639,359
3234,39750,39749291,11114,250,-1,-1,1,545,87.5,0,-1.0,0,0,0,639,359
3235,39761,39760392,11101,250,-1,-1,1,631,87.6,0,-1.0,0,0,0,639,359
3236,39772,39771503,11111,250,-1,-1,1,635,87.7,0,-1.0,0,0,0,639,359
3237,39783,39782612,11109,250,-1,-1,1,528,87.8,0,-1.0,0,0,0,639,359
3238,39795,39793720,11108,250,-1,-1,1,528,87.8,0,-1.0,0,0,0,639,359
3239,39806,39804826,11106,250,-1,-1,1,528,87.9,0,-1.0,0,0,0,639,359
3240,39868,39815939,11113,250,-1,-1,1,1183,79.2,0,-1.0,0,0,0,639,359
3241,39869,39860360,44421,250,-1,-1,1,603,80.9,1,-1.0,0,0,0,639,359
3242,39872,39871491,11131,250,-1,-1,1,634,82.4,0,-1.0,0,0,0,639,359
3243,39883,39882596,11105,250,-1,-1,1,525,82.6,0,-1.0,0,0,0,639,359
3244,39895,39893700,11104,250,-1,-1,1,534,82.7,0,-1.0,0,0,0,639,359
3245,39906,39904818,11118,250,-1,-1,1,632,82.9,0,-1.0,0,0,0,639,359
3246,39917,39915921,11103,250,-1,-1,1,547,83.0,0,-1.0,0,0,0,639,359
3247,39928,39927033,11112,250,-1,-1,1,543,83.2,0,-1.0,0,0,0,639,359
3248,39939,39938140,11107,250,-1,-1,1,526,83.3,0,-1.0,0,0,0,639,359
3249,39950,39949250,11110,250,-1,-1,1,629,83.3,0,-1.0,0,0,0,639,359
3250,39961,39960357,11107,250,-1,-1,1,526,83.5,1,-1.0,0,0,0,639,359
3251,39972,39971470,11113,250,-1,-1,1,527,83.6,0,-1.0,0,0,0,639,359
3252,39984,39982652,11182,250,-1,-1,1,632,83.7,0,-1.0,0,0,0,639,359
3253,39995,39993686,11034,250,-1,-1,1,527,83.9,0,-1.0,0,0,0,639,359
3254,40006,40004793,11107,250,-1,-1,1,526,84.0,0,-1.0,0,0,0,639,359
3255,40017,40015904,11111,250,-1,-1,1,528,84.1,0,-1.0,0,0,0,639,359
3256,40028,40027008,11104,250,-1,-1,1,530,84.2,0,-1.0,0,0,0,639,359
3257,40039,40038122,11114,250,-1,-1,1,527,84.3,0,-1.0,0,0,0,639,359
3258,40050,40049227,11105,250,-1,-1,1,526,84.3,0,-1.0,0,0,0,639,359
3259,40061,40060339,11112,250,-1,-1,1,525,84.4,1,-1.0,0,0,0,639,359
3260,40072,40071450,11111,250,-1,-1,1,546,84.5,0,-1.0,0,0,0,639,359
3261,40083,40082560,11110,250,-1,-1,1,546,84.6,0,-1.0,0,0,0,639,359
3262,40095,40093666,11106,250,-1,-1,1,631,84.7,0,-1.0,0,0,0,639,359
3263,40106,40104778,11112,250,-1,-1,1,628,84.8,0,-1.0,0,0,0,639,359
3264,40117,40115884,11106,250,-1,-1,1,526,84.9,0,-1.0,0,0,0,639,359
3265,40128,40126994,11110,250,-1,-1,1,527,84.9,0,-1.0,0,0,0,639,359
3266,40139,40138102,11108,250,-1,-1,1,525,85.0,0,-1.0,0,0,0,639,359
3267,40150,40149212,11110,250,-1,-1,1,527,85.0,0,-1.0,0,0,0,639,359
3268,40161,40160322,11110,250,-1,-1,1,528,85.1,1,-1.0,0,0,0,639,359
3269,40172,40171434,11112,250,-1,-1,1,532,85.2,0,-1.0,0,0,0,639,359
3270,40183,40182546,11112,250,-1,-1,1,545,85.2,0,-1.0,0,0,0,639,359
3271,40195,40193654,11108,250,-1,-1,1,634,85.3,0,-1.0,0,0,0,639,359
3272,40206,40204757,11103,250,-1,-1,1,636,85.4,0,-1.0,0,0,0,639,359
3273,40217,40215873,11116,250,-1,-1,1,527,85.5,0,-1.0,0,0,0,639,359
3274,40228,40226978,11105,250,-1,-1,1,526,85.5,0,-1.0,0,0,0,639,359
3275,40239,40238087,11109,250,-1,-1,1,526,85.6,0,-1.0,0,0,0,639,359
3276,40250,40249193,11106,250,-1,-1,1,528,85.6,0,-1.0,0,0,0,639,359
3277,40261,40260304,11111,250,-1,-1,1,527,85.6,1,-1.0,0,0,0,639,359
3278,40272,40271416,11112,250,-1,-1,1,532,85.7,0,-1.0,0,0,0,639,359
3279,40283,40282530,11114,250,-1,-1,1,546,85.7,0,-1.0,0,0,0,639,359
3280,40294,40293633,11103,250,-1,-1,1,628,85.8,0,-1.0,0,0,0,639,359
3281,40306,40304748,11115,250,-1,-1,1,630,85.9,0,-1.0,0,0,0,639,359
3282,40317,40315854,11106,250,-1,-1,1,525,85.9,0,-1.0,0,0,0,639,359
3283,40328,40326962,11108,250,-1,-1,1,525,86.0,0,-1.0,0,0,0,639,359
3284,40339,40338067,11105,250,-1,-1,1,525,86.0,0,-1.0,0,0,0,639,359
3285,40350,40349179,11112,250,-1,-1,1,528,86.0,0,-1.0,0,0,0,639,359
3286,40367,40360285,11106,250,-1,-1,1,524,62.5,1,-1.0,0,0,0,639,359
3287,40372,40371415,11130,250,-1,-1,1,534,90.9,0,-1.0,0,0,0,639,359
3288,40383,40382506,11091,250,-1,-1,1,532,90.9,0,-1.0,0,0,0,639,359
3289,40394,40393618,11112,250,-1,-1,1,628,90.9,0,-1.0,0,0,0,639,359
3290,40406,40404726,11108,250,-1,-1,1,605,90.9,0,-1.0,0,0,0,639,359
3291,40417,40415835,11109,250,-1,-1,1,684,90.9,0,-1.0,0,0,0,639,359
3292,40428,40426944,11109,250,-1,-1,1,526,90.9,0,-1.0,0,0,0,639,359
3293,40439,40438053,11109,250,-1,-1,1,525,90.9,0,-1.0,0,0,0,639,359
3294,40450,40449163,11110,250,-1,-1,1,525,90.0,0,-1.0,0,0,0,639,359
3295,40461,40460269,11106,250,-1,-1,1,525,90.1,1,-1.0,0,0,0,639,359
3296,40472,40471381,11112,250,-1,-1,1,547,90.2,0,-1.0,0,0,0,639,359
3297,40483,40482494,11113,250,-1,-1,1,536,90.2,0,-1.0,0,0,0,639,359
3298,40494,40493598,11104,250,-1,-1,1,627,90.3,0,-1.0,0,0,0,639,359
3299,40506,40504709,11111,250,-1,-1,1,636,90.3,0,-1.0,0,0,0,639,359
3300,40517,40515816,11107,250,-1,-1,1,527,90.4,0,-1.0,0,0,0,639,359
3301,40528,40526927,11111,250,-1,-1,1,527,90.4,0,-1.0,0,0,0,639,359
3302,40539,40538033,11106,250,-1,-1,1,524,90.4,0,-1.0,0,0,0,639,359
3303,40550,40549147,11114,250,-1,-1,1,525,90.0,0,-1.0,0,0,0,639,359
3304,40561,40560253,11106,250,-1,-1,1,526,90.0,1,-1.0,0,0,0,639,359
3305,40572,40571368,11115,250,-1,-1,1,546,90.1,0,-1.0,0,0,0,639,359
3306,40583,40582472,11104,250,-1,-1,1,549,90.1,0,-1.0,0,0,0,639,359
3307,40594,40593584,11112,250,-1,-1,1,627,90.2,0,-1.0,0,0,0,639,359
3308,40606,40604689,11105,250,-1,-1,1,633,90.2,0,-1.0,0,0,0,639,359
3309,40617,40615805,11116,250,-1,-1,1,526,90.2,0,-1.0,0,0,0,639,359
3310,40628,40626908,11103,250,-1,-1,1,527,90.3,0,-1.0,0,0,0,639,359
3311,40639,40638018,11110,250,-1,-1,1,526,90.3,0,-1.0,0,0,0,639,359
3312,40650,40649127,11109,250,-1,-1,1,528,90.3,0,-1.0,0,0,0,639,359
3313,40661,40660236,11109,250,-1,-1,1,525,90.0,1,-1.0,0,0,0,639,359
3314,40672,40671350,11114,250,-1,-1,1,548,90.1,0,-1.0,0,0,0,639,359
3315,40683,40682458,11108,250,-1,-1,1,544,90.1,0,-1.0,0,0,0,639,359
3316,40694,40693560,11102,250,-1,-1,1,633,90.1,0,-1.0,0,0,0,639,359
3317,40706,40704676,11116,250,-1,-1,1,633,90.1,0,-1.0,0,0,0,639,359
3318,40717,40715781,11105,250,-1,-1,1,526,90.2,0,-1.0,0,0,0,639,359
3319,40728,40726892,11111,250,-1,-1,1,527,90.2,0,-1.0,0,0,0,639,359
3320,40739,40738001,11109,250,-1,-1,1,528,90.2,0,-1.0,0,0,0,639,359
3321,40750,40749113,11112,250,-1,-1,1,527,90.2,0,-1.0,0,0,0,639,359
3322,40761,40760219,11106,250,-1,-1,1,527,90.0,1,-1.0,0,0,0,639,359
3323,40772,40771331,11112,250,-1,-1,1,546,90.0,0,-1.0,0,0,0,639,359
3324,40783,40782440,11109,250,-1,-1,1,546,90.1,0,-1.0,0,0,0,639,359
3325,40794,40793552,11112,250,-1,-1,1,632,90.1,0,-1.0,0,0,0,639,359
3326,40805,40804657,11105,250,-1,-1,1,632,90.1,0,-1.0,0,0,0,639,359
3327,40817,40815767,11110,250,-1,-1,1,526,90.1,0,-1.0,0,0,0,639,359
3328,40828,40826870,11103,250,-1,-1,1,525,90.1,0,-1.0,0,0,0,639,359
3329,40839,40837985,11115,250,-1,-1,1,525,90.2,0,-1.0,0,0,0,639,359
3330,40907,40849092,11107,250,-1,-1,1,606,80.8,0,-1.0,0,0,0,639,359
3331,40908,40904625,55533,250,-1,-1,1,599,82.4,1,-1.0,0,0,0,639,359
3332,40917,40915752,11127,250,-1,-1,1,526,83.0,0,-1.0,0,0,0,639,359
3333,40928,40926862,11110,250,-1,-1,1,525,83.2,0,-1.0,0,0,0,639,359
3334,40939,40937973,11111,250,-1,-1,1,526,83.2,0,-1.0,0,0,0,639,359
3335,40950,40949081,11108,250,-1,-1,1,633,83.3,0,-1.0,0,0,0,639,359
3336,40961,40960187,11106,250,-1,-1,1,545,83.5,0,-1.0,0,0,0,639,359
3337,40972,40971297,11110,250,-1,-1,1,544,83.6,0,-1.0,0,0,0,639,359
3338,40983,40982404,11107,250,-1,-1,1,630,83.7,0,-1.0,0,0,0,639,359
3339,40994,40993515,11111,250,-1,-1,1,633,83.9,0,-1.0,0,0,0,639,359
3340,41005,41004623,11108,250,-1,-1,1,527,84.0,1,-1.0,0,0,0,639,359
3341,41017,41015737,11114,250,-1,-1,1,527,84.1,0,-1.0,0,0,0,639,359
3342,41028,41026958,11221,250,-1,-1,1,633,84.2,0,-1.0,0,0,0,639,359
3343,41039,41037951,10993,250,-1,-1,1,526,84.3,0,-1.0,0,0,0,639,359
3344,41050,41049058,11107,250,-1,-1,1,527,84.3,0,-1.0,0,0,0,639,359
3345,41061,41060172,11114,250,-1,-1,1,525,84.4,0,-1.0,0,0,0,639,359
3346,41072,41071273,11101,250,-1,-1,1,526,84.5,0,-1.0,0,0,0,639,359
3347,41083,41082388,11115,250,-1,-1,1,528,84.6,0,-1.0,0,0,0,639,359
3348,41094,41093494,11106,250,-1,-1,1,528,84.7,0,-1.0,0,0,0,639,359
3349,41105,41104606,11112,250,-1,-1,1,528,84.8,1,-1.0,0,0,0,639,359
3350,41117,41115715,11109,250,-1,-1,1,529,84.9,0,-1.0,0,0,0,639,359
3351,41128,41126829,11114,250,-1,-1,1,529,84.9,0,-1.0,0,0,0,639,359
3352,41139,41137935,11106,250,-1,-1,1,629,85.0,0,-1.0,0,0,0,639,359
3353,41150,41149046,11111,250,-1,-1,1,628,85.0,0,-1.0,0,0,0,639,359
3354,41161,41160152,11106,250,-1,-1,1,525,85.2,0,-1.0,0,0,0,639,359
3355,41172,41171263,11111,250,-1,-1,1,525,85.2,0,-1.0,0,0,0,639,359
3356,41183,41182368,11105,250,-1,-1,1,526,85.2,0,-1.0,0,0,0,639,359
3357,41194,41193481,11113,250,-1,-1,1,529,85.3,0,-1.0,0,0,0,639,359
3358,41205,41204587,11106,250,-1,-1,1,529,85.4,1,-1.0,0,0,0,639,359
3359,41217,41215698,11111,250,-1,-1,1,533,85.5,0,-1.0,0,0,0,639,359
3360,41228,41226808,11110,250,-1,-1,1,529,85.5,0,-1.0,0,0,0,639,359
3361,41239,41237920,11112,250,-1,-1,1,624,85.6,0,-1.0,0,0,0,639,359
3362,41250,41249025,11105,250,-1,-1,1,630,85.6,0,-1.0,0,0,0,639,359
3363,41261,41260138,11113,250,-1,-1,1,526,85.7,0,-1.0,0,0,0,639,359
3364,41272,41271239,11101,250,-1,-1,1,524,85.7,0,-1.0,0,0,0,639,359
3365,41283,41282352,11113,250,-1,-1,1,524,85.7,0,-1.0,0,0,0,639,359
3366,41294,41293458,11106,250,-1,-1,1,524,85.8,0,-1.0,0,0,0,639,359
3367,41305,41304568,11110,250,-1,-1,1,528,85.9,1,-1.0,0,0,0,639,359
3368,41317,41315683,11115,250,-1,-1,1,538,85.9,0,-1.0,0,0,0,639,359
3369,41328,41326792,11109,250,-1,-1,1,535,86.0,0,-1.0,0,0,0,639,359
3370,41339,41337896,11104,250,-1,-1,1,629,86.0,0,-1.0,0,0,0,639,359
3371,41350,41349011,11115,250,-1,-1,1,630,86.1,0,-1.0,0,0,0,639,359
3372,41367,41360121,11110,250,-1,-1,1,526,58.8,0,-1.0,0,0,0,639,359
3373,41372,41371244,11123,250,-1,-1,1,526,90.9,0,-1.0,0,0,0,639,359
3374,41383,41382336,11092,250,-1,-1,1,524,90.9,0,-1.0,0,0,0,639,359
3375,41394,41393446,11110,250,-1,-1,1,526,90.9,0,-1.0,0,0,0,639,359
3376,41405,41404552,11106,250,-1,-1,1,526,90.9,1,-1.0,0,0,0,639,359
3377,41417,41415666,11114,250,-1,-1,1,545,90.9,0,-1.0,0,0,0,639,359
3378,41428,41426774,11108,250,-1,-1,1,545,90.9,0,-1.0,0,0,0,639,359
3379,41439,41437882,11108,250,-1,-1,1,632,90.9,0,-1.0,0,0,0,639,359
3380,41450,41448992,11110,250,-1,-1,1,636,90.9,0,-1.0,0,0,0,639,359
3381,41461,41460103,11111,250,-1,-1,1,527,90.9,0,-1.0,0,0,0,639,359
3382,41472,41471207,11104,250,-1,-1,1,527,90.2,0,-1.0,0,0,0,639,359
3383,41483,41482316,11109,250,-1,-1,1,544,90.2,0,-1.0,0,0,0,639,359
3384,41494,41493424,11108,250,-1,-1,1,526,90.3,0,-1.0,0,0,0,639,359
3385,41505,41504537,11113,250,-1,-1,1,528,90.3,1,-1.0,0,0,0,639,359
3386,41516,41515648,11111,250,-1,-1,1,546,90.4,0,-1.0,0,0,0,639,359
3387,41528,41526757,11109,250,-1,-1,1,547,90.4,0,-1.0,0,0,0,639,359
3388,41539,41537866,11109,250,-1,-1,1,629,90.4,0,-1.0,0,0,0,639,359
3389,41550,41548975,11109,250,-1,-1,1,629,90.5,0,-1.0,0,0,0,639,359
3390,41561,41560083,11108,250,-1,-1,1,524,90.5,0,-1.0,0,0,0,639,359
3391,41572,41571192,11109,250,-1,-1,1,526,90.1,0,-1.0,0,0,0,639,359
3392,41583,41582298,11106,250,-1,-1,1,529,90.1,0,-1.0,0,0,0,639,359
3393,41594,41593412,11114,250,-1,-1,1,528,90.2,0,-1.0,0,0,0,639,359
3394,41605,41604517,11105,250,-1,-1,1,527,90.2,1,-1.0,0,0,0,639,359
3395,41616,41615633,11116,250,-1,-1,1,529,90.2,0,-1.0,0,0,0,639,359
3396,41628,41626738,11105,250,-1,-1,1,529,90.3,0,-1.0,0,0,0,639,359
3397,41639,41637847,11109,250,-1,-1,1,630,90.3,0,-1.0,0,0,0,639,359
3398,41650,41649068,11221,250,-1,-1,1,630,90.0,0,-1.0,0,0,0,639,359
3399,41661,41660068,11000,250,-1,-1,1,529,90.3,0,-1.0,0,0,0,639,359
3400,41672,41671175,11107,250,-1,-1,1,526,90.1,0,-1.0,0,0,0,639,359
3401,41683,41682286,11111,250,-1,-1,1,527,90.1,0,-1.0,0,0,0,639,359
3402,41694,41693386,11100,250,-1,-1,1,529,90.1,0,-1.0,0,0,0,639,359
3403,41705,41704499,11113,250,-1,-1,1,526,90.1,1,-1.0,0,0,0,639,359
3404,41716,41715613,11114,250,-1,-1,1,533,90.2,0,-1.0,0,0,0,639,359
3405,41728,41726725,11112,250,-1,-1,1,530,90.2,0,-1.0,0,0,0,639,359
3406,41739,41737830,11105,250,-1,-1,1,632,90.2,0,-1.0,0,0,0,639,359
3407,41750,41748944,11114,250,-1,-1,1,634,90.2,0,-1.0,0,0,0,639,359
3408,41761,41760048,11104,250,-1,-1,1,525,90.2,0,-1.0,0,0,0,639,359
3409,41772,41771158,11110,250,-1,-1,1,525,90.3,0,-1.0,0,0,0,639,359
3410,41783,41782265,11107,250,-1,-1,1,526,90.1,0,-1.0,0,0,0,639,359
3411,41794,41793377,11112,250,-1,-1,1,526,90.1,0,-1.0,0,0,0,639,359
3412,41805,41804483,11106,250,-1,-1,1,524,90.1,1,-1.0,0,0,0,639,359
3413,41816,41815602,11119,250,-1,-1,1,548,90.1,0,-1.0,0,0,0,639,359
3414,41828,41826704,11102,250,-1,-1,1,545,90.1,0,-1.0,0,0,0,639,359
3415,41839,41837816,11112,250,-1,-1,1,633,90.2,0,-1.0,0,0,0,639,359
3416,41850,41848922,11106,250,-1,-1,1,633,90.2,0,-1.0,0,0,0,639,359
3417,41861,41860032,11110,250,-1,-1,1,526,90.2,0,-1.0,0,0,0,639,359
3418,41872,41871141,11109,250,-1,-1,1,527,90.2,0,-1.0,0,0,0,639,359
3419,41883,41882251,11110,250,-1,-1,1,529,90.1,0,-1.0,0,0,0,639,359
3420,41958,41893357,11106,250,-1,-1,1,607,80.6,0,-1.0,0,0,0,639,359
3421,41959,41948888,55531,250,-1,-1,1,2017,82.0,1,-1.0,0,0,0,639,359
3422,41962,41960008,11120,250,-1,-1,1,602,83.3,0,-1.0,0,0,0,639,359
3423,41972,41971126,11118,250,-1,-1,1,527,83.7,0,-1.0,0,0,0,639,359
3424,41983,41982232,11106,250,-1,-1,1,538,83.7,0,-1.0,0,0,0,639,359
3425,41994,41993342,11110,250,-1,-1,1,629,83.9,0,-1.0,0,0,0,639,359
3426,42005,42004450,11108,250,-1,-1,1,526,84.0,0,-1.0,0,0,0,639,359
3427,42016,42015561,11111,250,-1,-1,1,532,84.1,0,-1.0,0,0,0,639,359
3428,42028,42026755,11194,250,-1,-1,1,633,84.2,0,-1.0,0,0,0,639,359
3429,42039,42037783,11028,250,-1,-1,1,527,84.3,0,-1.0,0,0,0,639,359
3430,42050,42048887,11104,250,-1,-1,1,525,84.4,1,-1.0,0,0,0,639,359
3431,42061,42059998,11111,250,-1,-1,1,528,84.5,0,-1.0,0,0,0,639,359
3432,42072,42071106,11108,250,-1,-1,1,631,84.5,0,-1.0,0,0,0,639,359
3433,42083,42082221,11115,250,-1,-1,1,529,84.6,0,-1.0,0,0,0,639,359
3434,42095,42093327,11106,250,-1,-1,1,526,84.7,0,-1.0,0,0,0,639,359
3435,42105,42104434,11107,250,-1,-1,1,526,84.8,0,-1.0,0,0,0,639,359
3436,42116,42115544,11110,250,-1,-1,1,526,84.9,0,-1.0,0,0,0,639,359
3437,42127,42126652,11108,250,-1,-1,1,526,84.9,0,-1.0,0,0,0,639,359
3438,42139,42137763,11111,250,-1,-1,1,525,85.0,0,-1.0,0,0,0,639,359
3439,42150,42148870,11107,250,-1,-1,1,528,85.1,1,-1.0,0,0,0,639,359
3440,42161,42159981,11111,250,-1,-1,1,544,85.2,0,-1.0,0,0,0,639,359
3441,42172,42171091,11110,250,-1,-1,1,540,85.3,0,-1.0,0,0,0,639,359
3442,42183,42182199,11108,250,-1,-1,1,629,85.2,0,-1.0,0,0,0,639,359
3443,42194,42193309,11110,250,-1,-1,1,630,85.3,0,-1.0,0,0,0,639,359
3444,42205,42204414,11105,250,-1,-1,1,528,85.4,0,-1.0,0,0,0,639,359
3445,42216,42215526,11112,250,-1,-1,1,525,85.5,0,-1.0,0,0,0,639,359
3446,42228,42226636,11110,250,-1,-1,1,526,85.5,0,-1.0,0,0,0,639,359
3447,42239,42237745,11109,250,-1,-1,1,524,85.6,0,-1.0,0,0,0,639,359
3448,42250,42248853,11108,250,-1,-1,1,524,85.7,1,-1.0,0,0,0,639,359
3449,42261,42259970,11117,250,-1,-1,1,548,85.7,0,-1.0,0,0,0,639,359
3450,42272,42271076,11106,250,-1,-1,1,547,85.8,0,-1.0,0,0,0,639,359
3451,42283,42282185,11109,250,-1,-1,1,626,85.7,0,-1.0,0,0,0,639,359
3452,42294,42293283,11098,250,-1,-1,1,628,85.8,0,-1.0,0,0,0,639,359
3453,42305,42304404,11121,250,-1,-1,1,527,85.9,0,-1.0,0,0,0,639,359
3454,42316,42315506,11102,250,-1,-1,1,528,85.9,0,-1.0,0,0,0,639,359
3455,42327,42326618,11112,250,-1,-1,1,528,86.0,0,-1.0,0,0,0,639,359
3456,42339,42337724,11106,250,-1,-1,1,527,86.0,0,-1.0,0,0,0,639,359
3457,42350,42348836,11112,250,-1,-1,1,525,86.1,1,-1.0,0,0,0,639,359
3458,42407,42404375,55539,250,-1,-1,1,525,17.5,0,-1.0,0,0,0,639,359
3459,42416,42415492,11117,250,-1,-1,1,525,30.3,0,-1.0,0,0,0,639,359
3460,42427,42426601,11109,250,-1,-1,1,524,39.0,0,-1.0,0,0,0,639,359
3461,42439,42437710,11109,250,-1,-1,1,528,45.5,0,-1.0,0,0,0,639,359
3462,42450,42448817,11107,250,-1,-1,1,528,50.5,0,-1.0,0,0,0,639,359
3463,42461,42459930,11113,250,-1,-1,1,528,54.5,0,-1.0,0,0,0,639,359
3464,42472,42471035,11105,250,-1,-1,1,527,57.9,0,-1.0,0,0,0,639,359
3465,42483,42482148,11113,250,-1,-1,1,527,60.2,0,-1.0,0,0,0,639,359
3466,42494,42493255,11107,250,-1,-1,1,526,62.5,1,-1.0,0,0,0,639,359
3467,42505,42504370,11115,250,-1,-1,1,547,64.5,0,-1.0,0,0,0,639,359
3468,42516,42515477,11107,250,-1,-1,1,547,66.3,0,-1.0,0,0,0,639,359
3469,42527,42526587,11110,250,-1,-1,1,628,67.8,0,-1.0,0,0,0,639,359
3470,42539,42537699,11112,250,-1,-1,1,634,69.1,0,-1.0,0,0,0,639,359
3471,42550,42548806,11107,250,-1,-1,1,525,70.4,0,-1.0,0,0,0,639,359
3472,42561,42559911,11105,250,-1,-1,1,526,71.4,0,-1.0,0,0,0,639,359
3473,42572,42571019,11108,250,-1,-1,1,525,72.4,0,-1.0,0,0,0,639,359
3474,42583,42582126,11107,250,-1,-1,1,528,73.3,0,-1.0,0,0,0,639,359
3475,42594,42593236,11110,250,-1,-1,1,527,73.8,1,-1.0,0,0,0,639,359
3476,42605,42604351,11115,250,-1,-1,1,538,74.5,0,-1.0,0,0,0,639,359
3477,42616,42615461,11110,250,-1,-1,1,532,75.2,0,-1.0,0,0,0,639,359
3478,42627,42626566,11105,250,-1,-1,1,630,75.8,0,-1.0,0,0,0,639,359
3479,42639,42637680,11114,250,-1,-1,1,635,76.4,0,-1.0,0,0,0,639,359
3480,42650,42648785,11105,250,-1,-1,1,530,76.9,0,-1.0,0,0,0,639,359
3481,42661,42659897,11112,250,-1,-1,1,525,77.4,0,-1.0,0,0,0,639,359
3482,42672,42671004,11107,250,-1,-1,1,527,77.9,0,-1.0,0,0,0,639,359
3483,42683,42682111,11107,250,-1,-1,1,525,78.3,0,-1.0,0,0,0,639,359
3484,42694,42693221,11110,250,-1,-1,1,525,78.5,1,-1.0,0,0,0,639,359
3485,42705,42704336,11115,250,-1,-1,1,547,78.9,0,-1.0,0,0,0,639,359
3486,42716,42715443,11107,250,-1,-1,1,545,79.2,0,-1.0,0,0,0,639,359
3487,42727,42726549,11106,250,-1,-1,1,626,79.6,0,-1.0,0,0,0,639,359
3488,42739,42737660,11111,250,-1,-1,1,634,79.9,0,-1.0,0,0,0,639,359
3489,42750,42748767,11107,250,-1,-1,1,591,80.2,0,-1.0,0,0,0,639,359
3490,42761,42759872,11105,250,-1,-1,1,528,80.5,0,-1.0,0,0,0,639,359
3491,42772,42770988,11116,250,-1,-1,1,525,80.8,0,-1.0,0,0,0,639,359
3492,42783,42782094,11106,250,-1,-1,1,526,81.0,0,-1.0,0,0,0,639,359
3493,42794,42793206,11112,250,-1,-1,1,526,81.1,1,-1.0,0,0,0,639,359
3494,42805,42804318,11112,250,-1,-1,1,548,81.3,0,-1.0,0,0,0,639,359
3495,42816,42815425,11107,250,-1,-1,1,544,81.5,0,-1.0,0,0,0,639,359
3496,42827,42826529,11104,250,-1,-1,1,631,81.8,0,-1.0,0,0,0,639,359
3497,42839,42837650,11121,250,-1,-1,1,629,82.0,0,-1.0,0,0,0,639,359
3498,42850,42848746,11096,250,-1,-1,1,527,82.2,0,-1.0,0,0,0,639,359
3499,42861,42859859,11113,250,-1,-1,1,526,82.4,0,-1.0,0,0,0,639,359
3500,42872,42870969,11110,250,-1,-1,1,527,82.5,0,-1.0,0,0,0,639,359
3501,42883,42882077,11108,250,-1,-1,1,528,82.7,0,-1.0,0,0,0,639,359
3502,42894,42893186,11109,250,-1,-1,1,526,82.7,1,-1.0,0,0,0,639,359
3503,42905,42904300,11114,250,-1,-1,1,527,82.9,0,-1.0,0,0,0,639,359
3504,42916,42915407,11107,250,-1,-1,1,546,83.0,0,-1.0,0,0,0,639,359
3505,42927,42926514,11107,250,-1,-1,1,627,83.2,0,-1.0,0,0,0,639,359
3506,42939,42937627,11113,250,-1,-1,1,632,83.3,0,-1.0,0,0,0,639,359
3507,42950,42948736,11109,250,-1,-1,1,526,83.5,0,-1.0,0,0,0,639,359
3508,42961,42959844,11108,250,-1,-1,1,525,83.6,0,-1.0,0,0,0,639,359
3509,42972,42970954,11110,250,-1,-1,1,526,83.7,0,-1.0,0,0,0,639,359
3510,43054,42982058,11104,250,-1,-1,1,608,75.4,0,-1.0,0,0,0,639,359
3511,43054,43048704,66646,250,-1,-1,1,662,76.7,1,-1.0,0,0,0,639,359
3512,43061,43059843,11139,250,-1,-1,1,635,77.5,0,-1.0,0,0,0,639,359
3513,43072,43070934,11091,250,-1,-1,1,525,77.7,0,-1.0,0,0,0,639,359
3514,43083,43082045,11111,250,-1,-1,1,526,77.9,0,-1.0,0,0,0,639,359
3515,43094,43093155,11110,250,-1,-1,1,634,78.0,0,-1.0,0,0,0,639,359
3516,43105,43104265,11110,250,-1,-1,1,542,78.1,0,-1.0,0,0,0,639,359
3517,43116,43115377,11112,250,-1,-1,1,537,78.3,0,-1.0,0,0,0,639,359
3518,43127,43126481,11104,250,-1,-1,1,625,78.5,0,-1.0,0,0,0,639,359
3519,43138,43137591,11110,250,-1,-1,1,633,78.7,0,-1.0,0,0,0,639,359
3520,43150,43148701,11110,250,-1,-1,1,525,78.8,1,-1.0,0,0,0,639,359
3521,43161,43159811,11110,250,-1,-1,1,532,79.0,0,-1.0,0,0,0,639,359
3522,43172,43170922,11111,250,-1,-1,1,630,79.2,0,-1.0,0,0,0,639,359
3523,43183,43182027,11105,250,-1,-1,1,526,79.3,0,-1.0,0,0,0,639,359
3524,43194,43193137,11110,250,-1,-1,1,527,79.4,0,-1.0,0,0,0,639,359
3525,43205,43204245,11108,250,-1,-1,1,526,79.5,0,-1.0,0,0,0,639,359
3526,43216,43215356,11111,250,-1,-1,1,525,79.7,0,-1.0,0,0,0,639,359
3527,43227,43226461,11105,250,-1,-1,1,527,79.8,0,-1.0,0,0,0,639,359
3528,43238,43237575,11114,250,-1,-1,1,525,80.0,0,-1.0,0,0,0,639,359
3529,43249,43248681,11106,250,-1,-1,1,530,80.1,1,-1.0,0,0,0,639,359
3530,43261,43259795,11114,250,-1,-1,1,545,80.2,0,-1.0,0,0,0,639,359
3531,43272,43270902,11107,250,-1,-1,1,541,80.3,0,-1.0,0,0,0,639,359
3532,43283,43282011,11109,250,-1,-1,1,630,80.4,0,-1.0,0,0,0,639,359
3533,43294,43293118,11107,250,-1,-1,1,632,80.5,0,-1.0,0,0,0,639,359
3534,43305,43304228,11110,250,-1,-1,1,527,80.6,0,-1.0,0,0,0,639,359
3535,43316,43315334,11106,250,-1,-1,1,528,80.7,0,-1.0,0,0,0,639,359
3536,43327,43326446,11112,250,-1,-1,1,525,80.9,0,-1.0,0,0,0,639,359
3537,43338,43337557,11111,250,-1,-1,1,524,81.0,0,-1.0,0,0,0,639,359
3538,43350,43348667,11110,250,-1,-1,1,525,81.1,1,-1.0,0,0,0,639,359
3539,43408,43404204,55537,250,-1,-1,1,524,17.5,0,-1.0,0,0,0,639,359
3540,43416,43415325,11121,250,-1,-1,1,527,30.3,0,-1.0,0,0,0,639,359
3541,43427,43426426,11101,250,-1,-1,1,528,39.0,0,-1.0,0,0,0,639,359
3542,43438,43437537,11111,250,-1,-1,1,561,45.5,0,-1.0,0,0,0,639,359
3543,43449,43448645,11108,250,-1,-1,1,528,50.5,0,-1.0,0,0,0,639,359
3544,43461,43459758,11113,250,-1,-1,1,528,54.5,0,-1.0,0,0,0,639,359
3545,43472,43470863,11105,250,-1,-1,1,526,57.9,0,-1.0,0,0,0,639,359
3546,43483,43481977,11114,250,-1,-1,1,525,60.6,0,-1.0,0,0,0,639,359
3547,43494,43493084,11107,250,-1,-1,1,527,62.9,1,-1.0,0,0,0,639,359
3548,43505,43504199,11115,250,-1,-1,1,546,64.5,0,-1.0,0,0,0,639,359
3549,43516,43515306,11107,250,-1,-1,1,546,66.3,0,-1.0,0,0,0,639,359
3550,43527,43526416,11110,250,-1,-1,1,633,67.8,0,-1.0,0,0,0,639,359
3551,43538,43537523,11107,250,-1,-1,1,649,69.1,0,-1.0,0,0,0,639,359
3552,43550,43548761,11238,250,-1,-1,1,528,70.4,0,-1.0,0,0,0,639,359
3553,43561,43559740,10979,250,-1,-1,1,527,71.4,0,-1.0,0,0,0,639,359
3554,43572,43570846,11106,250,-1,-1,1,526,72.4,0,-1.0,0,0,0,639,359
3555,43583,43581957,11111,250,-1,-1,1,525,73.3,0,-1.0,0,0,0,639,359
3556,43594,43593071,11114,250,-1,-1,1,525,74.1,1,-1.0,0,0,0,639,359
3557,43605,43604183,11112,250,-1,-1,1,545,74.5,0,-1.0,0,0,0,639,359
3558,43616,43615288,11105,250,-1,-1,1,548,75.2,0,-1.0,0,0,0,639,359
3559,43627,43626396,11108,250,-1,-1,1,629,75.8,0,-1.0,0,0,0,639,359
3560,43638,43637508,11112,250,-1,-1,1,632,76.4,0,-1.0,0,0,0,639,359
3561,43649,43648617,11109,250,-1,-1,1,526,76.9,0,-1.0,0,0,0,639,359
3562,43661,43659724,11107,250,-1,-1,1,525,77.4,0,-1.0,0,0,0,639,359
3563,43672,43670830,11106,250,-1,-1,1,529,77.9,0,-1.0,0,0,0,639,359
3564,43683,43681939,11109,250,-1,-1,1,528,78.3,0,-1.0,0,0,0,639,359
3565,43694,43693049,11110,250,-1,-1,1,528,78.7,1,-1.0,0,0,0,639,359
3566,43705,43704165,11116,250,-1,-1,1,532,78.9,0,-1.0,0,0,0,639,359
3567,43716,43715269,11104,250,-1,-1,1,547,79.2,0,-1.0,0,0,0,639,359
3568,43727,43726380,11111,250,-1,-1,1,629,79.6,0,-1.0,0,0,0,639,359
3569,43738,43737487,11107,250,-1,-1,1,629,79.9,0,-1.0,0,0,0,639,359
3570,43749,43748599,11112,250,-1,-1,1,526,80.2,0,-1.0,0,0,0,639,359
3571,43761,43759707,11108,250,-1,-1,1,525,80.5,0,-1.0,0,0,0,639,359
3572,43772,43770817,11110,250,-1,-1,1,526,80.8,0,-1.0,0,0,0,639,359
3573,43783,43781920,11103,250,-1,-1,1,528,81.0,0,-1.0,0,0,0,639,359
3574,43794,43793034,11114,250,-1,-1,1,527,81.3,1,-1.0,0,0,0,639,359
3575,43805,43804141,11107,250,-1,-1,1,536,81.5,0,-1.0,0,0,0,639,359
3576,43816,43815252,11111,250,-1,-1,1,531,81.5,0,-1.0,0,0,0,639,359
3577,43827,43826363,11111,250,-1,-1,1,629,81.8,0,-1.0,0,0,0,639,359
3578,43838,43837472,11109,250,-1,-1,1,630,82.0,0,-1.0,0,0,0,639,359
3579,43849,43848582,11110,250,-1,-1,1,526,82.2,0,-1.0,0,0,0,639,359
3580,43860,43859691,11109,250,-1,-1,1,525,82.4,0,-1.0,0,0,0,639,359
3581,43872,43870797,11106,250,-1,-1,1,525,82.5,0,-1.0,0,0,0,639,359
3582,43883,43881909,11112,250,-1,-1,1,528,82.7,0,-1.0,0,0,0,639,359
3583,43894,43893017,11108,250,-1,-1,1,527,82.9,1,-1.0,0,0,0,639,359
3584,43905,43904130,11113,250,-1,-1,1,541,83.0,0,-1.0,0,0,0,639,359
3585,43916,43915235,11105,250,-1,-1,1,534,83.0,0,-1.0,0,0,0,639,359
3586,43927,43926345,11110,250,-1,-1,1,633,83.2,0,-1.0,0,0,0,639,359
3587,43938,43937455,11110,250,-1,-1,1,629,83.3,0,-1.0,0,0,0,639,359
3588,43949,43948565,11110,250,-1,-1,1,608,83.5,0,-1.0,0,0,0,639,359
3589,43960,43959671,11106,250,-1,-1,1,526,83.6,0,-1.0,0,0,0,639,359
3590,43972,43970779,11108,250,-1,-1,1,525,83.7,0,-1.0,0,0,0,639,359
3591,43983,43981888,11109,250,-1,-1,1,525,83.9,0,-1.0,0,0,0,639,359
3592,43994,43992999,11111,250,-1,-1,1,525,84.0,1,-1.0,0,0,0,639,359
3593,44005,44004110,11111,250,-1,-1,1,547,84.1,0,-1.0,0,0,0,639,359
3594,44016,44015219,11109,250,-1,-1,1,544,84.1,0,-1.0,0,0,0,639,359
3595,44027,44026327,11108,250,-1,-1,1,631,84.2,0,-1.0,0,0,0,639,359
3596,44038,44037439,11112,250,-1,-1,1,634,84.3,0,-1.0,0,0,0,639,359
3597,44050,44048708,11269,250,-1,-1,1,528,84.4,0,-1.0,0,0,0,639,359
3598,44060,44059657,10949,250,-1,-1,1,526,84.5,0,-1.0,0,0,0,639,359
3599,44072,44070762,11105,250,-1,-1,1,528,84.6,0,-1.0,0,0,0,639,359
3600,44153,44081874,11112,250,-1,-1,1,610,77.2,0,-1.0,0,0,0,639,359
3601,44154,44148511,66637,250,-1,-1,1,623,78.5,1,-1.0,0,0,0,639,359
3602,44160,44159646,11135,250,-1,-1,1,583,79.0,0,-1.0,0,0,0,639,359
3603,44172,44170746,11100,250,-1,-1,1,533,79.2,0,-1.0,0,0,0,639,359
3604,44183,44181854,11108,250,-1,-1,1,526,79.3,0,-1.0,0,0,0,639,359
3605,44194,44192966,11112,250,-1,-1,1,630,79.5,0,-1.0,0,0,0,639,359
3606,44205,44204076,11110,250,-1,-1,1,546,79.6,0,-1.0,0,0,0,639,359
3607,44216,44215189,11113,250,-1,-1,1,528,79.7,0,-1.0,0,0,0,639,359
3608,44227,44226295,11106,250,-1,-1,1,633,79.8,0,-1.0,0,0,0,639,359
3609,44238,44237406,11111,250,-1,-1,1,632,80.0,0,-1.0,0,0,0,639,359
3610,44249,44248511,11105,250,-1,-1,1,527,80.1,1,-1.0,0,0,0,639,359
3611,44260,44259626,11115,250,-1,-1,1,525,80.2,0,-1.0,0,0,0,639,359
3612,44272,44270728,11102,250,-1,-1,1,633,80.3,0,-1.0,0,0,0,639,359
3613,44283,44281837,11109,250,-1,-1,1,526,80.5,0,-1.0,0,0,0,639,359
3614,44294,44292949,11112,250,-1,-1,1,525,80.5,0,-1.0,0,0,0,639,359
3615,44305,44304057,11108,250,-1,-1,1,526,80.7,0,-1.0,0,0,0,639,359
3616,44316,44315163,11106,250,-1,-1,1,527,80.7,0,-1.0,0,0,0,639,359
3617,44327,44326273,11110,250,-1,-1,1,525,80.9,0,-1.0,0,0,0,639,359
3618,44338,44337386,11113,250,-1,-1,1,527,81.0,0,-1.0,0,0,0,639,359
3619,44349,44348492,11106,250,-1,-1,1,525,81.1,1,-1.0,0,0,0,639,359
3620,44360,44359603,11111,250,-1,-1,1,545,81.2,0,-1.0,0,0,0,639,359
3621,44409,44404035,44432,250,-1,-1,1,565,20.4,0,-1.0,0,0,0,639,359
3622,44416,44415153,11118,250,-1,-1,1,526,35.7,0,-1.0,0,0,0,639,359
3623,44427,44426257,11104,250,-1,-1,1,525,44.8,0,-1.0,0,0,0,639,359
3624,44439,44437366,11109,250,-1,-1,1,525,51.3,0,-1.0,0,0,0,639,359
3625,44449,44448476,11110,250,-1,-1,1,528,56.2,0,-1.0,0,0,0,639,359
3626,44460,44459587,11111,250,-1,-1,1,526,60.0,0,-1.0,0,0,0,639,359
3627,44472,44470693,11106,250,-1,-1,1,528,63.1,0,-1.0,0,0,0,639,359
3628,44483,44481806,11113,250,-1,-1,1,527,65.6,1,-1.0,0,0,0,639,359
3629,44494,44492915,11109,250,-1,-1,1,546,67.7,0,-1.0,0,0,0,639,359
3630,44505,44504030,11115,250,-1,-1,1,546,69.4,0,-1.0,0,0,0,639,359
3631,44516,44515135,11105,250,-1,-1,1,629,70.5,0,-1.0,0,0,0,639,359
3632,44527,44526249,11114,250,-1,-1,1,525,71.9,0,-1.0,0,0,0,639,359
3633,44539,44537350,11101,250,-1,-1,1,525,73.0,0,-1.0,0,0,0,639,359
3634,44549,44548460,11110,250,-1,-1,1,526,74.1,0,-1.0,0,0,0,639,359
3635,44560,44559567,11107,250,-1,-1,1,526,75.0,0,-1.0,0,0,0,639,359
3636,44571,44570677,11110,250,-1,-1,1,526,75.8,0,-1.0,0,0,0,639,359
3637,44583,44581783,11106,250,-1,-1,1,527,76.6,1,-1.0,0,0,0,639,359
3638,44594,44592900,11117,250,-1,-1,1,535,77.3,0,-1.0,0,0,0,639,359
3639,44605,44604007,11107,250,-1,-1,1,529,77.9,0,-1.0,0,0,0,639,359
3640,44616,44615113,11106,250,-1,-1,1,630,78.1,0,-1.0,0,0,0,639,359
3641,44627,44626225,11112,250,-1,-1,1,525,78.7,0,-1.0,0,0,0,639,359
3642,44639,44637336,11111,250,-1,-1,1,527,79.1,0,-1.0,0,0,0,639,359
3643,44649,44648441,11105,250,-1,-1,1,525,79.6,0,-1.0,0,0,0,639,359
3644,44660,44659549,11108,250,-1,-1,1,526,80.0,0,-1.0,0,0,0,639,359
3645,44671,44670659,11110,250,-1,-1,1,525,80.4,0,-1.0,0,0,0,639,359
3646,44683,44681772,11113,250,-1,-1,1,524,80.7,1,-1.0,0,0,0,639,359
3647,44694,44692875,11103,250,-1,-1,1,546,81.1,0,-1.0,0,0,0,639,359
3648,44705,44703992,11117,250,-1,-1,1,544,81.4,0,-1.0,0,0,0,639,359
3649,44716,44715094,11102,250,-1,-1,1,623,81.5,0,-1.0,0,0,0,639,359
3650,44727,44726207,11113,250,-1,-1,1,631,81.7,0,-1.0,0,0,0,639,359
3651,44738,44737437,11230,250,-1,-1,1,528,82.0,0,-1.0,0,0,0,639,359
3652,44749,44748427,10990,250,-1,-1,1,526,82.3,0,-1.0,0,0,0,639,359
3653,44760,44759532,11105,250,-1,-1,1,527,82.5,0,-1.0,0,0,0,639,359
3654,44771,44770641,11109,250,-1,-1,1,525,82.7,0,-1.0,0,0,0,639,359
3655,44783,44781751,11110,250,-1,-1,1,526,82.9,1,-1.0,0,0,0,639,359
3656,44794,44792870,11119,250,-1,-1,1,546,83.1,0,-1.0,0,0,0,639,359
3657,44805,44803973,11103,250,-1,-1,1,548,83.3,0,-1.0,0,0,0,639,359
3658,44816,44815125,11152,250,-1,-1,1,628,83.3,0,-1.0,0,0,0,639,359
3659,44827,44826190,11065,250,-1,-1,1,635,83.5,0,-1.0,0,0,0,639,359
3660,44838,44837300,11110,250,-1,-1,1,528,83.7,0,-1.0,0,0,0,639,359
3661,44849,44848403,11103,250,-1,-1,1,528,83.8,0,-1.0,0,0,0,639,359
3662,44860,44859519,11116,250,-1,-1,1,528,84.0,0,-1.0,0,0,0,639,359
3663,44871,44870623,11104,250,-1,-1,1,527,84.1,0,-1.0,0,0,0,639,359
3664,44883,44881736,11113,250,-1,-1,1,525,84.3,1,-1.0,0,0,0,639,359
3665,44894,44892847,11111,250,-1,-1,1,544,84.4,0,-1.0,0,0,0,639,359
3666,44905,44903956,11109,250,-1,-1,1,547,84.6,0,-1.0,0,0,0,639,359
3667,44916,44915060,11104,250,-1,-1,1,626,84.5,0,-1.0,0,0,0,639,359
3668,44927,44926175,11115,250,-1,-1,1,632,84.7,0,-1.0,0,0,0,639,359
3669,44938,44937284,11109,250,-1,-1,1,616,84.8,0,-1.0,0,0,0,639,359
3670,44949,44948398,11114,250,-1,-1,1,525,84.9,0,-1.0,0,0,0,639,359
3671,44960,44959499,11101,250,-1,-1,1,525,85.0,0,-1.0,0,0,0,639,359
3672,44971,44970611,11112,250,-1,-1,1,528,85.1,0,-1.0,0,0,0,639,359
3673,44983,44981718,11107,250,-1,-1,1,527,85.2,1,-1.0,0,0,0,639,359
3674,44994,44992828,11110,250,-1,-1,1,533,85.3,0,-1.0,0,0,0,639,359
3675,45005,45003938,11110,250,-1,-1,1,529,85.4,0,-1.0,0,0,0,639,359
3676,45016,45015049,11111,250,-1,-1,1,634,85.4,0,-1.0,0,0,0,639,359
3677,45027,45026155,11106,250,-1,-1,1,637,85.5,0,-1.0,0,0,0,639,359
3678,45038,45037269,11114,250,-1,-1,1,525,85.5,0,-1.0,0,0,0,639,359
3679,45049,45048371,11102,250,-1,-1,1,526,85.6,0,-1.0,0,0,0,639,359
3680,45060,45059485,11114,250,-1,-1,1,526,85.7,0,-1.0,0,0,0,639,359
3681,45071,45070591,11106,250,-1,-1,1,524,85.8,0,-1.0,0,0,0,639,359
3682,45083,45081701,11110,250,-1,-1,1,527,85.9,1,-1.0,0,0,0,639,359
3683,45094,45092813,11112,250,-1,-1,1,540,85.9,0,-1.0,0,0,0,639,359
3684,45105,45103921,11108,250,-1,-1,1,536,86.0,0,-1.0,0,0,0,639,359
3685,45116,45115030,11109,250,-1,-1,1,631,86.0,0,-1.0,0,0,0,639,359
3686,45127,45126144,11114,250,-1,-1,1,631,86.0,0,-1.0,0,0,0,639,359
3687,45138,45137247,11103,250,-1,-1,1,594,86.1,0,-1.0,0,0,0,639,359
3688,45149,45148359,11112,250,-1,-1,1,525,86.2,0,-1.0,0,0,0,639,359
3689,45160,45159462,11103,250,-1,-1,1,525,86.2,0,-1.0,0,0,0,639,359
3690,45275,45170575,11113,250,-1,-1,1,525,76.6,0,-1.0,0,0,0,639,359
3691,45276,45270535,99960,250,-1,-1,1,520,77.6,1,-1.0,0,0,0,639,359
3692,45283,45281679,11144,250,-1,-1,1,630,78.1,0,-1.0,0,0,0,639,359
3693,45294,45292867,11188,250,-1,-1,1,546,78.2,0,-1.0,0,0,0,639,359
3694,45305,45303888,11021,250,-1,-1,1,545,78.4,0,-1.0,0,0,0,639,359
3695,45316,45314997,11109,250,-1,-1,1,634,78.5,0,-1.0,0,0,0,639,359
3696,45327,45326170,11173,250,-1,-1,1,641,78.6,0,-1.0,0,0,0,639,359
3697,45338,45337214,11044,250,-1,-1,1,524,78.7,0,-1.0,0,0,0,639,359
3698,45349,45348322,11108,250,-1,-1,1,525,78.9,0,-1.0,0,0,0,639,359
3699,45360,45359430,11108,250,-1,-1,1,528,79.0,0,-1.0,0,0,0,639,359
3700,45377,45370542,11112,250,-1,-1,1,525,62.5,1,-1.0,0,0,0,639,359
3701,45383,45381667,11125,250,-1,-1,1,539,90.9,0,-1.0,0,0,0,639,359
3702,45394,45392759,11092,250,-1,-1,1,535,90.9,0,-1.0,0,0,0,639,359
3703,45405,45403872,11113,250,-1,-1,1,630,90.9,0,-1.0,0,0,0,639,359
3704,45416,45414981,11109,250,-1,-1,1,634,90.9,0,-1.0,0,0,0,639,359
3705,45427,45426087,11106,250,-1,-1,1,529,90.9,0,-1.0,0,0,0,639,359
3706,45438,45437198,11111,250,-1,-1,1,526,89.7,0,-1.0,0,0,0,639,359
3707,45449,45448305,11107,250,-1,-1,1,528,89.9,0,-1.0,0,0,0,639,359
3708,45460,45459414,11109,250,-1,-1,1,525,90.0,0,-1.0,0,0,0,639,359
3709,45471,45470525,11111,250,-1,-1,1,528,90.1,1,-1.0,0,0,0,639,359
3710,45482,45481638,11113,250,-1,-1,1,547,90.2,0,-1.0,0,0,0,639,359
3711,45494,45492742,11104,250,-1,-1,1,546,90.2,0,-1.0,0,0,0,639,359
3712,45505,45503853,11111,250,-1,-1,1,630,90.3,0,-1.0,0,0,0,639,359
3713,45516,45514960,11107,250,-1,-1,1,629,90.3,0,-1.0,0,0,0,639,359
3714,45527,45526072,11112,250,-1,-1,1,543,90.4,0,-1.0,0,0,0,639,359
3715,45538,45537176,11104,250,-1,-1,1,527,89.9,0,-1.0,0,0,0,639,359
3716,45549,45548291,11115,250,-1,-1,1,528,89.9,0,-1.0,0,0,0,639,359
3717,45560,45559394,11103,250,-1,-1,1,527,90.0,0,-1.0,0,0,0,639,359
3718,45571,45570505,11111,250,-1,-1,1,529,90.0,1,-1.0,0,0,0,639,359
3719,45582,45581618,11113,250,-1,-1,1,545,90.1,0,-1.0,0,0,0,639,359
3720,45594,45592731,11113,250,-1,-1,1,546,90.1,0,-1.0,0,0,0,639,359
3721,45605,45603836,11105,250,-1,-1,1,628,90.2,0,-1.0,0,0,0,639,359
3722,45616,45614950,11114,250,-1,-1,1,627,90.2,0,-1.0,0,0,0,639,359
3723,45627,45626053,11103,250,-1,-1,1,527,90.2,0,-1.0,0,0,0,639,359
3724,45638,45637164,11111,250,-1,-1,1,525,89.9,0,-1.0,0,0,0,639,359
3725,45649,45648273,11109,250,-1,-1,1,526,90.0,0,-1.0,0,0,0,639,359
3726,45660,45659383,11110,250,-1,-1,1,525,90.0,0,-1.0,0,0,0,639,359
3727,45671,45670489,11106,250,-1,-1,1,528,90.0,1,-1.0,0,0,0,639,359
3728,45682,45681603,11114,250,-1,-1,1,544,90.1,0,-1.0,0,0,0,639,359
3729,45694,45692708,11105,250,-1,-1,1,537,90.1,0,-1.0,0,0,0,639,359
3730,45705,45703822,11114,250,-1,-1,1,630,90.1,0,-1.0,0,0,0,639,359
3731,45716,45714929,11107,250,-1,-1,1,629,90.1,0,-1.0,0,0,0,639,359
3732,45727,45726038,11109,250,-1,-1,1,529,90.2,0,-1.0,0,0,0,639,359
3733,45738,45737142,11104,250,-1,-1,1,526,90.2,0,-1.0,0,0,0,639,359
3734,45749,45748256,11114,250,-1,-1,1,524,90.0,0,-1.0,0,0,0,639,359
3735,45760,45759359,11103,250,-1,-1,1,525,90.0,0,-1.0,0,0,0,639,359
3736,45771,45770473,11114,250,-1,-1,1,526,90.0,1,-1.0,0,0,0,639,359
3737,45782,45781585,11112,250,-1,-1,1,548,90.0,0,-1.0,0,0,0,639,359
3738,45794,45792695,11110,250,-1,-1,1,546,90.1,0,-1.0,0,0,0,639,359
3739,45805,45803802,11107,250,-1,-1,1,626,90.1,0,-1.0,0,0,0,639,359
3740,45816,45814915,11113,250,-1,-1,1,631,90.1,0,-1.0,0,0,0,639,359
3741,45827,45826019,11104,250,-1,-1,1,525,90.1,0,-1.0,0,0,0,639,359
3742,45838,45837130,11111,250,-1,-1,1,526,90.1,0,-1.0,0,0,0,639,359
3743,45849,45848236,11106,250,-1,-1,1,527,90.0,0,-1.0,0,0,0,639,359
3744,45860,45859348,11112,250,-1,-1,1,528,90.0,0,-1.0,0,0,0,639,359
3745,45871,45870453,11105,250,-1,-1,1,525,90.0,1,-1.0,0,0,0,639,359
3746,45882,45881569,11116,250,-1,-1,1,546,90.0,0,-1.0,0,0,0,639,359
3747,45894,45892675,11106,250,-1,-1,1,545,90.1,0,-1.0,0,0,0,639,359
3748,45905,45903784,11109,250,-1,-1,1,635,90.1,0,-1.0,0,0,0,639,359
3749,45916,45914896,11112,250,-1,-1,1,636,90.1,0,-1.0,0,0,0,639,359
3750,45927,45926004,11108,250,-1,-1,1,524,90.1,0,-1.0,0,0,0,639,359
3751,45938,45937109,11105,250,-1,-1,1,527,90.1,0,-1.0,0,0,0,639,359
3752,45949,45948222,11113,250,-1,-1,1,527,90.0,0,-1.0,0,0,0,639,359
3753,45960,45959330,11108,250,-1,-1,1,527,90.0,0,-1.0,0,0,0,639,359
3754,45971,45970439,11109,250,-1,-1,1,528,90.0,1,-1.0,0,0,0,639,359
3755,45982,45981550,11111,250,-1,-1,1,530,90.0,0,-1.0,0,0,0,639,359
3756,45993,45992660,11110,250,-1,-1,1,548,90.0,0,-1.0,0,0,0,639,359
3757,46005,46003767,11107,250,-1,-1,1,630,90.1,0,-1.0,0,0,0,639,359
3758,46016,46014873,11106,250,-1,-1,1,635,90.1,0,-1.0,0,0,0,639,359
3759,46027,46025988,11115,250,-1,-1,1,525,90.1,0,-1.0,0,0,0,639,359
3760,46038,46037096,11108,250,-1,-1,1,524,90.1,0,-1.0,0,0,0,639,359
3761,46049,46048203,11107,250,-1,-1,1,526,90.0,0,-1.0,0,0,0,639,359
3762,46060,46059312,11109,250,-1,-1,1,527,90.0,0,-1.0,0,0,0,639,359
3763,46071,46070416,11104,250,-1,-1,1,527,90.0,1,-1.0,0,0,0,639,359
3764,46082,46081533,11117,250,-1,-1,1,537,90.0,0,-1.0,0,0,0,639,359
3765,46093,46092639,11106,250,-1,-1,1,533,90.0,0,-1.0,0,0,0,639,359
3766,46105,46103750,11111,250,-1,-1,1,628,90.1,0,-1.0,0,0,0,639,359
3767,46116,46114858,11108,250,-1,-1,1,526,90.1,0,-1.0,0,0,0,639,359
3768,46127,46125970,11112,250,-1,-1,1,526,90.1,0,-1.0,0,0,0,639,359
3769,46138,46137078,11108,250,-1,-1,1,526,90.1,0,-1.0,0,0,0,639,359
3770,46149,46148191,11113,250,-1,-1,1,526,90.0,0,-1.0,0,0,0,639,359
3771,46160,46159295,11104,250,-1,-1,1,525,90.0,0,-1.0,0,0,0,639,359
3772,46171,46170403,11108,250,-1,-1,1,525,90.0,1,-1.0,0,0,0,639,359
3773,46182,46181514,11111,250,-1,-1,1,546,90.0,0,-1.0,0,0,0,639,359
3774,46193,46192626,11112,250,-1,-1,1,543,90.0,0,-1.0,0,0,0,639,359
3775,46205,46203731,11105,250,-1,-1,1,629,90.0,0,-1.0,0,0,0,639,359
3776,46216,46214843,11112,250,-1,-1,1,634,90.1,0,-1.0,0,0,0,639,359
3777,46227,46225949,11106,250,-1,-1,1,525,90.1,0,-1.0,0,0,0,639,359
3778,46238,46237061,11112,250,-1,-1,1,526,90.1,0,-1.0,0,0,0,639,359
3779,46249,46248168,11107,250,-1,-1,1,529,90.0,0,-1.0,0,0,0,639,359
3780,46331,46259278,11110,250,-1,-1,1,609,83.4,0,-1.0,0,0,0,639,359
3781,46332,46325919,66641,250,-1,-1,1,657,84.4,1,-1.0,0,0,0,639,359
3782,46338,46337053,11134,250,-1,-1,1,604,84.9,0,-1.0,0,0,0,639,359
3783,46349,46348157,11104,250,-1,-1,1,529,84.9,0,-1.0,0,0,0,639,359
3784,46360,46359263,11106,250,-1,-1,1,534,85.0,0,-1.0,0,0,0,639,359
3785,46408,46403679,44416,250,-1,-1,1,605,20.8,0,-1.0,0,0,0,639,359
3786,46416,46414810,11131,250,-1,-1,1,638,36.4,0,-1.0,0,0,0,639,359
3787,46427,46425916,11106,250,-1,-1,1,630,45.5,0,-1.0,0,0,0,639,359
3788,46438,46437027,11111,250,-1,-1,1,528,51.9,0,-1.0,0,0,0,639,359
3789,46449,46448127,11100,250,-1,-1,1,526,56.8,0,-1.0,0,0,0,639,359
3790,46460,46459247,11120,250,-1,-1,1,525,60.0,1,-1.0,0,0,0,639,359
3791,46471,46470357,11110,250,-1,-1,1,546,63.1,0,-1.0,0,0,0,639,359
3792,46482,46481467,11110,250,-1,-1,1,634,65.6,0,-1.0,0,0,0,639,359
3793,46493,46492580,11113,250,-1,-1,1,525,67.7,0,-1.0,0,0,0,639,359
3794,46505,46503683,11103,250,-1,-1,1,554,69.4,0,-1.0,0,0,0,639,359
3795,46516,46514790,11107,250,-1,-1,1,526,71.0,0,-1.0,0,0,0,639,359
3796,46527,46525899,11109,250,-1,-1,1,527,72.3,0,-1.0,0,0,0,639,359
3797,46538,46537006,11107,250,-1,-1,1,528,73.4,0,-1.0,0,0,0,639,359
3798,46549,46548114,11108,250,-1,-1,1,528,74.5,0,-1.0,0,0,0,639,359
3799,46560,46559225,11111,250,-1,-1,1,527,75.0,1,-1.0,0,0,0,639,359
3800,46571,46570336,11111,250,-1,-1,1,542,75.8,0,-1.0,0,0,0,639,359
3801,46582,46581443,11107,250,-1,-1,1,546,76.6,0,-1.0,0,0,0,639,359
3802,46593,46592561,11118,250,-1,-1,1,605,77.3,0,-1.0,0,0,0,639,359
3803,46605,46603745,11184,250,-1,-1,1,525,77.9,0,-1.0,0,0,0,639,359
3804,46616,46614775,11030,250,-1,-1,1,525,78.4,0,-1.0,0,0,0,639,359
3805,46627,46625883,11108,250,-1,-1,1,526,78.9,0,-1.0,0,0,0,639,359
3806,46638,46636992,11109,250,-1,-1,1,528,79.4,0,-1.0,0,0,0,639,359
3807,46649,46648099,11107,250,-1,-1,1,528,79.9,0,-1.0,0,0,0,639,359
3808,46660,46659207,11108,250,-1,-1,1,527,80.0,1,-1.0,0,0,0,639,359
3809,46671,46670316,11109,250,-1,-1,1,532,80.4,0,-1.0,0,0,0,639,359
3810,46682,46681430,11114,250,-1,-1,1,530,80.7,0,-1.0,0,0,0,639,359
3811,46693,46692536,11106,250,-1,-1,1,627,81.1,0,-1.0,0,0,0,639,359
3812,46704,46703646,11110,250,-1,-1,1,526,81.4,0,-1.0,0,0,0,639,359
3813,46716,46714756,11110,250,-1,-1,1,527,81.7,0,-1.0,0,0,0,639,359
3814,46727,46725867,11111,250,-1,-1,1,524,82.0,0,-1.0,0,0,0,639,359
3815,46738,46736972,11105,250,-1,-1,1,526,82.2,0,-1.0,0,0,0,639,359
3816,46749,46748083,11111,250,-1,-1,1,525,82.5,0,-1.0,0,0,0,639,359
3817,46760,46759190,11107,250,-1,-1,1,527,82.5,1,-1.0,0,0,0,639,359
3818,46771,46770310,11120,250,-1,-1,1,547,82.7,0,-1.0,0,0,0,639,359
3819,46782,46781408,11098,250,-1,-1,1,547,82.9,0,-1.0,0,0,0,639,359
3820,46793,46792523,11115,250,-1,-1,1,634,83.1,0,-1.0,0,0,0,639,359
3821,46804,46803628,11105,250,-1,-1,1,634,83.3,0,-1.0,0,0,0,639,359
3822,46816,46814740,11112,250,-1,-1,1,526,83.5,0,-1.0,0,0,0,639,359
3823,46827,46825851,11111,250,-1,-1,1,527,83.7,0,-1.0,0,0,0,639,359
3824,46838,46836957,11106,250,-1,-1,1,527,83.9,0,-1.0,0,0,0,639,359
3825,46849,46848064,11107,250,-1,-1,1,525,84.0,0,-1.0,0,0,0,639,359
3826,46860,46859178,11114,250,-1,-1,1,525,84.0,1,-1.0,0,0,0,639,359
3827,46871,46870289,11111,250,-1,-1,1,545,84.1,0,-1.0,0,0,0,639,359
3828,46882,46881397,11108,250,-1,-1,1,547,84.3,0,-1.0,0,0,0,639,359
3829,46893,46892507,11110,250,-1,-1,1,631,84.4,0,-1.0,0,0,0,639,359
3830,46904,46903610,11103,250,-1,-1,1,636,84.6,0,-1.0,0,0,0,639,359
3831,46915,46914721,11111,250,-1,-1,1,525,84.7,0,-1.0,0,0,0,639,359
3832,46927,46925828,11107,250,-1,-1,1,528,84.8,0,-1.0,0,0,0,639,359
3833,46938,46936937,11109,250,-1,-1,1,527,84.9,0,-1.0,0,0,0,639,359
3834,46949,46948049,11112,250,-1,-1,1,526,85.0,0,-1.0,0,0,0,639,359
3835,46960,46959154,11105,250,-1,-1,1,528,85.1,1,-1.0,0,0,0,639,359
3836,46971,46970270,11116,250,-1,-1,1,546,85.1,0,-1.0,0,0,0,639,359
3837,46982,46981380,11110,250,-1,-1,1,545,85.2,0,-1.0,0,0,0,639,359
3838,46993,46992489,11109,250,-1,-1,1,629,85.3,0,-1.0,0,0,0,639,359
3839,47004,47003597,11108,250,-1,-1,1,637,85.4,0,-1.0,0,0,0,639,359
3840,47016,47014707,11110,250,-1,-1,1,526,85.5,0,-1.0,0,0,0,639,359
3841,47027,47025812,11105,250,-1,-1,1,525,85.6,0,-1.0,0,0,0,639,359
3842,47038,47036921,11109,250,-1,-1,1,529,85.7,0,-1.0,0,0,0,639,359
3843,47049,47048030,11109,250,-1,-1,1,528,85.8,0,-1.0,0,0,0,639,359
3844,47060,47059142,11112,250,-1,-1,1,527,85.7,1,-1.0,0,0,0,639,359
3845,47071,47070252,11110,250,-1,-1,1,530,85.8,0,-1.0,0,0,0,639,359
3846,47082,47081362,11110,250,-1,-1,1,530,85.9,0,-1.0,0,0,0,639,359
3847,47093,47092469,11107,250,-1,-1,1,630,85.9,0,-1.0,0,0,0,639,359
3848,47104,47103578,11109,250,-1,-1,1,629,86.0,0,-1.0,0,0,0,639,359
3849,47116,47114687,11109,250,-1,-1,1,528,86.1,0,-1.0,0,0,0,639,359
3850,47127,47125793,11106,250,-1,-1,1,526,86.2,0,-1.0,0,0,0,639,359
3851,47138,47136906,11113,250,-1,-1,1,526,86.2,0,-1.0,0,0,0,639,359
3852,47149,47148016,11110,250,-1,-1,1,526,86.3,0,-1.0,0,0,0,639,359
3853,47160,47159122,11106,250,-1,-1,1,525,86.4,1,-1.0,0,0,0,639,359
3854,47171,47170237,11115,250,-1,-1,1,547,86.3,0,-1.0,0,0,0,639,359
3855,47182,47181342,11105,250,-1,-1,1,546,86.4,0,-1.0,0,0,0,639,359
3856,47193,47192454,11112,250,-1,-1,1,634,86.4,0,-1.0,0,0,0,639,359
3857,47204,47203556,11102,250,-1,-1,1,628,86.5,0,-1.0,0,0,0,639,359
3858,47216,47214672,11116,250,-1,-1,1,525,86.5,0,-1.0,0,0,0,639,359
3859,47227,47225778,11106,250,-1,-1,1,527,86.6,0,-1.0,0,0,0,639,359
3860,47238,47236891,11113,250,-1,-1,1,564,86.7,0,-1.0,0,0,0,639,359
3861,47249,47247995,11104,250,-1,-1,1,524,86.7,0,-1.0,0,0,0,639,359
3862,47260,47259108,11113,250,-1,-1,1,525,86.8,1,-1.0,0,0,0,639,359
3863,47271,47270218,11110,250,-1,-1,1,548,86.7,0,-1.0,0,0,0,639,359
3864,47282,47281331,11113,250,-1,-1,1,546,86.8,0,-1.0,0,0,0,639,359
3865,47293,47292435,11104,250,-1,-1,1,629,86.8,0,-1.0,0,0,0,639,359
3866,47304,47303546,11111,250,-1,-1,1,631,86.9,0,-1.0,0,0,0,639,359
3867,47315,47314653,11107,250,-1,-1,1,525,86.9,0,-1.0,0,0,0,639,359
3868,47327,47325764,11111,250,-1,-1,1,526,87.0,0,-1.0,0,0,0,639,359
3869,47338,47336869,11105,250,-1,-1,1,528,87.0,0,-1.0,0,0,0,639,359
3870,47419,47347980,11111,250,-1,-1,1,608,81.2,0,-1.0,0,0,0,639,359
3871,47474,47470169,122189,250,-1,-1,1,607,18.5,1,-1.0,0,0,0,639,359
3872,47482,47481296,11127,250,-1,-1,1,534,31.7,0,-1.0,0,0,0,639,359
3873,47493,47492401,11105,250,-1,-1,1,530,40.5,0,-1.0,0,0,0,639,359
3874,47504,47503511,11110,250,-1,-1,1,526,47.1,0,-1.0,0,0,0,639,359
3875,47515,47514620,11109,250,-1,-1,1,631,52.1,0,-1.0,0,0,0,639,359
3876,47527,47525731,11111,250,-1,-1,1,526,56.1,0,-1.0,0,0,0,639,359
3877,47538,47536836,11105,250,-1,-1,1,525,59.3,0,-1.0,0,0,0,639,359
3878,47549,47547947,11111,250,-1,-1,1,525,62.0,0,-1.0,0,0,0,639,359
3879,47560,47559055,11108,250,-1,-1,1,525,64.3,0,-1.0,0,0,0,639,359
3880,47571,47570166,11111,250,-1,-1,1,527,65.8,1,-1.0,0,0,0,639,359
3881,47582,47581275,11109,250,-1,-1,1,565,67.5,0,-1.0,0,0,0,639,359
3882,47593,47592389,11114,250,-1,-1,1,535,69.0,0,-1.0,0,0,0,639,359
3883,47604,47603494,11105,250,-1,-1,1,629,70.3,0,-1.0,0,0,0,639,359
3884,47615,47614600,11106,250,-1,-1,1,633,71.4,0,-1.0,0,0,0,639,359
3885,47627,47625710,11110,250,-1,-1,1,528,72.5,0,-1.0,0,0,0,639,359
3886,47638,47636820,11110,250,-1,-1,1,542,73.4,0,-1.0,0,0,0,639,359
3887,47649,47647930,11110,250,-1,-1,1,566,74.2,0,-1.0,0,0,0,639,359
3888,47660,47659037,11107,250,-1,-1,1,525,75.0,0,-1.0,0,0,0,639,359
3889,47671,47670146,11109,250,-1,-1,1,524,75.7,1,-1.0,0,0,0,639,359
3890,47682,47681259,11113,250,-1,-1,1,546,76.0,0,-1.0,0,0,0,639,359
3891,47693,47692366,11107,250,-1,-1,1,545,76.6,0,-1.0,0,0,0,639,359
3892,47704,47703475,11109,250,-1,-1,1,631,77.2,0,-1.0,0,0,0,639,359
3893,47716,47714633,11158,250,-1,-1,1,629,77.7,0,-1.0,0,0,0,639,359
3894,47727,47725694,11061,250,-1,-1,1,597,78.2,0,-1.0,0,0,0,639,359
3895,47738,47736803,11109,250,-1,-1,1,525,78.6,0,-1.0,0,0,0,639,359
3896,47749,47747913,11110,250,-1,-1,1,554,79.0,0,-1.0,0,0,0,639,359
3897,47760,47759021,11108,250,-1,-1,1,529,79.4,0,-1.0,0,0,0,639,359
3898,47771,47770134,11113,250,-1,-1,1,528,79.8,1,-1.0,0,0,0,639,359
3899,47782,47781241,11107,250,-1,-1,1,529,79.9,0,-1.0,0,0,0,639,359
3900,47793,47792352,11111,250,-1,-1,1,527,80.2,0,-1.0,0,0,0,639,359
3901,47804,47803457,11105,250,-1,-1,1,627,80.5,0,-1.0,0,0,0,639,359
3902,47815,47814571,11114,250,-1,-1,1,524,80.8,0,-1.0,0,0,0,639,359
3903,47827,47825678,11107,250,-1,-1,1,525,81.1,0,-1.0,0,0,0,639,359
3904,47838,47836791,11113,250,-1,-1,1,525,81.3,0,-1.0,0,0,0,639,359
3905,47849,47847895,11104,250,-1,-1,1,525,81.6,0,-1.0,0,0,0,639,359
3906,47860,47859003,11108,250,-1,-1,1,526,81.8,0,-1.0,0,0,0,639,359
3907,47871,47870114,11111,250,-1,-1,1,525,82.0,1,-1.0,0,0,0,639,359
3908,47882,47881225,11111,250,-1,-1,1,536,82.1,0,-1.0,0,0,0,639,359
3909,47893,47892332,11107,250,-1,-1,1,531,82.3,0,-1.0,0,0,0,639,359
3910,47904,47903447,11115,250,-1,-1,1,631,82.5,0,-1.0,0,0,0,639,359
3911,47915,47914557,11110,250,-1,-1,1,629,82.7,0,-1.0,0,0,0,639,359
3912,47927,47925665,11108,250,-1,-1,1,525,82.8,0,-1.0,0,0,0,639,359
3913,47938,47936767,11102,250,-1,-1,1,526,83.0,0,-1.0,0,0,0,639,359
3914,47949,47947878,11111,250,-1,-1,1,526,83.2,0,-1.0,0,0,0,639,359
3915,47960,47958985,11107,250,-1,-1,1,525,83.3,0,-1.0,0,0,0,639,359
3916,47971,47970100,11115,250,-1,-1,1,525,83.5,1,-1.0,0,0,0,639,359
3917,47982,47981211,11111,250,-1,-1,1,543,83.5,0,-1.0,0,0,0,639,359
3918,47993,47992315,11104,250,-1,-1,1,541,83.6,0,-1.0,0,0,0,639,359
3919,48004,48003424,11109,250,-1,-1,1,625,83.8,0,-1.0,0,0,0,639,359
3920,48015,48014532,11108,250,-1,-1,1,527,83.9,0,-1.0,0,0,0,639,359
3921,48026,48025643,11111,250,-1,-1,1,526,84.0,0,-1.0,0,0,0,639,359
3922,48038,48036754,11111,250,-1,-1,1,526,84.1,0,-1.0,0,0,0,639,359
3923,48049,48047860,11106,250,-1,-1,1,526,84.3,0,-1.0,0,0,0,639,359
3924,48060,48058974,11114,250,-1,-1,1,526,84.4,0,-1.0,0,0,0,639,359
3925,48071,48070076,11102,250,-1,-1,1,526,84.5,1,-1.0,0,0,0,639,359
3926,48082,48081194,11118,250,-1,-1,1,548,84.5,0,-1.0,0,0,0,639,359
3927,48093,48092300,11106,250,-1,-1,1,546,84.6,0,-1.0,0,0,0,639,359
3928,48104,48103409,11109,250,-1,-1,1,630,84.7,0,-1.0,0,0,0,639,359
3929,48116,48114664,11255,250,-1,-1,1,628,84.8,0,-1.0,0,0,0,639,359
3930,48127,48125631,10967,250,-1,-1,1,596,84.9,0,-1.0,0,0,0,639,359
3931,48138,48136733,11102,250,-1,-1,1,527,85.0,0,-1.0,0,0,0,639,359
3932,48149,48147846,11113,250,-1,-1,1,545,85.0,0,-1.0,0,0,0,639,359
3933,48160,48158949,11103,250,-1,-1,1,528,85.1,0,-1.0,0,0,0,639,359
3934,48171,48170061,11112,250,-1,-1,1,527,85.2,1,-1.0,0,0,0,639,359
3935,48182,48181175,11114,250,-1,-1,1,545,85.2,0,-1.0,0,0,0,639,359
3936,48193,48192283,11108,250,-1,-1,1,545,85.3,0,-1.0,0,0,0,639,359
3937,48204,48203393,11110,250,-1,-1,1,628,85.4,0,-1.0,0,0,0,639,359
3938,48215,48214676,11283,250,-1,-1,1,538,85.4,0,-1.0,0,0,0,639,359
3939,48227,48225607,10931,250,-1,-1,1,526,85.5,0,-1.0,0,0,0,639,359
3940,48238,48236720,11113,250,-1,-1,1,526,85.6,0,-1.0,0,0,0,639,359
3941,48249,48247826,11106,250,-1,-1,1,529,85.6,0,-1.0,0,0,0,639,359
3942,48260,48258935,11109,250,-1,-1,1,528,85.7,0,-1.0,0,0,0,639,359
3943,48271,48270045,11110,250,-1,-1,1,526,85.8,1,-1.0,0,0,0,639,359
3944,48282,48281159,11114,250,-1,-1,1,531,85.7,0,-1.0,0,0,0,639,359
3945,48293,48292263,11104,250,-1,-1,1,546,85.8,0,-1.0,0,0,0,639,359
3946,48304,48303370,11107,250,-1,-1,1,628,85.9,0,-1.0,0,0,0,639,359
3947,48315,48314502,11132,250,-1,-1,1,634,85.9,0,-1.0,0,0,0,639,359
3948,48327,48325590,11088,250,-1,-1,1,523,86.0,0,-1.0,0,0,0,639,359
3949,48337,48336700,11110,250,-1,-1,1,526,86.1,0,-1.0,0,0,0,639,359
3950,48349,48347809,11109,250,-1,-1,1,524,86.1,0,-1.0,0,0,0,639,359
3951,48360,48358915,11106,250,-1,-1,1,528,86.2,0,-1.0,0,0,0,639,359
3952,48371,48370030,11115,250,-1,-1,1,527,86.2,1,-1.0,0,0,0,639,359
3953,48382,48381138,11108,250,-1,-1,1,532,86.2,0,-1.0,0,0,0,639,359
3954,48393,48392251,11113,250,-1,-1,1,531,86.2,0,-1.0,0,0,0,639,359
3955,48404,48403357,11106,250,-1,-1,1,628,86.3,0,-1.0,0,0,0,639,359
3956,48415,48414506,11149,250,-1,-1,1,632,86.3,0,-1.0,0,0,0,639,359
3957,48426,48425574,11068,250,-1,-1,1,524,86.4,0,-1.0,0,0,0,639,359
3958,48438,48436845,11271,250,-1,-1,1,526,90.9,0,-1.0,0,0,0,639,359
3959,48449,48447791,10946,250,-1,-1,1,525,90.9,0,-1.0,0,0,0,639,359
3960,48539,48458901,11110,250,-1,-1,1,526,26.8,0,-1.0,0,0,0,639,359
3961,48539,48536662,77761,250,-1,-1,1,538,35.4,1,-1.0,0,0,0,639,359
3962,48549,48547779,11117,250,-1,-1,1,538,41.0,0,-1.0,0,0,0,639,359
3963,48560,48558889,11110,250,-1,-1,1,532,45.1,0,-1.0,0,0,0,639,359
3964,48571,48569995,11106,250,-1,-1,1,527,48.6,0,-1.0,0,0,0,639,359
3965,48582,48581100,11105,250,-1,-1,1,526,51.6,0,-1.0,0,0,0,639,359
3966,48593,48592216,11116,250,-1,-1,1,545,53.9,0,-1.0,0,0,0,639,359
3967,48604,48603324,11108,250,-1,-1,1,548,56.2,0,-1.0,0,0,0,639,359
3968,48615,48614434,11110,250,-1,-1,1,525,58.2,0,-1.0,0,0,0,639,359
3969,48626,48625541,11107,250,-1,-1,1,626,60.0,0,-1.0,0,0,0,639,359
3970,48637,48636654,11113,250,-1,-1,1,525,61.6,1,-1.0,0,0,0,639,359
3971,48649,48647760,11106,250,-1,-1,1,529,63.1,0,-1.0,0,0,0,639,359
3972,48660,48658871,11111,250,-1,-1,1,633,64.4,0,-1.0,0,0,0,639,359
3973,48671,48669981,11110,250,-1,-1,1,528,65.6,0,-1.0,0,0,0,639,359
3974,48682,48681086,11105,250,-1,-1,1,613,66.4,0,-1.0,0,0,0,639,359
3975,48693,48692195,11109,250,-1,-1,1,529,67.4,0,-1.0,0,0,0,639,359
3976,48704,48703306,11111,250,-1,-1,1,527,68.3,0,-1.0,0,0,0,639,359
3977,48715,48714414,11108,250,-1,-1,1,525,69.2,0,-1.0,0,0,0,639,359
3978,48726,48725523,11109,250,-1,-1,1,524,70.0,0,-1.0,0,0,0,639,359
3979,48737,48736627,11104,250,-1,-1,1,526,70.7,1,-1.0,0,0,0,639,359
3980,48749,48747744,11117,250,-1,-1,1,547,71.4,0,-1.0,0,0,0,639,359
3981,48760,48758851,11107,250,-1,-1,1,547,72.1,0,-1.0,0,0,0,639,359
3982,48771,48769954,11103,250,-1,-1,1,634,72.7,0,-1.0,0,0,0,639,359
3983,48782,48781071,11117,250,-1,-1,1,527,73.2,0,-1.0,0,0,0,639,359
3984,48793,48792175,11104,250,-1,-1,1,527,73.6,0,-1.0,0,0,0,639,359
3985,48804,48803286,11111,250,-1,-1,1,527,74.1,0,-1.0,0,0,0,639,359
3986,48815,48814395,11109,250,-1,-1,1,528,74.6,0,-1.0,0,0,0,639,359
3987,48826,48825503,11108,250,-1,-1,1,527,75.0,0,-1.0,0,0,0,639,359
3988,48837,48836615,11112,250,-1,-1,1,526,75.4,1,-1.0,0,0,0,639,359
3989,48849,48847725,11110,250,-1,-1,1,529,75.8,0,-1.0,0,0,0,639,359
3990,48860,48858835,11110,250,-1,-1,1,546,76.2,0,-1.0,0,0,0,639,359
3991,48871,48869941,11106,250,-1,-1,1,605,76.6,0,-1.0,0,0,0,639,359
3992,48882,48881189,11248,250,-1,-1,1,604,76.8,0,-1.0,0,0,0,639,359
3993,48893,48892165,10976,250,-1,-1,1,525,77.1,0,-1.0,0,0,0,639,359
3994,48904,48903274,11109,250,-1,-1,1,525,77.4,0,-1.0,0,0,0,639,359
3995,48915,48914377,11103,250,-1,-1,1,527,77.7,0,-1.0,0,0,0,639,359
3996,48926,48925487,11110,250,-1,-1,1,525,78.0,0,-1.0,0,0,0,639,359
3997,48937,48936593,11106,250,-1,-1,1,527,78.3,1,-1.0,0,0,0,639,359
3998,48949,48947710,11117,250,-1,-1,1,531,78.5,0,-1.0,0,0,0,639,359
3999,48960,48958817,11107,250,-1,-1,1,548,78.8,0,-1.0,0,0,0,639,359
4000,48971,48969929,11112,250,-1,-1,1,629,79.0,0,-1.0,0,0,0,639,359
4001,48982,48981037,11108,250,-1,-1,1,526,79.3,0,-1.0,0,0,0,639,359
4002,48993,48992146,11109,250,-1,-1,1,525,79.4,0,-1.0,0,0,0,639,359
4003,49004,49003255,11109,250,-1,-1,1,526,79.6,0,-1.0,0,0,0,639,359
4004,49015,49014361,11106,250,-1,-1,1,524,79.8,0,-1.0,0,0,0,639,359
4005,49026,49025469,11108,250,-1,-1,1,526,80.0,0,-1.0,0,0,0,639,359
4006,49037,49036581,11112,250,-1,-1,1,528,80.2,1,-1.0,0,0,0,639,359
4007,49049,49047691,11110,250,-1,-1,1,539,80.4,0,-1.0,0,0,0,639,359
4008,49060,49058802,11111,250,-1,-1,1,535,80.6,0,-1.0,0,0,0,639,359
4009,49071,49069908,11106,250,-1,-1,1,604,80.7,0,-1.0,0,0,0,639,359
4010,49082,49081019,11111,250,-1,-1,1,635,80.8,0,-1.0,0,0,0,639,359
4011,49093,49092125,11106,250,-1,-1,1,608,81.0,0,-1.0,0,0,0,639,359
4012,49104,49103233,11108,250,-1,-1,1,528,81.1,0,-1.0,0,0,0,639,359
4013,49115,49114345,11112,250,-1,-1,1,526,81.3,0,-1.0,0,0,0,639,359
4014,49126,49125454,11109,250,-1,-1,1,525,81.4,0,-1.0,0,0,0,639,359
4015,49137,49136563,11109,250,-1,-1,1,525,81.6,1,-1.0,0,0,0,639,359
4016,49149,49147676,11113,250,-1,-1,1,546,81.7,0,-1.0,0,0,0,639,359
4017,49160,49158784,11108,250,-1,-1,1,544,81.9,0,-1.0,0,0,0,639,359
4018,49171,49169892,11108,250,-1,-1,1,602,82.0,0,-1.0,0,0,0,639,359
4019,49182,49181118,11226,250,-1,-1,1,526,82.1,0,-1.0,0,0,0,639,359
4020,49193,49192111,10993,250,-1,-1,1,554,82.1,0,-1.0,0,0,0,639,359
4021,49204,49203218,11107,250,-1,-1,1,526,82.3,0,-1.0,0,0,0,639,359
4022,49215,49214327,11109,250,-1,-1,1,527,82.4,0,-1.0,0,0,0,639,359
4023,49226,49225439,11112,250,-1,-1,1,527,82.5,0,-1.0,0,0,0,639,359
4024,49237,49236548,11109,250,-1,-1,1,525,82.6,1,-1.0,0,0,0,639,359
4025,49249,49247661,11113,250,-1,-1,1,548,82.7,0,-1.0,0,0,0,639,359
4026,49260,49258768,11107,250,-1,-1,1,547,82.8,0,-1.0,0,0,0,639,359
4027,49271,49269878,11110,250,-1,-1,1,634,82.9,0,-1.0,0,0,0,639,359
4028,49282,49280984,11106,250,-1,-1,1,631,82.9,0,-1.0,0,0,0,639,359
4029,49293,49292094,11110,250,-1,-1,1,609,83.0,0,-1.0,0,0,0,639,359
4030,49304,49303203,11109,250,-1,-1,1,525,83.1,0,-1.0,0,0,0,639,359
4031,49315,49314304,11101,250,-1,-1,1,527,83.2,0,-1.0,0,0,0,639,359
4032,49326,49325420,11116,250,-1,-1,1,527,83.3,0,-1.0,0,0,0,639,359
4033,49337,49336526,11106,250,-1,-1,1,525,83.4,1,-1.0,0,0,0,639,359
4034,49348,49347642,11116,250,-1,-1,1,529,83.5,0,-1.0,0,0,0,639,359
4035,49360,49358747,11105,250,-1,-1,1,548,83.6,0,-1.0,0,0,0,639,359
4036,49371,49369854,11107,250,-1,-1,1,605,83.7,0,-1.0,0,0,0,639,359
4037,49382,49381133,11279,250,-1,-1,1,632,83.7,0,-1.0,0,0,0,639,359
4038,49393,49392077,10944,250,-1,-1,1,525,83.9,0,-1.0,0,0,0,639,359
4039,49404,49403182,11105,250,-1,-1,1,525,83.8,0,-1.0,0,0,0,639,359
4040,49415,49414297,11115,250,-1,-1,1,528,83.9,0,-1.0,0,0,0,639,359
4041,49426,49425398,11101,250,-1,-1,1,526,84.0,0,-1.0,0,0,0,639,359
4042,49442,49436512,11114,250,-1,-1,1,525,66.7,1,-1.0,0,0,0,639,359
4043,49448,49447626,11114,250,-1,-1,1,544,90.9,0,-1.0,0,0,0,639,359
4044,49460,49458737,11111,250,-1,-1,1,538,90.9,0,-1.0,0,0,0,639,359
4045,49471,49469840,11103,250,-1,-1,1,629,90.9,0,-1.0,0,0,0,639,359
4046,49482,49480951,11111,250,-1,-1,1,631,90.9,0,-1.0,0,0,0,639,359
4047,49493,49492057,11106,250,-1,-1,1,526,90.9,0,-1.0,0,0,0,639,359
4048,49504,49503164,11107,250,-1,-1,1,524,90.9,0,-1.0,0,0,0,639,359
4049,49515,49514272,11108,250,-1,-1,1,526,89.9,0,-1.0,0,0,0,639,359
4050,49568,49525386,11114,250,-1,-1,1,612,63.8,0,-1.0,0,0,0,639,359
4051,49568,49558702,33316,250,-1,-1,1,2175,69.4,1,-1.0,0,0,0,639,359
4052,49571,49569816,11114,250,-1,-1,1,631,75.9,0,-1.0,0,0,0,639,359
4053,49582,49580932,11116,250,-1,-1,1,549,77.4,0,-1.0,0,0,0,639,359
4054,49593,49592043,11111,250,-1,-1,1,548,78.3,0,-1.0,0,0,0,639,359
4055,49604,49603149,11106,250,-1,-1,1,632,78.7,0,-1.0,0,0,0,639,359
4056,49615,49614261,11112,250,-1,-1,1,626,79.4,0,-1.0,0,0,0,639,359
4057,49626,49625370,11109,250,-1,-1,1,530,80.0,0,-1.0,0,0,0,639,359
4058,49637,49636482,11112,250,-1,-1,1,634,80.6,0,-1.0,0,0,0,639,359
4059,49649,49647589,11107,250,-1,-1,1,526,81.1,0,-1.0,0,0,0,639,359
4060,49660,49658697,11108,250,-1,-1,1,627,81.5,1,-1.0,0,0,0,639,359
4061,49671,49669810,11113,250,-1,-1,1,547,82.0,0,-1.0,0,0,0,639,359
4062,49682,49680918,11108,250,-1,-1,1,546,82.4,0,-1.0,0,0,0,639,359
4063,49693,49692025,11107,250,-1,-1,1,629,82.4,0,-1.0,0,0,0,639,359
4064,49704,49703134,11109,250,-1,-1,1,634,82.7,0,-1.0,0,0,0,639,359
4065,49715,49714244,11110,250,-1,-1,1,525,83.0,0,-1.0,0,0,0,639,359
4066,49726,49725352,11108,250,-1,-1,1,527,83.3,0,-1.0,0,0,0,639,359
4067,49737,49736458,11106,250,-1,-1,1,528,83.6,0,-1.0,0,0,0,639,359
4068,49748,49747566,11108,250,-1,-1,1,528,83.9,0,-1.0,0,0,0,639,359
4069,49759,49758676,11110,250,-1,-1,1,529,84.1,1,-1.0,0,0,0,639,359
4070,49771,49769792,11116,250,-1,-1,1,531,84.3,0,-1.0,0,0,0,639,359
4071,49782,49780896,11104,250,-1,-1,1,549,84.5,0,-1.0,0,0,0,639,359
4072,49793,49792007,11111,250,-1,-1,1,604,84.7,0,-1.0,0,0,0,639,359
4073,49804,49803119,11112,250,-1,-1,1,526,84.9,0,-1.0,0,0,0,639,359
4074,49816,49814226,11107,250,-1,-1,1,526,84.8,0,-1.0,0,0,0,639,359
4075,49826,49825332,11106,250,-1,-1,1,525,85.0,0,-1.0,0,0,0,639,359
4076,49837,49836444,11112,250,-1,-1,1,526,85.2,0,-1.0,0,0,0,639,359
4077,49848,49847554,11110,250,-1,-1,1,527,85.3,0,-1.0,0,0,0,639,359
4078,49859,49858664,11110,250,-1,-1,1,526,85.5,1,-1.0,0,0,0,639,359
4079,49871,49869770,11106,250,-1,-1,1,538,85.6,0,-1.0,0,0,0,639,359
4080,49882,49880882,11112,250,-1,-1,1,530,85.7,0,-1.0,0,0,0,639,359
4081,49893,49891987,11105,250,-1,-1,1,626,85.8,0,-1.0,0,0,0,639,359
4082,49904,49903212,11225,250,-1,-1,1,631,85.8,0,-1.0,0,0,0,639,359
4083,49916,49914206,10994,250,-1,-1,1,524,85.9,0,-1.0,0,0,0,639,359
4084,49926,49925317,11111,250,-1,-1,1,525,86.0,0,-1.0,0,0,0,639,359
4085,49937,49936423,11106,250,-1,-1,1,525,86.1,0,-1.0,0,0,0,639,359
4086,49948,49947534,11111,250,-1,-1,1,525,86.2,0,-1.0,0,0,0,639,359
4087,49959,49958643,11109,250,-1,-1,1,529,86.3,1,-1.0,0,0,0,639,359
4088,49971,49969756,11113,250,-1,-1,1,543,86.4,0,-1.0,0,0,0,639,359
4089,49982,49980866,11110,250,-1,-1,1,534,86.5,0,-1.0,0,0,0,639,359
4090,49993,49991974,11108,250,-1,-1,1,629,86.6,0,-1.0,0,0,0,639,359
4091,50004,50003247,11273,250,-1,-1,1,548,86.5,0,-1.0,0,0,0,639,359
4092,50016,50014194,10947,250,-1,-1,1,524,86.6,0,-1.0,0,0,0,639,359
4093,50026,50025299,11105,250,-1,-1,1,529,86.7,0,-1.0,0,0,0,639,359
4094,50037,50036411,11112,250,-1,-1,1,527,86.7,0,-1.0,0,0,0,639,359
4095,50048,50047517,11106,250,-1,-1,1,525,86.8,0,-1.0,0,0,0,639,359
4096,50059,50058632,11115,250,-1,-1,1,525,86.9,1,-1.0,0,0,0,639,359
4097,50071,50069740,11108,250,-1,-1,1,544,87.0,0,-1.0,0,0,0,639,359
4098,50082,50080848,11108,250,-1,-1,1,545,87.0,0,-1.0,0,0,0,639,359
4099,50093,50091955,11107,250,-1,-1,1,606,87.1,0,-1.0,0,0,0,639,359
4100,50104,50103065,11110,250,-1,-1,1,630,87.0,0,-1.0,0,0,0,639,359
4101,50115,50114171,11106,250,-1,-1,1,598,87.1,0,-1.0,0,0,0,639,359
4102,50126,50125288,11117,250,-1,-1,1,528,87.1,0,-1.0,0,0,0,639,359
4103,50137,50136389,11101,250,-1,-1,1,527,87.2,0,-1.0,0,0,0,639,359
4104,50148,50147503,11114,250,-1,-1,1,528,87.3,0,-1.0,0,0,0,639,359
4105,50159,50158610,11107,250,-1,-1,1,530,87.3,1,-1.0,0,0,0,639,359
4106,50171,50169718,11108,250,-1,-1,1,546,87.4,0,-1.0,0,0,0,639,359
4107,50182,50180830,11112,250,-1,-1,1,545,87.4,0,-1.0,0,0,0,639,359
4108,50193,50191943,11113,250,-1,-1,1,632,87.5,0,-1.0,0,0,0,639,359
4109,50204,50203049,11106,250,-1,-1,1,525,87.5,0,-1.0,0,0,0,639,359
4110,50216,50214161,11112,250,-1,-1,1,527,87.5,0,-1.0,0,0,0,639,359
4111,50226,50225264,11103,250,-1,-1,1,525,87.5,0,-1.0,0,0,0,639,359
4112,50237,50236376,11112,250,-1,-1,1,529,87.5,0,-1.0,0,0,0,639,359
4113,50248,50247483,11107,250,-1,-1,1,525,87.6,0,-1.0,0,0,0,639,359
4114,50259,50258594,11111,250,-1,-1,1,527,87.6,1,-1.0,0,0,0,639,359
4115,50271,50269702,11108,250,-1,-1,1,534,87.7,0,-1.0,0,0,0,639,359
4116,50282,50280815,11113,250,-1,-1,1,546,87.7,0,-1.0,0,0,0,639,359
4117,50293,50291923,11108,250,-1,-1,1,630,87.8,0,-1.0,0,0,0,639,359
4118,50304,50303030,11107,250,-1,-1,1,633,87.7,0,-1.0,0,0,0,639,359
4119,50315,50314142,11112,250,-1,-1,1,529,87.7,0,-1.0,0,0,0,639,359
4120,50326,50325252,11110,250,-1,-1,1,526,87.8,0,-1.0,0,0,0,639,359
4121,50337,50336359,11107,250,-1,-1,1,525,87.8,0,-1.0,0,0,0,639,359
4122,50348,50347468,11109,250,-1,-1,1,525,87.9,0,-1.0,0,0,0,639,359
4123,50359,50358576,11108,250,-1,-1,1,529,87.9,1,-1.0,0,0,0,639,359
4124,50371,50369691,11115,250,-1,-1,1,546,87.9,0,-1.0,0,0,0,639,359
4125,50382,50380796,11105,250,-1,-1,1,539,88.0,0,-1.0,0,0,0,639,359
4126,50393,50391905,11109,250,-1,-1,1,632,88.0,0,-1.0,0,0,0,639,359
4127,50404,50403014,11109,250,-1,-1,1,527,88.0,0,-1.0,0,0,0,639,359
4128,50415,50414126,11112,250,-1,-1,1,526,88.0,0,-1.0,0,0,0,639,359
4129,50426,50425229,11103,250,-1,-1,1,525,88.0,0,-1.0,0,0,0,639,359
4130,50437,50436340,11111,250,-1,-1,1,527,90.9,0,-1.0,0,0,0,639,359
4131,50448,50447450,11110,250,-1,-1,1,525,90.9,0,-1.0,0,0,0,639,359
4132,50459,50458562,11112,250,-1,-1,1,526,90.9,1,-1.0,0,0,0,639,359
4133,50471,50469672,11110,250,-1,-1,1,547,90.9,0,-1.0,0,0,0,639,359
4134,50482,50480779,11107,250,-1,-1,1,546,90.9,0,-1.0,0,0,0,639,359
4135,50493,50491885,11106,250,-1,-1,1,630,90.9,0,-1.0,0,0,0,639,359
4136,50504,50502997,11112,250,-1,-1,1,629,89.7,0,-1.0,0,0,0,639,359
4137,50515,50514105,11108,250,-1,-1,1,527,90.9,0,-1.0,0,0,0,639,359
4138,50526,50525214,11109,250,-1,-1,1,527,90.0,0,-1.0,0,0,0,639,359
4139,50537,50536320,11106,250,-1,-1,1,529,90.1,0,-1.0,0,0,0,639,359
4140,50596,50547432,11112,250,-1,-1,1,607,64.7,0,-1.0,0,0,0,639,359
4141,50597,50591854,44422,250,-1,-1,1,635,70.2,1,-1.0,0,0,0,639,359
4142,50604,50602991,11137,250,-1,-1,1,634,73.4,0,-1.0,0,0,0,639,359
4143,50615,50614088,11097,250,-1,-1,1,528,74.5,0,-1.0,0,0,0,639,359
4144,50626,50625194,11106,250,-1,-1,1,528,75.0,0,-1.0,0,0,0,639,359
4145,50637,50636309,11115,250,-1,-1,1,527,75.8,0,-1.0,0,0,0,639,359
4146,50649,50647417,11108,250,-1,-1,1,525,76.6,0,-1.0,0,0,0,639,359
4147,50659,50658529,11112,250,-1,-1,1,538,77.3,0,-1.0,0,0,0,639,359
4148,50670,50669633,11104,250,-1,-1,1,532,77.9,0,-1.0,0,0,0,639,359
4149,50682,50680746,11113,250,-1,-1,1,629,78.4,0,-1.0,0,0,0,639,359
4150,50693,50691854,11108,250,-1,-1,1,633,78.9,1,-1.0,0,0,0,639,359
4151,50704,50702966,11112,250,-1,-1,1,544,79.4,0,-1.0,0,0,0,639,359
4152,50715,50714073,11107,250,-1,-1,1,546,79.9,0,-1.0,0,0,0,639,359
4153,50726,50725276,11203,250,-1,-1,1,635,80.0,0,-1.0,0,0,0,639,359
4154,50737,50736290,11014,250,-1,-1,1,526,80.4,0,-1.0,0,0,0,639,359
4155,50748,50747400,11110,250,-1,-1,1,634,80.7,0,-1.0,0,0,0,639,359
4156,50759,50758505,11105,250,-1,-1,1,526,81.1,0,-1.0,0,0,0,639,359
4157,50770,50769614,11109,250,-1,-1,1,525,81.4,0,-1.0,0,0,0,639,359
4158,50782,50780721,11107,250,-1,-1,1,526,81.7,0,-1.0,0,0,0,639,359
4159,50793,50791835,11114,250,-1,-1,1,526,82.0,1,-1.0,0,0,0,639,359
4160,50804,50802944,11109,250,-1,-1,1,533,82.2,0,-1.0,0,0,0,639,359
4161,50815,50814058,11114,250,-1,-1,1,528,82.5,0,-1.0,0,0,0,639,359
4162,50826,50825164,11106,250,-1,-1,1,632,82.5,0,-1.0,0,0,0,639,359
4163,50837,50836274,11110,250,-1,-1,1,526,82.7,0,-1.0,0,0,0,639,359
4164,50848,50847385,11111,250,-1,-1,1,524,82.9,0,-1.0,0,0,0,639,359
4165,50859,50858494,11109,250,-1,-1,1,525,83.1,0,-1.0,0,0,0,639,359
4166,50870,50869598,11104,250,-1,-1,1,526,83.3,0,-1.0,0,0,0,639,359
4167,50882,50880707,11109,250,-1,-1,1,526,83.5,0,-1.0,0,0,0,639,359
4168,50893,50891816,11109,250,-1,-1,1,526,83.7,1,-1.0,0,0,0,639,359
4169,50904,50902932,11116,250,-1,-1,1,546,83.9,0,-1.0,0,0,0,639,359
4170,50915,50914039,11107,250,-1,-1,1,539,84.0,0,-1.0,0,0,0,639,359
4171,50926,50925146,11107,250,-1,-1,1,635,84.0,0,-1.0,0,0,0,639,359
4172,50937,50936253,11107,250,-1,-1,1,632,84.1,0,-1.0,0,0,0,639,359
4173,50949,50947369,11116,250,-1,-1,1,525,84.3,0,-1.0,0,0,0,639,359
4174,50959,50958469,11100,250,-1,-1,1,525,84.4,0,-1.0,0,0,0,639,359
4175,50970,50969580,11111,250,-1,-1,1,527,84.6,0,-1.0,0,0,0,639,359
4176,50982,50980690,11110,250,-1,-1,1,525,84.7,0,-1.0,0,0,0,639,359
4177,50993,50991802,11112,250,-1,-1,1,524,84.8,1,-1.0,0,0,0,639,359
4178,51004,51002913,11111,250,-1,-1,1,547,84.9,0,-1.0,0,0,0,639,359
4179,51015,51014021,11108,250,-1,-1,1,548,85.0,0,-1.0,0,0,0,639,359
4180,51026,51025132,11111,250,-1,-1,1,633,85.0,0,-1.0,0,0,0,639,359
4181,51037,51036239,11107,250,-1,-1,1,631,85.1,0,-1.0,0,0,0,639,359
4182,51049,51047351,11112,250,-1,-1,1,527,85.2,0,-1.0,0,0,0,639,359
4183,51059,51058459,11108,250,-1,-1,1,525,85.3,0,-1.0,0,0,0,639,359
4184,51070,51069563,11104,250,-1,-1,1,528,85.4,0,-1.0,0,0,0,639,359
4185,51082,51080676,11113,250,-1,-1,1,528,85.5,0,-1.0,0,0,0,639,359
4186,51093,51091781,11105,250,-1,-1,1,526,85.6,1,-1.0,0,0,0,639,359
4187,51104,51102898,11117,250,-1,-1,1,531,85.7,0,-1.0,0,0,0,639,359
4188,51115,51114003,11105,250,-1,-1,1,547,85.8,0,-1.0,0,0,0,639,359
4189,51126,51125115,11112,250,-1,-1,1,635,85.7,0,-1.0,0,0,0,639,359
4190,51137,51136221,11106,250,-1,-1,1,525,85.8,0,-1.0,0,0,0,639,359
4191,51149,51147336,11115,250,-1,-1,1,536,85.9,0,-1.0,0,0,0,639,359
4192,51159,51158441,11105,250,-1,-1,1,524,85.9,0,-1.0,0,0,0,639,359
4193,51170,51169548,11107,250,-1,-1,1,525,86.0,0,-1.0,0,0,0,639,359
4194,51181,51180656,11108,250,-1,-1,1,525,86.1,0,-1.0,0,0,0,639,359
4195,51193,51191765,11109,250,-1,-1,1,529,86.2,1,-1.0,0,0,0,639,359
4196,51204,51202880,11115,250,-1,-1,1,543,86.2,0,-1.0,0,0,0,639,359
4197,51215,51213988,11108,250,-1,-1,1,535,86.3,0,-1.0,0,0,0,639,359
4198,51226,51225095,11107,250,-1,-1,1,629,86.2,0,-1.0,0,0,0,639,359
4199,51237,51236207,11112,250,-1,-1,1,636,86.3,0,-1.0,0,0,0,639,359
4200,51248,51247312,11105,250,-1,-1,1,524,86.4,0,-1.0,0,0,0,639,359
4201,51259,51258423,11111,250,-1,-1,1,526,86.4,0,-1.0,0,0,0,639,359
4202,51270,51269531,11108,250,-1,-1,1,525,86.5,0,-1.0,0,0,0,639,359
4203,51282,51280640,11109,250,-1,-1,1,527,86.5,0,-1.0,0,0,0,639,359
4204,51293,51291747,11107,250,-1,-1,1,526,86.6,1,-1.0,0,0,0,639,359
4205,51304,51302863,11116,250,-1,-1,1,546,86.7,0,-1.0,0,0,0,639,359
4206,51315,51313970,11107,250,-1,-1,1,548,86.7,0,-1.0,0,0,0,639,359
4207,51326,51325078,11108,250,-1,-1,1,631,86.7,0,-1.0,0,0,0,639,359
4208,51337,51336187,11109,250,-1,-1,1,528,86.7,0,-1.0,0,0,0,639,359
4209,51349,51347294,11107,250,-1,-1,1,524,86.8,0,-1.0,0,0,0,639,359
4210,51359,51358405,11111,250,-1,-1,1,526,86.8,0,-1.0,0,0,0,639,359
4211,51370,51369516,11111,250,-1,-1,1,528,86.9,0,-1.0,0,0,0,639,359
4212,51381,51380621,11105,250,-1,-1,1,525,86.9,0,-1.0,0,0,0,639,359
4213,51393,51391731,11110,250,-1,-1,1,525,87.0,1,-1.0,0,0,0,639,359
4214,51404,51402843,11112,250,-1,-1,1,544,87.0,0,-1.0,0,0,0,639,359
4215,51415,51413951,11108,250,-1,-1,1,545,87.0,0,-1.0,0,0,0,639,359
4216,51426,51425062,11111,250,-1,-1,1,631,87.0,0,-1.0,0,0,0,639,359
4217,51461,51458376,33314,250,-1,-1,1,607,28.6,0,-1.0,0,0,0,639,359
4218,51470,51469497,11121,250,-1,-1,1,527,45.5,0,-1.0,0,0,0,639,359
4219,51481,51480606,11109,250,-1,-1,1,528,54.5,0,-1.0,0,0,0,639,359
4220,51493,51491713,11107,250,-1,-1,1,528,60.6,0,-1.0,0,0,0,639,359
4221,51504,51502825,11112,250,-1,-1,1,526,64.9,0,-1.0,0,0,0,639,359
4222,51515,51513933,11108,250,-1,-1,1,526,68.2,1,-1.0,0,0,0,639,359
4223,51526,51525050,11117,250,-1,-1,1,546,70.7,0,-1.0,0,0,0,639,359
4224,51537,51536154,11104,250,-1,-1,1,545,72.1,0,-1.0,0,0,0,639,359
4225,51548,51547269,11115,250,-1,-1,1,626,73.8,0,-1.0,0,0,0,639,359
4226,51559,51558370,11101,250,-1,-1,1,524,75.2,0,-1.0,0,0,0,639,359
4227,51570,51569482,11112,250,-1,-1,1,558,76.4,0,-1.0,0,0,0,639,359
4228,51581,51580588,11106,250,-1,-1,1,527,77.4,0,-1.0,0,0,0,639,359
4229,51593,51591700,11112,250,-1,-1,1,527,78.3,0,-1.0,0,0,0,639,359
4230,51663,51602807,11107,250,-1,-1,1,608,59.1,0,-1.0,0,0,0,639,359
4231,51664,51658341,55534,250,-1,-1,1,641,63.0,1,-1.0,0,0,0,639,359
4232,51670,51669474,11133,250,-1,-1,1,632,65.6,0,-1.0,0,0,0,639,359
4233,51681,51680572,11098,250,-1,-1,1,528,66.7,0,-1.0,0,0,0,639,359
4234,51692,51691679,11107,250,-1,-1,1,545,67.7,0,-1.0,0,0,0,639,359
4235,51704,51702795,11116,250,-1,-1,1,623,68.6,0,-1.0,0,0,0,639,359
4236,51715,51713901,11106,250,-1,-1,1,542,69.4,0,-1.0,0,0,0,639,359
4237,51726,51725011,11110,250,-1,-1,1,535,70.2,0,-1.0,0,0,0,639,359
4238,51737,51736118,11107,250,-1,-1,1,635,70.7,0,-1.0,0,0,0,639,359
4239,51748,51747233,11115,250,-1,-1,1,527,71.4,0,-1.0,0,0,0,639,359
4240,51759,51758335,11102,250,-1,-1,1,593,72.1,1,-1.0,0,0,0,639,359
4241,51770,51769451,11116,250,-1,-1,1,529,72.7,0,-1.0,0,0,0,639,359
4242,51781,51780552,11101,250,-1,-1,1,547,73.2,0,-1.0,0,0,0,639,359
4243,51793,51791669,11117,250,-1,-1,1,627,73.8,0,-1.0,0,0,0,639,359
4244,51804,51802775,11106,250,-1,-1,1,630,74.3,0,-1.0,0,0,0,639,359
4245,51815,51813885,11110,250,-1,-1,1,610,74.7,0,-1.0,0,0,0,639,359
4246,51826,51824994,11109,250,-1,-1,1,526,75.2,0,-1.0,0,0,0,639,359
4247,51837,51836099,11105,250,-1,-1,1,530,75.6,0,-1.0,0,0,0,639,359
4248,51848,51847208,11109,250,-1,-1,1,525,75.8,0,-1.0,0,0,0,639,359
4249,51859,51858317,11109,250,-1,-1,1,527,76.2,1,-1.0,0,0,0,639,359
4250,51870,51869430,11113,250,-1,-1,1,531,76.6,0,-1.0,0,0,0,639,359
4251,51881,51880538,11108,250,-1,-1,1,546,76.9,0,-1.0,0,0,0,639,359
4252,51892,51891649,11111,250,-1,-1,1,629,77.3,0,-1.0,0,0,0,639,359
4253,51904,51902758,11109,250,-1,-1,1,527,77.6,0,-1.0,0,0,0,639,359
4254,51915,51913866,11108,250,-1,-1,1,525,77.9,0,-1.0,0,0,0,639,359
4255,51926,51924978,11112,250,-1,-1,1,629,78.2,0,-1.0,0,0,0,639,359
4256,51937,51936112,11134,250,-1,-1,1,527,78.4,0,-1.0,0,0,0,639,359
4257,51948,51947191,11079,250,-1,-1,1,528,78.5,0,-1.0,0,0,0,639,359
4258,51959,51958298,11107,250,-1,-1,1,528,78.8,1,-1.0,0,0,0,639,359
4259,51970,51969416,11118,250,-1,-1,1,539,79.0,0,-1.0,0,0,0,639,359
4260,51981,51980521,11105,250,-1,-1,1,533,79.3,0,-1.0,0,0,0,639,359
4261,51992,51991633,11112,250,-1,-1,1,629,79.5,0,-1.0,0,0,0,639,359
4262,52004,52002738,11105,250,-1,-1,1,528,79.7,0,-1.0,0,0,0,639,359
4263,52015,52013850,11112,250,-1,-1,1,527,79.8,0,-1.0,0,0,0,639,359
4264,52026,52024956,11106,250,-1,-1,1,526,80.1,0,-1.0,0,0,0,639,359
4265,52037,52036069,11113,250,-1,-1,1,525,80.3,0,-1.0,0,0,0,639,359
4266,52048,52047179,11110,250,-1,-1,1,525,80.4,0,-1.0,0,0,0,639,359
4267,52059,52058288,11109,250,-1,-1,1,525,80.6,1,-1.0,0,0,0,639,359
4268,52070,52069397,11109,250,-1,-1,1,548,80.7,0,-1.0,0,0,0,639,359
4269,52081,52080509,11112,250,-1,-1,1,544,80.9,0,-1.0,0,0,0,639,359
4270,52092,52091613,11104,250,-1,-1,1,627,81.1,0,-1.0,0,0,0,639,359
4271,52104,52102723,11110,250,-1,-1,1,527,81.2,0,-1.0,0,0,0,639,359
4272,52115,52113830,11107,250,-1,-1,1,526,81.4,0,-1.0,0,0,0,639,359
4273,52126,52124941,11111,250,-1,-1,1,526,81.5,0,-1.0,0,0,0,639,359
4274,52137,52136049,11108,250,-1,-1,1,526,81.7,0,-1.0,0,0,0,639,359
4275,52148,52147158,11109,250,-1,-1,1,524,81.7,0,-1.0,0,0,0,639,359
4276,52159,52158267,11109,250,-1,-1,1,525,81.9,1,-1.0,0,0,0,639,359
4277,52170,52169383,11116,250,-1,-1,1,545,82.0,0,-1.0,0,0,0,639,359
4278,52181,52180489,11106,250,-1,-1,1,547,82.1,0,-1.0,0,0,0,639,359
4279,52192,52191599,11110,250,-1,-1,1,634,82.2,0,-1.0,0,0,0,639,359
4280,52204,52202703,11104,250,-1,-1,1,528,82.4,0,-1.0,0,0,0,639,359
4281,52215,52213818,11115,250,-1,-1,1,526,82.4,0,-1.0,0,0,0,639,359
4282,52226,52224919,11101,250,-1,-1,1,526,82.6,0,-1.0,0,0,0,639,359
4283,52237,52236033,11114,250,-1,-1,1,525,82.7,0,-1.0,0,0,0,639,359
4284,52248,52247139,11106,250,-1,-1,1,528,82.8,0,-1.0,0,0,0,639,359
4285,52259,52258256,11117,250,-1,-1,1,526,82.8,1,-1.0,0,0,0,639,359
4286,52270,52269359,11103,250,-1,-1,1,547,82.9,0,-1.0,0,0,0,639,359
4287,52281,52280472,11113,250,-1,-1,1,546,83.0,0,-1.0,0,0,0,639,359
4288,52292,52291582,11110,250,-1,-1,1,630,83.1,0,-1.0,0,0,0,639,359
4289,52304,52302688,11106,250,-1,-1,1,525,83.2,0,-1.0,0,0,0,639,359
4290,52315,52313801,11113,250,-1,-1,1,607,83.3,0,-1.0,0,0,0,639,359
4291,52326,52324909,11108,250,-1,-1,1,525,83.4,0,-1.0,0,0,0,639,359
4292,52337,52336011,11102,250,-1,-1,1,527,83.5,0,-1.0,0,0,0,639,359
4293,52348,52347122,11111,250,-1,-1,1,528,83.6,0,-1.0,0,0,0,639,359
4294,52359,52358231,11109,250,-1,-1,1,557,83.6,1,-1.0,0,0,0,639,359
4295,52370,52369346,11115,250,-1,-1,1,532,83.7,0,-1.0,0,0,0,639,359
4296,52381,52380452,11106,250,-1,-1,1,546,83.8,0,-1.0,0,0,0,639,359
4297,52392,52391567,11115,250,-1,-1,1,631,83.9,0,-1.0,0,0,0,639,359
4298,52404,52402671,11104,250,-1,-1,1,631,83.9,0,-1.0,0,0,0,639,359
4299,52415,52413782,11111,250,-1,-1,1,526,84.0,0,-1.0,0,0,0,639,359
4300,52426,52424892,11110,250,-1,-1,1,524,84.1,0,-1.0,0,0,0,639,359
4301,52437,52435996,11104,250,-1,-1,1,526,84.2,0,-1.0,0,0,0,639,359
4302,52451,52447109,11113,250,-1,-1,1,534,66.7,0,-1.0,0,0,0,639,359
4303,52459,52458220,11111,250,-1,-1,1,525,87.0,1,-1.0,0,0,0,639,359
4304,52470,52469330,11110,250,-1,-1,1,545,88.2,0,-1.0,0,0,0,639,359
4305,52481,52480437,11107,250,-1,-1,1,538,88.9,0,-1.0,0,0,0,639,359
4306,52492,52491543,11106,250,-1,-1,1,629,89.3,0,-1.0,0,0,0,639,359
4307,52503,52502653,11110,250,-1,-1,1,526,89.6,0,-1.0,0,0,0,639,359
4308,52515,52513761,11108,250,-1,-1,1,528,89.7,0,-1.0,0,0,0,639,359
4309,52526,52524874,11113,250,-1,-1,1,525,89.9,0,-1.0,0,0,0,639,359
4310,52537,52535981,11107,250,-1,-1,1,525,90.0,0,-1.0,0,0,0,639,359
4311,52548,52547091,11110,250,-1,-1,1,525,90.1,0,-1.0,0,0,0,639,359
4312,52559,52558199,11108,250,-1,-1,1,525,89.4,1,-1.0,0,0,0,639,359
4313,52570,52569313,11114,250,-1,-1,1,545,89.6,0,-1.0,0,0,0,639,359
4314,52581,52580420,11107,250,-1,-1,1,548,89.7,0,-1.0,0,0,0,639,359
4315,52592,52591530,11110,250,-1,-1,1,626,89.7,0,-1.0,0,0,0,639,359
4316,52603,52602633,11103,250,-1,-1,1,527,89.8,0,-1.0,0,0,0,639,359
4317,52615,52613749,11116,250,-1,-1,1,527,89.9,0,-1.0,0,0,0,639,359
4318,52626,52624854,11105,250,-1,-1,1,525,89.9,0,-1.0,0,0,0,639,359
4319,52637,52635966,11112,250,-1,-1,1,525,90.0,0,-1.0,0,0,0,639,359
4320,52744,52647069,11103,250,-1,-1,1,662,61.7,0,-1.0,0,0,0,639,359
4321,52745,52735930,88861,250,-1,-1,1,521,64.9,1,-1.0,0,0,0,639,359
4322,52748,52747047,11117,250,-1,-1,1,525,67.3,0,-1.0,0,0,0,639,359
4323,52759,52758167,11120,250,-1,-1,1,555,68.1,0,-1.0,0,0,0,639,359
4324,52770,52769275,11108,250,-1,-1,1,548,68.9,0,-1.0,0,0,0,639,359
4325,52781,52780386,11111,250,-1,-1,1,546,69.6,0,-1.0,0,0,0,639,359
4326,52792,52791493,11107,250,-1,-1,1,633,70.2,0,-1.0,0,0,0,639,359
4327,52803,52802601,11108,250,-1,-1,1,605,70.8,0,-1.0,0,0,0,639,359
4328,52815,52813716,11115,250,-1,-1,1,565,71.4,0,-1.0,0,0,0,639,359
4329,52826,52824820,11104,250,-1,-1,1,526,72.0,0,-1.0,0,0,0,639,359
4330,52837,52835930,11110,250,-1,-1,1,528,72.5,1,-1.0,0,0,0,639,359
4331,52848,52847038,11108,250,-1,-1,1,541,73.0,0,-1.0,0,0,0,639,359
4332,52859,52858153,11115,250,-1,-1,1,535,73.3,0,-1.0,0,0,0,639,359
4333,52870,52869261,11108,250,-1,-1,1,631,73.7,0,-1.0,0,0,0,639,359
4334,52881,52880371,11110,250,-1,-1,1,635,74.2,0,-1.0,0,0,0,639,359
4335,52892,52891474,11103,250,-1,-1,1,524,74.6,0,-1.0,0,0,0,639,359
4336,52903,52902584,11110,250,-1,-1,1,527,74.9,0,-1.0,0,0,0,639,359
4337,52915,52913691,11107,250,-1,-1,1,524,75.3,0,-1.0,0,0,0,639,359
4338,52926,52924802,11111,250,-1,-1,1,524,75.7,0,-1.0,0,0,0,639,359
4339,52937,52935912,11110,250,-1,-1,1,525,76.0,1,-1.0,0,0,0,639,359
4340,52948,52947024,11112,250,-1,-1,1,547,76.3,0,-1.0,0,0,0,639,359
4341,52959,52958133,11109,250,-1,-1,1,544,76.5,0,-1.0,0,0,0,639,359
4342,52970,52969243,11110,250,-1,-1,1,629,76.8,0,-1.0,0,0,0,639,359
4343,52981,52980345,11102,250,-1,-1,1,527,77.1,0,-1.0,0,0,0,639,359
4344,52993,52991458,11113,250,-1,-1,1,525,77.3,0,-1.0,0,0,0,639,359
4345,53003,53002566,11108,250,-1,-1,1,528,77.6,0,-1.0,0,0,0,639,359
4346,53015,53013680,11114,250,-1,-1,1,528,77.9,0,-1.0,0,0,0,639,359
4347,53026,53024785,11105,250,-1,-1,1,527,78.1,0,-1.0,0,0,0,639,359
4348,53037,53035892,11107,250,-1,-1,1,527,78.3,1,-1.0,0,0,0,639,359
4349,53048,53047006,11114,250,-1,-1,1,546,78.6,0,-1.0,0,0,0,639,359
4350,53059,53058119,11113,250,-1,-1,1,546,78.7,0,-1.0,0,0,0,639,359
4351,53070,53069226,11107,250,-1,-1,1,635,78.9,0,-1.0,0,0,0,639,359
4352,53081,53080335,11109,250,-1,-1,1,633,79.1,0,-1.0,0,0,0,639,359
4353,53092,53091442,11107,250,-1,-1,1,524,79.3,0,-1.0,0,0,0,639,359
4354,53103,53102550,11108,250,-1,-1,1,525,79.5,0,-1.0,0,0,0,639,359
4355,53114,53113658,11108,250,-1,-1,1,528,79.6,0,-1.0,0,0,0,639,359
4356,53126,53124771,11113,250,-1,-1,1,528,79.8,0,-1.0,0,0,0,639,359
4357,53137,53135875,11104,250,-1,-1,1,528,80.0,1,-1.0,0,0,0,639,359
4358,53148,53146994,11119,250,-1,-1,1,530,80.2,0,-1.0,0,0,0,639,359
4359,53159,53158100,11106,250,-1,-1,1,548,80.3,0,-1.0,0,0,0,639,359
4360,53170,53169210,11110,250,-1,-1,1,628,80.4,0,-1.0,0,0,0,639,359
4361,53181,53180311,11101,250,-1,-1,1,526,80.5,0,-1.0,0,0,0,639,359
4362,53192,53191425,11114,250,-1,-1,1,526,80.7,0,-1.0,0,0,0,639,359
4363,53203,53202534,11109,250,-1,-1,1,526,80.8,0,-1.0,0,0,0,639,359
4364,53214,53213645,11111,250,-1,-1,1,526,81.0,0,-1.0,0,0,0,639,359
4365,53226,53224750,11105,250,-1,-1,1,525,81.1,0,-1.0,0,0,0,639,359
4366,53237,53235864,11114,250,-1,-1,1,525,81.2,1,-1.0,0,0,0,639,359
4367,53248,53246975,11111,250,-1,-1,1,547,81.4,0,-1.0,0,0,0,639,359
4368,53259,53258080,11105,250,-1,-1,1,544,81.5,0,-1.0,0,0,0,639,359
4369,53270,53269189,11109,250,-1,-1,1,629,81.5,0,-1.0,0,0,0,639,359
4370,53281,53280300,11111,250,-1,-1,1,526,81.7,0,-1.0,0,0,0,639,359
4371,53292,53291408,11108,250,-1,-1,1,612,81.8,0,-1.0,0,0,0,639,359
4372,53303,53302520,11112,250,-1,-1,1,529,81.9,0,-1.0,0,0,0,639,359
4373,53314,53313624,11104,250,-1,-1,1,526,82.0,0,-1.0,0,0,0,639,359
4374,53326,53324737,11113,250,-1,-1,1,526,82.1,0,-1.0,0,0,0,639,359
4375,53337,53335846,11109,250,-1,-1,1,524,82.2,1,-1.0,0,0,0,639,359
4376,53348,53346958,11112,250,-1,-1,1,545,82.3,0,-1.0,0,0,0,639,359
4377,53359,53358063,11105,250,-1,-1,1,546,82.4,0,-1.0,0,0,0,639,359
4378,53370,53369177,11114,250,-1,-1,1,634,82.4,0,-1.0,0,0,0,639,359
4379,53381,53380280,11103,250,-1,-1,1,526,82.5,0,-1.0,0,0,0,639,359
4380,53392,53391394,11114,250,-1,-1,1,523,82.6,0,-1.0,0,0,0,639,359
4381,53403,53402500,11106,250,-1,-1,1,529,82.7,0,-1.0,0,0,0,639,359
4382,53414,53413607,11107,250,-1,-1,1,527,82.8,0,-1.0,0,0,0,639,359
4383,53426,53424717,11110,250,-1,-1,1,526,82.9,0,-1.0,0,0,0,639,359
4384,53437,53435829,11112,250,-1,-1,1,524,83.0,1,-1.0,0,0,0,639,359
4385,53499,53491365,55536,250,-1,-1,1,651,16.1,0,-1.0,0,0,0,639,359
4386,53503,53502471,11106,250,-1,-1,1,527,30.3,0,-1.0,0,0,0,639,359
4387,53514,53513591,11120,250,-1,-1,1,528,39.0,0,-1.0,0,0,0,639,359
4388,53526,53524699,11108,250,-1,-1,1,527,45.5,0,-1.0,0,0,0,639,359
4389,53537,53535807,11108,250,-1,-1,1,527,50.5,0,-1.0,0,0,0,639,359
4390,53548,53546921,11114,250,-1,-1,1,527,54.5,0,-1.0,0,0,0,639,359
4391,53559,53558027,11106,250,-1,-1,1,528,57.9,0,-1.0,0,0,0,639,359
4392,53570,53569140,11113,250,-1,-1,1,525,60.6,0,-1.0,0,0,0,639,359
4393,53581,53580243,11103,250,-1,-1,1,527,62.5,1,-1.0,0,0,0,639,359
4394,53592,53591360,11117,250,-1,-1,1,547,64.5,0,-1.0,0,0,0,639,359
4395,53603,53602466,11106,250,-1,-1,1,546,66.3,0,-1.0,0,0,0,639,359
4396,53614,53613572,11106,250,-1,-1,1,632,67.8,0,-1.0,0,0,0,639,359
4397,53625,53624686,11114,250,-1,-1,1,528,69.1,0,-1.0,0,0,0,639,359
4398,53637,53635795,11109,250,-1,-1,1,634,70.4,0,-1.0,0,0,0,639,359
4399,53648,53646903,11108,250,-1,-1,1,528,71.4,0,-1.0,0,0,0,639,359
4400,53659,53658014,11111,250,-1,-1,1,527,72.4,0,-1.0,0,0,0,639,359
4401,53670,53669118,11104,250,-1,-1,1,527,73.3,0,-1.0,0,0,0,639,359
4402,53681,53680229,11111,250,-1,-1,1,526,73.8,1,-1.0,0,0,0,639,359
4403,53692,53691341,11112,250,-1,-1,1,547,74.5,0,-1.0,0,0,0,639,359
4404,53703,53702451,11110,250,-1,-1,1,545,75.2,0,-1.0,0,0,0,639,359
4405,53714,53713558,11107,250,-1,-1,1,634,75.8,0,-1.0,0,0,0,639,359
4406,53725,53724668,11110,250,-1,-1,1,525,76.4,0,-1.0,0,0,0,639,359
4407,53737,53735772,11104,250,-1,-1,1,528,76.9,0,-1.0,0,0,0,639,359
4408,53748,53746886,11114,250,-1,-1,1,527,77.4,0,-1.0,0,0,0,639,359
4409,53759,53757991,11105,250,-1,-1,1,528,77.9,0,-1.0,0,0,0,639,359
4410,53843,53769104,11113,250,-1,-1,1,1190,64.0,0,-1.0,0,0,0,639,359
4411,53844,53835743,66639,250,-1,-1,1,602,66.3,1,-1.0,0,0,0,639,359
4412,53848,53846881,11138,250,-1,-1,1,634,68.3,0,-1.0,0,0,0,639,359
4413,53859,53857982,11101,250,-1,-1,1,527,68.9,0,-1.0,0,0,0,639,359
4414,53870,53869081,11099,250,-1,-1,1,527,69.4,0,-1.0,0,0,0,639,359
4415,53881,53880193,11112,250,-1,-1,1,629,69.8,0,-1.0,0,0,0,639,359
4416,53893,53891303,11110,250,-1,-1,1,524,70.3,0,-1.0,0,0,0,639,359
4417,53903,53902412,11109,250,-1,-1,1,538,70.8,0,-1.0,0,0,0,639,359
4418,53914,53913526,11114,250,-1,-1,1,533,71.3,0,-1.0,0,0,0,639,359
4419,53925,53924636,11110,250,-1,-1,1,594,71.7,0,-1.0,0,0,0,639,359
4420,53937,53935741,11105,250,-1,-1,1,630,72.1,1,-1.0,0,0,0,639,359
4421,53948,53946924,11183,250,-1,-1,1,530,72.5,0,-1.0,0,0,0,639,359
4422,53959,53957958,11034,250,-1,-1,1,529,72.9,0,-1.0,0,0,0,639,359
4423,53970,53969071,11113,250,-1,-1,1,634,73.2,0,-1.0,0,0,0,639,359
4424,53981,53980176,11105,250,-1,-1,1,526,73.5,0,-1.0,0,0,0,639,359
4425,53992,53991286,11110,250,-1,-1,1,631,73.9,0,-1.0,0,0,0,639,359
4426,54003,54002397,11111,250,-1,-1,1,528,74.2,0,-1.0,0,0,0,639,359
4427,54014,54013508,11111,250,-1,-1,1,525,74.5,0,-1.0,0,0,0,639,359
4428,54025,54024617,11109,250,-1,-1,1,524,74.8,0,-1.0,0,0,0,639,359
4429,54037,54035730,11113,250,-1,-1,1,526,75.1,1,-1.0,0,0,0,639,359
4430,54048,54046835,11105,250,-1,-1,1,546,75.4,0,-1.0,0,0,0,639,359
4431,54059,54057947,11112,250,-1,-1,1,545,75.7,0,-1.0,0,0,0,639,359
4432,54070,54069050,11103,250,-1,-1,1,628,75.8,0,-1.0,0,0,0,639,359
4433,54082,54080161,11111,250,-1,-1,1,525,76.1,0,-1.0,0,0,0,639,359
4434,54092,54091268,11107,250,-1,-1,1,633,76.3,0,-1.0,0,0,0,639,359
4435,54103,54102378,11110,250,-1,-1,1,528,76.6,0,-1.0,0,0,0,639,359
4436,54114,54113485,11107,250,-1,-1,1,527,76.8,0,-1.0,0,0,0,639,359
4437,54125,54124599,11114,250,-1,-1,1,528,77.0,0,-1.0,0,0,0,639,359
4438,54137,54135706,11107,250,-1,-1,1,527,77.3,1,-1.0,0,0,0,639,359
4439,54148,54146817,11111,250,-1,-1,1,543,77.5,0,-1.0,0,0,0,639,359
4440,54159,54157928,11111,250,-1,-1,1,545,77.7,0,-1.0,0,0,0,639,359
4441,54170,54169040,11112,250,-1,-1,1,631,77.8,0,-1.0,0,0,0,639,359
4442,54181,54180144,11104,250,-1,-1,1,527,78.0,0,-1.0,0,0,0,639,359
4443,54192,54191251,11107,250,-1,-1,1,527,78.1,0,-1.0,0,0,0,639,359
4444,54203,54202364,11113,250,-1,-1,1,524,78.3,0,-1.0,0,0,0,639,359
4445,54214,54213469,11105,250,-1,-1,1,528,78.5,0,-1.0,0,0,0,639,359
4446,54225,54224578,11109,250,-1,-1,1,528,78.7,0,-1.0,0,0,0,639,359
4447,54236,54235687,11109,250,-1,-1,1,527,78.8,1,-1.0,0,0,0,639,359
4448,54248,54246799,11112,250,-1,-1,1,530,79.0,0,-1.0,0,0,0,639,359
4449,54259,54257915,11116,250,-1,-1,1,529,79.2,0,-1.0,0,0,0,639,359
4450,54270,54269014,11099,250,-1,-1,1,632,79.3,0,-1.0,0,0,0,639,359
4451,54281,54280131,11117,250,-1,-1,1,526,79.4,0,-1.0,0,0,0,639,359
4452,54292,54291238,11107,250,-1,-1,1,633,79.5,0,-1.0,0,0,0,639,359
4453,54303,54302352,11114,250,-1,-1,1,526,79.7,0,-1.0,0,0,0,639,359
4454,54314,54313451,11099,250,-1,-1,1,525,79.8,0,-1.0,0,0,0,639,359
4455,54325,54324566,11115,250,-1,-1,1,524,80.0,0,-1.0,0,0,0,639,359
4456,54336,54335673,11107,250,-1,-1,1,526,80.1,1,-1.0,0,0,0,639,359
4457,54348,54346786,11113,250,-1,-1,1,544,80.2,0,-1.0,0,0,0,639,359
4458,54359,54357893,11107,250,-1,-1,1,545,80.3,0,-1.0,0,0,0,639,359
4459,54370,54369001,11108,250,-1,-1,1,626,80.5,0,-1.0,0,0,0,639,359
4460,54381,54380109,11108,250,-1,-1,1,528,80.6,0,-1.0,0,0,0,639,359
4461,54392,54391223,11114,250,-1,-1,1,528,80.6,0,-1.0,0,0,0,639,359
4462,54403,54402328,11105,250,-1,-1,1,528,80.7,0,-1.0,0,0,0,639,359
4463,54414,54413434,11106,250,-1,-1,1,526,80.9,0,-1.0,0,0,0,639,359
4464,54425,54424544,11110,250,-1,-1,1,526,81.0,0,-1.0,0,0,0,639,359
4465,54436,54435657,11113,250,-1,-1,1,524,81.1,1,-1.0,0,0,0,639,359
4466,54499,54491192,55535,250,-1,-1,1,529,16.1,0,-1.0,0,0,0,639,359
4467,54503,54502305,11113,250,-1,-1,1,528,30.3,0,-1.0,0,0,0,639,359
4468,54514,54513420,11115,250,-1,-1,1,527,39.0,0,-1.0,0,0,0,639,359
4469,54525,54524528,11108,250,-1,-1,1,527,45.5,0,-1.0,0,0,0,639,359
4470,54536,54535637,11109,250,-1,-1,1,528,50.5,0,-1.0,0,0,0,639,359
4471,54548,54546744,11107,250,-1,-1,1,527,54.5,0,-1.0,0,0,0,639,359
4472,54559,54557854,11110,250,-1,-1,1,527,57.9,0,-1.0,0,0,0,639,359
4473,54570,54568969,11115,250,-1,-1,1,526,60.6,0,-1.0,0,0,0,639,359
4474,54581,54580076,11107,250,-1,-1,1,524,62.9,1,-1.0,0,0,0,639,359
4475,54592,54591192,11116,250,-1,-1,1,544,64.5,0,-1.0,0,0,0,639,359
4476,54603,54602295,11103,250,-1,-1,1,546,66.3,0,-1.0,0,0,0,639,359
4477,54614,54613407,11112,250,-1,-1,1,629,67.8,0,-1.0,0,0,0,639,359
4478,54625,54624511,11104,250,-1,-1,1,525,69.1,0,-1.0,0,0,0,639,359
4479,54636,54635622,11111,250,-1,-1,1,527,70.4,0,-1.0,0,0,0,639,359
4480,54648,54646730,11108,250,-1,-1,1,526,71.4,0,-1.0,0,0,0,639,359
4481,54659,54657843,11113,250,-1,-1,1,526,72.4,0,-1.0,0,0,0,639,359
4482,54670,54668944,11101,250,-1,-1,1,526,73.3,0,-1.0,0,0,0,639,359
4483,54681,54680058,11114,250,-1,-1,1,526,74.1,1,-1.0,0,0,0,639,359
4484,54692,54691168,11110,250,-1,-1,1,528,74.5,0,-1.0,0,0,0,639,359
4485,54703,54702280,11112,250,-1,-1,1,545,75.2,0,-1.0,0,0,0,639,359
4486,54714,54713386,11106,250,-1,-1,1,634,75.8,0,-1.0,0,0,0,639,359
4487,54725,54724497,11111,250,-1,-1,1,544,76.4,0,-1.0,0,0,0,639,359
4488,54736,54735605,11108,250,-1,-1,1,631,76.9,0,-1.0,0,0,0,639,359
4489,54748,54746717,11112,250,-1,-1,1,527,77.4,0,-1.0,0,0,0,639,359
4490,54759,54757822,11105,250,-1,-1,1,529,77.9,0,-1.0,0,0,0,639,359
4491,54770,54768932,11110,250,-1,-1,1,525,78.3,0,-1.0,0,0,0,639,359
4492,54781,54780038,11106,250,-1,-1,1,527,78.7,1,-1.0,0,0,0,639,359
4493,54792,54791154,11116,250,-1,-1,1,532,78.9,0,-1.0,0,0,0,639,359
4494,54803,54802264,11110,250,-1,-1,1,530,79.2,0,-1.0,0,0,0,639,359
4495,54814,54813371,11107,250,-1,-1,1,635,79.6,0,-1.0,0,0,0,639,359
4496,54825,54824479,11108,250,-1,-1,1,526,79.9,0,-1.0,0,0,0,639,359
4497,54836,54835593,11114,250,-1,-1,1,524,80.2,0,-1.0,0,0,0,639,359
4498,54848,54846698,11105,250,-1,-1,1,526,80.5,0,-1.0,0,0,0,639,359
4499,54859,54857807,11109,250,-1,-1,1,525,80.8,0,-1.0,0,0,0,639,359
4500,54951,54868914,11107,250,-1,-1,1,607,68.1,0,-1.0,0,0,0,639,359
4501,54952,54946668,77754,250,-1,-1,1,628,69.9,1,-1.0,0,0,0,639,359
4502,54959,54957800,11132,250,-1,-1,1,627,71.0,0,-1.0,0,0,0,639,359
4503,54970,54968902,11102,250,-1,-1,1,525,71.4,0,-1.0,0,0,0,639,359
4504,54981,54980008,11106,250,-1,-1,1,544,71.8,0,-1.0,0,0,0,639,359
4505,54992,54991119,11111,250,-1,-1,1,632,72.1,0,-1.0,0,0,0,639,359
4506,55003,55002226,11107,250,-1,-1,1,546,72.4,0,-1.0,0,0,0,639,359
4507,55014,55013337,11111,250,-1,-1,1,545,72.8,0,-1.0,0,0,0,639,359
4508,55025,55024446,11109,250,-1,-1,1,633,73.1,0,-1.0,0,0,0,639,359
4509,55037,55035554,11108,250,-1,-1,1,526,73.5,0,-1.0,0,0,0,639,359
4510,55048,55046658,11104,250,-1,-1,1,635,73.8,1,-1.0,0,0,0,639,359
4511,55059,55057778,11120,250,-1,-1,1,548,74.1,0,-1.0,0,0,0,639,359
4512,55070,55068884,11106,250,-1,-1,1,531,74.4,0,-1.0,0,0,0,639,359
4513,55081,55079991,11107,250,-1,-1,1,630,74.7,0,-1.0,0,0,0,639,359
4514,55092,55091163,11172,250,-1,-1,1,525,74.8,0,-1.0,0,0,0,639,359
4515,55103,55102208,11045,250,-1,-1,1,629,75.1,0,-1.0,0,0,0,639,359
4516,55114,55113318,11110,250,-1,-1,1,525,75.3,0,-1.0,0,0,0,639,359
4517,55125,55124424,11106,250,-1,-1,1,526,75.6,0,-1.0,0,0,0,639,359
4518,55136,55135536,11112,250,-1,-1,1,525,75.8,0,-1.0,0,0,0,639,359
4519,55147,55146646,11110,250,-1,-1,1,525,76.1,1,-1.0,0,0,0,639,359
4520,55159,55157757,11111,250,-1,-1,1,551,76.3,0,-1.0,0,0,0,639,359
4521,55170,55168865,11108,250,-1,-1,1,546,76.5,0,-1.0,0,0,0,639,359
4522,55181,55179974,11109,250,-1,-1,1,634,76.7,0,-1.0,0,0,0,639,359
4523,55192,55191081,11107,250,-1,-1,1,527,76.9,0,-1.0,0,0,0,639,359
4524,55203,55202192,11111,250,-1,-1,1,527,77.0,0,-1.0,0,0,0,639,359
4525,55214,55213302,11110,250,-1,-1,1,528,77.2,0,-1.0,0,0,0,639,359
4526,55225,55224408,11106,250,-1,-1,1,526,77.4,0,-1.0,0,0,0,639,359
4527,55236,55235519,11111,250,-1,-1,1,526,77.6,0,-1.0,0,0,0,639,359
4528,55247,55246628,11109,250,-1,-1,1,526,77.8,1,-1.0,0,0,0,639,359
4529,55259,55257741,11113,250,-1,-1,1,544,78.0,0,-1.0,0,0,0,639,359
4530,55270,55268848,11107,250,-1,-1,1,546,78.1,0,-1.0,0,0,0,639,359
4531,55281,55279955,11107,250,-1,-1,1,631,78.3,0,-1.0,0,0,0,639,359
4532,55292,55291061,11106,250,-1,-1,1,527,78.5,0,-1.0,0,0,0,639,359
4533,55303,55302180,11119,250,-1,-1,1,628,78.5,0,-1.0,0,0,0,639,359
4534,55314,55313282,11102,250,-1,-1,1,530,78.7,0,-1.0,0,0,0,639,359
4535,55325,55324395,11113,250,-1,-1,1,527,78.8,0,-1.0,0,0,0,639,359
4536,55336,55335497,11102,250,-1,-1,1,526,79.0,0,-1.0,0,0,0,639,359
4537,55347,55346612,11115,250,-1,-1,1,527,79.1,1,-1.0,0,0,0,639,359
4538,55359,55357721,11109,250,-1,-1,1,547,79.3,0,-1.0,0,0,0,639,359
4539,55370,55368829,11108,250,-1,-1,1,546,79.4,0,-1.0,0,0,0,639,359
4540,55381,55379942,11113,250,-1,-1,1,633,79.5,0,-1.0,0,0,0,639,359
4541,55392,55391049,11107,250,-1,-1,1,526,79.7,0,-1.0,0,0,0,639,359
4542,55403,55402159,11110,250,-1,-1,1,633,79.7,0,-1.0,0,0,0,639,359
4543,55414,55413266,11107,250,-1,-1,1,526,79.8,0,-1.0,0,0,0,639,359
4544,55425,55424372,11106,250,-1,-1,1,525,80.0,0,-1.0,0,0,0,639,359
4545,55436,55435482,11110,250,-1,-1,1,527,80.1,0,-1.0,0,0,0,639,359
4546,55447,55446589,11107,250,-1,-1,1,527,80.2,1,-1.0,0,0,0,639,359
4547,55510,55502134,55545,250,-1,-1,1,528,16.1,0,-1.0,0,0,0,639,359
4548,55514,55513239,11105,250,-1,-1,1,529,30.3,0,-1.0,0,0,0,639,359
4549,55525,55524360,11121,250,-1,-1,1,527,39.0,0,-1.0,0,0,0,639,359
4550,55536,55535464,11104,250,-1,-1,1,526,45.5,0,-1.0,0,0,0,639,359
4551,55547,55546579,11115,250,-1,-1,1,525,50.5,0,-1.0,0,0,0,639,359
4552,55559,55557680,11101,250,-1,-1,1,527,54.5,0,-1.0,0,0,0,639,359
4553,55570,55568795,11115,250,-1,-1,1,526,57.9,0,-1.0,0,0,0,639,359
4554,55581,55579903,11108,250,-1,-1,1,528,60.6,0,-1.0,0,0,0,639,359
4555,55592,55591012,11109,250,-1,-1,1,527,62.9,1,-1.0,0,0,0,639,359
4556,55603,55602126,11114,250,-1,-1,1,548,64.9,0,-1.0,0,0,0,639,359
4557,55614,55613234,11108,250,-1,-1,1,544,66.3,0,-1.0,0,0,0,639,359
4558,55625,55624342,11108,250,-1,-1,1,628,67.8,0,-1.0,0,0,0,639,359
4559,55636,55635455,11113,250,-1,-1,1,524,69.1,0,-1.0,0,0,0,639,359
4560,55647,55646561,11106,250,-1,-1,1,613,70.4,0,-1.0,0,0,0,639,359
4561,55658,55657672,11111,250,-1,-1,1,525,71.4,0,-1.0,0,0,0,639,359
4562,55670,55668777,11105,250,-1,-1,1,527,72.4,0,-1.0,0,0,0,639,359
4563,55681,55679888,11111,250,-1,-1,1,527,73.3,0,-1.0,0,0,0,639,359
4564,55692,55690992,11104,250,-1,-1,1,528,74.1,1,-1.0,0,0,0,639,359
4565,55703,55702109,11117,250,-1,-1,1,531,74.8,0,-1.0,0,0,0,639,359
4566,55714,55713213,11104,250,-1,-1,1,547,75.2,0,-1.0,0,0,0,639,359
4567,55725,55724329,11116,250,-1,-1,1,634,75.8,0,-1.0,0,0,0,639,359
4568,55737,55735434,11105,250,-1,-1,1,528,76.4,0,-1.0,0,0,0,639,359
4569,55747,55746546,11112,250,-1,-1,1,630,76.9,0,-1.0,0,0,0,639,359
4570,55758,55757651,11105,250,-1,-1,1,525,77.4,0,-1.0,0,0,0,639,359
4571,55770,55768761,11110,250,-1,-1,1,525,77.9,0,-1.0,0,0,0,639,359
4572,55781,55779871,11110,250,-1,-1,1,524,78.3,0,-1.0,0,0,0,639,359
4573,55792,55790977,11106,250,-1,-1,1,526,78.7,1,-1.0,0,0,0,639,359
4574,55803,55802090,11113,250,-1,-1,1,546,79.1,0,-1.0,0,0,0,639,359
4575,55814,55813202,11112,250,-1,-1,1,538,79.2,0,-1.0,0,0,0,639,359
4576,55825,55824310,11108,250,-1,-1,1,629,79.6,0,-1.0,0,0,0,639,359
4577,55836,55835421,11111,250,-1,-1,1,543,79.9,0,-1.0,0,0,0,639,359
4578,55847,55846526,11105,250,-1,-1,1,528,80.2,0,-1.0,0,0,0,639,359
4579,55858,55857634,11108,250,-1,-1,1,527,80.5,0,-1.0,0,0,0,639,359
4580,55870,55868742,11108,250,-1,-1,1,526,80.8,0,-1.0,0,0,0,639,359
4581,55881,55879852,11110,250,-1,-1,1,527,81.0,0,-1.0,0,0,0,639,359
4582,55892,55890958,11106,250,-1,-1,1,526,81.3,1,-1.0,0,0,0,639,359
4583,55903,55902073,11115,250,-1,-1,1,543,81.5,0,-1.0,0,0,0,639,359
4584,55914,55913178,11105,250,-1,-1,1,546,81.5,0,-1.0,0,0,0,639,359
4585,55925,55924294,11116,250,-1,-1,1,631,81.8,0,-1.0,0,0,0,639,359
4586,55936,55935397,11103,250,-1,-1,1,527,82.0,0,-1.0,0,0,0,639,359
4587,55947,55946508,11111,250,-1,-1,1,586,82.2,0,-1.0,0,0,0,639,359
4588,55958,55957620,11112,250,-1,-1,1,529,82.4,0,-1.0,0,0,0,639,359
4589,55970,55968726,11106,250,-1,-1,1,528,82.5,0,-1.0,0,0,0,639,359
4590,56062,55979833,11107,250,-1,-1,1,609,71.7,0,-1.0,0,0,0,639,359
4591,56063,56057585,77752,250,-1,-1,1,628,73.2,1,-1.0,0,0,0,639,359
4592,56070,56068719,11134,250,-1,-1,1,628,74.1,0,-1.0,0,0,0,639,359
4593,56081,56079819,11100,250,-1,-1,1,526,74.4,0,-1.0,0,0,0,639,359
4594,56092,56090929,11110,250,-1,-1,1,526,74.7,0,-1.0,0,0,0,639,359
4595,56103,56102039,11110,250,-1,-1,1,630,74.8,0,-1.0,0,0,0,639,359
4596,56114,56113304,11265,250,-1,-1,1,529,75.1,0,-1.0,0,0,0,639,359
4597,56125,56124258,10954,250,-1,-1,1,534,75.3,0,-1.0,0,0,0,639,359
4598,56136,56135368,11110,250,-1,-1,1,633,75.6,0,-1.0,0,0,0,639,359
4599,56147,56146477,11109,250,-1,-1,1,526,75.8,0,-1.0,0,0,0,639,359
4600,56158,56157585,11108,250,-1,-1,1,629,76.1,1,-1.0,0,0,0,639,359
4601,56170,56168697,11112,250,-1,-1,1,527,76.3,0,-1.0,0,0,0,639,359
4602,56181,56179801,11104,250,-1,-1,1,544,76.5,0,-1.0,0,0,0,639,359
4603,56192,56190916,11115,250,-1,-1,1,628,76.7,0,-1.0,0,0,0,639,359
4604,56203,56202021,11105,250,-1,-1,1,525,76.9,0,-1.0,0,0,0,639,359
4605,56214,56213128,11107,250,-1,-1,1,552,77.0,0,-1.0,0,0,0,639,359
4606,56225,56224236,11108,250,-1,-1,1,526,77.2,0,-1.0,0,0,0,639,359
4607,56236,56235344,11108,250,-1,-1,1,528,77.4,0,-1.0,0,0,0,639,359
4608,56247,56246452,11108,250,-1,-1,1,528,77.6,0,-1.0,0,0,0,639,359
4609,56258,56257565,11113,250,-1,-1,1,2159,77.6,1,-1.0,0,0,0,639,359
4610,56270,56268674,11109,250,-1,-1,1,530,78.0,0,-1.0,0,0,0,639,359
4611,56281,56279783,11109,250,-1,-1,1,530,78.1,0,-1.0,0,0,0,639,359
4612,56292,56290981,11198,250,-1,-1,1,629,78.3,0,-1.0,0,0,0,639,359
4613,56303,56302008,11027,250,-1,-1,1,545,78.5,0,-1.0,0,0,0,639,359
4614,56314,56313115,11107,250,-1,-1,1,632,78.5,0,-1.0,0,0,0,639,359
4615,56325,56324226,11111,250,-1,-1,1,526,78.7,0,-1.0,0,0,0,639,359
4616,56336,56335329,11103,250,-1,-1,1,525,78.8,0,-1.0,0,0,0,639,359
4617,56347,56346440,11111,250,-1,-1,1,526,79.0,0,-1.0,0,0,0,639,359
4618,56358,56357548,11108,250,-1,-1,1,526,79.1,1,-1.0,0,0,0,639,359
4619,56370,56368662,11114,250,-1,-1,1,543,79.3,0,-1.0,0,0,0,639,359
4620,56381,56379769,11107,250,-1,-1,1,541,79.4,0,-1.0,0,0,0,639,359
4621,56392,56390878,11109,250,-1,-1,1,636,79.5,0,-1.0,0,0,0,639,359
4622,56403,56401983,11105,250,-1,-1,1,527,79.7,0,-1.0,0,0,0,639,359
4623,56414,56413096,11113,250,-1,-1,1,630,79.7,0,-1.0,0,0,0,639,359
4624,56425,56424204,11108,250,-1,-1,1,528,79.8,0,-1.0,0,0,0,639,359
4625,56436,56435313,11109,250,-1,-1,1,526,80.0,0,-1.0,0,0,0,639,359
4626,56447,56446420,11107,250,-1,-1,1,526,80.1,0,-1.0,0,0,0,639,359
4627,56458,56457531,11111,250,-1,-1,1,525,80.2,1,-1.0,0,0,0,639,359
4628,56521,56513069,55538,250,-1,-1,1,529,15.9,0,-1.0,0,0,0,639,359
4629,56525,56524179,11110,250,-1,-1,1,528,29.9,0,-1.0,0,0,0,639,359
4630,56536,56535292,11113,250,-1,-1,1,526,38.5,0,-1.0,0,0,0,639,359
4631,56547,56546407,11115,250,-1,-1,1,527,44.9,0,-1.0,0,0,0,639,359
4632,56558,56557510,11103,250,-1,-1,1,527,50.0,0,-1.0,0,0,0,639,359
4633,56569,56568626,11116,250,-1,-1,1,564,54.1,0,-1.0,0,0,0,639,359
4634,56581,56579728,11102,250,-1,-1,1,526,57.4,0,-1.0,0,0,0,639,359
4635,56592,56590846,11118,250,-1,-1,1,525,60.2,0,-1.0,0,0,0,639,359
4636,56603,56601949,11103,250,-1,-1,1,524,62.5,1,-1.0,0,0,0,639,359
4637,56614,56613066,11117,250,-1,-1,1,547,64.5,0,-1.0,0,0,0,639,359
4638,56625,56624172,11106,250,-1,-1,1,545,65.9,0,-1.0,0,0,0,639,359
4639,56636,56635282,11110,250,-1,-1,1,634,67.4,0,-1.0,0,0,0,639,359
4640,56647,56646384,11102,250,-1,-1,1,530,68.8,0,-1.0,0,0,0,639,359
4641,56658,56657501,11117,250,-1,-1,1,599,70.0,0,-1.0,0,0,0,639,359
4642,56669,56668609,11108,250,-1,-1,1,526,71.1,0,-1.0,0,0,0,639,359
4643,56681,56679717,11108,250,-1,-1,1,525,72.1,0,-1.0,0,0,0,639,359
4644,56692,56690823,11106,250,-1,-1,1,525,73.0,0,-1.0,0,0,0,639,359
4645,56703,56701935,11112,250,-1,-1,1,528,73.8,1,-1.0,0,0,0,639,359
4646,56714,56713045,11110,250,-1,-1,1,530,74.5,0,-1.0,0,0,0,639,359
4647,56725,56724155,11110,250,-1,-1,1,529,74.9,0,-1.0,0,0,0,639,359
4648,56736,56735260,11105,250,-1,-1,1,630,75.5,0,-1.0,0,0,0,639,359
4649,56747,56746376,11116,250,-1,-1,1,525,76.1,0,-1.0,0,0,0,639,359
4650,56758,56757482,11106,250,-1,-1,1,605,76.7,0,-1.0,0,0,0,639,359
4651,56769,56768592,11110,250,-1,-1,1,525,77.2,0,-1.0,0,0,0,639,359
4652,56781,56779699,11107,250,-1,-1,1,525,77.6,0,-1.0,0,0,0,639,359
4653,56792,56790808,11109,250,-1,-1,1,526,78.1,0,-1.0,0,0,0,639,359
4654,56803,56801917,11109,250,-1,-1,1,527,78.5,1,-1.0,0,0,0,639,359
4655,56814,56813030,11113,250,-1,-1,1,539,78.9,0,-1.0,0,0,0,639,359
4656,56825,56824136,11106,250,-1,-1,1,535,79.0,0,-1.0,0,0,0,639,359
4657,56836,56835248,11112,250,-1,-1,1,628,79.4,0,-1.0,0,0,0,639,359
4658,56847,56846351,11103,250,-1,-1,1,528,79.7,0,-1.0,0,0,0,639,359
4659,56858,56857464,11113,250,-1,-1,1,606,80.0,0,-1.0,0,0,0,639,359
4660,56869,56868571,11107,250,-1,-1,1,526,80.3,0,-1.0,0,0,0,639,359
4661,56881,56879683,11112,250,-1,-1,1,525,80.6,0,-1.0,0,0,0,639,359
4662,56892,56890793,11110,250,-1,-1,1,526,80.8,0,-1.0,0,0,0,639,359
4663,56903,56901903,11110,250,-1,-1,1,524,81.1,1,-1.0,0,0,0,639,359
4664,56914,56913012,11109,250,-1,-1,1,547,81.3,0,-1.0,0,0,0,639,359
4665,56925,56924122,11110,250,-1,-1,1,544,81.5,0,-1.0,0,0,0,639,359
4666,56936,56935229,11107,250,-1,-1,1,635,81.6,0,-1.0,0,0,0,639,359
4667,56947,56946340,11111,250,-1,-1,1,527,81.8,0,-1.0,0,0,0,639,359
4668,56958,56957447,11107,250,-1,-1,1,604,82.0,0,-1.0,0,0,0,639,359
4669,56969,56968559,11112,250,-1,-1,1,528,82.2,0,-1.0,0,0,0,639,359
4670,56981,56979664,11105,250,-1,-1,1,527,82.4,0,-1.0,0,0,0,639,359
4671,56992,56990772,11108,250,-1,-1,1,526,82.6,0,-1.0,0,0,0,639,359
4672,57003,57001882,11110,250,-1,-1,1,526,82.7,1,-1.0,0,0,0,639,359
4673,57014,57012997,11115,250,-1,-1,1,545,82.9,0,-1.0,0,0,0,639,359
4674,57025,57024102,11105,250,-1,-1,1,546,83.0,0,-1.0,0,0,0,639,359
4675,57036,57035216,11114,250,-1,-1,1,634,83.0,0,-1.0,0,0,0,639,359
4676,57047,57046319,11103,250,-1,-1,1,526,83.2,0,-1.0,0,0,0,639,359
4677,57058,57057431,11112,250,-1,-1,1,629,83.3,0,-1.0,0,0,0,639,359
4678,57069,57068534,11103,250,-1,-1,1,525,83.5,0,-1.0,0,0,0,639,359
4679,57080,57079647,11113,250,-1,-1,1,526,83.6,0,-1.0,0,0,0,639,359
4680,57208,57090756,11109,250,-1,-1,1,524,70.7,0,-1.0,0,0,0,639,359
4681,57209,57201833,111077,250,-1,-1,1,988,71.9,1,-1.0,0,0,0,639,359
4682,57214,57212977,11144,250,-1,-1,1,629,72.8,0,-1.0,0,0,0,639,359
4683,57225,57224064,11087,250,-1,-1,1,527,73.0,0,-1.0,0,0,0,639,359
4684,57236,57235180,11116,250,-1,-1,1,538,73.3,0,-1.0,0,0,0,639,359
4685,57247,57246285,11105,250,-1,-1,1,533,73.5,0,-1.0,0,0,0,639,359
4686,57258,57257394,11109,250,-1,-1,1,637,73.8,0,-1.0,0,0,0,639,359
4687,57269,57268508,11114,250,-1,-1,1,631,74.0,0,-1.0,0,0,0,639,359
4688,57281,57279616,11108,250,-1,-1,1,594,74.2,0,-1.0,0,0,0,639,359
4689,57292,57290721,11105,250,-1,-1,1,526,74.4,0,-1.0,0,0,0,639,359
4690,57303,57301835,11114,250,-1,-1,1,524,74.6,1,-1.0,0,0,0,639,359
4691,57314,57312939,11104,250,-1,-1,1,546,74.9,0,-1.0,0,0,0,639,359
4692,57325,57324051,11112,250,-1,-1,1,544,75.1,0,-1.0,0,0,0,639,359
4693,57336,57335157,11106,250,-1,-1,1,629,75.2,0,-1.0,0,0,0,639,359
4694,57348,57346273,11116,250,-1,-1,1,526,75.4,0,-1.0,0,0,0,639,359
4695,57358,57357377,11104,250,-1,-1,1,629,75.6,0,-1.0,0,0,0,639,359
4696,57369,57368489,11112,250,-1,-1,1,528,75.7,0,-1.0,0,0,0,639,359
4697,57380,57379592,11103,250,-1,-1,1,528,75.9,0,-1.0,0,0,0,639,359
4698,57392,57390701,11109,250,-1,-1,1,526,76.1,0,-1.0,0,0,0,639,359
4699,57403,57401809,11108,250,-1,-1,1,528,76.3,1,-1.0,0,0,0,639,359
4700,57414,57412926,11117,250,-1,-1,1,544,76.4,0,-1.0,0,0,0,639,359
4701,57425,57424035,11109,250,-1,-1,1,546,76.6,0,-1.0,0,0,0,639,359
4702,57436,57435148,11113,250,-1,-1,1,628,76.7,0,-1.0,0,0,0,639,359
4703,57447,57446252,11104,250,-1,-1,1,525,76.8,0,-1.0,0,0,0,639,359
4704,57458,57457360,11108,250,-1,-1,1,629,77.0,0,-1.0,0,0,0,639,359
4705,57480,57468473,11113,250,-1,-1,1,527,45.5,0,-1.0,0,0,0,639,359
4706,57481,57479572,11099,250,-1,-1,1,520,87.0,0,-1.0,0,0,0,639,359
4707,57492,57490688,11116,250,-1,-1,1,528,90.9,0,-1.0,0,0,0,639,359
4708,57503,57501798,11110,250,-1,-1,1,528,90.9,1,-1.0,0,0,0,639,359
4709,57514,57512909,11111,250,-1,-1,1,529,90.9,0,-1.0,0,0,0,639,359
4710,57525,57524019,11110,250,-1,-1,1,530,90.9,0,-1.0,0,0,0,639,359
4711,57536,57535127,11108,250,-1,-1,1,629,89.7,0,-1.0,0,0,0,639,359
4712,57547,57546240,11113,250,-1,-1,1,527,89.9,0,-1.0,0,0,0,639,359
4713,57558,57557345,11105,250,-1,-1,1,629,90.0,0,-1.0,0,0,0,639,359
4714,57569,57568456,11111,250,-1,-1,1,525,90.1,0,-1.0,0,0,0,639,359
4715,57580,57579562,11106,250,-1,-1,1,524,90.2,0,-1.0,0,0,0,639,359
4716,57591,57590672,11110,250,-1,-1,1,524,90.2,0,-1.0,0,0,0,639,359
4717,57603,57601777,11105,250,-1,-1,1,526,90.3,1,-1.0,0,0,0,639,359
4718,57614,57612891,11114,250,-1,-1,1,540,90.3,0,-1.0,0,0,0,639,359
4719,57625,57624000,11109,250,-1,-1,1,539,90.4,0,-1.0,0,0,0,639,359
4720,57636,57635113,11113,250,-1,-1,1,631,89.9,0,-1.0,0,0,0,639,359
4721,57647,57646218,11105,250,-1,-1,1,525,89.9,0,-1.0,0,0,0,639,359
4722,57658,57657325,11107,250,-1,-1,1,628,90.0,0,-1.0,0,0,0,639,359
4723,57669,57668431,11106,250,-1,-1,1,526,90.0,0,-1.0,0,0,0,639,359
4724,57680,57679547,11116,250,-1,-1,1,526,90.1,0,-1.0,0,0,0,639,359
4725,57691,57690653,11106,250,-1,-1,1,524,90.1,0,-1.0,0,0,0,639,359
4726,57703,57701765,11112,250,-1,-1,1,525,90.2,1,-1.0,0,0,0,639,359
4727,57714,57712875,11110,250,-1,-1,1,549,90.2,0,-1.0,0,0,0,639,359
4728,57725,57723985,11110,250,-1,-1,1,545,90.2,0,-1.0,0,0,0,639,359
4729,57736,57735091,11106,250,-1,-1,1,636,89.9,0,-1.0,0,0,0,639,359
4730,57747,57746201,11110,250,-1,-1,1,526,90.0,0,-1.0,0,0,0,639,359
4731,57758,57757309,11108,250,-1,-1,1,627,90.0,0,-1.0,0,0,0,639,359
4732,57769,57768424,11115,250,-1,-1,1,528,90.0,0,-1.0,0,0,0,639,359
4733,57780,57779525,11101,250,-1,-1,1,527,90.1,0,-1.0,0,0,0,639,359
4734,57791,57790634,11109,250,-1,-1,1,526,90.1,0,-1.0,0,0,0,639,359
4735,57803,57801744,11110,250,-1,-1,1,527,90.1,1,-1.0,0,0,0,639,359
4736,57814,57812860,11116,250,-1,-1,1,546,90.1,0,-1.0,0,0,0,639,359
4737,57825,57823965,11105,250,-1,-1,1,546,90.2,0,-1.0,0,0,0,639,359
4738,57836,57835078,11113,250,-1,-1,1,634,89.9,0,-1.0,0,0,0,639,359
4739,57847,57846183,11105,250,-1,-1,1,525,90.0,0,-1.0,0,0,0,639,359
4740,57858,57857294,11111,250,-1,-1,1,629,90.0,0,-1.0,0,0,0,639,359
4741,57869,57868402,11108,250,-1,-1,1,526,90.0,0,-1.0,0,0,0,639,359
4742,57880,57879509,11107,250,-1,-1,1,525,90.0,0,-1.0,0,0,0,639,359
4743,57891,57890615,11106,250,-1,-1,1,528,90.1,0,-1.0,0,0,0,639,359
4744,57903,57901730,11115,250,-1,-1,1,527,90.1,1,-1.0,0,0,0,639,359
4745,57914,57912839,11109,250,-1,-1,1,536,90.1,0,-1.0,0,0,0,639,359
4746,57925,57923948,11109,250,-1,-1,1,531,90.1,0,-1.0,0,0,0,639,359
4747,57936,57935058,11110,250,-1,-1,1,630,90.0,0,-1.0,0,0,0,639,359
4748,57947,57946171,11113,250,-1,-1,1,527,90.0,0,-1.0,0,0,0,639,359
4749,57958,57957273,11102,250,-1,-1,1,627,90.0,0,-1.0,0,0,0,639,359
4750,57969,57968388,11115,250,-1,-1,1,526,90.0,0,-1.0,0,0,0,639,359
4751,57980,57979493,11105,250,-1,-1,1,525,90.0,0,-1.0,0,0,0,639,359
4752,57991,57990600,11107,250,-1,-1,1,526,90.1,0,-1.0,0,0,0,639,359
4753,58003,58001710,11110,250,-1,-1,1,525,90.1,1,-1.0,0,0,0,639,359
4754,58014,58012824,11114,250,-1,-1,1,543,90.1,0,-1.0,0,0,0,639,359
4755,58025,58023931,11107,250,-1,-1,1,541,90.1,0,-1.0,0,0,0,639,359
4756,58036,58035043,11112,250,-1,-1,1,635,90.0,0,-1.0,0,0,0,639,359
4757,58047,58046147,11104,250,-1,-1,1,528,90.0,0,-1.0,0,0,0,639,359
4758,58058,58057256,11109,250,-1,-1,1,630,90.0,0,-1.0,0,0,0,639,359
4759,58069,58068362,11106,250,-1,-1,1,528,90.0,0,-1.0,0,0,0,639,359
4760,58080,58079472,11110,250,-1,-1,1,525,90.0,0,-1.0,0,0,0,639,359
4761,58091,58090585,11113,250,-1,-1,1,526,90.0,0,-1.0,0,0,0,639,359
4762,58103,58101693,11108,250,-1,-1,1,525,90.1,1,-1.0,0,0,0,639,359
4763,58114,58112807,11114,250,-1,-1,1,546,90.1,0,-1.0,0,0,0,639,359
4764,58125,58123918,11111,250,-1,-1,1,545,90.1,0,-1.0,0,0,0,639,359
4765,58136,58135023,11105,250,-1,-1,1,634,90.1,0,-1.0,0,0,0,639,359
4766,58147,58146135,11112,250,-1,-1,1,537,90.0,0,-1.0,0,0,0,639,359
4767,58158,58157241,11106,250,-1,-1,1,629,90.0,0,-1.0,0,0,0,639,359
4768,58169,58168352,11111,250,-1,-1,1,527,90.0,0,-1.0,0,0,0,639,359
4769,58180,58179456,11104,250,-1,-1,1,527,90.0,0,-1.0,0,0,0,639,359
4770,58274,58190565,11109,250,-1,-1,1,607,81.0,0,-1.0,0,0,0,639,359
4771,58275,58268325,77760,250,-1,-1,1,601,82.1,1,-1.0,0,0,0,639,359
4772,58280,58279462,11137,250,-1,-1,1,630,82.7,0,-1.0,0,0,0,639,359
4773,58291,58290549,11087,250,-1,-1,1,528,82.8,0,-1.0,0,0,0,639,359
4774,58302,58301658,11109,250,-1,-1,1,526,82.9,0,-1.0,0,0,0,639,359
4775,58314,58312772,11114,250,-1,-1,1,606,83.0,0,-1.0,0,0,0,639,359
4776,58325,58323881,11109,250,-1,-1,1,545,83.1,0,-1.0,0,0,0,639,359
4777,58336,58334991,11110,250,-1,-1,1,528,83.2,0,-1.0,0,0,0,639,359
4778,58347,58346133,11142,250,-1,-1,1,624,83.2,0,-1.0,0,0,0,639,359
4779,58358,58357207,11074,250,-1,-1,1,528,83.3,0,-1.0,0,0,0,639,359
4780,58369,58368316,11109,250,-1,-1,1,626,83.4,1,-1.0,0,0,0,639,359
4781,58380,58379429,11113,250,-1,-1,1,543,83.5,0,-1.0,0,0,0,639,359
4782,58391,58390535,11106,250,-1,-1,1,537,83.6,0,-1.0,0,0,0,639,359
4783,58402,58401645,11110,250,-1,-1,1,634,83.7,0,-1.0,0,0,0,639,359
4784,58414,58412753,11108,250,-1,-1,1,528,83.8,0,-1.0,0,0,0,639,359
4785,58425,58423862,11109,250,-1,-1,1,591,83.9,0,-1.0,0,0,0,639,359
4786,58436,58434966,11104,250,-1,-1,1,527,83.9,0,-1.0,0,0,0,639,359
4787,58447,58446074,11108,250,-1,-1,1,525,84.0,0,-1.0,0,0,0,639,359
4788,58458,58457192,11118,250,-1,-1,1,524,84.0,0,-1.0,0,0,0,639,359
4789,58480,58479406,22214,250,-1,-1,1,525,45.5,1,-1.0,0,0,0,639,359
4790,58491,58490520,11114,250,-1,-1,1,547,60.6,0,-1.0,0,0,0,639,359
4791,58503,58501630,11110,250,-1,-1,1,569,68.2,0,-1.0,0,0,0,639,359
4792,58514,58512738,11108,250,-1,-1,1,529,72.7,0,-1.0,0,0,0,639,359
4793,58525,58523845,11107,250,-1,-1,1,634,75.8,0,-1.0,0,0,0,639,359
4794,58536,58534951,11106,250,-1,-1,1,529,77.9,0,-1.0,0,0,0,639,359
4795,58547,58546061,11110,250,-1,-1,1,527,79.5,0,-1.0,0,0,0,639,359
4796,58558,58557170,11109,250,-1,-1,1,526,80.0,0,-1.0,0,0,0,639,359
4797,58569,58568281,11111,250,-1,-1,1,545,81.1,0,-1.0,0,0,0,639,359
4798,58580,58579390,11109,250,-1,-1,1,524,82.0,1,-1.0,0,0,0,639,359
4799,58591,58590504,11114,250,-1,-1,1,548,82.7,0,-1.0,0,0,0,639,359
4800,58602,58601613,11109,250,-1,-1,1,545,83.3,0,-1.0,0,0,0,639,359
4801,58614,58612720,11107,250,-1,-1,1,630,83.9,0,-1.0,0,0,0,639,359
4802,58625,58623829,11109,250,-1,-1,1,525,84.3,0,-1.0,0,0,0,639,359
4803,58636,58634936,11107,250,-1,-1,1,632,84.7,0,-1.0,0,0,0,639,359
4804,58647,58646046,11110,250,-1,-1,1,525,85.1,0,-1.0,0,0,0,639,359
4805,58658,58657155,11109,250,-1,-1,1,528,85.4,0,-1.0,0,0,0,639,359
4806,58669,58668261,11106,250,-1,-1,1,535,85.3,0,-1.0,0,0,0,639,359
4807,58680,58679371,11110,250,-1,-1,1,528,85.6,1,-1.0,0,0,0,639,359
4808,58691,58690481,11110,250,-1,-1,1,531,85.8,0,-1.0,0,0,0,639,359
4809,58702,58701595,11114,250,-1,-1,1,547,86.1,0,-1.0,0,0,0,639,359
4810,58714,58712702,11107,250,-1,-1,1,629,86.3,0,-1.0,0,0,0,639,359
4811,58725,58723813,11111,250,-1,-1,1,525,86.5,0,-1.0,0,0,0,639,359
4812,58736,58734918,11105,250,-1,-1,1,628,86.6,0,-1.0,0,0,0,639,359
4813,58747,58746031,11113,250,-1,-1,1,526,86.8,0,-1.0,0,0,0,639,359
4814,58758,58757133,11102,250,-1,-1,1,526,87.0,0,-1.0,0,0,0,639,359
4815,58769,58768250,11117,250,-1,-1,1,531,86.8,0,-1.0,0,0,0,639,359
4816,58780,58779355,11105,250,-1,-1,1,527,87.0,1,-1.0,0,0,0,639,359
4817,58791,58790467,11112,250,-1,-1,1,598,87.1,0,-1.0,0,0,0,639,359
4818,58802,58801577,11110,250,-1,-1,1,1140,87.0,0,-1.0,0,0,0,639,359
4819,58814,58812682,11105,250,-1,-1,1,610,87.3,0,-1.0,0,0,0,639,359
4820,58825,58823792,11110,250,-1,-1,1,632,87.4,0,-1.0,0,0,0,639,359
4821,58836,58834908,11116,250,-1,-1,1,527,87.5,0,-1.0,0,0,0,639,359
4822,58847,58846010,11102,250,-1,-1,1,528,87.6,0,-1.0,0,0,0,639,359
4823,58858,58857119,11109,250,-1,-1,1,526,87.7,0,-1.0,0,0,0,639,359
4824,58869,58868229,11110,250,-1,-1,1,526,87.6,0,-1.0,0,0,0,639,359
4825,58880,58879341,11112,250,-1,-1,1,526,87.7,1,-1.0,0,0,0,639,359
4826,58891,58890449,11108,250,-1,-1,1,546,87.8,0,-1.0,0,0,0,639,359
4827,58902,58901561,11112,250,-1,-1,1,548,87.8,0,-1.0,0,0,0,639,359
4828,58914,58912671,11110,250,-1,-1,1,635,87.9,0,-1.0,0,0,0,639,359
4829,58925,58923780,11109,250,-1,-1,1,526,87.8,0,-1.0,0,0,0,639,359
4830,58936,58934882,11102,250,-1,-1,1,631,88.1,0,-1.0,0,0,0,639,359
4831,58947,58945997,11115,250,-1,-1,1,527,88.1,0,-1.0,0,0,0,639,359
4832,58958,58957102,11105,250,-1,-1,1,527,88.2,0,-1.0,0,0,0,639,359
4833,58969,58968212,11110,250,-1,-1,1,525,88.1,0,-1.0,0,0,0,639,359
4834,58980,58979317,11105,250,-1,-1,1,525,88.1,1,-1.0,0,0,0,639,359
4835,58991,58990436,11119,250,-1,-1,1,547,88.2,0,-1.0,0,0,0,639,359
4836,59002,59001542,11106,250,-1,-1,1,545,88.2,0,-1.0,0,0,0,639,359
4837,59014,59012653,11111,250,-1,-1,1,634,88.3,0,-1.0,0,0,0,639,359
4838,59025,59023760,11107,250,-1,-1,1,529,88.3,0,-1.0,0,0,0,639,359
4839,59036,59034871,11111,250,-1,-1,1,629,88.4,0,-1.0,0,0,0,639,359
4840,59047,59045978,11107,250,-1,-1,1,527,88.4,0,-1.0,0,0,0,639,359
4841,59058,59057085,11107,250,-1,-1,1,527,88.5,0,-1.0,0,0,0,639,359
4842,59069,59068197,11112,250,-1,-1,1,528,88.4,0,-1.0,0,0,0,639,359
4843,59080,59079304,11107,250,-1,-1,1,529,88.4,1,-1.0,0,0,0,639,359
4844,59091,59090416,11112,250,-1,-1,1,544,88.5,0,-1.0,0,0,0,639,359
4845,59102,59101528,11112,250,-1,-1,1,546,88.5,0,-1.0,0,0,0,639,359
4846,59113,59112631,11103,250,-1,-1,1,634,88.5,0,-1.0,0,0,0,639,359
4847,59125,59123746,11115,250,-1,-1,1,525,88.6,0,-1.0,0,0,0,639,359
4848,59136,59134854,11108,250,-1,-1,1,629,88.6,0,-1.0,0,0,0,639,359
4849,59147,59145964,11110,250,-1,-1,1,525,88.7,0,-1.0,0,0,0,639,359
4850,59158,59157065,11101,250,-1,-1,1,528,88.7,0,-1.0,0,0,0,639,359
4851,59169,59168176,11111,250,-1,-1,1,528,88.6,0,-1.0,0,0,0,639,359
4852,59180,59179285,11109,250,-1,-1,1,526,88.6,1,-1.0,0,0,0,639,359
4853,59191,59190401,11116,250,-1,-1,1,531,88.7,0,-1.0,0,0,0,639,359
4854,59202,59201508,11107,250,-1,-1,1,529,88.7,0,-1.0,0,0,0,639,359
4855,59213,59212618,11110,250,-1,-1,1,629,88.7,0,-1.0,0,0,0,639,359
4856,59225,59223726,11108,250,-1,-1,1,526,88.8,0,-1.0,0,0,0,639,359
4857,59236,59234838,11112,250,-1,-1,1,627,88.8,0,-1.0,0,0,0,639,359
4858,59247,59245941,11103,250,-1,-1,1,525,88.8,0,-1.0,0,0,0,639,359
4859,59258,59257054,11113,250,-1,-1,1,526,88.9,0,-1.0,0,0,0,639,359
4860,59351,59268158,11104,250,-1,-1,1,605,80.6,0,-1.0,0,0,0,639,359
4861,59352,59345908,77750,250,-1,-1,1,633,81.7,1,-1.0,0,0,0,639,359
4862,59358,59357044,11136,250,-1,-1,1,629,82.2,0,-1.0,0,0,0,639,359
4863,59369,59368149,11105,250,-1,-1,1,528,82.4,0,-1.0,0,0,0,639,359
4864,59380,59379250,11101,250,-1,-1,1,526,82.4,0,-1.0,0,0,0,639,359
4865,59391,59390361,11111,250,-1,-1,1,626,82.5,0,-1.0,0,0,0,639,359
4866,59402,59401473,11112,250,-1,-1,1,526,82.6,0,-1.0,0,0,0,639,359
4867,59413,59412583,11110,250,-1,-1,1,544,82.7,0,-1.0,0,0,0,639,359
4868,59425,59423693,11110,250,-1,-1,1,545,82.8,0,-1.0,0,0,0,639,359
4869,59436,59434801,11108,250,-1,-1,1,633,82.9,0,-1.0,0,0,0,639,359
4870,59447,59445906,11105,250,-1,-1,1,629,83.0,1,-1.0,0,0,0,639,359
4871,59458,59457023,11117,250,-1,-1,1,622,83.0,0,-1.0,0,0,0,639,359
4872,59516,59512557,55534,250,-1,-1,1,526,17.2,0,-1.0,0,0,0,639,359
4873,59525,59523673,11116,250,-1,-1,1,526,30.3,0,-1.0,0,0,0,639,359
4874,59536,59534779,11106,250,-1,-1,1,526,39.0,0,-1.0,0,0,0,639,359
4875,59547,59545890,11111,250,-1,-1,1,527,45.5,0,-1.0,0,0,0,639,359
4876,59558,59556998,11108,250,-1,-1,1,529,50.5,0,-1.0,0,0,0,639,359
4877,59569,59568108,11110,250,-1,-1,1,525,54.5,0,-1.0,0,0,0,639,359
4878,59580,59579217,11109,250,-1,-1,1,527,57.4,0,-1.0,0,0,0,639,359
4879,59591,59590326,11109,250,-1,-1,1,526,60.2,1,-1.0,0,0,0,639,359
4880,59602,59601436,11110,250,-1,-1,1,546,62.5,0,-1.0,0,0,0,639,359
4881,59613,59612548,11112,250,-1,-1,1,547,64.5,0,-1.0,0,0,0,639,359
4882,59625,59623657,11109,250,-1,-1,1,634,66.3,0,-1.0,0,0,0,639,359
4883,59636,59634768,11111,250,-1,-1,1,526,67.8,0,-1.0,0,0,0,639,359
4884,59647,59645875,11107,250,-1,-1,1,634,69.1,0,-1.0,0,0,0,639,359
4885,59658,59656986,11111,250,-1,-1,1,528,70.4,0,-1.0,0,0,0,639,359
4886,59669,59668090,11104,250,-1,-1,1,528,71.4,0,-1.0,0,0,0,639,359
4887,59680,59679202,11112,250,-1,-1,1,526,72.1,0,-1.0,0,0,0,639,359
4888,59691,59690310,11108,250,-1,-1,1,526,73.0,1,-1.0,0,0,0,639,359
4889,59702,59701424,11114,250,-1,-1,1,548,73.8,0,-1.0,0,0,0,639,359
4890,59713,59712530,11106,250,-1,-1,1,545,74.5,0,-1.0,0,0,0,639,359
4891,59724,59723643,11113,250,-1,-1,1,635,75.2,0,-1.0,0,0,0,639,359
4892,59736,59734750,11107,250,-1,-1,1,525,75.8,0,-1.0,0,0,0,639,359
4893,59747,59745860,11110,250,-1,-1,1,629,76.4,0,-1.0,0,0,0,639,359
4894,59758,59756964,11104,250,-1,-1,1,526,76.9,0,-1.0,0,0,0,639,359
4895,59769,59768073,11109,250,-1,-1,1,527,77.4,0,-1.0,0,0,0,639,359
4896,59780,59779181,11108,250,-1,-1,1,528,77.6,0,-1.0,0,0,0,639,359
4897,59791,59790293,11112,250,-1,-1,1,528,78.1,1,-1.0,0,0,0,639,359
4898,59802,59801407,11114,250,-1,-1,1,548,78.5,0,-1.0,0,0,0,639,359
4899,59813,59812517,11110,250,-1,-1,1,545,78.9,0,-1.0,0,0,0,639,359
4900,59824,59823626,11109,250,-1,-1,1,634,79.2,0,-1.0,0,0,0,639,359
4901,59836,59834736,11110,250,-1,-1,1,527,79.6,0,-1.0,0,0,0,639,359
4902,59847,59845843,11107,250,-1,-1,1,633,79.9,0,-1.0,0,0,0,639,359
4903,59858,59856953,11110,250,-1,-1,1,526,80.2,0,-1.0,0,0,0,639,359
4904,59869,59868058,11105,250,-1,-1,1,529,80.5,0,-1.0,0,0,0,639,359
4905,59880,59879170,11112,250,-1,-1,1,528,80.6,0,-1.0,0,0,0,639,359
4906,59891,59890275,11105,250,-1,-1,1,527,80.8,1,-1.0,0,0,0,639,359
4907,59902,59901390,11115,250,-1,-1,1,531,81.1,0,-1.0,0,0,0,639,359
4908,59913,59912496,11106,250,-1,-1,1,547,81.3,0,-1.0,0,0,0,639,359
4909,59924,59923607,11111,250,-1,-1,1,628,81.5,0,-1.0,0,0,0,639,359
4910,59936,59934715,11108,250,-1,-1,1,525,81.8,0,-1.0,0,0,0,639,359
4911,59947,59945825,11110,250,-1,-1,1,626,82.0,0,-1.0,0,0,0,639,359
4912,59958,59956934,11109,250,-1,-1,1,525,82.2,0,-1.0,0,0,0,639,359
4913,59969,59968041,11107,250,-1,-1,1,525,82.4,0,-1.0,0,0,0,639,359
4914,59980,59979149,11108,250,-1,-1,1,526,82.4,0,-1.0,0,0,0,639,359
4915,59991,59990262,11113,250,-1,-1,1,529,82.6,1,-1.0,0,0,0,639,359
4916,60002,60001372,11110,250,-1,-1,1,543,82.7,0,-1.0,0,0,0,639,359
4917,60013,60012482,11110,250,-1,-1,1,536,82.9,0,-1.0,0,0,0,639,359
4918,60024,60023591,11109,250,-1,-1,1,630,83.0,0,-1.0,0,0,0,639,359
4919,60036,60034700,11109,250,-1,-1,1,526,83.2,0,-1.0,0,0,0,639,359
4920,60047,60045806,11106,250,-1,-1,1,636,83.3,0,-1.0,0,0,0,639,359
4921,60058,60056916,11110,250,-1,-1,1,528,83.5,0,-1.0,0,0,0,639,359
4922,60069,60068019,11103,250,-1,-1,1,525,83.6,0,-1.0,0,0,0,639,359
4923,60080,60079139,11120,250,-1,-1,1,525,83.7,0,-1.0,0,0,0,639,359
4924,60091,60090238,11099,250,-1,-1,1,526,83.7,1,-1.0,0,0,0,639,359
4925,60102,60101356,11118,250,-1,-1,1,548,83.9,0,-1.0,0,0,0,639,359
4926,60113,60112462,11106,250,-1,-1,1,548,84.0,0,-1.0,0,0,0,639,359
4927,60124,60123574,11112,250,-1,-1,1,632,84.1,0,-1.0,0,0,0,639,359
4928,60135,60134681,11107,250,-1,-1,1,528,84.2,0,-1.0,0,0,0,639,359
4929,60147,60145792,11111,250,-1,-1,1,606,84.3,0,-1.0,0,0,0,639,359
4930,60158,60156895,11103,250,-1,-1,1,528,84.4,0,-1.0,0,0,0,639,359
4931,60169,60168005,11110,250,-1,-1,1,527,84.5,0,-1.0,0,0,0,639,359
4932,60180,60179114,11109,250,-1,-1,1,527,84.6,0,-1.0,0,0,0,639,359
4933,60191,60190227,11113,250,-1,-1,1,527,84.6,1,-1.0,0,0,0,639,359
4934,60202,60201337,11110,250,-1,-1,1,545,84.7,0,-1.0,0,0,0,639,359
4935,60213,60212448,11111,250,-1,-1,1,546,84.8,0,-1.0,0,0,0,639,359
4936,60224,60223557,11109,250,-1,-1,1,632,84.9,0,-1.0,0,0,0,639,359
4937,60235,60234663,11106,250,-1,-1,1,525,84.9,0,-1.0,0,0,0,639,359
4938,60247,60245771,11108,250,-1,-1,1,629,85.0,0,-1.0,0,0,0,639,359
4939,60258,60256882,11111,250,-1,-1,1,526,85.1,0,-1.0,0,0,0,639,359
4940,60270,60267988,11106,250,-1,-1,1,527,85.0,0,-1.0,0,0,0,639,359
4941,60280,60279106,11118,250,-1,-1,1,526,85.3,0,-1.0,0,0,0,639,359
4942,60291,60290213,11107,250,-1,-1,1,526,85.2,1,-1.0,0,0,0,639,359
4943,60302,60301321,11108,250,-1,-1,1,544,85.3,0,-1.0,0,0,0,639,359
4944,60313,60312425,11104,250,-1,-1,1,539,85.4,0,-1.0,0,0,0,639,359
4945,60324,60323542,11117,250,-1,-1,1,628,85.5,0,-1.0,0,0,0,639,359
4946,60335,60334648,11106,250,-1,-1,1,525,85.5,0,-1.0,0,0,0,639,359
4947,60347,60345757,11109,250,-1,-1,1,629,85.6,0,-1.0,0,0,0,639,359
4948,60358,60356864,11107,250,-1,-1,1,526,85.7,0,-1.0,0,0,0,639,359
4949,60369,60367970,11106,250,-1,-1,1,526,85.7,0,-1.0,0,0,0,639,359
4950,60462,60379080,11110,250,-1,-1,1,609,78.7,0,-1.0,0,0,0,639,359
4951,60520,60512384,133304,250,-1,-1,1,1161,17.2,1,-1.0,0,0,0,639,359
4952,60524,60523505,11121,250,-1,-1,1,547,32.3,0,-1.0,0,0,0,639,359
4953,60535,60534611,11106,250,-1,-1,1,546,41.1,0,-1.0,0,0,0,639,359
4954,60547,60545723,11112,250,-1,-1,1,631,47.6,0,-1.0,0,0,0,639,359
4955,60558,60556829,11106,250,-1,-1,1,528,52.6,0,-1.0,0,0,0,639,359
4956,60569,60567942,11113,250,-1,-1,1,631,56.6,0,-1.0,0,0,0,639,359
4957,60580,60579047,11105,250,-1,-1,1,528,59.8,0,-1.0,0,0,0,639,359
4958,60591,60590153,11106,250,-1,-1,1,528,62.5,0,-1.0,0,0,0,639,359
4959,60602,60601264,11111,250,-1,-1,1,525,64.3,0,-1.0,0,0,0,639,359
4960,60613,60612373,11109,250,-1,-1,1,527,66.2,1,-1.0,0,0,0,639,359
4961,60624,60623485,11112,250,-1,-1,1,545,67.9,0,-1.0,0,0,0,639,359
4962,60635,60634600,11115,250,-1,-1,1,546,69.4,0,-1.0,0,0,0,639,359
4963,60647,60645703,11103,250,-1,-1,1,633,70.7,0,-1.0,0,0,0,639,359
4964,60658,60656815,11112,250,-1,-1,1,525,71.8,0,-1.0,0,0,0,639,359
4965,60669,60667921,11106,250,-1,-1,1,635,72.8,0,-1.0,0,0,0,639,359
4966,60680,60679032,11111,250,-1,-1,1,524,73.7,0,-1.0,0,0,0,639,359
4967,60691,60690138,11106,250,-1,-1,1,525,74.6,0,-1.0,0,0,0,639,359
4968,60702,60701248,11110,250,-1,-1,1,529,75.0,0,-1.0,0,0,0,639,359
4969,60713,60712357,11109,250,-1,-1,1,528,75.7,1,-1.0,0,0,0,639,359
4970,60724,60723471,11114,250,-1,-1,1,536,76.3,0,-1.0,0,0,0,639,359
4971,60735,60734576,11105,250,-1,-1,1,532,76.9,0,-1.0,0,0,0,639,359
4972,60747,60745685,11109,250,-1,-1,1,630,77.5,0,-1.0,0,0,0,639,359
4973,60758,60756799,11114,250,-1,-1,1,527,78.0,0,-1.0,0,0,0,639,359
4974,60769,60767906,11107,250,-1,-1,1,634,78.4,0,-1.0,0,0,0,639,359
4975,60780,60779015,11109,250,-1,-1,1,565,78.9,0,-1.0,0,0,0,639,359
4976,60791,60790122,11107,250,-1,-1,1,525,79.3,0,-1.0,0,0,0,639,359
4977,60802,60801231,11109,250,-1,-1,1,524,79.4,0,-1.0,0,0,0,639,359
4978,60813,60812343,11112,250,-1,-1,1,526,79.8,1,-1.0,0,0,0,639,359
4979,60824,60823456,11113,250,-1,-1,1,583,80.1,0,-1.0,0,0,0,639,359
4980,60835,60834566,11110,250,-1,-1,1,580,80.4,0,-1.0,0,0,0,639,359
4981,60847,60845669,11103,250,-1,-1,1,631,80.7,0,-1.0,0,0,0,639,359
4982,60858,60856891,11222,250,-1,-1,1,527,81.0,0,-1.0,0,0,0,639,359
4983,60869,60867887,10996,250,-1,-1,1,627,81.3,0,-1.0,0,0,0,639,359
4984,60880,60878998,11111,250,-1,-1,1,553,81.5,0,-1.0,0,0,0,639,359
4985,60891,60890102,11104,250,-1,-1,1,528,81.8,0,-1.0,0,0,0,639,359
4986,60902,60901214,11112,250,-1,-1,1,527,81.8,0,-1.0,0,0,0,639,359
4987,60913,60912320,11106,250,-1,-1,1,529,82.0,1,-1.0,0,0,0,639,359
4988,60924,60923436,11116,250,-1,-1,1,528,82.3,0,-1.0,0,0,0,639,359
4989,60935,60934544,11108,250,-1,-1,1,547,82.5,0,-1.0,0,0,0,639,359
4990,60947,60945655,11111,250,-1,-1,1,628,82.6,0,-1.0,0,0,0,639,359
4991,60958,60956764,11109,250,-1,-1,1,525,82.8,0,-1.0,0,0,0,639,359
4992,60969,60967874,11110,250,-1,-1,1,635,83.0,0,-1.0,0,0,0,639,359
4993,60980,60978983,11109,250,-1,-1,1,524,83.2,0,-1.0,0,0,0,639,359
4994,60991,60990090,11107,250,-1,-1,1,526,83.3,0,-1.0,0,0,0,639,359
4995,61002,61001195,11105,250,-1,-1,1,530,83.3,0,-1.0,0,0,0,639,359
4996,61013,61012304,11109,250,-1,-1,1,527,83.5,1,-1.0,0,0,0,639,359
4997,61024,61023420,11116,250,-1,-1,1,538,83.6,0,-1.0,0,0,0,639,359
4998,61035,61034528,11108,250,-1,-1,1,533,83.8,0,-1.0,0,0,0,639,359
4999,61046,61045631,11103,250,-1,-1,1,632,83.9,0,-1.0,0,0,0,639,359
5000,61058,61056749,11118,250,-1,-1,1,529,84.0,0,-1.0,0,0,0,639,359
5001,61069,61067852,11103,250,-1,-1,1,634,84.2,0,-1.0,0,0,0,639,359
5002,61080,61078966,11114,250,-1,-1,1,525,84.3,0,-1.0,0,0,0,639,359
5003,61091,61090072,11106,250,-1,-1,1,526,84.4,0,-1.0,0,0,0,639,359
5004,61102,61101180,11108,250,-1,-1,1,524,84.4,0,-1.0,0,0,0,639,359
5005,61113,61112287,11107,250,-1,-1,1,526,84.5,1,-1.0,0,0,0,639,359
5006,61124,61123402,11115,250,-1,-1,1,546,84.6,0,-1.0,0,0,0,639,359
5007,61135,61134509,11107,250,-1,-1,1,545,84.7,0,-1.0,0,0,0,639,359
5008,61146,61145618,11109,250,-1,-1,1,635,84.8,0,-1.0,0,0,0,639,359
5009,61157,61156728,11110,250,-1,-1,1,525,84.9,0,-1.0,0,0,0,639,359
5010,61169,61167839,11111,250,-1,-1,1,629,85.0,0,-1.0,0,0,0,639,359
5011,61180,61179009,11170,250,-1,-1,1,524,85.1,0,-1.0,0,0,0,639,359
5012,61191,61190057,11048,250,-1,-1,1,525,85.2,0,-1.0,0,0,0,639,359
5013,61202,61201160,11103,250,-1,-1,1,527,85.3,0,-1.0,0,0,0,639,359
5014,61213,61212274,11114,250,-1,-1,1,526,85.2,1,-1.0,0,0,0,639,359
5015,61224,61223385,11111,250,-1,-1,1,546,85.3,0,-1.0,0,0,0,639,359
5016,61235,61234493,11108,250,-1,-1,1,545,85.4,0,-1.0,0,0,0,639,359
5017,61246,61245599,11106,250,-1,-1,1,632,85.5,0,-1.0,0,0,0,639,359
5018,61258,61256711,11112,250,-1,-1,1,527,85.5,0,-1.0,0,0,0,639,359
5019,61269,61267818,11107,250,-1,-1,1,629,85.6,0,-1.0,0,0,0,639,359
5020,61280,61278929,11111,250,-1,-1,1,526,85.7,0,-1.0,0,0,0,639,359
5021,61291,61290032,11103,250,-1,-1,1,527,85.7,0,-1.0,0,0,0,639,359
5022,61302,61301146,11114,250,-1,-1,1,527,85.8,0,-1.0,0,0,0,639,359
5023,61313,61312257,11111,250,-1,-1,1,527,85.8,1,-1.0,0,0,0,639,359
5024,61324,61323368,11111,250,-1,-1,1,545,85.8,0,-1.0,0,0,0,639,359
5025,61335,61334476,11108,250,-1,-1,1,544,85.9,0,-1.0,0,0,0,639,359
5026,61346,61345585,11109,250,-1,-1,1,628,86.0,0,-1.0,0,0,0,639,359
5027,61358,61356696,11111,250,-1,-1,1,527,86.0,0,-1.0,0,0,0,639,359
5028,61369,61367802,11106,250,-1,-1,1,632,86.1,0,-1.0,0,0,0,639,359
5029,61380,61378911,11109,250,-1,-1,1,526,86.2,0,-1.0,0,0,0,639,359
5030,61391,61390022,11111,250,-1,-1,1,527,86.2,0,-1.0,0,0,0,639,359
5031,61402,61401127,11105,250,-1,-1,1,527,86.3,0,-1.0,0,0,0,639,359
5032,61413,61412238,11111,250,-1,-1,1,527,86.2,1,-1.0,0,0,0,639,359
5033,61424,61423346,11108,250,-1,-1,1,534,86.3,0,-1.0,0,0,0,639,359
5034,61435,61434458,11112,250,-1,-1,1,532,86.3,0,-1.0,0,0,0,639,359
5035,61446,61445565,11107,250,-1,-1,1,630,86.4,0,-1.0,0,0,0,639,359
5036,61458,61456677,11112,250,-1,-1,1,526,86.4,0,-1.0,0,0,0,639,359
5037,61469,61467782,11105,250,-1,-1,1,628,86.5,0,-1.0,0,0,0,639,359
5038,61484,61478892,11110,250,-1,-1,1,526,66.7,0,-1.0,0,0,0,639,359
5039,61491,61490002,11110,250,-1,-1,1,527,90.9,0,-1.0,0,0,0,639,359
5040,61544,61501112,11110,250,-1,-1,1,812,39.5,0,-1.0,0,0,0,639,359
5041,61546,61534425,33313,250,-1,-1,1,604,51.3,1,-1.0,0,0,0,639,359
5042,61548,61545547,11122,250,-1,-1,1,603,63.3,0,-1.0,0,0,0,639,359
5043,61557,61556659,11112,250,-1,-1,1,525,67.4,0,-1.0,0,0,0,639,359
5044,61569,61567768,11109,250,-1,-1,1,525,70.0,0,-1.0,0,0,0,639,359
5045,61580,61578873,11105,250,-1,-1,1,532,72.1,0,-1.0,0,0,0,639,359
5046,61591,61589985,11112,250,-1,-1,1,629,73.8,0,-1.0,0,0,0,639,359
5047,61602,61601092,11107,250,-1,-1,1,546,75.2,0,-1.0,0,0,0,639,359
5048,61613,61612206,11114,250,-1,-1,1,536,75.9,0,-1.0,0,0,0,639,359
5049,61624,61623315,11109,250,-1,-1,1,550,76.9,0,-1.0,0,0,0,639,359
5050,61635,61634425,11110,250,-1,-1,1,545,77.8,1,-1.0,0,0,0,639,359
5051,61646,61645536,11111,250,-1,-1,1,629,78.7,0,-1.0,0,0,0,639,359
5052,61658,61656643,11107,250,-1,-1,1,526,79.4,0,-1.0,0,0,0,639,359
5053,61669,61667753,11110,250,-1,-1,1,547,80.0,0,-1.0,0,0,0,639,359
5054,61680,61678863,11110,250,-1,-1,1,545,80.6,0,-1.0,0,0,0,639,359
5055,61691,61689968,11105,250,-1,-1,1,626,81.1,0,-1.0,0,0,0,639,359
5056,61702,61701081,11113,250,-1,-1,1,634,81.2,0,-1.0,0,0,0,639,359
5057,61714,61712186,11105,250,-1,-1,1,526,81.6,0,-1.0,0,0,0,639,359
5058,61724,61723298,11112,250,-1,-1,1,526,82.0,0,-1.0,0,0,0,639,359
5059,61735,61734403,11105,250,-1,-1,1,528,82.4,1,-1.0,0,0,0,639,359
5060,61746,61745518,11115,250,-1,-1,1,542,82.7,0,-1.0,0,0,0,639,359
5061,61757,61756624,11106,250,-1,-1,1,536,83.0,0,-1.0,0,0,0,639,359
5062,61769,61767738,11114,250,-1,-1,1,631,83.3,0,-1.0,0,0,0,639,359
5063,61780,61778840,11102,250,-1,-1,1,525,83.6,0,-1.0,0,0,0,639,359
5064,61791,61789953,11113,250,-1,-1,1,626,83.9,0,-1.0,0,0,0,639,359
5065,61802,61801065,11112,250,-1,-1,1,525,84.1,0,-1.0,0,0,0,639,359
5066,61813,61812169,11104,250,-1,-1,1,525,84.1,0,-1.0,0,0,0,639,359
5067,61824,61823279,11110,250,-1,-1,1,525,84.3,0,-1.0,0,0,0,639,359
5068,61835,61834390,11111,250,-1,-1,1,524,84.5,1,-1.0,0,0,0,639,359
5069,61846,61845497,11107,250,-1,-1,1,547,84.7,0,-1.0,0,0,0,639,359
5070,61857,61856608,11111,250,-1,-1,1,542,84.8,0,-1.0,0,0,0,639,359
5071,61869,61867712,11104,250,-1,-1,1,630,85.0,0,-1.0,0,0,0,639,359
5072,61880,61878829,11117,250,-1,-1,1,540,85.2,0,-1.0,0,0,0,639,359
5073,61891,61889932,11103,250,-1,-1,1,627,85.3,0,-1.0,0,0,0,639,359
5074,61902,61901046,11114,250,-1,-1,1,526,85.5,0,-1.0,0,0,0,639,359
5075,61913,61912148,11102,250,-1,-1,1,525,85.6,0,-1.0,0,0,0,639,359
5076,61924,61923264,11116,250,-1,-1,1,524,85.5,0,-1.0,0,0,0,639,359
5077,61935,61934372,11108,250,-1,-1,1,526,85.7,1,-1.0,0,0,0,639,359
5078,61946,61945486,11114,250,-1,-1,1,546,85.8,0,-1.0,0,0,0,639,359
5079,61957,61956588,11102,250,-1,-1,1,548,85.9,0,-1.0,0,0,0,639,359
5080,61969,61967702,11114,250,-1,-1,1,634,86.0,0,-1.0,0,0,0,639,359
5081,61980,61978808,11106,250,-1,-1,1,541,86.1,0,-1.0,0,0,0,639,359
5082,61991,61989918,11110,250,-1,-1,1,628,86.2,0,-1.0,0,0,0,639,359
5083,62002,62001023,11105,250,-1,-1,1,527,86.3,0,-1.0,0,0,0,639,359
5084,62013,62012137,11114,250,-1,-1,1,526,86.4,0,-1.0,0,0,0,639,359
5085,62024,62023240,11103,250,-1,-1,1,528,86.3,0,-1.0,0,0,0,639,359
5086,62035,62034352,11112,250,-1,-1,1,525,86.4,1,-1.0,0,0,0,639,359
5087,62046,62045463,11111,250,-1,-1,1,548,86.5,0,-1.0,0,0,0,639,359
5088,62057,62056578,11115,250,-1,-1,1,546,86.6,0,-1.0,0,0,0,639,359
5089,62069,62067679,11101,250,-1,-1,1,629,86.7,0,-1.0,0,0,0,639,359
5090,62080,62078795,11116,250,-1,-1,1,532,86.7,0,-1.0,0,0,0,639,359
5091,62091,62089899,11104,250,-1,-1,1,634,86.8,0,-1.0,0,0,0,639,359
5092,62102,62101009,11110,250,-1,-1,1,525,86.9,0,-1.0,0,0,0,639,359
5093,62113,62112115,11106,250,-1,-1,1,525,87.0,0,-1.0,0,0,0,639,359
5094,62124,62123226,11111,250,-1,-1,1,527,86.9,0,-1.0,0,0,0,639,359
5095,62135,62134335,11109,250,-1,-1,1,527,87.0,1,-1.0,0,0,0,639,359
5096,62146,62145447,11112,250,-1,-1,1,531,87.0,0,-1.0,0,0,0,639,359
5097,62157,62156556,11109,250,-1,-1,1,549,87.1,0,-1.0,0,0,0,639,359
5098,62169,62167664,11108,250,-1,-1,1,631,87.1,0,-1.0,0,0,0,639,359
5099,62180,62178774,11110,250,-1,-1,1,526,87.2,0,-1.0,0,0,0,639,359
5100,62191,62189888,11114,250,-1,-1,1,633,87.3,0,-1.0,0,0,0,639,359
5101,62202,62200989,11101,250,-1,-1,1,525,87.3,0,-1.0,0,0,0,639,359
5102,62213,62212101,11112,250,-1,-1,1,525,87.4,0,-1.0,0,0,0,639,359
5103,62224,62223210,11109,250,-1,-1,1,525,87.3,0,-1.0,0,0,0,639,359
5104,62235,62234319,11109,250,-1,-1,1,525,87.4,1,-1.0,0,0,0,639,359
5105,62246,62245429,11110,250,-1,-1,1,546,87.4,0,-1.0,0,0,0,639,359
5106,62257,62256540,11111,250,-1,-1,1,545,87.5,0,-1.0,0,0,0,639,359
5107,62268,62267645,11105,250,-1,-1,1,632,87.5,0,-1.0,0,0,0,639,359
5108,62280,62278762,11117,250,-1,-1,1,525,87.5,0,-1.0,0,0,0,639,359
5109,62291,62289865,11103,250,-1,-1,1,630,87.6,0,-1.0,0,0,0,639,359
5110,62302,62300977,11112,250,-1,-1,1,528,87.6,0,-1.0,0,0,0,639,359
5111,62313,62312080,11103,250,-1,-1,1,528,87.7,0,-1.0,0,0,0,639,359
5112,62324,62323191,11111,250,-1,-1,1,527,87.6,0,-1.0,0,0,0,639,359
5113,62335,62334303,11112,250,-1,-1,1,526,87.7,1,-1.0,0,0,0,639,359
5114,62346,62345413,11110,250,-1,-1,1,545,87.7,0,-1.0,0,0,0,639,359
5115,62357,62356519,11106,250,-1,-1,1,546,87.7,0,-1.0,0,0,0,639,359
5116,62368,62367630,11111,250,-1,-1,1,634,87.8,0,-1.0,0,0,0,639,359
5117,62380,62378740,11110,250,-1,-1,1,528,87.8,0,-1.0,0,0,0,639,359
5118,62391,62389853,11113,250,-1,-1,1,633,87.9,0,-1.0,0,0,0,639,359
5119,62402,62400956,11103,250,-1,-1,1,525,87.9,0,-1.0,0,0,0,639,359
5120,62413,62412068,11112,250,-1,-1,1,527,87.9,0,-1.0,0,0,0,639,359
5121,62424,62423177,11109,250,-1,-1,1,524,87.9,0,-1.0,0,0,0,639,359
5122,62435,62434283,11106,250,-1,-1,1,527,87.9,1,-1.0,0,0,0,639,359
5123,62446,62445396,11113,250,-1,-1,1,530,87.9,0,-1.0,0,0,0,639,359
5124,62457,62456507,11111,250,-1,-1,1,528,88.0,0,-1.0,0,0,0,639,359
5125,62468,62467611,11104,250,-1,-1,1,629,88.0,0,-1.0,0,0,0,639,359
5126,62506,62500932,33321,250,-1,-1,1,588,26.3,0,-1.0,0,0,0,639,359
5127,62513,62512050,11118,250,-1,-1,1,526,45.5,0,-1.0,0,0,0,639,359
5128,62524,62523157,11107,250,-1,-1,1,524,54.5,0,-1.0,0,0,0,639,359
5129,62535,62534268,11111,250,-1,-1,1,525,59.7,0,-1.0,0,0,0,639,359
5130,62597,62545374,11106,250,-1,-1,1,1182,38.8,0,-1.0,0,0,0,639,359
5131,62599,62589800,44426,250,-1,-1,1,608,46.2,1,-1.0,0,0,0,639,359
5132,62602,62600923,11123,250,-1,-1,1,631,52.6,0,-1.0,0,0,0,639,359
5133,62613,62612038,11115,250,-1,-1,1,528,55.6,0,-1.0,0,0,0,639,359
5134,62624,62623137,11099,250,-1,-1,1,550,58.1,0,-1.0,0,0,0,639,359
5135,62635,62634387,11250,250,-1,-1,1,631,59.9,0,-1.0,0,0,0,639,359
5136,62646,62645360,10973,250,-1,-1,1,526,61.8,0,-1.0,0,0,0,639,359
5137,62657,62656476,11116,250,-1,-1,1,543,63.5,0,-1.0,0,0,0,639,359
5138,62668,62667582,11106,250,-1,-1,1,544,65.0,0,-1.0,0,0,0,639,359
5139,62680,62678689,11107,250,-1,-1,1,635,66.4,0,-1.0,0,0,0,639,359
5140,62691,62689795,11106,250,-1,-1,1,528,67.6,1,-1.0,0,0,0,639,359
5141,62702,62700908,11113,250,-1,-1,1,627,68.7,0,-1.0,0,0,0,639,359
5142,62713,62712018,11110,250,-1,-1,1,539,69.7,0,-1.0,0,0,0,639,359
5143,62724,62723128,11110,250,-1,-1,1,535,70.6,0,-1.0,0,0,0,639,359
5144,62735,62734232,11104,250,-1,-1,1,628,71.2,0,-1.0,0,0,0,639,359
5145,62746,62745340,11108,250,-1,-1,1,526,71.9,0,-1.0,0,0,0,639,359
5146,62757,62756453,11113,250,-1,-1,1,628,72.7,0,-1.0,0,0,0,639,359
5147,62768,62767566,11113,250,-1,-1,1,527,73.3,0,-1.0,0,0,0,639,359
5148,62780,62778669,11103,250,-1,-1,1,528,74.0,0,-1.0,0,0,0,639,359
5149,62791,62789780,11111,250,-1,-1,1,526,74.5,1,-1.0,0,0,0,639,359
5150,62802,62800890,11110,250,-1,-1,1,547,75.1,0,-1.0,0,0,0,639,359
5151,62813,62812004,11114,250,-1,-1,1,547,75.6,0,-1.0,0,0,0,639,359
5152,62824,62823106,11102,250,-1,-1,1,632,75.8,0,-1.0,0,0,0,639,359
5153,62835,62834222,11116,250,-1,-1,1,524,76.3,0,-1.0,0,0,0,639,359
5154,62846,62845328,11106,250,-1,-1,1,633,76.7,0,-1.0,0,0,0,639,359
5155,62857,62856434,11106,250,-1,-1,1,677,77.1,0,-1.0,0,0,0,639,359
5156,62868,62867543,11109,250,-1,-1,1,527,77.5,0,-1.0,0,0,0,639,359
5157,62879,62878650,11107,250,-1,-1,1,528,77.9,0,-1.0,0,0,0,639,359
5158,62891,62889762,11112,250,-1,-1,1,527,78.2,1,-1.0,0,0,0,639,359
5159,62902,62900874,11112,250,-1,-1,1,530,78.5,0,-1.0,0,0,0,639,359
5160,62913,62911982,11108,250,-1,-1,1,527,78.8,0,-1.0,0,0,0,639,359
5161,62924,62923093,11111,250,-1,-1,1,629,78.9,0,-1.0,0,0,0,639,359
5162,62935,62934205,11112,250,-1,-1,1,525,79.2,0,-1.0,0,0,0,639,359
5163,62946,62945310,11105,250,-1,-1,1,630,79.5,0,-1.0,0,0,0,639,359
5164,62957,62956418,11108,250,-1,-1,1,527,79.8,0,-1.0,0,0,0,639,359
5165,62968,62967527,11109,250,-1,-1,1,527,80.0,0,-1.0,0,0,0,639,359
5166,62979,62978633,11106,250,-1,-1,1,526,80.2,0,-1.0,0,0,0,639,359
5167,62991,62989747,11114,250,-1,-1,1,526,80.5,1,-1.0,0,0,0,639,359
5168,63002,63000855,11108,250,-1,-1,1,544,80.7,0,-1.0,0,0,0,639,359
5169,63013,63011967,11112,250,-1,-1,1,543,80.9,0,-1.0,0,0,0,639,359
5170,63024,63023072,11105,250,-1,-1,1,630,80.9,0,-1.0,0,0,0,639,359
5171,63035,63034184,11112,250,-1,-1,1,528,81.1,0,-1.0,0,0,0,639,359
5172,63046,63045290,11106,250,-1,-1,1,624,81.3,0,-1.0,0,0,0,639,359
5173,63057,63056401,11111,250,-1,-1,1,527,81.5,0,-1.0,0,0,0,639,359
5174,63068,63067509,11108,250,-1,-1,1,527,81.7,0,-1.0,0,0,0,639,359
5175,63079,63078619,11110,250,-1,-1,1,527,81.8,0,-1.0,0,0,0,639,359
5176,63091,63089728,11109,250,-1,-1,1,528,82.0,1,-1.0,0,0,0,639,359
5177,63102,63100841,11113,250,-1,-1,1,546,82.1,0,-1.0,0,0,0,639,359
5178,63113,63111949,11108,250,-1,-1,1,548,82.3,0,-1.0,0,0,0,639,359
5179,63124,63123059,11110,250,-1,-1,1,632,82.3,0,-1.0,0,0,0,639,359
5180,63135,63134168,11109,250,-1,-1,1,526,82.5,0,-1.0,0,0,0,639,359
5181,63146,63145281,11113,250,-1,-1,1,633,82.6,0,-1.0,0,0,0,639,359
5182,63157,63156385,11104,250,-1,-1,1,526,82.7,0,-1.0,0,0,0,639,359
5183,63168,63167495,11110,250,-1,-1,1,525,82.9,0,-1.0,0,0,0,639,359
5184,63179,63178598,11103,250,-1,-1,1,529,83.0,0,-1.0,0,0,0,639,359
5185,63191,63189711,11113,250,-1,-1,1,527,83.1,1,-1.0,0,0,0,639,359
5186,63202,63200822,11111,250,-1,-1,1,535,83.2,0,-1.0,0,0,0,639,359
5187,63213,63211933,11111,250,-1,-1,1,531,83.3,0,-1.0,0,0,0,639,359
5188,63224,63223082,11149,250,-1,-1,1,632,83.3,0,-1.0,0,0,0,639,359
5189,63235,63234153,11071,250,-1,-1,1,525,83.4,0,-1.0,0,0,0,639,359
5190,63246,63245257,11104,250,-1,-1,1,632,83.5,0,-1.0,0,0,0,639,359
5191,63257,63256366,11109,250,-1,-1,1,529,83.7,0,-1.0,0,0,0,639,359
5192,63268,63267474,11108,250,-1,-1,1,527,83.8,0,-1.0,0,0,0,639,359
5193,63279,63278585,11111,250,-1,-1,1,526,83.8,0,-1.0,0,0,0,639,359
5194,63291,63289691,11106,250,-1,-1,1,526,83.9,1,-1.0,0,0,0,639,359
5195,63302,63300807,11116,250,-1,-1,1,544,84.0,0,-1.0,0,0,0,639,359
5196,63313,63311912,11105,250,-1,-1,1,545,84.1,0,-1.0,0,0,0,639,359
5197,63324,63323060,11148,250,-1,-1,1,630,84.1,0,-1.0,0,0,0,639,359
5198,63336,63334131,11071,250,-1,-1,1,526,84.2,0,-1.0,0,0,0,639,359
5199,63346,63345242,11111,250,-1,-1,1,625,84.3,0,-1.0,0,0,0,639,359
5200,63357,63356444,11202,250,-1,-1,1,525,84.4,0,-1.0,0,0,0,639,359
5201,63368,63367456,11012,250,-1,-1,1,524,84.4,0,-1.0,0,0,0,639,359
5202,63379,63378566,11110,250,-1,-1,1,528,84.5,0,-1.0,0,0,0,639,359
5203,63390,63389679,11113,250,-1,-1,1,526,84.6,1,-1.0,0,0,0,639,359
5204,63402,63400785,11106,250,-1,-1,1,546,84.7,0,-1.0,0,0,0,639,359
5205,63413,63411898,11113,250,-1,-1,1,545,84.7,0,-1.0,0,0,0,639,359
5206,63424,63423067,11169,250,-1,-1,1,628,84.7,0,-1.0,0,0,0,639,359
5207,63435,63434116,11049,250,-1,-1,1,526,84.8,0,-1.0,0,0,0,639,359
5208,63446,63445222,11106,250,-1,-1,1,632,84.9,0,-1.0,0,0,0,639,359
5209,63457,63456333,11111,250,-1,-1,1,525,84.9,0,-1.0,0,0,0,639,359
5210,63468,63467439,11106,250,-1,-1,1,527,85.0,0,-1.0,0,0,0,639,359
5211,63484,63478554,11115,250,-1,-1,1,524,62.5,0,-1.0,0,0,0,639,359
5212,63490,63489657,11103,250,-1,-1,1,528,90.9,1,-1.0,0,0,0,639,359
5213,63502,63500772,11115,250,-1,-1,1,543,90.9,0,-1.0,0,0,0,639,359
5214,63513,63511879,11107,250,-1,-1,1,538,90.9,0,-1.0,0,0,0,639,359
5215,63524,63522990,11111,250,-1,-1,1,629,90.9,0,-1.0,0,0,0,639,359
5216,63535,63534097,11107,250,-1,-1,1,632,89.6,0,-1.0,0,0,0,639,359
5217,63547,63545208,11111,250,-1,-1,1,523,89.7,0,-1.0,0,0,0,639,359
5218,63557,63556313,11105,250,-1,-1,1,526,89.9,0,-1.0,0,0,0,639,359
5219,63568,63567421,11108,250,-1,-1,1,527,90.0,0,-1.0,0,0,0,639,359
5220,63641,63578529,11108,250,-1,-1,1,632,58.1,0,-1.0,0,0,0,639,359
5221,63641,63634067,55538,250,-1,-1,1,1178,63.2,1,-1.0,0,0,0,639,359
5222,63646,63645197,11130,250,-1,-1,1,628,67.4,0,-1.0,0,0,0,639,359
5223,63657,63656301,11104,250,-1,-1,1,541,68.8,0,-1.0,0,0,0,639,359
5224,63668,63667404,11103,250,-1,-1,1,527,70.0,0,-1.0,0,0,0,639,359
5225,63679,63678519,11115,250,-1,-1,1,631,71.1,0,-1.0,0,0,0,639,359
5226,63690,63689625,11106,250,-1,-1,1,525,72.1,0,-1.0,0,0,0,639,359
5227,63702,63700738,11113,250,-1,-1,1,543,73.0,0,-1.0,0,0,0,639,359
5228,63713,63711848,11110,250,-1,-1,1,528,73.8,0,-1.0,0,0,0,639,359
5229,63724,63722953,11105,250,-1,-1,1,632,74.5,0,-1.0,0,0,0,639,359
5230,63735,63734232,11279,250,-1,-1,1,629,74.9,1,-1.0,0,0,0,639,359
5231,63746,63745178,10946,250,-1,-1,1,525,75.5,0,-1.0,0,0,0,639,359
5232,63757,63756279,11101,250,-1,-1,1,546,76.1,0,-1.0,0,0,0,639,359
5233,63768,63767391,11112,250,-1,-1,1,542,76.7,0,-1.0,0,0,0,639,359
5234,63779,63778500,11109,250,-1,-1,1,625,77.2,0,-1.0,0,0,0,639,359
5235,63790,63789608,11108,250,-1,-1,1,526,77.6,0,-1.0,0,0,0,639,359
5236,63802,63800716,11108,250,-1,-1,1,630,78.1,0,-1.0,0,0,0,639,359
5237,63813,63811829,11113,250,-1,-1,1,529,78.5,0,-1.0,0,0,0,639,359
5238,63824,63822934,11105,250,-1,-1,1,524,78.9,0,-1.0,0,0,0,639,359
5239,63835,63834043,11109,250,-1,-1,1,525,79.2,1,-1.0,0,0,0,639,359
5240,63846,63845158,11115,250,-1,-1,1,544,79.4,0,-1.0,0,0,0,639,359
5241,63857,63856269,11111,250,-1,-1,1,547,79.7,0,-1.0,0,0,0,639,359
5242,63868,63867442,11173,250,-1,-1,1,628,80.0,0,-1.0,0,0,0,639,359
5243,63880,63878487,11045,250,-1,-1,1,525,80.3,0,-1.0,0,0,0,639,359
5244,63890,63889592,11105,250,-1,-1,1,632,80.6,0,-1.0,0,0,0,639,359
5245,63902,63900703,11111,250,-1,-1,1,527,80.8,0,-1.0,0,0,0,639,359
5246,63913,63911807,11104,250,-1,-1,1,527,81.1,0,-1.0,0,0,0,639,359
5247,63924,63922916,11109,250,-1,-1,1,529,81.3,0,-1.0,0,0,0,639,359
5248,63935,63934024,11108,250,-1,-1,1,528,81.5,1,-1.0,0,0,0,639,359
5249,63946,63945144,11120,250,-1,-1,1,544,81.6,0,-1.0,0,0,0,639,359
5250,63957,63956249,11105,250,-1,-1,1,545,81.8,0,-1.0,0,0,0,639,359
5251,63968,63967391,11142,250,-1,-1,1,632,82.0,0,-1.0,0,0,0,639,359
5252,63980,63978462,11071,250,-1,-1,1,527,82.2,0,-1.0,0,0,0,639,359
5253,63990,63989578,11116,250,-1,-1,1,626,82.4,0,-1.0,0,0,0,639,359
5254,64001,64000681,11103,250,-1,-1,1,525,82.6,0,-1.0,0,0,0,639,359
5255,64013,64011792,11111,250,-1,-1,1,527,82.7,0,-1.0,0,0,0,639,359
5256,64024,64022901,11109,250,-1,-1,1,526,82.9,0,-1.0,0,0,0,639,359
5257,64035,64034014,11113,250,-1,-1,1,526,83.0,1,-1.0,0,0,0,639,359
5258,64046,64045121,11107,250,-1,-1,1,530,83.2,0,-1.0,0,0,0,639,359
5259,64057,64056235,11114,250,-1,-1,1,528,83.2,0,-1.0,0,0,0,639,359
5260,64068,64067365,11130,250,-1,-1,1,629,83.3,0,-1.0,0,0,0,639,359
5261,64080,64078455,11090,250,-1,-1,1,526,83.5,0,-1.0,0,0,0,639,359
5262,64090,64089560,11105,250,-1,-1,1,631,83.6,0,-1.0,0,0,0,639,359
5263,64101,64100668,11108,250,-1,-1,1,528,83.7,0,-1.0,0,0,0,639,359
5264,64113,64111774,11106,250,-1,-1,1,525,83.9,0,-1.0,0,0,0,639,359
5265,64124,64122882,11108,250,-1,-1,1,525,84.0,0,-1.0,0,0,0,639,359
5266,64135,64133991,11109,250,-1,-1,1,528,84.1,1,-1.0,0,0,0,639,359
5267,64146,64145108,11117,250,-1,-1,1,542,84.1,0,-1.0,0,0,0,639,359
5268,64157,64156215,11107,250,-1,-1,1,534,84.2,0,-1.0,0,0,0,639,359
5269,64168,64167372,11157,250,-1,-1,1,634,84.3,0,-1.0,0,0,0,639,359
5270,64180,64178433,11061,250,-1,-1,1,525,84.4,0,-1.0,0,0,0,639,359
5271,64190,64189543,11110,250,-1,-1,1,630,84.5,0,-1.0,0,0,0,639,359
5272,64201,64200644,11101,250,-1,-1,1,528,84.6,0,-1.0,0,0,0,639,359
5273,64213,64211759,11115,250,-1,-1,1,526,84.7,0,-1.0,0,0,0,639,359
5274,64224,64222867,11108,250,-1,-1,1,526,84.8,0,-1.0,0,0,0,639,359
5275,64235,64233977,11110,250,-1,-1,1,526,84.9,1,-1.0,0,0,0,639,359
5276,64246,64245087,11110,250,-1,-1,1,544,84.9,0,-1.0,0,0,0,639,359
5277,64257,64256196,11109,250,-1,-1,1,549,84.9,0,-1.0,0,0,0,639,359
5278,64268,64267378,11182,250,-1,-1,1,631,85.0,0,-1.0,0,0,0,639,359
5279,64281,64278414,11036,250,-1,-1,1,525,84.9,0,-1.0,0,0,0,639,359
5280,64290,64289527,11113,250,-1,-1,1,632,85.2,0,-1.0,0,0,0,639,359
5281,64302,64300709,11182,250,-1,-1,1,527,85.2,0,-1.0,0,0,0,639,359
5282,64313,64311741,11032,250,-1,-1,1,527,85.3,0,-1.0,0,0,0,639,359
5283,64324,64322848,11107,250,-1,-1,1,527,85.4,0,-1.0,0,0,0,639,359
5284,64335,64333956,11108,250,-1,-1,1,528,85.5,1,-1.0,0,0,0,639,359
5285,64346,64345074,11118,250,-1,-1,1,548,85.5,0,-1.0,0,0,0,639,359
5286,64357,64356181,11107,250,-1,-1,1,546,85.5,0,-1.0,0,0,0,639,359
5287,64368,64367329,11148,250,-1,-1,1,631,85.6,0,-1.0,0,0,0,639,359
5288,64380,64378399,11070,250,-1,-1,1,524,85.6,0,-1.0,0,0,0,639,359
5289,64390,64389509,11110,250,-1,-1,1,628,85.7,0,-1.0,0,0,0,639,359
5290,64401,64400616,11107,250,-1,-1,1,525,85.7,0,-1.0,0,0,0,639,359
5291,64413,64411722,11106,250,-1,-1,1,526,85.8,0,-1.0,0,0,0,639,359
5292,64424,64422832,11110,250,-1,-1,1,527,85.9,0,-1.0,0,0,0,639,359
5293,64435,64433939,11107,250,-1,-1,1,527,85.9,1,-1.0,0,0,0,639,359
5294,64446,64445052,11113,250,-1,-1,1,535,86.0,0,-1.0,0,0,0,639,359
5295,64457,64456165,11113,250,-1,-1,1,532,85.9,0,-1.0,0,0,0,639,359
5296,64468,64467304,11139,250,-1,-1,1,631,86.0,0,-1.0,0,0,0,639,359
5297,64506,64500592,33288,250,-1,-1,1,638,26.3,0,-1.0,0,0,0,639,359
5298,64513,64511712,11120,250,-1,-1,1,525,45.5,0,-1.0,0,0,0,639,359
5299,64524,64522819,11107,250,-1,-1,1,525,54.5,0,-1.0,0,0,0,639,359
5300,64535,64533925,11106,250,-1,-1,1,526,60.6,0,-1.0,0,0,0,639,359
5301,64546,64545032,11107,250,-1,-1,1,526,64.9,0,-1.0,0,0,0,639,359
5302,64557,64556139,11107,250,-1,-1,1,527,68.2,1,-1.0,0,0,0,639,359
5303,64568,64567256,11117,250,-1,-1,1,543,70.0,0,-1.0,0,0,0,639,359
5304,64579,64578363,11107,250,-1,-1,1,537,72.1,0,-1.0,0,0,0,639,359
5305,64590,64589530,11167,250,-1,-1,1,651,73.8,0,-1.0,0,0,0,639,359
5306,64602,64600580,11050,250,-1,-1,1,525,75.2,0,-1.0,0,0,0,639,359
5307,64613,64611690,11110,250,-1,-1,1,628,76.4,0,-1.0,0,0,0,639,359
5308,64624,64622883,11193,250,-1,-1,1,526,77.4,0,-1.0,0,0,0,639,359
5309,64635,64633906,11023,250,-1,-1,1,526,78.3,0,-1.0,0,0,0,639,359
5310,64720,64645016,11110,250,-1,-1,1,638,55.6,0,-1.0,0,0,0,639,359
5311,64721,64711656,66640,250,-1,-1,1,605,59.3,1,-1.0,0,0,0,639,359
5312,64724,64722779,11123,250,-1,-1,1,626,62.5,0,-1.0,0,0,0,639,359
5313,64735,64733892,11113,250,-1,-1,1,541,63.9,0,-1.0,0,0,0,639,359
5314,64746,64745001,11109,250,-1,-1,1,526,65.0,0,-1.0,0,0,0,639,359
5315,64757,64756108,11107,250,-1,-1,1,525,66.0,0,-1.0,0,0,0,639,359
5316,64768,64767221,11113,250,-1,-1,1,525,66.7,0,-1.0,0,0,0,639,359
5317,64779,64778324,11103,250,-1,-1,1,526,67.5,0,-1.0,0,0,0,639,359
5318,64790,64789437,11113,250,-1,-1,1,644,68.3,0,-1.0,0,0,0,639,359
5319,64801,64800549,11112,250,-1,-1,1,545,69.1,0,-1.0,0,0,0,639,359
5320,64813,64811660,11111,250,-1,-1,1,544,69.8,1,-1.0,0,0,0,639,359
5321,64824,64822768,11108,250,-1,-1,1,633,70.4,0,-1.0,0,0,0,639,359
5322,64835,64833876,11108,250,-1,-1,1,528,71.0,0,-1.0,0,0,0,639,359
5323,64846,64844985,11109,250,-1,-1,1,632,71.6,0,-1.0,0,0,0,639,359
5324,64857,64856094,11109,250,-1,-1,1,546,72.2,0,-1.0,0,0,0,639,359
5325,64868,64867203,11109,250,-1,-1,1,541,72.5,0,-1.0,0,0,0,639,359
5326,64879,64878313,11110,250,-1,-1,1,625,73.0,0,-1.0,0,0,0,639,359
5327,64891,64889420,11107,250,-1,-1,1,525,73.5,0,-1.0,0,0,0,639,359
5328,64901,64900530,11110,250,-1,-1,1,629,73.9,0,-1.0,0,0,0,639,359
5329,64912,64911640,11110,250,-1,-1,1,538,74.3,1,-1.0,0,0,0,639,359
5330,64924,64922749,11109,250,-1,-1,1,533,74.7,0,-1.0,0,0,0,639,359
5331,64935,64933856,11107,250,-1,-1,1,529,75.1,0,-1.0,0,0,0,639,359
5332,64946,64944967,11111,250,-1,-1,1,628,75.5,0,-1.0,0,0,0,639,359
5333,64957,64956079,11112,250,-1,-1,1,633,75.7,0,-1.0,0,0,0,639,359
5334,64968,64967189,11110,250,-1,-1,1,525,76.0,0,-1.0,0,0,0,639,359
5335,64979,64978291,11102,250,-1,-1,1,524,76.3,0,-1.0,0,0,0,639,359
5336,64990,64989402,11111,250,-1,-1,1,525,76.6,0,-1.0,0,0,0,639,359
5337,65001,65000513,11111,250,-1,-1,1,527,76.9,0,-1.0,0,0,0,639,359
5338,65012,65011622,11109,250,-1,-1,1,526,77.2,1,-1.0,0,0,0,639,359
5339,65024,65022730,11108,250,-1,-1,1,545,77.5,0,-1.0,0,0,0,639,359
5340,65035,65033842,11112,250,-1,-1,1,544,77.7,0,-1.0,0,0,0,639,359
5341,65046,65045013,11171,250,-1,-1,1,630,77.9,0,-1.0,0,0,0,639,359
5342,65057,65056062,11049,250,-1,-1,1,526,78.2,0,-1.0,0,0,0,639,359
5343,65068,65067166,11104,250,-1,-1,1,628,78.3,0,-1.0,0,0,0,639,359
5344,65080,65078276,11110,250,-1,-1,1,526,78.6,0,-1.0,0,0,0,639,359
5345,65090,65089384,11108,250,-1,-1,1,544,78.8,0,-1.0,0,0,0,639,359
5346,65101,65100493,11109,250,-1,-1,1,528,79.0,0,-1.0,0,0,0,639,359
5347,65112,65111599,11106,250,-1,-1,1,524,79.2,1,-1.0,0,0,0,639,359
5348,65124,65122720,11121,250,-1,-1,1,545,79.4,0,-1.0,0,0,0,639,359
5349,65135,65133825,11105,250,-1,-1,1,548,79.6,0,-1.0,0,0,0,639,359
5350,65146,65144992,11167,250,-1,-1,1,630,79.8,0,-1.0,0,0,0,639,359
5351,65157,65156043,11051,250,-1,-1,1,528,79.9,0,-1.0,0,0,0,639,359
5352,65168,65167152,11109,250,-1,-1,1,634,80.0,0,-1.0,0,0,0,639,359
5353,65179,65178260,11108,250,-1,-1,1,527,80.2,0,-1.0,0,0,0,639,359
5354,65190,65189368,11108,250,-1,-1,1,539,80.3,0,-1.0,0,0,0,639,359
5355,65201,65200477,11109,250,-1,-1,1,528,80.5,0,-1.0,0,0,0,639,359
5356,65212,65211589,11112,250,-1,-1,1,527,80.6,1,-1.0,0,0,0,639,359
5357,65224,65222697,11108,250,-1,-1,1,546,80.8,0,-1.0,0,0,0,639,359
5358,65235,65233807,11110,250,-1,-1,1,546,80.9,0,-1.0,0,0,0,639,359
5359,65246,65244997,11190,250,-1,-1,1,634,81.1,0,-1.0,0,0,0,639,359
5360,65257,65256031,11034,250,-1,-1,1,526,81.2,0,-1.0,0,0,0,639,359
5361,65268,65267133,11102,250,-1,-1,1,631,81.2,0,-1.0,0,0,0,639,359
5362,65279,65278242,11109,250,-1,-1,1,527,81.4,0,-1.0,0,0,0,639,359
5363,65290,65289348,11106,250,-1,-1,1,534,81.5,0,-1.0,0,0,0,639,359
5364,65301,65300460,11112,250,-1,-1,1,526,81.6,0,-1.0,0,0,0,639,359
5365,65312,65311565,11105,250,-1,-1,1,526,81.8,1,-1.0,0,0,0,639,359
5366,65324,65322683,11118,250,-1,-1,1,528,81.9,0,-1.0,0,0,0,639,359
5367,65335,65333787,11104,250,-1,-1,1,527,82.0,0,-1.0,0,0,0,639,359
5368,65346,65344976,11189,250,-1,-1,1,633,82.1,0,-1.0,0,0,0,639,359
5369,65357,65356009,11033,250,-1,-1,1,526,82.2,0,-1.0,0,0,0,639,359
5370,65368,65367121,11112,250,-1,-1,1,634,82.2,0,-1.0,0,0,0,639,359
5371,65379,65378226,11105,250,-1,-1,1,525,82.3,0,-1.0,0,0,0,639,359
5372,65390,65389332,11106,250,-1,-1,1,525,82.4,0,-1.0,0,0,0,639,359
5373,65401,65400439,11107,250,-1,-1,1,526,82.5,0,-1.0,0,0,0,639,359
5374,65412,65411553,11114,250,-1,-1,1,528,82.6,1,-1.0,0,0,0,639,359
5375,65423,65422661,11108,250,-1,-1,1,541,82.7,0,-1.0,0,0,0,639,359
5376,65435,65433772,11111,250,-1,-1,1,536,82.8,0,-1.0,0,0,0,639,359
5377,65446,65444952,11180,250,-1,-1,1,626,82.9,0,-1.0,0,0,0,639,359
5378,65457,65455992,11040,250,-1,-1,1,526,83.0,0,-1.0,0,0,0,639,359
5379,65468,65467098,11106,250,-1,-1,1,629,83.0,0,-1.0,0,0,0,639,359
5380,65487,65478212,11114,250,-1,-1,1,529,52.6,0,-1.0,0,0,0,639,359
5381,65490,65489308,11096,250,-1,-1,1,526,90.9,0,-1.0,0,0,0,639,359
5382,65501,65500427,11119,250,-1,-1,1,526,90.9,0,-1.0,0,0,0,639,359
5383,65512,65511532,11105,250,-1,-1,1,527,90.9,1,-1.0,0,0,0,639,359
5384,65523,65522650,11118,250,-1,-1,1,548,90.9,0,-1.0,0,0,0,639,359
5385,65535,65533757,11107,250,-1,-1,1,545,90.9,0,-1.0,0,0,0,639,359
5386,65546,65544930,11173,250,-1,-1,1,636,90.9,0,-1.0,0,0,0,639,359
5387,65557,65555974,11044,250,-1,-1,1,525,90.9,0,-1.0,0,0,0,639,359
5388,65568,65567086,11112,250,-1,-1,1,632,90.0,0,-1.0,0,0,0,639,359
5389,65579,65578256,11170,250,-1,-1,1,529,90.1,0,-1.0,0,0,0,639,359
5390,65590,65589298,11042,250,-1,-1,1,526,90.2,0,-1.0,0,0,0,639,359
5391,65601,65600405,11107,250,-1,-1,1,527,90.2,0,-1.0,0,0,0,639,359
5392,65612,65611516,11111,250,-1,-1,1,528,90.3,1,-1.0,0,0,0,639,359
5393,65623,65622630,11114,250,-1,-1,1,531,90.3,0,-1.0,0,0,0,639,359
5394,65635,65633740,11110,250,-1,-1,1,529,90.4,0,-1.0,0,0,0,639,359
5395,65646,65644909,11169,250,-1,-1,1,625,90.4,0,-1.0,0,0,0,639,359
5396,65657,65655962,11053,250,-1,-1,1,527,90.4,0,-1.0,0,0,0,639,359
5397,65668,65667063,11101,250,-1,-1,1,632,90.0,0,-1.0,0,0,0,639,359
5398,65679,65678178,11115,250,-1,-1,1,525,90.0,0,-1.0,0,0,0,639,359
5399,65690,65689284,11106,250,-1,-1,1,525,90.1,0,-1.0,0,0,0,639,359
5400,65783,65700395,11111,250,-1,-1,1,666,66.7,0,-1.0,0,0,0,639,359
5401,65784,65778142,77747,250,-1,-1,1,601,69.6,1,-1.0,0,0,0,639,359
5402,65790,65789280,11138,250,-1,-1,1,631,71.4,0,-1.0,0,0,0,639,359
5403,65801,65800375,11095,250,-1,-1,1,525,72.1,0,-1.0,0,0,0,639,359
5404,65812,65811487,11112,250,-1,-1,1,525,72.7,0,-1.0,0,0,0,639,359
5405,65823,65822593,11106,250,-1,-1,1,633,73.2,0,-1.0,0,0,0,639,359
5406,65835,65833708,11115,250,-1,-1,1,526,73.8,0,-1.0,0,0,0,639,359
5407,65846,65844811,11103,250,-1,-1,1,545,74.3,0,-1.0,0,0,0,639,359
5408,65857,65855928,11117,250,-1,-1,1,543,74.7,0,-1.0,0,0,0,639,359
5409,65868,65867029,11101,250,-1,-1,1,629,75.2,0,-1.0,0,0,0,639,359
5410,65879,65878139,11110,250,-1,-1,1,527,75.4,1,-1.0,0,0,0,639,359
5411,65890,65889250,11111,250,-1,-1,1,634,75.8,0,-1.0,0,0,0,639,359
5412,65901,65900365,11115,250,-1,-1,1,536,76.2,0,-1.0,0,0,0,639,359
5413,65912,65911469,11104,250,-1,-1,1,530,76.6,0,-1.0,0,0,0,639,359
5414,65923,65922578,11109,250,-1,-1,1,634,76.9,0,-1.0,0,0,0,639,359
5415,65935,65933686,11108,250,-1,-1,1,527,77.3,0,-1.0,0,0,0,639,359
5416,65946,65944796,11110,250,-1,-1,1,634,77.6,0,-1.0,0,0,0,639,359
5417,65957,65955904,11108,250,-1,-1,1,528,77.9,0,-1.0,0,0,0,639,359
5418,65968,65967012,11108,250,-1,-1,1,525,78.2,0,-1.0,0,0,0,639,359
5419,65979,65978124,11112,250,-1,-1,1,525,78.4,1,-1.0,0,0,0,639,359
5420,65990,65989234,11110,250,-1,-1,1,547,78.5,0,-1.0,0,0,0,639,359
5421,66001,66000343,11109,250,-1,-1,1,545,78.8,0,-1.0,0,0,0,639,359
5422,66012,66011452,11109,250,-1,-1,1,631,79.0,0,-1.0,0,0,0,639,359
5423,66023,66022557,11105,250,-1,-1,1,527,79.3,0,-1.0,0,0,0,639,359
5424,66034,66033669,11112,250,-1,-1,1,632,79.5,0,-1.0,0,0,0,639,359
5425,66046,66044774,11105,250,-1,-1,1,608,79.7,0,-1.0,0,0,0,639,359
5426,66057,66055889,11115,250,-1,-1,1,528,79.9,0,-1.0,0,0,0,639,359
5427,66068,66066993,11104,250,-1,-1,1,525,80.1,0,-1.0,0,0,0,639,359
5428,66079,66078106,11113,250,-1,-1,1,525,80.3,1,-1.0,0,0,0,639,359
5429,66090,66089216,11110,250,-1,-1,1,545,80.4,0,-1.0,0,0,0,639,359
5430,66101,66100330,11114,250,-1,-1,1,546,80.6,0,-1.0,0,0,0,639,359
5431,66112,66111432,11102,250,-1,-1,1,631,80.7,0,-1.0,0,0,0,639,359
5432,66123,66122543,11111,250,-1,-1,1,528,80.9,0,-1.0,0,0,0,639,359
5433,66134,66133650,11107,250,-1,-1,1,629,81.1,0,-1.0,0,0,0,639,359
5434,66146,66144760,11110,250,-1,-1,1,528,81.2,0,-1.0,0,0,0,639,359
5435,66157,66155862,11102,250,-1,-1,1,526,81.4,0,-1.0,0,0,0,639,359
5436,66168,66166978,11116,250,-1,-1,1,527,81.5,0,-1.0,0,0,0,639,359
5437,66179,66178085,11107,250,-1,-1,1,528,81.7,1,-1.0,0,0,0,639,359
5438,66190,66189202,11117,250,-1,-1,1,545,81.7,0,-1.0,0,0,0,639,359
5439,66201,66200306,11104,250,-1,-1,1,546,81.9,0,-1.0,0,0,0,639,359
5440,66212,66211418,11112,250,-1,-1,1,634,82.0,0,-1.0,0,0,0,639,359
5441,66223,66222525,11107,250,-1,-1,1,541,82.1,0,-1.0,0,0,0,639,359
5442,66234,66233634,11109,250,-1,-1,1,631,82.2,0,-1.0,0,0,0,639,359
5443,66246,66244740,11106,250,-1,-1,1,526,82.4,0,-1.0,0,0,0,639,359
5444,66257,66255851,11111,250,-1,-1,1,528,82.5,0,-1.0,0,0,0,639,359
5445,66268,66266957,11106,250,-1,-1,1,529,82.6,0,-1.0,0,0,0,639,359
5446,66279,66278070,11113,250,-1,-1,1,527,82.7,1,-1.0,0,0,0,639,359
5447,66290,66289186,11116,250,-1,-1,1,530,82.7,0,-1.0,0,0,0,639,359
5448,66301,66300290,11104,250,-1,-1,1,528,82.8,0,-1.0,0,0,0,639,359
5449,66312,66311397,11107,250,-1,-1,1,605,82.9,0,-1.0,0,0,0,639,359
5450,66323,66322512,11115,250,-1,-1,1,525,83.0,0,-1.0,0,0,0,639,359
5451,66334,66333618,11106,250,-1,-1,1,635,83.1,0,-1.0,0,0,0,639,359
5452,66346,66344727,11109,250,-1,-1,1,524,83.2,0,-1.0,0,0,0,639,359
5453,66357,66355834,11107,250,-1,-1,1,525,83.3,0,-1.0,0,0,0,639,359
5454,66368,66366944,11110,250,-1,-1,1,528,83.4,0,-1.0,0,0,0,639,359
5455,66379,66378051,11107,250,-1,-1,1,529,83.5,1,-1.0,0,0,0,639,359
5456,66390,66389169,11118,250,-1,-1,1,536,83.5,0,-1.0,0,0,0,639,359
5457,66401,66400276,11107,250,-1,-1,1,529,83.6,0,-1.0,0,0,0,639,359
5458,66412,66411383,11107,250,-1,-1,1,629,83.7,0,-1.0,0,0,0,639,359
5459,66423,66422491,11108,250,-1,-1,1,525,83.8,0,-1.0,0,0,0,639,359
5460,66434,66433600,11109,250,-1,-1,1,632,83.9,0,-1.0,0,0,0,639,359
5461,66446,66444707,11107,250,-1,-1,1,526,83.9,0,-1.0,0,0,0,639,359
5462,66457,66455819,11112,250,-1,-1,1,525,84.0,0,-1.0,0,0,0,639,359
5463,66468,66466924,11105,250,-1,-1,1,526,84.1,0,-1.0,0,0,0,639,359
5464,66479,66478035,11111,250,-1,-1,1,525,84.2,1,-1.0,0,0,0,639,359
5465,66548,66544679,66644,250,-1,-1,1,525,14.7,0,-1.0,0,0,0,639,359
5466,66557,66555801,11122,250,-1,-1,1,527,26.0,0,-1.0,0,0,0,639,359
5467,66568,66566910,11109,250,-1,-1,1,528,34.1,0,-1.0,0,0,0,639,359
5468,66579,66578011,11101,250,-1,-1,1,524,40.4,0,-1.0,0,0,0,639,359
5469,66590,66589129,11118,250,-1,-1,1,527,45.5,0,-1.0,0,0,0,639,359
5470,66601,66600237,11108,250,-1,-1,1,525,49.2,0,-1.0,0,0,0,639,359
5471,66612,66611345,11108,250,-1,-1,1,525,52.6,0,-1.0,0,0,0,639,359
5472,66623,66622454,11109,250,-1,-1,1,528,55.6,0,-1.0,0,0,0,639,359
5473,66634,66633567,11113,250,-1,-1,1,524,58.1,1,-1.0,0,0,0,639,359
5474,66646,66644672,11105,250,-1,-1,1,540,60.2,0,-1.0,0,0,0,639,359
5475,66657,66655787,11115,250,-1,-1,1,533,62.1,0,-1.0,0,0,0,639,359
5476,66668,66666890,11103,250,-1,-1,1,631,63.8,0,-1.0,0,0,0,639,359
5477,66679,66678003,11113,250,-1,-1,1,526,65.3,0,-1.0,0,0,0,639,359
5478,66690,66689115,11112,250,-1,-1,1,632,66.4,0,-1.0,0,0,0,639,359
5479,66701,66700321,11206,250,-1,-1,1,525,67.6,0,-1.0,0,0,0,639,359
5480,66712,66711328,11007,250,-1,-1,1,527,68.7,0,-1.0,0,0,0,639,359
5481,66723,66722439,11111,250,-1,-1,1,526,69.7,0,-1.0,0,0,0,639,359
5482,66734,66733547,11108,250,-1,-1,1,525,70.6,1,-1.0,0,0,0,639,359
5483,66745,66744657,11110,250,-1,-1,1,545,71.4,0,-1.0,0,0,0,639,359
5484,66757,66755769,11112,250,-1,-1,1,538,72.2,0,-1.0,0,0,0,639,359
5485,66768,66766879,11110,250,-1,-1,1,635,72.9,0,-1.0,0,0,0,639,359
5486,66779,66777986,11107,250,-1,-1,1,527,73.6,0,-1.0,0,0,0,639,359
5487,66790,66789098,11112,250,-1,-1,1,631,74.0,0,-1.0,0,0,0,639,359
5488,66801,66800263,11165,250,-1,-1,1,608,74.5,0,-1.0,0,0,0,639,359
5489,66812,66811318,11055,250,-1,-1,1,525,75.1,0,-1.0,0,0,0,639,359
5490,66916,66822420,11102,250,-1,-1,1,610,59.5,0,-1.0,0,0,0,639,359
5491,66917,66911279,88859,250,-1,-1,1,602,61.6,1,-1.0,0,0,0,639,359
5492,66923,66922422,11143,250,-1,-1,1,626,63.1,0,-1.0,0,0,0,639,359
5493,66934,66933513,11091,250,-1,-1,1,526,63.7,0,-1.0,0,0,0,639,359
5494,66945,66944623,11110,250,-1,-1,1,525,64.4,0,-1.0,0,0,0,639,359
5495,66957,66955729,11106,250,-1,-1,1,541,64.9,0,-1.0,0,0,0,639,359
5496,66968,66966845,11116,250,-1,-1,1,629,65.6,0,-1.0,0,0,0,639,359
5497,66979,66977956,11111,250,-1,-1,1,547,66.1,0,-1.0,0,0,0,639,359
5498,66990,66989062,11106,250,-1,-1,1,542,66.7,0,-1.0,0,0,0,639,359
5499,67001,67000171,11109,250,-1,-1,1,639,67.0,0,-1.0,0,0,0,639,359
5500,67012,67011283,11112,250,-1,-1,1,526,67.5,1,-1.0,0,0,0,639,359
5501,67023,67022389,11106,250,-1,-1,1,630,68.0,0,-1.0,0,0,0,639,359
5502,67034,67033498,11109,250,-1,-1,1,531,68.5,0,-1.0,0,0,0,639,359
5503,67045,67044604,11106,250,-1,-1,1,527,68.9,0,-1.0,0,0,0,639,359
5504,67057,67055718,11114,250,-1,-1,1,524,69.3,0,-1.0,0,0,0,639,359
5505,67068,67066830,11112,250,-1,-1,1,631,69.7,0,-1.0,0,0,0,639,359
5506,67079,67077937,11107,250,-1,-1,1,634,70.1,0,-1.0,0,0,0,639,359
5507,67090,67089043,11106,250,-1,-1,1,526,70.5,0,-1.0,0,0,0,639,359
5508,67101,67100155,11112,250,-1,-1,1,525,70.9,0,-1.0,0,0,0,639,359
5509,67112,67111259,11104,250,-1,-1,1,526,71.1,1,-1.0,0,0,0,639,359
5510,67123,67122371,11112,250,-1,-1,1,548,71.4,0,-1.0,0,0,0,639,359
5511,67134,67133480,11109,250,-1,-1,1,543,71.8,0,-1.0,0,0,0,639,359
5512,67145,67144593,11113,250,-1,-1,1,633,72.1,0,-1.0,0,0,0,639,359
5513,67157,67155699,11106,250,-1,-1,1,529,72.4,0,-1.0,0,0,0,639,359
5514,67168,67166811,11112,250,-1,-1,1,632,72.7,0,-1.0,0,0,0,639,359
5515,67179,67177915,11104,250,-1,-1,1,528,73.0,0,-1.0,0,0,0,639,359
5516,67190,67189023,11108,250,-1,-1,1,527,73.2,0,-1.0,0,0,0,639,359
5517,67201,67200130,11107,250,-1,-1,1,528,73.5,0,-1.0,0,0,0,639,359
5518,67212,67211243,11113,250,-1,-1,1,525,73.7,1,-1.0,0,0,0,639,359
5519,67223,67222355,11112,250,-1,-1,1,544,73.9,0,-1.0,0,0,0,639,359
5520,67234,67233466,11111,250,-1,-1,1,547,74.2,0,-1.0,0,0,0,639,359
5521,67245,67244572,11106,250,-1,-1,1,625,74.4,0,-1.0,0,0,0,639,359
5522,67257,67255683,11111,250,-1,-1,1,524,74.6,0,-1.0,0,0,0,639,359
5523,67268,67266792,11109,250,-1,-1,1,626,74.9,0,-1.0,0,0,0,639,359
5524,67279,67277994,11202,250,-1,-1,1,528,75.1,0,-1.0,0,0,0,639,359
5525,67290,67289008,11014,250,-1,-1,1,526,75.3,0,-1.0,0,0,0,639,359
5526,67301,67300115,11107,250,-1,-1,1,528,75.5,0,-1.0,0,0,0,639,359
5527,67312,67311223,11108,250,-1,-1,1,527,75.6,1,-1.0,0,0,0,639,359
5528,67323,67322341,11118,250,-1,-1,1,532,75.8,0,-1.0,0,0,0,639,359
5529,67334,67333447,11106,250,-1,-1,1,531,76.0,0,-1.0,0,0,0,639,359
5530,67345,67344558,11111,250,-1,-1,1,628,76.2,0,-1.0,0,0,0,639,359
5531,67357,67355668,11110,250,-1,-1,1,525,76.4,0,-1.0,0,0,0,639,359
5532,67368,67366772,11104,250,-1,-1,1,634,76.6,0,-1.0,0,0,0,639,359
5533,67379,67377883,11111,250,-1,-1,1,609,76.8,0,-1.0,0,0,0,639,359
5534,67390,67388994,11111,250,-1,-1,1,525,76.9,0,-1.0,0,0,0,639,359
5535,67401,67400095,11101,250,-1,-1,1,525,77.1,0,-1.0,0,0,0,639,359
5536,67412,67411212,11117,250,-1,-1,1,527,77.2,1,-1.0,0,0,0,639,359
5537,67423,67422324,11112,250,-1,-1,1,541,77.3,0,-1.0,0,0,0,639,359
5538,67434,67433428,11104,250,-1,-1,1,537,77.5,0,-1.0,0,0,0,639,359
5539,67445,67444538,11110,250,-1,-1,1,632,77.6,0,-1.0,0,0,0,639,359
5540,67456,67455650,11112,250,-1,-1,1,527,77.8,0,-1.0,0,0,0,639,359
5541,67468,67466758,11108,250,-1,-1,1,631,77.9,0,-1.0,0,0,0,639,359
5542,67479,67477981,11223,250,-1,-1,1,527,78.1,0,-1.0,0,0,0,639,359
5543,67490,67488974,10993,250,-1,-1,1,525,78.2,0,-1.0,0,0,0,639,359
5544,67505,67500085,11111,250,-1,-1,1,524,62.5,0,-1.0,0,0,0,639,359
5545,67512,67511192,11107,250,-1,-1,1,524,87.0,1,-1.0,0,0,0,639,359
5546,67523,67522309,11117,250,-1,-1,1,545,88.2,0,-1.0,0,0,0,639,359
5547,67534,67533412,11103,250,-1,-1,1,548,88.9,0,-1.0,0,0,0,639,359
5548,67545,67544522,11110,250,-1,-1,1,634,89.3,0,-1.0,0,0,0,639,359
5549,67556,67555631,11109,250,-1,-1,1,544,89.6,0,-1.0,0,0,0,639,359
5550,67568,67566742,11111,250,-1,-1,1,633,89.7,0,-1.0,0,0,0,639,359
5551,67579,67577923,11181,250,-1,-1,1,528,89.9,0,-1.0,0,0,0,639,359
5552,67590,67588957,11034,250,-1,-1,1,528,90.0,0,-1.0,0,0,0,639,359
5553,67601,67600064,11107,250,-1,-1,1,526,90.1,0,-1.0,0,0,0,639,359
5554,67612,67611178,11114,250,-1,-1,1,528,89.4,1,-1.0,0,0,0,639,359
5555,67623,67622284,11106,250,-1,-1,1,532,89.6,0,-1.0,0,0,0,639,359
5556,67634,67633395,11111,250,-1,-1,1,530,89.7,0,-1.0,0,0,0,639,359
5557,67645,67644503,11108,250,-1,-1,1,631,89.7,0,-1.0,0,0,0,639,359
5558,67656,67655612,11109,250,-1,-1,1,537,89.8,0,-1.0,0,0,0,639,359
5559,67668,67666723,11111,250,-1,-1,1,631,89.9,0,-1.0,0,0,0,639,359
5560,67679,67677838,11115,250,-1,-1,1,527,89.5,0,-1.0,0,0,0,639,359
5561,67690,67688940,11102,250,-1,-1,1,526,90.0,0,-1.0,0,0,0,639,359
5562,67701,67700052,11112,250,-1,-1,1,525,90.0,0,-1.0,0,0,0,639,359
5563,67712,67711155,11103,250,-1,-1,1,528,89.7,1,-1.0,0,0,0,639,359
5564,67723,67722268,11113,250,-1,-1,1,544,89.7,0,-1.0,0,0,0,639,359
5565,67734,67733376,11108,250,-1,-1,1,540,89.8,0,-1.0,0,0,0,639,359
5566,67745,67744488,11112,250,-1,-1,1,633,89.8,0,-1.0,0,0,0,639,359
5567,67756,67755594,11106,250,-1,-1,1,545,89.9,0,-1.0,0,0,0,639,359
5568,67768,67766708,11114,250,-1,-1,1,631,89.9,0,-1.0,0,0,0,639,359
5569,67779,67777939,11231,250,-1,-1,1,524,90.0,0,-1.0,0,0,0,639,359
5570,67790,67788919,10980,250,-1,-1,1,525,90.0,0,-1.0,0,0,0,639,359
5571,67801,67800032,11113,250,-1,-1,1,525,90.0,0,-1.0,0,0,0,639,359
5572,67812,67811143,11111,250,-1,-1,1,525,90.1,1,-1.0,0,0,0,639,359
5573,67823,67822253,11110,250,-1,-1,1,547,89.8,0,-1.0,0,0,0,639,359
5574,67834,67833365,11112,250,-1,-1,1,548,89.9,0,-1.0,0,0,0,639,359
5575,67845,67844471,11106,250,-1,-1,1,630,89.9,0,-1.0,0,0,0,639,359
5576,67856,67855582,11111,250,-1,-1,1,533,89.9,0,-1.0,0,0,0,639,359
5577,67868,67866690,11108,250,-1,-1,1,635,89.9,0,-1.0,0,0,0,639,359
5578,67879,67877796,11106,250,-1,-1,1,527,90.0,0,-1.0,0,0,0,639,359
5579,67890,67888904,11108,250,-1,-1,1,527,90.0,0,-1.0,0,0,0,639,359
5580,68029,67900016,11112,250,-1,-1,1,526,68.6,0,-1.0,0,0,0,639,359
5581,68030,68022199,122183,250,-1,-1,1,1107,70.2,1,-1.0,0,0,0,639,359
5582,68034,68033337,11138,250,-1,-1,1,633,71.6,0,-1.0,0,0,0,639,359
5583,68045,68044433,11096,250,-1,-1,1,525,71.9,0,-1.0,0,0,0,639,359
5584,68056,68055547,11114,250,-1,-1,1,546,72.3,0,-1.0,0,0,0,639,359
5585,68067,68066653,11106,250,-1,-1,1,526,72.7,0,-1.0,0,0,0,639,359
5586,68079,68077780,11127,250,-1,-1,1,630,73.0,0,-1.0,0,0,0,639,359
5587,68090,68088872,11092,250,-1,-1,1,526,73.3,0,-1.0,0,0,0,639,359
5588,68101,68099988,11116,250,-1,-1,1,634,73.6,0,-1.0,0,0,0,639,359
5589,68112,68111089,11101,250,-1,-1,1,527,74.0,0,-1.0,0,0,0,639,359
5590,68123,68122199,11110,250,-1,-1,1,526,74.1,1,-1.0,0,0,0,639,359
5591,68134,68133309,11110,250,-1,-1,1,531,74.4,0,-1.0,0,0,0,639,359
5592,68145,68144418,11109,250,-1,-1,1,530,74.7,0,-1.0,0,0,0,639,359
5593,68156,68155527,11109,250,-1,-1,1,631,75.0,0,-1.0,0,0,0,639,359
5594,68167,68166640,11113,250,-1,-1,1,545,75.2,0,-1.0,0,0,0,639,359
5595,68179,68177746,11106,250,-1,-1,1,634,75.5,0,-1.0,0,0,0,639,359
5596,68190,68188856,11110,250,-1,-1,1,525,75.7,0,-1.0,0,0,0,639,359
5597,68201,68199960,11104,250,-1,-1,1,525,75.9,0,-1.0,0,0,0,639,359
5598,68212,68211074,11114,250,-1,-1,1,526,76.2,0,-1.0,0,0,0,639,359
5599,68223,68222179,11105,250,-1,-1,1,525,76.3,1,-1.0,0,0,0,639,359
5600,68234,68233296,11117,250,-1,-1,1,547,76.5,0,-1.0,0,0,0,639,359
5601,68245,68244401,11105,250,-1,-1,1,542,76.7,0,-1.0,0,0,0,639,359
5602,68256,68255513,11112,250,-1,-1,1,629,76.9,0,-1.0,0,0,0,639,359
5603,68267,68266619,11106,250,-1,-1,1,533,77.1,0,-1.0,0,0,0,639,359
5604,68279,68277735,11116,250,-1,-1,1,629,77.3,0,-1.0,0,0,0,639,359
5605,68290,68288837,11102,250,-1,-1,1,2174,77.3,0,-1.0,0,0,0,639,359
5606,68301,68299948,11111,250,-1,-1,1,524,77.7,0,-1.0,0,0,0,639,359
5607,68312,68311055,11107,250,-1,-1,1,526,77.9,0,-1.0,0,0,0,639,359
5608,68323,68322164,11109,250,-1,-1,1,527,77.9,1,-1.0,0,0,0,639,359
5609,68334,68333276,11112,250,-1,-1,1,546,78.1,0,-1.0,0,0,0,639,359
5610,68345,68344391,11115,250,-1,-1,1,549,78.3,0,-1.0,0,0,0,639,359
5611,68356,68355493,11102,250,-1,-1,1,629,78.4,0,-1.0,0,0,0,639,359
5612,68367,68366603,11110,250,-1,-1,1,533,78.6,0,-1.0,0,0,0,639,359
5613,68379,68377709,11106,250,-1,-1,1,632,78.7,0,-1.0,0,0,0,639,359
5614,68390,68388822,11113,250,-1,-1,1,525,78.9,0,-1.0,0,0,0,639,359
5615,68401,68399924,11102,250,-1,-1,1,528,79.0,0,-1.0,0,0,0,639,359
5616,68412,68411036,11112,250,-1,-1,1,526,79.2,0,-1.0,0,0,0,639,359
5617,68423,68422145,11109,250,-1,-1,1,524,79.2,1,-1.0,0,0,0,639,359
5618,68434,68433261,11116,250,-1,-1,1,546,79.4,0,-1.0,0,0,0,639,359
5619,68445,68444368,11107,250,-1,-1,1,544,79.5,0,-1.0,0,0,0,639,359
5620,68456,68455475,11107,250,-1,-1,1,630,79.6,0,-1.0,0,0,0,639,359
5621,68467,68466586,11111,250,-1,-1,1,547,79.8,0,-1.0,0,0,0,639,359
5622,68479,68477696,11110,250,-1,-1,1,626,79.9,0,-1.0,0,0,0,639,359
5623,68490,68488980,11284,250,-1,-1,1,528,80.0,0,-1.0,0,0,0,639,359
5624,68501,68499914,10934,250,-1,-1,1,523,90.9,0,-1.0,0,0,0,639,359
5625,68512,68511017,11103,250,-1,-1,1,528,90.9,0,-1.0,0,0,0,639,359
5626,68523,68522131,11114,250,-1,-1,1,529,90.9,1,-1.0,0,0,0,639,359
5627,68534,68533241,11110,250,-1,-1,1,537,88.9,0,-1.0,0,0,0,639,359
5628,68545,68544349,11108,250,-1,-1,1,531,89.3,0,-1.0,0,0,0,639,359
5629,68556,68555457,11108,250,-1,-1,1,634,89.6,0,-1.0,0,0,0,639,359
5630,68567,68566571,11114,250,-1,-1,1,526,89.7,0,-1.0,0,0,0,639,359
5631,68579,68577677,11106,250,-1,-1,1,626,89.9,0,-1.0,0,0,0,639,359
5632,68590,68588931,11254,250,-1,-1,1,527,90.0,0,-1.0,0,0,0,639,359
5633,68601,68599889,10958,250,-1,-1,1,524,90.1,0,-1.0,0,0,0,639,359
5634,68612,68611006,11117,250,-1,-1,1,525,90.2,0,-1.0,0,0,0,639,359
5635,68623,68622112,11106,250,-1,-1,1,525,90.2,1,-1.0,0,0,0,639,359
5636,68634,68633224,11112,250,-1,-1,1,544,89.7,0,-1.0,0,0,0,639,359
5637,68645,68644331,11107,250,-1,-1,1,540,89.7,0,-1.0,0,0,0,639,359
5638,68656,68655444,11113,250,-1,-1,1,632,89.8,0,-1.0,0,0,0,639,359
5639,68667,68666554,11110,250,-1,-1,1,534,89.9,0,-1.0,0,0,0,639,359
5640,68679,68677661,11107,250,-1,-1,1,637,89.9,0,-1.0,0,0,0,639,359
5641,68690,68688769,11108,250,-1,-1,1,526,90.0,0,-1.0,0,0,0,639,359
5642,68701,68699882,11113,250,-1,-1,1,526,90.0,0,-1.0,0,0,0,639,359
5643,68712,68710986,11104,250,-1,-1,1,526,90.1,0,-1.0,0,0,0,639,359
5644,68723,68722094,11108,250,-1,-1,1,524,90.1,1,-1.0,0,0,0,639,359
5645,68734,68733212,11118,250,-1,-1,1,547,89.8,0,-1.0,0,0,0,639,359
5646,68745,68744318,11106,250,-1,-1,1,547,89.8,0,-1.0,0,0,0,639,359
5647,68756,68755425,11107,250,-1,-1,1,628,89.9,0,-1.0,0,0,0,639,359
5648,68767,68766535,11110,250,-1,-1,1,533,89.9,0,-1.0,0,0,0,639,359
5649,68779,68777644,11109,250,-1,-1,1,629,90.0,0,-1.0,0,0,0,639,359
5650,68790,68788754,11110,250,-1,-1,1,529,90.0,0,-1.0,0,0,0,639,359
5651,68801,68799857,11103,250,-1,-1,1,524,90.0,0,-1.0,0,0,0,639,359
5652,68812,68810972,11115,250,-1,-1,1,525,90.1,0,-1.0,0,0,0,639,359
5653,68823,68822077,11105,250,-1,-1,1,525,90.1,1,-1.0,0,0,0,639,359
5654,68834,68833193,11116,250,-1,-1,1,548,89.9,0,-1.0,0,0,0,639,359
5655,68845,68844299,11106,250,-1,-1,1,547,89.9,0,-1.0,0,0,0,639,359
5656,68856,68855410,11111,250,-1,-1,1,631,89.9,0,-1.0,0,0,0,639,359
5657,68867,68866516,11106,250,-1,-1,1,538,89.9,0,-1.0,0,0,0,639,359
5658,68878,68877625,11109,250,-1,-1,1,634,90.0,0,-1.0,0,0,0,639,359
5659,68890,68888734,11109,250,-1,-1,1,609,90.0,0,-1.0,0,0,0,639,359
5660,68901,68899843,11109,250,-1,-1,1,564,90.0,0,-1.0,0,0,0,639,359
5661,68912,68910951,11108,250,-1,-1,1,525,90.0,0,-1.0,0,0,0,639,359
5662,68923,68922063,11112,250,-1,-1,1,525,90.1,1,-1.0,0,0,0,639,359
5663,68934,68933176,11113,250,-1,-1,1,545,89.9,0,-1.0,0,0,0,639,359
5664,68945,68944283,11107,250,-1,-1,1,546,89.9,0,-1.0,0,0,0,639,359
5665,68956,68955390,11107,250,-1,-1,1,626,89.9,0,-1.0,0,0,0,639,359
5666,68967,68966502,11112,250,-1,-1,1,534,90.0,0,-1.0,0,0,0,639,359
5667,68978,68977604,11102,250,-1,-1,1,627,90.0,0,-1.0,0,0,0,639,359
5668,68990,68988719,11115,250,-1,-1,1,527,90.0,0,-1.0,0,0,0,639,359
5669,69001,68999826,11107,250,-1,-1,1,560,90.0,0,-1.0,0,0,0,639,359
5670,69145,69010936,11110,250,-1,-1,1,529,71.8,0,-1.0,0,0,0,639,359
5671,69146,69144231,133295,250,-1,-1,1,539,73.2,1,-1.0,0,0,0,639,359
5672,69156,69155355,11124,250,-1,-1,1,630,73.5,0,-1.0,0,0,0,639,359
5673,69167,69166469,11114,250,-1,-1,1,531,73.7,0,-1.0,0,0,0,639,359
5674,69178,69177573,11104,250,-1,-1,1,549,74.0,0,-1.0,0,0,0,639,359
5675,69190,69188686,11113,250,-1,-1,1,633,74.3,0,-1.0,0,0,0,639,359
5676,69201,69199797,11111,250,-1,-1,1,552,74.5,0,-1.0,0,0,0,639,359
5677,69212,69210901,11104,250,-1,-1,1,629,74.8,0,-1.0,0,0,0,639,359
5678,69223,69222014,11113,250,-1,-1,1,524,74.9,0,-1.0,0,0,0,639,359
5679,69234,69233120,11106,250,-1,-1,1,526,75.3,0,-1.0,0,0,0,639,359
5680,69245,69244223,11103,250,-1,-1,1,526,75.4,1,-1.0,0,0,0,639,359
5681,69256,69255341,11118,250,-1,-1,1,547,75.6,0,-1.0,0,0,0,639,359
5682,69267,69266448,11107,250,-1,-1,1,544,75.8,0,-1.0,0,0,0,639,359
5683,69278,69277557,11109,250,-1,-1,1,601,76.0,0,-1.0,0,0,0,639,359
5684,69290,69288666,11109,250,-1,-1,1,528,76.2,0,-1.0,0,0,0,639,359
5685,69301,69299776,11110,250,-1,-1,1,628,76.4,0,-1.0,0,0,0,639,359
5686,69312,69310888,11112,250,-1,-1,1,530,76.6,0,-1.0,0,0,0,639,359
5687,69323,69321996,11108,250,-1,-1,1,526,76.8,0,-1.0,0,0,0,639,359
5688,69334,69333098,11102,250,-1,-1,1,530,77.0,0,-1.0,0,0,0,639,359
5689,69345,69344210,11112,250,-1,-1,1,526,77.1,1,-1.0,0,0,0,639,359
5690,69356,69355324,11114,250,-1,-1,1,545,77.3,0,-1.0,0,0,0,639,359
5691,69367,69366433,11109,250,-1,-1,1,546,77.4,0,-1.0,0,0,0,639,359
5692,69378,69377539,11106,250,-1,-1,1,605,77.6,0,-1.0,0,0,0,639,359
5693,69390,69388653,11114,250,-1,-1,1,527,77.8,0,-1.0,0,0,0,639,359
5694,69401,69399755,11102,250,-1,-1,1,636,77.9,0,-1.0,0,0,0,639,359
5695,69412,69410869,11114,250,-1,-1,1,528,78.1,0,-1.0,0,0,0,639,359
5696,69423,69421973,11104,250,-1,-1,1,527,78.2,0,-1.0,0,0,0,639,359
5697,69434,69433086,11113,250,-1,-1,1,525,78.4,0,-1.0,0,0,0,639,359
5698,69445,69444191,11105,250,-1,-1,1,529,78.5,1,-1.0,0,0,0,639,359
5699,69456,69455306,11115,250,-1,-1,1,548,78.6,0,-1.0,0,0,0,639,359
5700,69467,69466416,11110,250,-1,-1,1,547,78.7,0,-1.0,0,0,0,639,359
5701,69478,69477524,11108,250,-1,-1,1,607,78.9,0,-1.0,0,0,0,639,359
5702,69489,69488635,11111,250,-1,-1,1,525,79.0,0,-1.0,0,0,0,639,359
5703,69523,69521945,33310,250,-1,-1,1,581,30.3,0,-1.0,0,0,0,639,359
5704,69534,69533067,11122,250,-1,-1,1,526,45.5,0,-1.0,0,0,0,639,359
5705,69545,69544177,11110,250,-1,-1,1,526,53.6,0,-1.0,0,0,0,639,359
5706,69556,69555286,11109,250,-1,-1,1,528,59.7,0,-1.0,0,0,0,639,359
5707,69567,69566397,11111,250,-1,-1,1,527,64.1,1,-1.0,0,0,0,639,359
5708,69578,69577505,11108,250,-1,-1,1,527,67.4,0,-1.0,0,0,0,639,359
5709,69589,69588619,11114,250,-1,-1,1,545,70.0,0,-1.0,0,0,0,639,359
5710,69601,69599726,11107,250,-1,-1,1,605,72.1,0,-1.0,0,0,0,639,359
5711,69612,69610839,11113,250,-1,-1,1,525,73.8,0,-1.0,0,0,0,639,359
5712,69623,69621945,11106,250,-1,-1,1,632,75.2,0,-1.0,0,0,0,639,359
5713,69634,69633061,11116,250,-1,-1,1,606,75.9,0,-1.0,0,0,0,639,359
5714,69645,69644161,11100,250,-1,-1,1,525,76.9,0,-1.0,0,0,0,639,359
5715,69656,69655269,11108,250,-1,-1,1,525,77.8,0,-1.0,0,0,0,639,359
5716,69667,69666376,11107,250,-1,-1,1,526,78.7,1,-1.0,0,0,0,639,359
5717,69678,69677492,11116,250,-1,-1,1,539,79.4,0,-1.0,0,0,0,639,359
5718,69689,69688595,11103,250,-1,-1,1,533,80.0,0,-1.0,0,0,0,639,359
5719,69701,69699707,11112,250,-1,-1,1,608,80.6,0,-1.0,0,0,0,639,359
5720,69712,69710819,11112,250,-1,-1,1,527,81.1,0,-1.0,0,0,0,639,359
5721,69723,69721923,11104,250,-1,-1,1,631,81.5,0,-1.0,0,0,0,639,359
5722,69734,69733035,11112,250,-1,-1,1,525,82.0,0,-1.0,0,0,0,639,359
5723,69745,69744142,11107,250,-1,-1,1,525,82.4,0,-1.0,0,0,0,639,359
5724,69756,69755251,11109,250,-1,-1,1,525,82.4,0,-1.0,0,0,0,639,359
5725,69767,69766360,11109,250,-1,-1,1,526,82.7,1,-1.0,0,0,0,639,359
5726,69778,69777474,11114,250,-1,-1,1,544,83.0,0,-1.0,0,0,0,639,359
5727,69789,69788582,11108,250,-1,-1,1,545,83.3,0,-1.0,0,0,0,639,359
5728,69801,69799685,11103,250,-1,-1,1,603,83.6,0,-1.0,0,0,0,639,359
5729,69812,69810804,11119,250,-1,-1,1,525,83.9,0,-1.0,0,0,0,639,359
5730,69823,69821910,11106,250,-1,-1,1,631,84.1,0,-1.0,0,0,0,639,359
5731,69834,69833022,11112,250,-1,-1,1,526,84.3,0,-1.0,0,0,0,639,359
5732,69845,69844122,11100,250,-1,-1,1,527,84.5,0,-1.0,0,0,0,639,359
5733,69856,69855234,11112,250,-1,-1,1,528,84.5,0,-1.0,0,0,0,639,359
5734,69867,69866341,11107,250,-1,-1,1,526,84.7,1,-1.0,0,0,0,639,359
5735,69878,69877461,11120,250,-1,-1,1,544,84.8,0,-1.0,0,0,0,639,359
5736,69889,69888566,11105,250,-1,-1,1,544,85.0,0,-1.0,0,0,0,639,359
5737,69901,69899678,11112,250,-1,-1,1,606,85.2,0,-1.0,0,0,0,639,359
5738,69912,69910780,11102,250,-1,-1,1,528,85.3,0,-1.0,0,0,0,639,359
5739,69923,69921891,11111,250,-1,-1,1,632,85.5,0,-1.0,0,0,0,639,359
5740,69934,69933002,11111,250,-1,-1,1,530,85.6,0,-1.0,0,0,0,639,359
5741,69945,69944109,11107,250,-1,-1,1,528,85.7,0,-1.0,0,0,0,639,359
5742,69956,69955218,11109,250,-1,-1,1,527,85.7,0,-1.0,0,0,0,639,359
5743,69967,69966326,11108,250,-1,-1,1,527,85.8,1,-1.0,0,0,0,639,359
5744,69978,69977435,11109,250,-1,-1,1,545,85.9,0,-1.0,0,0,0,639,359
5745,69989,69988548,11113,250,-1,-1,1,544,86.0,0,-1.0,0,0,0,639,359
5746,70001,69999656,11108,250,-1,-1,1,606,86.1,0,-1.0,0,0,0,639,359
5747,70012,70010768,11112,250,-1,-1,1,525,86.2,0,-1.0,0,0,0,639,359
5748,70023,70021871,11103,250,-1,-1,1,631,86.3,0,-1.0,0,0,0,639,359
5749,70034,70032986,11115,250,-1,-1,1,527,86.4,0,-1.0,0,0,0,639,359
5750,70045,70044088,11102,250,-1,-1,1,527,86.5,0,-1.0,0,0,0,639,359
5751,70056,70055199,11111,250,-1,-1,1,527,86.4,0,-1.0,0,0,0,639,359
5752,70067,70066311,11112,250,-1,-1,1,528,86.5,1,-1.0,0,0,0,639,359
5753,70078,70077420,11109,250,-1,-1,1,531,86.6,0,-1.0,0,0,0,639,359
5754,70089,70088528,11108,250,-1,-1,1,548,86.7,0,-1.0,0,0,0,639,359
5755,70100,70099637,11109,250,-1,-1,1,606,86.7,0,-1.0,0,0,0,639,359
5756,70112,70110750,11113,250,-1,-1,1,525,86.8,0,-1.0,0,0,0,639,359
5757,70123,70121859,11109,250,-1,-1,1,634,86.9,0,-1.0,0,0,0,639,359
5758,70134,70132968,11109,250,-1,-1,1,527,87.0,0,-1.0,0,0,0,639,359
5759,70145,70144073,11105,250,-1,-1,1,525,87.0,0,-1.0,0,0,0,639,359
5760,70253,70155180,11107,250,-1,-1,1,610,76.0,0,-1.0,0,0,0,639,359
5761,70254,70244041,88861,250,-1,-1,1,780,77.2,1,-1.0,0,0,0,639,359
5762,70257,70255159,11118,250,-1,-1,1,610,78.2,0,-1.0,0,0,0,639,359
5763,70267,70266281,11122,250,-1,-1,1,525,78.4,0,-1.0,0,0,0,639,359
5764,70278,70277385,11104,250,-1,-1,1,526,78.6,0,-1.0,0,0,0,639,359
5765,70289,70288489,11104,250,-1,-1,1,526,78.8,0,-1.0,0,0,0,639,359
5766,70300,70299610,11121,250,-1,-1,1,627,78.9,0,-1.0,0,0,0,639,359
5767,70312,70310713,11103,250,-1,-1,1,542,79.1,0,-1.0,0,0,0,639,359
5768,70323,70321825,11112,250,-1,-1,1,539,79.2,0,-1.0,0,0,0,639,359
5769,70334,70333007,11182,250,-1,-1,1,630,79.4,0,-1.0,0,0,0,639,359
5770,70345,70344041,11034,250,-1,-1,1,527,79.5,1,-1.0,0,0,0,639,359
5771,70356,70355150,11109,250,-1,-1,1,605,79.6,0,-1.0,0,0,0,639,359
5772,70367,70366263,11113,250,-1,-1,1,524,79.7,0,-1.0,0,0,0,639,359
5773,70378,70377367,11104,250,-1,-1,1,545,79.9,0,-1.0,0,0,0,639,359
5774,70389,70388481,11114,250,-1,-1,1,545,80.0,0,-1.0,0,0,0,639,359
5775,70400,70399589,11108,250,-1,-1,1,634,80.1,0,-1.0,0,0,0,639,359
5776,70412,70410803,11214,250,-1,-1,1,628,80.3,0,-1.0,0,0,0,639,359
5777,70423,70421806,11003,250,-1,-1,1,588,80.4,0,-1.0,0,0,0,639,359
5778,70434,70432916,11110,250,-1,-1,1,526,80.5,0,-1.0,0,0,0,639,359
5779,70445,70444020,11104,250,-1,-1,1,528,80.6,1,-1.0,0,0,0,639,359
5780,70456,70455135,11115,250,-1,-1,1,540,80.7,0,-1.0,0,0,0,639,359
5781,70467,70466243,11108,250,-1,-1,1,536,80.8,0,-1.0,0,0,0,639,359
5782,70478,70477352,11109,250,-1,-1,1,635,80.9,0,-1.0,0,0,0,639,359
5783,70489,70488460,11108,250,-1,-1,1,592,81.0,0,-1.0,0,0,0,639,359
5784,70523,70521779,33319,250,-1,-1,1,587,30.3,0,-1.0,0,0,0,639,359
5785,70534,70532898,11119,250,-1,-1,1,526,45.5,0,-1.0,0,0,0,639,359
5786,70545,70544006,11108,250,-1,-1,1,525,54.5,0,-1.0,0,0,0,639,359
5787,70556,70555113,11107,250,-1,-1,1,526,60.6,0,-1.0,0,0,0,639,359
5788,70567,70566223,11110,250,-1,-1,1,525,64.1,1,-1.0,0,0,0,639,359
5789,70578,70577333,11110,250,-1,-1,1,542,67.4,0,-1.0,0,0,0,639,359
5790,70589,70588444,11111,250,-1,-1,1,540,70.0,0,-1.0,0,0,0,639,359
5791,70600,70599551,11107,250,-1,-1,1,634,72.1,0,-1.0,0,0,0,639,359
5792,70612,70610667,11116,250,-1,-1,1,596,73.8,0,-1.0,0,0,0,639,359
5793,70623,70621769,11102,250,-1,-1,1,626,75.2,0,-1.0,0,0,0,639,359
5794,70634,70632883,11114,250,-1,-1,1,525,76.4,0,-1.0,0,0,0,639,359
5795,70645,70643989,11106,250,-1,-1,1,526,77.4,0,-1.0,0,0,0,639,359
5796,70656,70655099,11110,250,-1,-1,1,524,78.3,0,-1.0,0,0,0,639,359
5797,70667,70666206,11107,250,-1,-1,1,526,78.7,1,-1.0,0,0,0,639,359
5798,70678,70677319,11113,250,-1,-1,1,546,79.4,0,-1.0,0,0,0,639,359
5799,70689,70688424,11105,250,-1,-1,1,546,80.0,0,-1.0,0,0,0,639,359
5800,70700,70699538,11114,250,-1,-1,1,630,80.6,0,-1.0,0,0,0,639,359
5801,70711,70710645,11107,250,-1,-1,1,591,81.1,0,-1.0,0,0,0,639,359
5802,70723,70721758,11113,250,-1,-1,1,632,81.5,0,-1.0,0,0,0,639,359
5803,70734,70732863,11105,250,-1,-1,1,527,82.0,0,-1.0,0,0,0,639,359
5804,70745,70743971,11108,250,-1,-1,1,525,82.4,0,-1.0,0,0,0,639,359
5805,70756,70755077,11106,250,-1,-1,1,525,82.7,0,-1.0,0,0,0,639,359
5806,70767,70766191,11114,250,-1,-1,1,524,82.7,1,-1.0,0,0,0,639,359
5807,70778,70777297,11106,250,-1,-1,1,547,83.0,0,-1.0,0,0,0,639,359
5808,70789,70788410,11113,250,-1,-1,1,548,83.3,0,-1.0,0,0,0,639,359
5809,70800,70799515,11105,250,-1,-1,1,626,83.6,0,-1.0,0,0,0,639,359
5810,70811,70810631,11116,250,-1,-1,1,585,83.9,0,-1.0,0,0,0,639,359
5811,70823,70821735,11104,250,-1,-1,1,634,84.1,0,-1.0,0,0,0,639,359
5812,70834,70832847,11112,250,-1,-1,1,528,84.3,0,-1.0,0,0,0,639,359
5813,70845,70843953,11106,250,-1,-1,1,526,84.5,0,-1.0,0,0,0,639,359
5814,70856,70855063,11110,250,-1,-1,1,527,84.7,0,-1.0,0,0,0,639,359
5815,70867,70866168,11105,250,-1,-1,1,526,84.7,1,-1.0,0,0,0,639,359
5816,70878,70877284,11116,250,-1,-1,1,546,84.8,0,-1.0,0,0,0,639,359
5817,70889,70888390,11106,250,-1,-1,1,545,85.0,0,-1.0,0,0,0,639,359
5818,70900,70899501,11111,250,-1,-1,1,633,85.2,0,-1.0,0,0,0,639,359
5819,70911,70910613,11112,250,-1,-1,1,595,85.3,0,-1.0,0,0,0,639,359
5820,70923,70921714,11101,250,-1,-1,1,626,85.5,0,-1.0,0,0,0,639,359
5821,70934,70932830,11116,250,-1,-1,1,529,85.6,0,-1.0,0,0,0,639,359
5822,70945,70943941,11111,250,-1,-1,1,526,85.7,0,-1.0,0,0,0,639,359
5823,70956,70955040,11099,250,-1,-1,1,524,85.8,0,-1.0,0,0,0,639,359
5824,70967,70966159,11119,250,-1,-1,1,526,85.8,1,-1.0,0,0,0,639,359
5825,70978,70977266,11107,250,-1,-1,1,527,85.9,0,-1.0,0,0,0,639,359
5826,70989,70988378,11112,250,-1,-1,1,546,86.0,0,-1.0,0,0,0,639,359
5827,71000,70999486,11108,250,-1,-1,1,633,86.1,0,-1.0,0,0,0,639,359
5828,71011,71010600,11114,250,-1,-1,1,593,86.2,0,-1.0,0,0,0,639,359
5829,71023,71021703,11103,250,-1,-1,1,534,86.3,0,-1.0,0,0,0,639,359
5830,71034,71032815,11112,250,-1,-1,1,628,86.4,0,-1.0,0,0,0,639,359
5831,71045,71043917,11102,250,-1,-1,1,528,86.5,0,-1.0,0,0,0,639,359
5832,71056,71055028,11111,250,-1,-1,1,529,86.6,0,-1.0,0,0,0,639,359
5833,71067,71066138,11110,250,-1,-1,1,527,86.7,1,-1.0,0,0,0,639,359
5834,71078,71077254,11116,250,-1,-1,1,531,86.6,0,-1.0,0,0,0,639,359
5835,71089,71088359,11105,250,-1,-1,1,529,86.7,0,-1.0,0,0,0,639,359
5836,71100,71099472,11113,250,-1,-1,1,633,86.7,0,-1.0,0,0,0,639,359
5837,71111,71110574,11102,250,-1,-1,1,591,86.8,0,-1.0,0,0,0,639,359
5838,71123,71121685,11111,250,-1,-1,1,631,86.9,0,-1.0,0,0,0,639,359
5839,71134,71132794,11109,250,-1,-1,1,532,87.0,0,-1.0,0,0,0,639,359
5840,71145,71143907,11113,250,-1,-1,1,525,87.0,0,-1.0,0,0,0,639,359
5841,71156,71155011,11104,250,-1,-1,1,525,87.1,0,-1.0,0,0,0,639,359
5842,71167,71166120,11109,250,-1,-1,1,525,87.1,1,-1.0,0,0,0,639,359
5843,71178,71177234,11114,250,-1,-1,1,546,87.1,0,-1.0,0,0,0,639,359
5844,71189,71188342,11108,250,-1,-1,1,546,87.1,0,-1.0,0,0,0,639,359
5845,71200,71199448,11106,250,-1,-1,1,632,87.2,0,-1.0,0,0,0,639,359
5846,71211,71210561,11113,250,-1,-1,1,593,87.3,0,-1.0,0,0,0,639,359
5847,71223,71221663,11102,250,-1,-1,1,634,87.3,0,-1.0,0,0,0,639,359
5848,71234,71232778,11115,250,-1,-1,1,527,87.4,0,-1.0,0,0,0,639,359
5849,71245,71243883,11105,250,-1,-1,1,528,87.4,0,-1.0,0,0,0,639,359
5850,71353,71254991,11108,250,-1,-1,1,818,77.5,0,-1.0,0,0,0,639,359
5851,71356,71343854,88863,250,-1,-1,1,608,78.5,1,-1.0,0,0,0,639,359
5852,71357,71354970,11116,250,-1,-1,1,606,79.5,0,-1.0,0,0,0,639,359
5853,71367,71366093,11123,250,-1,-1,1,527,79.8,0,-1.0,0,0,0,639,359
5854,71378,71377196,11103,250,-1,-1,1,525,79.9,0,-1.0,0,0,0,639,359
5855,71389,71388307,11111,250,-1,-1,1,526,80.0,0,-1.0,0,0,0,639,359
5856,71400,71399416,11109,250,-1,-1,1,627,80.1,0,-1.0,0,0,0,639,359
5857,71411,71410529,11113,250,-1,-1,1,545,80.3,0,-1.0,0,0,0,639,359
5858,71422,71421633,11104,250,-1,-1,1,546,80.4,0,-1.0,0,0,0,639,359
5859,71434,71432744,11111,250,-1,-1,1,633,80.5,0,-1.0,0,0,0,639,359
5860,71445,71443850,11106,250,-1,-1,1,582,80.6,1,-1.0,0,0,0,639,359
5861,71456,71454964,11114,250,-1,-1,1,630,80.7,0,-1.0,0,0,0,639,359
5862,71467,71466072,11108,250,-1,-1,1,527,80.9,0,-1.0,0,0,0,639,359
5863,71478,71477183,11111,250,-1,-1,1,533,80.9,0,-1.0,0,0,0,639,359
5864,71489,71488287,11104,250,-1,-1,1,530,81.0,0,-1.0,0,0,0,639,359
5865,71537,71532715,44428,250,-1,-1,1,524,21.3,0,-1.0,0,0,0,639,359
5866,71545,71543834,11119,250,-1,-1,1,525,36.4,0,-1.0,0,0,0,639,359
5867,71556,71554940,11106,250,-1,-1,1,527,45.5,0,-1.0,0,0,0,639,359
5868,71567,71566055,11115,250,-1,-1,1,528,51.9,0,-1.0,0,0,0,639,359
5869,71578,71577161,11106,250,-1,-1,1,527,56.2,1,-1.0,0,0,0,639,359
5870,71589,71588272,11111,250,-1,-1,1,533,60.0,0,-1.0,0,0,0,639,359
5871,71600,71599379,11107,250,-1,-1,1,531,63.1,0,-1.0,0,0,0,639,359
5872,71611,71610495,11116,250,-1,-1,1,634,65.6,0,-1.0,0,0,0,639,359
5873,71622,71621601,11106,250,-1,-1,1,591,67.7,0,-1.0,0,0,0,639,359
5874,71634,71632707,11106,250,-1,-1,1,630,69.4,0,-1.0,0,0,0,639,359
5875,71645,71643817,11110,250,-1,-1,1,526,71.0,0,-1.0,0,0,0,639,359
5876,71656,71654930,11113,250,-1,-1,1,526,72.3,0,-1.0,0,0,0,639,359
5877,71667,71666036,11106,250,-1,-1,1,525,73.4,0,-1.0,0,0,0,639,359
5878,71678,71677144,11108,250,-1,-1,1,523,74.5,1,-1.0,0,0,0,639,359
5879,71689,71688258,11114,250,-1,-1,1,548,75.0,0,-1.0,0,0,0,639,359
5880,71700,71699369,11111,250,-1,-1,1,545,75.8,0,-1.0,0,0,0,639,359
5881,71711,71710473,11104,250,-1,-1,1,628,76.6,0,-1.0,0,0,0,639,359
5882,71722,71721585,11112,250,-1,-1,1,547,77.3,0,-1.0,0,0,0,639,359
5883,71734,71732692,11107,250,-1,-1,1,628,77.9,0,-1.0,0,0,0,639,359
5884,71745,71743800,11108,250,-1,-1,1,527,78.4,0,-1.0,0,0,0,639,359
5885,71756,71754906,11106,250,-1,-1,1,526,78.9,0,-1.0,0,0,0,639,359
5886,71767,71766017,11111,250,-1,-1,1,528,79.4,0,-1.0,0,0,0,639,359
5887,71778,71777123,11106,250,-1,-1,1,525,79.9,1,-1.0,0,0,0,639,359
5888,71789,71788240,11117,250,-1,-1,1,546,80.0,0,-1.0,0,0,0,639,359
5889,71800,71799348,11108,250,-1,-1,1,546,80.4,0,-1.0,0,0,0,639,359
5890,71811,71810461,11113,250,-1,-1,1,632,80.7,0,-1.0,0,0,0,639,359
5891,71822,71821566,11105,250,-1,-1,1,613,81.1,0,-1.0,0,0,0,639,359
5892,71834,71832675,11109,250,-1,-1,1,634,81.4,0,-1.0,0,0,0,639,359
5893,71845,71843784,11109,250,-1,-1,1,526,81.7,0,-1.0,0,0,0,639,359
5894,71856,71854894,11110,250,-1,-1,1,527,82.0,0,-1.0,0,0,0,639,359
5895,71867,71865997,11103,250,-1,-1,1,526,82.2,0,-1.0,0,0,0,639,359
5896,71878,71877108,11111,250,-1,-1,1,528,82.5,1,-1.0,0,0,0,639,359
5897,71889,71888222,11114,250,-1,-1,1,529,82.5,0,-1.0,0,0,0,639,359
5898,71900,71899331,11109,250,-1,-1,1,547,82.7,0,-1.0,0,0,0,639,359
5899,71911,71910443,11112,250,-1,-1,1,633,82.9,0,-1.0,0,0,0,639,359
5900,71922,71921552,11109,250,-1,-1,1,593,83.1,0,-1.0,0,0,0,639,359
5901,71933,71932659,11107,250,-1,-1,1,634,83.3,0,-1.0,0,0,0,639,359
5902,71945,71943769,11110,250,-1,-1,1,525,83.5,0,-1.0,0,0,0,639,359
5903,71956,71954875,11106,250,-1,-1,1,525,83.7,0,-1.0,0,0,0,639,359
5904,71967,71965982,11107,250,-1,-1,1,527,83.9,0,-1.0,0,0,0,639,359
5905,71978,71977090,11108,250,-1,-1,1,525,84.0,1,-1.0,0,0,0,639,359
5906,71989,71988203,11113,250,-1,-1,1,535,84.0,0,-1.0,0,0,0,639,359
5907,72000,71999314,11111,250,-1,-1,1,532,84.1,0,-1.0,0,0,0,639,359
5908,72011,72010420,11106,250,-1,-1,1,528,84.3,0,-1.0,0,0,0,639,359
5909,72022,72021531,11111,250,-1,-1,1,628,84.4,0,-1.0,0,0,0,639,359
5910,72033,72032642,11111,250,-1,-1,1,633,84.6,0,-1.0,0,0,0,639,359
5911,72045,72043751,11109,250,-1,-1,1,526,84.7,0,-1.0,0,0,0,639,359
5912,72056,72054863,11112,250,-1,-1,1,526,84.8,0,-1.0,0,0,0,639,359
5913,72067,72065967,11104,250,-1,-1,1,526,84.9,0,-1.0,0,0,0,639,359
5914,72078,72077073,11106,250,-1,-1,1,526,85.0,1,-1.0,0,0,0,639,359
5915,72089,72088186,11113,250,-1,-1,1,546,85.0,0,-1.0,0,0,0,639,359
5916,72100,72099299,11113,250,-1,-1,1,543,85.1,0,-1.0,0,0,0,639,359
5917,72111,72110402,11103,250,-1,-1,1,632,85.2,0,-1.0,0,0,0,639,359
5918,72122,72121517,11115,250,-1,-1,1,608,85.3,0,-1.0,0,0,0,639,359
5919,72133,72132619,11102,250,-1,-1,1,526,85.4,0,-1.0,0,0,0,639,359
5920,72145,72143729,11110,250,-1,-1,1,527,85.5,0,-1.0,0,0,0,639,359
5921,72156,72154836,11107,250,-1,-1,1,628,85.6,0,-1.0,0,0,0,639,359
5922,72167,72165953,11117,250,-1,-1,1,526,85.7,0,-1.0,0,0,0,639,359
5923,72178,72177058,11105,250,-1,-1,1,525,85.8,1,-1.0,0,0,0,639,359
5924,72189,72188176,11118,250,-1,-1,1,528,85.7,0,-1.0,0,0,0,639,359
5925,72200,72199280,11104,250,-1,-1,1,547,85.8,0,-1.0,0,0,0,639,359
5926,72211,72210390,11110,250,-1,-1,1,633,85.9,0,-1.0,0,0,0,639,359
5927,72222,72221494,11104,250,-1,-1,1,525,85.9,0,-1.0,0,0,0,639,359
5928,72233,72232606,11112,250,-1,-1,1,634,86.0,0,-1.0,0,0,0,639,359
5929,72245,72243715,11109,250,-1,-1,1,529,86.1,0,-1.0,0,0,0,639,359
5930,72256,72254824,11109,250,-1,-1,1,527,86.2,0,-1.0,0,0,0,639,359
5931,72267,72265930,11106,250,-1,-1,1,528,86.2,0,-1.0,0,0,0,639,359
5932,72278,72277044,11114,250,-1,-1,1,527,86.3,1,-1.0,0,0,0,639,359
5933,72289,72288150,11106,250,-1,-1,1,531,86.2,0,-1.0,0,0,0,639,359
5934,72301,72299264,11114,250,-1,-1,1,525,86.2,0,-1.0,0,0,0,639,359
5935,72311,72310372,11108,250,-1,-1,1,547,86.4,0,-1.0,0,0,0,639,359
5936,72322,72321483,11111,250,-1,-1,1,632,86.4,0,-1.0,0,0,0,639,359
5937,72333,72332589,11106,250,-1,-1,1,629,86.5,0,-1.0,0,0,0,639,359
5938,72345,72343698,11109,250,-1,-1,1,615,86.5,0,-1.0,0,0,0,639,359
5939,72356,72354806,11108,250,-1,-1,1,527,86.6,0,-1.0,0,0,0,639,359
5940,72463,72365914,11108,250,-1,-1,1,632,78.0,0,-1.0,0,0,0,639,359
5941,72464,72454777,88863,250,-1,-1,1,603,79.0,1,-1.0,0,0,0,639,359
5942,72467,72465892,11115,250,-1,-1,1,627,79.8,0,-1.0,0,0,0,639,359
5943,72478,72477014,11122,250,-1,-1,1,527,80.0,0,-1.0,0,0,0,639,359
5944,72489,72488114,11100,250,-1,-1,1,534,80.1,0,-1.0,0,0,0,639,359
5945,72552,72543649,55535,250,-1,-1,1,608,15.9,0,-1.0,0,0,0,639,359
5946,72556,72554762,11113,250,-1,-1,1,630,30.3,0,-1.0,0,0,0,639,359
5947,72567,72565884,11122,250,-1,-1,1,526,39.0,0,-1.0,0,0,0,639,359
5948,72578,72576990,11106,250,-1,-1,1,629,45.5,0,-1.0,0,0,0,639,359
5949,72589,72588105,11115,250,-1,-1,1,618,50.0,0,-1.0,0,0,0,639,359
5950,72600,72599207,11102,250,-1,-1,1,526,54.1,1,-1.0,0,0,0,639,359
5951,72611,72610322,11115,250,-1,-1,1,545,57.4,0,-1.0,0,0,0,639,359
5952,72622,72621428,11106,250,-1,-1,1,528,60.2,0,-1.0,0,0,0,639,359
5953,72633,72632536,11108,250,-1,-1,1,630,62.5,0,-1.0,0,0,0,639,359
5954,72645,72643647,11111,250,-1,-1,1,616,64.5,0,-1.0,0,0,0,639,359
5955,72656,72654757,11110,250,-1,-1,1,635,66.3,0,-1.0,0,0,0,639,359
5956,72667,72665864,11107,250,-1,-1,1,526,67.8,0,-1.0,0,0,0,639,359
5957,72678,72676972,11108,250,-1,-1,1,525,69.1,0,-1.0,0,0,0,639,359
5958,72689,72688077,11105,250,-1,-1,1,527,70.4,0,-1.0,0,0,0,639,359
5959,72700,72699193,11116,250,-1,-1,1,528,71.1,1,-1.0,0,0,0,639,359
5960,72711,72710303,11110,250,-1,-1,1,545,72.1,0,-1.0,0,0,0,639,359
5961,72722,72721414,11111,250,-1,-1,1,527,73.0,0,-1.0,0,0,0,639,359
5962,72733,72732520,11106,250,-1,-1,1,633,73.8,0,-1.0,0,0,0,639,359
5963,72744,72743637,11117,250,-1,-1,1,613,74.5,0,-1.0,0,0,0,639,359
5964,72756,72754738,11101,250,-1,-1,1,633,75.2,0,-1.0,0,0,0,639,359
5965,72767,72765854,11116,250,-1,-1,1,527,75.8,0,-1.0,0,0,0,639,359
5966,72778,72776955,11101,250,-1,-1,1,529,76.4,0,-1.0,0,0,0,639,359
5967,72789,72788066,11111,250,-1,-1,1,527,76.9,0,-1.0,0,0,0,639,359
5968,72800,72799170,11104,250,-1,-1,1,527,77.2,1,-1.0,0,0,0,639,359
5969,72811,72810293,11123,250,-1,-1,1,529,77.6,0,-1.0,0,0,0,639,359
5970,72822,72821393,11100,250,-1,-1,1,529,78.1,0,-1.0,0,0,0,639,359
5971,72833,72832506,11113,250,-1,-1,1,636,78.5,0,-1.0,0,0,0,639,359
5972,72844,72843612,11106,250,-1,-1,1,613,78.9,0,-1.0,0,0,0,639,359
5973,72856,72854721,11109,250,-1,-1,1,627,79.2,0,-1.0,0,0,0,639,359
5974,72867,72865836,11115,250,-1,-1,1,525,79.6,0,-1.0,0,0,0,639,359
5975,72878,72876939,11103,250,-1,-1,1,526,79.9,0,-1.0,0,0,0,639,359
5976,72889,72888048,11109,250,-1,-1,1,526,80.2,0,-1.0,0,0,0,639,359
5977,72900,72899158,11110,250,-1,-1,1,526,80.5,1,-1.0,0,0,0,639,359
5978,72911,72910269,11111,250,-1,-1,1,546,80.6,0,-1.0,0,0,0,639,359
5979,72922,72921376,11107,250,-1,-1,1,547,80.8,0,-1.0,0,0,0,639,359
5980,72933,72932485,11109,250,-1,-1,1,528,81.1,0,-1.0,0,0,0,639,359
5981,72944,72943598,11113,250,-1,-1,1,630,81.3,0,-1.0,0,0,0,639,359
5982,72956,72954702,11104,250,-1,-1,1,632,81.5,0,-1.0,0,0,0,639,359
5983,72967,72965815,11113,250,-1,-1,1,613,81.8,0,-1.0,0,0,0,639,359
5984,72978,72976917,11102,250,-1,-1,1,528,82.0,0,-1.0,0,0,0,639,359
5985,72989,72988032,11115,250,-1,-1,1,524,82.2,0,-1.0,0,0,0,639,359
5986,73000,72999138,11106,250,-1,-1,1,526,82.4,1,-1.0,0,0,0,639,359
5987,73011,73010252,11114,250,-1,-1,1,546,82.4,0,-1.0,0,0,0,639,359
5988,73022,73021361,11109,250,-1,-1,1,545,82.6,0,-1.0,0,0,0,639,359
5989,73033,73032472,11111,250,-1,-1,1,608,82.7,0,-1.0,0,0,0,639,359
5990,73044,73043581,11109,250,-1,-1,1,616,82.9,0,-1.0,0,0,0,639,359
5991,73056,73054689,11108,250,-1,-1,1,527,82.9,0,-1.0,0,0,0,639,359
5992,73067,73065795,11106,250,-1,-1,1,633,83.2,0,-1.0,0,0,0,639,359
5993,73078,73076910,11115,250,-1,-1,1,527,83.3,0,-1.0,0,0,0,639,359
5994,73089,73088012,11102,250,-1,-1,1,526,83.5,0,-1.0,0,0,0,639,359
5995,73100,73099125,11113,250,-1,-1,1,524,83.6,1,-1.0,0,0,0,639,359
5996,73111,73110234,11109,250,-1,-1,1,544,83.6,0,-1.0,0,0,0,639,359
5997,73122,73121341,11107,250,-1,-1,1,538,83.7,0,-1.0,0,0,0,639,359
5998,73133,73132452,11111,250,-1,-1,1,633,83.9,0,-1.0,0,0,0,639,359
5999,73144,73143561,11109,250,-1,-1,1,614,84.0,0,-1.0,0,0,0,639,359
6000,73156,73154668,11107,250,-1,-1,1,631,84.1,0,-1.0,0,0,0,639,359
6001,73167,73165784,11116,250,-1,-1,1,526,84.2,0,-1.0,0,0,0,639,359
6002,73178,73176881,11097,250,-1,-1,1,528,84.3,0,-1.0,0,0,0,639,359
6003,73189,73187994,11113,250,-1,-1,1,525,84.4,0,-1.0,0,0,0,639,359
6004,73200,73199106,11112,250,-1,-1,1,524,84.4,1,-1.0,0,0,0,639,359
6005,73211,73210219,11113,250,-1,-1,1,544,84.5,0,-1.0,0,0,0,639,359
6006,73222,73221325,11106,250,-1,-1,1,544,84.6,0,-1.0,0,0,0,639,359
6007,73233,73232432,11107,250,-1,-1,1,528,84.7,0,-1.0,0,0,0,639,359
6008,73244,73243543,11111,250,-1,-1,1,635,84.8,0,-1.0,0,0,0,639,359
6009,73256,73254650,11107,250,-1,-1,1,634,84.9,0,-1.0,0,0,0,639,359
6010,73267,73265762,11112,250,-1,-1,1,525,84.8,0,-1.0,0,0,0,639,359
6011,73278,73276868,11106,250,-1,-1,1,528,85.0,0,-1.0,0,0,0,639,359
6012,73289,73287976,11108,250,-1,-1,1,526,85.1,0,-1.0,0,0,0,639,359
6013,73300,73299089,11113,250,-1,-1,1,529,85.2,1,-1.0,0,0,0,639,359
6014,73311,73310200,11111,250,-1,-1,1,524,85.2,0,-1.0,0,0,0,639,359
6015,73322,73321309,11109,250,-1,-1,1,544,85.2,0,-1.0,0,0,0,639,359
6016,73333,73332417,11108,250,-1,-1,1,525,85.3,0,-1.0,0,0,0,639,359
6017,73344,73343530,11113,250,-1,-1,1,631,85.4,0,-1.0,0,0,0,639,359
6018,73356,73354631,11101,250,-1,-1,1,631,85.5,0,-1.0,0,0,0,639,359
6019,73367,73365745,11114,250,-1,-1,1,637,85.5,0,-1.0,0,0,0,639,359
6020,73378,73376853,11108,250,-1,-1,1,528,85.6,0,-1.0,0,0,0,639,359
6021,73389,73387964,11111,250,-1,-1,1,527,85.7,0,-1.0,0,0,0,639,359
6022,73400,73399069,11105,250,-1,-1,1,527,85.7,1,-1.0,0,0,0,639,359
6023,73411,73410184,11115,250,-1,-1,1,579,85.7,0,-1.0,0,0,0,639,359
6024,73422,73421293,11109,250,-1,-1,1,549,85.7,0,-1.0,0,0,0,639,359
6025,73433,73432403,11110,250,-1,-1,1,526,85.8,0,-1.0,0,0,0,639,359
6026,73444,73443514,11111,250,-1,-1,1,631,85.9,0,-1.0,0,0,0,639,359
6027,73456,73454616,11102,250,-1,-1,1,633,85.9,0,-1.0,0,0,0,639,359
6028,73467,73465726,11110,250,-1,-1,1,636,86.0,0,-1.0,0,0,0,639,359
6029,73478,73476840,11114,250,-1,-1,1,526,86.0,0,-1.0,0,0,0,639,359
6030,73536,73487940,11100,250,-1,-1,1,608,82.1,0,-1.0,0,0,0,639,359
6031,73600,73599026,111086,250,-1,-1,1,591,15.6,1,-1.0,0,0,0,639,359
6032,73611,73610151,11125,250,-1,-1,1,545,26.7,0,-1.0,0,0,0,639,359
6033,73622,73621260,11109,250,-1,-1,1,546,34.9,0,-1.0,0,0,0,639,359
6034,73633,73632366,11106,250,-1,-1,1,628,41.2,0,-1.0,0,0,0,639,359
6035,73644,73643478,11112,250,-1,-1,1,526,46.3,0,-1.0,0,0,0,639,359
6036,73655,73654585,11107,250,-1,-1,1,631,50.4,0,-1.0,0,0,0,639,359
6037,73667,73665799,11214,250,-1,-1,1,528,53.8,0,-1.0,0,0,0,639,359
6038,73678,73676802,11003,250,-1,-1,1,528,56.7,0,-1.0,0,0,0,639,359
6039,73689,73687905,11103,250,-1,-1,1,526,59.2,0,-1.0,0,0,0,639,359
6040,73700,73699020,11115,250,-1,-1,1,525,61.3,1,-1.0,0,0,0,639,359
6041,73711,73710134,11114,250,-1,-1,1,547,62.9,0,-1.0,0,0,0,639,359
6042,73722,73721242,11108,250,-1,-1,1,546,64.5,0,-1.0,0,0,0,639,359
6043,73733,73732348,11106,250,-1,-1,1,528,66.0,0,-1.0,0,0,0,639,359
6044,73744,73743460,11112,250,-1,-1,1,629,67.3,0,-1.0,0,0,0,639,359
6045,73755,73754567,11107,250,-1,-1,1,633,68.5,0,-1.0,0,0,0,639,359
6046,73767,73765678,11111,250,-1,-1,1,525,69.3,0,-1.0,0,0,0,639,359
6047,73778,73776784,11106,250,-1,-1,1,528,70.5,0,-1.0,0,0,0,639,359
6048,73789,73787895,11111,250,-1,-1,1,526,71.4,0,-1.0,0,0,0,639,359
6049,73800,73798998,11103,250,-1,-1,1,527,72.2,1,-1.0,0,0,0,639,359
6050,73811,73810114,11116,250,-1,-1,1,546,72.7,0,-1.0,0,0,0,639,359
6051,73822,73821222,11108,250,-1,-1,1,545,73.4,0,-1.0,0,0,0,639,359
6052,73833,73832335,11113,250,-1,-1,1,525,74.1,0,-1.0,0,0,0,639,359
6053,73844,73843443,11108,250,-1,-1,1,632,74.7,0,-1.0,0,0,0,639,359
6054,73855,73854550,11107,250,-1,-1,1,632,75.2,0,-1.0,0,0,0,639,359
6055,73866,73865657,11107,250,-1,-1,1,527,75.8,0,-1.0,0,0,0,639,359
6056,73878,73876770,11113,250,-1,-1,1,528,76.2,0,-1.0,0,0,0,639,359
6057,73889,73887874,11104,250,-1,-1,1,527,76.7,0,-1.0,0,0,0,639,359
6058,73900,73898987,11113,250,-1,-1,1,527,77.1,1,-1.0,0,0,0,639,359
6059,73911,73910097,11110,250,-1,-1,1,531,77.5,0,-1.0,0,0,0,639,359
6060,73922,73921206,11109,250,-1,-1,1,545,77.7,0,-1.0,0,0,0,639,359
6061,73933,73932313,11107,250,-1,-1,1,526,78.1,0,-1.0,0,0,0,639,359
6062,73944,73943423,11110,250,-1,-1,1,606,78.4,0,-1.0,0,0,0,639,359
6063,73955,73954532,11109,250,-1,-1,1,631,78.8,0,-1.0,0,0,0,639,359
6064,73966,73965643,11111,250,-1,-1,1,638,79.1,0,-1.0,0,0,0,639,359
6065,73978,73976749,11106,250,-1,-1,1,525,79.4,0,-1.0,0,0,0,639,359
6066,73989,73987861,11112,250,-1,-1,1,529,79.6,0,-1.0,0,0,0,639,359
6067,74000,73998967,11106,250,-1,-1,1,528,79.9,1,-1.0,0,0,0,639,359
6068,74011,74010083,11116,250,-1,-1,1,536,80.2,0,-1.0,0,0,0,639,359
6069,74022,74021187,11104,250,-1,-1,1,531,80.2,0,-1.0,0,0,0,639,359
6070,74033,74032295,11108,250,-1,-1,1,526,80.5,0,-1.0,0,0,0,639,359
6071,74044,74043407,11112,250,-1,-1,1,627,80.7,0,-1.0,0,0,0,639,359
6072,74055,74054519,11112,250,-1,-1,1,631,80.9,0,-1.0,0,0,0,639,359
6073,74066,74065624,11105,250,-1,-1,1,632,81.1,0,-1.0,0,0,0,639,359
6074,74078,74076735,11111,250,-1,-1,1,526,81.3,0,-1.0,0,0,0,639,359
6075,74089,74087841,11106,250,-1,-1,1,525,81.5,0,-1.0,0,0,0,639,359
6076,74100,74098952,11111,250,-1,-1,1,528,81.7,1,-1.0,0,0,0,639,359
6077,74111,74110062,11110,250,-1,-1,1,543,81.9,0,-1.0,0,0,0,639,359
6078,74122,74121174,11112,250,-1,-1,1,540,81.9,0,-1.0,0,0,0,639,359
6079,74133,74132280,11106,250,-1,-1,1,528,82.1,0,-1.0,0,0,0,639,359
6080,74144,74143392,11112,250,-1,-1,1,625,82.2,0,-1.0,0,0,0,639,359
6081,74155,74154493,11101,250,-1,-1,1,629,82.4,0,-1.0,0,0,0,639,359
6082,74166,74165609,11116,250,-1,-1,1,635,82.5,0,-1.0,0,0,0,639,359
6083,74178,74176712,11103,250,-1,-1,1,529,82.7,0,-1.0,0,0,0,639,359
6084,74189,74187825,11113,250,-1,-1,1,526,82.8,0,-1.0,0,0,0,639,359
6085,74200,74198932,11107,250,-1,-1,1,526,83.0,1,-1.0,0,0,0,639,359
6086,74211,74210048,11116,250,-1,-1,1,546,83.1,0,-1.0,0,0,0,639,359
6087,74222,74221154,11106,250,-1,-1,1,545,83.1,0,-1.0,0,0,0,639,359
6088,74233,74232266,11112,250,-1,-1,1,526,83.2,0,-1.0,0,0,0,639,359
6089,74244,74243376,11110,250,-1,-1,1,630,83.3,0,-1.0,0,0,0,639,359
6090,74255,74254479,11103,250,-1,-1,1,633,83.4,0,-1.0,0,0,0,639,359
6091,74266,74265587,11108,250,-1,-1,1,633,83.6,0,-1.0,0,0,0,639,359
6092,74278,74276700,11113,250,-1,-1,1,529,83.7,0,-1.0,0,0,0,639,359
6093,74289,74287804,11104,250,-1,-1,1,526,83.8,0,-1.0,0,0,0,639,359
6094,74300,74298918,11114,250,-1,-1,1,526,83.9,1,-1.0,0,0,0,639,359
6095,74311,74310029,11111,250,-1,-1,1,549,84.0,0,-1.0,0,0,0,639,359
6096,74322,74321138,11109,250,-1,-1,1,545,84.0,0,-1.0,0,0,0,639,359
6097,74333,74332246,11108,250,-1,-1,1,524,84.1,0,-1.0,0,0,0,639,359
6098,74344,74343362,11116,250,-1,-1,1,635,84.2,0,-1.0,0,0,0,639,359
6099,74355,74354462,11100,250,-1,-1,1,635,84.2,0,-1.0,0,0,0,639,359
6100,74366,74365575,11113,250,-1,-1,1,636,84.3,0,-1.0,0,0,0,639,359
6101,74377,74376681,11106,250,-1,-1,1,526,84.4,0,-1.0,0,0,0,639,359
6102,74389,74387788,11107,250,-1,-1,1,528,84.5,0,-1.0,0,0,0,639,359
6103,74400,74398898,11110,250,-1,-1,1,529,84.6,1,-1.0,0,0,0,639,359
6104,74411,74410013,11115,250,-1,-1,1,536,84.7,0,-1.0,0,0,0,639,359
6105,74422,74421119,11106,250,-1,-1,1,534,84.7,0,-1.0,0,0,0,639,359
6106,74433,74432231,11112,250,-1,-1,1,526,84.7,0,-1.0,0,0,0,639,359
6107,74444,74443337,11106,250,-1,-1,1,628,84.8,0,-1.0,0,0,0,639,359
6108,74455,74454447,11110,250,-1,-1,1,630,84.9,0,-1.0,0,0,0,639,359
6109,74466,74465557,11110,250,-1,-1,1,535,84.9,0,-1.0,0,0,0,639,359
6110,74478,74476668,11111,250,-1,-1,1,524,85.0,0,-1.0,0,0,0,639,359
6111,74489,74487771,11103,250,-1,-1,1,524,85.1,0,-1.0,0,0,0,639,359
6112,74500,74498882,11111,250,-1,-1,1,526,85.2,1,-1.0,0,0,0,639,359
6113,74511,74509994,11112,250,-1,-1,1,544,85.2,0,-1.0,0,0,0,639,359
6114,74522,74521100,11106,250,-1,-1,1,546,85.3,0,-1.0,0,0,0,639,359
6115,74533,74532213,11113,250,-1,-1,1,525,85.3,0,-1.0,0,0,0,639,359
6116,74544,74543327,11114,250,-1,-1,1,634,85.3,0,-1.0,0,0,0,639,359
6117,74580,74576813,33486,250,-1,-1,1,612,28.6,0,-1.0,0,0,0,639,359
6118,74589,74587756,10943,250,-1,-1,1,528,45.5,0,-1.0,0,0,0,639,359
6119,74600,74598864,11108,250,-1,-1,1,526,54.5,0,-1.0,0,0,0,639,359
6120,74670,74609975,11111,250,-1,-1,1,608,31.7,0,-1.0,0,0,0,639,359
6121,74671,74665504,55529,250,-1,-1,1,600,39.4,1,-1.0,0,0,0,639,359
6122,74677,74676643,11139,250,-1,-1,1,634,45.1,0,-1.0,0,0,0,639,359
6123,74689,74687742,11099,250,-1,-1,1,527,48.6,0,-1.0,0,0,0,639,359
6124,74700,74698853,11111,250,-1,-1,1,524,51.6,0,-1.0,0,0,0,639,359
6125,74711,74709955,11102,250,-1,-1,1,631,54.2,0,-1.0,0,0,0,639,359
6126,74722,74721070,11115,250,-1,-1,1,537,56.5,0,-1.0,0,0,0,639,359
6127,74733,74732177,11107,250,-1,-1,1,527,58.2,0,-1.0,0,0,0,639,359
6128,74744,74743290,11113,250,-1,-1,1,528,60.0,0,-1.0,0,0,0,639,359
6129,74755,74754398,11108,250,-1,-1,1,630,61.6,0,-1.0,0,0,0,639,359
6130,74766,74765505,11107,250,-1,-1,1,525,63.1,1,-1.0,0,0,0,639,359
6131,74777,74776619,11114,250,-1,-1,1,632,64.4,0,-1.0,0,0,0,639,359
6132,74789,74787728,11109,250,-1,-1,1,618,65.6,0,-1.0,0,0,0,639,359
6133,74800,74798831,11103,250,-1,-1,1,545,66.7,0,-1.0,0,0,0,639,359
6134,74811,74809942,11111,250,-1,-1,1,539,67.7,0,-1.0,0,0,0,639,359
6135,74822,74821051,11109,250,-1,-1,1,602,68.3,0,-1.0,0,0,0,639,359
6136,74833,74832161,11110,250,-1,-1,1,527,69.2,0,-1.0,0,0,0,639,359
6137,74844,74843266,11105,250,-1,-1,1,636,70.0,0,-1.0,0,0,0,639,359
6138,74855,74854375,11109,250,-1,-1,1,528,70.7,0,-1.0,0,0,0,639,359
6139,74866,74865483,11108,250,-1,-1,1,527,71.4,1,-1.0,0,0,0,639,359
6140,74877,74876601,11118,250,-1,-1,1,527,72.1,0,-1.0,0,0,0,639,359
6141,74889,74887708,11107,250,-1,-1,1,545,72.7,0,-1.0,0,0,0,639,359
6142,74900,74898819,11111,250,-1,-1,1,525,73.0,0,-1.0,0,0,0,639,359
6143,74911,74909924,11105,250,-1,-1,1,634,73.8,0,-1.0,0,0,0,639,359
6144,74922,74921035,11111,250,-1,-1,1,637,74.1,0,-1.0,0,0,0,639,359
6145,74933,74932143,11108,250,-1,-1,1,527,74.6,0,-1.0,0,0,0,639,359
6146,74944,74943250,11107,250,-1,-1,1,526,75.0,0,-1.0,0,0,0,639,359
6147,74955,74954355,11105,250,-1,-1,1,525,75.4,0,-1.0,0,0,0,639,359
6148,74966,74965470,11115,250,-1,-1,1,529,75.8,1,-1.0,0,0,0,639,359
6149,74977,74976577,11107,250,-1,-1,1,538,76.2,0,-1.0,0,0,0,639,359
6150,74989,74987693,11116,250,-1,-1,1,531,76.6,0,-1.0,0,0,0,639,359
6151,75000,74998797,11104,250,-1,-1,1,527,76.9,0,-1.0,0,0,0,639,359
6152,75011,75009911,11114,250,-1,-1,1,632,77.3,0,-1.0,0,0,0,639,359
6153,75022,75021017,11106,250,-1,-1,1,528,77.6,0,-1.0,0,0,0,639,359
6154,75033,75032124,11107,250,-1,-1,1,633,77.7,0,-1.0,0,0,0,639,359
6155,75044,75043235,11111,250,-1,-1,1,527,78.0,0,-1.0,0,0,0,639,359
6156,75055,75054343,11108,250,-1,-1,1,525,78.3,0,-1.0,0,0,0,639,359
6157,75066,75065447,11104,250,-1,-1,1,527,78.5,1,-1.0,0,0,0,639,359
6158,75077,75076566,11119,250,-1,-1,1,546,78.8,0,-1.0,0,0,0,639,359
6159,75089,75087671,11105,250,-1,-1,1,546,79.0,0,-1.0,0,0,0,639,359
6160,75100,75098782,11111,250,-1,-1,1,631,79.3,0,-1.0,0,0,0,639,359
6161,75111,75109889,11107,250,-1,-1,1,525,79.4,0,-1.0,0,0,0,639,359
6162,75122,75120997,11108,250,-1,-1,1,627,79.7,0,-1.0,0,0,0,639,359
6163,75133,75132108,11111,250,-1,-1,1,610,79.8,0,-1.0,0,0,0,639,359
6164,75144,75143216,11108,250,-1,-1,1,527,80.0,0,-1.0,0,0,0,639,359
6165,75155,75154322,11106,250,-1,-1,1,528,80.2,0,-1.0,0,0,0,639,359
6166,75166,75165432,11110,250,-1,-1,1,527,80.4,1,-1.0,0,0,0,639,359
6167,75177,75176547,11115,250,-1,-1,1,547,80.6,0,-1.0,0,0,0,639,359
6168,75188,75187656,11109,250,-1,-1,1,546,80.7,0,-1.0,0,0,0,639,359
6169,75200,75198764,11108,250,-1,-1,1,526,80.8,0,-1.0,0,0,0,639,359
6170,75211,75209872,11108,250,-1,-1,1,630,81.1,0,-1.0,0,0,0,639,359
6171,75222,75220982,11110,250,-1,-1,1,635,81.2,0,-1.0,0,0,0,639,359
6172,75233,75232093,11111,250,-1,-1,1,526,81.4,0,-1.0,0,0,0,639,359
6173,75244,75243196,11103,250,-1,-1,1,527,81.4,0,-1.0,0,0,0,639,359
6174,75255,75254311,11115,250,-1,-1,1,528,81.6,0,-1.0,0,0,0,639,359
6175,75266,75265415,11104,250,-1,-1,1,527,81.7,1,-1.0,0,0,0,639,359
6176,75277,75276530,11115,250,-1,-1,1,546,81.9,0,-1.0,0,0,0,639,359
6177,75288,75287638,11108,250,-1,-1,1,543,82.0,0,-1.0,0,0,0,639,359
6178,75300,75298750,11112,250,-1,-1,1,526,82.0,0,-1.0,0,0,0,639,359
6179,75311,75309858,11108,250,-1,-1,1,634,82.2,0,-1.0,0,0,0,639,359
6180,75322,75320965,11107,250,-1,-1,1,632,82.4,0,-1.0,0,0,0,639,359
6181,75333,75332077,11112,250,-1,-1,1,525,82.5,0,-1.0,0,0,0,639,359
6182,75344,75343182,11105,250,-1,-1,1,525,82.5,0,-1.0,0,0,0,639,359
6183,75355,75354290,11108,250,-1,-1,1,527,82.6,0,-1.0,0,0,0,639,359
6184,75366,75365404,11114,250,-1,-1,1,527,82.7,1,-1.0,0,0,0,639,359
6185,75377,75376509,11105,250,-1,-1,1,534,82.8,0,-1.0,0,0,0,639,359
6186,75388,75387621,11112,250,-1,-1,1,531,82.9,0,-1.0,0,0,0,639,359
6187,75400,75398726,11105,250,-1,-1,1,525,82.9,0,-1.0,0,0,0,639,359
6188,75411,75409840,11114,250,-1,-1,1,629,83.1,0,-1.0,0,0,0,639,359
6189,75422,75420945,11105,250,-1,-1,1,526,83.2,0,-1.0,0,0,0,639,359
6190,75433,75432059,11114,250,-1,-1,1,627,83.2,0,-1.0,0,0,0,639,359
6191,75444,75443166,11107,250,-1,-1,1,527,83.3,0,-1.0,0,0,0,639,359
6192,75455,75454277,11111,250,-1,-1,1,525,83.4,0,-1.0,0,0,0,639,359
6193,75466,75465385,11108,250,-1,-1,1,523,83.5,1,-1.0,0,0,0,639,359
6194,75477,75476496,11111,250,-1,-1,1,545,83.6,0,-1.0,0,0,0,639,359
6195,75488,75487601,11105,250,-1,-1,1,543,83.7,0,-1.0,0,0,0,639,359
6196,75500,75498716,11115,250,-1,-1,1,524,83.7,0,-1.0,0,0,0,639,359
6197,75511,75509821,11105,250,-1,-1,1,625,83.9,0,-1.0,0,0,0,639,359
6198,75522,75520928,11107,250,-1,-1,1,634,83.9,0,-1.0,0,0,0,639,359
6199,75533,75532042,11114,250,-1,-1,1,555,84.0,0,-1.0,0,0,0,639,359
6200,75544,75543148,11106,250,-1,-1,1,526,84.1,0,-1.0,0,0,0,639,359
6201,75555,75554262,11114,250,-1,-1,1,526,90.9,0,-1.0,0,0,0,639,359
6202,75566,75565367,11105,250,-1,-1,1,525,90.9,1,-1.0,0,0,0,639,359
6203,75577,75576480,11113,250,-1,-1,1,547,90.9,0,-1.0,0,0,0,639,359
6204,75588,75587586,11106,250,-1,-1,1,546,90.9,0,-1.0,0,0,0,639,359
6205,75600,75598693,11107,250,-1,-1,1,631,90.9,0,-1.0,0,0,0,639,359
6206,75611,75609805,11112,250,-1,-1,1,528,90.9,0,-1.0,0,0,0,639,359
6207,75622,75620913,11108,250,-1,-1,1,624,90.9,0,-1.0,0,0,0,639,359
6208,75633,75632025,11112,250,-1,-1,1,526,90.9,0,-1.0,0,0,0,639,359
6209,75644,75643127,11102,250,-1,-1,1,523,90.9,0,-1.0,0,0,0,639,359
6210,75726,75654238,11111,250,-1,-1,1,608,55.2,0,-1.0,0,0,0,639,359
6211,75727,75720885,66647,250,-1,-1,1,600,60.4,1,-1.0,0,0,0,639,359
6212,75733,75732015,11130,250,-1,-1,1,630,63.8,0,-1.0,0,0,0,639,359
6213,75744,75743114,11099,250,-1,-1,1,528,65.3,0,-1.0,0,0,0,639,359
6214,75755,75754219,11105,250,-1,-1,1,526,66.4,0,-1.0,0,0,0,639,359
6215,75766,75765334,11115,250,-1,-1,1,634,67.6,0,-1.0,0,0,0,639,359
6216,75777,75776444,11110,250,-1,-1,1,525,68.7,0,-1.0,0,0,0,639,359
6217,75788,75787555,11111,250,-1,-1,1,531,69.7,0,-1.0,0,0,0,639,359
6218,75799,75798660,11105,250,-1,-1,1,546,70.6,0,-1.0,0,0,0,639,359
6219,75811,75809881,11221,250,-1,-1,1,634,71.4,0,-1.0,0,0,0,639,359
6220,75822,75820884,11003,250,-1,-1,1,525,72.2,1,-1.0,0,0,0,639,359
6221,75833,75831992,11108,250,-1,-1,1,632,72.9,0,-1.0,0,0,0,639,359
6222,75844,75843097,11105,250,-1,-1,1,526,73.6,0,-1.0,0,0,0,639,359
6223,75855,75854211,11114,250,-1,-1,1,545,74.0,0,-1.0,0,0,0,639,359
6224,75866,75865314,11103,250,-1,-1,1,545,74.5,0,-1.0,0,0,0,639,359
6225,75877,75876426,11112,250,-1,-1,1,631,75.1,0,-1.0,0,0,0,639,359
6226,75888,75887536,11110,250,-1,-1,1,527,75.6,0,-1.0,0,0,0,639,359
6227,75899,75898646,11110,250,-1,-1,1,634,76.1,0,-1.0,0,0,0,639,359
6228,75911,75909921,11275,250,-1,-1,1,529,76.5,0,-1.0,0,0,0,639,359
6229,75922,75920864,10943,250,-1,-1,1,526,76.9,1,-1.0,0,0,0,639,359
6230,75933,75931971,11107,250,-1,-1,1,548,77.3,0,-1.0,0,0,0,639,359
6231,75944,75943081,11110,250,-1,-1,1,571,77.7,0,-1.0,0,0,0,639,359
6232,75955,75954189,11108,250,-1,-1,1,525,77.9,0,-1.0,0,0,0,639,359
6233,75966,75965299,11110,250,-1,-1,1,632,78.2,0,-1.0,0,0,0,639,359
6234,75977,75976409,11110,250,-1,-1,1,637,78.5,0,-1.0,0,0,0,639,359
6235,75988,75987517,11108,250,-1,-1,1,525,78.8,0,-1.0,0,0,0,639,359
6236,75999,75998624,11107,250,-1,-1,1,526,79.1,0,-1.0,0,0,0,639,359
6237,76011,76009732,11108,250,-1,-1,1,526,79.4,0,-1.0,0,0,0,639,359
6238,76022,76020848,11116,250,-1,-1,1,524,79.7,1,-1.0,0,0,0,639,359
6239,76033,76031962,11114,250,-1,-1,1,546,79.9,0,-1.0,0,0,0,639,359
6240,76044,76043063,11101,250,-1,-1,1,545,80.2,0,-1.0,0,0,0,639,359
6241,76056,76054173,11110,250,-1,-1,1,523,80.2,0,-1.0,0,0,0,639,359
6242,76066,76065279,11106,250,-1,-1,1,630,80.5,0,-1.0,0,0,0,639,359
6243,76077,76076391,11112,250,-1,-1,1,527,80.7,0,-1.0,0,0,0,639,359
6244,76088,76087498,11107,250,-1,-1,1,630,80.9,0,-1.0,0,0,0,639,359
6245,76099,76098608,11110,250,-1,-1,1,527,81.1,0,-1.0,0,0,0,639,359
6246,76111,76109713,11105,250,-1,-1,1,528,81.3,0,-1.0,0,0,0,639,359
6247,76122,76120829,11116,250,-1,-1,1,525,81.5,1,-1.0,0,0,0,639,359
6248,76133,76131939,11110,250,-1,-1,1,545,81.6,0,-1.0,0,0,0,639,359
6249,76144,76143048,11109,250,-1,-1,1,546,81.8,0,-1.0,0,0,0,639,359
6250,76156,76154157,11109,250,-1,-1,1,526,81.8,0,-1.0,0,0,0,639,359
6251,76166,76165270,11113,250,-1,-1,1,631,82.0,0,-1.0,0,0,0,639,359
6252,76177,76176375,11105,250,-1,-1,1,635,82.1,0,-1.0,0,0,0,639,359
6253,76188,76187485,11110,250,-1,-1,1,529,82.3,0,-1.0,0,0,0,639,359
6254,76199,76198590,11105,250,-1,-1,1,527,82.4,0,-1.0,0,0,0,639,359
6255,76211,76209702,11112,250,-1,-1,1,528,82.6,0,-1.0,0,0,0,639,359
6256,76222,76220806,11104,250,-1,-1,1,527,82.7,1,-1.0,0,0,0,639,359
6257,76233,76231923,11117,250,-1,-1,1,546,82.8,0,-1.0,0,0,0,639,359
6258,76244,76243031,11108,250,-1,-1,1,544,83.0,0,-1.0,0,0,0,639,359
6259,76256,76254138,11107,250,-1,-1,1,526,83.0,0,-1.0,0,0,0,639,359
6260,76266,76265246,11108,250,-1,-1,1,633,83.1,0,-1.0,0,0,0,639,359
6261,76277,76276359,11113,250,-1,-1,1,525,83.2,0,-1.0,0,0,0,639,359
6262,76288,76287466,11107,250,-1,-1,1,633,83.3,0,-1.0,0,0,0,639,359
6263,76299,76298576,11110,250,-1,-1,1,527,83.4,0,-1.0,0,0,0,639,359
6264,76311,76309682,11106,250,-1,-1,1,525,83.4,0,-1.0,0,0,0,639,359
6265,76322,76320792,11110,250,-1,-1,1,529,83.7,1,-1.0,0,0,0,639,359
6266,76333,76331906,11114,250,-1,-1,1,539,83.8,0,-1.0,0,0,0,639,359
6267,76344,76343012,11106,250,-1,-1,1,533,83.9,0,-1.0,0,0,0,639,359
6268,76355,76354122,11110,250,-1,-1,1,532,84.0,0,-1.0,0,0,0,639,359
6269,76366,76365233,11111,250,-1,-1,1,630,83.9,0,-1.0,0,0,0,639,359
6270,76377,76376421,11188,250,-1,-1,1,639,84.0,0,-1.0,0,0,0,639,359
6271,76388,76387452,11031,250,-1,-1,1,634,84.1,0,-1.0,0,0,0,639,359
6272,76399,76398558,11106,250,-1,-1,1,526,84.2,0,-1.0,0,0,0,639,359
6273,76410,76409667,11109,250,-1,-1,1,525,84.3,0,-1.0,0,0,0,639,359
6274,76422,76420777,11110,250,-1,-1,1,526,84.4,1,-1.0,0,0,0,639,359
6275,76433,76431888,11111,250,-1,-1,1,547,84.5,0,-1.0,0,0,0,639,359
6276,76444,76442996,11108,250,-1,-1,1,542,84.5,0,-1.0,0,0,0,639,359
6277,76455,76454107,11111,250,-1,-1,1,536,84.6,0,-1.0,0,0,0,639,359
6278,76466,76465213,11106,250,-1,-1,1,635,84.6,0,-1.0,0,0,0,639,359
6279,76477,76476322,11109,250,-1,-1,1,526,84.7,0,-1.0,0,0,0,639,359
6280,76488,76487427,11105,250,-1,-1,1,633,84.7,0,-1.0,0,0,0,639,359
6281,76499,76498545,11118,250,-1,-1,1,526,84.8,0,-1.0,0,0,0,639,359
6282,76510,76509650,11105,250,-1,-1,1,526,84.9,0,-1.0,0,0,0,639,359
6283,76522,76520757,11107,250,-1,-1,1,525,85.0,1,-1.0,0,0,0,639,359
6284,76533,76531867,11110,250,-1,-1,1,545,85.0,0,-1.0,0,0,0,639,359
6285,76544,76542979,11112,250,-1,-1,1,550,85.1,0,-1.0,0,0,0,639,359
6286,76555,76554087,11108,250,-1,-1,1,545,85.1,0,-1.0,0,0,0,639,359
6287,76600,76598504,44417,250,-1,-1,1,525,22.2,0,-1.0,0,0,0,639,359
6288,76610,76609634,11130,250,-1,-1,1,528,36.4,0,-1.0,0,0,0,639,359
6289,76622,76620740,11106,250,-1,-1,1,525,45.5,0,-1.0,0,0,0,639,359
6290,76633,76631851,11111,250,-1,-1,1,524,51.9,0,-1.0,0,0,0,639,359
6291,76644,76642955,11104,250,-1,-1,1,524,56.8,0,-1.0,0,0,0,639,359
6292,76655,76654065,11110,250,-1,-1,1,525,60.6,1,-1.0,0,0,0,639,359
6293,76666,76665180,11115,250,-1,-1,1,545,63.1,0,-1.0,0,0,0,639,359
6294,76677,76676288,11108,250,-1,-1,1,547,65.6,0,-1.0,0,0,0,639,359
6295,76688,76687395,11107,250,-1,-1,1,542,67.7,0,-1.0,0,0,0,639,359
6296,76699,76698507,11112,250,-1,-1,1,628,69.4,0,-1.0,0,0,0,639,359
6297,76711,76709648,11141,250,-1,-1,1,636,71.0,0,-1.0,0,0,0,639,359
6298,76722,76720725,11077,250,-1,-1,1,631,72.3,0,-1.0,0,0,0,639,359
6299,76733,76731833,11108,250,-1,-1,1,527,73.4,0,-1.0,0,0,0,639,359
6300,76829,76742942,11109,250,-1,-1,1,613,51.1,0,-1.0,0,0,0,639,359
6301,76830,76820691,77749,250,-1,-1,1,601,54.7,1,-1.0,0,0,0,639,359
6302,76833,76831810,11119,250,-1,-1,1,608,57.6,0,-1.0,0,0,0,639,359
6303,76844,76842926,11116,250,-1,-1,1,526,59.0,0,-1.0,0,0,0,639,359
6304,76855,76854037,11111,250,-1,-1,1,526,60.2,0,-1.0,0,0,0,639,359
6305,76866,76865142,11105,250,-1,-1,1,524,61.3,0,-1.0,0,0,0,639,359
6306,76877,76876253,11111,250,-1,-1,1,632,62.1,0,-1.0,0,0,0,639,359
6307,76888,76887359,11106,250,-1,-1,1,624,63.1,0,-1.0,0,0,0,639,359
6308,76899,76898475,11116,250,-1,-1,1,545,64.0,0,-1.0,0,0,0,639,359
6309,76910,76909582,11107,250,-1,-1,1,545,64.8,0,-1.0,0,0,0,639,359
6310,76922,76920692,11110,250,-1,-1,1,633,65.6,1,-1.0,0,0,0,639,359
6311,76933,76931801,11109,250,-1,-1,1,527,66.3,0,-1.0,0,0,0,639,359
6312,76944,76942906,11105,250,-1,-1,1,525,67.0,0,-1.0,0,0,0,639,359
6313,76955,76954017,11111,250,-1,-1,1,636,67.5,0,-1.0,0,0,0,639,359
6314,76966,76965128,11111,250,-1,-1,1,547,68.1,0,-1.0,0,0,0,639,359
6315,76977,76976234,11106,250,-1,-1,1,547,68.7,0,-1.0,0,0,0,639,359
6316,76988,76987349,11115,250,-1,-1,1,543,69.3,0,-1.0,0,0,0,639,359
6317,76999,76998455,11106,250,-1,-1,1,632,69.8,0,-1.0,0,0,0,639,359
6318,77010,77009570,11115,250,-1,-1,1,527,70.3,0,-1.0,0,0,0,639,359
6319,77022,77020673,11103,250,-1,-1,1,630,70.8,1,-1.0,0,0,0,639,359
6320,77033,77031784,11111,250,-1,-1,1,548,71.3,0,-1.0,0,0,0,639,359
6321,77044,77042893,11109,250,-1,-1,1,544,71.7,0,-1.0,0,0,0,639,359
6322,77055,77054004,11111,250,-1,-1,1,546,72.1,0,-1.0,0,0,0,639,359
6323,77066,77065107,11103,250,-1,-1,1,631,72.4,0,-1.0,0,0,0,639,359
6324,77077,77076220,11113,250,-1,-1,1,525,72.8,0,-1.0,0,0,0,639,359
6325,77088,77087331,11111,250,-1,-1,1,633,73.2,0,-1.0,0,0,0,639,359
6326,77099,77098442,11111,250,-1,-1,1,525,73.5,0,-1.0,0,0,0,639,359
6327,77110,77109548,11106,250,-1,-1,1,525,73.9,0,-1.0,0,0,0,639,359
6328,77121,77120654,11106,250,-1,-1,1,526,74.2,1,-1.0,0,0,0,639,359
6329,77133,77131769,11115,250,-1,-1,1,542,74.5,0,-1.0,0,0,0,639,359
6330,77144,77142875,11106,250,-1,-1,1,535,74.8,0,-1.0,0,0,0,639,359
6331,77155,77153982,11107,250,-1,-1,1,532,75.1,0,-1.0,0,0,0,639,359
6332,77166,77165091,11109,250,-1,-1,1,633,75.3,0,-1.0,0,0,0,639,359
6333,77177,77176204,11113,250,-1,-1,1,633,75.6,0,-1.0,0,0,0,639,359
6334,77188,77187311,11107,250,-1,-1,1,631,75.8,0,-1.0,0,0,0,639,359
6335,77199,77198421,11110,250,-1,-1,1,526,76.1,0,-1.0,0,0,0,639,359
6336,77210,77209524,11103,250,-1,-1,1,527,76.3,0,-1.0,0,0,0,639,359
6337,77221,77220634,11110,250,-1,-1,1,525,76.6,1,-1.0,0,0,0,639,359
6338,77233,77231751,11117,250,-1,-1,1,547,76.8,0,-1.0,0,0,0,639,359
6339,77244,77242856,11105,250,-1,-1,1,547,77.0,0,-1.0,0,0,0,639,359
6340,77255,77253967,11111,250,-1,-1,1,546,77.3,0,-1.0,0,0,0,639,359
6341,77266,77265074,11107,250,-1,-1,1,631,77.4,0,-1.0,0,0,0,639,359
6342,77277,77276309,11235,250,-1,-1,1,527,77.6,0,-1.0,0,0,0,639,359
6343,77288,77287294,10985,250,-1,-1,1,632,77.8,0,-1.0,0,0,0,639,359
6344,77299,77298406,11112,250,-1,-1,1,528,78.0,0,-1.0,0,0,0,639,359
6345,77310,77309510,11104,250,-1,-1,1,563,78.1,0,-1.0,0,0,0,639,359
6346,77321,77320620,11110,250,-1,-1,1,527,78.3,1,-1.0,0,0,0,639,359
6347,77333,77331730,11110,250,-1,-1,1,546,78.5,0,-1.0,0,0,0,639,359
6348,77344,77342845,11115,250,-1,-1,1,544,78.7,0,-1.0,0,0,0,639,359
6349,77355,77353948,11103,250,-1,-1,1,542,78.8,0,-1.0,0,0,0,639,359
6350,77366,77365061,11113,250,-1,-1,1,632,78.9,0,-1.0,0,0,0,639,359
6351,77377,77376166,11105,250,-1,-1,1,631,79.1,0,-1.0,0,0,0,639,359
6352,77388,77387276,11110,250,-1,-1,1,627,79.2,0,-1.0,0,0,0,639,359
6353,77399,77398383,11107,250,-1,-1,1,527,79.4,0,-1.0,0,0,0,639,359
6354,77410,77409492,11109,250,-1,-1,1,527,79.5,0,-1.0,0,0,0,639,359
6355,77421,77420600,11108,250,-1,-1,1,525,79.7,1,-1.0,0,0,0,639,359
6356,77433,77431719,11119,250,-1,-1,1,529,79.8,0,-1.0,0,0,0,639,359
6357,77444,77442823,11104,250,-1,-1,1,544,80.0,0,-1.0,0,0,0,639,359
6358,77455,77453933,11110,250,-1,-1,1,546,80.1,0,-1.0,0,0,0,639,359
6359,77466,77465041,11108,250,-1,-1,1,630,80.1,0,-1.0,0,0,0,639,359
6360,77477,77476151,11110,250,-1,-1,1,527,80.3,0,-1.0,0,0,0,639,359
6361,77488,77487260,11109,250,-1,-1,1,626,80.4,0,-1.0,0,0,0,639,359
6362,77499,77498373,11113,250,-1,-1,1,526,80.5,0,-1.0,0,0,0,639,359
6363,77510,77509473,11100,250,-1,-1,1,528,80.6,0,-1.0,0,0,0,639,359
6364,77521,77520585,11112,250,-1,-1,1,525,80.7,1,-1.0,0,0,0,639,359
6365,77533,77531700,11115,250,-1,-1,1,536,80.9,0,-1.0,0,0,0,639,359
6366,77544,77542807,11107,250,-1,-1,1,532,81.0,0,-1.0,0,0,0,639,359
6367,77555,77553916,11109,250,-1,-1,1,549,81.1,0,-1.0,0,0,0,639,359
6368,77566,77565026,11110,250,-1,-1,1,630,81.2,0,-1.0,0,0,0,639,359
6369,77603,77598337,33311,250,-1,-1,1,584,27.8,0,-1.0,0,0,0,639,359
6370,77610,77609464,11127,250,-1,-1,1,526,45.5,0,-1.0,0,0,0,639,359
6371,77621,77620570,11106,250,-1,-1,1,524,54.5,0,-1.0,0,0,0,639,359
6372,77632,77631683,11113,250,-1,-1,1,527,60.6,0,-1.0,0,0,0,639,359
6373,77644,77642785,11102,250,-1,-1,1,527,64.9,1,-1.0,0,0,0,639,359
6374,77655,77653899,11114,250,-1,-1,1,536,68.2,0,-1.0,0,0,0,639,359
6375,77666,77665007,11108,250,-1,-1,1,533,70.7,0,-1.0,0,0,0,639,359
6376,77677,77676119,11112,250,-1,-1,1,530,72.7,0,-1.0,0,0,0,639,359
6377,77688,77687222,11103,250,-1,-1,1,634,73.8,0,-1.0,0,0,0,639,359
6378,77699,77698403,11181,250,-1,-1,1,630,75.2,0,-1.0,0,0,0,639,359
6379,77710,77709444,11041,250,-1,-1,1,632,76.4,0,-1.0,0,0,0,639,359
6380,77721,77720558,11114,250,-1,-1,1,524,77.4,0,-1.0,0,0,0,639,359
6381,77732,77731659,11101,250,-1,-1,1,527,78.3,0,-1.0,0,0,0,639,359
6382,77744,77742769,11110,250,-1,-1,1,526,79.1,1,-1.0,0,0,0,639,359
6383,77755,77753878,11109,250,-1,-1,1,547,79.8,0,-1.0,0,0,0,639,359
6384,77766,77764989,11111,250,-1,-1,1,543,80.4,0,-1.0,0,0,0,639,359
6385,77777,77776100,11111,250,-1,-1,1,533,81.0,0,-1.0,0,0,0,639,359
6386,77788,77787209,11109,250,-1,-1,1,633,81.1,0,-1.0,0,0,0,639,359
6387,77799,77798317,11108,250,-1,-1,1,527,81.5,0,-1.0,0,0,0,639,359
6388,77810,77809428,11111,250,-1,-1,1,632,82.0,0,-1.0,0,0,0,639,359
6389,77821,77820534,11106,250,-1,-1,1,559,82.4,0,-1.0,0,0,0,639,359
6390,77928,77831646,11112,250,-1,-1,1,710,60.8,0,-1.0,0,0,0,639,359
6391,77929,77920504,88858,250,-1,-1,1,605,63.4,1,-1.0,0,0,0,639,359
6392,77932,77931622,11118,250,-1,-1,1,634,65.6,0,-1.0,0,0,0,639,359
6393,77944,77942740,11118,250,-1,-1,1,527,66.3,0,-1.0,0,0,0,639,359
6394,77955,77953841,11101,250,-1,-1,1,539,67.0,0,-1.0,0,0,0,639,359
6395,77966,77964956,11115,250,-1,-1,1,527,67.7,0,-1.0,0,0,0,639,359
6396,77977,77976062,11106,250,-1,-1,1,632,68.1,0,-1.0,0,0,0,639,359
6397,77988,77987262,11200,250,-1,-1,1,546,68.7,0,-1.0,0,0,0,639,359
6398,77999,77998283,11021,250,-1,-1,1,546,69.3,0,-1.0,0,0,0,639,359
6399,78010,78009394,11111,250,-1,-1,1,547,69.8,0,-1.0,0,0,0,639,359
6400,78021,78020504,11110,250,-1,-1,1,652,70.3,1,-1.0,0,0,0,639,359
6401,78032,78031614,11110,250,-1,-1,1,527,70.8,0,-1.0,0,0,0,639,359
6402,78044,78042716,11102,250,-1,-1,1,630,71.3,0,-1.0,0,0,0,639,359
6403,78055,78053830,11114,250,-1,-1,1,543,71.7,0,-1.0,0,0,0,639,359
6404,78066,78064939,11109,250,-1,-1,1,536,72.1,0,-1.0,0,0,0,639,359
6405,78077,78076050,11111,250,-1,-1,1,531,72.5,0,-1.0,0,0,0,639,359
6406,78088,78087160,11110,250,-1,-1,1,630,72.8,0,-1.0,0,0,0,639,359
6407,78099,78098264,11104,250,-1,-1,1,526,73.2,0,-1.0,0,0,0,639,359
6408,78110,78109375,11111,250,-1,-1,1,628,73.5,0,-1.0,0,0,0,639,359
6409,78121,78120490,11115,250,-1,-1,1,526,73.9,1,-1.0,0,0,0,639,359
6410,78132,78131596,11106,250,-1,-1,1,544,74.2,0,-1.0,0,0,0,639,359
6411,78144,78142704,11108,250,-1,-1,1,528,74.5,0,-1.0,0,0,0,639,359
6412,78155,78153814,11110,250,-1,-1,1,632,74.8,0,-1.0,0,0,0,639,359
6413,78166,78164921,11107,250,-1,-1,1,526,75.1,0,-1.0,0,0,0,639,359
6414,78177,78176033,11112,250,-1,-1,1,633,75.3,0,-1.0,0,0,0,639,359
6415,78188,78187143,11110,250,-1,-1,1,527,75.6,0,-1.0,0,0,0,639,359
6416,78199,78198245,11102,250,-1,-1,1,529,75.8,0,-1.0,0,0,0,639,359
6417,78210,78209360,11115,250,-1,-1,1,526,76.1,0,-1.0,0,0,0,639,359
6418,78221,78220464,11104,250,-1,-1,1,541,76.3,1,-1.0,0,0,0,639,359
6419,78232,78231580,11116,250,-1,-1,1,531,76.6,0,-1.0,0,0,0,639,359
6420,78244,78242684,11104,250,-1,-1,1,548,76.8,0,-1.0,0,0,0,639,359
6421,78255,78253791,11107,250,-1,-1,1,528,77.0,0,-1.0,0,0,0,639,359
6422,78266,78264902,11111,250,-1,-1,1,631,77.3,0,-1.0,0,0,0,639,359
6423,78277,78276016,11114,250,-1,-1,1,524,77.4,0,-1.0,0,0,0,639,359
6424,78288,78287122,11106,250,-1,-1,1,628,77.6,0,-1.0,0,0,0,639,359
6425,78299,78298331,11209,250,-1,-1,1,526,77.8,0,-1.0,0,0,0,639,359
6426,78310,78309337,11006,250,-1,-1,1,525,78.0,0,-1.0,0,0,0,639,359
6427,78321,78320453,11116,250,-1,-1,1,525,78.1,1,-1.0,0,0,0,639,359
6428,78332,78331559,11106,250,-1,-1,1,545,78.3,0,-1.0,0,0,0,639,359
6429,78344,78342667,11108,250,-1,-1,1,545,78.5,0,-1.0,0,0,0,639,359
6430,78355,78353781,11114,250,-1,-1,1,540,78.7,0,-1.0,0,0,0,639,359
6431,78366,78364889,11108,250,-1,-1,1,634,78.8,0,-1.0,0,0,0,639,359
6432,78377,78375994,11105,250,-1,-1,1,526,79.0,0,-1.0,0,0,0,639,359
6433,78388,78387106,11112,250,-1,-1,1,625,79.1,0,-1.0,0,0,0,639,359
6434,78399,78398365,11259,250,-1,-1,1,525,79.2,0,-1.0,0,0,0,639,359
6435,78410,78409319,10954,250,-1,-1,1,525,79.4,0,-1.0,0,0,0,639,359
6436,78421,78420432,11113,250,-1,-1,1,526,79.5,1,-1.0,0,0,0,639,359
6437,78432,78431546,11114,250,-1,-1,1,547,79.7,0,-1.0,0,0,0,639,359
6438,78443,78442654,11108,250,-1,-1,1,547,79.8,0,-1.0,0,0,0,639,359
6439,78455,78453757,11103,250,-1,-1,1,529,80.0,0,-1.0,0,0,0,639,359
6440,78466,78464867,11110,250,-1,-1,1,632,80.1,0,-1.0,0,0,0,639,359
6441,78477,78475980,11113,250,-1,-1,1,527,80.2,0,-1.0,0,0,0,639,359
6442,78488,78487089,11109,250,-1,-1,1,632,80.3,0,-1.0,0,0,0,639,359
6443,78499,78498201,11112,250,-1,-1,1,526,80.4,0,-1.0,0,0,0,639,359
6444,78510,78509301,11100,250,-1,-1,1,529,80.5,0,-1.0,0,0,0,639,359
6445,78521,78520416,11115,250,-1,-1,1,525,80.6,1,-1.0,0,0,0,639,359
6446,78532,78531529,11113,250,-1,-1,1,543,80.7,0,-1.0,0,0,0,639,359
6447,78543,78542636,11107,250,-1,-1,1,545,80.9,0,-1.0,0,0,0,639,359
6448,78555,78553737,11101,250,-1,-1,1,528,81.0,0,-1.0,0,0,0,639,359
6449,78566,78564853,11116,250,-1,-1,1,632,81.1,0,-1.0,0,0,0,639,359
6450,78577,78575959,11106,250,-1,-1,1,528,81.2,0,-1.0,0,0,0,639,359
6451,78606,78598157,22198,250,-1,-1,1,1071,33.3,0,-1.0,0,0,0,639,359
6452,78610,78609286,11129,250,-1,-1,1,527,58.8,0,-1.0,0,0,0,639,359
6453,78621,78620398,11112,250,-1,-1,1,528,66.7,0,-1.0,0,0,0,639,359
6454,78632,78631506,11108,250,-1,-1,1,527,71.4,1,-1.0,0,0,0,639,359
6455,78643,78642616,11110,250,-1,-1,1,530,74.6,0,-1.0,0,0,0,639,359
6456,78655,78653726,11110,250,-1,-1,1,548,76.9,0,-1.0,0,0,0,639,359
6457,78666,78664834,11108,250,-1,-1,1,546,78.7,0,-1.0,0,0,0,639,359
6458,78677,78675945,11111,250,-1,-1,1,629,80.0,0,-1.0,0,0,0,639,359
6459,78688,78687050,11105,250,-1,-1,1,526,81.1,0,-1.0,0,0,0,639,359
6460,78699,78698167,11117,250,-1,-1,1,636,81.3,0,-1.0,0,0,0,639,359
6461,78710,78709284,11117,250,-1,-1,1,529,82.1,0,-1.0,0,0,0,639,359
6462,78721,78720384,11100,250,-1,-1,1,528,82.8,0,-1.0,0,0,0,639,359
6463,78732,78731488,11104,250,-1,-1,1,527,83.3,1,-1.0,0,0,0,639,359
6464,78743,78742603,11115,250,-1,-1,1,535,83.8,0,-1.0,0,0,0,639,359
6465,78755,78753706,11103,250,-1,-1,1,531,84.3,0,-1.0,0,0,0,639,359
6466,78766,78764818,11112,250,-1,-1,1,529,84.7,0,-1.0,0,0,0,639,359
6467,78777,78775927,11109,250,-1,-1,1,630,85.0,0,-1.0,0,0,0,639,359
6468,78788,78787036,11109,250,-1,-1,1,525,85.3,0,-1.0,0,0,0,639,359
6469,78799,78798143,11107,250,-1,-1,1,633,85.2,0,-1.0,0,0,0,639,359
6470,78810,78809256,11113,250,-1,-1,1,525,85.5,0,-1.0,0,0,0,639,359
6471,78821,78820363,11107,250,-1,-1,1,526,85.7,0,-1.0,0,0,0,639,359
6472,78832,78831474,11111,250,-1,-1,1,525,85.9,1,-1.0,0,0,0,639,359
6473,78843,78842582,11108,250,-1,-1,1,568,86.1,0,-1.0,0,0,0,639,359
6474,78855,78853691,11109,250,-1,-1,1,540,86.3,0,-1.0,0,0,0,639,359
6475,78866,78864801,11110,250,-1,-1,1,535,86.5,0,-1.0,0,0,0,639,359
6476,78877,78875915,11114,250,-1,-1,1,631,86.7,0,-1.0,0,0,0,639,359
6477,78888,78887015,11100,250,-1,-1,1,528,86.8,0,-1.0,0,0,0,639,359
6478,78899,78898131,11116,250,-1,-1,1,628,86.7,0,-1.0,0,0,0,639,359
6479,78910,78909330,11199,250,-1,-1,1,527,86.8,0,-1.0,0,0,0,639,359
6480,79030,78920345,11015,250,-1,-1,1,816,66.1,0,-1.0,0,0,0,639,359
6481,79031,79020314,99969,250,-1,-1,1,1995,68.0,1,-1.0,0,0,0,639,359
6482,79034,79031511,11197,250,-1,-1,1,607,70.0,0,-1.0,0,0,0,639,359
6483,79043,79042552,11041,250,-1,-1,1,592,70.7,0,-1.0,0,0,0,639,359
6484,79054,79053656,11104,250,-1,-1,1,526,71.1,0,-1.0,0,0,0,639,359
6485,79066,79064767,11111,250,-1,-1,1,528,71.6,0,-1.0,0,0,0,639,359
6486,79077,79075876,11109,250,-1,-1,1,634,72.0,0,-1.0,0,0,0,639,359
6487,79088,79086986,11110,250,-1,-1,1,526,72.4,0,-1.0,0,0,0,639,359
6488,79099,79098098,11112,250,-1,-1,1,535,72.8,0,-1.0,0,0,0,639,359
6489,79110,79109204,11106,250,-1,-1,1,531,73.0,0,-1.0,0,0,0,639,359
6490,79121,79120320,11116,250,-1,-1,1,631,73.4,1,-1.0,0,0,0,639,359
6491,79132,79131424,11104,250,-1,-1,1,630,73.7,0,-1.0,0,0,0,639,359
6492,79143,79142532,11108,250,-1,-1,1,628,74.1,0,-1.0,0,0,0,639,359
6493,79154,79153640,11108,250,-1,-1,1,628,74.4,0,-1.0,0,0,0,639,359
6494,79166,79164753,11113,250,-1,-1,1,546,74.7,0,-1.0,0,0,0,639,359
6495,79177,79175858,11105,250,-1,-1,1,545,75.0,0,-1.0,0,0,0,639,359
6496,79188,79186963,11105,250,-1,-1,1,526,75.3,0,-1.0,0,0,0,639,359
6497,79199,79198077,11114,250,-1,-1,1,627,75.4,0,-1.0,0,0,0,639,359
6498,79210,79209188,11111,250,-1,-1,1,633,75.7,0,-1.0,0,0,0,639,359
6499,79221,79220298,11110,250,-1,-1,1,555,76.0,1,-1.0,0,0,0,639,359
6500,79232,79231410,11112,250,-1,-1,1,536,76.2,0,-1.0,0,0,0,639,359
6501,79243,79242512,11102,250,-1,-1,1,532,76.5,0,-1.0,0,0,0,639,359
6502,79254,79253626,11114,250,-1,-1,1,634,76.7,0,-1.0,0,0,0,639,359
6503,79266,79264733,11107,250,-1,-1,1,628,76.9,0,-1.0,0,0,0,639,359
6504,79277,79275844,11111,250,-1,-1,1,628,77.1,0,-1.0,0,0,0,639,359
6505,79288,79286953,11109,250,-1,-1,1,525,77.4,0,-1.0,0,0,0,639,359
6506,79299,79298058,11105,250,-1,-1,1,525,77.6,0,-1.0,0,0,0,639,359
6507,79310,79309167,11109,250,-1,-1,1,526,77.7,0,-1.0,0,0,0,639,359
6508,79321,79320280,11113,250,-1,-1,1,526,77.9,1,-1.0,0,0,0,639,359
6509,79332,79331387,11107,250,-1,-1,1,547,78.0,0,-1.0,0,0,0,639,359
6510,79343,79342497,11110,250,-1,-1,1,544,78.2,0,-1.0,0,0,0,639,359
6511,79354,79353608,11111,250,-1,-1,1,528,78.4,0,-1.0,0,0,0,639,359
6512,79366,79364716,11108,250,-1,-1,1,634,78.6,0,-1.0,0,0,0,639,359
6513,79377,79375822,11106,250,-1,-1,1,525,78.8,0,-1.0,0,0,0,639,359
6514,79388,79386932,11110,250,-1,-1,1,632,78.9,0,-1.0,0,0,0,639,359
6515,79399,79398137,11205,250,-1,-1,1,526,79.1,0,-1.0,0,0,0,639,359
6516,79410,79409153,11016,250,-1,-1,1,524,79.2,0,-1.0,0,0,0,639,359
6517,79421,79420259,11106,250,-1,-1,1,526,79.3,1,-1.0,0,0,0,639,359
6518,79432,79431376,11117,250,-1,-1,1,547,79.4,0,-1.0,0,0,0,639,359
6519,79443,79442481,11105,250,-1,-1,1,547,79.6,0,-1.0,0,0,0,639,359
6520,79454,79453589,11108,250,-1,-1,1,530,79.7,0,-1.0,0,0,0,639,359
6521,79466,79464695,11106,250,-1,-1,1,634,79.9,0,-1.0,0,0,0,639,359
6522,79477,79475807,11112,250,-1,-1,1,527,80.0,0,-1.0,0,0,0,639,359
6523,79488,79486918,11111,250,-1,-1,1,631,80.1,0,-1.0,0,0,0,639,359
6524,79499,79498029,11111,250,-1,-1,1,528,80.3,0,-1.0,0,0,0,639,359
6525,79510,79509131,11102,250,-1,-1,1,527,80.4,0,-1.0,0,0,0,639,359
6526,79521,79520241,11110,250,-1,-1,1,525,80.4,1,-1.0,0,0,0,639,359
6527,79532,79531352,11111,250,-1,-1,1,545,80.5,0,-1.0,0,0,0,639,359
6528,79543,79542462,11110,250,-1,-1,1,546,80.7,0,-1.0,0,0,0,639,359
6529,79554,79553570,11108,250,-1,-1,1,526,80.8,0,-1.0,0,0,0,639,359
6530,79566,79564683,11113,250,-1,-1,1,635,80.9,0,-1.0,0,0,0,639,359
6531,79577,79575791,11108,250,-1,-1,1,525,80.9,0,-1.0,0,0,0,639,359
6532,79608,79597990,22199,250,-1,-1,1,2095,31.2,0,-1.0,0,0,0,639,359
6533,79610,79609197,11207,250,-1,-1,1,525,60.6,0,-1.0,0,0,0,639,359
6534,79621,79620225,11028,250,-1,-1,1,527,68.2,0,-1.0,0,0,0,639,359
6535,79632,79631336,11111,250,-1,-1,1,529,72.7,1,-1.0,0,0,0,639,359
6536,79643,79642446,11110,250,-1,-1,1,545,75.8,0,-1.0,0,0,0,639,359
6537,79654,79653556,11110,250,-1,-1,1,546,77.9,0,-1.0,0,0,0,639,359
6538,79665,79664667,11111,250,-1,-1,1,527,79.5,0,-1.0,0,0,0,639,359
6539,79677,79675777,11110,250,-1,-1,1,632,80.8,0,-1.0,0,0,0,639,359
6540,79688,79686882,11105,250,-1,-1,1,525,81.8,0,-1.0,0,0,0,639,359
6541,79699,79697995,11113,250,-1,-1,1,633,82.6,0,-1.0,0,0,0,639,359
6542,79710,79709100,11105,250,-1,-1,1,527,83.3,0,-1.0,0,0,0,639,359
6543,79721,79720207,11107,250,-1,-1,1,529,83.3,0,-1.0,0,0,0,639,359
6544,79732,79731317,11110,250,-1,-1,1,530,83.9,1,-1.0,0,0,0,639,359
6545,79743,79742430,11113,250,-1,-1,1,536,84.3,0,-1.0,0,0,0,639,359
6546,79754,79753538,11108,250,-1,-1,1,537,84.7,0,-1.0,0,0,0,639,359
6547,79765,79764649,11111,250,-1,-1,1,535,85.1,0,-1.0,0,0,0,639,359
6548,79777,79775753,11104,250,-1,-1,1,635,85.4,0,-1.0,0,0,0,639,359
6549,79788,79786866,11113,250,-1,-1,1,528,85.3,0,-1.0,0,0,0,639,359
6550,79799,79797973,11107,250,-1,-1,1,633,86.0,0,-1.0,0,0,0,639,359
6551,79810,79809086,11113,250,-1,-1,1,539,85.8,0,-1.0,0,0,0,639,359
6552,79821,79820193,11107,250,-1,-1,1,545,86.1,0,-1.0,0,0,0,639,359
6553,79832,79831304,11111,250,-1,-1,1,543,86.3,1,-1.0,0,0,0,639,359
6554,79843,79842412,11108,250,-1,-1,1,555,86.5,0,-1.0,0,0,0,639,359
6555,79854,79853525,11113,250,-1,-1,1,545,86.6,0,-1.0,0,0,0,639,359
6556,79865,79864627,11102,250,-1,-1,1,543,86.8,0,-1.0,0,0,0,639,359
6557,79877,79875739,11112,250,-1,-1,1,639,87.0,0,-1.0,0,0,0,639,359
6558,79888,79886850,11111,250,-1,-1,1,535,87.1,0,-1.0,0,0,0,639,359
6559,79899,79897956,11106,250,-1,-1,1,635,87.0,0,-1.0,0,0,0,639,359
6560,79910,79909071,11115,250,-1,-1,1,536,87.3,0,-1.0,0,0,0,639,359
6561,79921,79920174,11103,250,-1,-1,1,536,87.2,0,-1.0,0,0,0,639,359
6562,79932,79931281,11107,250,-1,-1,1,532,87.3,1,-1.0,0,0,0,639,359
6563,79943,79942394,11113,250,-1,-1,1,554,87.4,0,-1.0,0,0,0,639,359
6564,79954,79953501,11107,250,-1,-1,1,556,87.5,0,-1.0,0,0,0,639,359
6565,79965,79964613,11112,250,-1,-1,1,540,87.6,0,-1.0,0,0,0,639,359
6566,79977,79975718,11105,250,-1,-1,1,631,87.7,0,-1.0,0,0,0,639,359
6567,79988,79986828,11110,250,-1,-1,1,526,87.8,0,-1.0,0,0,0,639,359
6568,79999,79997940,11112,250,-1,-1,1,633,87.9,0,-1.0,0,0,0,639,359
6569,80010,80009048,11108,250,-1,-1,1,529,88.0,0,-1.0,0,0,0,639,359
6570,80169,80020157,11109,250,-1,-1,1,527,65.9,0,-1.0,0,0,0,639,359
6571,80170,80164558,144401,250,-1,-1,1,521,67.6,1,-1.0,0,0,0,639,359
6572,80177,80175697,11139,250,-1,-1,1,627,68.4,0,-1.0,0,0,0,639,359
6573,80188,80186803,11106,250,-1,-1,1,526,68.9,0,-1.0,0,0,0,639,359
6574,80199,80197907,11104,250,-1,-1,1,545,69.2,0,-1.0,0,0,0,639,359
6575,80210,80209019,11112,250,-1,-1,1,546,69.6,0,-1.0,0,0,0,639,359
6576,80221,80220124,11105,250,-1,-1,1,630,69.9,0,-1.0,0,0,0,639,359
6577,80232,80231235,11111,250,-1,-1,1,609,70.2,0,-1.0,0,0,0,639,359
6578,80243,80242340,11105,250,-1,-1,1,634,70.6,0,-1.0,0,0,0,639,359
6579,80254,80253457,11117,250,-1,-1,1,632,70.9,0,-1.0,0,0,0,639,359
6580,80265,80264559,11102,250,-1,-1,1,529,71.2,1,-1.0,0,0,0,639,359
6581,80277,80275673,11114,250,-1,-1,1,535,71.5,0,-1.0,0,0,0,639,359
6582,80288,80286780,11107,250,-1,-1,1,532,71.8,0,-1.0,0,0,0,639,359
6583,80299,80297887,11107,250,-1,-1,1,549,72.1,0,-1.0,0,0,0,639,359
6584,80310,80308996,11109,250,-1,-1,1,629,72.4,0,-1.0,0,0,0,639,359
6585,80321,80320111,11115,250,-1,-1,1,529,72.6,0,-1.0,0,0,0,639,359
6586,80332,80331216,11105,250,-1,-1,1,629,72.8,0,-1.0,0,0,0,639,359
6587,80343,80342328,11112,250,-1,-1,1,604,73.1,0,-1.0,0,0,0,639,359
6588,80354,80353435,11107,250,-1,-1,1,526,73.4,0,-1.0,0,0,0,639,359
6589,80365,80364544,11109,250,-1,-1,1,526,73.6,1,-1.0,0,0,0,639,359
6590,80377,80375655,11111,250,-1,-1,1,547,73.8,0,-1.0,0,0,0,639,359
6591,80388,80386763,11108,250,-1,-1,1,547,74.1,0,-1.0,0,0,0,639,359
6592,80399,80397869,11106,250,-1,-1,1,544,74.3,0,-1.0,0,0,0,639,359
6593,80410,80408981,11112,250,-1,-1,1,629,74.5,0,-1.0,0,0,0,639,359
6594,80421,80420089,11108,250,-1,-1,1,527,74.7,0,-1.0,0,0,0,639,359
6595,80432,80431199,11110,250,-1,-1,1,635,74.9,0,-1.0,0,0,0,639,359
6596,80443,80442306,11107,250,-1,-1,1,528,75.1,0,-1.0,0,0,0,639,359
6597,80454,80453413,11107,250,-1,-1,1,529,75.3,0,-1.0,0,0,0,639,359
6598,80465,80464525,11112,250,-1,-1,1,525,75.5,1,-1.0,0,0,0,639,359
6599,80476,80475635,11110,250,-1,-1,1,546,75.6,0,-1.0,0,0,0,639,359
6600,80488,80486746,11111,250,-1,-1,1,545,75.8,0,-1.0,0,0,0,639,359
6601,80499,80497857,11111,250,-1,-1,1,548,76.0,0,-1.0,0,0,0,639,359
6602,80510,80508963,11106,250,-1,-1,1,634,76.2,0,-1.0,0,0,0,639,359
6603,80521,80520071,11108,250,-1,-1,1,524,76.3,0,-1.0,0,0,0,639,359
6604,80532,80531183,11112,250,-1,-1,1,635,76.4,0,-1.0,0,0,0,639,359
6605,80543,80542296,11113,250,-1,-1,1,528,76.6,0,-1.0,0,0,0,639,359
6606,80554,80553398,11102,250,-1,-1,1,529,76.8,0,-1.0,0,0,0,639,359
6607,80565,80564508,11110,250,-1,-1,1,527,76.9,1,-1.0,0,0,0,639,359
6608,80576,80575622,11114,250,-1,-1,1,529,77.1,0,-1.0,0,0,0,639,359
6609,80588,80586726,11104,250,-1,-1,1,527,77.2,0,-1.0,0,0,0,639,359
6610,80644,80642258,55532,250,-1,-1,1,526,17.5,0,-1.0,0,0,0,639,359
6611,80654,80653384,11126,250,-1,-1,1,529,29.9,0,-1.0,0,0,0,639,359
6612,80665,80664488,11104,250,-1,-1,1,528,38.5,0,-1.0,0,0,0,639,359
6613,80676,80675600,11112,250,-1,-1,1,528,44.9,0,-1.0,0,0,0,639,359
6614,80688,80686709,11109,250,-1,-1,1,527,50.0,0,-1.0,0,0,0,639,359
6615,80699,80697818,11109,250,-1,-1,1,526,54.1,0,-1.0,0,0,0,639,359
6616,80710,80708925,11107,250,-1,-1,1,527,57.4,1,-1.0,0,0,0,639,359
6617,80721,80720039,11114,250,-1,-1,1,546,60.2,0,-1.0,0,0,0,639,359
6618,80732,80731151,11112,250,-1,-1,1,547,62.1,0,-1.0,0,0,0,639,359
6619,80743,80742257,11106,250,-1,-1,1,546,64.1,0,-1.0,0,0,0,639,359
6620,80754,80753363,11106,250,-1,-1,1,633,65.9,0,-1.0,0,0,0,639,359
6621,80765,80764480,11117,250,-1,-1,1,526,67.4,0,-1.0,0,0,0,639,359
6622,80776,80775591,11111,250,-1,-1,1,634,68.8,0,-1.0,0,0,0,639,359
6623,80788,80786697,11106,250,-1,-1,1,526,70.0,0,-1.0,0,0,0,639,359
6624,80799,80797799,11102,250,-1,-1,1,527,71.1,0,-1.0,0,0,0,639,359
6625,80810,80808910,11111,250,-1,-1,1,527,72.1,1,-1.0,0,0,0,639,359
