seq,mono_ms,src_pts,d_pts_us,exp_us,cx,cy,roi,cost_us,captured_fps,pbm,radius,state,roi_x0,roi_y0,roi_x1,roi_y1
1,2359,2335020,0,250,-1,-1,1,570,47.6,1,-1.0,0,0,0,639,359
2,2392,2379451,44431,250,-1,-1,1,528,35.7,0,-1.0,0,0,0,639,359
3,2410,2401682,22231,250,-1,-1,1,529,40.0,0,-1.0,0,0,0,639,359
4,2419,2412784,11102,250,-1,-1,1,526,50.6,0,-1.0,0,0,0,639,359
5,2425,2423910,11126,250,-1,-1,1,525,59.5,0,-1.0,0,0,0,639,359
6,2436,2435006,11096,250,-1,-1,1,525,63.2,0,-1.0,0,0,0,639,359
7,2447,2446118,11112,250,-1,-1,1,527,65.4,0,-1.0,0,0,0,639,359
8,2458,2457223,11105,250,-1,-1,1,525,67.8,0,-1.0,0,0,0,639,359
9,2469,2468332,11109,250,-1,-1,1,530,69.8,0,-1.0,0,0,0,639,359
10,2480,2479440,11108,250,-1,-1,1,529,71.4,1,-1.0,0,0,0,639,359
11,2492,2490556,11116,250,-1,-1,1,524,72.8,0,-1.0,0,0,0,639,359
12,2503,2501658,11102,250,-1,-1,1,526,74.1,0,-1.0,0,0,0,639,359
13,2514,2512770,11112,250,-1,-1,1,526,75.1,0,-1.0,0,0,0,639,359
14,2525,2523874,11104,250,-1,-1,1,526,76.1,0,-1.0,0,0,0,639,359
15,2536,2534989,11115,250,-1,-1,1,525,76.5,0,-1.0,0,0,0,639,359
16,2547,2546097,11108,250,-1,-1,1,526,77.7,0,-1.0,0,0,0,639,359
17,2558,2557208,11111,250,-1,-1,1,525,78.0,0,-1.0,0,0,0,639,359
18,2569,2568313,11105,250,-1,-1,1,524,78.6,0,-1.0,0,0,0,639,359
19,2580,2579427,11114,250,-1,-1,1,527,79.2,1,-1.0,0,0,0,639,359
20,2591,2590535,11108,250,-1,-1,1,612,79.7,0,-1.0,0,0,0,639,359
21,2603,2601651,11116,250,-1,-1,1,526,80.2,0,-1.0,0,0,0,639,359
22,2614,2612750,11099,250,-1,-1,1,525,80.6,0,-1.0,0,0,0,639,359
23,2625,2623861,11111,250,-1,-1,1,527,81.0,0,-1.0,0,0,0,639,359
24,2636,2634969,11108,250,-1,-1,1,526,81.4,0,-1.0,0,0,0,639,359
25,2647,2646083,11114,250,-1,-1,1,525,81.7,0,-1.0,0,0,0,639,359
26,2658,2657185,11102,250,-1,-1,1,525,81.8,0,-1.0,0,0,0,639,359
27,2669,2668297,11112,250,-1,-1,1,527,82.1,0,-1.0,0,0,0,639,359
28,2680,2679406,11109,250,-1,-1,1,527,82.4,1,-1.0,0,0,0,639,359
29,2691,2690521,11115,250,-1,-1,1,528,82.6,0,-1.0,0,0,0,639,359
30,2703,2701623,11102,250,-1,-1,1,525,82.9,0,-1.0,0,0,0,639,359
31,2714,2712736,11113,250,-1,-1,1,526,83.1,0,-1.0,0,0,0,639,359
32,2725,2723839,11103,250,-1,-1,1,526,83.3,0,-1.0,0,0,0,639,359
33,2736,2734951,11112,250,-1,-1,1,526,83.5,0,-1.0,0,0,0,639,359
34,2747,2746059,11108,250,-1,-1,1,527,83.7,0,-1.0,0,0,0,639,359
35,2758,2757170,11111,250,-1,-1,1,526,83.7,0,-1.0,0,0,0,639,359
36,2769,2768281,11111,250,-1,-1,1,526,83.9,0,-1.0,0,0,0,639,359
37,2780,2779396,11115,250,-1,-1,1,526,84.1,1,-1.0,0,0,0,639,359
38,2791,2790498,11102,250,-1,-1,1,526,84.3,0,-1.0,0,0,0,639,359
39,2803,2801612,11114,250,-1,-1,1,526,84.2,0,-1.0,0,0,0,639,359
40,2814,2812716,11104,250,-1,-1,1,525,84.6,0,-1.0,0,0,0,639,359
41,2825,2823827,11111,250,-1,-1,1,530,84.7,0,-1.0,0,0,0,639,359
42,2836,2834933,11106,250,-1,-1,1,528,84.8,0,-1.0,0,0,0,639,359
43,2847,2846045,11112,250,-1,-1,1,525,85.0,0,-1.0,0,0,0,639,359
44,2858,2857156,11111,250,-1,-1,1,631,84.9,0,-1.0,0,0,0,639,359
45,2869,2868266,11110,250,-1,-1,1,528,85.1,0,-1.0,0,0,0,639,359
46,2880,2879367,11101,250,-1,-1,1,525,85.2,1,-1.0,0,0,0,639,359
47,2891,2890487,11120,250,-1,-1,1,524,85.3,0,-1.0,0,0,0,639,359
48,2902,2901592,11105,250,-1,-1,1,524,85.4,0,-1.0,0,0,0,639,359
49,2913,2912699,11107,250,-1,-1,1,524,85.5,0,-1.0,0,0,0,639,359
50,2925,2923808,11109,250,-1,-1,1,526,85.6,0,-1.0,0,0,0,639,359
51,2936,2934918,11110,250,-1,-1,1,527,85.7,0,-1.0,0,0,0,639,359
52,2947,2946029,11111,250,-1,-1,1,527,85.8,0,-1.0,0,0,0,639,359
53,2958,2957138,11109,250,-1,-1,1,526,85.9,0,-1.0,0,0,0,639,359
54,2969,2968246,11108,250,-1,-1,1,526,85.9,0,-1.0,0,0,0,639,359
55,2980,2979357,11111,250,-1,-1,1,526,85.9,1,-1.0,0,0,0,639,359
56,2991,2990469,11112,250,-1,-1,1,523,86.0,0,-1.0,0,0,0,639,359
57,3002,3001576,11107,250,-1,-1,1,525,86.1,0,-1.0,0,0,0,639,359
58,3013,3012682,11106,250,-1,-1,1,526,86.2,0,-1.0,0,0,0,639,359
59,3025,3023793,11111,250,-1,-1,1,527,86.3,0,-1.0,0,0,0,639,359
60,3036,3034904,11111,250,-1,-1,1,525,86.3,0,-1.0,0,0,0,639,359
61,3047,3046015,11111,250,-1,-1,1,525,86.4,0,-1.0,0,0,0,639,359
62,3058,3057117,11102,250,-1,-1,1,526,86.5,0,-1.0,0,0,0,639,359
63,3069,3068228,11111,250,-1,-1,1,528,86.4,0,-1.0,0,0,0,639,359
64,3080,3079336,11108,250,-1,-1,1,527,86.5,1,-1.0,0,0,0,639,359
65,3091,3090450,11114,250,-1,-1,1,526,86.6,0,-1.0,0,0,0,639,359
66,3103,3101555,11105,250,-1,-1,1,525,86.6,0,-1.0,0,0,0,639,359
67,3114,3112667,11112,250,-1,-1,1,528,86.7,0,-1.0,0,0,0,639,359
68,3125,3123774,11107,250,-1,-1,1,524,86.7,0,-1.0,0,0,0,639,359
69,3136,3134887,11113,250,-1,-1,1,526,86.8,0,-1.0,0,0,0,639,359
70,3147,3145994,11107,250,-1,-1,1,526,86.8,0,-1.0,0,0,0,639,359
71,3158,3157102,11108,250,-1,-1,1,525,86.8,0,-1.0,0,0,0,639,359
72,3169,3168212,11110,250,-1,-1,1,526,86.9,0,-1.0,0,0,0,639,359
73,3180,3179321,11109,250,-1,-1,1,528,86.9,1,-1.0,0,0,0,639,359
74,3191,3190431,11110,250,-1,-1,1,526,87.0,0,-1.0,0,0,0,639,359
75,3203,3201542,11111,250,-1,-1,1,527,86.9,0,-1.0,0,0,0,639,359
76,3213,3212651,11109,250,-1,-1,1,526,87.1,0,-1.0,0,0,0,639,359
77,3225,3223758,11107,250,-1,-1,1,527,87.1,0,-1.0,0,0,0,639,359
78,3236,3234864,11106,250,-1,-1,1,528,87.2,0,-1.0,0,0,0,639,359
79,3247,3245975,11111,250,-1,-1,1,525,87.2,0,-1.0,0,0,0,639,359
80,3258,3257083,11108,250,-1,-1,1,525,87.2,0,-1.0,0,0,0,639,359
81,3269,3268198,11115,250,-1,-1,1,525,87.2,0,-1.0,0,0,0,639,359
82,3280,3279303,11105,250,-1,-1,1,526,87.2,1,-1.0,0,0,0,639,359
83,3291,3290415,11112,250,-1,-1,1,527,87.3,0,-1.0,0,0,0,639,359
84,3302,3301523,11108,250,-1,-1,1,526,87.3,0,-1.0,0,0,0,639,359
85,3313,3312629,11106,250,-1,-1,1,527,87.4,0,-1.0,0,0,0,639,359
86,3325,3323736,11107,250,-1,-1,1,528,87.4,0,-1.0,0,0,0,639,359
87,3336,3334850,11114,250,-1,-1,1,526,87.4,0,-1.0,0,0,0,639,359
88,3347,3345955,11105,250,-1,-1,1,527,87.5,0,-1.0,0,0,0,639,359
89,3362,3357073,11118,250,-1,-1,1,525,62.5,0,-1.0,0,0,0,639,359
90,3382,3368177,11104,250,-1,-1,1,610,55.6,0,-1.0,0,0,0,639,359
91,3383,3379285,11108,250,-1,-1,1,522,83.3,1,-1.0,0,0,0,639,359
92,3391,3390398,11113,250,-1,-1,1,523,88.9,0,-1.0,0,0,0,639,359
93,3402,3401505,11107,250,-1,-1,1,524,89.3,0,-1.0,0,0,0,639,359
94,3413,3412611,11106,250,-1,-1,1,525,89.6,0,-1.0,0,0,0,639,359
95,3425,3423727,11116,250,-1,-1,1,525,89.7,0,-1.0,0,0,0,639,359
96,3436,3434840,11113,250,-1,-1,1,524,89.9,0,-1.0,0,0,0,639,359
97,3447,3445941,11101,250,-1,-1,1,525,90.0,0,-1.0,0,0,0,639,359
98,3458,3457048,11107,250,-1,-1,1,527,90.1,0,-1.0,0,0,0,639,359
99,3469,3468157,11109,250,-1,-1,1,526,89.4,0,-1.0,0,0,0,639,359
100,3480,3479267,11110,250,-1,-1,1,526,89.6,1,-1.0,0,0,0,639,359
101,3491,3490382,11115,250,-1,-1,1,527,89.7,0,-1.0,0,0,0,639,359
102,3503,3501487,11105,250,-1,-1,1,525,89.7,0,-1.0,0,0,0,639,359
103,3514,3512599,11112,250,-1,-1,1,525,89.8,0,-1.0,0,0,0,639,359
104,3525,3523704,11105,250,-1,-1,1,527,89.9,0,-1.0,0,0,0,639,359
105,3536,3534816,11112,250,-1,-1,1,525,89.9,0,-1.0,0,0,0,639,359
106,3547,3545946,11130,250,-1,-1,1,525,90.0,0,-1.0,0,0,0,639,359
107,3558,3557033,11087,250,-1,-1,1,525,90.0,0,-1.0,0,0,0,639,359
108,3569,3568143,11110,250,-1,-1,1,525,90.1,0,-1.0,0,0,0,639,359
109,3580,3579251,11108,250,-1,-1,1,528,89.7,1,-1.0,0,0,0,639,359
110,3591,3590366,11115,250,-1,-1,1,637,89.8,0,-1.0,0,0,0,639,359
111,3602,3601472,11106,250,-1,-1,1,526,89.8,0,-1.0,0,0,0,639,359
112,3613,3612578,11106,250,-1,-1,1,527,89.9,0,-1.0,0,0,0,639,359
113,3625,3623689,11111,250,-1,-1,1,527,89.9,0,-1.0,0,0,0,639,359
114,3636,3634798,11109,250,-1,-1,1,526,90.0,0,-1.0,0,0,0,639,359
115,3647,3645907,11109,250,-1,-1,1,528,90.0,0,-1.0,0,0,0,639,359
116,3658,3657018,11111,250,-1,-1,1,526,90.0,0,-1.0,0,0,0,639,359
117,3669,3668129,11111,250,-1,-1,1,525,90.1,0,-1.0,0,0,0,639,359
118,3680,3679232,11103,250,-1,-1,1,526,89.8,1,-1.0,0,0,0,639,359
119,3691,3690350,11118,250,-1,-1,1,634,89.9,0,-1.0,0,0,0,639,359
120,3703,3701453,11103,250,-1,-1,1,525,89.9,0,-1.0,0,0,0,639,359
121,3713,3712567,11114,250,-1,-1,1,525,89.9,0,-1.0,0,0,0,639,359
122,3724,3723670,11103,250,-1,-1,1,528,89.9,0,-1.0,0,0,0,639,359
123,3736,3734780,11110,250,-1,-1,1,527,90.0,0,-1.0,0,0,0,639,359
124,3747,3745888,11108,250,-1,-1,1,526,90.0,0,-1.0,0,0,0,639,359
125,3758,3756998,11110,250,-1,-1,1,525,90.0,0,-1.0,0,0,0,639,359
126,3769,3768108,11110,250,-1,-1,1,527,90.0,0,-1.0,0,0,0,639,359
127,3780,3779218,11110,250,-1,-1,1,527,89.9,1,-1.0,0,0,0,639,359
128,3791,3790332,11114,250,-1,-1,1,587,89.9,0,-1.0,0,0,0,639,359
129,3802,3801437,11105,250,-1,-1,1,524,89.9,0,-1.0,0,0,0,639,359
130,3813,3812546,11109,250,-1,-1,1,525,89.9,0,-1.0,0,0,0,639,359
131,3825,3823660,11114,250,-1,-1,1,528,90.0,0,-1.0,0,0,0,639,359
132,3836,3834762,11102,250,-1,-1,1,528,90.0,0,-1.0,0,0,0,639,359
133,3847,3845874,11112,250,-1,-1,1,528,90.0,0,-1.0,0,0,0,639,359
134,3858,3856979,11105,250,-1,-1,1,526,90.0,0,-1.0,0,0,0,639,359
135,3869,3868089,11110,250,-1,-1,1,528,89.9,0,-1.0,0,0,0,639,359
136,3880,3879200,11111,250,-1,-1,1,528,89.9,1,-1.0,0,0,0,639,359
137,3891,3890312,11112,250,-1,-1,1,588,89.9,0,-1.0,0,0,0,639,359
138,3902,3901419,11107,250,-1,-1,1,525,89.9,0,-1.0,0,0,0,639,359
139,3913,3912530,11111,250,-1,-1,1,524,89.9,0,-1.0,0,0,0,639,359
140,3924,3923637,11107,250,-1,-1,1,525,90.0,0,-1.0,0,0,0,639,359
141,3936,3934748,11111,250,-1,-1,1,524,90.0,0,-1.0,0,0,0,639,359
142,3947,3945857,11109,250,-1,-1,1,525,90.0,0,-1.0,0,0,0,639,359
143,3958,3956964,11107,250,-1,-1,1,525,90.0,0,-1.0,0,0,0,639,359
144,3969,3968076,11112,250,-1,-1,1,524,90.0,0,-1.0,0,0,0,639,359
145,3980,3979182,11106,250,-1,-1,1,527,89.9,1,-1.0,0,0,0,639,359
146,3991,3990296,11114,250,-1,-1,1,582,89.9,0,-1.0,0,0,0,639,359
147,4002,4001403,11107,250,-1,-1,1,528,89.9,0,-1.0,0,0,0,639,359
148,4013,4012510,11107,250,-1,-1,1,526,90.0,0,-1.0,0,0,0,639,359
149,4024,4023621,11111,250,-1,-1,1,528,90.0,0,-1.0,0,0,0,639,359
150,4036,4034726,11105,250,-1,-1,1,527,90.0,0,-1.0,0,0,0,639,359
151,4047,4045838,11112,250,-1,-1,1,524,90.0,0,-1.0,0,0,0,639,359
152,4058,4056945,11107,250,-1,-1,1,524,90.0,0,-1.0,0,0,0,639,359
153,4069,4068058,11113,250,-1,-1,1,526,90.0,0,-1.0,0,0,0,639,359
154,4080,4079164,11106,250,-1,-1,1,525,90.0,1,-1.0,0,0,0,639,359
155,4091,4090277,11113,250,-1,-1,1,588,89.9,0,-1.0,0,0,0,639,359
156,4102,4101386,11109,250,-1,-1,1,525,89.9,0,-1.0,0,0,0,639,359
157,4113,4112497,11111,250,-1,-1,1,524,90.0,0,-1.0,0,0,0,639,359
158,4124,4123599,11102,250,-1,-1,1,528,90.0,0,-1.0,0,0,0,639,359
159,4136,4134713,11114,250,-1,-1,1,528,90.0,0,-1.0,0,0,0,639,359
160,4148,4145818,11105,250,-1,-1,1,525,89.8,0,-1.0,0,0,0,639,359
161,4158,4156934,11116,250,-1,-1,1,525,90.0,0,-1.0,0,0,0,639,359
162,4169,4168041,11107,250,-1,-1,1,527,90.0,0,-1.0,0,0,0,639,359
163,4180,4179147,11106,250,-1,-1,1,526,89.9,1,-1.0,0,0,0,639,359
164,4191,4190266,11119,250,-1,-1,1,636,89.9,0,-1.0,0,0,0,639,359
165,4202,4201368,11102,250,-1,-1,1,525,90.0,0,-1.0,0,0,0,639,359
166,4213,4212475,11107,250,-1,-1,1,525,90.0,0,-1.0,0,0,0,639,359
167,4224,4223586,11111,250,-1,-1,1,525,90.0,0,-1.0,0,0,0,639,359
168,4235,4234693,11107,250,-1,-1,1,525,90.0,0,-1.0,0,0,0,639,359
169,4247,4245803,11110,250,-1,-1,1,525,90.0,0,-1.0,0,0,0,639,359
170,4258,4256912,11109,250,-1,-1,1,527,90.0,0,-1.0,0,0,0,639,359
171,4269,4268021,11109,250,-1,-1,1,528,90.0,0,-1.0,0,0,0,639,359
172,4280,4279128,11107,250,-1,-1,1,527,90.0,1,-1.0,0,0,0,639,359
173,4291,4290245,11117,250,-1,-1,1,526,89.9,0,-1.0,0,0,0,639,359
174,4302,4301347,11102,250,-1,-1,1,529,90.0,0,-1.0,0,0,0,639,359
175,4313,4312456,11109,250,-1,-1,1,526,90.0,0,-1.0,0,0,0,639,359
176,4324,4323564,11108,250,-1,-1,1,525,90.0,0,-1.0,0,0,0,639,359
177,4335,4334681,11117,250,-1,-1,1,525,90.0,0,-1.0,0,0,0,639,359
178,4347,4345785,11104,250,-1,-1,1,524,90.0,0,-1.0,0,0,0,639,359
179,4367,4356894,11109,250,-1,-1,1,2131,45.5,0,-1.0,0,0,0,639,359
180,4377,4368001,11107,250,-1,-1,1,821,64.5,0,-1.0,0,0,0,639,359
181,4380,4379122,11121,250,-1,-1,1,525,90.9,1,-1.0,0,0,0,639,359
182,4391,4390226,11104,250,-1,-1,1,529,88.9,0,-1.0,0,0,0,639,359
183,4402,4401330,11104,250,-1,-1,1,527,89.3,0,-1.0,0,0,0,639,359
184,4413,4412497,11167,250,-1,-1,1,667,89.6,0,-1.0,0,0,0,639,359
185,4424,4423554,11057,250,-1,-1,1,528,89.7,0,-1.0,0,0,0,639,359
186,4435,4434663,11109,250,-1,-1,1,529,89.9,0,-1.0,0,0,0,639,359
187,4447,4445772,11109,250,-1,-1,1,526,90.0,0,-1.0,0,0,0,639,359
188,4458,4456875,11103,250,-1,-1,1,525,90.1,0,-1.0,0,0,0,639,359
189,4469,4467987,11112,250,-1,-1,1,525,90.2,0,-1.0,0,0,0,639,359
190,4480,4479097,11110,250,-1,-1,1,525,90.2,1,-1.0,0,0,0,639,359
191,4491,4490210,11113,250,-1,-1,1,623,89.7,0,-1.0,0,0,0,639,359
192,4503,4501317,11107,250,-1,-1,1,526,89.7,0,-1.0,0,0,0,639,359
193,4513,4512429,11112,250,-1,-1,1,525,89.8,0,-1.0,0,0,0,639,359
194,4524,4523532,11103,250,-1,-1,1,526,89.9,0,-1.0,0,0,0,639,359
195,4536,4534647,11115,250,-1,-1,1,526,89.9,0,-1.0,0,0,0,639,359
196,4547,4545750,11103,250,-1,-1,1,557,90.0,0,-1.0,0,0,0,639,359
197,4558,4556863,11113,250,-1,-1,1,527,90.0,0,-1.0,0,0,0,639,359
198,4569,4567968,11105,250,-1,-1,1,528,90.1,0,-1.0,0,0,0,639,359
199,4580,4579082,11114,250,-1,-1,1,525,89.7,1,-1.0,0,0,0,639,359
200,4591,4590194,11112,250,-1,-1,1,589,89.8,0,-1.0,0,0,0,639,359
201,4602,4601303,11109,250,-1,-1,1,525,89.8,0,-1.0,0,0,0,639,359
202,4613,4612412,11109,250,-1,-1,1,525,89.9,0,-1.0,0,0,0,639,359
203,4624,4623517,11105,250,-1,-1,1,525,89.9,0,-1.0,0,0,0,639,359
204,4635,4634627,11110,250,-1,-1,1,526,90.0,0,-1.0,0,0,0,639,359
205,4647,4645735,11108,250,-1,-1,1,549,90.0,0,-1.0,0,0,0,639,359
206,4658,4656840,11105,250,-1,-1,1,527,90.0,0,-1.0,0,0,0,639,359
207,4669,4667955,11115,250,-1,-1,1,528,90.1,0,-1.0,0,0,0,639,359
208,4680,4679061,11106,250,-1,-1,1,527,90.1,1,-1.0,0,0,0,639,359
209,4691,4690175,11114,250,-1,-1,1,638,89.9,0,-1.0,0,0,0,639,359
210,4702,4701283,11108,250,-1,-1,1,525,89.9,0,-1.0,0,0,0,639,359
211,4713,4712389,11106,250,-1,-1,1,525,89.9,0,-1.0,0,0,0,639,359
212,4724,4723498,11109,250,-1,-1,1,526,89.9,0,-1.0,0,0,0,639,359
213,4735,4734608,11110,250,-1,-1,1,525,90.0,0,-1.0,0,0,0,639,359
214,4746,4745716,11108,250,-1,-1,1,525,90.0,0,-1.0,0,0,0,639,359
215,4758,4756826,11110,250,-1,-1,1,528,90.0,0,-1.0,0,0,0,639,359
216,4769,4767932,11106,250,-1,-1,1,528,90.0,0,-1.0,0,0,0,639,359
217,4780,4779044,11112,250,-1,-1,1,526,90.1,1,-1.0,0,0,0,639,359
218,4791,4790154,11110,250,-1,-1,1,585,89.9,0,-1.0,0,0,0,639,359
219,4803,4801266,11112,250,-1,-1,1,528,89.9,0,-1.0,0,0,0,639,359
220,4813,4812374,11108,250,-1,-1,1,527,89.9,0,-1.0,0,0,0,639,359
221,4824,4823482,11108,250,-1,-1,1,527,90.0,0,-1.0,0,0,0,639,359
222,4835,4834588,11106,250,-1,-1,1,527,90.0,0,-1.0,0,0,0,639,359
223,4847,4845700,11112,250,-1,-1,1,528,90.0,0,-1.0,0,0,0,639,359
224,4858,4856809,11109,250,-1,-1,1,528,90.0,0,-1.0,0,0,0,639,359
225,4869,4867918,11109,250,-1,-1,1,526,90.0,0,-1.0,0,0,0,639,359
226,4880,4879025,11107,250,-1,-1,1,526,90.1,1,-1.0,0,0,0,639,359
227,4891,4890145,11120,250,-1,-1,1,590,89.9,0,-1.0,0,0,0,639,359
228,4902,4901247,11102,250,-1,-1,1,556,89.9,0,-1.0,0,0,0,639,359
229,4913,4912359,11112,250,-1,-1,1,525,89.9,0,-1.0,0,0,0,639,359
230,4924,4923464,11105,250,-1,-1,1,527,90.0,0,-1.0,0,0,0,639,359
231,4935,4934577,11113,250,-1,-1,1,527,90.0,0,-1.0,0,0,0,639,359
232,4946,4945681,11104,250,-1,-1,1,526,90.0,0,-1.0,0,0,0,639,359
233,4958,4956793,11112,250,-1,-1,1,528,90.0,0,-1.0,0,0,0,639,359
234,4969,4967897,11104,250,-1,-1,1,526,90.0,0,-1.0,0,0,0,639,359
235,4980,4979010,11113,250,-1,-1,1,526,90.0,1,-1.0,0,0,0,639,359
236,4991,4990122,11112,250,-1,-1,1,633,89.9,0,-1.0,0,0,0,639,359
237,5003,5001236,11114,250,-1,-1,1,527,89.9,0,-1.0,0,0,0,639,359
238,5013,5012343,11107,250,-1,-1,1,525,90.0,0,-1.0,0,0,0,639,359
239,5024,5023450,11107,250,-1,-1,1,528,90.0,0,-1.0,0,0,0,639,359
240,5035,5034555,11105,250,-1,-1,1,528,90.0,0,-1.0,0,0,0,639,359
241,5046,5045667,11112,250,-1,-1,1,533,90.0,0,-1.0,0,0,0,639,359
242,5058,5056775,11108,250,-1,-1,1,529,90.0,0,-1.0,0,0,0,639,359
243,5069,5067883,11108,250,-1,-1,1,526,90.0,0,-1.0,0,0,0,639,359
244,5080,5078992,11109,250,-1,-1,1,526,90.0,1,-1.0,0,0,0,639,359
245,5091,5090105,11113,250,-1,-1,1,635,89.9,0,-1.0,0,0,0,639,359
246,5102,5101214,11109,250,-1,-1,1,552,89.9,0,-1.0,0,0,0,639,359
247,5113,5112326,11112,250,-1,-1,1,525,90.0,0,-1.0,0,0,0,639,359
248,5124,5123431,11105,250,-1,-1,1,525,90.0,0,-1.0,0,0,0,639,359
249,5135,5134540,11109,250,-1,-1,1,527,90.0,0,-1.0,0,0,0,639,359
250,5146,5145647,11107,250,-1,-1,1,529,90.0,0,-1.0,0,0,0,639,359
251,5158,5156759,11112,250,-1,-1,1,528,90.0,0,-1.0,0,0,0,639,359
252,5169,5167865,11106,250,-1,-1,1,525,90.0,0,-1.0,0,0,0,639,359
253,5180,5178977,11112,250,-1,-1,1,526,90.0,1,-1.0,0,0,0,639,359
254,5191,5190088,11111,250,-1,-1,1,633,89.9,0,-1.0,0,0,0,639,359
255,5202,5201196,11108,250,-1,-1,1,527,90.0,0,-1.0,0,0,0,639,359
256,5213,5212303,11107,250,-1,-1,1,528,90.0,0,-1.0,0,0,0,639,359
257,5224,5223414,11111,250,-1,-1,1,524,90.0,0,-1.0,0,0,0,639,359
258,5235,5234521,11107,250,-1,-1,1,525,90.0,0,-1.0,0,0,0,639,359
259,5247,5245638,11117,250,-1,-1,1,523,90.0,0,-1.0,0,0,0,639,359
260,5258,5256738,11100,250,-1,-1,1,527,90.0,0,-1.0,0,0,0,639,359
261,5269,5267852,11114,250,-1,-1,1,528,90.0,0,-1.0,0,0,0,639,359
262,5280,5278958,11106,250,-1,-1,1,528,90.0,1,-1.0,0,0,0,639,359
263,5291,5290073,11115,250,-1,-1,1,633,89.9,0,-1.0,0,0,0,639,359
264,5302,5301177,11104,250,-1,-1,1,527,90.0,0,-1.0,0,0,0,639,359
265,5313,5312291,11114,250,-1,-1,1,527,90.0,0,-1.0,0,0,0,639,359
266,5324,5323395,11104,250,-1,-1,1,527,90.0,0,-1.0,0,0,0,639,359
267,5335,5334505,11110,250,-1,-1,1,524,90.0,0,-1.0,0,0,0,639,359
268,5346,5345612,11107,250,-1,-1,1,526,90.0,0,-1.0,0,0,0,639,359
269,5361,5356724,11112,250,-1,-1,1,527,71.4,0,-1.0,0,0,0,639,359
270,5384,5367832,11108,250,-1,-1,1,609,54.1,0,-1.0,0,0,0,639,359
271,5385,5378942,11110,250,-1,-1,1,522,78.9,1,-1.0,0,0,0,639,359
272,5391,5390062,11120,250,-1,-1,1,525,90.9,0,-1.0,0,0,0,639,359
273,5402,5401159,11097,250,-1,-1,1,526,90.9,0,-1.0,0,0,0,639,359
274,5414,5412266,11107,250,-1,-1,1,524,89.6,0,-1.0,0,0,0,639,359
275,5424,5423384,11118,250,-1,-1,1,523,89.7,0,-1.0,0,0,0,639,359
276,5435,5434490,11106,250,-1,-1,1,526,89.9,0,-1.0,0,0,0,639,359
277,5446,5445598,11108,250,-1,-1,1,529,90.0,0,-1.0,0,0,0,639,359
278,5458,5456703,11105,250,-1,-1,1,527,90.1,0,-1.0,0,0,0,639,359
279,5469,5467819,11116,250,-1,-1,1,526,90.2,0,-1.0,0,0,0,639,359
280,5480,5478924,11105,250,-1,-1,1,528,90.2,1,-1.0,0,0,0,639,359
281,5491,5490042,11118,250,-1,-1,1,633,89.7,0,-1.0,0,0,0,639,359
282,5502,5501143,11101,250,-1,-1,1,592,89.7,0,-1.0,0,0,0,639,359
283,5513,5512255,11112,250,-1,-1,1,526,89.8,0,-1.0,0,0,0,639,359
284,5524,5523361,11106,250,-1,-1,1,525,89.9,0,-1.0,0,0,0,639,359
285,5535,5534471,11110,250,-1,-1,1,525,89.9,0,-1.0,0,0,0,639,359
286,5546,5545581,11110,250,-1,-1,1,526,90.0,0,-1.0,0,0,0,639,359
287,5558,5556690,11109,250,-1,-1,1,527,90.0,0,-1.0,0,0,0,639,359
288,5569,5567798,11108,250,-1,-1,1,527,90.1,0,-1.0,0,0,0,639,359
289,5580,5578905,11107,250,-1,-1,1,525,90.1,1,-1.0,0,0,0,639,359
290,5591,5590020,11115,250,-1,-1,1,635,89.8,0,-1.0,0,0,0,639,359
291,5602,5601127,11107,250,-1,-1,1,526,89.8,0,-1.0,0,0,0,639,359
292,5613,5612234,11107,250,-1,-1,1,527,89.9,0,-1.0,0,0,0,639,359
293,5624,5623345,11111,250,-1,-1,1,528,89.9,0,-1.0,0,0,0,639,359
294,5635,5634451,11106,250,-1,-1,1,525,90.0,0,-1.0,0,0,0,639,359
295,5646,5645563,11112,250,-1,-1,1,525,90.0,0,-1.0,0,0,0,639,359
296,5657,5656674,11111,250,-1,-1,1,525,90.0,0,-1.0,0,0,0,639,359
297,5669,5667782,11108,250,-1,-1,1,526,90.1,0,-1.0,0,0,0,639,359
298,5680,5678889,11107,250,-1,-1,1,526,90.1,1,-1.0,0,0,0,639,359
299,5691,5690002,11113,250,-1,-1,1,634,89.9,0,-1.0,0,0,0,639,359
300,5702,5701109,11107,250,-1,-1,1,585,89.9,0,-1.0,0,0,0,639,359
301,5713,5712220,11111,250,-1,-1,1,529,89.9,0,-1.0,0,0,0,639,359
302,5724,5723325,11105,250,-1,-1,1,528,89.9,0,-1.0,0,0,0,639,359
303,5735,5734438,11113,250,-1,-1,1,526,90.0,0,-1.0,0,0,0,639,359
304,5746,5745546,11108,250,-1,-1,1,527,90.0,0,-1.0,0,0,0,639,359
305,5757,5756655,11109,250,-1,-1,1,527,90.0,0,-1.0,0,0,0,639,359
306,5769,5767760,11105,250,-1,-1,1,525,90.0,0,-1.0,0,0,0,639,359
307,5780,5778873,11113,250,-1,-1,1,525,90.1,1,-1.0,0,0,0,639,359
308,5791,5789988,11115,250,-1,-1,1,633,90.1,0,-1.0,0,0,0,639,359
309,5802,5801094,11106,250,-1,-1,1,524,89.9,0,-1.0,0,0,0,639,359
310,5813,5812203,11109,250,-1,-1,1,525,89.9,0,-1.0,0,0,0,639,359
311,5824,5823311,11108,250,-1,-1,1,527,90.0,0,-1.0,0,0,0,639,359
312,5835,5834418,11107,250,-1,-1,1,527,90.0,0,-1.0,0,0,0,639,359
313,5846,5845527,11109,250,-1,-1,1,527,90.0,0,-1.0,0,0,0,639,359
314,5857,5856635,11108,250,-1,-1,1,527,90.0,0,-1.0,0,0,0,639,359
315,5869,5867746,11111,250,-1,-1,1,529,90.0,0,-1.0,0,0,0,639,359
316,5880,5878853,11107,250,-1,-1,1,527,90.1,1,-1.0,0,0,0,639,359
317,5891,5889972,11119,250,-1,-1,1,630,90.1,0,-1.0,0,0,0,639,359
318,5902,5901077,11105,250,-1,-1,1,591,89.9,0,-1.0,0,0,0,639,359
319,5913,5912189,11112,250,-1,-1,1,525,89.9,0,-1.0,0,0,0,639,359
320,5924,5923291,11102,250,-1,-1,1,525,90.0,0,-1.0,0,0,0,639,359
321,5935,5934404,11113,250,-1,-1,1,524,90.0,0,-1.0,0,0,0,639,359
322,5946,5945511,11107,250,-1,-1,1,526,90.0,0,-1.0,0,0,0,639,359
323,5958,5956620,11109,250,-1,-1,1,528,90.0,0,-1.0,0,0,0,639,359
324,5969,5967726,11106,250,-1,-1,1,527,90.0,0,-1.0,0,0,0,639,359
325,5980,5978839,11113,250,-1,-1,1,527,90.0,1,-1.0,0,0,0,639,359
326,5991,5989948,11109,250,-1,-1,1,634,90.1,0,-1.0,0,0,0,639,359
327,6003,6001060,11112,250,-1,-1,1,527,89.9,0,-1.0,0,0,0,639,359
328,6013,6012166,11106,250,-1,-1,1,525,90.1,0,-1.0,0,0,0,639,359
329,6024,6023276,11110,250,-1,-1,1,528,90.0,0,-1.0,0,0,0,639,359
330,6035,6034383,11107,250,-1,-1,1,528,90.0,0,-1.0,0,0,0,639,359
331,6046,6045494,11111,250,-1,-1,1,525,90.0,0,-1.0,0,0,0,639,359
332,6057,6056600,11106,250,-1,-1,1,525,90.0,0,-1.0,0,0,0,639,359
333,6069,6067711,11111,250,-1,-1,1,524,90.0,0,-1.0,0,0,0,639,359
334,6080,6078822,11111,250,-1,-1,1,525,90.0,1,-1.0,0,0,0,639,359
335,6091,6089938,11116,250,-1,-1,1,630,89.9,0,-1.0,0,0,0,639,359
336,6102,6101041,11103,250,-1,-1,1,586,89.9,0,-1.0,0,0,0,639,359
337,6113,6112152,11111,250,-1,-1,1,526,90.1,0,-1.0,0,0,0,639,359
338,6124,6123257,11105,250,-1,-1,1,525,90.0,0,-1.0,0,0,0,639,359
339,6135,6134368,11111,250,-1,-1,1,528,90.0,0,-1.0,0,0,0,639,359
340,6146,6145475,11107,250,-1,-1,1,528,90.0,0,-1.0,0,0,0,639,359
341,6157,6156587,11112,250,-1,-1,1,527,90.0,0,-1.0,0,0,0,639,359
342,6168,6167692,11105,250,-1,-1,1,526,90.0,0,-1.0,0,0,0,639,359
343,6180,6178803,11111,250,-1,-1,1,526,90.0,1,-1.0,0,0,0,639,359
344,6191,6189918,11115,250,-1,-1,1,632,90.0,0,-1.0,0,0,0,639,359
345,6202,6201029,11111,250,-1,-1,1,528,90.0,0,-1.0,0,0,0,639,359
346,6213,6212131,11102,250,-1,-1,1,526,90.1,0,-1.0,0,0,0,639,359
347,6224,6223246,11115,250,-1,-1,1,525,90.0,0,-1.0,0,0,0,639,359
348,6235,6234349,11103,250,-1,-1,1,524,90.0,0,-1.0,0,0,0,639,359
349,6246,6245459,11110,250,-1,-1,1,526,90.0,0,-1.0,0,0,0,639,359
350,6257,6256567,11108,250,-1,-1,1,527,90.0,0,-1.0,0,0,0,639,359
351,6269,6267678,11111,250,-1,-1,1,527,90.0,0,-1.0,0,0,0,639,359
352,6280,6278786,11108,250,-1,-1,1,526,90.0,1,-1.0,0,0,0,639,359
353,6291,6289898,11112,250,-1,-1,1,631,90.0,0,-1.0,0,0,0,639,359
354,6302,6301005,11107,250,-1,-1,1,557,90.1,0,-1.0,0,0,0,639,359
355,6313,6312116,11111,250,-1,-1,1,545,90.0,0,-1.0,0,0,0,639,359
356,6324,6323223,11107,250,-1,-1,1,527,90.0,0,-1.0,0,0,0,639,359
357,6335,6334331,11108,250,-1,-1,1,527,90.0,0,-1.0,0,0,0,639,359
358,6346,6345439,11108,250,-1,-1,1,527,90.0,0,-1.0,0,0,0,639,359
359,6361,6356552,11113,250,-1,-1,1,527,71.4,0,-1.0,0,0,0,639,359
360,6384,6367661,11109,250,-1,-1,1,665,52.6,0,-1.0,0,0,0,639,359
361,6385,6378770,11109,250,-1,-1,1,566,76.9,1,-1.0,0,0,0,639,359
362,6391,6389898,11128,250,-1,-1,1,527,90.9,0,-1.0,0,0,0,639,359
363,6402,6400991,11093,250,-1,-1,1,524,90.9,0,-1.0,0,0,0,639,359
364,6413,6412097,11106,250,-1,-1,1,526,90.9,0,-1.0,0,0,0,639,359
365,6424,6423212,11115,250,-1,-1,1,545,89.7,0,-1.0,0,0,0,639,359
366,6435,6434318,11106,250,-1,-1,1,526,89.9,0,-1.0,0,0,0,639,359
367,6446,6445430,11112,250,-1,-1,1,525,90.0,0,-1.0,0,0,0,639,359
368,6457,6456536,11106,250,-1,-1,1,526,90.1,0,-1.0,0,0,0,639,359
369,6468,6467642,11106,250,-1,-1,1,525,90.2,0,-1.0,0,0,0,639,359
370,6480,6478750,11108,250,-1,-1,1,528,90.2,1,-1.0,0,0,0,639,359
371,6491,6489865,11115,250,-1,-1,1,525,90.3,0,-1.0,0,0,0,639,359
372,6502,6500972,11107,250,-1,-1,1,524,89.7,0,-1.0,0,0,0,639,359
373,6513,6512083,11111,250,-1,-1,1,527,90.4,0,-1.0,0,0,0,639,359
374,6524,6523189,11106,250,-1,-1,1,528,89.9,0,-1.0,0,0,0,639,359
375,6535,6534301,11112,250,-1,-1,1,526,89.9,0,-1.0,0,0,0,639,359
376,6546,6545407,11106,250,-1,-1,1,527,90.0,0,-1.0,0,0,0,639,359
377,6557,6556518,11111,250,-1,-1,1,526,90.0,0,-1.0,0,0,0,639,359
378,6568,6567626,11108,250,-1,-1,1,526,90.1,0,-1.0,0,0,0,639,359
379,6580,6578735,11109,250,-1,-1,1,525,90.1,1,-1.0,0,0,0,639,359
380,6591,6589851,11116,250,-1,-1,1,632,90.2,0,-1.0,0,0,0,639,359
381,6602,6600957,11106,250,-1,-1,1,526,90.2,0,-1.0,0,0,0,639,359
382,6613,6612064,11107,250,-1,-1,1,529,90.2,0,-1.0,0,0,0,639,359
383,6624,6623175,11111,250,-1,-1,1,528,89.9,0,-1.0,0,0,0,639,359
384,6635,6634280,11105,250,-1,-1,1,527,90.0,0,-1.0,0,0,0,639,359
385,6646,6645391,11111,250,-1,-1,1,526,90.0,0,-1.0,0,0,0,639,359
386,6657,6656499,11108,250,-1,-1,1,528,90.0,0,-1.0,0,0,0,639,359
387,6669,6667609,11110,250,-1,-1,1,526,90.1,0,-1.0,0,0,0,639,359
388,6680,6678719,11110,250,-1,-1,1,526,90.1,1,-1.0,0,0,0,639,359
389,6691,6689832,11113,250,-1,-1,1,526,90.1,0,-1.0,0,0,0,639,359
390,6702,6700937,11105,250,-1,-1,1,525,90.1,0,-1.0,0,0,0,639,359
391,6713,6712049,11112,250,-1,-1,1,525,90.2,0,-1.0,0,0,0,639,359
392,6724,6723156,11107,250,-1,-1,1,527,89.9,0,-1.0,0,0,0,639,359
393,6735,6734266,11110,250,-1,-1,1,528,90.0,0,-1.0,0,0,0,639,359
394,6746,6745371,11105,250,-1,-1,1,528,90.0,0,-1.0,0,0,0,639,359
395,6757,6756483,11112,250,-1,-1,1,527,90.0,0,-1.0,0,0,0,639,359
396,6768,6767588,11105,250,-1,-1,1,527,90.0,0,-1.0,0,0,0,639,359
397,6779,6778700,11112,250,-1,-1,1,527,90.1,1,-1.0,0,0,0,639,359
398,6791,6789813,11113,250,-1,-1,1,635,90.1,0,-1.0,0,0,0,639,359
399,6802,6800924,11111,250,-1,-1,1,525,90.1,0,-1.0,0,0,0,639,359
400,6813,6812031,11107,250,-1,-1,1,525,90.1,0,-1.0,0,0,0,639,359
401,6824,6823136,11105,250,-1,-1,1,525,90.1,0,-1.0,0,0,0,639,359
402,6835,6834246,11110,250,-1,-1,1,525,90.0,0,-1.0,0,0,0,639,359
403,6846,6845357,11111,250,-1,-1,1,524,90.0,0,-1.0,0,0,0,639,359
404,6857,6856468,11111,250,-1,-1,1,526,90.0,0,-1.0,0,0,0,639,359
405,6868,6867573,11105,250,-1,-1,1,529,90.0,0,-1.0,0,0,0,639,359
406,6879,6878682,11109,250,-1,-1,1,528,90.1,1,-1.0,0,0,0,639,359
407,6891,6889800,11118,250,-1,-1,1,526,90.1,0,-1.0,0,0,0,639,359
408,6902,6900902,11102,250,-1,-1,1,556,90.1,0,-1.0,0,0,0,639,359
409,6913,6912010,11108,250,-1,-1,1,527,90.1,0,-1.0,0,0,0,639,359
410,6924,6923119,11109,250,-1,-1,1,526,90.1,0,-1.0,0,0,0,639,359
411,6935,6934227,11108,250,-1,-1,1,526,90.0,0,-1.0,0,0,0,639,359
412,6946,6945335,11108,250,-1,-1,1,524,90.0,0,-1.0,0,0,0,639,359
413,6957,6956451,11116,250,-1,-1,1,525,90.0,0,-1.0,0,0,0,639,359
414,6968,6967557,11106,250,-1,-1,1,525,90.0,0,-1.0,0,0,0,639,359
415,6980,6978667,11110,250,-1,-1,1,526,90.0,1,-1.0,0,0,0,639,359
416,6991,6989778,11111,250,-1,-1,1,629,90.1,0,-1.0,0,0,0,639,359
417,7002,7000887,11109,250,-1,-1,1,609,90.1,0,-1.0,0,0,0,639,359
418,7013,7011995,11108,250,-1,-1,1,527,90.1,0,-1.0,0,0,0,639,359
419,7024,7023103,11108,250,-1,-1,1,528,90.0,0,-1.0,0,0,0,639,359
420,7035,7034211,11108,250,-1,-1,1,527,90.0,0,-1.0,0,0,0,639,359
421,7046,7045323,11112,250,-1,-1,1,529,90.0,0,-1.0,0,0,0,639,359
422,7057,7056428,11105,250,-1,-1,1,527,90.0,0,-1.0,0,0,0,639,359
423,7068,7067535,11107,250,-1,-1,1,528,90.0,0,-1.0,0,0,0,639,359
424,7079,7078650,11115,250,-1,-1,1,525,90.0,1,-1.0,0,0,0,639,359
425,7091,7089769,11119,250,-1,-1,1,633,90.1,0,-1.0,0,0,0,639,359
426,7102,7100869,11100,250,-1,-1,1,528,89.9,0,-1.0,0,0,0,639,359
427,7113,7111977,11108,250,-1,-1,1,525,90.1,0,-1.0,0,0,0,639,359
428,7124,7123086,11109,250,-1,-1,1,525,90.1,0,-1.0,0,0,0,639,359
429,7135,7134198,11112,250,-1,-1,1,526,90.0,0,-1.0,0,0,0,639,359
430,7146,7145301,11103,250,-1,-1,1,526,90.0,0,-1.0,0,0,0,639,359
431,7157,7156417,11116,250,-1,-1,1,528,90.0,0,-1.0,0,0,0,639,359
432,7168,7167523,11106,250,-1,-1,1,528,90.0,0,-1.0,0,0,0,639,359
433,7179,7178632,11109,250,-1,-1,1,525,90.0,1,-1.0,0,0,0,639,359
434,7191,7189742,11110,250,-1,-1,1,634,90.0,0,-1.0,0,0,0,639,359
435,7202,7200851,11109,250,-1,-1,1,612,90.1,0,-1.0,0,0,0,639,359
436,7213,7211960,11109,250,-1,-1,1,526,90.1,0,-1.0,0,0,0,639,359
437,7224,7223069,11109,250,-1,-1,1,524,90.1,0,-1.0,0,0,0,639,359
438,7235,7234176,11107,250,-1,-1,1,528,90.1,0,-1.0,0,0,0,639,359
439,7246,7245288,11112,250,-1,-1,1,637,90.0,0,-1.0,0,0,0,639,359
440,7257,7256400,11112,250,-1,-1,1,526,90.0,0,-1.0,0,0,0,639,359
441,7268,7267506,11106,250,-1,-1,1,525,90.0,0,-1.0,0,0,0,639,359
442,7279,7278613,11107,250,-1,-1,1,525,90.0,1,-1.0,0,0,0,639,359
443,7291,7289728,11115,250,-1,-1,1,630,90.0,0,-1.0,0,0,0,639,359
444,7302,7300838,11110,250,-1,-1,1,525,90.1,0,-1.0,0,0,0,639,359
445,7313,7311946,11108,250,-1,-1,1,525,90.1,0,-1.0,0,0,0,639,359
446,7324,7323050,11104,250,-1,-1,1,529,90.1,0,-1.0,0,0,0,639,359
447,7335,7334167,11117,250,-1,-1,1,527,90.0,0,-1.0,0,0,0,639,359
448,7346,7345270,11103,250,-1,-1,1,525,90.0,0,-1.0,0,0,0,639,359
449,7363,7356380,11110,250,-1,-1,1,523,62.5,0,-1.0,0,0,0,639,359
450,7380,7367495,11115,250,-1,-1,1,613,60.6,0,-1.0,0,0,0,639,359
451,7381,7378607,11112,250,-1,-1,1,554,88.2,1,-1.0,0,0,0,639,359
452,7391,7389712,11105,250,-1,-1,1,535,90.9,0,-1.0,0,0,0,639,359
453,7402,7400816,11104,250,-1,-1,1,525,90.9,0,-1.0,0,0,0,639,359
454,7413,7412032,11216,250,-1,-1,1,634,89.6,0,-1.0,0,0,0,639,359
455,7424,7423041,11009,250,-1,-1,1,606,89.7,0,-1.0,0,0,0,639,359
456,7435,7434142,11101,250,-1,-1,1,526,89.9,0,-1.0,0,0,0,639,359
457,7446,7445259,11117,250,-1,-1,1,526,90.0,0,-1.0,0,0,0,639,359
458,7457,7456361,11102,250,-1,-1,1,526,90.1,0,-1.0,0,0,0,639,359
459,7468,7467472,11111,250,-1,-1,1,525,90.2,0,-1.0,0,0,0,639,359
460,7479,7478583,11111,250,-1,-1,1,525,90.2,1,-1.0,0,0,0,639,359
461,7491,7489696,11113,250,-1,-1,1,630,90.3,0,-1.0,0,0,0,639,359
462,7502,7500799,11103,250,-1,-1,1,529,90.3,0,-1.0,0,0,0,639,359
463,7513,7511910,11111,250,-1,-1,1,526,90.4,0,-1.0,0,0,0,639,359
464,7524,7523017,11107,250,-1,-1,1,527,90.4,0,-1.0,0,0,0,639,359
465,7535,7534133,11116,250,-1,-1,1,524,90.4,0,-1.0,0,0,0,639,359
466,7546,7545235,11102,250,-1,-1,1,528,90.0,0,-1.0,0,0,0,639,359
467,7557,7556345,11110,250,-1,-1,1,524,90.0,0,-1.0,0,0,0,639,359
468,7568,7567457,11112,250,-1,-1,1,525,90.1,0,-1.0,0,0,0,639,359
469,7579,7578565,11108,250,-1,-1,1,525,90.1,1,-1.0,0,0,0,639,359
470,7591,7589676,11111,250,-1,-1,1,526,90.2,0,-1.0,0,0,0,639,359
471,7602,7600788,11112,250,-1,-1,1,676,90.2,0,-1.0,0,0,0,639,359
472,7613,7611892,11104,250,-1,-1,1,527,90.2,0,-1.0,0,0,0,639,359
473,7624,7623002,11110,250,-1,-1,1,526,90.3,0,-1.0,0,0,0,639,359
474,7635,7634111,11109,250,-1,-1,1,528,90.3,0,-1.0,0,0,0,639,359
475,7646,7645219,11108,250,-1,-1,1,525,90.0,0,-1.0,0,0,0,639,359
476,7657,7656328,11109,250,-1,-1,1,526,90.0,0,-1.0,0,0,0,639,359
477,7668,7667436,11108,250,-1,-1,1,526,90.1,0,-1.0,0,0,0,639,359
478,7679,7678547,11111,250,-1,-1,1,527,90.1,1,-1.0,0,0,0,639,359
479,7691,7689659,11112,250,-1,-1,1,524,90.1,0,-1.0,0,0,0,639,359
480,7702,7700769,11110,250,-1,-1,1,630,90.1,0,-1.0,0,0,0,639,359
481,7713,7711877,11108,250,-1,-1,1,523,90.2,0,-1.0,0,0,0,639,359
482,7724,7722982,11105,250,-1,-1,1,526,90.2,0,-1.0,0,0,0,639,359
483,7735,7734095,11113,250,-1,-1,1,524,90.0,0,-1.0,0,0,0,639,359
484,7746,7745203,11108,250,-1,-1,1,525,90.0,0,-1.0,0,0,0,639,359
485,7757,7756318,11115,250,-1,-1,1,528,90.0,0,-1.0,0,0,0,639,359
486,7768,7767420,11102,250,-1,-1,1,526,90.0,0,-1.0,0,0,0,639,359
487,7779,7778528,11108,250,-1,-1,1,527,90.1,1,-1.0,0,0,0,639,359
488,7791,7789643,11115,250,-1,-1,1,524,90.1,0,-1.0,0,0,0,639,359
489,7802,7800750,11107,250,-1,-1,1,594,90.1,0,-1.0,0,0,0,639,359
490,7813,7811857,11107,250,-1,-1,1,527,90.1,0,-1.0,0,0,0,639,359
491,7824,7822970,11113,250,-1,-1,1,526,90.1,0,-1.0,0,0,0,639,359
492,7835,7834074,11104,250,-1,-1,1,526,90.2,0,-1.0,0,0,0,639,359
493,7846,7845185,11111,250,-1,-1,1,526,90.2,0,-1.0,0,0,0,639,359
494,7857,7856291,11106,250,-1,-1,1,525,90.0,0,-1.0,0,0,0,639,359
495,7868,7867405,11114,250,-1,-1,1,527,90.0,0,-1.0,0,0,0,639,359
496,7879,7878509,11104,250,-1,-1,1,525,90.1,1,-1.0,0,0,0,639,359
497,7891,7889629,11120,250,-1,-1,1,524,90.1,0,-1.0,0,0,0,639,359
498,7902,7900730,11101,250,-1,-1,1,526,90.1,0,-1.0,0,0,0,639,359
499,7913,7911848,11118,250,-1,-1,1,526,90.1,0,-1.0,0,0,0,639,359
500,7924,7922946,11098,250,-1,-1,1,527,90.1,0,-1.0,0,0,0,639,359
501,7935,7934059,11113,250,-1,-1,1,528,90.1,0,-1.0,0,0,0,639,359
502,7946,7945166,11107,250,-1,-1,1,525,90.2,0,-1.0,0,0,0,639,359
503,7957,7956278,11112,250,-1,-1,1,524,90.0,0,-1.0,0,0,0,639,359
504,7968,7967385,11107,250,-1,-1,1,526,90.0,0,-1.0,0,0,0,639,359
505,7979,7978495,11110,250,-1,-1,1,526,90.0,1,-1.0,0,0,0,639,359
506,7991,7989605,11110,250,-1,-1,1,527,90.1,0,-1.0,0,0,0,639,359
507,8002,8000719,11114,250,-1,-1,1,588,90.1,0,-1.0,0,0,0,639,359
508,8013,8011824,11105,250,-1,-1,1,525,90.1,0,-1.0,0,0,0,639,359
509,8024,8022933,11109,250,-1,-1,1,527,90.1,0,-1.0,0,0,0,639,359
510,8035,8034039,11106,250,-1,-1,1,527,90.1,0,-1.0,0,0,0,639,359
511,8046,8045150,11111,250,-1,-1,1,526,90.0,0,-1.0,0,0,0,639,359
512,8057,8056256,11106,250,-1,-1,1,525,90.0,0,-1.0,0,0,0,639,359
513,8068,8067373,11117,250,-1,-1,1,526,90.0,0,-1.0,0,0,0,639,359
514,8079,8078474,11101,250,-1,-1,1,526,90.0,1,-1.0,0,0,0,639,359
515,8091,8089589,11115,250,-1,-1,1,526,90.1,0,-1.0,0,0,0,639,359
516,8102,8100702,11113,250,-1,-1,1,590,90.1,0,-1.0,0,0,0,639,359
517,8113,8111808,11106,250,-1,-1,1,526,90.1,0,-1.0,0,0,0,639,359
518,8124,8122915,11107,250,-1,-1,1,525,90.1,0,-1.0,0,0,0,639,359
519,8135,8134026,11111,250,-1,-1,1,527,90.1,0,-1.0,0,0,0,639,359
520,8146,8145132,11106,250,-1,-1,1,525,90.0,0,-1.0,0,0,0,639,359
521,8159,8156242,11110,250,-1,-1,1,524,89.9,0,-1.0,0,0,0,639,359
522,8168,8167349,11107,250,-1,-1,1,528,90.0,0,-1.0,0,0,0,639,359
523,8179,8178461,11112,250,-1,-1,1,528,90.0,1,-1.0,0,0,0,639,359
524,8191,8189576,11115,250,-1,-1,1,524,90.0,0,-1.0,0,0,0,639,359
525,8202,8200684,11108,250,-1,-1,1,631,90.1,0,-1.0,0,0,0,639,359
526,8213,8211790,11106,250,-1,-1,1,526,90.1,0,-1.0,0,0,0,639,359
527,8224,8222901,11111,250,-1,-1,1,525,90.1,0,-1.0,0,0,0,639,359
528,8235,8234002,11101,250,-1,-1,1,526,90.1,0,-1.0,0,0,0,639,359
529,8246,8245116,11114,250,-1,-1,1,525,90.1,0,-1.0,0,0,0,639,359
530,8257,8256222,11106,250,-1,-1,1,528,90.0,0,-1.0,0,0,0,639,359
531,8268,8267334,11112,250,-1,-1,1,528,90.0,0,-1.0,0,0,0,639,359
532,8279,8278441,11107,250,-1,-1,1,526,90.0,1,-1.0,0,0,0,639,359
533,8291,8289560,11119,250,-1,-1,1,525,90.0,0,-1.0,0,0,0,639,359
534,8301,8300666,11106,250,-1,-1,1,592,90.1,0,-1.0,0,0,0,639,359
535,8313,8311772,11106,250,-1,-1,1,524,90.1,0,-1.0,0,0,0,639,359
536,8324,8322880,11108,250,-1,-1,1,525,90.1,0,-1.0,0,0,0,639,359
537,8335,8333992,11112,250,-1,-1,1,525,90.1,0,-1.0,0,0,0,639,359
538,8346,8345097,11105,250,-1,-1,1,527,90.1,0,-1.0,0,0,0,639,359
539,8357,8356212,11115,250,-1,-1,1,527,90.0,0,-1.0,0,0,0,639,359
540,8385,8367315,11103,250,-1,-1,1,611,35.7,0,-1.0,0,0,0,639,359
541,8386,8378512,11197,250,-1,-1,1,700,69.0,1,-1.0,0,0,0,639,359
542,8390,8389548,11036,250,-1,-1,1,527,90.9,0,-1.0,0,0,0,639,359
543,8402,8400643,11095,250,-1,-1,1,526,90.9,0,-1.0,0,0,0,639,359
544,8413,8411754,11111,250,-1,-1,1,527,90.9,0,-1.0,0,0,0,639,359
545,8424,8422864,11110,250,-1,-1,1,525,90.9,0,-1.0,0,0,0,639,359
546,8435,8433975,11111,250,-1,-1,1,526,90.9,0,-1.0,0,0,0,639,359
547,8446,8445086,11111,250,-1,-1,1,609,89.9,0,-1.0,0,0,0,639,359
548,8457,8456189,11103,250,-1,-1,1,525,90.0,0,-1.0,0,0,0,639,359
549,8468,8467305,11116,250,-1,-1,1,526,90.1,0,-1.0,0,0,0,639,359
550,8479,8478409,11104,250,-1,-1,1,526,90.2,1,-1.0,0,0,0,639,359
551,8491,8489525,11116,250,-1,-1,1,527,90.2,0,-1.0,0,0,0,639,359
552,8501,8500632,11107,250,-1,-1,1,612,90.3,0,-1.0,0,0,0,639,359
553,8513,8511741,11109,250,-1,-1,1,526,90.3,0,-1.0,0,0,0,639,359
554,8524,8522845,11104,250,-1,-1,1,528,90.4,0,-1.0,0,0,0,639,359
555,8535,8533956,11111,250,-1,-1,1,528,90.4,0,-1.0,0,0,0,639,359
556,8546,8545064,11108,250,-1,-1,1,526,90.4,0,-1.0,0,0,0,639,359
557,8557,8556173,11109,250,-1,-1,1,560,90.0,0,-1.0,0,0,0,639,359
558,8568,8567279,11106,250,-1,-1,1,528,90.0,0,-1.0,0,0,0,639,359
559,8579,8578396,11117,250,-1,-1,1,525,90.1,1,-1.0,0,0,0,639,359
560,8591,8589508,11112,250,-1,-1,1,525,90.1,0,-1.0,0,0,0,639,359
561,8601,8600613,11105,250,-1,-1,1,589,90.2,0,-1.0,0,0,0,639,359
562,8613,8611720,11107,250,-1,-1,1,527,90.2,0,-1.0,0,0,0,639,359
563,8624,8622831,11111,250,-1,-1,1,526,90.2,0,-1.0,0,0,0,639,359
564,8635,8633936,11105,250,-1,-1,1,526,90.3,0,-1.0,0,0,0,639,359
565,8646,8645047,11111,250,-1,-1,1,526,90.3,0,-1.0,0,0,0,639,359
566,8657,8656156,11109,250,-1,-1,1,554,90.0,0,-1.0,0,0,0,639,359
567,8668,8667261,11105,250,-1,-1,1,527,90.0,0,-1.0,0,0,0,639,359
568,8679,8678372,11111,250,-1,-1,1,526,90.1,1,-1.0,0,0,0,639,359
569,8691,8689490,11118,250,-1,-1,1,525,90.1,0,-1.0,0,0,0,639,359
570,8701,8700593,11103,250,-1,-1,1,592,90.1,0,-1.0,0,0,0,639,359
571,8713,8711704,11111,250,-1,-1,1,526,90.1,0,-1.0,0,0,0,639,359
572,8724,8722812,11108,250,-1,-1,1,525,90.2,0,-1.0,0,0,0,639,359
573,8735,8733921,11109,250,-1,-1,1,526,90.2,0,-1.0,0,0,0,639,359
574,8746,8745029,11108,250,-1,-1,1,525,90.2,0,-1.0,0,0,0,639,359
575,8757,8756140,11111,250,-1,-1,1,552,90.0,0,-1.0,0,0,0,639,359
576,8768,8767248,11108,250,-1,-1,1,528,90.0,0,-1.0,0,0,0,639,359
577,8779,8778357,11109,250,-1,-1,1,527,90.0,1,-1.0,0,0,0,639,359
578,8791,8789467,11110,250,-1,-1,1,528,90.1,0,-1.0,0,0,0,639,359
579,8802,8800575,11108,250,-1,-1,1,635,90.1,0,-1.0,0,0,0,639,359
580,8812,8811684,11109,250,-1,-1,1,527,90.1,0,-1.0,0,0,0,639,359
581,8824,8822792,11108,250,-1,-1,1,527,90.1,0,-1.0,0,0,0,639,359
582,8835,8833903,11111,250,-1,-1,1,527,90.1,0,-1.0,0,0,0,639,359
583,8846,8845012,11109,250,-1,-1,1,526,90.2,0,-1.0,0,0,0,639,359
584,8857,8856124,11112,250,-1,-1,1,526,90.2,0,-1.0,0,0,0,639,359
585,8868,8867234,11110,250,-1,-1,1,526,90.0,0,-1.0,0,0,0,639,359
586,8879,8878338,11104,250,-1,-1,1,526,90.0,1,-1.0,0,0,0,639,359
587,8891,8889452,11114,250,-1,-1,1,524,90.1,0,-1.0,0,0,0,639,359
588,8901,8900563,11111,250,-1,-1,1,591,90.1,0,-1.0,0,0,0,639,359
589,8912,8911670,11107,250,-1,-1,1,526,90.1,0,-1.0,0,0,0,639,359
590,8924,8922777,11107,250,-1,-1,1,525,90.1,0,-1.0,0,0,0,639,359
591,8935,8933884,11107,250,-1,-1,1,528,90.1,0,-1.0,0,0,0,639,359
592,8946,8944993,11109,250,-1,-1,1,526,90.1,0,-1.0,0,0,0,639,359
593,8957,8956105,11112,250,-1,-1,1,524,90.2,0,-1.0,0,0,0,639,359
594,8968,8967210,11105,250,-1,-1,1,527,90.0,0,-1.0,0,0,0,639,359
595,8979,8978328,11118,250,-1,-1,1,527,90.0,1,-1.0,0,0,0,639,359
596,8991,8989436,11108,250,-1,-1,1,526,90.0,0,-1.0,0,0,0,639,359
597,9001,9000624,11188,250,-1,-1,1,630,90.1,0,-1.0,0,0,0,639,359
598,9012,9011648,11024,250,-1,-1,1,526,90.1,0,-1.0,0,0,0,639,359
599,9024,9022762,11114,250,-1,-1,1,525,90.1,0,-1.0,0,0,0,639,359
600,9035,9033868,11106,250,-1,-1,1,525,90.1,0,-1.0,0,0,0,639,359
601,9046,9044979,11111,250,-1,-1,1,527,90.1,0,-1.0,0,0,0,639,359
602,9057,9056085,11106,250,-1,-1,1,533,90.1,0,-1.0,0,0,0,639,359
603,9068,9067197,11112,250,-1,-1,1,527,90.0,0,-1.0,0,0,0,639,359
604,9079,9078303,11106,250,-1,-1,1,526,90.0,1,-1.0,0,0,0,639,359
605,9091,9089414,11111,250,-1,-1,1,524,90.0,0,-1.0,0,0,0,639,359
606,9101,9100525,11111,250,-1,-1,1,633,90.1,0,-1.0,0,0,0,639,359
607,9113,9111632,11107,250,-1,-1,1,528,90.1,0,-1.0,0,0,0,639,359
608,9124,9122738,11106,250,-1,-1,1,526,90.1,0,-1.0,0,0,0,639,359
609,9135,9133854,11116,250,-1,-1,1,527,90.1,0,-1.0,0,0,0,639,359
610,9146,9144960,11106,250,-1,-1,1,525,90.1,0,-1.0,0,0,0,639,359
611,9157,9156073,11113,250,-1,-1,1,525,90.0,0,-1.0,0,0,0,639,359
612,9168,9167180,11107,250,-1,-1,1,525,90.0,0,-1.0,0,0,0,639,359
613,9179,9178290,11110,250,-1,-1,1,526,90.0,1,-1.0,0,0,0,639,359
614,9191,9189403,11113,250,-1,-1,1,524,90.0,0,-1.0,0,0,0,639,359
615,9201,9200510,11107,250,-1,-1,1,604,90.0,0,-1.0,0,0,0,639,359
616,9212,9211616,11106,250,-1,-1,1,530,90.1,0,-1.0,0,0,0,639,359
617,9224,9222724,11108,250,-1,-1,1,527,90.1,0,-1.0,0,0,0,639,359
618,9235,9233834,11110,250,-1,-1,1,528,90.1,0,-1.0,0,0,0,639,359
619,9246,9244946,11112,250,-1,-1,1,529,90.1,0,-1.0,0,0,0,639,359
620,9257,9256051,11105,250,-1,-1,1,526,90.1,0,-1.0,0,0,0,639,359
621,9268,9267165,11114,250,-1,-1,1,525,90.1,0,-1.0,0,0,0,639,359
622,9279,9278271,11106,250,-1,-1,1,524,90.0,1,-1.0,0,0,0,639,359
623,9291,9289388,11117,250,-1,-1,1,525,90.0,0,-1.0,0,0,0,639,359
624,9301,9300493,11105,250,-1,-1,1,525,90.0,0,-1.0,0,0,0,639,359
625,9312,9311603,11110,250,-1,-1,1,528,90.1,0,-1.0,0,0,0,639,359
626,9324,9322706,11103,250,-1,-1,1,528,90.1,0,-1.0,0,0,0,639,359
627,9335,9333814,11108,250,-1,-1,1,528,90.1,0,-1.0,0,0,0,639,359
628,9346,9344925,11111,250,-1,-1,1,527,90.1,0,-1.0,0,0,0,639,359
629,9357,9356035,11110,250,-1,-1,1,526,90.1,0,-1.0,0,0,0,639,359
630,9387,9367144,11109,250,-1,-1,1,637,88.3,0,-1.0,0,0,0,639,359
631,9435,9433794,66650,250,-1,-1,1,585,20.8,1,-1.0,0,0,0,639,359
632,9446,9444915,11121,250,-1,-1,1,525,34.5,0,-1.0,0,0,0,639,359
633,9457,9456022,11107,250,-1,-1,1,525,43.5,0,-1.0,0,0,0,639,359
634,9468,9467124,11102,250,-1,-1,1,529,49.4,0,-1.0,0,0,0,639,359
635,9479,9478236,11112,250,-1,-1,1,528,54.3,0,-1.0,0,0,0,639,359
636,9490,9489343,11107,250,-1,-1,1,528,58.3,0,-1.0,0,0,0,639,359
637,9501,9500456,11113,250,-1,-1,1,527,61.4,0,-1.0,0,0,0,639,359
638,9512,9511567,11111,250,-1,-1,1,528,64.0,0,-1.0,0,0,0,639,359
639,9523,9522669,11102,250,-1,-1,1,526,66.2,0,-1.0,0,0,0,639,359
640,9535,9533780,11111,250,-1,-1,1,526,68.0,1,-1.0,0,0,0,639,359
641,9546,9544895,11115,250,-1,-1,1,524,69.2,0,-1.0,0,0,0,639,359
642,9557,9556006,11111,250,-1,-1,1,526,71.0,0,-1.0,0,0,0,639,359
643,9568,9567114,11108,250,-1,-1,1,525,72.2,0,-1.0,0,0,0,639,359
644,9579,9578223,11109,250,-1,-1,1,525,72.9,0,-1.0,0,0,0,639,359
645,9590,9589325,11102,250,-1,-1,1,527,73.9,0,-1.0,0,0,0,639,359
646,9601,9600442,11117,250,-1,-1,1,526,74.8,0,-1.0,0,0,0,639,359
647,9612,9611542,11100,250,-1,-1,1,527,75.6,0,-1.0,0,0,0,639,359
648,9623,9622656,11114,250,-1,-1,1,527,76.3,0,-1.0,0,0,0,639,359
649,9635,9633763,11107,250,-1,-1,1,527,76.9,1,-1.0,0,0,0,639,359
650,9646,9644881,11118,250,-1,-1,1,526,77.2,0,-1.0,0,0,0,639,359
651,9657,9655999,11118,250,-1,-1,1,632,77.8,0,-1.0,0,0,0,639,359
652,9668,9667096,11097,250,-1,-1,1,525,78.6,0,-1.0,0,0,0,639,359
653,9679,9678202,11106,250,-1,-1,1,525,78.8,0,-1.0,0,0,0,639,359
654,9690,9689310,11108,250,-1,-1,1,527,79.2,0,-1.0,0,0,0,639,359
655,9701,9700419,11109,250,-1,-1,1,528,79.6,0,-1.0,0,0,0,639,359
656,9712,9711532,11113,250,-1,-1,1,526,80.0,0,-1.0,0,0,0,639,359
657,9723,9722634,11102,250,-1,-1,1,526,80.4,0,-1.0,0,0,0,639,359
658,9735,9733748,11114,250,-1,-1,1,525,80.7,1,-1.0,0,0,0,639,359
659,9746,9744859,11111,250,-1,-1,1,527,80.8,0,-1.0,0,0,0,639,359
660,9757,9755971,11112,250,-1,-1,1,528,81.3,0,-1.0,0,0,0,639,359
661,9768,9767079,11108,250,-1,-1,1,527,81.6,0,-1.0,0,0,0,639,359
662,9779,9778183,11104,250,-1,-1,1,525,81.6,0,-1.0,0,0,0,639,359
663,9790,9789294,11111,250,-1,-1,1,525,81.9,0,-1.0,0,0,0,639,359
664,9801,9800405,11111,250,-1,-1,1,526,82.1,0,-1.0,0,0,0,639,359
665,9812,9811509,11104,250,-1,-1,1,525,82.4,0,-1.0,0,0,0,639,359
666,9824,9822620,11111,250,-1,-1,1,527,82.6,0,-1.0,0,0,0,639,359
667,9835,9833728,11108,250,-1,-1,1,528,82.8,1,-1.0,0,0,0,639,359
668,9846,9844844,11116,250,-1,-1,1,524,82.8,0,-1.0,0,0,0,639,359
669,9857,9855948,11104,250,-1,-1,1,528,83.2,0,-1.0,0,0,0,639,359
670,9868,9867063,11115,250,-1,-1,1,528,83.3,0,-1.0,0,0,0,639,359
671,9879,9878170,11107,250,-1,-1,1,526,83.3,0,-1.0,0,0,0,639,359
672,9890,9889277,11107,250,-1,-1,1,526,83.5,0,-1.0,0,0,0,639,359
673,9901,9900387,11110,250,-1,-1,1,526,83.7,0,-1.0,0,0,0,639,359
674,9912,9911500,11113,250,-1,-1,1,525,83.8,0,-1.0,0,0,0,639,359
675,9923,9922603,11103,250,-1,-1,1,525,84.0,0,-1.0,0,0,0,639,359
676,9935,9933712,11109,250,-1,-1,1,525,84.1,1,-1.0,0,0,0,639,359
677,9946,9944826,11114,250,-1,-1,1,525,84.1,0,-1.0,0,0,0,639,359
678,9957,9955994,11168,250,-1,-1,1,526,84.4,0,-1.0,0,0,0,639,359
679,9968,9967044,11050,250,-1,-1,1,525,84.5,0,-1.0,0,0,0,639,359
680,9979,9978152,11108,250,-1,-1,1,527,84.6,0,-1.0,0,0,0,639,359
681,9990,9989261,11109,250,-1,-1,1,527,84.6,0,-1.0,0,0,0,639,359
682,10001,10000367,11106,250,-1,-1,1,527,84.7,0,-1.0,0,0,0,639,359
683,10012,10011478,11111,250,-1,-1,1,528,84.8,0,-1.0,0,0,0,639,359
684,10023,10022588,11110,250,-1,-1,1,524,84.9,0,-1.0,0,0,0,639,359
685,10034,10033694,11106,250,-1,-1,1,524,85.0,1,-1.0,0,0,0,639,359
686,10046,10044813,11119,250,-1,-1,1,525,85.0,0,-1.0,0,0,0,639,359
687,10057,10055965,11152,250,-1,-1,1,629,85.2,0,-1.0,0,0,0,639,359
688,10068,10067025,11060,250,-1,-1,1,526,85.3,0,-1.0,0,0,0,639,359
689,10079,10078132,11107,250,-1,-1,1,526,85.4,0,-1.0,0,0,0,639,359
690,10090,10089243,11111,250,-1,-1,1,526,85.3,0,-1.0,0,0,0,639,359
691,10101,10100353,11110,250,-1,-1,1,525,85.4,0,-1.0,0,0,0,639,359
692,10112,10111461,11108,250,-1,-1,1,527,85.5,0,-1.0,0,0,0,639,359
693,10123,10122568,11107,250,-1,-1,1,528,85.6,0,-1.0,0,0,0,639,359
694,10135,10133679,11111,250,-1,-1,1,526,85.7,1,-1.0,0,0,0,639,359
695,10146,10144796,11117,250,-1,-1,1,526,85.6,0,-1.0,0,0,0,639,359
696,10157,10155904,11108,250,-1,-1,1,525,85.8,0,-1.0,0,0,0,639,359
697,10168,10167028,11124,250,-1,-1,1,527,85.9,0,-1.0,0,0,0,639,359
698,10179,10178122,11094,250,-1,-1,1,528,85.9,0,-1.0,0,0,0,639,359
699,10190,10189223,11101,250,-1,-1,1,529,85.9,0,-1.0,0,0,0,639,359
700,10201,10200334,11111,250,-1,-1,1,528,86.0,0,-1.0,0,0,0,639,359
701,10212,10211444,11110,250,-1,-1,1,526,86.1,0,-1.0,0,0,0,639,359
702,10223,10222556,11112,250,-1,-1,1,528,86.1,0,-1.0,0,0,0,639,359
703,10234,10233659,11103,250,-1,-1,1,526,86.2,1,-1.0,0,0,0,639,359
704,10246,10244774,11115,250,-1,-1,1,527,86.1,0,-1.0,0,0,0,639,359
705,10257,10255884,11110,250,-1,-1,1,601,86.3,0,-1.0,0,0,0,639,359
706,10268,10266998,11114,250,-1,-1,1,526,86.4,0,-1.0,0,0,0,639,359
707,10279,10278098,11100,250,-1,-1,1,526,86.4,0,-1.0,0,0,0,639,359
708,10290,10289210,11112,250,-1,-1,1,525,86.4,0,-1.0,0,0,0,639,359
709,10301,10300319,11109,250,-1,-1,1,525,86.4,0,-1.0,0,0,0,639,359
710,10312,10311425,11106,250,-1,-1,1,528,86.5,0,-1.0,0,0,0,639,359
711,10323,10322534,11109,250,-1,-1,1,537,86.5,0,-1.0,0,0,0,639,359
712,10334,10333651,11117,250,-1,-1,1,527,86.6,1,-1.0,0,0,0,639,359
713,10346,10344756,11105,250,-1,-1,1,526,86.5,0,-1.0,0,0,0,639,359
714,10357,10355867,11111,250,-1,-1,1,629,86.7,0,-1.0,0,0,0,639,359
715,10368,10366973,11106,250,-1,-1,1,528,86.7,0,-1.0,0,0,0,639,359
716,10379,10378085,11112,250,-1,-1,1,524,86.8,0,-1.0,0,0,0,639,359
717,10390,10389189,11104,250,-1,-1,1,526,86.7,0,-1.0,0,0,0,639,359
718,10407,10400303,11114,250,-1,-1,1,565,62.5,0,-1.0,0,0,0,639,359
719,10412,10411423,11120,250,-1,-1,1,525,90.9,0,-1.0,0,0,0,639,359
720,10443,10422517,11094,250,-1,-1,1,812,56.6,0,-1.0,0,0,0,639,359
721,10446,10433629,11112,250,-1,-1,1,610,72.7,1,-1.0,0,0,0,639,359
722,10447,10444785,11156,250,-1,-1,1,524,87.7,0,-1.0,0,0,0,639,359
723,10457,10455846,11061,250,-1,-1,1,536,90.9,0,-1.0,0,0,0,639,359
724,10468,10466959,11113,250,-1,-1,1,526,90.9,0,-1.0,0,0,0,639,359
725,10479,10478125,11166,250,-1,-1,1,527,90.9,0,-1.0,0,0,0,639,359
726,10490,10489179,11054,250,-1,-1,1,527,90.0,0,-1.0,0,0,0,639,359
727,10501,10500287,11108,250,-1,-1,1,634,90.1,0,-1.0,0,0,0,639,359
728,10512,10511395,11108,250,-1,-1,1,525,90.2,0,-1.0,0,0,0,639,359
729,10523,10522502,11107,250,-1,-1,1,526,90.2,0,-1.0,0,0,0,639,359
730,10535,10533609,11107,250,-1,-1,1,525,90.3,1,-1.0,0,0,0,639,359
731,10546,10544723,11114,250,-1,-1,1,543,90.3,0,-1.0,0,0,0,639,359
732,10557,10555832,11109,250,-1,-1,1,527,90.4,0,-1.0,0,0,0,639,359
733,10568,10566940,11108,250,-1,-1,1,525,90.4,0,-1.0,0,0,0,639,359
734,10579,10578048,11108,250,-1,-1,1,528,90.4,0,-1.0,0,0,0,639,359
735,10590,10589154,11106,250,-1,-1,1,529,90.5,0,-1.0,0,0,0,639,359
736,10601,10600265,11111,250,-1,-1,1,527,90.0,0,-1.0,0,0,0,639,359
737,10612,10611378,11113,250,-1,-1,1,525,90.1,0,-1.0,0,0,0,639,359
738,10623,10622484,11106,250,-1,-1,1,527,90.1,0,-1.0,0,0,0,639,359
739,10634,10633593,11109,250,-1,-1,1,526,90.2,1,-1.0,0,0,0,639,359
740,10646,10644710,11117,250,-1,-1,1,548,90.2,0,-1.0,0,0,0,639,359
741,10657,10655813,11103,250,-1,-1,1,526,90.2,0,-1.0,0,0,0,639,359
742,10668,10666925,11112,250,-1,-1,1,525,90.3,0,-1.0,0,0,0,639,359
743,10679,10678034,11109,250,-1,-1,1,525,90.3,0,-1.0,0,0,0,639,359
744,10690,10689142,11108,250,-1,-1,1,525,90.3,0,-1.0,0,0,0,639,359
745,10701,10700249,11107,250,-1,-1,1,526,90.0,0,-1.0,0,0,0,639,359
746,10712,10711359,11110,250,-1,-1,1,528,90.1,0,-1.0,0,0,0,639,359
747,10723,10722468,11109,250,-1,-1,1,528,90.1,0,-1.0,0,0,0,639,359
748,10734,10733579,11111,250,-1,-1,1,527,90.1,1,-1.0,0,0,0,639,359
749,10745,10744688,11109,250,-1,-1,1,534,90.1,0,-1.0,0,0,0,639,359
750,10757,10755796,11108,250,-1,-1,1,527,90.2,0,-1.0,0,0,0,639,359
751,10768,10766907,11111,250,-1,-1,1,527,90.2,0,-1.0,0,0,0,639,359
752,10779,10778014,11107,250,-1,-1,1,527,90.2,0,-1.0,0,0,0,639,359
753,10790,10789122,11108,250,-1,-1,1,526,90.2,0,-1.0,0,0,0,639,359
754,10801,10800236,11114,250,-1,-1,1,525,90.0,0,-1.0,0,0,0,639,359
755,10812,10811343,11107,250,-1,-1,1,525,90.0,0,-1.0,0,0,0,639,359
756,10823,10822453,11110,250,-1,-1,1,524,90.1,0,-1.0,0,0,0,639,359
757,10834,10833559,11106,250,-1,-1,1,526,90.1,1,-1.0,0,0,0,639,359
758,10846,10844676,11117,250,-1,-1,1,548,90.1,0,-1.0,0,0,0,639,359
759,10857,10855777,11101,250,-1,-1,1,527,90.1,0,-1.0,0,0,0,639,359
760,10868,10866890,11113,250,-1,-1,1,528,90.1,0,-1.0,0,0,0,639,359
761,10879,10877992,11102,250,-1,-1,1,526,90.2,0,-1.0,0,0,0,639,359
762,10890,10889104,11112,250,-1,-1,1,527,90.0,0,-1.0,0,0,0,639,359
763,10901,10900214,11110,250,-1,-1,1,528,90.0,0,-1.0,0,0,0,639,359
764,10912,10911323,11109,250,-1,-1,1,526,90.0,0,-1.0,0,0,0,639,359
765,10923,10922432,11109,250,-1,-1,1,525,90.1,0,-1.0,0,0,0,639,359
766,10934,10933543,11111,250,-1,-1,1,525,90.1,1,-1.0,0,0,0,639,359
767,10945,10944653,11110,250,-1,-1,1,547,90.1,0,-1.0,0,0,0,639,359
768,10957,10955766,11113,250,-1,-1,1,633,90.1,0,-1.0,0,0,0,639,359
769,10968,10966875,11109,250,-1,-1,1,524,90.1,0,-1.0,0,0,0,639,359
770,10979,10977981,11106,250,-1,-1,1,528,90.1,0,-1.0,0,0,0,639,359
771,10990,10989089,11108,250,-1,-1,1,527,90.2,0,-1.0,0,0,0,639,359
772,11001,11000201,11112,250,-1,-1,1,527,90.0,0,-1.0,0,0,0,639,359
773,11012,11011306,11105,250,-1,-1,1,527,90.0,0,-1.0,0,0,0,639,359
774,11023,11022418,11112,250,-1,-1,1,548,90.0,0,-1.0,0,0,0,639,359
775,11034,11033524,11106,250,-1,-1,1,526,90.1,1,-1.0,0,0,0,639,359
776,11045,11044640,11116,250,-1,-1,1,546,90.1,0,-1.0,0,0,0,639,359
777,11057,11055744,11104,250,-1,-1,1,526,90.1,0,-1.0,0,0,0,639,359
778,11068,11066858,11114,250,-1,-1,1,526,90.1,0,-1.0,0,0,0,639,359
779,11079,11077960,11102,250,-1,-1,1,525,90.1,0,-1.0,0,0,0,639,359
780,11090,11089073,11113,250,-1,-1,1,526,90.1,0,-1.0,0,0,0,639,359
781,11101,11100180,11107,250,-1,-1,1,528,90.1,0,-1.0,0,0,0,639,359
782,11112,11111292,11112,250,-1,-1,1,528,90.0,0,-1.0,0,0,0,639,359
783,11123,11122396,11104,250,-1,-1,1,527,90.0,0,-1.0,0,0,0,639,359
784,11134,11133516,11120,250,-1,-1,1,527,90.1,1,-1.0,0,0,0,639,359
785,11145,11144620,11104,250,-1,-1,1,528,90.1,0,-1.0,0,0,0,639,359
786,11157,11155727,11107,250,-1,-1,1,526,90.1,0,-1.0,0,0,0,639,359
787,11168,11166838,11111,250,-1,-1,1,528,90.1,0,-1.0,0,0,0,639,359
788,11179,11177944,11106,250,-1,-1,1,527,90.1,0,-1.0,0,0,0,639,359
789,11190,11189054,11110,250,-1,-1,1,526,90.1,0,-1.0,0,0,0,639,359
790,11201,11200166,11112,250,-1,-1,1,524,90.0,0,-1.0,0,0,0,639,359
791,11212,11211272,11106,250,-1,-1,1,526,90.0,0,-1.0,0,0,0,639,359
792,11223,11222382,11110,250,-1,-1,1,525,90.0,0,-1.0,0,0,0,639,359
793,11234,11233489,11107,250,-1,-1,1,528,90.0,1,-1.0,0,0,0,639,359
794,11246,11244605,11116,250,-1,-1,1,531,90.1,0,-1.0,0,0,0,639,359
795,11257,11255712,11107,250,-1,-1,1,633,90.1,0,-1.0,0,0,0,639,359
796,11268,11266827,11115,250,-1,-1,1,527,90.1,0,-1.0,0,0,0,639,359
797,11279,11277925,11098,250,-1,-1,1,527,90.1,0,-1.0,0,0,0,639,359
798,11290,11289035,11110,250,-1,-1,1,526,90.0,0,-1.0,0,0,0,639,359
799,11301,11300147,11112,250,-1,-1,1,528,90.1,0,-1.0,0,0,0,639,359
800,11312,11311253,11106,250,-1,-1,1,526,90.0,0,-1.0,0,0,0,639,359
801,11323,11322364,11111,250,-1,-1,1,524,90.0,0,-1.0,0,0,0,639,359
802,11334,11333477,11113,250,-1,-1,1,545,90.0,1,-1.0,0,0,0,639,359
803,11345,11344585,11108,250,-1,-1,1,605,90.1,0,-1.0,0,0,0,639,359
804,11357,11355827,11242,250,-1,-1,1,610,90.1,0,-1.0,0,0,0,639,359
805,11368,11366803,10976,250,-1,-1,1,524,90.1,0,-1.0,0,0,0,639,359
806,11379,11377912,11109,250,-1,-1,1,526,90.1,0,-1.0,0,0,0,639,359
807,11390,11389016,11104,250,-1,-1,1,528,90.1,0,-1.0,0,0,0,639,359
808,11401,11400129,11113,250,-1,-1,1,528,90.1,0,-1.0,0,0,0,639,359
809,11416,11411290,11161,250,-1,-1,1,525,71.4,0,-1.0,0,0,0,639,359
810,11475,11422349,11059,250,-1,-1,1,527,27.0,0,-1.0,0,0,0,639,359
811,11476,11466768,44419,250,-1,-1,1,522,40.5,1,-1.0,0,0,0,639,359
812,11479,11477880,11112,250,-1,-1,1,527,51.3,0,-1.0,0,0,0,639,359
813,11490,11489009,11129,250,-1,-1,1,544,56.8,0,-1.0,0,0,0,639,359
814,11501,11500110,11101,250,-1,-1,1,526,60.0,0,-1.0,0,0,0,639,359
815,11512,11511225,11115,250,-1,-1,1,524,63.1,0,-1.0,0,0,0,639,359
816,11523,11522326,11101,250,-1,-1,1,526,65.6,0,-1.0,0,0,0,639,359
817,11534,11533439,11113,250,-1,-1,1,526,67.7,0,-1.0,0,0,0,639,359
818,11545,11544548,11109,250,-1,-1,1,525,69.4,0,-1.0,0,0,0,639,359
819,11557,11555659,11111,250,-1,-1,1,526,71.0,0,-1.0,0,0,0,639,359
820,11568,11566768,11109,250,-1,-1,1,528,72.3,1,-1.0,0,0,0,639,359
821,11579,11577879,11111,250,-1,-1,1,538,73.4,0,-1.0,0,0,0,639,359
822,11590,11588986,11107,250,-1,-1,1,525,74.5,0,-1.0,0,0,0,639,359
823,11601,11600095,11109,250,-1,-1,1,526,75.0,0,-1.0,0,0,0,639,359
824,11612,11611203,11108,250,-1,-1,1,528,75.8,0,-1.0,0,0,0,639,359
825,11623,11622313,11110,250,-1,-1,1,526,76.6,0,-1.0,0,0,0,639,359
826,11634,11633425,11112,250,-1,-1,1,525,77.3,0,-1.0,0,0,0,639,359
827,11645,11644533,11108,250,-1,-1,1,525,77.9,0,-1.0,0,0,0,639,359
828,11656,11655639,11106,250,-1,-1,1,524,78.4,0,-1.0,0,0,0,639,359
829,11668,11666750,11111,250,-1,-1,1,530,78.9,1,-1.0,0,0,0,639,359
830,11679,11677859,11109,250,-1,-1,1,545,79.4,0,-1.0,0,0,0,639,359
831,11690,11688969,11110,250,-1,-1,1,526,79.9,0,-1.0,0,0,0,639,359
832,11701,11700075,11106,250,-1,-1,1,527,80.3,0,-1.0,0,0,0,639,359
833,11712,11711185,11110,250,-1,-1,1,524,80.6,0,-1.0,0,0,0,639,359
834,11723,11722296,11111,250,-1,-1,1,527,80.7,0,-1.0,0,0,0,639,359
835,11734,11733403,11107,250,-1,-1,1,524,81.1,0,-1.0,0,0,0,639,359
836,11745,11744512,11109,250,-1,-1,1,527,81.4,0,-1.0,0,0,0,639,359
837,11756,11755624,11112,250,-1,-1,1,525,81.7,0,-1.0,0,0,0,639,359
838,11768,11766733,11109,250,-1,-1,1,526,82.0,1,-1.0,0,0,0,639,359
839,11779,11777844,11111,250,-1,-1,1,545,82.2,0,-1.0,0,0,0,639,359
840,11790,11788957,11113,250,-1,-1,1,525,82.5,0,-1.0,0,0,0,639,359
841,11801,11800063,11106,250,-1,-1,1,526,82.7,0,-1.0,0,0,0,639,359
842,11812,11811167,11104,250,-1,-1,1,529,82.7,0,-1.0,0,0,0,639,359
843,11823,11822280,11113,250,-1,-1,1,528,82.9,0,-1.0,0,0,0,639,359
844,11834,11833388,11108,250,-1,-1,1,527,83.1,0,-1.0,0,0,0,639,359
845,11845,11844496,11108,250,-1,-1,1,526,83.3,0,-1.0,0,0,0,639,359
846,11856,11855604,11108,250,-1,-1,1,527,83.5,0,-1.0,0,0,0,639,359
847,11868,11866716,11112,250,-1,-1,1,525,83.7,1,-1.0,0,0,0,639,359
848,11879,11877830,11114,250,-1,-1,1,547,83.9,0,-1.0,0,0,0,639,359
849,11890,11888935,11105,250,-1,-1,1,524,84.0,0,-1.0,0,0,0,639,359
850,11901,11900042,11107,250,-1,-1,1,526,84.2,0,-1.0,0,0,0,639,359
851,11912,11911153,11111,250,-1,-1,1,525,84.3,0,-1.0,0,0,0,639,359
852,11923,11922260,11107,250,-1,-1,1,525,84.3,0,-1.0,0,0,0,639,359
853,11934,11933370,11110,250,-1,-1,1,525,84.4,0,-1.0,0,0,0,639,359
854,11945,11944476,11106,250,-1,-1,1,528,84.6,0,-1.0,0,0,0,639,359
855,11956,11955587,11111,250,-1,-1,1,527,84.7,0,-1.0,0,0,0,639,359
856,11968,11966696,11109,250,-1,-1,1,527,84.8,1,-1.0,0,0,0,639,359
857,11979,11977812,11116,250,-1,-1,1,608,84.9,0,-1.0,0,0,0,639,359
858,11990,11988918,11106,250,-1,-1,1,552,85.0,0,-1.0,0,0,0,639,359
859,12001,12000025,11107,250,-1,-1,1,526,85.1,0,-1.0,0,0,0,639,359
860,12012,12011138,11113,250,-1,-1,1,525,85.2,0,-1.0,0,0,0,639,359
861,12023,12022244,11106,250,-1,-1,1,525,85.2,0,-1.0,0,0,0,639,359
862,12034,12033353,11109,250,-1,-1,1,526,85.3,0,-1.0,0,0,0,639,359
863,12045,12044465,11112,250,-1,-1,1,526,85.4,0,-1.0,0,0,0,639,359
864,12056,12055570,11105,250,-1,-1,1,526,85.5,0,-1.0,0,0,0,639,359
865,12067,12066681,11111,250,-1,-1,1,526,85.6,1,-1.0,0,0,0,639,359
866,12079,12077791,11110,250,-1,-1,1,535,85.7,0,-1.0,0,0,0,639,359
867,12090,12088902,11111,250,-1,-1,1,528,85.8,0,-1.0,0,0,0,639,359
868,12101,12100010,11108,250,-1,-1,1,527,85.8,0,-1.0,0,0,0,639,359
869,12112,12111116,11106,250,-1,-1,1,526,85.9,0,-1.0,0,0,0,639,359
870,12123,12122227,11111,250,-1,-1,1,526,85.9,0,-1.0,0,0,0,639,359
871,12134,12133337,11110,250,-1,-1,1,528,85.9,0,-1.0,0,0,0,639,359
872,12145,12144444,11107,250,-1,-1,1,525,86.0,0,-1.0,0,0,0,639,359
873,12156,12155556,11112,250,-1,-1,1,526,86.1,0,-1.0,0,0,0,639,359
874,12168,12166661,11105,250,-1,-1,1,526,86.0,1,-1.0,0,0,0,639,359
875,12179,12177777,11116,250,-1,-1,1,546,86.2,0,-1.0,0,0,0,639,359
876,12190,12188887,11110,250,-1,-1,1,525,86.3,0,-1.0,0,0,0,639,359
877,12201,12199994,11107,250,-1,-1,1,527,86.4,0,-1.0,0,0,0,639,359
878,12212,12211096,11102,250,-1,-1,1,528,86.4,0,-1.0,0,0,0,639,359
879,12223,12222208,11112,250,-1,-1,1,527,86.4,0,-1.0,0,0,0,639,359
880,12234,12233321,11113,250,-1,-1,1,526,86.4,0,-1.0,0,0,0,639,359
881,12245,12244430,11109,250,-1,-1,1,525,86.5,0,-1.0,0,0,0,639,359
882,12256,12255535,11105,250,-1,-1,1,528,86.5,0,-1.0,0,0,0,639,359
883,12268,12266647,11112,250,-1,-1,1,526,86.6,1,-1.0,0,0,0,639,359
884,12279,12277761,11114,250,-1,-1,1,547,86.7,0,-1.0,0,0,0,639,359
885,12290,12288868,11107,250,-1,-1,1,527,86.6,0,-1.0,0,0,0,639,359
886,12301,12299977,11109,250,-1,-1,1,524,86.8,0,-1.0,0,0,0,639,359
887,12312,12311084,11107,250,-1,-1,1,527,86.8,0,-1.0,0,0,0,639,359
888,12323,12322188,11104,250,-1,-1,1,527,86.8,0,-1.0,0,0,0,639,359
889,12334,12333302,11114,250,-1,-1,1,526,86.8,0,-1.0,0,0,0,639,359
890,12345,12344409,11107,250,-1,-1,1,528,86.9,0,-1.0,0,0,0,639,359
891,12356,12355521,11112,250,-1,-1,1,527,86.9,0,-1.0,0,0,0,639,359
892,12367,12366626,11105,250,-1,-1,1,529,87.0,1,-1.0,0,0,0,639,359
893,12379,12377742,11116,250,-1,-1,1,545,87.0,0,-1.0,0,0,0,639,359
894,12390,12388853,11111,250,-1,-1,1,524,87.0,0,-1.0,0,0,0,639,359
895,12401,12399960,11107,250,-1,-1,1,525,87.1,0,-1.0,0,0,0,639,359
896,12412,12411066,11106,250,-1,-1,1,526,87.1,0,-1.0,0,0,0,639,359
897,12426,12422181,11115,250,-1,-1,1,523,71.4,0,-1.0,0,0,0,639,359
898,12434,12433286,11105,250,-1,-1,1,525,87.0,0,-1.0,0,0,0,639,359
899,12445,12444396,11110,250,-1,-1,1,526,88.2,0,-1.0,0,0,0,639,359
900,12510,12455503,11107,250,-1,-1,1,2611,40.0,0,-1.0,0,0,0,639,359
901,12512,12511033,55530,250,-1,-1,1,521,49.5,1,-1.0,0,0,0,639,359
902,12523,12522162,11129,250,-1,-1,1,548,53.6,0,-1.0,0,0,0,639,359
903,12534,12533269,11107,250,-1,-1,1,528,56.9,0,-1.0,0,0,0,639,359
904,12545,12544376,11107,250,-1,-1,1,525,59.7,0,-1.0,0,0,0,639,359
905,12556,12555484,11108,250,-1,-1,1,525,62.1,0,-1.0,0,0,0,639,359
906,12567,12566595,11111,250,-1,-1,1,527,64.1,0,-1.0,0,0,0,639,359
907,12579,12577707,11112,250,-1,-1,1,528,65.9,0,-1.0,0,0,0,639,359
908,12590,12588811,11104,250,-1,-1,1,527,67.4,0,-1.0,0,0,0,639,359
909,12601,12599922,11111,250,-1,-1,1,528,68.8,0,-1.0,0,0,0,639,359
910,12612,12611030,11108,250,-1,-1,1,526,70.0,1,-1.0,0,0,0,639,359
911,12623,12622150,11120,250,-1,-1,1,547,70.8,0,-1.0,0,0,0,639,359
912,12635,12633255,11105,250,-1,-1,1,526,71.7,0,-1.0,0,0,0,639,359
913,12645,12644365,11110,250,-1,-1,1,525,72.6,0,-1.0,0,0,0,639,359
914,12656,12655467,11102,250,-1,-1,1,525,73.5,0,-1.0,0,0,0,639,359
915,12667,12666579,11112,250,-1,-1,1,525,74.2,0,-1.0,0,0,0,639,359
916,12678,12677685,11106,250,-1,-1,1,526,74.9,0,-1.0,0,0,0,639,359
917,12690,12688796,11111,250,-1,-1,1,529,75.5,0,-1.0,0,0,0,639,359
918,12701,12699902,11106,250,-1,-1,1,524,76.1,0,-1.0,0,0,0,639,359
919,12712,12711013,11111,250,-1,-1,1,526,76.7,1,-1.0,0,0,0,639,359
920,12723,12722129,11116,250,-1,-1,1,545,76.9,0,-1.0,0,0,0,639,359
921,12734,12733238,11109,250,-1,-1,1,525,77.4,0,-1.0,0,0,0,639,359
922,12745,12744345,11107,250,-1,-1,1,524,77.8,0,-1.0,0,0,0,639,359
923,12756,12755455,11110,250,-1,-1,1,525,78.3,0,-1.0,0,0,0,639,359
924,12767,12766559,11104,250,-1,-1,1,524,78.7,0,-1.0,0,0,0,639,359
925,12778,12777670,11111,250,-1,-1,1,528,79.0,0,-1.0,0,0,0,639,359
926,12790,12788776,11106,250,-1,-1,1,529,79.4,0,-1.0,0,0,0,639,359
927,12801,12799889,11113,250,-1,-1,1,528,79.7,0,-1.0,0,0,0,639,359
928,12812,12810999,11110,250,-1,-1,1,525,80.0,1,-1.0,0,0,0,639,359
929,12823,12822109,11110,250,-1,-1,1,547,80.3,0,-1.0,0,0,0,639,359
930,12834,12833215,11106,250,-1,-1,1,523,80.4,0,-1.0,0,0,0,639,359
931,12845,12844331,11116,250,-1,-1,1,525,80.6,0,-1.0,0,0,0,639,359
932,12856,12855433,11102,250,-1,-1,1,526,80.9,0,-1.0,0,0,0,639,359
933,12867,12866544,11111,250,-1,-1,1,525,81.1,0,-1.0,0,0,0,639,359
934,12878,12877652,11108,250,-1,-1,1,525,81.4,0,-1.0,0,0,0,639,359
935,12890,12888764,11112,250,-1,-1,1,528,81.6,0,-1.0,0,0,0,639,359
936,12901,12899871,11107,250,-1,-1,1,526,81.8,0,-1.0,0,0,0,639,359
937,12912,12910983,11112,250,-1,-1,1,526,82.0,1,-1.0,0,0,0,639,359
938,12923,12922090,11107,250,-1,-1,1,531,82.2,0,-1.0,0,0,0,639,359
939,12934,12933203,11113,250,-1,-1,1,526,82.2,0,-1.0,0,0,0,639,359
940,12945,12944307,11104,250,-1,-1,1,529,82.4,0,-1.0,0,0,0,639,359
941,12956,12955416,11109,250,-1,-1,1,527,82.6,0,-1.0,0,0,0,639,359
942,12967,12966526,11110,250,-1,-1,1,526,82.7,0,-1.0,0,0,0,639,359
943,12979,12977636,11110,250,-1,-1,1,525,82.9,0,-1.0,0,0,0,639,359
944,12990,12988744,11108,250,-1,-1,1,525,83.0,0,-1.0,0,0,0,639,359
945,13001,12999852,11108,250,-1,-1,1,525,83.2,0,-1.0,0,0,0,639,359
946,13012,13010960,11108,250,-1,-1,1,527,83.3,1,-1.0,0,0,0,639,359
947,13023,13022077,11117,250,-1,-1,1,534,83.3,0,-1.0,0,0,0,639,359
948,13034,13033182,11105,250,-1,-1,1,527,83.5,0,-1.0,0,0,0,639,359
949,13045,13044293,11111,250,-1,-1,1,527,83.6,0,-1.0,0,0,0,639,359
950,13056,13055399,11106,250,-1,-1,1,526,83.7,0,-1.0,0,0,0,639,359
951,13067,13066510,11111,250,-1,-1,1,525,83.8,0,-1.0,0,0,0,639,359
952,13078,13077618,11108,250,-1,-1,1,526,84.0,0,-1.0,0,0,0,639,359
953,13090,13088727,11109,250,-1,-1,1,525,84.1,0,-1.0,0,0,0,639,359
954,13101,13099836,11109,250,-1,-1,1,525,84.2,0,-1.0,0,0,0,639,359
955,13112,13110945,11109,250,-1,-1,1,526,84.3,1,-1.0,0,0,0,639,359
956,13123,13122059,11114,250,-1,-1,1,549,84.4,0,-1.0,0,0,0,639,359
957,13134,13133167,11108,250,-1,-1,1,527,84.4,0,-1.0,0,0,0,639,359
958,13145,13144276,11109,250,-1,-1,1,528,84.5,0,-1.0,0,0,0,639,359
959,13156,13155384,11108,250,-1,-1,1,526,84.6,0,-1.0,0,0,0,639,359
960,13167,13166494,11110,250,-1,-1,1,568,84.7,0,-1.0,0,0,0,639,359
961,13178,13177604,11110,250,-1,-1,1,526,84.7,0,-1.0,0,0,0,639,359
962,13190,13188710,11106,250,-1,-1,1,527,84.8,0,-1.0,0,0,0,639,359
963,13201,13199819,11109,250,-1,-1,1,524,84.9,0,-1.0,0,0,0,639,359
964,13212,13210930,11111,250,-1,-1,1,525,85.0,1,-1.0,0,0,0,639,359
965,13223,13222047,11117,250,-1,-1,1,546,85.1,0,-1.0,0,0,0,639,359
966,13234,13233149,11102,250,-1,-1,1,525,85.2,0,-1.0,0,0,0,639,359
967,13245,13244259,11110,250,-1,-1,1,526,85.1,0,-1.0,0,0,0,639,359
968,13256,13255364,11105,250,-1,-1,1,526,85.2,0,-1.0,0,0,0,639,359
969,13267,13266475,11111,250,-1,-1,1,551,85.3,0,-1.0,0,0,0,639,359
970,13278,13277582,11107,250,-1,-1,1,525,85.4,0,-1.0,0,0,0,639,359
971,13290,13288695,11113,250,-1,-1,1,528,85.4,0,-1.0,0,0,0,639,359
972,13301,13299801,11106,250,-1,-1,1,528,85.5,0,-1.0,0,0,0,639,359
973,13312,13310912,11111,250,-1,-1,1,527,85.6,1,-1.0,0,0,0,639,359
974,13323,13322023,11111,250,-1,-1,1,548,85.6,0,-1.0,0,0,0,639,359
975,13334,13333130,11107,250,-1,-1,1,525,85.6,0,-1.0,0,0,0,639,359
976,13345,13344239,11109,250,-1,-1,1,524,85.7,0,-1.0,0,0,0,639,359
977,13356,13355350,11111,250,-1,-1,1,524,85.7,0,-1.0,0,0,0,639,359
978,13367,13366456,11106,250,-1,-1,1,525,85.8,0,-1.0,0,0,0,639,359
979,13378,13377570,11114,250,-1,-1,1,529,85.8,0,-1.0,0,0,0,639,359
980,13389,13388671,11101,250,-1,-1,1,529,85.9,0,-1.0,0,0,0,639,359
981,13401,13399788,11117,250,-1,-1,1,528,85.9,0,-1.0,0,0,0,639,359
982,13412,13410892,11104,250,-1,-1,1,527,86.0,1,-1.0,0,0,0,639,359
983,13442,13433108,22216,250,-1,-1,1,609,34.5,0,-1.0,0,0,0,639,359
984,13445,13444212,11104,250,-1,-1,1,526,60.6,0,-1.0,0,0,0,639,359
985,13456,13455330,11118,250,-1,-1,1,528,68.2,0,-1.0,0,0,0,639,359
986,13467,13466440,11110,250,-1,-1,1,526,72.7,0,-1.0,0,0,0,639,359
987,13478,13477550,11110,250,-1,-1,1,526,75.8,0,-1.0,0,0,0,639,359
988,13489,13488658,11108,250,-1,-1,1,527,77.9,0,-1.0,0,0,0,639,359
989,13501,13499765,11107,250,-1,-1,1,525,79.5,0,-1.0,0,0,0,639,359
990,13534,13510878,11113,250,-1,-1,1,611,65.6,0,-1.0,0,0,0,639,359
991,13535,13533084,22206,250,-1,-1,1,603,73.2,1,-1.0,0,0,0,639,359
992,13545,13544208,11124,250,-1,-1,1,545,75.2,0,-1.0,0,0,0,639,359
993,13556,13555317,11109,250,-1,-1,1,526,76.4,0,-1.0,0,0,0,639,359
994,13567,13566435,11118,250,-1,-1,1,629,77.4,0,-1.0,0,0,0,639,359
995,13578,13577536,11101,250,-1,-1,1,529,78.3,0,-1.0,0,0,0,639,359
996,13589,13588642,11106,250,-1,-1,1,527,79.1,0,-1.0,0,0,0,639,359
997,13601,13599752,11110,250,-1,-1,1,525,79.8,0,-1.0,0,0,0,639,359
998,13612,13610858,11106,250,-1,-1,1,528,80.4,0,-1.0,0,0,0,639,359
999,13623,13621972,11114,250,-1,-1,1,528,81.0,0,-1.0,0,0,0,639,359
1000,13634,13633078,11106,250,-1,-1,1,525,81.4,1,-1.0,0,0,0,639,359
1001,13645,13644195,11117,250,-1,-1,1,547,81.5,0,-1.0,0,0,0,639,359
1002,13656,13655299,11104,250,-1,-1,1,527,82.0,0,-1.0,0,0,0,639,359
1003,13667,13666409,11110,250,-1,-1,1,529,82.4,0,-1.0,0,0,0,639,359
1004,13678,13677519,11110,250,-1,-1,1,525,82.7,0,-1.0,0,0,0,639,359
1005,13689,13688624,11105,250,-1,-1,1,525,83.0,0,-1.0,0,0,0,639,359
1006,13701,13699732,11108,250,-1,-1,1,528,83.3,0,-1.0,0,0,0,639,359
1007,13712,13710843,11111,250,-1,-1,1,529,83.6,0,-1.0,0,0,0,639,359
1008,13723,13721947,11104,250,-1,-1,1,525,83.9,0,-1.0,0,0,0,639,359
1009,13734,13733061,11114,250,-1,-1,1,525,84.1,1,-1.0,0,0,0,639,359
1010,13745,13744171,11110,250,-1,-1,1,530,84.1,0,-1.0,0,0,0,639,359
1011,13756,13755281,11110,250,-1,-1,1,525,84.3,0,-1.0,0,0,0,639,359
1012,13767,13766391,11110,250,-1,-1,1,526,84.5,0,-1.0,0,0,0,639,359
1013,13778,13777503,11112,250,-1,-1,1,526,84.7,0,-1.0,0,0,0,639,359
1014,13789,13788607,11104,250,-1,-1,1,527,84.9,0,-1.0,0,0,0,639,359
1015,13801,13799719,11112,250,-1,-1,1,526,85.1,0,-1.0,0,0,0,639,359
1016,13812,13810826,11107,250,-1,-1,1,528,85.2,0,-1.0,0,0,0,639,359
1017,13823,13821933,11107,250,-1,-1,1,529,85.4,0,-1.0,0,0,0,639,359
1018,13834,13833042,11109,250,-1,-1,1,528,85.5,1,-1.0,0,0,0,639,359
1019,13845,13844158,11116,250,-1,-1,1,534,85.5,0,-1.0,0,0,0,639,359
1020,13856,13855259,11101,250,-1,-1,1,526,85.6,0,-1.0,0,0,0,639,359
1021,13867,13866375,11116,250,-1,-1,1,526,85.7,0,-1.0,0,0,0,639,359
1022,13878,13877480,11105,250,-1,-1,1,526,85.8,0,-1.0,0,0,0,639,359
1023,13889,13888592,11112,250,-1,-1,1,526,86.0,0,-1.0,0,0,0,639,359
1024,13901,13899700,11108,250,-1,-1,1,525,86.1,0,-1.0,0,0,0,639,359
1025,13912,13910812,11112,250,-1,-1,1,522,86.2,0,-1.0,0,0,0,639,359
1026,13923,13921915,11103,250,-1,-1,1,524,86.3,0,-1.0,0,0,0,639,359
1027,13934,13933025,11110,250,-1,-1,1,528,86.4,1,-1.0,0,0,0,639,359
1028,13945,13944140,11115,250,-1,-1,1,543,86.3,0,-1.0,0,0,0,639,359
1029,13956,13955250,11110,250,-1,-1,1,526,86.4,0,-1.0,0,0,0,639,359
1030,13967,13966357,11107,250,-1,-1,1,526,86.5,0,-1.0,0,0,0,639,359
1031,13978,13977469,11112,250,-1,-1,1,528,86.6,0,-1.0,0,0,0,639,359
1032,13990,13988570,11101,250,-1,-1,1,525,86.7,0,-1.0,0,0,0,639,359
1033,14000,13999682,11112,250,-1,-1,1,526,86.7,0,-1.0,0,0,0,639,359
1034,14012,14010791,11109,250,-1,-1,1,525,86.8,0,-1.0,0,0,0,639,359
1035,14023,14021904,11113,250,-1,-1,1,526,86.9,0,-1.0,0,0,0,639,359
1036,14034,14033009,11105,250,-1,-1,1,525,87.0,1,-1.0,0,0,0,639,359
1037,14045,14044125,11116,250,-1,-1,1,546,87.0,0,-1.0,0,0,0,639,359
1038,14057,14055227,11102,250,-1,-1,1,525,87.0,0,-1.0,0,0,0,639,359
1039,14067,14066342,11115,250,-1,-1,1,528,87.0,0,-1.0,0,0,0,639,359
1040,14078,14077444,11102,250,-1,-1,1,527,87.1,0,-1.0,0,0,0,639,359
1041,14089,14088556,11112,250,-1,-1,1,526,87.1,0,-1.0,0,0,0,639,359
1042,14100,14099663,11107,250,-1,-1,1,526,87.2,0,-1.0,0,0,0,639,359
1043,14112,14110775,11112,250,-1,-1,1,528,87.3,0,-1.0,0,0,0,639,359
1044,14123,14121884,11109,250,-1,-1,1,525,87.3,0,-1.0,0,0,0,639,359
1045,14134,14132995,11111,250,-1,-1,1,527,87.4,1,-1.0,0,0,0,639,359
1046,14145,14144105,11110,250,-1,-1,1,546,87.4,0,-1.0,0,0,0,639,359
1047,14156,14155217,11112,250,-1,-1,1,526,87.4,0,-1.0,0,0,0,639,359
1048,14167,14166322,11105,250,-1,-1,1,524,87.4,0,-1.0,0,0,0,639,359
1049,14178,14177434,11112,250,-1,-1,1,527,87.5,0,-1.0,0,0,0,639,359
1050,14189,14188537,11103,250,-1,-1,1,528,87.5,0,-1.0,0,0,0,639,359
1051,14200,14199647,11110,250,-1,-1,1,527,87.6,0,-1.0,0,0,0,639,359
1052,14212,14210755,11108,250,-1,-1,1,525,87.6,0,-1.0,0,0,0,639,359
1053,14223,14221865,11110,250,-1,-1,1,529,87.7,0,-1.0,0,0,0,639,359
1054,14234,14232975,11110,250,-1,-1,1,525,87.7,1,-1.0,0,0,0,639,359
1055,14245,14244092,11117,250,-1,-1,1,546,87.7,0,-1.0,0,0,0,639,359
1056,14256,14255196,11104,250,-1,-1,1,525,87.7,0,-1.0,0,0,0,639,359
1057,14267,14266305,11109,250,-1,-1,1,524,87.7,0,-1.0,0,0,0,639,359
1058,14278,14277413,11108,250,-1,-1,1,526,87.8,0,-1.0,0,0,0,639,359
1059,14289,14288522,11109,250,-1,-1,1,527,87.8,0,-1.0,0,0,0,639,359
1060,14300,14299632,11110,250,-1,-1,1,527,87.8,0,-1.0,0,0,0,639,359
1061,14312,14310741,11109,250,-1,-1,1,526,87.9,0,-1.0,0,0,0,639,359
1062,14323,14321844,11103,250,-1,-1,1,527,87.9,0,-1.0,0,0,0,639,359
1063,14334,14332961,11117,250,-1,-1,1,527,87.9,1,-1.0,0,0,0,639,359
1064,14345,14344067,11106,250,-1,-1,1,547,88.0,0,-1.0,0,0,0,639,359
1065,14357,14355181,11114,250,-1,-1,1,529,87.9,0,-1.0,0,0,0,639,359
1066,14367,14366286,11105,250,-1,-1,1,525,88.0,0,-1.0,0,0,0,639,359
1067,14378,14377397,11111,250,-1,-1,1,525,88.0,0,-1.0,0,0,0,639,359
1068,14389,14388506,11109,250,-1,-1,1,525,88.0,0,-1.0,0,0,0,639,359
1069,14400,14399615,11109,250,-1,-1,1,526,88.1,0,-1.0,0,0,0,639,359
1070,14412,14410724,11109,250,-1,-1,1,525,88.1,0,-1.0,0,0,0,639,359
1071,14423,14421833,11109,250,-1,-1,1,530,88.1,0,-1.0,0,0,0,639,359
1072,14437,14432940,11107,250,-1,-1,1,527,66.7,1,-1.0,0,0,0,639,359
1073,14445,14444055,11115,250,-1,-1,1,524,90.9,0,-1.0,0,0,0,639,359
1074,14456,14455161,11106,250,-1,-1,1,630,88.2,0,-1.0,0,0,0,639,359
1075,14467,14466273,11112,250,-1,-1,1,528,88.9,0,-1.0,0,0,0,639,359
1076,14478,14477378,11105,250,-1,-1,1,527,89.3,0,-1.0,0,0,0,639,359
1077,14489,14488493,11115,250,-1,-1,1,525,89.6,0,-1.0,0,0,0,639,359
1078,14500,14499596,11103,250,-1,-1,1,525,89.7,0,-1.0,0,0,0,639,359
1079,14512,14510709,11113,250,-1,-1,1,524,89.9,0,-1.0,0,0,0,639,359
1080,14543,14521813,11104,250,-1,-1,1,810,75.0,0,-1.0,0,0,0,639,359
1081,14545,14544030,22217,250,-1,-1,1,602,81.3,1,-1.0,0,0,0,639,359
1082,14556,14555143,11113,250,-1,-1,1,528,82.7,0,-1.0,0,0,0,639,359
1083,14567,14566253,11110,250,-1,-1,1,529,82.8,0,-1.0,0,0,0,639,359
1084,14578,14577361,11108,250,-1,-1,1,607,83.3,0,-1.0,0,0,0,639,359
1085,14589,14588477,11116,250,-1,-1,1,527,83.8,0,-1.0,0,0,0,639,359
1086,14600,14599580,11103,250,-1,-1,1,527,84.3,0,-1.0,0,0,0,639,359
1087,14612,14610823,11243,250,-1,-1,1,526,84.7,0,-1.0,0,0,0,639,359
1088,14623,14621798,10975,250,-1,-1,1,526,85.0,0,-1.0,0,0,0,639,359
1089,14634,14632906,11108,250,-1,-1,1,525,85.3,0,-1.0,0,0,0,639,359
1090,14645,14644015,11109,250,-1,-1,1,527,85.6,1,-1.0,0,0,0,639,359
1091,14656,14655131,11116,250,-1,-1,1,547,85.5,0,-1.0,0,0,0,639,359
1092,14667,14666239,11108,250,-1,-1,1,526,85.7,0,-1.0,0,0,0,639,359
1093,14678,14677347,11108,250,-1,-1,1,525,85.9,0,-1.0,0,0,0,639,359
1094,14689,14688452,11105,250,-1,-1,1,525,86.1,0,-1.0,0,0,0,639,359
1095,14700,14699561,11109,250,-1,-1,1,525,86.3,0,-1.0,0,0,0,639,359
1096,14711,14710673,11112,250,-1,-1,1,525,86.5,0,-1.0,0,0,0,639,359
1097,14723,14721777,11104,250,-1,-1,1,529,86.7,0,-1.0,0,0,0,639,359
1098,14734,14732891,11114,250,-1,-1,1,527,86.8,0,-1.0,0,0,0,639,359
1099,14745,14743995,11104,250,-1,-1,1,527,87.0,1,-1.0,0,0,0,639,359
1100,14756,14755111,11116,250,-1,-1,1,531,87.1,0,-1.0,0,0,0,639,359
1101,14767,14766219,11108,250,-1,-1,1,526,87.0,0,-1.0,0,0,0,639,359
1102,14778,14777326,11107,250,-1,-1,1,526,87.1,0,-1.0,0,0,0,639,359
1103,14789,14788437,11111,250,-1,-1,1,525,87.2,0,-1.0,0,0,0,639,359
1104,14800,14799544,11107,250,-1,-1,1,526,87.3,0,-1.0,0,0,0,639,359
1105,14811,14810654,11110,250,-1,-1,1,526,87.4,0,-1.0,0,0,0,639,359
1106,14823,14821763,11109,250,-1,-1,1,525,87.5,0,-1.0,0,0,0,639,359
1107,14834,14832872,11109,250,-1,-1,1,526,87.6,0,-1.0,0,0,0,639,359
1108,14845,14843983,11111,250,-1,-1,1,525,87.7,1,-1.0,0,0,0,639,359
1109,14856,14855095,11112,250,-1,-1,1,545,87.8,0,-1.0,0,0,0,639,359
1110,14867,14866203,11108,250,-1,-1,1,526,87.6,0,-1.0,0,0,0,639,359
1111,14878,14877314,11111,250,-1,-1,1,525,87.7,0,-1.0,0,0,0,639,359
1112,14889,14888418,11104,250,-1,-1,1,527,87.8,0,-1.0,0,0,0,639,359
1113,14900,14899528,11110,250,-1,-1,1,528,87.9,0,-1.0,0,0,0,639,359
1114,14912,14910638,11110,250,-1,-1,1,527,87.9,0,-1.0,0,0,0,639,359
1115,14923,14921741,11103,250,-1,-1,1,528,88.0,0,-1.0,0,0,0,639,359
1116,14934,14932855,11114,250,-1,-1,1,529,88.1,0,-1.0,0,0,0,639,359
1117,14945,14943959,11104,250,-1,-1,1,525,88.1,1,-1.0,0,0,0,639,359
1118,14956,14955079,11120,250,-1,-1,1,545,88.0,0,-1.0,0,0,0,639,359
1119,14967,14966185,11106,250,-1,-1,1,525,88.1,0,-1.0,0,0,0,639,359
1120,14978,14977300,11115,250,-1,-1,1,528,88.1,0,-1.0,0,0,0,639,359
1121,14989,14988404,11104,250,-1,-1,1,525,88.2,0,-1.0,0,0,0,639,359
1122,15000,14999512,11108,250,-1,-1,1,527,88.2,0,-1.0,0,0,0,639,359
1123,15011,15010618,11106,250,-1,-1,1,526,88.3,0,-1.0,0,0,0,639,359
1124,15023,15021729,11111,250,-1,-1,1,526,88.3,0,-1.0,0,0,0,639,359
1125,15034,15032837,11108,250,-1,-1,1,528,88.4,0,-1.0,0,0,0,639,359
1126,15045,15043950,11113,250,-1,-1,1,525,88.4,1,-1.0,0,0,0,639,359
1127,15056,15055059,11109,250,-1,-1,1,544,88.5,0,-1.0,0,0,0,639,359
1128,15067,15066171,11112,250,-1,-1,1,525,88.4,0,-1.0,0,0,0,639,359
1129,15078,15077284,11113,250,-1,-1,1,608,88.4,0,-1.0,0,0,0,639,359
1130,15089,15088386,11102,250,-1,-1,1,525,88.5,0,-1.0,0,0,0,639,359
1131,15100,15099490,11104,250,-1,-1,1,525,88.5,0,-1.0,0,0,0,639,359
1132,15111,15110605,11115,250,-1,-1,1,526,88.5,0,-1.0,0,0,0,639,359
1133,15123,15121711,11106,250,-1,-1,1,527,88.6,0,-1.0,0,0,0,639,359
1134,15134,15132823,11112,250,-1,-1,1,526,88.6,0,-1.0,0,0,0,639,359
1135,15145,15143928,11105,250,-1,-1,1,527,88.6,1,-1.0,0,0,0,639,359
1136,15156,15155043,11115,250,-1,-1,1,548,88.7,0,-1.0,0,0,0,639,359
1137,15167,15166151,11108,250,-1,-1,1,524,88.6,0,-1.0,0,0,0,639,359
1138,15178,15177257,11106,250,-1,-1,1,525,88.6,0,-1.0,0,0,0,639,359
1139,15189,15188369,11112,250,-1,-1,1,526,88.7,0,-1.0,0,0,0,639,359
1140,15200,15199481,11112,250,-1,-1,1,526,88.7,0,-1.0,0,0,0,639,359
1141,15211,15210585,11104,250,-1,-1,1,525,88.7,0,-1.0,0,0,0,639,359
1142,15223,15221693,11108,250,-1,-1,1,526,88.8,0,-1.0,0,0,0,639,359
1143,15234,15232802,11109,250,-1,-1,1,527,88.8,0,-1.0,0,0,0,639,359
1144,15245,15243910,11108,250,-1,-1,1,528,88.8,1,-1.0,0,0,0,639,359
1145,15256,15255026,11116,250,-1,-1,1,535,88.8,0,-1.0,0,0,0,639,359
1146,15267,15266137,11111,250,-1,-1,1,525,88.8,0,-1.0,0,0,0,639,359
1147,15278,15277248,11111,250,-1,-1,1,526,88.8,0,-1.0,0,0,0,639,359
1148,15289,15288351,11103,250,-1,-1,1,527,88.8,0,-1.0,0,0,0,639,359
1149,15300,15299461,11110,250,-1,-1,1,528,88.8,0,-1.0,0,0,0,639,359
1150,15311,15310570,11109,250,-1,-1,1,525,88.9,0,-1.0,0,0,0,639,359
1151,15322,15321677,11107,250,-1,-1,1,525,88.9,0,-1.0,0,0,0,639,359
1152,15334,15332787,11110,250,-1,-1,1,524,88.9,0,-1.0,0,0,0,639,359
1153,15345,15343893,11106,250,-1,-1,1,525,88.9,1,-1.0,0,0,0,639,359
1154,15356,15355010,11117,250,-1,-1,1,547,89.0,0,-1.0,0,0,0,639,359
1155,15367,15366112,11102,250,-1,-1,1,527,88.9,0,-1.0,0,0,0,639,359
1156,15378,15377230,11118,250,-1,-1,1,527,88.9,0,-1.0,0,0,0,639,359
1157,15389,15388333,11103,250,-1,-1,1,525,88.9,0,-1.0,0,0,0,639,359
1158,15400,15399442,11109,250,-1,-1,1,528,89.0,0,-1.0,0,0,0,639,359
1159,15411,15410551,11109,250,-1,-1,1,527,89.0,0,-1.0,0,0,0,639,359
1160,15422,15421662,11111,250,-1,-1,1,527,89.0,0,-1.0,0,0,0,639,359
1161,15437,15432773,11111,250,-1,-1,1,525,66.7,0,-1.0,0,0,0,639,359
1162,15445,15443884,11111,250,-1,-1,1,525,90.9,1,-1.0,0,0,0,639,359
1163,15456,15454991,11107,250,-1,-1,1,529,90.9,0,-1.0,0,0,0,639,359
1164,15467,15466101,11110,250,-1,-1,1,526,90.9,0,-1.0,0,0,0,639,359
1165,15478,15477214,11113,250,-1,-1,1,524,89.3,0,-1.0,0,0,0,639,359
1166,15489,15488316,11102,250,-1,-1,1,527,89.6,0,-1.0,0,0,0,639,359
1167,15500,15499420,11104,250,-1,-1,1,524,89.7,0,-1.0,0,0,0,639,359
1168,15511,15510537,11117,250,-1,-1,1,525,89.9,0,-1.0,0,0,0,639,359
1169,15523,15521642,11105,250,-1,-1,1,524,90.0,0,-1.0,0,0,0,639,359
1170,15556,15532752,11110,250,-1,-1,1,606,74.6,0,-1.0,0,0,0,639,359
1171,15557,15554956,22204,250,-1,-1,1,622,81.5,1,-1.0,0,0,0,639,359
1172,15567,15566083,11127,250,-1,-1,1,527,82.8,0,-1.0,0,0,0,639,359
1173,15578,15577189,11106,250,-1,-1,1,527,83.3,0,-1.0,0,0,0,639,359
1174,15589,15588470,11281,250,-1,-1,1,608,83.8,0,-1.0,0,0,0,639,359
1175,15600,15599415,10945,250,-1,-1,1,539,84.3,0,-1.0,0,0,0,639,359
1176,15612,15610516,11101,250,-1,-1,1,527,84.7,0,-1.0,0,0,0,639,359
1177,15622,15621631,11115,250,-1,-1,1,527,85.0,0,-1.0,0,0,0,639,359
1178,15634,15632732,11101,250,-1,-1,1,528,85.3,0,-1.0,0,0,0,639,359
1179,15645,15643843,11111,250,-1,-1,1,527,85.6,0,-1.0,0,0,0,639,359
1180,15656,15654954,11111,250,-1,-1,1,524,85.8,1,-1.0,0,0,0,639,359
1181,15667,15666072,11118,250,-1,-1,1,545,86.1,0,-1.0,0,0,0,639,359
1182,15678,15677176,11104,250,-1,-1,1,524,85.9,0,-1.0,0,0,0,639,359
1183,15689,15688286,11110,250,-1,-1,1,525,86.1,0,-1.0,0,0,0,639,359
1184,15700,15699387,11101,250,-1,-1,1,527,86.3,0,-1.0,0,0,0,639,359
1185,15711,15710499,11112,250,-1,-1,1,526,86.5,0,-1.0,0,0,0,639,359
1186,15722,15721609,11110,250,-1,-1,1,526,86.7,0,-1.0,0,0,0,639,359
1187,15734,15732719,11110,250,-1,-1,1,527,86.8,0,-1.0,0,0,0,639,359
1188,15745,15743824,11105,250,-1,-1,1,524,87.0,0,-1.0,0,0,0,639,359
1189,15756,15754939,11115,250,-1,-1,1,525,87.1,1,-1.0,0,0,0,639,359
1190,15767,15766048,11109,250,-1,-1,1,547,87.2,0,-1.0,0,0,0,639,359
1191,15778,15777160,11112,250,-1,-1,1,528,87.1,0,-1.0,0,0,0,639,359
1192,15789,15788264,11104,250,-1,-1,1,529,87.2,0,-1.0,0,0,0,639,359
1193,15800,15799374,11110,250,-1,-1,1,525,87.3,0,-1.0,0,0,0,639,359
1194,15811,15810480,11106,250,-1,-1,1,530,87.4,0,-1.0,0,0,0,639,359
1195,15822,15821589,11109,250,-1,-1,1,527,87.5,0,-1.0,0,0,0,639,359
1196,15834,15832697,11108,250,-1,-1,1,527,87.6,0,-1.0,0,0,0,639,359
1197,15845,15843808,11111,250,-1,-1,1,527,87.7,0,-1.0,0,0,0,639,359
1198,15856,15854918,11110,250,-1,-1,1,528,87.8,1,-1.0,0,0,0,639,359
1199,15867,15866033,11115,250,-1,-1,1,528,87.8,0,-1.0,0,0,0,639,359
1200,15879,15877140,11107,250,-1,-1,1,527,87.7,0,-1.0,0,0,0,639,359
1201,15889,15888250,11110,250,-1,-1,1,524,87.8,0,-1.0,0,0,0,639,359
1202,15900,15899357,11107,250,-1,-1,1,525,87.9,0,-1.0,0,0,0,639,359
1203,15911,15910468,11111,250,-1,-1,1,525,87.9,0,-1.0,0,0,0,639,359
1204,15923,15921574,11106,250,-1,-1,1,525,88.0,0,-1.0,0,0,0,639,359
1205,15933,15932686,11112,250,-1,-1,1,526,88.1,0,-1.0,0,0,0,639,359
1206,15945,15943794,11108,250,-1,-1,1,528,88.1,0,-1.0,0,0,0,639,359
1207,15956,15954904,11110,250,-1,-1,1,527,88.2,1,-1.0,0,0,0,639,359
1208,15967,15966013,11109,250,-1,-1,1,529,88.1,0,-1.0,0,0,0,639,359
1209,15978,15977123,11110,250,-1,-1,1,525,88.1,0,-1.0,0,0,0,639,359
1210,15989,15988232,11109,250,-1,-1,1,526,88.2,0,-1.0,0,0,0,639,359
1211,16000,15999338,11106,250,-1,-1,1,525,88.2,0,-1.0,0,0,0,639,359
1212,16011,16010446,11108,250,-1,-1,1,524,88.3,0,-1.0,0,0,0,639,359
1213,16022,16021555,11109,250,-1,-1,1,525,88.3,0,-1.0,0,0,0,639,359
1214,16033,16032666,11111,250,-1,-1,1,525,88.4,0,-1.0,0,0,0,639,359
1215,16045,16043776,11110,250,-1,-1,1,525,88.4,0,-1.0,0,0,0,639,359
1216,16056,16054887,11111,250,-1,-1,1,528,88.5,1,-1.0,0,0,0,639,359
1217,16067,16066000,11113,250,-1,-1,1,529,88.5,0,-1.0,0,0,0,639,359
1218,16078,16077108,11108,250,-1,-1,1,527,88.5,0,-1.0,0,0,0,639,359
1219,16089,16088220,11112,250,-1,-1,1,528,88.5,0,-1.0,0,0,0,639,359
1220,16100,16099323,11103,250,-1,-1,1,528,88.5,0,-1.0,0,0,0,639,359
1221,16111,16110431,11108,250,-1,-1,1,526,88.5,0,-1.0,0,0,0,639,359
1222,16122,16121539,11108,250,-1,-1,1,526,88.6,0,-1.0,0,0,0,639,359
1223,16133,16132652,11113,250,-1,-1,1,525,88.6,0,-1.0,0,0,0,639,359
1224,16145,16143759,11107,250,-1,-1,1,525,88.6,0,-1.0,0,0,0,639,359
1225,16156,16154870,11111,250,-1,-1,1,527,88.7,1,-1.0,0,0,0,639,359
1226,16167,16165978,11108,250,-1,-1,1,528,88.7,0,-1.0,0,0,0,639,359
1227,16178,16177094,11116,250,-1,-1,1,525,88.6,0,-1.0,0,0,0,639,359
1228,16189,16188198,11104,250,-1,-1,1,609,88.7,0,-1.0,0,0,0,639,359
1229,16200,16199304,11106,250,-1,-1,1,525,88.7,0,-1.0,0,0,0,639,359
1230,16211,16210414,11110,250,-1,-1,1,527,88.7,0,-1.0,0,0,0,639,359
1231,16222,16221524,11110,250,-1,-1,1,528,88.8,0,-1.0,0,0,0,639,359
1232,16234,16232631,11107,250,-1,-1,1,525,88.8,0,-1.0,0,0,0,639,359
1233,16245,16243743,11112,250,-1,-1,1,525,88.8,0,-1.0,0,0,0,639,359
1234,16256,16254851,11108,250,-1,-1,1,525,88.8,1,-1.0,0,0,0,639,359
1235,16267,16265969,11118,250,-1,-1,1,528,88.9,0,-1.0,0,0,0,639,359
1236,16278,16277071,11102,250,-1,-1,1,526,88.8,0,-1.0,0,0,0,639,359
1237,16289,16288187,11116,250,-1,-1,1,526,88.8,0,-1.0,0,0,0,639,359
1238,16300,16299290,11103,250,-1,-1,1,525,88.8,0,-1.0,0,0,0,639,359
1239,16311,16310398,11108,250,-1,-1,1,528,88.9,0,-1.0,0,0,0,639,359
1240,16322,16321504,11106,250,-1,-1,1,526,88.9,0,-1.0,0,0,0,639,359
1241,16333,16332616,11112,250,-1,-1,1,527,88.9,0,-1.0,0,0,0,639,359
1242,16345,16343722,11106,250,-1,-1,1,527,88.9,0,-1.0,0,0,0,639,359
1243,16356,16354834,11112,250,-1,-1,1,528,89.0,1,-1.0,0,0,0,639,359
1244,16367,16365945,11111,250,-1,-1,1,544,89.0,0,-1.0,0,0,0,639,359
1245,16378,16377051,11106,250,-1,-1,1,527,88.9,0,-1.0,0,0,0,639,359
1246,16389,16388162,11111,250,-1,-1,1,527,88.9,0,-1.0,0,0,0,639,359
1247,16400,16399277,11115,250,-1,-1,1,526,89.0,0,-1.0,0,0,0,639,359
1248,16411,16410377,11100,250,-1,-1,1,525,89.0,0,-1.0,0,0,0,639,359
1249,16422,16421486,11109,250,-1,-1,1,524,89.0,0,-1.0,0,0,0,639,359
1250,16437,16432599,11113,250,-1,-1,1,526,71.4,0,-1.0,0,0,0,639,359
1251,16444,16443712,11113,250,-1,-1,1,525,90.9,0,-1.0,0,0,0,639,359
1252,16456,16454812,11100,250,-1,-1,1,526,90.9,1,-1.0,0,0,0,639,359
1253,16467,16465928,11116,250,-1,-1,1,541,90.9,0,-1.0,0,0,0,639,359
1254,16478,16477039,11111,250,-1,-1,1,526,90.9,0,-1.0,0,0,0,639,359
1255,16489,16488148,11109,250,-1,-1,1,525,89.6,0,-1.0,0,0,0,639,359
1256,16500,16499253,11105,250,-1,-1,1,528,89.7,0,-1.0,0,0,0,639,359
1257,16511,16510360,11107,250,-1,-1,1,526,89.9,0,-1.0,0,0,0,639,359
1258,16522,16521471,11111,250,-1,-1,1,525,90.0,0,-1.0,0,0,0,639,359
1259,16533,16532580,11109,250,-1,-1,1,524,90.1,0,-1.0,0,0,0,639,359
1260,16570,16543692,11112,250,-1,-1,1,609,74.8,0,-1.0,0,0,0,639,359
1261,16570,16565897,22205,250,-1,-1,1,600,81.1,1,-1.0,0,0,0,639,359
1262,16578,16577022,11125,250,-1,-1,1,527,83.9,0,-1.0,0,0,0,639,359
1263,16589,16588123,11101,250,-1,-1,1,526,83.8,0,-1.0,0,0,0,639,359
1264,16600,16599236,11113,250,-1,-1,1,525,84.3,0,-1.0,0,0,0,639,359
1265,16611,16610346,11110,250,-1,-1,1,525,84.7,0,-1.0,0,0,0,639,359
1266,16622,16621456,11110,250,-1,-1,1,634,85.0,0,-1.0,0,0,0,639,359
1267,16634,16632566,11110,250,-1,-1,1,630,85.3,0,-1.0,0,0,0,639,359
1268,16644,16643676,11110,250,-1,-1,1,525,85.6,0,-1.0,0,0,0,639,359
1269,16656,16654782,11106,250,-1,-1,1,525,85.8,0,-1.0,0,0,0,639,359
1270,16667,16665892,11110,250,-1,-1,1,525,86.1,1,-1.0,0,0,0,639,359
1271,16678,16677004,11112,250,-1,-1,1,530,86.3,0,-1.0,0,0,0,639,359
1272,16689,16688116,11112,250,-1,-1,1,526,86.1,0,-1.0,0,0,0,639,359
1273,16700,16699222,11106,250,-1,-1,1,526,86.3,0,-1.0,0,0,0,639,359
1274,16711,16710331,11109,250,-1,-1,1,528,86.5,0,-1.0,0,0,0,639,359
1275,16722,16721435,11104,250,-1,-1,1,527,86.7,0,-1.0,0,0,0,639,359
1276,16733,16732546,11111,250,-1,-1,1,526,86.8,0,-1.0,0,0,0,639,359
1277,16744,16743654,11108,250,-1,-1,1,528,87.0,0,-1.0,0,0,0,639,359
1278,16756,16754763,11109,250,-1,-1,1,528,87.1,0,-1.0,0,0,0,639,359
1279,16767,16765876,11113,250,-1,-1,1,526,87.2,1,-1.0,0,0,0,639,359
1280,16778,16776990,11114,250,-1,-1,1,527,87.3,0,-1.0,0,0,0,639,359
1281,16789,16788094,11104,250,-1,-1,1,526,87.2,0,-1.0,0,0,0,639,359
1282,16801,16799208,11114,250,-1,-1,1,527,87.3,0,-1.0,0,0,0,639,359
1283,16811,16810313,11105,250,-1,-1,1,527,87.4,0,-1.0,0,0,0,639,359
1284,16822,16821422,11109,250,-1,-1,1,525,87.5,0,-1.0,0,0,0,639,359
1285,16833,16832528,11106,250,-1,-1,1,525,87.6,0,-1.0,0,0,0,639,359
1286,16844,16843641,11113,250,-1,-1,1,527,87.7,0,-1.0,0,0,0,639,359
1287,16856,16854749,11108,250,-1,-1,1,526,87.8,0,-1.0,0,0,0,639,359
1288,16867,16865857,11108,250,-1,-1,1,527,87.8,1,-1.0,0,0,0,639,359
1289,16878,16876970,11113,250,-1,-1,1,542,87.9,0,-1.0,0,0,0,639,359
1290,16889,16888079,11109,250,-1,-1,1,526,87.8,0,-1.0,0,0,0,639,359
1291,16900,16899186,11107,250,-1,-1,1,528,87.9,0,-1.0,0,0,0,639,359
1292,16911,16910294,11108,250,-1,-1,1,528,87.9,0,-1.0,0,0,0,639,359
1293,16922,16921402,11108,250,-1,-1,1,528,88.0,0,-1.0,0,0,0,639,359
1294,16933,16932511,11109,250,-1,-1,1,528,88.1,0,-1.0,0,0,0,639,359
1295,16944,16943619,11108,250,-1,-1,1,525,88.1,0,-1.0,0,0,0,639,359
1296,16956,16954726,11107,250,-1,-1,1,526,88.2,0,-1.0,0,0,0,639,359
1297,16967,16965837,11111,250,-1,-1,1,525,88.2,1,-1.0,0,0,0,639,359
1298,16978,16976959,11122,250,-1,-1,1,545,88.3,0,-1.0,0,0,0,639,359
1299,16989,16988060,11101,250,-1,-1,1,526,88.2,0,-1.0,0,0,0,639,359
1300,17000,16999170,11110,250,-1,-1,1,526,88.2,0,-1.0,0,0,0,639,359
1301,17011,17010282,11112,250,-1,-1,1,526,88.3,0,-1.0,0,0,0,639,359
1302,17022,17021382,11100,250,-1,-1,1,527,88.3,0,-1.0,0,0,0,639,359
1303,17033,17032492,11110,250,-1,-1,1,527,88.4,0,-1.0,0,0,0,639,359
1304,17044,17043605,11113,250,-1,-1,1,527,88.4,0,-1.0,0,0,0,639,359
1305,17056,17054712,11107,250,-1,-1,1,528,88.5,0,-1.0,0,0,0,639,359
1306,17067,17065820,11108,250,-1,-1,1,527,88.5,1,-1.0,0,0,0,639,359
1307,17078,17076933,11113,250,-1,-1,1,528,88.5,0,-1.0,0,0,0,639,359
1308,17089,17088042,11109,250,-1,-1,1,527,88.5,0,-1.0,0,0,0,639,359
1309,17100,17099152,11110,250,-1,-1,1,525,88.5,0,-1.0,0,0,0,639,359
1310,17111,17110261,11109,250,-1,-1,1,527,88.5,0,-1.0,0,0,0,639,359
1311,17122,17121368,11107,250,-1,-1,1,526,88.6,0,-1.0,0,0,0,639,359
1312,17133,17132478,11110,250,-1,-1,1,524,88.6,0,-1.0,0,0,0,639,359
1313,17144,17143589,11111,250,-1,-1,1,525,88.6,0,-1.0,0,0,0,639,359
1314,17155,17154696,11107,250,-1,-1,1,525,88.7,0,-1.0,0,0,0,639,359
1315,17167,17165805,11109,250,-1,-1,1,529,88.7,1,-1.0,0,0,0,639,359
1316,17178,17176919,11114,250,-1,-1,1,539,88.7,0,-1.0,0,0,0,639,359
1317,17189,17188023,11104,250,-1,-1,1,526,88.8,0,-1.0,0,0,0,639,359
1318,17200,17199139,11116,250,-1,-1,1,525,88.7,0,-1.0,0,0,0,639,359
1319,17211,17210243,11104,250,-1,-1,1,527,88.7,0,-1.0,0,0,0,639,359
1320,17222,17221354,11111,250,-1,-1,1,528,88.8,0,-1.0,0,0,0,639,359
1321,17233,17232459,11105,250,-1,-1,1,528,88.8,0,-1.0,0,0,0,639,359
1322,17244,17243568,11109,250,-1,-1,1,526,88.8,0,-1.0,0,0,0,639,359
1323,17255,17254680,11112,250,-1,-1,1,524,88.8,0,-1.0,0,0,0,639,359
1324,17267,17265788,11108,250,-1,-1,1,525,88.9,1,-1.0,0,0,0,639,359
1325,17278,17276902,11114,250,-1,-1,1,544,88.9,0,-1.0,0,0,0,639,359
1326,17289,17288010,11108,250,-1,-1,1,533,88.9,0,-1.0,0,0,0,639,359
1327,17300,17299119,11109,250,-1,-1,1,525,88.9,0,-1.0,0,0,0,639,359
1328,17311,17310229,11110,250,-1,-1,1,526,88.9,0,-1.0,0,0,0,639,359
1329,17322,17321334,11105,250,-1,-1,1,527,88.9,0,-1.0,0,0,0,639,359
1330,17333,17332445,11111,250,-1,-1,1,527,88.9,0,-1.0,0,0,0,639,359
1331,17344,17343554,11109,250,-1,-1,1,528,88.9,0,-1.0,0,0,0,639,359
1332,17355,17354661,11107,250,-1,-1,1,526,89.0,0,-1.0,0,0,0,639,359
1333,17367,17365769,11108,250,-1,-1,1,529,89.0,1,-1.0,0,0,0,639,359
1334,17378,17376885,11116,250,-1,-1,1,526,89.0,0,-1.0,0,0,0,639,359
1335,17389,17387991,11106,250,-1,-1,1,528,88.9,0,-1.0,0,0,0,639,359
1336,17400,17399105,11114,250,-1,-1,1,525,89.0,0,-1.0,0,0,0,639,359
1337,17411,17410208,11103,250,-1,-1,1,525,89.0,0,-1.0,0,0,0,639,359
1338,17422,17421319,11111,250,-1,-1,1,526,89.0,0,-1.0,0,0,0,639,359
1339,17439,17432427,11108,250,-1,-1,1,527,62.5,0,-1.0,0,0,0,639,359
1340,17444,17443547,11120,250,-1,-1,1,525,90.9,0,-1.0,0,0,0,639,359
1341,17455,17454645,11098,250,-1,-1,1,526,90.9,0,-1.0,0,0,0,639,359
1342,17467,17465756,11111,250,-1,-1,1,527,90.9,1,-1.0,0,0,0,639,359
1343,17478,17476864,11108,250,-1,-1,1,590,90.9,0,-1.0,0,0,0,639,359
1344,17489,17487979,11115,250,-1,-1,1,525,89.6,0,-1.0,0,0,0,639,359
1345,17500,17499083,11104,250,-1,-1,1,524,90.9,0,-1.0,0,0,0,639,359
1346,17511,17510191,11108,250,-1,-1,1,527,89.9,0,-1.0,0,0,0,639,359
1347,17522,17521297,11106,250,-1,-1,1,528,90.0,0,-1.0,0,0,0,639,359
1348,17533,17532408,11111,250,-1,-1,1,526,90.1,0,-1.0,0,0,0,639,359
1349,17544,17543517,11109,250,-1,-1,1,546,90.2,0,-1.0,0,0,0,639,359
1350,17583,17554628,11111,250,-1,-1,1,608,75.0,0,-1.0,0,0,0,639,359
1351,17584,17576833,22205,250,-1,-1,1,601,80.7,1,-1.0,0,0,0,639,359
1352,17589,17587971,11138,250,-1,-1,1,527,84.3,0,-1.0,0,0,0,639,359
1353,17600,17599066,11095,250,-1,-1,1,525,84.7,0,-1.0,0,0,0,639,359
1354,17611,17610173,11107,250,-1,-1,1,528,84.7,0,-1.0,0,0,0,639,359
1355,17622,17621284,11111,250,-1,-1,1,627,85.0,0,-1.0,0,0,0,639,359
1356,17633,17632395,11111,250,-1,-1,1,535,85.3,0,-1.0,0,0,0,639,359
1357,17644,17643504,11109,250,-1,-1,1,538,85.6,0,-1.0,0,0,0,639,359
1358,17655,17654612,11108,250,-1,-1,1,526,85.8,0,-1.0,0,0,0,639,359
1359,17667,17665721,11109,250,-1,-1,1,529,86.1,0,-1.0,0,0,0,639,359
1360,17678,17676828,11107,250,-1,-1,1,525,86.3,1,-1.0,0,0,0,639,359
1361,17689,17687941,11113,250,-1,-1,1,527,86.5,0,-1.0,0,0,0,639,359
1362,17700,17699048,11107,250,-1,-1,1,527,86.3,0,-1.0,0,0,0,639,359
1363,17711,17710159,11111,250,-1,-1,1,528,86.5,0,-1.0,0,0,0,639,359
1364,17722,17721267,11108,250,-1,-1,1,525,86.7,0,-1.0,0,0,0,639,359
1365,17733,17732376,11109,250,-1,-1,1,525,86.8,0,-1.0,0,0,0,639,359
1366,17744,17743483,11107,250,-1,-1,1,526,87.0,0,-1.0,0,0,0,639,359
1367,17755,17754592,11109,250,-1,-1,1,529,87.1,0,-1.0,0,0,0,639,359
1368,17767,17765703,11111,250,-1,-1,1,528,87.2,0,-1.0,0,0,0,639,359
1369,17778,17776811,11108,250,-1,-1,1,528,87.3,1,-1.0,0,0,0,639,359
1370,17789,17787925,11114,250,-1,-1,1,534,87.4,0,-1.0,0,0,0,639,359
1371,17800,17799035,11110,250,-1,-1,1,526,87.3,0,-1.0,0,0,0,639,359
1372,17811,17810143,11108,250,-1,-1,1,526,87.4,0,-1.0,0,0,0,639,359
1373,17822,17821250,11107,250,-1,-1,1,528,87.5,0,-1.0,0,0,0,639,359
1374,17833,17832355,11105,250,-1,-1,1,529,87.6,0,-1.0,0,0,0,639,359
1375,17844,17843464,11109,250,-1,-1,1,525,87.7,0,-1.0,0,0,0,639,359
1376,17855,17854576,11112,250,-1,-1,1,525,87.8,0,-1.0,0,0,0,639,359
1377,17867,17865685,11109,250,-1,-1,1,525,87.8,0,-1.0,0,0,0,639,359
1378,17878,17876795,11110,250,-1,-1,1,525,87.9,1,-1.0,0,0,0,639,359
1379,17889,17887911,11116,250,-1,-1,1,546,88.0,0,-1.0,0,0,0,639,359
1380,17900,17899012,11101,250,-1,-1,1,526,88.1,0,-1.0,0,0,0,639,359
1381,17911,17910125,11113,250,-1,-1,1,526,87.9,0,-1.0,0,0,0,639,359
1382,17922,17921232,11107,250,-1,-1,1,528,88.0,0,-1.0,0,0,0,639,359
1383,17933,17932341,11109,250,-1,-1,1,528,88.1,0,-1.0,0,0,0,639,359
1384,17944,17943447,11106,250,-1,-1,1,527,88.1,0,-1.0,0,0,0,639,359
1385,17955,17954560,11113,250,-1,-1,1,526,88.2,0,-1.0,0,0,0,639,359
1386,17966,17965670,11110,250,-1,-1,1,526,88.2,0,-1.0,0,0,0,639,359
1387,17978,17976779,11109,250,-1,-1,1,525,88.3,1,-1.0,0,0,0,639,359
1388,17989,17987892,11113,250,-1,-1,1,545,88.3,0,-1.0,0,0,0,639,359
1389,18000,17999002,11110,250,-1,-1,1,533,88.4,0,-1.0,0,0,0,639,359
1390,18011,18010105,11103,250,-1,-1,1,526,88.4,0,-1.0,0,0,0,639,359
1391,18022,18021220,11115,250,-1,-1,1,528,88.3,0,-1.0,0,0,0,639,359
1392,18033,18032320,11100,250,-1,-1,1,528,88.4,0,-1.0,0,0,0,639,359
1393,18044,18043432,11112,250,-1,-1,1,526,88.4,0,-1.0,0,0,0,639,359
1394,18055,18054539,11107,250,-1,-1,1,528,88.5,0,-1.0,0,0,0,639,359
1395,18067,18065650,11111,250,-1,-1,1,527,88.5,0,-1.0,0,0,0,639,359
1396,18078,18076757,11107,250,-1,-1,1,526,88.5,1,-1.0,0,0,0,639,359
1397,18089,18087873,11116,250,-1,-1,1,546,88.6,0,-1.0,0,0,0,639,359
1398,18100,18098980,11107,250,-1,-1,1,528,88.5,0,-1.0,0,0,0,639,359
1399,18111,18110094,11114,250,-1,-1,1,524,88.5,0,-1.0,0,0,0,639,359
1400,18122,18121196,11102,250,-1,-1,1,525,88.6,0,-1.0,0,0,0,639,359
1401,18133,18132313,11117,250,-1,-1,1,525,88.6,0,-1.0,0,0,0,639,359
1402,18144,18143414,11101,250,-1,-1,1,526,88.6,0,-1.0,0,0,0,639,359
1403,18155,18154527,11113,250,-1,-1,1,528,88.7,0,-1.0,0,0,0,639,359
1404,18166,18165631,11104,250,-1,-1,1,528,88.7,0,-1.0,0,0,0,639,359
1405,18178,18176742,11111,250,-1,-1,1,529,88.7,1,-1.0,0,0,0,639,359
1406,18189,18187853,11111,250,-1,-1,1,540,88.8,0,-1.0,0,0,0,639,359
1407,18200,18198965,11112,250,-1,-1,1,537,88.8,0,-1.0,0,0,0,639,359
1408,18211,18210075,11110,250,-1,-1,1,525,88.8,0,-1.0,0,0,0,639,359
1409,18222,18221205,11130,250,-1,-1,1,525,88.8,0,-1.0,0,0,0,639,359
1410,18233,18232288,11083,250,-1,-1,1,636,88.8,0,-1.0,0,0,0,639,359
1411,18244,18243399,11111,250,-1,-1,1,525,88.8,0,-1.0,0,0,0,639,359
1412,18255,18254507,11108,250,-1,-1,1,525,88.8,0,-1.0,0,0,0,639,359
1413,18266,18265618,11111,250,-1,-1,1,527,88.9,0,-1.0,0,0,0,639,359
1414,18278,18276732,11114,250,-1,-1,1,526,88.9,1,-1.0,0,0,0,639,359
1415,18289,18287843,11111,250,-1,-1,1,545,88.9,0,-1.0,0,0,0,639,359
1416,18300,18298945,11102,250,-1,-1,1,525,88.8,0,-1.0,0,0,0,639,359
1417,18311,18310060,11115,250,-1,-1,1,597,88.9,0,-1.0,0,0,0,639,359
1418,18322,18321167,11107,250,-1,-1,1,528,88.9,0,-1.0,0,0,0,639,359
1419,18333,18332270,11103,250,-1,-1,1,528,88.9,0,-1.0,0,0,0,639,359
1420,18344,18343382,11112,250,-1,-1,1,527,88.9,0,-1.0,0,0,0,639,359
1421,18355,18354490,11108,250,-1,-1,1,526,89.0,0,-1.0,0,0,0,639,359
1422,18366,18365604,11114,250,-1,-1,1,526,89.0,0,-1.0,0,0,0,639,359
1423,18378,18376712,11108,250,-1,-1,1,526,89.0,1,-1.0,0,0,0,639,359
1424,18389,18387823,11111,250,-1,-1,1,547,89.0,0,-1.0,0,0,0,639,359
1425,18400,18398933,11110,250,-1,-1,1,549,89.0,0,-1.0,0,0,0,639,359
1426,18411,18410038,11105,250,-1,-1,1,526,89.1,0,-1.0,0,0,0,639,359
1427,18422,18421145,11107,250,-1,-1,1,528,89.0,0,-1.0,0,0,0,639,359
1428,18436,18432253,11108,250,-1,-1,1,526,71.4,0,-1.0,0,0,0,639,359
1429,18444,18443366,11113,250,-1,-1,1,526,90.9,0,-1.0,0,0,0,639,359
1430,18455,18454474,11108,250,-1,-1,1,527,90.9,0,-1.0,0,0,0,639,359
1431,18466,18465580,11106,250,-1,-1,1,527,90.9,0,-1.0,0,0,0,639,359
1432,18477,18476692,11112,250,-1,-1,1,527,90.9,1,-1.0,0,0,0,639,359
1433,18489,18487810,11118,250,-1,-1,1,529,90.9,0,-1.0,0,0,0,639,359
1434,18500,18498909,11099,250,-1,-1,1,528,89.7,0,-1.0,0,0,0,639,359
1435,18511,18510027,11118,250,-1,-1,1,526,89.9,0,-1.0,0,0,0,639,359
1436,18522,18521128,11101,250,-1,-1,1,525,90.9,0,-1.0,0,0,0,639,359
1437,18533,18532238,11110,250,-1,-1,1,526,90.1,0,-1.0,0,0,0,639,359
1438,18544,18543346,11108,250,-1,-1,1,525,90.2,0,-1.0,0,0,0,639,359
1439,18555,18554460,11114,250,-1,-1,1,526,90.2,0,-1.0,0,0,0,639,359
1440,18597,18565565,11105,250,-1,-1,1,612,74.7,0,-1.0,0,0,0,639,359
1441,18597,18587768,22203,250,-1,-1,1,2266,79.1,1,-1.0,0,0,0,639,359
1442,18601,18598890,11122,250,-1,-1,1,590,84.3,0,-1.0,0,0,0,639,359
1443,18611,18610007,11117,250,-1,-1,1,526,85.1,0,-1.0,0,0,0,639,359
1444,18622,18621113,11106,250,-1,-1,1,525,85.4,0,-1.0,0,0,0,639,359
1445,18633,18632316,11203,250,-1,-1,1,611,85.3,0,-1.0,0,0,0,639,359
1446,18644,18643336,11020,250,-1,-1,1,529,85.6,0,-1.0,0,0,0,639,359
1447,18655,18654441,11105,250,-1,-1,1,525,85.8,0,-1.0,0,0,0,639,359
1448,18666,18665552,11111,250,-1,-1,1,527,86.1,0,-1.0,0,0,0,639,359
1449,18677,18676661,11109,250,-1,-1,1,525,86.3,0,-1.0,0,0,0,639,359
1450,18689,18687766,11105,250,-1,-1,1,524,86.5,1,-1.0,0,0,0,639,359
1451,18700,18698880,11114,250,-1,-1,1,546,86.6,0,-1.0,0,0,0,639,359
1452,18711,18709988,11108,250,-1,-1,1,525,86.8,0,-1.0,0,0,0,639,359
1453,18722,18721094,11106,250,-1,-1,1,595,86.7,0,-1.0,0,0,0,639,359
1454,18733,18732205,11111,250,-1,-1,1,527,86.8,0,-1.0,0,0,0,639,359
1455,18744,18743316,11111,250,-1,-1,1,527,87.0,0,-1.0,0,0,0,639,359
1456,18755,18754422,11106,250,-1,-1,1,527,87.1,0,-1.0,0,0,0,639,359
1457,18766,18765527,11105,250,-1,-1,1,525,87.2,0,-1.0,0,0,0,639,359
1458,18778,18776640,11113,250,-1,-1,1,526,87.3,0,-1.0,0,0,0,639,359
1459,18789,18787747,11107,250,-1,-1,1,525,87.4,1,-1.0,0,0,0,639,359
1460,18800,18798864,11117,250,-1,-1,1,547,87.5,0,-1.0,0,0,0,639,359
1461,18811,18809971,11107,250,-1,-1,1,525,87.6,0,-1.0,0,0,0,639,359
1462,18822,18821085,11114,250,-1,-1,1,528,87.5,0,-1.0,0,0,0,639,359
1463,18833,18832187,11102,250,-1,-1,1,525,87.6,0,-1.0,0,0,0,639,359
1464,18844,18843296,11109,250,-1,-1,1,524,87.7,0,-1.0,0,0,0,639,359
1465,18855,18854402,11106,250,-1,-1,1,526,87.8,0,-1.0,0,0,0,639,359
1466,18866,18865514,11112,250,-1,-1,1,525,87.8,0,-1.0,0,0,0,639,359
1467,18877,18876620,11106,250,-1,-1,1,526,87.9,0,-1.0,0,0,0,639,359
1468,18889,18887731,11111,250,-1,-1,1,527,88.0,1,-1.0,0,0,0,639,359
1469,18900,18898845,11114,250,-1,-1,1,540,88.1,0,-1.0,0,0,0,639,359
1470,18911,18909953,11108,250,-1,-1,1,526,88.1,0,-1.0,0,0,0,639,359
1471,18922,18921064,11111,250,-1,-1,1,523,88.0,0,-1.0,0,0,0,639,359
1472,18933,18932171,11107,250,-1,-1,1,527,88.2,0,-1.0,0,0,0,639,359
1473,18944,18943276,11105,250,-1,-1,1,526,88.1,0,-1.0,0,0,0,639,359
1474,18955,18954387,11111,250,-1,-1,1,526,88.2,0,-1.0,0,0,0,639,359
1475,18966,18965495,11108,250,-1,-1,1,524,88.2,0,-1.0,0,0,0,639,359
1476,18977,18976609,11114,250,-1,-1,1,526,88.3,0,-1.0,0,0,0,639,359
1477,18989,18987715,11106,250,-1,-1,1,527,88.3,1,-1.0,0,0,0,639,359
1478,19000,18998831,11116,250,-1,-1,1,547,88.4,0,-1.0,0,0,0,639,359
1479,19011,19009934,11103,250,-1,-1,1,524,88.4,0,-1.0,0,0,0,639,359
1480,19022,19021050,11116,250,-1,-1,1,525,88.5,0,-1.0,0,0,0,639,359
1481,19033,19032155,11105,250,-1,-1,1,528,88.5,0,-1.0,0,0,0,639,359
1482,19044,19043262,11107,250,-1,-1,1,529,88.4,0,-1.0,0,0,0,639,359
1483,19055,19054368,11106,250,-1,-1,1,527,88.5,0,-1.0,0,0,0,639,359
1484,19066,19065480,11112,250,-1,-1,1,527,88.5,0,-1.0,0,0,0,639,359
1485,19077,19076587,11107,250,-1,-1,1,527,88.5,0,-1.0,0,0,0,639,359
1486,19089,19087703,11116,250,-1,-1,1,528,88.6,1,-1.0,0,0,0,639,359
1487,19100,19098810,11107,250,-1,-1,1,530,88.6,0,-1.0,0,0,0,639,359
1488,19111,19109922,11112,250,-1,-1,1,526,88.7,0,-1.0,0,0,0,639,359
1489,19122,19121027,11105,250,-1,-1,1,523,88.7,0,-1.0,0,0,0,639,359
1490,19133,19132137,11110,250,-1,-1,1,528,88.6,0,-1.0,0,0,0,639,359
1491,19144,19143243,11106,250,-1,-1,1,525,88.6,0,-1.0,0,0,0,639,359
1492,19155,19154354,11111,250,-1,-1,1,526,88.7,0,-1.0,0,0,0,639,359
1493,19166,19165463,11109,250,-1,-1,1,527,88.7,0,-1.0,0,0,0,639,359
1494,19178,19176574,11111,250,-1,-1,1,527,88.7,0,-1.0,0,0,0,639,359
1495,19188,19187679,11105,250,-1,-1,1,527,88.8,1,-1.0,0,0,0,639,359
1496,19200,19198795,11116,250,-1,-1,1,541,88.8,0,-1.0,0,0,0,639,359
1497,19211,19209901,11106,250,-1,-1,1,526,88.8,0,-1.0,0,0,0,639,359
1498,19222,19221014,11113,250,-1,-1,1,553,88.8,0,-1.0,0,0,0,639,359
1499,19233,19232121,11107,250,-1,-1,1,550,88.9,0,-1.0,0,0,0,639,359
1500,19244,19243228,11107,250,-1,-1,1,543,88.8,0,-1.0,0,0,0,639,359
1501,19255,19254334,11106,250,-1,-1,1,536,88.8,0,-1.0,0,0,0,639,359
1502,19266,19265447,11113,250,-1,-1,1,525,88.9,0,-1.0,0,0,0,639,359
1503,19277,19276556,11109,250,-1,-1,1,524,88.9,0,-1.0,0,0,0,639,359
1504,19289,19287667,11111,250,-1,-1,1,525,88.9,1,-1.0,0,0,0,639,359
1505,19300,19298778,11111,250,-1,-1,1,563,88.9,0,-1.0,0,0,0,639,359
1506,19311,19309887,11109,250,-1,-1,1,543,89.0,0,-1.0,0,0,0,639,359
1507,19322,19320992,11105,250,-1,-1,1,526,88.9,0,-1.0,0,0,0,639,359
1508,19333,19332102,11110,250,-1,-1,1,526,89.0,0,-1.0,0,0,0,639,359
1509,19344,19343208,11106,250,-1,-1,1,526,88.9,0,-1.0,0,0,0,639,359
1510,19355,19354319,11111,250,-1,-1,1,526,89.0,0,-1.0,0,0,0,639,359
1511,19366,19365425,11106,250,-1,-1,1,528,89.0,0,-1.0,0,0,0,639,359
1512,19377,19376536,11111,250,-1,-1,1,526,89.0,0,-1.0,0,0,0,639,359
1513,19388,19387646,11110,250,-1,-1,1,526,89.0,1,-1.0,0,0,0,639,359
1514,19400,19398763,11117,250,-1,-1,1,546,89.0,0,-1.0,0,0,0,639,359
1515,19411,19409867,11104,250,-1,-1,1,524,89.1,0,-1.0,0,0,0,639,359
1516,19422,19420980,11113,250,-1,-1,1,525,89.1,0,-1.0,0,0,0,639,359
1517,19433,19432081,11101,250,-1,-1,1,525,89.1,0,-1.0,0,0,0,639,359
1518,19444,19443197,11116,250,-1,-1,1,525,83.3,0,-1.0,0,0,0,639,359
1519,19455,19454299,11102,250,-1,-1,1,529,87.0,0,-1.0,0,0,0,639,359
1520,19466,19465408,11109,250,-1,-1,1,526,88.2,0,-1.0,0,0,0,639,359
1521,19477,19476516,11108,250,-1,-1,1,526,88.9,0,-1.0,0,0,0,639,359
1522,19488,19487630,11114,250,-1,-1,1,525,89.3,1,-1.0,0,0,0,639,359
1523,19500,19498742,11112,250,-1,-1,1,545,89.6,0,-1.0,0,0,0,639,359
1524,19511,19509849,11107,250,-1,-1,1,524,89.7,0,-1.0,0,0,0,639,359
1525,19522,19520960,11111,250,-1,-1,1,526,88.9,0,-1.0,0,0,0,639,359
1526,19533,19532067,11107,250,-1,-1,1,525,90.0,0,-1.0,0,0,0,639,359
1527,19544,19543175,11108,250,-1,-1,1,547,89.3,0,-1.0,0,0,0,639,359
1528,19555,19554285,11110,250,-1,-1,1,542,89.4,0,-1.0,0,0,0,639,359
1529,19566,19565390,11105,250,-1,-1,1,545,89.6,0,-1.0,0,0,0,639,359
1530,19612,19576503,11113,250,-1,-1,1,654,72.2,0,-1.0,0,0,0,639,359
1531,19613,19609815,33312,250,-1,-1,1,626,77.3,1,-1.0,0,0,0,639,359
1532,19622,19620949,11134,250,-1,-1,1,548,79.4,0,-1.0,0,0,0,639,359
1533,19633,19632046,11097,250,-1,-1,1,550,79.6,0,-1.0,0,0,0,639,359
1534,19644,19643228,11182,250,-1,-1,1,656,80.2,0,-1.0,0,0,0,639,359
1535,19655,19654270,11042,250,-1,-1,1,551,80.7,0,-1.0,0,0,0,639,359
1536,19666,19665376,11106,250,-1,-1,1,548,81.2,0,-1.0,0,0,0,639,359
1537,19677,19676491,11115,250,-1,-1,1,548,81.6,0,-1.0,0,0,0,639,359
1538,19688,19687598,11107,250,-1,-1,1,546,82.0,0,-1.0,0,0,0,639,359
1539,19699,19698705,11107,250,-1,-1,1,549,82.4,0,-1.0,0,0,0,639,359
1540,19711,19709816,11111,250,-1,-1,1,548,82.7,1,-1.0,0,0,0,639,359
1541,19722,19720926,11110,250,-1,-1,1,570,82.8,0,-1.0,0,0,0,639,359
1542,19733,19732036,11110,250,-1,-1,1,549,83.3,0,-1.0,0,0,0,639,359
1543,19744,19743143,11107,250,-1,-1,1,626,83.3,0,-1.0,0,0,0,639,359
1544,19755,19754253,11110,250,-1,-1,1,545,83.6,0,-1.0,0,0,0,639,359
1545,19766,19765356,11103,250,-1,-1,1,571,83.8,0,-1.0,0,0,0,639,359
1546,19777,19776471,11115,250,-1,-1,1,539,84.1,0,-1.0,0,0,0,639,359
1547,19788,19787575,11104,250,-1,-1,1,527,84.3,0,-1.0,0,0,0,639,359
1548,19799,19798689,11114,250,-1,-1,1,527,84.5,0,-1.0,0,0,0,639,359
1549,19811,19809793,11104,250,-1,-1,1,525,84.7,1,-1.0,0,0,0,639,359
1550,19822,19820911,11118,250,-1,-1,1,549,84.8,0,-1.0,0,0,0,639,359
1551,19833,19832018,11107,250,-1,-1,1,535,85.0,0,-1.0,0,0,0,639,359
1552,19844,19843128,11110,250,-1,-1,1,569,85.0,0,-1.0,0,0,0,639,359
1553,19855,19854237,11109,250,-1,-1,1,568,85.1,0,-1.0,0,0,0,639,359
1554,19866,19865342,11105,250,-1,-1,1,542,85.3,0,-1.0,0,0,0,639,359
1555,19877,19876451,11109,250,-1,-1,1,541,85.4,0,-1.0,0,0,0,639,359
1556,19888,19887565,11114,250,-1,-1,1,545,85.5,0,-1.0,0,0,0,639,359
1557,19900,19898667,11102,250,-1,-1,1,543,85.7,0,-1.0,0,0,0,639,359
1558,19911,19909782,11115,250,-1,-1,1,545,85.8,1,-1.0,0,0,0,639,359
1559,19922,19920892,11110,250,-1,-1,1,551,85.9,0,-1.0,0,0,0,639,359
1560,19933,19932003,11111,250,-1,-1,1,546,86.0,0,-1.0,0,0,0,639,359
1561,19945,19943111,11108,250,-1,-1,1,546,85.9,0,-1.0,0,0,0,639,359
1562,19955,19954218,11107,250,-1,-1,1,546,86.0,0,-1.0,0,0,0,639,359
1563,19966,19965323,11105,250,-1,-1,1,543,86.1,0,-1.0,0,0,0,639,359
1564,19977,19976439,11116,250,-1,-1,1,537,86.2,0,-1.0,0,0,0,639,359
1565,19989,19987542,11103,250,-1,-1,1,546,86.3,0,-1.0,0,0,0,639,359
1566,19999,19998656,11114,250,-1,-1,1,525,86.4,0,-1.0,0,0,0,639,359
1567,20011,20009762,11106,250,-1,-1,1,526,86.5,1,-1.0,0,0,0,639,359
1568,20022,20020872,11110,250,-1,-1,1,547,86.6,0,-1.0,0,0,0,639,359
1569,20033,20031981,11109,250,-1,-1,1,524,86.5,0,-1.0,0,0,0,639,359
1570,20044,20043090,11109,250,-1,-1,1,525,86.7,0,-1.0,0,0,0,639,359
1571,20055,20054203,11113,250,-1,-1,1,527,86.7,0,-1.0,0,0,0,639,359
1572,20066,20065308,11105,250,-1,-1,1,527,86.8,0,-1.0,0,0,0,639,359
1573,20077,20076417,11109,250,-1,-1,1,527,86.8,0,-1.0,0,0,0,639,359
1574,20088,20087529,11112,250,-1,-1,1,526,86.9,0,-1.0,0,0,0,639,359
1575,20099,20098632,11103,250,-1,-1,1,528,87.0,0,-1.0,0,0,0,639,359
1576,20111,20109746,11114,250,-1,-1,1,526,87.0,1,-1.0,0,0,0,639,359
1577,20122,20120858,11112,250,-1,-1,1,546,87.0,0,-1.0,0,0,0,639,359
1578,20133,20131969,11111,250,-1,-1,1,525,87.1,0,-1.0,0,0,0,639,359
1579,20144,20143076,11107,250,-1,-1,1,528,87.1,0,-1.0,0,0,0,639,359
1580,20155,20154186,11110,250,-1,-1,1,525,87.1,0,-1.0,0,0,0,639,359
1581,20166,20165288,11102,250,-1,-1,1,528,87.2,0,-1.0,0,0,0,639,359
1582,20177,20176399,11111,250,-1,-1,1,528,87.2,0,-1.0,0,0,0,639,359
1583,20189,20187509,11110,250,-1,-1,1,528,87.3,0,-1.0,0,0,0,639,359
1584,20199,20198620,11111,250,-1,-1,1,526,87.4,0,-1.0,0,0,0,639,359
1585,20211,20209723,11103,250,-1,-1,1,525,87.4,1,-1.0,0,0,0,639,359
1586,20222,20220839,11116,250,-1,-1,1,529,87.5,0,-1.0,0,0,0,639,359
1587,20233,20231948,11109,250,-1,-1,1,527,87.5,0,-1.0,0,0,0,639,359
1588,20244,20243060,11112,250,-1,-1,1,528,87.4,0,-1.0,0,0,0,639,359
1589,20255,20254167,11107,250,-1,-1,1,525,87.5,0,-1.0,0,0,0,639,359
1590,20266,20265275,11108,250,-1,-1,1,525,87.5,0,-1.0,0,0,0,639,359
1591,20277,20276383,11108,250,-1,-1,1,526,87.6,0,-1.0,0,0,0,639,359
1592,20288,20287494,11111,250,-1,-1,1,525,87.6,0,-1.0,0,0,0,639,359
1593,20300,20298599,11105,250,-1,-1,1,527,87.7,0,-1.0,0,0,0,639,359
1594,20311,20309712,11113,250,-1,-1,1,528,87.7,1,-1.0,0,0,0,639,359
1595,20322,20320823,11111,250,-1,-1,1,540,87.7,0,-1.0,0,0,0,639,359
1596,20333,20331931,11108,250,-1,-1,1,527,87.8,0,-1.0,0,0,0,639,359
1597,20344,20343040,11109,250,-1,-1,1,524,87.7,0,-1.0,0,0,0,639,359
1598,20355,20354149,11109,250,-1,-1,1,528,87.9,0,-1.0,0,0,0,639,359
1599,20366,20365253,11104,250,-1,-1,1,526,87.8,0,-1.0,0,0,0,639,359
1600,20377,20376369,11116,250,-1,-1,1,526,87.8,0,-1.0,0,0,0,639,359
1601,20389,20387476,11107,250,-1,-1,1,527,87.9,0,-1.0,0,0,0,639,359
1602,20399,20398587,11111,250,-1,-1,1,524,87.9,0,-1.0,0,0,0,639,359
1603,20410,20409693,11106,250,-1,-1,1,529,87.9,1,-1.0,0,0,0,639,359
1604,20422,20420808,11115,250,-1,-1,1,544,88.0,0,-1.0,0,0,0,639,359
1605,20433,20431909,11101,250,-1,-1,1,610,87.9,0,-1.0,0,0,0,639,359
1606,20457,20454126,22217,250,-1,-1,1,608,43.5,0,-1.0,0,0,0,639,359
1607,20466,20465239,11113,250,-1,-1,1,526,60.6,0,-1.0,0,0,0,639,359
1608,20477,20476348,11109,250,-1,-1,1,527,68.2,0,-1.0,0,0,0,639,359
1609,20488,20487458,11110,250,-1,-1,1,529,72.7,0,-1.0,0,0,0,639,359
1610,20499,20498565,11107,250,-1,-1,1,527,75.8,0,-1.0,0,0,0,639,359
1611,20510,20509677,11112,250,-1,-1,1,525,77.9,0,-1.0,0,0,0,639,359
1612,20522,20520783,11106,250,-1,-1,1,526,79.5,1,-1.0,0,0,0,639,359
1613,20533,20531904,11121,250,-1,-1,1,546,80.8,0,-1.0,0,0,0,639,359
1614,20544,20543002,11098,250,-1,-1,1,525,81.8,0,-1.0,0,0,0,639,359
1615,20555,20554116,11114,250,-1,-1,1,525,82.6,0,-1.0,0,0,0,639,359
1616,20566,20565224,11108,250,-1,-1,1,528,82.7,0,-1.0,0,0,0,639,359
1617,20577,20576335,11111,250,-1,-1,1,523,83.3,0,-1.0,0,0,0,639,359
1618,20588,20587439,11104,250,-1,-1,1,528,83.9,0,-1.0,0,0,0,639,359
1619,20599,20598550,11111,250,-1,-1,1,528,84.3,0,-1.0,0,0,0,639,359
1620,20646,20609656,11106,250,-1,-1,1,604,70.8,0,-1.0,0,0,0,639,359
1621,20647,20642974,33318,250,-1,-1,1,598,75.1,1,-1.0,0,0,0,639,359
1622,20655,20654101,11127,250,-1,-1,1,525,76.6,0,-1.0,0,0,0,639,359
1623,20666,20665207,11106,250,-1,-1,1,526,77.3,0,-1.0,0,0,0,639,359
1624,20677,20676315,11108,250,-1,-1,1,633,77.9,0,-1.0,0,0,0,639,359
1625,20688,20687565,11250,250,-1,-1,1,545,78.4,0,-1.0,0,0,0,639,359
1626,20700,20698532,10967,250,-1,-1,1,588,78.9,0,-1.0,0,0,0,639,359
1627,20710,20709647,11115,250,-1,-1,1,612,79.4,0,-1.0,0,0,0,639,359
1628,20722,20720754,11107,250,-1,-1,1,525,79.9,0,-1.0,0,0,0,639,359
1629,20733,20731859,11105,250,-1,-1,1,528,80.3,0,-1.0,0,0,0,639,359
1630,20744,20742968,11109,250,-1,-1,1,526,80.6,1,-1.0,0,0,0,639,359
1631,20755,20754083,11115,250,-1,-1,1,534,81.0,0,-1.0,0,0,0,639,359
1632,20766,20765189,11106,250,-1,-1,1,524,81.1,0,-1.0,0,0,0,639,359
1633,20777,20776302,11113,250,-1,-1,1,556,81.4,0,-1.0,0,0,0,639,359
1634,20788,20787407,11105,250,-1,-1,1,525,81.7,0,-1.0,0,0,0,639,359
1635,20799,20798519,11112,250,-1,-1,1,528,82.0,0,-1.0,0,0,0,639,359
1636,20810,20809627,11108,250,-1,-1,1,525,82.2,0,-1.0,0,0,0,639,359
1637,20822,20820733,11106,250,-1,-1,1,526,82.5,0,-1.0,0,0,0,639,359
1638,20833,20831845,11112,250,-1,-1,1,527,82.7,0,-1.0,0,0,0,639,359
1639,20844,20842953,11108,250,-1,-1,1,525,82.9,1,-1.0,0,0,0,639,359
1640,20855,20854067,11114,250,-1,-1,1,541,83.1,0,-1.0,0,0,0,639,359
1641,20866,20865175,11108,250,-1,-1,1,527,83.1,0,-1.0,0,0,0,639,359
1642,20878,20876283,11108,250,-1,-1,1,527,83.3,0,-1.0,0,0,0,639,359
1643,20888,20887391,11108,250,-1,-1,1,526,83.5,0,-1.0,0,0,0,639,359
1644,20899,20898499,11108,250,-1,-1,1,528,83.7,0,-1.0,0,0,0,639,359
1645,20910,20909608,11109,250,-1,-1,1,524,83.9,0,-1.0,0,0,0,639,359
1646,20922,20920715,11107,250,-1,-1,1,525,84.0,0,-1.0,0,0,0,639,359
1647,20933,20931829,11114,250,-1,-1,1,525,84.2,0,-1.0,0,0,0,639,359
1648,20944,20942938,11109,250,-1,-1,1,527,84.3,1,-1.0,0,0,0,639,359
1649,20955,20954048,11110,250,-1,-1,1,545,84.5,0,-1.0,0,0,0,639,359
1650,20966,20965155,11107,250,-1,-1,1,526,84.4,0,-1.0,0,0,0,639,359
1651,20977,20976266,11111,250,-1,-1,1,557,84.6,0,-1.0,0,0,0,639,359
1652,20988,20987373,11107,250,-1,-1,1,526,84.7,0,-1.0,0,0,0,639,359
1653,20999,20998483,11110,250,-1,-1,1,525,84.8,0,-1.0,0,0,0,639,359
1654,21011,21009591,11108,250,-1,-1,1,524,84.9,0,-1.0,0,0,0,639,359
1655,21022,21020700,11109,250,-1,-1,1,528,85.0,0,-1.0,0,0,0,639,359
1656,21033,21031806,11106,250,-1,-1,1,525,85.1,0,-1.0,0,0,0,639,359
1657,21044,21042919,11113,250,-1,-1,1,526,85.2,1,-1.0,0,0,0,639,359
1658,21055,21054033,11114,250,-1,-1,1,549,85.2,0,-1.0,0,0,0,639,359
1659,21066,21065140,11107,250,-1,-1,1,526,85.3,0,-1.0,0,0,0,639,359
1660,21077,21076250,11110,250,-1,-1,1,524,85.4,0,-1.0,0,0,0,639,359
1661,21088,21087361,11111,250,-1,-1,1,525,85.5,0,-1.0,0,0,0,639,359
1662,21099,21098464,11103,250,-1,-1,1,526,85.6,0,-1.0,0,0,0,639,359
1663,21110,21109575,11111,250,-1,-1,1,525,85.7,0,-1.0,0,0,0,639,359
1664,21121,21120680,11105,250,-1,-1,1,526,85.8,0,-1.0,0,0,0,639,359
1665,21133,21131791,11111,250,-1,-1,1,526,85.8,0,-1.0,0,0,0,639,359
1666,21144,21142899,11108,250,-1,-1,1,527,85.9,1,-1.0,0,0,0,639,359
1667,21155,21154014,11115,250,-1,-1,1,532,86.0,0,-1.0,0,0,0,639,359
1668,21166,21165120,11106,250,-1,-1,1,526,86.1,0,-1.0,0,0,0,639,359
1669,21177,21176230,11110,250,-1,-1,1,593,86.0,0,-1.0,0,0,0,639,359
1670,21188,21187337,11107,250,-1,-1,1,526,86.1,0,-1.0,0,0,0,639,359
1671,21199,21198449,11112,250,-1,-1,1,525,86.2,0,-1.0,0,0,0,639,359
1672,21210,21209556,11107,250,-1,-1,1,527,86.2,0,-1.0,0,0,0,639,359
1673,21221,21220667,11111,250,-1,-1,1,525,86.3,0,-1.0,0,0,0,639,359
1674,21233,21231773,11106,250,-1,-1,1,527,86.4,0,-1.0,0,0,0,639,359
1675,21244,21242886,11113,250,-1,-1,1,528,86.4,1,-1.0,0,0,0,639,359
1676,21255,21253995,11109,250,-1,-1,1,541,86.5,0,-1.0,0,0,0,639,359
1677,21266,21265102,11107,250,-1,-1,1,544,86.5,0,-1.0,0,0,0,639,359
1678,21278,21276217,11115,250,-1,-1,1,525,86.5,0,-1.0,0,0,0,639,359
1679,21288,21287319,11102,250,-1,-1,1,558,86.5,0,-1.0,0,0,0,639,359
1680,21299,21298429,11110,250,-1,-1,1,528,86.6,0,-1.0,0,0,0,639,359
1681,21310,21309539,11110,250,-1,-1,1,526,86.7,0,-1.0,0,0,0,639,359
1682,21322,21320646,11107,250,-1,-1,1,524,86.7,0,-1.0,0,0,0,639,359
1683,21333,21331762,11116,250,-1,-1,1,526,86.8,0,-1.0,0,0,0,639,359
1684,21344,21342863,11101,250,-1,-1,1,526,86.8,1,-1.0,0,0,0,639,359
1685,21355,21353980,11117,250,-1,-1,1,546,86.9,0,-1.0,0,0,0,639,359
1686,21366,21365086,11106,250,-1,-1,1,526,86.8,0,-1.0,0,0,0,639,359
1687,21377,21376196,11110,250,-1,-1,1,632,86.9,0,-1.0,0,0,0,639,359
1688,21388,21387308,11112,250,-1,-1,1,555,86.9,0,-1.0,0,0,0,639,359
1689,21399,21398414,11106,250,-1,-1,1,527,87.0,0,-1.0,0,0,0,639,359
1690,21410,21409522,11108,250,-1,-1,1,527,87.0,0,-1.0,0,0,0,639,359
1691,21421,21420632,11110,250,-1,-1,1,527,87.0,0,-1.0,0,0,0,639,359
1692,21433,21431743,11111,250,-1,-1,1,527,87.1,0,-1.0,0,0,0,639,359
1693,21444,21442850,11107,250,-1,-1,1,526,87.1,1,-1.0,0,0,0,639,359
1694,21485,21476168,33318,250,-1,-1,1,526,24.4,0,-1.0,0,0,0,639,359
1695,21488,21487280,11112,250,-1,-1,1,525,45.5,0,-1.0,0,0,0,639,359
1696,21499,21498397,11117,250,-1,-1,1,527,54.5,0,-1.0,0,0,0,639,359
1697,21510,21509507,11110,250,-1,-1,1,525,60.6,0,-1.0,0,0,0,639,359
1698,21521,21520612,11105,250,-1,-1,1,528,64.9,0,-1.0,0,0,0,639,359
1699,21533,21531727,11115,250,-1,-1,1,527,68.2,0,-1.0,0,0,0,639,359
1700,21544,21542831,11104,250,-1,-1,1,526,70.7,0,-1.0,0,0,0,639,359
1701,21555,21553941,11110,250,-1,-1,1,528,72.7,0,-1.0,0,0,0,639,359
1702,21566,21565047,11106,250,-1,-1,1,525,74.4,1,-1.0,0,0,0,639,359
1703,21577,21576166,11119,250,-1,-1,1,546,75.2,0,-1.0,0,0,0,639,359
1704,21588,21587273,11107,250,-1,-1,1,525,76.4,0,-1.0,0,0,0,639,359
1705,21599,21598385,11112,250,-1,-1,1,526,77.4,0,-1.0,0,0,0,639,359
1706,21610,21609490,11105,250,-1,-1,1,525,78.3,0,-1.0,0,0,0,639,359
1707,21621,21620597,11107,250,-1,-1,1,525,79.1,0,-1.0,0,0,0,639,359
1708,21633,21631707,11110,250,-1,-1,1,525,79.8,0,-1.0,0,0,0,639,359
1709,21644,21642818,11111,250,-1,-1,1,528,80.4,0,-1.0,0,0,0,639,359
1710,21690,21653924,11106,250,-1,-1,1,608,69.1,0,-1.0,0,0,0,639,359
1711,21691,21687236,33312,250,-1,-1,1,602,72.9,1,-1.0,0,0,0,639,359
1712,21699,21698363,11127,250,-1,-1,1,526,74.5,0,-1.0,0,0,0,639,359
1713,21710,21709472,11109,250,-1,-1,1,525,75.2,0,-1.0,0,0,0,639,359
1714,21721,21720576,11104,250,-1,-1,1,525,75.8,0,-1.0,0,0,0,639,359
1715,21733,21731695,11119,250,-1,-1,1,527,76.1,0,-1.0,0,0,0,639,359
1716,21744,21742805,11110,250,-1,-1,1,525,76.9,0,-1.0,0,0,0,639,359
1717,21755,21753911,11106,250,-1,-1,1,632,77.4,0,-1.0,0,0,0,639,359
1718,21766,21765019,11108,250,-1,-1,1,525,77.9,0,-1.0,0,0,0,639,359
1719,21777,21776124,11105,250,-1,-1,1,526,78.3,0,-1.0,0,0,0,639,359
1720,21788,21787233,11109,250,-1,-1,1,529,78.5,1,-1.0,0,0,0,639,359
1721,21799,21798350,11117,250,-1,-1,1,544,78.9,0,-1.0,0,0,0,639,359
1722,21810,21809452,11102,250,-1,-1,1,536,79.2,0,-1.0,0,0,0,639,359
1723,21821,21820567,11115,250,-1,-1,1,527,79.6,0,-1.0,0,0,0,639,359
1724,21832,21831670,11103,250,-1,-1,1,528,79.9,0,-1.0,0,0,0,639,359
1725,21844,21842778,11108,250,-1,-1,1,528,80.2,0,-1.0,0,0,0,639,359
1726,21855,21853889,11111,250,-1,-1,1,525,80.5,0,-1.0,0,0,0,639,359
1727,21866,21865002,11113,250,-1,-1,1,526,80.8,0,-1.0,0,0,0,639,359
1728,21877,21876104,11102,250,-1,-1,1,525,81.0,0,-1.0,0,0,0,639,359
1729,21888,21887220,11116,250,-1,-1,1,525,81.1,1,-1.0,0,0,0,639,359
1730,21899,21898328,11108,250,-1,-1,1,547,81.3,0,-1.0,0,0,0,639,359
1731,21910,21909438,11110,250,-1,-1,1,540,81.5,0,-1.0,0,0,0,639,359
1732,21921,21920548,11110,250,-1,-1,1,526,81.8,0,-1.0,0,0,0,639,359
1733,21932,21931658,11110,250,-1,-1,1,525,82.0,0,-1.0,0,0,0,639,359
1734,21944,21942761,11103,250,-1,-1,1,525,82.2,0,-1.0,0,0,0,639,359
1735,21955,21953874,11113,250,-1,-1,1,528,82.4,0,-1.0,0,0,0,639,359
1736,21966,21964978,11104,250,-1,-1,1,524,82.5,0,-1.0,0,0,0,639,359
1737,21977,21976093,11115,250,-1,-1,1,527,82.7,0,-1.0,0,0,0,639,359
1738,21988,21987196,11103,250,-1,-1,1,526,82.7,1,-1.0,0,0,0,639,359
1739,21999,21998316,11120,250,-1,-1,1,545,82.9,0,-1.0,0,0,0,639,359
1740,22010,22009417,11101,250,-1,-1,1,546,83.0,0,-1.0,0,0,0,639,359
1741,22021,22020534,11117,250,-1,-1,1,527,83.2,0,-1.0,0,0,0,639,359
1742,22032,22031641,11107,250,-1,-1,1,528,83.3,0,-1.0,0,0,0,639,359
1743,22044,22042746,11105,250,-1,-1,1,528,83.5,0,-1.0,0,0,0,639,359
1744,22055,22053854,11108,250,-1,-1,1,526,83.6,0,-1.0,0,0,0,639,359
1745,22066,22064968,11114,250,-1,-1,1,527,83.7,0,-1.0,0,0,0,639,359
1746,22077,22076073,11105,250,-1,-1,1,525,83.9,0,-1.0,0,0,0,639,359
1747,22088,22087186,11113,250,-1,-1,1,526,83.9,1,-1.0,0,0,0,639,359
1748,22099,22098300,11114,250,-1,-1,1,547,84.0,0,-1.0,0,0,0,639,359
1749,22110,22109406,11106,250,-1,-1,1,543,84.1,0,-1.0,0,0,0,639,359
1750,22121,22120517,11111,250,-1,-1,1,528,84.2,0,-1.0,0,0,0,639,359
1751,22132,22131626,11109,250,-1,-1,1,528,84.3,0,-1.0,0,0,0,639,359
1752,22144,22142729,11103,250,-1,-1,1,527,84.4,0,-1.0,0,0,0,639,359
1753,22155,22153838,11109,250,-1,-1,1,527,84.5,0,-1.0,0,0,0,639,359
1754,22166,22164948,11110,250,-1,-1,1,528,84.6,0,-1.0,0,0,0,639,359
1755,22177,22176059,11111,250,-1,-1,1,528,84.7,0,-1.0,0,0,0,639,359
1756,22188,22187165,11106,250,-1,-1,1,526,84.7,1,-1.0,0,0,0,639,359
1757,22199,22198281,11116,250,-1,-1,1,547,84.8,0,-1.0,0,0,0,639,359
1758,22210,22209384,11103,250,-1,-1,1,543,84.9,0,-1.0,0,0,0,639,359
1759,22222,22220500,11116,250,-1,-1,1,528,84.9,0,-1.0,0,0,0,639,359
1760,22232,22231605,11105,250,-1,-1,1,526,85.0,0,-1.0,0,0,0,639,359
1761,22244,22242713,11108,250,-1,-1,1,525,85.1,0,-1.0,0,0,0,639,359
1762,22255,22253818,11105,250,-1,-1,1,523,85.2,0,-1.0,0,0,0,639,359
1763,22266,22264930,11112,250,-1,-1,1,527,85.3,0,-1.0,0,0,0,639,359
1764,22277,22276040,11110,250,-1,-1,1,524,85.3,0,-1.0,0,0,0,639,359
1765,22288,22287151,11111,250,-1,-1,1,526,85.4,1,-1.0,0,0,0,639,359
1766,22299,22298264,11113,250,-1,-1,1,543,85.4,0,-1.0,0,0,0,639,359
1767,22310,22309369,11105,250,-1,-1,1,540,85.5,0,-1.0,0,0,0,639,359
1768,22322,22320479,11110,250,-1,-1,1,526,85.5,0,-1.0,0,0,0,639,359
1769,22332,22331588,11109,250,-1,-1,1,527,85.6,0,-1.0,0,0,0,639,359
1770,22343,22342697,11109,250,-1,-1,1,528,85.7,0,-1.0,0,0,0,639,359
1771,22355,22353804,11107,250,-1,-1,1,524,85.7,0,-1.0,0,0,0,639,359
1772,22366,22364914,11110,250,-1,-1,1,524,85.8,0,-1.0,0,0,0,639,359
1773,22377,22376026,11112,250,-1,-1,1,526,85.8,0,-1.0,0,0,0,639,359
1774,22388,22387131,11105,250,-1,-1,1,527,85.9,1,-1.0,0,0,0,639,359
1775,22399,22398247,11116,250,-1,-1,1,547,85.9,0,-1.0,0,0,0,639,359
1776,22410,22409351,11104,250,-1,-1,1,527,85.9,0,-1.0,0,0,0,639,359
1777,22421,22420461,11110,250,-1,-1,1,525,86.0,0,-1.0,0,0,0,639,359
1778,22432,22431570,11109,250,-1,-1,1,525,86.0,0,-1.0,0,0,0,639,359
1779,22443,22442678,11108,250,-1,-1,1,525,86.1,0,-1.0,0,0,0,639,359
1780,22455,22453786,11108,250,-1,-1,1,527,86.1,0,-1.0,0,0,0,639,359
1781,22470,22464900,11114,250,-1,-1,1,525,66.7,0,-1.0,0,0,0,639,359
1782,22477,22476006,11106,250,-1,-1,1,526,90.9,0,-1.0,0,0,0,639,359
1783,22488,22487113,11107,250,-1,-1,1,524,90.9,1,-1.0,0,0,0,639,359
1784,22499,22498232,11119,250,-1,-1,1,544,88.9,0,-1.0,0,0,0,639,359
1785,22510,22509338,11106,250,-1,-1,1,533,89.3,0,-1.0,0,0,0,639,359
1786,22521,22520446,11108,250,-1,-1,1,526,89.6,0,-1.0,0,0,0,639,359
1787,22532,22531557,11111,250,-1,-1,1,525,89.7,0,-1.0,0,0,0,639,359
1788,22543,22542659,11102,250,-1,-1,1,525,89.9,0,-1.0,0,0,0,639,359
1789,22555,22553772,11113,250,-1,-1,1,526,90.0,0,-1.0,0,0,0,639,359
1790,22566,22564879,11107,250,-1,-1,1,530,90.1,0,-1.0,0,0,0,639,359
1791,22577,22575986,11107,250,-1,-1,1,527,90.2,0,-1.0,0,0,0,639,359
1792,22588,22587097,11111,250,-1,-1,1,528,90.2,1,-1.0,0,0,0,639,359
1793,22599,22598212,11115,250,-1,-1,1,532,89.7,0,-1.0,0,0,0,639,359
1794,22610,22609319,11107,250,-1,-1,1,544,89.7,0,-1.0,0,0,0,639,359
1795,22622,22620428,11109,250,-1,-1,1,525,89.8,0,-1.0,0,0,0,639,359
1796,22632,22631533,11105,250,-1,-1,1,527,89.9,0,-1.0,0,0,0,639,359
1797,22643,22642644,11111,250,-1,-1,1,528,89.9,0,-1.0,0,0,0,639,359
1798,22655,22653755,11111,250,-1,-1,1,526,90.0,0,-1.0,0,0,0,639,359
1799,22666,22664864,11109,250,-1,-1,1,526,90.0,0,-1.0,0,0,0,639,359
1800,22747,22675971,11107,250,-1,-1,1,524,68.5,0,-1.0,0,0,0,639,359
1801,22748,22742608,66637,250,-1,-1,1,522,71.7,1,-1.0,0,0,0,639,359
1802,22755,22753765,11157,250,-1,-1,1,629,73.3,0,-1.0,0,0,0,639,359
1803,22766,22764850,11085,250,-1,-1,1,547,74.0,0,-1.0,0,0,0,639,359
1804,22777,22775957,11107,250,-1,-1,1,526,74.5,0,-1.0,0,0,0,639,359
1805,22788,22787069,11112,250,-1,-1,1,552,74.9,0,-1.0,0,0,0,639,359
1806,22799,22798173,11104,250,-1,-1,1,526,75.4,0,-1.0,0,0,0,639,359
1807,22810,22809280,11107,250,-1,-1,1,525,75.8,0,-1.0,0,0,0,639,359
1808,22821,22820393,11113,250,-1,-1,1,525,76.3,0,-1.0,0,0,0,639,359
1809,22832,22831497,11104,250,-1,-1,1,525,76.7,0,-1.0,0,0,0,639,359
1810,22843,22842611,11114,250,-1,-1,1,525,77.1,1,-1.0,0,0,0,639,359
1811,22855,22853722,11111,250,-1,-1,1,546,77.5,0,-1.0,0,0,0,639,359
1812,22866,22864887,11165,250,-1,-1,1,526,77.9,0,-1.0,0,0,0,639,359
1813,22877,22875944,11057,250,-1,-1,1,555,78.2,0,-1.0,0,0,0,639,359
1814,22888,22887046,11102,250,-1,-1,1,527,78.5,0,-1.0,0,0,0,639,359
1815,22899,22898155,11109,250,-1,-1,1,527,78.8,0,-1.0,0,0,0,639,359
1816,22910,22909265,11110,250,-1,-1,1,526,78.9,0,-1.0,0,0,0,639,359
1817,22921,22920373,11108,250,-1,-1,1,526,79.2,0,-1.0,0,0,0,639,359
1818,22932,22931483,11110,250,-1,-1,1,527,79.5,0,-1.0,0,0,0,639,359
1819,22943,22942591,11108,250,-1,-1,1,526,79.8,1,-1.0,0,0,0,639,359
1820,22955,22953709,11118,250,-1,-1,1,546,80.0,0,-1.0,0,0,0,639,359
1821,22966,22964812,11103,250,-1,-1,1,526,80.2,0,-1.0,0,0,0,639,359
1822,22977,22975925,11113,250,-1,-1,1,634,80.5,0,-1.0,0,0,0,639,359
1823,22988,22987028,11103,250,-1,-1,1,525,80.7,0,-1.0,0,0,0,639,359
1824,22999,22998141,11113,250,-1,-1,1,525,80.9,0,-1.0,0,0,0,639,359
1825,23010,23009242,11101,250,-1,-1,1,527,80.9,0,-1.0,0,0,0,639,359
1826,23021,23020355,11113,250,-1,-1,1,527,81.1,0,-1.0,0,0,0,639,359
1827,23032,23031463,11108,250,-1,-1,1,644,81.3,0,-1.0,0,0,0,639,359
1828,23043,23042577,11114,250,-1,-1,1,528,81.5,1,-1.0,0,0,0,639,359
1829,23055,23053686,11109,250,-1,-1,1,527,81.7,0,-1.0,0,0,0,639,359
1830,23066,23064799,11113,250,-1,-1,1,523,81.8,0,-1.0,0,0,0,639,359
1831,23077,23075906,11107,250,-1,-1,1,632,82.0,0,-1.0,0,0,0,639,359
1832,23088,23087019,11113,250,-1,-1,1,525,82.1,0,-1.0,0,0,0,639,359
1833,23099,23098119,11100,250,-1,-1,1,527,82.3,0,-1.0,0,0,0,639,359
1834,23110,23109235,11116,250,-1,-1,1,526,82.3,0,-1.0,0,0,0,639,359
1835,23121,23120340,11105,250,-1,-1,1,528,82.5,0,-1.0,0,0,0,639,359
1836,23132,23131451,11111,250,-1,-1,1,527,82.6,0,-1.0,0,0,0,639,359
1837,23143,23142558,11107,250,-1,-1,1,528,82.7,1,-1.0,0,0,0,639,359
1838,23155,23153674,11116,250,-1,-1,1,526,82.9,0,-1.0,0,0,0,639,359
1839,23166,23164779,11105,250,-1,-1,1,525,83.0,0,-1.0,0,0,0,639,359
1840,23177,23175887,11108,250,-1,-1,1,630,83.1,0,-1.0,0,0,0,639,359
1841,23188,23186997,11110,250,-1,-1,1,522,83.2,0,-1.0,0,0,0,639,359
1842,23199,23198105,11108,250,-1,-1,1,526,83.3,0,-1.0,0,0,0,639,359
1843,23210,23209216,11111,250,-1,-1,1,525,83.3,0,-1.0,0,0,0,639,359
1844,23221,23220323,11107,250,-1,-1,1,526,83.4,0,-1.0,0,0,0,639,359
1845,23232,23231431,11108,250,-1,-1,1,525,83.5,0,-1.0,0,0,0,639,359
1846,23243,23242547,11116,250,-1,-1,1,527,83.7,1,-1.0,0,0,0,639,359
1847,23254,23253653,11106,250,-1,-1,1,543,83.8,0,-1.0,0,0,0,639,359
1848,23266,23264763,11110,250,-1,-1,1,526,83.8,0,-1.0,0,0,0,639,359
1849,23277,23275865,11102,250,-1,-1,1,627,83.9,0,-1.0,0,0,0,639,359
1850,23288,23286980,11115,250,-1,-1,1,527,84.0,0,-1.0,0,0,0,639,359
1851,23299,23298088,11108,250,-1,-1,1,527,84.1,0,-1.0,0,0,0,639,359
1852,23310,23309197,11109,250,-1,-1,1,529,84.1,0,-1.0,0,0,0,639,359
1853,23321,23320307,11110,250,-1,-1,1,525,84.2,0,-1.0,0,0,0,639,359
1854,23332,23331416,11109,250,-1,-1,1,526,84.3,0,-1.0,0,0,0,639,359
1855,23344,23342524,11108,250,-1,-1,1,525,84.4,1,-1.0,0,0,0,639,359
1856,23354,23353637,11113,250,-1,-1,1,546,84.4,0,-1.0,0,0,0,639,359
1857,23366,23364745,11108,250,-1,-1,1,524,84.5,0,-1.0,0,0,0,639,359
1858,23377,23375857,11112,250,-1,-1,1,633,84.6,0,-1.0,0,0,0,639,359
1859,23388,23386959,11102,250,-1,-1,1,525,84.7,0,-1.0,0,0,0,639,359
1860,23399,23398072,11113,250,-1,-1,1,527,84.7,0,-1.0,0,0,0,639,359
1861,23410,23409176,11104,250,-1,-1,1,526,84.7,0,-1.0,0,0,0,639,359
1862,23421,23420288,11112,250,-1,-1,1,527,84.8,0,-1.0,0,0,0,639,359
1863,23432,23431395,11107,250,-1,-1,1,528,84.9,0,-1.0,0,0,0,639,359
1864,23443,23442506,11111,250,-1,-1,1,525,84.9,1,-1.0,0,0,0,639,359
1865,23454,23453618,11112,250,-1,-1,1,545,85.0,0,-1.0,0,0,0,639,359
1866,23486,23475824,22206,250,-1,-1,1,2663,30.3,0,-1.0,0,0,0,639,359
1867,23489,23486939,11115,250,-1,-1,1,524,58.8,0,-1.0,0,0,0,639,359
1868,23499,23498051,11112,250,-1,-1,1,524,68.2,0,-1.0,0,0,0,639,359
1869,23510,23509160,11109,250,-1,-1,1,526,71.4,0,-1.0,0,0,0,639,359
1870,23521,23520273,11113,250,-1,-1,1,525,74.6,0,-1.0,0,0,0,639,359
1871,23532,23531383,11110,250,-1,-1,1,525,76.9,0,-1.0,0,0,0,639,359
1872,23543,23542489,11106,250,-1,-1,1,525,78.7,0,-1.0,0,0,0,639,359
1873,23554,23553598,11109,250,-1,-1,1,527,80.0,1,-1.0,0,0,0,639,359
1874,23566,23564711,11113,250,-1,-1,1,526,81.1,0,-1.0,0,0,0,639,359
1875,23577,23575819,11108,250,-1,-1,1,630,82.0,0,-1.0,0,0,0,639,359
1876,23588,23586926,11107,250,-1,-1,1,629,82.7,0,-1.0,0,0,0,639,359
1877,23599,23598037,11111,250,-1,-1,1,527,83.3,0,-1.0,0,0,0,639,359
1878,23610,23609144,11107,250,-1,-1,1,527,83.9,0,-1.0,0,0,0,639,359
1879,23621,23620260,11116,250,-1,-1,1,525,83.8,0,-1.0,0,0,0,639,359
1880,23632,23631365,11105,250,-1,-1,1,526,84.3,0,-1.0,0,0,0,639,359
1881,23643,23642472,11107,250,-1,-1,1,526,84.7,0,-1.0,0,0,0,639,359
1882,23654,23653584,11112,250,-1,-1,1,527,85.0,1,-1.0,0,0,0,639,359
1883,23666,23664698,11114,250,-1,-1,1,543,85.3,0,-1.0,0,0,0,639,359
1884,23677,23675805,11107,250,-1,-1,1,526,85.6,0,-1.0,0,0,0,639,359
1885,23688,23686909,11104,250,-1,-1,1,613,85.8,0,-1.0,0,0,0,639,359
1886,23699,23698020,11111,250,-1,-1,1,531,86.1,0,-1.0,0,0,0,639,359
1887,23710,23709128,11108,250,-1,-1,1,529,85.9,0,-1.0,0,0,0,639,359
1888,23721,23720234,11106,250,-1,-1,1,529,86.1,0,-1.0,0,0,0,639,359
1889,23732,23731346,11112,250,-1,-1,1,527,86.3,0,-1.0,0,0,0,639,359
1890,23814,23742452,11106,250,-1,-1,1,524,69.6,0,-1.0,0,0,0,639,359
1891,23814,23809093,66641,250,-1,-1,1,521,72.2,1,-1.0,0,0,0,639,359
1892,23821,23820313,11220,250,-1,-1,1,629,73.6,0,-1.0,0,0,0,639,359
1893,23832,23831335,11022,250,-1,-1,1,532,74.1,0,-1.0,0,0,0,639,359
1894,23843,23842445,11110,250,-1,-1,1,525,74.6,0,-1.0,0,0,0,639,359
1895,23854,23853551,11106,250,-1,-1,1,526,75.0,0,-1.0,0,0,0,639,359
1896,23865,23864656,11105,250,-1,-1,1,527,75.4,0,-1.0,0,0,0,639,359
1897,23877,23875765,11109,250,-1,-1,1,527,75.8,0,-1.0,0,0,0,639,359
1898,23888,23886877,11112,250,-1,-1,1,525,76.2,0,-1.0,0,0,0,639,359
1899,23899,23897986,11109,250,-1,-1,1,526,76.6,0,-1.0,0,0,0,639,359
1900,23910,23909094,11108,250,-1,-1,1,524,76.9,1,-1.0,0,0,0,639,359
1901,23921,23920208,11114,250,-1,-1,1,548,77.1,0,-1.0,0,0,0,639,359
1902,23932,23931312,11104,250,-1,-1,1,526,77.4,0,-1.0,0,0,0,639,359
1903,23943,23942427,11115,250,-1,-1,1,556,77.7,0,-1.0,0,0,0,639,359
1904,23954,23953533,11106,250,-1,-1,1,528,78.0,0,-1.0,0,0,0,639,359
1905,23965,23964635,11102,250,-1,-1,1,525,78.3,0,-1.0,0,0,0,639,359
1906,23977,23975750,11115,250,-1,-1,1,527,78.5,0,-1.0,0,0,0,639,359
1907,23988,23986854,11104,250,-1,-1,1,529,78.8,0,-1.0,0,0,0,639,359
1908,23999,23997968,11114,250,-1,-1,1,527,79.0,0,-1.0,0,0,0,639,359
1909,24010,24009076,11108,250,-1,-1,1,524,79.3,1,-1.0,0,0,0,639,359
1910,24021,24020190,11114,250,-1,-1,1,545,79.4,0,-1.0,0,0,0,639,359
1911,24032,24031304,11114,250,-1,-1,1,610,79.6,0,-1.0,0,0,0,639,359
1912,24043,24042408,11104,250,-1,-1,1,627,79.8,0,-1.0,0,0,0,639,359
1913,24054,24053512,11104,250,-1,-1,1,528,80.0,0,-1.0,0,0,0,639,359
1914,24066,24064625,11113,250,-1,-1,1,526,80.2,0,-1.0,0,0,0,639,359
1915,24077,24075732,11107,250,-1,-1,1,528,80.4,0,-1.0,0,0,0,639,359
1916,24088,24086842,11110,250,-1,-1,1,527,80.6,0,-1.0,0,0,0,639,359
1917,24099,24097946,11104,250,-1,-1,1,527,80.7,0,-1.0,0,0,0,639,359
1918,24110,24109059,11113,250,-1,-1,1,526,80.9,1,-1.0,0,0,0,639,359
1919,24121,24120174,11115,250,-1,-1,1,548,81.0,0,-1.0,0,0,0,639,359
1920,24132,24131282,11108,250,-1,-1,1,591,81.1,0,-1.0,0,0,0,639,359
1921,24143,24142389,11107,250,-1,-1,1,627,81.3,0,-1.0,0,0,0,639,359
1922,24154,24153503,11114,250,-1,-1,1,525,81.4,0,-1.0,0,0,0,639,359
1923,24165,24164607,11104,250,-1,-1,1,526,81.6,0,-1.0,0,0,0,639,359
1924,24176,24175716,11109,250,-1,-1,1,525,81.7,0,-1.0,0,0,0,639,359
1925,24188,24186822,11106,250,-1,-1,1,527,81.9,0,-1.0,0,0,0,639,359
1926,24199,24197934,11112,250,-1,-1,1,530,82.0,0,-1.0,0,0,0,639,359
1927,24210,24209042,11108,250,-1,-1,1,529,82.1,1,-1.0,0,0,0,639,359
1928,24221,24220156,11114,250,-1,-1,1,544,82.1,0,-1.0,0,0,0,639,359
1929,24232,24231261,11105,250,-1,-1,1,585,82.3,0,-1.0,0,0,0,639,359
1930,24243,24242373,11112,250,-1,-1,1,632,82.4,0,-1.0,0,0,0,639,359
1931,24254,24253479,11106,250,-1,-1,1,527,82.5,0,-1.0,0,0,0,639,359
1932,24265,24264586,11107,250,-1,-1,1,526,82.6,0,-1.0,0,0,0,639,359
1933,24276,24275693,11107,250,-1,-1,1,529,82.7,0,-1.0,0,0,0,639,359
1934,24288,24286807,11114,250,-1,-1,1,525,82.8,0,-1.0,0,0,0,639,359
1935,24299,24297918,11111,250,-1,-1,1,526,82.9,0,-1.0,0,0,0,639,359
1936,24310,24309026,11108,250,-1,-1,1,526,83.0,1,-1.0,0,0,0,639,359
1937,24321,24320140,11114,250,-1,-1,1,546,83.0,0,-1.0,0,0,0,639,359
1938,24332,24331245,11105,250,-1,-1,1,593,83.1,0,-1.0,0,0,0,639,359
1939,24343,24342355,11110,250,-1,-1,1,629,83.2,0,-1.0,0,0,0,639,359
1940,24354,24353465,11110,250,-1,-1,1,525,83.3,0,-1.0,0,0,0,639,359
1941,24365,24364566,11101,250,-1,-1,1,528,83.4,0,-1.0,0,0,0,639,359
1942,24377,24375680,11114,250,-1,-1,1,527,83.5,0,-1.0,0,0,0,639,359
1943,24388,24386787,11107,250,-1,-1,1,527,83.6,0,-1.0,0,0,0,639,359
1944,24399,24397899,11112,250,-1,-1,1,527,83.7,0,-1.0,0,0,0,639,359
1945,24410,24409008,11109,250,-1,-1,1,528,83.8,1,-1.0,0,0,0,639,359
1946,24421,24420122,11114,250,-1,-1,1,546,83.8,0,-1.0,0,0,0,639,359
1947,24432,24431232,11110,250,-1,-1,1,608,83.8,0,-1.0,0,0,0,639,359
1948,24443,24442339,11107,250,-1,-1,1,632,83.9,0,-1.0,0,0,0,639,359
1949,24454,24453444,11105,250,-1,-1,1,526,84.0,0,-1.0,0,0,0,639,359
1950,24466,24464562,11118,250,-1,-1,1,526,90.9,0,-1.0,0,0,0,639,359
1951,24476,24475663,11101,250,-1,-1,1,526,90.9,0,-1.0,0,0,0,639,359
1952,24488,24486773,11110,250,-1,-1,1,526,90.9,0,-1.0,0,0,0,639,359
1953,24499,24497883,11110,250,-1,-1,1,525,90.9,0,-1.0,0,0,0,639,359
1954,24510,24508988,11105,250,-1,-1,1,527,90.9,1,-1.0,0,0,0,639,359
1955,24521,24520106,11118,250,-1,-1,1,540,90.9,0,-1.0,0,0,0,639,359
1956,24532,24531212,11106,250,-1,-1,1,610,89.7,0,-1.0,0,0,0,639,359
1957,24543,24542318,11106,250,-1,-1,1,633,89.9,0,-1.0,0,0,0,639,359
1958,24554,24553428,11110,250,-1,-1,1,528,90.0,0,-1.0,0,0,0,639,359
1959,24565,24564535,11107,250,-1,-1,1,547,90.1,0,-1.0,0,0,0,639,359
1960,24576,24575643,11108,250,-1,-1,1,526,90.2,0,-1.0,0,0,0,639,359
1961,24588,24586754,11111,250,-1,-1,1,526,90.2,0,-1.0,0,0,0,639,359
1962,24599,24597866,11112,250,-1,-1,1,525,90.3,0,-1.0,0,0,0,639,359
1963,24610,24608972,11106,250,-1,-1,1,524,90.3,1,-1.0,0,0,0,639,359
1964,24621,24620091,11119,250,-1,-1,1,547,90.4,0,-1.0,0,0,0,639,359
1965,24632,24631193,11102,250,-1,-1,1,588,89.9,0,-1.0,0,0,0,639,359
1966,24643,24642304,11111,250,-1,-1,1,628,89.9,0,-1.0,0,0,0,639,359
1967,24654,24653411,11107,250,-1,-1,1,529,90.0,0,-1.0,0,0,0,639,359
1968,24665,24664520,11109,250,-1,-1,1,532,90.0,0,-1.0,0,0,0,639,359
1969,24676,24675628,11108,250,-1,-1,1,526,90.1,0,-1.0,0,0,0,639,359
1970,24688,24686738,11110,250,-1,-1,1,527,90.1,0,-1.0,0,0,0,639,359
1971,24699,24697843,11105,250,-1,-1,1,528,90.2,0,-1.0,0,0,0,639,359
1972,24710,24708957,11114,250,-1,-1,1,526,90.2,1,-1.0,0,0,0,639,359
1973,24721,24720071,11114,250,-1,-1,1,546,90.2,0,-1.0,0,0,0,639,359
1974,24732,24731181,11110,250,-1,-1,1,594,89.9,0,-1.0,0,0,0,639,359
1975,24743,24742285,11104,250,-1,-1,1,633,90.0,0,-1.0,0,0,0,639,359
1976,24754,24753393,11108,250,-1,-1,1,527,90.0,0,-1.0,0,0,0,639,359
1977,24765,24764503,11110,250,-1,-1,1,526,90.0,0,-1.0,0,0,0,639,359
1978,24777,24775613,11110,250,-1,-1,1,527,90.1,0,-1.0,0,0,0,639,359
1979,24788,24786719,11106,250,-1,-1,1,528,90.1,0,-1.0,0,0,0,639,359
1980,24837,24797830,11111,250,-1,-1,1,609,80.9,0,-1.0,0,0,0,639,359
1981,24838,24831144,33314,250,-1,-1,1,1184,83.3,1,-1.0,0,0,0,639,359
1982,24843,24842290,11146,250,-1,-1,1,539,84.8,0,-1.0,0,0,0,639,359
1983,24854,24853378,11088,250,-1,-1,1,525,85.0,0,-1.0,0,0,0,639,359
1984,24865,24864487,11109,250,-1,-1,1,523,85.2,0,-1.0,0,0,0,639,359
1985,24876,24875598,11111,250,-1,-1,1,595,85.3,0,-1.0,0,0,0,639,359
1986,24888,24886709,11111,250,-1,-1,1,529,85.5,0,-1.0,0,0,0,639,359
1987,24899,24897813,11104,250,-1,-1,1,527,85.6,0,-1.0,0,0,0,639,359
1988,24910,24908927,11114,250,-1,-1,1,525,85.5,0,-1.0,0,0,0,639,359
1989,24921,24920032,11105,250,-1,-1,1,526,85.8,0,-1.0,0,0,0,639,359
1990,24932,24931140,11108,250,-1,-1,1,527,86.0,1,-1.0,0,0,0,639,359
1991,24943,24942249,11109,250,-1,-1,1,547,85.9,0,-1.0,0,0,0,639,359
1992,24954,24953365,11116,250,-1,-1,1,593,86.0,0,-1.0,0,0,0,639,359
1993,24965,24964470,11105,250,-1,-1,1,629,86.1,0,-1.0,0,0,0,639,359
1994,24976,24975584,11114,250,-1,-1,1,526,86.2,0,-1.0,0,0,0,639,359
1995,24987,24986684,11100,250,-1,-1,1,525,86.3,0,-1.0,0,0,0,639,359
1996,24999,24997797,11113,250,-1,-1,1,527,86.4,0,-1.0,0,0,0,639,359
1997,25010,25008906,11109,250,-1,-1,1,525,86.5,0,-1.0,0,0,0,639,359
1998,25021,25020014,11108,250,-1,-1,1,528,86.6,0,-1.0,0,0,0,639,359
1999,25032,25031123,11109,250,-1,-1,1,526,86.7,1,-1.0,0,0,0,639,359
2000,25043,25042238,11115,250,-1,-1,1,530,86.6,0,-1.0,0,0,0,639,359
2001,25054,25053346,11108,250,-1,-1,1,593,86.7,0,-1.0,0,0,0,639,359
2002,25065,25064457,11111,250,-1,-1,1,628,86.7,0,-1.0,0,0,0,639,359
2003,25076,25075563,11106,250,-1,-1,1,529,86.8,0,-1.0,0,0,0,639,359
2004,25088,25086670,11107,250,-1,-1,1,524,86.9,0,-1.0,0,0,0,639,359
2005,25099,25097777,11107,250,-1,-1,1,525,87.0,0,-1.0,0,0,0,639,359
2006,25110,25108892,11115,250,-1,-1,1,526,87.0,0,-1.0,0,0,0,639,359
2007,25121,25119994,11102,250,-1,-1,1,525,87.1,0,-1.0,0,0,0,639,359
2008,25132,25131105,11111,250,-1,-1,1,527,87.0,1,-1.0,0,0,0,639,359
2009,25143,25142216,11111,250,-1,-1,1,546,87.1,0,-1.0,0,0,0,639,359
2010,25154,25153328,11112,250,-1,-1,1,608,87.1,0,-1.0,0,0,0,639,359
2011,25165,25164437,11109,250,-1,-1,1,633,87.2,0,-1.0,0,0,0,639,359
2012,25176,25175545,11108,250,-1,-1,1,528,87.3,0,-1.0,0,0,0,639,359
2013,25187,25186650,11105,250,-1,-1,1,528,87.3,0,-1.0,0,0,0,639,359
2014,25199,25197762,11112,250,-1,-1,1,527,87.4,0,-1.0,0,0,0,639,359
2015,25210,25208868,11106,250,-1,-1,1,525,87.4,0,-1.0,0,0,0,639,359
2016,25221,25219980,11112,250,-1,-1,1,525,87.5,0,-1.0,0,0,0,639,359
2017,25232,25231090,11110,250,-1,-1,1,527,87.5,1,-1.0,0,0,0,639,359
2018,25243,25242202,11112,250,-1,-1,1,551,87.5,0,-1.0,0,0,0,639,359
2019,25254,25253303,11101,250,-1,-1,1,631,87.5,0,-1.0,0,0,0,639,359
2020,25265,25264421,11118,250,-1,-1,1,636,87.5,0,-1.0,0,0,0,639,359
2021,25276,25275524,11103,250,-1,-1,1,536,87.6,0,-1.0,0,0,0,639,359
2022,25287,25286636,11112,250,-1,-1,1,526,87.6,0,-1.0,0,0,0,639,359
2023,25299,25297743,11107,250,-1,-1,1,528,87.7,0,-1.0,0,0,0,639,359
2024,25310,25308850,11107,250,-1,-1,1,527,87.7,0,-1.0,0,0,0,639,359
2025,25321,25319962,11112,250,-1,-1,1,525,87.8,0,-1.0,0,0,0,639,359
2026,25332,25331073,11111,250,-1,-1,1,526,87.8,1,-1.0,0,0,0,639,359
2027,25343,25342183,11110,250,-1,-1,1,544,87.7,0,-1.0,0,0,0,639,359
2028,25354,25353293,11110,250,-1,-1,1,634,87.8,0,-1.0,0,0,0,639,359
2029,25365,25364400,11107,250,-1,-1,1,625,87.8,0,-1.0,0,0,0,639,359
2030,25376,25375510,11110,250,-1,-1,1,529,87.9,0,-1.0,0,0,0,639,359
2031,25387,25386617,11107,250,-1,-1,1,527,87.9,0,-1.0,0,0,0,639,359
2032,25399,25397728,11111,250,-1,-1,1,528,87.9,0,-1.0,0,0,0,639,359
2033,25410,25408833,11105,250,-1,-1,1,527,88.0,0,-1.0,0,0,0,639,359
2034,25421,25419945,11112,250,-1,-1,1,526,88.0,0,-1.0,0,0,0,639,359
2035,25432,25431055,11110,250,-1,-1,1,526,88.0,1,-1.0,0,0,0,639,359
2036,25443,25442170,11115,250,-1,-1,1,545,88.0,0,-1.0,0,0,0,639,359
2037,25454,25453275,11105,250,-1,-1,1,629,88.0,0,-1.0,0,0,0,639,359
2038,25480,25475482,22207,250,-1,-1,1,607,40.0,0,-1.0,0,0,0,639,359
2039,25487,25486607,11125,250,-1,-1,1,526,60.6,0,-1.0,0,0,0,639,359
2040,25499,25497708,11101,250,-1,-1,1,525,68.2,0,-1.0,0,0,0,639,359
2041,25510,25508819,11111,250,-1,-1,1,526,72.7,0,-1.0,0,0,0,639,359
2042,25521,25519930,11111,250,-1,-1,1,525,75.8,0,-1.0,0,0,0,639,359
2043,25532,25531037,11107,250,-1,-1,1,530,77.9,0,-1.0,0,0,0,639,359
2044,25543,25542143,11106,250,-1,-1,1,526,79.5,1,-1.0,0,0,0,639,359
2045,25554,25553260,11117,250,-1,-1,1,538,80.0,0,-1.0,0,0,0,639,359
2046,25565,25564365,11105,250,-1,-1,1,631,81.1,0,-1.0,0,0,0,639,359
2047,25576,25575478,11113,250,-1,-1,1,632,82.0,0,-1.0,0,0,0,639,359
2048,25587,25586590,11112,250,-1,-1,1,533,82.7,0,-1.0,0,0,0,639,359
2049,25599,25597694,11104,250,-1,-1,1,524,83.3,0,-1.0,0,0,0,639,359
2050,25610,25608802,11108,250,-1,-1,1,527,83.9,0,-1.0,0,0,0,639,359
2051,25621,25619913,11111,250,-1,-1,1,533,84.3,0,-1.0,0,0,0,639,359
2052,25632,25631020,11107,250,-1,-1,1,526,84.7,0,-1.0,0,0,0,639,359
2053,25643,25642132,11112,250,-1,-1,1,526,85.1,1,-1.0,0,0,0,639,359
2054,25654,25653243,11111,250,-1,-1,1,548,85.0,0,-1.0,0,0,0,639,359
2055,25665,25664353,11110,250,-1,-1,1,733,85.3,0,-1.0,0,0,0,639,359
2056,25676,25675459,11106,250,-1,-1,1,627,85.6,0,-1.0,0,0,0,639,359
2057,25687,25686570,11111,250,-1,-1,1,527,85.8,0,-1.0,0,0,0,639,359
2058,25698,25697673,11103,250,-1,-1,1,552,86.1,0,-1.0,0,0,0,639,359
2059,25710,25708787,11114,250,-1,-1,1,526,86.3,0,-1.0,0,0,0,639,359
2060,25721,25719895,11108,250,-1,-1,1,527,86.5,0,-1.0,0,0,0,639,359
2061,25732,25731004,11109,250,-1,-1,1,528,86.6,0,-1.0,0,0,0,639,359
2062,25743,25742110,11106,250,-1,-1,1,527,86.8,1,-1.0,0,0,0,639,359
2063,25754,25753224,11114,250,-1,-1,1,544,86.7,0,-1.0,0,0,0,639,359
2064,25765,25764335,11111,250,-1,-1,1,635,86.8,0,-1.0,0,0,0,639,359
2065,25776,25775443,11108,250,-1,-1,1,629,87.0,0,-1.0,0,0,0,639,359
2066,25787,25786549,11106,250,-1,-1,1,525,87.1,0,-1.0,0,0,0,639,359
2067,25798,25797659,11110,250,-1,-1,1,526,87.2,0,-1.0,0,0,0,639,359
2068,25810,25808767,11108,250,-1,-1,1,525,87.3,0,-1.0,0,0,0,639,359
2069,25821,25819876,11109,250,-1,-1,1,529,87.4,0,-1.0,0,0,0,639,359
2070,25857,25830985,11109,250,-1,-1,1,609,81.9,0,-1.0,0,0,0,639,359
2071,25858,25853191,22206,250,-1,-1,1,604,84.2,1,-1.0,0,0,0,639,359
2072,25865,25864329,11138,250,-1,-1,1,530,85.2,0,-1.0,0,0,0,639,359
2073,25876,25875422,11093,250,-1,-1,1,523,85.3,0,-1.0,0,0,0,639,359
2074,25887,25886531,11109,250,-1,-1,1,528,85.5,0,-1.0,0,0,0,639,359
2075,25899,25897643,11112,250,-1,-1,1,571,85.4,0,-1.0,0,0,0,639,359
2076,25910,25908755,11112,250,-1,-1,1,548,85.7,0,-1.0,0,0,0,639,359
2077,25921,25919861,11106,250,-1,-1,1,526,85.8,0,-1.0,0,0,0,639,359
2078,25932,25930976,11115,250,-1,-1,1,525,85.8,0,-1.0,0,0,0,639,359
2079,25943,25942081,11105,250,-1,-1,1,631,85.9,0,-1.0,0,0,0,639,359
2080,25954,25953193,11112,250,-1,-1,1,530,86.0,1,-1.0,0,0,0,639,359
2081,25965,25964300,11107,250,-1,-1,1,545,86.1,0,-1.0,0,0,0,639,359
2082,25976,25975412,11112,250,-1,-1,1,634,86.2,0,-1.0,0,0,0,639,359
2083,25987,25986515,11103,250,-1,-1,1,630,86.3,0,-1.0,0,0,0,639,359
2084,25999,25997629,11114,250,-1,-1,1,527,86.4,0,-1.0,0,0,0,639,359
2085,26010,26008731,11102,250,-1,-1,1,527,86.5,0,-1.0,0,0,0,639,359
2086,26021,26019844,11113,250,-1,-1,1,526,86.6,0,-1.0,0,0,0,639,359
2087,26032,26030950,11106,250,-1,-1,1,527,86.7,0,-1.0,0,0,0,639,359
2088,26043,26042062,11112,250,-1,-1,1,526,86.6,0,-1.0,0,0,0,639,359
2089,26054,26053170,11108,250,-1,-1,1,525,86.7,1,-1.0,0,0,0,639,359
2090,26065,26064286,11116,250,-1,-1,1,525,86.7,0,-1.0,0,0,0,639,359
2091,26076,26075390,11104,250,-1,-1,1,627,86.8,0,-1.0,0,0,0,639,359
2092,26088,26086500,11110,250,-1,-1,1,628,86.9,0,-1.0,0,0,0,639,359
2093,26098,26097612,11112,250,-1,-1,1,525,87.0,0,-1.0,0,0,0,639,359
2094,26109,26108718,11106,250,-1,-1,1,524,87.0,0,-1.0,0,0,0,639,359
2095,26121,26119824,11106,250,-1,-1,1,528,87.1,0,-1.0,0,0,0,639,359
2096,26132,26130935,11111,250,-1,-1,1,528,87.1,0,-1.0,0,0,0,639,359
2097,26143,26142045,11110,250,-1,-1,1,525,87.2,0,-1.0,0,0,0,639,359
2098,26154,26153155,11110,250,-1,-1,1,527,87.3,1,-1.0,0,0,0,639,359
2099,26165,26164266,11111,250,-1,-1,1,547,87.2,0,-1.0,0,0,0,639,359
2100,26176,26175380,11114,250,-1,-1,1,627,87.3,0,-1.0,0,0,0,639,359
2101,26187,26186484,11104,250,-1,-1,1,631,87.3,0,-1.0,0,0,0,639,359
2102,26198,26197636,11152,250,-1,-1,1,526,87.4,0,-1.0,0,0,0,639,359
2103,26209,26208703,11067,250,-1,-1,1,524,87.4,0,-1.0,0,0,0,639,359
2104,26221,26219814,11111,250,-1,-1,1,526,87.5,0,-1.0,0,0,0,639,359
2105,26232,26230918,11104,250,-1,-1,1,525,87.5,0,-1.0,0,0,0,639,359
2106,26243,26242029,11111,250,-1,-1,1,528,87.6,0,-1.0,0,0,0,639,359
2107,26254,26253135,11106,250,-1,-1,1,529,87.6,1,-1.0,0,0,0,639,359
2108,26265,26264250,11115,250,-1,-1,1,530,87.5,0,-1.0,0,0,0,639,359
2109,26276,26275357,11107,250,-1,-1,1,632,87.6,0,-1.0,0,0,0,639,359
2110,26287,26286468,11111,250,-1,-1,1,632,87.6,0,-1.0,0,0,0,639,359
2111,26298,26297577,11109,250,-1,-1,1,527,87.7,0,-1.0,0,0,0,639,359
2112,26310,26308682,11105,250,-1,-1,1,525,87.7,0,-1.0,0,0,0,639,359
2113,26321,26319793,11111,250,-1,-1,1,524,87.8,0,-1.0,0,0,0,639,359
2114,26332,26330899,11106,250,-1,-1,1,526,87.8,0,-1.0,0,0,0,639,359
2115,26343,26342008,11109,250,-1,-1,1,526,87.8,0,-1.0,0,0,0,639,359
2116,26354,26353120,11112,250,-1,-1,1,525,87.8,1,-1.0,0,0,0,639,359
2117,26365,26364231,11111,250,-1,-1,1,545,87.8,0,-1.0,0,0,0,639,359
2118,26376,26375347,11116,250,-1,-1,1,630,87.9,0,-1.0,0,0,0,639,359
2119,26387,26386445,11098,250,-1,-1,1,628,87.9,0,-1.0,0,0,0,639,359
2120,26399,26397557,11112,250,-1,-1,1,526,87.9,0,-1.0,0,0,0,639,359
2121,26409,26408664,11107,250,-1,-1,1,527,88.0,0,-1.0,0,0,0,639,359
2122,26421,26419777,11113,250,-1,-1,1,527,88.0,0,-1.0,0,0,0,639,359
2123,26432,26430882,11105,250,-1,-1,1,527,88.0,0,-1.0,0,0,0,639,359
2124,26443,26441991,11109,250,-1,-1,1,525,88.0,0,-1.0,0,0,0,639,359
2125,26454,26453101,11110,250,-1,-1,1,525,88.1,1,-1.0,0,0,0,639,359
2126,26491,26486421,33320,250,-1,-1,1,629,27.0,0,-1.0,0,0,0,639,359
2127,26499,26497543,11122,250,-1,-1,1,526,45.5,0,-1.0,0,0,0,639,359
2128,26509,26508652,11109,250,-1,-1,1,527,54.5,0,-1.0,0,0,0,639,359
2129,26521,26519757,11105,250,-1,-1,1,526,60.6,0,-1.0,0,0,0,639,359
2130,26532,26530869,11112,250,-1,-1,1,526,64.9,0,-1.0,0,0,0,639,359
2131,26543,26541972,11103,250,-1,-1,1,526,68.2,0,-1.0,0,0,0,639,359
2132,26554,26553084,11112,250,-1,-1,1,526,70.7,0,-1.0,0,0,0,639,359
2133,26565,26564193,11109,250,-1,-1,1,525,72.1,0,-1.0,0,0,0,639,359
2134,26576,26575304,11111,250,-1,-1,1,524,73.8,1,-1.0,0,0,0,639,359
2135,26587,26586418,11114,250,-1,-1,1,547,75.2,0,-1.0,0,0,0,639,359
2136,26598,26597524,11106,250,-1,-1,1,626,76.4,0,-1.0,0,0,0,639,359
2137,26609,26608632,11108,250,-1,-1,1,629,77.4,0,-1.0,0,0,0,639,359
2138,26621,26619744,11112,250,-1,-1,1,527,78.3,0,-1.0,0,0,0,639,359
2139,26632,26630847,11103,250,-1,-1,1,528,79.1,0,-1.0,0,0,0,639,359
2140,26643,26641958,11111,250,-1,-1,1,526,79.8,0,-1.0,0,0,0,639,359
2141,26654,26653063,11105,250,-1,-1,1,529,80.4,0,-1.0,0,0,0,639,359
2142,26665,26664179,11116,250,-1,-1,1,525,80.6,0,-1.0,0,0,0,639,359
2143,26676,26675284,11105,250,-1,-1,1,526,81.1,1,-1.0,0,0,0,639,359
2144,26687,26686399,11115,250,-1,-1,1,546,81.5,0,-1.0,0,0,0,639,359
2145,26698,26697513,11114,250,-1,-1,1,629,82.0,0,-1.0,0,0,0,639,359
2146,26710,26708614,11101,250,-1,-1,1,632,82.4,0,-1.0,0,0,0,639,359
2147,26721,26719726,11112,250,-1,-1,1,525,82.7,0,-1.0,0,0,0,639,359
2148,26732,26730835,11109,250,-1,-1,1,525,83.0,0,-1.0,0,0,0,639,359
2149,26743,26741941,11106,250,-1,-1,1,525,83.3,0,-1.0,0,0,0,639,359
2150,26754,26753052,11111,250,-1,-1,1,525,83.3,0,-1.0,0,0,0,639,359
2151,26765,26764159,11107,250,-1,-1,1,526,83.9,0,-1.0,0,0,0,639,359
2152,26776,26775270,11111,250,-1,-1,1,527,83.9,1,-1.0,0,0,0,639,359
2153,26787,26786383,11113,250,-1,-1,1,532,84.1,0,-1.0,0,0,0,639,359
2154,26799,26797492,11109,250,-1,-1,1,630,84.3,0,-1.0,0,0,0,639,359
2155,26809,26808597,11105,250,-1,-1,1,628,84.5,0,-1.0,0,0,0,639,359
2156,26821,26819710,11113,250,-1,-1,1,526,84.7,0,-1.0,0,0,0,639,359
2157,26832,26830811,11101,250,-1,-1,1,525,84.9,0,-1.0,0,0,0,639,359
2158,26843,26841925,11114,250,-1,-1,1,528,85.1,0,-1.0,0,0,0,639,359
2159,26854,26853032,11107,250,-1,-1,1,526,85.2,0,-1.0,0,0,0,639,359
2160,26897,26864142,11110,250,-1,-1,1,2019,78.8,0,-1.0,0,0,0,639,359
2161,26899,26897454,33312,250,-1,-1,1,598,81.1,1,-1.0,0,0,0,639,359
2162,26909,26908582,11128,250,-1,-1,1,528,81.3,0,-1.0,0,0,0,639,359
2163,26920,26919685,11103,250,-1,-1,1,525,81.5,0,-1.0,0,0,0,639,359
2164,26932,26930893,11208,250,-1,-1,1,605,81.6,0,-1.0,0,0,0,639,359
2165,26943,26941908,11015,250,-1,-1,1,547,82.0,0,-1.0,0,0,0,639,359
2166,26954,26953023,11115,250,-1,-1,1,629,82.0,0,-1.0,0,0,0,639,359
2167,26965,26964129,11106,250,-1,-1,1,628,82.2,0,-1.0,0,0,0,639,359
2168,26976,26975241,11112,250,-1,-1,1,528,82.4,0,-1.0,0,0,0,639,359
2169,26987,26986346,11105,250,-1,-1,1,525,82.6,0,-1.0,0,0,0,639,359
2170,26998,26997453,11107,250,-1,-1,1,528,82.7,1,-1.0,0,0,0,639,359
2171,27009,27008567,11114,250,-1,-1,1,546,82.9,0,-1.0,0,0,0,639,359
2172,27021,27019671,11104,250,-1,-1,1,630,83.0,0,-1.0,0,0,0,639,359
2173,27032,27030963,11292,250,-1,-1,1,633,83.2,0,-1.0,0,0,0,639,359
2174,27043,27041895,10932,250,-1,-1,1,527,83.3,0,-1.0,0,0,0,639,359
2175,27054,27052996,11101,250,-1,-1,1,528,83.5,0,-1.0,0,0,0,639,359
2176,27065,27064105,11109,250,-1,-1,1,525,83.5,0,-1.0,0,0,0,639,359
2177,27076,27075217,11112,250,-1,-1,1,524,83.6,0,-1.0,0,0,0,639,359
2178,27087,27086327,11110,250,-1,-1,1,525,83.7,0,-1.0,0,0,0,639,359
2179,27098,27097434,11107,250,-1,-1,1,525,83.9,1,-1.0,0,0,0,639,359
2180,27110,27108552,11118,250,-1,-1,1,539,84.0,0,-1.0,0,0,0,639,359
2181,27121,27119655,11103,250,-1,-1,1,628,84.1,0,-1.0,0,0,0,639,359
2182,27132,27130769,11114,250,-1,-1,1,631,84.2,0,-1.0,0,0,0,639,359
2183,27143,27141873,11104,250,-1,-1,1,527,84.3,0,-1.0,0,0,0,639,359
2184,27154,27152979,11106,250,-1,-1,1,527,84.3,0,-1.0,0,0,0,639,359
2185,27165,27164090,11111,250,-1,-1,1,527,84.5,0,-1.0,0,0,0,639,359
2186,27176,27175201,11111,250,-1,-1,1,527,84.5,0,-1.0,0,0,0,639,359
2187,27187,27186306,11105,250,-1,-1,1,526,84.6,0,-1.0,0,0,0,639,359
2188,27198,27197419,11113,250,-1,-1,1,526,84.7,1,-1.0,0,0,0,639,359
2189,27209,27208533,11114,250,-1,-1,1,545,84.8,0,-1.0,0,0,0,639,359
2190,27220,27219640,11107,250,-1,-1,1,627,84.9,0,-1.0,0,0,0,639,359
2191,27232,27230747,11107,250,-1,-1,1,632,84.9,0,-1.0,0,0,0,639,359
2192,27243,27241858,11111,250,-1,-1,1,527,85.0,0,-1.0,0,0,0,639,359
2193,27254,27252964,11106,250,-1,-1,1,525,85.1,0,-1.0,0,0,0,639,359
2194,27265,27264071,11107,250,-1,-1,1,526,85.2,0,-1.0,0,0,0,639,359
2195,27276,27275182,11111,250,-1,-1,1,527,85.2,0,-1.0,0,0,0,639,359
2196,27287,27286292,11110,250,-1,-1,1,528,85.2,0,-1.0,0,0,0,639,359
2197,27298,27297399,11107,250,-1,-1,1,526,85.3,1,-1.0,0,0,0,639,359
2198,27309,27308514,11115,250,-1,-1,1,547,85.4,0,-1.0,0,0,0,639,359
2199,27320,27319623,11109,250,-1,-1,1,628,85.5,0,-1.0,0,0,0,639,359
2200,27332,27330734,11111,250,-1,-1,1,628,85.5,0,-1.0,0,0,0,639,359
2201,27343,27341842,11108,250,-1,-1,1,526,85.6,0,-1.0,0,0,0,639,359
2202,27354,27352948,11106,250,-1,-1,1,526,85.7,0,-1.0,0,0,0,639,359
2203,27365,27364056,11108,250,-1,-1,1,527,85.7,0,-1.0,0,0,0,639,359
2204,27376,27375167,11111,250,-1,-1,1,527,85.7,0,-1.0,0,0,0,639,359
2205,27387,27386274,11107,250,-1,-1,1,528,85.7,0,-1.0,0,0,0,639,359
2206,27398,27397385,11111,250,-1,-1,1,528,85.8,1,-1.0,0,0,0,639,359
2207,27409,27408497,11112,250,-1,-1,1,539,85.9,0,-1.0,0,0,0,639,359
2208,27421,27419608,11111,250,-1,-1,1,629,85.9,0,-1.0,0,0,0,639,359
2209,27432,27430712,11104,250,-1,-1,1,627,86.0,0,-1.0,0,0,0,639,359
2210,27443,27441828,11116,250,-1,-1,1,525,86.0,0,-1.0,0,0,0,639,359
2211,27454,27452933,11105,250,-1,-1,1,527,86.1,0,-1.0,0,0,0,639,359
2212,27465,27464040,11107,250,-1,-1,1,525,86.1,0,-1.0,0,0,0,639,359
2213,27479,27475150,11110,250,-1,-1,1,526,71.4,0,-1.0,0,0,0,639,359
2214,27487,27486262,11112,250,-1,-1,1,525,90.9,0,-1.0,0,0,0,639,359
2215,27498,27497367,11105,250,-1,-1,1,526,90.9,1,-1.0,0,0,0,639,359
2216,27509,27508481,11114,250,-1,-1,1,547,90.9,0,-1.0,0,0,0,639,359
2217,27520,27519592,11111,250,-1,-1,1,629,90.9,0,-1.0,0,0,0,639,359
2218,27532,27530699,11107,250,-1,-1,1,631,90.9,0,-1.0,0,0,0,639,359
2219,27543,27541805,11106,250,-1,-1,1,529,90.9,0,-1.0,0,0,0,639,359
2220,27554,27552911,11106,250,-1,-1,1,526,90.9,0,-1.0,0,0,0,639,359
2221,27565,27564020,11109,250,-1,-1,1,526,90.9,0,-1.0,0,0,0,639,359
2222,27576,27575131,11111,250,-1,-1,1,526,90.9,0,-1.0,0,0,0,639,359
2223,27587,27586238,11107,250,-1,-1,1,526,90.2,0,-1.0,0,0,0,639,359
2224,27598,27597352,11114,250,-1,-1,1,526,90.2,1,-1.0,0,0,0,639,359
2225,27609,27608464,11112,250,-1,-1,1,545,90.3,0,-1.0,0,0,0,639,359
2226,27620,27619575,11111,250,-1,-1,1,631,90.3,0,-1.0,0,0,0,639,359
2227,27632,27630679,11104,250,-1,-1,1,605,90.4,0,-1.0,0,0,0,639,359
2228,27643,27641794,11115,250,-1,-1,1,525,90.4,0,-1.0,0,0,0,639,359
2229,27654,27652896,11102,250,-1,-1,1,526,90.4,0,-1.0,0,0,0,639,359
2230,27665,27664005,11109,250,-1,-1,1,528,90.5,0,-1.0,0,0,0,639,359
2231,27676,27675113,11108,250,-1,-1,1,529,90.5,0,-1.0,0,0,0,639,359
2232,27687,27686226,11113,250,-1,-1,1,527,90.1,0,-1.0,0,0,0,639,359
2233,27698,27697330,11104,250,-1,-1,1,526,90.1,1,-1.0,0,0,0,639,359
2234,27709,27708448,11118,250,-1,-1,1,546,90.2,0,-1.0,0,0,0,639,359
2235,27720,27719554,11106,250,-1,-1,1,628,90.2,0,-1.0,0,0,0,639,359
2236,27732,27730667,11113,250,-1,-1,1,631,90.2,0,-1.0,0,0,0,639,359
2237,27743,27741769,11102,250,-1,-1,1,526,90.3,0,-1.0,0,0,0,639,359
2238,27754,27752880,11111,250,-1,-1,1,525,90.3,0,-1.0,0,0,0,639,359
2239,27765,27763986,11106,250,-1,-1,1,525,90.3,0,-1.0,0,0,0,639,359
2240,27776,27775100,11114,250,-1,-1,1,525,90.3,0,-1.0,0,0,0,639,359
2241,27787,27786203,11103,250,-1,-1,1,527,90.1,0,-1.0,0,0,0,639,359
2242,27798,27797316,11113,250,-1,-1,1,528,90.1,1,-1.0,0,0,0,639,359
2243,27809,27808428,11112,250,-1,-1,1,541,90.1,0,-1.0,0,0,0,639,359
2244,27820,27819538,11110,250,-1,-1,1,630,90.1,0,-1.0,0,0,0,639,359
2245,27831,27830647,11109,250,-1,-1,1,630,90.2,0,-1.0,0,0,0,639,359
2246,27843,27841757,11110,250,-1,-1,1,527,90.2,0,-1.0,0,0,0,639,359
2247,27854,27852858,11101,250,-1,-1,1,528,90.2,0,-1.0,0,0,0,639,359
2248,27865,27863969,11111,250,-1,-1,1,526,90.2,0,-1.0,0,0,0,639,359
2249,27876,27875078,11109,250,-1,-1,1,524,90.2,0,-1.0,0,0,0,639,359
2250,27922,27886188,11110,250,-1,-1,1,607,83.3,0,-1.0,0,0,0,639,359
2251,27923,27919499,33311,250,-1,-1,1,601,85.3,1,-1.0,0,0,0,639,359
2252,27931,27930626,11127,250,-1,-1,1,527,85.8,0,-1.0,0,0,0,639,359
2253,27943,27941734,11108,250,-1,-1,1,527,86.0,0,-1.0,0,0,0,639,359
2254,27954,27952843,11109,250,-1,-1,1,525,86.1,0,-1.0,0,0,0,639,359
2255,27965,27963953,11110,250,-1,-1,1,526,86.2,0,-1.0,0,0,0,639,359
2256,27976,27975068,11115,250,-1,-1,1,529,86.3,0,-1.0,0,0,0,639,359
2257,27987,27986174,11106,250,-1,-1,1,524,86.2,0,-1.0,0,0,0,639,359
2258,27998,27997286,11112,250,-1,-1,1,628,86.3,0,-1.0,0,0,0,639,359
2259,28009,28008392,11106,250,-1,-1,1,526,86.4,0,-1.0,0,0,0,639,359
2260,28020,28019503,11111,250,-1,-1,1,525,86.5,1,-1.0,0,0,0,639,359
2261,28031,28030613,11110,250,-1,-1,1,544,86.6,0,-1.0,0,0,0,639,359
2262,28043,28041723,11110,250,-1,-1,1,635,86.7,0,-1.0,0,0,0,639,359
2263,28054,28052830,11107,250,-1,-1,1,633,86.7,0,-1.0,0,0,0,639,359
2264,28065,28063940,11110,250,-1,-1,1,527,86.8,0,-1.0,0,0,0,639,359
2265,28076,28075044,11104,250,-1,-1,1,526,86.9,0,-1.0,0,0,0,639,359
2266,28087,28086156,11112,250,-1,-1,1,531,86.8,0,-1.0,0,0,0,639,359
2267,28098,28097266,11110,250,-1,-1,1,525,86.9,0,-1.0,0,0,0,639,359
2268,28109,28108372,11106,250,-1,-1,1,527,87.0,0,-1.0,0,0,0,639,359
2269,28120,28119479,11107,250,-1,-1,1,527,87.0,1,-1.0,0,0,0,639,359
2270,28131,28130598,11119,250,-1,-1,1,538,87.1,0,-1.0,0,0,0,639,359
2271,28143,28141702,11104,250,-1,-1,1,631,87.1,0,-1.0,0,0,0,639,359
2272,28154,28152812,11110,250,-1,-1,1,633,87.2,0,-1.0,0,0,0,639,359
2273,28165,28163920,11108,250,-1,-1,1,527,87.3,0,-1.0,0,0,0,639,359
2274,28176,28175029,11109,250,-1,-1,1,526,87.3,0,-1.0,0,0,0,639,359
2275,28187,28186136,11107,250,-1,-1,1,524,87.4,0,-1.0,0,0,0,639,359
2276,28198,28197246,11110,250,-1,-1,1,526,87.3,0,-1.0,0,0,0,639,359
2277,28209,28208390,11144,250,-1,-1,1,526,87.4,0,-1.0,0,0,0,639,359
2278,28220,28219468,11078,250,-1,-1,1,528,87.4,1,-1.0,0,0,0,639,359
2279,28231,28230578,11110,250,-1,-1,1,545,87.5,0,-1.0,0,0,0,639,359
2280,28243,28241688,11110,250,-1,-1,1,626,87.5,0,-1.0,0,0,0,639,359
2281,28254,28252795,11107,250,-1,-1,1,627,87.6,0,-1.0,0,0,0,639,359
2282,28265,28263904,11109,250,-1,-1,1,527,87.6,0,-1.0,0,0,0,639,359
2283,28276,28275010,11106,250,-1,-1,1,527,87.7,0,-1.0,0,0,0,639,359
2284,28287,28286120,11110,250,-1,-1,1,528,87.7,0,-1.0,0,0,0,639,359
2285,28298,28297225,11105,250,-1,-1,1,527,87.6,0,-1.0,0,0,0,639,359
2286,28309,28308342,11117,250,-1,-1,1,525,87.7,0,-1.0,0,0,0,639,359
2287,28320,28319448,11106,250,-1,-1,1,525,87.7,1,-1.0,0,0,0,639,359
2288,28331,28330563,11115,250,-1,-1,1,547,87.8,0,-1.0,0,0,0,639,359
2289,28342,28341666,11103,250,-1,-1,1,623,87.8,0,-1.0,0,0,0,639,359
2290,28354,28352781,11115,250,-1,-1,1,629,87.8,0,-1.0,0,0,0,639,359
2291,28365,28363887,11106,250,-1,-1,1,527,87.9,0,-1.0,0,0,0,639,359
2292,28376,28374995,11108,250,-1,-1,1,526,87.9,0,-1.0,0,0,0,639,359
2293,28387,28386102,11107,250,-1,-1,1,527,87.9,0,-1.0,0,0,0,639,359
2294,28398,28397213,11111,250,-1,-1,1,527,87.9,0,-1.0,0,0,0,639,359
2295,28409,28408323,11110,250,-1,-1,1,528,87.9,0,-1.0,0,0,0,639,359
2296,28420,28419435,11112,250,-1,-1,1,525,88.0,1,-1.0,0,0,0,639,359
2297,28431,28430545,11110,250,-1,-1,1,546,88.0,0,-1.0,0,0,0,639,359
2298,28442,28441655,11110,250,-1,-1,1,628,88.0,0,-1.0,0,0,0,639,359
2299,28454,28452761,11106,250,-1,-1,1,627,88.1,0,-1.0,0,0,0,639,359
2300,28465,28463871,11110,250,-1,-1,1,527,88.1,0,-1.0,0,0,0,639,359
2301,28476,28474974,11103,250,-1,-1,1,526,88.1,0,-1.0,0,0,0,639,359
2302,28490,28486087,11113,250,-1,-1,1,524,66.7,0,-1.0,0,0,0,639,359
2303,28498,28497195,11108,250,-1,-1,1,527,87.0,0,-1.0,0,0,0,639,359
2304,28509,28508304,11109,250,-1,-1,1,526,88.2,0,-1.0,0,0,0,639,359
2305,28520,28519412,11108,250,-1,-1,1,524,88.9,1,-1.0,0,0,0,639,359
2306,28531,28530530,11118,250,-1,-1,1,547,89.3,0,-1.0,0,0,0,639,359
2307,28542,28541634,11104,250,-1,-1,1,633,89.6,0,-1.0,0,0,0,639,359
2308,28554,28552746,11112,250,-1,-1,1,632,89.7,0,-1.0,0,0,0,639,359
2309,28565,28563850,11104,250,-1,-1,1,528,89.9,0,-1.0,0,0,0,639,359
2310,28576,28574961,11111,250,-1,-1,1,527,90.0,0,-1.0,0,0,0,639,359
2311,28587,28586066,11105,250,-1,-1,1,528,90.1,0,-1.0,0,0,0,639,359
2312,28598,28597178,11112,250,-1,-1,1,527,89.4,0,-1.0,0,0,0,639,359
2313,28609,28608284,11106,250,-1,-1,1,529,89.6,0,-1.0,0,0,0,639,359
2314,28620,28619396,11112,250,-1,-1,1,527,89.7,1,-1.0,0,0,0,639,359
2315,28631,28630506,11110,250,-1,-1,1,529,89.7,0,-1.0,0,0,0,639,359
2316,28642,28641617,11111,250,-1,-1,1,629,89.8,0,-1.0,0,0,0,639,359
2317,28654,28652728,11111,250,-1,-1,1,605,89.9,0,-1.0,0,0,0,639,359
2318,28665,28663839,11111,250,-1,-1,1,525,89.9,0,-1.0,0,0,0,639,359
2319,28676,28674944,11105,250,-1,-1,1,525,90.0,0,-1.0,0,0,0,639,359
2320,28687,28686052,11108,250,-1,-1,1,526,90.0,0,-1.0,0,0,0,639,359
2321,28698,28697162,11110,250,-1,-1,1,524,89.7,0,-1.0,0,0,0,639,359
2322,28709,28708271,11109,250,-1,-1,1,528,89.7,0,-1.0,0,0,0,639,359
2323,28720,28719378,11107,250,-1,-1,1,527,89.8,1,-1.0,0,0,0,639,359
2324,28731,28730495,11117,250,-1,-1,1,534,89.8,0,-1.0,0,0,0,639,359
2325,28743,28741598,11103,250,-1,-1,1,628,89.9,0,-1.0,0,0,0,639,359
2326,28754,28752713,11115,250,-1,-1,1,629,89.9,0,-1.0,0,0,0,639,359
2327,28765,28763819,11106,250,-1,-1,1,527,90.0,0,-1.0,0,0,0,639,359
2328,28776,28774926,11107,250,-1,-1,1,525,90.0,0,-1.0,0,0,0,639,359
2329,28787,28786038,11112,250,-1,-1,1,525,89.7,0,-1.0,0,0,0,639,359
2330,28798,28797144,11106,250,-1,-1,1,525,90.1,0,-1.0,0,0,0,639,359
2331,28809,28808250,11106,250,-1,-1,1,527,89.8,0,-1.0,0,0,0,639,359
2332,28820,28819362,11112,250,-1,-1,1,525,89.9,1,-1.0,0,0,0,639,359
2333,28831,28830475,11113,250,-1,-1,1,539,89.9,0,-1.0,0,0,0,639,359
2334,28842,28841584,11109,250,-1,-1,1,630,89.9,0,-1.0,0,0,0,639,359
2335,28854,28852690,11106,250,-1,-1,1,632,89.9,0,-1.0,0,0,0,639,359
2336,28865,28863942,11252,250,-1,-1,1,529,90.0,0,-1.0,0,0,0,639,359
2337,28876,28874907,10965,250,-1,-1,1,545,90.0,0,-1.0,0,0,0,639,359
2338,28887,28886018,11111,250,-1,-1,1,527,90.0,0,-1.0,0,0,0,639,359
2339,28898,28897126,11108,250,-1,-1,1,526,90.0,0,-1.0,0,0,0,639,359
2340,28948,28908239,11113,250,-1,-1,1,666,82.6,0,-1.0,0,0,0,639,359
2341,28949,28941546,33307,250,-1,-1,1,1054,84.4,1,-1.0,0,0,0,639,359
2342,28954,28952693,11147,250,-1,-1,1,576,85.8,0,-1.0,0,0,0,639,359
2343,28965,28963780,11087,250,-1,-1,1,526,85.9,0,-1.0,0,0,0,639,359
2344,28976,28974891,11111,250,-1,-1,1,533,86.0,0,-1.0,0,0,0,639,359
2345,28987,28986071,11180,250,-1,-1,1,605,85.9,0,-1.0,0,0,0,639,359
2346,28998,28997113,11042,250,-1,-1,1,544,86.2,0,-1.0,0,0,0,639,359
2347,29009,29008258,11145,250,-1,-1,1,633,86.1,0,-1.0,0,0,0,639,359
2348,29020,29019330,11072,250,-1,-1,1,526,86.2,0,-1.0,0,0,0,639,359
2349,29031,29030508,11178,250,-1,-1,1,527,86.3,0,-1.0,0,0,0,639,359
2350,29042,29041544,11036,250,-1,-1,1,528,86.4,1,-1.0,0,0,0,639,359
2351,29054,29052663,11119,250,-1,-1,1,528,86.5,0,-1.0,0,0,0,639,359
2352,29065,29063768,11105,250,-1,-1,1,632,86.6,0,-1.0,0,0,0,639,359
2353,29076,29074880,11112,250,-1,-1,1,630,86.7,0,-1.0,0,0,0,639,359
2354,29087,29085988,11108,250,-1,-1,1,527,86.7,0,-1.0,0,0,0,639,359
2355,29098,29097092,11104,250,-1,-1,1,526,86.7,0,-1.0,0,0,0,639,359
2356,29109,29108206,11114,250,-1,-1,1,525,86.8,0,-1.0,0,0,0,639,359
2357,29120,29119310,11104,250,-1,-1,1,525,86.8,0,-1.0,0,0,0,639,359
2358,29131,29130423,11113,250,-1,-1,1,526,86.9,0,-1.0,0,0,0,639,359
2359,29142,29141528,11105,250,-1,-1,1,527,87.0,1,-1.0,0,0,0,639,359
2360,29153,29152644,11116,250,-1,-1,1,545,87.0,0,-1.0,0,0,0,639,359
2361,29165,29163747,11103,250,-1,-1,1,634,87.1,0,-1.0,0,0,0,639,359
2362,29176,29174861,11114,250,-1,-1,1,604,87.1,0,-1.0,0,0,0,639,359
2363,29187,29185970,11109,250,-1,-1,1,529,87.2,0,-1.0,0,0,0,639,359
2364,29198,29197076,11106,250,-1,-1,1,527,87.3,0,-1.0,0,0,0,639,359
2365,29209,29208186,11110,250,-1,-1,1,525,87.3,0,-1.0,0,0,0,639,359
2366,29220,29219296,11110,250,-1,-1,1,527,87.2,0,-1.0,0,0,0,639,359
2367,29231,29230400,11104,250,-1,-1,1,525,87.3,0,-1.0,0,0,0,639,359
2368,29242,29241514,11114,250,-1,-1,1,525,87.4,1,-1.0,0,0,0,639,359
2369,29253,29252628,11114,250,-1,-1,1,545,87.4,0,-1.0,0,0,0,639,359
2370,29265,29263734,11106,250,-1,-1,1,630,87.5,0,-1.0,0,0,0,639,359
2371,29276,29274842,11108,250,-1,-1,1,630,87.5,0,-1.0,0,0,0,639,359
2372,29287,29285954,11112,250,-1,-1,1,526,87.5,0,-1.0,0,0,0,639,359
2373,29298,29297055,11101,250,-1,-1,1,527,87.6,0,-1.0,0,0,0,639,359
2374,29309,29308167,11112,250,-1,-1,1,526,87.6,0,-1.0,0,0,0,639,359
2375,29320,29319272,11105,250,-1,-1,1,528,87.6,0,-1.0,0,0,0,639,359
2376,29331,29330385,11113,250,-1,-1,1,528,87.6,0,-1.0,0,0,0,639,359
2377,29342,29341495,11110,250,-1,-1,1,528,87.7,1,-1.0,0,0,0,639,359
2378,29353,29352610,11115,250,-1,-1,1,545,87.7,0,-1.0,0,0,0,639,359
2379,29365,29363716,11106,250,-1,-1,1,629,87.7,0,-1.0,0,0,0,639,359
2380,29376,29374831,11115,250,-1,-1,1,632,87.8,0,-1.0,0,0,0,639,359
2381,29387,29385951,11120,250,-1,-1,1,526,87.8,0,-1.0,0,0,0,639,359
2382,29398,29397044,11093,250,-1,-1,1,526,87.9,0,-1.0,0,0,0,639,359
2383,29409,29408150,11106,250,-1,-1,1,525,87.8,0,-1.0,0,0,0,639,359
2384,29420,29419263,11113,250,-1,-1,1,525,87.8,0,-1.0,0,0,0,639,359
2385,29431,29430368,11105,250,-1,-1,1,526,87.9,0,-1.0,0,0,0,639,359
2386,29442,29441479,11111,250,-1,-1,1,528,87.9,1,-1.0,0,0,0,639,359
2387,29453,29452587,11108,250,-1,-1,1,540,87.9,0,-1.0,0,0,0,639,359
2388,29465,29463701,11114,250,-1,-1,1,629,88.0,0,-1.0,0,0,0,639,359
2389,29476,29474811,11110,250,-1,-1,1,629,88.0,0,-1.0,0,0,0,639,359
2390,29492,29485919,11108,250,-1,-1,1,563,62.5,0,-1.0,0,0,0,639,359
2391,29498,29497027,11108,250,-1,-1,1,524,90.9,0,-1.0,0,0,0,639,359
2392,29509,29508134,11107,250,-1,-1,1,527,90.9,0,-1.0,0,0,0,639,359
2393,29520,29519239,11105,250,-1,-1,1,528,88.9,0,-1.0,0,0,0,639,359
2394,29531,29530352,11113,250,-1,-1,1,525,89.3,0,-1.0,0,0,0,639,359
2395,29542,29541460,11108,250,-1,-1,1,524,89.6,1,-1.0,0,0,0,639,359
2396,29553,29552575,11115,250,-1,-1,1,546,89.7,0,-1.0,0,0,0,639,359
2397,29565,29563720,11145,250,-1,-1,1,630,89.9,0,-1.0,0,0,0,639,359
2398,29576,29574792,11072,250,-1,-1,1,629,90.0,0,-1.0,0,0,0,639,359
2399,29587,29585902,11110,250,-1,-1,1,528,90.1,0,-1.0,0,0,0,639,359
2400,29598,29597006,11104,250,-1,-1,1,527,90.2,0,-1.0,0,0,0,639,359
2401,29609,29608115,11109,250,-1,-1,1,525,90.2,0,-1.0,0,0,0,639,359
2402,29620,29619224,11109,250,-1,-1,1,528,89.7,0,-1.0,0,0,0,639,359
2403,29631,29630336,11112,250,-1,-1,1,528,89.7,0,-1.0,0,0,0,639,359
2404,29642,29641443,11107,250,-1,-1,1,526,89.8,1,-1.0,0,0,0,639,359
2405,29653,29652560,11117,250,-1,-1,1,544,89.9,0,-1.0,0,0,0,639,359
2406,29665,29663701,11141,250,-1,-1,1,630,89.9,0,-1.0,0,0,0,639,359
2407,29676,29674774,11073,250,-1,-1,1,629,90.0,0,-1.0,0,0,0,639,359
2408,29687,29685884,11110,250,-1,-1,1,525,90.0,0,-1.0,0,0,0,639,359
2409,29698,29696990,11106,250,-1,-1,1,527,90.1,0,-1.0,0,0,0,639,359
2410,29709,29708098,11108,250,-1,-1,1,527,90.1,0,-1.0,0,0,0,639,359
2411,29720,29719206,11108,250,-1,-1,1,528,89.8,0,-1.0,0,0,0,639,359
2412,29731,29730320,11114,250,-1,-1,1,525,89.8,0,-1.0,0,0,0,639,359
2413,29742,29741424,11104,250,-1,-1,1,529,89.9,1,-1.0,0,0,0,639,359
2414,29753,29752541,11117,250,-1,-1,1,549,89.9,0,-1.0,0,0,0,639,359
2415,29765,29763704,11163,250,-1,-1,1,630,90.0,0,-1.0,0,0,0,639,359
2416,29776,29774758,11054,250,-1,-1,1,630,90.0,0,-1.0,0,0,0,639,359
2417,29787,29785865,11107,250,-1,-1,1,527,90.0,0,-1.0,0,0,0,639,359
2418,29798,29796972,11107,250,-1,-1,1,524,90.1,0,-1.0,0,0,0,639,359
2419,29809,29808083,11111,250,-1,-1,1,525,90.1,0,-1.0,0,0,0,639,359
2420,29820,29819193,11110,250,-1,-1,1,524,89.9,0,-1.0,0,0,0,639,359
2421,29831,29830301,11108,250,-1,-1,1,526,89.9,0,-1.0,0,0,0,639,359
2422,29842,29841407,11106,250,-1,-1,1,525,89.9,1,-1.0,0,0,0,639,359
2423,29853,29852521,11114,250,-1,-1,1,546,89.9,0,-1.0,0,0,0,639,359
2424,29865,29863688,11167,250,-1,-1,1,626,90.0,0,-1.0,0,0,0,639,359
2425,29876,29874738,11050,250,-1,-1,1,626,90.0,0,-1.0,0,0,0,639,359
2426,29887,29885848,11110,250,-1,-1,1,527,90.0,0,-1.0,0,0,0,639,359
2427,29898,29896955,11107,250,-1,-1,1,529,90.0,0,-1.0,0,0,0,639,359
2428,29909,29908071,11116,250,-1,-1,1,524,90.1,0,-1.0,0,0,0,639,359
2429,29920,29919173,11102,250,-1,-1,1,526,89.9,0,-1.0,0,0,0,639,359
2430,29976,29930286,11113,250,-1,-1,1,609,81.8,0,-1.0,0,0,0,639,359
2431,29977,29974713,44427,250,-1,-1,1,602,83.7,1,-1.0,0,0,0,639,359
2432,29987,29985835,11122,250,-1,-1,1,528,84.1,0,-1.0,0,0,0,639,359
2433,29998,29996941,11106,250,-1,-1,1,525,84.3,0,-1.0,0,0,0,639,359
2434,30009,30008048,11107,250,-1,-1,1,670,84.3,0,-1.0,0,0,0,639,359
2435,30020,30019160,11112,250,-1,-1,1,529,84.4,0,-1.0,0,0,0,639,359
2436,30031,30030266,11106,250,-1,-1,1,629,84.5,0,-1.0,0,0,0,639,359
2437,30042,30041397,11131,250,-1,-1,1,526,84.7,0,-1.0,0,0,0,639,359
2438,30053,30052485,11088,250,-1,-1,1,523,84.8,0,-1.0,0,0,0,639,359
2439,30064,30063597,11112,250,-1,-1,1,525,84.9,0,-1.0,0,0,0,639,359
2440,30075,30074702,11105,250,-1,-1,1,525,85.0,1,-1.0,0,0,0,639,359
2441,30087,30085815,11113,250,-1,-1,1,547,85.1,0,-1.0,0,0,0,639,359
2442,30098,30097001,11186,250,-1,-1,1,625,85.2,0,-1.0,0,0,0,639,359
2443,30109,30108033,11032,250,-1,-1,1,539,85.2,0,-1.0,0,0,0,639,359
2444,30120,30119140,11107,250,-1,-1,1,595,85.3,0,-1.0,0,0,0,639,359
2445,30131,30130247,11107,250,-1,-1,1,527,85.4,0,-1.0,0,0,0,639,359
2446,30142,30141359,11112,250,-1,-1,1,528,85.5,0,-1.0,0,0,0,639,359
2447,30153,30152468,11109,250,-1,-1,1,529,85.5,0,-1.0,0,0,0,639,359
2448,30164,30163576,11108,250,-1,-1,1,524,85.6,0,-1.0,0,0,0,639,359
2449,30175,30174691,11115,250,-1,-1,1,525,85.7,1,-1.0,0,0,0,639,359
2450,30187,30185798,11107,250,-1,-1,1,545,85.8,0,-1.0,0,0,0,639,359
2451,30198,30196973,11175,250,-1,-1,1,628,85.9,0,-1.0,0,0,0,639,359
2452,30209,30208013,11040,250,-1,-1,1,526,85.9,0,-1.0,0,0,0,639,359
2453,30220,30219125,11112,250,-1,-1,1,527,85.9,0,-1.0,0,0,0,639,359
2454,30231,30230235,11110,250,-1,-1,1,527,86.0,0,-1.0,0,0,0,639,359
2455,30242,30241343,11108,250,-1,-1,1,527,86.0,0,-1.0,0,0,0,639,359
2456,30253,30252454,11111,250,-1,-1,1,527,86.1,0,-1.0,0,0,0,639,359
2457,30264,30263560,11106,250,-1,-1,1,528,86.2,0,-1.0,0,0,0,639,359
2458,30275,30274666,11106,250,-1,-1,1,527,86.2,1,-1.0,0,0,0,639,359
2459,30287,30285785,11119,250,-1,-1,1,525,86.3,0,-1.0,0,0,0,639,359
2460,30298,30297013,11228,250,-1,-1,1,629,86.4,0,-1.0,0,0,0,639,359
2461,30309,30308000,10987,250,-1,-1,1,629,86.4,0,-1.0,0,0,0,639,359
2462,30320,30319109,11109,250,-1,-1,1,525,86.5,0,-1.0,0,0,0,639,359
2463,30331,30330218,11109,250,-1,-1,1,527,86.4,0,-1.0,0,0,0,639,359
2464,30342,30341325,11107,250,-1,-1,1,527,86.5,0,-1.0,0,0,0,639,359
2465,30353,30352429,11104,250,-1,-1,1,526,86.6,0,-1.0,0,0,0,639,359
2466,30364,30363549,11120,250,-1,-1,1,527,86.6,0,-1.0,0,0,0,639,359
2467,30375,30374651,11102,250,-1,-1,1,528,86.7,1,-1.0,0,0,0,639,359
2468,30387,30385766,11115,250,-1,-1,1,547,86.7,0,-1.0,0,0,0,639,359
2469,30398,30396930,11164,250,-1,-1,1,630,86.8,0,-1.0,0,0,0,639,359
2470,30409,30407985,11055,250,-1,-1,1,630,86.8,0,-1.0,0,0,0,639,359
2471,30420,30419095,11110,250,-1,-1,1,527,86.9,0,-1.0,0,0,0,639,359
2472,30431,30430195,11100,250,-1,-1,1,525,86.8,0,-1.0,0,0,0,639,359
2473,30442,30441312,11117,250,-1,-1,1,525,86.9,0,-1.0,0,0,0,639,359
2474,30453,30452414,11102,250,-1,-1,1,525,86.9,0,-1.0,0,0,0,639,359
2475,30464,30463527,11113,250,-1,-1,1,525,87.0,0,-1.0,0,0,0,639,359
2476,30475,30474636,11109,250,-1,-1,1,527,87.0,1,-1.0,0,0,0,639,359
2477,30522,30519066,44430,250,-1,-1,1,525,21.7,0,-1.0,0,0,0,639,359
2478,30531,30530185,11119,250,-1,-1,1,526,36.4,0,-1.0,0,0,0,639,359
2479,30542,30541287,11102,250,-1,-1,1,528,45.5,0,-1.0,0,0,0,639,359
2480,30553,30552397,11110,250,-1,-1,1,526,51.9,0,-1.0,0,0,0,639,359
2481,30564,30563508,11111,250,-1,-1,1,524,56.8,0,-1.0,0,0,0,639,359
2482,30575,30574617,11109,250,-1,-1,1,525,60.6,0,-1.0,0,0,0,639,359
2483,30587,30585727,11110,250,-1,-1,1,526,63.6,0,-1.0,0,0,0,639,359
2484,30598,30596834,11107,250,-1,-1,1,525,66.1,0,-1.0,0,0,0,639,359
2485,30609,30607941,11107,250,-1,-1,1,528,68.2,1,-1.0,0,0,0,639,359
2486,30620,30619061,11120,250,-1,-1,1,543,69.9,0,-1.0,0,0,0,639,359
2487,30631,30630206,11145,250,-1,-1,1,629,71.0,0,-1.0,0,0,0,639,359
2488,30642,30641273,11067,250,-1,-1,1,627,72.3,0,-1.0,0,0,0,639,359
2489,30653,30652382,11109,250,-1,-1,1,528,73.4,0,-1.0,0,0,0,639,359
2490,30664,30663491,11109,250,-1,-1,1,525,74.5,0,-1.0,0,0,0,639,359
2491,30675,30674596,11105,250,-1,-1,1,527,75.4,0,-1.0,0,0,0,639,359
2492,30687,30685709,11113,250,-1,-1,1,526,76.2,0,-1.0,0,0,0,639,359
2493,30698,30696817,11108,250,-1,-1,1,525,76.9,0,-1.0,0,0,0,639,359
2494,30709,30707934,11117,250,-1,-1,1,525,77.6,1,-1.0,0,0,0,639,359
2495,30720,30719042,11108,250,-1,-1,1,544,77.9,0,-1.0,0,0,0,639,359
2496,30731,30730277,11235,250,-1,-1,1,628,78.4,0,-1.0,0,0,0,639,359
2497,30742,30741256,10979,250,-1,-1,1,624,78.9,0,-1.0,0,0,0,639,359
2498,30753,30752367,11111,250,-1,-1,1,529,79.4,0,-1.0,0,0,0,639,359
2499,30764,30763472,11105,250,-1,-1,1,527,79.9,0,-1.0,0,0,0,639,359
2500,30775,30774586,11114,250,-1,-1,1,526,80.3,0,-1.0,0,0,0,639,359
2501,30786,30785694,11108,250,-1,-1,1,527,80.6,0,-1.0,0,0,0,639,359
2502,30798,30796799,11105,250,-1,-1,1,528,81.0,0,-1.0,0,0,0,639,359
2503,30809,30807907,11108,250,-1,-1,1,526,81.3,1,-1.0,0,0,0,639,359
2504,30820,30819029,11122,250,-1,-1,1,546,81.6,0,-1.0,0,0,0,639,359
2505,30831,30830162,11133,250,-1,-1,1,633,81.7,0,-1.0,0,0,0,639,359
2506,30842,30841246,11084,250,-1,-1,1,627,82.0,0,-1.0,0,0,0,639,359
2507,30853,30852440,11194,250,-1,-1,1,527,82.2,0,-1.0,0,0,0,639,359
2508,30864,30863457,11017,250,-1,-1,1,525,82.5,0,-1.0,0,0,0,639,359
2509,30875,30874563,11106,250,-1,-1,1,526,82.7,0,-1.0,0,0,0,639,359
2510,30886,30885675,11112,250,-1,-1,1,526,82.9,0,-1.0,0,0,0,639,359
2511,30898,30896783,11108,250,-1,-1,1,527,83.1,0,-1.0,0,0,0,639,359
2512,30909,30907897,11114,250,-1,-1,1,527,83.3,1,-1.0,0,0,0,639,359
2513,30920,30919006,11109,250,-1,-1,1,529,83.5,0,-1.0,0,0,0,639,359
2514,30931,30930112,11106,250,-1,-1,1,631,83.5,0,-1.0,0,0,0,639,359
2515,30942,30941222,11110,250,-1,-1,1,630,83.7,0,-1.0,0,0,0,639,359
2516,30953,30952332,11110,250,-1,-1,1,527,83.9,0,-1.0,0,0,0,639,359
2517,30964,30963439,11107,250,-1,-1,1,526,84.0,0,-1.0,0,0,0,639,359
2518,30975,30974547,11108,250,-1,-1,1,527,84.2,0,-1.0,0,0,0,639,359
2519,30987,30985658,11111,250,-1,-1,1,526,84.3,0,-1.0,0,0,0,639,359
2520,31047,30996772,11114,250,-1,-1,1,667,77.1,0,-1.0,0,0,0,639,359
2521,31048,31041189,44417,250,-1,-1,1,602,78.7,1,-1.0,0,0,0,639,359
2522,31053,31052325,11136,250,-1,-1,1,584,79.7,0,-1.0,0,0,0,639,359
2523,31064,31063423,11098,250,-1,-1,1,527,79.9,0,-1.0,0,0,0,639,359
2524,31075,31074528,11105,250,-1,-1,1,526,80.1,0,-1.0,0,0,0,639,359
2525,31086,31085648,11120,250,-1,-1,1,630,80.3,0,-1.0,0,0,0,639,359
2526,31098,31096753,11105,250,-1,-1,1,533,80.5,0,-1.0,0,0,0,639,359
2527,31109,31107866,11113,250,-1,-1,1,630,80.7,0,-1.0,0,0,0,639,359
2528,31120,31118967,11101,250,-1,-1,1,526,80.9,0,-1.0,0,0,0,639,359
2529,31131,31130080,11113,250,-1,-1,1,541,81.0,0,-1.0,0,0,0,639,359
2530,31142,31141189,11109,250,-1,-1,1,525,81.1,1,-1.0,0,0,0,639,359
2531,31153,31152305,11116,250,-1,-1,1,547,81.2,0,-1.0,0,0,0,639,359
2532,31164,31163404,11099,250,-1,-1,1,633,81.4,0,-1.0,0,0,0,639,359
2533,31175,31174517,11113,250,-1,-1,1,631,81.5,0,-1.0,0,0,0,639,359
2534,31187,31185628,11111,250,-1,-1,1,528,81.7,0,-1.0,0,0,0,639,359
2535,31198,31196736,11108,250,-1,-1,1,526,81.8,0,-1.0,0,0,0,639,359
2536,31209,31207842,11106,250,-1,-1,1,528,82.0,0,-1.0,0,0,0,639,359
2537,31220,31218954,11112,250,-1,-1,1,527,82.1,0,-1.0,0,0,0,639,359
2538,31231,31230059,11105,250,-1,-1,1,525,82.2,0,-1.0,0,0,0,639,359
2539,31242,31241170,11111,250,-1,-1,1,526,82.4,1,-1.0,0,0,0,639,359
2540,31253,31252284,11114,250,-1,-1,1,546,82.4,0,-1.0,0,0,0,639,359
2541,31264,31263396,11112,250,-1,-1,1,631,82.5,0,-1.0,0,0,0,639,359
2542,31275,31274498,11102,250,-1,-1,1,527,82.6,0,-1.0,0,0,0,639,359
2543,31286,31285610,11112,250,-1,-1,1,528,82.7,0,-1.0,0,0,0,639,359
2544,31298,31296716,11106,250,-1,-1,1,527,82.8,0,-1.0,0,0,0,639,359
2545,31309,31307824,11108,250,-1,-1,1,526,82.9,0,-1.0,0,0,0,639,359
2546,31320,31318934,11110,250,-1,-1,1,529,83.0,0,-1.0,0,0,0,639,359
2547,31331,31330044,11110,250,-1,-1,1,527,83.1,0,-1.0,0,0,0,639,359
2548,31342,31341150,11106,250,-1,-1,1,527,83.2,1,-1.0,0,0,0,639,359
2549,31353,31352262,11112,250,-1,-1,1,544,83.2,0,-1.0,0,0,0,639,359
2550,31364,31363372,11110,250,-1,-1,1,632,83.3,0,-1.0,0,0,0,639,359
2551,31375,31374484,11112,250,-1,-1,1,634,83.4,0,-1.0,0,0,0,639,359
2552,31386,31385593,11109,250,-1,-1,1,607,83.5,0,-1.0,0,0,0,639,359
2553,31397,31396702,11109,250,-1,-1,1,528,83.6,0,-1.0,0,0,0,639,359
2554,31409,31407807,11105,250,-1,-1,1,536,83.7,0,-1.0,0,0,0,639,359
2555,31420,31418924,11117,250,-1,-1,1,587,83.8,0,-1.0,0,0,0,639,359
2556,31431,31430029,11105,250,-1,-1,1,529,83.9,0,-1.0,0,0,0,639,359
2557,31442,31441135,11106,250,-1,-1,1,528,83.9,1,-1.0,0,0,0,639,359
2558,31453,31452242,11107,250,-1,-1,1,543,83.9,0,-1.0,0,0,0,639,359
2559,31464,31463358,11116,250,-1,-1,1,630,84.0,0,-1.0,0,0,0,639,359
2560,31475,31474617,11259,250,-1,-1,1,634,84.1,0,-1.0,0,0,0,639,359
2561,31486,31485579,10962,250,-1,-1,1,526,84.2,0,-1.0,0,0,0,639,359
2562,31498,31496684,11105,250,-1,-1,1,526,90.9,0,-1.0,0,0,0,639,359
2563,31509,31507795,11111,250,-1,-1,1,525,90.9,0,-1.0,0,0,0,639,359
2564,31520,31518900,11105,250,-1,-1,1,527,90.9,0,-1.0,0,0,0,639,359
2565,31531,31530011,11111,250,-1,-1,1,526,90.9,0,-1.0,0,0,0,639,359
2566,31542,31541118,11107,250,-1,-1,1,528,89.3,1,-1.0,0,0,0,639,359
2567,31553,31552231,11113,250,-1,-1,1,532,89.6,0,-1.0,0,0,0,639,359
2568,31564,31563391,11160,250,-1,-1,1,630,89.7,0,-1.0,0,0,0,639,359
2569,31575,31574591,11200,250,-1,-1,1,632,89.9,0,-1.0,0,0,0,639,359
2570,31586,31585558,10967,250,-1,-1,1,523,90.0,0,-1.0,0,0,0,639,359
2571,31597,31596664,11106,250,-1,-1,1,524,90.1,0,-1.0,0,0,0,639,359
2572,31609,31607774,11110,250,-1,-1,1,525,90.2,0,-1.0,0,0,0,639,359
2573,31620,31618887,11113,250,-1,-1,1,525,90.2,0,-1.0,0,0,0,639,359
2574,31631,31629992,11105,250,-1,-1,1,524,90.3,0,-1.0,0,0,0,639,359
2575,31642,31641106,11114,250,-1,-1,1,525,90.3,1,-1.0,0,0,0,639,359
2576,31653,31652214,11108,250,-1,-1,1,547,89.8,0,-1.0,0,0,0,639,359
2577,31664,31663365,11151,250,-1,-1,1,628,89.9,0,-1.0,0,0,0,639,359
2578,31675,31674434,11069,250,-1,-1,1,633,89.9,0,-1.0,0,0,0,639,359
2579,31686,31685543,11109,250,-1,-1,1,526,90.0,0,-1.0,0,0,0,639,359
2580,31697,31696648,11105,250,-1,-1,1,528,90.0,0,-1.0,0,0,0,639,359
2581,31709,31707757,11109,250,-1,-1,1,526,90.1,0,-1.0,0,0,0,639,359
2582,31720,31718865,11108,250,-1,-1,1,525,90.1,0,-1.0,0,0,0,639,359
2583,31731,31729975,11110,250,-1,-1,1,525,90.2,0,-1.0,0,0,0,639,359
2584,31742,31741085,11110,250,-1,-1,1,526,90.2,1,-1.0,0,0,0,639,359
2585,31753,31752198,11113,250,-1,-1,1,545,89.9,0,-1.0,0,0,0,639,359
2586,31764,31763404,11206,250,-1,-1,1,633,89.9,0,-1.0,0,0,0,639,359
2587,31775,31774457,11053,250,-1,-1,1,629,90.0,0,-1.0,0,0,0,639,359
2588,31786,31785529,11072,250,-1,-1,1,524,90.0,0,-1.0,0,0,0,639,359
2589,31797,31796629,11100,250,-1,-1,1,527,90.0,0,-1.0,0,0,0,639,359
2590,31809,31807740,11111,250,-1,-1,1,527,90.1,0,-1.0,0,0,0,639,359
2591,31820,31818847,11107,250,-1,-1,1,526,90.1,0,-1.0,0,0,0,639,359
2592,31831,31829956,11109,250,-1,-1,1,527,90.1,0,-1.0,0,0,0,639,359
2593,31842,31841065,11109,250,-1,-1,1,527,90.1,1,-1.0,0,0,0,639,359
2594,31853,31852178,11113,250,-1,-1,1,547,89.9,0,-1.0,0,0,0,639,359
2595,31864,31863287,11109,250,-1,-1,1,632,89.9,0,-1.0,0,0,0,639,359
2596,31875,31874400,11113,250,-1,-1,1,525,90.0,0,-1.0,0,0,0,639,359
2597,31886,31885510,11110,250,-1,-1,1,525,90.0,0,-1.0,0,0,0,639,359
2598,31898,31896612,11102,250,-1,-1,1,527,90.0,0,-1.0,0,0,0,639,359
2599,31909,31907723,11111,250,-1,-1,1,527,90.0,0,-1.0,0,0,0,639,359
2600,31920,31918829,11106,250,-1,-1,1,526,90.1,0,-1.0,0,0,0,639,359
2601,31931,31929942,11113,250,-1,-1,1,526,90.1,0,-1.0,0,0,0,639,359
2602,31942,31941047,11105,250,-1,-1,1,527,90.1,1,-1.0,0,0,0,639,359
2603,31953,31952168,11121,250,-1,-1,1,529,89.9,0,-1.0,0,0,0,639,359
2604,31964,31963270,11102,250,-1,-1,1,629,90.0,0,-1.0,0,0,0,639,359
2605,31975,31974387,11117,250,-1,-1,1,633,90.0,0,-1.0,0,0,0,639,359
2606,31986,31985487,11100,250,-1,-1,1,524,90.0,0,-1.0,0,0,0,639,359
2607,31997,31996598,11111,250,-1,-1,1,525,90.0,0,-1.0,0,0,0,639,359
2608,32008,32007704,11106,250,-1,-1,1,526,90.0,0,-1.0,0,0,0,639,359
2609,32020,32018815,11111,250,-1,-1,1,527,90.1,0,-1.0,0,0,0,639,359
2610,32080,32029923,11108,250,-1,-1,1,610,82.5,0,-1.0,0,0,0,639,359
2611,32081,32074340,44417,250,-1,-1,1,599,84.0,1,-1.0,0,0,0,639,359
2612,32086,32085484,11144,250,-1,-1,1,595,85.0,0,-1.0,0,0,0,639,359
2613,32097,32096580,11096,250,-1,-1,1,535,85.1,0,-1.0,0,0,0,639,359
2614,32108,32107693,11113,250,-1,-1,1,526,85.2,0,-1.0,0,0,0,639,359
2615,32120,32118941,11248,250,-1,-1,1,549,85.2,0,-1.0,0,0,0,639,359
2616,32131,32129912,10971,250,-1,-1,1,625,85.4,0,-1.0,0,0,0,639,359
2617,32142,32141021,11109,250,-1,-1,1,545,85.5,0,-1.0,0,0,0,639,359
2618,32153,32152129,11108,250,-1,-1,1,524,85.5,0,-1.0,0,0,0,639,359
2619,32164,32163235,11106,250,-1,-1,1,607,85.5,0,-1.0,0,0,0,639,359
2620,32175,32174344,11109,250,-1,-1,1,526,85.6,1,-1.0,0,0,0,639,359
2621,32186,32185456,11112,250,-1,-1,1,533,85.7,0,-1.0,0,0,0,639,359
2622,32197,32196643,11187,250,-1,-1,1,631,85.8,0,-1.0,0,0,0,639,359
2623,32209,32207811,11168,250,-1,-1,1,630,85.9,0,-1.0,0,0,0,639,359
2624,32220,32218781,10970,250,-1,-1,1,526,85.9,0,-1.0,0,0,0,639,359
2625,32231,32229888,11107,250,-1,-1,1,526,86.0,0,-1.0,0,0,0,639,359
2626,32242,32240998,11110,250,-1,-1,1,526,86.1,0,-1.0,0,0,0,639,359
2627,32253,32252106,11108,250,-1,-1,1,525,86.0,0,-1.0,0,0,0,639,359
2628,32264,32263217,11111,250,-1,-1,1,524,86.1,0,-1.0,0,0,0,639,359
2629,32275,32274327,11110,250,-1,-1,1,527,86.2,1,-1.0,0,0,0,639,359
2630,32286,32285443,11116,250,-1,-1,1,546,86.2,0,-1.0,0,0,0,639,359
2631,32297,32296544,11101,250,-1,-1,1,629,86.3,0,-1.0,0,0,0,639,359
2632,32308,32307660,11116,250,-1,-1,1,528,86.4,0,-1.0,0,0,0,639,359
2633,32320,32318767,11107,250,-1,-1,1,526,86.4,0,-1.0,0,0,0,639,359
2634,32331,32329873,11106,250,-1,-1,1,528,86.5,0,-1.0,0,0,0,639,359
2635,32342,32340979,11106,250,-1,-1,1,529,86.5,0,-1.0,0,0,0,639,359
2636,32353,32352089,11110,250,-1,-1,1,526,86.6,0,-1.0,0,0,0,639,359
2637,32364,32363199,11110,250,-1,-1,1,529,86.6,0,-1.0,0,0,0,639,359
2638,32375,32374308,11109,250,-1,-1,1,524,86.6,1,-1.0,0,0,0,639,359
2639,32386,32385423,11115,250,-1,-1,1,546,86.7,0,-1.0,0,0,0,639,359
2640,32397,32396530,11107,250,-1,-1,1,633,86.7,0,-1.0,0,0,0,639,359
2641,32409,32407636,11106,250,-1,-1,1,629,86.8,0,-1.0,0,0,0,639,359
2642,32420,32418810,11174,250,-1,-1,1,528,86.8,0,-1.0,0,0,0,639,359
2643,32431,32429852,11042,250,-1,-1,1,527,86.9,0,-1.0,0,0,0,639,359
2644,32442,32440964,11112,250,-1,-1,1,526,86.9,0,-1.0,0,0,0,639,359
2645,32453,32452071,11107,250,-1,-1,1,527,87.0,0,-1.0,0,0,0,639,359
2646,32464,32463181,11110,250,-1,-1,1,526,86.9,0,-1.0,0,0,0,639,359
2647,32475,32474291,11110,250,-1,-1,1,527,87.0,1,-1.0,0,0,0,639,359
2648,32486,32485407,11116,250,-1,-1,1,545,87.0,0,-1.0,0,0,0,639,359
2649,32528,32518728,33321,250,-1,-1,1,671,23.8,0,-1.0,0,0,0,639,359
2650,32531,32529830,11102,250,-1,-1,1,524,45.5,0,-1.0,0,0,0,639,359
2651,32542,32540950,11120,250,-1,-1,1,526,54.5,0,-1.0,0,0,0,639,359
2652,32553,32552057,11107,250,-1,-1,1,525,60.6,0,-1.0,0,0,0,639,359
2653,32564,32563162,11105,250,-1,-1,1,528,64.1,0,-1.0,0,0,0,639,359
2654,32575,32574279,11117,250,-1,-1,1,527,67.4,0,-1.0,0,0,0,639,359
2655,32586,32585385,11106,250,-1,-1,1,526,70.0,0,-1.0,0,0,0,639,359
2656,32597,32596494,11109,250,-1,-1,1,528,72.1,1,-1.0,0,0,0,639,359
2657,32609,32607608,11114,250,-1,-1,1,545,73.8,0,-1.0,0,0,0,639,359
2658,32620,32618716,11108,250,-1,-1,1,628,75.2,0,-1.0,0,0,0,639,359
2659,32631,32629818,11102,250,-1,-1,1,632,76.4,0,-1.0,0,0,0,639,359
2660,32642,32640936,11118,250,-1,-1,1,523,77.4,0,-1.0,0,0,0,639,359
2661,32653,32652036,11100,250,-1,-1,1,525,78.3,0,-1.0,0,0,0,639,359
2662,32664,32663151,11115,250,-1,-1,1,524,79.1,0,-1.0,0,0,0,639,359
2663,32675,32674258,11107,250,-1,-1,1,525,79.4,0,-1.0,0,0,0,639,359
2664,32686,32685370,11112,250,-1,-1,1,528,80.0,0,-1.0,0,0,0,639,359
2665,32697,32696474,11104,250,-1,-1,1,526,80.6,1,-1.0,0,0,0,639,359
2666,32708,32707591,11117,250,-1,-1,1,536,81.1,0,-1.0,0,0,0,639,359
2667,32720,32718693,11102,250,-1,-1,1,630,81.5,0,-1.0,0,0,0,639,359
2668,32731,32729809,11116,250,-1,-1,1,527,82.0,0,-1.0,0,0,0,639,359
2669,32742,32740913,11104,250,-1,-1,1,527,82.4,0,-1.0,0,0,0,639,359
2670,32753,32752023,11110,250,-1,-1,1,524,82.7,0,-1.0,0,0,0,639,359
2671,32764,32763133,11110,250,-1,-1,1,525,83.0,0,-1.0,0,0,0,639,359
2672,32775,32774245,11112,250,-1,-1,1,525,83.0,0,-1.0,0,0,0,639,359
2673,32786,32785351,11106,250,-1,-1,1,527,83.3,0,-1.0,0,0,0,639,359
2674,32797,32796456,11105,250,-1,-1,1,527,83.6,1,-1.0,0,0,0,639,359
2675,32808,32807595,11139,250,-1,-1,1,545,83.9,0,-1.0,0,0,0,639,359
2676,32820,32818683,11088,250,-1,-1,1,633,84.1,0,-1.0,0,0,0,639,359
2677,32831,32829789,11106,250,-1,-1,1,633,84.3,0,-1.0,0,0,0,639,359
2678,32842,32841002,11213,250,-1,-1,1,526,84.5,0,-1.0,0,0,0,639,359
2679,32853,32852007,11005,250,-1,-1,1,528,84.7,0,-1.0,0,0,0,639,359
2680,32864,32863112,11105,250,-1,-1,1,528,84.9,0,-1.0,0,0,0,639,359
2681,32875,32874222,11110,250,-1,-1,1,525,84.8,0,-1.0,0,0,0,639,359
2682,32886,32885335,11113,250,-1,-1,1,528,85.0,0,-1.0,0,0,0,639,359
2683,32897,32896441,11106,250,-1,-1,1,528,85.2,1,-1.0,0,0,0,639,359
2684,32908,32907557,11116,250,-1,-1,1,548,85.3,0,-1.0,0,0,0,639,359
2685,32920,32918667,11110,250,-1,-1,1,636,85.5,0,-1.0,0,0,0,639,359
2686,32931,32929773,11106,250,-1,-1,1,525,85.6,0,-1.0,0,0,0,639,359
2687,32942,32940881,11108,250,-1,-1,1,528,85.7,0,-1.0,0,0,0,639,359
2688,32953,32951987,11106,250,-1,-1,1,529,85.8,0,-1.0,0,0,0,639,359
2689,32964,32963096,11109,250,-1,-1,1,524,85.8,0,-1.0,0,0,0,639,359
2690,32975,32974207,11111,250,-1,-1,1,527,85.9,0,-1.0,0,0,0,639,359
2691,32986,32985313,11106,250,-1,-1,1,527,86.0,0,-1.0,0,0,0,639,359
2692,32997,32996426,11113,250,-1,-1,1,529,86.1,1,-1.0,0,0,0,639,359
2693,33008,33007536,11110,250,-1,-1,1,546,86.2,0,-1.0,0,0,0,639,359
2694,33020,33018644,11108,250,-1,-1,1,629,86.3,0,-1.0,0,0,0,639,359
2695,33031,33029755,11111,250,-1,-1,1,632,86.4,0,-1.0,0,0,0,639,359
2696,33042,33040955,11200,250,-1,-1,1,525,86.5,0,-1.0,0,0,0,639,359
2697,33053,33051968,11013,250,-1,-1,1,525,86.6,0,-1.0,0,0,0,639,359
2698,33064,33063083,11115,250,-1,-1,1,526,86.7,0,-1.0,0,0,0,639,359
2699,33075,33074187,11104,250,-1,-1,1,529,86.6,0,-1.0,0,0,0,639,359
2700,33138,33085300,11113,250,-1,-1,1,741,79.9,0,-1.0,0,0,0,639,359
2701,33139,33129720,44420,250,-1,-1,1,603,81.3,1,-1.0,0,0,0,639,359
2702,33142,33140842,11122,250,-1,-1,1,631,82.4,0,-1.0,0,0,0,639,359
2703,33153,33151961,11119,250,-1,-1,1,544,82.6,0,-1.0,0,0,0,639,359
2704,33164,33163064,11103,250,-1,-1,1,525,82.7,0,-1.0,0,0,0,639,359
2705,33175,33174198,11134,250,-1,-1,1,601,82.7,0,-1.0,0,0,0,639,359
2706,33186,33185285,11087,250,-1,-1,1,544,82.9,0,-1.0,0,0,0,639,359
2707,33197,33196394,11109,250,-1,-1,1,633,83.0,0,-1.0,0,0,0,639,359
2708,33208,33207498,11104,250,-1,-1,1,526,83.1,0,-1.0,0,0,0,639,359
2709,33220,33218610,11112,250,-1,-1,1,525,83.2,0,-1.0,0,0,0,639,359
2710,33231,33229717,11107,250,-1,-1,1,526,83.3,1,-1.0,0,0,0,639,359
2711,33242,33240831,11114,250,-1,-1,1,533,83.4,0,-1.0,0,0,0,639,359
2712,33253,33251938,11107,250,-1,-1,1,629,83.6,0,-1.0,0,0,0,639,359
2713,33264,33263051,11113,250,-1,-1,1,634,83.5,0,-1.0,0,0,0,639,359
2714,33275,33274155,11104,250,-1,-1,1,525,83.7,0,-1.0,0,0,0,639,359
2715,33286,33285267,11112,250,-1,-1,1,526,83.8,0,-1.0,0,0,0,639,359
2716,33297,33296373,11106,250,-1,-1,1,523,83.8,0,-1.0,0,0,0,639,359
2717,33308,33307485,11112,250,-1,-1,1,525,83.9,0,-1.0,0,0,0,639,359
2718,33320,33318591,11106,250,-1,-1,1,526,84.0,0,-1.0,0,0,0,639,359
2719,33331,33329705,11114,250,-1,-1,1,525,84.1,1,-1.0,0,0,0,639,359
2720,33342,33340814,11109,250,-1,-1,1,549,84.2,0,-1.0,0,0,0,639,359
2721,33353,33351925,11111,250,-1,-1,1,628,84.3,0,-1.0,0,0,0,639,359
2722,33364,33363033,11108,250,-1,-1,1,634,84.3,0,-1.0,0,0,0,639,359
2723,33375,33374303,11270,250,-1,-1,1,527,84.4,0,-1.0,0,0,0,639,359
2724,33386,33385245,10942,250,-1,-1,1,525,84.4,0,-1.0,0,0,0,639,359
2725,33397,33396356,11111,250,-1,-1,1,526,84.5,0,-1.0,0,0,0,639,359
2726,33408,33407460,11104,250,-1,-1,1,527,84.6,0,-1.0,0,0,0,639,359
2727,33419,33418575,11115,250,-1,-1,1,525,84.7,0,-1.0,0,0,0,639,359
2728,33430,33429681,11106,250,-1,-1,1,528,84.7,1,-1.0,0,0,0,639,359
2729,33442,33440797,11116,250,-1,-1,1,547,84.8,0,-1.0,0,0,0,639,359
2730,33453,33451903,11106,250,-1,-1,1,634,84.8,0,-1.0,0,0,0,639,359
2731,33464,33463016,11113,250,-1,-1,1,524,85.0,0,-1.0,0,0,0,639,359
2732,33475,33474118,11102,250,-1,-1,1,524,85.0,0,-1.0,0,0,0,639,359
2733,33486,33485232,11114,250,-1,-1,1,528,85.0,0,-1.0,0,0,0,639,359
2734,33501,33496342,11110,250,-1,-1,1,524,66.7,0,-1.0,0,0,0,639,359
2735,33508,33507449,11107,250,-1,-1,1,528,90.9,0,-1.0,0,0,0,639,359
2736,33519,33518553,11104,250,-1,-1,1,527,90.9,0,-1.0,0,0,0,639,359
2737,33530,33529663,11110,250,-1,-1,1,526,90.9,1,-1.0,0,0,0,639,359
2738,33542,33540777,11114,250,-1,-1,1,547,90.9,0,-1.0,0,0,0,639,359
2739,33553,33551884,11107,250,-1,-1,1,627,90.9,0,-1.0,0,0,0,639,359
2740,33564,33562995,11111,250,-1,-1,1,526,90.9,0,-1.0,0,0,0,639,359
2741,33575,33574111,11116,250,-1,-1,1,526,89.9,0,-1.0,0,0,0,639,359
2742,33586,33585213,11102,250,-1,-1,1,528,90.0,0,-1.0,0,0,0,639,359
2743,33597,33596323,11110,250,-1,-1,1,526,90.1,0,-1.0,0,0,0,639,359
2744,33608,33607432,11109,250,-1,-1,1,527,90.2,0,-1.0,0,0,0,639,359
2745,33619,33618543,11111,250,-1,-1,1,528,90.2,0,-1.0,0,0,0,639,359
2746,33631,33629651,11108,250,-1,-1,1,526,90.3,1,-1.0,0,0,0,639,359
2747,33642,33640766,11115,250,-1,-1,1,529,90.3,0,-1.0,0,0,0,639,359
2748,33653,33651869,11103,250,-1,-1,1,630,90.4,0,-1.0,0,0,0,639,359
2749,33664,33662980,11111,250,-1,-1,1,633,90.4,0,-1.0,0,0,0,639,359
2750,33675,33674087,11107,250,-1,-1,1,592,89.9,0,-1.0,0,0,0,639,359
2751,33686,33685196,11109,250,-1,-1,1,525,90.0,0,-1.0,0,0,0,639,359
2752,33697,33696303,11107,250,-1,-1,1,525,90.0,0,-1.0,0,0,0,639,359
2753,33708,33707413,11110,250,-1,-1,1,523,90.1,0,-1.0,0,0,0,639,359
2754,33719,33718522,11109,250,-1,-1,1,526,90.1,0,-1.0,0,0,0,639,359
2755,33730,33729632,11110,250,-1,-1,1,527,90.2,1,-1.0,0,0,0,639,359
2756,33742,33740743,11111,250,-1,-1,1,536,90.2,0,-1.0,0,0,0,639,359
2757,33753,33751854,11111,250,-1,-1,1,629,90.2,0,-1.0,0,0,0,639,359
2758,33764,33762960,11106,250,-1,-1,1,523,90.3,0,-1.0,0,0,0,639,359
2759,33775,33774069,11109,250,-1,-1,1,593,90.0,0,-1.0,0,0,0,639,359
2760,33786,33785175,11106,250,-1,-1,1,527,90.0,0,-1.0,0,0,0,639,359
2761,33797,33796290,11115,250,-1,-1,1,529,90.0,0,-1.0,0,0,0,639,359
2762,33808,33807395,11105,250,-1,-1,1,525,90.1,0,-1.0,0,0,0,639,359
2763,33819,33818507,11112,250,-1,-1,1,525,90.1,0,-1.0,0,0,0,639,359
2764,33830,33829611,11104,250,-1,-1,1,525,90.1,1,-1.0,0,0,0,639,359
2765,33842,33840729,11118,250,-1,-1,1,547,90.1,0,-1.0,0,0,0,639,359
2766,33853,33851838,11109,250,-1,-1,1,631,90.2,0,-1.0,0,0,0,639,359
2767,33864,33862947,11109,250,-1,-1,1,528,90.2,0,-1.0,0,0,0,639,359
2768,33875,33874056,11109,250,-1,-1,1,525,90.0,0,-1.0,0,0,0,639,359
2769,33886,33885161,11105,250,-1,-1,1,526,90.2,0,-1.0,0,0,0,639,359
2770,33897,33896269,11108,250,-1,-1,1,528,90.0,0,-1.0,0,0,0,639,359
2771,33908,33907377,11108,250,-1,-1,1,527,90.0,0,-1.0,0,0,0,639,359
2772,33919,33918487,11110,250,-1,-1,1,525,90.1,0,-1.0,0,0,0,639,359
2773,33930,33929601,11114,250,-1,-1,1,524,90.1,1,-1.0,0,0,0,639,359
2774,33942,33940715,11114,250,-1,-1,1,546,90.1,0,-1.0,0,0,0,639,359
2775,33953,33951820,11105,250,-1,-1,1,605,90.1,0,-1.0,0,0,0,639,359
2776,33964,33962927,11107,250,-1,-1,1,526,90.1,0,-1.0,0,0,0,639,359
2777,33975,33974033,11106,250,-1,-1,1,527,90.2,0,-1.0,0,0,0,639,359
2778,33986,33985141,11108,250,-1,-1,1,526,90.0,0,-1.0,0,0,0,639,359
2779,33997,33996253,11112,250,-1,-1,1,527,90.0,0,-1.0,0,0,0,639,359
2780,34008,34007361,11108,250,-1,-1,1,526,90.0,0,-1.0,0,0,0,639,359
2781,34019,34018471,11110,250,-1,-1,1,526,90.1,0,-1.0,0,0,0,639,359
2782,34030,34029579,11108,250,-1,-1,1,525,90.1,1,-1.0,0,0,0,639,359
2783,34042,34040695,11116,250,-1,-1,1,547,90.1,0,-1.0,0,0,0,639,359
2784,34053,34051804,11109,250,-1,-1,1,631,90.1,0,-1.0,0,0,0,639,359
2785,34064,34062911,11107,250,-1,-1,1,527,90.0,0,-1.0,0,0,0,639,359
2786,34075,34074020,11109,250,-1,-1,1,526,90.0,0,-1.0,0,0,0,639,359
2787,34086,34085134,11114,250,-1,-1,1,526,90.2,0,-1.0,0,0,0,639,359
2788,34097,34096234,11100,250,-1,-1,1,526,90.0,0,-1.0,0,0,0,639,359
2789,34108,34107347,11113,250,-1,-1,1,529,90.0,0,-1.0,0,0,0,639,359
2790,34203,34118453,11106,250,-1,-1,1,1103,79.4,0,-1.0,0,0,0,639,359
2791,34205,34196203,77750,250,-1,-1,1,524,80.8,1,-1.0,0,0,0,639,359
2792,34208,34207320,11117,250,-1,-1,1,525,81.7,0,-1.0,0,0,0,639,359
2793,34220,34218444,11124,250,-1,-1,1,609,81.7,0,-1.0,0,0,0,639,359
2794,34230,34229552,11108,250,-1,-1,1,546,82.0,0,-1.0,0,0,0,639,359
2795,34241,34240660,11108,250,-1,-1,1,630,82.1,0,-1.0,0,0,0,639,359
2796,34253,34251764,11104,250,-1,-1,1,631,82.2,0,-1.0,0,0,0,639,359
2797,34264,34262874,11110,250,-1,-1,1,527,82.4,0,-1.0,0,0,0,639,359
2798,34275,34273979,11105,250,-1,-1,1,528,82.5,0,-1.0,0,0,0,639,359
2799,34286,34285094,11115,250,-1,-1,1,526,82.6,0,-1.0,0,0,0,639,359
2800,34297,34296201,11107,250,-1,-1,1,526,82.6,1,-1.0,0,0,0,639,359
2801,34308,34307319,11118,250,-1,-1,1,545,82.7,0,-1.0,0,0,0,639,359
2802,34319,34318421,11102,250,-1,-1,1,634,82.8,0,-1.0,0,0,0,639,359
2803,34330,34329535,11114,250,-1,-1,1,631,82.9,0,-1.0,0,0,0,639,359
2804,34342,34340640,11105,250,-1,-1,1,526,83.0,0,-1.0,0,0,0,639,359
2805,34353,34351749,11109,250,-1,-1,1,528,83.1,0,-1.0,0,0,0,639,359
2806,34364,34362857,11108,250,-1,-1,1,528,83.2,0,-1.0,0,0,0,639,359
2807,34375,34373969,11112,250,-1,-1,1,527,83.3,0,-1.0,0,0,0,639,359
2808,34386,34385076,11107,250,-1,-1,1,529,83.3,0,-1.0,0,0,0,639,359
2809,34397,34396186,11110,250,-1,-1,1,529,83.4,1,-1.0,0,0,0,639,359
2810,34408,34407297,11111,250,-1,-1,1,528,83.5,0,-1.0,0,0,0,639,359
2811,34419,34418407,11110,250,-1,-1,1,604,83.6,0,-1.0,0,0,0,639,359
2812,34430,34429517,11110,250,-1,-1,1,526,83.7,0,-1.0,0,0,0,639,359
2813,34441,34440621,11104,250,-1,-1,1,594,83.8,0,-1.0,0,0,0,639,359
2814,34453,34451732,11111,250,-1,-1,1,525,83.9,0,-1.0,0,0,0,639,359
2815,34464,34462842,11110,250,-1,-1,1,525,83.9,0,-1.0,0,0,0,639,359
2816,34475,34473949,11107,250,-1,-1,1,527,84.0,0,-1.0,0,0,0,639,359
2817,34486,34485060,11111,250,-1,-1,1,527,84.1,0,-1.0,0,0,0,639,359
2818,34497,34496162,11102,250,-1,-1,1,527,84.2,1,-1.0,0,0,0,639,359
2819,34539,34529491,33329,250,-1,-1,1,785,23.8,0,-1.0,0,0,0,639,359
2820,34541,34540594,11103,250,-1,-1,1,631,45.5,0,-1.0,0,0,0,639,359
2821,34553,34551719,11125,250,-1,-1,1,526,54.5,0,-1.0,0,0,0,639,359
2822,34564,34562826,11107,250,-1,-1,1,525,60.6,0,-1.0,0,0,0,639,359
2823,34575,34573933,11107,250,-1,-1,1,525,64.9,0,-1.0,0,0,0,639,359
2824,34586,34585038,11105,250,-1,-1,1,525,68.2,0,-1.0,0,0,0,639,359
2825,34597,34596149,11111,250,-1,-1,1,528,70.7,0,-1.0,0,0,0,639,359
2826,34608,34607259,11110,250,-1,-1,1,527,72.1,0,-1.0,0,0,0,639,359
2827,34619,34618370,11111,250,-1,-1,1,527,73.8,1,-1.0,0,0,0,639,359
2828,34630,34629484,11114,250,-1,-1,1,533,75.2,0,-1.0,0,0,0,639,359
2829,34641,34640591,11107,250,-1,-1,1,612,76.4,0,-1.0,0,0,0,639,359
2830,34653,34651697,11106,250,-1,-1,1,528,77.4,0,-1.0,0,0,0,639,359
2831,34664,34662806,11109,250,-1,-1,1,596,78.3,0,-1.0,0,0,0,639,359
2832,34675,34673919,11113,250,-1,-1,1,527,79.1,0,-1.0,0,0,0,639,359
2833,34686,34685022,11103,250,-1,-1,1,524,79.8,0,-1.0,0,0,0,639,359
2834,34697,34696134,11112,250,-1,-1,1,525,80.0,0,-1.0,0,0,0,639,359
2835,34708,34707243,11109,250,-1,-1,1,525,80.6,0,-1.0,0,0,0,639,359
2836,34719,34718350,11107,250,-1,-1,1,524,81.1,1,-1.0,0,0,0,639,359
2837,34730,34729465,11115,250,-1,-1,1,548,81.5,0,-1.0,0,0,0,639,359
2838,34742,34740568,11103,250,-1,-1,1,634,82.0,0,-1.0,0,0,0,639,359
2839,34753,34751686,11118,250,-1,-1,1,528,82.4,0,-1.0,0,0,0,639,359
2840,34764,34762789,11103,250,-1,-1,1,527,82.7,0,-1.0,0,0,0,639,359
2841,34775,34773905,11116,250,-1,-1,1,527,83.0,0,-1.0,0,0,0,639,359
2842,34786,34785007,11102,250,-1,-1,1,526,83.3,0,-1.0,0,0,0,639,359
2843,34797,34796117,11110,250,-1,-1,1,527,83.6,0,-1.0,0,0,0,639,359
2844,34808,34807224,11107,250,-1,-1,1,528,83.6,0,-1.0,0,0,0,639,359
2845,34819,34818334,11110,250,-1,-1,1,525,83.9,1,-1.0,0,0,0,639,359
2846,34830,34829449,11115,250,-1,-1,1,546,84.1,0,-1.0,0,0,0,639,359
2847,34841,34840557,11108,250,-1,-1,1,608,84.3,0,-1.0,0,0,0,639,359
2848,34852,34851665,11108,250,-1,-1,1,526,84.5,0,-1.0,0,0,0,639,359
2849,34864,34862773,11108,250,-1,-1,1,545,84.7,0,-1.0,0,0,0,639,359
2850,34875,34873886,11113,250,-1,-1,1,527,84.9,0,-1.0,0,0,0,639,359
2851,34886,34884991,11105,250,-1,-1,1,527,85.1,0,-1.0,0,0,0,639,359
2852,34897,34896098,11107,250,-1,-1,1,528,85.2,0,-1.0,0,0,0,639,359
2853,34908,34907212,11114,250,-1,-1,1,528,85.2,0,-1.0,0,0,0,639,359
2854,34919,34918318,11106,250,-1,-1,1,524,85.3,1,-1.0,0,0,0,639,359
2855,34930,34929433,11115,250,-1,-1,1,547,85.5,0,-1.0,0,0,0,639,359
2856,34941,34940537,11104,250,-1,-1,1,634,85.6,0,-1.0,0,0,0,639,359
2857,34952,34951649,11112,250,-1,-1,1,527,85.7,0,-1.0,0,0,0,639,359
2858,34964,34962752,11103,250,-1,-1,1,525,85.8,0,-1.0,0,0,0,639,359
2859,34975,34973864,11112,250,-1,-1,1,525,86.0,0,-1.0,0,0,0,639,359
2860,34986,34984972,11108,250,-1,-1,1,633,86.1,0,-1.0,0,0,0,639,359
2861,34997,34996085,11113,250,-1,-1,1,529,86.2,0,-1.0,0,0,0,639,359
2862,35008,35007189,11104,250,-1,-1,1,527,86.1,0,-1.0,0,0,0,639,359
2863,35019,35018301,11112,250,-1,-1,1,558,86.2,1,-1.0,0,0,0,639,359
2864,35030,35029411,11110,250,-1,-1,1,534,86.3,0,-1.0,0,0,0,639,359
2865,35041,35040522,11111,250,-1,-1,1,627,86.4,0,-1.0,0,0,0,639,359
2866,35053,35051629,11107,250,-1,-1,1,525,86.5,0,-1.0,0,0,0,639,359
2867,35064,35062740,11111,250,-1,-1,1,591,86.6,0,-1.0,0,0,0,639,359
2868,35075,35073846,11106,250,-1,-1,1,525,86.7,0,-1.0,0,0,0,639,359
2869,35086,35084960,11114,250,-1,-1,1,526,86.7,0,-1.0,0,0,0,639,359
2870,35097,35096065,11105,250,-1,-1,1,632,86.7,0,-1.0,0,0,0,639,359
2871,35108,35107177,11112,250,-1,-1,1,526,86.9,0,-1.0,0,0,0,639,359
2872,35119,35118281,11104,250,-1,-1,1,550,86.8,1,-1.0,0,0,0,639,359
2873,35130,35129394,11113,250,-1,-1,1,543,86.9,0,-1.0,0,0,0,639,359
2874,35141,35140502,11108,250,-1,-1,1,631,87.0,0,-1.0,0,0,0,639,359
2875,35152,35151618,11116,250,-1,-1,1,527,87.0,0,-1.0,0,0,0,639,359
2876,35164,35162716,11098,250,-1,-1,1,595,87.1,0,-1.0,0,0,0,639,359
2877,35175,35173832,11116,250,-1,-1,1,527,87.1,0,-1.0,0,0,0,639,359
2878,35186,35184941,11109,250,-1,-1,1,528,87.2,0,-1.0,0,0,0,639,359
2879,35197,35196047,11106,250,-1,-1,1,530,87.3,0,-1.0,0,0,0,639,359
2880,35261,35207156,11109,250,-1,-1,1,822,81.2,0,-1.0,0,0,0,639,359
2881,35264,35251580,44424,250,-1,-1,1,601,82.2,1,-1.0,0,0,0,639,359
2882,35265,35262717,11137,250,-1,-1,1,606,83.3,0,-1.0,0,0,0,639,359
2883,35275,35273814,11097,250,-1,-1,1,528,83.7,0,-1.0,0,0,0,639,359
2884,35286,35284923,11109,250,-1,-1,1,527,83.8,0,-1.0,0,0,0,639,359
2885,35297,35296058,11135,250,-1,-1,1,629,83.8,0,-1.0,0,0,0,639,359
2886,35308,35307260,11202,250,-1,-1,1,626,83.8,0,-1.0,0,0,0,639,359
2887,35319,35318250,10990,250,-1,-1,1,534,83.9,0,-1.0,0,0,0,639,359
2888,35330,35329360,11110,250,-1,-1,1,527,84.0,0,-1.0,0,0,0,639,359
2889,35341,35340469,11109,250,-1,-1,1,595,84.1,0,-1.0,0,0,0,639,359
2890,35352,35351580,11111,250,-1,-1,1,529,84.2,1,-1.0,0,0,0,639,359
2891,35364,35362690,11110,250,-1,-1,1,546,84.3,0,-1.0,0,0,0,639,359
2892,35375,35373799,11109,250,-1,-1,1,633,84.4,0,-1.0,0,0,0,639,359
2893,35386,35384907,11108,250,-1,-1,1,545,84.5,0,-1.0,0,0,0,639,359
2894,35397,35396014,11107,250,-1,-1,1,523,84.5,0,-1.0,0,0,0,639,359
2895,35408,35407124,11110,250,-1,-1,1,526,84.5,0,-1.0,0,0,0,639,359
2896,35419,35418234,11110,250,-1,-1,1,528,84.6,0,-1.0,0,0,0,639,359
2897,35430,35429342,11108,250,-1,-1,1,526,84.7,0,-1.0,0,0,0,639,359
2898,35441,35440449,11107,250,-1,-1,1,527,84.7,0,-1.0,0,0,0,639,359
2899,35452,35451557,11108,250,-1,-1,1,528,84.8,1,-1.0,0,0,0,639,359
2900,35464,35462673,11116,250,-1,-1,1,527,84.9,0,-1.0,0,0,0,639,359
2901,35475,35473782,11109,250,-1,-1,1,634,85.0,0,-1.0,0,0,0,639,359
2902,35486,35484892,11110,250,-1,-1,1,528,85.0,0,-1.0,0,0,0,639,359
2903,35497,35495994,11102,250,-1,-1,1,525,85.1,0,-1.0,0,0,0,639,359
2904,35508,35507109,11115,250,-1,-1,1,525,85.1,0,-1.0,0,0,0,639,359
2905,35519,35518219,11110,250,-1,-1,1,525,83.3,0,-1.0,0,0,0,639,359
2906,35530,35529324,11105,250,-1,-1,1,526,87.0,0,-1.0,0,0,0,639,359
2907,35541,35540435,11111,250,-1,-1,1,525,88.2,0,-1.0,0,0,0,639,359
2908,35552,35551541,11106,250,-1,-1,1,528,88.9,1,-1.0,0,0,0,639,359
2909,35563,35562655,11114,250,-1,-1,1,542,89.3,0,-1.0,0,0,0,639,359
2910,35575,35573767,11112,250,-1,-1,1,603,89.6,0,-1.0,0,0,0,639,359
2911,35586,35584872,11105,250,-1,-1,1,543,89.7,0,-1.0,0,0,0,639,359
2912,35597,35595980,11108,250,-1,-1,1,526,89.9,0,-1.0,0,0,0,639,359
2913,35608,35607086,11106,250,-1,-1,1,526,90.0,0,-1.0,0,0,0,639,359
2914,35619,35618198,11112,250,-1,-1,1,526,89.3,0,-1.0,0,0,0,639,359
2915,35630,35629304,11106,250,-1,-1,1,525,89.4,0,-1.0,0,0,0,639,359
2916,35641,35640417,11113,250,-1,-1,1,526,89.6,0,-1.0,0,0,0,639,359
2917,35652,35651524,11107,250,-1,-1,1,526,89.7,1,-1.0,0,0,0,639,359
2918,35663,35662639,11115,250,-1,-1,1,546,89.7,0,-1.0,0,0,0,639,359
2919,35675,35673750,11111,250,-1,-1,1,606,89.8,0,-1.0,0,0,0,639,359
2920,35686,35684859,11109,250,-1,-1,1,526,89.9,0,-1.0,0,0,0,639,359
2921,35697,35695965,11106,250,-1,-1,1,527,89.9,0,-1.0,0,0,0,639,359
2922,35708,35707074,11109,250,-1,-1,1,527,90.0,0,-1.0,0,0,0,639,359
2923,35719,35718181,11107,250,-1,-1,1,527,89.6,0,-1.0,0,0,0,639,359
2924,35730,35729288,11107,250,-1,-1,1,527,89.7,0,-1.0,0,0,0,639,359
2925,35741,35740399,11111,250,-1,-1,1,525,89.7,0,-1.0,0,0,0,639,359
2926,35752,35751511,11112,250,-1,-1,1,525,89.8,1,-1.0,0,0,0,639,359
2927,35763,35762622,11111,250,-1,-1,1,545,89.8,0,-1.0,0,0,0,639,359
2928,35775,35773734,11112,250,-1,-1,1,608,89.9,0,-1.0,0,0,0,639,359
2929,35786,35784835,11101,250,-1,-1,1,526,89.9,0,-1.0,0,0,0,639,359
2930,35797,35795947,11112,250,-1,-1,1,543,90.0,0,-1.0,0,0,0,639,359
2931,35808,35807057,11110,250,-1,-1,1,527,90.0,0,-1.0,0,0,0,639,359
2932,35819,35818162,11105,250,-1,-1,1,526,89.7,0,-1.0,0,0,0,639,359
2933,35830,35829269,11107,250,-1,-1,1,527,89.8,0,-1.0,0,0,0,639,359
2934,35841,35840381,11112,250,-1,-1,1,526,89.8,0,-1.0,0,0,0,639,359
2935,35852,35851489,11108,250,-1,-1,1,526,89.9,1,-1.0,0,0,0,639,359
2936,35863,35862607,11118,250,-1,-1,1,547,89.9,0,-1.0,0,0,0,639,359
2937,35875,35873712,11105,250,-1,-1,1,606,89.9,0,-1.0,0,0,0,639,359
2938,35886,35884824,11112,250,-1,-1,1,527,89.9,0,-1.0,0,0,0,639,359
2939,35897,35895929,11105,250,-1,-1,1,524,90.0,0,-1.0,0,0,0,639,359
2940,35908,35907041,11112,250,-1,-1,1,524,90.0,0,-1.0,0,0,0,639,359
2941,35919,35918143,11102,250,-1,-1,1,528,89.8,0,-1.0,0,0,0,639,359
2942,35930,35929255,11112,250,-1,-1,1,527,89.8,0,-1.0,0,0,0,639,359
2943,35941,35940366,11111,250,-1,-1,1,527,89.9,0,-1.0,0,0,0,639,359
2944,35952,35951472,11106,250,-1,-1,1,528,89.9,1,-1.0,0,0,0,639,359
2945,35964,35962588,11116,250,-1,-1,1,546,89.9,0,-1.0,0,0,0,639,359
2946,35975,35973694,11106,250,-1,-1,1,631,89.9,0,-1.0,0,0,0,639,359
2947,35986,35984804,11110,250,-1,-1,1,526,90.0,0,-1.0,0,0,0,639,359
2948,35997,35995912,11108,250,-1,-1,1,608,90.0,0,-1.0,0,0,0,639,359
2949,36008,36007017,11105,250,-1,-1,1,525,90.0,0,-1.0,0,0,0,639,359
2950,36019,36018129,11112,250,-1,-1,1,525,90.0,0,-1.0,0,0,0,639,359
2951,36030,36029232,11103,250,-1,-1,1,528,89.9,0,-1.0,0,0,0,639,359
2952,36041,36040346,11114,250,-1,-1,1,528,89.9,0,-1.0,0,0,0,639,359
2953,36052,36051455,11109,250,-1,-1,1,528,89.9,1,-1.0,0,0,0,639,359
2954,36063,36062575,11120,250,-1,-1,1,529,89.9,0,-1.0,0,0,0,639,359
2955,36075,36073675,11100,250,-1,-1,1,634,89.9,0,-1.0,0,0,0,639,359
2956,36086,36084787,11112,250,-1,-1,1,537,90.0,0,-1.0,0,0,0,639,359
2957,36097,36095898,11111,250,-1,-1,1,524,90.0,0,-1.0,0,0,0,639,359
2958,36108,36107007,11109,250,-1,-1,1,525,90.0,0,-1.0,0,0,0,639,359
2959,36119,36118110,11103,250,-1,-1,1,526,90.0,0,-1.0,0,0,0,639,359
2960,36130,36129222,11112,250,-1,-1,1,525,89.9,0,-1.0,0,0,0,639,359
2961,36141,36140328,11106,250,-1,-1,1,523,89.9,0,-1.0,0,0,0,639,359
2962,36152,36151442,11114,250,-1,-1,1,527,89.9,1,-1.0,0,0,0,639,359
2963,36163,36162549,11107,250,-1,-1,1,542,89.9,0,-1.0,0,0,0,639,359
2964,36175,36173663,11114,250,-1,-1,1,631,90.0,0,-1.0,0,0,0,639,359
2965,36186,36184766,11103,250,-1,-1,1,526,90.0,0,-1.0,0,0,0,639,359
2966,36197,36195881,11115,250,-1,-1,1,525,89.9,0,-1.0,0,0,0,639,359
2967,36208,36206983,11102,250,-1,-1,1,527,90.0,0,-1.0,0,0,0,639,359
2968,36219,36218095,11112,250,-1,-1,1,526,90.0,0,-1.0,0,0,0,639,359
2969,36230,36229245,11150,250,-1,-1,1,528,89.9,0,-1.0,0,0,0,639,359
2970,36293,36240313,11068,250,-1,-1,1,743,84.1,0,-1.0,0,0,0,639,359
2971,36294,36284736,44423,250,-1,-1,1,608,85.2,1,-1.0,0,0,0,639,359
2972,36297,36295852,11116,250,-1,-1,1,629,86.2,0,-1.0,0,0,0,639,359
2973,36308,36306969,11117,250,-1,-1,1,541,86.2,0,-1.0,0,0,0,639,359
2974,36319,36318077,11108,250,-1,-1,1,526,86.3,0,-1.0,0,0,0,639,359
2975,36330,36329189,11112,250,-1,-1,1,544,86.3,0,-1.0,0,0,0,639,359
2976,36341,36340299,11110,250,-1,-1,1,622,86.3,0,-1.0,0,0,0,639,359
2977,36352,36351409,11110,250,-1,-1,1,532,86.4,0,-1.0,0,0,0,639,359
2978,36363,36362514,11105,250,-1,-1,1,525,86.4,0,-1.0,0,0,0,639,359
2979,36374,36373626,11112,250,-1,-1,1,629,86.5,0,-1.0,0,0,0,639,359
2980,36386,36384732,11106,250,-1,-1,1,526,86.6,1,-1.0,0,0,0,639,359
2981,36397,36395849,11117,250,-1,-1,1,546,86.6,0,-1.0,0,0,0,639,359
2982,36408,36406956,11107,250,-1,-1,1,534,86.7,0,-1.0,0,0,0,639,359
2983,36419,36418069,11113,250,-1,-1,1,594,86.6,0,-1.0,0,0,0,639,359
2984,36430,36429173,11104,250,-1,-1,1,525,86.7,0,-1.0,0,0,0,639,359
2985,36441,36440282,11109,250,-1,-1,1,525,86.7,0,-1.0,0,0,0,639,359
2986,36452,36451388,11106,250,-1,-1,1,529,86.8,0,-1.0,0,0,0,639,359
2987,36463,36462498,11110,250,-1,-1,1,525,86.8,0,-1.0,0,0,0,639,359
2988,36474,36473605,11107,250,-1,-1,1,527,86.9,0,-1.0,0,0,0,639,359
2989,36486,36484718,11113,250,-1,-1,1,527,86.9,1,-1.0,0,0,0,639,359
2990,36497,36495828,11110,250,-1,-1,1,529,87.0,0,-1.0,0,0,0,639,359
2991,36508,36506935,11107,250,-1,-1,1,633,87.0,0,-1.0,0,0,0,639,359
2992,36539,36529150,22215,250,-1,-1,1,591,32.3,0,-1.0,0,0,0,639,359
2993,36541,36540253,11103,250,-1,-1,1,525,58.8,0,-1.0,0,0,0,639,359
2994,36552,36551373,11120,250,-1,-1,1,525,66.7,0,-1.0,0,0,0,639,359
2995,36563,36562480,11107,250,-1,-1,1,527,71.4,0,-1.0,0,0,0,639,359
2996,36574,36573590,11110,250,-1,-1,1,526,74.6,0,-1.0,0,0,0,639,359
2997,36586,36584699,11109,250,-1,-1,1,526,76.9,0,-1.0,0,0,0,639,359
2998,36597,36595809,11110,250,-1,-1,1,528,78.7,1,-1.0,0,0,0,639,359
2999,36608,36606920,11111,250,-1,-1,1,544,80.0,0,-1.0,0,0,0,639,359
3000,36619,36618032,11112,250,-1,-1,1,632,80.4,0,-1.0,0,0,0,639,359
3001,36630,36629137,11105,250,-1,-1,1,527,82.0,0,-1.0,0,0,0,639,359
3002,36642,36640247,11110,250,-1,-1,1,524,82.1,0,-1.0,0,0,0,639,359
3003,36652,36651353,11106,250,-1,-1,1,526,82.8,0,-1.0,0,0,0,639,359
3004,36663,36662461,11108,250,-1,-1,1,527,83.3,0,-1.0,0,0,0,639,359
3005,36674,36673570,11109,250,-1,-1,1,525,83.8,0,-1.0,0,0,0,639,359
3006,36685,36684681,11111,250,-1,-1,1,525,84.3,0,-1.0,0,0,0,639,359
3007,36697,36695788,11107,250,-1,-1,1,526,84.7,1,-1.0,0,0,0,639,359
3008,36708,36706907,11119,250,-1,-1,1,546,85.0,0,-1.0,0,0,0,639,359
3009,36719,36718010,11103,250,-1,-1,1,625,84.9,0,-1.0,0,0,0,639,359
3010,36730,36729120,11110,250,-1,-1,1,526,85.6,0,-1.0,0,0,0,639,359
3011,36742,36740228,11108,250,-1,-1,1,524,85.5,0,-1.0,0,0,0,639,359
3012,36752,36751340,11112,250,-1,-1,1,529,85.7,0,-1.0,0,0,0,639,359
3013,36763,36762445,11105,250,-1,-1,1,527,85.9,0,-1.0,0,0,0,639,359
3014,36774,36773555,11110,250,-1,-1,1,526,86.1,0,-1.0,0,0,0,639,359
3015,36785,36784663,11108,250,-1,-1,1,529,86.3,0,-1.0,0,0,0,639,359
3016,36797,36795773,11110,250,-1,-1,1,525,86.5,1,-1.0,0,0,0,639,359
3017,36808,36806885,11112,250,-1,-1,1,546,86.7,0,-1.0,0,0,0,639,359
3018,36819,36817993,11108,250,-1,-1,1,631,86.8,0,-1.0,0,0,0,639,359
3019,36830,36829104,11111,250,-1,-1,1,535,87.0,0,-1.0,0,0,0,639,359
3020,36842,36840217,11113,250,-1,-1,1,525,86.8,0,-1.0,0,0,0,639,359
3021,36852,36851319,11102,250,-1,-1,1,524,87.0,0,-1.0,0,0,0,639,359
3022,36863,36862431,11112,250,-1,-1,1,524,87.1,0,-1.0,0,0,0,639,359
3023,36874,36873538,11107,250,-1,-1,1,526,87.2,0,-1.0,0,0,0,639,359
3024,36885,36884648,11110,250,-1,-1,1,528,87.3,0,-1.0,0,0,0,639,359
3025,36897,36895755,11107,250,-1,-1,1,526,87.4,1,-1.0,0,0,0,639,359
3026,36908,36906870,11115,250,-1,-1,1,535,87.5,0,-1.0,0,0,0,639,359
3027,36919,36917976,11106,250,-1,-1,1,634,87.6,0,-1.0,0,0,0,639,359
3028,36930,36929088,11112,250,-1,-1,1,525,87.7,0,-1.0,0,0,0,639,359
3029,36941,36940193,11105,250,-1,-1,1,526,87.6,0,-1.0,0,0,0,639,359
3030,36952,36951304,11111,250,-1,-1,1,526,87.6,0,-1.0,0,0,0,639,359
3031,36963,36962411,11107,250,-1,-1,1,525,87.7,0,-1.0,0,0,0,639,359
3032,36974,36973518,11107,250,-1,-1,1,526,87.8,0,-1.0,0,0,0,639,359
3033,36985,36984628,11110,250,-1,-1,1,528,87.9,0,-1.0,0,0,0,639,359
3034,36997,36995740,11112,250,-1,-1,1,528,87.9,1,-1.0,0,0,0,639,359
3035,37008,37006850,11110,250,-1,-1,1,541,88.0,0,-1.0,0,0,0,639,359
3036,37019,37017961,11111,250,-1,-1,1,633,88.1,0,-1.0,0,0,0,639,359
3037,37030,37029069,11108,250,-1,-1,1,525,88.1,0,-1.0,0,0,0,639,359
3038,37042,37040179,11110,250,-1,-1,1,528,88.0,0,-1.0,0,0,0,639,359
3039,37052,37051286,11107,250,-1,-1,1,525,88.1,0,-1.0,0,0,0,639,359
3040,37063,37062395,11109,250,-1,-1,1,525,88.1,0,-1.0,0,0,0,639,359
3041,37074,37073502,11107,250,-1,-1,1,525,88.2,0,-1.0,0,0,0,639,359
3042,37085,37084613,11111,250,-1,-1,1,524,88.2,0,-1.0,0,0,0,639,359
3043,37097,37095721,11108,250,-1,-1,1,528,88.3,1,-1.0,0,0,0,639,359
3044,37108,37106835,11114,250,-1,-1,1,545,88.3,0,-1.0,0,0,0,639,359
3045,37119,37117943,11108,250,-1,-1,1,629,88.4,0,-1.0,0,0,0,639,359
3046,37130,37129053,11110,250,-1,-1,1,527,88.4,0,-1.0,0,0,0,639,359
3047,37141,37140163,11110,250,-1,-1,1,525,88.3,0,-1.0,0,0,0,639,359
3048,37152,37151267,11104,250,-1,-1,1,528,88.4,0,-1.0,0,0,0,639,359
3049,37163,37162377,11110,250,-1,-1,1,526,88.4,0,-1.0,0,0,0,639,359
3050,37174,37173489,11112,250,-1,-1,1,524,88.5,0,-1.0,0,0,0,639,359
3051,37185,37184596,11107,250,-1,-1,1,526,88.5,0,-1.0,0,0,0,639,359
3052,37196,37195707,11111,250,-1,-1,1,526,88.5,1,-1.0,0,0,0,639,359
3053,37208,37206815,11108,250,-1,-1,1,546,88.6,0,-1.0,0,0,0,639,359
3054,37219,37217927,11112,250,-1,-1,1,633,88.6,0,-1.0,0,0,0,639,359
3055,37230,37229036,11109,250,-1,-1,1,549,88.6,0,-1.0,0,0,0,639,359
3056,37241,37240147,11111,250,-1,-1,1,527,88.6,0,-1.0,0,0,0,639,359
3057,37252,37251251,11104,250,-1,-1,1,525,88.6,0,-1.0,0,0,0,639,359
3058,37263,37262361,11110,250,-1,-1,1,527,88.6,0,-1.0,0,0,0,639,359
3059,37274,37273468,11107,250,-1,-1,1,526,88.7,0,-1.0,0,0,0,639,359
3060,37315,37284581,11113,250,-1,-1,1,613,85.4,0,-1.0,0,0,0,639,359
3061,37316,37306785,22204,250,-1,-1,1,785,86.5,1,-1.0,0,0,0,639,359
3062,37319,37317907,11122,250,-1,-1,1,607,87.4,0,-1.0,0,0,0,639,359
3063,37330,37329019,11112,250,-1,-1,1,526,87.6,0,-1.0,0,0,0,639,359
3064,37341,37340124,11105,250,-1,-1,1,543,87.6,0,-1.0,0,0,0,639,359
3065,37352,37351234,11110,250,-1,-1,1,527,87.6,0,-1.0,0,0,0,639,359
3066,37363,37362344,11110,250,-1,-1,1,529,87.6,0,-1.0,0,0,0,639,359
3067,37374,37373455,11111,250,-1,-1,1,546,87.7,0,-1.0,0,0,0,639,359
3068,37385,37384563,11108,250,-1,-1,1,630,87.7,0,-1.0,0,0,0,639,359
3069,37397,37395672,11109,250,-1,-1,1,635,87.7,0,-1.0,0,0,0,639,359
3070,37408,37406778,11106,250,-1,-1,1,527,87.8,1,-1.0,0,0,0,639,359
3071,37419,37417893,11115,250,-1,-1,1,547,87.8,0,-1.0,0,0,0,639,359
3072,37430,37429000,11107,250,-1,-1,1,554,87.9,0,-1.0,0,0,0,639,359
3073,37441,37440111,11111,250,-1,-1,1,633,87.8,0,-1.0,0,0,0,639,359
3074,37452,37451221,11110,250,-1,-1,1,525,87.8,0,-1.0,0,0,0,639,359
3075,37463,37462325,11104,250,-1,-1,1,526,87.9,0,-1.0,0,0,0,639,359
3076,37474,37473439,11114,250,-1,-1,1,526,87.9,0,-1.0,0,0,0,639,359
3077,37485,37484546,11107,250,-1,-1,1,527,87.9,0,-1.0,0,0,0,639,359
3078,37496,37495650,11104,250,-1,-1,1,527,88.0,0,-1.0,0,0,0,639,359
3079,37508,37506760,11110,250,-1,-1,1,528,88.0,1,-1.0,0,0,0,639,359
3080,37553,37551196,44436,250,-1,-1,1,628,22.2,0,-1.0,0,0,0,639,359
3081,37563,37562311,11115,250,-1,-1,1,526,36.4,0,-1.0,0,0,0,639,359
3082,37574,37573423,11112,250,-1,-1,1,526,45.5,0,-1.0,0,0,0,639,359
3083,37585,37584530,11107,250,-1,-1,1,526,51.9,0,-1.0,0,0,0,639,359
3084,37596,37595637,11107,250,-1,-1,1,525,56.8,0,-1.0,0,0,0,639,359
3085,37608,37606742,11105,250,-1,-1,1,525,60.6,0,-1.0,0,0,0,639,359
3086,37619,37617854,11112,250,-1,-1,1,527,63.6,0,-1.0,0,0,0,639,359
3087,37630,37628965,11111,250,-1,-1,1,528,66.1,0,-1.0,0,0,0,639,359
3088,37641,37640075,11110,250,-1,-1,1,527,68.2,1,-1.0,0,0,0,639,359
3089,37652,37651182,11107,250,-1,-1,1,530,69.4,0,-1.0,0,0,0,639,359
3090,37663,37662293,11111,250,-1,-1,1,709,71.0,0,-1.0,0,0,0,639,359
3091,37674,37673403,11110,250,-1,-1,1,526,72.3,0,-1.0,0,0,0,639,359
3092,37686,37684516,11113,250,-1,-1,1,528,73.4,0,-1.0,0,0,0,639,359
3093,37696,37695617,11101,250,-1,-1,1,527,74.5,0,-1.0,0,0,0,639,359
3094,37708,37706736,11119,250,-1,-1,1,524,75.4,0,-1.0,0,0,0,639,359
3095,37719,37717839,11103,250,-1,-1,1,527,76.2,0,-1.0,0,0,0,639,359
3096,37730,37728951,11112,250,-1,-1,1,525,76.9,0,-1.0,0,0,0,639,359
3097,37741,37740056,11105,250,-1,-1,1,525,77.6,1,-1.0,0,0,0,639,359
3098,37752,37751174,11118,250,-1,-1,1,539,77.9,0,-1.0,0,0,0,639,359
3099,37763,37762278,11104,250,-1,-1,1,631,78.4,0,-1.0,0,0,0,639,359
3100,37774,37773385,11107,250,-1,-1,1,525,78.9,0,-1.0,0,0,0,639,359
3101,37785,37784496,11111,250,-1,-1,1,557,79.4,0,-1.0,0,0,0,639,359
3102,37797,37795602,11106,250,-1,-1,1,526,79.9,0,-1.0,0,0,0,639,359
3103,37808,37806711,11109,250,-1,-1,1,525,80.3,0,-1.0,0,0,0,639,359
3104,37819,37817818,11107,250,-1,-1,1,526,80.6,0,-1.0,0,0,0,639,359
3105,37830,37828930,11112,250,-1,-1,1,524,81.0,0,-1.0,0,0,0,639,359
3106,37841,37840040,11110,250,-1,-1,1,525,81.3,1,-1.0,0,0,0,639,359
3107,37852,37851151,11111,250,-1,-1,1,548,81.4,0,-1.0,0,0,0,639,359
3108,37863,37862264,11113,250,-1,-1,1,628,81.7,0,-1.0,0,0,0,639,359
3109,37874,37873366,11102,250,-1,-1,1,529,82.0,0,-1.0,0,0,0,639,359
3110,37886,37884478,11112,250,-1,-1,1,525,82.0,0,-1.0,0,0,0,639,359
3111,37896,37895585,11107,250,-1,-1,1,525,82.5,0,-1.0,0,0,0,639,359
3112,37907,37906694,11109,250,-1,-1,1,527,82.7,0,-1.0,0,0,0,639,359
3113,37919,37917800,11106,250,-1,-1,1,528,82.9,0,-1.0,0,0,0,639,359
3114,37930,37928910,11110,250,-1,-1,1,526,83.1,0,-1.0,0,0,0,639,359
3115,37941,37940022,11112,250,-1,-1,1,526,83.3,1,-1.0,0,0,0,639,359
3116,37952,37951138,11116,250,-1,-1,1,546,83.3,0,-1.0,0,0,0,639,359
3117,37963,37962245,11107,250,-1,-1,1,632,83.5,0,-1.0,0,0,0,639,359
3118,37974,37973354,11109,250,-1,-1,1,527,83.7,0,-1.0,0,0,0,639,359
3119,37985,37984460,11106,250,-1,-1,1,528,83.9,0,-1.0,0,0,0,639,359
3120,37996,37995569,11109,250,-1,-1,1,527,84.0,0,-1.0,0,0,0,639,359
3121,38007,38006678,11109,250,-1,-1,1,526,84.2,0,-1.0,0,0,0,639,359
3122,38019,38017785,11107,250,-1,-1,1,525,84.3,0,-1.0,0,0,0,639,359
3123,38030,38028898,11113,250,-1,-1,1,528,84.5,0,-1.0,0,0,0,639,359
3124,38041,38040005,11107,250,-1,-1,1,525,84.6,1,-1.0,0,0,0,639,359
3125,38052,38051117,11112,250,-1,-1,1,545,84.7,0,-1.0,0,0,0,639,359
3126,38063,38062228,11111,250,-1,-1,1,526,84.7,0,-1.0,0,0,0,639,359
3127,38075,38073336,11108,250,-1,-1,1,526,84.8,0,-1.0,0,0,0,639,359
3128,38085,38084447,11111,250,-1,-1,1,525,84.9,0,-1.0,0,0,0,639,359
3129,38096,38095552,11105,250,-1,-1,1,526,85.0,0,-1.0,0,0,0,639,359
3130,38108,38106660,11108,250,-1,-1,1,526,85.1,0,-1.0,0,0,0,639,359
3131,38119,38117769,11109,250,-1,-1,1,528,85.2,0,-1.0,0,0,0,639,359
3132,38130,38128876,11107,250,-1,-1,1,525,85.3,0,-1.0,0,0,0,639,359
3133,38141,38139983,11107,250,-1,-1,1,527,85.4,1,-1.0,0,0,0,639,359
3134,38152,38151101,11118,250,-1,-1,1,545,85.4,0,-1.0,0,0,0,639,359
3135,38163,38162205,11104,250,-1,-1,1,525,85.5,0,-1.0,0,0,0,639,359
3136,38175,38173319,11114,250,-1,-1,1,526,85.6,0,-1.0,0,0,0,639,359
3137,38185,38184423,11104,250,-1,-1,1,524,85.7,0,-1.0,0,0,0,639,359
3138,38197,38195538,11115,250,-1,-1,1,525,85.8,0,-1.0,0,0,0,639,359
3139,38207,38206641,11103,250,-1,-1,1,526,85.8,0,-1.0,0,0,0,639,359
3140,38219,38217754,11113,250,-1,-1,1,524,85.9,0,-1.0,0,0,0,639,359
3141,38230,38228858,11104,250,-1,-1,1,529,86.0,0,-1.0,0,0,0,639,359
3142,38241,38239970,11112,250,-1,-1,1,526,85.9,1,-1.0,0,0,0,639,359
3143,38252,38251083,11113,250,-1,-1,1,538,86.1,0,-1.0,0,0,0,639,359
3144,38263,38262191,11108,250,-1,-1,1,627,86.1,0,-1.0,0,0,0,639,359
3145,38274,38273298,11107,250,-1,-1,1,636,86.2,0,-1.0,0,0,0,639,359
3146,38285,38284408,11110,250,-1,-1,1,526,86.2,0,-1.0,0,0,0,639,359
3147,38296,38295514,11106,250,-1,-1,1,527,86.3,0,-1.0,0,0,0,639,359
3148,38307,38306625,11111,250,-1,-1,1,526,86.4,0,-1.0,0,0,0,639,359
3149,38319,38317734,11109,250,-1,-1,1,529,86.4,0,-1.0,0,0,0,639,359
3150,38367,38328848,11114,250,-1,-1,1,607,82.8,0,-1.0,0,0,0,639,359
3151,38368,38362156,33308,250,-1,-1,1,634,83.8,1,-1.0,0,0,0,639,359
3152,38374,38373296,11140,250,-1,-1,1,524,84.3,0,-1.0,0,0,0,639,359
3153,38385,38384392,11096,250,-1,-1,1,524,84.4,0,-1.0,0,0,0,639,359
3154,38396,38395503,11111,250,-1,-1,1,524,84.5,0,-1.0,0,0,0,639,359
3155,38408,38406707,11204,250,-1,-1,1,634,84.5,0,-1.0,0,0,0,639,359
3156,38419,38417720,11013,250,-1,-1,1,540,84.6,0,-1.0,0,0,0,639,359
3157,38430,38428827,11107,250,-1,-1,1,545,84.7,0,-1.0,0,0,0,639,359
3158,38441,38439940,11113,250,-1,-1,1,526,84.8,0,-1.0,0,0,0,639,359
3159,38452,38451049,11109,250,-1,-1,1,633,84.7,0,-1.0,0,0,0,639,359
3160,38463,38462159,11110,250,-1,-1,1,527,84.8,1,-1.0,0,0,0,639,359
3161,38474,38473271,11112,250,-1,-1,1,544,84.9,0,-1.0,0,0,0,639,359
3162,38485,38484378,11107,250,-1,-1,1,626,85.0,0,-1.0,0,0,0,639,359
3163,38496,38495484,11106,250,-1,-1,1,630,85.0,0,-1.0,0,0,0,639,359
3164,38508,38506596,11112,250,-1,-1,1,527,85.1,0,-1.0,0,0,0,639,359
3165,38519,38517700,11104,250,-1,-1,1,528,85.1,0,-1.0,0,0,0,639,359
3166,38535,38528812,11112,250,-1,-1,1,524,62.5,0,-1.0,0,0,0,639,359
3167,38541,38539926,11114,250,-1,-1,1,528,90.9,0,-1.0,0,0,0,639,359
3168,38552,38551027,11101,250,-1,-1,1,524,88.2,0,-1.0,0,0,0,639,359
3169,38563,38562138,11111,250,-1,-1,1,524,90.9,1,-1.0,0,0,0,639,359
3170,38574,38573251,11113,250,-1,-1,1,545,89.3,0,-1.0,0,0,0,639,359
3171,38585,38584357,11106,250,-1,-1,1,635,89.6,0,-1.0,0,0,0,639,359
3172,38596,38595469,11112,250,-1,-1,1,527,89.7,0,-1.0,0,0,0,639,359
3173,38608,38606578,11109,250,-1,-1,1,526,89.9,0,-1.0,0,0,0,639,359
3174,38618,38617682,11104,250,-1,-1,1,527,90.0,0,-1.0,0,0,0,639,359
3175,38630,38628790,11108,250,-1,-1,1,526,90.1,0,-1.0,0,0,0,639,359
3176,38641,38639904,11114,250,-1,-1,1,528,90.2,0,-1.0,0,0,0,639,359
3177,38652,38651011,11107,250,-1,-1,1,528,90.2,0,-1.0,0,0,0,639,359
3178,38663,38662122,11111,250,-1,-1,1,526,90.3,1,-1.0,0,0,0,639,359
3179,38674,38673234,11112,250,-1,-1,1,548,89.7,0,-1.0,0,0,0,639,359
3180,38685,38684338,11104,250,-1,-1,1,633,89.8,0,-1.0,0,0,0,639,359
3181,38696,38695450,11112,250,-1,-1,1,526,89.9,0,-1.0,0,0,0,639,359
3182,38708,38706564,11114,250,-1,-1,1,525,89.9,0,-1.0,0,0,0,639,359
3183,38718,38717669,11105,250,-1,-1,1,527,90.0,0,-1.0,0,0,0,639,359
3184,38730,38728778,11109,250,-1,-1,1,526,90.0,0,-1.0,0,0,0,639,359
3185,38741,38739882,11104,250,-1,-1,1,525,90.1,0,-1.0,0,0,0,639,359
3186,38752,38750995,11113,250,-1,-1,1,527,90.1,0,-1.0,0,0,0,639,359
3187,38763,38762102,11107,250,-1,-1,1,527,90.2,1,-1.0,0,0,0,639,359
3188,38774,38773219,11117,250,-1,-1,1,545,89.8,0,-1.0,0,0,0,639,359
3189,38785,38784324,11105,250,-1,-1,1,526,89.9,0,-1.0,0,0,0,639,359
3190,38797,38795433,11109,250,-1,-1,1,527,89.9,0,-1.0,0,0,0,639,359
3191,38807,38806540,11107,250,-1,-1,1,627,90.0,0,-1.0,0,0,0,639,359
3192,38819,38817655,11115,250,-1,-1,1,526,90.0,0,-1.0,0,0,0,639,359
3193,38830,38828758,11103,250,-1,-1,1,525,90.0,0,-1.0,0,0,0,639,359
3194,38841,38839866,11108,250,-1,-1,1,525,90.1,0,-1.0,0,0,0,639,359
3195,38852,38850972,11106,250,-1,-1,1,525,90.1,0,-1.0,0,0,0,639,359
3196,38863,38862084,11112,250,-1,-1,1,527,89.9,1,-1.0,0,0,0,639,359
3197,38874,38873197,11113,250,-1,-1,1,539,89.9,0,-1.0,0,0,0,639,359
3198,38885,38884308,11111,250,-1,-1,1,634,89.9,0,-1.0,0,0,0,639,359
3199,38896,38895415,11107,250,-1,-1,1,527,89.9,0,-1.0,0,0,0,639,359
3200,38908,38906524,11109,250,-1,-1,1,528,89.7,0,-1.0,0,0,0,639,359
3201,38918,38917630,11106,250,-1,-1,1,526,90.0,0,-1.0,0,0,0,639,359
3202,38930,38928740,11110,250,-1,-1,1,524,90.0,0,-1.0,0,0,0,639,359
3203,38941,38939849,11109,250,-1,-1,1,525,90.0,0,-1.0,0,0,0,639,359
3204,38952,38950959,11110,250,-1,-1,1,525,90.1,0,-1.0,0,0,0,639,359
3205,38963,38962067,11108,250,-1,-1,1,525,90.1,1,-1.0,0,0,0,639,359
3206,38974,38973182,11115,250,-1,-1,1,545,89.9,0,-1.0,0,0,0,639,359
3207,38985,38984288,11106,250,-1,-1,1,629,89.9,0,-1.0,0,0,0,639,359
3208,38996,38995400,11112,250,-1,-1,1,527,90.0,0,-1.0,0,0,0,639,359
3209,39007,39006505,11105,250,-1,-1,1,538,90.0,0,-1.0,0,0,0,639,359
3210,39018,39017616,11111,250,-1,-1,1,527,90.0,0,-1.0,0,0,0,639,359
3211,39030,39028725,11109,250,-1,-1,1,528,90.0,0,-1.0,0,0,0,639,359
3212,39041,39039830,11105,250,-1,-1,1,523,90.0,0,-1.0,0,0,0,639,359
3213,39052,39050939,11109,250,-1,-1,1,525,90.1,0,-1.0,0,0,0,639,359
3214,39063,39062054,11115,250,-1,-1,1,526,90.1,1,-1.0,0,0,0,639,359
3215,39074,39073165,11111,250,-1,-1,1,548,89.9,0,-1.0,0,0,0,639,359
3216,39085,39084272,11107,250,-1,-1,1,526,89.9,0,-1.0,0,0,0,639,359
3217,39097,39095383,11111,250,-1,-1,1,525,90.0,0,-1.0,0,0,0,639,359
3218,39107,39106492,11109,250,-1,-1,1,528,90.0,0,-1.0,0,0,0,639,359
3219,39118,39117599,11107,250,-1,-1,1,528,90.0,0,-1.0,0,0,0,639,359
3220,39130,39128710,11111,250,-1,-1,1,527,90.0,0,-1.0,0,0,0,639,359
3221,39141,39139813,11103,250,-1,-1,1,526,90.0,0,-1.0,0,0,0,639,359
3222,39152,39150924,11111,250,-1,-1,1,528,90.0,0,-1.0,0,0,0,639,359
3223,39163,39162035,11111,250,-1,-1,1,529,90.1,1,-1.0,0,0,0,639,359
3224,39174,39173144,11109,250,-1,-1,1,545,89.9,0,-1.0,0,0,0,639,359
3225,39185,39184259,11115,250,-1,-1,1,526,90.0,0,-1.0,0,0,0,639,359
3226,39197,39195367,11108,250,-1,-1,1,526,90.0,0,-1.0,0,0,0,639,359
3227,39207,39206474,11107,250,-1,-1,1,526,90.0,0,-1.0,0,0,0,639,359
3228,39219,39217583,11109,250,-1,-1,1,528,90.0,0,-1.0,0,0,0,639,359
3229,39230,39228687,11104,250,-1,-1,1,527,90.0,0,-1.0,0,0,0,639,359
3230,39241,39239799,11112,250,-1,-1,1,528,90.0,0,-1.0,0,0,0,639,359
3231,39252,39250908,11109,250,-1,-1,1,527,90.0,0,-1.0,0,0,0,639,359
3232,39263,39262015,11107,250,-1,-1,1,527,89.9,1,-1.0,0,0,0,639,359
3233,39274,39273129,11114,250,-1,-1,1,529,90.1,0,-1.0,0,0,0,639,359
3234,39285,39284240,11111,250,-1,-1,1,632,90.0,0,-1.0,0,0,0,639,359
3235,39296,39295348,11108,250,-1,-1,1,527,90.0,0,-1.0,0,0,0,639,359
3236,39308,39306454,11106,250,-1,-1,1,527,89.9,0,-1.0,0,0,0,639,359
3237,39318,39317568,11114,250,-1,-1,1,526,90.0,0,-1.0,0,0,0,639,359
3238,39330,39328675,11107,250,-1,-1,1,524,90.0,0,-1.0,0,0,0,639,359
3239,39341,39339781,11106,250,-1,-1,1,526,90.0,0,-1.0,0,0,0,639,359
3240,39396,39350890,11109,250,-1,-1,1,613,85.4,0,-1.0,0,0,0,639,359
3241,39397,39395311,44421,250,-1,-1,1,597,86.5,1,-1.0,0,0,0,639,359
3242,39407,39406441,11130,250,-1,-1,1,526,86.6,0,-1.0,0,0,0,639,359
3243,39418,39417545,11104,250,-1,-1,1,525,86.7,0,-1.0,0,0,0,639,359
3244,39430,39428653,11108,250,-1,-1,1,524,86.7,0,-1.0,0,0,0,639,359
3245,39441,39439771,11118,250,-1,-1,1,592,86.8,0,-1.0,0,0,0,639,359
3246,39452,39450878,11107,250,-1,-1,1,545,86.8,0,-1.0,0,0,0,639,359
3247,39463,39461989,11111,250,-1,-1,1,634,86.9,0,-1.0,0,0,0,639,359
3248,39474,39473099,11110,250,-1,-1,1,526,86.9,0,-1.0,0,0,0,639,359
3249,39486,39484201,11102,250,-1,-1,1,527,86.9,0,-1.0,0,0,0,639,359
3250,39496,39495313,11112,250,-1,-1,1,524,86.9,1,-1.0,0,0,0,639,359
3251,39507,39506427,11114,250,-1,-1,1,545,87.0,0,-1.0,0,0,0,639,359
3252,39519,39517530,11103,250,-1,-1,1,526,87.0,0,-1.0,0,0,0,639,359
3253,39553,39550848,33318,250,-1,-1,1,588,28.6,0,-1.0,0,0,0,639,359
3254,39563,39561968,11120,250,-1,-1,1,526,45.5,0,-1.0,0,0,0,639,359
3255,39574,39573074,11106,250,-1,-1,1,528,53.6,0,-1.0,0,0,0,639,359
3256,39585,39584184,11110,250,-1,-1,1,526,59.7,0,-1.0,0,0,0,639,359
3257,39596,39595293,11109,250,-1,-1,1,526,64.1,0,-1.0,0,0,0,639,359
3258,39607,39606401,11108,250,-1,-1,1,526,67.4,0,-1.0,0,0,0,639,359
3259,39619,39617515,11114,250,-1,-1,1,526,70.0,1,-1.0,0,0,0,639,359
3260,39629,39628625,11110,250,-1,-1,1,546,72.1,0,-1.0,0,0,0,639,359
3261,39641,39639737,11112,250,-1,-1,1,525,73.8,0,-1.0,0,0,0,639,359
3262,39652,39650844,11107,250,-1,-1,1,525,74.6,0,-1.0,0,0,0,639,359
3263,39663,39661954,11110,250,-1,-1,1,526,75.9,0,-1.0,0,0,0,639,359
3264,39674,39673056,11102,250,-1,-1,1,525,77.4,0,-1.0,0,0,0,639,359
3265,39685,39684167,11111,250,-1,-1,1,525,78.3,0,-1.0,0,0,0,639,359
3266,39696,39695276,11109,250,-1,-1,1,529,78.7,0,-1.0,0,0,0,639,359
3267,39707,39706387,11111,250,-1,-1,1,530,79.4,0,-1.0,0,0,0,639,359
3268,39718,39717495,11108,250,-1,-1,1,527,80.0,1,-1.0,0,0,0,639,359
3269,39729,39728609,11114,250,-1,-1,1,532,80.6,0,-1.0,0,0,0,639,359
3270,39741,39739715,11106,250,-1,-1,1,524,81.1,0,-1.0,0,0,0,639,359
3271,39752,39750827,11112,250,-1,-1,1,527,81.2,0,-1.0,0,0,0,639,359
3272,39763,39761935,11108,250,-1,-1,1,606,82.0,0,-1.0,0,0,0,639,359
3273,39774,39773045,11110,250,-1,-1,1,527,82.4,0,-1.0,0,0,0,639,359
3274,39785,39784150,11105,250,-1,-1,1,525,82.7,0,-1.0,0,0,0,639,359
3275,39796,39795259,11109,250,-1,-1,1,525,82.7,0,-1.0,0,0,0,639,359
3276,39807,39806366,11107,250,-1,-1,1,525,83.0,0,-1.0,0,0,0,639,359
3277,39818,39817478,11112,250,-1,-1,1,525,83.3,1,-1.0,0,0,0,639,359
3278,39829,39828591,11113,250,-1,-1,1,546,83.6,0,-1.0,0,0,0,639,359
3279,39841,39839700,11109,250,-1,-1,1,524,83.9,0,-1.0,0,0,0,639,359
3280,39852,39850809,11109,250,-1,-1,1,526,83.8,0,-1.0,0,0,0,639,359
3281,39863,39861916,11107,250,-1,-1,1,576,84.3,0,-1.0,0,0,0,639,359
3282,39874,39873022,11106,250,-1,-1,1,527,84.5,0,-1.0,0,0,0,639,359
3283,39885,39884133,11111,250,-1,-1,1,528,84.5,0,-1.0,0,0,0,639,359
3284,39896,39895242,11109,250,-1,-1,1,526,84.7,0,-1.0,0,0,0,639,359
3285,39907,39906356,11114,250,-1,-1,1,548,84.8,0,-1.0,0,0,0,639,359
3286,39918,39917460,11104,250,-1,-1,1,525,85.0,1,-1.0,0,0,0,639,359
3287,39930,39928575,11115,250,-1,-1,1,548,85.2,0,-1.0,0,0,0,639,359
3288,39941,39939679,11104,250,-1,-1,1,525,85.3,0,-1.0,0,0,0,639,359
3289,39952,39950794,11115,250,-1,-1,1,526,85.3,0,-1.0,0,0,0,639,359
3290,39963,39961899,11105,250,-1,-1,1,590,85.6,0,-1.0,0,0,0,639,359
3291,39974,39973009,11110,250,-1,-1,1,528,85.5,0,-1.0,0,0,0,639,359
3292,39985,39984120,11111,250,-1,-1,1,527,85.8,0,-1.0,0,0,0,639,359
3293,39996,39995227,11107,250,-1,-1,1,529,85.8,0,-1.0,0,0,0,639,359
3294,40007,40006331,11104,250,-1,-1,1,546,85.9,0,-1.0,0,0,0,639,359
3295,40018,40017446,11115,250,-1,-1,1,526,86.0,1,-1.0,0,0,0,639,359
3296,40029,40028558,11112,250,-1,-1,1,547,86.1,0,-1.0,0,0,0,639,359
3297,40041,40039666,11108,250,-1,-1,1,524,86.2,0,-1.0,0,0,0,639,359
3298,40052,40050774,11108,250,-1,-1,1,527,86.1,0,-1.0,0,0,0,639,359
3299,40063,40061885,11111,250,-1,-1,1,526,86.4,0,-1.0,0,0,0,639,359
3300,40074,40072992,11107,250,-1,-1,1,525,86.5,0,-1.0,0,0,0,639,359
3301,40085,40084099,11107,250,-1,-1,1,527,86.6,0,-1.0,0,0,0,639,359
3302,40096,40095209,11110,250,-1,-1,1,528,86.5,0,-1.0,0,0,0,639,359
3303,40107,40106315,11106,250,-1,-1,1,541,86.6,0,-1.0,0,0,0,639,359
3304,40118,40117426,11111,250,-1,-1,1,527,86.7,1,-1.0,0,0,0,639,359
3305,40129,40128544,11118,250,-1,-1,1,529,86.7,0,-1.0,0,0,0,639,359
3306,40141,40139646,11102,250,-1,-1,1,525,86.8,0,-1.0,0,0,0,639,359
3307,40152,40150758,11112,250,-1,-1,1,527,86.8,0,-1.0,0,0,0,639,359
3308,40163,40161863,11105,250,-1,-1,1,553,87.0,0,-1.0,0,0,0,639,359
3309,40174,40172973,11110,250,-1,-1,1,526,87.0,0,-1.0,0,0,0,639,359
3310,40185,40184082,11109,250,-1,-1,1,526,87.1,0,-1.0,0,0,0,639,359
3311,40196,40195193,11111,250,-1,-1,1,529,87.0,0,-1.0,0,0,0,639,359
3312,40207,40206300,11107,250,-1,-1,1,532,87.1,0,-1.0,0,0,0,639,359
3313,40218,40217407,11107,250,-1,-1,1,527,87.1,1,-1.0,0,0,0,639,359
3314,40229,40228518,11111,250,-1,-1,1,536,87.2,0,-1.0,0,0,0,639,359
3315,40241,40239635,11117,250,-1,-1,1,551,87.3,0,-1.0,0,0,0,639,359
3316,40252,40250738,11103,250,-1,-1,1,629,87.3,0,-1.0,0,0,0,639,359
3317,40263,40261849,11111,250,-1,-1,1,584,87.4,0,-1.0,0,0,0,639,359
3318,40274,40272957,11108,250,-1,-1,1,524,87.4,0,-1.0,0,0,0,639,359
3319,40285,40284065,11108,250,-1,-1,1,524,87.4,0,-1.0,0,0,0,639,359
3320,40296,40295175,11110,250,-1,-1,1,525,87.4,0,-1.0,0,0,0,639,359
3321,40307,40306283,11108,250,-1,-1,1,525,87.5,0,-1.0,0,0,0,639,359
3322,40318,40317393,11110,250,-1,-1,1,528,87.5,1,-1.0,0,0,0,639,359
3323,40329,40328503,11110,250,-1,-1,1,537,87.5,0,-1.0,0,0,0,639,359
3324,40341,40339609,11106,250,-1,-1,1,524,87.6,0,-1.0,0,0,0,639,359
3325,40352,40350721,11112,250,-1,-1,1,525,87.5,0,-1.0,0,0,0,639,359
3326,40363,40361832,11111,250,-1,-1,1,527,87.7,0,-1.0,0,0,0,639,359
3327,40374,40372938,11106,250,-1,-1,1,526,87.7,0,-1.0,0,0,0,639,359
3328,40385,40384044,11106,250,-1,-1,1,524,87.8,0,-1.0,0,0,0,639,359
3329,40396,40395157,11113,250,-1,-1,1,523,87.8,0,-1.0,0,0,0,639,359
3330,40459,40406267,11110,250,-1,-1,1,611,82.9,0,-1.0,0,0,0,639,359
3331,40460,40450682,44415,250,-1,-1,1,605,83.9,1,-1.0,0,0,0,639,359
3332,40463,40461807,11125,250,-1,-1,1,628,84.7,0,-1.0,0,0,0,639,359
3333,40474,40472924,11117,250,-1,-1,1,527,84.8,0,-1.0,0,0,0,639,359
3334,40485,40484031,11107,250,-1,-1,1,527,84.9,0,-1.0,0,0,0,639,359
3335,40496,40495140,11109,250,-1,-1,1,633,84.9,0,-1.0,0,0,0,639,359
3336,40507,40506253,11113,250,-1,-1,1,545,84.9,0,-1.0,0,0,0,639,359
3337,40518,40517359,11106,250,-1,-1,1,547,85.0,0,-1.0,0,0,0,639,359
3338,40556,40550682,33323,250,-1,-1,1,581,26.3,0,-1.0,0,0,0,639,359
3339,40563,40561798,11116,250,-1,-1,1,525,45.5,0,-1.0,0,0,0,639,359
3340,40574,40572901,11103,250,-1,-1,1,527,54.5,1,-1.0,0,0,0,639,359
3341,40585,40584015,11114,250,-1,-1,1,543,60.6,0,-1.0,0,0,0,639,359
3342,40596,40595126,11111,250,-1,-1,1,523,64.1,0,-1.0,0,0,0,639,359
3343,40608,40606232,11106,250,-1,-1,1,527,67.4,0,-1.0,0,0,0,639,359
3344,40618,40617347,11115,250,-1,-1,1,527,70.0,0,-1.0,0,0,0,639,359
3345,40629,40628449,11102,250,-1,-1,1,524,72.1,0,-1.0,0,0,0,639,359
3346,40640,40639559,11110,250,-1,-1,1,525,73.8,0,-1.0,0,0,0,639,359
3347,40651,40650667,11108,250,-1,-1,1,526,75.2,0,-1.0,0,0,0,639,359
3348,40663,40661780,11113,250,-1,-1,1,525,76.4,0,-1.0,0,0,0,639,359
3349,40674,40672883,11103,250,-1,-1,1,526,77.4,1,-1.0,0,0,0,639,359
3350,40685,40683999,11116,250,-1,-1,1,546,77.8,0,-1.0,0,0,0,639,359
3351,40696,40695110,11111,250,-1,-1,1,549,79.1,0,-1.0,0,0,0,639,359
3352,40707,40706215,11105,250,-1,-1,1,607,79.4,0,-1.0,0,0,0,639,359
3353,40718,40717323,11108,250,-1,-1,1,633,80.0,0,-1.0,0,0,0,639,359
3354,40729,40728435,11112,250,-1,-1,1,528,80.6,0,-1.0,0,0,0,639,359
3355,40740,40739541,11106,250,-1,-1,1,528,81.1,0,-1.0,0,0,0,639,359
3356,40751,40750650,11109,250,-1,-1,1,525,81.5,0,-1.0,0,0,0,639,359
3357,40763,40761764,11114,250,-1,-1,1,528,82.0,0,-1.0,0,0,0,639,359
3358,40774,40772869,11105,250,-1,-1,1,525,82.4,1,-1.0,0,0,0,639,359
3359,40785,40783984,11115,250,-1,-1,1,546,82.7,0,-1.0,0,0,0,639,359
3360,40797,40795097,11113,250,-1,-1,1,528,82.7,0,-1.0,0,0,0,639,359
3361,40807,40806202,11105,250,-1,-1,1,524,83.0,0,-1.0,0,0,0,639,359
3362,40818,40817314,11112,250,-1,-1,1,632,83.3,0,-1.0,0,0,0,639,359
3363,40829,40828416,11102,250,-1,-1,1,527,83.6,0,-1.0,0,0,0,639,359
3364,40840,40839525,11109,250,-1,-1,1,526,83.9,0,-1.0,0,0,0,639,359
3365,40851,40850635,11110,250,-1,-1,1,528,84.1,0,-1.0,0,0,0,639,359
3366,40863,40861744,11109,250,-1,-1,1,525,84.3,0,-1.0,0,0,0,639,359
3367,40874,40872854,11110,250,-1,-1,1,527,84.5,1,-1.0,0,0,0,639,359
3368,40885,40883964,11110,250,-1,-1,1,547,84.7,0,-1.0,0,0,0,639,359
3369,40897,40895072,11108,250,-1,-1,1,526,84.7,0,-1.0,0,0,0,639,359
3370,40907,40906187,11115,250,-1,-1,1,531,84.8,0,-1.0,0,0,0,639,359
3371,40918,40917295,11108,250,-1,-1,1,633,85.0,0,-1.0,0,0,0,639,359
3372,40929,40928401,11106,250,-1,-1,1,525,85.2,0,-1.0,0,0,0,639,359
3373,40940,40939510,11109,250,-1,-1,1,528,85.3,0,-1.0,0,0,0,639,359
3374,40952,40950618,11108,250,-1,-1,1,527,85.5,0,-1.0,0,0,0,639,359
3375,40963,40961727,11109,250,-1,-1,1,526,85.6,0,-1.0,0,0,0,639,359
3376,40974,40972835,11108,250,-1,-1,1,526,85.7,1,-1.0,0,0,0,639,359
3377,40985,40983950,11115,250,-1,-1,1,529,85.8,0,-1.0,0,0,0,639,359
3378,40997,40995056,11106,250,-1,-1,1,526,85.8,0,-1.0,0,0,0,639,359
3379,41007,41006164,11108,250,-1,-1,1,525,85.9,0,-1.0,0,0,0,639,359
3380,41018,41017280,11116,250,-1,-1,1,628,86.0,0,-1.0,0,0,0,639,359
3381,41029,41028381,11101,250,-1,-1,1,525,86.1,0,-1.0,0,0,0,639,359
3382,41040,41039489,11108,250,-1,-1,1,526,86.2,0,-1.0,0,0,0,639,359
3383,41051,41050598,11109,250,-1,-1,1,525,86.3,0,-1.0,0,0,0,639,359
3384,41063,41061708,11110,250,-1,-1,1,528,86.4,0,-1.0,0,0,0,639,359
3385,41074,41072820,11112,250,-1,-1,1,529,86.5,1,-1.0,0,0,0,639,359
3386,41085,41083932,11112,250,-1,-1,1,529,86.6,0,-1.0,0,0,0,639,359
3387,41096,41095042,11110,250,-1,-1,1,530,86.7,0,-1.0,0,0,0,639,359
3388,41107,41106149,11107,250,-1,-1,1,527,86.7,0,-1.0,0,0,0,639,359
3389,41118,41117255,11106,250,-1,-1,1,628,86.7,0,-1.0,0,0,0,639,359
3390,41129,41128369,11114,250,-1,-1,1,525,86.7,0,-1.0,0,0,0,639,359
3391,41140,41139472,11103,250,-1,-1,1,525,86.8,0,-1.0,0,0,0,639,359
3392,41151,41150585,11113,250,-1,-1,1,525,86.9,0,-1.0,0,0,0,639,359
3393,41162,41161691,11106,250,-1,-1,1,524,87.0,0,-1.0,0,0,0,639,359
3394,41174,41172802,11111,250,-1,-1,1,528,87.0,1,-1.0,0,0,0,639,359
3395,41185,41183914,11112,250,-1,-1,1,547,87.1,0,-1.0,0,0,0,639,359
3396,41196,41195023,11109,250,-1,-1,1,544,87.1,0,-1.0,0,0,0,639,359
3397,41207,41206129,11106,250,-1,-1,1,527,87.2,0,-1.0,0,0,0,639,359
3398,41218,41217241,11112,250,-1,-1,1,627,87.1,0,-1.0,0,0,0,639,359
3399,41229,41228348,11107,250,-1,-1,1,528,87.2,0,-1.0,0,0,0,639,359
3400,41240,41239458,11110,250,-1,-1,1,527,87.3,0,-1.0,0,0,0,639,359
3401,41251,41250563,11105,250,-1,-1,1,526,87.3,0,-1.0,0,0,0,639,359
3402,41263,41261675,11112,250,-1,-1,1,526,87.4,0,-1.0,0,0,0,639,359
3403,41274,41272786,11111,250,-1,-1,1,525,87.4,1,-1.0,0,0,0,639,359
3404,41285,41283904,11118,250,-1,-1,1,543,87.5,0,-1.0,0,0,0,639,359
3405,41296,41295004,11100,250,-1,-1,1,549,87.5,0,-1.0,0,0,0,639,359
3406,41307,41306115,11111,250,-1,-1,1,526,87.5,0,-1.0,0,0,0,639,359
3407,41318,41317221,11106,250,-1,-1,1,710,87.5,0,-1.0,0,0,0,639,359
3408,41329,41328333,11112,250,-1,-1,1,527,87.5,0,-1.0,0,0,0,639,359
3409,41340,41339437,11104,250,-1,-1,1,527,87.6,0,-1.0,0,0,0,639,359
3410,41352,41350549,11112,250,-1,-1,1,525,87.6,0,-1.0,0,0,0,639,359
3411,41363,41361654,11105,250,-1,-1,1,524,87.7,0,-1.0,0,0,0,639,359
3412,41374,41372766,11112,250,-1,-1,1,523,87.7,1,-1.0,0,0,0,639,359
3413,41385,41383877,11111,250,-1,-1,1,546,87.8,0,-1.0,0,0,0,639,359
3414,41396,41394992,11115,250,-1,-1,1,547,87.7,0,-1.0,0,0,0,639,359
3415,41407,41406094,11102,250,-1,-1,1,526,87.8,0,-1.0,0,0,0,639,359
3416,41418,41417210,11116,250,-1,-1,1,633,87.8,0,-1.0,0,0,0,639,359
3417,41429,41428316,11106,250,-1,-1,1,526,87.8,0,-1.0,0,0,0,639,359
3418,41440,41439424,11108,250,-1,-1,1,637,87.9,0,-1.0,0,0,0,639,359
3419,41452,41450532,11108,250,-1,-1,1,527,87.9,0,-1.0,0,0,0,639,359
3420,41520,41461641,11109,250,-1,-1,1,611,82.8,0,-1.0,0,0,0,639,359
3421,41576,41572727,111086,250,-1,-1,1,585,17.9,1,-1.0,0,0,0,639,359
3422,41585,41583848,11121,250,-1,-1,1,547,31.2,0,-1.0,0,0,0,639,359
3423,41596,41594958,11110,250,-1,-1,1,631,40.0,0,-1.0,0,0,0,639,359
3424,41607,41606062,11104,250,-1,-1,1,527,46.5,0,-1.0,0,0,0,639,359
3425,41618,41617172,11110,250,-1,-1,1,594,51.0,0,-1.0,0,0,0,639,359
3426,41629,41628277,11105,250,-1,-1,1,526,55.0,0,-1.0,0,0,0,639,359
3427,41640,41639394,11117,250,-1,-1,1,527,58.3,0,-1.0,0,0,0,639,359
3428,41651,41650496,11102,250,-1,-1,1,526,61.1,0,-1.0,0,0,0,639,359
3429,41663,41661606,11110,250,-1,-1,1,526,63.4,0,-1.0,0,0,0,639,359
3430,41674,41672715,11109,250,-1,-1,1,525,65.4,1,-1.0,0,0,0,639,359
3431,41685,41683828,11113,250,-1,-1,1,545,67.1,0,-1.0,0,0,0,639,359
3432,41696,41694934,11106,250,-1,-1,1,526,68.2,0,-1.0,0,0,0,639,359
3433,41707,41706050,11116,250,-1,-1,1,529,69.5,0,-1.0,0,0,0,639,359
3434,41718,41717161,11111,250,-1,-1,1,626,70.7,0,-1.0,0,0,0,639,359
3435,41729,41728267,11106,250,-1,-1,1,528,71.8,0,-1.0,0,0,0,639,359
3436,41740,41739372,11105,250,-1,-1,1,527,72.7,0,-1.0,0,0,0,639,359
3437,41751,41750480,11108,250,-1,-1,1,525,73.6,0,-1.0,0,0,0,639,359
3438,41762,41761590,11110,250,-1,-1,1,527,74.4,0,-1.0,0,0,0,639,359
3439,41773,41772699,11109,250,-1,-1,1,527,75.1,1,-1.0,0,0,0,639,359
3440,41785,41783808,11109,250,-1,-1,1,546,75.8,0,-1.0,0,0,0,639,359
3441,41796,41794921,11113,250,-1,-1,1,545,76.4,0,-1.0,0,0,0,639,359
3442,41807,41806028,11107,250,-1,-1,1,525,76.9,0,-1.0,0,0,0,639,359
3443,41818,41817142,11114,250,-1,-1,1,632,77.2,0,-1.0,0,0,0,639,359
3444,41829,41828250,11108,250,-1,-1,1,525,77.7,0,-1.0,0,0,0,639,359
3445,41840,41839355,11105,250,-1,-1,1,525,78.1,0,-1.0,0,0,0,639,359
3446,41851,41850461,11106,250,-1,-1,1,526,78.5,0,-1.0,0,0,0,639,359
3447,41862,41861572,11111,250,-1,-1,1,525,78.9,0,-1.0,0,0,0,639,359
3448,41873,41872679,11107,250,-1,-1,1,528,79.3,1,-1.0,0,0,0,639,359
3449,41885,41883797,11118,250,-1,-1,1,535,79.7,0,-1.0,0,0,0,639,359
3450,41896,41894901,11104,250,-1,-1,1,634,80.0,0,-1.0,0,0,0,639,359
3451,41907,41906013,11112,250,-1,-1,1,526,80.3,0,-1.0,0,0,0,639,359
3452,41918,41917121,11108,250,-1,-1,1,628,80.4,0,-1.0,0,0,0,639,359
3453,41929,41928232,11111,250,-1,-1,1,528,80.7,0,-1.0,0,0,0,639,359
3454,41940,41939337,11105,250,-1,-1,1,527,81.0,0,-1.0,0,0,0,639,359
3455,41951,41950445,11108,250,-1,-1,1,526,81.2,0,-1.0,0,0,0,639,359
3456,41962,41961557,11112,250,-1,-1,1,526,81.4,0,-1.0,0,0,0,639,359
3457,41974,41972666,11109,250,-1,-1,1,630,81.7,1,-1.0,0,0,0,639,359
3458,41985,41983778,11112,250,-1,-1,1,547,81.9,0,-1.0,0,0,0,639,359
3459,41996,41994889,11111,250,-1,-1,1,549,82.1,0,-1.0,0,0,0,639,359
3460,42007,42005992,11103,250,-1,-1,1,526,82.3,0,-1.0,0,0,0,639,359
3461,42018,42017103,11111,250,-1,-1,1,631,82.3,0,-1.0,0,0,0,639,359
3462,42029,42028210,11107,250,-1,-1,1,527,82.5,0,-1.0,0,0,0,639,359
3463,42040,42039323,11113,250,-1,-1,1,527,82.7,0,-1.0,0,0,0,639,359
3464,42051,42050425,11102,250,-1,-1,1,527,82.9,0,-1.0,0,0,0,639,359
3465,42062,42061538,11113,250,-1,-1,1,526,83.0,0,-1.0,0,0,0,639,359
3466,42073,42072646,11108,250,-1,-1,1,526,83.2,1,-1.0,0,0,0,639,359
3467,42085,42083762,11116,250,-1,-1,1,547,83.3,0,-1.0,0,0,0,639,359
3468,42096,42094868,11106,250,-1,-1,1,546,83.5,0,-1.0,0,0,0,639,359
3469,42107,42105980,11112,250,-1,-1,1,526,83.6,0,-1.0,0,0,0,639,359
3470,42118,42117086,11106,250,-1,-1,1,634,83.6,0,-1.0,0,0,0,639,359
3471,42129,42128200,11114,250,-1,-1,1,528,83.7,0,-1.0,0,0,0,639,359
3472,42140,42139304,11104,250,-1,-1,1,527,83.9,0,-1.0,0,0,0,639,359
3473,42151,42150412,11108,250,-1,-1,1,525,84.0,0,-1.0,0,0,0,639,359
3474,42162,42161520,11108,250,-1,-1,1,527,84.1,0,-1.0,0,0,0,639,359
3475,42174,42172633,11113,250,-1,-1,1,524,84.2,1,-1.0,0,0,0,639,359
3476,42185,42183745,11112,250,-1,-1,1,544,84.3,0,-1.0,0,0,0,639,359
3477,42196,42194855,11110,250,-1,-1,1,548,84.4,0,-1.0,0,0,0,639,359
3478,42207,42205961,11106,250,-1,-1,1,542,84.5,0,-1.0,0,0,0,639,359
3479,42218,42217073,11112,250,-1,-1,1,626,84.5,0,-1.0,0,0,0,639,359
3480,42229,42228175,11102,250,-1,-1,1,529,84.6,0,-1.0,0,0,0,639,359
3481,42240,42239293,11118,250,-1,-1,1,529,84.7,0,-1.0,0,0,0,639,359
3482,42251,42250393,11100,250,-1,-1,1,528,84.8,0,-1.0,0,0,0,639,359
3483,42262,42261505,11112,250,-1,-1,1,527,84.9,0,-1.0,0,0,0,639,359
3484,42274,42272611,11106,250,-1,-1,1,523,85.0,1,-1.0,0,0,0,639,359
3485,42285,42283729,11118,250,-1,-1,1,580,85.1,0,-1.0,0,0,0,639,359
3486,42296,42294837,11108,250,-1,-1,1,629,85.2,0,-1.0,0,0,0,639,359
3487,42307,42305948,11111,250,-1,-1,1,525,85.2,0,-1.0,0,0,0,639,359
3488,42318,42317049,11101,250,-1,-1,1,525,85.2,0,-1.0,0,0,0,639,359
3489,42329,42328164,11115,250,-1,-1,1,524,85.3,0,-1.0,0,0,0,639,359
3490,42340,42339266,11102,250,-1,-1,1,525,85.4,0,-1.0,0,0,0,639,359
3491,42351,42350376,11110,250,-1,-1,1,528,85.4,0,-1.0,0,0,0,639,359
3492,42362,42361487,11111,250,-1,-1,1,527,85.5,0,-1.0,0,0,0,639,359
3493,42373,42372597,11110,250,-1,-1,1,527,85.6,1,-1.0,0,0,0,639,359
3494,42385,42383704,11107,250,-1,-1,1,534,85.6,0,-1.0,0,0,0,639,359
3495,42396,42394814,11110,250,-1,-1,1,529,85.7,0,-1.0,0,0,0,639,359
3496,42407,42405927,11113,250,-1,-1,1,528,85.8,0,-1.0,0,0,0,639,359
3497,42418,42417042,11115,250,-1,-1,1,633,85.7,0,-1.0,0,0,0,639,359
3498,42429,42428144,11102,250,-1,-1,1,525,85.9,0,-1.0,0,0,0,639,359
3499,42440,42439254,11110,250,-1,-1,1,525,85.9,0,-1.0,0,0,0,639,359
3500,42451,42450359,11105,250,-1,-1,1,525,85.9,0,-1.0,0,0,0,639,359
3501,42462,42461468,11109,250,-1,-1,1,529,86.0,0,-1.0,0,0,0,639,359
3502,42473,42472580,11112,250,-1,-1,1,527,86.0,1,-1.0,0,0,0,639,359
3503,42485,42483692,11112,250,-1,-1,1,541,86.1,0,-1.0,0,0,0,639,359
3504,42496,42494801,11109,250,-1,-1,1,540,86.2,0,-1.0,0,0,0,639,359
3505,42507,42505908,11107,250,-1,-1,1,524,86.2,0,-1.0,0,0,0,639,359
3506,42518,42517018,11110,250,-1,-1,1,634,86.2,0,-1.0,0,0,0,639,359
3507,42529,42528128,11110,250,-1,-1,1,528,86.3,0,-1.0,0,0,0,639,359
3508,42540,42539233,11105,250,-1,-1,1,527,83.3,0,-1.0,0,0,0,639,359
3509,42551,42550343,11110,250,-1,-1,1,529,87.0,0,-1.0,0,0,0,639,359
3510,42627,42561452,11109,250,-1,-1,1,2206,30.0,0,-1.0,0,0,0,639,359
3511,42629,42628099,66647,250,-1,-1,1,601,39.6,1,-1.0,0,0,0,639,359
3512,42640,42639222,11123,250,-1,-1,1,537,44.6,0,-1.0,0,0,0,639,359
3513,42651,42650328,11106,250,-1,-1,1,526,48.8,0,-1.0,0,0,0,639,359
3514,42662,42661435,11107,250,-1,-1,1,526,52.2,0,-1.0,0,0,0,639,359
3515,42673,42672548,11113,250,-1,-1,1,630,55.2,0,-1.0,0,0,0,639,359
3516,42685,42683661,11113,250,-1,-1,1,545,57.7,0,-1.0,0,0,0,639,359
3517,42696,42694765,11104,250,-1,-1,1,631,59.9,0,-1.0,0,0,0,639,359
3518,42707,42705876,11111,250,-1,-1,1,525,61.8,0,-1.0,0,0,0,639,359
3519,42718,42716980,11104,250,-1,-1,1,591,63.5,0,-1.0,0,0,0,639,359
3520,42729,42728094,11114,250,-1,-1,1,526,64.7,1,-1.0,0,0,0,639,359
3521,42740,42739207,11113,250,-1,-1,1,545,66.0,0,-1.0,0,0,0,639,359
3522,42751,42750317,11110,250,-1,-1,1,628,67.3,0,-1.0,0,0,0,639,359
3523,42762,42761420,11103,250,-1,-1,1,634,68.4,0,-1.0,0,0,0,639,359
3524,42773,42772530,11110,250,-1,-1,1,528,69.4,0,-1.0,0,0,0,639,359
3525,42784,42783636,11106,250,-1,-1,1,527,70.3,0,-1.0,0,0,0,639,359
3526,42796,42794747,11111,250,-1,-1,1,526,71.2,0,-1.0,0,0,0,639,359
3527,42807,42805854,11107,250,-1,-1,1,527,71.9,0,-1.0,0,0,0,639,359
3528,42818,42816962,11108,250,-1,-1,1,526,72.7,0,-1.0,0,0,0,639,359
3529,42829,42828070,11108,250,-1,-1,1,526,73.3,1,-1.0,0,0,0,639,359
3530,42840,42839190,11120,250,-1,-1,1,545,73.7,0,-1.0,0,0,0,639,359
3531,42851,42850293,11103,250,-1,-1,1,546,74.3,0,-1.0,0,0,0,639,359
3532,42862,42861404,11111,250,-1,-1,1,527,74.9,0,-1.0,0,0,0,639,359
3533,42873,42872515,11111,250,-1,-1,1,628,75.4,0,-1.0,0,0,0,639,359
3534,42884,42883622,11107,250,-1,-1,1,529,75.8,0,-1.0,0,0,0,639,359
3535,42896,42894726,11104,250,-1,-1,1,527,76.3,0,-1.0,0,0,0,639,359
3536,42907,42905838,11112,250,-1,-1,1,527,76.7,0,-1.0,0,0,0,639,359
3537,42918,42916945,11107,250,-1,-1,1,525,77.1,0,-1.0,0,0,0,639,359
3538,42929,42928057,11112,250,-1,-1,1,528,77.5,1,-1.0,0,0,0,639,359
3539,42940,42939171,11114,250,-1,-1,1,547,77.7,0,-1.0,0,0,0,639,359
3540,42951,42950282,11111,250,-1,-1,1,546,78.0,0,-1.0,0,0,0,639,359
3541,42962,42961386,11104,250,-1,-1,1,525,78.3,0,-1.0,0,0,0,639,359
3542,42973,42972498,11112,250,-1,-1,1,633,78.7,0,-1.0,0,0,0,639,359
3543,42984,42983607,11109,250,-1,-1,1,525,78.9,0,-1.0,0,0,0,639,359
3544,42996,42994712,11105,250,-1,-1,1,526,79.2,0,-1.0,0,0,0,639,359
3545,43007,43005819,11107,250,-1,-1,1,528,79.5,0,-1.0,0,0,0,639,359
3546,43018,43016930,11111,250,-1,-1,1,527,79.8,0,-1.0,0,0,0,639,359
3547,43029,43028038,11108,250,-1,-1,1,527,80.0,1,-1.0,0,0,0,639,359
3548,43040,43039153,11115,250,-1,-1,1,546,80.1,0,-1.0,0,0,0,639,359
3549,43051,43050262,11109,250,-1,-1,1,548,80.3,0,-1.0,0,0,0,639,359
3550,43062,43061370,11108,250,-1,-1,1,525,80.5,0,-1.0,0,0,0,639,359
3551,43073,43072480,11110,250,-1,-1,1,628,80.7,0,-1.0,0,0,0,639,359
3552,43085,43083588,11108,250,-1,-1,1,526,80.9,0,-1.0,0,0,0,639,359
3553,43095,43094696,11108,250,-1,-1,1,524,81.1,0,-1.0,0,0,0,639,359
3554,43107,43105805,11109,250,-1,-1,1,526,81.3,0,-1.0,0,0,0,639,359
3555,43118,43116911,11106,250,-1,-1,1,530,81.5,0,-1.0,0,0,0,639,359
3556,43129,43128023,11112,250,-1,-1,1,528,81.5,1,-1.0,0,0,0,639,359
3557,43140,43139133,11110,250,-1,-1,1,538,81.8,0,-1.0,0,0,0,639,359
3558,43151,43150244,11111,250,-1,-1,1,531,81.9,0,-1.0,0,0,0,639,359
3559,43162,43161351,11107,250,-1,-1,1,526,82.0,0,-1.0,0,0,0,639,359
3560,43173,43172462,11111,250,-1,-1,1,628,82.2,0,-1.0,0,0,0,639,359
3561,43184,43183569,11107,250,-1,-1,1,529,82.3,0,-1.0,0,0,0,639,359
3562,43195,43194675,11106,250,-1,-1,1,525,82.5,0,-1.0,0,0,0,639,359
3563,43207,43205785,11110,250,-1,-1,1,525,82.6,0,-1.0,0,0,0,639,359
3564,43218,43216897,11112,250,-1,-1,1,525,82.7,0,-1.0,0,0,0,639,359
3565,43229,43228006,11109,250,-1,-1,1,526,82.9,1,-1.0,0,0,0,639,359
3566,43240,43239120,11114,250,-1,-1,1,547,83.0,0,-1.0,0,0,0,639,359
3567,43251,43250224,11104,250,-1,-1,1,546,83.0,0,-1.0,0,0,0,639,359
3568,43262,43261334,11110,250,-1,-1,1,526,83.1,0,-1.0,0,0,0,639,359
3569,43273,43272439,11105,250,-1,-1,1,629,83.2,0,-1.0,0,0,0,639,359
3570,43284,43283557,11118,250,-1,-1,1,527,83.3,0,-1.0,0,0,0,639,359
3571,43295,43294662,11105,250,-1,-1,1,528,83.4,0,-1.0,0,0,0,639,359
3572,43307,43305771,11109,250,-1,-1,1,525,83.5,0,-1.0,0,0,0,639,359
3573,43318,43316877,11106,250,-1,-1,1,527,83.7,0,-1.0,0,0,0,639,359
3574,43329,43327992,11115,250,-1,-1,1,526,83.8,1,-1.0,0,0,0,639,359
3575,43340,43339103,11111,250,-1,-1,1,547,83.8,0,-1.0,0,0,0,639,359
3576,43351,43350210,11107,250,-1,-1,1,548,83.8,0,-1.0,0,0,0,639,359
3577,43362,43361316,11106,250,-1,-1,1,534,83.9,0,-1.0,0,0,0,639,359
3578,43373,43372431,11115,250,-1,-1,1,633,84.0,0,-1.0,0,0,0,639,359
3579,43384,43383538,11107,250,-1,-1,1,526,84.1,0,-1.0,0,0,0,639,359
3580,43396,43394644,11106,250,-1,-1,1,525,84.2,0,-1.0,0,0,0,639,359
3581,43407,43405747,11103,250,-1,-1,1,528,84.3,0,-1.0,0,0,0,639,359
3582,43418,43416860,11113,250,-1,-1,1,527,84.4,0,-1.0,0,0,0,639,359
3583,43429,43427967,11107,250,-1,-1,1,528,84.4,1,-1.0,0,0,0,639,359
3584,43440,43439085,11118,250,-1,-1,1,547,84.4,0,-1.0,0,0,0,639,359
3585,43451,43450188,11103,250,-1,-1,1,545,84.5,0,-1.0,0,0,0,639,359
3586,43462,43461302,11114,250,-1,-1,1,534,84.6,0,-1.0,0,0,0,639,359
3587,43473,43472410,11108,250,-1,-1,1,633,84.7,0,-1.0,0,0,0,639,359
3588,43485,43483522,11112,250,-1,-1,1,524,84.7,0,-1.0,0,0,0,639,359
3589,43495,43494623,11101,250,-1,-1,1,526,84.8,0,-1.0,0,0,0,639,359
3590,43507,43505736,11113,250,-1,-1,1,525,84.9,0,-1.0,0,0,0,639,359
3591,43518,43516840,11104,250,-1,-1,1,528,84.9,0,-1.0,0,0,0,639,359
3592,43529,43527953,11113,250,-1,-1,1,528,85.0,1,-1.0,0,0,0,639,359
3593,43583,43572383,44430,250,-1,-1,1,1924,18.2,0,-1.0,0,0,0,639,359
3594,43585,43583491,11108,250,-1,-1,1,533,36.4,0,-1.0,0,0,0,639,359
3595,43595,43594610,11119,250,-1,-1,1,527,45.5,0,-1.0,0,0,0,639,359
3596,43607,43605718,11108,250,-1,-1,1,526,51.9,0,-1.0,0,0,0,639,359
3597,43618,43616824,11106,250,-1,-1,1,526,56.8,0,-1.0,0,0,0,639,359
3598,43629,43627936,11112,250,-1,-1,1,525,60.6,0,-1.0,0,0,0,639,359
3599,43640,43639045,11109,250,-1,-1,1,525,63.6,0,-1.0,0,0,0,639,359
3600,43718,43650151,11106,250,-1,-1,1,612,42.6,0,-1.0,0,0,0,639,359
3601,43718,43716793,66642,250,-1,-1,1,619,47.6,1,-1.0,0,0,0,639,359
3602,43729,43727924,11131,250,-1,-1,1,526,50.3,0,-1.0,0,0,0,639,359
3603,43740,43739029,11105,250,-1,-1,1,526,52.4,0,-1.0,0,0,0,639,359
3604,43751,43750134,11105,250,-1,-1,1,526,54.1,0,-1.0,0,0,0,639,359
3605,43762,43761250,11116,250,-1,-1,1,628,55.8,0,-1.0,0,0,0,639,359
3606,43773,43772363,11113,250,-1,-1,1,546,57.4,0,-1.0,0,0,0,639,359
3607,43784,43783467,11104,250,-1,-1,1,528,58.8,0,-1.0,0,0,0,639,359
3608,43796,43794578,11111,250,-1,-1,1,555,60.2,0,-1.0,0,0,0,639,359
3609,43807,43805687,11109,250,-1,-1,1,631,61.4,0,-1.0,0,0,0,639,359
3610,43818,43816797,11110,250,-1,-1,1,529,62.5,1,-1.0,0,0,0,639,359
3611,43829,43827908,11111,250,-1,-1,1,543,63.5,0,-1.0,0,0,0,639,359
3612,43840,43839015,11107,250,-1,-1,1,635,64.3,0,-1.0,0,0,0,639,359
3613,43851,43850257,11242,250,-1,-1,1,527,65.2,0,-1.0,0,0,0,639,359
3614,43862,43861236,10979,250,-1,-1,1,525,66.1,0,-1.0,0,0,0,639,359
3615,43873,43872344,11108,250,-1,-1,1,529,66.9,0,-1.0,0,0,0,639,359
3616,43884,43883449,11105,250,-1,-1,1,525,67.6,0,-1.0,0,0,0,639,359
3617,43895,43894557,11108,250,-1,-1,1,524,68.3,0,-1.0,0,0,0,639,359
3618,43906,43905667,11110,250,-1,-1,1,525,69.0,0,-1.0,0,0,0,639,359
3619,43918,43916774,11107,250,-1,-1,1,527,69.6,1,-1.0,0,0,0,639,359
3620,43929,43927894,11120,250,-1,-1,1,540,70.2,0,-1.0,0,0,0,639,359
3621,43940,43938996,11102,250,-1,-1,1,544,70.7,0,-1.0,0,0,0,639,359
3622,43951,43950106,11110,250,-1,-1,1,556,71.1,0,-1.0,0,0,0,639,359
3623,43962,43961215,11109,250,-1,-1,1,633,71.6,0,-1.0,0,0,0,639,359
3624,43973,43972326,11111,250,-1,-1,1,528,72.1,0,-1.0,0,0,0,639,359
3625,43984,43983431,11105,250,-1,-1,1,528,72.5,0,-1.0,0,0,0,639,359
3626,43995,43994541,11110,250,-1,-1,1,526,73.0,0,-1.0,0,0,0,639,359
3627,44006,44005648,11107,250,-1,-1,1,529,73.4,0,-1.0,0,0,0,639,359
3628,44018,44016755,11107,250,-1,-1,1,525,73.8,1,-1.0,0,0,0,639,359
3629,44029,44027872,11117,250,-1,-1,1,546,74.1,0,-1.0,0,0,0,639,359
3630,44040,44038981,11109,250,-1,-1,1,544,74.5,0,-1.0,0,0,0,639,359
3631,44051,44050090,11109,250,-1,-1,1,529,74.7,0,-1.0,0,0,0,639,359
3632,44062,44061195,11105,250,-1,-1,1,631,75.0,0,-1.0,0,0,0,639,359
3633,44073,44072307,11112,250,-1,-1,1,525,75.4,0,-1.0,0,0,0,639,359
3634,44084,44083412,11105,250,-1,-1,1,528,75.7,0,-1.0,0,0,0,639,359
3635,44095,44094521,11109,250,-1,-1,1,527,76.0,0,-1.0,0,0,0,639,359
3636,44107,44105631,11110,250,-1,-1,1,526,76.3,0,-1.0,0,0,0,639,359
3637,44118,44116740,11109,250,-1,-1,1,527,76.5,1,-1.0,0,0,0,639,359
3638,44129,44127854,11114,250,-1,-1,1,545,76.8,0,-1.0,0,0,0,639,359
3639,44140,44138959,11105,250,-1,-1,1,525,77.0,0,-1.0,0,0,0,639,359
3640,44151,44150069,11110,250,-1,-1,1,552,77.2,0,-1.0,0,0,0,639,359
3641,44162,44161180,11111,250,-1,-1,1,631,77.4,0,-1.0,0,0,0,639,359
3642,44173,44172437,11257,250,-1,-1,1,526,77.6,0,-1.0,0,0,0,639,359
3643,44184,44183398,10961,250,-1,-1,1,525,77.9,0,-1.0,0,0,0,639,359
3644,44195,44194508,11110,250,-1,-1,1,525,78.1,0,-1.0,0,0,0,639,359
3645,44206,44205616,11108,250,-1,-1,1,527,78.3,0,-1.0,0,0,0,639,359
3646,44218,44216726,11110,250,-1,-1,1,524,78.5,1,-1.0,0,0,0,639,359
3647,44229,44227841,11115,250,-1,-1,1,533,78.7,0,-1.0,0,0,0,639,359
3648,44242,44238943,11102,250,-1,-1,1,534,78.7,0,-1.0,0,0,0,639,359
3649,44251,44250055,11112,250,-1,-1,1,626,78.9,0,-1.0,0,0,0,639,359
3650,44262,44261164,11109,250,-1,-1,1,630,79.1,0,-1.0,0,0,0,639,359
3651,44273,44272326,11162,250,-1,-1,1,525,79.3,0,-1.0,0,0,0,639,359
3652,44284,44283381,11055,250,-1,-1,1,525,79.5,0,-1.0,0,0,0,639,359
3653,44295,44294489,11108,250,-1,-1,1,526,79.6,0,-1.0,0,0,0,639,359
3654,44306,44305603,11114,250,-1,-1,1,526,79.8,0,-1.0,0,0,0,639,359
3655,44318,44316708,11105,250,-1,-1,1,529,79.9,1,-1.0,0,0,0,639,359
3656,44329,44327822,11114,250,-1,-1,1,654,80.1,0,-1.0,0,0,0,639,359
3657,44340,44338927,11105,250,-1,-1,1,586,80.2,0,-1.0,0,0,0,639,359
3658,44351,44350036,11109,250,-1,-1,1,527,80.4,0,-1.0,0,0,0,639,359
3659,44362,44361142,11106,250,-1,-1,1,630,80.4,0,-1.0,0,0,0,639,359
3660,44373,44372312,11170,250,-1,-1,1,525,80.6,0,-1.0,0,0,0,639,359
3661,44384,44383358,11046,250,-1,-1,1,529,80.7,0,-1.0,0,0,0,639,359
3662,44395,44394472,11114,250,-1,-1,1,526,80.8,0,-1.0,0,0,0,639,359
3663,44406,44405580,11108,250,-1,-1,1,525,81.0,0,-1.0,0,0,0,639,359
3664,44418,44416691,11111,250,-1,-1,1,525,81.1,1,-1.0,0,0,0,639,359
3665,44429,44427802,11111,250,-1,-1,1,545,81.2,0,-1.0,0,0,0,639,359
3666,44440,44438912,11110,250,-1,-1,1,589,81.3,0,-1.0,0,0,0,639,359
3667,44451,44450018,11106,250,-1,-1,1,527,81.4,0,-1.0,0,0,0,639,359
3668,44462,44461130,11112,250,-1,-1,1,635,81.5,0,-1.0,0,0,0,639,359
3669,44473,44472235,11105,250,-1,-1,1,527,81.6,0,-1.0,0,0,0,639,359
3670,44484,44483347,11112,250,-1,-1,1,529,81.7,0,-1.0,0,0,0,639,359
3671,44495,44494456,11109,250,-1,-1,1,527,81.8,0,-1.0,0,0,0,639,359
3672,44506,44505561,11105,250,-1,-1,1,527,81.9,0,-1.0,0,0,0,639,359
3673,44517,44516671,11110,250,-1,-1,1,527,82.0,1,-1.0,0,0,0,639,359
3674,44529,44527786,11115,250,-1,-1,1,545,82.1,0,-1.0,0,0,0,639,359
3675,44540,44538893,11107,250,-1,-1,1,546,82.2,0,-1.0,0,0,0,639,359
3676,44577,44572221,33328,250,-1,-1,1,525,27.0,0,-1.0,0,0,0,639,359
3677,44584,44583333,11112,250,-1,-1,1,525,44.4,0,-1.0,0,0,0,639,359
3678,44595,44594435,11102,250,-1,-1,1,528,53.6,0,-1.0,0,0,0,639,359
3679,44606,44605545,11110,250,-1,-1,1,526,59.7,0,-1.0,0,0,0,639,359
3680,44617,44616655,11110,250,-1,-1,1,528,64.1,0,-1.0,0,0,0,639,359
3681,44629,44627762,11107,250,-1,-1,1,529,67.4,0,-1.0,0,0,0,639,359
3682,44640,44638878,11116,250,-1,-1,1,527,70.0,1,-1.0,0,0,0,639,359
3683,44651,44649983,11105,250,-1,-1,1,546,72.1,0,-1.0,0,0,0,639,359
3684,44662,44661096,11113,250,-1,-1,1,544,73.8,0,-1.0,0,0,0,639,359
3685,44673,44672202,11106,250,-1,-1,1,628,74.6,0,-1.0,0,0,0,639,359
3686,44684,44683318,11116,250,-1,-1,1,633,75.9,0,-1.0,0,0,0,639,359
3687,44695,44694606,11288,250,-1,-1,1,528,76.9,0,-1.0,0,0,0,639,359
3688,44706,44705531,10925,250,-1,-1,1,525,77.8,0,-1.0,0,0,0,639,359
3689,44717,44716639,11108,250,-1,-1,1,629,78.7,0,-1.0,0,0,0,639,359
3690,44793,44727749,11110,250,-1,-1,1,2214,58.8,0,-1.0,0,0,0,639,359
3691,44796,44794441,66692,250,-1,-1,1,602,62.5,1,-1.0,0,0,0,639,359
3692,44806,44805517,11076,250,-1,-1,1,524,63.7,0,-1.0,0,0,0,639,359
3693,44818,44816621,11104,250,-1,-1,1,528,64.7,0,-1.0,0,0,0,639,359
3694,44829,44827732,11111,250,-1,-1,1,527,65.7,0,-1.0,0,0,0,639,359
3695,44840,44838849,11117,250,-1,-1,1,724,66.7,0,-1.0,0,0,0,639,359
3696,44851,44849953,11104,250,-1,-1,1,545,67.5,0,-1.0,0,0,0,639,359
3697,44862,44861064,11111,250,-1,-1,1,534,68.1,0,-1.0,0,0,0,639,359
3698,44873,44872170,11106,250,-1,-1,1,525,68.9,0,-1.0,0,0,0,639,359
3699,44884,44883280,11110,250,-1,-1,1,629,69.6,0,-1.0,0,0,0,639,359
3700,44895,44894393,11113,250,-1,-1,1,529,70.2,1,-1.0,0,0,0,639,359
3701,44906,44905500,11107,250,-1,-1,1,548,70.8,0,-1.0,0,0,0,639,359
3702,44918,44916607,11107,250,-1,-1,1,633,71.4,0,-1.0,0,0,0,639,359
3703,44929,44927734,11127,250,-1,-1,1,632,72.0,0,-1.0,0,0,0,639,359
3704,44940,44938824,11090,250,-1,-1,1,524,72.5,0,-1.0,0,0,0,639,359
3705,44951,44949936,11112,250,-1,-1,1,526,73.0,0,-1.0,0,0,0,639,359
3706,44962,44961041,11105,250,-1,-1,1,528,73.5,0,-1.0,0,0,0,639,359
3707,44973,44972154,11113,250,-1,-1,1,529,73.9,0,-1.0,0,0,0,639,359
3708,44984,44983256,11102,250,-1,-1,1,527,74.2,0,-1.0,0,0,0,639,359
3709,44995,44994368,11112,250,-1,-1,1,528,74.6,1,-1.0,0,0,0,639,359
3710,45006,45005485,11117,250,-1,-1,1,532,74.9,0,-1.0,0,0,0,639,359
3711,45017,45016591,11106,250,-1,-1,1,530,75.3,0,-1.0,0,0,0,639,359
3712,45029,45027698,11107,250,-1,-1,1,553,75.7,0,-1.0,0,0,0,639,359
3713,45040,45038805,11107,250,-1,-1,1,629,76.0,0,-1.0,0,0,0,639,359
3714,45051,45049915,11110,250,-1,-1,1,608,76.3,0,-1.0,0,0,0,639,359
3715,45062,45061029,11114,250,-1,-1,1,525,76.6,0,-1.0,0,0,0,639,359
3716,45073,45072130,11101,250,-1,-1,1,526,76.9,0,-1.0,0,0,0,639,359
3717,45084,45083246,11116,250,-1,-1,1,529,77.1,0,-1.0,0,0,0,639,359
3718,45095,45094350,11104,250,-1,-1,1,525,77.3,1,-1.0,0,0,0,639,359
3719,45106,45105468,11118,250,-1,-1,1,552,77.6,0,-1.0,0,0,0,639,359
3720,45117,45116577,11109,250,-1,-1,1,540,77.9,0,-1.0,0,0,0,639,359
3721,45129,45127681,11104,250,-1,-1,1,590,78.1,0,-1.0,0,0,0,639,359
3722,45140,45138793,11112,250,-1,-1,1,634,78.3,0,-1.0,0,0,0,639,359
3723,45151,45149897,11104,250,-1,-1,1,525,78.6,0,-1.0,0,0,0,639,359
3724,45162,45161007,11110,250,-1,-1,1,527,78.8,0,-1.0,0,0,0,639,359
3725,45173,45172117,11110,250,-1,-1,1,527,78.9,0,-1.0,0,0,0,639,359
3726,45184,45183224,11107,250,-1,-1,1,526,79.1,0,-1.0,0,0,0,639,359
3727,45195,45194335,11111,250,-1,-1,1,526,79.3,1,-1.0,0,0,0,639,359
3728,45206,45205446,11111,250,-1,-1,1,546,79.5,0,-1.0,0,0,0,639,359
3729,45217,45216556,11110,250,-1,-1,1,544,79.6,0,-1.0,0,0,0,639,359
3730,45229,45227663,11107,250,-1,-1,1,610,79.8,0,-1.0,0,0,0,639,359
3731,45240,45238774,11111,250,-1,-1,1,629,80.0,0,-1.0,0,0,0,639,359
3732,45251,45249882,11108,250,-1,-1,1,530,80.2,0,-1.0,0,0,0,639,359
3733,45262,45260988,11106,250,-1,-1,1,527,80.3,0,-1.0,0,0,0,639,359
3734,45273,45272099,11111,250,-1,-1,1,527,80.5,0,-1.0,0,0,0,639,359
3735,45284,45283208,11109,250,-1,-1,1,528,80.5,0,-1.0,0,0,0,639,359
3736,45295,45294318,11110,250,-1,-1,1,526,80.7,1,-1.0,0,0,0,639,359
3737,45306,45305453,11135,250,-1,-1,1,547,80.8,0,-1.0,0,0,0,639,359
3738,45317,45316542,11089,250,-1,-1,1,528,81.0,0,-1.0,0,0,0,639,359
3739,45328,45327648,11106,250,-1,-1,1,629,81.1,0,-1.0,0,0,0,639,359
3740,45340,45338760,11112,250,-1,-1,1,634,81.2,0,-1.0,0,0,0,639,359
3741,45351,45349870,11110,250,-1,-1,1,528,81.4,0,-1.0,0,0,0,639,359
3742,45362,45360972,11102,250,-1,-1,1,528,81.5,0,-1.0,0,0,0,639,359
3743,45373,45372082,11110,250,-1,-1,1,528,81.6,0,-1.0,0,0,0,639,359
3744,45384,45383190,11108,250,-1,-1,1,525,81.7,0,-1.0,0,0,0,639,359
3745,45395,45394301,11111,250,-1,-1,1,528,81.8,1,-1.0,0,0,0,639,359
3746,45406,45405412,11111,250,-1,-1,1,530,81.9,0,-1.0,0,0,0,639,359
3747,45417,45416519,11107,250,-1,-1,1,527,82.0,0,-1.0,0,0,0,639,359
3748,45428,45427634,11115,250,-1,-1,1,554,82.1,0,-1.0,0,0,0,639,359
3749,45440,45438741,11107,250,-1,-1,1,630,82.2,0,-1.0,0,0,0,639,359
3750,45451,45449849,11108,250,-1,-1,1,524,82.3,0,-1.0,0,0,0,639,359
3751,45462,45460959,11110,250,-1,-1,1,525,82.4,0,-1.0,0,0,0,639,359
3752,45473,45472065,11106,250,-1,-1,1,526,82.5,0,-1.0,0,0,0,639,359
3753,45484,45483175,11110,250,-1,-1,1,528,82.5,0,-1.0,0,0,0,639,359
3754,45495,45494280,11105,250,-1,-1,1,525,82.6,1,-1.0,0,0,0,639,359
3755,45506,45505398,11118,250,-1,-1,1,539,82.7,0,-1.0,0,0,0,639,359
3756,45517,45516504,11106,250,-1,-1,1,532,82.8,0,-1.0,0,0,0,639,359
3757,45528,45527615,11111,250,-1,-1,1,561,82.9,0,-1.0,0,0,0,639,359
3758,45540,45538719,11104,250,-1,-1,1,631,83.0,0,-1.0,0,0,0,639,359
3759,45558,45549837,11118,250,-1,-1,1,652,55.6,0,-1.0,0,0,0,639,359
3760,45562,45560933,11096,250,-1,-1,1,527,90.9,0,-1.0,0,0,0,639,359
3761,45573,45572052,11119,250,-1,-1,1,524,90.9,0,-1.0,0,0,0,639,359
3762,45584,45583155,11103,250,-1,-1,1,525,88.9,0,-1.0,0,0,0,639,359
3763,45595,45594269,11114,250,-1,-1,1,527,89.3,1,-1.0,0,0,0,639,359
3764,45606,45605380,11111,250,-1,-1,1,545,89.6,0,-1.0,0,0,0,639,359
3765,45617,45616488,11108,250,-1,-1,1,526,89.7,0,-1.0,0,0,0,639,359
3766,45629,45627596,11108,250,-1,-1,1,632,89.9,0,-1.0,0,0,0,639,359
3767,45640,45638704,11108,250,-1,-1,1,629,90.0,0,-1.0,0,0,0,639,359
3768,45651,45649815,11111,250,-1,-1,1,530,90.1,0,-1.0,0,0,0,639,359
3769,45662,45660945,11130,250,-1,-1,1,527,90.2,0,-1.0,0,0,0,639,359
3770,45673,45672030,11085,250,-1,-1,1,527,90.2,0,-1.0,0,0,0,639,359
3771,45684,45683141,11111,250,-1,-1,1,525,90.3,0,-1.0,0,0,0,639,359
3772,45695,45694250,11109,250,-1,-1,1,525,89.7,1,-1.0,0,0,0,639,359
3773,45706,45705363,11113,250,-1,-1,1,545,89.8,0,-1.0,0,0,0,639,359
3774,45717,45716469,11106,250,-1,-1,1,548,89.9,0,-1.0,0,0,0,639,359
3775,45728,45727581,11112,250,-1,-1,1,590,89.9,0,-1.0,0,0,0,639,359
3776,45740,45738685,11104,250,-1,-1,1,635,90.0,0,-1.0,0,0,0,639,359
3777,45751,45749798,11113,250,-1,-1,1,528,90.0,0,-1.0,0,0,0,639,359
3778,45762,45760899,11101,250,-1,-1,1,527,90.1,0,-1.0,0,0,0,639,359
3779,45773,45772015,11116,250,-1,-1,1,527,90.1,0,-1.0,0,0,0,639,359
3780,45886,45783122,11107,250,-1,-1,1,526,63.6,0,-1.0,0,0,0,639,359
3781,45886,45883085,99963,250,-1,-1,1,522,66.3,1,-1.0,0,0,0,639,359
3782,45895,45894214,11129,250,-1,-1,1,604,67.4,0,-1.0,0,0,0,639,359
3783,45906,45905408,11194,250,-1,-1,1,532,68.1,0,-1.0,0,0,0,639,359
3784,45917,45916438,11030,250,-1,-1,1,531,68.8,0,-1.0,0,0,0,639,359
3785,45928,45927545,11107,250,-1,-1,1,609,69.4,0,-1.0,0,0,0,639,359
3786,45940,45938652,11107,250,-1,-1,1,628,70.0,0,-1.0,0,0,0,639,359
3787,45951,45949766,11114,250,-1,-1,1,527,70.6,0,-1.0,0,0,0,639,359
3788,45962,45960866,11100,250,-1,-1,1,527,71.1,0,-1.0,0,0,0,639,359
3789,45973,45971977,11111,250,-1,-1,1,525,71.6,0,-1.0,0,0,0,639,359
3790,45984,45983085,11108,250,-1,-1,1,525,71.9,1,-1.0,0,0,0,639,359
3791,45995,45994202,11117,250,-1,-1,1,547,72.4,0,-1.0,0,0,0,639,359
3792,46006,46005309,11107,250,-1,-1,1,547,72.8,0,-1.0,0,0,0,639,359
3793,46017,46016415,11106,250,-1,-1,1,590,73.2,0,-1.0,0,0,0,639,359
3794,46028,46027522,11107,250,-1,-1,1,635,73.6,0,-1.0,0,0,0,639,359
3795,46039,46038637,11115,250,-1,-1,1,528,74.0,0,-1.0,0,0,0,639,359
3796,46051,46049742,11105,250,-1,-1,1,527,74.4,0,-1.0,0,0,0,639,359
3797,46062,46060853,11111,250,-1,-1,1,527,74.7,0,-1.0,0,0,0,639,359
3798,46073,46071960,11107,250,-1,-1,1,527,75.0,0,-1.0,0,0,0,639,359
3799,46084,46083072,11112,250,-1,-1,1,525,75.4,1,-1.0,0,0,0,639,359
3800,46095,46094185,11113,250,-1,-1,1,548,75.5,0,-1.0,0,0,0,639,359
3801,46106,46105296,11111,250,-1,-1,1,545,75.8,0,-1.0,0,0,0,639,359
3802,46117,46116403,11107,250,-1,-1,1,555,76.1,0,-1.0,0,0,0,639,359
3803,46128,46127531,11128,250,-1,-1,1,634,76.4,0,-1.0,0,0,0,639,359
3804,46139,46138620,11089,250,-1,-1,1,526,76.7,0,-1.0,0,0,0,639,359
3805,46151,46149725,11105,250,-1,-1,1,528,76.9,0,-1.0,0,0,0,639,359
3806,46162,46160836,11111,250,-1,-1,1,527,77.2,0,-1.0,0,0,0,639,359
3807,46173,46171946,11110,250,-1,-1,1,528,77.4,0,-1.0,0,0,0,639,359
3808,46184,46183049,11103,250,-1,-1,1,526,77.6,1,-1.0,0,0,0,639,359
3809,46195,46194169,11120,250,-1,-1,1,528,77.7,0,-1.0,0,0,0,639,359
3810,46206,46205275,11106,250,-1,-1,1,548,78.0,0,-1.0,0,0,0,639,359
3811,46217,46216384,11109,250,-1,-1,1,612,78.2,0,-1.0,0,0,0,639,359
3812,46228,46227492,11108,250,-1,-1,1,629,78.4,0,-1.0,0,0,0,639,359
3813,46239,46238668,11176,250,-1,-1,1,526,78.6,0,-1.0,0,0,0,639,359
3814,46251,46249710,11042,250,-1,-1,1,527,78.8,0,-1.0,0,0,0,639,359
3815,46262,46260820,11110,250,-1,-1,1,525,78.9,0,-1.0,0,0,0,639,359
3816,46273,46271926,11106,250,-1,-1,1,525,79.1,0,-1.0,0,0,0,639,359
3817,46284,46283038,11112,250,-1,-1,1,528,79.3,1,-1.0,0,0,0,639,359
3818,46295,46294149,11111,250,-1,-1,1,538,79.4,0,-1.0,0,0,0,639,359
3819,46306,46305263,11114,250,-1,-1,1,538,79.5,0,-1.0,0,0,0,639,359
3820,46317,46316370,11107,250,-1,-1,1,592,79.7,0,-1.0,0,0,0,639,359
3821,46329,46327476,11106,250,-1,-1,1,525,79.8,0,-1.0,0,0,0,639,359
3822,46339,46338584,11108,250,-1,-1,1,525,80.0,0,-1.0,0,0,0,639,359
3823,46351,46349697,11113,250,-1,-1,1,526,80.1,0,-1.0,0,0,0,639,359
3824,46362,46360799,11102,250,-1,-1,1,526,80.3,0,-1.0,0,0,0,639,359
3825,46373,46371912,11113,250,-1,-1,1,524,80.4,0,-1.0,0,0,0,639,359
3826,46384,46383018,11106,250,-1,-1,1,525,80.6,1,-1.0,0,0,0,639,359
3827,46395,46394135,11117,250,-1,-1,1,547,80.6,0,-1.0,0,0,0,639,359
3828,46406,46405240,11105,250,-1,-1,1,547,80.7,0,-1.0,0,0,0,639,359
3829,46417,46416348,11108,250,-1,-1,1,584,80.9,0,-1.0,0,0,0,639,359
3830,46428,46427458,11110,250,-1,-1,1,629,81.0,0,-1.0,0,0,0,639,359
3831,46439,46438568,11110,250,-1,-1,1,527,81.1,0,-1.0,0,0,0,639,359
3832,46450,46449675,11107,250,-1,-1,1,526,81.2,0,-1.0,0,0,0,639,359
3833,46462,46460782,11107,250,-1,-1,1,528,81.3,0,-1.0,0,0,0,639,359
3834,46473,46471889,11107,250,-1,-1,1,527,81.5,0,-1.0,0,0,0,639,359
3835,46484,46483004,11115,250,-1,-1,1,526,81.6,1,-1.0,0,0,0,639,359
3836,46495,46494119,11115,250,-1,-1,1,545,81.7,0,-1.0,0,0,0,639,359
3837,46506,46505223,11104,250,-1,-1,1,546,81.7,0,-1.0,0,0,0,639,359
3838,46517,46516333,11110,250,-1,-1,1,631,81.8,0,-1.0,0,0,0,639,359
3839,46528,46527443,11110,250,-1,-1,1,635,81.9,0,-1.0,0,0,0,639,359
3840,46539,46538548,11105,250,-1,-1,1,527,82.0,0,-1.0,0,0,0,639,359
3841,46550,46549676,11128,250,-1,-1,1,525,90.9,0,-1.0,0,0,0,639,359
3842,46562,46560767,11091,250,-1,-1,1,527,90.9,0,-1.0,0,0,0,639,359
3843,46573,46571877,11110,250,-1,-1,1,529,90.9,0,-1.0,0,0,0,639,359
3844,46584,46582984,11107,250,-1,-1,1,527,90.9,1,-1.0,0,0,0,639,359
3845,46595,46594100,11116,250,-1,-1,1,529,90.9,0,-1.0,0,0,0,639,359
3846,46606,46605206,11106,250,-1,-1,1,547,89.6,0,-1.0,0,0,0,639,359
3847,46617,46616313,11107,250,-1,-1,1,633,89.7,0,-1.0,0,0,0,639,359
3848,46628,46627427,11114,250,-1,-1,1,627,89.9,0,-1.0,0,0,0,639,359
3849,46639,46638609,11182,250,-1,-1,1,527,90.0,0,-1.0,0,0,0,639,359
3850,46650,46649640,11031,250,-1,-1,1,525,90.1,0,-1.0,0,0,0,639,359
3851,46662,46660752,11112,250,-1,-1,1,526,90.2,0,-1.0,0,0,0,639,359
3852,46673,46671858,11106,250,-1,-1,1,524,90.2,0,-1.0,0,0,0,639,359
3853,46684,46682970,11112,250,-1,-1,1,528,90.3,1,-1.0,0,0,0,639,359
3854,46695,46694079,11109,250,-1,-1,1,546,90.3,0,-1.0,0,0,0,639,359
3855,46706,46705191,11112,250,-1,-1,1,536,89.8,0,-1.0,0,0,0,639,359
3856,46717,46716297,11106,250,-1,-1,1,630,89.9,0,-1.0,0,0,0,639,359
3857,46728,46727409,11112,250,-1,-1,1,626,89.9,0,-1.0,0,0,0,639,359
3858,46739,46738519,11110,250,-1,-1,1,609,90.0,0,-1.0,0,0,0,639,359
3859,46750,46749624,11105,250,-1,-1,1,526,90.0,0,-1.0,0,0,0,639,359
3860,46762,46760730,11106,250,-1,-1,1,526,90.1,0,-1.0,0,0,0,639,359
3861,46773,46771844,11114,250,-1,-1,1,526,90.1,0,-1.0,0,0,0,639,359
3862,46784,46782950,11106,250,-1,-1,1,525,90.2,1,-1.0,0,0,0,639,359
3863,46795,46794067,11117,250,-1,-1,1,546,90.2,0,-1.0,0,0,0,639,359
3864,46806,46805172,11105,250,-1,-1,1,545,89.9,0,-1.0,0,0,0,639,359
3865,46817,46816281,11109,250,-1,-1,1,637,89.9,0,-1.0,0,0,0,639,359
3866,46828,46827384,11103,250,-1,-1,1,606,90.0,0,-1.0,0,0,0,639,359
3867,46839,46838501,11117,250,-1,-1,1,527,90.0,0,-1.0,0,0,0,639,359
3868,46850,46849604,11103,250,-1,-1,1,525,90.0,0,-1.0,0,0,0,639,359
3869,46862,46860717,11113,250,-1,-1,1,528,90.1,0,-1.0,0,0,0,639,359
3870,46976,46871823,11106,250,-1,-1,1,526,68.6,0,-1.0,0,0,0,639,359
3871,46977,46971793,99970,250,-1,-1,1,523,70.8,1,-1.0,0,0,0,639,359
3872,46984,46982951,11158,250,-1,-1,1,627,72.1,0,-1.0,0,0,0,639,359
3873,46995,46994175,11224,250,-1,-1,1,544,72.4,0,-1.0,0,0,0,639,359
3874,47006,47005137,10962,250,-1,-1,1,547,72.8,0,-1.0,0,0,0,639,359
3875,47017,47016247,11110,250,-1,-1,1,628,73.2,0,-1.0,0,0,0,639,359
3876,47028,47027353,11106,250,-1,-1,1,631,73.6,0,-1.0,0,0,0,639,359
3877,47039,47038465,11112,250,-1,-1,1,528,74.0,0,-1.0,0,0,0,639,359
3878,47050,47049573,11108,250,-1,-1,1,525,74.4,0,-1.0,0,0,0,639,359
3879,47061,47060684,11111,250,-1,-1,1,526,74.7,0,-1.0,0,0,0,639,359
3880,47073,47071787,11103,250,-1,-1,1,525,75.0,1,-1.0,0,0,0,639,359
3881,47084,47082903,11116,250,-1,-1,1,544,75.4,0,-1.0,0,0,0,639,359
3882,47095,47094011,11108,250,-1,-1,1,541,75.7,0,-1.0,0,0,0,639,359
3883,47106,47105119,11108,250,-1,-1,1,632,75.8,0,-1.0,0,0,0,639,359
3884,47117,47116229,11110,250,-1,-1,1,627,76.1,0,-1.0,0,0,0,639,359
3885,47128,47127474,11245,250,-1,-1,1,528,76.4,0,-1.0,0,0,0,639,359
3886,47139,47138445,10971,250,-1,-1,1,528,76.7,0,-1.0,0,0,0,639,359
3887,47150,47149556,11111,250,-1,-1,1,529,76.9,0,-1.0,0,0,0,639,359
3888,47161,47160664,11108,250,-1,-1,1,526,77.2,0,-1.0,0,0,0,639,359
3889,47173,47171771,11107,250,-1,-1,1,524,77.4,1,-1.0,0,0,0,639,359
3890,47184,47182889,11118,250,-1,-1,1,545,77.6,0,-1.0,0,0,0,639,359
3891,47195,47193999,11110,250,-1,-1,1,546,77.9,0,-1.0,0,0,0,639,359
3892,47206,47205101,11102,250,-1,-1,1,633,78.0,0,-1.0,0,0,0,639,359
3893,47217,47216214,11113,250,-1,-1,1,631,78.2,0,-1.0,0,0,0,639,359
3894,47228,47227323,11109,250,-1,-1,1,527,78.4,0,-1.0,0,0,0,639,359
3895,47239,47238431,11108,250,-1,-1,1,527,78.6,0,-1.0,0,0,0,639,359
3896,47250,47249538,11107,250,-1,-1,1,528,78.8,0,-1.0,0,0,0,639,359
3897,47261,47260646,11108,250,-1,-1,1,525,78.9,0,-1.0,0,0,0,639,359
3898,47273,47271756,11110,250,-1,-1,1,528,79.1,1,-1.0,0,0,0,639,359
3899,47284,47282871,11115,250,-1,-1,1,546,79.3,0,-1.0,0,0,0,639,359
3900,47295,47293976,11105,250,-1,-1,1,545,79.5,0,-1.0,0,0,0,639,359
3901,47306,47305089,11113,250,-1,-1,1,640,79.5,0,-1.0,0,0,0,639,359
3902,47317,47316194,11105,250,-1,-1,1,632,79.7,0,-1.0,0,0,0,639,359
3903,47328,47327306,11112,250,-1,-1,1,528,79.8,0,-1.0,0,0,0,639,359
3904,47339,47338414,11108,250,-1,-1,1,528,80.0,0,-1.0,0,0,0,639,359
3905,47350,47349522,11108,250,-1,-1,1,527,80.1,0,-1.0,0,0,0,639,359
3906,47361,47360625,11103,250,-1,-1,1,527,80.3,0,-1.0,0,0,0,639,359
3907,47373,47371740,11115,250,-1,-1,1,528,80.4,1,-1.0,0,0,0,639,359
3908,47384,47382851,11111,250,-1,-1,1,529,80.6,0,-1.0,0,0,0,639,359
3909,47395,47393960,11109,250,-1,-1,1,528,80.7,0,-1.0,0,0,0,639,359
3910,47406,47405071,11111,250,-1,-1,1,638,80.7,0,-1.0,0,0,0,639,359
3911,47417,47416180,11109,250,-1,-1,1,632,80.9,0,-1.0,0,0,0,639,359
3912,47428,47427291,11111,250,-1,-1,1,524,81.0,0,-1.0,0,0,0,639,359
3913,47439,47438395,11104,250,-1,-1,1,526,81.1,0,-1.0,0,0,0,639,359
3914,47450,47449503,11108,250,-1,-1,1,529,81.2,0,-1.0,0,0,0,639,359
3915,47461,47460612,11109,250,-1,-1,1,527,81.3,0,-1.0,0,0,0,639,359
3916,47473,47471721,11109,250,-1,-1,1,527,81.5,1,-1.0,0,0,0,639,359
3917,47484,47482836,11115,250,-1,-1,1,531,81.6,0,-1.0,0,0,0,639,359
3918,47495,47493942,11106,250,-1,-1,1,529,81.7,0,-1.0,0,0,0,639,359
3919,47506,47505054,11112,250,-1,-1,1,634,81.7,0,-1.0,0,0,0,639,359
3920,47517,47516162,11108,250,-1,-1,1,628,81.8,0,-1.0,0,0,0,639,359
3921,47528,47527275,11113,250,-1,-1,1,523,81.9,0,-1.0,0,0,0,639,359
3922,47539,47538377,11102,250,-1,-1,1,524,82.0,0,-1.0,0,0,0,639,359
3923,47554,47549491,11114,250,-1,-1,1,526,71.4,0,-1.0,0,0,0,639,359
3924,47561,47560595,11104,250,-1,-1,1,528,90.9,0,-1.0,0,0,0,639,359
3925,47572,47571708,11113,250,-1,-1,1,528,90.9,1,-1.0,0,0,0,639,359
3926,47584,47582814,11106,250,-1,-1,1,540,90.9,0,-1.0,0,0,0,639,359
3927,47595,47593928,11114,250,-1,-1,1,534,90.9,0,-1.0,0,0,0,639,359
3928,47606,47605030,11102,250,-1,-1,1,634,90.9,0,-1.0,0,0,0,639,359
3929,47617,47616144,11114,250,-1,-1,1,630,89.7,0,-1.0,0,0,0,639,359
3930,47628,47627253,11109,250,-1,-1,1,527,89.9,0,-1.0,0,0,0,639,359
3931,47639,47638364,11111,250,-1,-1,1,527,90.0,0,-1.0,0,0,0,639,359
3932,47650,47649469,11105,250,-1,-1,1,527,90.1,0,-1.0,0,0,0,639,359
3933,47661,47660580,11111,250,-1,-1,1,526,90.2,0,-1.0,0,0,0,639,359
3934,47672,47671689,11109,250,-1,-1,1,525,90.2,1,-1.0,0,0,0,639,359
3935,47684,47682801,11112,250,-1,-1,1,547,90.3,0,-1.0,0,0,0,639,359
3936,47695,47693908,11107,250,-1,-1,1,547,90.3,0,-1.0,0,0,0,639,359
3937,47706,47705017,11109,250,-1,-1,1,622,90.4,0,-1.0,0,0,0,639,359
3938,47717,47716125,11108,250,-1,-1,1,633,89.9,0,-1.0,0,0,0,639,359
3939,47728,47727233,11108,250,-1,-1,1,529,89.9,0,-1.0,0,0,0,639,359
3940,47739,47738339,11106,250,-1,-1,1,527,90.0,0,-1.0,0,0,0,639,359
3941,47750,47749451,11112,250,-1,-1,1,527,90.0,0,-1.0,0,0,0,639,359
3942,47761,47760558,11107,250,-1,-1,1,527,90.1,0,-1.0,0,0,0,639,359
3943,47772,47771672,11114,250,-1,-1,1,528,90.1,1,-1.0,0,0,0,639,359
3944,47784,47782782,11110,250,-1,-1,1,546,90.2,0,-1.0,0,0,0,639,359
3945,47795,47793894,11112,250,-1,-1,1,526,90.2,0,-1.0,0,0,0,639,359
3946,47806,47805000,11106,250,-1,-1,1,628,90.2,0,-1.0,0,0,0,639,359
3947,47817,47816112,11112,250,-1,-1,1,633,89.9,0,-1.0,0,0,0,639,359
3948,47828,47827217,11105,250,-1,-1,1,609,90.0,0,-1.0,0,0,0,639,359
3949,47839,47838328,11111,250,-1,-1,1,529,90.0,0,-1.0,0,0,0,639,359
3950,47850,47849434,11106,250,-1,-1,1,529,90.0,0,-1.0,0,0,0,639,359
3951,47861,47860545,11111,250,-1,-1,1,527,90.1,0,-1.0,0,0,0,639,359
3952,47872,47871652,11107,250,-1,-1,1,527,90.1,1,-1.0,0,0,0,639,359
3953,47884,47882767,11115,250,-1,-1,1,524,90.1,0,-1.0,0,0,0,639,359
3954,47895,47893875,11108,250,-1,-1,1,529,90.1,0,-1.0,0,0,0,639,359
3955,47906,47904985,11110,250,-1,-1,1,628,90.2,0,-1.0,0,0,0,639,359
3956,47917,47916095,11110,250,-1,-1,1,629,89.9,0,-1.0,0,0,0,639,359
3957,47928,47927265,11170,250,-1,-1,1,526,90.0,0,-1.0,0,0,0,639,359
3958,47939,47938307,11042,250,-1,-1,1,525,90.0,0,-1.0,0,0,0,639,359
3959,47950,47949420,11113,250,-1,-1,1,526,90.0,0,-1.0,0,0,0,639,359
3960,48030,47960526,11106,250,-1,-1,1,606,77.6,0,-1.0,0,0,0,639,359
3961,48030,48027168,66642,250,-1,-1,1,622,79.4,1,-1.0,0,0,0,639,359
3962,48039,48038299,11131,250,-1,-1,1,525,80.0,0,-1.0,0,0,0,639,359
3963,48050,48049398,11099,250,-1,-1,1,546,80.2,0,-1.0,0,0,0,639,359
3964,48061,48060513,11115,250,-1,-1,1,525,80.5,0,-1.0,0,0,0,639,359
3965,48072,48071622,11109,250,-1,-1,1,631,80.7,0,-1.0,0,0,0,639,359
3966,48084,48082734,11112,250,-1,-1,1,545,80.9,0,-1.0,0,0,0,639,359
3967,48095,48093840,11106,250,-1,-1,1,546,81.1,0,-1.0,0,0,0,639,359
3968,48106,48104949,11109,250,-1,-1,1,632,81.3,0,-1.0,0,0,0,639,359
3969,48117,48116057,11108,250,-1,-1,1,628,81.3,0,-1.0,0,0,0,639,359
3970,48128,48127171,11114,250,-1,-1,1,539,81.5,1,-1.0,0,0,0,639,359
3971,48139,48138279,11108,250,-1,-1,1,535,81.7,0,-1.0,0,0,0,639,359
3972,48150,48149387,11108,250,-1,-1,1,632,81.8,0,-1.0,0,0,0,639,359
3973,48162,48160495,11108,250,-1,-1,1,526,82.0,0,-1.0,0,0,0,639,359
3974,48172,48171605,11110,250,-1,-1,1,626,82.1,0,-1.0,0,0,0,639,359
3975,48184,48182714,11109,250,-1,-1,1,526,82.3,0,-1.0,0,0,0,639,359
3976,48195,48193821,11107,250,-1,-1,1,524,82.4,0,-1.0,0,0,0,639,359
3977,48206,48204932,11111,250,-1,-1,1,526,82.6,0,-1.0,0,0,0,639,359
3978,48217,48216040,11108,250,-1,-1,1,525,82.7,0,-1.0,0,0,0,639,359
3979,48228,48227149,11109,250,-1,-1,1,532,82.8,1,-1.0,0,0,0,639,359
3980,48239,48238263,11114,250,-1,-1,1,543,82.9,0,-1.0,0,0,0,639,359
3981,48252,48249370,11107,250,-1,-1,1,545,82.9,0,-1.0,0,0,0,639,359
3982,48261,48260480,11110,250,-1,-1,1,626,83.1,0,-1.0,0,0,0,639,359
3983,48273,48271660,11180,250,-1,-1,1,635,83.2,0,-1.0,0,0,0,639,359
3984,48284,48282697,11037,250,-1,-1,1,528,83.3,0,-1.0,0,0,0,639,359
3985,48295,48293801,11104,250,-1,-1,1,525,83.4,0,-1.0,0,0,0,639,359
3986,48306,48304913,11112,250,-1,-1,1,527,83.6,0,-1.0,0,0,0,639,359
3987,48317,48316022,11109,250,-1,-1,1,526,83.7,0,-1.0,0,0,0,639,359
3988,48328,48327130,11108,250,-1,-1,1,528,83.8,1,-1.0,0,0,0,639,359
3989,48339,48338244,11114,250,-1,-1,1,545,83.8,0,-1.0,0,0,0,639,359
3990,48350,48349355,11111,250,-1,-1,1,544,83.8,0,-1.0,0,0,0,639,359
3991,48361,48360457,11102,250,-1,-1,1,628,83.9,0,-1.0,0,0,0,639,359
3992,48373,48371573,11116,250,-1,-1,1,524,84.0,0,-1.0,0,0,0,639,359
3993,48384,48382680,11107,250,-1,-1,1,633,84.1,0,-1.0,0,0,0,639,359
3994,48395,48393791,11111,250,-1,-1,1,527,84.2,0,-1.0,0,0,0,639,359
3995,48406,48404897,11106,250,-1,-1,1,529,84.3,0,-1.0,0,0,0,639,359
3996,48417,48416004,11107,250,-1,-1,1,527,84.4,0,-1.0,0,0,0,639,359
3997,48428,48427114,11110,250,-1,-1,1,528,84.5,1,-1.0,0,0,0,639,359
3998,48439,48438229,11115,250,-1,-1,1,535,84.4,0,-1.0,0,0,0,639,359
3999,48450,48449334,11105,250,-1,-1,1,546,84.5,0,-1.0,0,0,0,639,359
4000,48461,48460445,11111,250,-1,-1,1,627,84.6,0,-1.0,0,0,0,639,359
4001,48472,48471553,11108,250,-1,-1,1,624,84.7,0,-1.0,0,0,0,639,359
4002,48483,48482665,11112,250,-1,-1,1,526,84.7,0,-1.0,0,0,0,639,359
4003,48495,48493767,11102,250,-1,-1,1,525,84.8,0,-1.0,0,0,0,639,359
4004,48506,48504877,11110,250,-1,-1,1,525,84.9,0,-1.0,0,0,0,639,359
4005,48517,48515986,11109,250,-1,-1,1,525,85.0,0,-1.0,0,0,0,639,359
4006,48528,48527098,11112,250,-1,-1,1,529,85.0,1,-1.0,0,0,0,639,359
4007,48539,48538209,11111,250,-1,-1,1,543,85.0,0,-1.0,0,0,0,639,359
4008,48588,48582636,44427,250,-1,-1,1,525,20.8,0,-1.0,0,0,0,639,359
4009,48595,48593754,11118,250,-1,-1,1,529,36.4,0,-1.0,0,0,0,639,359
4010,48606,48604859,11105,250,-1,-1,1,525,45.5,0,-1.0,0,0,0,639,359
4011,48617,48615974,11115,250,-1,-1,1,524,51.9,0,-1.0,0,0,0,639,359
4012,48628,48627078,11104,250,-1,-1,1,525,56.8,0,-1.0,0,0,0,639,359
4013,48639,48638192,11114,250,-1,-1,1,527,60.0,0,-1.0,0,0,0,639,359
4014,48650,48649296,11104,250,-1,-1,1,528,63.1,0,-1.0,0,0,0,639,359
4015,48661,48660410,11114,250,-1,-1,1,528,65.6,1,-1.0,0,0,0,639,359
4016,48672,48671518,11108,250,-1,-1,1,538,67.7,0,-1.0,0,0,0,639,359
4017,48683,48682629,11111,250,-1,-1,1,527,69.4,0,-1.0,0,0,0,639,359
4018,48695,48693736,11107,250,-1,-1,1,629,71.0,0,-1.0,0,0,0,639,359
4019,48706,48704847,11111,250,-1,-1,1,627,72.3,0,-1.0,0,0,0,639,359
4020,48717,48715956,11109,250,-1,-1,1,525,73.4,0,-1.0,0,0,0,639,359
4021,48728,48727063,11107,250,-1,-1,1,525,74.5,0,-1.0,0,0,0,639,359
4022,48739,48738171,11108,250,-1,-1,1,526,75.4,0,-1.0,0,0,0,639,359
4023,48750,48749282,11111,250,-1,-1,1,525,75.8,0,-1.0,0,0,0,639,359
4024,48761,48760387,11105,250,-1,-1,1,528,76.6,1,-1.0,0,0,0,639,359
4025,48772,48771506,11119,250,-1,-1,1,545,77.3,0,-1.0,0,0,0,639,359
4026,48783,48782613,11107,250,-1,-1,1,526,77.9,0,-1.0,0,0,0,639,359
4027,48795,48793722,11109,250,-1,-1,1,628,78.4,0,-1.0,0,0,0,639,359
4028,48806,48804832,11110,250,-1,-1,1,633,78.9,0,-1.0,0,0,0,639,359
4029,48817,48815940,11108,250,-1,-1,1,526,79.4,0,-1.0,0,0,0,639,359
4030,48828,48827045,11105,250,-1,-1,1,528,79.9,0,-1.0,0,0,0,639,359
4031,48839,48838156,11111,250,-1,-1,1,525,80.3,0,-1.0,0,0,0,639,359
4032,48850,48849265,11109,250,-1,-1,1,525,80.4,0,-1.0,0,0,0,639,359
4033,48861,48860374,11109,250,-1,-1,1,525,80.7,1,-1.0,0,0,0,639,359
4034,48872,48871489,11115,250,-1,-1,1,546,81.1,0,-1.0,0,0,0,639,359
4035,48883,48882596,11107,250,-1,-1,1,546,81.4,0,-1.0,0,0,0,639,359
4036,48895,48893702,11106,250,-1,-1,1,633,81.7,0,-1.0,0,0,0,639,359
4037,48906,48904813,11111,250,-1,-1,1,628,82.0,0,-1.0,0,0,0,639,359
4038,48917,48915921,11108,250,-1,-1,1,527,82.2,0,-1.0,0,0,0,639,359
4039,48928,48927031,11110,250,-1,-1,1,528,82.5,0,-1.0,0,0,0,639,359
4040,48939,48938135,11104,250,-1,-1,1,526,82.7,0,-1.0,0,0,0,639,359
4041,48950,48949246,11111,250,-1,-1,1,570,82.7,0,-1.0,0,0,0,639,359
4042,48961,48960355,11109,250,-1,-1,1,525,82.9,1,-1.0,0,0,0,639,359
4043,48972,48971470,11115,250,-1,-1,1,546,83.1,0,-1.0,0,0,0,639,359
4044,48983,48982578,11108,250,-1,-1,1,545,83.3,0,-1.0,0,0,0,639,359
4045,48995,48993688,11110,250,-1,-1,1,634,83.5,0,-1.0,0,0,0,639,359
4046,49006,49004794,11106,250,-1,-1,1,632,83.7,0,-1.0,0,0,0,639,359
4047,49017,49015904,11110,250,-1,-1,1,525,83.9,0,-1.0,0,0,0,639,359
4048,49028,49027008,11104,250,-1,-1,1,529,84.0,0,-1.0,0,0,0,639,359
4049,49039,49038118,11110,250,-1,-1,1,528,84.2,0,-1.0,0,0,0,639,359
4050,49121,49049227,11109,250,-1,-1,1,526,73.9,0,-1.0,0,0,0,639,359
4051,49122,49115869,66642,250,-1,-1,1,530,75.5,1,-1.0,0,0,0,639,359
4052,49128,49127017,11148,250,-1,-1,1,633,76.4,0,-1.0,0,0,0,639,359
4053,49139,49138103,11086,250,-1,-1,1,545,76.8,0,-1.0,0,0,0,639,359
4054,49150,49149218,11115,250,-1,-1,1,588,76.9,0,-1.0,0,0,0,639,359
4055,49161,49160320,11102,250,-1,-1,1,603,77.2,0,-1.0,0,0,0,639,359
4056,49172,49171518,11198,250,-1,-1,1,629,77.4,0,-1.0,0,0,0,639,359
4057,49184,49182542,11024,250,-1,-1,1,526,77.6,0,-1.0,0,0,0,639,359
4058,49194,49193651,11109,250,-1,-1,1,527,77.9,0,-1.0,0,0,0,639,359
4059,49206,49204755,11104,250,-1,-1,1,529,78.1,0,-1.0,0,0,0,639,359
4060,49217,49215866,11111,250,-1,-1,1,527,78.3,1,-1.0,0,0,0,639,359
4061,49228,49226980,11114,250,-1,-1,1,533,78.5,0,-1.0,0,0,0,639,359
4062,49239,49238090,11110,250,-1,-1,1,529,78.7,0,-1.0,0,0,0,639,359
4063,49250,49249195,11105,250,-1,-1,1,628,78.8,0,-1.0,0,0,0,639,359
4064,49261,49260388,11193,250,-1,-1,1,634,78.9,0,-1.0,0,0,0,639,359
4065,49272,49271419,11031,250,-1,-1,1,525,79.1,0,-1.0,0,0,0,639,359
4066,49283,49282528,11109,250,-1,-1,1,526,79.3,0,-1.0,0,0,0,639,359
4067,49294,49293631,11103,250,-1,-1,1,526,79.5,0,-1.0,0,0,0,639,359
4068,49306,49304742,11111,250,-1,-1,1,527,79.6,0,-1.0,0,0,0,639,359
4069,49317,49315850,11108,250,-1,-1,1,528,79.8,1,-1.0,0,0,0,639,359
4070,49328,49326961,11111,250,-1,-1,1,536,79.9,0,-1.0,0,0,0,639,359
4071,49339,49338068,11107,250,-1,-1,1,533,80.1,0,-1.0,0,0,0,639,359
4072,49350,49349178,11110,250,-1,-1,1,631,80.1,0,-1.0,0,0,0,639,359
4073,49361,49360289,11111,250,-1,-1,1,631,80.3,0,-1.0,0,0,0,639,359
4074,49372,49371402,11113,250,-1,-1,1,525,80.4,0,-1.0,0,0,0,639,359
4075,49383,49382505,11103,250,-1,-1,1,526,80.6,0,-1.0,0,0,0,639,359
4076,49394,49393616,11111,250,-1,-1,1,525,80.7,0,-1.0,0,0,0,639,359
4077,49406,49404726,11110,250,-1,-1,1,525,80.8,0,-1.0,0,0,0,639,359
4078,49417,49415835,11109,250,-1,-1,1,530,81.0,1,-1.0,0,0,0,639,359
4079,49428,49426947,11112,250,-1,-1,1,543,81.1,0,-1.0,0,0,0,639,359
4080,49439,49438055,11108,250,-1,-1,1,542,81.2,0,-1.0,0,0,0,639,359
4081,49450,49449160,11105,250,-1,-1,1,602,81.2,0,-1.0,0,0,0,639,359
4082,49461,49460274,11114,250,-1,-1,1,527,81.3,0,-1.0,0,0,0,639,359
4083,49472,49471377,11103,250,-1,-1,1,527,81.5,0,-1.0,0,0,0,639,359
4084,49483,49482488,11111,250,-1,-1,1,525,81.6,0,-1.0,0,0,0,639,359
4085,49494,49493597,11109,250,-1,-1,1,526,81.7,0,-1.0,0,0,0,639,359
4086,49505,49504709,11112,250,-1,-1,1,525,81.8,0,-1.0,0,0,0,639,359
4087,49517,49515817,11108,250,-1,-1,1,526,81.9,1,-1.0,0,0,0,639,359
4088,49528,49526930,11113,250,-1,-1,1,546,82.0,0,-1.0,0,0,0,639,359
4089,49539,49538033,11103,250,-1,-1,1,546,82.1,0,-1.0,0,0,0,639,359
4090,49550,49549147,11114,250,-1,-1,1,625,82.1,0,-1.0,0,0,0,639,359
4091,49580,49571358,22211,250,-1,-1,1,589,34.5,0,-1.0,0,0,0,639,359
4092,49583,49582465,11107,250,-1,-1,1,528,60.6,0,-1.0,0,0,0,639,359
4093,49594,49593582,11117,250,-1,-1,1,527,68.2,0,-1.0,0,0,0,639,359
4094,49605,49604691,11109,250,-1,-1,1,527,72.7,0,-1.0,0,0,0,639,359
4095,49617,49615800,11109,250,-1,-1,1,524,75.8,0,-1.0,0,0,0,639,359
4096,49628,49626909,11109,250,-1,-1,1,525,77.9,1,-1.0,0,0,0,639,359
4097,49639,49638024,11115,250,-1,-1,1,546,79.5,0,-1.0,0,0,0,639,359
4098,49650,49649130,11106,250,-1,-1,1,547,80.0,0,-1.0,0,0,0,639,359
4099,49661,49660239,11109,250,-1,-1,1,633,81.1,0,-1.0,0,0,0,639,359
4100,49672,49671345,11106,250,-1,-1,1,529,82.0,0,-1.0,0,0,0,639,359
4101,49683,49682458,11113,250,-1,-1,1,525,82.7,0,-1.0,0,0,0,639,359
4102,49694,49693562,11104,250,-1,-1,1,530,83.3,0,-1.0,0,0,0,639,359
4103,49705,49704675,11113,250,-1,-1,1,528,83.9,0,-1.0,0,0,0,639,359
4104,49717,49715777,11102,250,-1,-1,1,527,84.3,0,-1.0,0,0,0,639,359
4105,49728,49726893,11116,250,-1,-1,1,525,84.7,1,-1.0,0,0,0,639,359
4106,49739,49738001,11108,250,-1,-1,1,549,85.1,0,-1.0,0,0,0,639,359
4107,49750,49749113,11112,250,-1,-1,1,546,85.4,0,-1.0,0,0,0,639,359
4108,49761,49760219,11106,250,-1,-1,1,604,85.3,0,-1.0,0,0,0,639,359
4109,49772,49771337,11118,250,-1,-1,1,632,85.6,0,-1.0,0,0,0,639,359
4110,49783,49782439,11102,250,-1,-1,1,526,85.8,0,-1.0,0,0,0,639,359
4111,49794,49793549,11110,250,-1,-1,1,525,86.1,0,-1.0,0,0,0,639,359
4112,49805,49804656,11107,250,-1,-1,1,525,86.3,0,-1.0,0,0,0,639,359
4113,49817,49815768,11112,250,-1,-1,1,525,86.5,0,-1.0,0,0,0,639,359
4114,49828,49826874,11106,250,-1,-1,1,527,86.6,1,-1.0,0,0,0,639,359
4115,49839,49837991,11117,250,-1,-1,1,543,86.8,0,-1.0,0,0,0,639,359
4116,49850,49849095,11104,250,-1,-1,1,536,87.0,0,-1.0,0,0,0,639,359
4117,49861,49860204,11109,250,-1,-1,1,609,86.8,0,-1.0,0,0,0,639,359
4118,49872,49871312,11108,250,-1,-1,1,525,87.0,0,-1.0,0,0,0,639,359
4119,49883,49882423,11111,250,-1,-1,1,525,87.1,0,-1.0,0,0,0,639,359
4120,49894,49893533,11110,250,-1,-1,1,526,87.2,0,-1.0,0,0,0,639,359
4121,49905,49904638,11105,250,-1,-1,1,525,87.3,0,-1.0,0,0,0,639,359
4122,49917,49915747,11109,250,-1,-1,1,526,87.4,0,-1.0,0,0,0,639,359
4123,49928,49926859,11112,250,-1,-1,1,525,87.5,1,-1.0,0,0,0,639,359
4124,49939,49937970,11111,250,-1,-1,1,544,87.6,0,-1.0,0,0,0,639,359
4125,49950,49949080,11110,250,-1,-1,1,540,87.7,0,-1.0,0,0,0,639,359
4126,49961,49960187,11107,250,-1,-1,1,625,87.6,0,-1.0,0,0,0,639,359
4127,49972,49971298,11111,250,-1,-1,1,631,87.7,0,-1.0,0,0,0,639,359
4128,49983,49982405,11107,250,-1,-1,1,526,87.8,0,-1.0,0,0,0,639,359
4129,49994,49993513,11108,250,-1,-1,1,526,87.8,0,-1.0,0,0,0,639,359
4130,50005,50004618,11105,250,-1,-1,1,529,87.9,0,-1.0,0,0,0,639,359
4131,50017,50015728,11110,250,-1,-1,1,525,88.0,0,-1.0,0,0,0,639,359
4132,50028,50026840,11112,250,-1,-1,1,525,88.1,1,-1.0,0,0,0,639,359
4133,50039,50037955,11115,250,-1,-1,1,543,88.1,0,-1.0,0,0,0,639,359
4134,50050,50049064,11109,250,-1,-1,1,545,88.2,0,-1.0,0,0,0,639,359
4135,50061,50060168,11104,250,-1,-1,1,626,88.1,0,-1.0,0,0,0,639,359
4136,50072,50071275,11107,250,-1,-1,1,635,88.1,0,-1.0,0,0,0,639,359
4137,50083,50082391,11116,250,-1,-1,1,527,88.2,0,-1.0,0,0,0,639,359
4138,50094,50093494,11103,250,-1,-1,1,528,88.2,0,-1.0,0,0,0,639,359
4139,50105,50104603,11109,250,-1,-1,1,527,88.3,0,-1.0,0,0,0,639,359
4140,50162,50115713,11110,250,-1,-1,1,605,81.8,0,-1.0,0,0,0,639,359
4141,50162,50160136,44423,250,-1,-1,1,599,83.3,1,-1.0,0,0,0,639,359
4142,50172,50171269,11133,250,-1,-1,1,525,83.6,0,-1.0,0,0,0,639,359
4143,50183,50182366,11097,250,-1,-1,1,549,83.7,0,-1.0,0,0,0,639,359
4144,50194,50193480,11114,250,-1,-1,1,526,83.9,0,-1.0,0,0,0,639,359
4145,50205,50204588,11108,250,-1,-1,1,630,84.0,0,-1.0,0,0,0,639,359
4146,50217,50215701,11113,250,-1,-1,1,537,84.1,0,-1.0,0,0,0,639,359
4147,50228,50226807,11106,250,-1,-1,1,532,84.2,0,-1.0,0,0,0,639,359
4148,50239,50237919,11112,250,-1,-1,1,629,84.3,0,-1.0,0,0,0,639,359
4149,50250,50249025,11106,250,-1,-1,1,607,84.3,0,-1.0,0,0,0,639,359
4150,50261,50260143,11118,250,-1,-1,1,525,84.4,1,-1.0,0,0,0,639,359
4151,50272,50271245,11102,250,-1,-1,1,547,84.5,0,-1.0,0,0,0,639,359
4152,50283,50282440,11195,250,-1,-1,1,635,84.6,0,-1.0,0,0,0,639,359
4153,50294,50293464,11024,250,-1,-1,1,527,84.7,0,-1.0,0,0,0,639,359
4154,50305,50304573,11109,250,-1,-1,1,590,84.8,0,-1.0,0,0,0,639,359
4155,50317,50315680,11107,250,-1,-1,1,529,84.9,0,-1.0,0,0,0,639,359
4156,50328,50326790,11110,250,-1,-1,1,527,84.9,0,-1.0,0,0,0,639,359
4157,50339,50337894,11104,250,-1,-1,1,527,85.0,0,-1.0,0,0,0,639,359
4158,50350,50349008,11114,250,-1,-1,1,527,85.1,0,-1.0,0,0,0,639,359
4159,50361,50360114,11106,250,-1,-1,1,527,85.2,1,-1.0,0,0,0,639,359
4160,50372,50371229,11115,250,-1,-1,1,545,85.2,0,-1.0,0,0,0,639,359
4161,50383,50382340,11111,250,-1,-1,1,544,85.2,0,-1.0,0,0,0,639,359
4162,50394,50393447,11107,250,-1,-1,1,630,85.3,0,-1.0,0,0,0,639,359
4163,50406,50404557,11110,250,-1,-1,1,530,85.4,0,-1.0,0,0,0,639,359
4164,50417,50415666,11109,250,-1,-1,1,625,85.5,0,-1.0,0,0,0,639,359
4165,50428,50426775,11109,250,-1,-1,1,526,85.5,0,-1.0,0,0,0,639,359
4166,50439,50437881,11106,250,-1,-1,1,528,85.6,0,-1.0,0,0,0,639,359
4167,50450,50448986,11105,250,-1,-1,1,529,85.7,0,-1.0,0,0,0,639,359
4168,50461,50460099,11113,250,-1,-1,1,527,85.7,1,-1.0,0,0,0,639,359
4169,50472,50471214,11115,250,-1,-1,1,533,85.7,0,-1.0,0,0,0,639,359
4170,50483,50482320,11106,250,-1,-1,1,529,85.7,0,-1.0,0,0,0,639,359
4171,50494,50493425,11105,250,-1,-1,1,606,85.8,0,-1.0,0,0,0,639,359
4172,50505,50504542,11117,250,-1,-1,1,627,85.9,0,-1.0,0,0,0,639,359
4173,50517,50515644,11102,250,-1,-1,1,525,85.9,0,-1.0,0,0,0,639,359
4174,50528,50526756,11112,250,-1,-1,1,526,86.0,0,-1.0,0,0,0,639,359
4175,50539,50537862,11106,250,-1,-1,1,525,86.0,0,-1.0,0,0,0,639,359
4176,50550,50548972,11110,250,-1,-1,1,526,86.1,0,-1.0,0,0,0,639,359
4177,50561,50560082,11110,250,-1,-1,1,528,86.1,1,-1.0,0,0,0,639,359
4178,50611,50604503,44421,250,-1,-1,1,1216,19.6,0,-1.0,0,0,0,639,359
4179,50617,50615646,11143,250,-1,-1,1,630,36.4,0,-1.0,0,0,0,639,359
4180,50628,50626739,11093,250,-1,-1,1,528,45.5,0,-1.0,0,0,0,639,359
4181,50639,50637847,11108,250,-1,-1,1,527,51.9,0,-1.0,0,0,0,639,359
4182,50650,50648956,11109,250,-1,-1,1,525,56.8,0,-1.0,0,0,0,639,359
4183,50661,50660065,11109,250,-1,-1,1,527,60.6,0,-1.0,0,0,0,639,359
4184,50672,50671171,11106,250,-1,-1,1,528,63.6,0,-1.0,0,0,0,639,359
4185,50683,50682282,11111,250,-1,-1,1,526,65.6,0,-1.0,0,0,0,639,359
4186,50694,50693392,11110,250,-1,-1,1,524,67.7,1,-1.0,0,0,0,639,359
4187,50705,50704504,11112,250,-1,-1,1,546,69.4,0,-1.0,0,0,0,639,359
4188,50716,50715613,11109,250,-1,-1,1,546,71.0,0,-1.0,0,0,0,639,359
4189,50728,50726723,11110,250,-1,-1,1,606,72.3,0,-1.0,0,0,0,639,359
4190,50739,50737832,11109,250,-1,-1,1,632,73.4,0,-1.0,0,0,0,639,359
4191,50750,50748947,11115,250,-1,-1,1,526,74.5,0,-1.0,0,0,0,639,359
4192,50761,50760046,11099,250,-1,-1,1,526,75.4,0,-1.0,0,0,0,639,359
4193,50772,50771158,11112,250,-1,-1,1,526,76.2,0,-1.0,0,0,0,639,359
4194,50783,50782264,11106,250,-1,-1,1,528,76.6,0,-1.0,0,0,0,639,359
4195,50794,50793376,11112,250,-1,-1,1,526,77.3,1,-1.0,0,0,0,639,359
4196,50805,50804489,11113,250,-1,-1,1,545,77.9,0,-1.0,0,0,0,639,359
4197,50816,50815600,11111,250,-1,-1,1,547,78.4,0,-1.0,0,0,0,639,359
4198,50828,50826703,11103,250,-1,-1,1,636,78.9,0,-1.0,0,0,0,639,359
4199,50839,50837818,11115,250,-1,-1,1,525,79.4,0,-1.0,0,0,0,639,359
4200,50850,50848923,11105,250,-1,-1,1,528,79.9,0,-1.0,0,0,0,639,359
4201,50861,50860034,11111,250,-1,-1,1,529,80.3,0,-1.0,0,0,0,639,359
4202,50872,50871141,11107,250,-1,-1,1,528,80.6,0,-1.0,0,0,0,639,359
4203,50883,50882253,11112,250,-1,-1,1,527,80.7,0,-1.0,0,0,0,639,359
4204,50894,50893354,11101,250,-1,-1,1,526,81.1,1,-1.0,0,0,0,639,359
4205,50905,50904470,11116,250,-1,-1,1,548,81.4,0,-1.0,0,0,0,639,359
4206,50916,50915579,11109,250,-1,-1,1,547,81.7,0,-1.0,0,0,0,639,359
4207,50928,50926690,11111,250,-1,-1,1,631,82.0,0,-1.0,0,0,0,639,359
4208,50939,50937796,11106,250,-1,-1,1,526,82.2,0,-1.0,0,0,0,639,359
4209,50950,50948908,11112,250,-1,-1,1,524,82.5,0,-1.0,0,0,0,639,359
4210,50961,50960018,11110,250,-1,-1,1,627,82.7,0,-1.0,0,0,0,639,359
4211,50972,50971126,11108,250,-1,-1,1,525,82.9,0,-1.0,0,0,0,639,359
4212,50983,50982232,11106,250,-1,-1,1,527,82.9,0,-1.0,0,0,0,639,359
4213,50994,50993344,11112,250,-1,-1,1,527,83.1,1,-1.0,0,0,0,639,359
