seq,mono_ms,src_pts,d_pts_us,exp_us,cx,cy,roi,cost_us,captured_fps,pbm
1,2248,2227870,0,250,-1,-1,1,0,52.6,1
2,2290,2272470,44600,250,-1,-1,1,0,33.3,0
3,2308,2294637,22167,250,-1,-1,1,0,38.5,0
4,2314,2305646,11009,250,-1,-1,1,0,49.4,0
5,2318,2316754,11108,250,-1,-1,1,0,58.8,0
6,2329,2327855,11101,250,-1,-1,1,0,62.5,0
7,2340,2338966,11111,250,-1,-1,1,0,65.4,0
8,2351,2350078,11112,250,-1,-1,1,0,67.8,0
9,2362,2361186,11108,250,-1,-1,1,0,69.8,0
10,2373,2372290,11104,250,-1,-1,1,0,71.4,1
11,2384,2383413,11123,250,-1,-1,1,0,72.8,0
12,2395,2394518,11105,250,-1,-1,1,0,74.1,0
13,2406,2405629,11111,250,-1,-1,1,0,75.1,0
14,2418,2416732,11103,250,-1,-1,1,0,75.7,0
15,2429,2427837,11105,250,-1,-1,1,0,76.5,0
16,2440,2438953,11116,250,-1,-1,1,0,77.3,0
17,2451,2450056,11103,250,-1,-1,1,0,78.0,0
18,2462,2461165,11109,250,-1,-1,1,0,78.6,0
19,2473,2472271,11106,250,-1,-1,1,0,79.2,1
20,2484,2483394,11123,250,-1,-1,1,0,79.7,0
21,2495,2494498,11104,250,-1,-1,1,0,80.2,0
22,2506,2505610,11112,250,-1,-1,1,0,80.6,0
23,2518,2516713,11103,250,-1,-1,1,0,80.7,0
24,2529,2527824,11111,250,-1,-1,1,0,81.1,0
25,2540,2538930,11106,250,-1,-1,1,0,81.4,0
26,2551,2550043,11113,250,-1,-1,1,0,81.8,0
27,2562,2561147,11104,250,-1,-1,1,0,82.1,0
28,2573,2572258,11111,250,-1,-1,1,0,82.4,1
29,2584,2583384,11126,250,-1,-1,1,0,82.6,0
30,2595,2594479,11095,250,-1,-1,1,0,82.9,0
31,2606,2605593,11114,250,-1,-1,1,0,83.1,0
32,2618,2616697,11104,250,-1,-1,1,0,83.1,0
33,2629,2627804,11107,250,-1,-1,1,0,83.3,0
34,2640,2638915,11111,250,-1,-1,1,0,83.5,0
35,2651,2650025,11110,250,-1,-1,1,0,83.7,0
36,2662,2661134,11109,250,-1,-1,1,0,83.9,0
37,2673,2672237,11103,250,-1,-1,1,0,84.1,1
38,2684,2683365,11128,250,-1,-1,1,0,84.3,0
39,2695,2694465,11100,250,-1,-1,1,0,84.4,0
40,2706,2705583,11118,250,-1,-1,1,0,84.6,0
41,2718,2716681,11098,250,-1,-1,1,0,84.5,0
42,2729,2727790,11109,250,-1,-1,1,0,84.7,0
43,2740,2738898,11108,250,-1,-1,1,0,84.8,0
44,2751,2750007,11109,250,-1,-1,1,0,84.9,0
45,2762,2761111,11104,250,-1,-1,1,0,85.1,0
46,2773,2772224,11113,250,-1,-1,1,0,85.2,1
47,2784,2783355,11131,250,-1,-1,1,0,85.3,0
48,2795,2794448,11093,250,-1,-1,1,0,85.4,0
49,2807,2805561,11113,250,-1,-1,1,0,85.4,0
50,2817,2816665,11104,250,-1,-1,1,0,85.6,0
51,2829,2827772,11107,250,-1,-1,1,0,85.6,0
52,2840,2838875,11103,250,-1,-1,1,0,85.7,0
53,2851,2849990,11115,250,-1,-1,1,0,85.8,0
54,2862,2861106,11116,250,-1,-1,1,0,85.9,0
55,2873,2872206,11100,250,-1,-1,1,0,85.9,1
56,2884,2883336,11130,250,-1,-1,1,0,86.0,0
57,2895,2894431,11095,250,-1,-1,1,0,86.1,0
58,2906,2905545,11114,250,-1,-1,1,0,86.2,0
59,2917,2916649,11104,250,-1,-1,1,0,86.3,0
60,2929,2927757,11108,250,-1,-1,1,0,86.2,0
61,2940,2938859,11102,250,-1,-1,1,0,86.3,0
62,2951,2949970,11111,250,-1,-1,1,0,86.4,0
63,2962,2961076,11106,250,-1,-1,1,0,86.4,0
64,2973,2972190,11114,250,-1,-1,1,0,86.5,1
65,2984,2983311,11121,250,-1,-1,1,0,86.6,0
66,2995,2994415,11104,250,-1,-1,1,0,86.6,0
67,3006,3005526,11111,250,-1,-1,1,0,86.7,0
68,3017,3016635,11109,250,-1,-1,1,0,86.7,0
69,3029,3027733,11098,250,-1,-1,1,0,86.7,0
70,3040,3038843,11110,250,-1,-1,1,0,86.7,0
71,3051,3049955,11112,250,-1,-1,1,0,86.8,0
72,3062,3061062,11107,250,-1,-1,1,0,86.9,0
73,3073,3072172,11110,250,-1,-1,1,0,86.9,1
74,3084,3083293,11121,250,-1,-1,1,0,87.0,0
75,3095,3094395,11102,250,-1,-1,1,0,87.0,0
76,3106,3105513,11118,250,-1,-1,1,0,87.1,0
77,3118,3116613,11100,250,-1,-1,1,0,87.0,0
78,3129,3127723,11110,250,-1,-1,1,0,87.1,0
79,3140,3138827,11104,250,-1,-1,1,0,87.1,0
80,3151,3149939,11112,250,-1,-1,1,0,87.1,0
81,3162,3161044,11105,250,-1,-1,1,0,87.2,0
82,3173,3172156,11112,250,-1,-1,1,0,87.2,1
83,3184,3183276,11120,250,-1,-1,1,0,87.3,0
84,3195,3194375,11099,250,-1,-1,1,0,87.3,0
85,3206,3205489,11114,250,-1,-1,1,0,87.4,0
86,3217,3216593,11104,250,-1,-1,1,0,87.4,0
87,3228,3227703,11110,250,-1,-1,1,0,87.4,0
88,3240,3238810,11107,250,-1,-1,1,0,87.4,0
89,3251,3250003,11193,250,-1,-1,1,0,90.9,0
90,3299,3261032,11029,250,-1,-1,1,0,33.9,0
91,3299,3294353,33321,250,-1,-1,1,0,50.8,1
92,3306,3305482,11129,250,-1,-1,1,0,60.6,0
93,3317,3316577,11095,250,-1,-1,1,0,64.9,0
94,3329,3327688,11111,250,-1,-1,1,0,67.4,0
95,3340,3338801,11113,250,-1,-1,1,0,70.0,0
96,3351,3349913,11112,250,-1,-1,1,0,72.1,0
97,3362,3361019,11106,250,-1,-1,1,0,73.8,0
98,3373,3372121,11102,250,-1,-1,1,0,75.2,0
99,3384,3383231,11110,250,-1,-1,1,0,76.4,0
100,3395,3394340,11109,250,-1,-1,1,0,77.4,1
101,3406,3405463,11123,250,-1,-1,1,0,78.3,0
102,3417,3416565,11102,250,-1,-1,1,0,79.1,0
103,3429,3427677,11112,250,-1,-1,1,0,79.4,0
104,3440,3438782,11105,250,-1,-1,1,0,80.0,0
105,3451,3449882,11100,250,-1,-1,1,0,80.6,0
106,3462,3460995,11113,250,-1,-1,1,0,81.1,0
107,3473,3472103,11108,250,-1,-1,1,0,81.5,0
108,3484,3483215,11112,250,-1,-1,1,0,82.0,0
109,3495,3494323,11108,250,-1,-1,1,0,82.4,1
110,3506,3505442,11119,250,-1,-1,1,0,82.7,0
111,3518,3516546,11104,250,-1,-1,1,0,82.7,0
112,3528,3527661,11115,250,-1,-1,1,0,83.3,0
113,3540,3538763,11102,250,-1,-1,1,0,83.3,0
114,3551,3549872,11109,250,-1,-1,1,0,83.6,0
115,3562,3560977,11105,250,-1,-1,1,0,83.9,0
116,3573,3572089,11112,250,-1,-1,1,0,84.1,0
117,3584,3583196,11107,250,-1,-1,1,0,84.3,0
118,3595,3594304,11108,250,-1,-1,1,0,84.5,1
119,3606,3605429,11125,250,-1,-1,1,0,84.7,0
120,3617,3616527,11098,250,-1,-1,1,0,84.9,0
121,3628,3627640,11113,250,-1,-1,1,0,85.1,0
122,3640,3638746,11106,250,-1,-1,1,0,85.0,0
123,3651,3649849,11103,250,-1,-1,1,0,85.2,0
124,3662,3661056,11207,250,-1,-1,1,0,85.3,0
125,3673,3672068,11012,250,-1,-1,1,0,85.5,0
126,3684,3683176,11108,250,-1,-1,1,0,85.6,0
127,3695,3694286,11110,250,-1,-1,1,0,85.7,1
128,3706,3705408,11122,250,-1,-1,1,0,85.8,0
129,3717,3716508,11100,250,-1,-1,1,0,86.0,0
130,3728,3727627,11119,250,-1,-1,1,0,86.1,0
131,3740,3738728,11101,250,-1,-1,1,0,86.0,0
132,3751,3749835,11107,250,-1,-1,1,0,86.1,0
133,3762,3760941,11106,250,-1,-1,1,0,86.2,0
134,3773,3772052,11111,250,-1,-1,1,0,86.3,0
135,3784,3783161,11109,250,-1,-1,1,0,86.4,0
136,3795,3794271,11110,250,-1,-1,1,0,86.5,1
137,3806,3805393,11122,250,-1,-1,1,0,86.6,0
138,3817,3816492,11099,250,-1,-1,1,0,86.7,0
139,3829,3827608,11116,250,-1,-1,1,0,86.6,0
140,3840,3838715,11107,250,-1,-1,1,0,86.7,0
141,3851,3849815,11100,250,-1,-1,1,0,86.7,0
142,3862,3860924,11109,250,-1,-1,1,0,86.8,0
143,3873,3872033,11109,250,-1,-1,1,0,86.9,0
144,3884,3883144,11111,250,-1,-1,1,0,87.0,0
145,3895,3894253,11109,250,-1,-1,1,0,87.0,1
146,3906,3905371,11118,250,-1,-1,1,0,87.1,0
147,3917,3916474,11103,250,-1,-1,1,0,87.1,0
148,3928,3927588,11114,250,-1,-1,1,0,87.2,0
149,3939,3938692,11104,250,-1,-1,1,0,87.3,0
150,3951,3949801,11109,250,-1,-1,1,0,87.2,0
151,3962,3960906,11105,250,-1,-1,1,0,87.3,0
152,3973,3972018,11112,250,-1,-1,1,0,87.3,0
153,3984,3983127,11109,250,-1,-1,1,0,87.4,0
154,3995,3994236,11109,250,-1,-1,1,0,87.4,1
155,4006,4005355,11119,250,-1,-1,1,0,87.5,0
156,4017,4016458,11103,250,-1,-1,1,0,87.5,0
157,4029,4027571,11113,250,-1,-1,1,0,87.5,0
158,4039,4038681,11110,250,-1,-1,1,0,87.6,0
159,4051,4049787,11106,250,-1,-1,1,0,87.5,0
160,4062,4060894,11107,250,-1,-1,1,0,87.6,0
161,4073,4072001,11107,250,-1,-1,1,0,87.6,0
162,4084,4083113,11112,250,-1,-1,1,0,87.7,0
163,4095,4094219,11106,250,-1,-1,1,0,87.7,1
164,4106,4105345,11126,250,-1,-1,1,0,87.8,0
165,4117,4116442,11097,250,-1,-1,1,0,87.8,0
166,4129,4127551,11109,250,-1,-1,1,0,87.7,0
167,4140,4138661,11110,250,-1,-1,1,0,87.8,0
168,4151,4149771,11110,250,-1,-1,1,0,87.8,0
169,4162,4160871,11100,250,-1,-1,1,0,87.9,0
170,4173,4171985,11114,250,-1,-1,1,0,87.9,0
171,4184,4183092,11107,250,-1,-1,1,0,87.9,0
172,4195,4194206,11114,250,-1,-1,1,0,88.0,1
173,4206,4205326,11120,250,-1,-1,1,0,88.0,0
174,4217,4216423,11097,250,-1,-1,1,0,88.0,0
175,4228,4227537,11114,250,-1,-1,1,0,88.1,0
176,4239,4238644,11107,250,-1,-1,1,0,88.1,0
177,4251,4249750,11106,250,-1,-1,1,0,88.0,0
178,4262,4260859,11109,250,-1,-1,1,0,90.9,0
179,4273,4271962,11103,250,-1,-1,1,0,90.9,0
180,4322,4283073,11111,250,-1,-1,1,0,42.3,0
181,4322,4316397,33324,250,-1,-1,1,0,56.3,1
182,4328,4327534,11137,250,-1,-1,1,0,64.9,0
183,4339,4338623,11089,250,-1,-1,1,0,68.2,0
184,4351,4349736,11113,250,-1,-1,1,0,70.0,0
185,4362,4360849,11113,250,-1,-1,1,0,72.1,0
186,4373,4371959,11110,250,-1,-1,1,0,73.8,0
187,4384,4383069,11110,250,-1,-1,1,0,75.2,0
188,4395,4394171,11102,250,-1,-1,1,0,76.4,0
189,4406,4405273,11102,250,-1,-1,1,0,77.4,0
190,4417,4416386,11113,250,-1,-1,1,0,78.3,1
191,4428,4427510,11124,250,-1,-1,1,0,79.1,0
192,4439,4438612,11102,250,-1,-1,1,0,79.8,0
193,4451,4449724,11112,250,-1,-1,1,0,80.0,0
194,4462,4460831,11107,250,-1,-1,1,0,80.6,0
195,4473,4471926,11095,250,-1,-1,1,0,81.1,0
196,4484,4483040,11114,250,-1,-1,1,0,81.5,0
197,4495,4494148,11108,250,-1,-1,1,0,82.0,0
198,4506,4505260,11112,250,-1,-1,1,0,82.4,0
199,4517,4516367,11107,250,-1,-1,1,0,82.7,1
200,4528,4527497,11130,250,-1,-1,1,0,83.0,0
201,4540,4538592,11095,250,-1,-1,1,0,83.0,0
202,4551,4549709,11117,250,-1,-1,1,0,83.3,0
203,4562,4560812,11103,250,-1,-1,1,0,83.6,0
204,4573,4571916,11104,250,-1,-1,1,0,83.9,0
205,4584,4583020,11104,250,-1,-1,1,0,84.1,0
206,4595,4594132,11112,250,-1,-1,1,0,84.3,0
207,4606,4605241,11109,250,-1,-1,1,0,84.5,0
208,4617,4616352,11111,250,-1,-1,1,0,84.7,1
209,4628,4627474,11122,250,-1,-1,1,0,84.9,0
210,4639,4638574,11100,250,-1,-1,1,0,85.1,0
211,4651,4649686,11112,250,-1,-1,1,0,85.0,0
212,4662,4660791,11105,250,-1,-1,1,0,85.2,0
213,4673,4671897,11106,250,-1,-1,1,0,85.3,0
214,4684,4683011,11114,250,-1,-1,1,0,85.5,0
215,4695,4694116,11105,250,-1,-1,1,0,85.6,0
216,4706,4705224,11108,250,-1,-1,1,0,85.7,0
217,4717,4716330,11106,250,-1,-1,1,0,85.8,1
218,4728,4727455,11125,250,-1,-1,1,0,86.0,0
219,4739,4738554,11099,250,-1,-1,1,0,86.1,0
220,4751,4749669,11115,250,-1,-1,1,0,86.0,0
221,4762,4760776,11107,250,-1,-1,1,0,86.1,0
222,4773,4771881,11105,250,-1,-1,1,0,86.2,0
223,4784,4782992,11111,250,-1,-1,1,0,86.3,0
224,4795,4794100,11108,250,-1,-1,1,0,86.4,0
225,4806,4805209,11109,250,-1,-1,1,0,86.5,0
226,4817,4816318,11109,250,-1,-1,1,0,86.6,1
227,4828,4827441,11123,250,-1,-1,1,0,86.7,0
228,4839,4838540,11099,250,-1,-1,1,0,86.7,0
229,4851,4849653,11113,250,-1,-1,1,0,86.7,0
230,4862,4860763,11110,250,-1,-1,1,0,86.7,0
231,4873,4871860,11097,250,-1,-1,1,0,86.8,0
232,4884,4882971,11111,250,-1,-1,1,0,86.9,0
233,4895,4894082,11111,250,-1,-1,1,0,87.0,0
234,4906,4905190,11108,250,-1,-1,1,0,87.0,0
235,4917,4916300,11110,250,-1,-1,1,0,87.1,1
236,4928,4927429,11129,250,-1,-1,1,0,87.1,0
237,4940,4938523,11094,250,-1,-1,1,0,87.1,0
238,4951,4949641,11118,250,-1,-1,1,0,87.1,0
239,4962,4960742,11101,250,-1,-1,1,0,87.2,0
240,4973,4971847,11105,250,-1,-1,1,0,87.3,0
241,4984,4982954,11107,250,-1,-1,1,0,87.3,0
242,4995,4994069,11115,250,-1,-1,1,0,87.4,0
243,5006,5005171,11102,250,-1,-1,1,0,87.4,0
244,5017,5016280,11109,250,-1,-1,1,0,87.5,1
245,5028,5027408,11128,250,-1,-1,1,0,87.5,0
246,5039,5038509,11101,250,-1,-1,1,0,87.6,0
247,5051,5049626,11117,250,-1,-1,1,0,87.5,0
248,5062,5060726,11100,250,-1,-1,1,0,87.5,0
249,5073,5071829,11103,250,-1,-1,1,0,87.6,0
250,5084,5082938,11109,250,-1,-1,1,0,87.6,0
251,5095,5094050,11112,250,-1,-1,1,0,87.7,0
252,5106,5105158,11108,250,-1,-1,1,0,87.7,0
253,5117,5116264,11106,250,-1,-1,1,0,87.8,1
254,5128,5127388,11124,250,-1,-1,1,0,87.8,0
255,5139,5138486,11098,250,-1,-1,1,0,87.8,0
256,5151,5149606,11120,250,-1,-1,1,0,87.8,0
257,5162,5160707,11101,250,-1,-1,1,0,87.8,0
258,5173,5171819,11112,250,-1,-1,1,0,87.9,0
259,5184,5182922,11103,250,-1,-1,1,0,87.9,0
260,5195,5194029,11107,250,-1,-1,1,0,87.9,0
261,5206,5205136,11107,250,-1,-1,1,0,88.0,0
262,5217,5216251,11115,250,-1,-1,1,0,88.0,1
263,5228,5227369,11118,250,-1,-1,1,0,88.0,0
264,5239,5238471,11102,250,-1,-1,1,0,88.1,0
265,5251,5249586,11115,250,-1,-1,1,0,88.0,0
266,5261,5260692,11106,250,-1,-1,1,0,100.0,0
267,5273,5271793,11101,250,-1,-1,1,0,90.9,0
268,5284,5282902,11109,250,-1,-1,1,0,90.9,0
269,5295,5294008,11106,250,-1,-1,1,0,90.9,0
270,5344,5305122,11114,250,-1,-1,1,0,53.8,0
271,5344,5338442,33320,250,-1,-1,1,0,64.5,1
272,5350,5349584,11142,250,-1,-1,1,0,70.7,0
273,5361,5360671,11087,250,-1,-1,1,0,72.7,0
274,5373,5371782,11111,250,-1,-1,1,0,73.8,0
275,5384,5382899,11117,250,-1,-1,1,0,75.2,0
276,5395,5394009,11110,250,-1,-1,1,0,76.4,0
277,5406,5405113,11104,250,-1,-1,1,0,77.4,0
278,5417,5416213,11100,250,-1,-1,1,0,78.3,0
279,5428,5427323,11110,250,-1,-1,1,0,79.1,0
280,5439,5438434,11111,250,-1,-1,1,0,79.8,1
281,5450,5449556,11122,250,-1,-1,1,0,80.4,0
282,5461,5460657,11101,250,-1,-1,1,0,81.0,0
283,5473,5471769,11112,250,-1,-1,1,0,81.1,0
284,5484,5482879,11110,250,-1,-1,1,0,81.5,0
285,5495,5493977,11098,250,-1,-1,1,0,82.0,0
286,5506,5505095,11118,250,-1,-1,1,0,82.4,0
287,5517,5516194,11099,250,-1,-1,1,0,82.7,0
288,5528,5527304,11110,250,-1,-1,1,0,83.0,0
289,5539,5538412,11108,250,-1,-1,1,0,83.3,1
290,5550,5549533,11121,250,-1,-1,1,0,83.6,0
291,5562,5560639,11106,250,-1,-1,1,0,83.6,0
292,5573,5571753,11114,250,-1,-1,1,0,83.9,0
293,5584,5582856,11103,250,-1,-1,1,0,84.1,0
294,5595,5593960,11104,250,-1,-1,1,0,84.3,0
295,5606,5605071,11111,250,-1,-1,1,0,84.5,0
296,5617,5616180,11109,250,-1,-1,1,0,84.7,0
297,5628,5627285,11105,250,-1,-1,1,0,84.9,0
298,5639,5638398,11113,250,-1,-1,1,0,85.1,1
299,5650,5649520,11122,250,-1,-1,1,0,85.2,0
300,5662,5660622,11102,250,-1,-1,1,0,85.2,0
301,5673,5671735,11113,250,-1,-1,1,0,85.3,0
302,5684,5682842,11107,250,-1,-1,1,0,85.5,0
303,5695,5693945,11103,250,-1,-1,1,0,85.6,0
304,5706,5705054,11109,250,-1,-1,1,0,85.7,0
305,5717,5716163,11109,250,-1,-1,1,0,85.8,0
306,5728,5727274,11111,250,-1,-1,1,0,86.0,0
307,5739,5738376,11102,250,-1,-1,1,0,86.1,1
308,5750,5749505,11129,250,-1,-1,1,0,86.2,0
309,5761,5760605,11100,250,-1,-1,1,0,86.3,0
310,5773,5771715,11110,250,-1,-1,1,0,86.2,0
311,5784,5782821,11106,250,-1,-1,1,0,86.3,0
312,5795,5793926,11105,250,-1,-1,1,0,86.4,0
313,5806,5805035,11109,250,-1,-1,1,0,86.5,0
314,5817,5816144,11109,250,-1,-1,1,0,86.6,0
315,5828,5827253,11109,250,-1,-1,1,0,86.7,0
316,5839,5838364,11111,250,-1,-1,1,0,86.7,1
317,5850,5849486,11122,250,-1,-1,1,0,86.8,0
318,5861,5860589,11103,250,-1,-1,1,0,86.9,0
319,5873,5871693,11104,250,-1,-1,1,0,86.8,0
320,5884,5882803,11110,250,-1,-1,1,0,86.9,0
321,5895,5893908,11105,250,-1,-1,1,0,87.0,0
322,5906,5905018,11110,250,-1,-1,1,0,87.0,0
323,5917,5916126,11108,250,-1,-1,1,0,87.1,0
324,5928,5927240,11114,250,-1,-1,1,0,87.1,0
325,5939,5938346,11106,250,-1,-1,1,0,87.2,1
326,5950,5949466,11120,250,-1,-1,1,0,87.3,0
327,5962,5960566,11100,250,-1,-1,1,0,87.2,0
328,5972,5971681,11115,250,-1,-1,1,0,87.4,0
329,5984,5982784,11103,250,-1,-1,1,0,87.3,0
330,5995,5993906,11122,250,-1,-1,1,0,87.4,0
331,6006,6005005,11099,250,-1,-1,1,0,87.4,0
332,6017,6016111,11106,250,-1,-1,1,0,87.5,0
333,6028,6027220,11109,250,-1,-1,1,0,87.5,0
334,6039,6038332,11112,250,-1,-1,1,0,87.6,1
335,6050,6049451,11119,250,-1,-1,1,0,87.6,0
336,6061,6060553,11102,250,-1,-1,1,0,87.7,0
337,6073,6071664,11111,250,-1,-1,1,0,87.6,0
338,6084,6082772,11108,250,-1,-1,1,0,87.6,0
339,6095,6093872,11100,250,-1,-1,1,0,87.7,0
340,6106,6104983,11111,250,-1,-1,1,0,87.7,0
341,6117,6116092,11109,250,-1,-1,1,0,87.8,0
342,6128,6127201,11109,250,-1,-1,1,0,87.8,0
343,6140,6138316,11115,250,-1,-1,1,0,87.7,1
344,6150,6149438,11122,250,-1,-1,1,0,87.9,0
345,6161,6160538,11100,250,-1,-1,1,0,87.9,0
346,6172,6171651,11113,250,-1,-1,1,0,87.9,0
347,6184,6182758,11107,250,-1,-1,1,0,87.9,0
348,6195,6193862,11104,250,-1,-1,1,0,87.9,0
349,6206,6204966,11104,250,-1,-1,1,0,88.0,0
350,6217,6216077,11111,250,-1,-1,1,0,88.0,0
351,6228,6227181,11104,250,-1,-1,1,0,88.0,0
352,6239,6238297,11116,250,-1,-1,1,0,88.1,1
353,6250,6249418,11121,250,-1,-1,1,0,88.1,0
354,6261,6260519,11101,250,-1,-1,1,0,88.1,0
355,6274,6271630,11111,250,-1,-1,1,0,76.9,0
356,6284,6282741,11111,250,-1,-1,1,0,87.0,0
357,6295,6293840,11099,250,-1,-1,1,0,88.2,0
358,6306,6304949,11109,250,-1,-1,1,0,88.9,0
359,6317,6316055,11106,250,-1,-1,1,0,89.3,0
360,6368,6327173,11118,250,-1,-1,1,0,56.1,0
361,6368,6360492,33319,250,-1,-1,1,0,65.4,1
362,6372,6371624,11132,250,-1,-1,1,0,72.1,0
363,6384,6382714,11090,250,-1,-1,1,0,73.2,0
364,6395,6393826,11112,250,-1,-1,1,0,74.6,0
365,6406,6404943,11117,250,-1,-1,1,0,75.9,0
366,6417,6416047,11104,250,-1,-1,1,0,76.9,0
367,6428,6427161,11114,250,-1,-1,1,0,77.4,0
368,6439,6438265,11104,250,-1,-1,1,0,78.7,0
369,6450,6449366,11101,250,-1,-1,1,0,79.4,0
370,6461,6460480,11114,250,-1,-1,1,0,80.0,1
371,6472,6471598,11118,250,-1,-1,1,0,80.6,0
372,6484,6482704,11106,250,-1,-1,1,0,80.7,0
373,6495,6493817,11113,250,-1,-1,1,0,81.2,0
374,6506,6504922,11105,250,-1,-1,1,0,81.6,0
375,6517,6516023,11101,250,-1,-1,1,0,82.0,0
376,6528,6527132,11109,250,-1,-1,1,0,82.4,0
377,6539,6538241,11109,250,-1,-1,1,0,82.7,0
378,6550,6549354,11113,250,-1,-1,1,0,83.0,0
379,6561,6560462,11108,250,-1,-1,1,0,83.3,1
380,6572,6571586,11124,250,-1,-1,1,0,83.6,0
381,6584,6582682,11096,250,-1,-1,1,0,83.6,0
382,6595,6593803,11121,250,-1,-1,1,0,83.8,0
383,6606,6604907,11104,250,-1,-1,1,0,84.1,0
384,6617,6616006,11099,250,-1,-1,1,0,84.3,0
385,6628,6627114,11108,250,-1,-1,1,0,84.5,0
386,6639,6638228,11114,250,-1,-1,1,0,84.7,0
387,6650,6649339,11111,250,-1,-1,1,0,84.8,0
388,6661,6660442,11103,250,-1,-1,1,0,85.0,1
389,6673,6671570,11128,250,-1,-1,1,0,85.0,0
390,6684,6682666,11096,250,-1,-1,1,0,85.1,0
391,6695,6693781,11115,250,-1,-1,1,0,85.3,0
392,6706,6704891,11110,250,-1,-1,1,0,85.4,0
393,6717,6715989,11098,250,-1,-1,1,0,85.5,0
394,6728,6727104,11115,250,-1,-1,1,0,85.7,0
395,6739,6738206,11102,250,-1,-1,1,0,85.8,0
396,6750,6749321,11115,250,-1,-1,1,0,85.9,0
397,6761,6760426,11105,250,-1,-1,1,0,86.0,1
398,6772,6771549,11123,250,-1,-1,1,0,86.1,0
399,6784,6782651,11102,250,-1,-1,1,0,86.0,0
400,6795,6793767,11116,250,-1,-1,1,0,86.1,0
401,6806,6804870,11103,250,-1,-1,1,0,86.2,0
402,6817,6815971,11101,250,-1,-1,1,0,86.3,0
403,6828,6827080,11109,250,-1,-1,1,0,86.4,0
404,6839,6838191,11111,250,-1,-1,1,0,86.5,0
405,6850,6849299,11108,250,-1,-1,1,0,86.6,0
406,6861,6860414,11115,250,-1,-1,1,0,86.7,1
407,6872,6871532,11118,250,-1,-1,1,0,86.7,0
408,6884,6882633,11101,250,-1,-1,1,0,86.7,0
409,6895,6893750,11117,250,-1,-1,1,0,86.8,0
410,6906,6904855,11105,250,-1,-1,1,0,86.8,0
411,6917,6915955,11100,250,-1,-1,1,0,86.9,0
412,6928,6927064,11109,250,-1,-1,1,0,87.0,0
413,6939,6938173,11109,250,-1,-1,1,0,87.0,0
414,6950,6949283,11110,250,-1,-1,1,0,87.1,0
415,6961,6960391,11108,250,-1,-1,1,0,87.1,1
416,6972,6971520,11129,250,-1,-1,1,0,87.2,0
417,6984,6982617,11097,250,-1,-1,1,0,87.1,0
418,6995,6993735,11118,250,-1,-1,1,0,87.2,0
419,7006,7004836,11101,250,-1,-1,1,0,87.2,0
420,7017,7015937,11101,250,-1,-1,1,0,87.3,0
421,7028,7027046,11109,250,-1,-1,1,0,87.4,0
422,7039,7038163,11117,250,-1,-1,1,0,87.4,0
423,7050,7049269,11106,250,-1,-1,1,0,87.5,0
424,7061,7060380,11111,250,-1,-1,1,0,87.5,1
425,7072,7071497,11117,250,-1,-1,1,0,87.5,0
426,7084,7082600,11103,250,-1,-1,1,0,87.5,0
427,7095,7093714,11114,250,-1,-1,1,0,87.5,0
428,7106,7104821,11107,250,-1,-1,1,0,87.6,0
429,7117,7115921,11100,250,-1,-1,1,0,87.6,0
430,7128,7127032,11111,250,-1,-1,1,0,87.7,0
431,7139,7138137,11105,250,-1,-1,1,0,87.7,0
432,7150,7149254,11117,250,-1,-1,1,0,87.7,0
433,7161,7160361,11107,250,-1,-1,1,0,87.8,1
434,7172,7171485,11124,250,-1,-1,1,0,87.8,0
435,7183,7182583,11098,250,-1,-1,1,0,87.9,0
436,7195,7193701,11118,250,-1,-1,1,0,87.8,0
437,7206,7204803,11102,250,-1,-1,1,0,87.8,0
438,7217,7215904,11101,250,-1,-1,1,0,87.9,0
439,7228,7227011,11107,250,-1,-1,1,0,87.9,0
440,7239,7238121,11110,250,-1,-1,1,0,87.9,0
441,7250,7249229,11108,250,-1,-1,1,0,88.0,0
442,7261,7260342,11113,250,-1,-1,1,0,88.0,1
443,7287,7282560,22218,250,-1,-1,1,0,41.7,0
444,7295,7293679,11119,250,-1,-1,1,0,62.5,0
445,7306,7304787,11108,250,-1,-1,1,0,69.8,0
446,7317,7315889,11102,250,-1,-1,1,0,74.1,0
447,7328,7326996,11107,250,-1,-1,1,0,76.9,0
448,7339,7338104,11108,250,-1,-1,1,0,78.9,0
449,7350,7349216,11112,250,-1,-1,1,0,80.5,0
450,7401,7360328,11112,250,-1,-1,1,0,58.0,0
451,7401,7393650,33322,250,-1,-1,1,0,65.2,1
452,7406,7404783,11133,250,-1,-1,1,0,69.9,0
453,7417,7415875,11092,250,-1,-1,1,0,71.4,0
454,7428,7426981,11106,250,-1,-1,1,0,72.7,0
455,7439,7438101,11120,250,-1,-1,1,0,73.9,0
456,7450,7449203,11102,250,-1,-1,1,0,74.9,0
457,7461,7460320,11117,250,-1,-1,1,0,75.8,0
458,7472,7471419,11099,250,-1,-1,1,0,76.6,0
459,7483,7482528,11109,250,-1,-1,1,0,77.3,0
460,7494,7493633,11105,250,-1,-1,1,0,77.9,1
461,7506,7504761,11128,250,-1,-1,1,0,78.2,0
462,7517,7515855,11094,250,-1,-1,1,0,78.7,0
463,7528,7526972,11117,250,-1,-1,1,0,79.2,0
464,7539,7538079,11107,250,-1,-1,1,0,79.7,0
465,7550,7549182,11103,250,-1,-1,1,0,80.1,0
466,7561,7560290,11108,250,-1,-1,1,0,80.5,0
467,7572,7571403,11113,250,-1,-1,1,0,80.9,0
468,7583,7582508,11105,250,-1,-1,1,0,81.2,0
469,7594,7593615,11107,250,-1,-1,1,0,81.6,1
470,7606,7604744,11129,250,-1,-1,1,0,81.6,0
471,7617,7615843,11099,250,-1,-1,1,0,81.9,0
472,7628,7626954,11111,250,-1,-1,1,0,82.2,0
473,7639,7638066,11112,250,-1,-1,1,0,82.4,0
474,7650,7649161,11095,250,-1,-1,1,0,82.7,0
475,7661,7660275,11114,250,-1,-1,1,0,82.9,0
476,7672,7671383,11108,250,-1,-1,1,0,83.1,0
477,7683,7682495,11112,250,-1,-1,1,0,83.3,0
478,7695,7693610,11115,250,-1,-1,1,0,83.3,1
479,7706,7704729,11119,250,-1,-1,1,0,83.5,0
480,7717,7715827,11098,250,-1,-1,1,0,83.7,0
481,7728,7726937,11110,250,-1,-1,1,0,83.9,0
482,7739,7738035,11098,250,-1,-1,1,0,84.0,0
483,7750,7749146,11111,250,-1,-1,1,0,84.2,0
484,7761,7760254,11108,250,-1,-1,1,0,84.3,0
485,7772,7771365,11111,250,-1,-1,1,0,84.5,0
486,7783,7782475,11110,250,-1,-1,1,0,84.6,0
487,7794,7793583,11108,250,-1,-1,1,0,84.7,1
488,7806,7804708,11125,250,-1,-1,1,0,84.7,0
489,7817,7815807,11099,250,-1,-1,1,0,84.8,0
490,7828,7826918,11111,250,-1,-1,1,0,85.0,0
491,7839,7838024,11106,250,-1,-1,1,0,85.1,0
492,7850,7849125,11101,250,-1,-1,1,0,85.2,0
493,7861,7860240,11115,250,-1,-1,1,0,85.3,0
494,7872,7871345,11105,250,-1,-1,1,0,85.4,0
495,7883,7882458,11113,250,-1,-1,1,0,85.5,0
496,7894,7893566,11108,250,-1,-1,1,0,85.6,1
497,7906,7904692,11126,250,-1,-1,1,0,85.5,0
498,7917,7915791,11099,250,-1,-1,1,0,85.6,0
499,7928,7926907,11116,250,-1,-1,1,0,85.7,0
500,7939,7938007,11100,250,-1,-1,1,0,85.8,0
501,7950,7949111,11104,250,-1,-1,1,0,85.9,0
502,7961,7960220,11109,250,-1,-1,1,0,86.0,0
503,7972,7971333,11113,250,-1,-1,1,0,86.0,0
504,7983,7982442,11109,250,-1,-1,1,0,86.1,0
505,7994,7993549,11107,250,-1,-1,1,0,86.2,1
506,8006,8004670,11121,250,-1,-1,1,0,86.1,0
507,8017,8015780,11110,250,-1,-1,1,0,86.2,0
508,8028,8026886,11106,250,-1,-1,1,0,86.3,0
509,8039,8037995,11109,250,-1,-1,1,0,86.3,0
510,8050,8049096,11101,250,-1,-1,1,0,86.4,0
511,8061,8060206,11110,250,-1,-1,1,0,86.5,0
512,8072,8071313,11107,250,-1,-1,1,0,86.5,0
513,8083,8082424,11111,250,-1,-1,1,0,86.6,0
514,8094,8093528,11104,250,-1,-1,1,0,86.6,1
515,8105,8104657,11129,250,-1,-1,1,0,86.7,0
516,8117,8115753,11096,250,-1,-1,1,0,86.7,0
517,8128,8126870,11117,250,-1,-1,1,0,86.7,0
518,8139,8137975,11105,250,-1,-1,1,0,86.8,0
519,8150,8149093,11118,250,-1,-1,1,0,86.8,0
520,8161,8160188,11095,250,-1,-1,1,0,86.9,0
521,8172,8171296,11108,250,-1,-1,1,0,86.9,0
522,8183,8182407,11111,250,-1,-1,1,0,87.0,0
523,8194,8193515,11108,250,-1,-1,1,0,87.0,1
524,8205,8204639,11124,250,-1,-1,1,0,87.0,0
525,8217,8215736,11097,250,-1,-1,1,0,87.0,0
526,8228,8226849,11113,250,-1,-1,1,0,87.0,0
527,8239,8237956,11107,250,-1,-1,1,0,87.1,0
528,8250,8249060,11104,250,-1,-1,1,0,87.1,0
529,8261,8260171,11111,250,-1,-1,1,0,87.2,0
530,8272,8271279,11108,250,-1,-1,1,0,87.2,0
531,8286,8282398,11119,250,-1,-1,1,0,71.4,0
532,8294,8293505,11107,250,-1,-1,1,0,90.9,1
533,8305,8304624,11119,250,-1,-1,1,0,90.9,0
534,8317,8315718,11094,250,-1,-1,1,0,88.9,0
535,8328,8326837,11119,250,-1,-1,1,0,89.3,0
536,8339,8337938,11101,250,-1,-1,1,0,89.6,0
537,8350,8349043,11105,250,-1,-1,1,0,89.7,0
538,8361,8360151,11108,250,-1,-1,1,0,89.9,0
539,8372,8371262,11111,250,-1,-1,1,0,90.0,0
540,8424,8382368,11106,250,-1,-1,1,0,65.8,0
541,8424,8415699,33331,250,-1,-1,1,0,72.4,1
542,8428,8426817,11118,250,-1,-1,1,0,76.9,0
543,8439,8437919,11102,250,-1,-1,1,0,77.8,0
544,8450,8449025,11106,250,-1,-1,1,0,78.7,0
545,8461,8460150,11125,250,-1,-1,1,0,79.4,0
546,8472,8471249,11099,250,-1,-1,1,0,80.0,0
547,8483,8482366,11117,250,-1,-1,1,0,80.6,0
548,8494,8493469,11103,250,-1,-1,1,0,81.1,0
549,8505,8504573,11104,250,-1,-1,1,0,81.5,0
550,8516,8515682,11109,250,-1,-1,1,0,82.0,1
551,8528,8526810,11128,250,-1,-1,1,0,82.0,0
552,8539,8537902,11092,250,-1,-1,1,0,82.4,0
553,8550,8549022,11120,250,-1,-1,1,0,82.7,0
554,8561,8560125,11103,250,-1,-1,1,0,83.0,0
555,8572,8571229,11104,250,-1,-1,1,0,83.3,0
556,8583,8582337,11108,250,-1,-1,1,0,83.6,0
557,8594,8593443,11106,250,-1,-1,1,0,83.9,0
558,8605,8604554,11111,250,-1,-1,1,0,84.1,0
559,8616,8615663,11109,250,-1,-1,1,0,84.3,1
560,8628,8626790,11127,250,-1,-1,1,0,84.3,0
561,8639,8637890,11100,250,-1,-1,1,0,84.5,0
562,8650,8648998,11108,250,-1,-1,1,0,84.7,0
563,8661,8660110,11112,250,-1,-1,1,0,84.8,0
564,8672,8671214,11104,250,-1,-1,1,0,85.0,0
565,8683,8682322,11108,250,-1,-1,1,0,85.2,0
566,8694,8693430,11108,250,-1,-1,1,0,85.3,0
567,8705,8704540,11110,250,-1,-1,1,0,85.5,0
568,8717,8715649,11109,250,-1,-1,1,0,85.4,1
569,8728,8726777,11128,250,-1,-1,1,0,85.5,0
570,8739,8737869,11092,250,-1,-1,1,0,85.7,0
571,8750,8748985,11116,250,-1,-1,1,0,85.8,0
572,8761,8760093,11108,250,-1,-1,1,0,85.9,0
573,8772,8771197,11104,250,-1,-1,1,0,86.0,0
574,8783,8782304,11107,250,-1,-1,1,0,86.1,0
575,8794,8793417,11113,250,-1,-1,1,0,86.2,0
576,8805,8804522,11105,250,-1,-1,1,0,86.3,0
577,8816,8815634,11112,250,-1,-1,1,0,86.4,1
578,8828,8826749,11115,250,-1,-1,1,0,86.3,0
579,8839,8837855,11106,250,-1,-1,1,0,86.4,0
580,8850,8848969,11114,250,-1,-1,1,0,86.5,0
581,8861,8860077,11108,250,-1,-1,1,0,86.6,0
582,8872,8871180,11103,250,-1,-1,1,0,86.7,0
583,8883,8882285,11105,250,-1,-1,1,0,86.7,0
584,8894,8893392,11107,250,-1,-1,1,0,86.8,0
585,8905,8904502,11110,250,-1,-1,1,0,86.9,0
586,8916,8915611,11109,250,-1,-1,1,0,87.0,1
587,8928,8926739,11128,250,-1,-1,1,0,86.9,0
588,8939,8937835,11096,250,-1,-1,1,0,87.0,0
589,8950,8948952,11117,250,-1,-1,1,0,87.0,0
590,8961,8960057,11105,250,-1,-1,1,0,87.1,0
591,8972,8971159,11102,250,-1,-1,1,0,87.1,0
592,8983,8982265,11106,250,-1,-1,1,0,87.2,0
593,8994,8993378,11113,250,-1,-1,1,0,87.3,0
594,9005,9004486,11108,250,-1,-1,1,0,87.3,0
595,9016,9015596,11110,250,-1,-1,1,0,87.4,1
596,9028,9026717,11121,250,-1,-1,1,0,87.3,0
597,9039,9037821,11104,250,-1,-1,1,0,87.4,0
598,9050,9048933,11112,250,-1,-1,1,0,87.4,0
599,9061,9060046,11113,250,-1,-1,1,0,87.5,0
600,9072,9071143,11097,250,-1,-1,1,0,87.5,0
601,9083,9082254,11111,250,-1,-1,1,0,87.5,0
602,9094,9093362,11108,250,-1,-1,1,0,87.6,0
603,9105,9104468,11106,250,-1,-1,1,0,87.6,0
604,9116,9115574,11106,250,-1,-1,1,0,87.6,1
605,9128,9126705,11131,250,-1,-1,1,0,87.6,0
606,9139,9137801,11096,250,-1,-1,1,0,87.7,0
607,9150,9148916,11115,250,-1,-1,1,0,87.7,0
608,9161,9160023,11107,250,-1,-1,1,0,87.7,0
609,9172,9171123,11100,250,-1,-1,1,0,87.8,0
610,9183,9182234,11111,250,-1,-1,1,0,87.8,0
611,9194,9193349,11115,250,-1,-1,1,0,87.9,0
612,9205,9204455,11106,250,-1,-1,1,0,87.9,0
613,9216,9215562,11107,250,-1,-1,1,0,87.9,1
614,9227,9226686,11124,250,-1,-1,1,0,88.0,0
615,9239,9237787,11101,250,-1,-1,1,0,87.9,0
616,9250,9248903,11116,250,-1,-1,1,0,87.9,0
617,9261,9260008,11105,250,-1,-1,1,0,88.0,0
618,9272,9271108,11100,250,-1,-1,1,0,88.0,0
619,9283,9282365,11257,250,-1,-1,1,0,90.9,0
620,9294,9293324,10959,250,-1,-1,1,0,90.9,0
621,9305,9304438,11114,250,-1,-1,1,0,90.9,0
622,9316,9315547,11109,250,-1,-1,1,0,90.9,1
623,9327,9326665,11118,250,-1,-1,1,0,90.9,0
624,9339,9337772,11107,250,-1,-1,1,0,89.6,0
625,9350,9348884,11112,250,-1,-1,1,0,89.7,0
626,9361,9359987,11103,250,-1,-1,1,0,89.9,0
627,9372,9371091,11104,250,-1,-1,1,0,90.0,0
628,9383,9382204,11113,250,-1,-1,1,0,90.1,0
629,9394,9393313,11109,250,-1,-1,1,0,90.2,0
630,9470,9404419,11106,250,-1,-1,1,0,60.6,0
631,9470,9459958,55539,250,-1,-1,1,0,65.7,1
632,9473,9471068,11110,250,-1,-1,1,0,69.7,0
633,9483,9482198,11130,250,-1,-1,1,0,71.1,0
634,9494,9493297,11099,250,-1,-1,1,0,72.1,0
635,9505,9504414,11117,250,-1,-1,1,0,73.0,0
636,9516,9515521,11107,250,-1,-1,1,0,73.8,0
637,9527,9526621,11100,250,-1,-1,1,0,74.5,0
638,9539,9537730,11109,250,-1,-1,1,0,74.9,0
639,9550,9548838,11108,250,-1,-1,1,0,75.5,0
640,9561,9559945,11107,250,-1,-1,1,0,76.1,1
641,9572,9571070,11125,250,-1,-1,1,0,76.7,0
642,9583,9582171,11101,250,-1,-1,1,0,77.2,0
643,9594,9593286,11115,250,-1,-1,1,0,77.6,0
644,9605,9604389,11103,250,-1,-1,1,0,78.1,0
645,9616,9615495,11106,250,-1,-1,1,0,78.5,0
646,9627,9626603,11108,250,-1,-1,1,0,78.9,0
647,9639,9637713,11110,250,-1,-1,1,0,79.0,0
648,9650,9648820,11107,250,-1,-1,1,0,79.4,0
649,9661,9659930,11110,250,-1,-1,1,0,79.7,1
650,9672,9671045,11115,250,-1,-1,1,0,80.0,0
651,9683,9682152,11107,250,-1,-1,1,0,80.3,0
652,9695,9693270,11118,250,-1,-1,1,0,80.4,0
653,9705,9704377,11107,250,-1,-1,1,0,80.8,0
654,9716,9715471,11094,250,-1,-1,1,0,81.1,0
655,9727,9726584,11113,250,-1,-1,1,0,81.3,0
656,9739,9737695,11111,250,-1,-1,1,0,81.4,0
657,9750,9748806,11111,250,-1,-1,1,0,81.6,0
658,9761,9759915,11109,250,-1,-1,1,0,81.8,1
659,9772,9771040,11125,250,-1,-1,1,0,82.0,0
660,9784,9782133,11093,250,-1,-1,1,0,82.0,0
661,9794,9793250,11117,250,-1,-1,1,0,82.4,0
662,9805,9804356,11106,250,-1,-1,1,0,82.6,0
663,9816,9815461,11105,250,-1,-1,1,0,82.7,0
664,9827,9826566,11105,250,-1,-1,1,0,82.9,0
665,9838,9837676,11110,250,-1,-1,1,0,82.9,0
666,9850,9848784,11108,250,-1,-1,1,0,83.0,0
667,9861,9859896,11112,250,-1,-1,1,0,83.2,1
668,9872,9871022,11126,250,-1,-1,1,0,83.3,0
669,9884,9882120,11098,250,-1,-1,1,0,83.3,0
670,9894,9893233,11113,250,-1,-1,1,0,83.6,0
671,9905,9904338,11105,250,-1,-1,1,0,83.7,0
672,9916,9915439,11101,250,-1,-1,1,0,83.9,0
673,9927,9926552,11113,250,-1,-1,1,0,84.0,0
674,9938,9937658,11106,250,-1,-1,1,0,84.1,0
675,9950,9948768,11110,250,-1,-1,1,0,84.1,0
676,9961,9959874,11106,250,-1,-1,1,0,84.2,1
677,9972,9971002,11128,250,-1,-1,1,0,84.3,0
678,9983,9982104,11102,250,-1,-1,1,0,84.4,0
679,9994,9993215,11111,250,-1,-1,1,0,84.5,0
680,10005,10004323,11108,250,-1,-1,1,0,84.6,0
681,10016,10015425,11102,250,-1,-1,1,0,84.7,0
682,10027,10026575,11150,250,-1,-1,1,0,84.8,0
683,10038,10037644,11069,250,-1,-1,1,0,84.9,0
684,10050,10048750,11106,250,-1,-1,1,0,84.8,0
685,10061,10059861,11111,250,-1,-1,1,0,84.9,1
686,10072,10070982,11121,250,-1,-1,1,0,85.0,0
687,10083,10082083,11101,250,-1,-1,1,0,85.1,0
688,10094,10093200,11117,250,-1,-1,1,0,85.2,0
689,10105,10104310,11110,250,-1,-1,1,0,85.2,0
690,10116,10115409,11099,250,-1,-1,1,0,85.3,0
691,10127,10126515,11106,250,-1,-1,1,0,85.4,0
692,10139,10137623,11108,250,-1,-1,1,0,85.4,0
693,10151,10148736,11113,250,-1,-1,1,0,85.3,0
694,10161,10159849,11113,250,-1,-1,1,0,85.5,1
695,10172,10170967,11118,250,-1,-1,1,0,85.6,0
696,10183,10182066,11099,250,-1,-1,1,0,85.6,0
697,10194,10193182,11116,250,-1,-1,1,0,85.7,0
698,10205,10204287,11105,250,-1,-1,1,0,85.7,0
699,10216,10215393,11106,250,-1,-1,1,0,85.8,0
700,10227,10226497,11104,250,-1,-1,1,0,85.9,0
701,10238,10237613,11116,250,-1,-1,1,0,85.9,0
702,10250,10248721,11108,250,-1,-1,1,0,85.9,0
703,10261,10259830,11109,250,-1,-1,1,0,85.9,1
704,10272,10270954,11124,250,-1,-1,1,0,86.0,0
705,10294,10293160,22206,250,-1,-1,1,0,45.5,0
706,10305,10304274,11114,250,-1,-1,1,0,60.6,0
707,10316,10315371,11097,250,-1,-1,1,0,68.2,0
708,10327,10326484,11113,250,-1,-1,1,0,72.7,0
709,10338,10337588,11104,250,-1,-1,1,0,75.8,0
710,10349,10348700,11112,250,-1,-1,1,0,77.9,0
711,10361,10359811,11111,250,-1,-1,1,0,78.7,0
712,10372,10370917,11106,250,-1,-1,1,0,80.0,1
713,10383,10382039,11122,250,-1,-1,1,0,81.1,0
714,10395,10393142,11103,250,-1,-1,1,0,81.3,0
715,10405,10404254,11112,250,-1,-1,1,0,82.7,0
716,10416,10415363,11109,250,-1,-1,1,0,83.3,0
717,10427,10426463,11100,250,-1,-1,1,0,83.9,0
718,10438,10437574,11111,250,-1,-1,1,0,84.3,0
719,10450,10448682,11108,250,-1,-1,1,0,84.3,0
720,10502,10459791,11109,250,-1,-1,1,0,69.6,0
721,10502,10493116,33325,250,-1,-1,1,0,73.9,1
722,10505,10504241,11125,250,-1,-1,1,0,77.3,0
723,10516,10515349,11108,250,-1,-1,1,0,77.9,0
724,10528,10526453,11104,250,-1,-1,1,0,78.1,0
725,10539,10537564,11111,250,-1,-1,1,0,78.7,0
726,10549,10548671,11107,250,-1,-1,1,0,79.4,0
727,10561,10559785,11114,250,-1,-1,1,0,79.6,0
728,10572,10570894,11109,250,-1,-1,1,0,80.0,0
729,10583,10581993,11099,250,-1,-1,1,0,80.4,0
730,10594,10593102,11109,250,-1,-1,1,0,80.7,1
731,10605,10604223,11121,250,-1,-1,1,0,81.1,0
732,10617,10615332,11109,250,-1,-1,1,0,81.2,0
733,10627,10626441,11109,250,-1,-1,1,0,81.7,0
734,10638,10637546,11105,250,-1,-1,1,0,82.0,0
735,10649,10648648,11102,250,-1,-1,1,0,82.2,0
736,10661,10659758,11110,250,-1,-1,1,0,82.3,0
737,10672,10670870,11112,250,-1,-1,1,0,82.5,0
738,10683,10681978,11108,250,-1,-1,1,0,82.7,0
739,10694,10693084,11106,250,-1,-1,1,0,82.9,1
740,10705,10704214,11130,250,-1,-1,1,0,83.1,0
741,10717,10715309,11095,250,-1,-1,1,0,83.1,0
742,10727,10726427,11118,250,-1,-1,1,0,83.5,0
743,10738,10737531,11104,250,-1,-1,1,0,83.7,0
744,10749,10748634,11103,250,-1,-1,1,0,83.9,0
745,10761,10759736,11102,250,-1,-1,1,0,83.8,0
746,10772,10770853,11117,250,-1,-1,1,0,84.0,0
747,10783,10781959,11106,250,-1,-1,1,0,84.1,0
748,10794,10793067,11108,250,-1,-1,1,0,84.3,1
749,10805,10804190,11123,250,-1,-1,1,0,84.4,0
750,10816,10815299,11109,250,-1,-1,1,0,84.6,0
751,10827,10826430,11131,250,-1,-1,1,0,84.7,0
752,10838,10837514,11084,250,-1,-1,1,0,84.8,0
753,10850,10848612,11098,250,-1,-1,1,0,84.8,0
754,10861,10859724,11112,250,-1,-1,1,0,84.9,0
755,10872,10870833,11109,250,-1,-1,1,0,85.0,0
756,10883,10881941,11108,250,-1,-1,1,0,85.1,0
757,10894,10893055,11114,250,-1,-1,1,0,85.2,1
758,10905,10904172,11117,250,-1,-1,1,0,85.3,0
759,10917,10915276,11104,250,-1,-1,1,0,85.3,0
760,10927,10926389,11113,250,-1,-1,1,0,85.5,0
761,10938,10937494,11105,250,-1,-1,1,0,85.6,0
762,10949,10948598,11104,250,-1,-1,1,0,85.7,0
763,10961,10959709,11111,250,-1,-1,1,0,85.6,0
764,10972,10970817,11108,250,-1,-1,1,0,85.7,0
765,10983,10981924,11107,250,-1,-1,1,0,85.8,0
766,10994,10993035,11111,250,-1,-1,1,0,85.9,1
767,11005,11004155,11120,250,-1,-1,1,0,85.9,0
768,11017,11015261,11106,250,-1,-1,1,0,85.9,0
769,11027,11026366,11105,250,-1,-1,1,0,86.1,0
770,11038,11037481,11115,250,-1,-1,1,0,86.2,0
771,11049,11048582,11101,250,-1,-1,1,0,86.2,0
772,11060,11059689,11107,250,-1,-1,1,0,86.3,0
773,11072,11070798,11109,250,-1,-1,1,0,86.2,0
774,11083,11081909,11111,250,-1,-1,1,0,86.3,0
775,11094,11093018,11109,250,-1,-1,1,0,86.4,1
776,11105,11104146,11128,250,-1,-1,1,0,86.4,0
777,11117,11115242,11096,250,-1,-1,1,0,86.4,0
778,11127,11126359,11117,250,-1,-1,1,0,86.5,0
779,11138,11137462,11103,250,-1,-1,1,0,86.6,0
780,11149,11148564,11102,250,-1,-1,1,0,86.7,0
781,11161,11159673,11109,250,-1,-1,1,0,86.6,0
782,11172,11170783,11110,250,-1,-1,1,0,86.7,0
783,11183,11181892,11109,250,-1,-1,1,0,86.7,0
784,11194,11193000,11108,250,-1,-1,1,0,86.8,1
785,11205,11204126,11126,250,-1,-1,1,0,86.8,0
786,11216,11215225,11099,250,-1,-1,1,0,86.9,0
787,11227,11226342,11117,250,-1,-1,1,0,86.9,0
788,11238,11237445,11103,250,-1,-1,1,0,87.0,0
789,11249,11248547,11102,250,-1,-1,1,0,87.0,0
790,11260,11259656,11109,250,-1,-1,1,0,87.0,0
791,11272,11270768,11112,250,-1,-1,1,0,87.0,0
792,11283,11282032,11264,250,-1,-1,1,0,90.9,0
793,11294,11292982,10950,250,-1,-1,1,0,90.9,1
794,11305,11304103,11121,250,-1,-1,1,0,90.9,0
795,11317,11315205,11102,250,-1,-1,1,0,88.9,0
796,11327,11326324,11119,250,-1,-1,1,0,90.9,0
797,11339,11337582,11258,250,-1,-1,1,0,89.6,0
798,11349,11348532,10950,250,-1,-1,1,0,90.9,0
799,11360,11359635,11103,250,-1,-1,1,0,90.9,0
800,11372,11370748,11113,250,-1,-1,1,0,90.0,0
801,11383,11381855,11107,250,-1,-1,1,0,90.1,0
802,11394,11392965,11110,250,-1,-1,1,0,90.2,1
803,11405,11404089,11124,250,-1,-1,1,0,90.2,0
804,11417,11415191,11102,250,-1,-1,1,0,89.7,0
805,11427,11426303,11112,250,-1,-1,1,0,90.3,0
806,11438,11437411,11108,250,-1,-1,1,0,90.4,0
807,11449,11448513,11102,250,-1,-1,1,0,90.4,0
808,11460,11459625,11112,250,-1,-1,1,0,90.4,0
809,11472,11470732,11107,250,-1,-1,1,0,90.0,0
810,11551,11481840,11108,250,-1,-1,1,0,68.1,0
811,11551,11548488,66648,250,-1,-1,1,0,71.7,1
812,11561,11559622,11134,250,-1,-1,1,0,72.7,0
813,11572,11570723,11101,250,-1,-1,1,0,73.3,0
814,11583,11581835,11112,250,-1,-1,1,0,74.0,0
815,11594,11592944,11109,250,-1,-1,1,0,74.5,0
816,11605,11604038,11094,250,-1,-1,1,0,75.1,0
817,11616,11615152,11114,250,-1,-1,1,0,75.6,0
818,11627,11626263,11111,250,-1,-1,1,0,76.1,0
819,11638,11637367,11104,250,-1,-1,1,0,76.5,0
820,11649,11648479,11112,250,-1,-1,1,0,76.9,1
821,11660,11659601,11122,250,-1,-1,1,0,77.3,0
822,11672,11670702,11101,250,-1,-1,1,0,77.5,0
823,11683,11681978,11276,250,-1,-1,1,0,77.9,0
824,11694,11692920,10942,250,-1,-1,1,0,78.2,0
825,11705,11704024,11104,250,-1,-1,1,0,78.5,0
826,11716,11715142,11118,250,-1,-1,1,0,78.8,0
827,11727,11726243,11101,250,-1,-1,1,0,79.1,0
828,11738,11737348,11105,250,-1,-1,1,0,79.4,0
829,11749,11748461,11113,250,-1,-1,1,0,79.7,1
830,11760,11759585,11124,250,-1,-1,1,0,79.9,0
831,11771,11770683,11098,250,-1,-1,1,0,80.0,0
832,11783,11781955,11272,250,-1,-1,1,0,80.2,0
833,11794,11792906,10951,250,-1,-1,1,0,80.5,0
834,11805,11804008,11102,250,-1,-1,1,0,80.7,0
835,11816,11815117,11109,250,-1,-1,1,0,80.9,0
836,11827,11826223,11106,250,-1,-1,1,0,81.1,0
837,11838,11837334,11111,250,-1,-1,1,0,81.3,0
838,11849,11848439,11105,250,-1,-1,1,0,81.5,1
839,11860,11859569,11130,250,-1,-1,1,0,81.6,0
840,11872,11870671,11102,250,-1,-1,1,0,81.7,0
841,11883,11881782,11111,250,-1,-1,1,0,81.8,0
842,11894,11892887,11105,250,-1,-1,1,0,82.0,0
843,11905,11903987,11100,250,-1,-1,1,0,82.1,0
844,11916,11915098,11111,250,-1,-1,1,0,82.3,0
845,11927,11926209,11111,250,-1,-1,1,0,82.4,0
846,11938,11937314,11105,250,-1,-1,1,0,82.6,0
847,11949,11948427,11113,250,-1,-1,1,0,82.7,1
848,11961,11959550,11123,250,-1,-1,1,0,82.7,0
849,11971,11970653,11103,250,-1,-1,1,0,83.0,0
850,11983,11981878,11225,250,-1,-1,1,0,83.0,0
851,11994,11992873,10995,250,-1,-1,1,0,83.1,0
852,12005,12003970,11097,250,-1,-1,1,0,83.2,0
853,12016,12015087,11117,250,-1,-1,1,0,83.3,0
854,12027,12026191,11104,250,-1,-1,1,0,83.4,0
855,12038,12037297,11106,250,-1,-1,1,0,83.6,0
856,12049,12048406,11109,250,-1,-1,1,0,83.7,1
857,12060,12059530,11124,250,-1,-1,1,0,83.8,0
858,12071,12070636,11106,250,-1,-1,1,0,83.9,0
859,12083,12081856,11220,250,-1,-1,1,0,83.8,0
860,12094,12092993,11137,250,-1,-1,1,0,83.9,0
861,12105,12103955,10962,250,-1,-1,1,0,84.0,0
862,12116,12115064,11109,250,-1,-1,1,0,84.1,0
863,12127,12126171,11107,250,-1,-1,1,0,84.2,0
864,12138,12137281,11110,250,-1,-1,1,0,84.3,0
865,12149,12148394,11113,250,-1,-1,1,0,84.4,1
866,12160,12159521,11127,250,-1,-1,1,0,84.5,0
867,12171,12170618,11097,250,-1,-1,1,0,84.5,0
868,12183,12181832,11214,250,-1,-1,1,0,84.5,0
869,12194,12192841,11009,250,-1,-1,1,0,84.6,0
870,12205,12203935,11094,250,-1,-1,1,0,84.7,0
871,12216,12215049,11114,250,-1,-1,1,0,84.7,0
872,12227,12226152,11103,250,-1,-1,1,0,84.8,0
873,12238,12237268,11116,250,-1,-1,1,0,84.9,0
874,12249,12248377,11109,250,-1,-1,1,0,85.0,1
875,12260,12259501,11124,250,-1,-1,1,0,85.0,0
876,12272,12270599,11098,250,-1,-1,1,0,85.0,0
877,12283,12281711,11112,250,-1,-1,1,0,90.9,0
878,12294,12292824,11113,250,-1,-1,1,0,90.9,0
879,12305,12303923,11099,250,-1,-1,1,0,90.9,0
880,12316,12315030,11107,250,-1,-1,1,0,90.9,0
881,12327,12326140,11110,250,-1,-1,1,0,90.9,0
882,12338,12337247,11107,250,-1,-1,1,0,90.9,0
883,12349,12348357,11110,250,-1,-1,1,0,90.9,1
884,12361,12359482,11125,250,-1,-1,1,0,89.9,0
885,12371,12370582,11100,250,-1,-1,1,0,90.9,0
886,12383,12381787,11205,250,-1,-1,1,0,90.1,0
887,12394,12392806,11019,250,-1,-1,1,0,90.2,0
888,12405,12403903,11097,250,-1,-1,1,0,90.2,0
889,12416,12415019,11116,250,-1,-1,1,0,90.3,0
890,12427,12426123,11104,250,-1,-1,1,0,90.3,0
891,12438,12437230,11107,250,-1,-1,1,0,90.4,0
892,12449,12448339,11109,250,-1,-1,1,0,90.4,1
893,12460,12459464,11125,250,-1,-1,1,0,90.4,0
894,12471,12470564,11100,250,-1,-1,1,0,90.5,0
895,12483,12481767,11203,250,-1,-1,1,0,90.0,0
896,12494,12492781,11014,250,-1,-1,1,0,90.1,0
897,12505,12503888,11107,250,-1,-1,1,0,90.1,0
898,12516,12514996,11108,250,-1,-1,1,0,90.2,0
899,12527,12526104,11108,250,-1,-1,1,0,90.2,0
900,12579,12537212,11108,250,-1,-1,1,0,78.2,0
901,12579,12570543,33331,250,-1,-1,1,0,81.4,1
902,12583,12581662,11119,250,-1,-1,1,0,83.6,0
903,12594,12592769,11107,250,-1,-1,1,0,83.9,0
904,12605,12603868,11099,250,-1,-1,1,0,84.1,0
905,12616,12614985,11117,250,-1,-1,1,0,84.3,0
906,12627,12626094,11109,250,-1,-1,1,0,84.5,0
907,12638,12637207,11113,250,-1,-1,1,0,84.7,0
908,12649,12648318,11111,250,-1,-1,1,0,84.9,0
909,12660,12659416,11098,250,-1,-1,1,0,85.1,0
910,12672,12670526,11110,250,-1,-1,1,0,85.0,1
911,12682,12681650,11124,250,-1,-1,1,0,85.4,0
912,12694,12692746,11096,250,-1,-1,1,0,85.3,0
913,12705,12703934,11188,250,-1,-1,1,0,85.5,0
914,12716,12714968,11034,250,-1,-1,1,0,85.6,0
915,12727,12726073,11105,250,-1,-1,1,0,85.7,0
916,12738,12737180,11107,250,-1,-1,1,0,85.8,0
917,12749,12748287,11107,250,-1,-1,1,0,86.0,0
918,12760,12759395,11108,250,-1,-1,1,0,86.1,0
919,12771,12770511,11116,250,-1,-1,1,0,86.2,1
920,12782,12781632,11121,250,-1,-1,1,0,86.3,0
921,12794,12792731,11099,250,-1,-1,1,0,86.2,0
922,12805,12803915,11184,250,-1,-1,1,0,86.3,0
923,12816,12814957,11042,250,-1,-1,1,0,86.4,0
924,12827,12826056,11099,250,-1,-1,1,0,86.5,0
925,12838,12837163,11107,250,-1,-1,1,0,86.6,0
926,12849,12848269,11106,250,-1,-1,1,0,86.7,0
927,12860,12859382,11113,250,-1,-1,1,0,86.7,0
928,12871,12870495,11113,250,-1,-1,1,0,86.8,1
929,12882,12881617,11122,250,-1,-1,1,0,86.9,0
930,12894,12892711,11094,250,-1,-1,1,0,86.8,0
931,12905,12903893,11182,250,-1,-1,1,0,86.9,0
932,12916,12914934,11041,250,-1,-1,1,0,87.0,0
933,12927,12926036,11102,250,-1,-1,1,0,87.0,0
934,12938,12937148,11112,250,-1,-1,1,0,87.1,0
935,12949,12948255,11107,250,-1,-1,1,0,87.1,0
936,12960,12959363,11108,250,-1,-1,1,0,87.2,0
937,12971,12970472,11109,250,-1,-1,1,0,87.3,1
938,12983,12981590,11118,250,-1,-1,1,0,87.2,0
939,12994,12992705,11115,250,-1,-1,1,0,87.3,0
940,13005,13003964,11259,250,-1,-1,1,0,87.3,0
941,13016,13014921,10957,250,-1,-1,1,0,87.4,0
942,13027,13026016,11095,250,-1,-1,1,0,87.4,0
943,13038,13037132,11116,250,-1,-1,1,0,87.5,0
944,13049,13048240,11108,250,-1,-1,1,0,87.5,0
945,13060,13059352,11112,250,-1,-1,1,0,87.6,0
946,13072,13070457,11105,250,-1,-1,1,0,87.5,1
947,13082,13081579,11122,250,-1,-1,1,0,87.7,0
948,13093,13092679,11100,250,-1,-1,1,0,87.7,0
949,13105,13103798,11119,250,-1,-1,1,0,87.6,0
950,13116,13114899,11101,250,-1,-1,1,0,87.7,0
951,13127,13126002,11103,250,-1,-1,1,0,87.7,0
952,13138,13137117,11115,250,-1,-1,1,0,87.8,0
953,13149,13148220,11103,250,-1,-1,1,0,87.8,0
954,13160,13159345,11125,250,-1,-1,1,0,87.8,0
955,13171,13170442,11097,250,-1,-1,1,0,87.9,1
956,13182,13181566,11124,250,-1,-1,1,0,87.9,0
957,13193,13192661,11095,250,-1,-1,1,0,87.9,0
958,13205,13203779,11118,250,-1,-1,1,0,87.9,0
959,13216,13214887,11108,250,-1,-1,1,0,87.9,0
960,13227,13225988,11101,250,-1,-1,1,0,88.0,0
961,13238,13237094,11106,250,-1,-1,1,0,88.0,0
962,13249,13248203,11109,250,-1,-1,1,0,88.0,0
963,13260,13259312,11109,250,-1,-1,1,0,88.1,0
964,13271,13270426,11114,250,-1,-1,1,0,88.1,1
965,13298,13292637,22211,250,-1,-1,1,0,40.0,0
966,13305,13303761,11124,250,-1,-1,1,0,62.5,0
967,13316,13314871,11110,250,-1,-1,1,0,69.8,0
968,13327,13325968,11097,250,-1,-1,1,0,74.1,0
969,13338,13337073,11105,250,-1,-1,1,0,76.9,0
970,13349,13348187,11114,250,-1,-1,1,0,78.9,0
971,13360,13359297,11110,250,-1,-1,1,0,80.5,0
972,13371,13370406,11109,250,-1,-1,1,0,81.6,0
973,13383,13381511,11105,250,-1,-1,1,0,81.8,1
974,13393,13392637,11126,250,-1,-1,1,0,83.3,0
975,13405,13403737,11100,250,-1,-1,1,0,83.3,0
976,13416,13414855,11118,250,-1,-1,1,0,83.9,0
977,13427,13425961,11106,250,-1,-1,1,0,84.4,0
978,13438,13437065,11104,250,-1,-1,1,0,84.8,0
979,13449,13448169,11104,250,-1,-1,1,0,85.2,0
980,13460,13459277,11108,250,-1,-1,1,0,85.6,0
981,13471,13470395,11118,250,-1,-1,1,0,85.9,0
982,13482,13481497,11102,250,-1,-1,1,0,86.1,1
983,13493,13492616,11119,250,-1,-1,1,0,86.4,0
984,13505,13503723,11107,250,-1,-1,1,0,86.2,0
985,13516,13514835,11112,250,-1,-1,1,0,86.4,0
986,13527,13525943,11108,250,-1,-1,1,0,86.6,0
987,13538,13537046,11103,250,-1,-1,1,0,86.8,0
988,13549,13548160,11114,250,-1,-1,1,0,87.0,0
989,13560,13559259,11099,250,-1,-1,1,0,87.1,0
990,13639,13570376,11117,250,-1,-1,1,0,71.0,0
991,13639,13637021,66645,250,-1,-1,1,0,73.8,1
992,13649,13648154,11133,250,-1,-1,1,0,74.5,0
993,13660,13659254,11100,250,-1,-1,1,0,74.9,0
994,13671,13670365,11111,250,-1,-1,1,0,75.4,0
995,13682,13681493,11128,250,-1,-1,1,0,75.8,0
996,13694,13692575,11082,250,-1,-1,1,0,76.0,0
997,13705,13703692,11117,250,-1,-1,1,0,76.4,0
998,13716,13714789,11097,250,-1,-1,1,0,76.7,0
999,13727,13725908,11119,250,-1,-1,1,0,77.1,0
1000,13738,13737006,11098,250,-1,-1,1,0,77.4,1
1001,13749,13748134,11128,250,-1,-1,1,0,77.7,0
1002,13760,13759233,11099,250,-1,-1,1,0,78.0,0
1003,13771,13770350,11117,250,-1,-1,1,0,78.3,0
1004,13783,13781452,11102,250,-1,-1,1,0,78.4,0
1005,13793,13792557,11105,250,-1,-1,1,0,78.8,0
1006,13804,13803664,11107,250,-1,-1,1,0,79.1,0
1007,13816,13814775,11111,250,-1,-1,1,0,79.2,0
1008,13827,13825885,11110,250,-1,-1,1,0,79.4,0
1009,13838,13836993,11108,250,-1,-1,1,0,79.6,1
1010,13849,13848112,11119,250,-1,-1,1,0,79.9,0
1011,13860,13859217,11105,250,-1,-1,1,0,80.1,0
1012,13872,13870329,11112,250,-1,-1,1,0,80.1,0
1013,13882,13881435,11106,250,-1,-1,1,0,80.5,0
1014,13893,13892535,11100,250,-1,-1,1,0,80.6,0
1015,13904,13903647,11112,250,-1,-1,1,0,80.8,0
1016,13916,13914755,11108,250,-1,-1,1,0,80.9,0
1017,13927,13925865,11110,250,-1,-1,1,0,81.0,0
1018,13938,13936981,11116,250,-1,-1,1,0,81.2,1
1019,13949,13948098,11117,250,-1,-1,1,0,81.4,0
1020,13960,13959196,11098,250,-1,-1,1,0,81.5,0
1021,13971,13970312,11116,250,-1,-1,1,0,81.7,0
1022,13982,13981419,11107,250,-1,-1,1,0,81.8,0
1023,13993,13992520,11101,250,-1,-1,1,0,81.9,0
1024,14005,14003627,11107,250,-1,-1,1,0,82.0,0
1025,14016,14014744,11117,250,-1,-1,1,0,82.1,0
1026,14027,14025849,11105,250,-1,-1,1,0,82.2,0
1027,14038,14036960,11111,250,-1,-1,1,0,82.4,1
1028,14049,14048079,11119,250,-1,-1,1,0,82.5,0
1029,14060,14059187,11108,250,-1,-1,1,0,82.6,0
1030,14071,14070299,11112,250,-1,-1,1,0,82.7,0
1031,14082,14081404,11105,250,-1,-1,1,0,82.8,0
1032,14094,14092503,11099,250,-1,-1,1,0,82.8,0
1033,14104,14103614,11111,250,-1,-1,1,0,83.0,0
1034,14116,14114721,11107,250,-1,-1,1,0,83.0,0
1035,14127,14125829,11108,250,-1,-1,1,0,83.1,0
1036,14138,14136939,11110,250,-1,-1,1,0,83.2,1
1037,14149,14148064,11125,250,-1,-1,1,0,83.3,0
1038,14161,14159164,11100,250,-1,-1,1,0,83.3,0
1039,14171,14170278,11114,250,-1,-1,1,0,83.5,0
1040,14183,14181387,11109,250,-1,-1,1,0,83.5,0
1041,14193,14192489,11102,250,-1,-1,1,0,83.7,0
1042,14204,14203594,11105,250,-1,-1,1,0,83.8,0
1043,14215,14214705,11111,250,-1,-1,1,0,83.9,0
1044,14227,14225814,11109,250,-1,-1,1,0,83.9,0
1045,14238,14236927,11113,250,-1,-1,1,0,83.9,1
1046,14249,14248042,11115,250,-1,-1,1,0,84.0,0
1047,14260,14259149,11107,250,-1,-1,1,0,84.1,0
1048,14271,14270262,11113,250,-1,-1,1,0,84.2,0
1049,14282,14281373,11111,250,-1,-1,1,0,84.2,0
1050,14293,14292481,11108,250,-1,-1,1,0,90.9,0
1051,14304,14303579,11098,250,-1,-1,1,0,90.9,0
1052,14316,14314685,11106,250,-1,-1,1,0,88.2,0
1053,14327,14325796,11111,250,-1,-1,1,0,88.9,0
1054,14338,14336909,11113,250,-1,-1,1,0,89.3,1
1055,14349,14348029,11120,250,-1,-1,1,0,89.6,0
1056,14360,14359128,11099,250,-1,-1,1,0,89.7,0
1057,14371,14370242,11114,250,-1,-1,1,0,89.9,0
1058,14382,14381351,11109,250,-1,-1,1,0,90.0,0
1059,14393,14392451,11100,250,-1,-1,1,0,90.1,0
1060,14405,14403559,11108,250,-1,-1,1,0,89.4,0
1061,14415,14414678,11119,250,-1,-1,1,0,90.2,0
1062,14427,14425779,11101,250,-1,-1,1,0,89.7,0
1063,14438,14436888,11109,250,-1,-1,1,0,89.7,1
1064,14449,14448015,11127,250,-1,-1,1,0,89.8,0
1065,14460,14459110,11095,250,-1,-1,1,0,89.9,0
1066,14471,14470224,11114,250,-1,-1,1,0,89.9,0
1067,14482,14481334,11110,250,-1,-1,1,0,90.0,0
1068,14494,14492432,11098,250,-1,-1,1,0,89.6,0
1069,14504,14503549,11117,250,-1,-1,1,0,90.1,0
1070,14515,14514649,11100,250,-1,-1,1,0,90.1,0
1071,14527,14525767,11118,250,-1,-1,1,0,89.8,0
1072,14538,14536870,11103,250,-1,-1,1,0,89.8,1
1073,14549,14547998,11128,250,-1,-1,1,0,89.9,0
1074,14560,14559095,11097,250,-1,-1,1,0,89.9,0
1075,14571,14570210,11115,250,-1,-1,1,0,90.0,0
1076,14582,14581317,11107,250,-1,-1,1,0,90.0,0
1077,14593,14592419,11102,250,-1,-1,1,0,90.0,0
1078,14604,14603528,11109,250,-1,-1,1,0,90.1,0
1079,14615,14614637,11109,250,-1,-1,1,0,90.1,0
1080,14666,14625743,11106,250,-1,-1,1,0,80.7,0
1081,14666,14659069,33326,250,-1,-1,1,0,83.3,1
1082,14671,14670200,11131,250,-1,-1,1,0,84.8,0
1083,14682,14681298,11098,250,-1,-1,1,0,85.0,0
1084,14693,14692401,11103,250,-1,-1,1,0,85.2,0
1085,14704,14703520,11119,250,-1,-1,1,0,85.3,0
1086,14716,14714624,11104,250,-1,-1,1,0,85.3,0
1087,14727,14725742,11118,250,-1,-1,1,0,85.4,0
1088,14738,14736844,11102,250,-1,-1,1,0,85.5,0
1089,14749,14747947,11103,250,-1,-1,1,0,85.7,0
1090,14760,14759056,11109,250,-1,-1,1,0,85.8,1
1091,14771,14770180,11124,250,-1,-1,1,0,85.9,0
1092,14782,14781280,11100,250,-1,-1,1,0,86.0,0
1093,14793,14792396,11116,250,-1,-1,1,0,86.1,0
1094,14805,14803499,11103,250,-1,-1,1,0,86.0,0
1095,14815,14814606,11107,250,-1,-1,1,0,86.3,0
1096,14826,14825710,11104,250,-1,-1,1,0,86.4,0
1097,14838,14836820,11110,250,-1,-1,1,0,86.3,0
1098,14849,14847929,11109,250,-1,-1,1,0,86.4,0
1099,14860,14859041,11112,250,-1,-1,1,0,86.5,1
1100,14871,14870163,11122,250,-1,-1,1,0,86.6,0
1101,14882,14881263,11100,250,-1,-1,1,0,86.7,0
1102,14894,14892376,11113,250,-1,-1,1,0,86.6,0
1103,14904,14903486,11110,250,-1,-1,1,0,86.8,0
1104,14915,14914588,11102,250,-1,-1,1,0,86.9,0
1105,14926,14925696,11108,250,-1,-1,1,0,87.0,0
1106,14938,14936802,11106,250,-1,-1,1,0,86.9,0
1107,14949,14947912,11110,250,-1,-1,1,0,87.0,0
1108,14960,14959023,11111,250,-1,-1,1,0,87.0,1
1109,14971,14970146,11123,250,-1,-1,1,0,87.1,0
1110,14982,14981244,11098,250,-1,-1,1,0,87.1,0
1111,14993,14992362,11118,250,-1,-1,1,0,87.2,0
1112,15004,15003464,11102,250,-1,-1,1,0,87.3,0
1113,15015,15014567,11103,250,-1,-1,1,0,87.3,0
1114,15027,15025675,11108,250,-1,-1,1,0,87.2,0
1115,15038,15036792,11117,250,-1,-1,1,0,87.3,0
1116,15049,15047898,11106,250,-1,-1,1,0,87.4,0
1117,15060,15059007,11109,250,-1,-1,1,0,87.4,1
1118,15071,15070126,11119,250,-1,-1,1,0,87.5,0
1119,15082,15081229,11103,250,-1,-1,1,0,87.5,0
1120,15093,15092340,11111,250,-1,-1,1,0,87.5,0
1121,15104,15103449,11109,250,-1,-1,1,0,87.6,0
1122,15116,15114548,11099,250,-1,-1,1,0,87.5,0
1123,15126,15125662,11114,250,-1,-1,1,0,87.7,0
1124,15138,15136771,11109,250,-1,-1,1,0,87.6,0
1125,15149,15147880,11109,250,-1,-1,1,0,87.7,0
1126,15160,15158985,11105,250,-1,-1,1,0,87.7,1
1127,15171,15170115,11130,250,-1,-1,1,0,87.7,0
1128,15182,15181212,11097,250,-1,-1,1,0,87.8,0
1129,15193,15192328,11116,250,-1,-1,1,0,87.8,0
1130,15205,15203432,11104,250,-1,-1,1,0,87.8,0
1131,15215,15214532,11100,250,-1,-1,1,0,87.9,0
1132,15226,15225640,11108,250,-1,-1,1,0,87.9,0
1133,15238,15236751,11111,250,-1,-1,1,0,87.9,0
1134,15249,15247859,11108,250,-1,-1,1,0,87.9,0
1135,15260,15258973,11114,250,-1,-1,1,0,87.9,1
1136,15271,15270089,11116,250,-1,-1,1,0,88.0,0
1137,15282,15281198,11109,250,-1,-1,1,0,88.0,0
1138,15297,15292308,11110,250,-1,-1,1,0,66.7,0
1139,15304,15303418,11110,250,-1,-1,1,0,90.9,0
1140,15315,15314519,11101,250,-1,-1,1,0,90.9,0
1141,15326,15325628,11109,250,-1,-1,1,0,90.9,0
1142,15338,15336731,11103,250,-1,-1,1,0,89.3,0
1143,15349,15347846,11115,250,-1,-1,1,0,89.6,0
1144,15360,15358954,11108,250,-1,-1,1,0,89.7,1
1145,15371,15370083,11129,250,-1,-1,1,0,89.9,0
1146,15382,15381177,11094,250,-1,-1,1,0,90.0,0
1147,15393,15392289,11112,250,-1,-1,1,0,90.1,0
1148,15404,15403396,11107,250,-1,-1,1,0,90.2,0
1149,15415,15414500,11104,250,-1,-1,1,0,90.2,0
1150,15427,15425612,11112,250,-1,-1,1,0,89.7,0
1151,15438,15436718,11106,250,-1,-1,1,0,89.7,0
1152,15449,15447832,11114,250,-1,-1,1,0,89.8,0
1153,15460,15458935,11103,250,-1,-1,1,0,89.9,1
1154,15471,15470061,11126,250,-1,-1,1,0,89.9,0
1155,15482,15481162,11101,250,-1,-1,1,0,90.0,0
1156,15493,15492277,11115,250,-1,-1,1,0,90.0,0
1157,15504,15503384,11107,250,-1,-1,1,0,90.1,0
1158,15516,15514486,11102,250,-1,-1,1,0,89.7,0
1159,15526,15525591,11105,250,-1,-1,1,0,90.2,0
1160,15538,15536703,11112,250,-1,-1,1,0,89.8,0
1161,15549,15547814,11111,250,-1,-1,1,0,89.9,0
1162,15560,15558916,11102,250,-1,-1,1,0,89.9,1
1163,15571,15570046,11130,250,-1,-1,1,0,90.0,0
1164,15582,15581142,11096,250,-1,-1,1,0,90.0,0
1165,15593,15592259,11117,250,-1,-1,1,0,90.0,0
1166,15605,15603363,11104,250,-1,-1,1,0,89.8,0
1167,15615,15614474,11111,250,-1,-1,1,0,90.1,0
1168,15626,15625574,11100,250,-1,-1,1,0,90.1,0
1169,15637,15636682,11108,250,-1,-1,1,0,90.1,0
1170,15690,15647791,11109,250,-1,-1,1,0,80.9,0
1171,15690,15681120,33329,250,-1,-1,1,0,83.3,1
1172,15694,15692238,11118,250,-1,-1,1,0,85.0,0
1173,15704,15703347,11109,250,-1,-1,1,0,85.3,0
1174,15715,15714450,11103,250,-1,-1,1,0,85.5,0
1175,15726,15725570,11120,250,-1,-1,1,0,85.6,0
1176,15738,15736674,11104,250,-1,-1,1,0,85.5,0
1177,15749,15747792,11118,250,-1,-1,1,0,85.7,0
1178,15760,15758898,11106,250,-1,-1,1,0,85.8,0
1179,15771,15769999,11101,250,-1,-1,1,0,85.9,0
1180,15782,15781108,11109,250,-1,-1,1,0,86.0,1
1181,15793,15792229,11121,250,-1,-1,1,0,86.1,0
1182,15804,15803324,11095,250,-1,-1,1,0,86.2,0
1183,15815,15814442,11118,250,-1,-1,1,0,86.3,0
1184,15827,15825548,11106,250,-1,-1,1,0,86.2,0
1185,15837,15836652,11104,250,-1,-1,1,0,86.5,0
1186,15849,15847765,11113,250,-1,-1,1,0,86.4,0
1187,15860,15858870,11105,250,-1,-1,1,0,86.5,0
1188,15871,15869974,11104,250,-1,-1,1,0,86.6,0
1189,15882,15881086,11112,250,-1,-1,1,0,86.7,1
1190,15893,15892212,11126,250,-1,-1,1,0,86.7,0
1191,15904,15903309,11097,250,-1,-1,1,0,86.8,0
1192,15916,15914423,11114,250,-1,-1,1,0,86.8,0
1193,15926,15925535,11112,250,-1,-1,1,0,87.0,0
1194,15937,15936631,11096,250,-1,-1,1,0,87.0,0
1195,15949,15947743,11112,250,-1,-1,1,0,87.0,0
1196,15960,15958847,11104,250,-1,-1,1,0,87.0,0
1197,15971,15969968,11121,250,-1,-1,1,0,87.1,0
1198,15982,15981069,11101,250,-1,-1,1,0,87.1,1
1199,15993,15992196,11127,250,-1,-1,1,0,87.2,0
1200,16004,16003290,11094,250,-1,-1,1,0,87.3,0
1201,16015,16014408,11118,250,-1,-1,1,0,87.3,0
1202,16026,16025515,11107,250,-1,-1,1,0,87.4,0
1203,16037,16036618,11103,250,-1,-1,1,0,87.4,0
1204,16049,16047722,11104,250,-1,-1,1,0,87.4,0
1205,16060,16058838,11116,250,-1,-1,1,0,87.4,0
1206,16071,16069939,11101,250,-1,-1,1,0,87.5,0
1207,16082,16081063,11124,250,-1,-1,1,0,87.5,1
1208,16093,16092177,11114,250,-1,-1,1,0,87.5,0
1209,16104,16103279,11102,250,-1,-1,1,0,87.6,0
1210,16115,16114392,11113,250,-1,-1,1,0,87.6,0
1211,16126,16125499,11107,250,-1,-1,1,0,87.7,0
1212,16138,16136597,11098,250,-1,-1,1,0,87.6,0
1213,16149,16147711,11114,250,-1,-1,1,0,87.7,0
1214,16160,16158817,11106,250,-1,-1,1,0,87.7,0
1215,16171,16169937,11120,250,-1,-1,1,0,87.7,0
1216,16182,16181035,11098,250,-1,-1,1,0,87.8,1
1217,16193,16192160,11125,250,-1,-1,1,0,87.8,0
1218,16204,16203255,11095,250,-1,-1,1,0,87.9,0
1219,16215,16214371,11116,250,-1,-1,1,0,87.9,0
1220,16227,16225478,11107,250,-1,-1,1,0,87.8,0
1221,16237,16236585,11107,250,-1,-1,1,0,88.0,0
1222,16248,16247695,11110,250,-1,-1,1,0,88.0,0
1223,16260,16258801,11106,250,-1,-1,1,0,87.9,0
1224,16271,16269908,11107,250,-1,-1,1,0,88.0,0
1225,16282,16281018,11110,250,-1,-1,1,0,88.0,1
1226,16310,16303239,22221,250,-1,-1,1,0,37.0,0
1227,16316,16314357,11118,250,-1,-1,1,0,60.6,0
1228,16326,16325463,11106,250,-1,-1,1,0,69.8,0
1229,16337,16336564,11101,250,-1,-1,1,0,74.1,0
1230,16348,16347674,11110,250,-1,-1,1,0,76.9,0
1231,16360,16358784,11110,250,-1,-1,1,0,77.9,0
1232,16371,16369890,11106,250,-1,-1,1,0,79.5,0
1233,16382,16381000,11110,250,-1,-1,1,0,80.8,0
1234,16393,16392108,11108,250,-1,-1,1,0,81.8,1
1235,16404,16403233,11125,250,-1,-1,1,0,82.6,0
1236,16415,16414330,11097,250,-1,-1,1,0,83.3,0
1237,16426,16425450,11120,250,-1,-1,1,0,83.9,0
1238,16437,16436556,11106,250,-1,-1,1,0,84.4,0
1239,16449,16447656,11100,250,-1,-1,1,0,84.3,0
1240,16460,16458763,11107,250,-1,-1,1,0,84.7,0
1241,16471,16469874,11111,250,-1,-1,1,0,85.1,0
1242,16482,16480984,11110,250,-1,-1,1,0,85.4,0
1243,16493,16492091,11107,250,-1,-1,1,0,85.7,1
1244,16504,16503218,11127,250,-1,-1,1,0,86.0,0
1245,16515,16514317,11099,250,-1,-1,1,0,86.2,0
1246,16526,16525429,11112,250,-1,-1,1,0,86.4,0
1247,16538,16536539,11110,250,-1,-1,1,0,86.3,0
1248,16548,16547641,11102,250,-1,-1,1,0,86.8,0
1249,16560,16558749,11108,250,-1,-1,1,0,86.6,0
1250,16571,16569859,11110,250,-1,-1,1,0,86.8,0
1251,16582,16580966,11107,250,-1,-1,1,0,87.0,0
1252,16593,16592082,11116,250,-1,-1,1,0,87.1,1
1253,16604,16603201,11119,250,-1,-1,1,0,87.2,0
1254,16615,16614303,11102,250,-1,-1,1,0,87.3,0
1255,16627,16625414,11111,250,-1,-1,1,0,87.2,0
1256,16637,16636526,11112,250,-1,-1,1,0,87.6,0
1257,16648,16647622,11096,250,-1,-1,1,0,87.7,0
1258,16660,16658731,11109,250,-1,-1,1,0,87.5,0
1259,16671,16669836,11105,250,-1,-1,1,0,87.6,0
1260,16727,16680950,11114,250,-1,-1,1,0,78.8,0
1261,16727,16725387,44437,250,-1,-1,1,0,81.1,1
1262,16737,16736510,11123,250,-1,-1,1,0,81.5,0
1263,16748,16747611,11101,250,-1,-1,1,0,81.7,0
1264,16760,16758723,11112,250,-1,-1,1,0,81.8,0
1265,16771,16769829,11106,250,-1,-1,1,0,82.0,0
1266,16782,16780944,11115,250,-1,-1,1,0,82.2,0
1267,16793,16792053,11109,250,-1,-1,1,0,82.4,0
1268,16804,16803150,11097,250,-1,-1,1,0,82.5,0
1269,16815,16814265,11115,250,-1,-1,1,0,82.7,0
1270,16826,16825369,11104,250,-1,-1,1,0,82.9,1
1271,16837,16836498,11129,250,-1,-1,1,0,83.0,0
1272,16849,16847590,11092,250,-1,-1,1,0,83.0,0
1273,16859,16858710,11120,250,-1,-1,1,0,83.2,0
1274,16871,16869818,11108,250,-1,-1,1,0,83.3,0
1275,16882,16880918,11100,250,-1,-1,1,0,83.5,0
1276,16893,16892023,11105,250,-1,-1,1,0,83.6,0
1277,16904,16903133,11110,250,-1,-1,1,0,83.7,0
1278,16915,16914240,11107,250,-1,-1,1,0,83.9,0
1279,16926,16925354,11114,250,-1,-1,1,0,84.0,1
1280,16938,16936477,11123,250,-1,-1,1,0,84.0,0
1281,16948,16947576,11099,250,-1,-1,1,0,84.2,0
1282,16959,16958690,11114,250,-1,-1,1,0,84.3,0
1283,16971,16969796,11106,250,-1,-1,1,0,84.3,0
1284,16982,16980898,11102,250,-1,-1,1,0,84.4,0
1285,16993,16992007,11109,250,-1,-1,1,0,84.5,0
1286,17004,17003115,11108,250,-1,-1,1,0,84.6,0
1287,17015,17014229,11114,250,-1,-1,1,0,84.7,0
1288,17026,17025335,11106,250,-1,-1,1,0,84.8,1
1289,17037,17036460,11125,250,-1,-1,1,0,84.9,0
1290,17048,17047557,11097,250,-1,-1,1,0,85.0,0
1291,17059,17058676,11119,250,-1,-1,1,0,85.1,0
1292,17071,17069779,11103,250,-1,-1,1,0,85.0,0
1293,17082,17080884,11105,250,-1,-1,1,0,85.1,0
1294,17093,17091993,11109,250,-1,-1,1,0,85.2,0
1295,17104,17103104,11111,250,-1,-1,1,0,85.3,0
1296,17115,17114208,11104,250,-1,-1,1,0,85.3,0
1297,17126,17125323,11115,250,-1,-1,1,0,85.4,1
1298,17137,17136441,11118,250,-1,-1,1,0,85.5,0
1299,17148,17147542,11101,250,-1,-1,1,0,85.5,0
1300,17160,17158658,11116,250,-1,-1,1,0,85.5,0
1301,17171,17169765,11107,250,-1,-1,1,0,85.6,0
1302,17182,17180868,11103,250,-1,-1,1,0,85.7,0
1303,17193,17191970,11102,250,-1,-1,1,0,85.7,0
1304,17204,17203077,11107,250,-1,-1,1,0,85.8,0
1305,17215,17214192,11115,250,-1,-1,1,0,85.8,0
1306,17226,17225299,11107,250,-1,-1,1,0,85.9,1
1307,17237,17236429,11130,250,-1,-1,1,0,86.0,0
1308,17249,17247525,11096,250,-1,-1,1,0,85.9,0
1309,17259,17258641,11116,250,-1,-1,1,0,86.1,0
1310,17271,17269750,11109,250,-1,-1,1,0,86.0,0
1311,17282,17280847,11097,250,-1,-1,1,0,86.1,0
1312,17293,17291956,11109,250,-1,-1,1,0,86.1,0
1313,17304,17303068,11112,250,-1,-1,1,0,90.9,0
1314,17315,17314174,11106,250,-1,-1,1,0,90.9,0
1315,17326,17325286,11112,250,-1,-1,1,0,90.9,1
1316,17338,17336406,11120,250,-1,-1,1,0,88.9,0
1317,17348,17347510,11104,250,-1,-1,1,0,90.9,0
1318,17359,17358624,11114,250,-1,-1,1,0,90.9,0
1319,17371,17369736,11112,250,-1,-1,1,0,89.7,0
1320,17382,17380829,11093,250,-1,-1,1,0,89.9,0
1321,17393,17391943,11114,250,-1,-1,1,0,90.0,0
1322,17404,17403046,11103,250,-1,-1,1,0,90.1,0
1323,17415,17414157,11111,250,-1,-1,1,0,90.2,0
1324,17426,17425265,11108,250,-1,-1,1,0,90.2,1
1325,17437,17436391,11126,250,-1,-1,1,0,90.3,0
1326,17448,17447490,11099,250,-1,-1,1,0,90.3,0
1327,17459,17458603,11113,250,-1,-1,1,0,90.4,0
1328,17471,17469711,11108,250,-1,-1,1,0,89.9,0
1329,17482,17480818,11107,250,-1,-1,1,0,89.9,0
1330,17493,17491923,11105,250,-1,-1,1,0,90.0,0
1331,17504,17503031,11108,250,-1,-1,1,0,90.0,0
1332,17515,17514140,11109,250,-1,-1,1,0,90.1,0
1333,17526,17525252,11112,250,-1,-1,1,0,90.1,1
1334,17537,17536370,11118,250,-1,-1,1,0,90.2,0
1335,17548,17547474,11104,250,-1,-1,1,0,90.2,0
1336,17560,17558589,11115,250,-1,-1,1,0,89.9,0
1337,17571,17569696,11107,250,-1,-1,1,0,89.9,0
1338,17582,17580798,11102,250,-1,-1,1,0,90.0,0
1339,17593,17591902,11104,250,-1,-1,1,0,90.0,0
1340,17604,17603011,11109,250,-1,-1,1,0,90.0,0
1341,17615,17614125,11114,250,-1,-1,1,0,90.1,0
1342,17626,17625234,11109,250,-1,-1,1,0,90.1,1
1343,17637,17636362,11128,250,-1,-1,1,0,90.1,0
1344,17649,17647454,11092,250,-1,-1,1,0,89.9,0
1345,17659,17658569,11115,250,-1,-1,1,0,90.2,0
1346,17670,17669680,11111,250,-1,-1,1,0,90.2,0
1347,17682,17680783,11103,250,-1,-1,1,0,90.0,0
1348,17693,17691884,11101,250,-1,-1,1,0,90.0,0
1349,17704,17702999,11115,250,-1,-1,1,0,90.0,0
1350,17763,17714109,11110,250,-1,-1,1,0,80.9,0
1351,17763,17758539,44430,250,-1,-1,1,0,83.0,1
1352,17770,17769670,11131,250,-1,-1,1,0,83.9,0
1353,17782,17780765,11095,250,-1,-1,1,0,83.8,0
1354,17793,17792005,11240,250,-1,-1,1,0,84.0,0
1355,17804,17802988,10983,250,-1,-1,1,0,84.1,0
1356,17815,17814092,11104,250,-1,-1,1,0,84.3,0
1357,17826,17825207,11115,250,-1,-1,1,0,84.4,0
1358,17837,17836318,11111,250,-1,-1,1,0,84.6,0
1359,17848,17847417,11099,250,-1,-1,1,0,84.7,0
1360,17859,17858526,11109,250,-1,-1,1,0,84.8,1
1361,17871,17869653,11127,250,-1,-1,1,0,84.8,0
1362,17882,17880755,11102,250,-1,-1,1,0,84.9,0
1363,17893,17891862,11107,250,-1,-1,1,0,85.0,0
1364,17904,17902977,11115,250,-1,-1,1,0,85.1,0
1365,17915,17914072,11095,250,-1,-1,1,0,85.2,0
1366,17926,17925183,11111,250,-1,-1,1,0,85.3,0
1367,17937,17936288,11105,250,-1,-1,1,0,85.4,0
1368,17948,17947399,11111,250,-1,-1,1,0,85.5,0
1369,17960,17958503,11104,250,-1,-1,1,0,85.5,1
1370,17970,17969625,11122,250,-1,-1,1,0,85.7,0
1371,17982,17980733,11108,250,-1,-1,1,0,85.6,0
1372,17993,17991847,11114,250,-1,-1,1,0,85.7,0
1373,18004,18002953,11106,250,-1,-1,1,0,85.8,0
1374,18015,18014058,11105,250,-1,-1,1,0,85.9,0
1375,18026,18025165,11107,250,-1,-1,1,0,85.9,0
1376,18037,18036279,11114,250,-1,-1,1,0,86.0,0
1377,18048,18047383,11104,250,-1,-1,1,0,86.1,0
1378,18059,18058493,11110,250,-1,-1,1,0,86.2,1
1379,18070,18069618,11125,250,-1,-1,1,0,86.2,0
1380,18082,18080720,11102,250,-1,-1,1,0,86.2,0
1381,18093,18091831,11111,250,-1,-1,1,0,86.2,0
1382,18104,18102941,11110,250,-1,-1,1,0,86.3,0
1383,18115,18114041,11100,250,-1,-1,1,0,86.4,0
1384,18126,18125149,11108,250,-1,-1,1,0,86.4,0
1385,18137,18136255,11106,250,-1,-1,1,0,86.5,0
1386,18148,18147367,11112,250,-1,-1,1,0,86.5,0
1387,18159,18158477,11110,250,-1,-1,1,0,86.6,1
1388,18170,18169603,11126,250,-1,-1,1,0,86.7,0
1389,18182,18180701,11098,250,-1,-1,1,0,86.6,0
1390,18193,18191817,11116,250,-1,-1,1,0,86.7,0
1391,18204,18202921,11104,250,-1,-1,1,0,86.7,0
1392,18215,18214023,11102,250,-1,-1,1,0,86.8,0
1393,18226,18225129,11106,250,-1,-1,1,0,86.8,0
1394,18237,18236241,11112,250,-1,-1,1,0,86.9,0
1395,18248,18247346,11105,250,-1,-1,1,0,86.9,0
1396,18259,18258458,11112,250,-1,-1,1,0,87.0,1
1397,18271,18269580,11122,250,-1,-1,1,0,86.9,0
1398,18282,18280678,11098,250,-1,-1,1,0,87.0,0
1399,18293,18291794,11116,250,-1,-1,1,0,87.0,0
1400,18304,18302910,11116,250,-1,-1,1,0,90.9,0
1401,18315,18314007,11097,250,-1,-1,1,0,90.9,0
1402,18326,18325117,11110,250,-1,-1,1,0,90.9,0
1403,18337,18336222,11105,250,-1,-1,1,0,90.9,0
1404,18348,18347332,11110,250,-1,-1,1,0,90.9,0
1405,18360,18358438,11106,250,-1,-1,1,0,89.6,1
1406,18370,18369563,11125,250,-1,-1,1,0,90.9,0
1407,18381,18380664,11101,250,-1,-1,1,0,90.9,0
1408,18393,18391777,11113,250,-1,-1,1,0,90.0,0
1409,18404,18402885,11108,250,-1,-1,1,0,90.1,0
1410,18415,18413988,11103,250,-1,-1,1,0,90.2,0
1411,18426,18425100,11112,250,-1,-1,1,0,90.2,0
1412,18437,18436207,11107,250,-1,-1,1,0,90.3,0
1413,18448,18447312,11105,250,-1,-1,1,0,90.3,0
1414,18459,18458422,11110,250,-1,-1,1,0,90.4,1
1415,18470,18469551,11129,250,-1,-1,1,0,90.4,0
1416,18481,18480687,11136,250,-1,-1,1,0,89.9,0
1417,18493,18491758,11071,250,-1,-1,1,0,90.0,0
1418,18504,18502871,11113,250,-1,-1,1,0,90.0,0
1419,18515,18513966,11095,250,-1,-1,1,0,90.1,0
1420,18526,18525078,11112,250,-1,-1,1,0,90.1,0
1421,18537,18536183,11105,250,-1,-1,1,0,90.2,0
1422,18548,18547298,11115,250,-1,-1,1,0,90.2,0
1423,18559,18558405,11107,250,-1,-1,1,0,90.2,1
1424,18570,18569535,11130,250,-1,-1,1,0,90.3,0
1425,18582,18580628,11093,250,-1,-1,1,0,90.0,0
1426,18593,18591746,11118,250,-1,-1,1,0,90.0,0
1427,18604,18602852,11106,250,-1,-1,1,0,90.0,0
1428,18615,18613948,11096,250,-1,-1,1,0,90.1,0
1429,18626,18625062,11114,250,-1,-1,1,0,90.1,0
1430,18637,18636172,11110,250,-1,-1,1,0,90.1,0
1431,18648,18647280,11108,250,-1,-1,1,0,90.1,0
1432,18659,18658386,11106,250,-1,-1,1,0,90.2,1
1433,18671,18669512,11126,250,-1,-1,1,0,89.9,0
1434,18681,18680615,11103,250,-1,-1,1,0,90.2,0
1435,18693,18691729,11114,250,-1,-1,1,0,90.0,0
1436,18704,18702835,11106,250,-1,-1,1,0,90.0,0
1437,18715,18713935,11100,250,-1,-1,1,0,90.0,0
1438,18726,18725045,11110,250,-1,-1,1,0,90.1,0
1439,18737,18736152,11107,250,-1,-1,1,0,90.1,0
1440,18798,18747263,11111,250,-1,-1,1,0,81.2,0
1441,18798,18791695,44432,250,-1,-1,1,0,83.2,1
1442,18804,18802832,11137,250,-1,-1,1,0,84.1,0
1443,18815,18813922,11090,250,-1,-1,1,0,84.3,0
1444,18826,18825029,11107,250,-1,-1,1,0,84.4,0
1445,18837,18836141,11112,250,-1,-1,1,0,84.6,0
1446,18848,18847251,11110,250,-1,-1,1,0,84.7,0
1447,18859,18858367,11116,250,-1,-1,1,0,84.8,0
1448,18870,18869468,11101,250,-1,-1,1,0,84.9,0
1449,18881,18880573,11105,250,-1,-1,1,0,85.0,0
1450,18893,18891681,11108,250,-1,-1,1,0,85.0,1
1451,18904,18902809,11128,250,-1,-1,1,0,85.1,0
1452,18915,18913903,11094,250,-1,-1,1,0,85.2,0
1453,18926,18925019,11116,250,-1,-1,1,0,85.3,0
1454,18937,18936128,11109,250,-1,-1,1,0,85.4,0
1455,18948,18947235,11107,250,-1,-1,1,0,85.5,0
1456,18959,18958340,11105,250,-1,-1,1,0,85.6,0
1457,18970,18969446,11106,250,-1,-1,1,0,85.7,0
1458,18982,18980556,11110,250,-1,-1,1,0,85.6,0
1459,18992,18991666,11110,250,-1,-1,1,0,85.8,1
1460,19004,19002785,11119,250,-1,-1,1,0,85.8,0
1461,19015,19013889,11104,250,-1,-1,1,0,85.9,0
1462,19026,19025001,11112,250,-1,-1,1,0,85.9,0
1463,19037,19036112,11111,250,-1,-1,1,0,86.0,0
1464,19048,19047214,11102,250,-1,-1,1,0,86.1,0
1465,19059,19058321,11107,250,-1,-1,1,0,86.2,0
1466,19071,19069427,11106,250,-1,-1,1,0,86.1,0
1467,19081,19080541,11114,250,-1,-1,1,0,86.3,0
1468,19092,19091645,11104,250,-1,-1,1,0,86.4,1
1469,19104,19102778,11133,250,-1,-1,1,0,86.3,0
1470,19115,19113870,11092,250,-1,-1,1,0,86.4,0
1471,19126,19125028,11158,250,-1,-1,1,0,86.4,0
1472,19137,19136094,11066,250,-1,-1,1,0,86.5,0
1473,19148,19147193,11099,250,-1,-1,1,0,86.5,0
1474,19159,19158305,11112,250,-1,-1,1,0,86.6,0
1475,19170,19169415,11110,250,-1,-1,1,0,86.7,0
1476,19181,19180521,11106,250,-1,-1,1,0,86.7,0
1477,19192,19191633,11112,250,-1,-1,1,0,86.8,1
1478,19204,19202754,11121,250,-1,-1,1,0,86.7,0
1479,19215,19213857,11103,250,-1,-1,1,0,86.8,0
1480,19226,19224968,11111,250,-1,-1,1,0,86.8,0
1481,19237,19236078,11110,250,-1,-1,1,0,86.9,0
1482,19248,19247178,11100,250,-1,-1,1,0,86.9,0
1483,19259,19258290,11112,250,-1,-1,1,0,87.0,0
1484,19270,19269394,11104,250,-1,-1,1,0,87.0,0
1485,19281,19280509,11115,250,-1,-1,1,0,87.0,0
1486,19293,19291612,11103,250,-1,-1,1,0,87.0,1
1487,19328,19324952,33340,250,-1,-1,1,0,29.4,0
1488,19337,19336057,11105,250,-1,-1,1,0,46.5,0
1489,19348,19347167,11110,250,-1,-1,1,0,55.6,0
1490,19359,19358268,11101,250,-1,-1,1,0,61.5,0
1491,19370,19369376,11108,250,-1,-1,1,0,65.8,0
1492,19382,19380486,11110,250,-1,-1,1,0,68.2,0
1493,19392,19391597,11111,250,-1,-1,1,0,71.4,0
1494,19404,19402707,11110,250,-1,-1,1,0,72.7,0
1495,19415,19413819,11112,250,-1,-1,1,0,74.4,1
1496,19426,19424942,11123,250,-1,-1,1,0,75.8,0
1497,19437,19436040,11098,250,-1,-1,1,0,76.9,0
1498,19448,19447155,11115,250,-1,-1,1,0,77.9,0
1499,19459,19458262,11107,250,-1,-1,1,0,78.8,0
1500,19470,19469359,11097,250,-1,-1,1,0,79.5,0
1501,19481,19480473,11114,250,-1,-1,1,0,80.2,0
1502,19492,19491579,11106,250,-1,-1,1,0,80.8,0
1503,19503,19502686,11107,250,-1,-1,1,0,81.3,0
1504,19515,19513797,11111,250,-1,-1,1,0,81.4,1
1505,19526,19524924,11127,250,-1,-1,1,0,81.9,0
1506,19537,19536020,11096,250,-1,-1,1,0,82.3,0
1507,19548,19547140,11120,250,-1,-1,1,0,82.7,0
1508,19559,19558240,11100,250,-1,-1,1,0,83.0,0
1509,19570,19569347,11107,250,-1,-1,1,0,83.3,0
1510,19581,19580455,11108,250,-1,-1,1,0,83.6,0
1511,19592,19591564,11109,250,-1,-1,1,0,83.9,0
1512,19604,19602674,11110,250,-1,-1,1,0,83.9,0
1513,19615,19613783,11109,250,-1,-1,1,0,84.1,1
1514,19626,19624899,11116,250,-1,-1,1,0,84.3,0
1515,19637,19636004,11105,250,-1,-1,1,0,84.5,0
1516,19648,19647123,11119,250,-1,-1,1,0,84.7,0
1517,19659,19658227,11104,250,-1,-1,1,0,84.9,0
1518,19670,19669326,11099,250,-1,-1,1,0,85.1,0
1519,19681,19680441,11115,250,-1,-1,1,0,85.3,0
1520,19693,19691544,11103,250,-1,-1,1,0,85.2,0
1521,19703,19702657,11113,250,-1,-1,1,0,85.6,0
1522,19715,19713763,11106,250,-1,-1,1,0,85.5,1
1523,19726,19724887,11124,250,-1,-1,1,0,85.6,0
1524,19737,19735986,11099,250,-1,-1,1,0,85.8,0
1525,19748,19747105,11119,250,-1,-1,1,0,85.9,0
1526,19759,19758208,11103,250,-1,-1,1,0,86.0,0
1527,19770,19769309,11101,250,-1,-1,1,0,86.1,0
1528,19782,19780419,11110,250,-1,-1,1,0,86.1,0
1529,19792,19791531,11112,250,-1,-1,1,0,86.3,0
1530,19880,19802638,11107,250,-1,-1,1,0,75.1,0
1531,19881,19869286,66648,250,-1,-1,1,0,76.7,1
1532,19883,19880396,11110,250,-1,-1,1,0,78.1,0
1533,19892,19891564,11168,250,-1,-1,1,0,78.6,0
1534,19903,19902626,11062,250,-1,-1,1,0,78.8,0
1535,19915,19913738,11112,250,-1,-1,1,0,78.9,0
1536,19926,19924858,11120,250,-1,-1,1,0,79.1,0
1537,19937,19935948,11090,250,-1,-1,1,0,79.3,0
1538,19948,19947058,11110,250,-1,-1,1,0,79.5,0
1539,19959,19958164,11106,250,-1,-1,1,0,79.7,0
1540,19970,19969275,11111,250,-1,-1,1,0,79.9,1
1541,19981,19980398,11123,250,-1,-1,1,0,80.1,0
1542,19992,19991503,11105,250,-1,-1,1,0,80.2,0
1543,20004,20002611,11108,250,-1,-1,1,0,80.3,0
1544,20015,20013723,11112,250,-1,-1,1,0,80.4,0
1545,20026,20024827,11104,250,-1,-1,1,0,80.6,0
1546,20037,20035933,11106,250,-1,-1,1,0,80.8,0
1547,20048,20047039,11106,250,-1,-1,1,0,80.9,0
1548,20059,20058149,11110,250,-1,-1,1,0,81.0,0
1549,20070,20069258,11109,250,-1,-1,1,0,81.2,1
1550,20081,20080385,11127,250,-1,-1,1,0,81.3,0
1551,20093,20091484,11099,250,-1,-1,1,0,81.4,0
1552,20103,20102602,11118,250,-1,-1,1,0,81.6,0
1553,20115,20113706,11104,250,-1,-1,1,0,81.6,0
1554,20126,20124806,11100,250,-1,-1,1,0,81.7,0
1555,20137,20135913,11107,250,-1,-1,1,0,81.9,0
1556,20148,20147029,11116,250,-1,-1,1,0,82.0,0
1557,20159,20158134,11105,250,-1,-1,1,0,82.1,0
1558,20170,20169242,11108,250,-1,-1,1,0,82.2,1
1559,20181,20180367,11125,250,-1,-1,1,0,82.3,0
1560,20192,20191469,11102,250,-1,-1,1,0,82.4,0
1561,20203,20202579,11110,250,-1,-1,1,0,82.5,0
1562,20214,20213693,11114,250,-1,-1,1,0,82.6,0
1563,20226,20224788,11095,250,-1,-1,1,0,82.6,0
1564,20237,20235900,11112,250,-1,-1,1,0,82.7,0
1565,20248,20247006,11106,250,-1,-1,1,0,82.8,0
1566,20259,20258114,11108,250,-1,-1,1,0,82.9,0
1567,20270,20269225,11111,250,-1,-1,1,0,83.0,1
1568,20281,20280348,11123,250,-1,-1,1,0,83.1,0
1569,20292,20291448,11100,250,-1,-1,1,0,83.2,0
1570,20303,20302570,11122,250,-1,-1,1,0,83.3,0
1571,20315,20313674,11104,250,-1,-1,1,0,83.3,0
1572,20326,20324778,11104,250,-1,-1,1,0,87.0,0
1573,20337,20335880,11102,250,-1,-1,1,0,88.2,0
1574,20348,20346991,11111,250,-1,-1,1,0,88.9,0
1575,20359,20358097,11106,250,-1,-1,1,0,89.3,0
1576,20370,20369206,11109,250,-1,-1,1,0,89.6,1
1577,20381,20380332,11126,250,-1,-1,1,0,89.7,0
1578,20392,20391434,11102,250,-1,-1,1,0,89.9,0
1579,20404,20402545,11111,250,-1,-1,1,0,89.1,0
1580,20414,20413653,11108,250,-1,-1,1,0,90.1,0
1581,20426,20424759,11106,250,-1,-1,1,0,89.4,0
1582,20437,20435865,11106,250,-1,-1,1,0,89.6,0
1583,20448,20446971,11106,250,-1,-1,1,0,89.7,0
1584,20459,20458083,11112,250,-1,-1,1,0,89.7,0
1585,20470,20469189,11106,250,-1,-1,1,0,89.8,1
1586,20481,20480309,11120,250,-1,-1,1,0,89.9,0
1587,20493,20491410,11101,250,-1,-1,1,0,89.5,0
1588,20503,20502533,11123,250,-1,-1,1,0,90.0,0
1589,20514,20513637,11104,250,-1,-1,1,0,90.0,0
1590,20526,20524741,11104,250,-1,-1,1,0,89.7,0
1591,20537,20535844,11103,250,-1,-1,1,0,89.7,0
1592,20548,20546956,11112,250,-1,-1,1,0,89.8,0
1593,20559,20558063,11107,250,-1,-1,1,0,89.8,0
1594,20570,20569176,11113,250,-1,-1,1,0,89.9,1
1595,20581,20580294,11118,250,-1,-1,1,0,89.9,0
1596,20592,20591400,11106,250,-1,-1,1,0,90.0,0
1597,20603,20602512,11112,250,-1,-1,1,0,90.0,0
1598,20615,20613621,11109,250,-1,-1,1,0,89.7,0
1599,20626,20624727,11106,250,-1,-1,1,0,89.8,0
1600,20637,20635830,11103,250,-1,-1,1,0,89.8,0
1601,20648,20646937,11107,250,-1,-1,1,0,89.9,0
1602,20659,20658051,11114,250,-1,-1,1,0,89.9,0
1603,20670,20669154,11103,250,-1,-1,1,0,89.9,1
1604,20681,20680281,11127,250,-1,-1,1,0,89.9,0
1605,20692,20691388,11107,250,-1,-1,1,0,90.0,0
1606,20703,20702516,11128,250,-1,-1,1,0,90.0,0
1607,20715,20713603,11087,250,-1,-1,1,0,89.8,0
1608,20725,20724709,11106,250,-1,-1,1,0,89.8,0
1609,20737,20735811,11102,250,-1,-1,1,0,89.9,0
1610,20748,20746921,11110,250,-1,-1,1,0,89.9,0
1611,20759,20758028,11107,250,-1,-1,1,0,89.9,0
1612,20770,20769137,11109,250,-1,-1,1,0,89.9,1
1613,20781,20780263,11126,250,-1,-1,1,0,90.0,0
1614,20792,20791363,11100,250,-1,-1,1,0,90.0,0
1615,20804,20802478,11115,250,-1,-1,1,0,89.8,0
1616,20814,20813586,11108,250,-1,-1,1,0,90.0,0
1617,20825,20824693,11107,250,-1,-1,1,0,90.0,0
1618,20837,20835798,11105,250,-1,-1,1,0,89.9,0
1619,20848,20846901,11103,250,-1,-1,1,0,89.9,0
1620,20911,20858020,11119,250,-1,-1,1,0,82.2,0
1621,20911,20902449,44429,250,-1,-1,1,0,83.9,1
1622,20915,20913565,11116,250,-1,-1,1,0,85.0,0
1623,20925,20924678,11113,250,-1,-1,1,0,85.2,0
1624,20937,20935777,11099,250,-1,-1,1,0,85.2,0
1625,20948,20946905,11128,250,-1,-1,1,0,85.3,0
1626,20959,20958000,11095,250,-1,-1,1,0,85.4,0
1627,20970,20969118,11118,250,-1,-1,1,0,85.5,0
1628,20981,20980224,11106,250,-1,-1,1,0,85.5,0
1629,20992,20991332,11108,250,-1,-1,1,0,85.6,0
1630,21003,21002434,11102,250,-1,-1,1,0,85.7,1
1631,21014,21013561,11127,250,-1,-1,1,0,85.8,0
1632,21026,21024658,11097,250,-1,-1,1,0,85.8,0
1633,21037,21035776,11118,250,-1,-1,1,0,85.8,0
1634,21048,21046877,11101,250,-1,-1,1,0,85.9,0
1635,21059,21057983,11106,250,-1,-1,1,0,86.0,0
1636,21070,21069087,11104,250,-1,-1,1,0,86.0,0
1637,21081,21080202,11115,250,-1,-1,1,0,86.1,0
1638,21092,21091312,11110,250,-1,-1,1,0,86.2,0
1639,21103,21102414,11102,250,-1,-1,1,0,86.2,1
1640,21115,21113538,11124,250,-1,-1,1,0,86.2,0
1641,21125,21124642,11104,250,-1,-1,1,0,86.4,0
1642,21137,21135759,11117,250,-1,-1,1,0,86.3,0
1643,21148,21146867,11108,250,-1,-1,1,0,86.4,0
1644,21159,21157966,11099,250,-1,-1,1,0,86.4,0
1645,21170,21169073,11107,250,-1,-1,1,0,86.5,0
1646,21181,21180185,11112,250,-1,-1,1,0,86.6,0
1647,21192,21191292,11107,250,-1,-1,1,0,86.6,0
1648,21203,21202397,11105,250,-1,-1,1,0,86.7,1
1649,21214,21213522,11125,250,-1,-1,1,0,86.7,0
1650,21225,21224623,11101,250,-1,-1,1,0,86.8,0
1651,21237,21235739,11116,250,-1,-1,1,0,86.7,0
1652,21248,21246840,11101,250,-1,-1,1,0,86.8,0
1653,21259,21257946,11106,250,-1,-1,1,0,86.8,0
1654,21270,21269053,11107,250,-1,-1,1,0,86.9,0
1655,21281,21280165,11112,250,-1,-1,1,0,86.9,0
1656,21292,21291273,11108,250,-1,-1,1,0,87.0,0
1657,21303,21302380,11107,250,-1,-1,1,0,87.0,1
1658,21341,21335717,33337,250,-1,-1,1,0,27.8,0
1659,21348,21346825,11108,250,-1,-1,1,0,46.5,0
1660,21359,21357934,11109,250,-1,-1,1,0,55.6,0
1661,21370,21369055,11121,250,-1,-1,1,0,61.5,0
1662,21381,21380146,11091,250,-1,-1,1,0,65.8,0
1663,21392,21391258,11112,250,-1,-1,1,0,69.0,0
1664,21403,21402365,11107,250,-1,-1,1,0,71.4,0
1665,21414,21413475,11110,250,-1,-1,1,0,73.4,0
1666,21426,21424584,11109,250,-1,-1,1,0,74.4,1
1667,21437,21435704,11120,250,-1,-1,1,0,75.8,0
1668,21448,21446807,11103,250,-1,-1,1,0,76.9,0
1669,21459,21457922,11115,250,-1,-1,1,0,77.9,0
1670,21470,21469027,11105,250,-1,-1,1,0,78.8,0
1671,21481,21480130,11103,250,-1,-1,1,0,79.5,0
1672,21492,21491238,11108,250,-1,-1,1,0,80.2,0
1673,21503,21502348,11110,250,-1,-1,1,0,80.8,0
1674,21515,21513455,11107,250,-1,-1,1,0,81.0,0
1675,21525,21524570,11115,250,-1,-1,1,0,81.8,1
1676,21537,21535690,11120,250,-1,-1,1,0,81.9,0
1677,21548,21546789,11099,250,-1,-1,1,0,82.3,0
1678,21559,21557902,11113,250,-1,-1,1,0,82.7,0
1679,21570,21569167,11265,250,-1,-1,1,0,83.0,0
1680,21581,21580112,10945,250,-1,-1,1,0,83.3,0
1681,21592,21591221,11109,250,-1,-1,1,0,83.6,0
1682,21603,21602328,11107,250,-1,-1,1,0,83.9,0
1683,21614,21613442,11114,250,-1,-1,1,0,84.1,0
1684,21625,21624545,11103,250,-1,-1,1,0,84.4,1
1685,21637,21635678,11133,250,-1,-1,1,0,84.3,0
1686,21648,21646773,11095,250,-1,-1,1,0,84.5,0
1687,21659,21657889,11116,250,-1,-1,1,0,84.7,0
1688,21670,21669117,11228,250,-1,-1,1,0,84.9,0
1689,21681,21680100,10983,250,-1,-1,1,0,85.1,0
1690,21692,21691201,11101,250,-1,-1,1,0,85.3,0
1691,21703,21702313,11112,250,-1,-1,1,0,85.4,0
1692,21714,21713423,11110,250,-1,-1,1,0,85.6,0
1693,21725,21724529,11106,250,-1,-1,1,0,85.7,1
1694,21737,21735659,11130,250,-1,-1,1,0,85.6,0
1695,21748,21746757,11098,250,-1,-1,1,0,85.8,0
1696,21759,21757869,11112,250,-1,-1,1,0,85.9,0
1697,21770,21768977,11108,250,-1,-1,1,0,86.0,0
1698,21781,21780076,11099,250,-1,-1,1,0,86.1,0
1699,21792,21791190,11114,250,-1,-1,1,0,86.2,0
1700,21803,21802295,11105,250,-1,-1,1,0,86.3,0
1701,21814,21813403,11108,250,-1,-1,1,0,86.4,0
1702,21826,21824512,11109,250,-1,-1,1,0,86.4,1
1703,21836,21835637,11125,250,-1,-1,1,0,86.6,0
1704,21848,21846739,11102,250,-1,-1,1,0,86.6,0
1705,21859,21857853,11114,250,-1,-1,1,0,86.6,0
1706,21871,21868961,11108,250,-1,-1,1,0,86.6,0
1707,21881,21880066,11105,250,-1,-1,1,0,86.8,0
1708,21892,21891172,11106,250,-1,-1,1,0,86.9,0
1709,21903,21902280,11108,250,-1,-1,1,0,87.0,0
1710,21967,21913389,11109,250,-1,-1,1,0,80.1,0
1711,21967,21957819,44430,250,-1,-1,1,0,81.6,1
1712,21970,21968942,11123,250,-1,-1,1,0,82.7,0
1713,21981,21980053,11111,250,-1,-1,1,0,82.8,0
1714,21992,21991157,11104,250,-1,-1,1,0,83.0,0
1715,22003,22002272,11115,250,-1,-1,1,0,83.1,0
1716,22014,22013381,11109,250,-1,-1,1,0,83.2,0
1717,22025,22024495,11114,250,-1,-1,1,0,83.3,0
1718,22036,22035602,11107,250,-1,-1,1,0,83.4,0
1719,22048,22046708,11106,250,-1,-1,1,0,83.4,0
1720,22059,22057812,11104,250,-1,-1,1,0,83.6,1
1721,22070,22068933,11121,250,-1,-1,1,0,83.7,0
1722,22081,22080030,11097,250,-1,-1,1,0,83.8,0
1723,22092,22091149,11119,250,-1,-1,1,0,83.9,0
1724,22103,22102254,11105,250,-1,-1,1,0,84.0,0
1725,22114,22113353,11099,250,-1,-1,1,0,84.1,0
1726,22125,22124461,11108,250,-1,-1,1,0,84.1,0
1727,22137,22135569,11108,250,-1,-1,1,0,84.1,0
1728,22147,22146686,11117,250,-1,-1,1,0,84.3,0
1729,22159,22157791,11105,250,-1,-1,1,0,84.3,1
1730,22170,22168915,11124,250,-1,-1,1,0,84.4,0
1731,22181,22180015,11100,250,-1,-1,1,0,84.5,0
1732,22193,22191132,11117,250,-1,-1,1,0,84.5,0
1733,22203,22202236,11104,250,-1,-1,1,0,84.6,0
1734,22214,22213335,11099,250,-1,-1,1,0,84.7,0
1735,22225,22224445,11110,250,-1,-1,1,0,84.8,0
1736,22236,22235558,11113,250,-1,-1,1,0,84.9,0
1737,22247,22246670,11112,250,-1,-1,1,0,84.9,0
1738,22259,22257773,11103,250,-1,-1,1,0,84.9,1
1739,22270,22268898,11125,250,-1,-1,1,0,85.0,0
1740,22281,22279998,11100,250,-1,-1,1,0,85.0,0
1741,22292,22291118,11120,250,-1,-1,1,0,85.1,0
1742,22303,22302369,11251,250,-1,-1,1,0,85.2,0
1743,22314,22313321,10952,250,-1,-1,1,0,85.2,0
1744,22325,22324554,11233,250,-1,-1,1,0,90.9,0
1745,22336,22335541,10987,250,-1,-1,1,0,90.9,0
1746,22347,22346648,11107,250,-1,-1,1,0,90.9,0
1747,22359,22357754,11106,250,-1,-1,1,0,88.9,1
1748,22370,22368884,11130,250,-1,-1,1,0,89.3,0
1749,22381,22379982,11098,250,-1,-1,1,0,89.6,0
1750,22392,22391098,11116,250,-1,-1,1,0,89.7,0
1751,22403,22402208,11110,250,-1,-1,1,0,89.9,0
1752,22414,22413311,11103,250,-1,-1,1,0,90.0,0
1753,22425,22424411,11100,250,-1,-1,1,0,90.1,0
1754,22436,22435525,11114,250,-1,-1,1,0,90.2,0
1755,22448,22446636,11111,250,-1,-1,1,0,89.6,0
1756,22459,22457741,11105,250,-1,-1,1,0,89.7,1
1757,22470,22468865,11124,250,-1,-1,1,0,89.7,0
1758,22481,22479963,11098,250,-1,-1,1,0,89.8,0
1759,22492,22491075,11112,250,-1,-1,1,0,89.9,0
1760,22503,22502190,11115,250,-1,-1,1,0,89.9,0
1761,22514,22513284,11094,250,-1,-1,1,0,90.0,0
1762,22525,22524402,11118,250,-1,-1,1,0,90.0,0
1763,22536,22535501,11099,250,-1,-1,1,0,90.1,0
1764,22547,22546615,11114,250,-1,-1,1,0,90.1,0
1765,22558,22557724,11109,250,-1,-1,1,0,89.8,1
1766,22570,22568848,11124,250,-1,-1,1,0,89.8,0
1767,22581,22579945,11097,250,-1,-1,1,0,89.9,0
1768,22592,22591062,11117,250,-1,-1,1,0,89.9,0
1769,22603,22602167,11105,250,-1,-1,1,0,90.0,0
1770,22614,22613275,11108,250,-1,-1,1,0,90.0,0
1771,22625,22624376,11101,250,-1,-1,1,0,90.0,0
1772,22636,22635492,11116,250,-1,-1,1,0,90.1,0
1773,22647,22646596,11104,250,-1,-1,1,0,90.1,0
1774,22658,22657706,11110,250,-1,-1,1,0,90.1,1
1775,22670,22668826,11120,250,-1,-1,1,0,89.9,0
1776,22681,22679933,11107,250,-1,-1,1,0,89.9,0
1777,22692,22691045,11112,250,-1,-1,1,0,89.9,0
1778,22703,22702150,11105,250,-1,-1,1,0,90.0,0
1779,22714,22713252,11102,250,-1,-1,1,0,90.0,0
1780,22725,22724364,11112,250,-1,-1,1,0,90.0,0
1781,22736,22735470,11106,250,-1,-1,1,0,90.0,0
1782,22747,22746579,11109,250,-1,-1,1,0,90.1,0
1783,22759,22757687,11108,250,-1,-1,1,0,89.9,1
1784,22770,22768814,11127,250,-1,-1,1,0,89.9,0
1785,22781,22779913,11099,250,-1,-1,1,0,89.9,0
1786,22792,22791033,11120,250,-1,-1,1,0,90.0,0
1787,22803,22802134,11101,250,-1,-1,1,0,90.0,0
1788,22814,22813236,11102,250,-1,-1,1,0,90.0,0
1789,22825,22824342,11106,250,-1,-1,1,0,90.0,0
1790,22836,22835455,11113,250,-1,-1,1,0,90.0,0
1791,22847,22846561,11106,250,-1,-1,1,1000,89.9,0
1792,22858,22857674,11113,250,-1,-1,1,0,90.1,1
1793,22870,22868794,11120,250,-1,-1,1,0,89.9,0
1794,22881,22879896,11102,250,-1,-1,1,0,89.9,0
1795,22892,22891010,11114,250,-1,-1,1,0,90.0,0
1796,22903,22902121,11111,250,-1,-1,1,0,90.0,0
1797,22914,22913221,11100,250,-1,-1,1,0,90.0,0
1798,22925,22924329,11108,250,-1,-1,1,0,90.0,0
1799,22936,22935432,11103,250,-1,-1,1,0,90.0,0
1800,23000,22946550,11118,250,-1,-1,1,0,83.1,0
1801,23000,22990981,44431,250,-1,-1,1,0,84.5,1
1802,23003,23002101,11120,250,-1,-1,1,0,85.6,0
1803,23014,23013213,11112,250,-1,-1,1,0,85.7,0
1804,23026,23024309,11096,250,-1,-1,1,0,85.7,0
1805,23036,23035430,11121,250,-1,-1,1,0,85.9,0
1806,23047,23046536,11106,250,-1,-1,1,0,85.9,0
1807,23058,23057651,11115,250,-1,-1,1,0,86.0,0
1808,23070,23068756,11105,250,-1,-1,1,0,86.0,0
1809,23081,23079863,11107,250,-1,-1,1,0,86.0,0
1810,23092,23090964,11101,250,-1,-1,1,0,86.1,1
1811,23103,23102091,11127,250,-1,-1,1,0,86.2,0
1812,23114,23113187,11096,250,-1,-1,1,0,86.2,0
1813,23126,23124307,11120,250,-1,-1,1,0,86.2,0
1814,23137,23135412,11105,250,-1,-1,1,0,86.3,0
1815,23147,23146515,11103,250,-1,-1,1,0,86.4,0
1816,23159,23157621,11106,250,-1,-1,1,0,86.4,0
1817,23170,23168730,11109,250,-1,-1,1,0,86.4,0
1818,23181,23179840,11110,250,-1,-1,1,0,86.5,0
1819,23192,23190951,11111,250,-1,-1,1,0,86.6,1
1820,23203,23202073,11122,250,-1,-1,1,0,86.6,0
1821,23214,23213172,11099,250,-1,-1,1,0,86.7,0
1822,23225,23224285,11113,250,-1,-1,1,0,86.7,0
1823,23236,23235391,11106,250,-1,-1,1,0,86.8,0
1824,23247,23246494,11103,250,-1,-1,1,0,86.8,0
1825,23258,23257604,11110,250,-1,-1,1,0,86.9,0
1826,23270,23268712,11108,250,-1,-1,1,0,86.8,0
1827,23281,23279822,11110,250,-1,-1,1,0,86.9,0
1828,23292,23290930,11108,250,-1,-1,1,0,86.9,1
1829,23303,23302055,11125,250,-1,-1,1,0,87.0,0
1830,23314,23313154,11099,250,-1,-1,1,0,87.0,0
1831,23332,23324273,11119,250,-1,-1,1,0,55.6,0
1832,23336,23335379,11106,250,-1,-1,1,0,90.9,0
1833,23347,23346487,11108,250,-1,-1,1,0,90.9,0
1834,23358,23357587,11100,250,-1,-1,1,0,90.9,0
1835,23369,23368697,11110,250,-1,-1,1,0,90.9,0
1836,23381,23379804,11107,250,-1,-1,1,0,89.6,0
1837,23392,23390917,11113,250,-1,-1,1,0,89.7,1
1838,23403,23402039,11122,250,-1,-1,1,0,89.9,0
1839,23414,23413136,11097,250,-1,-1,1,0,90.0,0
1840,23425,23424253,11117,250,-1,-1,1,0,90.1,0
1841,23436,23435365,11112,250,-1,-1,1,0,90.2,0
1842,23447,23446469,11104,250,-1,-1,1,0,90.2,0
1843,23458,23457567,11098,250,-1,-1,1,0,90.3,0
1844,23470,23468676,11109,250,-1,-1,1,0,89.7,0
1845,23481,23479787,11111,250,-1,-1,1,0,89.8,0
1846,23492,23490896,11109,250,-1,-1,1,0,89.9,1
1847,23503,23502019,11123,250,-1,-1,1,0,89.9,0
1848,23514,23513119,11100,250,-1,-1,1,0,90.0,0
1849,23525,23524232,11113,250,-1,-1,1,0,90.0,0
1850,23536,23535338,11106,250,-1,-1,1,0,90.1,0
1851,23547,23546447,11109,250,-1,-1,1,0,90.1,0
1852,23558,23557554,11107,250,-1,-1,1,0,90.2,0
1853,23569,23568666,11112,250,-1,-1,1,0,90.2,0
1854,23581,23579772,11106,250,-1,-1,1,0,89.9,0
1855,23592,23590883,11111,250,-1,-1,1,0,89.9,1
1856,23603,23602002,11119,250,-1,-1,1,0,90.0,0
1857,23614,23613104,11102,250,-1,-1,1,0,90.0,0
1858,23625,23624216,11112,250,-1,-1,1,0,90.0,0
1859,23636,23635325,11109,250,-1,-1,1,0,90.1,0
1860,23647,23646423,11098,250,-1,-1,1,0,90.1,0
1861,23658,23657535,11112,250,-1,-1,1,0,90.1,0
1862,23669,23668644,11109,250,-1,-1,1,0,90.1,0
1863,23681,23679754,11110,250,-1,-1,1,0,89.9,0
1864,23692,23690859,11105,250,-1,-1,1,0,89.9,1
1865,23703,23701991,11132,250,-1,-1,1,0,90.0,0
1866,23714,23713085,11094,250,-1,-1,1,0,90.0,0
1867,23725,23724203,11118,250,-1,-1,1,0,90.0,0
1868,23736,23735307,11104,250,-1,-1,1,0,90.0,0
1869,23747,23746411,11104,250,-1,-1,1,0,90.1,0
1870,23758,23757517,11106,250,-1,-1,1,0,90.1,0
1871,23769,23768625,11108,250,-1,-1,1,0,90.1,0
1872,23781,23779734,11109,250,-1,-1,1,0,89.9,0
1873,23792,23790848,11114,250,-1,-1,1,0,90.0,1
1874,23803,23801968,11120,250,-1,-1,1,0,90.0,0
1875,23814,23813072,11104,250,-1,-1,1,0,90.0,0
1876,23825,23824182,11110,250,-1,-1,1,0,90.0,0
1877,23836,23835293,11111,250,-1,-1,1,0,90.0,0
1878,23847,23846400,11107,250,-1,-1,1,0,90.1,0
1879,23858,23857507,11107,250,-1,-1,1,0,90.1,0
1880,23870,23868609,11102,250,-1,-1,1,0,89.9,0
1881,23881,23879722,11113,250,-1,-1,1,0,89.9,0
1882,23892,23890828,11106,250,-1,-1,1,0,90.0,1
1883,23903,23901956,11128,250,-1,-1,1,0,90.0,0
1884,23914,23913053,11097,250,-1,-1,1,0,90.0,0
1885,23925,23924171,11118,250,-1,-1,1,0,90.0,0
1886,23936,23935273,11102,250,-1,-1,1,0,90.0,0
1887,23947,23946377,11104,250,-1,-1,1,0,90.0,0
1888,23958,23957481,11104,250,-1,-1,1,0,90.1,0
1889,23969,23968594,11113,250,-1,-1,1,0,90.1,0
1890,24033,23979705,11111,250,-1,-1,1,0,83.4,0
1891,24033,24024133,44428,250,-1,-1,1,0,84.8,1
1892,24037,24035251,11118,250,-1,-1,1,0,85.8,0
1893,24047,24046367,11116,250,-1,-1,1,0,85.9,0
1894,24059,24057467,11100,250,-1,-1,1,0,85.9,0
1895,24069,24068581,11114,250,-1,-1,1,0,86.1,0
1896,24080,24079690,11109,250,-1,-1,1,0,86.2,0
1897,24092,24090804,11114,250,-1,-1,1,0,86.1,0
1898,24103,24101915,11111,250,-1,-1,1,0,86.2,0
1899,24114,24113018,11103,250,-1,-1,1,0,86.2,0
1900,24125,24124119,11101,250,-1,-1,1,0,86.3,1
1901,24136,24135250,11131,250,-1,-1,1,0,86.4,0
1902,24147,24146347,11097,250,-1,-1,1,0,86.4,0
1903,24159,24157459,11112,250,-1,-1,1,0,86.4,0
1904,24169,24168567,11108,250,-1,-1,1,0,86.5,0
1905,24181,24179667,11100,250,-1,-1,1,0,86.5,0
1906,24192,24190787,11120,250,-1,-1,1,0,86.6,0
1907,24203,24201889,11102,250,-1,-1,1,0,86.6,0
1908,24214,24212996,11107,250,-1,-1,1,0,86.7,0
1909,24225,24224110,11114,250,-1,-1,1,0,86.7,1
1910,24236,24235225,11115,250,-1,-1,1,0,86.8,0
1911,24247,24246328,11103,250,-1,-1,1,0,86.8,0
1912,24259,24257443,11115,250,-1,-1,1,0,86.8,0
1913,24269,24268547,11104,250,-1,-1,1,0,86.9,0
1914,24280,24279658,11111,250,-1,-1,1,0,87.0,0
1915,24292,24290758,11100,250,-1,-1,1,0,86.9,0
1916,24303,24301875,11117,250,-1,-1,1,0,87.0,0
1917,24314,24312979,11104,250,-1,-1,1,0,87.0,0
1918,24325,24324253,11274,250,-1,-1,1,0,90.9,1
1919,24336,24335215,10962,250,-1,-1,1,0,90.9,0
1920,24347,24346318,11103,250,-1,-1,1,0,90.9,0
1921,24359,24357517,11199,250,-1,-1,1,0,88.9,0
1922,24369,24368537,11020,250,-1,-1,1,0,90.9,0
1923,24380,24379632,11095,250,-1,-1,1,0,90.9,0
1924,24392,24390740,11108,250,-1,-1,1,0,89.7,0
1925,24403,24401853,11113,250,-1,-1,1,0,89.9,0
1926,24414,24412965,11112,250,-1,-1,1,0,90.0,0
1927,24425,24424072,11107,250,-1,-1,1,0,90.1,1
1928,24436,24435190,11118,250,-1,-1,1,0,90.2,0
1929,24447,24446294,11104,250,-1,-1,1,0,90.2,0
1930,24459,24457411,11117,250,-1,-1,1,0,89.7,0
1931,24469,24468518,11107,250,-1,-1,1,0,90.3,0
1932,24480,24479621,11103,250,-1,-1,1,0,90.4,0
1933,24492,24490726,11105,250,-1,-1,1,0,89.9,0
1934,24503,24501840,11114,250,-1,-1,1,0,89.9,0
1935,24514,24512945,11105,250,-1,-1,1,0,90.0,0
1936,24525,24524055,11110,250,-1,-1,1,0,90.0,1
1937,24536,24535179,11124,250,-1,-1,1,0,90.1,0
1938,24547,24546277,11098,250,-1,-1,1,0,90.1,0
1939,24559,24557392,11115,250,-1,-1,1,0,89.8,0
1940,24569,24568498,11106,250,-1,-1,1,0,90.2,0
1941,24581,24579603,11105,250,-1,-1,1,0,89.9,0
1942,24592,24590711,11108,250,-1,-1,1,0,89.9,0
1943,24603,24601822,11111,250,-1,-1,1,0,90.0,0
1944,24614,24612933,11111,250,-1,-1,1,0,90.0,0
1945,24625,24624034,11101,250,-1,-1,1,0,90.0,1
1946,24636,24635164,11130,250,-1,-1,1,0,90.1,0
1947,24647,24646261,11097,250,-1,-1,1,0,90.1,0
1948,24659,24657374,11113,250,-1,-1,1,0,89.9,0
1949,24669,24668480,11106,250,-1,-1,1,0,90.1,0
1950,24680,24679585,11105,250,-1,-1,1,0,90.2,0
1951,24691,24690694,11109,250,-1,-1,1,0,90.2,0
1952,24703,24701804,11110,250,-1,-1,1,0,90.0,0
1953,24714,24712909,11105,250,-1,-1,1,0,90.0,0
1954,24725,24724018,11109,250,-1,-1,1,0,90.0,1
1955,24736,24735142,11124,250,-1,-1,1,0,90.0,0
1956,24747,24746243,11101,250,-1,-1,1,0,90.1,0
1957,24759,24757361,11118,250,-1,-1,1,0,89.9,0
1958,24769,24768464,11103,250,-1,-1,1,0,90.1,0
1959,24780,24779565,11101,250,-1,-1,1,0,90.1,0
1960,24791,24790675,11110,250,-1,-1,1,0,90.1,0
1961,24803,24801782,11107,250,-1,-1,1,0,90.0,0
1962,24814,24812894,11112,250,-1,-1,1,0,90.0,0
1963,24825,24824001,11107,250,-1,-1,1,0,90.0,1
1964,24836,24835121,11120,250,-1,-1,1,0,90.0,0
1965,24847,24846222,11101,250,-1,-1,1,0,90.1,0
1966,24859,24857342,11120,250,-1,-1,1,0,89.9,0
1967,24869,24868446,11104,250,-1,-1,1,0,90.1,0
1968,24880,24879549,11103,250,-1,-1,1,0,90.1,0
1969,24892,24890660,11111,250,-1,-1,1,0,90.0,0
1970,24903,24901769,11109,250,-1,-1,1,0,90.0,0
1971,24914,24912884,11115,250,-1,-1,1,0,90.0,0
1972,24925,24923985,11101,250,-1,-1,1,0,90.0,1
1973,24936,24935108,11123,250,-1,-1,1,0,90.0,0
1974,24947,24946207,11099,250,-1,-1,1,0,90.0,0
1975,24959,24957323,11116,250,-1,-1,1,0,89.9,0
1976,24969,24968432,11109,250,-1,-1,1,0,90.1,0
1977,24980,24979536,11104,250,-1,-1,1,0,90.1,0
1978,24991,24990643,11107,250,-1,-1,1,0,90.1,0
1979,25003,25001748,11105,250,-1,-1,1,0,90.0,0
1980,25067,25012858,11110,250,-1,-1,1,0,83.7,0
1981,25067,25057291,44433,250,-1,-1,1,0,85.0,1
1982,25070,25068397,11106,250,-1,-1,1,0,86.0,0
1983,25080,25079526,11129,250,-1,-1,1,0,86.2,0
1984,25091,25090627,11101,250,-1,-1,1,0,86.2,0
1985,25103,25101745,11118,250,-1,-1,1,0,86.2,0
1986,25114,25112848,11103,250,-1,-1,1,0,86.2,0
1987,25125,25123968,11120,250,-1,-1,1,0,86.3,0
1988,25136,25135070,11102,250,-1,-1,1,0,86.4,0
1989,25147,25146175,11105,250,-1,-1,1,0,86.4,0
1990,25158,25157282,11107,250,-1,-1,1,0,86.5,1
1991,25169,25168404,11122,250,-1,-1,1,0,86.5,0
1992,25180,25179507,11103,250,-1,-1,1,0,86.6,0
1993,25192,25190617,11110,250,-1,-1,1,0,86.6,0
1994,25203,25201722,11105,250,-1,-1,1,0,86.6,0
1995,25214,25212828,11106,250,-1,-1,1,0,86.7,0
1996,25225,25223937,11109,250,-1,-1,1,0,86.7,0
1997,25236,25235043,11106,250,-1,-1,1,0,86.8,0
1998,25247,25246151,11108,250,-1,-1,1,0,86.8,0
1999,25258,25257265,11114,250,-1,-1,1,0,86.9,1
2000,25269,25268385,11120,250,-1,-1,1,0,86.9,0
2001,25280,25279486,11101,250,-1,-1,1,0,87.0,0
2002,25292,25290600,11114,250,-1,-1,1,0,86.9,0
2003,25303,25301710,11110,250,-1,-1,1,0,87.0,0
2004,25314,25312809,11099,250,-1,-1,1,0,87.0,0
2005,25325,25323924,11115,250,-1,-1,1,0,90.9,0
2006,25336,25335028,11104,250,-1,-1,1,0,90.9,0
2007,25347,25346141,11113,250,-1,-1,1,0,90.9,0
2008,25358,25357245,11104,250,-1,-1,1,0,90.9,1
2009,25369,25368370,11125,250,-1,-1,1,0,90.9,0
2010,25380,25379473,11103,250,-1,-1,1,0,90.9,0
2011,25392,25390586,11113,250,-1,-1,1,0,89.7,0
2012,25403,25401692,11106,250,-1,-1,1,0,89.9,0
2013,25414,25412793,11101,250,-1,-1,1,0,90.0,0
2014,25425,25423907,11114,250,-1,-1,1,0,90.1,0
2015,25436,25435013,11106,250,-1,-1,1,0,90.2,0
2016,25447,25446119,11106,250,-1,-1,1,0,90.2,0
2017,25458,25457238,11119,250,-1,-1,1,0,90.3,1
2018,25469,25468351,11113,250,-1,-1,1,0,90.3,0
2019,25480,25479455,11104,250,-1,-1,1,0,90.4,0
2020,25492,25490566,11111,250,-1,-1,1,0,89.9,0
2021,25503,25501674,11108,250,-1,-1,1,0,89.9,0
2022,25514,25512810,11136,250,-1,-1,1,0,90.0,0
2023,25525,25523885,11075,250,-1,-1,1,0,90.0,0
2024,25536,25534991,11106,250,-1,-1,1,0,90.1,0
2025,25547,25546101,11110,250,-1,-1,1,0,90.1,0
2026,25558,25557209,11108,250,-1,-1,1,0,90.2,1
2027,25569,25568335,11126,250,-1,-1,1,0,90.2,0
2028,25580,25579440,11105,250,-1,-1,1,0,90.2,0
2029,25591,25590551,11111,250,-1,-1,1,0,90.3,0
2030,25603,25601658,11107,250,-1,-1,1,0,90.0,0
2031,25614,25612764,11106,250,-1,-1,1,0,90.0,0
2032,25625,25623866,11102,250,-1,-1,1,0,90.0,0
2033,25636,25634974,11108,250,-1,-1,1,0,90.1,0
2034,25647,25646088,11114,250,-1,-1,1,0,90.1,0
2035,25658,25657200,11112,250,-1,-1,1,0,90.1,1
2036,25669,25668320,11120,250,-1,-1,1,0,90.1,0
2037,25680,25679419,11099,250,-1,-1,1,0,90.2,0
2038,25692,25690536,11117,250,-1,-1,1,0,89.9,0
2039,25703,25701644,11108,250,-1,-1,1,0,90.0,0
2040,25714,25712743,11099,250,-1,-1,1,0,90.0,0
2041,25725,25723848,11105,250,-1,-1,1,0,90.0,0
2042,25736,25734957,11109,250,-1,-1,1,0,90.0,0
2043,25747,25746072,11115,250,-1,-1,1,0,90.1,0
2044,25758,25757179,11107,250,-1,-1,1,0,90.1,1
2045,25769,25768298,11119,250,-1,-1,1,0,90.1,0
2046,25780,25779397,11099,250,-1,-1,1,0,90.1,0
2047,25791,25790516,11119,250,-1,-1,1,0,90.1,0
2048,25802,25801626,11110,250,-1,-1,1,0,90.2,0
2049,25814,25812728,11102,250,-1,-1,1,0,90.0,0
2050,25825,25823830,11102,250,-1,-1,1,0,90.0,0
2051,25836,25834943,11113,250,-1,-1,1,0,90.0,0
2052,25847,25846054,11111,250,-1,-1,1,0,90.1,0
2053,25858,25857160,11106,250,-1,-1,1,0,90.1,1
2054,25869,25868282,11122,250,-1,-1,1,0,90.1,0
2055,25880,25879388,11106,250,-1,-1,1,0,90.1,0
2056,25891,25890501,11113,250,-1,-1,1,0,90.1,0
2057,25902,25901612,11111,250,-1,-1,1,0,90.1,0
2058,25914,25912710,11098,250,-1,-1,1,0,90.0,0
2059,25925,25923822,11112,250,-1,-1,1,0,90.0,0
2060,25936,25934929,11107,250,-1,-1,1,0,90.0,0
2061,25947,25946033,11104,250,-1,-1,1,0,90.0,0
2062,25958,25957144,11111,250,-1,-1,1,0,90.1,1
2063,25969,25968266,11122,250,-1,-1,1,0,90.1,0
2064,25980,25979370,11104,250,-1,-1,1,0,90.1,0
2065,25992,25990480,11110,250,-1,-1,1,0,90.0,0
2066,26003,26001585,11105,250,-1,-1,1,0,90.0,0
2067,26013,26012694,11109,250,-1,-1,1,0,90.0,0
2068,26025,26023794,11100,250,-1,-1,1,0,90.0,0
2069,26036,26034905,11111,250,-1,-1,1,0,90.0,0
2070,26087,26046014,11109,250,-1,-1,1,0,85.4,0
2071,26088,26079342,33328,250,-1,-1,1,0,86.6,1
2072,26091,26090463,11121,250,-1,-1,1,0,87.5,0
2073,26102,26101575,11112,250,-1,-1,1,0,87.6,0
2074,26114,26112673,11098,250,-1,-1,1,0,87.5,0
2075,26125,26123791,11118,250,-1,-1,1,0,87.5,0
2076,26136,26134895,11104,250,-1,-1,1,0,87.6,0
2077,26147,26146003,11108,250,-1,-1,1,0,87.6,0
2078,26158,26157115,11112,250,-1,-1,1,0,87.7,0
2079,26169,26168218,11103,250,-1,-1,1,0,87.7,0
2080,26180,26179339,11121,250,-1,-1,1,0,87.8,1
2081,26191,26190456,11117,250,-1,-1,1,0,87.8,0
2082,26202,26201554,11098,250,-1,-1,1,0,87.8,0
2083,26213,26212660,11106,250,-1,-1,1,0,87.9,0
2084,26225,26223772,11112,250,-1,-1,1,0,87.8,0
2085,26236,26234875,11103,250,-1,-1,1,0,87.9,0
2086,26247,26245984,11109,250,-1,-1,1,0,87.9,0
2087,26258,26257093,11109,250,-1,-1,1,0,87.9,0
2088,26269,26268197,11104,250,-1,-1,1,0,88.0,0
2089,26280,26279311,11114,250,-1,-1,1,0,88.0,1
2090,26291,26290433,11122,250,-1,-1,1,0,88.0,0
2091,26302,26301535,11102,250,-1,-1,1,0,88.1,0
2092,26314,26312646,11111,250,-1,-1,1,0,88.0,0
2093,26325,26323759,11113,250,-1,-1,1,0,90.9,0
2094,26336,26334864,11105,250,-1,-1,1,0,90.9,0
2095,26347,26345967,11103,250,-1,-1,1,0,90.9,0
2096,26358,26357077,11110,250,-1,-1,1,0,90.9,0
2097,26369,26368186,11109,250,-1,-1,1,0,90.9,0
2098,26380,26379296,11110,250,-1,-1,1,0,90.9,1
2099,26391,26390417,11121,250,-1,-1,1,0,90.9,0
2100,26402,26401517,11100,250,-1,-1,1,0,90.9,0
2101,26413,26412631,11114,250,-1,-1,1,0,90.9,0
2102,26425,26423739,11108,250,-1,-1,1,0,90.1,0
2103,26436,26434848,11109,250,-1,-1,1,0,90.2,0
2104,26447,26445947,11099,250,-1,-1,1,0,90.2,0
2105,26458,26457057,11110,250,-1,-1,1,0,90.3,0
2106,26469,26468162,11105,250,-1,-1,1,0,90.3,0
2107,26480,26479276,11114,250,-1,-1,1,0,90.4,1
2108,26491,26490401,11125,250,-1,-1,1,0,90.4,0
2109,26502,26501503,11102,250,-1,-1,1,0,90.4,0
2110,26513,26512614,11111,250,-1,-1,1,0,90.5,0
2111,26525,26523727,11113,250,-1,-1,1,0,90.0,0
2112,26536,26534829,11102,250,-1,-1,1,0,90.1,0
2113,26547,26545931,11102,250,-1,-1,1,0,90.1,0
2114,26558,26557039,11108,250,-1,-1,1,0,90.2,0
2115,26569,26568149,11110,250,-1,-1,1,0,90.2,0
2116,26580,26579256,11107,250,-1,-1,1,0,90.2,1
2117,26591,26590382,11126,250,-1,-1,1,0,90.3,0
2118,26602,26601484,11102,250,-1,-1,1,0,90.3,0
2119,26613,26612600,11116,250,-1,-1,1,0,90.3,0
2120,26625,26623708,11108,250,-1,-1,1,0,90.0,0
2121,26636,26634813,11105,250,-1,-1,1,0,90.1,0
2122,26647,26645915,11102,250,-1,-1,1,0,90.1,0
2123,26658,26657022,11107,250,-1,-1,1,0,90.1,0
2124,26669,26668132,11110,250,-1,-1,1,0,90.1,0
2125,26680,26679242,11110,250,-1,-1,1,0,90.2,1
2126,26691,26690363,11121,250,-1,-1,1,0,90.2,0
2127,26702,26701465,11102,250,-1,-1,1,0,90.2,0
2128,26714,26712581,11116,250,-1,-1,1,0,90.0,0
2129,26725,26723692,11111,250,-1,-1,1,0,90.0,0
2130,26736,26734795,11103,250,-1,-1,1,0,90.0,0
2131,26747,26745897,11102,250,-1,-1,1,0,90.1,0
2132,26758,26757006,11109,250,-1,-1,1,0,90.1,0
2133,26769,26768116,11110,250,-1,-1,1,0,90.1,0
2134,26780,26779227,11111,250,-1,-1,1,0,90.1,1
2135,26791,26790347,11120,250,-1,-1,1,0,90.1,0
2136,26802,26801446,11099,250,-1,-1,1,0,90.2,0
2137,26813,26812563,11117,250,-1,-1,1,0,90.2,0
2138,26825,26823671,11108,250,-1,-1,1,0,90.0,0
2139,26836,26834778,11107,250,-1,-1,1,0,90.0,0
2140,26847,26845882,11104,250,-1,-1,1,0,90.1,0
2141,26858,26856991,11109,250,-1,-1,1,0,90.1,0
2142,26869,26868100,11109,250,-1,-1,1,0,90.1,0
2143,26880,26879210,11110,250,-1,-1,1,0,90.1,1
2144,26891,26890332,11122,250,-1,-1,1,0,90.1,0
2145,26902,26901429,11097,250,-1,-1,1,0,90.1,0
2146,26914,26912545,11116,250,-1,-1,1,0,90.0,0
2147,26924,26923656,11111,250,-1,-1,1,0,90.2,0
2148,26936,26934758,11102,250,-1,-1,1,0,90.0,0
2149,26947,26945865,11107,250,-1,-1,1,0,90.0,0
2150,26958,26956970,11105,250,-1,-1,1,0,90.1,0
2151,26969,26968083,11113,250,-1,-1,1,0,90.1,0
2152,26980,26979191,11108,250,-1,-1,1,0,90.1,1
2153,26991,26990317,11126,250,-1,-1,1,0,90.1,0
2154,27002,27001414,11097,250,-1,-1,1,0,90.1,0
2155,27013,27012533,11119,250,-1,-1,1,0,90.1,0
2156,27025,27023637,11104,250,-1,-1,1,0,90.0,0
2157,27036,27034742,11105,250,-1,-1,1,0,90.0,0
2158,27047,27045847,11105,250,-1,-1,1,0,90.0,0
2159,27058,27056954,11107,250,-1,-1,1,0,90.1,0
2160,27115,27068063,11109,250,-1,-1,1,0,84.9,0
2161,27115,27112496,44433,250,-1,-1,1,0,86.1,1
2162,27124,27123628,11132,250,-1,-1,1,0,86.4,0
2163,27136,27134718,11090,250,-1,-1,1,0,86.4,0
2164,27147,27145837,11119,250,-1,-1,1,0,86.4,0
2165,27158,27156950,11113,250,-1,-1,1,0,86.5,0
2166,27169,27168052,11102,250,-1,-1,1,0,86.5,0
2167,27180,27179167,11115,250,-1,-1,1,0,86.6,0
2168,27191,27190271,11104,250,-1,-1,1,0,86.7,0
2169,27202,27201372,11101,250,-1,-1,1,0,86.7,0
2170,27213,27212487,11115,250,-1,-1,1,0,86.8,1
2171,27224,27223613,11126,250,-1,-1,1,0,86.8,0
2172,27236,27234710,11097,250,-1,-1,1,0,86.8,0
2173,27247,27245822,11112,250,-1,-1,1,0,86.8,0
2174,27258,27256935,11113,250,-1,-1,1,0,86.9,0
2175,27269,27268038,11103,250,-1,-1,1,0,86.9,0
2176,27280,27279138,11100,250,-1,-1,1,0,87.0,0
2177,27291,27290249,11111,250,-1,-1,1,0,87.0,0
2178,27302,27301356,11107,250,-1,-1,1,0,87.0,0
2179,27313,27312465,11109,250,-1,-1,1,0,87.1,1
2180,27353,27345801,33336,250,-1,-1,1,0,26.3,0
2181,27358,27356913,11112,250,-1,-1,1,0,46.5,0
2182,27369,27368023,11110,250,-1,-1,1,0,55.6,0
2183,27380,27379130,11107,250,-1,-1,1,0,61.5,0
2184,27391,27390233,11103,250,-1,-1,1,0,65.8,0
2185,27402,27401338,11105,250,-1,-1,1,0,69.0,0
2186,27413,27412452,11114,250,-1,-1,1,0,71.4,0
2187,27424,27423558,11106,250,-1,-1,1,0,73.4,0
2188,27435,27434668,11110,250,-1,-1,1,0,75.0,1
2189,27447,27445788,11120,250,-1,-1,1,0,75.8,0
2190,27458,27456891,11103,250,-1,-1,1,0,76.9,0
2191,27469,27468008,11117,250,-1,-1,1,0,77.9,0
2192,27480,27479116,11108,250,-1,-1,1,0,78.3,0
2193,27491,27490221,11105,250,-1,-1,1,0,79.5,0
2194,27502,27501326,11105,250,-1,-1,1,0,80.2,0
2195,27513,27512432,11106,250,-1,-1,1,0,80.8,0
2196,27524,27523543,11111,250,-1,-1,1,0,81.3,0
2197,27535,27534652,11109,250,-1,-1,1,0,81.8,1
2198,27547,27545772,11120,250,-1,-1,1,0,81.9,0
2199,27558,27556874,11102,250,-1,-1,1,0,82.3,0
2200,27569,27567990,11116,250,-1,-1,1,0,82.7,0
2201,27580,27579100,11110,250,-1,-1,1,0,83.0,0
2202,27591,27590204,11104,250,-1,-1,1,0,83.3,0
2203,27602,27601303,11099,250,-1,-1,1,0,83.6,0
2204,27613,27612422,11119,250,-1,-1,1,0,83.9,0
2205,27624,27623523,11101,250,-1,-1,1,0,84.1,0
2206,27635,27634635,11112,250,-1,-1,1,0,84.4,1
2207,27647,27645757,11122,250,-1,-1,1,0,84.3,0
2208,27658,27656859,11102,250,-1,-1,1,0,84.5,0
2209,27669,27667970,11111,250,-1,-1,1,0,84.7,0
2210,27680,27679082,11112,250,-1,-1,1,0,84.9,0
2211,27691,27690183,11101,250,-1,-1,1,0,85.1,0
2212,27702,27701291,11108,250,-1,-1,1,0,85.3,0
2213,27713,27712403,11112,250,-1,-1,1,0,85.4,0
2214,27724,27723518,11115,250,-1,-1,1,0,85.6,0
2215,27736,27734615,11097,250,-1,-1,1,0,85.5,1
2216,27747,27745746,11131,250,-1,-1,1,0,85.6,0
2217,27758,27756840,11094,250,-1,-1,1,0,85.8,0
2218,27769,27767958,11118,250,-1,-1,1,0,85.9,0
2219,27780,27779065,11107,250,-1,-1,1,0,86.0,0
2220,27791,27790172,11107,250,-1,-1,1,0,86.1,0
2221,27802,27801275,11103,250,-1,-1,1,0,86.2,0
2222,27813,27812382,11107,250,-1,-1,1,0,86.3,0
2223,27824,27823487,11105,250,-1,-1,1,0,86.4,0
2224,27835,27834602,11115,250,-1,-1,1,0,86.5,1
2225,27847,27845727,11125,250,-1,-1,1,0,86.5,0
2226,27858,27856826,11099,250,-1,-1,1,0,86.6,0
2227,27869,27867938,11112,250,-1,-1,1,0,86.6,0
2228,27880,27879049,11111,250,-1,-1,1,0,86.7,0
2229,27891,27890151,11102,250,-1,-1,1,0,86.8,0
2230,27902,27901255,11104,250,-1,-1,1,0,86.9,0
2231,27913,27912376,11121,250,-1,-1,1,0,87.0,0
2232,27924,27923477,11101,250,-1,-1,1,0,87.0,0
2233,27935,27934581,11104,250,-1,-1,1,0,87.1,1
2234,27947,27945707,11126,250,-1,-1,1,0,87.0,0
2235,27958,27956806,11099,250,-1,-1,1,0,87.1,0
2236,27969,27967923,11117,250,-1,-1,1,0,87.2,0
2237,27980,27979031,11108,250,-1,-1,1,0,87.2,0
2238,27991,27990141,11110,250,-1,-1,1,0,87.3,0
2239,28002,28001238,11097,250,-1,-1,1,0,87.3,0
2240,28013,28012348,11110,250,-1,-1,1,0,87.4,0
2241,28024,28023457,11109,250,-1,-1,1,0,87.4,0
2242,28035,28034566,11109,250,-1,-1,1,0,87.5,1
2243,28047,28045691,11125,250,-1,-1,1,0,87.4,0
2244,28058,28056788,11097,250,-1,-1,1,0,87.5,0
2245,28069,28067905,11117,250,-1,-1,1,0,87.5,0
2246,28080,28079012,11107,250,-1,-1,1,0,87.6,0
2247,28091,28090116,11104,250,-1,-1,1,0,87.6,0
2248,28102,28101222,11106,250,-1,-1,1,0,87.7,0
2249,28113,28112326,11104,250,-1,-1,1,0,87.7,0
2250,28174,28123438,11112,250,-1,-1,1,0,82.7,0
2251,28174,28167868,44430,250,-1,-1,1,0,83.8,1
2252,28180,28179014,11146,250,-1,-1,1,0,84.4,0
2253,28193,28190100,11086,250,-1,-1,1,0,84.3,0
2254,28203,28201215,11115,250,-1,-1,1,0,84.5,0
2255,28213,28212325,11110,250,-1,-1,1,0,84.6,0
2256,28224,28223430,11105,250,-1,-1,1,0,84.7,0
2257,28235,28234549,11119,250,-1,-1,1,0,84.8,0
2258,28246,28245652,11103,250,-1,-1,1,0,84.9,0
2259,28258,28256758,11106,250,-1,-1,1,0,84.8,0
2260,28269,28267860,11102,250,-1,-1,1,0,84.9,1
2261,28280,28278985,11125,250,-1,-1,1,0,85.0,0
2262,28291,28290081,11096,250,-1,-1,1,0,85.0,0
2263,28302,28301200,11119,250,-1,-1,1,0,85.1,0
2264,28313,28312305,11105,250,-1,-1,1,0,85.2,0
2265,28324,28323415,11110,250,-1,-1,1,0,85.2,0
2266,28335,28334522,11107,250,-1,-1,1,0,90.9,0
2267,28346,28345623,11101,250,-1,-1,1,0,90.9,0
2268,28358,28356733,11110,250,-1,-1,1,0,88.2,0
2269,28369,28367841,11108,250,-1,-1,1,0,88.9,1
2270,28380,28378966,11125,250,-1,-1,1,0,89.3,0
2271,28391,28390067,11101,250,-1,-1,1,0,89.6,0
2272,28402,28401184,11117,250,-1,-1,1,0,89.7,0
2273,28414,28412289,11105,250,-1,-1,1,0,88.9,0
2274,28424,28423393,11104,250,-1,-1,1,0,90.0,0
2275,28435,28434497,11104,250,-1,-1,1,0,90.1,0
2276,28447,28445606,11109,250,-1,-1,1,0,89.4,0
2277,28458,28456720,11114,250,-1,-1,1,0,89.6,0
2278,28469,28467822,11102,250,-1,-1,1,0,89.7,1
2279,28480,28478948,11126,250,-1,-1,1,0,89.7,0
2280,28491,28490046,11098,250,-1,-1,1,0,89.8,0
2281,28502,28501162,11116,250,-1,-1,1,0,89.9,0
2282,28514,28512272,11110,250,-1,-1,1,0,89.5,0
2283,28524,28523375,11103,250,-1,-1,1,0,90.0,0
2284,28535,28534482,11107,250,-1,-1,1,0,90.0,0
2285,28546,28545591,11109,250,-1,-1,1,0,90.1,0
2286,28557,28556700,11109,250,-1,-1,1,0,90.1,0
2287,28569,28567804,11104,250,-1,-1,1,0,89.8,1
2288,28580,28578931,11127,250,-1,-1,1,0,89.8,0
2289,28591,28590034,11103,250,-1,-1,1,0,89.9,0
2290,28602,28601146,11112,250,-1,-1,1,0,89.9,0
2291,28614,28612255,11109,250,-1,-1,1,0,89.7,0
2292,28624,28623360,11105,250,-1,-1,1,0,90.0,0
2293,28635,28634461,11101,250,-1,-1,1,0,90.0,0
2294,28646,28645574,11113,250,-1,-1,1,0,90.1,0
2295,28657,28656681,11107,250,-1,-1,1,0,90.1,0
2296,28669,28667790,11109,250,-1,-1,1,0,89.9,1
2297,28680,28678919,11129,250,-1,-1,1,0,89.9,0
2298,28691,28690014,11095,250,-1,-1,1,0,89.9,0
2299,28702,28701131,11117,250,-1,-1,1,0,89.9,0
2300,28714,28712236,11105,250,-1,-1,1,0,89.7,0
2301,28724,28723346,11110,250,-1,-1,1,0,90.0,0
2302,28735,28734443,11097,250,-1,-1,1,0,90.0,0
2303,28746,28745554,11111,250,-1,-1,1,0,90.0,0
2304,28758,28756662,11108,250,-1,-1,1,0,89.9,0
2305,28769,28767777,11115,250,-1,-1,1,0,89.9,1
2306,28780,28778897,11120,250,-1,-1,1,0,89.9,0
2307,28791,28789999,11102,250,-1,-1,1,0,89.9,0
2308,28802,28801114,11115,250,-1,-1,1,0,90.0,0
2309,28813,28812225,11111,250,-1,-1,1,0,90.0,0
2310,28824,28823325,11100,250,-1,-1,1,0,90.0,0
2311,28835,28834429,11104,250,-1,-1,1,0,90.0,0
2312,28846,28845536,11107,250,-1,-1,1,0,90.0,0
2313,28857,28856651,11115,250,-1,-1,1,0,90.1,0
2314,28869,28867755,11104,250,-1,-1,1,0,89.9,1
2315,28880,28878883,11128,250,-1,-1,1,0,89.9,0
2316,28891,28889978,11095,250,-1,-1,1,0,89.9,0
2317,28902,28901097,11119,250,-1,-1,1,0,90.0,0
2318,28914,28912208,11111,250,-1,-1,1,0,89.8,0
2319,28924,28923310,11102,250,-1,-1,1,0,90.0,0
2320,28935,28934413,11103,250,-1,-1,1,0,90.0,0
2321,28946,28945526,11113,250,-1,-1,1,0,90.0,0
2322,28957,28956633,11107,250,-1,-1,1,0,90.0,0
2323,28969,28967740,11107,250,-1,-1,1,0,89.9,1
2324,28980,28978862,11122,250,-1,-1,1,0,89.9,0
2325,28991,28989961,11099,250,-1,-1,1,0,90.0,0
2326,29002,29001079,11118,250,-1,-1,1,0,90.0,0
2327,29014,29012188,11109,250,-1,-1,1,0,89.9,0
2328,29024,29023291,11103,250,-1,-1,1,0,90.0,0
2329,29035,29034392,11101,250,-1,-1,1,0,90.0,0
2330,29046,29045504,11112,250,-1,-1,1,0,90.0,0
2331,29057,29056611,11107,250,-1,-1,1,0,90.0,0
2332,29069,29067722,11111,250,-1,-1,1,0,89.9,1
2333,29080,29078851,11129,250,-1,-1,1,0,89.9,0
2334,29091,29089950,11099,250,-1,-1,1,0,90.0,0
2335,29102,29101064,11114,250,-1,-1,1,0,90.0,0
2336,29113,29112174,11110,250,-1,-1,1,0,90.0,0
2337,29124,29123277,11103,250,-1,-1,1,0,90.0,0
2338,29135,29134378,11101,250,-1,-1,1,0,90.0,0
2339,29146,29145491,11113,250,-1,-1,1,0,90.0,0
2340,29211,29156599,11108,250,-1,-1,1,0,84.6,0
2341,29211,29201031,44432,250,-1,-1,1,0,85.7,1
2342,29215,29212138,11107,250,-1,-1,1,0,86.4,0
2343,29224,29223269,11131,250,-1,-1,1,0,86.7,0
2344,29235,29234367,11098,250,-1,-1,1,0,86.7,0
2345,29247,29245483,11116,250,-1,-1,1,0,86.7,0
2346,29257,29256594,11111,250,-1,-1,1,0,86.8,0
2347,29269,29267692,11098,250,-1,-1,1,0,86.8,0
2348,29280,29278804,11112,250,-1,-1,1,0,86.8,0
2349,29291,29289914,11110,250,-1,-1,1,0,86.9,0
2350,29302,29301020,11106,250,-1,-1,1,0,86.9,1
2351,29313,29312146,11126,250,-1,-1,1,0,87.0,0
2352,29324,29323239,11093,250,-1,-1,1,0,87.0,0
2353,29343,29334355,11116,250,-1,-1,1,0,52.6,0
2354,29346,29345459,11104,250,-1,-1,1,0,90.9,0
2355,29357,29356570,11111,250,-1,-1,1,0,90.9,0
2356,29368,29367672,11102,250,-1,-1,1,0,90.9,0
2357,29380,29378780,11108,250,-1,-1,1,0,89.3,0
2358,29391,29389892,11112,250,-1,-1,1,0,89.6,0
2359,29402,29400997,11105,250,-1,-1,1,0,89.7,1
2360,29413,29412127,11130,250,-1,-1,1,0,89.9,0
2361,29424,29423224,11097,250,-1,-1,1,0,90.0,0
2362,29435,29434337,11113,250,-1,-1,1,0,90.1,0
2363,29446,29445445,11108,250,-1,-1,1,0,90.2,0
2364,29457,29456557,11112,250,-1,-1,1,0,90.2,0
2365,29469,29467652,11095,250,-1,-1,1,0,89.7,0
2366,29480,29478767,11115,250,-1,-1,1,0,89.7,0
2367,29491,29489873,11106,250,-1,-1,1,0,89.8,0
2368,29502,29500985,11112,250,-1,-1,1,0,89.9,1
2369,29513,29512112,11127,250,-1,-1,1,0,89.9,0
2370,29524,29523209,11097,250,-1,-1,1,0,90.0,0
2371,29535,29534321,11112,250,-1,-1,1,0,90.0,0
2372,29546,29545433,11112,250,-1,-1,1,0,90.1,0
2373,29558,29556536,11103,250,-1,-1,1,0,89.7,0
2374,29568,29567639,11103,250,-1,-1,1,0,90.2,0
2375,29580,29578746,11107,250,-1,-1,1,0,89.8,0
2376,29591,29589855,11109,250,-1,-1,1,0,89.9,0
2377,29602,29600961,11106,250,-1,-1,1,0,89.9,1
2378,29613,29612083,11122,250,-1,-1,1,0,90.0,0
2379,29624,29623190,11107,250,-1,-1,1,0,90.0,0
2380,29635,29634307,11117,250,-1,-1,1,0,90.0,0
2381,29647,29645413,11106,250,-1,-1,1,0,89.8,0
2382,29657,29656520,11107,250,-1,-1,1,0,90.1,0
2383,29668,29667620,11100,250,-1,-1,1,0,90.1,0
2384,29680,29678731,11111,250,-1,-1,1,0,89.9,0
2385,29691,29689839,11108,250,-1,-1,1,0,89.9,0
2386,29702,29700950,11111,250,-1,-1,1,0,89.9,1
2387,29713,29712075,11125,250,-1,-1,1,0,90.0,0
2388,29724,29723177,11102,250,-1,-1,1,0,90.0,0
2389,29735,29734288,11111,250,-1,-1,1,0,90.0,0
2390,29747,29745401,11113,250,-1,-1,1,0,89.8,0
2391,29757,29756501,11100,250,-1,-1,1,0,90.1,0
2392,29768,29767606,11105,250,-1,-1,1,0,90.1,0
2393,29780,29778713,11107,250,-1,-1,1,0,89.9,0
2394,29791,29789822,11109,250,-1,-1,1,0,89.9,0
2395,29802,29800931,11109,250,-1,-1,1,0,90.0,1
2396,29813,29812058,11127,250,-1,-1,1,0,90.0,0
2397,29824,29823152,11094,250,-1,-1,1,0,90.0,0
2398,29835,29834271,11119,250,-1,-1,1,0,90.0,0
2399,29847,29845378,11107,250,-1,-1,1,0,89.9,0
2400,29857,29856483,11105,250,-1,-1,1,0,90.1,0
2401,29869,29867584,11101,250,-1,-1,1,0,89.9,0
2402,29880,29878696,11112,250,-1,-1,1,0,89.9,0
2403,29891,29889804,11108,250,-1,-1,1,0,89.9,0
2404,29902,29900913,11109,250,-1,-1,1,0,90.0,1
2405,29913,29912044,11131,250,-1,-1,1,0,90.0,0
2406,29924,29923142,11098,250,-1,-1,1,0,90.0,0
2407,29935,29934255,11113,250,-1,-1,1,0,90.0,0
2408,29946,29945364,11109,250,-1,-1,1,0,90.0,0
2409,29957,29956468,11104,250,-1,-1,1,0,90.0,0
2410,29968,29967570,11102,250,-1,-1,1,0,90.1,0
2411,29979,29978681,11111,250,-1,-1,1,0,90.1,0
2412,29991,29989788,11107,250,-1,-1,1,0,90.0,0
2413,30002,30000894,11106,250,-1,-1,1,0,90.0,1
2414,30013,30012023,11129,250,-1,-1,1,0,90.0,0
2415,30024,30023122,11099,250,-1,-1,1,0,90.0,0
2416,30035,30034237,11115,250,-1,-1,1,0,90.0,0
2417,30047,30045345,11108,250,-1,-1,1,0,89.9,0
2418,30057,30056453,11108,250,-1,-1,1,0,90.0,0
2419,30068,30067554,11101,250,-1,-1,1,0,90.1,0
2420,30079,30078663,11109,250,-1,-1,1,0,90.1,0
2421,30091,30089771,11108,250,-1,-1,1,0,90.0,0
2422,30102,30100881,11110,250,-1,-1,1,0,90.0,1
2423,30113,30112005,11124,250,-1,-1,1,0,90.0,0
2424,30124,30123102,11097,250,-1,-1,1,0,90.0,0
2425,30135,30134216,11114,250,-1,-1,1,0,90.0,0
2426,30147,30145331,11115,250,-1,-1,1,0,89.9,0
2427,30157,30156429,11098,250,-1,-1,1,0,90.0,0
2428,30168,30167536,11107,250,-1,-1,1,0,90.0,0
2429,30180,30178644,11108,250,-1,-1,1,0,90.0,0
2430,30251,30189754,11110,250,-1,-1,1,0,84.1,0
2431,30251,30245294,55540,250,-1,-1,1,0,85.2,1
2432,30257,30256437,11143,250,-1,-1,1,0,85.7,0
2433,30269,30267521,11084,250,-1,-1,1,0,85.7,0
2434,30279,30278630,11109,250,-1,-1,1,0,85.9,0
2435,30291,30289750,11120,250,-1,-1,1,0,85.8,0
2436,30302,30300855,11105,250,-1,-1,1,0,85.9,0
2437,30313,30311966,11111,250,-1,-1,1,0,85.9,0
2438,30324,30323078,11112,250,-1,-1,1,0,86.0,0
2439,30335,30334185,11107,250,-1,-1,1,0,90.9,0
2440,30346,30345284,11099,250,-1,-1,1,0,90.9,1
2441,30357,30356409,11125,250,-1,-1,1,0,90.9,0
2442,30368,30367507,11098,250,-1,-1,1,0,90.9,0
2443,30379,30378621,11114,250,-1,-1,1,0,90.9,0
2444,30391,30389732,11111,250,-1,-1,1,0,89.6,0
2445,30402,30400832,11100,250,-1,-1,1,0,89.7,0
2446,30413,30411943,11111,250,-1,-1,1,0,89.9,0
2447,30424,30423047,11104,250,-1,-1,1,0,90.0,0
2448,30435,30434154,11107,250,-1,-1,1,0,90.1,0
2449,30446,30445265,11111,250,-1,-1,1,0,90.2,1
2450,30457,30456387,11122,250,-1,-1,1,0,90.2,0
2451,30468,30467488,11101,250,-1,-1,1,0,90.3,0
2452,30479,30478605,11117,250,-1,-1,1,0,90.3,0
2453,30491,30489715,11110,250,-1,-1,1,0,89.8,0
2454,30502,30500819,11104,250,-1,-1,1,0,89.9,0
2455,30513,30511922,11103,250,-1,-1,1,0,89.9,0
2456,30524,30523031,11109,250,-1,-1,1,0,90.0,0
2457,30535,30534135,11104,250,-1,-1,1,0,90.0,0
2458,30546,30545251,11116,250,-1,-1,1,0,90.1,1
2459,30557,30556376,11125,250,-1,-1,1,0,90.1,0
2460,30568,30567474,11098,250,-1,-1,1,0,90.2,0
2461,30580,30578591,11117,250,-1,-1,1,0,89.8,0
2462,30591,30589699,11108,250,-1,-1,1,0,89.9,0
2463,30602,30600802,11103,250,-1,-1,1,0,89.9,0
2464,30613,30611903,11101,250,-1,-1,1,0,90.0,0
2465,30624,30623011,11108,250,-1,-1,1,0,90.0,0
2466,30635,30634121,11110,250,-1,-1,1,0,90.0,0
2467,30646,30645228,11107,250,-1,-1,1,0,90.1,1
2468,30657,30656355,11127,250,-1,-1,1,0,90.1,0
2469,30669,30667453,11098,250,-1,-1,1,0,89.9,0
2470,30679,30678575,11122,250,-1,-1,1,0,90.1,0
2471,30691,30689678,11103,250,-1,-1,1,0,89.9,0
2472,30702,30700784,11106,250,-1,-1,1,0,89.9,0
2473,30713,30711886,11102,250,-1,-1,1,0,90.0,0
2474,30724,30722998,11112,250,-1,-1,1,0,90.0,0
2475,30735,30734105,11107,250,-1,-1,1,0,90.0,0
2476,30746,30745213,11108,250,-1,-1,1,0,90.0,1
2477,30757,30756340,11127,250,-1,-1,1,0,90.1,0
2478,30768,30767444,11104,250,-1,-1,1,0,90.1,0
2479,30779,30778555,11111,250,-1,-1,1,0,90.1,0
2480,30790,30789663,11108,250,-1,-1,1,0,90.1,0
2481,30802,30800767,11104,250,-1,-1,1,0,90.0,0
2482,30813,30811872,11105,250,-1,-1,1,0,90.0,0
2483,30824,30822980,11108,250,-1,-1,1,0,90.0,0
2484,30835,30834089,11109,250,-1,-1,1,0,90.0,0
2485,30846,30845199,11110,250,-1,-1,1,0,90.0,1
2486,30857,30856318,11119,250,-1,-1,1,0,90.1,0
2487,30868,30867421,11103,250,-1,-1,1,0,90.1,0
2488,30879,30878538,11117,250,-1,-1,1,0,90.1,0
2489,30891,30889645,11107,250,-1,-1,1,0,89.9,0
2490,30902,30900752,11107,250,-1,-1,1,0,90.0,0
2491,30913,30911856,11104,250,-1,-1,1,0,90.0,0
2492,30924,30922964,11108,250,-1,-1,1,0,90.0,0
2493,30935,30934074,11110,250,-1,-1,1,0,90.0,0
2494,30946,30945184,11110,250,-1,-1,1,0,90.0,1
2495,30957,30956309,11125,250,-1,-1,1,0,90.0,0
2496,30968,30967408,11099,250,-1,-1,1,0,90.1,0
2497,30980,30978519,11111,250,-1,-1,1,0,89.9,0
2498,30991,30989628,11109,250,-1,-1,1,0,90.0,0
2499,31002,31000730,11102,250,-1,-1,1,0,90.0,0
2500,31013,31011839,11109,250,-1,-1,1,0,90.0,0
2501,31024,31022940,11101,250,-1,-1,1,0,90.0,0
2502,31035,31034056,11116,250,-1,-1,1,0,90.0,0
2503,31046,31045160,11104,250,-1,-1,1,0,90.0,1
2504,31057,31056290,11130,250,-1,-1,1,0,90.0,0
2505,31068,31067391,11101,250,-1,-1,1,0,90.1,0
2506,31079,31078505,11114,250,-1,-1,1,0,90.1,0
2507,31091,31089610,11105,250,-1,-1,1,0,90.0,0
2508,31102,31100717,11107,250,-1,-1,1,0,90.0,0
2509,31113,31111817,11100,250,-1,-1,1,0,90.0,0
2510,31124,31122929,11112,250,-1,-1,1,0,90.0,0
2511,31135,31134039,11110,250,-1,-1,1,0,90.0,0
2512,31146,31145146,11107,250,-1,-1,1,0,90.0,1
2513,31157,31156272,11126,250,-1,-1,1,0,90.0,0
2514,31168,31167376,11104,250,-1,-1,1,0,90.0,0
2515,31179,31178488,11112,250,-1,-1,1,0,90.1,0
2516,31191,31189596,11108,250,-1,-1,1,0,90.0,0
2517,31202,31200700,11104,250,-1,-1,1,0,90.0,0
2518,31213,31211804,11104,250,-1,-1,1,0,90.0,0
2519,31224,31222908,11104,250,-1,-1,1,0,90.0,0
2520,31335,31234021,11113,250,-1,-1,1,0,81.1,0
2521,31349,31345122,111101,250,-1,-1,1,0,71.4,1
2522,31357,31356235,11113,250,-1,-1,1,0,90.9,0
2523,31368,31367334,11099,250,-1,-1,1,0,90.9,0
2524,31380,31378449,11115,250,-1,-1,1,0,88.9,0
2525,31390,31389560,11111,250,-1,-1,1,0,90.9,0
2526,31401,31400673,11113,250,-1,-1,1,0,90.9,0
2527,31413,31411768,11095,250,-1,-1,1,0,89.7,0
2528,31424,31422874,11106,250,-1,-1,1,0,89.9,0
2529,31435,31433992,11118,250,-1,-1,1,0,90.0,0
2530,31446,31445095,11103,250,-1,-1,1,0,90.1,1
2531,31457,31456224,11129,250,-1,-1,1,0,90.2,0
2532,31468,31467320,11096,250,-1,-1,1,0,90.2,0
2533,31479,31478435,11115,250,-1,-1,1,0,90.3,0
2534,31490,31489541,11106,250,-1,-1,1,0,90.3,0
2535,31501,31500650,11109,250,-1,-1,1,0,90.4,0
2536,31513,31511748,11098,250,-1,-1,1,0,89.9,0
2537,31524,31522861,11113,250,-1,-1,1,0,89.9,0
2538,31535,31533968,11107,250,-1,-1,1,0,90.0,0
2539,31546,31545076,11108,250,-1,-1,1,0,90.0,1
2540,31557,31556205,11129,250,-1,-1,1,0,90.1,0
2541,31568,31567304,11099,250,-1,-1,1,0,90.1,0
2542,31579,31578419,11115,250,-1,-1,1,0,90.2,0
2543,31591,31589529,11110,250,-1,-1,1,0,89.8,0
2544,31602,31600626,11097,250,-1,-1,1,0,89.9,0
2545,31613,31611736,11110,250,-1,-1,1,0,89.9,0
2546,31624,31622843,11107,250,-1,-1,1,0,90.0,0
2547,31635,31633955,11112,250,-1,-1,1,0,90.0,0
2548,31646,31645061,11106,250,-1,-1,1,0,90.0,1
2549,31657,31656185,11124,250,-1,-1,1,0,90.1,0
2550,31668,31667282,11097,250,-1,-1,1,0,90.1,0
2551,31679,31678401,11119,250,-1,-1,1,0,90.1,0
2552,31691,31689509,11108,250,-1,-1,1,0,89.9,0
2553,31701,31700616,11107,250,-1,-1,1,0,90.2,0
2554,31713,31711716,11100,250,-1,-1,1,0,89.9,0
2555,31724,31722827,11111,250,-1,-1,1,0,90.0,0
2556,31735,31733937,11110,250,-1,-1,1,0,90.0,0
2557,31746,31745044,11107,250,-1,-1,1,0,90.0,1
2558,31757,31756168,11124,250,-1,-1,1,0,90.0,0
2559,31768,31767270,11102,250,-1,-1,1,0,90.1,0
2560,31779,31778383,11113,250,-1,-1,1,0,90.1,0
2561,31790,31789493,11110,250,-1,-1,1,0,90.1,0
2562,31801,31800598,11105,250,-1,-1,1,0,90.1,0
2563,31812,31811698,11100,250,-1,-1,1,0,90.1,0
2564,31824,31822807,11109,250,-1,-1,1,0,90.0,0
2565,31835,31833920,11113,250,-1,-1,1,0,90.0,0
2566,31846,31845024,11104,250,-1,-1,1,0,90.0,1
2567,31857,31856152,11128,250,-1,-1,1,0,90.0,0
2568,31868,31867249,11097,250,-1,-1,1,0,90.1,0
2569,31879,31878370,11121,250,-1,-1,1,0,90.1,0
2570,31890,31889475,11105,250,-1,-1,1,0,90.1,0
2571,31901,31900584,11109,250,-1,-1,1,0,90.1,0
2572,31913,31911682,11098,250,-1,-1,1,0,90.0,0
2573,31924,31922799,11117,250,-1,-1,1,0,90.0,0
2574,31935,31933900,11101,250,-1,-1,1,0,90.0,0
2575,31946,31945009,11109,250,-1,-1,1,0,90.0,1
2576,31957,31956137,11128,250,-1,-1,1,0,90.0,0
2577,31968,31967233,11096,250,-1,-1,1,0,90.0,0
2578,31979,31978349,11116,250,-1,-1,1,0,90.1,0
2579,31990,31989460,11111,250,-1,-1,1,0,90.1,0
2580,32002,32000561,11101,250,-1,-1,1,0,90.0,0
2581,32012,32011666,11105,250,-1,-1,1,0,90.1,0
2582,32024,32022777,11111,250,-1,-1,1,0,90.0,0
2583,32035,32033884,11107,250,-1,-1,1,0,90.0,0
2584,32046,32044992,11108,250,-1,-1,1,0,90.0,1
2585,32057,32056118,11126,250,-1,-1,1,0,90.0,0
2586,32068,32067217,11099,250,-1,-1,1,0,90.0,0
2587,32079,32078332,11115,250,-1,-1,1,0,90.1,0
2588,32091,32089442,11110,250,-1,-1,1,0,89.9,0
2589,32101,32100547,11105,250,-1,-1,1,0,90.1,0
2590,32112,32111648,11101,250,-1,-1,1,0,90.1,0
2591,32124,32122758,11110,250,-1,-1,1,0,90.0,0
2592,32135,32133871,11113,250,-1,-1,1,0,90.0,0
2593,32146,32144976,11105,250,-1,-1,1,0,90.0,1
2594,32157,32156102,11126,250,-1,-1,1,0,90.0,0
2595,32168,32167202,11100,250,-1,-1,1,0,90.0,0
2596,32179,32178315,11113,250,-1,-1,1,0,90.0,0
2597,32190,32189430,11115,250,-1,-1,1,0,90.1,0
2598,32203,32200531,11101,250,-1,-1,1,0,89.9,0
2599,32212,32211644,11113,250,-1,-1,1,0,90.1,0
2600,32224,32222743,11099,250,-1,-1,1,0,90.0,0
2601,32235,32233852,11109,250,-1,-1,1,0,90.0,0
2602,32246,32244957,11105,250,-1,-1,1,0,90.0,1
2603,32257,32256081,11124,250,-1,-1,1,0,90.0,0
2604,32268,32267185,11104,250,-1,-1,1,0,90.0,0
2605,32279,32278298,11113,250,-1,-1,1,0,90.0,0
2606,32290,32289409,11111,250,-1,-1,1,0,90.1,0
2607,32301,32300514,11105,250,-1,-1,1,0,90.1,0
2608,32313,32311615,11101,250,-1,-1,1,0,90.0,0
2609,32324,32322723,11108,250,-1,-1,1,0,90.0,0
2610,32398,32333842,11119,250,-1,-1,1,0,84.7,0
2611,32431,32422708,88866,250,-1,-1,1,0,30.3,1
2612,32435,32433820,11112,250,-1,-1,1,0,54.1,0
2613,32446,32444938,11118,250,-1,-1,1,0,62.5,0
2614,32457,32456048,11110,250,-1,-1,1,0,67.8,0
2615,32468,32467153,11105,250,-1,-1,1,0,71.4,0
2616,32480,32478268,11115,250,-1,-1,1,0,73.2,0
2617,32490,32489367,11099,250,-1,-1,1,0,76.1,0
2618,32501,32500474,11107,250,-1,-1,1,0,77.7,0
2619,32512,32511578,11104,250,-1,-1,1,0,78.9,0
2620,32524,32522691,11113,250,-1,-1,1,0,79.4,1
2621,32535,32533814,11123,250,-1,-1,1,0,80.3,0
2622,32546,32544915,11101,250,-1,-1,1,0,81.1,0
2623,32557,32556027,11112,250,-1,-1,1,0,81.8,0
2624,32568,32567142,11115,250,-1,-1,1,0,82.4,0
2625,32579,32578241,11099,250,-1,-1,1,0,82.9,0
2626,32590,32589346,11105,250,-1,-1,1,0,83.3,0
2627,32601,32600457,11111,250,-1,-1,1,0,83.7,0
2628,32612,32611571,11114,250,-1,-1,1,0,84.1,0
2629,32624,32622674,11103,250,-1,-1,1,0,84.1,1
2630,32635,32633798,11124,250,-1,-1,1,0,84.4,0
2631,32646,32644896,11098,250,-1,-1,1,0,84.7,0
2632,32657,32656013,11117,250,-1,-1,1,0,84.9,0
2633,32668,32667120,11107,250,-1,-1,1,0,85.2,0
2634,32679,32678227,11107,250,-1,-1,1,0,85.4,0
2635,32690,32689327,11100,250,-1,-1,1,0,85.6,0
2636,32701,32700436,11109,250,-1,-1,1,0,85.8,0
2637,32713,32711544,11108,250,-1,-1,1,0,85.7,0
2638,32723,32722661,11117,250,-1,-1,1,0,86.2,1
2639,32735,32733775,11114,250,-1,-1,1,0,86.1,0
2640,32746,32744878,11103,250,-1,-1,1,0,86.2,0
2641,32757,32755993,11115,250,-1,-1,1,0,86.4,0
2642,32768,32767105,11112,250,-1,-1,1,0,86.5,0
2643,32779,32778211,11106,250,-1,-1,1,0,86.6,0
2644,32790,32789310,11099,250,-1,-1,1,0,86.7,0
2645,32802,32800425,11115,250,-1,-1,1,0,86.6,0
2646,32812,32811531,11106,250,-1,-1,1,0,87.0,0
2647,32823,32822640,11109,250,-1,-1,1,0,87.1,1
2648,32835,32833765,11125,250,-1,-1,1,0,87.0,0
2649,32846,32844867,11102,250,-1,-1,1,0,87.1,0
2650,32857,32855977,11110,250,-1,-1,1,0,87.1,0
2651,32868,32867087,11110,250,-1,-1,1,0,87.2,0
2652,32879,32878193,11106,250,-1,-1,1,0,87.3,0
2653,32890,32889295,11102,250,-1,-1,1,0,87.4,0
2654,32901,32900406,11111,250,-1,-1,1,0,87.5,0
2655,32912,32911512,11106,250,-1,-1,1,0,87.5,0
2656,32923,32922624,11112,250,-1,-1,1,0,87.6,1
2657,32935,32933743,11119,250,-1,-1,1,0,87.5,0
2658,32946,32944847,11104,250,-1,-1,1,0,87.6,0
2659,32957,32955960,11113,250,-1,-1,1,0,87.7,0
2660,32968,32967075,11115,250,-1,-1,1,0,87.7,0
2661,32979,32978175,11100,250,-1,-1,1,0,87.8,0
2662,32990,32989278,11103,250,-1,-1,1,0,87.8,0
2663,33001,33000389,11111,250,-1,-1,1,0,87.9,0
2664,33012,33011495,11106,250,-1,-1,1,0,87.9,0
2665,33024,33022602,11107,250,-1,-1,1,0,87.9,1
2666,33035,33033729,11127,250,-1,-1,1,0,87.9,0
2667,33046,33044828,11099,250,-1,-1,1,0,88.0,0
2668,33057,33055944,11116,250,-1,-1,1,0,88.0,0
2669,33068,33067054,11110,250,-1,-1,1,0,88.1,0
2670,33079,33078159,11105,250,-1,-1,1,0,88.1,0
2671,33090,33089262,11103,250,-1,-1,1,0,88.2,0
2672,33101,33100368,11106,250,-1,-1,1,0,88.2,0
2673,33113,33111478,11110,250,-1,-1,1,0,88.1,0
2674,33123,33122594,11116,250,-1,-1,1,0,88.3,1
2675,33135,33133716,11122,250,-1,-1,1,0,88.2,0
2676,33146,33144812,11096,250,-1,-1,1,0,88.2,0
2677,33157,33155922,11110,250,-1,-1,1,0,88.3,0
2678,33168,33167037,11115,250,-1,-1,1,0,88.3,0
2679,33179,33178138,11101,250,-1,-1,1,0,88.3,0
2680,33190,33189254,11116,250,-1,-1,1,0,88.4,0
2681,33202,33200351,11097,250,-1,-1,1,0,88.3,0
2682,33212,33211465,11114,250,-1,-1,1,0,88.5,0
2683,33223,33222576,11111,250,-1,-1,1,0,88.5,1
2684,33235,33233697,11121,250,-1,-1,1,0,88.4,0
2685,33246,33244793,11096,250,-1,-1,1,0,88.4,0
2686,33257,33255909,11116,250,-1,-1,1,0,88.5,0
2687,33268,33267018,11109,250,-1,-1,1,0,88.5,0
2688,33279,33278125,11107,250,-1,-1,1,0,88.5,0
2689,33290,33289223,11098,250,-1,-1,1,0,88.6,0
2690,33301,33300335,11112,250,-1,-1,1,0,88.6,0
2691,33312,33311447,11112,250,-1,-1,1,0,88.6,0
2692,33323,33322554,11107,250,-1,-1,1,0,88.6,1
2693,33335,33333679,11125,250,-1,-1,1,0,88.6,0
2694,33346,33344778,11099,250,-1,-1,1,0,88.6,0
2695,33357,33355894,11116,250,-1,-1,1,0,88.6,0
2696,33368,33367004,11110,250,-1,-1,1,0,88.7,0
2697,33379,33378106,11102,250,-1,-1,1,0,88.7,0
2698,33390,33389211,11105,250,-1,-1,1,0,88.7,0
2699,33401,33400318,11107,250,-1,-1,1,0,88.7,0
2700,33471,33411430,11112,250,-1,-1,1,0,14.3,0
2701,33471,33466969,55539,250,-1,-1,1,0,28.6,1
2702,33479,33478101,11132,250,-1,-1,1,0,38.5,0
2703,33490,33489194,11093,250,-1,-1,1,0,44.9,0
2704,33501,33500304,11110,250,-1,-1,1,0,50.0,0
2705,33513,33511417,11113,250,-1,-1,1,0,53.6,0
2706,33523,33522529,11112,250,-1,-1,1,0,57.4,0
2707,33534,33533643,11114,250,-1,-1,1,0,60.2,0
2708,33546,33544748,11105,250,-1,-1,1,0,62.1,0
2709,33557,33555856,11108,250,-1,-1,1,0,64.1,0
2710,33568,33566959,11103,250,-1,-1,1,0,65.9,1
2711,33579,33578085,11126,250,-1,-1,1,0,67.4,0
2712,33590,33589183,11098,250,-1,-1,1,0,68.8,0
2713,33601,33600298,11115,250,-1,-1,1,0,69.7,0
2714,33612,33611402,11104,250,-1,-1,1,0,71.1,0
2715,33623,33622510,11108,250,-1,-1,1,0,72.1,0
2716,33634,33633613,11103,250,-1,-1,1,0,73.0,0
2717,33646,33644722,11109,250,-1,-1,1,0,73.5,0
2718,33657,33655832,11110,250,-1,-1,1,0,74.2,0
2719,33668,33666942,11110,250,-1,-1,1,0,74.9,1
2720,33679,33678066,11124,250,-1,-1,1,0,75.5,0
2721,33690,33689162,11096,250,-1,-1,1,0,76.1,0
2722,33701,33700278,11116,250,-1,-1,1,0,76.7,0
2723,33712,33711384,11106,250,-1,-1,1,0,77.2,0
2724,33723,33722490,11106,250,-1,-1,1,0,77.6,0
2725,33735,33733591,11101,250,-1,-1,1,0,77.8,0
2726,33746,33744704,11113,250,-1,-1,1,0,78.3,0
2727,33757,33755815,11111,250,-1,-1,1,0,78.7,0
2728,33768,33766921,11106,250,-1,-1,1,0,79.0,1
2729,33779,33778050,11129,250,-1,-1,1,0,79.4,0
2730,33790,33789146,11096,250,-1,-1,1,0,79.7,0
2731,33801,33800261,11115,250,-1,-1,1,0,80.0,0
2732,33812,33811371,11110,250,-1,-1,1,0,80.3,0
2733,33824,33822473,11102,250,-1,-1,1,0,80.4,0
2734,33834,33833579,11106,250,-1,-1,1,0,80.8,0
2735,33845,33844686,11107,250,-1,-1,1,0,81.1,0
2736,33857,33855793,11107,250,-1,-1,1,0,81.1,0
2737,33868,33866900,11107,250,-1,-1,1,0,81.4,1
2738,33879,33878031,11131,250,-1,-1,1,0,81.6,0
2739,33890,33889129,11098,250,-1,-1,1,0,81.8,0
2740,33901,33900243,11114,250,-1,-1,1,0,82.0,0
2741,33913,33911351,11108,250,-1,-1,1,0,82.0,0
2742,33923,33922460,11109,250,-1,-1,1,0,82.4,0
2743,33934,33933563,11103,250,-1,-1,1,0,82.6,0
2744,33945,33944669,11106,250,-1,-1,1,0,82.7,0
2745,33957,33955775,11106,250,-1,-1,1,0,82.7,0
2746,33968,33966898,11123,250,-1,-1,1,0,82.9,1
2747,33979,33978018,11120,250,-1,-1,1,0,83.0,0
2748,33990,33989113,11095,250,-1,-1,1,0,83.2,0
2749,34001,34000269,11156,250,-1,-1,1,0,83.3,0
2750,34012,34011339,11070,250,-1,-1,1,0,83.5,0
2751,34023,34022440,11101,250,-1,-1,1,0,83.6,0
2752,34034,34033545,11105,250,-1,-1,1,0,83.7,0
2753,34046,34044656,11111,250,-1,-1,1,0,83.7,0
2754,34057,34055769,11113,250,-1,-1,1,0,83.8,0
2755,34068,34066868,11099,250,-1,-1,1,0,84.0,1
2756,34079,34077998,11130,250,-1,-1,1,0,84.1,0
2757,34090,34089094,11096,250,-1,-1,1,0,84.2,0
2758,34101,34100212,11118,250,-1,-1,1,0,84.3,0
2759,34112,34111317,11105,250,-1,-1,1,0,84.4,0
2760,34123,34122426,11109,250,-1,-1,1,0,84.5,0
2761,34135,34133523,11097,250,-1,-1,1,0,84.5,0
2762,34145,34144638,11115,250,-1,-1,1,0,84.7,0
2763,34157,34155743,11105,250,-1,-1,1,0,84.7,0
2764,34168,34166854,11111,250,-1,-1,1,0,84.7,1
2765,34179,34177981,11127,250,-1,-1,1,0,84.8,0
2766,34190,34189080,11099,250,-1,-1,1,0,84.9,0
2767,34201,34200198,11118,250,-1,-1,1,0,85.0,0
2768,34212,34211307,11109,250,-1,-1,1,0,85.1,0
2769,34224,34222409,11102,250,-1,-1,1,0,85.1,0
2770,34234,34233519,11110,250,-1,-1,1,0,85.2,0
2771,34245,34244619,11100,250,-1,-1,1,0,85.3,0
2772,34257,34255728,11109,250,-1,-1,1,0,85.3,0
2773,34268,34266837,11109,250,-1,-1,1,0,85.4,1
2774,34279,34277960,11123,250,-1,-1,1,0,85.4,0
2775,34290,34289061,11101,250,-1,-1,1,0,85.5,0
2776,34301,34300178,11117,250,-1,-1,1,0,85.6,0
2777,34312,34311285,11107,250,-1,-1,1,0,85.6,0
2778,34323,34322392,11107,250,-1,-1,1,0,85.7,0
2779,34334,34333492,11100,250,-1,-1,1,0,85.7,0
2780,34345,34344599,11107,250,-1,-1,1,0,85.8,0
2781,34357,34355714,11115,250,-1,-1,1,0,85.8,0
2782,34368,34366822,11108,250,-1,-1,1,0,85.8,1
2783,34379,34377944,11122,250,-1,-1,1,0,85.9,0
2784,34390,34389046,11102,250,-1,-1,1,0,85.9,0
2785,34401,34400157,11111,250,-1,-1,1,0,86.0,0
2786,34412,34411263,11106,250,-1,-1,1,0,90.9,0
2787,34423,34422374,11111,250,-1,-1,1,0,90.9,0
2788,34434,34433474,11100,250,-1,-1,1,0,90.9,0
2789,34446,34444582,11108,250,-1,-1,1,0,88.9,0
2790,34521,34455695,11113,250,-1,-1,1,0,41.7,0
2791,34521,34511237,55542,250,-1,-1,1,0,50.0,1
2792,34524,34522353,11116,250,-1,-1,1,0,56.9,0
2793,34535,34533472,11119,250,-1,-1,1,0,59.7,0
2794,34545,34544575,11103,250,-1,-1,1,0,62.5,0
2795,34556,34555679,11104,250,-1,-1,1,0,64.5,0
2796,34568,34566791,11112,250,-1,-1,1,0,65.9,0
2797,34579,34577899,11108,250,-1,-1,1,0,67.4,0
2798,34590,34589018,11119,250,-1,-1,1,0,68.8,0
2799,34601,34600122,11104,250,-1,-1,1,0,70.0,0
2800,34612,34611229,11107,250,-1,-1,1,0,71.1,1
2801,34624,34622351,11122,250,-1,-1,1,0,71.7,0
2802,34634,34633448,11097,250,-1,-1,1,0,73.0,0
2803,34645,34644558,11110,250,-1,-1,1,0,73.8,0
2804,34656,34655666,11108,250,-1,-1,1,0,74.5,0
2805,34668,34666771,11105,250,-1,-1,1,0,74.9,0
2806,34679,34677879,11108,250,-1,-1,1,0,75.5,0
2807,34690,34688989,11110,250,-1,-1,1,0,76.1,0
2808,34701,34700093,11104,250,-1,-1,1,0,76.7,0
2809,34712,34711205,11112,250,-1,-1,1,0,77.2,1
2810,34723,34722331,11126,250,-1,-1,1,0,77.6,0
2811,34734,34733426,11095,250,-1,-1,1,0,78.1,0
2812,34745,34744547,11121,250,-1,-1,1,0,78.5,0
2813,34757,34755655,11108,250,-1,-1,1,0,78.7,0
2814,34768,34766762,11107,250,-1,-1,1,0,79.0,0
2815,34779,34777866,11104,250,-1,-1,1,0,79.4,0
2816,34790,34788972,11106,250,-1,-1,1,0,79.7,0
2817,34801,34800077,11105,250,-1,-1,1,0,80.0,0
2818,34812,34811190,11113,250,-1,-1,1,0,80.3,1
2819,34823,34822316,11126,250,-1,-1,1,0,80.6,0
2820,34834,34833412,11096,250,-1,-1,1,0,80.8,0
2821,34846,34844528,11116,250,-1,-1,1,0,80.9,0
2822,34856,34855637,11109,250,-1,-1,1,0,81.3,0
2823,34868,34866746,11109,250,-1,-1,1,0,81.4,0
2824,34879,34877848,11102,250,-1,-1,1,0,81.6,0
2825,34890,34888951,11103,250,-1,-1,1,0,81.8,0
2826,34901,34900069,11118,250,-1,-1,1,0,82.0,0
2827,34912,34911169,11100,250,-1,-1,1,0,82.2,1
2828,34923,34922301,11132,250,-1,-1,1,0,82.4,0
2829,34935,34933400,11099,250,-1,-1,1,0,82.4,0
2830,34945,34944513,11113,250,-1,-1,1,0,82.7,0
2831,34956,34955620,11107,250,-1,-1,1,0,82.9,0
2832,34968,34966724,11104,250,-1,-1,1,0,82.9,0
2833,34979,34977827,11103,250,-1,-1,1,0,83.0,0
2834,34990,34988940,11113,250,-1,-1,1,0,83.2,0
2835,35001,35000047,11107,250,-1,-1,1,0,83.3,0
2836,35012,35011153,11106,250,-1,-1,1,0,83.5,1
2837,35023,35022276,11123,250,-1,-1,1,0,83.6,0
2838,35034,35033379,11103,250,-1,-1,1,0,83.7,0
2839,35045,35044492,11113,250,-1,-1,1,0,83.9,0
2840,35056,35055604,11112,250,-1,-1,1,0,84.0,0
2841,35068,35066706,11102,250,-1,-1,1,0,84.0,0
2842,35079,35077810,11104,250,-1,-1,1,0,84.1,0
2843,35090,35088924,11114,250,-1,-1,1,0,84.2,0
2844,35101,35100028,11104,250,-1,-1,1,0,84.3,0
2845,35112,35111135,11107,250,-1,-1,1,0,84.4,1
2846,35123,35122264,11129,250,-1,-1,1,0,84.5,0
2847,35134,35133362,11098,250,-1,-1,1,0,84.6,0
2848,35145,35144478,11116,250,-1,-1,1,0,84.7,0
2849,35157,35155585,11107,250,-1,-1,1,0,84.7,0
2850,35168,35166694,11109,250,-1,-1,1,0,84.7,0
2851,35179,35177798,11104,250,-1,-1,1,0,84.8,0
2852,35190,35188902,11104,250,-1,-1,1,0,84.9,0
2853,35201,35200013,11111,250,-1,-1,1,0,85.0,0
2854,35212,35211128,11115,250,-1,-1,1,0,85.1,1
2855,35223,35222244,11116,250,-1,-1,1,0,85.2,0
2856,35234,35233345,11101,250,-1,-1,1,0,85.2,0
2857,35246,35244459,11114,250,-1,-1,1,0,85.2,0
2858,35256,35255560,11101,250,-1,-1,1,0,85.4,0
2859,35267,35266673,11113,250,-1,-1,1,0,85.5,0
2860,35279,35277780,11107,250,-1,-1,1,0,85.4,0
2861,35290,35288884,11104,250,-1,-1,1,0,85.5,0
2862,35301,35299995,11111,250,-1,-1,1,0,85.6,0
2863,35312,35311103,11108,250,-1,-1,1,0,85.6,1
2864,35323,35322230,11127,250,-1,-1,1,0,85.7,0
2865,35334,35333328,11098,250,-1,-1,1,0,85.7,0
2866,35345,35344444,11116,250,-1,-1,1,0,85.8,0
2867,35356,35355551,11107,250,-1,-1,1,0,85.9,0
2868,35367,35366656,11105,250,-1,-1,1,0,85.9,0
2869,35379,35377759,11103,250,-1,-1,1,0,85.9,0
2870,35390,35388870,11111,250,-1,-1,1,0,85.9,0
2871,35401,35400058,11188,250,-1,-1,1,0,86.0,0
2872,35412,35411089,11031,250,-1,-1,1,0,90.9,1
2873,35423,35422214,11125,250,-1,-1,1,0,90.9,0
2874,35434,35433311,11097,250,-1,-1,1,0,90.9,0
2875,35445,35444422,11111,250,-1,-1,1,0,90.9,0
2876,35456,35455674,11252,250,-1,-1,1,0,90.9,0
2877,35468,35466629,10955,250,-1,-1,1,0,89.6,0
2878,35479,35477742,11113,250,-1,-1,1,0,89.7,0
2879,35490,35488852,11110,250,-1,-1,1,0,89.9,0
2880,35565,35499956,11104,250,-1,-1,1,0,54.9,0
2881,35565,35555498,55542,250,-1,-1,1,0,61.0,1
2882,35568,35566625,11127,250,-1,-1,1,0,65.9,0
2883,35579,35577735,11110,250,-1,-1,1,0,67.4,0
2884,35590,35588841,11106,250,-1,-1,1,0,68.8,0
2885,35601,35599954,11113,250,-1,-1,1,0,70.0,0
2886,35612,35611062,11108,250,-1,-1,1,0,71.1,0
2887,35623,35622169,11107,250,-1,-1,1,0,72.1,0
2888,35634,35633281,11112,250,-1,-1,1,0,73.0,0
2889,35645,35644388,11107,250,-1,-1,1,0,73.8,0
2890,35656,35655500,11112,250,-1,-1,1,0,74.5,1
2891,35667,35666616,11116,250,-1,-1,1,0,75.2,0
2892,35679,35677714,11098,250,-1,-1,1,0,75.5,0
2893,35690,35688827,11113,250,-1,-1,1,0,76.1,0
2894,35701,35699939,11112,250,-1,-1,1,0,76.7,0
2895,35712,35711041,11102,250,-1,-1,1,0,77.2,0
2896,35723,35722149,11108,250,-1,-1,1,0,77.6,0
2897,35734,35733255,11106,250,-1,-1,1,0,78.1,0
2898,35745,35744362,11107,250,-1,-1,1,0,78.5,0
2899,35756,35755472,11110,250,-1,-1,1,0,78.9,1
2900,35767,35766602,11130,250,-1,-1,1,0,79.2,0
2901,35779,35777699,11097,250,-1,-1,1,0,79.4,0
2902,35790,35788812,11113,250,-1,-1,1,0,79.7,0
2903,35801,35799914,11102,250,-1,-1,1,0,80.0,0
2904,35812,35811028,11114,250,-1,-1,1,0,80.3,0
2905,35823,35822127,11099,250,-1,-1,1,0,80.6,0
2906,35834,35833236,11109,250,-1,-1,1,0,80.8,0
2907,35845,35844345,11109,250,-1,-1,1,0,81.1,0
2908,35856,35855453,11108,250,-1,-1,1,0,81.3,1
2909,35868,35866578,11125,250,-1,-1,1,0,81.4,0
2910,35879,35877680,11102,250,-1,-1,1,0,81.6,0
2911,35890,35888796,11116,250,-1,-1,1,0,81.8,0
2912,35901,35899902,11106,250,-1,-1,1,0,82.0,0
2913,35912,35911008,11106,250,-1,-1,1,0,82.2,0
2914,35923,35922115,11107,250,-1,-1,1,0,82.4,0
2915,35934,35933221,11106,250,-1,-1,1,0,82.6,0
2916,35945,35944327,11106,250,-1,-1,1,0,82.7,0
2917,35956,35955436,11109,250,-1,-1,1,0,82.9,1
2918,35967,35966565,11129,250,-1,-1,1,0,83.0,0
2919,35978,35977661,11096,250,-1,-1,1,0,83.2,0
2920,35990,35988778,11117,250,-1,-1,1,0,83.2,0
2921,36001,35999887,11109,250,-1,-1,1,0,83.3,0
2922,36012,36010995,11108,250,-1,-1,1,0,83.5,0
2923,36023,36022102,11107,250,-1,-1,1,0,83.6,0
2924,36034,36033202,11100,250,-1,-1,1,0,83.7,0
2925,36045,36044311,11109,250,-1,-1,1,0,83.9,0
2926,36056,36055421,11110,250,-1,-1,1,0,84.0,1
2927,36067,36066550,11129,250,-1,-1,1,0,84.1,0
2928,36078,36077647,11097,250,-1,-1,1,0,84.2,0
2929,36090,36088762,11115,250,-1,-1,1,0,84.2,0
2930,36101,36099872,11110,250,-1,-1,1,0,84.3,0
2931,36112,36110975,11103,250,-1,-1,1,0,84.4,0
2932,36123,36122074,11099,250,-1,-1,1,0,84.5,0
2933,36134,36133184,11110,250,-1,-1,1,0,84.6,0
2934,36145,36144299,11115,250,-1,-1,1,0,84.7,0
2935,36156,36155402,11103,250,-1,-1,1,0,84.8,1
2936,36167,36166529,11127,250,-1,-1,1,0,84.9,0
2937,36179,36177626,11097,250,-1,-1,1,0,84.8,0
2938,36190,36188742,11116,250,-1,-1,1,0,84.9,0
2939,36201,36199851,11109,250,-1,-1,1,0,85.0,0
2940,36213,36210962,11111,250,-1,-1,1,0,85.0,0
2941,36223,36222066,11104,250,-1,-1,1,0,85.2,0
2942,36234,36233170,11104,250,-1,-1,1,0,85.2,0
2943,36245,36244278,11108,250,-1,-1,1,0,85.3,0
2944,36256,36255391,11113,250,-1,-1,1,0,85.4,1
2945,36267,36266511,11120,250,-1,-1,1,0,85.5,0
2946,36278,36277607,11096,250,-1,-1,1,0,85.5,0
2947,36290,36288727,11120,250,-1,-1,1,0,85.5,0
2948,36301,36299838,11111,250,-1,-1,1,0,85.6,0
2949,36312,36310942,11104,250,-1,-1,1,0,85.6,0
2950,36323,36322045,11103,250,-1,-1,1,0,85.7,0
2951,36334,36333154,11109,250,-1,-1,1,0,85.7,0
2952,36345,36344262,11108,250,-1,-1,1,0,85.8,0
2953,36356,36355367,11105,250,-1,-1,1,0,85.9,1
2954,36367,36366494,11127,250,-1,-1,1,0,85.9,0
2955,36378,36377594,11100,250,-1,-1,1,0,86.0,0
2956,36390,36388708,11114,250,-1,-1,1,0,85.9,0
2957,36401,36399817,11109,250,-1,-1,1,0,86.0,0
2958,36412,36410923,11106,250,-1,-1,1,0,90.9,0
2959,36423,36422028,11105,250,-1,-1,1,0,90.9,0
2960,36434,36433137,11109,250,-1,-1,1,0,90.9,0
2961,36445,36444241,11104,250,-1,-1,1,0,90.9,0
2962,36456,36455352,11111,250,-1,-1,1,0,90.9,1
2963,36467,36466482,11130,250,-1,-1,1,0,90.9,0
2964,36478,36477577,11095,250,-1,-1,1,0,90.9,0
2965,36490,36488690,11113,250,-1,-1,1,0,89.9,0
2966,36501,36499802,11112,250,-1,-1,1,0,90.0,0
2967,36512,36510907,11105,250,-1,-1,1,0,90.1,0
2968,36523,36522009,11102,250,-1,-1,1,0,90.2,0
2969,36534,36533114,11105,250,-1,-1,1,0,90.2,0
2970,36637,36544229,11115,250,-1,-1,1,0,55.1,0
2971,36638,36633098,88869,250,-1,-1,1,0,59.1,1
2972,36645,36644235,11137,250,-1,-1,1,0,61.5,0
2973,36656,36655334,11099,250,-1,-1,1,0,62.7,0
2974,36667,36666433,11099,250,-1,-1,1,0,63.9,0
2975,36678,36677550,11117,250,-1,-1,1,0,65.0,0
2976,36689,36688656,11106,250,-1,-1,1,0,66.0,0
2977,36701,36699764,11108,250,-1,-1,1,0,66.7,0
2978,36712,36710864,11100,250,-1,-1,1,0,67.5,0
2979,36723,36721978,11114,250,-1,-1,1,0,68.3,0
2980,36734,36733084,11106,250,-1,-1,1,0,69.1,1
2981,36745,36744213,11129,250,-1,-1,1,0,69.8,0
2982,36756,36755307,11094,250,-1,-1,1,0,70.4,0
2983,36767,36766424,11117,250,-1,-1,1,0,71.0,0
2984,36778,36777528,11104,250,-1,-1,1,0,71.6,0
2985,36789,36788638,11110,250,-1,-1,1,0,72.2,0
2986,36801,36799740,11102,250,-1,-1,1,0,72.5,0
2987,36812,36810851,11111,250,-1,-1,1,0,73.0,0
2988,36823,36821958,11107,250,-1,-1,1,0,73.5,0
2989,36834,36833066,11108,250,-1,-1,1,0,73.9,1
2990,36845,36844185,11119,250,-1,-1,1,0,74.3,0
2991,36856,36855290,11105,250,-1,-1,1,0,74.7,0
2992,36867,36866404,11114,250,-1,-1,1,0,75.1,0
2993,36878,36877511,11107,250,-1,-1,1,0,75.5,0
2994,36890,36888622,11111,250,-1,-1,1,0,75.7,0
2995,36901,36899725,11103,250,-1,-1,1,0,76.0,0
2996,36912,36910829,11104,250,-1,-1,1,0,76.3,0
2997,36923,36921941,11112,250,-1,-1,1,0,76.6,0
2998,36934,36933049,11108,250,-1,-1,1,0,76.9,1
2999,36945,36944177,11128,250,-1,-1,1,0,77.2,0
3000,36956,36955273,11096,250,-1,-1,1,0,77.5,0
3001,36967,36966389,11116,250,-1,-1,1,0,77.7,0
3002,36979,36977493,11104,250,-1,-1,1,0,77.9,0
3003,36989,36988606,11113,250,-1,-1,1,0,78.2,0
3004,37001,36999704,11098,250,-1,-1,1,0,78.3,0
3005,37012,37010814,11110,250,-1,-1,1,0,78.6,0
3006,37023,37021922,11108,250,-1,-1,1,0,78.8,0
3007,37034,37033034,11112,250,-1,-1,1,0,79.0,1
3008,37045,37044158,11124,250,-1,-1,1,0,79.2,0
3009,37056,37055259,11101,250,-1,-1,1,0,79.4,0
3010,37068,37066373,11114,250,-1,-1,1,0,79.5,0
3011,37078,37077478,11105,250,-1,-1,1,0,79.8,0
3012,37089,37088588,11110,250,-1,-1,1,0,79.9,0
3013,37100,37099687,11099,250,-1,-1,1,0,80.1,0
3014,37112,37110796,11109,250,-1,-1,1,0,80.2,0
3015,37123,37121908,11112,250,-1,-1,1,0,80.3,0
3016,37134,37133013,11105,250,-1,-1,1,0,80.5,1
3017,37145,37144144,11131,250,-1,-1,1,0,80.6,0
3018,37156,37155236,11092,250,-1,-1,1,0,80.8,0
3019,37167,37166353,11117,250,-1,-1,1,0,80.9,0
3020,37178,37177461,11108,250,-1,-1,1,0,81.1,0
3021,37189,37188572,11111,250,-1,-1,1,0,81.2,0
3022,37201,37199669,11097,250,-1,-1,1,0,81.2,0
3023,37212,37210783,11114,250,-1,-1,1,0,81.4,0
3024,37223,37221891,11108,250,-1,-1,1,0,81.5,0
3025,37234,37233000,11109,250,-1,-1,1,0,81.6,1
3026,37245,37244122,11122,250,-1,-1,1,0,81.8,0
3027,37256,37255226,11104,250,-1,-1,1,0,81.9,0
3028,37267,37266336,11110,250,-1,-1,1,0,82.0,0
3029,37278,37277446,11110,250,-1,-1,1,0,82.1,0
3030,37290,37288553,11107,250,-1,-1,1,0,82.1,0
3031,37300,37299657,11104,250,-1,-1,1,0,82.3,0
3032,37312,37310761,11104,250,-1,-1,1,0,82.3,0
3033,37323,37321872,11111,250,-1,-1,1,0,82.4,0
3034,37334,37332980,11108,250,-1,-1,1,0,82.5,1
3035,37345,37344105,11125,250,-1,-1,1,0,82.6,0
3036,37356,37355204,11099,250,-1,-1,1,0,82.7,0
3037,37367,37366320,11116,250,-1,-1,1,0,82.8,0
3038,37379,37377424,11104,250,-1,-1,1,0,82.8,0
3039,37389,37388535,11111,250,-1,-1,1,0,83.0,0
3040,37400,37399634,11099,250,-1,-1,1,0,83.1,0
3041,37412,37410745,11111,250,-1,-1,1,0,83.1,0
3042,37423,37421921,11176,250,-1,-1,1,0,90.9,0
3043,37434,37432968,11047,250,-1,-1,1,0,90.9,1
3044,37445,37444091,11123,250,-1,-1,1,0,90.9,0
3045,37456,37455189,11098,250,-1,-1,1,0,90.9,0
3046,37467,37466303,11114,250,-1,-1,1,0,90.9,0
3047,37478,37477409,11106,250,-1,-1,1,0,90.9,0
3048,37489,37488518,11109,250,-1,-1,1,0,90.9,0
3049,37500,37499621,11103,250,-1,-1,1,0,90.9,0
3050,37512,37510727,11106,250,-1,-1,1,0,90.0,0
3051,37523,37521838,11111,250,-1,-1,1,0,90.1,0
3052,37534,37532946,11108,250,-1,-1,1,0,90.2,1
3053,37545,37544075,11129,250,-1,-1,1,0,90.2,0
3054,37556,37555169,11094,250,-1,-1,1,0,90.3,0
3055,37567,37566289,11120,250,-1,-1,1,0,90.3,0
3056,37578,37577395,11106,250,-1,-1,1,0,90.4,0
3057,37589,37588504,11109,250,-1,-1,1,0,90.4,0
3058,37601,37599601,11097,250,-1,-1,1,0,89.9,0
3059,37612,37610711,11110,250,-1,-1,1,0,90.0,0
3060,37665,37621822,11111,250,-1,-1,1,0,75.1,0
3061,37667,37655146,33324,250,-1,-1,1,0,78.4,1
3062,37669,37666252,11106,250,-1,-1,1,0,81.7,0
3063,37678,37677383,11131,250,-1,-1,1,0,82.7,0
3064,37690,37688482,11099,250,-1,-1,1,0,82.7,0
3065,37700,37699597,11115,250,-1,-1,1,0,83.3,0
3066,37712,37710703,11106,250,-1,-1,1,0,83.3,0
3067,37723,37721815,11112,250,-1,-1,1,0,83.6,0
3068,37734,37732922,11107,250,-1,-1,1,0,83.9,0
3069,37745,37744034,11112,250,-1,-1,1,0,84.1,0
3070,37756,37755139,11105,250,-1,-1,1,0,84.3,1
3071,37767,37766259,11120,250,-1,-1,1,0,84.5,0
3072,37778,37777352,11093,250,-1,-1,1,0,84.7,0
3073,37789,37788471,11119,250,-1,-1,1,0,84.9,0
3074,37800,37799573,11102,250,-1,-1,1,0,85.1,0
3075,37811,37810687,11114,250,-1,-1,1,0,85.2,0
3076,37823,37821784,11097,250,-1,-1,1,0,85.2,0
3077,37834,37832903,11119,250,-1,-1,1,0,85.3,0
3078,37845,37844007,11104,250,-1,-1,1,0,85.5,0
3079,37856,37855116,11109,250,-1,-1,1,0,85.6,1
3080,37867,37866242,11126,250,-1,-1,1,0,85.7,0
3081,37878,37877342,11100,250,-1,-1,1,0,85.8,0
3082,37889,37888453,11111,250,-1,-1,1,0,86.0,0
3083,37900,37899561,11108,250,-1,-1,1,0,86.1,0
3084,37912,37910672,11111,250,-1,-1,1,0,86.0,0
3085,37923,37921771,11099,250,-1,-1,1,0,86.1,0
3086,37934,37932882,11111,250,-1,-1,1,0,86.2,0
3087,37945,37943990,11108,250,-1,-1,1,0,86.3,0
3088,37956,37955099,11109,250,-1,-1,1,0,86.4,1
3089,37967,37966222,11123,250,-1,-1,1,0,86.5,0
3090,37978,37977319,11097,250,-1,-1,1,0,86.6,0
3091,37989,37988437,11118,250,-1,-1,1,0,86.7,0
3092,38001,37999538,11101,250,-1,-1,1,0,86.6,0
3093,38011,38010656,11118,250,-1,-1,1,0,86.8,0
3094,38023,38021751,11095,250,-1,-1,1,0,86.7,0
3095,38034,38032872,11121,250,-1,-1,1,0,86.8,0
3096,38045,38043975,11103,250,-1,-1,1,0,86.9,0
3097,38056,38055084,11109,250,-1,-1,1,0,87.0,1
3098,38067,38066205,11121,250,-1,-1,1,0,87.0,0
3099,38078,38077307,11102,250,-1,-1,1,0,87.1,0
3100,38090,38088420,11113,250,-1,-1,1,0,87.0,0
3101,38100,38099526,11106,250,-1,-1,1,0,87.2,0
3102,38111,38110637,11111,250,-1,-1,1,0,87.3,0
3103,38123,38121736,11099,250,-1,-1,1,0,87.2,0
3104,38134,38132848,11112,250,-1,-1,1,0,87.3,0
3105,38145,38143956,11108,250,-1,-1,1,0,87.3,0
3106,38156,38155064,11108,250,-1,-1,1,0,87.4,1
3107,38167,38166190,11126,250,-1,-1,1,0,87.4,0
3108,38178,38177288,11098,250,-1,-1,1,0,87.5,0
3109,38189,38188405,11117,250,-1,-1,1,0,87.5,0
3110,38200,38199510,11105,250,-1,-1,1,0,87.6,0
3111,38211,38210621,11111,250,-1,-1,1,0,87.6,0
3112,38223,38221726,11105,250,-1,-1,1,0,87.5,0
3113,38234,38232831,11105,250,-1,-1,1,0,87.6,0
3114,38245,38243937,11106,250,-1,-1,1,0,87.6,0
3115,38256,38255045,11108,250,-1,-1,1,0,87.7,1
3116,38267,38266170,11125,250,-1,-1,1,0,87.7,0
3117,38278,38277270,11100,250,-1,-1,1,0,87.8,0
3118,38289,38288384,11114,250,-1,-1,1,0,87.8,0
3119,38300,38299492,11108,250,-1,-1,1,0,87.8,0
3120,38312,38310600,11108,250,-1,-1,1,0,87.8,0
3121,38322,38321704,11104,250,-1,-1,1,1000,87.8,0
3122,38334,38332810,11106,250,-1,-1,1,0,87.9,0
3123,38345,38343920,11110,250,-1,-1,1,0,87.9,0
3124,38356,38355026,11106,250,-1,-1,1,0,87.9,1
3125,38367,38366153,11127,250,-1,-1,1,0,88.0,0
3126,38378,38377251,11098,250,-1,-1,1,0,88.0,0
3127,38389,38388367,11116,250,-1,-1,1,0,88.0,0
3128,38401,38399472,11105,250,-1,-1,1,0,88.0,0
3129,38411,38410584,11112,250,-1,-1,1,0,88.1,0
3130,38422,38421682,11098,250,-1,-1,1,0,88.1,0
3131,38434,38432864,11182,250,-1,-1,1,0,90.9,0
3132,38445,38443904,11040,250,-1,-1,1,0,90.9,0
3133,38456,38455015,11111,250,-1,-1,1,0,90.9,1
3134,38467,38466138,11123,250,-1,-1,1,0,90.9,0
3135,38478,38477234,11096,250,-1,-1,1,0,90.9,0
3136,38489,38488349,11115,250,-1,-1,1,0,90.9,0
3137,38500,38499459,11110,250,-1,-1,1,0,90.9,0
3138,38511,38510565,11106,250,-1,-1,1,0,90.9,0
3139,38522,38521666,11101,250,-1,-1,1,0,90.9,0
3140,38534,38532775,11109,250,-1,-1,1,0,90.1,0
3141,38545,38543890,11115,250,-1,-1,1,0,90.2,0
3142,38556,38554996,11106,250,-1,-1,1,0,90.2,1
3143,38567,38566123,11127,250,-1,-1,1,0,90.3,0
3144,38578,38577218,11095,250,-1,-1,1,0,90.3,0
3145,38589,38588334,11116,250,-1,-1,1,0,90.4,0
3146,38600,38599490,11156,250,-1,-1,1,0,90.4,0
3147,38611,38610551,11061,250,-1,-1,1,0,90.4,0
3148,38623,38621651,11100,250,-1,-1,1,0,90.0,0
3149,38634,38632761,11110,250,-1,-1,1,0,90.0,0
3150,38724,38643868,11107,250,-1,-1,1,0,66.4,0
3151,38724,38721630,77762,250,-1,-1,1,0,69.8,1
3152,38734,38732761,11131,250,-1,-1,1,0,70.7,0
3153,38745,38743863,11102,250,-1,-1,1,0,71.4,0
3154,38756,38754963,11100,250,-1,-1,1,0,72.1,0
3155,38767,38766080,11117,250,-1,-1,1,0,72.7,0
3156,38778,38777191,11111,250,-1,-1,1,0,73.2,0
3157,38789,38788295,11104,250,-1,-1,1,0,73.8,0
3158,38800,38799394,11099,250,-1,-1,1,0,74.3,0
3159,38811,38810508,11114,250,-1,-1,1,0,74.7,0
3160,38822,38821619,11111,250,-1,-1,1,0,75.2,1
3161,38834,38832745,11126,250,-1,-1,1,0,75.4,0
3162,38845,38843839,11094,250,-1,-1,1,0,75.8,0
3163,38856,38854960,11121,250,-1,-1,1,0,76.2,0
3164,38867,38866062,11102,250,-1,-1,1,0,76.6,0
3165,38878,38877175,11113,250,-1,-1,1,0,76.9,0
3166,38889,38888269,11094,250,-1,-1,1,0,77.3,0
3167,38900,38899382,11113,250,-1,-1,1,0,77.6,0
3168,38911,38910490,11108,250,-1,-1,1,0,77.9,0
3169,38922,38921599,11109,250,-1,-1,1,0,78.2,1
3170,38934,38932727,11128,250,-1,-1,1,0,78.3,0
3171,38945,38943826,11099,250,-1,-1,1,0,78.5,0
3172,38956,38954941,11115,250,-1,-1,1,0,78.8,0
3173,38967,38966045,11104,250,-1,-1,1,0,79.0,0
3174,38978,38977152,11107,250,-1,-1,1,0,79.3,0
3175,38989,38988257,11105,250,-1,-1,1,0,79.5,0
3176,39000,38999360,11103,250,-1,-1,1,0,79.7,0
3177,39011,39010475,11115,250,-1,-1,1,0,79.9,0
3178,39022,39021581,11106,250,-1,-1,1,0,80.1,1
3179,39034,39032709,11128,250,-1,-1,1,0,80.2,0
3180,39045,39043808,11099,250,-1,-1,1,0,80.4,0
3181,39056,39054921,11113,250,-1,-1,1,0,80.6,0
3182,39067,39066027,11106,250,-1,-1,1,0,80.7,0
3183,39078,39077139,11112,250,-1,-1,1,0,80.9,0
3184,39089,39088238,11099,250,-1,-1,1,0,81.1,0
3185,39100,39099349,11111,250,-1,-1,1,0,81.2,0
3186,39111,39110456,11107,250,-1,-1,1,0,81.4,0
3187,39122,39121570,11114,250,-1,-1,1,0,81.5,1
3188,39134,39132694,11124,250,-1,-1,1,0,81.6,0
3189,39145,39143791,11097,250,-1,-1,1,0,81.7,0
3190,39156,39154905,11114,250,-1,-1,1,0,81.9,0
3191,39167,39166009,11104,250,-1,-1,1,0,82.0,0
3192,39178,39177119,11110,250,-1,-1,1,0,82.1,0
3193,39189,39188222,11103,250,-1,-1,1,0,82.2,0
3194,39200,39199332,11110,250,-1,-1,1,0,82.4,0
3195,39211,39210439,11107,250,-1,-1,1,0,82.5,0
3196,39222,39221567,11128,250,-1,-1,1,0,82.6,1
3197,39234,39232673,11106,250,-1,-1,1,0,82.6,0
3198,39245,39243774,11101,250,-1,-1,1,0,82.7,0
3199,39256,39254889,11115,250,-1,-1,1,0,82.8,0
3200,39267,39265991,11102,250,-1,-1,1,0,82.9,0
3201,39278,39277104,11113,250,-1,-1,1,0,83.0,0
3202,39289,39288204,11100,250,-1,-1,1,0,83.1,0
3203,39300,39299312,11108,250,-1,-1,1,0,83.2,0
3204,39311,39310421,11109,250,-1,-1,1,0,83.3,0
3205,39322,39321532,11111,250,-1,-1,1,0,83.4,1
3206,39333,39332658,11126,250,-1,-1,1,0,83.5,0
3207,39345,39343757,11099,250,-1,-1,1,0,83.5,0
3208,39356,39354870,11113,250,-1,-1,1,0,83.6,0
3209,39367,39365979,11109,250,-1,-1,1,0,83.7,0
3210,39378,39377086,11107,250,-1,-1,1,0,83.8,0
3211,39389,39388188,11102,250,-1,-1,1,0,83.9,0
3212,39400,39399296,11108,250,-1,-1,1,0,83.9,0
3213,39411,39410404,11108,250,-1,-1,1,0,84.0,0
3214,39422,39421514,11110,250,-1,-1,1,0,84.1,1
3215,39453,39443730,22216,250,-1,-1,1,0,34.5,0
3216,39456,39454848,11118,250,-1,-1,1,0,62.5,0
3217,39467,39466087,11239,250,-1,-1,1,0,69.8,0
3218,39478,39477072,10985,250,-1,-1,1,0,74.1,0
3219,39489,39488171,11099,250,-1,-1,1,0,76.9,0
3220,39500,39499282,11111,250,-1,-1,1,0,78.9,0
3221,39511,39510390,11108,250,-1,-1,1,0,80.5,0
3222,39522,39521497,11107,250,-1,-1,1,0,81.6,0
3223,39534,39532607,11110,250,-1,-1,1,0,81.8,1
3224,39545,39543732,11125,250,-1,-1,1,0,82.6,0
3225,39556,39554829,11097,250,-1,-1,1,0,83.3,0
3226,39567,39565949,11120,250,-1,-1,1,0,83.9,0
3227,39578,39577050,11101,250,-1,-1,1,0,84.4,0
3228,39589,39588162,11112,250,-1,-1,1,0,84.8,0
3229,39600,39599263,11101,250,-1,-1,1,0,85.2,0
3230,39611,39610375,11112,250,-1,-1,1,0,85.6,0
3231,39623,39621482,11107,250,-1,-1,1,0,85.4,0
3232,39633,39632592,11110,250,-1,-1,1,0,86.1,1
3233,39645,39643713,11121,250,-1,-1,1,0,86.0,0
3234,39656,39654814,11101,250,-1,-1,1,0,86.2,0
3235,39667,39665926,11112,250,-1,-1,1,0,86.4,0
3236,39678,39677037,11111,250,-1,-1,1,0,86.6,0
3237,39689,39688144,11107,250,-1,-1,1,0,86.8,0
3238,39700,39699244,11100,250,-1,-1,1,0,87.0,0
3239,39711,39710354,11110,250,-1,-1,1,0,87.1,0
3240,39779,39721464,11110,250,-1,-1,1,0,73.2,0
3241,39779,39777004,55540,250,-1,-1,1,0,76.1,1
3242,39789,39788139,11135,250,-1,-1,1,0,76.7,0
3243,39800,39799227,11088,250,-1,-1,1,0,77.1,0
3244,39811,39810343,11116,250,-1,-1,1,0,77.5,0
3245,39822,39821452,11109,250,-1,-1,1,0,77.9,0
3246,39833,39832563,11111,250,-1,-1,1,0,78.2,0
3247,39845,39843674,11111,250,-1,-1,1,0,78.4,0
3248,39856,39854783,11109,250,-1,-1,1,0,78.7,0
3249,39867,39865894,11111,250,-1,-1,1,0,79.0,0
3250,39878,39876993,11099,250,-1,-1,1,0,79.3,1
3251,39889,39888122,11129,250,-1,-1,1,0,79.6,0
3252,39900,39899219,11097,250,-1,-1,1,0,79.8,0
3253,39911,39910330,11111,250,-1,-1,1,0,80.1,0
3254,39922,39921437,11107,250,-1,-1,1,0,80.3,0
3255,39934,39932548,11111,250,-1,-1,1,0,80.4,0
3256,39944,39943648,11100,250,-1,-1,1,0,80.8,0
3257,39956,39954757,11109,250,-1,-1,1,0,80.8,0
3258,39967,39965867,11110,250,-1,-1,1,0,81.0,0
3259,39978,39976975,11108,250,-1,-1,1,0,81.2,1
3260,39989,39988104,11129,250,-1,-1,1,0,81.4,0
3261,40000,39999202,11098,250,-1,-1,1,0,81.6,0
3262,40011,40010314,11112,250,-1,-1,1,0,81.8,0
3263,40022,40021417,11103,250,-1,-1,1,0,81.9,0
3264,40033,40032530,11113,250,-1,-1,1,0,82.1,0
3265,40044,40043643,11113,250,-1,-1,1,0,82.3,0
3266,40056,40054741,11098,250,-1,-1,1,0,82.3,0
3267,40067,40065849,11108,250,-1,-1,1,0,82.4,0
3268,40078,40076961,11112,250,-1,-1,1,0,82.6,1
3269,40089,40088085,11124,250,-1,-1,1,0,82.7,0
3270,40100,40099180,11095,250,-1,-1,1,0,82.8,0
3271,40111,40110296,11116,250,-1,-1,1,0,83.0,0
3272,40122,40121407,11111,250,-1,-1,1,0,83.1,0
3273,40133,40132514,11107,250,-1,-1,1,0,83.2,0
3274,40144,40143617,11103,250,-1,-1,1,0,83.3,0
3275,40156,40154721,11104,250,-1,-1,1,0,83.3,0
3276,40167,40165834,11113,250,-1,-1,1,0,83.4,0
3277,40178,40176943,11109,250,-1,-1,1,0,83.6,1
3278,40189,40188068,11125,250,-1,-1,1,0,83.7,0
3279,40200,40199162,11094,250,-1,-1,1,0,83.8,0
3280,40211,40210279,11117,250,-1,-1,1,0,83.9,0
3281,40224,40221384,11105,250,-1,-1,1,0,83.8,0
3282,40233,40232498,11114,250,-1,-1,1,0,84.1,0
3283,40245,40243593,11095,250,-1,-1,1,0,84.0,0
3284,40255,40254706,11113,250,-1,-1,1,0,84.1,0
3285,40267,40265813,11107,250,-1,-1,1,0,84.2,0
3286,40278,40276922,11109,250,-1,-1,1,0,84.3,1
3287,40289,40288051,11129,250,-1,-1,1,0,84.4,0
3288,40300,40299152,11101,250,-1,-1,1,0,84.5,0
3289,40311,40310262,11110,250,-1,-1,1,0,84.6,0
3290,40322,40321367,11105,250,-1,-1,1,0,84.6,0
3291,40333,40332475,11108,250,-1,-1,1,0,84.7,0
3292,40344,40343581,11106,250,-1,-1,1,0,84.8,0
3293,40355,40354685,11104,250,-1,-1,1,0,84.9,0
3294,40367,40365798,11113,250,-1,-1,1,0,84.8,0
3295,40378,40376906,11108,250,-1,-1,1,0,84.9,1
3296,40389,40388031,11125,250,-1,-1,1,0,85.0,0
3297,40400,40399131,11100,250,-1,-1,1,0,85.0,0
3298,40411,40410248,11117,250,-1,-1,1,0,85.1,0
3299,40422,40421352,11104,250,-1,-1,1,0,85.2,0
3300,40433,40432465,11113,250,-1,-1,1,0,85.2,0
3301,40444,40443569,11104,250,-1,-1,1,0,90.9,0
3302,40455,40454674,11105,250,-1,-1,1,0,90.9,0
3303,40467,40465781,11107,250,-1,-1,1,0,88.2,0
3304,40478,40476892,11111,250,-1,-1,1,0,88.9,1
3305,40489,40488017,11125,250,-1,-1,1,0,89.3,0
3306,40500,40499113,11096,250,-1,-1,1,0,89.6,0
3307,40511,40510227,11114,250,-1,-1,1,0,89.7,0
3308,40522,40521339,11112,250,-1,-1,1,0,89.9,0
3309,40533,40532445,11106,250,-1,-1,1,0,90.0,0
3310,40544,40543546,11101,250,-1,-1,1,0,90.1,0
3311,40556,40554653,11107,250,-1,-1,1,0,89.4,0
3312,40567,40565767,11114,250,-1,-1,1,0,89.6,0
3313,40578,40576874,11107,250,-1,-1,1,0,89.7,1
3314,40589,40587997,11123,250,-1,-1,1,0,89.7,0
3315,40600,40599097,11100,250,-1,-1,1,0,89.8,0
3316,40611,40610209,11112,250,-1,-1,1,0,89.9,0
3317,40622,40621320,11111,250,-1,-1,1,0,89.9,0
3318,40633,40632433,11113,250,-1,-1,1,0,90.0,0
3319,40645,40643527,11094,250,-1,-1,1,0,89.6,0
3320,40655,40654639,11112,250,-1,-1,1,0,90.1,0
3321,40667,40665748,11109,250,-1,-1,1,0,89.7,0
3322,40678,40676857,11109,250,-1,-1,1,0,89.8,1
3323,40689,40687986,11129,250,-1,-1,1,0,89.8,0
3324,40700,40699082,11096,250,-1,-1,1,0,89.9,0
3325,40711,40710195,11113,250,-1,-1,1,0,89.9,0
3326,40722,40721305,11110,250,-1,-1,1,0,90.0,0
3327,40734,40732410,11105,250,-1,-1,1,0,89.7,0
3328,40744,40743514,11104,250,-1,-1,1,0,90.0,0
3329,40756,40754621,11107,250,-1,-1,1,0,89.8,0
3330,40857,40765734,11113,250,-1,-1,1,0,70.8,0
3331,40858,40854601,88867,250,-1,-1,1,0,72.9,1
3332,40867,40865732,11131,250,-1,-1,1,0,73.7,0
3333,40878,40876836,11104,250,-1,-1,1,0,74.2,0
3334,40889,40887936,11100,250,-1,-1,1,0,74.6,0
3335,40900,40899053,11117,250,-1,-1,1,0,74.9,0
3336,40911,40910156,11103,250,-1,-1,1,0,75.3,0
3337,40922,40921268,11112,250,-1,-1,1,0,75.7,0
3338,40933,40932369,11101,250,-1,-1,1,0,76.0,0
3339,40944,40943480,11111,250,-1,-1,1,0,76.3,0
3340,40956,40954586,11106,250,-1,-1,1,0,76.5,1
3341,40967,40965711,11125,250,-1,-1,1,0,76.8,0
3342,40978,40976810,11099,250,-1,-1,1,0,77.1,0
3343,40989,40987929,11119,250,-1,-1,1,0,77.3,0
3344,41000,40999030,11101,250,-1,-1,1,0,77.6,0
3345,41011,41010148,11118,250,-1,-1,1,0,77.9,0
3346,41022,41021242,11094,250,-1,-1,1,0,78.1,0
3347,41033,41032361,11119,250,-1,-1,1,0,78.3,0
3348,41045,41043460,11099,250,-1,-1,1,0,78.4,0
3349,41055,41054571,11111,250,-1,-1,1,0,78.8,1
3350,41067,41065694,11123,250,-1,-1,1,0,78.9,0
3351,41078,41076797,11103,250,-1,-1,1,0,79.1,0
3352,41089,41087907,11110,250,-1,-1,1,0,79.3,0
3353,41100,41099016,11109,250,-1,-1,1,0,79.5,0
3354,41111,41110121,11105,250,-1,-1,1,0,79.6,0
3355,41122,41121225,11104,250,-1,-1,1,0,79.8,0
3356,41133,41132335,11110,250,-1,-1,1,0,80.0,0
3357,41144,41143444,11109,250,-1,-1,1,0,80.2,0
3358,41155,41154553,11109,250,-1,-1,1,0,80.3,1
3359,41167,41165682,11129,250,-1,-1,1,0,80.4,0
3360,41178,41176774,11092,250,-1,-1,1,0,80.5,0
3361,41189,41187887,11113,250,-1,-1,1,0,80.7,0
3362,41200,41198995,11108,250,-1,-1,1,0,80.8,0
3363,41211,41210102,11107,250,-1,-1,1,0,81.0,0
3364,41222,41221208,11106,250,-1,-1,1,0,81.1,0
3365,41233,41232320,11112,250,-1,-1,1,0,81.2,0
3366,41244,41243427,11107,250,-1,-1,1,0,81.4,0
3367,41255,41254537,11110,250,-1,-1,1,0,81.5,1
3368,41267,41265666,11129,250,-1,-1,1,0,81.5,0
3369,41278,41276766,11100,250,-1,-1,1,0,81.7,0
3370,41289,41287877,11111,250,-1,-1,1,0,81.8,0
3371,41300,41298983,11106,250,-1,-1,1,0,81.9,0
3372,41311,41310088,11105,250,-1,-1,1,0,82.0,0
3373,41322,41321192,11104,250,-1,-1,1,0,82.1,0
3374,41333,41332302,11110,250,-1,-1,1,0,82.2,0
3375,41344,41343409,11107,250,-1,-1,1,0,82.3,0
3376,41356,41354517,11108,250,-1,-1,1,0,82.3,1
3377,41366,41365645,11128,250,-1,-1,1,0,82.5,0
3378,41378,41376743,11098,250,-1,-1,1,0,82.5,0
3379,41389,41387857,11114,250,-1,-1,1,0,82.6,0
3380,41400,41398961,11104,250,-1,-1,1,0,82.7,0
3381,41411,41410076,11115,250,-1,-1,1,0,82.8,0
3382,41422,41421174,11098,250,-1,-1,1,0,82.9,0
3383,41433,41432296,11122,250,-1,-1,1,0,83.0,0
3384,41444,41443402,11106,250,-1,-1,1,0,90.9,0
3385,41455,41454505,11103,250,-1,-1,1,0,90.9,1
3386,41466,41465623,11118,250,-1,-1,1,0,90.9,0
3387,41478,41476723,11100,250,-1,-1,1,0,88.9,0
3388,41489,41487836,11113,250,-1,-1,1,0,89.3,0
3389,41500,41499049,11213,250,-1,-1,1,0,89.6,0
3390,41511,41510051,11002,250,-1,-1,1,0,89.7,0
3391,41522,41521160,11109,250,-1,-1,1,0,89.9,0
3392,41533,41532266,11106,250,-1,-1,1,0,90.0,0
3393,41544,41543380,11114,250,-1,-1,1,0,90.1,0
3394,41555,41554486,11106,250,-1,-1,1,0,90.2,1
3395,41566,41565611,11125,250,-1,-1,1,0,90.2,0
3396,41578,41576707,11096,250,-1,-1,1,0,89.7,0
3397,41589,41587826,11119,250,-1,-1,1,0,89.7,0
3398,41600,41598928,11102,250,-1,-1,1,0,89.8,0
3399,41611,41610044,11116,250,-1,-1,1,0,89.9,0
3400,41622,41621139,11095,250,-1,-1,1,0,89.9,0
3401,41633,41632252,11113,250,-1,-1,1,0,90.0,0
3402,41644,41643355,11103,250,-1,-1,1,0,90.0,0
3403,41655,41654464,11109,250,-1,-1,1,0,90.1,1
3404,41667,41665596,11132,250,-1,-1,1,0,89.7,0
3405,41678,41676690,11094,250,-1,-1,1,0,89.8,0
3406,41689,41687810,11120,250,-1,-1,1,0,89.8,0
3407,41700,41698913,11103,250,-1,-1,1,0,89.9,0
3408,41711,41710018,11105,250,-1,-1,1,0,89.9,0
3409,41722,41721127,11109,250,-1,-1,1,0,90.0,0
3410,41733,41732229,11102,250,-1,-1,1,0,90.0,0
3411,41744,41743345,11116,250,-1,-1,1,0,90.0,0
3412,41756,41754450,11105,250,-1,-1,1,0,89.8,1
3413,41766,41765574,11124,250,-1,-1,1,0,90.1,0
3414,41777,41776673,11099,250,-1,-1,1,0,90.1,0
3415,41789,41787791,11118,250,-1,-1,1,0,89.9,0
3416,41800,41798893,11102,250,-1,-1,1,0,89.9,0
3417,41811,41810005,11112,250,-1,-1,1,0,89.9,0
3418,41822,41821107,11102,250,-1,-1,1,0,90.0,0
3419,41833,41832218,11111,250,-1,-1,1,0,90.0,0
3420,41913,41843322,11104,250,-1,-1,1,0,77.1,0
3421,41913,41909974,66652,250,-1,-1,1,0,79.2,1
3422,41922,41921107,11133,250,-1,-1,1,0,79.8,0
3423,41933,41932197,11090,250,-1,-1,1,0,80.0,0
3424,41944,41943312,11115,250,-1,-1,1,0,80.2,0
3425,41955,41954422,11110,250,-1,-1,1,0,80.5,0
3426,41966,41965535,11113,250,-1,-1,1,0,80.7,0
3427,41978,41976639,11104,250,-1,-1,1,0,80.7,0
3428,41989,41987750,11111,250,-1,-1,1,0,80.9,0
3429,42000,41998859,11109,250,-1,-1,1,0,81.1,0
3430,42011,42009969,11110,250,-1,-1,1,0,81.3,1
3431,42022,42021088,11119,250,-1,-1,1,0,81.5,0
3432,42033,42032184,11096,250,-1,-1,1,0,81.7,0
3433,42044,42043300,11116,250,-1,-1,1,0,81.8,0
3434,42055,42054574,11274,250,-1,-1,1,0,82.0,0
3435,42067,42065519,10945,250,-1,-1,1,0,82.0,0
3436,42077,42076627,11108,250,-1,-1,1,0,82.3,0
3437,42089,42087725,11098,250,-1,-1,1,0,82.3,0
3438,42100,42098835,11110,250,-1,-1,1,0,82.5,0
3439,42111,42109945,11110,250,-1,-1,1,0,82.6,1
3440,42122,42121065,11120,250,-1,-1,1,0,82.7,0
3441,42133,42132167,11102,250,-1,-1,1,0,82.9,0
3442,42144,42143283,11116,250,-1,-1,1,0,83.0,0
3443,42155,42154389,11106,250,-1,-1,1,0,83.0,0
3444,42166,42165498,11109,250,-1,-1,1,0,83.2,0
3445,42177,42176601,11103,250,-1,-1,1,0,83.3,0
3446,42188,42187711,11110,250,-1,-1,1,0,83.4,0
3447,42200,42198819,11108,250,-1,-1,1,0,83.4,0
3448,42211,42209933,11114,250,-1,-1,1,0,83.5,1
3449,42222,42221058,11125,250,-1,-1,1,0,83.7,0
3450,42233,42232160,11102,250,-1,-1,1,0,83.8,0
3451,42244,42243268,11108,250,-1,-1,1,0,83.8,0
3452,42255,42254374,11106,250,-1,-1,1,0,83.9,0
3453,42266,42265480,11106,250,-1,-1,1,0,84.0,0
3454,42277,42276583,11103,250,-1,-1,1,0,84.1,0
3455,42289,42287694,11111,250,-1,-1,1,0,84.1,0
3456,42300,42298805,11111,250,-1,-1,1,0,84.2,0
3457,42311,42309919,11114,250,-1,-1,1,0,84.3,1
3458,42322,42321036,11117,250,-1,-1,1,0,84.4,0
3459,42333,42332134,11098,250,-1,-1,1,0,84.4,0
3460,42344,42343254,11120,250,-1,-1,1,0,84.5,0
3461,42355,42354354,11100,250,-1,-1,1,0,84.6,0
3462,42366,42365464,11110,250,-1,-1,1,0,84.7,0
3463,42378,42376568,11104,250,-1,-1,1,0,84.7,0
3464,42388,42387675,11107,250,-1,-1,1,0,84.8,0
3465,42400,42398786,11111,250,-1,-1,1,0,84.8,0
3466,42411,42409899,11113,250,-1,-1,1,0,84.9,1
3467,42422,42421023,11124,250,-1,-1,1,0,84.9,0
3468,42433,42432120,11097,250,-1,-1,1,0,85.0,0
3469,42458,42454473,22353,250,-1,-1,1,0,40.0,0
3470,42467,42465450,10977,250,-1,-1,1,0,58.8,0
3471,42477,42476558,11108,250,-1,-1,1,0,68.2,0
3472,42488,42487660,11102,250,-1,-1,1,0,72.7,0
3473,42500,42498768,11108,250,-1,-1,1,0,74.6,0
3474,42511,42509877,11109,250,-1,-1,1,0,76.9,0
3475,42522,42520987,11110,250,-1,-1,1,0,78.7,1
3476,42533,42532111,11124,250,-1,-1,1,0,80.0,0
3477,42544,42543212,11101,250,-1,-1,1,0,81.1,0
3478,42555,42554326,11114,250,-1,-1,1,0,82.0,0
3479,42566,42565433,11107,250,-1,-1,1,0,82.7,0
3480,42577,42576537,11104,250,-1,-1,1,0,83.3,0
3481,42588,42587652,11115,250,-1,-1,1,0,83.9,0
3482,42600,42598751,11099,250,-1,-1,1,0,83.8,0
3483,42611,42609859,11108,250,-1,-1,1,0,84.3,0
3484,42622,42620973,11114,250,-1,-1,1,0,84.7,1
3485,42633,42632096,11123,250,-1,-1,1,0,85.0,0
3486,42644,42643194,11098,250,-1,-1,1,0,85.3,0
3487,42655,42654310,11116,250,-1,-1,1,0,85.6,0
3488,42666,42665417,11107,250,-1,-1,1,0,85.8,0
3489,42677,42676527,11110,250,-1,-1,1,0,86.1,0
3490,42689,42687625,11098,250,-1,-1,1,0,85.9,0
3491,42700,42698741,11116,250,-1,-1,1,0,86.1,0
3492,42711,42709843,11102,250,-1,-1,1,0,86.3,0
3493,42722,42720954,11111,250,-1,-1,1,0,86.5,1
3494,42733,42732080,11126,250,-1,-1,1,0,86.7,0
3495,42744,42743182,11102,250,-1,-1,1,0,86.8,0
3496,42755,42754296,11114,250,-1,-1,1,0,87.0,0
3497,42766,42765401,11105,250,-1,-1,1,0,87.1,0
3498,42778,42776501,11100,250,-1,-1,1,0,87.0,0
3499,42788,42787612,11111,250,-1,-1,1,0,87.3,0
3500,42800,42798717,11105,250,-1,-1,1,0,87.2,0
3501,42811,42809891,11174,250,-1,-1,1,0,87.3,0
3502,42822,42820934,11043,250,-1,-1,1,0,87.4,1
3503,42833,42832063,11129,250,-1,-1,1,0,87.5,0
3504,42844,42843157,11094,250,-1,-1,1,0,87.6,0
3505,42855,42854276,11119,250,-1,-1,1,0,87.7,0
3506,42867,42865377,11101,250,-1,-1,1,0,87.6,0
3507,42877,42876516,11139,250,-1,-1,1,0,87.8,0
3508,42888,42887589,11073,250,-1,-1,1,0,87.9,0
3509,42900,42898704,11115,250,-1,-1,1,0,87.8,0
3510,42985,42909806,11102,250,-1,-1,1,0,76.1,0
3511,42985,42976467,66661,250,-1,-1,1,0,77.9,1
3512,42989,42987583,11116,250,-1,-1,1,0,79.1,0
3513,43000,42998690,11107,250,-1,-1,1,0,79.4,0
3514,43011,43009802,11112,250,-1,-1,1,0,79.6,0
3515,43022,43020913,11111,250,-1,-1,1,0,79.8,0
3516,43033,43032023,11110,250,-1,-1,1,0,80.0,0
3517,43044,43043126,11103,250,-1,-1,1,0,80.2,0
3518,43055,43054242,11116,250,-1,-1,1,0,80.4,0
3519,43066,43065348,11106,250,-1,-1,1,0,80.6,0
3520,43077,43076459,11111,250,-1,-1,1,0,80.7,1
3521,43089,43087570,11111,250,-1,-1,1,0,80.8,0
3522,43100,43098672,11102,250,-1,-1,1,0,81.0,0
3523,43111,43109787,11115,250,-1,-1,1,0,81.1,0
3524,43122,43120896,11109,250,-1,-1,1,0,81.3,0
3525,43133,43132004,11108,250,-1,-1,1,0,81.4,0
3526,43144,43143113,11109,250,-1,-1,1,0,81.6,0
3527,43155,43154212,11099,250,-1,-1,1,0,81.7,0
3528,43166,43165321,11109,250,-1,-1,1,0,81.9,0
3529,43178,43176428,11107,250,-1,-1,1,0,81.9,1
3530,43188,43187554,11126,250,-1,-1,1,0,82.1,0
3531,43199,43198655,11101,250,-1,-1,1,0,82.2,0
3532,43211,43209771,11116,250,-1,-1,1,0,82.3,0
3533,43222,43220875,11104,250,-1,-1,1,0,82.4,0
3534,43233,43231988,11113,250,-1,-1,1,0,82.5,0
3535,43244,43243094,11106,250,-1,-1,1,0,82.6,0
3536,43255,43254194,11100,250,-1,-1,1,0,82.7,0
3537,43267,43265302,11108,250,-1,-1,1,0,82.7,0
3538,43277,43276418,11116,250,-1,-1,1,0,82.9,1
3539,43288,43287533,11115,250,-1,-1,1,0,83.0,0
3540,43299,43298641,11108,250,-1,-1,1,0,83.1,0
3541,43311,43309751,11110,250,-1,-1,1,0,83.1,0
3542,43322,43320862,11111,250,-1,-1,1,0,83.2,0
3543,43333,43332029,11167,250,-1,-1,1,0,83.3,0
3544,43344,43343075,11046,250,-1,-1,1,0,83.4,0
3545,43355,43354179,11104,250,-1,-1,1,0,83.5,0
3546,43366,43365294,11115,250,-1,-1,1,0,83.6,0
3547,43377,43376398,11104,250,-1,-1,1,0,83.7,1
3548,43388,43387525,11127,250,-1,-1,1,0,83.8,0
3549,43400,43398625,11100,250,-1,-1,1,0,83.8,0
3550,43411,43409738,11113,250,-1,-1,1,0,83.8,0
3551,43422,43420850,11112,250,-1,-1,1,0,83.9,0
3552,43433,43431950,11100,250,-1,-1,1,0,84.0,0
3553,43444,43443060,11110,250,-1,-1,1,0,90.9,0
3554,43455,43454163,11103,250,-1,-1,1,0,90.9,0
3555,43466,43465275,11112,250,-1,-1,1,0,90.9,0
3556,43477,43476379,11104,250,-1,-1,1,0,90.9,1
3557,43489,43487504,11125,250,-1,-1,1,0,89.3,0
3558,43499,43498606,11102,250,-1,-1,1,0,90.9,0
3559,43511,43509722,11116,250,-1,-1,1,0,89.7,0
3560,43522,43520830,11108,250,-1,-1,1,0,89.9,0
3561,43533,43532103,11273,250,-1,-1,1,0,90.0,0
3562,43544,43543038,10935,250,-1,-1,1,0,90.1,0
3563,43555,43554143,11105,250,-1,-1,1,0,90.2,0
3564,43566,43565255,11112,250,-1,-1,1,0,90.2,0
3565,43577,43576360,11105,250,-1,-1,1,0,90.3,1
3566,43588,43587485,11125,250,-1,-1,1,0,90.3,0
3567,43599,43598586,11101,250,-1,-1,1,0,90.4,0
3568,43611,43609702,11116,250,-1,-1,1,0,89.9,0
3569,43622,43620807,11105,250,-1,-1,1,0,89.9,0
3570,43633,43631918,11111,250,-1,-1,1,0,90.0,0
3571,43644,43643021,11103,250,-1,-1,1,0,90.0,0
3572,43655,43654125,11104,250,-1,-1,1,0,90.1,0
3573,43666,43665234,11109,250,-1,-1,1,0,90.1,0
3574,43677,43676346,11112,250,-1,-1,1,0,90.2,1
3575,43688,43687469,11123,250,-1,-1,1,0,90.2,0
3576,43699,43698571,11102,250,-1,-1,1,0,90.2,0
3577,43711,43709688,11117,250,-1,-1,1,0,89.9,0
3578,43722,43720791,11103,250,-1,-1,1,0,90.0,0
3579,43733,43731897,11106,250,-1,-1,1,0,90.0,0
3580,43744,43743001,11104,250,-1,-1,1,0,90.0,0
3581,43755,43754109,11108,250,-1,-1,1,0,90.1,0
3582,43766,43765218,11109,250,-1,-1,1,0,90.1,0
3583,43777,43776332,11114,250,-1,-1,1,0,90.1,1
3584,43788,43787456,11124,250,-1,-1,1,0,90.1,0
3585,43800,43798553,11097,250,-1,-1,1,0,89.9,0
3586,43811,43809666,11113,250,-1,-1,1,0,89.9,0
3587,43822,43820774,11108,250,-1,-1,1,0,90.0,0
3588,43833,43831975,11201,250,-1,-1,1,0,90.0,0
3589,43844,43842988,11013,250,-1,-1,1,0,90.0,0
3590,43855,43854096,11108,250,-1,-1,1,0,90.0,0
3591,43866,43865203,11107,250,-1,-1,1,0,90.1,0
3592,43877,43876312,11109,250,-1,-1,1,0,90.1,1
3593,43889,43887439,11127,250,-1,-1,1,0,89.9,0
3594,43899,43898538,11099,250,-1,-1,1,0,90.1,0
3595,43910,43909649,11111,250,-1,-1,1,0,90.0,0
3596,43922,43920758,11109,250,-1,-1,1,0,90.0,0
3597,43933,43931863,11105,250,-1,-1,1,0,90.0,0
3598,43944,43942972,11109,250,-1,-1,1,0,90.0,0
3599,43955,43954083,11111,250,-1,-1,1,0,90.0,0
3600,44040,43965187,11104,250,-1,-1,1,0,79.1,0
3601,44041,44031841,66654,250,-1,-1,1,0,80.6,1
3602,44044,44042956,11115,250,-1,-1,1,0,81.8,0
3603,44055,44054071,11115,250,-1,-1,1,0,82.0,0
3604,44066,44065176,11105,250,-1,-1,1,0,82.1,0
3605,44077,44076290,11114,250,-1,-1,1,0,82.3,0
3606,44088,44087396,11106,250,-1,-1,1,0,82.4,0
3607,44099,44098508,11112,250,-1,-1,1,0,82.6,0
3608,44111,44109610,11102,250,-1,-1,1,0,82.6,0
3609,44122,44120722,11112,250,-1,-1,1,0,82.7,0
3610,44133,44131830,11108,250,-1,-1,1,0,82.9,1
3611,44144,44142958,11128,250,-1,-1,1,0,83.0,0
3612,44155,44154043,11085,250,-1,-1,1,0,83.1,0
3613,44166,44165164,11121,250,-1,-1,1,0,83.2,0
3614,44177,44176270,11106,250,-1,-1,1,0,83.3,0
3615,44188,44187378,11108,250,-1,-1,1,0,83.4,0
3616,44200,44198480,11102,250,-1,-1,1,0,83.4,0
3617,44210,44209589,11109,250,-1,-1,1,0,83.7,0
3618,44221,44220698,11109,250,-1,-1,1,0,83.8,0
3619,44233,44231807,11109,250,-1,-1,1,0,83.8,1
3620,44244,44242936,11129,250,-1,-1,1,0,83.8,0
3621,44255,44254033,11097,250,-1,-1,1,0,83.9,0
3622,44266,44265147,11114,250,-1,-1,1,0,84.0,0
3623,44277,44276252,11105,250,-1,-1,1,0,84.1,0
3624,44289,44287517,11265,250,-1,-1,1,0,84.1,0
3625,44299,44298464,10947,250,-1,-1,1,0,84.3,0
3626,44310,44309569,11105,250,-1,-1,1,0,84.4,0
3627,44321,44320678,11109,250,-1,-1,1,0,84.5,0
3628,44333,44331785,11107,250,-1,-1,1,0,84.4,1
3629,44344,44342915,11130,250,-1,-1,1,0,84.5,0
3630,44355,44354015,11100,250,-1,-1,1,0,84.6,0
3631,44366,44365130,11115,250,-1,-1,1,0,84.7,0
3632,44377,44376232,11102,250,-1,-1,1,0,84.7,0
3633,44388,44387348,11116,250,-1,-1,1,0,84.8,0
3634,44399,44398445,11097,250,-1,-1,1,0,84.9,0
3635,44410,44409555,11110,250,-1,-1,1,0,85.0,0
3636,44422,44420661,11106,250,-1,-1,1,0,84.9,0
3637,44433,44431772,11111,250,-1,-1,1,0,85.0,1
3638,44477,44476212,44440,250,-1,-1,1,0,23.3,0
3639,44488,44487330,11118,250,-1,-1,1,0,37.0,0
3640,44499,44498437,11107,250,-1,-1,1,0,46.2,0
3641,44511,44509536,11099,250,-1,-1,1,0,51.9,0
3642,44521,44520652,11116,250,-1,-1,1,0,57.5,0
3643,44533,44531757,11105,250,-1,-1,1,0,60.6,0
3644,44544,44542865,11108,250,-1,-1,1,0,63.6,0
3645,44555,44553972,11107,250,-1,-1,1,0,66.1,0
3646,44566,44565079,11107,250,-1,-1,1,0,68.2,1
3647,44577,44576211,11132,250,-1,-1,1,0,69.9,0
3648,44588,44587307,11096,250,-1,-1,1,0,71.4,0
3649,44600,44598421,11114,250,-1,-1,1,0,72.3,0
3650,44610,44609526,11105,250,-1,-1,1,0,73.9,0
3651,44621,44620639,11113,250,-1,-1,1,0,74.9,0
3652,44633,44631747,11108,250,-1,-1,1,0,75.4,0
3653,44644,44642849,11102,250,-1,-1,1,0,76.2,0
3654,44655,44653962,11113,250,-1,-1,1,0,76.9,0
3655,44666,44665066,11104,250,-1,-1,1,0,77.6,1
3656,44677,44676198,11132,250,-1,-1,1,0,78.2,0
3657,44688,44687286,11088,250,-1,-1,1,0,78.7,0
3658,44699,44698407,11121,250,-1,-1,1,0,79.2,0
3659,44710,44709512,11105,250,-1,-1,1,0,79.7,0
3660,44721,44720664,11152,250,-1,-1,1,0,80.1,0
3661,44733,44731721,11057,250,-1,-1,1,0,80.3,0
3662,44744,44742834,11113,250,-1,-1,1,0,80.6,0
3663,44755,44753942,11108,250,-1,-1,1,0,81.0,0
3664,44766,44765051,11109,250,-1,-1,1,0,81.3,1
3665,44777,44776178,11127,250,-1,-1,1,0,81.6,0
3666,44788,44787276,11098,250,-1,-1,1,0,81.9,0
3667,44799,44798392,11116,250,-1,-1,1,0,82.2,0
3668,44810,44809629,11237,250,-1,-1,1,0,82.2,0
3669,44822,44820609,10980,250,-1,-1,1,0,82.5,0
3670,44833,44831708,11099,250,-1,-1,1,0,82.7,0
3671,44844,44842812,11104,250,-1,-1,1,0,82.9,0
3672,44855,44853924,11112,250,-1,-1,1,0,83.1,0
3673,44866,44865037,11113,250,-1,-1,1,0,83.3,1
3674,44877,44876152,11115,250,-1,-1,1,0,83.5,0
3675,44888,44887254,11102,250,-1,-1,1,0,83.7,0
3676,44899,44898375,11121,250,-1,-1,1,0,83.9,0
3677,44911,44909478,11103,250,-1,-1,1,0,83.9,0
3678,44921,44920589,11111,250,-1,-1,1,0,84.2,0
3679,44932,44931687,11098,250,-1,-1,1,0,84.3,0
3680,44944,44942800,11113,250,-1,-1,1,0,84.3,0
3681,44955,44953904,11104,250,-1,-1,1,0,84.5,0
3682,44966,44965019,11115,250,-1,-1,1,0,84.6,1
3683,44977,44976138,11119,250,-1,-1,1,0,84.7,0
3684,44988,44987235,11097,250,-1,-1,1,0,84.8,0
3685,44999,44998352,11117,250,-1,-1,1,0,85.0,0
3686,45010,45009461,11109,250,-1,-1,1,0,85.1,0
3687,45021,45020569,11108,250,-1,-1,1,0,85.2,0
3688,45032,45031671,11102,250,-1,-1,1,0,85.3,0
3689,45044,45042777,11106,250,-1,-1,1,0,85.2,0
3690,45129,45053891,11114,250,-1,-1,1,0,76.3,0
3691,45129,45120540,66649,250,-1,-1,1,0,77.7,1
3692,45133,45131664,11124,250,-1,-1,1,0,78.7,0
3693,45144,45142775,11111,250,-1,-1,1,0,78.9,0
3694,45155,45153873,11098,250,-1,-1,1,0,79.1,0
3695,45166,45164991,11118,250,-1,-1,1,0,79.2,0
3696,45177,45176103,11112,250,-1,-1,1,0,79.4,0
3697,45188,45187206,11103,250,-1,-1,1,0,79.6,0
3698,45199,45198321,11115,250,-1,-1,1,0,79.7,0
3699,45210,45209429,11108,250,-1,-1,1,0,79.9,0
3700,45222,45220535,11106,250,-1,-1,1,0,79.9,1
3701,45233,45231655,11120,250,-1,-1,1,0,80.1,0
3702,45244,45242752,11097,250,-1,-1,1,0,80.2,0
3703,45255,45253864,11112,250,-1,-1,1,0,80.4,0
3704,45266,45264973,11109,250,-1,-1,1,0,80.5,0
3705,45277,45276081,11108,250,-1,-1,1,0,80.7,0
3706,45288,45287183,11102,250,-1,-1,1,0,80.8,0
3707,45299,45298293,11110,250,-1,-1,1,0,80.9,0
3708,45310,45309401,11108,250,-1,-1,1,0,81.1,0
3709,45321,45320512,11111,250,-1,-1,1,0,81.2,1
3710,45332,45331632,11120,250,-1,-1,1,0,81.3,0
3711,45344,45342735,11103,250,-1,-1,1,0,81.3,0
3712,45355,45353849,11114,250,-1,-1,1,0,81.4,0
3713,45366,45364960,11111,250,-1,-1,1,0,81.5,0
3714,45377,45376062,11102,250,-1,-1,1,0,81.7,0
3715,45388,45387168,11106,250,-1,-1,1,0,81.8,0
3716,45399,45398275,11107,250,-1,-1,1,0,81.9,0
3717,45410,45409388,11113,250,-1,-1,1,0,82.0,0
3718,45421,45420493,11105,250,-1,-1,1,0,82.1,1
3719,45432,45431624,11131,250,-1,-1,1,0,82.2,0
3720,45444,45442716,11092,250,-1,-1,1,0,82.2,0
3721,45466,45464928,22212,250,-1,-1,1,0,45.5,0
3722,45477,45476050,11122,250,-1,-1,1,0,60.6,0
3723,45488,45487155,11105,250,-1,-1,1,0,68.2,0
3724,45499,45498257,11102,250,-1,-1,1,0,72.7,0
3725,45510,45509367,11110,250,-1,-1,1,0,75.8,0
3726,45521,45520475,11108,250,-1,-1,1,0,77.9,0
3727,45533,45531588,11113,250,-1,-1,1,0,78.7,1
3728,45544,45542713,11125,250,-1,-1,1,0,80.0,0
3729,45555,45553808,11095,250,-1,-1,1,0,81.1,0
3730,45566,45564928,11120,250,-1,-1,1,0,82.0,0
3731,45577,45576027,11099,250,-1,-1,1,0,82.7,0
3732,45588,45587139,11112,250,-1,-1,1,0,83.3,0
3733,45599,45598245,11106,250,-1,-1,1,0,83.9,0
3734,45610,45609352,11107,250,-1,-1,1,0,84.3,0
3735,45621,45620459,11107,250,-1,-1,1,0,84.7,0
3736,45632,45631571,11112,250,-1,-1,1,0,85.1,1
3737,45644,45642693,11122,250,-1,-1,1,0,85.0,0
3738,45655,45653793,11100,250,-1,-1,1,0,85.3,0
3739,45666,45664906,11113,250,-1,-1,1,0,85.6,0
3740,45677,45676035,11129,250,-1,-1,1,0,85.8,0
3741,45688,45687126,11091,250,-1,-1,1,0,86.1,0
3742,45699,45698225,11099,250,-1,-1,1,0,86.3,0
3743,45710,45709333,11108,250,-1,-1,1,0,86.5,0
3744,45721,45720445,11112,250,-1,-1,1,0,86.6,0
3745,45732,45731556,11111,250,-1,-1,1,0,86.8,1
3746,45744,45742675,11119,250,-1,-1,1,0,86.7,0
3747,45755,45753773,11098,250,-1,-1,1,0,86.8,0
3748,45766,45764888,11115,250,-1,-1,1,0,87.0,0
3749,45777,45775995,11107,250,-1,-1,1,0,87.1,0
3750,45788,45787104,11109,250,-1,-1,1,0,87.2,0
3751,45799,45798206,11102,250,-1,-1,1,0,87.3,0
3752,45810,45809318,11112,250,-1,-1,1,0,87.4,0
3753,45821,45820427,11109,250,-1,-1,1,0,87.5,0
3754,45832,45831538,11111,250,-1,-1,1,0,87.6,1
3755,45844,45842659,11121,250,-1,-1,1,0,87.5,0
3756,45855,45853760,11101,250,-1,-1,1,0,87.6,0
3757,45866,45864870,11110,250,-1,-1,1,0,87.7,0
3758,45877,45876018,11148,250,-1,-1,1,0,87.8,0
3759,45888,45887087,11069,250,-1,-1,1,0,87.8,0
3760,45899,45898193,11106,250,-1,-1,1,0,87.9,0
3761,45910,45909302,11109,250,-1,-1,1,0,88.0,0
3762,45921,45920410,11108,250,-1,-1,1,0,88.1,0
3763,45932,45931517,11107,250,-1,-1,1,0,88.1,1
3764,45943,45942647,11130,250,-1,-1,1,0,88.2,0
3765,45955,45953744,11097,250,-1,-1,1,0,88.1,0
3766,45966,45964861,11117,250,-1,-1,1,0,88.1,0
3767,45977,45975961,11100,250,-1,-1,1,0,88.2,0
3768,45988,45987073,11112,250,-1,-1,1,0,88.2,0
3769,45999,45998172,11099,250,-1,-1,1,0,88.3,0
3770,46010,46009280,11108,250,-1,-1,1,0,88.3,0
3771,46021,46020389,11109,250,-1,-1,1,0,88.4,0
3772,46032,46031500,11111,250,-1,-1,1,0,88.4,1
3773,46043,46042629,11129,250,-1,-1,1,0,88.5,0
3774,46055,46053728,11099,250,-1,-1,1,0,88.4,0
3775,46066,46064838,11110,250,-1,-1,1,0,88.4,0
3776,46077,46075946,11108,250,-1,-1,1,0,88.5,0
3777,46088,46087059,11113,250,-1,-1,1,0,88.5,0
3778,46099,46098165,11106,250,-1,-1,1,0,88.5,0
3779,46110,46109265,11100,250,-1,-1,1,0,88.6,0
3780,46196,46120377,11112,250,-1,-1,1,0,79.8,0
3781,46197,46187024,66647,250,-1,-1,1,0,81.0,1
3782,46200,46198145,11121,250,-1,-1,1,0,82.0,0
3783,46210,46209260,11115,250,-1,-1,1,0,82.2,0
3784,46221,46220359,11099,250,-1,-1,1,0,82.4,0
3785,46232,46231470,11111,250,-1,-1,1,0,82.5,0
3786,46244,46242590,11120,250,-1,-1,1,0,82.5,0
3787,46255,46253690,11100,250,-1,-1,1,0,82.6,0
3788,46266,46264797,11107,250,-1,-1,1,0,82.7,0
3789,46277,46275914,11117,250,-1,-1,1,0,82.8,0
3790,46288,46287018,11104,250,-1,-1,1,0,82.9,1
3791,46299,46298138,11120,250,-1,-1,1,0,83.0,0
3792,46310,46309237,11099,250,-1,-1,1,0,83.1,0
3793,46321,46320351,11114,250,-1,-1,1,0,83.2,0
3794,46332,46331459,11108,250,-1,-1,1,0,83.3,0
3795,46343,46342566,11107,250,-1,-1,1,0,83.4,0
3796,46354,46353667,11101,250,-1,-1,1,0,83.5,0
3797,46366,46364776,11109,250,-1,-1,1,0,83.5,0
3798,46377,46375888,11112,250,-1,-1,1,0,83.6,0
3799,46388,46386999,11111,250,-1,-1,1,0,83.7,1
3800,46399,46398123,11124,250,-1,-1,1,0,83.8,0
3801,46410,46409222,11099,250,-1,-1,1,0,83.9,0
3802,46421,46420337,11115,250,-1,-1,1,0,83.9,0
3803,46432,46431480,11143,250,-1,-1,1,0,84.0,0
3804,46443,46442550,11070,250,-1,-1,1,0,84.1,0
3805,46454,46453650,11100,250,-1,-1,1,0,84.2,0
3806,46466,46464764,11114,250,-1,-1,1,0,83.3,0
3807,46477,46475871,11107,250,-1,-1,1,0,87.0,0
3808,46488,46486982,11111,250,-1,-1,1,0,88.2,1
3809,46499,46498104,11122,250,-1,-1,1,0,88.9,0
3810,46510,46509201,11097,250,-1,-1,1,0,89.3,0
3811,46521,46520320,11119,250,-1,-1,1,0,89.6,0
3812,46532,46531455,11135,250,-1,-1,1,0,89.7,0
3813,46543,46542532,11077,250,-1,-1,1,0,89.9,0
3814,46555,46553637,11105,250,-1,-1,1,0,89.1,0
3815,46566,46564743,11106,250,-1,-1,1,0,89.3,0
3816,46577,46575854,11111,250,-1,-1,1,0,89.4,0
3817,46588,46586962,11108,250,-1,-1,1,0,89.6,1
3818,46599,46598087,11125,250,-1,-1,1,0,89.7,0
3819,46610,46609188,11101,250,-1,-1,1,0,89.7,0
3820,46621,46620303,11115,250,-1,-1,1,0,89.8,0
3821,46632,46631525,11222,250,-1,-1,1,0,89.9,0
3822,46643,46642517,10992,250,-1,-1,1,0,89.9,0
3823,46654,46653618,11101,250,-1,-1,1,0,90.0,0
3824,46666,46664725,11107,250,-1,-1,1,0,89.6,0
3825,46677,46675834,11109,250,-1,-1,1,0,89.7,0
3826,46688,46686948,11114,250,-1,-1,1,0,89.7,1
3827,46699,46698070,11122,250,-1,-1,1,0,89.8,0
3828,46710,46709169,11099,250,-1,-1,1,0,89.8,0
3829,46721,46720279,11110,250,-1,-1,1,0,89.9,0
3830,46732,46731377,11098,250,-1,-1,1,0,89.9,0
3831,46744,46742499,11122,250,-1,-1,1,0,89.7,0
3832,46754,46753606,11107,250,-1,-1,1,0,90.0,0
3833,46766,46764715,11109,250,-1,-1,1,0,89.7,0
3834,46777,46775816,11101,250,-1,-1,1,0,89.8,0
3835,46788,46786930,11114,250,-1,-1,1,0,89.8,1
3836,46799,46798055,11125,250,-1,-1,1,0,89.9,0
3837,46810,46809152,11097,250,-1,-1,1,0,89.9,0
3838,46821,46820266,11114,250,-1,-1,1,0,89.9,0
3839,46832,46831388,11122,250,-1,-1,1,0,89.9,0
3840,46843,46842482,11094,250,-1,-1,1,0,90.0,0
3841,46854,46853587,11105,250,-1,-1,1,0,90.0,0
3842,46866,46864688,11101,250,-1,-1,1,0,89.8,0
3843,46877,46875804,11116,250,-1,-1,1,0,89.8,0
3844,46888,46886908,11104,250,-1,-1,1,0,89.9,1
3845,46899,46898038,11130,250,-1,-1,1,0,89.9,0
3846,46910,46909130,11092,250,-1,-1,1,0,89.9,0
3847,46921,46920253,11123,250,-1,-1,1,0,89.9,0
3848,46932,46931457,11204,250,-1,-1,1,0,90.0,0
3849,46943,46942468,11011,250,-1,-1,1,0,90.0,0
3850,46954,46953569,11101,250,-1,-1,1,0,90.0,0
3851,46965,46964677,11108,250,-1,-1,1,0,90.0,0
3852,46977,46975783,11106,250,-1,-1,1,0,89.9,0
3853,46988,46986894,11111,250,-1,-1,1,0,89.9,1
3854,46999,46998017,11123,250,-1,-1,1,0,89.9,0
3855,47010,47009119,11102,250,-1,-1,1,0,89.9,0
3856,47021,47020233,11114,250,-1,-1,1,0,89.9,0
3857,47032,47031430,11197,250,-1,-1,1,0,90.0,0
3858,47043,47042445,11015,250,-1,-1,1,0,90.0,0
3859,47054,47053555,11110,250,-1,-1,1,0,90.0,0
3860,47065,47064659,11104,250,-1,-1,1,0,90.0,0
3861,47077,47075768,11109,250,-1,-1,1,0,89.9,0
3862,47088,47086872,11104,250,-1,-1,1,0,89.9,1
3863,47099,47098003,11131,250,-1,-1,1,0,89.9,0
3864,47110,47109098,11095,250,-1,-1,1,0,89.9,0
3865,47121,47120217,11119,250,-1,-1,1,0,90.0,0
3866,47132,47131406,11189,250,-1,-1,1,0,90.0,0
3867,47143,47142431,11025,250,-1,-1,1,0,90.0,0
3868,47154,47153532,11101,250,-1,-1,1,0,90.0,0
3869,47165,47164641,11109,250,-1,-1,1,0,90.0,0
3870,47252,47175748,11107,250,-1,-1,1,0,81.5,0
3871,47253,47242400,66652,250,-1,-1,1,0,82.6,1
3872,47256,47253511,11111,250,-1,-1,1,0,83.5,0
3873,47266,47264637,11126,250,-1,-1,1,0,83.7,0
3874,47277,47275739,11102,250,-1,-1,1,0,83.8,0
3875,47288,47286847,11108,250,-1,-1,1,0,83.9,0
3876,47299,47297957,11110,250,-1,-1,1,0,84.0,0
3877,47310,47309064,11107,250,-1,-1,1,0,84.1,0
3878,47321,47320180,11116,250,-1,-1,1,0,84.2,0
3879,47332,47331286,11106,250,-1,-1,1,0,84.3,0
3880,47343,47342396,11110,250,-1,-1,1,0,84.4,1
3881,47354,47353513,11117,250,-1,-1,1,0,84.4,0
3882,47365,47364615,11102,250,-1,-1,1,0,84.5,0
3883,47377,47375727,11112,250,-1,-1,1,0,84.5,0
3884,47388,47386837,11110,250,-1,-1,1,0,84.6,0
3885,47399,47397943,11106,250,-1,-1,1,0,84.7,0
3886,47410,47409047,11104,250,-1,-1,1,0,84.7,0
3887,47421,47420152,11105,250,-1,-1,1,0,84.8,0
3888,47432,47431262,11110,250,-1,-1,1,0,84.9,0
3889,47443,47442374,11112,250,-1,-1,1,0,84.9,1
3890,47454,47453494,11120,250,-1,-1,1,0,85.0,0
3891,47489,47486812,33318,250,-1,-1,1,0,28.6,0
3892,47499,47497930,11118,250,-1,-1,1,0,44.4,0
3893,47510,47509034,11104,250,-1,-1,1,0,53.6,0
3894,47521,47520136,11102,250,-1,-1,1,0,59.7,0
3895,47532,47531245,11109,250,-1,-1,1,0,64.1,0
3896,47543,47542352,11107,250,-1,-1,1,0,67.4,0
3897,47554,47553463,11111,250,-1,-1,1,0,70.0,0
3898,47565,47564577,11114,250,-1,-1,1,0,72.1,1
3899,47577,47575695,11118,250,-1,-1,1,0,73.2,0
3900,47588,47586797,11102,250,-1,-1,1,0,74.6,0
3901,47599,47597913,11116,250,-1,-1,1,0,75.9,0
3902,47610,47609142,11229,250,-1,-1,1,0,76.9,0
3903,47621,47620128,10986,250,-1,-1,1,0,77.8,0
3904,47632,47631230,11102,250,-1,-1,1,0,78.7,0
3905,47643,47642338,11108,250,-1,-1,1,0,79.4,0
3906,47654,47653449,11111,250,-1,-1,1,0,80.0,0
3907,47665,47664553,11104,250,-1,-1,1,0,80.6,1
3908,47677,47675678,11125,250,-1,-1,1,0,80.7,0
3909,47688,47686777,11099,250,-1,-1,1,0,81.2,0
3910,47699,47697895,11118,250,-1,-1,1,0,81.6,0
3911,47710,47709086,11191,250,-1,-1,1,0,82.0,0
3912,47721,47720113,11027,250,-1,-1,1,0,82.4,0
3913,47732,47731211,11098,250,-1,-1,1,0,82.7,0
3914,47743,47742318,11107,250,-1,-1,1,0,83.0,0
3915,47754,47753432,11114,250,-1,-1,1,0,83.3,0
3916,47765,47764615,11183,250,-1,-1,1,0,83.6,1
3917,47776,47775670,11055,250,-1,-1,1,0,83.9,0
3918,47788,47786763,11093,250,-1,-1,1,0,83.8,0
3919,47799,47797876,11113,250,-1,-1,1,0,84.1,0
3920,47810,47809097,11221,250,-1,-1,1,0,84.3,0
3921,47821,47820096,10999,250,-1,-1,1,0,84.5,0
3922,47832,47831196,11100,250,-1,-1,1,0,84.7,0
3923,47843,47842306,11110,250,-1,-1,1,0,84.8,0
3924,47854,47853415,11109,250,-1,-1,1,0,85.0,0
3925,47865,47864521,11106,250,-1,-1,1,0,85.2,1
3926,47876,47875651,11130,250,-1,-1,1,0,85.3,0
3927,47888,47886745,11094,250,-1,-1,1,0,85.3,0
3928,47899,47897866,11121,250,-1,-1,1,0,85.4,0
3929,47910,47909135,11269,250,-1,-1,1,0,85.5,0
3930,47921,47920079,10944,250,-1,-1,1,0,85.7,0
3931,47932,47931185,11106,250,-1,-1,1,0,85.8,0
3932,47943,47942288,11103,250,-1,-1,1,0,85.9,0
3933,47954,47953402,11114,250,-1,-1,1,0,86.0,0
3934,47965,47964511,11109,250,-1,-1,1,0,86.1,1
3935,47977,47975634,11123,250,-1,-1,1,0,86.0,0
3936,47988,47986727,11093,250,-1,-1,1,0,86.1,0
3937,47999,47997847,11120,250,-1,-1,1,0,86.2,0
3938,48010,48009055,11208,250,-1,-1,1,0,86.3,0
3939,48021,48020059,11004,250,-1,-1,1,0,86.4,0
3940,48032,48031163,11104,250,-1,-1,1,0,86.5,0
3941,48043,48042270,11107,250,-1,-1,1,0,86.6,0
3942,48054,48053384,11114,250,-1,-1,1,0,86.7,0
3943,48065,48064485,11101,250,-1,-1,1,0,86.7,1
3944,48076,48075614,11129,250,-1,-1,1,0,86.8,0
3945,48088,48086712,11098,250,-1,-1,1,0,86.8,0
3946,48099,48097830,11118,250,-1,-1,1,0,86.8,0
3947,48110,48109057,11227,250,-1,-1,1,0,86.9,0
3948,48121,48120047,10990,250,-1,-1,1,0,87.0,0
3949,48132,48131152,11105,250,-1,-1,1,0,87.0,0
3950,48143,48142256,11104,250,-1,-1,1,0,87.1,0
3951,48154,48153370,11114,250,-1,-1,1,0,87.1,0
3952,48165,48164472,11102,250,-1,-1,1,0,87.2,1
3953,48176,48175597,11125,250,-1,-1,1,0,87.3,0
3954,48188,48186696,11099,250,-1,-1,1,0,87.2,0
3955,48199,48197810,11114,250,-1,-1,1,0,87.2,0
3956,48210,48208914,11104,250,-1,-1,1,0,87.3,0
3957,48221,48220027,11113,250,-1,-1,1,0,87.4,0
3958,48232,48231135,11108,250,-1,-1,1,0,87.4,0
3959,48243,48242232,11097,250,-1,-1,1,0,87.5,0
3960,48330,48253350,11118,250,-1,-1,1,0,79.9,0
3961,48330,48319997,66647,250,-1,-1,1,0,81.1,1
3962,48334,48331103,11106,250,-1,-1,1,0,81.8,0
3963,48343,48342236,11133,250,-1,-1,1,0,82.1,0
3964,48354,48353333,11097,250,-1,-1,1,0,82.2,0
3965,48365,48364443,11110,250,-1,-1,1,0,82.3,0
3966,48376,48375554,11111,250,-1,-1,1,0,82.4,0
3967,48387,48386659,11105,250,-1,-1,1,0,82.5,0
3968,48399,48397767,11108,250,-1,-1,1,0,82.5,0
3969,48410,48408888,11121,250,-1,-1,1,0,82.6,0
3970,48421,48419991,11103,250,-1,-1,1,0,82.7,1
3971,48432,48431113,11122,250,-1,-1,1,0,82.8,0
3972,48443,48442207,11094,250,-1,-1,1,0,82.9,0
3973,48454,48453322,11115,250,-1,-1,1,0,83.0,0
3974,48468,48464427,11105,250,-1,-1,1,0,71.4,0
3975,48477,48475543,11116,250,-1,-1,1,0,87.0,0
3976,48487,48486651,11108,250,-1,-1,1,0,90.9,0
3977,48499,48497753,11102,250,-1,-1,1,0,88.9,0
3978,48510,48508855,11102,250,-1,-1,1,0,89.3,0
3979,48521,48519969,11114,250,-1,-1,1,0,89.6,1
3980,48532,48531089,11120,250,-1,-1,1,0,89.7,0
3981,48543,48542191,11102,250,-1,-1,1,0,89.9,0
3982,48554,48553305,11114,250,-1,-1,1,0,90.0,0
3983,48566,48564414,11109,250,-1,-1,1,0,89.3,0
3984,48576,48575523,11109,250,-1,-1,1,0,90.2,0
3985,48587,48586630,11107,250,-1,-1,1,0,90.2,0
3986,48599,48597732,11102,250,-1,-1,1,0,89.7,0
3987,48610,48608842,11110,250,-1,-1,1,0,89.7,0
3988,48621,48619948,11106,250,-1,-1,1,0,89.8,1
3989,48632,48631078,11130,250,-1,-1,1,0,89.9,0
3990,48643,48642167,11089,250,-1,-1,1,0,89.9,0
3991,48654,48653289,11122,250,-1,-1,1,0,90.0,0
3992,48665,48664392,11103,250,-1,-1,1,0,90.0,0
3993,48677,48675501,11109,250,-1,-1,1,0,89.7,0
3994,48687,48686609,11108,250,-1,-1,1,0,90.1,0
3995,48699,48697713,11104,250,-1,-1,1,0,89.8,0
3996,48710,48708822,11109,250,-1,-1,1,0,89.8,0
3997,48721,48719934,11112,250,-1,-1,1,0,89.9,1
3998,48732,48731060,11126,250,-1,-1,1,0,89.9,0
3999,48743,48742157,11097,250,-1,-1,1,0,90.0,0
4000,48754,48753272,11115,250,-1,-1,1,0,90.0,0
4001,48765,48764377,11105,250,-1,-1,1,0,90.0,0
4002,48776,48775486,11109,250,-1,-1,1,0,90.1,0
4003,48788,48786596,11110,250,-1,-1,1,0,89.8,0
4004,48799,48797694,11098,250,-1,-1,1,0,89.9,0
4005,48810,48808808,11114,250,-1,-1,1,0,89.9,0
4006,48821,48819916,11108,250,-1,-1,1,0,89.9,1
4007,48832,48831042,11126,250,-1,-1,1,0,89.9,0
4008,48843,48842137,11095,250,-1,-1,1,0,90.0,0
4009,48854,48853255,11118,250,-1,-1,1,0,90.0,0
4010,48865,48864357,11102,250,-1,-1,1,0,90.0,0
4011,48877,48875470,11113,250,-1,-1,1,0,89.8,0
4012,48887,48886576,11106,250,-1,-1,1,0,90.1,0
4013,48898,48897685,11109,250,-1,-1,1,0,90.1,0
4014,48910,48908786,11101,250,-1,-1,1,0,89.9,0
4015,48921,48919898,11112,250,-1,-1,1,0,89.9,1
4016,48932,48931025,11127,250,-1,-1,1,0,90.0,0
4017,48943,48942126,11101,250,-1,-1,1,0,90.0,0
4018,48954,48953240,11114,250,-1,-1,1,0,90.0,0
4019,48966,48964338,11098,250,-1,-1,1,0,89.8,0
4020,48976,48975453,11115,250,-1,-1,1,0,90.0,0
4021,48987,48986558,11105,250,-1,-1,1,0,90.1,0
4022,48998,48997661,11103,250,-1,-1,1,0,90.1,0
4023,49010,49008772,11111,250,-1,-1,1,0,89.9,0
4024,49021,49019881,11109,250,-1,-1,1,0,89.9,1
4025,49032,49031010,11129,250,-1,-1,1,0,90.0,0
4026,49043,49042106,11096,250,-1,-1,1,0,90.0,0
4027,49054,49053221,11115,250,-1,-1,1,0,90.0,0
4028,49065,49064323,11102,250,-1,-1,1,0,90.0,0
4029,49076,49075441,11118,250,-1,-1,1,0,90.0,0
4030,49087,49086546,11105,250,-1,-1,1,0,90.0,0
4031,49099,49097646,11100,250,-1,-1,1,0,89.9,0
4032,49110,49108762,11116,250,-1,-1,1,0,89.9,0
4033,49121,49119866,11104,250,-1,-1,1,0,90.0,1
4034,49132,49130988,11122,250,-1,-1,1,0,90.0,0
4035,49143,49142089,11101,250,-1,-1,1,0,90.0,0
4036,49154,49153205,11116,250,-1,-1,1,0,90.0,0
4037,49165,49164309,11104,250,-1,-1,1,0,90.0,0
4038,49176,49175419,11110,250,-1,-1,1,0,90.0,0
4039,49188,49186527,11108,250,-1,-1,1,0,89.9,0
4040,49198,49197627,11100,250,-1,-1,1,0,90.1,0
4041,49210,49208738,11111,250,-1,-1,1,0,89.9,0
4042,49221,49219853,11115,250,-1,-1,1,0,90.0,1
4043,49232,49230976,11123,250,-1,-1,1,0,90.0,0
4044,49243,49242070,11094,250,-1,-1,1,0,90.0,0
4045,49254,49253191,11121,250,-1,-1,1,0,90.0,0
4046,49265,49264289,11098,250,-1,-1,1,0,90.0,0
4047,49277,49275403,11114,250,-1,-1,1,0,89.9,0
4048,49287,49286505,11102,250,-1,-1,1,0,90.0,0
4049,49298,49297612,11107,250,-1,-1,1,0,90.0,0
4050,49355,49308718,11106,250,-1,-1,1,0,85.5,0
4051,49355,49353150,44432,250,-1,-1,1,0,86.6,1
4052,49365,49364286,11136,250,-1,-1,1,0,86.7,0
4053,49376,49375379,11093,250,-1,-1,1,0,86.8,0
4054,49387,49386488,11109,250,-1,-1,1,0,86.8,0
4055,49398,49397612,11124,250,-1,-1,1,0,86.9,0
4056,49410,49408717,11105,250,-1,-1,1,0,86.8,0
4057,49421,49419821,11104,250,-1,-1,1,0,86.9,0
4058,49432,49430938,11117,250,-1,-1,1,0,86.9,0
4059,49443,49442184,11246,250,-1,-1,1,0,87.0,0
4060,49454,49453149,10965,250,-1,-1,1,0,87.0,1
4061,49482,49475359,22210,250,-1,-1,1,0,38.5,0
4062,49487,49486481,11122,250,-1,-1,1,0,64.5,0
4063,49499,49497585,11104,250,-1,-1,1,0,69.8,0
4064,49510,49508697,11112,250,-1,-1,1,0,74.1,0
4065,49521,49519807,11110,250,-1,-1,1,0,76.9,0
4066,49532,49530908,11101,250,-1,-1,1,0,78.9,0
4067,49543,49542014,11106,250,-1,-1,1,0,80.5,0
4068,49554,49553125,11111,250,-1,-1,1,0,81.6,0
4069,49565,49564241,11116,250,-1,-1,1,0,82.6,1
4070,49576,49575359,11118,250,-1,-1,1,0,83.3,0
4071,49588,49586453,11094,250,-1,-1,1,0,83.3,0
4072,49598,49597577,11124,250,-1,-1,1,0,84.5,0
4073,49610,49608677,11100,250,-1,-1,1,0,84.4,0
4074,49621,49619784,11107,250,-1,-1,1,0,84.8,0
4075,49632,49630889,11105,250,-1,-1,1,0,85.2,0
4076,49643,49641997,11108,250,-1,-1,1,0,85.6,0
4077,49654,49653108,11111,250,-1,-1,1,0,85.9,0
4078,49665,49664217,11109,250,-1,-1,1,0,86.1,1
4079,49677,49675343,11126,250,-1,-1,1,0,86.0,0
4080,49687,49686439,11096,250,-1,-1,1,0,86.6,0
4081,49698,49697559,11120,250,-1,-1,1,0,86.8,0
4082,49709,49708657,11098,250,-1,-1,1,0,87.0,0
4083,49721,49719769,11112,250,-1,-1,1,0,86.8,0
4084,49732,49730875,11106,250,-1,-1,1,0,87.0,0
4085,49743,49741982,11107,250,-1,-1,1,0,87.1,0
4086,49754,49753090,11108,250,-1,-1,1,0,87.2,0
4087,49765,49764203,11113,250,-1,-1,1,0,87.4,1
4088,49776,49775324,11121,250,-1,-1,1,0,87.5,0
4089,49787,49786422,11098,250,-1,-1,1,0,87.6,0
4090,49798,49797540,11118,250,-1,-1,1,0,87.7,0
4091,49810,49808644,11104,250,-1,-1,1,0,87.6,0
4092,49821,49819752,11108,250,-1,-1,1,0,87.7,0
4093,49832,49830864,11112,250,-1,-1,1,0,87.8,0
4094,49843,49841963,11099,250,-1,-1,1,0,87.9,0
4095,49854,49853074,11111,250,-1,-1,1,0,87.9,0
4096,49865,49864182,11108,250,-1,-1,1,0,88.0,1
4097,49876,49875311,11129,250,-1,-1,1,0,88.1,0
4098,49887,49886402,11091,250,-1,-1,1,0,88.2,0
4099,49899,49897522,11120,250,-1,-1,1,0,88.0,0
4100,49910,49908628,11106,250,-1,-1,1,0,88.1,0
4101,49921,49919740,11112,250,-1,-1,1,0,88.2,0
4102,49932,49930842,11102,250,-1,-1,1,0,88.2,0
4103,49943,49941948,11106,250,-1,-1,1,0,88.3,0
4104,49954,49953059,11111,250,-1,-1,1,0,88.4,0
4105,49965,49964166,11107,250,-1,-1,1,0,88.4,1
4106,49976,49975289,11123,250,-1,-1,1,0,88.5,0
4107,49988,49986395,11106,250,-1,-1,1,0,88.3,0
4108,49998,49997501,11106,250,-1,-1,1,0,88.6,0
4109,50009,50008608,11107,250,-1,-1,1,0,88.6,0
4110,50021,50019720,11112,250,-1,-1,1,0,88.5,0
4111,50032,50030828,11108,250,-1,-1,1,0,88.5,0
4112,50043,50041931,11103,250,-1,-1,1,0,88.6,0
4113,50054,50053039,11108,250,-1,-1,1,0,88.6,0
4114,50065,50064146,11107,250,-1,-1,1,0,88.7,1
4115,50076,50075273,11127,250,-1,-1,1,0,88.7,0
4116,50087,50086374,11101,250,-1,-1,1,0,88.7,0
4117,50098,50097486,11112,250,-1,-1,1,0,88.8,0
4118,50109,50108588,11102,250,-1,-1,1,0,88.8,0
4119,50121,50119702,11114,250,-1,-1,1,0,88.7,0
4120,50132,50130812,11110,250,-1,-1,1,0,88.8,0
4121,50143,50141915,11103,250,-1,-1,1,0,88.8,0
4122,50154,50153032,11117,250,-1,-1,1,0,88.8,0
4123,50165,50164129,11097,250,-1,-1,1,0,88.9,1
4124,50176,50175257,11128,250,-1,-1,1,0,88.9,0
4125,50187,50186355,11098,250,-1,-1,1,0,88.9,0
4126,50198,50197464,11109,250,-1,-1,1,0,88.9,0
4127,50210,50208572,11108,250,-1,-1,1,0,88.9,0
4128,50221,50219686,11114,250,-1,-1,1,0,88.9,0
4129,50232,50230792,11106,250,-1,-1,1,0,88.9,0
4130,50243,50241895,11103,250,-1,-1,1,0,88.9,0
4131,50254,50253013,11118,250,-1,-1,1,0,89.0,0
4132,50265,50264114,11101,250,-1,-1,1,0,89.0,1
4133,50276,50275239,11125,250,-1,-1,1,0,89.0,0
4134,50287,50286336,11097,250,-1,-1,1,0,89.0,0
4135,50299,50297456,11120,250,-1,-1,1,0,89.0,0
4136,50309,50308562,11106,250,-1,-1,1,0,89.1,0
4137,50321,50319671,11109,250,-1,-1,1,0,89.0,0
4138,50332,50330774,11103,250,-1,-1,1,0,89.0,0
4139,50343,50341876,11102,250,-1,-1,1,0,89.1,0
4140,50435,50352986,11110,250,-1,-1,1,0,81.7,0
4141,50436,50430744,77758,250,-1,-1,1,0,82.7,1
4142,50443,50441986,11242,250,-1,-1,1,0,83.1,0
4143,50454,50452978,10992,250,-1,-1,1,0,83.2,0
4144,50465,50464085,11107,250,-1,-1,1,0,83.3,0
4145,50494,50486299,22214,250,-1,-1,1,0,34.5,0
4146,50498,50497419,11120,250,-1,-1,1,0,60.6,0
4147,50509,50508525,11106,250,-1,-1,1,0,68.2,0
4148,50521,50519626,11101,250,-1,-1,1,0,71.4,0
4149,50532,50530734,11108,250,-1,-1,1,0,74.6,0
4150,50543,50541845,11111,250,-1,-1,1,0,76.9,1
4151,50554,50552969,11124,250,-1,-1,1,0,78.7,0
4152,50565,50564071,11102,250,-1,-1,1,0,80.0,0
4153,50576,50575183,11112,250,-1,-1,1,0,81.1,0
4154,50587,50586286,11103,250,-1,-1,1,0,82.0,0
4155,50598,50597396,11110,250,-1,-1,1,0,82.7,0
4156,50610,50608509,11113,250,-1,-1,1,0,82.8,0
4157,50620,50619607,11098,250,-1,-1,1,0,83.9,0
4158,50632,50630720,11113,250,-1,-1,1,0,83.8,0
4159,50643,50641828,11108,250,-1,-1,1,0,84.3,1
4160,50654,50652949,11121,250,-1,-1,1,0,84.7,0
4161,50665,50664054,11105,250,-1,-1,1,0,85.0,0
4162,50676,50675167,11113,250,-1,-1,1,0,85.3,0
4163,50687,50686269,11102,250,-1,-1,1,0,85.6,0
4164,50699,50697382,11113,250,-1,-1,1,0,85.5,0
4165,50709,50708494,11112,250,-1,-1,1,0,86.1,0
4166,50720,50719592,11098,250,-1,-1,1,0,86.3,0
4167,50732,50730699,11107,250,-1,-1,1,0,86.1,0
4168,50743,50741815,11116,250,-1,-1,1,0,86.3,1
4169,50754,50752933,11118,250,-1,-1,1,0,86.5,0
4170,50765,50764039,11106,250,-1,-1,1,0,86.7,0
4171,50776,50775146,11107,250,-1,-1,1,0,86.8,0
4172,50787,50786254,11108,250,-1,-1,1,0,87.0,0
4173,50798,50797389,11135,250,-1,-1,1,0,87.1,0
4174,50809,50808529,11140,250,-1,-1,1,0,87.2,0
4175,50821,50819576,11047,250,-1,-1,1,0,87.1,0
4176,50832,50830687,11111,250,-1,-1,1,0,87.2,0
4177,50843,50841795,11108,250,-1,-1,1,0,87.3,1
4178,50854,50852919,11124,250,-1,-1,1,0,87.4,0
4179,50865,50864016,11097,250,-1,-1,1,0,87.5,0
4180,50876,50875132,11116,250,-1,-1,1,0,87.6,0
4181,50887,50886237,11105,250,-1,-1,1,0,87.7,0
4182,50899,50897345,11108,250,-1,-1,1,0,87.6,0
4183,50909,50908450,11105,250,-1,-1,1,0,87.8,0
4184,50921,50919558,11108,250,-1,-1,1,0,87.7,0
4185,50931,50930667,11109,250,-1,-1,1,0,88.0,0
4186,50943,50941781,11114,250,-1,-1,1,0,87.9,1
4187,50954,50952902,11121,250,-1,-1,1,0,87.9,0
4188,50965,50964005,11103,250,-1,-1,1,0,88.0,0
4189,50976,50975112,11107,250,-1,-1,1,0,88.1,0
4190,50987,50986219,11107,250,-1,-1,1,0,88.1,0
4191,50999,50997327,11108,250,-1,-1,1,0,88.0,0
4192,51010,51008436,11109,250,-1,-1,1,0,88.1,0
4193,51020,51019542,11106,250,-1,-1,1,0,88.3,0
4194,51031,51030648,11106,250,-1,-1,1,0,88.3,0
4195,51043,51041759,11111,250,-1,-1,1,0,88.2,1
4196,51054,51052882,11123,250,-1,-1,1,0,88.3,0
4197,51065,51063984,11102,250,-1,-1,1,0,88.3,0
4198,51076,51075099,11115,250,-1,-1,1,0,88.4,0
4199,51087,51086205,11106,250,-1,-1,1,0,88.4,0
4200,51099,51097314,11109,250,-1,-1,1,0,88.3,0
4201,51109,51108417,11103,250,-1,-1,1,0,88.5,0
4202,51120,51119524,11107,250,-1,-1,1,0,88.5,0
4203,51131,51130630,11106,250,-1,-1,1,0,88.6,0
4204,51143,51141744,11114,250,-1,-1,1,0,88.5,1
4205,51154,51152869,11125,250,-1,-1,1,0,88.5,0
4206,51165,51163966,11097,250,-1,-1,1,0,88.6,0
4207,51176,51175080,11114,250,-1,-1,1,0,88.6,0
4208,51187,51186190,11110,250,-1,-1,1,0,88.6,0
4209,51199,51197296,11106,250,-1,-1,1,0,88.6,0
4210,51209,51208405,11109,250,-1,-1,1,0,88.7,0
4211,51220,51219506,11101,250,-1,-1,1,0,88.7,0
4212,51232,51230614,11108,250,-1,-1,1,0,88.7,0
4213,51243,51241725,11111,250,-1,-1,1,0,88.7,1
4214,51254,51252851,11126,250,-1,-1,1,0,88.7,0
4215,51265,51263948,11097,250,-1,-1,1,0,88.8,0
4216,51276,51275066,11118,250,-1,-1,1,0,88.8,0
4217,51287,51286169,11103,250,-1,-1,1,0,88.8,0
4218,51298,51297279,11110,250,-1,-1,1,0,88.8,0
4219,51309,51308385,11106,250,-1,-1,1,0,88.9,0
4220,51321,51319492,11107,250,-1,-1,1,0,88.8,0
4221,51331,51330600,11108,250,-1,-1,1,0,88.9,0
4222,51343,51341709,11109,250,-1,-1,1,0,88.8,1
4223,51354,51352835,11126,250,-1,-1,1,0,88.9,0
4224,51365,51363929,11094,250,-1,-1,1,0,88.9,0
4225,51376,51375041,11112,250,-1,-1,1,0,88.9,0
4226,51387,51386151,11110,250,-1,-1,1,0,88.9,0
4227,51398,51397260,11109,250,-1,-1,1,0,89.0,0
4228,51410,51408371,11111,250,-1,-1,1,0,88.9,0
4229,51420,51419473,11102,250,-1,-1,1,0,89.0,0
4230,51492,51430584,11111,250,-1,-1,1,0,83.7,0
4231,51531,51530572,99988,250,-1,-1,1,0,25.6,1
4232,51543,51541694,11122,250,-1,-1,1,0,39.2,0
4233,51554,51552794,11100,250,-1,-1,1,0,48.4,0
4234,51565,51563899,11105,250,-1,-1,1,0,54.8,0
4235,51576,51575013,11114,250,-1,-1,1,0,59.5,0
4236,51587,51586171,11158,250,-1,-1,1,0,63.2,0
4237,51598,51597231,11060,250,-1,-1,1,0,66.0,0
4238,51609,51608338,11107,250,-1,-1,1,0,68.4,0
4239,51620,51619440,11102,250,-1,-1,1,0,70.3,0
4240,51632,51630548,11108,250,-1,-1,1,0,71.4,1
4241,51642,51641670,11122,250,-1,-1,1,1000,72.8,0
4242,51654,51652775,11105,250,-1,-1,1,0,74.1,0
4243,51665,51663887,11112,250,-1,-1,1,0,75.1,0
4244,51676,51674992,11105,250,-1,-1,1,0,76.1,0
4245,51687,51686108,11116,250,-1,-1,1,0,76.9,0
4246,51698,51697207,11099,250,-1,-1,1,0,77.7,0
4247,51709,51708315,11108,250,-1,-1,1,0,78.3,0
4248,51721,51719424,11109,250,-1,-1,1,0,78.6,0
4249,51731,51730537,11113,250,-1,-1,1,0,79.5,1
4250,51742,51741660,11123,250,-1,-1,1,0,80.0,0
4251,51754,51752756,11096,250,-1,-1,1,0,80.2,0
4252,51765,51763874,11118,250,-1,-1,1,0,80.6,0
4253,51776,51774977,11103,250,-1,-1,1,0,81.0,0
4254,51787,51786086,11109,250,-1,-1,1,0,81.4,0
4255,51798,51797189,11103,250,-1,-1,1,0,81.7,0
4256,51809,51808298,11109,250,-1,-1,1,0,82.0,0
4257,51820,51819407,11109,250,-1,-1,1,0,82.3,0
4258,51831,51830515,11108,250,-1,-1,1,0,82.6,1
4259,51842,51841643,11128,250,-1,-1,1,0,82.9,0
4260,51854,51852738,11095,250,-1,-1,1,0,82.9,0
4261,51865,51863853,11115,250,-1,-1,1,0,83.1,0
4262,51876,51874960,11107,250,-1,-1,1,0,83.3,0
4263,51887,51886066,11106,250,-1,-1,1,0,83.5,0
4264,51898,51897174,11108,250,-1,-1,1,0,83.7,0
4265,51909,51908277,11103,250,-1,-1,1,0,83.9,0
4266,51920,51919391,11114,250,-1,-1,1,0,84.1,0
4267,51931,51930494,11103,250,-1,-1,1,0,84.3,1
4268,51943,51941621,11127,250,-1,-1,1,0,84.3,0
4269,51954,51952720,11099,250,-1,-1,1,0,84.4,0
4270,51965,51963838,11118,250,-1,-1,1,0,84.6,0
4271,51976,51974938,11100,250,-1,-1,1,0,84.7,0
4272,51987,51986053,11115,250,-1,-1,1,0,84.8,0
4273,51998,51997159,11106,250,-1,-1,1,0,85.0,0
4274,52009,52008265,11106,250,-1,-1,1,0,85.1,0
4275,52020,52019373,11108,250,-1,-1,1,0,85.2,0
4276,52032,52030478,11105,250,-1,-1,1,0,85.2,1
4277,52042,52041607,11129,250,-1,-1,1,0,85.5,0
4278,52054,52052705,11098,250,-1,-1,1,0,85.4,0
4279,52065,52063820,11115,250,-1,-1,1,0,85.5,0
4280,52076,52074925,11105,250,-1,-1,1,0,85.6,0
4281,52087,52086038,11113,250,-1,-1,1,0,85.7,0
4282,52098,52097143,11105,250,-1,-1,1,0,85.8,0
4283,52109,52108246,11103,250,-1,-1,1,0,85.9,0
4284,52120,52119353,11107,250,-1,-1,1,0,86.0,0
4285,52131,52130467,11114,250,-1,-1,1,0,86.1,1
4286,52142,52141589,11122,250,-1,-1,1,0,86.2,0
4287,52153,52152686,11097,250,-1,-1,1,0,86.2,0
4288,52165,52163806,11120,250,-1,-1,1,0,86.2,0
4289,52176,52174907,11101,250,-1,-1,1,0,86.3,0
4290,52187,52186016,11109,250,-1,-1,1,0,86.3,0
4291,52198,52197119,11103,250,-1,-1,1,0,86.4,0
4292,52209,52208227,11108,250,-1,-1,1,0,86.5,0
4293,52220,52219336,11109,250,-1,-1,1,0,86.5,0
4294,52231,52230445,11109,250,-1,-1,1,0,86.6,1
4295,52242,52241577,11132,250,-1,-1,1,0,86.7,0
4296,52254,52252683,11106,250,-1,-1,1,0,86.6,0
4297,52265,52263778,11095,250,-1,-1,1,0,86.7,0
4298,52276,52274895,11117,250,-1,-1,1,0,86.7,0
4299,52287,52286000,11105,250,-1,-1,1,0,86.8,0
4300,52298,52297111,11111,250,-1,-1,1,0,86.8,0
4301,52309,52308210,11099,250,-1,-1,1,0,86.9,0
4302,52320,52319320,11110,250,-1,-1,1,0,87.0,0
4303,52331,52330428,11108,250,-1,-1,1,0,87.0,1
4304,52343,52341559,11131,250,-1,-1,1,0,87.0,0
4305,52353,52352655,11096,250,-1,-1,1,0,87.1,0
4306,52365,52363766,11111,250,-1,-1,1,0,87.1,0
4307,52376,52374872,11106,250,-1,-1,1,0,87.1,0
4308,52388,52385982,11110,250,-1,-1,1,0,87.1,0
4309,52398,52397085,11103,250,-1,-1,1,0,87.2,0
4310,52409,52408195,11110,250,-1,-1,1,0,87.2,0
4311,52420,52419304,11109,250,-1,-1,1,0,87.3,0
4312,52432,52430410,11106,250,-1,-1,1,0,87.2,1
4313,52442,52441537,11127,250,-1,-1,1,0,87.4,0
4314,52453,52452639,11102,250,-1,-1,1,0,87.4,0
4315,52465,52463750,11111,250,-1,-1,1,0,87.4,0
4316,52476,52474858,11108,250,-1,-1,1,0,87.4,0
4317,52487,52485967,11109,250,-1,-1,1,0,87.4,0
4318,52498,52497075,11108,250,-1,-1,1,0,87.5,0
4319,52509,52508180,11105,250,-1,-1,1,0,90.9,0
4320,52589,52519289,11109,250,-1,-1,1,0,22.0,0
4321,52590,52585935,66646,250,-1,-1,1,0,32.6,1
4322,52598,52597066,11131,250,-1,-1,1,0,40.0,0
4323,52609,52608166,11100,250,-1,-1,1,0,45.0,0
4324,52621,52619269,11103,250,-1,-1,1,0,48.8,0
4325,52631,52630389,11120,250,-1,-1,1,0,52.6,0
4326,52642,52641497,11108,250,-1,-1,1,0,55.6,0
4327,52654,52652602,11105,250,-1,-1,1,0,57.7,0
4328,52665,52663717,11115,250,-1,-1,1,0,59.9,0
4329,52676,52674822,11105,250,-1,-1,1,0,61.8,0
4330,52687,52685928,11106,250,-1,-1,1,0,63.5,1
4331,52698,52697055,11127,250,-1,-1,1,0,65.0,0
4332,52709,52708150,11095,250,-1,-1,1,0,66.4,0
4333,52720,52719263,11113,250,-1,-1,1,0,67.6,0
4334,52731,52730372,11109,250,-1,-1,1,0,68.7,0
4335,52743,52741479,11107,250,-1,-1,1,0,69.4,0
4336,52753,52752580,11101,250,-1,-1,1,0,70.6,0
4337,52764,52763689,11109,250,-1,-1,1,0,71.4,0
4338,52776,52774798,11109,250,-1,-1,1,0,71.9,0
4339,52787,52785906,11108,250,-1,-1,1,0,72.7,1
4340,52798,52797032,11126,250,-1,-1,1,0,73.3,0
4341,52809,52808132,11100,250,-1,-1,1,0,74.0,0
4342,52820,52819245,11113,250,-1,-1,1,0,74.5,0
4343,52832,52830348,11103,250,-1,-1,1,0,74.9,0
4344,52842,52841462,11114,250,-1,-1,1,0,75.6,0
4345,52853,52852568,11106,250,-1,-1,1,0,76.1,0
4346,52864,52863675,11107,250,-1,-1,1,0,76.5,0
4347,52876,52874781,11106,250,-1,-1,1,0,76.7,0
4348,52887,52885890,11109,250,-1,-1,1,0,77.1,1
4349,52898,52897015,11125,250,-1,-1,1,0,77.5,0
4350,52909,52908109,11094,250,-1,-1,1,0,77.9,0
4351,52920,52919233,11124,250,-1,-1,1,0,78.2,0
4352,52931,52930331,11098,250,-1,-1,1,0,78.5,0
4353,52943,52941445,11114,250,-1,-1,1,0,78.7,0
4354,52953,52952548,11103,250,-1,-1,1,0,79.1,0
4355,52965,52963652,11104,250,-1,-1,1,0,79.2,0
4356,52976,52974762,11110,250,-1,-1,1,0,79.5,0
4357,52987,52985873,11111,250,-1,-1,1,0,79.8,1
4358,52998,52996998,11125,250,-1,-1,1,0,80.0,0
4359,53009,53008099,11101,250,-1,-1,1,0,80.2,0
4360,53020,53019208,11109,250,-1,-1,1,0,80.5,0
4361,53031,53030321,11113,250,-1,-1,1,0,80.7,0
4362,53043,53041428,11107,250,-1,-1,1,0,80.7,0
4363,53054,53052533,11105,250,-1,-1,1,0,80.9,0
4364,53064,53063639,11106,250,-1,-1,1,0,81.3,0
4365,53076,53074747,11108,250,-1,-1,1,0,81.3,0
4366,53087,53085856,11109,250,-1,-1,1,0,81.5,1
4367,53098,53096989,11133,250,-1,-1,1,0,81.7,0
4368,53109,53108079,11090,250,-1,-1,1,0,81.8,0
4369,53120,53119196,11117,250,-1,-1,1,0,82.0,0
4370,53131,53130296,11100,250,-1,-1,1,0,82.1,0
4371,53143,53141414,11118,250,-1,-1,1,0,82.2,0
4372,53153,53152517,11103,250,-1,-1,1,0,82.4,0
4373,53164,53163622,11105,250,-1,-1,1,0,82.6,0
4374,53176,53174728,11106,250,-1,-1,1,0,82.6,0
4375,53187,53185846,11118,250,-1,-1,1,0,82.7,1
4376,53198,53196960,11114,250,-1,-1,1,0,82.9,0
4377,53209,53208064,11104,250,-1,-1,1,0,83.0,0
4378,53220,53219174,11110,250,-1,-1,1,0,83.1,0
4379,53231,53230283,11109,250,-1,-1,1,0,83.2,0
4380,53243,53241394,11111,250,-1,-1,1,0,83.2,0
4381,53253,53252508,11114,250,-1,-1,1,0,83.4,0
4382,53264,53263603,11095,250,-1,-1,1,0,83.6,0
4383,53276,53274716,11113,250,-1,-1,1,0,83.5,0
4384,53287,53285821,11105,250,-1,-1,1,0,83.7,1
4385,53298,53296947,11126,250,-1,-1,1,0,83.8,0
4386,53309,53308043,11096,250,-1,-1,1,0,83.8,0
4387,53320,53319163,11120,250,-1,-1,1,0,83.9,0
4388,53331,53330264,11101,250,-1,-1,1,0,84.0,0
4389,53343,53341377,11113,250,-1,-1,1,0,84.0,0
4390,53353,53352482,11105,250,-1,-1,1,0,84.2,0
4391,53365,53363586,11104,250,-1,-1,1,0,84.2,0
4392,53375,53374695,11109,250,-1,-1,1,0,84.3,0
4393,53387,53385804,11109,250,-1,-1,1,0,84.4,1
4394,53398,53396927,11123,250,-1,-1,1,0,84.4,0
4395,53409,53408027,11100,250,-1,-1,1,0,84.5,0
4396,53420,53419140,11113,250,-1,-1,1,0,84.6,0
4397,53431,53430251,11111,250,-1,-1,1,0,84.7,0
4398,53443,53441357,11106,250,-1,-1,1,0,84.7,0
4399,53454,53452465,11108,250,-1,-1,1,0,84.7,0
4400,53464,53463569,11104,250,-1,-1,1,0,84.9,0
4401,53475,53474682,11113,250,-1,-1,1,0,85.0,0
4402,53487,53485787,11105,250,-1,-1,1,0,84.9,1
4403,53498,53496917,11130,250,-1,-1,1,0,85.0,0
4404,53533,53530228,33311,250,-1,-1,1,0,28.6,0
4405,53543,53541344,11116,250,-1,-1,1,0,44.4,0
4406,53553,53552454,11110,250,-1,-1,1,0,54.5,0
4407,53564,53563554,11100,250,-1,-1,1,0,60.6,0
4408,53575,53574660,11106,250,-1,-1,1,0,64.9,0
4409,53587,53585770,11110,250,-1,-1,1,0,67.4,0
4410,53676,53596880,11110,250,-1,-1,1,0,39.3,0
4411,53677,53674640,77760,250,-1,-1,1,0,44.7,1
4412,53687,53685771,11131,250,-1,-1,1,0,47.6,0
4413,53698,53696863,11092,250,-1,-1,1,0,50.0,0
4414,53709,53707972,11109,250,-1,-1,1,0,52.1,0
4415,53721,53719090,11118,250,-1,-1,1,0,53.8,0
4416,53731,53730199,11109,250,-1,-1,1,0,55.8,0
4417,53742,53741305,11106,250,-1,-1,1,0,57.4,0
4418,53753,53752418,11113,250,-1,-1,1,0,58.8,0
4419,53765,53763532,11114,250,-1,-1,1,0,59.9,0
4420,53775,53774635,11103,250,-1,-1,1,0,61.4,1
4421,53787,53785755,11120,250,-1,-1,1,0,62.3,0
4422,53798,53796852,11097,250,-1,-1,1,0,63.3,0
4423,53809,53807963,11111,250,-1,-1,1,0,64.3,0
4424,53820,53819071,11108,250,-1,-1,1,0,65.2,0
4425,53831,53830200,11129,250,-1,-1,1,0,66.1,0
4426,53842,53841288,11088,250,-1,-1,1,0,66.9,0
4427,53854,53852392,11104,250,-1,-1,1,0,67.4,0
4428,53864,53863500,11108,250,-1,-1,1,0,68.3,0
4429,53875,53874612,11112,250,-1,-1,1,0,69.0,1
4430,53887,53885737,11125,250,-1,-1,1,0,69.4,0
4431,53898,53896834,11097,250,-1,-1,1,0,70.0,0
4432,53909,53907986,11152,250,-1,-1,1,0,70.6,0
4433,53920,53919055,11069,250,-1,-1,1,0,71.1,0
4434,53931,53930169,11114,250,-1,-1,1,0,71.6,0
4435,53942,53941271,11102,250,-1,-1,1,0,72.1,0
4436,53953,53952377,11106,250,-1,-1,1,0,72.5,0
4437,53964,53963483,11106,250,-1,-1,1,0,73.0,0
4438,53975,53974589,11106,250,-1,-1,1,0,73.4,1
4439,53987,53985721,11132,250,-1,-1,1,0,73.6,0
4440,53998,53996816,11095,250,-1,-1,1,0,74.0,0
4441,54009,54007963,11147,250,-1,-1,1,0,74.4,0
4442,54020,54019033,11070,250,-1,-1,1,0,74.7,0
4443,54031,54030153,11120,250,-1,-1,1,0,75.0,0
4444,54042,54041256,11103,250,-1,-1,1,0,75.4,0
4445,54053,54052357,11101,250,-1,-1,1,0,75.7,0
4446,54064,54063463,11106,250,-1,-1,1,0,76.0,0
4447,54076,54074574,11111,250,-1,-1,1,0,76.1,1
4448,54087,54085700,11126,250,-1,-1,1,0,76.4,0
4449,54098,54096798,11098,250,-1,-1,1,0,76.7,0
4450,54109,54107913,11115,250,-1,-1,1,0,76.9,0
4451,54120,54119018,11105,250,-1,-1,1,0,77.2,0
4452,54131,54130130,11112,250,-1,-1,1,0,77.4,0
4453,54142,54141238,11108,250,-1,-1,1,0,77.6,0
4454,54153,54152341,11103,250,-1,-1,1,0,77.9,0
4455,54165,54163449,11108,250,-1,-1,1,0,78.0,0
4456,54175,54174559,11110,250,-1,-1,1,0,78.3,1
4457,54186,54185691,11132,250,-1,-1,1,0,78.4,0
4458,54198,54196777,11086,250,-1,-1,1,0,78.6,0
4459,54209,54207899,11122,250,-1,-1,1,0,78.8,0
4460,54220,54219057,11158,250,-1,-1,1,0,78.9,0
4461,54231,54230118,11061,250,-1,-1,1,0,79.1,0
4462,54242,54241222,11104,250,-1,-1,1,0,79.3,0
4463,54254,54252324,11102,250,-1,-1,1,0,79.4,0
4464,54264,54263436,11112,250,-1,-1,1,0,79.6,0
4465,54275,54274543,11107,250,-1,-1,1,0,79.8,1
4466,54286,54285667,11124,250,-1,-1,1,0,79.9,0
4467,54298,54296822,11155,250,-1,-1,1,0,80.0,0
4468,54309,54307954,11132,250,-1,-1,1,0,80.1,0
4469,54320,54318987,11033,250,-1,-1,1,0,80.3,0
4470,54331,54330094,11107,250,-1,-1,1,0,80.4,0
4471,54342,54341203,11109,250,-1,-1,1,0,80.6,0
4472,54353,54352306,11103,250,-1,-1,1,0,80.7,0
4473,54364,54363416,11110,250,-1,-1,1,0,80.8,0
4474,54375,54374524,11108,250,-1,-1,1,0,81.0,1
4475,54387,54385657,11133,250,-1,-1,1,0,81.0,0
4476,54398,54396749,11092,250,-1,-1,1,0,81.1,0
4477,54409,54407904,11155,250,-1,-1,1,0,81.2,0
4478,54420,54418966,11062,250,-1,-1,1,0,81.3,0
4479,54431,54430080,11114,250,-1,-1,1,0,81.5,0
4480,54442,54441187,11107,250,-1,-1,1,0,81.6,0
4481,54453,54452295,11108,250,-1,-1,1,0,81.7,0
4482,54464,54463397,11102,250,-1,-1,1,0,81.8,0
4483,54476,54474509,11112,250,-1,-1,1,0,81.8,1
4484,54486,54485633,11124,250,-1,-1,1,0,82.0,0
4485,54498,54496735,11102,250,-1,-1,1,0,82.0,0
4486,54527,54518943,22208,250,-1,-1,1,0,34.5,0
4487,54531,54530060,11117,250,-1,-1,1,0,60.6,0
4488,54542,54541206,11146,250,-1,-1,1,0,68.2,0
4489,54553,54552272,11066,250,-1,-1,1,0,72.7,0
4490,54565,54563383,11111,250,-1,-1,1,0,74.6,0
4491,54575,54574493,11110,250,-1,-1,1,0,77.9,0
4492,54586,54585599,11106,250,-1,-1,1,0,79.5,1
4493,54598,54596725,11126,250,-1,-1,1,0,80.0,0
4494,54609,54607827,11102,250,-1,-1,1,0,81.1,0
4495,54620,54618934,11107,250,-1,-1,1,0,82.0,0
4496,54631,54630041,11107,250,-1,-1,1,0,82.7,0
4497,54642,54641157,11116,250,-1,-1,1,0,83.3,0
4498,54653,54652263,11106,250,-1,-1,1,0,83.9,0
4499,54664,54663367,11104,250,-1,-1,1,0,84.3,0
4500,54762,54674479,11112,250,-1,-1,1,0,56.8,0
4501,54762,54752229,77750,250,-1,-1,1,0,60.6,1
4502,54765,54763524,11295,250,-1,-1,1,0,63.7,0
4503,54775,54774472,10948,250,-1,-1,1,0,65.0,0
4504,54787,54785572,11100,250,-1,-1,1,0,65.7,0
4505,54798,54796826,11254,250,-1,-1,1,0,66.7,0
4506,54809,54807793,10967,250,-1,-1,1,0,67.5,0
4507,54820,54818908,11115,250,-1,-1,1,0,68.3,0
4508,54831,54830007,11099,250,-1,-1,1,0,69.1,0
4509,54842,54841124,11117,250,-1,-1,1,0,69.8,0
4510,54853,54852228,11104,250,-1,-1,1,0,70.4,1
4511,54864,54863346,11118,250,-1,-1,1,0,71.0,0
4512,54876,54874447,11101,250,-1,-1,1,0,71.4,0
4513,54886,54885558,11111,250,-1,-1,1,0,72.2,0
4514,54898,54896669,11111,250,-1,-1,1,0,72.5,0
4515,54909,54907775,11106,250,-1,-1,1,0,73.0,0
4516,54920,54918884,11109,250,-1,-1,1,0,73.5,0
4517,54931,54929988,11104,250,-1,-1,1,0,73.9,0
4518,54942,54941098,11110,250,-1,-1,1,0,74.3,0
4519,54953,54952203,11105,250,-1,-1,1,0,74.7,1
4520,54965,54963335,11132,250,-1,-1,1,0,74.9,0
4521,54975,54974432,11097,250,-1,-1,1,0,75.5,0
4522,54986,54985582,11150,250,-1,-1,1,0,75.8,0
4523,54997,54996646,11064,250,-1,-1,1,0,76.2,0
4524,55009,55007764,11118,250,-1,-1,1,0,76.3,0
4525,55020,55018870,11106,250,-1,-1,1,0,76.6,0
4526,55031,55029971,11101,250,-1,-1,1,0,76.9,0
4527,55042,55041077,11106,250,-1,-1,1,0,77.2,0
4528,55053,55052186,11109,250,-1,-1,1,0,77.5,1
4529,55064,55063313,11127,250,-1,-1,1,0,77.7,0
4530,55075,55074415,11102,250,-1,-1,1,0,78.0,0
4531,55086,55085523,11108,250,-1,-1,1,0,78.2,0
4532,55098,55096632,11109,250,-1,-1,1,0,78.3,0
4533,55109,55107743,11111,250,-1,-1,1,0,78.6,0
4534,55120,55118852,11109,250,-1,-1,1,0,78.8,0
4535,55131,55129949,11097,250,-1,-1,1,0,79.0,0
4536,55142,55141069,11120,250,-1,-1,1,0,79.2,0
4537,55153,55152173,11104,250,-1,-1,1,0,79.4,1
4538,55164,55163298,11125,250,-1,-1,1,0,79.6,0
4539,55175,55174395,11097,250,-1,-1,1,0,79.8,0
4540,55187,55185514,11119,250,-1,-1,1,0,79.8,0
4541,55197,55196611,11097,250,-1,-1,1,0,80.1,0
4542,55209,55207725,11114,250,-1,-1,1,0,80.2,0
4543,55220,55218834,11109,250,-1,-1,1,0,80.3,0
4544,55231,55229934,11100,250,-1,-1,1,0,80.5,0
4545,55242,55241045,11111,250,-1,-1,1,0,80.6,0
4546,55253,55252154,11109,250,-1,-1,1,0,80.8,1
4547,55264,55263279,11125,250,-1,-1,1,0,80.9,0
4548,55276,55274381,11102,250,-1,-1,1,0,81.0,0
4549,55286,55285507,11126,250,-1,-1,1,0,81.2,0
4550,55298,55296602,11095,250,-1,-1,1,0,81.2,0
4551,55309,55307710,11108,250,-1,-1,1,0,81.4,0
4552,55320,55318817,11107,250,-1,-1,1,0,81.5,0
4553,55331,55329919,11102,250,-1,-1,1,0,81.6,0
4554,55342,55341029,11110,250,-1,-1,1,0,81.8,0
4555,55353,55352138,11109,250,-1,-1,1,0,81.9,1
4556,55364,55363263,11125,250,-1,-1,1,0,82.0,0
4557,55375,55374362,11099,250,-1,-1,1,0,82.1,0
4558,55386,55385520,11158,250,-1,-1,1,0,82.2,0
4559,55398,55396578,11058,250,-1,-1,1,0,82.2,0
4560,55409,55407693,11115,250,-1,-1,1,0,82.3,0
4561,55420,55418795,11102,250,-1,-1,1,0,82.4,0
4562,55431,55429902,11107,250,-1,-1,1,0,82.5,0
4563,55442,55441010,11108,250,-1,-1,1,0,82.6,0
4564,55453,55452118,11108,250,-1,-1,1,0,82.7,1
4565,55464,55463245,11127,250,-1,-1,1,0,82.8,0
4566,55475,55474345,11100,250,-1,-1,1,0,82.9,0
4567,55486,55485495,11150,250,-1,-1,1,0,83.0,0
4568,55498,55496566,11071,250,-1,-1,1,0,83.0,0
4569,55514,55507677,11111,250,-1,-1,1,0,62.5,0
4570,55520,55518785,11108,250,-1,-1,1,0,90.9,0
4571,55531,55529884,11099,250,-1,-1,1,0,90.9,0
4572,55542,55540999,11115,250,-1,-1,1,0,90.9,0
4573,55553,55552102,11103,250,-1,-1,1,0,90.9,1
4574,55564,55563229,11127,250,-1,-1,1,0,90.9,0
4575,55575,55574324,11095,250,-1,-1,1,0,90.9,0
4576,55587,55585442,11118,250,-1,-1,1,0,89.9,0
4577,55597,55596545,11103,250,-1,-1,1,0,90.9,0
4578,55608,55607659,11114,250,-1,-1,1,0,90.9,0
4579,55620,55618763,11104,250,-1,-1,1,0,90.2,0
4580,55631,55629869,11106,250,-1,-1,1,0,90.2,0
4581,55642,55640976,11107,250,-1,-1,1,0,90.3,0
4582,55653,55652087,11111,250,-1,-1,1,0,90.3,1
4583,55664,55663213,11126,250,-1,-1,1,0,90.4,0
4584,55675,55674310,11097,250,-1,-1,1,0,90.4,0
4585,55686,55685421,11111,250,-1,-1,1,0,90.4,0
4586,55698,55696530,11109,250,-1,-1,1,0,90.0,0
4587,55708,55707638,11108,250,-1,-1,1,0,90.5,0
4588,55720,55718748,11110,250,-1,-1,1,0,90.1,0
4589,55731,55729850,11102,250,-1,-1,1,0,90.1,0
4590,55829,55740959,11109,250,-1,-1,1,0,66.5,0
4591,55829,55818719,77760,250,-1,-1,1,0,69.5,1
4592,55832,55829829,11110,250,-1,-1,1,0,71.9,0
4593,55842,55840958,11129,250,-1,-1,1,0,72.7,0
4594,55853,55852055,11097,250,-1,-1,1,0,73.2,0
4595,55864,55863280,11225,250,-1,-1,1,0,73.8,0
4596,55875,55874283,11003,250,-1,-1,1,0,74.3,0
4597,55886,55885389,11106,250,-1,-1,1,0,74.7,0
4598,55898,55896496,11107,250,-1,-1,1,0,75.0,0
4599,55908,55907607,11111,250,-1,-1,1,0,75.6,0
4600,55920,55918714,11107,250,-1,-1,1,0,75.8,1
4601,55931,55929834,11120,250,-1,-1,1,0,76.2,0
4602,55942,55940930,11096,250,-1,-1,1,0,76.6,0
4603,55953,55952038,11108,250,-1,-1,1,0,76.9,0
4604,55964,55963153,11115,250,-1,-1,1,0,77.3,0
4605,55975,55974262,11109,250,-1,-1,1,0,77.6,0
4606,55986,55985369,11107,250,-1,-1,1,0,77.7,0
4607,55997,55996470,11101,250,-1,-1,1,0,78.2,0
4608,56008,56007586,11116,250,-1,-1,1,0,78.4,0
4609,56019,56018686,11100,250,-1,-1,1,0,78.7,1
4610,56031,56029816,11130,250,-1,-1,1,0,78.8,0
4611,56042,56040914,11098,250,-1,-1,1,0,79.0,0
4612,56053,56052067,11153,250,-1,-1,1,0,79.3,0
4613,56064,56063133,11066,250,-1,-1,1,0,79.5,0
4614,56075,56074247,11114,250,-1,-1,1,0,79.7,0
4615,56086,56085354,11107,250,-1,-1,1,0,79.9,0
4616,56097,56096456,11102,250,-1,-1,1,0,80.1,0
4617,56108,56107559,11103,250,-1,-1,1,0,80.3,0
4618,56120,56118673,11114,250,-1,-1,1,0,80.4,1
4619,56131,56129798,11125,250,-1,-1,1,0,80.6,0
4620,56142,56140897,11099,250,-1,-1,1,0,80.7,0
4621,56153,56152040,11143,250,-1,-1,1,0,80.9,0
4622,56164,56163118,11078,250,-1,-1,1,0,81.1,0
4623,56175,56174228,11110,250,-1,-1,1,0,81.2,0
4624,56186,56185339,11111,250,-1,-1,1,0,81.4,0
4625,56197,56196438,11099,250,-1,-1,1,0,81.5,0
4626,56209,56207546,11108,250,-1,-1,1,0,81.6,0
4627,56219,56218653,11107,250,-1,-1,1,0,81.8,1
4628,56231,56229783,11130,250,-1,-1,1,0,81.9,0
4629,56242,56240876,11093,250,-1,-1,1,0,82.0,0
4630,56253,56251998,11122,250,-1,-1,1,0,82.1,0
4631,56264,56263261,11263,250,-1,-1,1,0,82.2,0
4632,56275,56274218,10957,250,-1,-1,1,0,82.4,0
4633,56286,56285319,11101,250,-1,-1,1,0,82.5,0
4634,56298,56296421,11102,250,-1,-1,1,0,82.5,0
4635,56308,56307533,11112,250,-1,-1,1,0,82.7,0
4636,56319,56318638,11105,250,-1,-1,1,0,82.8,1
4637,56331,56329763,11125,250,-1,-1,1,0,82.8,0
4638,56342,56340863,11100,250,-1,-1,1,0,82.9,0
4639,56353,56351999,11136,250,-1,-1,1,0,83.0,0
4640,56364,56363085,11086,250,-1,-1,1,0,83.1,0
4641,56375,56374195,11110,250,-1,-1,1,0,83.2,0
4642,56386,56385305,11110,250,-1,-1,1,0,83.3,0
4643,56397,56396408,11103,250,-1,-1,1,0,83.4,0
4644,56408,56407517,11109,250,-1,-1,1,0,83.5,0
4645,56419,56418630,11113,250,-1,-1,1,0,83.6,1
4646,56431,56429747,11117,250,-1,-1,1,0,83.6,0
4647,56442,56440845,11098,250,-1,-1,1,0,83.7,0
4648,56453,56452003,11158,250,-1,-1,1,0,83.8,0
4649,56464,56463070,11067,250,-1,-1,1,0,83.9,0
4650,56475,56474183,11113,250,-1,-1,1,0,83.9,0
4651,56486,56485280,11097,250,-1,-1,1,0,84.0,0
4652,56497,56496386,11106,250,-1,-1,1,0,84.1,0
4653,56508,56507495,11109,250,-1,-1,1,0,84.2,0
4654,56520,56518606,11111,250,-1,-1,1,0,83.3,1
4655,56531,56529731,11125,250,-1,-1,1,0,87.0,0
4656,56542,56540852,11121,250,-1,-1,1,0,88.2,0
4657,56553,56551941,11089,250,-1,-1,1,0,88.9,0
4658,56564,56563054,11113,250,-1,-1,1,0,89.3,0
4659,56575,56574161,11107,250,-1,-1,1,0,89.6,0
4660,56586,56585263,11102,250,-1,-1,1,0,89.7,0
4661,56597,56596367,11104,250,-1,-1,1,0,89.9,0
4662,56609,56607477,11110,250,-1,-1,1,0,89.1,0
4663,56619,56618587,11110,250,-1,-1,1,0,90.1,1
4664,56631,56629717,11130,250,-1,-1,1,0,89.4,0
4665,56642,56640806,11089,250,-1,-1,1,0,89.6,0
4666,56653,56651925,11119,250,-1,-1,1,0,89.7,0
4667,56664,56663033,11108,250,-1,-1,1,0,89.7,0
4668,56675,56674146,11113,250,-1,-1,1,0,89.8,0
4669,56686,56685250,11104,250,-1,-1,1,0,89.9,0
4670,56697,56696349,11099,250,-1,-1,1,0,89.9,0
4671,56708,56707463,11114,250,-1,-1,1,0,90.0,0
4672,56719,56718572,11109,250,-1,-1,1,0,90.0,1
4673,56731,56729696,11124,250,-1,-1,1,0,89.7,0
4674,56742,56740793,11097,250,-1,-1,1,0,89.7,0
4675,56753,56751935,11142,250,-1,-1,1,0,89.8,0
4676,56764,56763014,11079,250,-1,-1,1,0,89.8,0
4677,56775,56774125,11111,250,-1,-1,1,0,89.9,0
4678,56786,56785231,11106,250,-1,-1,1,0,89.9,0
4679,56797,56796336,11105,250,-1,-1,1,0,90.0,0
4680,56895,56807444,11108,250,-1,-1,1,0,69.8,0
4681,56896,56885202,77758,250,-1,-1,1,0,72.2,1
4682,56899,56896312,11110,250,-1,-1,1,0,74.2,0
4683,56908,56907442,11130,250,-1,-1,1,0,75.0,0
4684,56920,56918539,11097,250,-1,-1,1,0,75.2,0
4685,56930,56929648,11109,250,-1,-1,1,0,75.8,0
4686,56942,56940767,11119,250,-1,-1,1,0,76.0,0
4687,56953,56951875,11108,250,-1,-1,1,0,76.4,0
4688,56964,56962980,11105,250,-1,-1,1,0,76.8,0
4689,56975,56974109,11129,250,-1,-1,1,0,77.1,0
4690,56986,56985197,11088,250,-1,-1,1,0,77.4,1
4691,56997,56996317,11120,250,-1,-1,1,0,77.7,0
4692,57009,57007421,11104,250,-1,-1,1,0,77.8,0
4693,57019,57018525,11104,250,-1,-1,1,0,78.3,0
4694,57030,57029645,11120,250,-1,-1,1,0,78.5,0
4695,57042,57040742,11097,250,-1,-1,1,0,78.7,0
4696,57053,57051857,11115,250,-1,-1,1,0,78.9,0
4697,57064,57062965,11108,250,-1,-1,1,0,79.1,0
4698,57075,57074065,11100,250,-1,-1,1,0,79.4,0
4699,57086,57085174,11109,250,-1,-1,1,0,79.6,1
4700,57097,57096302,11128,250,-1,-1,1,0,79.8,0
4701,57108,57107399,11097,250,-1,-1,1,0,80.0,0
4702,57119,57118550,11151,250,-1,-1,1,0,80.2,0
4703,57131,57129614,11064,250,-1,-1,1,0,80.3,0
4704,57142,57140733,11119,250,-1,-1,1,0,80.4,0
4705,57153,57151841,11108,250,-1,-1,1,0,80.6,0
4706,57164,57162938,11097,250,-1,-1,1,0,80.8,0
4707,57175,57174049,11111,250,-1,-1,1,0,81.0,0
4708,57186,57185158,11109,250,-1,-1,1,0,81.1,1
4709,57197,57196278,11120,250,-1,-1,1,0,81.3,0
4710,57208,57207383,11105,250,-1,-1,1,0,81.4,0
4711,57219,57218527,11144,250,-1,-1,1,0,81.6,0
4712,57231,57229602,11075,250,-1,-1,1,0,81.6,0
4713,57242,57240714,11112,250,-1,-1,1,0,81.7,0
4714,57253,57251825,11111,250,-1,-1,1,0,81.9,0
4715,57264,57262941,11116,250,-1,-1,1,0,82.0,0
4716,57275,57274034,11093,250,-1,-1,1,0,82.1,0
4717,57286,57285141,11107,250,-1,-1,1,0,82.3,1
4718,57297,57296263,11122,250,-1,-1,1,0,82.4,0
4719,57308,57307365,11102,250,-1,-1,1,0,82.5,0
4720,57320,57318507,11142,250,-1,-1,1,0,82.5,0
4721,57331,57329587,11080,250,-1,-1,1,0,82.6,0
4722,57342,57340699,11112,250,-1,-1,1,0,82.7,0
4723,57353,57351804,11105,250,-1,-1,1,0,82.8,0
4724,57364,57362906,11102,250,-1,-1,1,0,82.9,0
4725,57375,57374020,11114,250,-1,-1,1,0,83.0,0
4726,57386,57385126,11106,250,-1,-1,1,0,83.1,1
4727,57397,57396250,11124,250,-1,-1,1,0,83.2,0
4728,57409,57407350,11100,250,-1,-1,1,0,83.2,0
4729,57419,57418631,11281,250,-1,-1,1,0,83.4,0
4730,57431,57429567,10936,250,-1,-1,1,0,83.4,0
4731,57442,57440677,11110,250,-1,-1,1,0,83.5,0
4732,57453,57451789,11112,250,-1,-1,1,0,83.6,0
4733,57464,57462890,11101,250,-1,-1,1,0,83.7,0
4734,57475,57474002,11112,250,-1,-1,1,0,83.8,0
4735,57486,57485108,11106,250,-1,-1,1,0,83.8,1
4736,57497,57496237,11129,250,-1,-1,1,0,83.9,0
4737,57508,57507332,11095,250,-1,-1,1,0,84.0,0
4738,57533,57529540,22208,250,-1,-1,1,0,40.0,0
4739,57542,57540663,11123,250,-1,-1,1,0,58.8,0
4740,57553,57551773,11110,250,-1,-1,1,0,66.7,0
4741,57564,57562873,11100,250,-1,-1,1,0,71.4,0
4742,57575,57573979,11106,250,-1,-1,1,0,74.6,0
4743,57586,57585092,11113,250,-1,-1,1,0,76.9,0
4744,57597,57596199,11107,250,-1,-1,1,0,78.7,1
4745,57608,57607329,11130,250,-1,-1,1,0,80.0,0
4746,57619,57618421,11092,250,-1,-1,1,0,81.1,0
4747,57631,57629548,11127,250,-1,-1,1,0,81.3,0
4748,57642,57640644,11096,250,-1,-1,1,0,82.1,0
4749,57653,57651755,11111,250,-1,-1,1,0,82.8,0
4750,57664,57662863,11108,250,-1,-1,1,0,83.3,0
4751,57675,57673964,11101,250,-1,-1,1,0,83.8,0
4752,57686,57685070,11106,250,-1,-1,1,0,84.3,0
4753,57697,57696185,11115,250,-1,-1,1,0,84.7,1
4754,57708,57707305,11120,250,-1,-1,1,0,85.0,0
4755,57720,57718404,11099,250,-1,-1,1,0,84.9,0
4756,57730,57729522,11118,250,-1,-1,1,0,85.6,0
4757,57742,57740628,11106,250,-1,-1,1,0,85.5,0
4758,57753,57751738,11110,250,-1,-1,1,0,85.7,0
4759,57764,57762847,11109,250,-1,-1,1,0,85.9,0
4760,57775,57773948,11101,250,-1,-1,1,0,86.1,0
4761,57786,57785056,11108,250,-1,-1,1,0,86.3,0
4762,57797,57796163,11107,250,-1,-1,1,0,86.5,1
4763,57808,57807293,11130,250,-1,-1,1,0,86.7,0
4764,57819,57818387,11094,250,-1,-1,1,0,86.8,0
4765,57830,57829530,11143,250,-1,-1,1,0,87.0,0
4766,57842,57840609,11079,250,-1,-1,1,0,86.8,0
4767,57853,57851718,11109,250,-1,-1,1,0,87.0,0
4768,57864,57862829,11111,250,-1,-1,1,0,87.1,0
4769,57875,57873942,11113,250,-1,-1,1,0,87.2,0
4770,57973,57885035,11093,250,-1,-1,1,0,71.0,0
4771,57973,57962810,77775,250,-1,-1,1,0,73.1,1
4772,57976,57973911,11101,250,-1,-1,1,0,74.8,0
4773,57986,57985036,11125,250,-1,-1,1,0,75.3,0
4774,57997,57996136,11100,250,-1,-1,1,0,75.7,0
4775,58008,58007244,11108,250,-1,-1,1,0,76.0,0
4776,58019,58018356,11112,250,-1,-1,1,0,76.3,0
4777,58031,58029473,11117,250,-1,-1,1,0,76.5,0
4778,58041,58040577,11104,250,-1,-1,1,0,76.9,0
4779,58053,58051692,11115,250,-1,-1,1,0,77.1,0
4780,58064,58062793,11101,250,-1,-1,1,0,77.3,1
4781,58075,58073916,11123,250,-1,-1,1,0,77.6,0
4782,58086,58085010,11094,250,-1,-1,1,0,77.9,0
4783,58097,58096121,11111,250,-1,-1,1,0,78.1,0
4784,58108,58107237,11116,250,-1,-1,1,0,78.3,0
4785,58120,58118343,11106,250,-1,-1,1,0,78.4,0
4786,58130,58129451,11108,250,-1,-1,1,0,78.8,0
4787,58141,58140552,11101,250,-1,-1,1,0,79.0,0
4788,58152,58151661,11109,250,-1,-1,1,0,79.2,0
4789,58164,58162770,11109,250,-1,-1,1,0,79.3,1
4790,58175,58173889,11119,250,-1,-1,1,0,79.5,0
4791,58186,58184991,11102,250,-1,-1,1,0,79.6,0
4792,58197,58196111,11120,250,-1,-1,1,0,79.8,0
4793,58209,58207213,11102,250,-1,-1,1,0,79.9,0
4794,58219,58218366,11153,250,-1,-1,1,0,80.2,0
4795,58230,58229435,11069,250,-1,-1,1,0,80.3,0
4796,58241,58240536,11101,250,-1,-1,1,0,80.5,0
4797,58253,58251644,11108,250,-1,-1,1,0,80.5,0
4798,58264,58262752,11108,250,-1,-1,1,0,80.7,1
4799,58275,58273883,11131,250,-1,-1,1,0,80.8,0
4800,58286,58284977,11094,250,-1,-1,1,0,81.0,0
4801,58297,58296119,11142,250,-1,-1,1,0,81.1,0
4802,58308,58307193,11074,250,-1,-1,1,0,81.2,0
4803,58319,58318311,11118,250,-1,-1,1,0,81.4,0
4804,58330,58329415,11104,250,-1,-1,1,0,81.5,0
4805,58342,58340518,11103,250,-1,-1,1,0,81.5,0
4806,58352,58351628,11110,250,-1,-1,1,0,81.8,0
4807,58364,58362739,11111,250,-1,-1,1,0,81.8,1
4808,58375,58373864,11125,250,-1,-1,1,0,81.9,0
4809,58386,58384960,11096,250,-1,-1,1,0,82.0,0
4810,58397,58396070,11110,250,-1,-1,1,0,82.1,0
4811,58409,58407183,11113,250,-1,-1,1,0,82.1,0
4812,58419,58418287,11104,250,-1,-1,1,0,82.3,0
4813,58431,58429402,11115,250,-1,-1,1,0,82.3,0
4814,58441,58440501,11099,250,-1,-1,1,0,82.5,0
4815,58452,58451610,11109,250,-1,-1,1,0,82.6,0
4816,58464,58462716,11106,250,-1,-1,1,0,82.6,1
4817,58475,58473845,11129,250,-1,-1,1,0,82.7,0
4818,58486,58484945,11100,250,-1,-1,1,0,82.8,0
4819,58497,58496052,11107,250,-1,-1,1,0,82.9,0
4820,58509,58507158,11106,250,-1,-1,1,0,82.9,0
4821,58525,58518280,11122,250,-1,-1,1,0,62.5,0
4822,58530,58529381,11101,250,-1,-1,1,0,95.2,0
4823,58541,58540492,11111,250,-1,-1,1,0,93.8,0
4824,58552,58551588,11096,250,-1,-1,1,0,93.0,0
4825,58564,58562700,11112,250,-1,-1,1,0,90.9,1
4826,58575,58573821,11121,250,-1,-1,1,0,90.9,0
4827,58586,58584927,11106,250,-1,-1,1,0,90.9,0
4828,58597,58596084,11157,250,-1,-1,1,0,90.9,0
4829,58609,58607146,11062,250,-1,-1,1,0,90.0,0
4830,58619,58618253,11107,250,-1,-1,1,0,90.9,0
4831,58630,58629364,11111,250,-1,-1,1,0,90.9,0
4832,58641,58640472,11108,250,-1,-1,1,0,90.9,0
4833,58653,58651573,11101,250,-1,-1,1,0,90.3,0
4834,58663,58662684,11111,250,-1,-1,1,0,90.9,1
4835,58675,58673811,11127,250,-1,-1,1,0,90.4,0
4836,58686,58684907,11096,250,-1,-1,1,0,90.4,0
4837,58697,58696059,11152,250,-1,-1,1,0,90.4,0
4838,58708,58707125,11066,250,-1,-1,1,0,90.5,0
4839,58719,58718242,11117,250,-1,-1,1,0,90.5,0
4840,58730,58729347,11105,250,-1,-1,1,0,90.5,0
4841,58742,58740448,11101,250,-1,-1,1,0,90.1,0
4842,58752,58751559,11111,250,-1,-1,1,0,90.5,0
4843,58763,58762667,11108,250,-1,-1,1,0,90.6,1
4844,58775,58773795,11128,250,-1,-1,1,0,90.2,0
4845,58786,58784889,11094,250,-1,-1,1,0,90.3,0
4846,58797,58795996,11107,250,-1,-1,1,0,90.3,0
4847,58808,58807111,11115,250,-1,-1,1,0,90.3,0
4848,58819,58818224,11113,250,-1,-1,1,0,90.3,0
4849,58830,58829332,11108,250,-1,-1,1,0,90.3,0
4850,58841,58840431,11099,250,-1,-1,1,0,90.4,0
4851,58852,58851544,11113,250,-1,-1,1,0,90.4,0
4852,58863,58862646,11102,250,-1,-1,1,0,90.4,1
4853,58875,58873782,11136,250,-1,-1,1,0,90.2,0
4854,58886,58884877,11095,250,-1,-1,1,0,90.2,0
4855,58897,58895986,11109,250,-1,-1,1,0,90.2,0
4856,58908,58907092,11106,250,-1,-1,1,0,90.2,0
4857,58919,58918205,11113,250,-1,-1,1,0,90.2,0
4858,58930,58929316,11111,250,-1,-1,1,0,90.3,0
4859,58941,58940415,11099,250,-1,-1,1,0,90.3,0
4860,59039,58951525,11110,250,-1,-1,1,0,75.5,0
4861,59040,59029288,77763,250,-1,-1,1,0,77.2,1
4862,59043,59040395,11107,250,-1,-1,1,0,78.7,0
4863,59053,59051521,11126,250,-1,-1,1,0,79.0,0
4864,59063,59062617,11096,250,-1,-1,1,0,79.4,0
4865,59075,59073732,11115,250,-1,-1,1,0,79.5,0
4866,59086,59084837,11105,250,-1,-1,1,0,79.7,0
4867,59097,59095955,11118,250,-1,-1,1,0,79.9,0
4868,59108,59107058,11103,250,-1,-1,1,0,80.1,0
4869,59119,59118176,11118,250,-1,-1,1,0,80.3,0
4870,59130,59129278,11102,250,-1,-1,1,0,80.5,1
4871,59142,59140399,11121,250,-1,-1,1,0,80.6,0
4872,59152,59151501,11102,250,-1,-1,1,0,80.9,0
4873,59163,59162608,11107,250,-1,-1,1,0,81.0,0
4874,59175,59173720,11112,250,-1,-1,1,0,81.1,0
4875,59186,59184828,11108,250,-1,-1,1,0,81.2,0
4876,59197,59195933,11105,250,-1,-1,1,0,81.4,0
4877,59208,59207039,11106,250,-1,-1,1,0,81.5,0
4878,59219,59218169,11130,250,-1,-1,1,0,81.7,0
4879,59230,59229254,11085,250,-1,-1,1,0,81.8,1
4880,59241,59240375,11121,250,-1,-1,1,0,82.0,0
4881,59252,59251482,11107,250,-1,-1,1,0,82.1,0
4882,59263,59262628,11146,250,-1,-1,1,0,82.2,0
4883,59275,59273700,11072,250,-1,-1,1,0,82.2,0
4884,59286,59284808,11108,250,-1,-1,1,0,82.4,0
4885,59297,59295920,11112,250,-1,-1,1,0,82.5,0
4886,59308,59307023,11103,250,-1,-1,1,0,82.6,0
4887,59319,59318127,11104,250,-1,-1,1,0,82.7,0
4888,59330,59329238,11111,250,-1,-1,1,0,82.8,1
4889,59341,59340425,11187,250,-1,-1,1,0,82.9,0
4890,59352,59351461,11036,250,-1,-1,1,0,83.0,0
4891,59364,59362605,11144,250,-1,-1,1,0,83.0,0
4892,59375,59373680,11075,250,-1,-1,1,0,83.1,0
4893,59386,59384795,11115,250,-1,-1,1,0,83.2,0
4894,59397,59395903,11108,250,-1,-1,1,0,83.3,0
4895,59408,59407002,11099,250,-1,-1,1,0,83.4,0
4896,59419,59418110,11108,250,-1,-1,1,0,83.5,0
4897,59430,59429221,11111,250,-1,-1,1,0,83.6,1
4898,59441,59440344,11123,250,-1,-1,1,0,83.7,0
4899,59453,59451447,11103,250,-1,-1,1,0,83.7,0
4900,59463,59462559,11112,250,-1,-1,1,0,83.9,0
4901,59475,59473661,11102,250,-1,-1,1,0,83.9,0
4902,59486,59484774,11113,250,-1,-1,1,0,83.9,0
4903,59497,59495887,11113,250,-1,-1,1,0,84.0,0
4904,59508,59506987,11100,250,-1,-1,1,0,84.1,0
4905,59519,59518095,11108,250,-1,-1,1,0,84.2,0
4906,59530,59529235,11140,250,-1,-1,1,0,90.9,1
4907,59541,59540332,11097,250,-1,-1,1,0,87.0,0
4908,59552,59551425,11093,250,-1,-1,1,0,90.9,0
4909,59563,59562546,11121,250,-1,-1,1,0,90.9,0
4910,59574,59573647,11101,250,-1,-1,1,0,89.3,0
4911,59586,59584756,11109,250,-1,-1,1,0,89.6,0
4912,59597,59595860,11104,250,-1,-1,1,0,89.7,0
4913,59608,59606969,11109,250,-1,-1,1,0,89.9,0
4914,59619,59618075,11106,250,-1,-1,1,0,90.0,0
4915,59630,59629186,11111,250,-1,-1,1,0,90.1,1
4916,59641,59640313,11127,250,-1,-1,1,0,90.2,0
4917,59652,59651411,11098,250,-1,-1,1,0,90.2,0
4918,59663,59662525,11114,250,-1,-1,1,0,90.3,0
4919,59675,59673638,11113,250,-1,-1,1,0,89.7,0
4920,59686,59684743,11105,250,-1,-1,1,0,89.8,0
4921,59697,59695848,11105,250,-1,-1,1,0,89.9,0
4922,59708,59706951,11103,250,-1,-1,1,0,89.9,0
4923,59719,59718068,11117,250,-1,-1,1,0,90.0,0
4924,59730,59729168,11100,250,-1,-1,1,0,90.0,1
4925,59741,59740296,11128,250,-1,-1,1,0,90.1,0
4926,59752,59751394,11098,250,-1,-1,1,0,90.1,0
4927,59764,59762643,11249,250,-1,-1,1,0,89.8,0
4928,59774,59773615,10972,250,-1,-1,1,0,90.2,0
4929,59786,59784730,11115,250,-1,-1,1,0,89.9,0
4930,59797,59795830,11100,250,-1,-1,1,0,89.9,0
4931,59808,59806936,11106,250,-1,-1,1,0,90.0,0
4932,59819,59818045,11109,250,-1,-1,1,0,90.0,0
4933,59830,59829155,11110,250,-1,-1,1,0,90.0,1
4934,59841,59840278,11123,250,-1,-1,1,0,90.1,0
4935,59853,59851377,11099,250,-1,-1,1,0,89.8,0
4936,59863,59862488,11111,250,-1,-1,1,0,90.1,0
4937,59875,59873602,11114,250,-1,-1,1,0,89.9,0
4938,59886,59884705,11103,250,-1,-1,1,0,89.9,0
4939,59897,59895813,11108,250,-1,-1,1,0,89.9,0
4940,59908,59906920,11107,250,-1,-1,1,0,90.0,0
4941,59919,59918030,11110,250,-1,-1,1,0,90.0,0
4942,59930,59929136,11106,250,-1,-1,1,0,90.0,1
4943,59941,59940264,11128,250,-1,-1,1,0,90.0,0
4944,59952,59951360,11096,250,-1,-1,1,0,90.1,0
4945,59963,59962471,11111,250,-1,-1,1,0,90.1,0
4946,59974,59973576,11105,250,-1,-1,1,0,90.1,0
4947,59986,59984692,11116,250,-1,-1,1,0,89.9,0
4948,59997,59995801,11109,250,-1,-1,1,0,90.0,0
4949,60008,60006903,11102,250,-1,-1,1,0,90.0,0
4950,60106,60018009,11106,250,-1,-1,1,0,76.7,0
4951,60108,60095771,77762,250,-1,-1,1,0,78.1,1
4952,60109,60106879,11108,250,-1,-1,1,0,79.7,0
4953,60119,60118009,11130,250,-1,-1,1,0,80.0,0
4954,60130,60129102,11093,250,-1,-1,1,0,80.2,0
4955,60142,60140215,11113,250,-1,-1,1,0,80.3,0
4956,60152,60151328,11113,250,-1,-1,1,0,80.6,0
4957,60164,60162446,11118,250,-1,-1,1,0,80.6,0
4958,60174,60173545,11099,250,-1,-1,1,0,80.9,0
4959,60185,60184659,11114,250,-1,-1,1,0,81.1,0
4960,60197,60195761,11102,250,-1,-1,1,0,81.1,1
4961,60208,60206885,11124,250,-1,-1,1,0,81.3,0
4962,60219,60217986,11101,250,-1,-1,1,0,81.4,0
4963,60230,60229091,11105,250,-1,-1,1,0,81.6,0
4964,60241,60240207,11116,250,-1,-1,1,0,81.7,0
4965,60252,60251310,11103,250,-1,-1,1,0,81.9,0
4966,60263,60262420,11110,250,-1,-1,1,0,82.0,0
4967,60274,60273534,11114,250,-1,-1,1,0,82.1,0
4968,60285,60284629,11095,250,-1,-1,1,0,82.2,0
4969,60297,60295740,11111,250,-1,-1,1,0,82.3,1
4970,60308,60306862,11122,250,-1,-1,1,0,82.4,0
4971,60319,60317965,11103,250,-1,-1,1,0,82.5,0
4972,60330,60329070,11105,250,-1,-1,1,0,82.6,0
4973,60341,60340183,11113,250,-1,-1,1,0,82.7,0
4974,60352,60351300,11117,250,-1,-1,1,0,82.8,0
4975,60363,60362403,11103,250,-1,-1,1,0,82.9,0
4976,60374,60373502,11099,250,-1,-1,1,0,83.0,0
4977,60386,60384615,11113,250,-1,-1,1,0,83.0,0
4978,60397,60395721,11106,250,-1,-1,1,0,83.1,1
4979,60408,60406853,11132,250,-1,-1,1,0,83.2,0
4980,60419,60417943,11090,250,-1,-1,1,0,83.3,0
4981,60430,60429129,11186,250,-1,-1,1,0,83.4,0
4982,60442,60440167,11038,250,-1,-1,1,0,83.4,0
4983,60452,60451279,11112,250,-1,-1,1,0,83.6,0
4984,60463,60462387,11108,250,-1,-1,1,0,83.7,0
4985,60475,60473492,11105,250,-1,-1,1,0,83.7,0
4986,60485,60484598,11106,250,-1,-1,1,0,83.9,0
4987,60497,60495704,11106,250,-1,-1,1,0,83.8,1
4988,60508,60506831,11127,250,-1,-1,1,0,83.9,0
4989,60519,60517932,11101,250,-1,-1,1,0,84.0,0
4990,60550,60540145,22213,250,-1,-1,1,0,32.3,0
4991,60552,60551412,11267,250,-1,-1,1,0,60.6,0
4992,60564,60562368,10956,250,-1,-1,1,0,66.7,0
4993,60574,60573478,11110,250,-1,-1,1,0,72.7,0
4994,60585,60584580,11102,250,-1,-1,1,0,75.8,0
4995,60596,60595686,11106,250,-1,-1,1,0,77.9,0
4996,60608,60606799,11113,250,-1,-1,1,0,78.7,1
4997,60619,60617917,11118,250,-1,-1,1,0,80.0,0
4998,60630,60629024,11107,250,-1,-1,1,0,81.1,0
4999,60641,60640126,11102,250,-1,-1,1,0,82.0,0
5000,60652,60651239,11113,250,-1,-1,1,0,82.7,0
5001,60663,60662353,11114,250,-1,-1,1,0,83.3,0
5002,60674,60673467,11114,250,-1,-1,1,0,83.9,0
5003,60685,60684562,11095,250,-1,-1,1,0,84.3,0
5004,60697,60695673,11111,250,-1,-1,1,0,84.3,0
5005,60708,60706784,11111,250,-1,-1,1,0,84.7,1
5006,60719,60717911,11127,250,-1,-1,1,0,85.0,0
5007,60730,60729004,11093,250,-1,-1,1,0,85.3,0
5008,60741,60740195,11191,250,-1,-1,1,0,85.6,0
5009,60752,60751225,11030,250,-1,-1,1,0,85.8,0
5010,60763,60762338,11113,250,-1,-1,1,0,86.1,0
5011,60774,60773445,11107,250,-1,-1,1,0,86.3,0
5012,60786,60784546,11101,250,-1,-1,1,0,86.1,0
5013,60796,60795655,11109,250,-1,-1,1,0,86.6,0
5014,60808,60806772,11117,250,-1,-1,1,0,86.5,1
5015,60819,60817892,11120,250,-1,-1,1,0,86.7,0
5016,60830,60828989,11097,250,-1,-1,1,0,86.8,0
5017,60841,60840097,11108,250,-1,-1,1,0,87.0,0
5018,60852,60851210,11113,250,-1,-1,1,0,87.1,0
5019,60863,60862321,11111,250,-1,-1,1,0,87.2,0
5020,60875,60873430,11109,250,-1,-1,1,0,87.1,0
5021,60885,60884529,11099,250,-1,-1,1,0,87.4,0
5022,60896,60895638,11109,250,-1,-1,1,0,87.5,0
5023,60908,60906744,11106,250,-1,-1,1,0,87.4,1
5024,60919,60917876,11132,250,-1,-1,1,0,87.5,0
5025,60930,60928969,11093,250,-1,-1,1,0,87.6,0
5026,60941,60940081,11112,250,-1,-1,1,0,87.7,0
5027,60952,60951193,11112,250,-1,-1,1,0,87.8,0
5028,60963,60962304,11111,250,-1,-1,1,0,87.8,0
5029,60974,60973411,11107,250,-1,-1,1,0,87.9,0
5030,60985,60984516,11105,250,-1,-1,1,0,88.0,0
5031,60996,60995621,11105,250,-1,-1,1,0,88.1,0
5032,61008,61006731,11110,250,-1,-1,1,0,87.9,1
5033,61019,61017852,11121,250,-1,-1,1,0,88.0,0
5034,61030,61028955,11103,250,-1,-1,1,0,88.1,0
5035,61041,61040065,11110,250,-1,-1,1,0,88.1,0
5036,61052,61051172,11107,250,-1,-1,1,0,88.2,0
5037,61063,61062284,11112,250,-1,-1,1,0,88.2,0
5038,61074,61073395,11111,250,-1,-1,1,0,88.3,0
5039,61085,61084494,11099,250,-1,-1,1,0,88.3,0
5040,61145,61095606,11112,250,-1,-1,1,0,81.5,0
5041,61145,61140036,44430,250,-1,-1,1,0,83.1,1
5042,61152,61151166,11130,250,-1,-1,1,0,83.7,0
5043,61163,61162267,11101,250,-1,-1,1,0,83.9,0
5044,61174,61173369,11102,250,-1,-1,1,0,84.0,0
5045,61186,61184489,11120,250,-1,-1,1,0,84.0,0
5046,61196,61195596,11107,250,-1,-1,1,0,84.2,0
5047,61208,61206702,11106,250,-1,-1,1,0,84.2,0
5048,61219,61217808,11106,250,-1,-1,1,0,84.3,0
5049,61230,61228921,11113,250,-1,-1,1,0,84.4,0
5050,61241,61240035,11114,250,-1,-1,1,0,84.5,1
5051,61252,61251150,11115,250,-1,-1,1,0,84.6,0
5052,61263,61262248,11098,250,-1,-1,1,0,84.7,0
5053,61275,61273356,11108,250,-1,-1,1,0,84.7,0
5054,61285,61284463,11107,250,-1,-1,1,0,84.9,0
5055,61296,61295582,11119,250,-1,-1,1,0,84.9,0
5056,61307,61306686,11104,250,-1,-1,1,0,85.0,0
5057,61319,61317794,11108,250,-1,-1,1,0,85.0,0
5058,61330,61328898,11104,250,-1,-1,1,0,85.1,0
5059,61341,61340009,11111,250,-1,-1,1,0,85.2,1
5060,61352,61351133,11124,250,-1,-1,1,0,85.2,0
5061,61363,61362230,11097,250,-1,-1,1,0,85.3,0
5062,61374,61373340,11110,250,-1,-1,1,0,85.4,0
5063,61385,61384452,11112,250,-1,-1,1,0,85.5,0
5064,61396,61395565,11113,250,-1,-1,1,0,85.5,0
5065,61408,61406671,11106,250,-1,-1,1,0,85.5,0
5066,61419,61417770,11099,250,-1,-1,1,0,85.6,0
5067,61430,61428885,11115,250,-1,-1,1,0,85.6,0
5068,61441,61439990,11105,250,-1,-1,1,0,85.7,1
5069,61452,61451118,11128,250,-1,-1,1,0,85.7,0
5070,61463,61462214,11096,250,-1,-1,1,0,85.8,0
5071,61474,61473326,11112,250,-1,-1,1,0,85.9,0
5072,61485,61484432,11106,250,-1,-1,1,0,85.9,0
5073,61497,61495549,11117,250,-1,-1,1,0,85.9,0
5074,61507,61506658,11109,250,-1,-1,1,0,86.0,0
5075,61519,61517756,11098,250,-1,-1,1,0,86.0,0
5076,61530,61528907,11151,250,-1,-1,1,0,90.9,0
5077,61541,61539976,11069,250,-1,-1,1,0,90.9,1
5078,61552,61551093,11117,250,-1,-1,1,0,90.9,0
5079,61563,61562239,11146,250,-1,-1,1,0,90.9,0
5080,61574,61573305,11066,250,-1,-1,1,0,90.9,0
5081,61586,61584416,11111,250,-1,-1,1,0,89.6,0
5082,61596,61595532,11116,250,-1,-1,1,0,90.9,0
5083,61607,61606638,11106,250,-1,-1,1,0,90.9,0
5084,61619,61617744,11106,250,-1,-1,1,0,90.0,0
5085,61630,61628851,11107,250,-1,-1,1,0,90.1,0
5086,61641,61639958,11107,250,-1,-1,1,0,90.2,1
5087,61652,61651082,11124,250,-1,-1,1,0,90.2,0
5088,61663,61662177,11095,250,-1,-1,1,0,90.3,0
5089,61674,61673288,11111,250,-1,-1,1,0,90.3,0
5090,61685,61684396,11108,250,-1,-1,1,0,90.4,0
5091,61696,61695512,11116,250,-1,-1,1,0,90.4,0
5092,61707,61706620,11108,250,-1,-1,1,0,90.4,0
5093,61719,61717720,11100,250,-1,-1,1,0,90.0,0
5094,61730,61728831,11111,250,-1,-1,1,0,90.0,0
5095,61741,61739942,11111,250,-1,-1,1,0,90.1,1
5096,61752,61751068,11126,250,-1,-1,1,0,90.1,0
5097,61763,61762164,11096,250,-1,-1,1,0,90.2,0
5098,61774,61773270,11106,250,-1,-1,1,0,90.2,0
5099,61785,61784426,11156,250,-1,-1,1,0,90.2,0
5100,61796,61795494,11068,250,-1,-1,1,0,90.3,0
5101,61808,61806606,11112,250,-1,-1,1,0,90.0,0
5102,61818,61817702,11096,250,-1,-1,1,0,90.3,0
5103,61830,61828811,11109,250,-1,-1,1,0,90.0,0
5104,61841,61839921,11110,250,-1,-1,1,0,90.1,1
5105,61852,61851050,11129,250,-1,-1,1,0,90.1,0
5106,61863,61862147,11097,250,-1,-1,1,0,90.1,0
5107,61874,61873257,11110,250,-1,-1,1,0,90.1,0
5108,61885,61884365,11108,250,-1,-1,1,0,90.2,0
5109,61897,61895480,11115,250,-1,-1,1,0,89.9,0
5110,61907,61906587,11107,250,-1,-1,1,0,90.2,0
5111,61918,61917687,11100,250,-1,-1,1,0,90.2,0
5112,61930,61928794,11107,250,-1,-1,1,0,90.0,0
5113,61941,61939903,11109,250,-1,-1,1,0,90.0,1
5114,61952,61951027,11124,250,-1,-1,1,0,90.1,0
5115,61963,61962127,11100,250,-1,-1,1,0,90.1,0
5116,61974,61973236,11109,250,-1,-1,1,0,90.1,0
5117,61986,61984351,11115,250,-1,-1,1,0,89.9,0
5118,61996,61995463,11112,250,-1,-1,1,0,90.1,0
5119,62007,62006571,11108,250,-1,-1,1,0,90.2,0
5120,62018,62017670,11099,250,-1,-1,1,0,90.2,0
5121,62030,62028775,11105,250,-1,-1,1,0,90.0,0
5122,62041,62039888,11113,250,-1,-1,1,0,90.0,1
5123,62052,62051017,11129,250,-1,-1,1,0,90.1,0
5124,62063,62062109,11092,250,-1,-1,1,0,90.1,0
5125,62074,62073221,11112,250,-1,-1,1,0,90.1,0
5126,62085,62084328,11107,250,-1,-1,1,0,90.1,0
5127,62096,62095445,11117,250,-1,-1,1,0,90.1,0
5128,62107,62106550,11105,250,-1,-1,1,0,90.1,0
5129,62119,62117649,11099,250,-1,-1,1,0,90.0,0
5130,62187,62128763,11114,250,-1,-1,1,0,82.3,0
5131,62187,62184304,55541,250,-1,-1,1,0,83.8,1
5132,62196,62195431,11127,250,-1,-1,1,0,84.2,0
5133,62208,62206536,11105,250,-1,-1,1,0,84.2,0
5134,62219,62217636,11100,250,-1,-1,1,0,84.3,0
5135,62230,62228755,11119,250,-1,-1,1,0,84.4,0
5136,62241,62239861,11106,250,-1,-1,1,0,84.5,0
5137,62252,62250970,11109,250,-1,-1,1,0,84.6,0
5138,62263,62262080,11110,250,-1,-1,1,0,84.7,0
5139,62274,62273190,11110,250,-1,-1,1,0,84.8,0
5140,62285,62284300,11110,250,-1,-1,1,0,84.9,1
5141,62297,62295417,11117,250,-1,-1,1,0,84.8,0
5142,62307,62306518,11101,250,-1,-1,1,0,85.0,0
5143,62318,62317631,11113,250,-1,-1,1,0,85.1,0
5144,62330,62328733,11102,250,-1,-1,1,0,85.1,0
5145,62341,62339845,11112,250,-1,-1,1,0,85.2,0
5146,62352,62350955,11110,250,-1,-1,1,0,85.2,0
5147,62363,62362063,11108,250,-1,-1,1,0,85.3,0
5148,62374,62373163,11100,250,-1,-1,1,0,85.4,0
5149,62385,62384274,11111,250,-1,-1,1,0,85.5,1
5150,62396,62395392,11118,250,-1,-1,1,0,85.5,0
5151,62407,62406498,11106,250,-1,-1,1,0,85.6,0
5152,62418,62417603,11105,250,-1,-1,1,0,85.7,0
5153,62430,62428714,11111,250,-1,-1,1,0,85.6,0
5154,62441,62439838,11124,250,-1,-1,1,0,85.7,0
5155,62452,62450937,11099,250,-1,-1,1,0,85.7,0
5156,62463,62462037,11100,250,-1,-1,1,0,85.8,0
5157,62474,62473146,11109,250,-1,-1,1,0,85.9,0
5158,62485,62484259,11113,250,-1,-1,1,0,85.9,1
5159,62496,62495388,11129,250,-1,-1,1,0,86.0,0
5160,62507,62506482,11094,250,-1,-1,1,0,86.0,0
5161,62519,62517587,11105,250,-1,-1,1,0,86.0,0
5162,62539,62528697,11110,250,-1,-1,1,0,50.0,0
5163,62541,62539806,11109,250,-1,-1,1,0,90.9,0
5164,62552,62550918,11112,250,-1,-1,1,0,90.9,0
5165,62563,62562026,11108,250,-1,-1,1,0,90.9,0
5166,62574,62573130,11104,250,-1,-1,1,0,90.9,0
5167,62585,62584241,11111,250,-1,-1,1,0,90.9,1
5168,62596,62595368,11127,250,-1,-1,1,0,90.9,0
5169,62608,62606461,11093,250,-1,-1,1,0,89.9,0
5170,62618,62617569,11108,250,-1,-1,1,0,90.9,0
5171,62630,62628679,11110,250,-1,-1,1,0,90.1,0
5172,62641,62639796,11117,250,-1,-1,1,0,90.2,0
5173,62652,62650902,11106,250,-1,-1,1,0,90.2,0
5174,62663,62662002,11100,250,-1,-1,1,0,90.3,0
5175,62674,62673114,11112,250,-1,-1,1,0,90.3,0
5176,62685,62684222,11108,250,-1,-1,1,0,90.4,1
5177,62697,62695349,11127,250,-1,-1,1,0,89.9,0
5178,62707,62706446,11097,250,-1,-1,1,0,90.4,0
5179,62718,62717555,11109,250,-1,-1,1,0,90.5,0
5180,62729,62728664,11109,250,-1,-1,1,0,90.5,0
5181,62741,62739776,11112,250,-1,-1,1,0,90.1,0
5182,62752,62750884,11108,250,-1,-1,1,0,90.1,0
5183,62763,62761987,11103,250,-1,-1,1,0,90.2,0
5184,62774,62773095,11108,250,-1,-1,1,0,90.2,0
5185,62785,62784205,11110,250,-1,-1,1,0,90.2,1
5186,62796,62795322,11117,250,-1,-1,1,0,90.3,0
5187,62807,62806430,11108,250,-1,-1,1,0,90.3,0
5188,62818,62817537,11107,250,-1,-1,1,0,90.3,0
5189,62830,62828651,11114,250,-1,-1,1,0,90.0,0
5190,62841,62839763,11112,250,-1,-1,1,0,90.1,0
5191,62852,62850872,11109,250,-1,-1,1,0,90.1,0
5192,62863,62861967,11095,250,-1,-1,1,0,90.1,0
5193,62874,62873078,11111,250,-1,-1,1,0,90.1,0
5194,62885,62884187,11109,250,-1,-1,1,0,90.2,1
5195,62896,62895316,11129,250,-1,-1,1,0,90.2,0
5196,62907,62906408,11092,250,-1,-1,1,0,90.2,0
5197,62919,62917523,11115,250,-1,-1,1,0,90.0,0
5198,62929,62928630,11107,250,-1,-1,1,0,90.2,0
5199,62941,62939748,11118,250,-1,-1,1,0,90.0,0
5200,62952,62950851,11103,250,-1,-1,1,0,90.1,0
5201,62963,62961954,11103,250,-1,-1,1,0,90.1,0
5202,62974,62973063,11109,250,-1,-1,1,0,90.1,0
5203,62985,62984174,11111,250,-1,-1,1,0,90.1,1
5204,62996,62995300,11126,250,-1,-1,1,0,90.1,0
5205,63008,63006395,11095,250,-1,-1,1,0,90.0,0
5206,63018,63017509,11114,250,-1,-1,1,0,90.2,0
5207,63029,63028613,11104,250,-1,-1,1,0,90.2,0
5208,63041,63039726,11113,250,-1,-1,1,0,90.0,0
5209,63052,63050835,11109,250,-1,-1,1,0,90.1,0
5210,63063,63061936,11101,250,-1,-1,1,0,90.1,0
5211,63074,63073044,11108,250,-1,-1,1,0,90.1,0
5212,63085,63084153,11109,250,-1,-1,1,0,90.1,1
5213,63096,63095282,11129,250,-1,-1,1,0,90.1,0
5214,63107,63106378,11096,250,-1,-1,1,0,90.1,0
5215,63118,63117489,11111,250,-1,-1,1,0,90.2,0
5216,63129,63128597,11108,250,-1,-1,1,0,90.2,0
5217,63141,63139711,11114,250,-1,-1,1,0,90.0,0
5218,63152,63150817,11106,250,-1,-1,1,0,90.0,0
5219,63163,63161919,11102,250,-1,-1,1,0,90.1,0
5220,63243,63173027,11108,250,-1,-1,1,0,81.5,0
5221,63243,63239678,66651,250,-1,-1,1,0,82.9,1
5222,63252,63250810,11132,250,-1,-1,1,0,83.2,0
5223,63263,63261907,11097,250,-1,-1,1,0,83.3,0
5224,63275,63273013,11106,250,-1,-1,1,0,83.3,0
5225,63285,63284129,11116,250,-1,-1,1,0,83.6,0
5226,63296,63295242,11113,250,-1,-1,1,0,83.7,0
5227,63307,63306340,11098,250,-1,-1,1,0,83.8,0
5228,63319,63317510,11170,250,-1,-1,1,0,83.8,0
5229,63329,63328559,11049,250,-1,-1,1,0,84.0,0
5230,63341,63339678,11119,250,-1,-1,1,0,83.9,1
5231,63352,63350790,11112,250,-1,-1,1,0,84.0,0
5232,63363,63361889,11099,250,-1,-1,1,0,84.1,0
5233,63374,63373176,11287,250,-1,-1,1,0,84.2,0
5234,63385,63384113,10937,250,-1,-1,1,0,84.3,0
5235,63396,63395218,11105,250,-1,-1,1,0,84.4,0
5236,63407,63406330,11112,250,-1,-1,1,0,84.5,0
5237,63418,63417430,11100,250,-1,-1,1,0,84.5,0
5238,63429,63428544,11114,250,-1,-1,1,0,84.6,0
5239,63440,63439648,11104,250,-1,-1,1,0,84.7,1
5240,63452,63450779,11131,250,-1,-1,1,0,84.7,0
5241,63463,63461872,11093,250,-1,-1,1,0,84.7,0
5242,63474,63472983,11111,250,-1,-1,1,0,84.8,0
5243,63485,63484092,11109,250,-1,-1,1,0,84.9,0
5244,63496,63495205,11113,250,-1,-1,1,0,85.0,0
5245,63507,63506312,11107,250,-1,-1,1,0,85.0,0
5246,63518,63517417,11105,250,-1,-1,1,0,85.1,0
5247,63529,63528519,11102,250,-1,-1,1,0,85.1,0
5248,63541,63539685,11166,250,-1,-1,1,0,83.3,1
5249,63552,63550760,11075,250,-1,-1,1,0,87.0,0
5250,63563,63561861,11101,250,-1,-1,1,0,88.2,0
5251,63574,63572970,11109,250,-1,-1,1,0,88.9,0
5252,63585,63584078,11108,250,-1,-1,1,0,89.3,0
5253,63596,63595187,11109,250,-1,-1,1,0,89.6,0
5254,63607,63606296,11109,250,-1,-1,1,0,89.7,0
5255,63618,63617397,11101,250,-1,-1,1,0,89.9,0
5256,63630,63628504,11107,250,-1,-1,1,0,89.1,0
5257,63640,63639616,11112,250,-1,-1,1,0,90.1,1
5258,63652,63650739,11123,250,-1,-1,1,0,89.4,0
5259,63663,63661836,11097,250,-1,-1,1,0,89.6,0
5260,63674,63672949,11113,250,-1,-1,1,0,89.7,0
5261,63685,63684060,11111,250,-1,-1,1,0,89.7,0
5262,63696,63695174,11114,250,-1,-1,1,0,89.8,0
5263,63707,63706277,11103,250,-1,-1,1,0,89.9,0
5264,63719,63717383,11106,250,-1,-1,1,0,89.5,0
5265,63729,63728488,11105,250,-1,-1,1,0,90.0,0
5266,63740,63739597,11109,250,-1,-1,1,0,90.0,1
5267,63752,63750720,11123,250,-1,-1,1,0,89.7,0
5268,63763,63761822,11102,250,-1,-1,1,0,89.7,0
5269,63774,63772928,11106,250,-1,-1,1,0,89.8,0
5270,63785,63784045,11117,250,-1,-1,1,0,89.8,0
5271,63796,63795153,11108,250,-1,-1,1,0,89.9,0
5272,63807,63806267,11114,250,-1,-1,1,0,89.9,0
5273,63818,63817364,11097,250,-1,-1,1,0,90.0,0
5274,63829,63828473,11109,250,-1,-1,1,0,90.0,0
5275,63840,63839578,11105,250,-1,-1,1,0,90.0,1
5276,63852,63850710,11132,250,-1,-1,1,0,89.8,0
5277,63863,63861807,11097,250,-1,-1,1,0,89.8,0
5278,63874,63872912,11105,250,-1,-1,1,0,89.9,0
5279,63885,63884023,11111,250,-1,-1,1,0,89.9,0
5280,63896,63895139,11116,250,-1,-1,1,0,89.9,0
5281,63907,63906242,11103,250,-1,-1,1,0,89.9,0
5282,63918,63917353,11111,250,-1,-1,1,0,90.0,0
5283,63929,63928451,11098,250,-1,-1,1,0,90.0,0
5284,63941,63939564,11113,250,-1,-1,1,0,89.8,1
5285,63952,63950686,11122,250,-1,-1,1,0,89.8,0
5286,63963,63961786,11100,250,-1,-1,1,0,89.9,0
5287,63974,63972895,11109,250,-1,-1,1,0,89.9,0
5288,63985,63984008,11113,250,-1,-1,1,0,89.9,0
5289,63996,63995120,11112,250,-1,-1,1,0,89.9,0
5290,64007,64006231,11111,250,-1,-1,1,0,90.0,0
5291,64018,64017327,11096,250,-1,-1,1,0,90.0,0
5292,64030,64028438,11111,250,-1,-1,1,0,89.8,0
5293,64040,64039549,11111,250,-1,-1,1,0,90.0,1
5294,64051,64050672,11123,250,-1,-1,1,0,90.0,0
5295,64063,64061769,11097,250,-1,-1,1,0,89.9,0
5296,64074,64072880,11111,250,-1,-1,1,0,89.9,0
5297,64085,64083987,11107,250,-1,-1,1,0,89.9,0
5298,64096,64095103,11116,250,-1,-1,1,0,89.9,0
5299,64107,64106207,11104,250,-1,-1,1,0,90.0,0
5300,64118,64117311,11104,250,-1,-1,1,0,90.0,0
5301,64129,64128421,11110,250,-1,-1,1,0,90.0,0
5302,64140,64139530,11109,250,-1,-1,1,0,90.0,1
5303,64151,64150655,11125,250,-1,-1,1,0,90.0,0
5304,64163,64161756,11101,250,-1,-1,1,0,89.9,0
5305,64174,64172863,11107,250,-1,-1,1,0,89.9,0
5306,64185,64183974,11111,250,-1,-1,1,0,89.9,0
5307,64196,64195087,11113,250,-1,-1,1,0,90.0,0
5308,64207,64206199,11112,250,-1,-1,1,0,90.0,0
5309,64218,64217293,11094,250,-1,-1,1,0,90.0,0
5310,64346,64228405,11112,250,-1,-1,1,0,77.1,0
5311,64346,64339494,111089,250,-1,-1,1,0,78.3,1
5312,64351,64350625,11131,250,-1,-1,1,0,79.1,0
5313,64363,64361724,11099,250,-1,-1,1,0,79.1,0
5314,64374,64372832,11108,250,-1,-1,1,0,79.3,0
5315,64385,64383934,11102,250,-1,-1,1,0,79.4,0
5316,64396,64395055,11121,250,-1,-1,1,0,79.6,0
5317,64407,64406160,11105,250,-1,-1,1,0,79.7,0
5318,64418,64417268,11108,250,-1,-1,1,0,79.9,0
5319,64430,64428377,11109,250,-1,-1,1,0,79.9,0
5320,64440,64439481,11104,250,-1,-1,1,0,80.1,1
5321,64451,64450608,11127,250,-1,-1,1,0,80.3,0
5322,64463,64461703,11095,250,-1,-1,1,0,80.3,0
5323,64474,64472809,11106,250,-1,-1,1,0,80.4,0
5324,64485,64483920,11111,250,-1,-1,1,0,80.5,0
5325,64496,64495036,11116,250,-1,-1,1,0,80.7,0
5326,64507,64506139,11103,250,-1,-1,1,0,80.8,0
5327,64518,64517244,11105,250,-1,-1,1,0,80.9,0
5328,64529,64528353,11109,250,-1,-1,1,0,81.0,0
5329,64540,64539548,11195,250,-1,-1,1,0,90.9,1
5330,64551,64550584,11036,250,-1,-1,1,0,90.9,0
5331,64563,64561688,11104,250,-1,-1,1,0,88.2,0
5332,64574,64572798,11110,250,-1,-1,1,0,88.9,0
5333,64585,64584077,11279,250,-1,-1,1,0,89.3,0
5334,64596,64595011,10934,250,-1,-1,1,0,89.6,0
5335,64607,64606123,11112,250,-1,-1,1,0,89.7,0
5336,64618,64617225,11102,250,-1,-1,1,0,89.9,0
5337,64629,64628336,11111,250,-1,-1,1,0,90.0,0
5338,64640,64639442,11106,250,-1,-1,1,0,90.1,1
5339,64652,64650570,11128,250,-1,-1,1,0,89.4,0
5340,64662,64661666,11096,250,-1,-1,1,0,89.6,0
5341,64674,64672780,11114,250,-1,-1,1,0,89.7,0
5342,64685,64683886,11106,250,-1,-1,1,0,89.7,0
5343,64696,64695003,11117,250,-1,-1,1,0,89.8,0
5344,64707,64706109,11106,250,-1,-1,1,0,89.9,0
5345,64718,64717214,11105,250,-1,-1,1,0,89.9,0
5346,64729,64728318,11104,250,-1,-1,1,0,90.0,0
5347,64741,64739421,11103,250,-1,-1,1,0,89.6,1
5348,64751,64750547,11126,250,-1,-1,1,0,90.1,0
5349,64762,64761653,11106,250,-1,-1,1,0,90.1,0
5350,64774,64772757,11104,250,-1,-1,1,0,89.8,0
5351,64785,64783870,11113,250,-1,-1,1,0,89.8,0
5352,64796,64794983,11113,250,-1,-1,1,0,89.9,0
5353,64807,64806097,11114,250,-1,-1,1,0,89.9,0
5354,64818,64817195,11098,250,-1,-1,1,0,90.0,0
5355,64829,64828305,11110,250,-1,-1,1,0,90.0,0
5356,64840,64839412,11107,250,-1,-1,1,0,90.0,1
5357,64851,64850543,11131,250,-1,-1,1,0,90.1,0
5358,64862,64861631,11088,250,-1,-1,1,0,90.1,0
5359,64874,64872746,11115,250,-1,-1,1,0,89.9,0
5360,64885,64883850,11104,250,-1,-1,1,0,89.9,0
5361,64896,64894967,11117,250,-1,-1,1,0,89.9,0
5362,64907,64906072,11105,250,-1,-1,1,0,89.9,0
5363,64918,64917176,11104,250,-1,-1,1,0,90.0,0
5364,64929,64928282,11106,250,-1,-1,1,0,90.0,0
5365,64940,64939400,11118,250,-1,-1,1,0,90.0,1
5366,64951,64950517,11117,250,-1,-1,1,0,90.0,0
5367,64963,64961619,11102,250,-1,-1,1,0,89.9,0
5368,64974,64972728,11109,250,-1,-1,1,0,89.9,0
5369,64985,64983838,11110,250,-1,-1,1,0,89.9,0
5370,64996,64994951,11113,250,-1,-1,1,0,89.9,0
5371,65007,65006056,11105,250,-1,-1,1,0,90.0,0
5372,65018,65017159,11103,250,-1,-1,1,0,90.0,0
5373,65029,65028271,11112,250,-1,-1,1,0,90.0,0
5374,65040,65039377,11106,250,-1,-1,1,0,90.0,1
5375,65052,65050505,11128,250,-1,-1,1,0,89.9,0
5376,65062,65061601,11096,250,-1,-1,1,0,90.1,0
5377,65074,65072710,11109,250,-1,-1,1,0,89.9,0
5378,65085,65083817,11107,250,-1,-1,1,0,89.9,0
5379,65096,65094936,11119,250,-1,-1,1,0,89.9,0
5380,65107,65106040,11104,250,-1,-1,1,0,90.0,0
5381,65118,65117141,11101,250,-1,-1,1,0,90.0,0
5382,65129,65128247,11106,250,-1,-1,1,0,90.0,0
5383,65141,65139360,11113,250,-1,-1,1,0,89.9,1
5384,65151,65150484,11124,250,-1,-1,1,0,90.0,0
5385,65162,65161586,11102,250,-1,-1,1,0,90.0,0
5386,65174,65172698,11112,250,-1,-1,1,0,89.9,0
5387,65185,65183803,11105,250,-1,-1,1,0,89.9,0
5388,65196,65194913,11110,250,-1,-1,1,0,90.0,0
5389,65207,65206027,11114,250,-1,-1,1,0,90.0,0
5390,65218,65217126,11099,250,-1,-1,1,0,90.0,0
5391,65229,65228232,11106,250,-1,-1,1,0,90.0,0
5392,65240,65239342,11110,250,-1,-1,1,0,90.0,1
5393,65251,65250471,11129,250,-1,-1,1,0,90.0,0
5394,65262,65261564,11093,250,-1,-1,1,0,90.0,0
5395,65274,65272675,11111,250,-1,-1,1,0,89.9,0
5396,65285,65283786,11111,250,-1,-1,1,0,89.9,0
5397,65296,65294901,11115,250,-1,-1,1,0,90.0,0
5398,65307,65306007,11106,250,-1,-1,1,0,90.0,0
5399,65318,65317111,11104,250,-1,-1,1,0,90.0,0
5400,65418,65328215,11104,250,-1,-1,1,0,81.0,0
5401,65418,65417084,88869,250,-1,-1,1,0,82.1,1
5402,65429,65428220,11136,250,-1,-1,1,0,82.2,0
5403,65440,65439309,11089,250,-1,-1,1,0,82.3,0
5404,65452,65450421,11112,250,-1,-1,1,0,82.3,0
5405,65462,65461536,11115,250,-1,-1,1,0,82.5,0
5406,65473,65472649,11113,250,-1,-1,1,0,82.6,0
5407,65485,65483754,11105,250,-1,-1,1,0,82.6,0
5408,65496,65494863,11109,250,-1,-1,1,0,82.7,0
5409,65507,65505971,11108,250,-1,-1,1,0,82.8,0
5410,65518,65517083,11112,250,-1,-1,1,0,82.9,1
5411,65529,65528198,11115,250,-1,-1,1,0,83.0,0
5412,65566,65561508,33310,250,-1,-1,1,0,27.0,0
5413,65573,65572628,11120,250,-1,-1,1,0,45.5,0
5414,65585,65583740,11112,250,-1,-1,1,0,53.6,0
5415,65596,65594840,11100,250,-1,-1,1,0,59.7,0
5416,65607,65605945,11105,250,-1,-1,1,0,64.1,0
5417,65618,65617056,11111,250,-1,-1,1,0,67.4,0
5418,65629,65628164,11108,250,-1,-1,1,0,70.0,0
5419,65640,65639274,11110,250,-1,-1,1,0,72.1,1
5420,65651,65650402,11128,250,-1,-1,1,0,73.8,0
5421,65662,65661498,11096,250,-1,-1,1,0,75.2,0
5422,65674,65672607,11109,250,-1,-1,1,0,75.9,0
5423,65685,65683717,11110,250,-1,-1,1,0,76.9,0
5424,65696,65694832,11115,250,-1,-1,1,0,77.8,0
5425,65707,65705940,11108,250,-1,-1,1,0,78.7,0
5426,65718,65717042,11102,250,-1,-1,1,0,79.4,0
5427,65729,65728152,11110,250,-1,-1,1,0,80.0,0
5428,65740,65739259,11107,250,-1,-1,1,0,80.6,1
5429,65751,65750382,11123,250,-1,-1,1,0,81.1,0
5430,65763,65761481,11099,250,-1,-1,1,0,81.2,0
5431,65773,65772590,11109,250,-1,-1,1,0,82.0,0
5432,65784,65783706,11116,250,-1,-1,1,0,82.4,0
5433,65796,65794818,11112,250,-1,-1,1,0,82.4,0
5434,65807,65805923,11105,250,-1,-1,1,0,82.7,0
5435,65818,65817023,11100,250,-1,-1,1,0,83.0,0
5436,65829,65828132,11109,250,-1,-1,1,0,83.3,0
5437,65840,65839237,11105,250,-1,-1,1,0,83.6,1
5438,65852,65850365,11128,250,-1,-1,1,0,83.6,0
5439,65862,65861465,11100,250,-1,-1,1,0,84.1,0
5440,65873,65872574,11109,250,-1,-1,1,0,84.3,0
5441,65884,65883681,11107,250,-1,-1,1,0,84.5,0
5442,65896,65894797,11116,250,-1,-1,1,0,84.5,0
5443,65907,65905900,11103,250,-1,-1,1,0,84.7,0
5444,65918,65917008,11108,250,-1,-1,1,0,84.8,0
5445,65929,65928111,11103,250,-1,-1,1,0,85.0,0
5446,65940,65939224,11113,250,-1,-1,1,0,85.2,1
5447,65951,65950345,11121,250,-1,-1,1,0,85.3,0
5448,65962,65961446,11101,250,-1,-1,1,0,85.5,0
5449,65973,65972555,11109,250,-1,-1,1,0,85.6,0
5450,65985,65983667,11112,250,-1,-1,1,0,85.5,0
5451,65996,65994781,11114,250,-1,-1,1,0,85.7,0
5452,66007,66005889,11108,250,-1,-1,1,0,85.8,0
5453,66018,66016992,11103,250,-1,-1,1,0,85.9,0
5454,66029,66028095,11103,250,-1,-1,1,0,86.0,0
5455,66040,66039203,11108,250,-1,-1,1,0,86.1,1
5456,66051,66050332,11129,250,-1,-1,1,0,86.2,0
5457,66062,66061430,11098,250,-1,-1,1,0,86.3,0
5458,66074,66072539,11109,250,-1,-1,1,0,86.2,0
5459,66084,66083650,11111,250,-1,-1,1,0,86.5,0
5460,66096,66094765,11115,250,-1,-1,1,0,86.4,0
5461,66107,66105870,11105,250,-1,-1,1,0,86.5,0
5462,66118,66116973,11103,250,-1,-1,1,0,86.6,0
5463,66129,66128080,11107,250,-1,-1,1,0,86.7,0
5464,66140,66139193,11113,250,-1,-1,1,0,86.7,1
5465,66151,66150312,11119,250,-1,-1,1,0,86.8,0
5466,66163,66161411,11099,250,-1,-1,1,0,86.8,0
5467,66173,66172525,11114,250,-1,-1,1,0,87.0,0
5468,66184,66183635,11110,250,-1,-1,1,0,87.0,0
5469,66196,66194746,11111,250,-1,-1,1,0,87.0,0
5470,66207,66205853,11107,250,-1,-1,1,0,87.0,0
5471,66218,66216959,11106,250,-1,-1,1,0,87.1,0
5472,66229,66228068,11109,250,-1,-1,1,0,87.1,0
5473,66240,66239170,11102,250,-1,-1,1,0,87.2,1
5474,66251,66250295,11125,250,-1,-1,1,0,87.3,0
5475,66262,66261395,11100,250,-1,-1,1,0,87.3,0
5476,66273,66272509,11114,250,-1,-1,1,0,87.4,0
5477,66284,66283621,11112,250,-1,-1,1,0,87.4,0
5478,66296,66294734,11113,250,-1,-1,1,0,87.4,0
5479,66307,66305833,11099,250,-1,-1,1,0,87.4,0
5480,66318,66316940,11107,250,-1,-1,1,0,87.5,0
5481,66329,66328051,11111,250,-1,-1,1,0,87.5,0
5482,66340,66339155,11104,250,-1,-1,1,0,87.5,1
5483,66351,66350279,11124,250,-1,-1,1,0,87.6,0
5484,66362,66361379,11100,250,-1,-1,1,0,87.6,0
5485,66373,66372488,11109,250,-1,-1,1,0,87.7,0
5486,66385,66383600,11112,250,-1,-1,1,0,87.6,0
5487,66396,66394713,11113,250,-1,-1,1,0,87.7,0
5488,66407,66405820,11107,250,-1,-1,1,0,87.7,0
5489,66418,66416927,11107,250,-1,-1,1,0,87.7,0
5490,66563,66428031,11104,250,-1,-1,1,0,76.4,0
5491,66581,66572460,144429,250,-1,-1,1,0,55.6,1
5492,66585,66583561,11101,250,-1,-1,1,0,90.9,0
5493,66595,66594677,11116,250,-1,-1,1,1000,90.9,0
5494,66607,66605782,11105,250,-1,-1,1,0,90.9,0
5495,66618,66616897,11115,250,-1,-1,1,0,90.9,0
5496,66629,66628007,11110,250,-1,-1,1,0,90.9,0
5497,66640,66639114,11107,250,-1,-1,1,0,90.9,0
5498,66651,66650221,11107,250,-1,-1,1,0,90.9,0
5499,66662,66661322,11101,250,-1,-1,1,0,90.9,0
5500,66673,66672436,11114,250,-1,-1,1,0,90.9,1
5501,66684,66683560,11124,250,-1,-1,1,0,90.9,0
5502,66696,66694654,11094,250,-1,-1,1,0,90.2,0
5503,66707,66705764,11110,250,-1,-1,1,0,90.3,0
5504,66718,66716880,11116,250,-1,-1,1,0,90.3,0
5505,66729,66727986,11106,250,-1,-1,1,0,90.4,0
5506,66740,66739097,11111,250,-1,-1,1,0,90.4,0
5507,66751,66750199,11102,250,-1,-1,1,0,90.4,0
5508,66762,66761308,11109,250,-1,-1,1,0,90.5,0
5509,66773,66772414,11106,250,-1,-1,1,0,90.5,1
5510,66785,66783543,11129,250,-1,-1,1,0,90.1,0
5511,66796,66794700,11157,250,-1,-1,1,0,90.1,0
5512,66807,66805747,11047,250,-1,-1,1,0,90.2,0
5513,66818,66816856,11109,250,-1,-1,1,0,90.2,0
5514,66829,66827974,11118,250,-1,-1,1,0,90.2,0
5515,66840,66839081,11107,250,-1,-1,1,0,90.3,0
5516,66851,66850183,11102,250,-1,-1,1,0,90.3,0
5517,66862,66861289,11106,250,-1,-1,1,0,90.3,0
5518,66874,66872400,11111,250,-1,-1,1,0,90.0,1
5519,66884,66883521,11121,250,-1,-1,1,0,90.3,0
5520,66895,66894625,11104,250,-1,-1,1,0,90.4,0
5521,66907,66905731,11106,250,-1,-1,1,0,90.1,0
5522,66918,66916838,11107,250,-1,-1,1,0,90.1,0
5523,66929,66927956,11118,250,-1,-1,1,0,90.2,0
5524,66940,66939065,11109,250,-1,-1,1,0,90.2,0
5525,66951,66950162,11097,250,-1,-1,1,0,90.2,0
5526,66962,66961273,11111,250,-1,-1,1,0,90.2,0
5527,66973,66972380,11107,250,-1,-1,1,0,90.2,1
5528,66984,66983510,11130,250,-1,-1,1,0,90.3,0
5529,66995,66994605,11095,250,-1,-1,1,0,90.3,0
5530,67007,67005715,11110,250,-1,-1,1,0,90.1,0
5531,67018,67016824,11109,250,-1,-1,1,0,90.1,0
5532,67029,67027938,11114,250,-1,-1,1,0,90.1,0
5533,67040,67039044,11106,250,-1,-1,1,0,90.1,0
5534,67051,67050153,11109,250,-1,-1,1,0,90.2,0
5535,67062,67061257,11104,250,-1,-1,1,0,90.2,0
5536,67073,67072367,11110,250,-1,-1,1,0,90.2,1
5537,67084,67083486,11119,250,-1,-1,1,0,90.2,0
5538,67096,67094589,11103,250,-1,-1,1,0,90.1,0
5539,67107,67105695,11106,250,-1,-1,1,0,90.1,0
5540,67118,67116808,11113,250,-1,-1,1,0,90.1,0
5541,67129,67127924,11116,250,-1,-1,1,0,90.1,0
5542,67140,67139026,11102,250,-1,-1,1,0,90.1,0
5543,67151,67150130,11104,250,-1,-1,1,0,90.1,0
5544,67162,67161241,11111,250,-1,-1,1,0,90.2,0
5545,67173,67172345,11104,250,-1,-1,1,0,90.2,1
5546,67185,67183469,11124,250,-1,-1,1,0,90.0,0
5547,67195,67194574,11105,250,-1,-1,1,0,90.2,0
5548,67207,67205678,11104,250,-1,-1,1,0,90.1,0
5549,67218,67216788,11110,250,-1,-1,1,0,90.1,0
5550,67229,67227908,11120,250,-1,-1,1,0,90.1,0
5551,67240,67239012,11104,250,-1,-1,1,0,90.1,0
5552,67251,67250113,11101,250,-1,-1,1,0,90.1,0
5553,67262,67261223,11110,250,-1,-1,1,0,90.1,0
5554,67273,67272332,11109,250,-1,-1,1,0,90.1,1
5555,67284,67283455,11123,250,-1,-1,1,0,90.2,0
5556,67295,67294557,11102,250,-1,-1,1,0,90.2,0
5557,67307,67305661,11104,250,-1,-1,1,0,90.1,0
5558,67318,67316777,11116,250,-1,-1,1,0,90.1,0
5559,67329,67327886,11109,250,-1,-1,1,0,90.1,0
5560,67340,67338992,11106,250,-1,-1,1,0,90.1,0
5561,67351,67350093,11101,250,-1,-1,1,0,90.1,0
5562,67362,67361208,11115,250,-1,-1,1,0,90.1,0
5563,67373,67372312,11104,250,-1,-1,1,0,90.1,1
5564,67384,67383444,11132,250,-1,-1,1,0,90.1,0
5565,67395,67394536,11092,250,-1,-1,1,0,90.1,0
5566,67407,67405644,11108,250,-1,-1,1,0,90.0,0
5567,67418,67416755,11111,250,-1,-1,1,0,90.1,0
5568,67429,67427870,11115,250,-1,-1,1,0,90.1,0
5569,67440,67438976,11106,250,-1,-1,1,0,90.1,0
5570,67451,67450079,11103,250,-1,-1,1,0,90.1,0
5571,67462,67461190,11111,250,-1,-1,1,0,90.1,0
5572,67473,67472303,11113,250,-1,-1,1,0,90.1,1
5573,67484,67483425,11122,250,-1,-1,1,0,90.1,0
5574,67496,67494524,11099,250,-1,-1,1,0,90.0,0
5575,67506,67505629,11105,250,-1,-1,1,0,90.1,0
5576,67518,67516738,11109,250,-1,-1,1,0,90.1,0
5577,67529,67527844,11106,250,-1,-1,1,0,90.1,0
5578,67540,67538951,11107,250,-1,-1,1,0,90.1,0
5579,67551,67550068,11117,250,-1,-1,1,0,90.1,0
5580,67654,67561177,11109,250,-1,-1,1,0,82.5,0
5581,67692,67683364,122187,250,-1,-1,1,0,26.3,1
5582,67695,67694483,11119,250,-1,-1,1,0,48.8,0
5583,67707,67705594,11111,250,-1,-1,1,0,56.6,0
5584,67718,67716709,11115,250,-1,-1,1,0,62.5,0
5585,67729,67727810,11101,250,-1,-1,1,0,66.7,0
5586,67740,67738928,11118,250,-1,-1,1,0,69.8,0
5587,67751,67750036,11108,250,-1,-1,1,0,72.2,0
5588,67763,67761145,11109,250,-1,-1,1,0,73.4,0
5589,67773,67772253,11108,250,-1,-1,1,0,75.6,0
5590,67784,67783356,11103,250,-1,-1,1,0,76.9,1
5591,67795,67794483,11127,250,-1,-1,1,0,78.0,0
5592,67807,67805577,11094,250,-1,-1,1,0,78.4,0
5593,67818,67816688,11111,250,-1,-1,1,0,79.3,0
5594,67829,67827798,11110,250,-1,-1,1,0,80.0,0
5595,67840,67838911,11113,250,-1,-1,1,0,80.6,0
5596,67851,67850019,11108,250,-1,-1,1,0,81.2,0
5597,67862,67861121,11102,250,-1,-1,1,0,81.7,0
5598,67873,67872230,11109,250,-1,-1,1,0,82.2,0
5599,67884,67883341,11111,250,-1,-1,1,0,82.6,1
5600,67896,67894465,11124,250,-1,-1,1,0,82.6,0
5601,67906,67905563,11098,250,-1,-1,1,0,83.3,0
5602,67918,67916678,11115,250,-1,-1,1,0,83.3,0
5603,67929,67927780,11102,250,-1,-1,1,0,83.6,0
5604,67940,67938893,11113,250,-1,-1,1,0,83.9,0
5605,67951,67949997,11104,250,-1,-1,1,0,84.2,0
5606,67962,67961110,11113,250,-1,-1,1,0,84.4,0
5607,67973,67972212,11102,250,-1,-1,1,0,84.6,0
5608,67984,67983322,11110,250,-1,-1,1,0,84.8,1
5609,67995,67994491,11169,250,-1,-1,1,0,85.0,0
5610,68006,68005546,11055,250,-1,-1,1,0,85.2,0
5611,68017,68016654,11108,250,-1,-1,1,0,85.2,0
5612,68029,68027759,11105,250,-1,-1,1,0,85.3,0
5613,68040,68038905,11146,250,-1,-1,1,0,85.5,0
5614,68051,68049987,11082,250,-1,-1,1,0,85.6,0
5615,68062,68061088,11101,250,-1,-1,1,0,85.8,0
5616,68073,68072198,11110,250,-1,-1,1,0,85.9,0
5617,68084,68083303,11105,250,-1,-1,1,0,86.0,1
5618,68095,68094429,11126,250,-1,-1,1,0,86.2,0
5619,68106,68105569,11140,250,-1,-1,1,0,86.3,0
5620,68118,68116636,11067,250,-1,-1,1,0,86.2,0
5621,68129,68127745,11109,250,-1,-1,1,0,86.3,0
5622,68140,68138862,11117,250,-1,-1,1,0,86.4,0
5623,68151,68149970,11108,250,-1,-1,1,0,86.5,0
5624,68162,68161071,11101,250,-1,-1,1,0,86.6,0
5625,68173,68172177,11106,250,-1,-1,1,0,86.7,0
5626,68184,68183287,11110,250,-1,-1,1,0,86.8,1
5627,68195,68194412,11125,250,-1,-1,1,0,86.9,0
5628,68207,68205513,11101,250,-1,-1,1,0,86.8,0
5629,68217,68216616,11103,250,-1,-1,1,0,87.0,0
5630,68229,68227728,11112,250,-1,-1,1,0,87.0,0
5631,68240,68238843,11115,250,-1,-1,1,0,87.0,0
5632,68251,68249948,11105,250,-1,-1,1,0,87.1,0
5633,68262,68261048,11100,250,-1,-1,1,0,87.2,0
5634,68273,68272161,11113,250,-1,-1,1,0,87.2,0
5635,68286,68283267,11106,250,-1,-1,1,0,87.0,1
5636,68296,68294398,11131,250,-1,-1,1,0,87.2,0
5637,68306,68305498,11100,250,-1,-1,1,0,87.4,0
5638,68317,68316605,11107,250,-1,-1,1,0,87.5,0
5639,68329,68327719,11114,250,-1,-1,1,0,87.4,0
5640,68340,68338828,11109,250,-1,-1,1,0,87.5,0
5641,68351,68349929,11101,250,-1,-1,1,0,87.5,0
5642,68362,68361043,11114,250,-1,-1,1,0,87.6,0
5643,68373,68372146,11103,250,-1,-1,1,0,87.6,0
5644,68384,68383257,11111,250,-1,-1,1,0,87.7,1
5645,68395,68394377,11120,250,-1,-1,1,0,87.7,0
5646,68406,68405476,11099,250,-1,-1,1,0,87.8,0
5647,68417,68416585,11109,250,-1,-1,1,0,87.8,0
5648,68429,68427696,11111,250,-1,-1,1,0,87.7,0
5649,68440,68438808,11112,250,-1,-1,1,0,87.8,0
5650,68451,68449917,11109,250,-1,-1,1,0,87.8,0
5651,68462,68461021,11104,250,-1,-1,1,0,87.9,0
5652,68473,68472127,11106,250,-1,-1,1,0,87.9,0
5653,68484,68483245,11118,250,-1,-1,1,0,88.0,1
5654,68495,68494363,11118,250,-1,-1,1,0,88.0,0
5655,68506,68505458,11095,250,-1,-1,1,0,88.0,0
5656,68518,68516571,11113,250,-1,-1,1,0,88.0,0
5657,68529,68527675,11104,250,-1,-1,1,0,88.0,0
5658,68540,68538794,11119,250,-1,-1,1,0,88.0,0
5659,68551,68549896,11102,250,-1,-1,1,0,88.1,0
5660,68562,68561024,11128,250,-1,-1,1,0,88.1,0
5661,68573,68572110,11086,250,-1,-1,1,0,88.1,0
5662,68584,68583219,11109,250,-1,-1,1,0,88.2,1
5663,68595,68594343,11124,250,-1,-1,1,0,88.2,0
5664,68607,68605445,11102,250,-1,-1,1,0,88.1,0
5665,68617,68616548,11103,250,-1,-1,1,0,88.3,0
5666,68628,68627659,11111,250,-1,-1,1,0,88.2,0
5667,68640,68638773,11114,250,-1,-1,1,0,88.2,0
5668,68651,68649882,11109,250,-1,-1,1,0,88.3,0
5669,68662,68660983,11101,250,-1,-1,1,0,88.3,0
5670,68765,68672099,11116,250,-1,-1,1,0,9.7,0
5671,68765,68760962,88863,250,-1,-1,1,0,19.4,1
5672,68773,68772095,11133,250,-1,-1,1,0,27.0,0
5673,68784,68783191,11096,250,-1,-1,1,0,32.8,0
5674,68795,68794296,11105,250,-1,-1,1,0,37.6,0
5675,68806,68805417,11121,250,-1,-1,1,0,41.7,0
5676,68817,68816517,11100,250,-1,-1,1,0,45.2,0
5677,68829,68827626,11109,250,-1,-1,1,0,47.9,0
5678,68840,68838742,11116,250,-1,-1,1,0,50.6,0
5679,68851,68849849,11107,250,-1,-1,1,0,52.9,0
5680,68862,68860956,11107,250,-1,-1,1,0,55.0,1
5681,68873,68872071,11115,250,-1,-1,1,0,56.9,0
5682,68884,68883174,11103,250,-1,-1,1,0,58.6,0
5683,68895,68894279,11105,250,-1,-1,1,0,60.1,0
5684,68906,68905397,11118,250,-1,-1,1,0,61.5,0
5685,68918,68916505,11108,250,-1,-1,1,0,62.5,0
5686,68929,68927610,11105,250,-1,-1,1,0,63.7,0
5687,68940,68938722,11112,250,-1,-1,1,0,64.7,0
5688,68951,68949817,11095,250,-1,-1,1,0,65.7,0
5689,68962,68960937,11120,250,-1,-1,1,0,66.7,1
5690,68973,68972052,11115,250,-1,-1,1,0,67.5,0
5691,68984,68983154,11102,250,-1,-1,1,0,68.3,0
5692,68995,68994261,11107,250,-1,-1,1,0,69.1,0
5693,69007,69005379,11118,250,-1,-1,1,0,69.6,0
5694,69017,69016489,11110,250,-1,-1,1,0,70.4,0
5695,69029,69027594,11105,250,-1,-1,1,0,70.8,0
5696,69039,69038701,11107,250,-1,-1,1,0,71.6,0
5697,69051,69049804,11103,250,-1,-1,1,0,72.0,0
5698,69062,69060919,11115,250,-1,-1,1,0,72.5,1
5699,69073,69072043,11124,250,-1,-1,1,0,73.0,0
5700,69084,69083138,11095,250,-1,-1,1,0,73.5,0
5701,69095,69094251,11113,250,-1,-1,1,0,73.9,0
5702,69106,69105357,11106,250,-1,-1,1,0,74.3,0
5703,69117,69116474,11117,250,-1,-1,1,0,74.7,0
5704,69128,69127578,11104,250,-1,-1,1,0,75.1,0
5705,69140,69138682,11104,250,-1,-1,1,0,75.3,0
5706,69151,69149792,11110,250,-1,-1,1,0,75.7,0
5707,69162,69160900,11108,250,-1,-1,1,0,76.0,1
5708,69173,69172020,11120,250,-1,-1,1,0,76.3,0
5709,69184,69183126,11106,250,-1,-1,1,0,76.6,0
5710,69195,69194230,11104,250,-1,-1,1,0,76.9,0
5711,69206,69205343,11113,250,-1,-1,1,0,77.2,0
5712,69217,69216451,11108,250,-1,-1,1,0,77.5,0
5713,69229,69227566,11115,250,-1,-1,1,0,77.6,0
5714,69239,69238666,11100,250,-1,-1,1,0,78.0,0
5715,69251,69249773,11107,250,-1,-1,1,0,78.1,0
5716,69262,69260880,11107,250,-1,-1,1,0,78.3,1
5717,69273,69272009,11129,250,-1,-1,1,0,78.6,0
5718,69284,69283103,11094,250,-1,-1,1,0,78.8,0
5719,69295,69294217,11114,250,-1,-1,1,0,79.0,0
5720,69306,69305323,11106,250,-1,-1,1,0,79.2,0
5721,69318,69316440,11117,250,-1,-1,1,0,79.3,0
5722,69328,69327547,11107,250,-1,-1,1,0,79.6,0
5723,69339,69338651,11104,250,-1,-1,1,0,79.8,0
5724,69351,69349757,11106,250,-1,-1,1,0,79.8,0
5725,69362,69360866,11109,250,-1,-1,1,0,80.0,1
5726,69373,69371989,11123,250,-1,-1,1,0,80.2,0
5727,69384,69383087,11098,250,-1,-1,1,0,80.3,0
5728,69395,69394196,11109,250,-1,-1,1,0,80.5,0
5729,69406,69405307,11111,250,-1,-1,1,0,80.6,0
5730,69417,69416418,11111,250,-1,-1,1,0,80.8,0
5731,69428,69427527,11109,250,-1,-1,1,0,80.9,0
5732,69439,69438629,11102,250,-1,-1,1,0,81.1,0
5733,69451,69449738,11109,250,-1,-1,1,0,81.1,0
5734,69462,69460846,11108,250,-1,-1,1,0,81.2,1
5735,69473,69471978,11132,250,-1,-1,1,0,81.4,0
5736,69484,69483070,11092,250,-1,-1,1,0,81.5,0
5737,69495,69494180,11110,250,-1,-1,1,0,81.6,0
5738,69506,69505289,11109,250,-1,-1,1,0,81.8,0
5739,69517,69516405,11116,250,-1,-1,1,0,81.9,0
5740,69528,69527502,11097,250,-1,-1,1,0,82.0,0
5741,69540,69538615,11113,250,-1,-1,1,0,82.0,0
5742,69551,69549720,11105,250,-1,-1,1,0,82.1,0
5743,69562,69560831,11111,250,-1,-1,1,0,82.2,1
5744,69573,69571954,11123,250,-1,-1,1,0,82.3,0
5745,69584,69583053,11099,250,-1,-1,1,0,82.4,0
5746,69595,69594163,11110,250,-1,-1,1,0,82.5,0
5747,69606,69605275,11112,250,-1,-1,1,0,82.6,0
5748,69617,69616387,11112,250,-1,-1,1,0,82.7,0
5749,69629,69627493,11106,250,-1,-1,1,0,82.7,0
5750,69639,69638603,11110,250,-1,-1,1,0,82.9,0
5751,69650,69649708,11105,250,-1,-1,1,0,83.0,0
5752,69662,69660809,11101,250,-1,-1,1,0,83.0,1
5753,69698,69694139,33330,250,-1,-1,1,0,28.6,0
5754,69706,69705263,11124,250,-1,-1,1,0,46.5,0
5755,69718,69716365,11102,250,-1,-1,1,0,54.5,0
5756,69728,69727472,11107,250,-1,-1,1,0,61.5,0
5757,69739,69738586,11114,250,-1,-1,1,0,65.8,0
5758,69750,69749688,11102,250,-1,-1,1,0,69.0,0
5759,69762,69760795,11107,250,-1,-1,1,0,70.7,0
5760,69907,69771907,11112,250,-1,-1,1,0,32.8,0
5761,69908,69905220,133313,250,-1,-1,1,0,36.7,1
5762,69917,69916340,11120,250,-1,-1,1,0,39.4,0
5763,69928,69927446,11106,250,-1,-1,1,0,41.5,0
5764,69940,69938549,11103,250,-1,-1,1,0,43.3,0
5765,69950,69949657,11108,250,-1,-1,1,0,45.3,0
5766,69962,69960767,11110,250,-1,-1,1,0,46.8,0
5767,69973,69971880,11113,250,-1,-1,1,0,48.4,0
5768,69984,69982989,11109,250,-1,-1,1,0,49.8,0
5769,69995,69994091,11102,250,-1,-1,1,0,51.2,0
5770,70006,70005202,11111,250,-1,-1,1,0,52.5,1
5771,70017,70016327,11125,250,-1,-1,1,0,53.7,0
5772,70029,70027422,11095,250,-1,-1,1,0,54.6,0
5773,70039,70038531,11109,250,-1,-1,1,0,55.9,0
5774,70050,70049639,11108,250,-1,-1,1,0,56.8,0
5775,70062,70060756,11117,250,-1,-1,1,0,57.6,0
5776,70073,70071863,11107,250,-1,-1,1,0,58.5,0
5777,70084,70082963,11100,250,-1,-1,1,0,59.4,0
5778,70095,70094072,11109,250,-1,-1,1,0,60.2,0
5779,70106,70105180,11108,250,-1,-1,1,0,60.9,1
5780,70117,70116312,11132,250,-1,-1,1,0,61.7,0
5781,70128,70127407,11095,250,-1,-1,1,0,62.4,0
5782,70139,70138515,11108,250,-1,-1,1,0,63.0,0
5783,70150,70149622,11107,250,-1,-1,1,0,63.7,0
5784,70162,70160732,11110,250,-1,-1,1,0,64.1,0
5785,70173,70171849,11117,250,-1,-1,1,0,64.7,0
5786,70184,70182952,11103,250,-1,-1,1,0,65.3,0
5787,70195,70194052,11100,250,-1,-1,1,0,65.8,0
5788,70206,70205165,11113,250,-1,-1,1,0,66.3,1
5789,70217,70216285,11120,250,-1,-1,1,0,66.8,0
5790,70228,70227390,11105,250,-1,-1,1,0,67.3,0
5791,70239,70238498,11108,250,-1,-1,1,0,67.7,0
5792,70251,70249608,11110,250,-1,-1,1,0,68.0,0
5793,70262,70260723,11115,250,-1,-1,1,0,68.4,0
5794,70273,70271827,11104,250,-1,-1,1,0,68.9,0
5795,70284,70282928,11101,250,-1,-1,1,0,69.2,0
5796,70295,70294046,11118,250,-1,-1,1,0,69.6,0
5797,70306,70305149,11103,250,-1,-1,1,0,70.0,1
5798,70317,70316289,11140,250,-1,-1,1,0,70.3,0
5799,70328,70327370,11081,250,-1,-1,1,0,70.7,0
5800,70340,70338483,11113,250,-1,-1,1,0,70.9,0
5801,70350,70349587,11104,250,-1,-1,1,0,71.3,0
5802,70362,70360706,11119,250,-1,-1,1,0,71.5,0
5803,70373,70371808,11102,250,-1,-1,1,0,71.8,0
5804,70384,70382920,11112,250,-1,-1,1,0,72.1,0
5805,70395,70394021,11101,250,-1,-1,1,0,72.4,0
5806,70406,70405134,11113,250,-1,-1,1,0,72.7,1
5807,70417,70416258,11124,250,-1,-1,1,0,72.9,0
5808,70429,70427349,11091,250,-1,-1,1,0,73.1,0
5809,70439,70438462,11113,250,-1,-1,1,0,73.5,0
5810,70450,70449576,11114,250,-1,-1,1,0,73.7,0
5811,70462,70460768,11192,250,-1,-1,1,0,73.8,0
5812,70473,70471793,11025,250,-1,-1,1,0,74.1,0
5813,70484,70482899,11106,250,-1,-1,1,0,74.3,0
5814,70495,70494005,11106,250,-1,-1,1,0,74.5,0
5815,70506,70505109,11104,250,-1,-1,1,0,74.7,1
5816,70517,70516241,11132,250,-1,-1,1,0,74.9,0
5817,70528,70527337,11096,250,-1,-1,1,0,75.1,0
5818,70539,70538443,11106,250,-1,-1,1,0,75.3,0
5819,70550,70549558,11115,250,-1,-1,1,0,75.5,0
5820,70562,70560671,11113,250,-1,-1,1,0,75.6,0
5821,70573,70571775,11104,250,-1,-1,1,0,75.8,0
5822,70584,70582882,11107,250,-1,-1,1,0,76.0,0
5823,70595,70593981,11099,250,-1,-1,1,0,76.2,0
5824,70606,70605096,11115,250,-1,-1,1,0,76.4,1
5825,70617,70616218,11122,250,-1,-1,1,0,76.5,0
5826,70628,70627320,11102,250,-1,-1,1,0,76.7,0
5827,70639,70638427,11107,250,-1,-1,1,0,76.8,0
5828,70651,70649538,11111,250,-1,-1,1,0,76.9,0
5829,70662,70660654,11116,250,-1,-1,1,0,77.1,0
5830,70673,70671756,11102,250,-1,-1,1,0,77.2,0
5831,70684,70682868,11112,250,-1,-1,1,0,90.9,0
5832,70695,70693971,11103,250,-1,-1,1,0,90.9,0
5833,70706,70705079,11108,250,-1,-1,1,0,90.9,1
5834,70717,70716207,11128,250,-1,-1,1,0,90.9,0
5835,70728,70727301,11094,250,-1,-1,1,0,90.9,0
5836,70740,70738413,11112,250,-1,-1,1,0,89.6,0
5837,70750,70749522,11109,250,-1,-1,1,0,90.9,0
5838,70761,70760640,11118,250,-1,-1,1,0,90.9,0
5839,70773,70771738,11098,250,-1,-1,1,0,90.0,0
5840,70784,70782844,11106,250,-1,-1,1,0,90.1,0
5841,70795,70793954,11110,250,-1,-1,1,0,90.2,0
5842,70806,70805066,11112,250,-1,-1,1,0,90.2,1
5843,70817,70816190,11124,250,-1,-1,1,0,90.3,0
5844,70828,70827290,11100,250,-1,-1,1,0,90.3,0
5845,70839,70838393,11103,250,-1,-1,1,0,90.4,0
5846,70850,70849506,11113,250,-1,-1,1,0,90.4,0
5847,70861,70860617,11111,250,-1,-1,1,0,90.4,0
5848,70873,70871725,11108,250,-1,-1,1,0,90.0,0
5849,70884,70882829,11104,250,-1,-1,1,0,90.0,0
5850,70993,70893945,11116,250,-1,-1,1,0,62.5,0
5851,70995,70982808,88863,250,-1,-1,1,0,65.2,1
5852,70997,70993909,11101,250,-1,-1,1,0,67.9,0
5853,71006,71005044,11135,250,-1,-1,1,0,69.1,0
5854,71017,71016140,11096,250,-1,-1,1,0,69.8,0
5855,71029,71027253,11113,250,-1,-1,1,0,70.2,0
5856,71039,71038366,11113,250,-1,-1,1,0,71.0,0
5857,71051,71049481,11115,250,-1,-1,1,0,71.4,0
5858,71061,71060581,11100,250,-1,-1,1,0,72.2,0
5859,71073,71071689,11108,250,-1,-1,1,0,72.5,0
5860,71084,71082798,11109,250,-1,-1,1,0,73.0,1
5861,71095,71093914,11116,250,-1,-1,1,0,73.5,0
5862,71106,71105020,11106,250,-1,-1,1,0,73.9,0
5863,71117,71116130,11110,250,-1,-1,1,0,74.3,0
5864,71128,71127231,11101,250,-1,-1,1,0,74.7,0
5865,71140,71138350,11119,250,-1,-1,1,0,74.9,0
5866,71150,71149621,11271,250,-1,-1,1,0,75.5,0
5867,71161,71160569,10948,250,-1,-1,1,0,75.8,0
5868,71172,71171672,11103,250,-1,-1,1,0,76.2,0
5869,71184,71182774,11102,250,-1,-1,1,0,76.3,1
5870,71195,71193896,11122,250,-1,-1,1,0,76.6,0
5871,71206,71205002,11106,250,-1,-1,1,0,76.9,0
5872,71217,71216106,11104,250,-1,-1,1,0,77.2,0
5873,71228,71227217,11111,250,-1,-1,1,0,77.5,0
5874,71239,71238329,11112,250,-1,-1,1,0,77.7,0
5875,71251,71249440,11111,250,-1,-1,1,0,77.9,0
5876,71261,71260545,11105,250,-1,-1,1,0,78.2,0
5877,71273,71271650,11105,250,-1,-1,1,0,78.3,0
5878,71284,71282760,11110,250,-1,-1,1,0,78.6,1
5879,71295,71293905,11145,250,-1,-1,1,0,78.8,0
5880,71306,71304989,11084,250,-1,-1,1,0,79.0,0
5881,71317,71316093,11104,250,-1,-1,1,0,79.2,0
5882,71328,71327198,11105,250,-1,-1,1,0,79.4,0
5883,71339,71338313,11115,250,-1,-1,1,0,79.6,0
5884,71350,71349420,11107,250,-1,-1,1,0,79.8,0
5885,71362,71360527,11107,250,-1,-1,1,0,79.8,0
5886,71372,71371635,11108,250,-1,-1,1,0,80.1,0
5887,71384,71382742,11107,250,-1,-1,1,0,80.2,1
5888,71395,71393869,11127,250,-1,-1,1,0,80.3,0
5889,71406,71404968,11099,250,-1,-1,1,0,80.5,0
5890,71417,71416074,11106,250,-1,-1,1,0,80.6,0
5891,71428,71427184,11110,250,-1,-1,1,0,80.8,0
5892,71439,71438300,11116,250,-1,-1,1,0,80.9,0
5893,71451,71449405,11105,250,-1,-1,1,0,81.0,0
5894,71462,71460512,11107,250,-1,-1,1,0,81.1,0
5895,71472,71471621,11109,250,-1,-1,1,0,81.4,0
5896,71484,71482723,11102,250,-1,-1,1,0,81.4,1
5897,71495,71493852,11129,250,-1,-1,1,0,81.5,0
5898,71506,71504947,11095,250,-1,-1,1,0,81.6,0
5899,71517,71516057,11110,250,-1,-1,1,0,81.8,0
5900,71528,71527162,11105,250,-1,-1,1,0,81.9,0
5901,71539,71538283,11121,250,-1,-1,1,0,82.0,0
5902,71550,71549386,11103,250,-1,-1,1,0,82.1,0
5903,71561,71560497,11111,250,-1,-1,1,0,82.2,0
5904,71572,71571599,11102,250,-1,-1,1,0,82.3,0
5905,71584,71582708,11109,250,-1,-1,1,0,82.3,1
5906,71595,71593833,11125,250,-1,-1,1,0,82.4,0
5907,71606,71604934,11101,250,-1,-1,1,0,82.5,0
5908,71617,71616038,11104,250,-1,-1,1,0,82.6,0
5909,71628,71627156,11118,250,-1,-1,1,0,82.7,0
5910,71639,71638311,11155,250,-1,-1,1,0,82.8,0
5911,71650,71649378,11067,250,-1,-1,1,0,82.9,0
5912,71661,71660477,11099,250,-1,-1,1,0,83.0,0
5913,71673,71671582,11105,250,-1,-1,1,0,83.0,0
5914,71684,71682831,11249,250,-1,-1,1,0,90.9,1
5915,71695,71693820,10989,250,-1,-1,1,0,90.9,0
5916,71706,71704916,11096,250,-1,-1,1,0,90.9,0
5917,71717,71716032,11116,250,-1,-1,1,0,90.9,0
5918,71728,71727133,11101,250,-1,-1,1,0,90.9,0
5919,71739,71738249,11116,250,-1,-1,1,0,90.9,0
5920,71750,71749353,11104,250,-1,-1,1,0,90.9,0
5921,71762,71760456,11103,250,-1,-1,1,0,89.9,0
5922,71772,71771567,11111,250,-1,-1,1,0,90.9,0
5923,71783,71782675,11108,250,-1,-1,1,0,90.9,1
5924,71795,71793801,11126,250,-1,-1,1,0,90.2,0
5925,71806,71804898,11097,250,-1,-1,1,0,90.2,0
5926,71817,71816012,11114,250,-1,-1,1,0,90.3,0
5927,71828,71827118,11106,250,-1,-1,1,0,90.3,0
5928,71839,71838228,11110,250,-1,-1,1,0,90.4,0
5929,71851,71849334,11106,250,-1,-1,1,0,89.9,0
5930,71861,71860447,11113,250,-1,-1,1,0,90.4,0
5931,71872,71871548,11101,250,-1,-1,1,0,90.5,0
5932,71883,71882658,11110,250,-1,-1,1,0,90.5,1
5933,71895,71893784,11126,250,-1,-1,1,0,90.1,0
5934,71906,71904880,11096,250,-1,-1,1,0,90.1,0
5935,71917,71915990,11110,250,-1,-1,1,0,90.2,0
5936,71928,71927094,11104,250,-1,-1,1,0,90.2,0
5937,71939,71938214,11120,250,-1,-1,1,0,90.2,0
5938,71950,71949318,11104,250,-1,-1,1,0,90.3,0
5939,71961,71960426,11108,250,-1,-1,1,0,90.3,0
5940,72109,71971532,11106,250,-1,-1,1,1000,61.8,0
5941,72110,72104839,133307,250,-1,-1,1,0,64.1,1
5942,72117,72116112,11273,250,-1,-1,1,0,65.3,0
5943,72128,72127063,10951,250,-1,-1,1,0,65.9,0
5944,72139,72138181,11118,250,-1,-1,1,0,66.5,0
5945,72150,72149285,11104,250,-1,-1,1,0,67.1,0
5946,72162,72160396,11111,250,-1,-1,1,0,67.5,0
5947,72172,72171506,11110,250,-1,-1,1,0,68.1,0
5948,72183,72182619,11113,250,-1,-1,1,0,68.6,0
5949,72195,72193722,11103,250,-1,-1,1,0,69.0,0
5950,72206,72204828,11106,250,-1,-1,1,0,69.4,1
5951,72217,72215947,11119,250,-1,-1,1,0,69.9,0
5952,72228,72227048,11101,250,-1,-1,1,0,70.3,0
5953,72239,72238158,11110,250,-1,-1,1,0,70.7,0
5954,72250,72249267,11109,250,-1,-1,1,0,71.1,0
5955,72261,72260375,11108,250,-1,-1,1,0,71.4,0
5956,72272,72271488,11113,250,-1,-1,1,0,71.8,0
5957,72283,72282595,11107,250,-1,-1,1,0,72.1,0
5958,72296,72293701,11106,250,-1,-1,1,0,72.2,0
5959,72306,72304811,11110,250,-1,-1,1,0,72.7,1
5960,72317,72315932,11121,250,-1,-1,1,0,73.0,0
5961,72328,72327030,11098,250,-1,-1,1,0,73.3,0
5962,72339,72338147,11117,250,-1,-1,1,0,73.6,0
5963,72350,72349248,11101,250,-1,-1,1,0,73.9,0
5964,72361,72360362,11114,250,-1,-1,1,0,74.1,0
5965,72373,72371470,11108,250,-1,-1,1,0,74.3,0
5966,72384,72382577,11107,250,-1,-1,1,0,74.5,0
5967,72394,72393679,11102,250,-1,-1,1,0,74.8,0
5968,72406,72404790,11111,250,-1,-1,1,0,75.0,1
5969,72417,72415915,11125,250,-1,-1,1,0,75.3,0
5970,72428,72427014,11099,250,-1,-1,1,0,75.5,0
5971,72439,72438125,11111,250,-1,-1,1,0,75.7,0
5972,72450,72449233,11108,250,-1,-1,1,0,75.9,0
5973,72461,72460346,11113,250,-1,-1,1,0,76.1,0
5974,72473,72471452,11106,250,-1,-1,1,0,76.2,0
5975,72483,72482562,11110,250,-1,-1,1,0,76.5,0
5976,72494,72493666,11104,250,-1,-1,1,0,76.7,0
5977,72506,72504770,11104,250,-1,-1,1,0,76.8,1
5978,72517,72515896,11126,250,-1,-1,1,0,77.0,0
5979,72528,72526996,11100,250,-1,-1,1,0,77.2,0
5980,72539,72538107,11111,250,-1,-1,1,0,77.4,0
5981,72550,72549212,11105,250,-1,-1,1,0,77.5,0
5982,72562,72560331,11119,250,-1,-1,1,0,77.6,0
5983,72572,72571434,11103,250,-1,-1,1,0,77.9,0
5984,72583,72582540,11106,250,-1,-1,1,0,78.0,0
5985,72594,72593653,11113,250,-1,-1,1,0,78.2,0
5986,72606,72604757,11104,250,-1,-1,1,0,78.2,1
5987,72617,72615881,11124,250,-1,-1,1,0,78.4,0
5988,72628,72626981,11100,250,-1,-1,1,0,78.5,0
5989,72639,72638088,11107,250,-1,-1,1,0,78.7,0
5990,72650,72649198,11110,250,-1,-1,1,0,78.8,0
5991,72661,72660310,11112,250,-1,-1,1,0,78.9,0
5992,72672,72671418,11108,250,-1,-1,1,0,79.1,0
5993,72683,72682526,11108,250,-1,-1,1,0,79.2,0
5994,72695,72693804,11278,250,-1,-1,1,0,83.3,0
5995,72706,72704738,10934,250,-1,-1,1,0,87.0,1
5996,72717,72715863,11125,250,-1,-1,1,0,88.2,0
5997,72728,72726961,11098,250,-1,-1,1,0,88.9,0
5998,72739,72738072,11111,250,-1,-1,1,0,89.3,0
5999,72750,72749181,11109,250,-1,-1,1,0,89.6,0
6000,72761,72760291,11110,250,-1,-1,1,0,89.7,0
6001,72772,72771400,11109,250,-1,-1,1,0,89.9,0
6002,72784,72782511,11111,250,-1,-1,1,0,89.1,0
6003,72794,72793613,11102,250,-1,-1,1,0,90.1,0
6004,72806,72804723,11110,250,-1,-1,1,0,89.4,1
6005,72817,72815848,11125,250,-1,-1,1,0,89.6,0
6006,72828,72826947,11099,250,-1,-1,1,0,89.7,0
6007,72839,72838056,11109,250,-1,-1,1,0,89.7,0
6008,72850,72849168,11112,250,-1,-1,1,0,89.8,0
6009,72861,72860275,11107,250,-1,-1,1,0,89.9,0
6010,72873,72871382,11107,250,-1,-1,1,0,89.5,0
6011,72883,72882491,11109,250,-1,-1,1,0,90.0,0
6012,72894,72893598,11107,250,-1,-1,1,0,90.0,0
6013,72906,72904706,11108,250,-1,-1,1,0,89.7,1
6014,72917,72915830,11124,250,-1,-1,1,0,89.7,0
6015,72928,72926926,11096,250,-1,-1,1,0,89.8,0
6016,72939,72938037,11111,250,-1,-1,1,0,89.8,0
6017,72950,72949148,11111,250,-1,-1,1,0,89.9,0
6018,72961,72960254,11106,250,-1,-1,1,0,89.9,0
6019,72972,72971366,11112,250,-1,-1,1,0,90.0,0
6020,72983,72982477,11111,250,-1,-1,1,0,90.0,0
6021,72994,72993579,11102,250,-1,-1,1,0,90.0,0
6022,73006,73004689,11110,250,-1,-1,1,0,89.8,1
6023,73017,73015814,11125,250,-1,-1,1,0,89.8,0
6024,73028,73026912,11098,250,-1,-1,1,0,89.9,0
6025,73039,73038019,11107,250,-1,-1,1,0,89.9,0
6026,73050,73049131,11112,250,-1,-1,1,0,89.9,0
6027,73061,73060242,11111,250,-1,-1,1,0,89.9,0
6028,73072,73071350,11108,250,-1,-1,1,0,90.0,0
6029,73083,73082458,11108,250,-1,-1,1,0,90.0,0
6030,73143,73093559,11101,250,-1,-1,1,0,80.4,0
6031,73143,73137993,44434,250,-1,-1,1,0,82.6,1
6032,73150,73149130,11137,250,-1,-1,1,0,83.5,0
6033,73161,73160227,11097,250,-1,-1,1,0,83.7,0
6034,73172,73171328,11101,250,-1,-1,1,0,83.8,0
6035,73184,73182448,11120,250,-1,-1,1,0,83.8,0
6036,73194,73193548,11100,250,-1,-1,1,0,84.1,0
6037,73206,73204665,11117,250,-1,-1,1,0,84.1,0
6038,73217,73215765,11100,250,-1,-1,1,0,84.3,0
6039,73228,73226884,11119,250,-1,-1,1,0,84.4,0
6040,73239,73237989,11105,250,-1,-1,1,0,84.5,1
6041,73250,73249103,11114,250,-1,-1,1,0,84.7,0
6042,73261,73260207,11104,250,-1,-1,1,0,84.8,0
6043,73272,73271318,11111,250,-1,-1,1,0,84.9,0
6044,73283,73282428,11110,250,-1,-1,1,0,85.0,0
6045,73294,73293532,11104,250,-1,-1,1,0,85.1,0
6046,73305,73304645,11113,250,-1,-1,1,0,85.2,0
6047,73317,73315757,11112,250,-1,-1,1,0,85.2,0
6048,73328,73326855,11098,250,-1,-1,1,0,85.3,0
6049,73339,73337973,11118,250,-1,-1,1,0,85.4,1
6050,73350,73349088,11115,250,-1,-1,1,0,85.5,0
6051,73361,73360192,11104,250,-1,-1,1,0,85.5,0
6052,73372,73371296,11104,250,-1,-1,1,0,85.6,0
6053,73383,73382412,11116,250,-1,-1,1,0,85.7,0
6054,73394,73393518,11106,250,-1,-1,1,0,85.8,0
6055,73406,73404628,11110,250,-1,-1,1,0,85.8,0
6056,73417,73415739,11111,250,-1,-1,1,0,85.8,0
6057,73428,73426840,11101,250,-1,-1,1,0,85.9,0
6058,73439,73437948,11108,250,-1,-1,1,0,86.0,1
6059,73450,73449076,11128,250,-1,-1,1,0,86.0,0
6060,73461,73460168,11092,250,-1,-1,1,0,86.1,0
6061,73472,73471289,11121,250,-1,-1,1,0,86.2,0
6062,73483,73482395,11106,250,-1,-1,1,0,86.2,0
6063,73495,73493504,11109,250,-1,-1,1,0,86.2,0
6064,73505,73504610,11106,250,-1,-1,1,0,86.4,0
6065,73516,73515718,11108,250,-1,-1,1,0,86.3,0
6066,73528,73526820,11102,250,-1,-1,1,0,86.4,0
6067,73539,73537929,11109,250,-1,-1,1,0,86.4,1
6068,73550,73549054,11125,250,-1,-1,1,0,86.5,0
6069,73561,73560157,11103,250,-1,-1,1,0,86.6,0
6070,73572,73571262,11105,250,-1,-1,1,0,86.6,0
6071,73584,73582373,11111,250,-1,-1,1,0,86.6,0
6072,73594,73593484,11111,250,-1,-1,1,0,86.7,0
6073,73606,73604596,11112,250,-1,-1,1,0,86.7,0
6074,73616,73615702,11106,250,-1,-1,1,0,86.8,0
6075,73628,73626803,11101,250,-1,-1,1,0,86.8,0
6076,73639,73637912,11109,250,-1,-1,1,0,86.8,1
6077,73650,73649041,11129,250,-1,-1,1,0,86.9,0
6078,73661,73660137,11096,250,-1,-1,1,0,86.9,0
6079,73672,73671247,11110,250,-1,-1,1,0,87.0,0
6080,73683,73682355,11108,250,-1,-1,1,0,87.0,0
6081,73695,73693472,11117,250,-1,-1,1,0,83.3,0
6082,73705,73704578,11106,250,-1,-1,1,0,90.9,0
6083,73717,73715682,11104,250,-1,-1,1,0,88.2,0
6084,73728,73726789,11107,250,-1,-1,1,0,88.9,0
6085,73739,73737895,11106,250,-1,-1,1,0,89.3,1
6086,73750,73749024,11129,250,-1,-1,1,0,89.6,0
6087,73761,73760123,11099,250,-1,-1,1,0,89.7,0
6088,73772,73771230,11107,250,-1,-1,1,0,89.9,0
6089,73783,73782343,11113,250,-1,-1,1,0,90.0,0
6090,73794,73793447,11104,250,-1,-1,1,0,90.1,0
6091,73806,73804557,11110,250,-1,-1,1,0,89.4,0
6092,73816,73815668,11111,250,-1,-1,1,0,90.2,0
6093,73828,73826769,11101,250,-1,-1,1,0,89.7,0
6094,73839,73837880,11111,250,-1,-1,1,0,89.7,1
6095,73850,73849003,11123,250,-1,-1,1,0,89.8,0
6096,73861,73860104,11101,250,-1,-1,1,0,89.9,0
6097,73872,73871215,11111,250,-1,-1,1,0,89.9,0
6098,73883,73882323,11108,250,-1,-1,1,0,90.0,0
6099,73895,73893436,11113,250,-1,-1,1,0,89.6,0
6100,73906,73904541,11105,250,-1,-1,1,0,89.7,0
6101,73916,73915650,11109,250,-1,-1,1,0,90.1,0
6102,73928,73926752,11102,250,-1,-1,1,0,89.8,0
6103,73939,73937862,11110,250,-1,-1,1,0,89.8,1
6104,73950,73948984,11122,250,-1,-1,1,0,89.9,0
6105,73961,73960088,11104,250,-1,-1,1,0,89.9,0
6106,73972,73971197,11109,250,-1,-1,1,0,90.0,0
6107,73983,73982306,11109,250,-1,-1,1,0,90.0,0
6108,73994,73993418,11112,250,-1,-1,1,0,90.0,0
6109,74005,74004526,11108,250,-1,-1,1,0,90.1,0
6110,74016,74015635,11109,250,-1,-1,1,0,90.1,0
6111,74028,74026735,11100,250,-1,-1,1,0,89.9,0
6112,74039,74037847,11112,250,-1,-1,1,0,89.9,1
6113,74050,74048975,11128,250,-1,-1,1,0,89.9,0
6114,74061,74060068,11093,250,-1,-1,1,0,89.9,0
6115,74072,74071179,11111,250,-1,-1,1,0,90.0,0
6116,74083,74082290,11111,250,-1,-1,1,0,90.0,0
6117,74094,74093397,11107,250,-1,-1,1,0,90.0,0
6118,74105,74104504,11107,250,-1,-1,1,0,90.0,0
6119,74117,74115620,11116,250,-1,-1,1,0,89.9,0
6120,74224,74126717,11097,250,-1,-1,1,0,73.9,0
6121,74224,74215591,88874,250,-1,-1,1,0,75.8,1
6122,74228,74226703,11112,250,-1,-1,1,0,77.1,0
6123,74239,74237820,11117,250,-1,-1,1,0,77.3,0
6124,74250,74248933,11113,250,-1,-1,1,0,77.6,0
6125,74261,74260035,11102,250,-1,-1,1,0,77.9,0
6126,74272,74271144,11109,250,-1,-1,1,0,78.1,0
6127,74283,74282253,11109,250,-1,-1,1,0,78.3,0
6128,74295,74293370,11117,250,-1,-1,1,0,78.4,0
6129,74305,74304476,11106,250,-1,-1,1,0,78.8,0
6130,74316,74315583,11107,250,-1,-1,1,0,79.0,1
6131,74328,74326702,11119,250,-1,-1,1,0,79.1,0
6132,74339,74337802,11100,250,-1,-1,1,0,79.3,0
6133,74350,74348907,11105,250,-1,-1,1,0,79.5,0
6134,74361,74360023,11116,250,-1,-1,1,0,79.6,0
6135,74372,74371126,11103,250,-1,-1,1,0,79.8,0
6136,74384,74382240,11114,250,-1,-1,1,0,79.9,0
6137,74394,74393344,11104,250,-1,-1,1,0,80.2,0
6138,74405,74404450,11106,250,-1,-1,1,0,80.3,0
6139,74416,74415557,11107,250,-1,-1,1,0,80.5,1
6140,74428,74426682,11125,250,-1,-1,1,0,80.5,0
6141,74439,74437779,11097,250,-1,-1,1,0,80.7,0
6142,74450,74448893,11114,250,-1,-1,1,0,80.8,0
6143,74461,74460002,11109,250,-1,-1,1,0,81.0,0
6144,74472,74471115,11113,250,-1,-1,1,0,81.1,0
6145,74484,74482221,11106,250,-1,-1,1,0,81.1,0
6146,74494,74493332,11111,250,-1,-1,1,0,81.4,0
6147,74505,74504429,11097,250,-1,-1,1,0,81.5,0
6148,74517,74515545,11116,250,-1,-1,1,0,81.5,1
6149,74528,74526666,11121,250,-1,-1,1,0,81.7,0
6150,74539,74537768,11102,250,-1,-1,1,0,81.8,0
6151,74550,74548874,11106,250,-1,-1,1,0,81.9,0
6152,74561,74559988,11114,250,-1,-1,1,0,82.0,0
6153,74572,74571095,11107,250,-1,-1,1,0,82.1,0
6154,74583,74582206,11111,250,-1,-1,1,0,82.2,0
6155,74594,74593314,11108,250,-1,-1,1,0,82.3,0
6156,74606,74604414,11100,250,-1,-1,1,0,82.3,0
6157,74616,74615527,11113,250,-1,-1,1,0,82.5,1
6158,74627,74626647,11120,250,-1,-1,1,0,82.6,0
6159,74639,74637749,11102,250,-1,-1,1,0,82.6,0
6160,74650,74648857,11108,250,-1,-1,1,0,82.7,0
6161,74661,74659969,11112,250,-1,-1,1,0,82.8,0
6162,74672,74671078,11109,250,-1,-1,1,0,82.9,0
6163,74683,74682186,11108,250,-1,-1,1,0,83.0,0
6164,74694,74693298,11112,250,-1,-1,1,0,90.9,0
6165,74705,74704401,11103,250,-1,-1,1,0,90.9,0
6166,74716,74715506,11105,250,-1,-1,1,0,90.9,1
6167,74727,74726630,11124,250,-1,-1,1,0,90.9,0
6168,74739,74737732,11102,250,-1,-1,1,0,89.3,0
6169,74750,74748840,11108,250,-1,-1,1,0,89.6,0
6170,74761,74759954,11114,250,-1,-1,1,0,89.7,0
6171,74772,74771060,11106,250,-1,-1,1,0,89.9,0
6172,74784,74782172,11112,250,-1,-1,1,0,89.1,0
6173,74794,74793277,11105,250,-1,-1,1,0,90.1,0
6174,74805,74804384,11107,250,-1,-1,1,0,90.2,0
6175,74816,74815487,11103,250,-1,-1,1,0,90.2,1
6176,74828,74826620,11133,250,-1,-1,1,0,89.7,0
6177,74839,74837717,11097,250,-1,-1,1,0,89.7,0
6178,74850,74848825,11108,250,-1,-1,1,0,89.8,0
6179,74861,74859936,11111,250,-1,-1,1,0,89.9,0
6180,74872,74871049,11113,250,-1,-1,1,0,89.9,0
6181,74883,74882154,11105,250,-1,-1,1,0,90.0,0
6182,74894,74893262,11108,250,-1,-1,1,0,90.0,0
6183,74905,74904365,11103,250,-1,-1,1,0,90.1,0
6184,74917,74915476,11111,250,-1,-1,1,0,89.7,1
6185,74927,74926595,11119,250,-1,-1,1,0,90.2,0
6186,74939,74937698,11103,250,-1,-1,1,0,89.8,0
6187,74950,74948804,11106,250,-1,-1,1,0,89.9,0
6188,74961,74959918,11114,250,-1,-1,1,0,89.9,0
6189,74972,74971028,11110,250,-1,-1,1,0,90.0,0
6190,74983,74982136,11108,250,-1,-1,1,0,90.0,0
6191,74994,74993244,11108,250,-1,-1,1,0,90.0,0
6192,75005,75004346,11102,250,-1,-1,1,0,90.1,0
6193,75016,75015484,11138,250,-1,-1,1,0,90.1,1
6194,75028,75026584,11100,250,-1,-1,1,0,89.9,0
6195,75038,75037682,11098,250,-1,-1,1,0,90.1,0
6196,75050,75048789,11107,250,-1,-1,1,0,89.9,0
6197,75061,75059907,11118,250,-1,-1,1,0,89.9,0
6198,75072,75071012,11105,250,-1,-1,1,0,90.0,0
6199,75083,75082117,11105,250,-1,-1,1,0,90.0,0
6200,75094,75093226,11109,250,-1,-1,1,0,90.0,0
6201,75105,75104331,11105,250,-1,-1,1,0,90.0,0
6202,75116,75115439,11108,250,-1,-1,1,0,90.1,1
6203,75127,75126560,11121,250,-1,-1,1,0,90.1,0
6204,75139,75137665,11105,250,-1,-1,1,0,89.9,0
6205,75150,75148773,11108,250,-1,-1,1,0,89.9,0
6206,75161,75159888,11115,250,-1,-1,1,0,90.0,0
6207,75172,75170994,11106,250,-1,-1,1,0,90.0,0
6208,75183,75182100,11106,250,-1,-1,1,0,90.0,0
6209,75194,75193210,11110,250,-1,-1,1,0,90.0,0
6210,75277,75204316,11106,250,-1,-1,1,0,79.1,0
6211,75277,75270965,66649,250,-1,-1,1,0,80.8,1
6212,75283,75282107,11142,250,-1,-1,1,0,81.7,0
6213,75294,75293197,11090,250,-1,-1,1,0,81.8,0
6214,75305,75304301,11104,250,-1,-1,1,0,82.0,0
6215,75317,75315433,11132,250,-1,-1,1,0,82.0,0
6216,75327,75326523,11090,250,-1,-1,1,0,82.3,0
6217,75338,75337638,11115,250,-1,-1,1,0,82.4,0
6218,75350,75348737,11099,250,-1,-1,1,0,82.5,0
6219,75361,75359851,11114,250,-1,-1,1,0,82.6,0
6220,75372,75370957,11106,250,-1,-1,1,0,82.7,1
6221,75383,75382083,11126,250,-1,-1,1,0,82.9,0
6222,75394,75393257,11174,250,-1,-1,1,0,83.0,0
6223,75405,75404283,11026,250,-1,-1,1,0,83.1,0
6224,75416,75415393,11110,250,-1,-1,1,0,83.2,0
6225,75427,75426511,11118,250,-1,-1,1,0,83.3,0
6226,75438,75437614,11103,250,-1,-1,1,0,83.3,0
6227,75450,75448725,11111,250,-1,-1,1,0,83.4,0
6228,75461,75459833,11108,250,-1,-1,1,0,83.5,0
6229,75472,75470938,11105,250,-1,-1,1,0,83.7,1
6230,75483,75482061,11123,250,-1,-1,1,0,83.8,0
6231,75494,75493160,11099,250,-1,-1,1,0,83.8,0
6232,75506,75504265,11105,250,-1,-1,1,0,83.8,0
6233,75516,75515384,11119,250,-1,-1,1,0,84.0,0
6234,75527,75526489,11105,250,-1,-1,1,0,84.1,0
6235,75539,75537596,11107,250,-1,-1,1,0,84.1,0
6236,75549,75548707,11111,250,-1,-1,1,0,84.2,0
6237,75561,75559811,11104,250,-1,-1,1,0,84.3,0
6238,75572,75570919,11108,250,-1,-1,1,0,84.4,1
6239,75583,75582045,11126,250,-1,-1,1,0,84.4,0
6240,75594,75593140,11095,250,-1,-1,1,0,84.5,0
6241,75606,75604251,11111,250,-1,-1,1,0,84.5,0
6242,75616,75615367,11116,250,-1,-1,1,0,84.7,0
6243,75628,75626470,11103,250,-1,-1,1,0,84.7,0
6244,75639,75637583,11113,250,-1,-1,1,0,84.7,0
6245,75649,75648691,11108,250,-1,-1,1,0,84.9,0
6246,75661,75659791,11100,250,-1,-1,1,0,84.9,0
6247,75672,75670901,11110,250,-1,-1,1,0,84.9,1
6248,75683,75682021,11120,250,-1,-1,1,0,85.0,0
6249,75730,75726443,44422,250,-1,-1,1,0,21.3,0
6250,75738,75737566,11123,250,-1,-1,1,0,36.4,0
6251,75749,75748671,11105,250,-1,-1,1,0,45.5,0
6252,75761,75759773,11102,250,-1,-1,1,0,51.3,0
6253,75772,75770882,11109,250,-1,-1,1,0,56.2,0
6254,75783,75781995,11113,250,-1,-1,1,0,60.0,0
6255,75794,75793101,11106,250,-1,-1,1,0,63.1,0
6256,75805,75804214,11113,250,-1,-1,1,0,65.6,1
6257,75816,75815336,11122,250,-1,-1,1,0,67.7,0
6258,75827,75826436,11100,250,-1,-1,1,0,69.4,0
6259,75839,75837544,11108,250,-1,-1,1,0,70.5,0
6260,75850,75848657,11113,250,-1,-1,1,0,71.9,0
6261,75861,75859768,11111,250,-1,-1,1,0,73.0,0
6262,75872,75870873,11105,250,-1,-1,1,0,74.1,0
6263,75883,75881980,11107,250,-1,-1,1,0,75.0,0
6264,75894,75893084,11104,250,-1,-1,1,0,75.8,0
6265,75905,75904195,11111,250,-1,-1,1,0,76.6,1
6266,75916,75915319,11124,250,-1,-1,1,0,77.3,0
6267,75927,75926424,11105,250,-1,-1,1,0,77.9,0
6268,75939,75937528,11104,250,-1,-1,1,0,78.1,0
6269,75949,75948639,11111,250,-1,-1,1,0,78.9,0
6270,75961,75959753,11114,250,-1,-1,1,0,79.1,0
6271,75972,75970855,11102,250,-1,-1,1,0,79.6,0
6272,75983,75981970,11115,250,-1,-1,1,0,80.0,0
6273,75994,75993069,11099,250,-1,-1,1,0,80.4,0
6274,76005,76004182,11113,250,-1,-1,1,0,80.7,1
6275,76016,76015308,11126,250,-1,-1,1,0,81.1,0
6276,76028,76026399,11091,250,-1,-1,1,0,81.2,0
6277,76039,76037511,11112,250,-1,-1,1,0,81.5,0
6278,76049,76048625,11114,250,-1,-1,1,0,82.0,0
6279,76061,76059734,11109,250,-1,-1,1,0,82.0,0
6280,76072,76070839,11105,250,-1,-1,1,0,82.3,0
6281,76083,76081949,11110,250,-1,-1,1,0,82.5,0
6282,76094,76093053,11104,250,-1,-1,1,0,82.7,0
6283,76105,76104160,11107,250,-1,-1,1,0,82.9,1
6284,76116,76115286,11126,250,-1,-1,1,0,83.1,0
6285,76127,76126383,11097,250,-1,-1,1,0,83.3,0
6286,76139,76137494,11111,250,-1,-1,1,0,83.3,0
6287,76149,76148606,11112,250,-1,-1,1,0,83.7,0
6288,76161,76159720,11114,250,-1,-1,1,0,83.7,0
6289,76172,76170822,11102,250,-1,-1,1,0,83.8,0
6290,76183,76181934,11112,250,-1,-1,1,0,84.0,0
6291,76194,76193030,11096,250,-1,-1,1,0,84.1,0
6292,76205,76204144,11114,250,-1,-1,1,0,84.3,1
6293,76216,76215270,11126,250,-1,-1,1,0,84.4,0
6294,76227,76226373,11103,250,-1,-1,1,0,84.6,0
6295,76239,76237474,11101,250,-1,-1,1,0,84.5,0
6296,76250,76248593,11119,250,-1,-1,1,0,84.7,0
6297,76261,76259697,11104,250,-1,-1,1,0,84.8,0
6298,76272,76270811,11114,250,-1,-1,1,0,84.9,0
6299,76283,76281916,11105,250,-1,-1,1,0,85.0,0
6300,76381,76293014,11098,250,-1,-1,1,0,74.5,0
6301,76383,76370773,77759,250,-1,-1,1,0,75.7,1
6302,76385,76382063,11290,250,-1,-1,1,0,76.9,0
6303,76394,76393013,10950,250,-1,-1,1,0,77.4,0
6304,76405,76404114,11101,250,-1,-1,1,0,77.6,0
6305,76417,76415219,11105,250,-1,-1,1,0,77.7,0
6306,76428,76426337,11118,250,-1,-1,1,0,77.9,0
6307,76438,76437442,11105,250,-1,-1,1,0,78.1,0
6308,76449,76448555,11113,250,-1,-1,1,0,78.3,0
6309,76461,76459655,11100,250,-1,-1,1,0,78.4,0
6310,76472,76470778,11123,250,-1,-1,1,0,78.6,1
6311,76483,76481889,11111,250,-1,-1,1,0,78.8,0
6312,76494,76492988,11099,250,-1,-1,1,0,78.9,0
6313,76505,76504109,11121,250,-1,-1,1,0,79.1,0
6314,76516,76515211,11102,250,-1,-1,1,0,79.2,0
6315,76527,76526315,11104,250,-1,-1,1,0,79.4,0
6316,76538,76537427,11112,250,-1,-1,1,0,79.5,0
6317,76549,76548534,11107,250,-1,-1,1,0,79.7,0
6318,76561,76559642,11108,250,-1,-1,1,0,79.7,0
6319,76572,76570755,11113,250,-1,-1,1,0,79.9,1
6320,76583,76581874,11119,250,-1,-1,1,0,80.0,0
6321,76594,76592971,11097,250,-1,-1,1,0,80.1,0
6322,76605,76604084,11113,250,-1,-1,1,0,80.3,0
6323,76616,76615196,11112,250,-1,-1,1,0,80.4,0
6324,76627,76626307,11111,250,-1,-1,1,0,80.5,0
6325,76638,76637408,11101,250,-1,-1,1,0,80.6,0
6326,76650,76648522,11114,250,-1,-1,1,0,80.7,0
6327,76661,76659626,11104,250,-1,-1,1,0,80.8,0
6328,76672,76670735,11109,250,-1,-1,1,0,80.9,1
6329,76683,76681856,11121,250,-1,-1,1,0,81.0,0
6330,76724,76715176,33320,250,-1,-1,1,0,24.4,0
6331,76727,76726278,11102,250,-1,-1,1,0,45.5,0
6332,76739,76737395,11117,250,-1,-1,1,0,53.6,0
6333,76749,76748500,11105,250,-1,-1,1,0,60.6,0
6334,76760,76759615,11115,250,-1,-1,1,0,64.9,0
6335,76771,76770713,11098,250,-1,-1,1,0,67.4,0
6336,76783,76781824,11111,250,-1,-1,1,0,70.0,0
6337,76794,76792931,11107,250,-1,-1,1,0,72.1,1
6338,76805,76804055,11124,250,-1,-1,1,0,73.8,0
6339,76816,76815154,11099,250,-1,-1,1,0,75.2,0
6340,76828,76826264,11110,250,-1,-1,1,0,75.9,0
6341,76838,76837379,11115,250,-1,-1,1,0,77.4,0
6342,76849,76848489,11110,250,-1,-1,1,0,78.3,0
6343,76860,76859591,11102,250,-1,-1,1,0,79.1,0
6344,76872,76870703,11112,250,-1,-1,1,0,79.4,0
6345,76883,76881806,11103,250,-1,-1,1,0,80.0,0
6346,76894,76892914,11108,250,-1,-1,1,0,80.6,1
6347,76905,76904043,11129,250,-1,-1,1,0,81.1,0
6348,76916,76915147,11104,250,-1,-1,1,0,81.5,0
6349,76928,76926246,11099,250,-1,-1,1,0,81.6,0
6350,76938,76937361,11115,250,-1,-1,1,0,82.4,0
6351,76949,76948470,11109,250,-1,-1,1,0,82.7,0
6352,76961,76959585,11115,250,-1,-1,1,0,82.7,0
6353,76971,76970686,11101,250,-1,-1,1,0,83.3,0
6354,76983,76981799,11113,250,-1,-1,1,0,83.3,0
6355,76994,76992897,11098,250,-1,-1,1,0,83.6,1
6356,77005,77004027,11130,250,-1,-1,1,0,83.9,0
6357,77016,77015120,11093,250,-1,-1,1,0,84.1,0
6358,77028,77026237,11117,250,-1,-1,1,0,84.1,0
6359,77038,77037345,11108,250,-1,-1,1,0,84.5,0
6360,77050,77048454,11109,250,-1,-1,1,0,84.5,0
6361,77060,77059562,11108,250,-1,-1,1,0,84.9,0
6362,77071,77070671,11109,250,-1,-1,1,0,85.1,0
6363,77083,77081771,11100,250,-1,-1,1,0,85.0,0
6364,77094,77092879,11108,250,-1,-1,1,0,85.2,1
6365,77105,77104001,11122,250,-1,-1,1,0,85.3,0
6366,77116,77115109,11108,250,-1,-1,1,0,85.5,0
6367,77127,77126212,11103,250,-1,-1,1,0,85.6,0
6368,77138,77137329,11117,250,-1,-1,1,1000,85.5,0
6369,77149,77148438,11109,250,-1,-1,1,0,85.8,0
6370,77160,77159543,11105,250,-1,-1,1,0,86.0,0
6371,77171,77170653,11110,250,-1,-1,1,0,86.1,0
6372,77183,77181754,11101,250,-1,-1,1,0,86.0,0
6373,77194,77192865,11111,250,-1,-1,1,0,86.1,1
6374,77205,77203992,11127,250,-1,-1,1,0,86.2,0
6375,77216,77215094,11102,250,-1,-1,1,0,86.3,0
6376,77228,77226198,11104,250,-1,-1,1,0,86.2,0
6377,77238,77237311,11113,250,-1,-1,1,0,86.5,0
6378,77249,77248417,11106,250,-1,-1,1,0,86.6,0
6379,77260,77259527,11110,250,-1,-1,1,0,86.7,0
6380,77272,77270636,11109,250,-1,-1,1,0,86.6,0
6381,77283,77281740,11104,250,-1,-1,1,0,86.7,0
6382,77294,77292850,11110,250,-1,-1,1,0,86.7,1
6383,77305,77303969,11119,250,-1,-1,1,0,86.8,0
6384,77316,77315071,11102,250,-1,-1,1,0,86.9,0
6385,77328,77326179,11108,250,-1,-1,1,0,86.8,0
6386,77338,77337299,11120,250,-1,-1,1,0,87.0,0
6387,77349,77348402,11103,250,-1,-1,1,0,87.1,0
6388,77361,77359505,11103,250,-1,-1,1,0,87.0,0
6389,77371,77370624,11119,250,-1,-1,1,0,87.2,0
6390,77479,77381724,11100,250,-1,-1,1,0,76.6,0
6391,77479,77470590,88866,250,-1,-1,1,0,77.9,1
6392,77483,77481713,11123,250,-1,-1,1,0,78.8,0
6393,77494,77492825,11112,250,-1,-1,1,0,78.9,0
6394,77505,77503922,11097,250,-1,-1,1,0,79.1,0
6395,77516,77515036,11114,250,-1,-1,1,0,79.2,0
6396,77527,77526149,11113,250,-1,-1,1,0,79.4,0
6397,77538,77537264,11115,250,-1,-1,1,0,79.5,0
6398,77549,77548367,11103,250,-1,-1,1,0,79.7,0
6399,77560,77559473,11106,250,-1,-1,1,0,79.8,0
6400,77571,77570580,11107,250,-1,-1,1,0,80.0,1
6401,77583,77581703,11123,250,-1,-1,1,0,80.0,0
6402,77594,77592794,11091,250,-1,-1,1,0,80.1,0
6403,77605,77603913,11119,250,-1,-1,1,0,80.3,0
6404,77616,77615024,11111,250,-1,-1,1,0,80.4,0
6405,77627,77626130,11106,250,-1,-1,1,0,80.5,0
6406,77638,77637240,11110,250,-1,-1,1,0,80.6,0
6407,77649,77648350,11110,250,-1,-1,1,0,80.7,0
6408,77660,77659456,11106,250,-1,-1,1,0,80.9,0
6409,77672,77670568,11112,250,-1,-1,1,0,80.9,1
6410,77683,77681686,11118,250,-1,-1,1,0,81.0,0
6411,77723,77714994,33308,250,-1,-1,1,0,25.0,0
6412,77727,77726111,11117,250,-1,-1,1,0,45.5,0
6413,77738,77737220,11109,250,-1,-1,1,0,54.5,0
6414,77749,77748330,11110,250,-1,-1,1,0,60.6,0
6415,77761,77759434,11104,250,-1,-1,1,0,64.1,0
6416,77771,77770545,11111,250,-1,-1,1,0,68.2,0
6417,77782,77781654,11109,250,-1,-1,1,0,70.7,0
6418,77794,77792763,11109,250,-1,-1,1,0,72.1,1
6419,77805,77803890,11127,250,-1,-1,1,0,73.8,0
6420,77816,77814986,11096,250,-1,-1,1,0,75.2,0
6421,77827,77826096,11110,250,-1,-1,1,0,76.4,0
6422,77838,77837212,11116,250,-1,-1,1,0,77.4,0
6423,77849,77848315,11103,250,-1,-1,1,0,78.3,0
6424,77860,77859427,11112,250,-1,-1,1,0,79.1,0
6425,77871,77870535,11108,250,-1,-1,1,0,79.8,0
6426,77882,77881634,11099,250,-1,-1,1,0,80.4,0
6427,77894,77892743,11109,250,-1,-1,1,0,80.6,1
6428,77905,77903869,11126,250,-1,-1,1,0,81.1,0
6429,77916,77914969,11100,250,-1,-1,1,0,81.5,0
6430,77927,77926076,11107,250,-1,-1,1,0,82.0,0
6431,77938,77937193,11117,250,-1,-1,1,0,82.4,0
6432,77949,77948299,11106,250,-1,-1,1,0,82.7,0
6433,77960,77959406,11107,250,-1,-1,1,0,83.0,0
6434,77971,77970513,11107,250,-1,-1,1,0,83.3,0
6435,77983,77981622,11109,250,-1,-1,1,0,83.3,0
6436,77994,77992728,11106,250,-1,-1,1,0,83.6,1
6437,78005,78003858,11130,250,-1,-1,1,0,83.9,0
6438,78016,78014953,11095,250,-1,-1,1,0,84.1,0
6439,78027,78026061,11108,250,-1,-1,1,0,84.3,0
6440,78038,78037177,11116,250,-1,-1,1,0,84.5,0
6441,78049,78048279,11102,250,-1,-1,1,0,84.7,0
6442,78060,78059387,11108,250,-1,-1,1,0,84.9,0
6443,78072,78070496,11109,250,-1,-1,1,0,84.8,0
6444,78082,78081600,11104,250,-1,-1,1,0,85.2,0
6445,78094,78092711,11111,250,-1,-1,1,0,85.2,1
6446,78105,78103835,11124,250,-1,-1,1,0,85.3,0
6447,78116,78114934,11099,250,-1,-1,1,0,85.5,0
6448,78127,78126042,11108,250,-1,-1,1,0,85.6,0
6449,78138,78137156,11114,250,-1,-1,1,0,85.7,0
6450,78149,78148265,11109,250,-1,-1,1,0,85.8,0
6451,78161,78159374,11109,250,-1,-1,1,0,85.8,0
6452,78171,78170486,11112,250,-1,-1,1,0,86.1,0
6453,78182,78181587,11101,250,-1,-1,1,0,86.2,0
6454,78193,78192695,11108,250,-1,-1,1,0,86.3,1
6455,78205,78203822,11127,250,-1,-1,1,0,86.2,0
6456,78216,78214917,11095,250,-1,-1,1,0,86.3,0
6457,78227,78226027,11110,250,-1,-1,1,0,86.4,0
6458,78238,78237141,11114,250,-1,-1,1,0,86.5,0
6459,78249,78248252,11111,250,-1,-1,1,0,86.6,0
6460,78260,78259356,11104,250,-1,-1,1,0,86.7,0
6461,78271,78270464,11108,250,-1,-1,1,0,86.7,0
6462,78282,78281566,11102,250,-1,-1,1,0,86.8,0
6463,78294,78292681,11115,250,-1,-1,1,0,86.7,1
6464,78305,78303800,11119,250,-1,-1,1,0,86.8,0
6465,78316,78314910,11110,250,-1,-1,1,0,86.9,0
6466,78327,78326009,11099,250,-1,-1,1,0,87.0,0
6467,78338,78337126,11117,250,-1,-1,1,0,87.0,0
6468,78349,78348265,11139,250,-1,-1,1,0,87.1,0
6469,78360,78359343,11078,250,-1,-1,1,0,87.1,0
6470,78371,78370447,11104,250,-1,-1,1,0,87.2,0
6471,78383,78381553,11106,250,-1,-1,1,0,87.1,0
6472,78393,78392659,11106,250,-1,-1,1,0,87.3,1
6473,78405,78403789,11130,250,-1,-1,1,0,87.3,0
6474,78416,78414881,11092,250,-1,-1,1,0,87.3,0
6475,78428,78425997,11116,250,-1,-1,1,0,87.2,0
6476,78438,78437106,11109,250,-1,-1,1,0,87.4,0
6477,78449,78448218,11112,250,-1,-1,1,0,87.5,0
6478,78460,78459320,11102,250,-1,-1,1,0,87.5,0
6479,78472,78470431,11111,250,-1,-1,1,0,87.5,0
6480,78592,78481535,11104,250,-1,-1,1,0,77.0,0
6481,78594,78581512,99977,250,-1,-1,1,0,77.9,1
6482,78595,78592795,11283,250,-1,-1,1,0,78.9,0
6483,78605,78603752,10957,250,-1,-1,1,0,79.2,0
6484,78616,78614851,11099,250,-1,-1,1,0,79.3,0
6485,78627,78625957,11106,250,-1,-1,1,0,79.4,0
6486,78638,78637152,11195,250,-1,-1,1,0,79.6,0
6487,78649,78648182,11030,250,-1,-1,1,0,79.7,0
6488,78660,78659291,11109,250,-1,-1,1,0,79.8,0
6489,78671,78670398,11107,250,-1,-1,1,0,80.0,0
6490,78682,78681518,11120,250,-1,-1,1,0,80.1,1
6491,78703,78692627,11109,250,-1,-1,1,0,52.6,0
6492,78705,78703774,11147,250,-1,-1,1,0,95.2,0
6493,78716,78714834,11060,250,-1,-1,1,0,93.8,0
6494,78727,78725951,11117,250,-1,-1,1,0,93.0,0
6495,78738,78737051,11100,250,-1,-1,1,0,92.6,0
6496,78749,78748224,11173,250,-1,-1,1,0,92.3,0
6497,78760,78759270,11046,250,-1,-1,1,0,92.1,0
6498,78771,78770382,11112,250,-1,-1,1,0,92.0,0
6499,78783,78781490,11108,250,-1,-1,1,0,90.9,1
6500,78793,78792608,11118,250,-1,-1,1,0,91.7,0
6501,78805,78803711,11103,250,-1,-1,1,0,90.9,0
6502,78816,78814824,11113,250,-1,-1,1,0,90.9,0
6503,78828,78825932,11108,250,-1,-1,1,0,90.3,0
6504,78838,78837039,11107,250,-1,-1,1,0,90.9,0
6505,78849,78848148,11109,250,-1,-1,1,0,90.9,0
6506,78860,78859248,11100,250,-1,-1,1,0,90.9,0
6507,78871,78870363,11115,250,-1,-1,1,0,90.4,0
6508,78882,78881465,11102,250,-1,-1,1,0,90.9,1
6509,78893,78892595,11130,250,-1,-1,1,0,90.9,0
6510,78904,78903690,11095,250,-1,-1,1,0,90.5,0
6511,78916,78914800,11110,250,-1,-1,1,0,90.5,0
6512,78927,78925912,11112,250,-1,-1,1,0,90.5,0
6513,78938,78937017,11105,250,-1,-1,1,0,90.6,0
6514,78949,78948124,11107,250,-1,-1,1,0,90.6,0
6515,78960,78959239,11115,250,-1,-1,1,0,90.6,0
6516,78971,78970339,11100,250,-1,-1,1,0,90.6,0
6517,78982,78981448,11109,250,-1,-1,1,0,90.6,1
6518,78993,78992570,11122,250,-1,-1,1,0,90.6,0
6519,79005,79003672,11102,250,-1,-1,1,0,90.3,0
6520,79016,79014783,11111,250,-1,-1,1,0,90.4,0
6521,79027,79025895,11112,250,-1,-1,1,0,90.4,0
6522,79038,79037001,11106,250,-1,-1,1,0,90.4,0
6523,79049,79048108,11107,250,-1,-1,1,0,90.4,0
6524,79060,79059218,11110,250,-1,-1,1,0,90.4,0
6525,79071,79070324,11106,250,-1,-1,1,0,90.4,0
6526,79082,79081429,11105,250,-1,-1,1,0,90.5,1
6527,79094,79092563,11134,250,-1,-1,1,0,90.2,0
6528,79104,79103656,11093,250,-1,-1,1,0,90.5,0
6529,79116,79114766,11110,250,-1,-1,1,0,90.3,0
6530,79127,79125879,11113,250,-1,-1,1,0,90.3,0
6531,79138,79136990,11111,250,-1,-1,1,0,90.3,0
6532,79149,79148094,11104,250,-1,-1,1,0,90.3,0
6533,79160,79159203,11109,250,-1,-1,1,0,90.3,0
6534,79171,79170302,11099,250,-1,-1,1,0,90.3,0
6535,79183,79181413,11111,250,-1,-1,1,0,90.2,1
6536,79193,79192538,11125,250,-1,-1,1,0,90.4,0
6537,79204,79203637,11099,250,-1,-1,1,0,90.4,0
6538,79216,79214744,11107,250,-1,-1,1,0,90.2,0
6539,79227,79225863,11119,250,-1,-1,1,0,90.2,0
6540,79238,79236981,11118,250,-1,-1,1,0,90.3,0
6541,79249,79248076,11095,250,-1,-1,1,0,90.3,0
6542,79260,79259188,11112,250,-1,-1,1,0,90.3,0
6543,79271,79270290,11102,250,-1,-1,1,0,90.3,0
6544,79282,79281397,11107,250,-1,-1,1,0,90.3,1
6545,79293,79292524,11127,250,-1,-1,1,0,90.3,0
6546,79304,79303618,11094,250,-1,-1,1,0,90.3,0
6547,79316,79314729,11111,250,-1,-1,1,0,90.2,0
6548,79327,79325844,11115,250,-1,-1,1,0,90.2,0
6549,79338,79336948,11104,250,-1,-1,1,0,90.2,0
6550,79349,79348058,11110,250,-1,-1,1,0,90.2,0
6551,79360,79359169,11111,250,-1,-1,1,0,90.2,0
6552,79371,79370272,11103,250,-1,-1,1,0,90.2,0
6553,79382,79381383,11111,250,-1,-1,1,0,90.3,1
6554,79393,79392504,11121,250,-1,-1,1,0,90.3,0
6555,79405,79403609,11105,250,-1,-1,1,0,90.2,0
6556,79416,79414714,11105,250,-1,-1,1,0,90.2,0
6557,79427,79425829,11115,250,-1,-1,1,0,90.2,0
6558,79438,79436935,11106,250,-1,-1,1,0,90.2,0
6559,79449,79448038,11103,250,-1,-1,1,0,90.2,0
6560,79460,79459152,11114,250,-1,-1,1,0,90.2,0
6561,79471,79470256,11104,250,-1,-1,1,0,90.2,0
6562,79482,79481359,11103,250,-1,-1,1,0,90.2,1
6563,79494,79492493,11134,250,-1,-1,1,0,90.1,0
6564,79504,79503590,11097,250,-1,-1,1,0,90.2,0
6565,79515,79514696,11106,250,-1,-1,1,0,90.1,0
6566,79527,79525811,11115,250,-1,-1,1,0,90.2,0
6567,79538,79536919,11108,250,-1,-1,1,0,90.2,0
6568,79549,79548029,11110,250,-1,-1,1,0,90.2,0
6569,79560,79559139,11110,250,-1,-1,1,0,90.2,0
6570,79680,79570241,11102,250,-1,-1,1,0,80.3,0
6571,79681,79670214,99973,250,-1,-1,1,0,81.2,1
6572,79724,79714651,44437,250,-1,-1,1,0,25.0,0
6573,79727,79725768,11117,250,-1,-1,1,0,46.5,0
6574,79738,79736881,11113,250,-1,-1,1,0,55.6,0
6575,79749,79747996,11115,250,-1,-1,1,0,61.5,0
6576,79760,79759100,11104,250,-1,-1,1,0,65.8,0
6577,79771,79770205,11105,250,-1,-1,1,0,69.0,0
6578,79782,79781317,11112,250,-1,-1,1,0,71.4,0
6579,79793,79792426,11109,250,-1,-1,1,0,73.4,0
6580,79805,79803538,11112,250,-1,-1,1,0,74.4,1
6581,79815,79814660,11122,250,-1,-1,1,0,76.3,0
6582,79827,79825759,11099,250,-1,-1,1,0,76.9,0
6583,79838,79836868,11109,250,-1,-1,1,0,77.9,0
6584,79849,79847972,11104,250,-1,-1,1,0,78.8,0
6585,79860,79859087,11115,250,-1,-1,1,0,79.5,0
6586,79871,79870196,11109,250,-1,-1,1,0,80.2,0
6587,79882,79881293,11097,250,-1,-1,1,0,80.8,0
6588,79894,79892403,11110,250,-1,-1,1,0,81.0,0
6589,79904,79903515,11112,250,-1,-1,1,0,81.8,1
6590,79915,79914638,11123,250,-1,-1,1,0,82.3,0
6591,79927,79925737,11099,250,-1,-1,1,0,82.3,0
6592,79938,79936847,11110,250,-1,-1,1,0,82.7,0
6593,79949,79947963,11116,250,-1,-1,1,0,83.0,0
6594,79960,79959138,11175,250,-1,-1,1,0,83.3,0
6595,79971,79970174,11036,250,-1,-1,1,0,83.6,0
6596,79982,79981284,11110,250,-1,-1,1,0,83.9,0
6597,79993,79992388,11104,250,-1,-1,1,0,84.1,0
6598,80004,80003498,11110,250,-1,-1,1,0,84.4,1
6599,80015,80014621,11123,250,-1,-1,1,0,84.6,0
6600,80027,80025723,11102,250,-1,-1,1,0,84.5,0
6601,80038,80036831,11108,250,-1,-1,1,0,84.7,0
6602,80049,80047947,11116,250,-1,-1,1,0,84.9,0
6603,80060,80059081,11134,250,-1,-1,1,0,85.1,0
6604,80071,80070159,11078,250,-1,-1,1,0,85.3,0
6605,80082,80081268,11109,250,-1,-1,1,0,85.4,0
6606,80093,80092370,11102,250,-1,-1,1,0,85.6,0
6607,80104,80103479,11109,250,-1,-1,1,0,85.7,1
6608,80116,80114606,11127,250,-1,-1,1,0,85.6,0
6609,80127,80125703,11097,250,-1,-1,1,0,85.8,0
6610,80138,80136814,11111,250,-1,-1,1,0,85.9,0
6611,80149,80147926,11112,250,-1,-1,1,0,86.0,0
6612,80160,80159152,11226,250,-1,-1,1,0,86.1,0
6613,80171,80170144,10992,250,-1,-1,1,0,86.2,0
6614,80182,80181251,11107,250,-1,-1,1,0,86.3,0
6615,80193,80192353,11102,250,-1,-1,1,0,86.4,0
6616,80205,80203466,11113,250,-1,-1,1,0,86.4,1
6617,80215,80214582,11116,250,-1,-1,1,0,86.6,0
6618,80227,80225689,11107,250,-1,-1,1,0,86.6,0
6619,80238,80236794,11105,250,-1,-1,1,0,86.6,0
6620,80249,80247910,11116,250,-1,-1,1,0,86.7,0
6621,80260,80259158,11248,250,-1,-1,1,0,86.8,0
6622,80271,80270128,10970,250,-1,-1,1,0,86.9,0
6623,80282,80281235,11107,250,-1,-1,1,0,87.0,0
6624,80293,80292334,11099,250,-1,-1,1,0,87.0,0
6625,80304,80303450,11116,250,-1,-1,1,0,87.1,1
6626,80315,80314607,11157,250,-1,-1,1,0,87.2,0
6627,80326,80325668,11061,250,-1,-1,1,0,87.2,0
6628,80338,80336779,11111,250,-1,-1,1,0,87.2,0
6629,80349,80347893,11114,250,-1,-1,1,0,87.2,0
6630,80360,80358998,11105,250,-1,-1,1,0,87.3,0
6631,80371,80370111,11113,250,-1,-1,1,0,87.3,0
6632,80382,80381219,11108,250,-1,-1,1,0,87.4,0
6633,80393,80392319,11100,250,-1,-1,1,0,87.4,0
6634,80404,80403432,11113,250,-1,-1,1,0,87.5,1
6635,80415,80414554,11122,250,-1,-1,1,0,87.6,0
6636,80427,80425654,11100,250,-1,-1,1,0,87.5,0
6637,80438,80436760,11106,250,-1,-1,1,0,87.5,0
6638,80449,80447878,11118,250,-1,-1,1,0,87.6,0
6639,80460,80459110,11232,250,-1,-1,1,0,87.6,0
6640,80471,80470089,10979,250,-1,-1,1,0,87.7,0
6641,80482,80481198,11109,250,-1,-1,1,0,87.7,0
6642,80493,80492301,11103,250,-1,-1,1,0,87.8,0
6643,80504,80503410,11109,250,-1,-1,1,0,87.8,1
6644,80516,80514541,11131,250,-1,-1,1,0,87.7,0
6645,80526,80525636,11095,250,-1,-1,1,0,87.9,0
6646,80538,80536740,11104,250,-1,-1,1,0,87.8,0
6647,80549,80547863,11123,250,-1,-1,1,0,87.9,0
6648,80560,80558967,11104,250,-1,-1,1,0,87.9,0
6649,80571,80570078,11111,250,-1,-1,1,0,87.9,0
6650,80582,80581187,11109,250,-1,-1,1,0,88.0,0
6651,80593,80592284,11097,250,-1,-1,1,0,88.0,0
6652,80605,80603396,11112,250,-1,-1,1,0,87.9,1
6653,80615,80614515,11119,250,-1,-1,1,0,88.1,0
6654,80626,80625620,11105,250,-1,-1,1,0,88.1,0
6655,80638,80636726,11106,250,-1,-1,1,0,88.1,0
6656,80649,80647847,11121,250,-1,-1,1,0,88.1,0
6657,80660,80658954,11107,250,-1,-1,1,0,88.1,0
6658,80671,80670065,11111,250,-1,-1,1,0,88.1,0
6659,80682,80681168,11103,250,-1,-1,1,0,88.2,0
6660,80804,80692271,11103,250,-1,-1,1,0,79.5,0
6661,80844,80836684,144413,250,-1,-1,1,0,25.0,1
6662,80849,80847812,11128,250,-1,-1,1,0,44.4,0
6663,80860,80858911,11099,250,-1,-1,1,0,53.6,0
6664,80871,80870023,11112,250,-1,-1,1,0,59.7,0
6665,80882,80881130,11107,250,-1,-1,1,0,64.1,0
6666,80893,80892247,11117,250,-1,-1,1,0,67.4,0
6667,80904,80903349,11102,250,-1,-1,1,0,70.0,0
6668,80916,80914464,11115,250,-1,-1,1,0,71.4,0
6669,80927,80925564,11100,250,-1,-1,1,0,73.2,0
6670,80937,80936677,11113,250,-1,-1,1,0,75.2,1
6671,80949,80947802,11125,250,-1,-1,1,0,75.9,0
6672,80960,80958896,11094,250,-1,-1,1,0,76.9,0
6673,80971,80970005,11109,250,-1,-1,1,0,77.8,0
6674,80982,80981122,11117,250,-1,-1,1,0,78.7,0
6675,80993,80992352,11230,250,-1,-1,1,0,79.4,0
6676,81005,81003336,10984,250,-1,-1,1,0,79.6,0
6677,81015,81014442,11106,250,-1,-1,1,0,80.6,0
6678,81026,81025542,11100,250,-1,-1,1,0,81.1,0
6679,81037,81036656,11114,250,-1,-1,1,0,81.5,1
6680,81049,81047782,11126,250,-1,-1,1,0,81.6,0
6681,81060,81058879,11097,250,-1,-1,1,0,82.0,0
6682,81071,81069988,11109,250,-1,-1,1,0,82.4,0
6683,81082,81081105,11117,250,-1,-1,1,0,82.7,0
6684,81093,81092210,11105,250,-1,-1,1,0,83.0,0
6685,81104,81103319,11109,250,-1,-1,1,0,83.3,0
6686,81115,81114429,11110,250,-1,-1,1,0,83.6,0
6687,81126,81125525,11096,250,-1,-1,1,0,83.9,0
6688,81138,81136638,11113,250,-1,-1,1,0,83.8,1
6689,81149,81147761,11123,250,-1,-1,1,0,84.1,0
6690,81160,81158859,11098,250,-1,-1,1,0,84.3,0
6691,81171,81169971,11112,250,-1,-1,1,0,84.5,0
6692,81182,81181085,11114,250,-1,-1,1,0,84.7,0
6693,81193,81192194,11109,250,-1,-1,1,0,84.8,0
6694,81204,81203302,11108,250,-1,-1,1,0,85.0,0
6695,81215,81214412,11110,250,-1,-1,1,0,85.2,0
6696,81227,81225513,11101,250,-1,-1,1,0,85.1,0
6697,81237,81236622,11109,250,-1,-1,1,0,85.5,1
6698,81249,81247745,11123,250,-1,-1,1,0,85.4,0
6699,81260,81258846,11101,250,-1,-1,1,0,85.5,0
6700,81271,81269954,11108,250,-1,-1,1,0,85.7,0
6701,81282,81281066,11112,250,-1,-1,1,0,85.8,0
6702,81293,81292193,11127,250,-1,-1,1,0,85.9,0
6703,81304,81303287,11094,250,-1,-1,1,0,86.0,0
6704,81316,81314393,11106,250,-1,-1,1,0,85.9,0
6705,81326,81325495,11102,250,-1,-1,1,0,86.2,0
6706,81337,81336604,11109,250,-1,-1,1,0,86.3,1
6707,81349,81347730,11126,250,-1,-1,1,0,86.2,0
6708,81360,81358830,11100,250,-1,-1,1,0,86.3,0
6709,81371,81369936,11106,250,-1,-1,1,0,86.4,0
6710,81382,81381048,11112,250,-1,-1,1,0,86.5,0
6711,81393,81392158,11110,250,-1,-1,1,0,86.6,0
6712,81404,81403267,11109,250,-1,-1,1,0,86.7,0
6713,81415,81414376,11109,250,-1,-1,1,0,86.7,0
6714,81426,81425478,11102,250,-1,-1,1,0,86.8,0
6715,81437,81436589,11111,250,-1,-1,1,0,86.9,1
6716,81449,81447716,11127,250,-1,-1,1,0,86.8,0
6717,81460,81458810,11094,250,-1,-1,1,0,86.9,0
6718,81471,81469959,11149,250,-1,-1,1,0,87.0,0
6719,81482,81481035,11076,250,-1,-1,1,0,87.0,0
6720,81493,81492138,11103,250,-1,-1,1,0,87.1,0
6721,81504,81503248,11110,250,-1,-1,1,0,87.1,0
6722,81515,81514366,11118,250,-1,-1,1,0,87.2,0
6723,81526,81525457,11091,250,-1,-1,1,0,87.3,0
6724,81538,81536568,11111,250,-1,-1,1,0,87.2,1
6725,81549,81547693,11125,250,-1,-1,1,0,87.2,0
6726,81560,81558798,11105,250,-1,-1,1,0,87.3,0
6727,81571,81569906,11108,250,-1,-1,1,0,87.4,0
6728,81582,81581018,11112,250,-1,-1,1,0,87.4,0
6729,81593,81592124,11106,250,-1,-1,1,0,87.5,0
6730,81604,81603236,11112,250,-1,-1,1,0,87.5,0
6731,81615,81614340,11104,250,-1,-1,1,0,87.5,0
6732,81627,81625449,11109,250,-1,-1,1,0,87.5,0
6733,81637,81636551,11102,250,-1,-1,1,0,87.6,1
6734,81648,81647674,11123,250,-1,-1,1,0,87.7,0
6735,81660,81658776,11102,250,-1,-1,1,0,87.6,0
6736,81671,81669885,11109,250,-1,-1,1,0,87.7,0
6737,81682,81681006,11121,250,-1,-1,1,0,87.7,0
6738,81693,81692109,11103,250,-1,-1,1,0,87.7,0
6739,81704,81703223,11114,250,-1,-1,1,0,87.8,0
6740,81715,81714319,11096,250,-1,-1,1,0,87.8,0
6741,81726,81725429,11110,250,-1,-1,1,0,87.9,0
6742,81737,81736537,11108,250,-1,-1,1,0,87.9,1
6743,81748,81747659,11122,250,-1,-1,1,0,87.9,0
6744,81760,81758759,11100,250,-1,-1,1,0,87.9,0
6745,81771,81769868,11109,250,-1,-1,1,0,87.9,0
6746,81782,81780985,11117,250,-1,-1,1,0,87.9,0
6747,81794,81792086,11101,250,-1,-1,1,0,87.9,0
6748,81804,81803196,11110,250,-1,-1,1,0,88.0,0
6749,81815,81814310,11114,250,-1,-1,1,0,90.9,0
6750,81932,81825414,11104,250,-1,-1,1,0,15.6,0
6751,81932,81925382,99968,250,-1,-1,1,0,23.4,1
6752,81938,81936526,11144,250,-1,-1,1,0,29.9,0
6753,81948,81947613,11087,250,-1,-1,1,0,34.7,0
6754,81960,81958723,11110,250,-1,-1,1,0,38.5,0
6755,81971,81969829,11106,250,-1,-1,1,0,41.9,0
6756,81982,81980947,11118,250,-1,-1,1,0,44.9,0
6757,81993,81992058,11111,250,-1,-1,1,0,47.6,0
6758,82004,82003165,11107,250,-1,-1,1,0,50.0,0
6759,82015,82014273,11108,250,-1,-1,1,0,52.1,0
6760,82027,82025387,11114,250,-1,-1,1,0,53.8,1
6761,82037,82036499,11112,250,-1,-1,1,0,55.8,0
6762,82048,82047603,11104,250,-1,-1,1,0,57.4,0
6763,82060,82058710,11107,250,-1,-1,1,0,58.6,0
6764,82071,82069817,11107,250,-1,-1,1,0,59.9,0
6765,82082,82080925,11108,250,-1,-1,1,0,61.2,0
6766,82093,82092039,11114,250,-1,-1,1,0,62.3,0
6767,82104,82103145,11106,250,-1,-1,1,0,63.3,0
6768,82115,82114254,11109,250,-1,-1,1,0,64.3,0
6769,82126,82125367,11113,250,-1,-1,1,0,65.2,1
6770,82137,82136484,11117,250,-1,-1,1,0,66.1,0
6771,82148,82147582,11098,250,-1,-1,1,0,66.9,0
6772,82160,82158704,11122,250,-1,-1,1,0,67.4,0
6773,82171,82169800,11096,250,-1,-1,1,0,68.1,0
6774,82182,82180918,11118,250,-1,-1,1,0,68.8,0
6775,82193,82192173,11255,250,-1,-1,1,0,69.4,0
6776,82204,82203124,10951,250,-1,-1,1,0,70.0,0
6777,82215,82214232,11108,250,-1,-1,1,0,70.6,0
6778,82226,82225343,11111,250,-1,-1,1,0,71.1,1
6779,82237,82236467,11124,250,-1,-1,1,0,71.6,0
6780,82249,82247562,11095,250,-1,-1,1,0,71.9,0
6781,82259,82258672,11110,250,-1,-1,1,1000,72.4,0
6782,82271,82269790,11118,250,-1,-1,1,0,72.8,0
6783,82282,82280891,11101,250,-1,-1,1,0,73.2,0
6784,82293,82292009,11118,250,-1,-1,1,0,73.6,0
6785,82304,82303114,11105,250,-1,-1,1,0,74.0,0
6786,82315,82314219,11105,250,-1,-1,1,0,74.4,0
6787,82326,82325329,11110,250,-1,-1,1,0,74.7,1
6788,82338,82336453,11124,250,-1,-1,1,0,74.9,0
6789,82348,82347555,11102,250,-1,-1,1,0,75.4,0
6790,82359,82358658,11103,250,-1,-1,1,0,75.7,0
6791,82371,82369774,11116,250,-1,-1,1,0,75.8,0
6792,82382,82380882,11108,250,-1,-1,1,0,76.1,0
6793,82393,82391987,11105,250,-1,-1,1,0,76.4,0
6794,82404,82403096,11109,250,-1,-1,1,0,76.7,0
6795,82415,82414199,11103,250,-1,-1,1,0,76.9,0
6796,82426,82425304,11105,250,-1,-1,1,0,77.2,1
6797,82437,82436432,11128,250,-1,-1,1,0,77.4,0
6798,82448,82447529,11097,250,-1,-1,1,0,77.6,0
6799,82459,82458639,11110,250,-1,-1,1,0,77.9,0
6800,82471,82469757,11118,250,-1,-1,1,0,78.0,0
6801,82482,82480856,11099,250,-1,-1,1,0,78.2,0
6802,82493,82491972,11116,250,-1,-1,1,0,78.4,0
6803,82504,82503082,11110,250,-1,-1,1,0,78.6,0
6804,82515,82514182,11100,250,-1,-1,1,0,78.8,0
6805,82526,82525286,11104,250,-1,-1,1,0,78.9,1
6806,82537,82536417,11131,250,-1,-1,1,0,79.1,0
6807,82548,82547510,11093,250,-1,-1,1,0,79.3,0
6808,82560,82558624,11114,250,-1,-1,1,0,79.4,0
6809,82571,82569735,11111,250,-1,-1,1,0,79.5,0
6810,82582,82580845,11110,250,-1,-1,1,0,79.7,0
6811,82593,82591953,11108,250,-1,-1,1,0,79.8,0
6812,82604,82603070,11117,250,-1,-1,1,0,80.0,0
6813,82615,82614163,11093,250,-1,-1,1,0,80.1,0
6814,82626,82625276,11113,250,-1,-1,1,0,80.3,1
6815,82637,82636399,11123,250,-1,-1,1,0,80.4,0
6816,82649,82647493,11094,250,-1,-1,1,0,80.5,0
6817,82659,82658606,11113,250,-1,-1,1,0,80.7,0
6818,82671,82669721,11115,250,-1,-1,1,0,80.7,0
6819,82682,82680824,11103,250,-1,-1,1,0,80.9,0
6820,82693,82691941,11117,250,-1,-1,1,0,81.0,0
6821,82704,82703046,11105,250,-1,-1,1,0,81.1,0
6822,82715,82714147,11101,250,-1,-1,1,0,81.2,0
6823,82726,82725252,11105,250,-1,-1,1,0,81.3,1
6824,82738,82736384,11132,250,-1,-1,1,0,81.4,0
6825,82748,82747478,11094,250,-1,-1,1,0,81.6,0
6826,82759,82758590,11112,250,-1,-1,1,0,81.7,0
6827,82771,82769703,11113,250,-1,-1,1,0,81.7,0
6828,82782,82780807,11104,250,-1,-1,1,0,81.8,0
6829,82793,82791921,11114,250,-1,-1,1,0,81.9,0
6830,82804,82803027,11106,250,-1,-1,1,0,82.0,0
6831,82815,82814140,11113,250,-1,-1,1,0,90.9,0
6832,82826,82825237,11097,250,-1,-1,1,0,90.9,1
6833,82837,82836364,11127,250,-1,-1,1,0,90.9,0
6834,82848,82847464,11100,250,-1,-1,1,0,90.9,0
6835,82859,82858568,11104,250,-1,-1,1,0,90.9,0
6836,82871,82869685,11117,250,-1,-1,1,0,89.6,0
6837,82882,82880792,11107,250,-1,-1,1,0,89.7,0
6838,82893,82891906,11114,250,-1,-1,1,0,89.9,0
6839,82904,82903012,11106,250,-1,-1,1,0,90.0,0
6840,83028,82914112,11100,250,-1,-1,1,0,44.6,0
6841,83028,83025204,111092,250,-1,-1,1,0,49.1,1
6842,83037,83036331,11127,250,-1,-1,1,0,51.5,0
6843,83049,83047431,11100,250,-1,-1,1,0,53.1,0
6844,83059,83058532,11101,250,-1,-1,1,0,54.9,0
6845,83070,83069654,11122,250,-1,-1,1,0,56.4,0
6846,83082,83080753,11099,250,-1,-1,1,0,57.6,0
6847,83093,83091871,11118,250,-1,-1,1,0,58.8,0
6848,83104,83102973,11102,250,-1,-1,1,0,60.0,0
6849,83115,83114089,11116,250,-1,-1,1,0,61.1,0
6850,83126,83125191,11102,250,-1,-1,1,0,62.1,1
6851,83137,83136313,11122,250,-1,-1,1,0,62.9,0
6852,83148,83147407,11094,250,-1,-1,1,0,64.0,0
6853,83159,83158531,11124,250,-1,-1,1,0,64.8,0
6854,83170,83169633,11102,250,-1,-1,1,0,65.6,0
6855,83182,83180806,11173,250,-1,-1,1,0,66.1,0
6856,83193,83191848,11042,250,-1,-1,1,0,66.8,0
6857,83204,83202966,11118,250,-1,-1,1,0,67.5,0
6858,83215,83214063,11097,250,-1,-1,1,0,68.1,0
6859,83226,83225179,11116,250,-1,-1,1,0,68.7,1
6860,83237,83236300,11121,250,-1,-1,1,0,69.3,0
6861,83248,83247397,11097,250,-1,-1,1,0,69.8,0
6862,83259,83258506,11109,250,-1,-1,1,0,70.3,0
6863,83271,83269612,11106,250,-1,-1,1,0,70.7,0
6864,83282,83280726,11114,250,-1,-1,1,0,71.1,0
6865,83293,83291837,11111,250,-1,-1,1,0,71.6,0
6866,83304,83302938,11101,250,-1,-1,1,0,72.0,0
6867,83315,83314044,11106,250,-1,-1,1,0,72.4,0
6868,83326,83325153,11109,250,-1,-1,1,0,72.8,1
6869,83337,83336284,11131,250,-1,-1,1,0,73.2,0
6870,83348,83347375,11091,250,-1,-1,1,0,73.5,0
6871,83360,83358491,11116,250,-1,-1,1,0,73.7,0
6872,83370,83369602,11111,250,-1,-1,1,0,74.2,0
6873,83382,83380709,11107,250,-1,-1,1,0,74.4,0
6874,83393,83391816,11107,250,-1,-1,1,0,74.7,0
6875,83404,83402926,11110,250,-1,-1,1,0,75.0,0
6876,83415,83414034,11108,250,-1,-1,1,0,75.3,0
6877,83426,83425139,11105,250,-1,-1,1,0,75.6,1
6878,83437,83436264,11125,250,-1,-1,1,0,75.8,0
6879,83449,83447363,11099,250,-1,-1,1,0,76.0,0
6880,83459,83458466,11103,250,-1,-1,1,0,76.3,0
6881,83470,83469585,11119,250,-1,-1,1,0,76.6,0
6882,83481,83480687,11102,250,-1,-1,1,0,76.8,0
6883,83493,83491803,11116,250,-1,-1,1,0,76.9,0
6884,83504,83502909,11106,250,-1,-1,1,0,77.1,0
6885,83515,83514020,11111,250,-1,-1,1,0,77.4,0
6886,83526,83525117,11097,250,-1,-1,1,0,77.6,1
6887,83537,83536246,11129,250,-1,-1,1,0,77.8,0
6888,83548,83547345,11099,250,-1,-1,1,0,78.0,0
6889,83559,83558453,11108,250,-1,-1,1,0,78.1,0
6890,83570,83569570,11117,250,-1,-1,1,0,78.3,0
6891,83582,83580674,11104,250,-1,-1,1,0,78.4,0
6892,83593,83591827,11153,250,-1,-1,1,0,78.6,0
6893,83604,83602894,11067,250,-1,-1,1,0,78.8,0
6894,83615,83613995,11101,250,-1,-1,1,0,78.9,0
6895,83626,83625107,11112,250,-1,-1,1,0,79.1,1
6896,83637,83636230,11123,250,-1,-1,1,0,79.2,0
6897,83648,83647326,11096,250,-1,-1,1,0,79.4,0
6898,83659,83658435,11109,250,-1,-1,1,0,79.5,0
6899,83671,83669549,11114,250,-1,-1,1,0,79.6,0
6900,83682,83680654,11105,250,-1,-1,1,0,79.7,0
6901,83693,83691766,11112,250,-1,-1,1,0,79.9,0
6902,83704,83702948,11182,250,-1,-1,1,0,80.0,0
6903,83715,83713988,11040,250,-1,-1,1,0,80.1,0
6904,83726,83725088,11100,250,-1,-1,1,0,80.3,1
6905,83737,83736214,11126,250,-1,-1,1,0,80.4,0
6906,83748,83747311,11097,250,-1,-1,1,0,80.5,0
6907,83760,83758418,11107,250,-1,-1,1,0,80.5,0
6908,83770,83769533,11115,250,-1,-1,1,0,80.7,0
6909,83781,83780638,11105,250,-1,-1,1,0,80.9,0
6910,83793,83791755,11117,250,-1,-1,1,0,80.9,0
6911,83804,83802862,11107,250,-1,-1,1,0,81.0,0
6912,83815,83813969,11107,250,-1,-1,1,0,90.9,0
6913,83826,83825070,11101,250,-1,-1,1,0,90.9,1
6914,83837,83836189,11119,250,-1,-1,1,0,90.9,0
6915,83848,83847292,11103,250,-1,-1,1,0,90.9,0
6916,83859,83858402,11110,250,-1,-1,1,0,90.9,0
6917,83870,83869517,11115,250,-1,-1,1,0,90.9,0
6918,83881,83880620,11103,250,-1,-1,1,0,90.9,0
6919,83893,83891736,11116,250,-1,-1,1,0,89.9,0
6920,83904,83902840,11104,250,-1,-1,1,0,90.0,0
6921,83915,83913950,11110,250,-1,-1,1,0,90.1,0
6922,83926,83925049,11099,250,-1,-1,1,0,90.2,1
6923,83937,83936180,11131,250,-1,-1,1,0,90.2,0
6924,83948,83947274,11094,250,-1,-1,1,0,90.3,0
6925,83959,83958386,11112,250,-1,-1,1,0,90.3,0
6926,83970,83969499,11113,250,-1,-1,1,0,90.4,0
6927,83982,83980606,11107,250,-1,-1,1,0,89.9,0
6928,83993,83991719,11113,250,-1,-1,1,0,89.9,0
6929,84004,84002826,11107,250,-1,-1,1,0,90.0,0
6930,84127,84013922,11096,250,-1,-1,1,0,58.8,0
6931,84128,84125017,111095,250,-1,-1,1,0,61.7,1
6932,84137,84136148,11131,250,-1,-1,1,0,63.1,0
6933,84148,84147238,11090,250,-1,-1,1,0,64.0,0
6934,84160,84158347,11109,250,-1,-1,1,0,64.6,0
6935,84170,84169464,11117,250,-1,-1,1,0,65.6,0
6936,84181,84180576,11112,250,-1,-1,1,0,66.3,0
6937,84193,84191682,11106,250,-1,-1,1,0,66.8,0
6938,84204,84202788,11106,250,-1,-1,1,0,67.5,0
6939,84215,84213906,11118,250,-1,-1,1,0,68.1,0
6940,84226,84225005,11099,250,-1,-1,1,0,68.7,1
6941,84237,84236129,11124,250,-1,-1,1,0,69.3,0
6942,84248,84247223,11094,250,-1,-1,1,0,69.8,0
6943,84259,84258342,11119,250,-1,-1,1,0,70.3,0
6944,84270,84269445,11103,250,-1,-1,1,0,70.8,0
6945,84281,84280550,11105,250,-1,-1,1,0,71.3,0
6946,84293,84291664,11114,250,-1,-1,1,0,71.6,0
6947,84304,84302771,11107,250,-1,-1,1,0,72.0,0
6948,84315,84313880,11109,250,-1,-1,1,0,72.4,0
6949,84326,84324995,11115,250,-1,-1,1,0,72.8,1
6950,84337,84336112,11117,250,-1,-1,1,0,73.2,0
6951,84348,84347206,11094,250,-1,-1,1,0,73.5,0
6952,84359,84358323,11117,250,-1,-1,1,0,73.9,0
6953,84370,84369428,11105,250,-1,-1,1,0,74.2,0
6954,84382,84380543,11115,250,-1,-1,1,0,74.4,0
6955,84393,84391645,11102,250,-1,-1,1,0,74.7,0
6956,84404,84402751,11106,250,-1,-1,1,0,75.0,0
6957,84415,84413857,11106,250,-1,-1,1,0,75.3,0
6958,84426,84424967,11110,250,-1,-1,1,0,75.6,1
6959,84437,84436089,11122,250,-1,-1,1,0,75.8,0
6960,84448,84447193,11104,250,-1,-1,1,0,76.1,0
6961,84459,84458298,11105,250,-1,-1,1,0,76.3,0
6962,84471,84469415,11117,250,-1,-1,1,0,76.5,0
6963,84481,84480517,11102,250,-1,-1,1,0,76.8,0
6964,84492,84491633,11116,250,-1,-1,1,0,77.0,0
6965,84504,84502737,11104,250,-1,-1,1,0,77.1,0
6966,84515,84513839,11102,250,-1,-1,1,0,77.4,0
6967,84526,84524946,11107,250,-1,-1,1,0,77.6,1
6968,84537,84536075,11129,250,-1,-1,1,0,77.8,0
6969,84548,84547169,11094,250,-1,-1,1,0,78.0,0
6970,84559,84558284,11115,250,-1,-1,1,0,78.1,0
6971,84570,84569396,11112,250,-1,-1,1,0,78.3,0
6972,84581,84580503,11107,250,-1,-1,1,0,78.5,0
6973,84592,84591611,11108,250,-1,-1,1,0,78.7,0
6974,84604,84602725,11114,250,-1,-1,1,0,78.8,0
6975,84615,84613823,11098,250,-1,-1,1,0,78.9,0
6976,84626,84624933,11110,250,-1,-1,1,0,79.1,1
6977,84637,84636062,11129,250,-1,-1,1,0,79.2,0
6978,84648,84647154,11092,250,-1,-1,1,0,79.4,0
6979,84659,84658263,11109,250,-1,-1,1,0,79.5,0
6980,84670,84669381,11118,250,-1,-1,1,0,79.7,0
6981,84681,84680489,11108,250,-1,-1,1,0,79.8,0
6982,84693,84691598,11109,250,-1,-1,1,0,79.9,0
6983,84704,84702709,11111,250,-1,-1,1,0,80.0,0
6984,84715,84713817,11108,250,-1,-1,1,0,80.1,0
6985,84726,84724916,11099,250,-1,-1,1,0,80.3,1
6986,84737,84736042,11126,250,-1,-1,1,0,80.4,0
6987,84748,84747142,11100,250,-1,-1,1,0,80.5,0
6988,84759,84758249,11107,250,-1,-1,1,0,80.6,0
6989,84770,84769364,11115,250,-1,-1,1,0,80.7,0
6990,84782,84780465,11101,250,-1,-1,1,0,80.8,0
6991,84792,84791580,11115,250,-1,-1,1,0,81.0,0
6992,84803,84802692,11112,250,-1,-1,1,0,81.1,0
6993,84815,84813797,11105,250,-1,-1,1,0,90.9,0
6994,84826,84824897,11100,250,-1,-1,1,0,90.9,1
6995,84837,84836023,11126,250,-1,-1,1,0,90.9,0
6996,84848,84847122,11099,250,-1,-1,1,0,90.9,0
6997,84859,84858232,11110,250,-1,-1,1,0,90.9,0
6998,84871,84869345,11113,250,-1,-1,1,0,89.6,0
6999,84881,84880448,11103,250,-1,-1,1,0,90.9,0
7000,84892,84891560,11112,250,-1,-1,1,0,90.9,0
7001,84903,84902668,11108,250,-1,-1,1,0,90.9,0
7002,84915,84913775,11107,250,-1,-1,1,0,90.1,0
7003,84926,84924883,11108,250,-1,-1,1,0,90.2,1
7004,84937,84936013,11130,250,-1,-1,1,0,90.2,0
7005,84948,84947104,11091,250,-1,-1,1,0,90.3,0
7006,84959,84958214,11110,250,-1,-1,1,0,90.3,0
7007,84970,84969329,11115,250,-1,-1,1,0,90.4,0
7008,84981,84980430,11101,250,-1,-1,1,0,90.4,0
7009,84992,84991545,11115,250,-1,-1,1,0,90.4,0
7010,85004,85002653,11108,250,-1,-1,1,0,90.0,0
7011,85015,85013757,11104,250,-1,-1,1,0,90.0,0
7012,85026,85024865,11108,250,-1,-1,1,0,90.1,1
7013,85037,85035989,11124,250,-1,-1,1,0,90.1,0
7014,85048,85047090,11101,250,-1,-1,1,0,90.2,0
7015,85059,85058197,11107,250,-1,-1,1,0,90.2,0
7016,85070,85069314,11117,250,-1,-1,1,0,90.2,0
7017,85081,85080416,11102,250,-1,-1,1,0,90.3,0
7018,85093,85091530,11114,250,-1,-1,1,0,90.0,0
7019,85103,85102636,11106,250,-1,-1,1,0,90.3,0
7020,85167,85113737,11101,250,-1,-1,1,0,77.1,0
7021,85167,85158171,44434,250,-1,-1,1,0,79.9,1
7022,85170,85169288,11117,250,-1,-1,1,0,82.0,0
7023,85182,85180399,11111,250,-1,-1,1,0,82.0,0
7024,85192,85191508,11109,250,-1,-1,1,0,82.5,0
7025,85203,85202615,11107,250,-1,-1,1,0,82.7,0
7026,85215,85213729,11114,250,-1,-1,1,0,82.7,0
7027,85226,85224980,11251,250,-1,-1,1,0,82.9,0
7028,85237,85235946,10966,250,-1,-1,1,0,83.1,0
7029,85248,85247057,11111,250,-1,-1,1,0,83.3,0
7030,85259,85258172,11115,250,-1,-1,1,0,83.5,1
7031,85271,85269289,11117,250,-1,-1,1,0,83.5,0
7032,85281,85280386,11097,250,-1,-1,1,0,83.9,0
7033,85292,85291493,11107,250,-1,-1,1,0,84.0,0
7034,85303,85302601,11108,250,-1,-1,1,0,84.2,0
7035,85315,85313710,11109,250,-1,-1,1,0,84.1,0
7036,85326,85324817,11107,250,-1,-1,1,0,84.3,0
7037,85337,85335930,11113,250,-1,-1,1,0,84.4,0
7038,85348,85347036,11106,250,-1,-1,1,0,84.6,0
7039,85360,85358147,11111,250,-1,-1,1,0,84.5,1
7040,85370,85369273,11126,250,-1,-1,1,0,84.8,0
7041,85381,85380367,11094,250,-1,-1,1,0,84.9,0
7042,85392,85391470,11103,250,-1,-1,1,0,85.0,0
7043,85404,85402583,11113,250,-1,-1,1,0,85.0,0
7044,85415,85413696,11113,250,-1,-1,1,0,85.1,0
7045,85426,85424802,11106,250,-1,-1,1,0,85.2,0
7046,85437,85435912,11110,250,-1,-1,1,0,85.3,0
7047,85448,85447016,11104,250,-1,-1,1,0,85.4,0
7048,85459,85458121,11105,250,-1,-1,1,0,85.5,1
7049,85470,85469253,11132,250,-1,-1,1,0,85.6,0
7050,85481,85480345,11092,250,-1,-1,1,0,85.7,0
7051,85493,85491456,11111,250,-1,-1,1,0,85.6,0
7052,85503,85502567,11111,250,-1,-1,1,0,85.8,0
7053,85514,85513675,11108,250,-1,-1,1,0,85.9,0
7054,85526,85524788,11113,250,-1,-1,1,0,85.9,0
7055,85537,85535898,11110,250,-1,-1,1,0,85.9,0
7056,85548,85546996,11098,250,-1,-1,1,0,86.0,0
7057,85559,85558109,11113,250,-1,-1,1,0,86.1,1
7058,85570,85569227,11118,250,-1,-1,1,0,86.2,0
7059,85581,85580328,11101,250,-1,-1,1,0,86.2,0
7060,85592,85591439,11111,250,-1,-1,1,0,86.3,0
7061,85603,85602557,11118,250,-1,-1,1,0,86.4,0
7062,85615,85613655,11098,250,-1,-1,1,0,86.3,0
7063,85626,85624772,11117,250,-1,-1,1,0,86.4,0
7064,85637,85635879,11107,250,-1,-1,1,0,86.4,0
7065,85648,85646983,11104,250,-1,-1,1,0,86.5,0
7066,85659,85658092,11109,250,-1,-1,1,0,86.5,1
7067,85670,85669217,11125,250,-1,-1,1,0,86.6,0
7068,85681,85680311,11094,250,-1,-1,1,0,86.7,0
7069,85692,85691422,11111,250,-1,-1,1,0,86.7,0
7070,85703,85702537,11115,250,-1,-1,1,0,86.8,0
7071,85715,85713640,11103,250,-1,-1,1,0,86.7,0
7072,85726,85724751,11111,250,-1,-1,1,0,86.8,0
7073,85737,85735865,11114,250,-1,-1,1,0,86.8,0
7074,85748,85746962,11097,250,-1,-1,1,0,86.9,0
7075,85759,85758073,11111,250,-1,-1,1,0,86.9,1
7076,85770,85769197,11124,250,-1,-1,1,0,87.0,0
7077,85781,85780298,11101,250,-1,-1,1,0,87.0,0
7078,85792,85791404,11106,250,-1,-1,1,0,87.0,0
7079,85804,85802522,11118,250,-1,-1,1,0,87.0,0
7080,85821,85813626,11104,250,-1,-1,1,0,58.8,0
7081,85826,85824745,11119,250,-1,-1,1,0,90.9,0
7082,85837,85835839,11094,250,-1,-1,1,0,90.9,0
7083,85848,85846953,11114,250,-1,-1,1,0,90.9,0
7084,85859,85858057,11104,250,-1,-1,1,0,90.9,1
7085,85870,85869185,11128,250,-1,-1,1,0,90.9,0
7086,85881,85880279,11094,250,-1,-1,1,0,90.9,0
7087,85893,85891388,11109,250,-1,-1,1,0,89.9,0
7088,85903,85902504,11116,250,-1,-1,1,0,90.9,0
7089,85914,85913607,11103,250,-1,-1,1,0,90.9,0
7090,85926,85924716,11109,250,-1,-1,1,0,90.2,0
7091,85937,85935831,11115,250,-1,-1,1,0,90.2,0
7092,85948,85946932,11101,250,-1,-1,1,0,90.3,0
7093,85959,85958040,11108,250,-1,-1,1,0,90.3,1
7094,85970,85969162,11122,250,-1,-1,1,0,90.4,0
7095,85981,85980261,11099,250,-1,-1,1,0,90.4,0
7096,85992,85991370,11109,250,-1,-1,1,0,90.4,0
7097,86003,86002490,11120,250,-1,-1,1,0,90.5,0
7098,86014,86013592,11102,250,-1,-1,1,0,90.5,0
7099,86026,86024700,11108,250,-1,-1,1,0,90.1,0
7100,86037,86035812,11112,250,-1,-1,1,0,90.1,0
7101,86048,86046914,11102,250,-1,-1,1,0,90.2,0
7102,86059,86058018,11104,250,-1,-1,1,0,90.2,1
7103,86070,86069146,11128,250,-1,-1,1,0,90.2,0
7104,86081,86080246,11100,250,-1,-1,1,0,90.3,0
7105,86092,86091355,11109,250,-1,-1,1,0,90.3,0
7106,86103,86102468,11113,250,-1,-1,1,0,90.3,0
7107,86115,86113575,11107,250,-1,-1,1,0,90.0,0
7108,86126,86124686,11111,250,-1,-1,1,0,90.1,0
7109,86137,86135793,11107,250,-1,-1,1,0,90.1,0
7110,86215,86146896,11103,250,-1,-1,1,0,75.4,0
7111,86215,86213549,66653,250,-1,-1,1,0,77.9,1
7112,86226,86224679,11130,250,-1,-1,1,0,78.2,0
7113,86237,86235779,11100,250,-1,-1,1,0,78.5,0
7114,86248,86246884,11105,250,-1,-1,1,0,78.8,0
7115,86259,86257998,11114,250,-1,-1,1,0,79.1,0
7116,86270,86269105,11107,250,-1,-1,1,0,79.4,0
7117,86281,86280213,11108,250,-1,-1,1,0,79.7,0
7118,86292,86291320,11107,250,-1,-1,1,0,79.9,0
7119,86303,86302441,11121,250,-1,-1,1,0,80.2,0
7120,86314,86313538,11097,250,-1,-1,1,0,80.4,1
7121,86325,86324656,11118,250,-1,-1,1,0,80.6,0
7122,86337,86335763,11107,250,-1,-1,1,0,80.7,0
7123,86348,86346872,11109,250,-1,-1,1,0,80.9,0
7124,86359,86357976,11104,250,-1,-1,1,0,81.1,0
7125,86370,86369083,11107,250,-1,-1,1,0,81.3,0
7126,86381,86380200,11117,250,-1,-1,1,0,81.5,0
7127,86392,86391304,11104,250,-1,-1,1,0,81.6,0
7128,86403,86402411,11107,250,-1,-1,1,0,81.8,0
7129,86414,86413526,11115,250,-1,-1,1,0,82.0,1
7130,86426,86424642,11116,250,-1,-1,1,0,82.0,0
7131,86437,86435741,11099,250,-1,-1,1,0,82.1,0
7132,86448,86446916,11175,250,-1,-1,1,0,82.3,0
7133,86459,86457956,11040,250,-1,-1,1,0,82.4,0
7134,86470,86469072,11116,250,-1,-1,1,0,82.6,0
7135,86482,86480176,11104,250,-1,-1,1,0,82.6,0
7136,86492,86491288,11112,250,-1,-1,1,0,82.8,0
7137,86503,86502389,11101,250,-1,-1,1,0,83.0,0
7138,86515,86513500,11111,250,-1,-1,1,0,83.0,1
7139,86525,86524622,11122,250,-1,-1,1,0,83.2,0
7140,86537,86535725,11103,250,-1,-1,1,0,83.2,0
7141,86548,86546831,11106,250,-1,-1,1,0,83.3,0
7142,86559,86557949,11118,250,-1,-1,1,0,83.4,0
7143,86570,86569052,11103,250,-1,-1,1,0,83.6,0
7144,86581,86580166,11114,250,-1,-1,1,0,83.7,0
7145,86592,86591271,11105,250,-1,-1,1,0,83.8,0
7146,86604,86602378,11107,250,-1,-1,1,0,83.8,0
7147,86614,86613481,11103,250,-1,-1,1,0,84.0,1
7148,86625,86624606,11125,250,-1,-1,1,0,84.0,0
7149,86637,86635702,11096,250,-1,-1,1,0,84.0,0
7150,86648,86646813,11111,250,-1,-1,1,0,84.1,0
7151,86659,86657931,11118,250,-1,-1,1,0,84.2,0
7152,86670,86669038,11107,250,-1,-1,1,0,84.3,0
7153,86681,86680145,11107,250,-1,-1,1,0,84.4,0
7154,86692,86691253,11108,250,-1,-1,1,0,84.5,0
7155,86703,86702354,11101,250,-1,-1,1,0,84.5,0
7156,86714,86713470,11116,250,-1,-1,1,0,84.6,1
7157,86725,86724593,11123,250,-1,-1,1,0,84.7,0
7158,86737,86735691,11098,250,-1,-1,1,0,84.7,0
7159,86748,86746800,11109,250,-1,-1,1,0,84.7,0
7160,86759,86757913,11113,250,-1,-1,1,0,84.8,0
7161,86770,86769018,11105,250,-1,-1,1,0,84.9,0
7162,86781,86780126,11108,250,-1,-1,1,0,85.0,0
7163,86792,86791240,11114,250,-1,-1,1,0,85.0,0
7164,86803,86802342,11102,250,-1,-1,1,0,85.1,0
7165,86814,86813445,11103,250,-1,-1,1,0,85.1,1
7166,86854,86846774,33329,250,-1,-1,1,0,26.3,0
7167,86859,86857895,11121,250,-1,-1,1,0,46.5,0
7168,86870,86869000,11105,250,-1,-1,1,0,55.6,0
7169,86881,86880114,11114,250,-1,-1,1,0,61.5,0
7170,86892,86891220,11106,250,-1,-1,1,0,65.8,0
7171,86903,86902327,11107,250,-1,-1,1,0,69.0,0
7172,86915,86913434,11107,250,-1,-1,1,0,70.7,0
7173,86925,86924541,11107,250,-1,-1,1,0,73.4,0
7174,86936,86935649,11108,250,-1,-1,1,0,75.0,1
7175,86948,86946778,11129,250,-1,-1,1,0,75.8,0
7176,86959,86957873,11095,250,-1,-1,1,0,76.9,0
7177,86970,86968981,11108,250,-1,-1,1,0,77.9,0
7178,86981,86980099,11118,250,-1,-1,1,0,78.8,0
7179,86992,86991200,11101,250,-1,-1,1,0,79.5,0
7180,87003,87002314,11114,250,-1,-1,1,0,80.2,0
7181,87014,87013425,11111,250,-1,-1,1,0,80.8,0
7182,87025,87024525,11100,250,-1,-1,1,0,81.3,0
7183,87036,87035633,11108,250,-1,-1,1,0,81.8,1
7184,87048,87046764,11131,250,-1,-1,1,0,81.9,0
7185,87059,87057858,11094,250,-1,-1,1,0,82.3,0
7186,87070,87068968,11110,250,-1,-1,1,0,82.7,0
7187,87081,87080082,11114,250,-1,-1,1,0,83.0,0
7188,87092,87091183,11101,250,-1,-1,1,0,83.3,0
7189,87103,87102297,11114,250,-1,-1,1,0,83.6,0
7190,87114,87113530,11233,250,-1,-1,1,0,83.9,0
7191,87125,87124508,10978,250,-1,-1,1,0,84.1,0
7192,87137,87135614,11106,250,-1,-1,1,0,84.1,1
7193,87148,87146737,11123,250,-1,-1,1,0,84.3,0
7194,87159,87157840,11103,250,-1,-1,1,0,84.5,0
7195,87170,87168947,11107,250,-1,-1,1,0,84.7,0
7196,87181,87180065,11118,250,-1,-1,1,0,84.9,0
7197,87192,87191167,11102,250,-1,-1,1,0,85.1,0
7198,87203,87202283,11116,250,-1,-1,1,0,85.3,0
7199,87214,87213412,11129,250,-1,-1,1,0,85.4,0
7200,87307,87224490,11078,250,-1,-1,1,0,71.3,0
7201,87307,87302250,77760,250,-1,-1,1,0,73.3,1
7202,87315,87313383,11133,250,-1,-1,1,0,74.1,0
7203,87325,87324482,11099,250,-1,-1,1,0,74.7,0
7204,87336,87335587,11105,250,-1,-1,1,0,75.0,0
7205,87348,87346699,11112,250,-1,-1,1,0,75.2,0
7206,87359,87357807,11108,250,-1,-1,1,0,75.5,0
7207,87370,87368922,11115,250,-1,-1,1,0,75.8,0
7208,87381,87380022,11100,250,-1,-1,1,0,76.1,0
7209,87392,87391131,11109,250,-1,-1,1,0,76.4,0
7210,87403,87402249,11118,250,-1,-1,1,0,76.7,1
7211,87414,87413364,11115,250,-1,-1,1,0,76.9,0
7212,87425,87424465,11101,250,-1,-1,1,0,77.2,0
7213,87436,87435577,11112,250,-1,-1,1,0,77.4,0
7214,87448,87446683,11106,250,-1,-1,1,0,77.5,0
7215,87459,87457789,11106,250,-1,-1,1,0,77.8,0
7216,87470,87468905,11116,250,-1,-1,1,0,78.0,0
7217,87481,87480010,11105,250,-1,-1,1,0,78.2,0
7218,87492,87491120,11110,250,-1,-1,1,0,78.4,0
7219,87503,87502228,11108,250,-1,-1,1,0,78.6,1
7220,87514,87513350,11122,250,-1,-1,1,0,78.8,0
7221,87525,87524444,11094,250,-1,-1,1,0,79.0,0
7222,87537,87535590,11146,250,-1,-1,1,0,79.1,0
7223,87548,87546663,11073,250,-1,-1,1,0,79.2,0
7224,87559,87557772,11109,250,-1,-1,1,0,79.4,0
7225,87570,87568878,11106,250,-1,-1,1,0,79.6,0
7226,87581,87579992,11114,250,-1,-1,1,0,79.7,0
7227,87592,87591096,11104,250,-1,-1,1,0,79.9,0
7228,87603,87602204,11108,250,-1,-1,1,0,80.1,1
7229,87614,87613330,11126,250,-1,-1,1,0,80.2,0
7230,87626,87624430,11100,250,-1,-1,1,0,80.2,0
7231,87636,87635537,11107,250,-1,-1,1,0,80.5,0
7232,87647,87646650,11113,250,-1,-1,1,0,80.6,0
7233,87659,87657752,11102,250,-1,-1,1,0,80.7,0
7234,87670,87668869,11117,250,-1,-1,1,0,80.8,0
7235,87681,87680124,11255,250,-1,-1,1,0,80.9,0
7236,87692,87691077,10953,250,-1,-1,1,0,81.1,0
7237,87703,87702186,11109,250,-1,-1,1,0,81.2,1
7238,87714,87713308,11122,250,-1,-1,1,0,81.3,0
7239,87725,87724409,11101,250,-1,-1,1,0,81.4,0
7240,87736,87735520,11111,250,-1,-1,1,0,81.5,0
7241,87747,87746635,11115,250,-1,-1,1,0,81.6,0
7242,87759,87757740,11105,250,-1,-1,1,0,81.7,0
7243,87770,87768850,11110,250,-1,-1,1,0,81.8,0
7244,87781,87779962,11112,250,-1,-1,1,0,81.9,0
7245,87792,87791057,11095,250,-1,-1,1,0,82.0,0
7246,87803,87802170,11113,250,-1,-1,1,0,82.1,1
7247,87814,87813293,11123,250,-1,-1,1,0,82.2,0
7248,87825,87824395,11102,250,-1,-1,1,0,82.3,0
7249,87866,87857714,33319,250,-1,-1,1,0,24.4,0
7250,87870,87868828,11114,250,-1,-1,1,0,44.4,0
7251,87881,87879939,11111,250,-1,-1,1,0,53.6,0
7252,87892,87891054,11115,250,-1,-1,1,0,59.7,0
7253,87903,87902153,11099,250,-1,-1,1,0,64.1,0
7254,87914,87913264,11111,250,-1,-1,1,0,67.4,0
7255,87925,87924370,11106,250,-1,-1,1,0,70.0,1
7256,87937,87935498,11128,250,-1,-1,1,0,71.4,0
7257,87947,87946596,11098,250,-1,-1,1,0,73.8,0
7258,87959,87957703,11107,250,-1,-1,1,0,74.6,0
7259,87970,87968819,11116,250,-1,-1,1,0,75.9,0
7260,87981,87979924,11105,250,-1,-1,1,0,76.9,0
7261,87992,87991038,11114,250,-1,-1,1,0,77.8,0
7262,88003,88002143,11105,250,-1,-1,1,0,78.7,0
7263,88014,88013241,11098,250,-1,-1,1,0,79.4,0
7264,88025,88024352,11111,250,-1,-1,1,1000,79.6,1
7265,88036,88035478,11126,250,-1,-1,1,0,80.6,0
7266,88047,88046580,11102,250,-1,-1,1,0,81.1,0
7267,88058,88057684,11104,250,-1,-1,1,1000,81.2,0
7268,88070,88068802,11118,250,-1,-1,1,0,81.6,0
7269,88081,88079905,11103,250,-1,-1,1,0,82.0,0
7270,88092,88091018,11113,250,-1,-1,1,0,82.4,0
7271,88103,88102126,11108,250,-1,-1,1,0,82.7,0
7272,88114,88113238,11112,250,-1,-1,1,0,83.0,0
7273,88125,88124334,11096,250,-1,-1,1,0,83.3,1
7274,88136,88135465,11131,250,-1,-1,1,0,83.6,0
7275,88147,88146563,11098,250,-1,-1,1,0,83.9,0
7276,88159,88157668,11105,250,-1,-1,1,0,83.8,0
7277,88170,88168782,11114,250,-1,-1,1,0,84.1,0
7278,88181,88179891,11109,250,-1,-1,1,0,84.3,0
7279,88192,88190997,11106,250,-1,-1,1,0,84.5,0
7280,88203,88202110,11113,250,-1,-1,1,0,84.7,0
7281,88214,88213213,11103,250,-1,-1,1,0,84.8,0
7282,88225,88224328,11115,250,-1,-1,1,0,85.0,1
7283,88236,88235441,11113,250,-1,-1,1,0,85.2,0
7284,88248,88246545,11104,250,-1,-1,1,0,85.1,0
7285,88258,88257654,11109,250,-1,-1,1,0,85.5,0
7286,88270,88268770,11116,250,-1,-1,1,0,85.4,0
7287,88281,88279876,11106,250,-1,-1,1,0,85.5,0
7288,88292,88290988,11112,250,-1,-1,1,0,85.7,0
7289,88303,88302092,11104,250,-1,-1,1,0,85.8,0
7290,88411,88313190,11098,250,-1,-1,1,0,71.7,0
7291,88411,88402065,88875,250,-1,-1,1,0,73.4,1
7292,88414,88413184,11119,250,-1,-1,1,0,74.7,0
7293,88425,88424294,11110,250,-1,-1,1,0,75.0,0
7294,88436,88435398,11104,250,-1,-1,1,0,75.3,0
7295,88447,88446511,11113,250,-1,-1,1,0,75.6,0
7296,88458,88457631,11120,250,-1,-1,1,0,75.8,0
7297,88470,88468734,11103,250,-1,-1,1,0,76.0,0
7298,88481,88479839,11105,250,-1,-1,1,0,76.2,0
7299,88492,88490950,11111,250,-1,-1,1,0,76.5,0
7300,88503,88502065,11115,250,-1,-1,1,0,76.7,1
7301,88514,88513178,11113,250,-1,-1,1,0,76.9,0
7302,88525,88524279,11101,250,-1,-1,1,0,77.1,0
7303,88537,88535381,11102,250,-1,-1,1,0,77.2,0
7304,88547,88546496,11115,250,-1,-1,1,0,77.6,0
7305,88559,88557602,11106,250,-1,-1,1,0,77.7,0
7306,88570,88568711,11109,250,-1,-1,1,0,77.9,0
7307,88581,88579823,11112,250,-1,-1,1,0,78.0,0
7308,88592,88590929,11106,250,-1,-1,1,0,78.2,0
7309,88603,88602045,11116,250,-1,-1,1,0,78.4,1
7310,88614,88613159,11114,250,-1,-1,1,0,78.6,0
7311,88625,88624257,11098,250,-1,-1,1,0,78.8,0
7312,88636,88635368,11111,250,-1,-1,1,0,78.9,0
7313,88648,88646481,11113,250,-1,-1,1,0,79.0,0
7314,88658,88657583,11102,250,-1,-1,1,0,79.2,0
7315,88670,88668695,11112,250,-1,-1,1,0,79.3,0
7316,88681,88679807,11112,250,-1,-1,1,0,79.4,0
7317,88692,88690908,11101,250,-1,-1,1,0,79.6,0
7318,88703,88702017,11109,250,-1,-1,1,0,79.7,1
7319,88714,88713147,11130,250,-1,-1,1,0,79.9,0
7320,88725,88724244,11097,250,-1,-1,1,0,80.0,0
7321,88737,88735349,11105,250,-1,-1,1,0,80.0,0
7322,88747,88746460,11111,250,-1,-1,1,0,80.3,0
7323,88758,88757568,11108,250,-1,-1,1,0,80.4,0
7324,88769,88768674,11106,250,-1,-1,1,0,80.4,0
7325,88781,88779787,11113,250,-1,-1,1,0,80.5,0
7326,88792,88790897,11110,250,-1,-1,1,0,80.7,0
7327,88803,88802006,11109,250,-1,-1,1,0,80.8,1
7328,88814,88813128,11122,250,-1,-1,1,0,80.9,0
7329,88825,88824223,11095,250,-1,-1,1,0,81.0,0
7330,88856,88846440,22217,250,-1,-1,1,0,32.3,0
7331,88859,88857547,11107,250,-1,-1,1,0,58.8,0
7332,88870,88868669,11122,250,-1,-1,1,0,66.7,0
7333,88881,88879775,11106,250,-1,-1,1,0,71.4,0
7334,88892,88890877,11102,250,-1,-1,1,0,74.6,0
7335,88903,88901984,11107,250,-1,-1,1,0,76.9,0
7336,88914,88913092,11108,250,-1,-1,1,0,78.7,1
7337,88925,88924216,11124,250,-1,-1,1,0,80.0,0
7338,88936,88935315,11099,250,-1,-1,1,0,81.1,0
7339,88947,88946429,11114,250,-1,-1,1,0,82.0,0
7340,88959,88957539,11110,250,-1,-1,1,0,82.1,0
7341,88969,88968644,11105,250,-1,-1,1,0,83.3,0
7342,88981,88979758,11114,250,-1,-1,1,0,83.3,0
7343,88992,88990863,11105,250,-1,-1,1,0,83.8,0
7344,89003,89001969,11106,250,-1,-1,1,0,84.3,0
7345,89014,89013075,11106,250,-1,-1,1,0,84.7,1
7346,89025,89024199,11124,250,-1,-1,1,0,85.0,0
7347,89036,89035299,11100,250,-1,-1,1,0,85.3,0
7348,89048,89046409,11110,250,-1,-1,1,0,85.2,0
7349,89058,89057522,11113,250,-1,-1,1,0,85.8,0
7350,89070,89068633,11111,250,-1,-1,1,0,85.7,0
7351,89081,89079737,11104,250,-1,-1,1,0,85.9,0
7352,89092,89090847,11110,250,-1,-1,1,0,86.1,0
7353,89103,89102012,11165,250,-1,-1,1,0,86.3,0
7354,89114,89113060,11048,250,-1,-1,1,0,86.5,1
7355,89125,89124185,11125,250,-1,-1,1,0,86.7,0
7356,89136,89135283,11098,250,-1,-1,1,0,86.8,0
7357,89147,89146390,11107,250,-1,-1,1,0,87.0,0
7358,89158,89157509,11119,250,-1,-1,1,0,87.1,0
7359,89170,89168606,11097,250,-1,-1,1,0,87.0,0
7360,89181,89179721,11115,250,-1,-1,1,0,87.1,0
7361,89192,89190834,11113,250,-1,-1,1,0,87.2,0
7362,89203,89201939,11105,250,-1,-1,1,0,87.3,0
7363,89214,89213041,11102,250,-1,-1,1,0,87.4,1
7364,89225,89224168,11127,250,-1,-1,1,0,87.5,0
7365,89236,89235265,11097,250,-1,-1,1,0,87.6,0
7366,89247,89246378,11113,250,-1,-1,1,0,87.7,0
7367,89258,89257525,11147,250,-1,-1,1,0,87.8,0
7368,89270,89268590,11065,250,-1,-1,1,0,87.6,0
7369,89281,89279704,11114,250,-1,-1,1,0,87.7,0
7370,89292,89290814,11110,250,-1,-1,1,0,87.8,0
7371,89303,89301916,11102,250,-1,-1,1,0,87.9,0
7372,89314,89313024,11108,250,-1,-1,1,0,87.9,1
7373,89325,89324147,11123,250,-1,-1,1,0,88.0,0
7374,89336,89335248,11101,250,-1,-1,1,0,88.1,0
7375,89347,89346357,11109,250,-1,-1,1,0,88.1,0
7376,89359,89357470,11113,250,-1,-1,1,0,88.0,0
7377,89370,89368575,11105,250,-1,-1,1,0,88.1,0
7378,89381,89379687,11112,250,-1,-1,1,0,88.1,0
7379,89392,89390789,11102,250,-1,-1,1,0,88.2,0
7380,89512,89401898,11109,250,-1,-1,1,0,74.2,0
7381,89514,89501879,99981,250,-1,-1,1,0,75.5,1
7382,89516,89512988,11109,250,-1,-1,1,0,76.7,0
7383,89525,89524112,11124,250,-1,-1,1,0,77.1,0
7384,89536,89535211,11099,250,-1,-1,1,0,77.4,0
7385,89547,89546318,11107,250,-1,-1,1,0,77.6,0
7386,89558,89557435,11117,250,-1,-1,1,0,77.8,0
7387,89570,89568538,11103,250,-1,-1,1,0,77.9,0
7388,89581,89579654,11116,250,-1,-1,1,0,78.0,0
7389,89592,89590757,11103,250,-1,-1,1,0,78.2,0
7390,89603,89601870,11113,250,-1,-1,1,0,78.4,1
7391,89614,89612992,11122,250,-1,-1,1,0,78.6,0
7392,89625,89624092,11100,250,-1,-1,1,0,78.8,0
7393,89636,89635196,11104,250,-1,-1,1,0,78.9,0
7394,89647,89646309,11113,250,-1,-1,1,0,79.1,0
7395,89658,89657413,11104,250,-1,-1,1,0,79.2,0
7396,89670,89668519,11106,250,-1,-1,1,0,79.3,0
7397,89680,89679636,11117,250,-1,-1,1,0,79.5,0
7398,89692,89690747,11111,250,-1,-1,1,0,79.6,0
7399,89703,89701851,11104,250,-1,-1,1,0,79.7,1
7400,89714,89712969,11118,250,-1,-1,1,0,79.9,0
7401,89725,89724068,11099,250,-1,-1,1,0,80.0,0
7402,89736,89735179,11111,250,-1,-1,1,0,80.1,0
7403,89747,89746295,11116,250,-1,-1,1,0,80.3,0
7404,89759,89757398,11103,250,-1,-1,1,0,80.3,0
7405,89769,89768515,11117,250,-1,-1,1,0,80.5,0
7406,89781,89779615,11100,250,-1,-1,1,0,80.5,0
7407,89792,89790722,11107,250,-1,-1,1,0,80.7,0
7408,89803,89801831,11109,250,-1,-1,1,0,80.8,1
7409,89814,89812949,11118,250,-1,-1,1,0,80.9,0
7410,89825,89824055,11106,250,-1,-1,1,0,81.0,0
7411,89866,89857372,33317,250,-1,-1,1,0,24.4,0
7412,89869,89868489,11117,250,-1,-1,1,0,45.5,0
7413,89880,89879596,11107,250,-1,-1,1,0,54.5,0
7414,89892,89890713,11117,250,-1,-1,1,0,59.7,0
7415,89903,89901809,11096,250,-1,-1,1,0,64.1,0
7416,89914,89912922,11113,250,-1,-1,1,0,67.4,0
7417,89925,89924031,11109,250,-1,-1,1,0,70.0,1
7418,89936,89935155,11124,250,-1,-1,1,0,72.1,0
7419,89947,89946253,11098,250,-1,-1,1,0,73.8,0
7420,89958,89957365,11112,250,-1,-1,1,0,75.2,0
7421,89969,89968482,11117,250,-1,-1,1,0,76.4,0
7422,89981,89979582,11100,250,-1,-1,1,0,76.9,0
7423,89992,89990690,11108,250,-1,-1,1,0,77.8,0
7424,90003,90001804,11114,250,-1,-1,1,0,78.7,0
7425,90014,90012904,11100,250,-1,-1,1,0,79.4,0
7426,90025,90024014,11110,250,-1,-1,1,0,80.0,1
7427,90036,90035137,11123,250,-1,-1,1,0,80.6,0
7428,90047,90046236,11099,250,-1,-1,1,0,81.1,0
7429,90058,90057345,11109,250,-1,-1,1,0,81.5,0
7430,90070,90068463,11118,250,-1,-1,1,0,81.6,0
7431,90080,90079562,11099,250,-1,-1,1,0,82.4,0
7432,90092,90090679,11117,250,-1,-1,1,0,82.4,0
7433,90103,90101780,11101,250,-1,-1,1,0,82.7,0
7434,90114,90112890,11110,250,-1,-1,1,0,83.0,0
7435,90125,90123994,11104,250,-1,-1,1,0,83.3,1
7436,90136,90135120,11126,250,-1,-1,1,0,83.6,0
7437,90147,90146221,11101,250,-1,-1,1,0,83.9,0
7438,90159,90157337,11116,250,-1,-1,1,0,83.8,0
7439,90169,90168446,11109,250,-1,-1,1,0,84.3,0
7440,90180,90179551,11105,250,-1,-1,1,0,84.5,0
7441,90192,90190668,11117,250,-1,-1,1,0,84.5,0
7442,90203,90201769,11101,250,-1,-1,1,0,84.7,0
7443,90214,90212876,11107,250,-1,-1,1,0,84.8,0
7444,90225,90223980,11104,250,-1,-1,1,0,85.0,1
7445,90236,90235102,11122,250,-1,-1,1,0,85.2,0
7446,90247,90246207,11105,250,-1,-1,1,0,85.3,0
7447,90258,90257313,11106,250,-1,-1,1,0,85.5,0
7448,90269,90268429,11116,250,-1,-1,1,0,85.6,0
7449,90280,90279531,11102,250,-1,-1,1,0,85.7,0
7450,90292,90290647,11116,250,-1,-1,1,0,85.7,0
7451,90303,90301749,11102,250,-1,-1,1,0,85.8,0
7452,90314,90312865,11116,250,-1,-1,1,0,85.9,0
7453,90325,90323965,11100,250,-1,-1,1,0,86.0,1
7454,90337,90335080,11115,250,-1,-1,1,0,85.9,0
7455,90347,90346192,11112,250,-1,-1,1,0,86.2,0
7456,90358,90357300,11108,250,-1,-1,1,0,86.3,0
7457,90369,90368407,11107,250,-1,-1,1,0,86.4,0
7458,90381,90379511,11104,250,-1,-1,1,0,86.3,0
7459,90391,90390627,11116,250,-1,-1,1,1000,86.4,0
7460,90403,90401734,11107,250,-1,-1,1,0,86.5,0
7461,90414,90412844,11110,250,-1,-1,1,0,86.6,0
7462,90425,90423947,11103,250,-1,-1,1,0,86.7,1
7463,90436,90435069,11122,250,-1,-1,1,0,86.7,0
7464,90447,90446166,11097,250,-1,-1,1,0,86.8,0
7465,90458,90457276,11110,250,-1,-1,1,0,86.9,0
7466,90470,90468394,11118,250,-1,-1,1,0,86.8,0
7467,90480,90479496,11102,250,-1,-1,1,0,87.0,0
7468,90491,90490611,11115,250,-1,-1,1,0,87.1,0
7469,90503,90501714,11103,250,-1,-1,1,0,87.0,0
7470,90632,90512827,11113,250,-1,-1,1,0,74.3,0
7471,90632,90623908,111081,250,-1,-1,1,0,75.6,1
7472,90636,90635032,11124,250,-1,-1,1,0,76.4,0
7473,90647,90646136,11104,250,-1,-1,1,0,76.6,0
7474,90658,90657245,11109,250,-1,-1,1,0,76.8,0
7475,90670,90668355,11110,250,-1,-1,1,0,76.9,0
7476,90680,90679466,11111,250,-1,-1,1,0,77.2,0
7477,90692,90690572,11106,250,-1,-1,1,0,77.3,0
7478,90703,90701679,11107,250,-1,-1,1,0,77.4,0
7479,90714,90712791,11112,250,-1,-1,1,0,77.6,0
7480,90725,90723905,11114,250,-1,-1,1,0,77.8,1
7481,90736,90735021,11116,250,-1,-1,1,0,77.9,0
7482,90747,90746122,11101,250,-1,-1,1,0,78.1,0
7483,90758,90757226,11104,250,-1,-1,1,0,78.2,0
7484,90769,90768340,11114,250,-1,-1,1,0,78.4,0
7485,90781,90779446,11106,250,-1,-1,1,0,78.5,0
7486,90791,90790553,11107,250,-1,-1,1,0,78.7,0
7487,90802,90801670,11117,250,-1,-1,1,0,78.7,0
7488,90814,90812776,11106,250,-1,-1,1,0,78.9,0
7489,90825,90823891,11115,250,-1,-1,1,0,79.0,1
7490,90871,90868309,44418,250,-1,-1,1,0,22.7,0
7491,90880,90879433,11124,250,-1,-1,1,0,37.7,0
7492,90891,90890544,11111,250,-1,-1,1,0,46.9,0
7493,90902,90901651,11107,250,-1,-1,1,0,53.3,0
7494,90914,90912759,11108,250,-1,-1,1,0,57.5,0
7495,90925,90923859,11100,250,-1,-1,1,0,61.2,0
7496,90936,90934969,11110,250,-1,-1,1,0,64.2,0
7497,90947,90946077,11108,250,-1,-1,1,0,66.7,0
7498,90958,90957190,11113,250,-1,-1,1,0,68.7,1
7499,90969,90968312,11122,250,-1,-1,1,0,70.4,0
7500,90980,90979417,11105,250,-1,-1,1,0,71.9,0
7501,90991,90990518,11101,250,-1,-1,1,0,73.2,0
7502,91003,91001637,11119,250,-1,-1,1,0,73.9,0
7503,91014,91012738,11101,250,-1,-1,1,0,74.9,0
7504,91025,91023855,11117,250,-1,-1,1,0,75.8,0
7505,91036,91035017,11162,250,-1,-1,1,0,76.6,0
7506,91047,91046065,11048,250,-1,-1,1,0,77.3,0
7507,91058,91057173,11108,250,-1,-1,1,0,77.9,1
7508,91069,91068293,11120,250,-1,-1,1,0,78.5,0
7509,91080,91079393,11100,250,-1,-1,1,0,79.1,0
7510,91092,91090501,11108,250,-1,-1,1,0,79.2,0
7511,91102,91101618,11117,250,-1,-1,1,0,80.0,0
7512,91114,91112724,11106,250,-1,-1,1,0,80.1,0
7513,91125,91123840,11116,250,-1,-1,1,0,80.5,0
7514,91136,91134943,11103,250,-1,-1,1,0,80.9,0
7515,91147,91146048,11105,250,-1,-1,1,0,81.2,0
7516,91158,91157153,11105,250,-1,-1,1,0,81.6,1
7517,91169,91168276,11123,250,-1,-1,1,0,81.9,0
7518,91181,91179378,11102,250,-1,-1,1,0,81.9,0
7519,91191,91190484,11106,250,-1,-1,1,0,82.4,0
7520,91202,91201601,11117,250,-1,-1,1,0,82.7,0
7521,91214,91212705,11104,250,-1,-1,1,0,82.7,0
7522,91225,91223822,11117,250,-1,-1,1,0,82.9,0
7523,91236,91234923,11101,250,-1,-1,1,0,83.1,0
7524,91247,91246035,11112,250,-1,-1,1,0,83.3,0
7525,91258,91257135,11100,250,-1,-1,1,0,83.5,1
7526,91269,91268260,11125,250,-1,-1,1,0,83.7,0
7527,91280,91279358,11098,250,-1,-1,1,0,83.9,0
7528,91291,91290472,11114,250,-1,-1,1,0,84.1,0
7529,91302,91301583,11111,250,-1,-1,1,0,84.2,0
7530,91314,91312689,11106,250,-1,-1,1,0,84.2,0
7531,91325,91323801,11112,250,-1,-1,1,0,84.3,0
7532,91336,91334910,11109,250,-1,-1,1,0,84.5,0
7533,91347,91346018,11108,250,-1,-1,1,0,84.6,0
7534,91358,91357124,11106,250,-1,-1,1,0,84.7,1
7535,91369,91368244,11120,250,-1,-1,1,0,84.9,0
7536,91380,91379346,11102,250,-1,-1,1,0,85.0,0
7537,91391,91390450,11104,250,-1,-1,1,0,85.1,0
7538,91403,91401569,11119,250,-1,-1,1,0,85.1,0
7539,91413,91412669,11100,250,-1,-1,1,0,85.3,0
7540,91425,91423786,11117,250,-1,-1,1,0,85.3,0
7541,91436,91434888,11102,250,-1,-1,1,0,85.4,0
7542,91447,91445998,11110,250,-1,-1,1,0,85.5,0
7543,91458,91457107,11109,250,-1,-1,1,0,85.6,1
7544,91469,91468228,11121,250,-1,-1,1,0,85.7,0
7545,91480,91479325,11097,250,-1,-1,1,0,85.8,0
7546,91492,91490434,11109,250,-1,-1,1,0,85.7,0
7547,91502,91501549,11115,250,-1,-1,1,0,85.9,0
7548,91513,91512657,11108,250,-1,-1,1,0,86.0,0
7549,91525,91523767,11110,250,-1,-1,1,0,86.0,0
7550,91536,91534873,11106,250,-1,-1,1,0,86.0,0
7551,91547,91545981,11108,250,-1,-1,1,0,86.1,0
7552,91558,91557089,11108,250,-1,-1,1,0,86.2,1
7553,91569,91568208,11119,250,-1,-1,1,0,86.3,0
7554,91580,91579309,11101,250,-1,-1,1,0,86.3,0
7555,91591,91590417,11108,250,-1,-1,1,0,86.4,0
7556,91602,91601531,11114,250,-1,-1,1,0,86.5,0
7557,91613,91612640,11109,250,-1,-1,1,0,86.5,0
7558,91625,91623754,11114,250,-1,-1,1,0,86.5,0
7559,91636,91634852,11098,250,-1,-1,1,0,86.5,0
7560,91767,91645965,11113,250,-1,-1,1,0,75.5,0
7561,91767,91757047,111082,250,-1,-1,1,0,76.6,1
7562,91770,91768175,11128,250,-1,-1,1,0,77.4,0
7563,91780,91779284,11109,250,-1,-1,1,0,77.6,0
7564,91791,91790383,11099,250,-1,-1,1,0,77.8,0
7565,91803,91801487,11104,250,-1,-1,1,0,77.9,0
7566,91813,91812609,11122,250,-1,-1,1,1000,78.0,0
7567,91825,91823716,11107,250,-1,-1,1,0,78.2,0
7568,91836,91834830,11114,250,-1,-1,1,0,78.3,0
7569,91890,91879248,44418,250,-1,-1,1,0,18.5,0
7570,91892,91890367,11119,250,-1,-1,1,0,35.7,1
7571,91902,91901489,11122,250,-1,-1,1,0,45.5,0
7572,91913,91912598,11109,250,-1,-1,1,0,51.9,0
7573,91925,91923700,11102,250,-1,-1,1,0,56.2,0
7574,91936,91934807,11107,250,-1,-1,1,0,60.0,0
7575,91947,91945922,11115,250,-1,-1,1,0,63.1,0
7576,91958,91957023,11101,250,-1,-1,1,0,65.6,0
7577,91969,91968136,11113,250,-1,-1,1,0,67.7,0
7578,91980,91979242,11106,250,-1,-1,1,0,69.4,0
7579,91991,91990346,11104,250,-1,-1,1,0,71.0,1
7580,92002,92001472,11126,250,-1,-1,1,0,72.3,0
7581,92013,92012566,11094,250,-1,-1,1,0,73.4,0
7582,92025,92023678,11112,250,-1,-1,1,0,74.1,0
7583,92036,92034786,11108,250,-1,-1,1,0,75.0,0
7584,92047,92045903,11117,250,-1,-1,1,0,75.8,0
7585,92058,92057046,11143,250,-1,-1,1,0,76.6,0
7586,92069,92068119,11073,250,-1,-1,1,0,77.3,0
7587,92080,92079217,11098,250,-1,-1,1,0,77.9,0
7588,92091,92090337,11120,250,-1,-1,1,0,78.4,1
7589,92102,92101457,11120,250,-1,-1,1,0,78.9,0
7590,92114,92112551,11094,250,-1,-1,1,0,79.1,0
7591,92124,92123660,11109,250,-1,-1,1,0,79.9,0
7592,92136,92134777,11117,250,-1,-1,1,0,80.0,0
7593,92147,92145875,11098,250,-1,-1,1,0,80.4,0
7594,92158,92156994,11119,250,-1,-1,1,0,80.7,0
7595,92169,92168098,11104,250,-1,-1,1,0,81.1,0
7596,92180,92179207,11109,250,-1,-1,1,0,81.4,0
7597,92191,92190310,11103,250,-1,-1,1,0,81.7,1
7598,92203,92201441,11131,250,-1,-1,1,0,81.7,0
7599,92213,92212537,11096,250,-1,-1,1,0,82.2,0
7600,92224,92223645,11108,250,-1,-1,1,0,82.5,0
7601,92236,92234761,11116,250,-1,-1,1,0,82.5,0
